,"O-PTIR 1/O-PTIR","O-PTIR 2/O-PTIR","O-PTIR 3/O-PTIR","O-PTIR 4/O-PTIR","O-PTIR 5/O-PTIR","O-PTIR 6/O-PTIR","O-PTIR 7/O-PTIR","O-PTIR 8/O-PTIR","O-PTIR 9/O-PTIR","O-PTIR 11/O-PTIR","O-PTIR 15/O-PTIR","O-PTIR 16/O-PTIR","O-PTIR 17/O-PTIR","O-PTIR 18/O-PTIR","O-PTIR 19/O-PTIR","O-PTIR 22/O-PTIR","O-PTIR 24/O-PTIR","O-PTIR 25/O-PTIR","O-PTIR 26/O-PTIR","O-PTIR 27/O-PTIR"
,-967.25,-956.099975585938,-947.349975585938,-935.049987792969,-926.700012207031,-915.150024414063,-884.950012207031,-872.200012207031,-852.75,-836.400024414063,-930.25,-834.049987792969,-826.900024414063,-832.049987792969,-860.700012207031,-879.75,-957.299987792969,-966.049987792969,-974.400024414063,-987.549987792969
,6431.2099609375,6419.66015625,6410.509765625,6407.35986328125,6411.31005859375,6403.35986328125,6410.91015625,6423.259765625,6431.60986328125,6472.16015625,6531.41015625,6507.56005859375,6465.81005859375,6439.9599609375,6421.66015625,6436.35986328125,6428.009765625,6421.66015625,6434.759765625,6461.009765625
923,-1.72129023075104,2.01786684989929,2.99704194068909,0.559870898723602,-0.349341839551926,2.76261687278748,-1.68421447277069,0.634105086326599,-0.373574733734131,-3.10097002983093,0.648775935173035,0.374553680419922,-2.2768611907959,-3.11361742019653,-2.01984262466431,1.1524053812027,1.62233197689056,-3.19981241226196,0.497897505760193,0.0956464260816574
925,-1.38742554187775,2.57018542289734,3.06438374519348,1.02728188037872,-0.640765249729156,0.605853915214539,-1.36907553672791,0.978570580482483,0.152776122093201,-3.95489931106567,-0.198990404605865,1.42795050144196,-2.42686629295349,-2.35384893417358,-2.51313662528992,1.48341047763824,1.81692218780518,-3.55335140228271,1.10498058795929,-0.220638483762741
927,-1.06935656070709,3.59568953514099,3.3009626865387,0.927655339241028,-0.988857209682465,-0.92536848783493,-0.861587166786194,-0.206107422709465,1.31085300445557,-4.42402935028076,-0.677345871925354,1.7868994474411,-1.75629639625549,-1.81539928913116,-2.59941601753235,1.81875777244568,1.25029802322388,-4.11167335510254,1.37155497074127,-1.15436398983002
929,-1.56033539772034,4.14887046813965,2.34617733955383,0.495532125234604,-0.930650353431702,-1.34510326385498,-0.858163595199585,-2.39094018936157,1.43106424808502,-4.53454828262329,-0.245672315359116,2.48437190055847,-1.56398189067841,-2.00627779960632,-2.08785533905029,2.78049516677856,0.394860684871674,-4.09162425994873,1.46676230430603,-1.26297032833099
931,-1.5154412984848,2.78535437583923,0.311515510082245,-0.158506751060486,-0.26889768242836,-0.868956446647644,-0.515201330184937,-2.86429786682129,0.413529932498932,-3.40657329559326,-0.219171851873398,1.94034802913666,-2.28783106803894,-1.55005741119385,-0.949478149414063,2.47116255760193,0.119338653981686,-2.92291617393494,1.49141824245453,-1.67487525939941
933,-0.559867560863495,0.931124150753021,-0.54631906747818,-0.997579038143158,-0.547401607036591,-0.724916815757751,-0.153813451528549,-2.34137392044067,0.02497698366642,-1.41283440589905,-0.00571349123492837,1.18367624282837,-1.75708556175232,-0.933973908424377,0.334278285503387,0.477148503065109,-0.309901028871536,-1.45880556106567,0.511210083961487,-1.25952708721161
935,-0.399856746196747,-0.291150271892548,-0.6948282122612,-1.00502049922943,-0.715448796749115,-0.689282476902008,-0.330313205718994,-1.92439711093903,0.0913396030664444,-0.641639590263367,0.0285704974085093,0.633523046970367,-0.679097533226013,-0.647247135639191,0.810654819011688,-1.04723989963531,-0.702459990978241,-0.474334299564362,-0.52464497089386,-0.40887850522995
937,-0.219707846641541,-0.717867314815521,-0.54782110452652,-1.01964402198792,-0.366260409355164,-0.477758377790451,-0.743119716644287,-1.56086230278015,0.266319423913956,-0.299081951379776,0.249409884214401,0.131924018263817,-0.453717350959778,-0.480507791042328,0.733224093914032,-1.39610147476196,-0.626189827919006,0.175231069326401,-0.888096928596497,-0.328794628381729
939,-0.168017283082008,-0.808963060379028,-0.45550411939621,-0.607540845870972,-0.0600887909531593,-0.466656893491745,-0.778909981250763,-1.26576721668243,0.179965406656265,-0.201102152466774,0.364259392023087,-0.0175002217292786,-0.497066736221313,-0.17564968764782,0.34098869562149,-1.02052688598633,-0.633200287818909,0.0207193978130817,-0.895423114299774,-0.402049869298935
941,-0.45761576294899,-0.910811364650726,-0.353768676519394,-0.338955640792847,0.0502931550145149,-0.626056432723999,-0.818657040596008,-1.04277193546295,-0.0841286852955818,-0.0972655117511749,0.363767087459564,0.221909955143929,-0.608875274658203,-0.00355421309359372,0.168616592884064,-0.803585886955261,-0.698590219020844,-0.151727750897408,-0.494805812835693,-0.271147102117538
943,-0.656586885452271,-1.00062215328217,-0.106713682413101,-0.251188099384308,0.0232736654579639,-0.708522081375122,-0.623152077198029,-0.659241437911987,-0.357515066862106,0.0048153973184526,0.202972307801247,0.441794753074646,-0.763647198677063,-0.166380405426025,0.163011938333511,-0.686254143714905,-0.53572803735733,-0.202769011259079,-0.321255952119827,-0.211984306573868
945,-0.542505204677582,-0.949488162994385,0.0563077740371227,-0.374082654714584,-0.144577860832214,-0.709289729595184,-0.584246158599854,-0.358781278133392,-0.495244920253754,-0.0618855357170105,0.0619147196412086,0.461331278085709,-0.94561642408371,-0.119272381067276,0.156013265252113,-0.334592968225479,-0.350208878517151,-0.222370892763138,-0.260653585195541,-0.367968529462814
947,-0.303776144981384,-0.750404179096222,0.00507898954674602,-0.48479375243187,-0.298011630773544,-0.516225457191467,-0.47840228676796,-0.232182532548904,-0.385189294815063,-0.166053712368011,0.0312677472829819,0.343333691358566,-0.797992348670959,0.0362407900393009,0.102337963879108,0.102903619408607,-0.234765186905861,-0.336084634065628,-0.17165632545948,-0.697782516479492
949,-0.238270655274391,-0.588320672512054,-0.160054385662079,-0.391361773014069,-0.315458327531815,-0.340073883533478,-0.485851287841797,0.0431902408599854,-0.189250737428665,-0.210909828543663,-0.0195916723459959,0.280741989612579,-0.399284720420837,0.0488263964653015,0.0643548220396042,0.288847953081131,-0.23340006172657,-0.399885565042496,-0.200749903917313,-0.781532943248749
951,-0.382009595632553,-0.477488100528717,-0.0284094475209713,-0.204145908355713,-0.23689216375351,-0.182397156953812,-0.504095137119293,0.40080139040947,-0.0293294750154018,-0.191982731223106,-0.0483441203832626,0.210792005062103,-0.0167700853198767,0.0739262029528618,0.0574045404791832,0.404151022434235,-0.141670882701874,-0.22867614030838,-0.283356428146362,-0.585636556148529
953,-0.371395766735077,-0.32167312502861,0.216932907700539,-0.100187554955482,-0.171931907534599,0.0125534264370799,-0.375111639499664,0.670935809612274,0.183554232120514,-0.193738594651222,0.00491675594821572,0.139683857560158,0.175745099782944,0.115480951964855,0.0092006204649806,0.446680754423141,-0.190538376569748,-0.190467685461044,-0.284668505191803,-0.636098504066467
955,-0.276313126087189,-0.192078441381454,0.394280076026917,-0.0991142243146896,-0.179230660200119,0.251562833786011,-0.240519493818283,0.808686137199402,0.449708938598633,-0.160634979605675,0.0665264651179314,0.107362240552902,0.317859143018723,0.141999900341034,-0.0545013509690762,0.539964258670807,-0.304272383451462,-0.229343235492706,-0.208885580301285,-0.647546708583832
957,-0.257848262786865,-0.106950491666794,0.424380660057068,-0.0750510990619659,-0.190466746687889,0.466717600822449,-0.126002192497253,0.989242315292358,0.624194025993347,-0.142431706190109,0.0501362420618534,0.105139560997486,0.434454202651978,0.119042947888374,-0.0267734862864017,0.731248378753662,-0.342559367418289,-0.242940410971642,-0.16019943356514,-0.464388906955719
959,-0.297502666711807,-0.0441360883414745,0.381198048591614,-0.0190162770450115,-0.106777049601078,0.528310358524323,0.0172711331397295,1.21392858028412,0.718654036521912,-0.133471369743347,-0.0249413773417473,0.110305182635784,0.58438378572464,0.11551034450531,0.104644827544689,0.949502289295197,-0.329600274562836,-0.158020794391632,-0.0929611697793007,-0.344727367162704
961,-0.20002381503582,-0.0166553258895874,0.2991603910923,0.0786237418651581,0.0512517988681793,0.482077062129974,0.163973286747932,1.4397668838501,0.80108517408371,-0.138115540146828,-0.0211278349161148,0.0971436202526093,0.791303098201752,0.0985127836465836,0.234956786036491,1.129967212677,-0.29454442858696,-0.140677690505981,0.0190214160829782,-0.278955906629562
963,-0.10359488427639,0.0557423569262028,0.38556757569313,0.159551978111267,0.190698981285095,0.456727802753448,0.270807236433029,1.62027990818024,0.844027936458588,-0.14699150621891,-0.00681826006621122,0.103301182389259,0.994186699390411,0.121890589594841,0.385401606559753,1.18104410171509,-0.285301715135574,-0.161484867334366,0.0910320580005646,-0.20709516108036
965,-0.111511707305908,0.201132282614708,0.503022193908691,0.228037849068642,0.283221751451492,0.525125503540039,0.383007764816284,1.71047389507294,0.857204377651215,-0.160436674952507,0.0172028169035912,0.130147531628609,1.17733871936798,0.167955175042152,0.507318198680878,1.17141115665436,-0.247109532356262,-0.132082089781761,0.174198523163795,-0.186846613883972
967,-0.129611447453499,0.370621144771576,0.527116894721985,0.269449919462204,0.385982781648636,0.645147204399109,0.515768468379974,1.70441079139709,0.96574467420578,-0.115553721785545,0.0447441935539246,0.128056183457375,1.36822998523712,0.221826985478401,0.553630173206329,1.18446373939514,-0.108612388372421,-0.150236323475838,0.25068661570549,-0.111133351922035
969,-0.096387542784214,0.480813980102539,0.539372324943542,0.27869775891304,0.478004515171051,0.748826384544373,0.598563313484192,1.69876098632813,1.10108327865601,-0.0487282015383244,0.0205268450081348,0.0797115042805672,1.4983127117157,0.300838977098465,0.590505540370941,1.193314909935,-0.0234845485538244,-0.144905656576157,0.325640857219696,-0.0045152110978961
971,-0.0181839317083359,0.561070621013641,0.611480414867401,0.34980571269989,0.50822776556015,0.815831065177917,0.642290413379669,1.79297995567322,1.19215381145477,0.0375158824026585,-0.0189010202884674,0.0347015336155891,1.57194244861603,0.339921295642853,0.645930528640747,1.23049235343933,0.018075417727232,-0.0456038415431976,0.398810416460037,0.118961825966835
973,0.0631137043237686,0.668982744216919,0.713177621364594,0.453220397233963,0.528680145740509,0.910406291484833,0.646681249141693,1.91071593761444,1.23648178577423,0.120827101171017,-0.0192514285445213,0.0224518906325102,1.67029786109924,0.37614044547081,0.690914809703827,1.28290140628815,0.139540195465088,0.107691712677479,0.422322511672974,0.228990942239761
975,0.126018017530441,0.819096267223358,0.858923733234406,0.508466124534607,0.611245095729828,1.05774927139282,0.703606903553009,2.02616596221924,1.26794362068176,0.187323153018951,0.00762192439287901,0.0304435044527054,1.76870489120483,0.399345368146896,0.786241888999939,1.35818028450012,0.252492278814316,0.201484903693199,0.419566094875336,0.286686658859253
977,0.150890901684761,0.967079102993011,1.00513517856598,0.545251309871674,0.719015896320343,1.13909542560577,0.805070161819458,2.12426614761353,1.34868979454041,0.2241570353508,0.0499887838959694,0.0556241944432259,1.85090112686157,0.394509136676788,0.879119694232941,1.46563315391541,0.339781820774078,0.235361188650131,0.424663871526718,0.332881420850754
979,0.183005332946777,1.0722564458847,1.10269868373871,0.541716694831848,0.823321580886841,1.17946994304657,0.863588392734528,2.15094542503357,1.45335793495178,0.258525490760803,0.0569211393594742,0.0778987929224968,1.93035912513733,0.377071291208267,0.930383801460266,1.54735720157623,0.421905517578125,0.287137717008591,0.488270461559296,0.347662359476089
981,0.227385282516479,1.17405068874359,1.17038583755493,0.522338151931763,0.922174096107483,1.233802318573,0.898352742195129,2.15219569206238,1.52872967720032,0.308069109916687,0.0166277308017015,0.0956825315952301,1.9900426864624,0.355016142129898,0.988106429576874,1.59153616428375,0.470576554536819,0.355847805738449,0.5666144490242,0.396476358175278
983,0.271270275115967,1.2624100446701,1.26541352272034,0.577218651771545,0.997005045413971,1.27388715744019,0.952985942363739,2.21077847480774,1.56876707077026,0.353320360183716,-0.0411019176244736,0.112881220877171,2.02891135215759,0.369368642568588,1.04469525814056,1.62248039245605,0.462873339653015,0.418228149414063,0.628240048885345,0.456381142139435
985,0.333593517541885,1.36547660827637,1.37786328792572,0.637272417545319,1.02557790279388,1.33318591117859,1.01684880256653,2.28490018844604,1.59609770774841,0.378651410341263,-0.0694416165351868,0.107093319296837,2.09021878242493,0.381088882684708,1.09787809848785,1.67809545993805,0.465216398239136,0.470044165849686,0.661690354347229,0.486038506031036
987,0.398520201444626,1.46282553672791,1.50767242908478,0.702256381511688,1.05580592155457,1.40429079532623,1.05696022510529,2.34518694877625,1.62946403026581,0.404825210571289,-0.0484950467944145,0.0795300677418709,2.17965412139893,0.354341775178909,1.13561916351318,1.74688839912415,0.503566205501556,0.509172737598419,0.709986686706543,0.516954839229584
989,0.420051515102386,1.54459202289581,1.61312663555145,0.786773979663849,1.09019076824188,1.50337016582489,1.09411764144897,2.44548797607422,1.69468760490417,0.476242125034332,-0.0420528128743172,0.0556918866932392,2.29996490478516,0.341323852539063,1.17114853858948,1.83129692077637,0.560274541378021,0.532824695110321,0.75539094209671,0.556979417800903
991,0.422983348369598,1.64739191532135,1.71333336830139,0.877984881401062,1.14603638648987,1.58113312721252,1.14657044410706,2.56749415397644,1.77197957038879,0.559629678726196,-0.0528971739113331,0.0676438584923744,2.40307545661926,0.35528153181076,1.20726656913757,1.9058655500412,0.643783807754517,0.558331429958344,0.791440904140472,0.603736162185669
993,0.436900347471237,1.79071521759033,1.84690606594086,0.968327164649963,1.22326910495758,1.67265772819519,1.2181351184845,2.70354795455933,1.8270138502121,0.626580357551575,-0.0570145845413208,0.0963490158319473,2.50387501716614,0.392031013965607,1.24214553833008,1.99342083930969,0.746545433998108,0.588996052742004,0.842848241329193,0.664640367031097
995,0.457117766141891,1.93387806415558,1.95498371124268,1.03501462936401,1.32900869846344,1.80411994457245,1.32527410984039,2.82615423202515,1.86175155639648,0.69337010383606,-0.0731058791279793,0.121879935264587,2.61161422729492,0.413983434438705,1.28204214572906,2.06944680213928,0.828304708003998,0.631532371044159,0.880315780639648,0.720087289810181
997,0.508538007736206,2.0773823261261,2.02229905128479,1.08864068984985,1.44424700737,1.96129715442657,1.43266665935516,2.91148781776428,1.90499699115753,0.72346705198288,-0.0943064019083977,0.132431268692017,2.69124889373779,0.403947830200195,1.33600354194641,2.12708616256714,0.885988652706146,0.713039517402649,0.885863184928894,0.773554086685181
999,0.55626392364502,2.23462200164795,2.10696148872375,1.15131676197052,1.5346657037735,2.12399053573608,1.51439082622528,2.98520922660828,1.95219469070435,0.717071712017059,-0.0866819247603416,0.154316082596779,2.78730297088623,0.369402289390564,1.41127371788025,2.16947793960571,0.927627444267273,0.803830981254578,0.891816735267639,0.829430818557739
1001,0.589237451553345,2.40267968177795,2.2386326789856,1.22762262821198,1.61695158481598,2.27293658256531,1.58424246311188,3.0644097328186,1.99301254749298,0.717565596103668,-0.0573520958423615,0.193406581878662,2.924644947052,0.349997073411942,1.46992421150208,2.23301887512207,0.98512077331543,0.858485221862793,0.906925857067108,0.88314288854599
1003,0.629974246025085,2.56416082382202,2.36162161827087,1.29569530487061,1.70776319503784,2.41988110542297,1.65562224388123,3.14468836784363,2.04664754867554,0.753023564815521,-0.0233039017766714,0.215578302741051,3.08544135093689,0.377236515283585,1.52154672145844,2.32594895362854,1.05935943126678,0.905877590179443,0.937619388103485,0.925751984119415
1005,0.677612960338593,2.71289706230164,2.45192193984985,1.35763013362885,1.80784130096436,2.55234146118164,1.7359402179718,3.26607632637024,2.10991597175598,0.812158823013306,-0.0118745816871524,0.232143104076385,3.24194550514221,0.411094695329666,1.56364214420319,2.41341757774353,1.13354277610779,0.962461292743683,0.98432183265686,0.966600120067596
1007,0.734737038612366,2.82964444160461,2.54722762107849,1.40691459178925,1.90535569190979,2.64188766479492,1.81604480743408,3.40105891227722,2.19613790512085,0.887974381446838,-0.0254983771592379,0.252181142568588,3.38195943832397,0.442721247673035,1.6076807975769,2.49052262306213,1.19969344139099,1.02923822402954,1.01719999313354,1.0055490732193
1009,0.783335089683533,2.95699167251587,2.67309379577637,1.4303697347641,1.98942399024963,2.73151445388794,1.8730616569519,3.52102041244507,2.26985168457031,0.946647047996521,-0.0421461500227451,0.267757058143616,3.4916512966156,0.465972393751144,1.6586252450943,2.5762665271759,1.2678108215332,1.08833539485931,1.04857957363129,1.05379700660706
1011,0.834376573562622,3.1061224937439,2.79554486274719,1.4849568605423,2.05979228019714,2.84801554679871,1.94340717792511,3.62057709693909,2.34498286247253,1.01005041599274,-0.0597378984093666,0.288412809371948,3.62769818305969,0.474519997835159,1.70709633827209,2.65681600570679,1.35614907741547,1.15036141872406,1.10107660293579,1.12642061710358
1013,0.882757663726807,3.28199458122253,2.93685460090637,1.58143031597137,2.16069340705872,3.01134896278381,2.04813694953918,3.72593998908997,2.41912531852722,1.09042882919312,-0.0822743251919746,0.304842829704285,3.80083513259888,0.482776612043381,1.76392769813538,2.72632932662964,1.44545447826385,1.19662201404572,1.15199136734009,1.22337090969086
1015,0.935350775718689,3.47301578521729,3.08216190338135,1.69142365455627,2.27423763275146,3.17754983901978,2.16058611869812,3.85164141654968,2.5019314289093,1.15661919116974,-0.0850331410765648,0.323774695396423,3.98792195320129,0.495582342147827,1.83030557632446,2.78749227523804,1.5223149061203,1.24437725543976,1.17854559421539,1.31144332885742
1017,0.994174301624298,3.68357753753662,3.22279000282288,1.77486705780029,2.39722204208374,3.33073949813843,2.27606773376465,3.9700129032135,2.5762083530426,1.21035623550415,-0.0658105537295341,0.353915512561798,4.16756820678711,0.519008815288544,1.89776420593262,2.85075402259827,1.6170619726181,1.31546497344971,1.206183552742,1.39352142810822
1019,1.03663659095764,3.92165565490723,3.34833574295044,1.83800792694092,2.53601717948914,3.49089574813843,2.37249326705933,4.10080194473267,2.64020037651062,1.27392399311066,-0.0471645593643188,0.385538101196289,4.36735486984253,0.549472391605377,1.95863044261932,2.93289923667908,1.73166227340698,1.38937425613403,1.23563921451569,1.48287630081177
1021,1.0843346118927,4.12118434906006,3.46588230133057,1.89975774288177,2.6673104763031,3.64816784858704,2.47768568992615,4.24519824981689,2.72068285942078,1.34074664115906,-0.0423861145973206,0.412507623434067,4.56631374359131,0.554857850074768,2.02487802505493,3.02701139450073,1.84216511249542,1.48092246055603,1.25289487838745,1.58538830280304
1023,1.13849818706512,4.27343797683716,3.57345938682556,1.97930932044983,2.7939829826355,3.78392505645752,2.58031749725342,4.37643194198608,2.80380153656006,1.39377641677856,-0.0388352088630199,0.447307139635086,4.73107624053955,0.529797673225403,2.09477519989014,3.11537933349609,1.93656706809998,1.57714676856995,1.25323104858398,1.67393839359283
1025,1.1787029504776,4.40209722518921,3.70938944816589,2.04610967636108,2.92115020751953,3.91018223762512,2.66475248336792,4.47808504104614,2.86478781700134,1.43130087852478,-0.0449393168091774,0.480105131864548,4.80170106887817,0.513375997543335,2.14319562911987,3.20655083656311,2.02775859832764,1.66227269172668,1.2515869140625,1.7527881860733
1027,1.19694972038269,4.52895832061768,3.88150858879089,2.10988140106201,3.02954697608948,4.04177951812744,2.75259971618652,4.58112573623657,2.92201900482178,1.46876764297485,-0.0577945411205292,0.514035701751709,4.83882761001587,0.52082085609436,2.1768810749054,3.31991219520569,2.10815143585205,1.71985447406769,1.26848292350769,1.82174432277679
1029,1.21785306930542,4.66998386383057,4.04309415817261,2.19199347496033,3.10448479652405,4.170485496521,2.85102105140686,4.69803142547607,2.97343492507935,1.50772440433502,-0.0367266498506069,0.549908638000488,4.91899299621582,0.53331583738327,2.21511888504028,3.4168598651886,2.18393468856812,1.74316847324371,1.2977283000946,1.90077495574951
1031,1.2524573802948,4.82399082183838,4.16471910476685,2.26324033737183,3.17167901992798,4.2701997756958,2.9349262714386,4.82167768478394,3.02203369140625,1.55280804634094,-0.0250440891832113,0.581569731235504,5.033935546875,0.542184591293335,2.26905417442322,3.48751044273376,2.23716497421265,1.74376618862152,1.33785772323608,2.0004870891571
1033,1.29302740097046,4.98057508468628,4.26987314224243,2.301105260849,3.23924899101257,4.33459806442261,3.00287914276123,4.94128036499023,3.07094669342041,1.61142420768738,-0.0224023386836052,0.606904625892639,5.14532899856567,0.527994513511658,2.3234486579895,3.56430840492249,2.26851201057434,1.74235427379608,1.37788689136505,2.09598875045776
1035,1.34151470661163,5.09931802749634,4.36287021636963,2.31749105453491,3.3012433052063,4.38147354125977,3.05999517440796,5.06126403808594,3.11290121078491,1.65599596500397,-0.0402685813605785,0.614371716976166,5.20890808105469,0.504932701587677,2.36120009422302,3.64238810539246,2.32868075370789,1.74770247936249,1.39957141876221,2.16775393486023
1037,1.38274800777435,5.17907667160034,4.45427465438843,2.34179544448853,3.36964726448059,4.44474363327026,3.11801362037659,5.17769956588745,3.14326786994934,1.68194603919983,-0.0466504134237766,0.61406284570694,5.22782135009766,0.485501408576965,2.39477705955505,3.6878514289856,2.41611385345459,1.75205421447754,1.41932487487793,2.22555017471313
1039,1.41418707370758,5.25183391571045,4.54344320297241,2.38297867774963,3.44017291069031,4.51965761184692,3.16913223266602,5.28049087524414,3.17496705055237,1.70218825340271,-0.0452970080077648,0.636682868003845,5.18590593338013,0.471949547529221,2.42995142936707,3.71398949623108,2.47593975067139,1.74273419380188,1.44641208648682,2.2817211151123
1041,1.44810235500336,5.33318901062012,4.59401369094849,2.42495584487915,3.4932222366333,4.59593725204468,3.20628428459167,5.34847068786621,3.19970464706421,1.7189382314682,-0.0384213402867317,0.658496618270874,5.10792684555054,0.454382181167603,2.44925785064697,3.74760556221008,2.50416994094849,1.73819184303284,1.45943427085876,2.33916521072388
1043,1.47558677196503,5.4347825050354,4.63630104064941,2.45518684387207,3.53707647323608,4.68129396438599,3.24579215049744,5.40941715240479,3.22901248931885,1.73120653629303,-0.0414378345012665,0.692158997058868,5.07197618484497,0.437847048044205,2.449862241745,3.79583239555359,2.54690361022949,1.7491512298584,1.46845543384552,2.39952826499939
1045,1.50056219100952,5.55777168273926,4.70395088195801,2.48287510871887,3.59513449668884,4.74491453170776,3.30257081985474,5.48718595504761,3.28375363349915,1.75920629501343,-0.0481627434492111,0.732179999351501,5.07390594482422,0.430670738220215,2.46997380256653,3.85238265991211,2.60751366615295,1.7736279964447,1.4918600320816,2.48401021957397
1047,1.49860870838165,5.6613245010376,4.76865196228027,2.49621963500977,3.64866805076599,4.7885913848877,3.35290288925171,5.5684642791748,3.31955242156982,1.78632819652557,-0.0477486066520214,0.76799213886261,5.0924973487854,0.43213301897049,2.50248050689697,3.90322804450989,2.66116285324097,1.80195999145508,1.51236867904663,2.57838034629822
1049,1.4916718006134,5.73324346542358,4.81328248977661,2.50836491584778,3.6892945766449,4.82042598724365,3.39214134216309,5.64415454864502,3.3405601978302,1.79245567321777,-0.0571120530366898,0.796868145465851,5.12968921661377,0.442395478487015,2.52495551109314,3.9393630027771,2.71174335479736,1.80759263038635,1.53236353397369,2.65986180305481
1051,1.49810123443604,5.76604509353638,4.85036134719849,2.50521683692932,3.70967173576355,4.81169271469116,3.41396808624268,5.69441032409668,3.38139963150024,1.79454696178436,-0.0859964042901993,0.824288010597229,5.1877269744873,0.438878625631332,2.5277054309845,3.95740270614624,2.76677703857422,1.78248798847198,1.55328333377838,2.70977568626404
1053,1.50419497489929,5.79968357086182,4.89697170257568,2.48026537895203,3.72537088394165,4.80734491348267,3.42609310150146,5.74860286712646,3.42122721672058,1.80658042430878,-0.0914862975478172,0.851741909980774,5.27303075790405,0.424773305654526,2.5247163772583,3.96525979042053,2.80735969543457,1.74054658412933,1.56780004501343,2.72032451629639
1055,1.52483880519867,5.82947587966919,4.95627641677856,2.45281887054443,3.73097229003906,4.82008600234985,3.44125843048096,5.80859851837158,3.45805549621582,1.81421625614166,-0.0814274996519089,0.890537917613983,5.39421224594116,0.412672013044357,2.53176093101501,3.97770047187805,2.83462929725647,1.70280528068542,1.55318868160248,2.72814512252808
1057,1.5424884557724,5.86286592483521,5.02443647384644,2.43198418617249,3.74069905281067,4.84035587310791,3.45804929733276,5.87413883209229,3.50280594825745,1.82185041904449,-0.0811163261532784,0.922478258609772,5.58990430831909,0.41076785326004,2.54893517494202,4.0045371055603,2.85212969779968,1.66032516956329,1.53871369361877,2.75959610939026
1059,1.54276287555695,5.89146137237549,5.04971361160278,2.41249346733093,3.76930260658264,4.85116386413574,3.47432994842529,5.91822576522827,3.5354208946228,1.81938207149506,-0.0854127928614616,0.944238901138306,5.84423732757568,0.41105329990387,2.55842781066895,4.01285219192505,2.8627655506134,1.64136278629303,1.53704607486725,2.79201555252075
1061,1.53529405593872,5.91210556030273,5.05915021896362,2.38971996307373,3.81486535072327,4.84085559844971,3.49526596069336,5.96573686599731,3.55779457092285,1.8062549829483,-0.081908605992794,0.961441338062286,6.11106538772583,0.40992483496666,2.55783319473267,4.01130199432373,2.88027906417847,1.63118469715118,1.55321109294891,2.81597518920898
1063,1.53407263755798,5.93472290039063,5.10052394866943,2.38013935089111,3.85045003890991,4.81922960281372,3.51618099212646,6.00343084335327,3.57184910774231,1.79660642147064,-0.0812095925211906,0.970850110054016,6.3436450958252,0.396270155906677,2.55508613586426,4.02266359329224,2.89330744743347,1.60985362529755,1.57741868495941,2.84093570709229
1065,1.54228234291077,5.97136116027832,5.13456249237061,2.38472580909729,3.87448763847351,4.80782890319824,3.53585696220398,6.02936840057373,3.59040117263794,1.77654087543488,-0.069617286324501,0.991187870502472,6.54299592971802,0.373402684926987,2.55287981033325,4.03095483779907,2.89471006393433,1.56555891036987,1.59857094287872,2.88225769996643
1067,1.55468761920929,6.01262283325195,5.15057945251465,2.40020108222961,3.89561772346497,4.82633066177368,3.55345487594604,6.05238437652588,3.61919045448303,1.7558525800705,-0.0602364540100098,1.01123452186584,6.72127294540405,0.35301885008812,2.54638004302979,4.04379272460938,2.9109354019165,1.52838206291199,1.62365198135376,2.92266345024109
1069,1.56136107444763,6.0602822303772,5.16303777694702,2.40451645851135,3.92503428459167,4.85185384750366,3.57738447189331,6.09066772460938,3.64680051803589,1.75194132328033,-0.057430986315012,1.0276106595993,6.91525173187256,0.330160200595856,2.52498865127563,4.04291105270386,2.94864845275879,1.51912820339203,1.62349498271942,2.96891641616821
1071,1.56874704360962,6.12423038482666,5.18718433380127,2.41798067092896,3.96790218353271,4.85884237289429,3.60254502296448,6.14455795288086,3.65692830085754,1.7600519657135,-0.0698151811957359,1.0418940782547,7.12233972549438,0.305969089269638,2.49594235420227,4.03366851806641,2.98200511932373,1.51820147037506,1.60828173160553,3.02458572387695
1073,1.56949007511139,6.1548056602478,5.19957637786865,2.4226086139679,3.99089932441711,4.86535882949829,3.60928964614868,6.19457483291626,3.64519190788269,1.769571185112,-0.0702802464365959,1.05173587799072,7.27712821960449,0.29211550951004,2.48898553848267,4.03120279312134,2.99609327316284,1.49178767204285,1.59713315963745,3.060546875
1075,1.58266627788544,6.15152740478516,5.17227697372437,2.41490077972412,4.00196981430054,4.87302923202515,3.58831644058228,6.19881582260132,3.63742136955261,1.76092147827148,-0.051993902772665,1.05824911594391,7.31650018692017,0.279702663421631,2.49370265007019,4.01456594467163,3.00371837615967,1.45965373516083,1.60893595218658,3.07083630561829
1077,1.57850027084351,6.10368156433105,5.10327672958374,2.39087772369385,3.99009609222412,4.86312913894653,3.57135057449341,6.16351366043091,3.63176941871643,1.73669338226318,-0.0424047484993935,1.04811882972717,7.2378511428833,0.269420176744461,2.47684383392334,3.97273755073547,2.99755859375,1.42846202850342,1.62122702598572,3.06251382827759
1079,1.55357766151428,6.01875829696655,5.03264188766479,2.34820604324341,3.96118307113647,4.82148218154907,3.5749135017395,6.1325306892395,3.61651182174683,1.7134382724762,-0.0482965894043446,1.04193687438965,7.08190441131592,0.268241584300995,2.46061086654663,3.92582631111145,2.98578929901123,1.40145623683929,1.61452209949493,3.05183935165405
1081,1.51546740531921,5.92208337783813,4.96616649627686,2.31429076194763,3.90936207771301,4.75694227218628,3.55736589431763,6.08993768692017,3.59640216827393,1.68850862979889,-0.0422378480434418,1.03828179836273,6.85002374649048,0.24289233982563,2.44285607337952,3.88632750511169,2.96364498138428,1.38036739826202,1.59097731113434,3.01448678970337
1083,1.49036538600922,5.79135084152222,4.87987375259399,2.27567410469055,3.83493947982788,4.65593385696411,3.50652027130127,6.06207418441772,3.56896162033081,1.65450310707092,-0.0389416106045246,1.0354288816452,6.5731029510498,0.198203444480896,2.40944719314575,3.83639168739319,2.94268751144409,1.36270272731781,1.56717658042908,2.96150708198547
1085,1.48854100704193,5.63466644287109,4.77837133407593,2.20272755622864,3.771728515625,4.54023313522339,3.45109057426453,6.03897953033447,3.53702783584595,1.61729204654694,-0.0457373708486557,1.02550387382507,6.30353021621704,0.165269270539284,2.36732912063599,3.76561236381531,2.92874598503113,1.34337770938873,1.55866193771362,2.88856077194214
1087,1.4797590970993,5.4608268737793,4.66106796264648,2.12525629997253,3.72706294059753,4.41380834579468,3.39899206161499,5.99404811859131,3.50116395950317,1.57727932929993,-0.0652313679456711,1.00512874126434,6.09636545181274,0.15229469537735,2.32760262489319,3.68046116828918,2.90026950836182,1.30849587917328,1.54930782318115,2.80865907669067
1089,1.45979905128479,5.30098342895508,4.53086996078491,2.06038093566895,3.6768958568573,4.26532316207886,3.3522002696991,5.92393064498901,3.45794630050659,1.53090465068817,-0.0955602452158928,1.0024129152298,5.93232011795044,0.141023829579353,2.28853869438171,3.60187649726868,2.85119819641113,1.26717960834503,1.53961980342865,2.74971580505371
1091,1.42474186420441,5.13076829910278,4.39823818206787,1.99044811725616,3.61829566955566,4.12028980255127,3.29397058486938,5.84931802749634,3.41140866279602,1.47511959075928,-0.10834114253521,1.00135684013367,5.75298452377319,0.116792231798172,2.24548077583313,3.53423476219177,2.80766010284424,1.21961236000061,1.52969992160797,2.71420502662659
1093,1.38460898399353,4.95877981185913,4.26578569412231,1.92051482200623,3.55274367332458,4.00644874572754,3.21851634979248,5.76963567733765,3.35394263267517,1.41063809394836,-0.0834760591387749,0.98844975233078,5.57741737365723,0.110890939831734,2.18127369880676,3.47658729553223,2.77364826202393,1.16207599639893,1.52164745330811,2.66924071311951
1095,1.35012245178223,4.80750322341919,4.14761543273926,1.86262547969818,3.47230410575867,3.91471242904663,3.15168952941895,5.69623422622681,3.3120744228363,1.37141692638397,-0.0662336796522141,0.97270143032074,5.43755197525024,0.12072829157114,2.11889004707336,3.42205047607422,2.73684763908386,1.1015111207962,1.52353930473328,2.6087601184845
1097,1.32522070407867,4.6839542388916,4.0762882232666,1.81585121154785,3.39511847496033,3.83510684967041,3.0987331867218,5.64063787460327,3.28977704048157,1.3554607629776,-0.0583302900195122,0.958480954170227,5.32184553146362,0.118052691221237,2.08109593391418,3.3730616569519,2.69285488128662,1.04321622848511,1.50726473331451,2.5539026260376
1099,1.28970432281494,4.57404041290283,4.02146577835083,1.76332259178162,3.34110069274902,3.75692129135132,3.0577917098999,5.58718061447144,3.26563215255737,1.32152414321899,-0.0477835386991501,0.957510709762573,5.25651836395264,0.0893713980913162,2.05632138252258,3.3144690990448,2.64454197883606,1.00671553611755,1.47841656208038,2.51694536209106
1101,1.25998711585999,4.47309255599976,3.96223878860474,1.69989955425262,3.29085159301758,3.66438388824463,3.01362156867981,5.52563381195068,3.24973845481873,1.27535963058472,-0.032181654125452,0.971234679222107,5.23020267486572,0.0571426637470722,2.01683259010315,3.24897456169128,2.60943174362183,0.982579171657562,1.44856691360474,2.49595093727112
1103,1.24303781986237,4.38323545455933,3.89535903930664,1.65603542327881,3.24093413352966,3.57035970687866,2.96781754493713,5.45105457305908,3.23974895477295,1.22602498531342,-0.029715882614255,0.980642318725586,5.25879144668579,0.0333515852689743,1.97326588630676,3.18282103538513,2.58004760742188,0.950733065605164,1.43376696109772,2.47427439689636
1105,1.22561001777649,4.3034462928772,3.82643914222717,1.6364471912384,3.18638920783997,3.48925733566284,2.92046022415161,5.38859462738037,3.23643159866333,1.17730581760406,-0.0291993748396635,0.976485073566437,5.33122873306274,0.0201052036136389,1.93969464302063,3.12965083122253,2.54783272743225,0.92294180393219,1.42388355731964,2.44589638710022
1107,1.21215534210205,4.22769737243652,3.76366758346558,1.63283896446228,3.1395947933197,3.43981432914734,2.88111925125122,5.34269237518311,3.23140835762024,1.13731527328491,-0.0400618985295296,0.969182193279266,5.394127368927,0.00750393653288484,1.91513228416443,3.10678791999817,2.50001049041748,0.904282569885254,1.40362846851349,2.42176342010498
1109,1.20560431480408,4.14508819580078,3.70381855964661,1.60050213336945,3.0975387096405,3.39638233184814,2.8370623588562,5.30980920791626,3.21609306335449,1.10487139225006,-0.064347431063652,0.956667900085449,5.44203615188599,0.00177297438494861,1.89734470844269,3.08469486236572,2.45947408676147,0.883872926235199,1.39369463920593,2.39580869674683
1111,1.18812882900238,4.06327962875366,3.65286707878113,1.54504716396332,3.05892705917358,3.3408727645874,2.79625391960144,5.28508520126343,3.17856597900391,1.0751621723175,-0.0745155513286591,0.941271185874939,5.48229265213013,0.00710844853892922,1.87000358104706,3.05033254623413,2.42169594764709,0.85506409406662,1.39973533153534,2.36438989639282
1113,1.14180076122284,3.98616456985474,3.59465956687927,1.50210249423981,3.0433464050293,3.28588199615479,2.77576327323914,5.25096893310547,3.13249731063843,1.04966449737549,-0.0689380615949631,0.928839385509491,5.5160117149353,0.0175715889781713,1.83536970615387,3.01101088523865,2.38972663879395,0.823803544044495,1.3977564573288,2.33131575584412
1115,1.08788323402405,3.92197942733765,3.52535676956177,1.46511101722717,3.03948211669922,3.22954964637756,2.73699235916138,5.20903015136719,3.08615612983704,1.02323997020721,-0.063066728413105,0.918366849422455,5.50878810882568,0.0240442454814911,1.80684018135071,2.9754273891449,2.37010788917542,0.785459160804749,1.37823522090912,2.30355405807495
1117,1.04623711109161,3.86165475845337,3.47319746017456,1.43762922286987,3.02340745925903,3.16372609138489,2.69766926765442,5.17758226394653,3.05219602584839,0.997650027275085,-0.059015765786171,0.904934883117676,5.45171594619751,0.0279174111783504,1.78908216953278,2.9361367225647,2.35280346870422,0.769200086593628,1.34189128875732,2.27369546890259
1119,1.02072870731354,3.80188035964966,3.43244576454163,1.41154611110687,2.98545002937317,3.08326959609985,2.66320991516113,5.13976621627808,3.03228425979614,0.977902293205261,-0.0489892475306988,0.901089489459991,5.35204172134399,0.0252915825694799,1.77918016910553,2.89296078681946,2.33568859100342,0.763323485851288,1.31492340564728,2.22842836380005
1121,1.01319563388824,3.73540997505188,3.38295769691467,1.37575161457062,2.94681572914124,3.01288938522339,2.63401103019714,5.08060455322266,3.03154611587524,0.942300200462341,-0.030181523412466,0.901577770709991,5.2472038269043,0.0101239737123251,1.76339256763458,2.83566737174988,2.30957221984863,0.755009114742279,1.30915629863739,2.18537497520447
1123,1.01419806480408,3.66804981231689,3.3289155960083,1.35847163200378,2.91644549369812,2.93753242492676,2.62060856819153,5.02221250534058,3.0331654548645,0.911430597305298,-0.01992292329669,0.904448509216309,5.1395959854126,0.000709667801856995,1.7460675239563,2.76433682441711,2.27256202697754,0.750010192394257,1.31218540668488,2.16667056083679
1125,1.00392723083496,3.60015034675598,3.26720666885376,1.33547282218933,2.87793517112732,2.86114835739136,2.60210967063904,4.96939754486084,3.0240306854248,0.886319696903229,-0.0209070518612862,0.91069370508194,5.00549221038818,0.00266757723875344,1.73122775554657,2.70472240447998,2.21916460990906,0.74064314365387,1.30371010303497,2.15482592582703
1127,0.985796272754669,3.54025101661682,3.20388102531433,1.29609537124634,2.82377433776855,2.78940343856812,2.56702828407288,4.92563533782959,3.00404286384583,0.868821501731873,-0.0297146588563919,0.904325604438782,4.85030603408813,0.0176347438246012,1.70033597946167,2.67237496376038,2.16994595527649,0.720284223556519,1.2864248752594,2.13005352020264
1129,0.961491465568542,3.47999262809753,3.15229463577271,1.25818336009979,2.77714419364929,2.72493052482605,2.53049778938293,4.88099670410156,2.98466753959656,0.84895783662796,-0.0312224943190813,0.889711201190948,4.71280431747437,0.039254005998373,1.65518319606781,2.64744257926941,2.13487148284912,0.703112781047821,1.26792693138123,2.09465622901917
1131,0.920198738574982,3.41651034355164,3.09370064735413,1.22093832492828,2.72746610641479,2.66066193580627,2.50300288200378,4.82777118682861,2.94825291633606,0.801117658615112,-0.037105031311512,0.875761747360229,4.6079273223877,0.0556446835398674,1.61319494247437,2.61532473564148,2.10887050628662,0.68386435508728,1.24839913845062,2.06720232963562
1133,0.853243947029114,3.34834098815918,3.043621301651,1.17556715011597,2.67343521118164,2.60270810127258,2.47193479537964,4.77722024917603,2.92062497138977,0.749772131443024,-0.0430412068963051,0.862312912940979,4.50727844238281,0.063045009970665,1.582270860672,2.56933569908142,2.08604764938354,0.663530766963959,1.22889733314514,2.03722405433655
1135,0.773450553417206,3.28261065483093,3.0085620880127,1.13853096961975,2.62309622764587,2.55754637718201,2.42591977119446,4.7337498664856,2.90950751304626,0.730594158172607,-0.0483929738402367,0.851072549819946,4.41853189468384,0.0750231221318245,1.56141459941864,2.52527523040771,2.06722855567932,0.649899005889893,1.23061275482178,2.00437521934509
1137,0.722744345664978,3.22007203102112,2.9748523235321,1.12756383419037,2.57970190048218,2.53287148475647,2.3945586681366,4.68880748748779,2.89857244491577,0.73631078004837,-0.0576514005661011,0.838921248912811,4.37879228591919,0.0854026973247528,1.54581320285797,2.48491096496582,2.05015325546265,0.648761630058289,1.23828995227814,1.97360074520111
1139,0.713652789592743,3.16873455047607,2.95017170906067,1.13779485225677,2.54887390136719,2.51487016677856,2.37153840065002,4.65196895599365,2.89172315597534,0.738535702228546,-0.0602333694696426,0.827869832515717,4.39983367919922,0.0908423587679863,1.52646899223328,2.4536771774292,2.02337741851807,0.648078978061676,1.24108731746674,1.96130394935608
1141,0.724356174468994,3.12773489952087,2.92100191116333,1.13355422019958,2.52686810493469,2.48517608642578,2.35149621963501,4.61373853683472,2.88305640220642,0.722071528434753,-0.0536707676947117,0.811578333377838,4.46040105819702,0.0861087217926979,1.48569488525391,2.4498462677002,2.00501227378845,0.644243359565735,1.22960150241852,1.95733439922333
1143,0.735179781913757,3.09604620933533,2.89120364189148,1.10852491855621,2.51566052436829,2.45903277397156,2.34508323669434,4.57904529571533,2.87454652786255,0.708260774612427,-0.0507527999579906,0.778175592422485,4.52367687225342,0.0859421864151955,1.44009268283844,2.44355797767639,2.01000022888184,0.634214580059052,1.2087744474411,1.95004343986511
1145,0.745784044265747,3.07871007919312,2.86881017684937,1.09143781661987,2.51195693016052,2.42532849311829,2.33457136154175,4.5590991973877,2.86936044692993,0.696565568447113,-0.0558008961379528,0.739355385303497,4.61550521850586,0.102297388017178,1.40963697433472,2.41098809242249,2.01792407035828,0.622353374958038,1.19292151927948,1.94362139701843
1147,0.76145350933075,3.05889821052551,2.87554144859314,1.07713556289673,2.5260591506958,2.3940212726593,2.32457590103149,4.5516881942749,2.85985159873962,0.678584098815918,-0.0718576535582542,0.714897096157074,4.75593900680542,0.104141384363174,1.40498018264771,2.35803389549255,2.01180553436279,0.625720918178558,1.17576503753662,1.96195209026337
1149,0.77079313993454,3.04419827461243,2.89386940002441,1.04214608669281,2.54884386062622,2.38320827484131,2.30747699737549,4.53293228149414,2.83482122421265,0.668986678123474,-0.0737864971160889,0.710192978382111,4.91028165817261,0.108632028102875,1.40853989124298,2.30335664749146,1.99123644828796,0.636282980442047,1.15160131454468,1.97506678104401
1151,0.749621987342834,3.03886985778809,2.90126323699951,1.00446844100952,2.54946827888489,2.37401008605957,2.28142499923706,4.50424575805664,2.8039174079895,0.649155259132385,-0.0666210800409317,0.719816505908966,5.06088066101074,0.146145105361938,1.39455437660217,2.27336931228638,1.97160005569458,0.643340468406677,1.13875842094421,1.97013425827026
1153,0.719423711299896,3.03452229499817,2.87025427818298,0.984389781951904,2.52879691123962,2.35432744026184,2.26244950294495,4.48281192779541,2.79084730148315,0.62493485212326,-0.0651852041482925,0.728364646434784,5.19415664672852,0.181508988142014,1.36708533763885,2.25182843208313,1.94649934768677,0.642027914524078,1.1431370973587,1.96456587314606
1155,0.702829658985138,3.02696585655212,2.83071374893188,0.967190742492676,2.50960087776184,2.32307434082031,2.25524210929871,4.46562242507935,2.79990172386169,0.598357617855072,-0.0683798938989639,0.739222407341003,5.29417133331299,0.183586418628693,1.3434681892395,2.22103261947632,1.90917909145355,0.636095762252808,1.13622748851776,1.94147038459778
1157,0.708235085010529,3.00562357902527,2.80775904655457,0.948433876037598,2.47055053710938,2.2889552116394,2.23954725265503,4.42603206634521,2.81153297424316,0.561142563819885,-0.0594524368643761,0.731679558753967,5.32670497894287,0.180797785520554,1.33400702476501,2.19008708000183,1.86392629146576,0.631670832633972,1.11556661128998,1.90654850006104
1159,0.71051150560379,2.97369575500488,2.78853297233582,0.915580630302429,2.43823885917664,2.2504894733429,2.21478891372681,4.39431953430176,2.81077837944031,0.524436950683594,-0.0460768602788448,0.711736440658569,5.27142667770386,0.184739619493484,1.32041430473328,2.14663672447205,1.8287992477417,0.62447988986969,1.08791148662567,1.86325538158417
1161,0.691881418228149,2.93084645271301,2.7386679649353,0.875228643417358,2.40703010559082,2.20173382759094,2.16696429252625,4.36739444732666,2.78168129920959,0.48953452706337,-0.0467455983161926,0.696934044361115,5.11516618728638,0.18651482462883,1.31721341609955,2.10129761695862,1.81122028827667,0.623225092887878,1.06771612167358,1.8183776140213
1163,0.653020322322845,2.86069321632385,2.6825110912323,0.841270685195923,2.34569835662842,2.14673614501953,2.10885858535767,4.33476543426514,2.73871231079102,0.459270387887955,-0.0367812216281891,0.686733901500702,4.91941118240356,0.184817984700203,1.31262612342834,2.08497643470764,1.78761053085327,0.633095383644104,1.07304906845093,1.78523671627045
1165,0.613001644611359,2.76184701919556,2.63001847267151,0.823004901409149,2.27589845657349,2.08478784561157,2.06471705436707,4.27395391464233,2.70688986778259,0.424379229545593,-0.0405950471758842,0.669934093952179,4.71450853347778,0.191505894064903,1.30799901485443,2.09497213363647,1.76069176197052,0.647475183010101,1.08227944374084,1.76229190826416
1167,0.579715967178345,2.65007162094116,2.57394695281982,0.805046617984772,2.23723125457764,2.03302550315857,2.02854776382446,4.21522092819214,2.6948606967926,0.379399061203003,-0.0659623965620995,0.64214164018631,4.48923397064209,0.201362177729607,1.28868806362152,2.10183620452881,1.74813187122345,0.642847239971161,1.05747759342194,1.72860610485077
1169,0.529608428478241,2.5462794303894,2.51355719566345,0.76834899187088,2.19245672225952,1.99138450622559,2.00209808349609,4.16927766799927,2.6927707195282,0.350059926509857,-0.0811045989394188,0.59932941198349,4.24928998947144,0.222957521677017,1.25787317752838,2.07842206954956,1.73132836818695,0.618081033229828,1.02476048469543,1.69960081577301
1171,0.497483462095261,2.45735859870911,2.43626165390015,0.738062560558319,2.13008117675781,1.94001376628876,1.97952973842621,4.13239336013794,2.69415616989136,0.325095415115356,-0.0804634764790535,0.57929128408432,4.06463050842285,0.240505859255791,1.23967409133911,2.03624534606934,1.70275557041168,0.599934279918671,1.00253164768219,1.69235384464264
1173,0.493062257766724,2.38334512710571,2.35680270195007,0.708594024181366,2.08187055587769,1.86538326740265,1.95142245292664,4.07642316818237,2.65721821784973,0.297296404838562,-0.0551830790936947,0.57166188955307,3.91806554794312,0.237270072102547,1.20939147472382,1.99091589450836,1.65427756309509,0.605012059211731,0.978850066661835,1.66784799098969
1175,0.474742472171783,2.31470203399658,2.29197812080383,0.686538398265839,2.05765986442566,1.78481948375702,1.9188985824585,3.99448370933533,2.60097336769104,0.287151485681534,-0.0433631800115108,0.557531952857971,3.76502299308777,0.235852748155594,1.15793347358704,1.93157589435577,1.60172772407532,0.594172120094299,0.957072973251343,1.63378572463989
1177,0.445912569761276,2.23557901382446,2.24693608283997,0.670564472675323,2.01403570175171,1.6917417049408,1.88045287132263,3.91620540618896,2.5608274936676,0.290945380926132,-0.0495686680078506,0.52461576461792,3.61799788475037,0.253372818231583,1.10815799236298,1.87273347377777,1.54043841362,0.575432956218719,0.968001306056976,1.57723677158356
1179,0.424466520547867,2.14697051048279,2.20880961418152,0.665695011615753,1.95114326477051,1.6164323091507,1.82745480537415,3.85882902145386,2.52257418632507,0.284188538789749,-0.0587717704474926,0.503084301948547,3.49983358383179,0.28697657585144,1.06322801113129,1.8328503370285,1.4769698381424,0.548010587692261,0.976686954498291,1.51215434074402
1181,0.408183097839355,2.08295774459839,2.17337441444397,0.668564558029175,1.91095161437988,1.5716438293457,1.78160881996155,3.78566908836365,2.45595026016235,0.258403688669205,-0.0683690756559372,0.48728421330452,3.40180420875549,0.317215651273727,1.03350877761841,1.81372261047363,1.42965042591095,0.52815455198288,0.954985201358795,1.47053039073944
1183,0.388020306825638,2.05454540252686,2.16328954696655,0.675888419151306,1.8833841085434,1.541459441185,1.7590696811676,3.71462082862854,2.39807271957397,0.217661678791046,-0.088120274245739,0.447173029184341,3.30969309806824,0.333994030952454,0.99687123298645,1.77602756023407,1.38296020030975,0.542867422103882,0.922023713588715,1.45097708702087
1185,0.370234578847885,2.00829315185547,2.1467604637146,0.679818212985992,1.85133683681488,1.49029469490051,1.72918581962585,3.62316846847534,2.37423515319824,0.180140316486359,-0.0975855886936188,0.388455718755722,3.20052027702332,0.346012115478516,0.94737297296524,1.71254658699036,1.33605682849884,0.575153708457947,0.895495355129242,1.39761197566986
1187,0.351472526788712,1.96125602722168,2.11689877510071,0.666281461715698,1.84555721282959,1.43389284610748,1.69446992874146,3.53444647789001,2.35245823860168,0.141860008239746,-0.109195373952389,0.325340569019318,3.10466265678406,0.365485936403275,0.898546934127808,1.66605496406555,1.31156980991364,0.593956768512726,0.874981105327606,1.35490500926971
1189,0.341872930526733,1.93702328205109,2.10918545722961,0.644243776798248,1.83998286724091,1.40557074546814,1.66602778434753,3.48226189613342,2.34890365600586,0.0970908850431442,-0.109485439956188,0.278351128101349,3.06523513793945,0.383888691663742,0.886445105075836,1.63707542419434,1.29236125946045,0.643399834632874,0.863585591316223,1.32464063167572
1191,0.338730812072754,1.92282438278198,2.09775018692017,0.63337916135788,1.81702840328217,1.40716898441315,1.6148909330368,3.44795656204224,2.34152221679688,0.0569101013243198,-0.0921369791030884,0.267547905445099,3.10160446166992,0.396547764539719,0.892717719078064,1.62009584903717,1.25956737995148,0.716120481491089,0.839849233627319,1.28717529773712
1193,0.308480590581894,1.90183615684509,2.06084942817688,0.628652453422546,1.79398119449615,1.40953254699707,1.56456565856934,3.42332673072815,2.32955288887024,0.0525878518819809,-0.0561490431427956,0.261731714010239,3.19353461265564,0.410072475671768,0.889956116676331,1.59484302997589,1.2289822101593,0.7473464012146,0.812763929367065,1.2694503068924
1195,0.244844034314156,1.86967587471008,2.01891756057739,0.613165259361267,1.77829074859619,1.41061735153198,1.54603540897369,3.41035199165344,2.32275748252869,0.0912851318717003,-0.0201931986957788,0.247405245900154,3.27672863006592,0.446265041828156,0.876844584941864,1.54861629009247,1.22357153892517,0.754384636878967,0.789035677909851,1.271763920784
1197,0.178266629576683,1.86064672470093,1.97277915477753,0.612973809242249,1.74827337265015,1.40122497081757,1.54450511932373,3.40769839286804,2.30122780799866,0.101508192718029,-0.000636634242255241,0.220901668071747,3.34056639671326,0.474823713302612,0.882868945598602,1.49579572677612,1.2485898733139,0.765233099460602,0.771704614162445,1.26842534542084
1199,0.152119740843773,1.87593197822571,1.94388687610626,0.60438346862793,1.74723565578461,1.37456560134888,1.5464940071106,3.39681339263916,2.26996088027954,0.0687600895762444,0.018287206068635,0.200410127639771,3.38470935821533,0.483288377523422,0.88435822725296,1.43008267879486,1.23726105690002,0.804767191410065,0.755930483341217,1.25804829597473
1201,0.156845137476921,1.89811110496521,1.92967760562897,0.601302206516266,1.73644137382507,1.33100867271423,1.54961228370667,3.38552904129028,2.23462057113647,0.0533178448677063,0.0463512316346169,0.189168855547905,3.37447810173035,0.476903110742569,0.885627686977386,1.39084482192993,1.17996418476105,0.834752857685089,0.748453140258789,1.23596405982971
1203,0.184068933129311,1.90841364860535,1.91809129714966,0.59171199798584,1.73464322090149,1.32665944099426,1.55195832252502,3.3569324016571,2.18483877182007,0.0741600692272186,0.0546853579580784,0.203434661030769,3.36931443214417,0.4950912296772,0.912190318107605,1.38489532470703,1.11329746246338,0.855061888694763,0.757462203502655,1.16506671905518
1205,0.193566188216209,1.84435319900513,1.89254307746887,0.543446660041809,1.75254237651825,1.30953812599182,1.53150713443756,3.33382105827332,2.15599703788757,0.0703700855374336,0.0464231260120869,0.227149933576584,3.40814089775085,0.533353567123413,0.940655529499054,1.40479242801666,1.0523236989975,0.900916934013367,0.76001912355423,1.08322429656982
1207,0.165664628148079,1.7516838312149,1.86609876155853,0.495610028505325,1.79038393497467,1.26326596736908,1.50892245769501,3.32751321792603,2.14588308334351,0.0764300525188446,0.0240794662386179,0.228895157575607,3.4502649307251,0.577052772045135,0.929872512817383,1.42631006240845,1.01122117042542,0.945640683174133,0.75230598449707,1.07383871078491
1209,0.252721011638641,1.68726325035095,1.87634718418121,0.513600170612335,1.73671579360962,1.28809213638306,1.4371919631958,3.25038599967957,2.19332456588745,0.0957988500595093,0.0293211285024881,0.193642124533653,3.11769771575928,0.666275382041931,0.940528512001038,1.44558143615723,0.999335944652557,1.11875593662262,0.80551666021347,1.00186765193939
1211,0.341868460178375,1.62129533290863,1.88684189319611,0.532022535800934,1.68175864219666,1.31351459026337,1.36373841762543,3.17140626907349,2.24190521240234,0.115632884204388,0.0346887186169624,0.157542333006859,2.7771418094635,0.757641136646271,0.951440572738647,1.46531581878662,0.987165153026581,1.29602932929993,0.860005497932434,0.928167760372162
1213,0.433183193206787,1.55372357368469,1.89759159088135,0.55089271068573,1.6254655122757,1.33955514431,1.28849899768829,3.09050631523132,2.29166722297668,0.135949119925499,0.0401867888867855,0.120564870536327,2.42830681800842,0.851228177547455,0.962617874145508,1.48552989959717,0.974698543548584,1.47761261463165,0.915819048881531,0.852676153182983
1215,0.449432253837585,1.53833055496216,1.88010156154633,0.583093822002411,1.66778552532196,1.35889172554016,1.28017485141754,3.08752036094666,2.32668352127075,0.12110897153616,0.0400977842509747,0.125668495893478,2.41473793983459,0.826976656913757,0.94777911901474,1.47525560855865,0.963722109794617,1.52680194377899,0.912247240543365,0.892105281352997
1217,0.444861203432083,1.56785798072815,1.85990357398987,0.63108491897583,1.70330202579498,1.36336076259613,1.28035795688629,3.10363793373108,2.37507343292236,0.156829029321671,0.0651649609208107,0.131959244608879,2.42915081977844,0.831659197807312,0.926129281520844,1.51093947887421,0.935347259044647,1.60169970989227,0.905746042728424,0.919680416584015
1219,0.44040921330452,1.60691666603088,1.87666296958923,0.695272386074066,1.71669518947601,1.35472130775452,1.31387317180634,3.12552428245544,2.44044256210327,0.242757260799408,0.0967149510979652,0.138222768902779,2.46204113960266,0.882042467594147,0.924808323383331,1.58206641674042,0.937547981739044,1.70696067810059,0.900435209274292,0.909446001052856
1221,0.439287155866623,1.65902268886566,1.93820512294769,0.744190216064453,1.69910001754761,1.4011253118515,1.35561680793762,3.14060258865356,2.42841768264771,0.331324845552444,0.0951939448714256,0.131746456027031,2.4743218421936,0.911536395549774,0.932285964488983,1.63292694091797,0.947314977645874,1.80569684505463,0.889230966567993,0.901411712169647
1223,0.441672444343567,1.70261812210083,1.97418177127838,0.781224429607391,1.71185529232025,1.48470687866211,1.36111283302307,3.1253023147583,2.40556192398071,0.372572302818298,0.0663581117987633,0.088111087679863,2.42205119132996,0.920861124992371,0.979757189750671,1.64620208740234,0.912062704563141,1.85246682167053,0.898074388504028,0.941928386688232
1225,0.394785195589066,1.76934671401978,2.00143361091614,0.811543941497803,1.74446761608124,1.53822183609009,1.35942900180817,3.07888627052307,2.40295076370239,0.405996978282928,0.0473118610680103,0.0514039844274521,2.39921545982361,0.931415855884552,1.02725660800934,1.65295231342316,0.880310773849487,1.88999211788177,0.88397079706192,1.02313852310181
1227,0.347830355167389,1.83130073547363,2.06028175354004,0.831798851490021,1.7859114408493,1.56218874454498,1.39548754692078,3.03528165817261,2.3839864730835,0.433202922344208,0.0117602599784732,0.0514299869537354,2.41209936141968,0.92841899394989,1.04672849178314,1.64548349380493,0.87171596288681,1.92506814002991,0.849653661251068,1.06540560722351
1229,0.329574048519135,1.83746767044067,2.11744022369385,0.838282406330109,1.8055773973465,1.60690212249756,1.44224834442139,3.02299046516418,2.34575867652893,0.443822085857391,-0.0306400395929813,0.0532577820122242,2.42793798446655,0.931962549686432,1.04363000392914,1.62641108036041,0.866534829139709,1.95709550380707,0.813736438751221,1.05753791332245
1231,0.324231863021851,1.81836187839508,2.14865112304688,0.862955629825592,1.79730021953583,1.63403487205505,1.46075832843781,2.99188756942749,2.28693795204163,0.44902703166008,-0.0432458147406578,0.0366014838218689,2.4004921913147,0.944161713123322,1.04221308231354,1.57882118225098,0.875317335128784,2.00931930541992,0.761183202266693,1.05428111553192
1233,0.333344519138336,1.83092725276947,2.11327600479126,0.897547781467438,1.8012672662735,1.6527636051178,1.46639430522919,2.95768284797668,2.20407605171204,0.462440937757492,-0.0382015034556389,0.0200592819601297,2.38746857643127,0.966067135334015,1.06037962436676,1.52905988693237,0.880500972270966,2.05748009681702,0.709385931491852,1.05713760852814
1235,0.342873364686966,1.84406077861786,2.08555722236633,0.954741179943085,1.78880727291107,1.71622323989868,1.47310972213745,2.92142033576965,2.14695024490356,0.474169313907623,-0.0170849729329348,0.0182100590318441,2.37415051460266,1.00756514072418,1.10129392147064,1.50786125659943,0.895552515983582,2.10621786117554,0.700645923614502,1.03666567802429
1237,0.332788050174713,1.81860768795013,2.06748557090759,0.997232496738434,1.76418721675873,1.79926693439484,1.47216033935547,2.88122582435608,2.13278269767761,0.477495759725571,-0.0220600143074989,0.0351287983357906,2.32250213623047,1.05955696105957,1.15410208702087,1.50265872478485,0.907399713993073,2.14715313911438,0.705449938774109,0.995404958724976
1239,0.320530831813812,1.79720962047577,2.04040575027466,1.03646814823151,1.73949670791626,1.86994934082031,1.42022275924683,2.83603453636169,2.14733648300171,0.491460025310516,-0.0605514347553253,0.0735948979854584,2.23382043838501,1.07887995243073,1.20641994476318,1.50572872161865,0.908973038196564,2.14428210258484,0.695311188697815,0.997440338134766
1241,0.314680755138397,1.79761624336243,2.02937269210815,1.08638620376587,1.71393084526062,1.90033483505249,1.35257124900818,2.81310176849365,2.15758466720581,0.506933987140656,-0.107496432960033,0.105786100029945,2.15315556526184,1.0543669462204,1.21378576755524,1.4896137714386,0.915330171585083,2.12054228782654,0.67862069606781,1.03019833564758
1243,0.35260546207428,1.8223888874054,2.0112419128418,1.08094906806946,1.69284951686859,1.89189529418945,1.32407665252686,2.79615616798401,2.15985035896301,0.517675161361694,-0.123002022504807,0.112255275249481,2.10379314422607,1.01284849643707,1.16419494152069,1.48097848892212,0.924927711486816,2.15212535858154,0.677104353904724,1.06915402412415
1245,0.39338955283165,1.85995805263519,2.02020192146301,1.0609689950943,1.68064785003662,1.83581912517548,1.32441139221191,2.72491550445557,2.14065456390381,0.5103919506073,-0.109738647937775,0.106560617685318,2.10268998146057,0.981876492500305,1.11905229091644,1.47372400760651,0.943410396575928,2.22362041473389,0.689787626266479,1.09146106243134
1247,0.413552939891815,1.90278732776642,2.05496335029602,1.05301368236542,1.7085462808609,1.81298243999481,1.3401882648468,2.61668634414673,2.10439205169678,0.512873768806458,-0.0660567358136177,0.0874288007616997,2.15128588676453,0.957200706005096,1.12280404567719,1.48192524909973,0.984404802322388,2.25574851036072,0.689122080802917,1.10498666763306
1249,0.453616887331009,1.94010949134827,2.06388211250305,1.05563509464264,1.76453804969788,1.8117036819458,1.38047051429749,2.55411815643311,2.07737064361572,0.556806087493896,-0.0348923057317734,0.0665058791637421,2.20207166671753,0.966628730297089,1.15455210208893,1.4941987991333,1.00955426692963,2.22849798202515,0.67253577709198,1.11901795864105
1251,0.505977988243103,1.98247897624969,2.05421781539917,1.06772935390472,1.78527760505676,1.81777799129486,1.37651598453522,2.5454158782959,2.08091688156128,0.620247900485992,-0.015862824395299,0.0515769980847836,2.21127939224243,0.983035802841187,1.14729750156403,1.50571417808533,0.989853262901306,2.17528223991394,0.629850804805756,1.1267341375351
1253,0.530341804027557,1.99904406070709,2.02480888366699,1.08799719810486,1.7652473449707,1.82152616977692,1.34942424297333,2.5301787853241,2.06603384017944,0.659828126430511,0.0115037905052304,0.0667664632201195,2.19382882118225,0.998364329338074,1.12410271167755,1.48143792152405,0.963491022586823,2.17689204216003,0.612040936946869,1.11520910263062
1255,0.532979309558868,1.96164631843567,1.99179923534393,1.10092198848724,1.7209837436676,1.81000280380249,1.32801520824432,2.49218583106995,2.02647924423218,0.676437199115753,0.0460636354982853,0.0929181277751923,2.15350985527039,1.00589799880981,1.11817228794098,1.43922710418701,0.950069069862366,2.20267367362976,0.595607995986938,1.10427224636078
1257,0.533091008663177,1.91296648979187,1.96738386154175,1.12284779548645,1.66959857940674,1.79473650455475,1.32010877132416,2.43306422233582,2.00933647155762,0.685590267181396,0.0636526271700859,0.111758410930634,2.12463116645813,0.989709734916687,1.12000393867493,1.38384437561035,0.955882549285889,2.22252559661865,0.587176203727722,1.09402418136597
1259,0.533576011657715,1.90045893192291,1.96498286724091,1.14082491397858,1.65078544616699,1.81198906898499,1.30277180671692,2.37242960929871,1.98995840549469,0.692163944244385,0.0531139299273491,0.115639738738537,2.1154510974884,0.973096072673798,1.12156069278717,1.34151935577393,0.954322934150696,2.22924947738647,0.591970443725586,1.07140719890594
1261,0.526018917560577,1.89206218719482,1.98202240467072,1.16451370716095,1.65066158771515,1.83815085887909,1.29246318340302,2.33999848365784,1.96394455432892,0.67329865694046,0.0497558191418648,0.117750331759453,2.10926222801208,0.995410323143005,1.12323343753815,1.31881427764893,0.948894202709198,2.24517369270325,0.596889793872833,1.03653478622437
1263,0.519860804080963,1.89528036117554,1.99884724617004,1.18104684352875,1.6634019613266,1.84807181358337,1.31048321723938,2.3522207736969,1.94561040401459,0.662856221199036,0.0363418348133564,0.112304389476776,2.09908699989319,1.02023255825043,1.12003839015961,1.31229615211487,0.93244069814682,2.26253747940063,0.599756419658661,1.00513625144958
1265,0.487247705459595,1.90363466739655,2.00672578811646,1.17051100730896,1.67948043346405,1.83906722068787,1.32036173343658,2.36547827720642,1.93992650508881,0.670729696750641,0.035407580435276,0.116273693740368,2.07739496231079,1.02235972881317,1.10983145236969,1.32872259616852,0.920701146125793,2.24921011924744,0.599777936935425,1.00993967056274
1267,0.436764389276505,1.90380418300629,1.97888457775116,1.13740873336792,1.68367028236389,1.81014549732208,1.33226323127747,2.3331081867218,1.96615171432495,0.684794962406158,0.0519604720175266,0.128358513116837,2.05445575714111,1.02147400379181,1.12552082538605,1.33100557327271,0.927320539951324,2.21934294700623,0.584605872631073,1.05761647224426
1269,0.409583479166031,1.8914555311203,1.93618714809418,1.11955773830414,1.68138515949249,1.79448127746582,1.33483278751373,2.28392100334167,1.99900615215302,0.686709046363831,0.0550007969141006,0.146123424172401,2.04152464866638,1.00954508781433,1.14028549194336,1.32035100460052,0.934448719024658,2.19242572784424,0.570230662822723,1.07732784748077
1271,0.418625503778458,1.87543189525604,1.92466413974762,1.12058293819427,1.6742194890976,1.79914784431458,1.31839430332184,2.25468301773071,2.02423548698425,0.678387999534607,0.0535824038088322,0.130409374833107,2.01686024665833,0.990870654582977,1.127406001091,1.32135939598083,0.927292585372925,2.17280030250549,0.546686172485352,1.07068729400635
1273,0.449489563703537,1.86747217178345,1.92353451251984,1.10884261131287,1.67231452465057,1.79869556427002,1.28437066078186,2.24943614006042,2.03356289863586,0.664148390293121,0.0398258119821548,0.109572008252144,1.97999691963196,0.974488258361816,1.10701203346252,1.34130859375,0.916662573814392,2.16931223869324,0.534565091133118,1.07926201820374
1275,0.462696105241776,1.8693550825119,1.91627109050751,1.11196863651276,1.70107328891754,1.80030500888824,1.25304400920868,2.22190594673157,2.04235744476318,0.664698123931885,0.0127070862799883,0.0891926661133766,1.96245610713959,0.976379930973053,1.10572230815887,1.36382925510406,0.907080948352814,2.17755341529846,0.534070789813995,1.09680891036987
1277,0.435561418533325,1.86274254322052,1.91757333278656,1.15634155273438,1.70839023590088,1.81683599948883,1.24271154403687,2.18606281280518,2.02447438240051,0.654627680778503,-0.00663537811487913,0.0739602148532867,1.95377290248871,0.997742891311646,1.1042857170105,1.38152313232422,0.910632789134979,2.20333194732666,0.524955689907074,1.10030519962311
1279,0.393803209066391,1.84658491611481,1.91971111297607,1.17821633815765,1.69355416297913,1.80560696125031,1.2436842918396,2.17079138755798,1.99171280860901,0.636680781841278,-0.00166553782764822,0.0779586955904961,1.94937801361084,1.02050399780273,1.08545064926147,1.39338541030884,0.922724664211273,2.23216271400452,0.530249178409576,1.08852362632751
1281,0.384245365858078,1.83768236637115,1.9273966550827,1.18282794952393,1.68336713314056,1.78078186511993,1.25102245807648,2.16323232650757,1.96275210380554,0.636634707450867,-0.006126977968961,0.0960234329104424,1.94424450397491,1.01784467697144,1.06870257854462,1.37993025779724,0.940975248813629,2.23343348503113,0.536625385284424,1.09119963645935
1283,0.381340205669403,1.83854627609253,1.93784642219543,1.18312561511993,1.68899261951447,1.78105926513672,1.2578592300415,2.14419150352478,1.94423639774323,0.64454174041748,-0.00565322628244758,0.105655536055565,1.93574106693268,0.995094895362854,1.06258392333984,1.33189916610718,0.965390026569366,2.21708416938782,0.535332322120667,1.08817958831787
1285,0.381583034992218,1.83313918113708,1.94856286048889,1.16205728054047,1.70771288871765,1.79401934146881,1.26526021957397,2.11411762237549,1.95139014720917,0.645115256309509,0.00380033976398408,0.118066467344761,1.9487509727478,0.985728681087494,1.03713595867157,1.27873206138611,0.971951961517334,2.20622205734253,0.53808867931366,1.08923637866974
1287,0.374655187129974,1.83156657218933,1.95820009708405,1.14077389240265,1.71156895160675,1.81851470470428,1.26647770404816,2.10242080688477,1.98446094989777,0.645583033561707,0.0179865136742592,0.128348961472511,1.9588668346405,0.987817406654358,1.0184953212738,1.27221572399139,0.976552784442902,2.22000169754028,0.516714572906494,1.0939861536026
1289,0.369617909193039,1.82642841339111,1.95215964317322,1.13928472995758,1.71208679676056,1.85381960868835,1.26910483837128,2.12417531013489,2.01323628425598,0.653927147388458,0.0120520321652293,0.124835081398487,1.95785689353943,0.99415647983551,1.02758717536926,1.2960741519928,0.996158301830292,2.23939156532288,0.485426843166351,1.09029185771942
1291,0.370589554309845,1.83321797847748,1.93033313751221,1.16514205932617,1.70509052276611,1.88645315170288,1.27081620693207,2.14580869674683,2.02937960624695,0.659278512001038,-0.00732372142374516,0.127508565783501,1.9470340013504,1.00871920585632,1.04675364494324,1.3287239074707,1.01737987995148,2.24854969978333,0.475075006484985,1.0871422290802
1293,0.378949970006943,1.84966886043549,1.92611515522003,1.17829596996307,1.70390474796295,1.90112829208374,1.27419900894165,2.14941692352295,2.02091574668884,0.657126486301422,-0.000948073342442513,0.147091507911682,1.96524250507355,1.02915871143341,1.05013799667358,1.34118938446045,1.02975881099701,2.26628470420837,0.483596205711365,1.09404146671295
1295,0.406907677650452,1.85642945766449,1.92407119274139,1.17698097229004,1.70311617851257,1.91692411899567,1.27774930000305,2.14038872718811,2.0003068447113,0.659891664981842,0.00243333424441516,0.163917392492294,2.02133584022522,1.03277289867401,1.04364728927612,1.34757745265961,1.04446232318878,2.2885684967041,0.502902030944824,1.12204456329346
1297,0.437959522008896,1.85509860515594,1.90959310531616,1.19345462322235,1.70866644382477,1.92897188663483,1.27887332439423,2.12545132637024,1.98689639568329,0.69152843952179,-0.0115336189046502,0.181910693645477,2.07669615745544,1.02754580974579,1.05513191223145,1.3584930896759,1.05724632740021,2.30890488624573,0.51606959104538,1.14541709423065
1299,0.460558235645294,1.86928355693817,1.9078164100647,1.22074615955353,1.71092855930328,1.93321394920349,1.28137564659119,2.11704182624817,1.98368644714355,0.72539097070694,-0.0175913404673338,0.189540356397629,2.12485885620117,1.01726853847504,1.07548463344574,1.36316812038422,1.0616729259491,2.31245231628418,0.521892666816711,1.1507728099823
1301,0.471995055675507,1.88607668876648,1.93364000320435,1.23298859596252,1.71132218837738,1.94302332401276,1.28420042991638,2.09299492835999,1.97417902946472,0.731127142906189,-0.0173842590302229,0.191618859767914,2.1621789932251,1.00710833072662,1.08686137199402,1.36711382865906,1.05440711975098,2.30954885482788,0.52389657497406,1.16848230361938
1303,0.460741758346558,1.92439699172974,1.95763289928436,1.23583102226257,1.7138444185257,1.96577143669128,1.28774869441986,2.06949710845947,1.95586585998535,0.724819123744965,-0.00104379723779857,0.19661071896553,2.20468068122864,1.00043034553528,1.10294842720032,1.3768846988678,1.05672407150269,2.30764007568359,0.52301824092865,1.18712759017944
1305,0.437512695789337,1.95671916007996,1.96302533149719,1.23605632781982,1.70796477794647,1.99076271057129,1.2878133058548,2.06202602386475,1.95177853107452,0.71970796585083,0.0120672294870019,0.199442118406296,2.26125192642212,0.9908127784729,1.12211048603058,1.38599765300751,1.06468093395233,2.31371474266052,0.525783538818359,1.18002152442932
1307,0.408616274595261,1.97626924514771,1.96381342411041,1.24126791954041,1.69732773303986,1.99636316299438,1.28396534919739,2.06852078437805,1.9719911813736,0.726027071475983,0.0194115228950977,0.213267460465431,2.30949068069458,1.00219786167145,1.13621783256531,1.39111268520355,1.07182848453522,2.31205415725708,0.519133150577545,1.16951942443848
1309,0.394722998142242,1.99711108207703,1.97046637535095,1.25112700462341,1.70792877674103,1.98705410957336,1.28288912773132,2.0825366973877,1.98509871959686,0.738310098648071,0.0192720219492912,0.225777506828308,2.33986210823059,1.02883696556091,1.13178968429565,1.38404774665833,1.07370209693909,2.30567240715027,0.511834502220154,1.16161203384399
1311,0.389609187841415,2.00492811203003,1.98280131816864,1.26423668861389,1.7256087064743,1.97239923477173,1.27650344371796,2.08913278579712,1.99574983119965,0.737519204616547,0.0177068077027798,0.233319371938705,2.3580014705658,1.04684638977051,1.12218630313873,1.38232445716858,1.07801914215088,2.29407215118408,0.502703130245209,1.15674424171448
1313,0.377489537000656,1.99583220481873,1.98852431774139,1.27726757526398,1.7401978969574,1.96177637577057,1.26816165447235,2.07721066474915,2.0033106803894,0.729407846927643,0.0174704156816006,0.224471539258957,2.36902976036072,1.04447412490845,1.12370872497559,1.3936675786972,1.08725452423096,2.27884769439697,0.485441148281097,1.16023015975952
1315,0.382914304733276,1.97441983222961,1.97698247432709,1.26618719100952,1.7460263967514,1.96187245845795,1.26028287410736,2.05144262313843,2.00478529930115,0.717914521694183,0.0140668759122491,0.206201687455177,2.37030744552612,1.04034471511841,1.13235795497894,1.39735496044159,1.09598064422607,2.26223278045654,0.471288710832596,1.16372179985046
1317,0.406176865100861,1.95815312862396,1.96722304821014,1.24952232837677,1.74733638763428,1.97893881797791,1.2617644071579,2.02672004699707,2.00367784500122,0.706582069396973,0.00145793030969799,0.191954553127289,2.38361573219299,1.0369735956192,1.14054989814758,1.39008808135986,1.10537874698639,2.25247359275818,0.460993736982346,1.16410136222839
1319,0.408609688282013,1.95092070102692,1.96870458126068,1.24560821056366,1.748011469841,1.99584579467773,1.27509951591492,2.00328516960144,2.00838351249695,0.7030029296875,-0.00864236708730459,0.189834386110306,2.40855550765991,1.03251695632935,1.14300239086151,1.37393188476563,1.09852075576782,2.25925850868225,0.460462987422943,1.15728068351746
1321,0.407097697257996,1.94860780239105,1.97093284130096,1.25007450580597,1.74575126171112,2.00135445594788,1.27789294719696,1.98687279224396,1.98792064189911,0.699331879615784,-0.011477941647172,0.19250376522541,2.41342735290527,1.01552987098694,1.13666725158691,1.35806834697723,1.08783352375031,2.26151299476624,0.473717302083969,1.13755071163177
1323,0.417271822690964,1.94591808319092,1.96540784835815,1.26004135608673,1.7393491268158,2.00428771972656,1.27427089214325,1.97254168987274,1.96537923812866,0.703369736671448,-0.0125446049496531,0.198207139968872,2.39932250976563,0.99635124206543,1.12225902080536,1.3479540348053,1.07993578910828,2.25766038894653,0.489647388458252,1.12658452987671
1325,0.419289588928223,1.95190298557281,1.95690619945526,1.26141893863678,1.7332900762558,2.01542711257935,1.27311527729034,1.95703160762787,1.94542622566223,0.718843281269073,-0.0104153538122773,0.204907462000847,2.38668584823608,0.992978155612946,1.10422050952911,1.34461557865143,1.06826663017273,2.26008772850037,0.494077801704407,1.12489807605743
1327,0.419372498989105,1.94214224815369,1.93262016773224,1.24925553798676,1.72041630744934,2.01519465446472,1.25502586364746,1.93914997577667,1.91661036014557,0.72976815700531,0.00734426453709602,0.21896043419838,2.36342906951904,0.999513983726501,1.09647560119629,1.3390052318573,1.05688774585724,2.24968123435974,0.477136582136154,1.12682676315308
1329,0.434580028057098,1.93591344356537,1.909823179245,1.24535548686981,1.71799635887146,2.00435996055603,1.21908140182495,1.93406140804291,1.89335680007935,0.729509294033051,0.0230640526860952,0.219805330038071,2.31247472763062,1.00890719890594,1.09557044506073,1.33474779129028,1.05821394920349,2.23618364334106,0.458769738674164,1.12389242649078
1331,0.453404456377029,1.92359972000122,1.89221668243408,1.24214398860931,1.70790231227875,1.98634815216064,1.19126772880554,1.93991720676422,1.87397122383118,0.732570290565491,0.0334780812263489,0.213519707322121,2.25891900062561,1.0262279510498,1.09297847747803,1.3239711523056,1.07396578788757,2.22356486320496,0.448714017868042,1.12435674667358
1333,0.452531307935715,1.90478312969208,1.88191199302673,1.23421120643616,1.69608187675476,1.97070467472076,1.17475962638855,1.93441462516785,1.85431408882141,0.730970561504364,0.0402138605713844,0.21441538631916,2.21417689323425,1.04427146911621,1.09542238712311,1.31746077537537,1.07624685764313,2.21158719062805,0.450478434562683,1.12411653995514
1335,0.425305306911469,1.87855362892151,1.85764467716217,1.21772146224976,1.68294286727905,1.94557583332062,1.15864598751068,1.92038428783417,1.84531700611115,0.713152170181274,0.0300971306860447,0.21516627073288,2.17763018608093,1.03197503089905,1.0970242023468,1.31336188316345,1.05231189727783,2.20223546028137,0.452752023935318,1.11645519733429
1337,0.390512079000473,1.86855888366699,1.84186494350433,1.20050120353699,1.66671764850616,1.92224931716919,1.13991141319275,1.91731202602386,1.83877968788147,0.689910531044006,0.0140424584969878,0.208677813410759,2.13441038131714,1.00481474399567,1.08170449733734,1.29620218276978,1.02211105823517,2.18634581565857,0.442616909742355,1.10669660568237
1339,0.370629817247391,1.87683427333832,1.8554562330246,1.19307827949524,1.6482207775116,1.92130529880524,1.14996254444122,1.9093713760376,1.83132147789001,0.684147417545319,-0.00351473712362349,0.200343251228333,2.09262108802795,0.981337010860443,1.07045912742615,1.28413140773773,1.01577246189117,2.17000937461853,0.440379768610001,1.10457849502563
1341,0.367934316396713,1.87809669971466,1.8815621137619,1.18825554847717,1.63528573513031,1.93314158916473,1.17360615730286,1.90201556682587,1.82677030563354,0.703618049621582,-0.0123112816363573,0.198245137929916,2.03453540802002,0.971096813678741,1.06401169300079,1.27552676200867,1.02165269851685,2.16764521598816,0.442122608423233,1.10909593105316
1343,0.381035596132278,1.85818123817444,1.8911806344986,1.18542289733887,1.63790547847748,1.94948208332062,1.19574463367462,1.90136194229126,1.82762479782104,0.717085480690002,-0.0159836858510971,0.198080360889435,1.98125839233398,0.970340967178345,1.04897892475128,1.27490186691284,1.02186179161072,2.19023537635803,0.448169589042664,1.12048971652985
1345,0.388327151536942,1.83616423606873,1.88214838504791,1.18358910083771,1.64666044712067,1.95416975021362,1.19620001316071,1.89685392379761,1.82440793514252,0.72702032327652,-0.0108633087947965,0.190840065479279,1.94687521457672,0.979160726070404,1.04123902320862,1.26522314548492,1.0196932554245,2.20755672454834,0.456438362598419,1.12628841400146
1347,0.387892514467239,1.81705975532532,1.88793849945068,1.18291187286377,1.65587079524994,1.96533632278442,1.19247102737427,1.87083327770233,1.82034134864807,0.731799423694611,-0.0015835992526263,0.19164089858532,1.942587018013,0.983078062534332,1.0405867099762,1.2567001581192,1.03411185741425,2.20074844360352,0.464699238538742,1.11239063739777
1349,0.384818881750107,1.79729568958282,1.90375077724457,1.17354881763458,1.66489839553833,1.98235845565796,1.19588041305542,1.84401345252991,1.8168853521347,0.731308221817017,0.00311387935653329,0.212055653333664,1.95350110530853,0.991478860378265,1.04322588443756,1.25293099880219,1.04911482334137,2.19687724113464,0.465119957923889,1.0879921913147
1351,0.380936205387115,1.79992997646332,1.90806341171265,1.1714414358139,1.67190587520599,1.98750269412994,1.20451033115387,1.8383857011795,1.81544947624207,0.724828898906708,0.00653888611122966,0.227456465363503,1.96075570583344,0.993697106838226,1.05100691318512,1.25835871696472,1.05598926544189,2.19608020782471,0.451154261827469,1.07928597927094
1353,0.380851626396179,1.81598722934723,1.90476524829865,1.18179833889008,1.68195295333862,1.97556364536285,1.20790183544159,1.84360039234161,1.83475947380066,0.724920868873596,0.0135410148650408,0.240980640053749,1.97846174240112,0.973784804344177,1.06083452701569,1.267662525177,1.05888712406158,2.20668339729309,0.426722258329391,1.08978152275085
1355,0.387933254241943,1.83030271530151,1.90829801559448,1.19332027435303,1.69785583019257,1.96597611904144,1.20054769515991,1.85710990428925,1.85283267498016,0.727481663227081,0.00527071813121438,0.241832345724106,2.02031326293945,0.9654221534729,1.07327497005463,1.27667367458344,1.06603527069092,2.23650288581848,0.414736956357956,1.09521234035492
1357,0.392164051532745,1.84268248081207,1.9148188829422,1.19797360897064,1.70524287223816,1.96747279167175,1.20611608028412,1.88775217533112,1.85570967197418,0.736662864685059,-0.0143405487760901,0.231605738401413,2.07430124282837,0.974120497703552,1.0828652381897,1.2855761051178,1.07292950153351,2.2800555229187,0.41373285651207,1.10024762153625
1359,0.386476278305054,1.8675445318222,1.93055641651154,1.21014392375946,1.70060968399048,1.97103798389435,1.21108829975128,1.90960824489594,1.86611270904541,0.750658512115479,-0.0319769270718098,0.229289472103119,2.13424611091614,0.97981071472168,1.09781801700592,1.30195450782776,1.07530951499939,2.31187033653259,0.417726010084152,1.10668063163757
1361,0.382986485958099,1.92311143875122,1.97055780887604,1.24805974960327,1.70338487625122,2.01047396659851,1.22192335128784,1.92890512943268,1.87860512733459,0.772273540496826,-0.023121502250433,0.242463812232018,2.22490739822388,0.995938837528229,1.132892370224,1.33172202110291,1.09445345401764,2.35018348693848,0.43486687541008,1.12729239463806
1363,0.403179734945297,2.00172972679138,2.03263711929321,1.29574716091156,1.73024380207062,2.07999157905579,1.244220495224,1.94884979724884,1.89279985427856,0.810375928878784,-0.00327322236262262,0.269846200942993,2.33441567420959,1.02473831176758,1.17161095142365,1.36325228214264,1.12486159801483,2.40220642089844,0.451937884092331,1.17357122898102
1365,0.430778831243515,2.06576776504517,2.09013152122498,1.32231760025024,1.75515019893646,2.14554619789124,1.27801096439362,1.99085783958435,1.91168773174286,0.851041436195374,0.00611619930714369,0.297936052083969,2.42854571342468,1.04895734786987,1.20698750019073,1.39646875858307,1.15802276134491,2.45282077789307,0.454462587833405,1.2176992893219
1367,0.442139863967896,2.11169958114624,2.14841747283936,1.34293305873871,1.78233623504639,2.21781134605408,1.32034313678741,2.05297589302063,1.93592894077301,0.878644645214081,0.00905449409037828,0.309321492910385,2.52807283401489,1.06260347366333,1.23995280265808,1.43887853622437,1.18694078922272,2.51313877105713,0.454357862472534,1.25424325466156
1369,0.435856133699417,2.15016436576843,2.21167850494385,1.36213541030884,1.82122337818146,2.2940845489502,1.36146712303162,2.10695290565491,1.95800948143005,0.888938546180725,0.0111885759979486,0.293980658054352,2.63246774673462,1.07381558418274,1.27085816860199,1.48583137989044,1.20583844184875,2.56745290756226,0.466073006391525,1.27900552749634
1371,0.43802484869957,2.18344879150391,2.26030826568604,1.377237200737,1.86451768875122,2.3612904548645,1.39412546157837,2.1419849395752,1.97942090034485,0.888976693153381,0.00978947151452303,0.275874316692352,2.74958872795105,1.0872997045517,1.30299723148346,1.52084457874298,1.21498954296112,2.60351920127869,0.49077183008194,1.29574942588806
1373,0.450880646705627,2.22073745727539,2.29918622970581,1.40179061889648,1.91090273857117,2.42941284179688,1.43381631374359,2.18089437484741,2.01544189453125,0.894322872161865,0.0118710398674011,0.279108107089996,2.87171030044556,1.11560523509979,1.32999038696289,1.55895841121674,1.2369464635849,2.63862872123718,0.522777855396271,1.31960427761078
1375,0.458112418651581,2.26510977745056,2.33665943145752,1.43090379238129,1.96116530895233,2.48499536514282,1.46656632423401,2.23202848434448,2.04581522941589,0.90353786945343,0.0231173299252987,0.302575618028641,2.97105741500854,1.15445399284363,1.35351502895355,1.60682606697083,1.26858556270599,2.67860913276672,0.546487987041473,1.34667944908142
1377,0.473000347614288,2.31120729446411,2.37315630912781,1.4480447769165,2.01667237281799,2.51912951469421,1.49103844165802,2.27369928359985,2.05499267578125,0.917122423648834,0.033436756581068,0.334104835987091,3.04125905036926,1.17422711849213,1.38025999069214,1.64718866348267,1.29966759681702,2.7185959815979,0.566903233528137,1.37630569934845
1379,0.486024916172028,2.34652328491211,2.4002411365509,1.47291159629822,2.06000757217407,2.53251600265503,1.5107513666153,2.30703711509705,2.05895900726318,0.937005281448364,0.0381264723837376,0.351736545562744,3.07162046432495,1.18438422679901,1.40170478820801,1.679194688797,1.33180737495422,2.75243091583252,0.581210315227509,1.41421782970428
1381,0.483985781669617,2.36766242980957,2.43908834457397,1.50628423690796,2.08696675300598,2.5368058681488,1.54294848442078,2.33531904220581,2.06772756576538,0.952921569347382,0.0307297129184008,0.350879549980164,3.04700827598572,1.20318734645844,1.42427217960358,1.70801651477814,1.35744571685791,2.7757031917572,0.580810904502869,1.44750344753265
1383,0.467840403318405,2.37839770317078,2.46631240844727,1.52054536342621,2.10346841812134,2.54641342163086,1.57499098777771,2.34866619110107,2.05474138259888,0.950182557106018,0.0275615360587835,0.335389047861099,2.97452688217163,1.22290802001953,1.43995642662048,1.72537779808044,1.3649035692215,2.78710532188416,0.57873398065567,1.46529722213745
1385,0.451944708824158,2.36978960037231,2.47749185562134,1.52532720565796,2.10366129875183,2.57055807113647,1.60492253303528,2.35239362716675,2.02957892417908,0.938685476779938,0.0275278314948082,0.318988800048828,2.87000036239624,1.22365784645081,1.44168281555176,1.72372198104858,1.36916244029999,2.79077100753784,0.582291901111603,1.46734654903412
1387,0.452530562877655,2.35619950294495,2.49497723579407,1.53447997570038,2.08159160614014,2.60082221031189,1.60743081569672,2.36441516876221,2.01761150360107,0.940217316150665,0.0219719391316175,0.32098925113678,2.77985525131226,1.1980527639389,1.43671631813049,1.71970403194427,1.3713184595108,2.79357600212097,0.581905841827393,1.45385277271271
1389,0.455477058887482,2.33516192436218,2.49818158149719,1.54047417640686,2.05211925506592,2.60832691192627,1.58375287055969,2.36532235145569,2.0095043182373,0.956963419914246,0.00992678944021463,0.317150950431824,2.71445155143738,1.15905869007111,1.42793226242065,1.71361923217773,1.37183260917664,2.80988097190857,0.576521158218384,1.44407713413239
1391,0.458324700593948,2.31614828109741,2.47485017776489,1.52914011478424,2.01806998252869,2.58687376976013,1.55451667308807,2.33651518821716,1.99090659618378,0.962557852268219,0.000683317717630416,0.298441141843796,2.64670944213867,1.11086857318878,1.39920234680176,1.68597424030304,1.36004102230072,2.80725622177124,0.569533109664917,1.42609703540802
1393,0.459132730960846,2.30684638023376,2.44419932365417,1.51621675491333,1.98859560489655,2.57027697563171,1.52621710300446,2.31069302558899,1.98216891288757,0.938006043434143,-0.0028808144852519,0.290336638689041,2.59702086448669,1.0785676240921,1.36568832397461,1.63755238056183,1.33882367610931,2.7519965171814,0.556190192699432,1.39049339294434
1395,0.425594836473465,2.3069212436676,2.41006398200989,1.49966335296631,1.96281933784485,2.55770564079285,1.49388659000397,2.2727358341217,2.0036404132843,0.871864199638367,0.0176815837621689,0.280822694301605,2.58035826683044,1.06473588943481,1.33491659164429,1.58571302890778,1.30911707878113,2.66978764533997,0.535248637199402,1.34974765777588
1397,0.399793118238449,2.31305050849915,2.36840867996216,1.47036850452423,1.94169771671295,2.52467918395996,1.46951997280121,2.24391341209412,2.02226400375366,0.843989968299866,0.0354005731642246,0.273354113101959,2.5770947933197,1.04326200485229,1.31454575061798,1.54782474040985,1.28021419048309,2.60158205032349,0.519843339920044,1.33088076114655
1399,0.388223260641098,2.31030869483948,2.33902382850647,1.44518065452576,1.93033909797668,2.47510933876038,1.46247947216034,2.24303984642029,2.01887130737305,0.875830829143524,0.0217536110430956,0.278356611728668,2.55779480934143,1.02447640895844,1.30511355400085,1.52813827991486,1.26631450653076,2.58297085762024,0.494522511959076,1.31735062599182
1401,0.383243054151535,2.30240941047668,2.32546973228455,1.42109358310699,1.91125416755676,2.42344665527344,1.45483648777008,2.23708033561707,2.01224088668823,0.891431868076324,0.00757819227874279,0.28459307551384,2.53829336166382,1.00421619415283,1.2946560382843,1.51737999916077,1.24722528457642,2.56299638748169,0.472734689712524,1.3019460439682
1403,0.379396349191666,2.29142308235168,2.31702923774719,1.41320931911469,1.89072465896606,2.38610172271729,1.44560742378235,2.21894955635071,1.98968911170959,0.880262732505798,-0.00229345820844173,0.302414178848267,2.52533483505249,1.01457297801971,1.28474807739258,1.50758624076843,1.23681962490082,2.53059768676758,0.477329581975937,1.28495609760284
1405,0.369148701429367,2.27278614044189,2.31331086158752,1.40219700336456,1.8746657371521,2.36888790130615,1.42734134197235,2.1839325428009,1.97473621368408,0.86594945192337,-0.0210433416068554,0.329021573066711,2.52103519439697,1.03870379924774,1.27552592754364,1.50304210186005,1.23322939872742,2.50630283355713,0.489076197147369,1.26293992996216
1407,0.37737649679184,2.26248979568481,2.32460880279541,1.38029456138611,1.87009537220001,2.36205267906189,1.41654324531555,2.15530443191528,1.96805572509766,0.867087185382843,-0.0317058227956295,0.344742327928543,2.52473616600037,1.05069780349731,1.28144931793213,1.49620592594147,1.2325564622879,2.50530338287354,0.481158018112183,1.2492915391922
1409,0.392144083976746,2.25813412666321,2.34346222877502,1.36430680751801,1.8674418926239,2.35524082183838,1.41172027587891,2.13720798492432,1.96721720695496,0.871221899986267,-0.0271340161561966,0.355715990066528,2.53474354743958,1.04758071899414,1.28409051895142,1.48810064792633,1.21800148487091,2.50309610366821,0.465307235717773,1.241739153862
1411,0.409869760274887,2.24027585983276,2.34712934494019,1.35282671451569,1.86257207393646,2.33877420425415,1.41082549095154,2.11940336227417,1.96343040466309,0.848138093948364,-0.0268129725009203,0.34815376996994,2.55250811576843,1.05866301059723,1.27488589286804,1.47636187076569,1.20460116863251,2.4756133556366,0.456914067268372,1.23657286167145
1413,0.398819148540497,2.22469162940979,2.33126378059387,1.33514440059662,1.84209644794464,2.31243252754211,1.40107345581055,2.10122871398926,1.95602095127106,0.816764354705811,-0.0422228462994099,0.307321190834045,2.56516599655151,1.06638741493225,1.25279557704926,1.45985019207001,1.18811142444611,2.44457483291626,0.448958396911621,1.22110116481781
1415,0.350561678409576,2.22254180908203,2.29345965385437,1.30768477916718,1.80657601356506,2.26947093009949,1.35967421531677,2.07109713554382,1.94264757633209,0.788908064365387,-0.0420208163559437,0.243725016713142,2.5413761138916,1.04818511009216,1.22072899341583,1.43630421161652,1.16986012458801,2.420982837677,0.414790779352188,1.19132840633392
1417,0.308401763439178,2.2379252910614,2.25224900245667,1.29573225975037,1.78338980674744,2.25434899330139,1.30575382709503,2.0270369052887,1.93581783771515,0.770924687385559,-0.0204950459301472,0.19401553273201,2.52122712135315,1.03822672367096,1.19922804832458,1.42766427993774,1.15344631671906,2.40507769584656,0.371079832315445,1.16221189498901
1419,0.290738701820374,2.24159002304077,2.24735283851624,1.28586006164551,1.77838361263275,2.25836157798767,1.28272831439972,2.01460933685303,1.91967189311981,0.763798654079437,-0.0056666019372642,0.180177733302116,2.55134701728821,1.03001260757446,1.19134557247162,1.43152821063995,1.13182580471039,2.38693308830261,0.359962791204453,1.12603187561035
1421,0.285101622343063,2.21831202507019,2.28908538818359,1.26995170116425,1.78766429424286,2.26138091087341,1.29485988616943,2.03612565994263,1.91394376754761,0.748546004295349,0.0036217519082129,0.199377208948135,2.58515453338623,1.02215754985809,1.2057683467865,1.42319393157959,1.13035988807678,2.39464378356934,0.361695140600204,1.0910085439682
1423,0.299711406230927,2.20510482788086,2.33655667304993,1.28012204170227,1.79215514659882,2.26956844329834,1.32145857810974,2.06486916542053,1.92959654331207,0.770680367946625,0.00889481045305729,0.247022613883018,2.59561562538147,1.04330670833588,1.22693502902985,1.42055177688599,1.15067279338837,2.44549632072449,0.349407225847244,1.09133160114288
1425,0.324871301651001,2.17952394485474,2.36203050613403,1.30371749401093,1.79083585739136,2.27409315109253,1.32592391967773,2.06813049316406,1.93383967876434,0.79009747505188,0.0112930880859494,0.290179163217545,2.61627149581909,1.07532262802124,1.22759461402893,1.4312891960144,1.14619195461273,2.46783208847046,0.340194821357727,1.10845673084259
1427,0.333856523036957,2.18688821792603,2.37077808380127,1.3361781835556,1.81244480609894,2.27449345588684,1.32388484477997,2.06272912025452,1.93155062198639,0.781276762485504,0.0196060836315155,0.318880021572113,2.65949940681458,1.09195864200592,1.20068490505219,1.44940233230591,1.13495016098022,2.4574236869812,0.335805952548981,1.11577689647675
1429,0.322101712226868,2.23748469352722,2.37619566917419,1.37597227096558,1.83896791934967,2.31708741188049,1.34219682216644,2.08523631095886,1.92479920387268,0.784153044223785,0.0429843813180923,0.322499245405197,2.71245241165161,1.09974348545074,1.18500947952271,1.47248554229736,1.16194677352905,2.45727682113647,0.346196562051773,1.12364423274994
1431,0.290728271007538,2.28072285652161,2.38849592208862,1.40415215492249,1.86029493808746,2.37490653991699,1.37165558338165,2.13976502418518,1.91510581970215,0.816408097743988,0.0422079712152481,0.318962007761002,2.75423812866211,1.09359431266785,1.20853018760681,1.4966413974762,1.18924510478973,2.4891152381897,0.368390202522278,1.12793040275574
1433,0.233894884586334,2.28587603569031,2.40493059158325,1.40652084350586,1.88533866405487,2.39707922935486,1.38324427604675,2.17449331283569,1.86027538776398,0.827347338199615,0.0376445464789867,0.302744150161743,2.7743878364563,1.07255923748016,1.23857307434082,1.50416171550751,1.19557929039001,2.51009798049927,0.366503983736038,1.13454163074493
1435,0.208775252103806,2.29914331436157,2.45191860198975,1.41735100746155,1.92928576469421,2.4664146900177,1.41600835323334,2.22118997573853,1.83286392688751,0.836324274539948,0.0513764880597591,0.293821901082993,2.82910442352295,1.07199168205261,1.30405294895172,1.53466618061066,1.21086752414703,2.56647038459778,0.359938621520996,1.19482123851776
1437,0.242061778903008,2.36230063438416,2.54384565353394,1.43043577671051,1.97869873046875,2.57623839378357,1.44841456413269,2.26930809020996,1.83018910884857,0.852202475070953,0.0690515264868736,0.318630456924438,2.91533660888672,1.0921231508255,1.39996552467346,1.60289013385773,1.26150035858154,2.66082143783569,0.408602893352509,1.30820727348328
1439,0.294076055288315,2.43827080726624,2.61724972724915,1.41700959205627,2.02070355415344,2.66497826576233,1.48662734031677,2.31896281242371,1.82487106323242,0.884499847888947,0.068189799785614,0.337002336978912,2.98946762084961,1.12418878078461,1.45940113067627,1.68950748443604,1.31246984004974,2.73911952972412,0.470071524381638,1.38923132419586
1441,0.337048679590225,2.50070428848267,2.64134097099304,1.43475115299225,2.06039953231812,2.74435329437256,1.52195739746094,2.37129545211792,1.84722697734833,0.909830331802368,0.0666884258389473,0.344649851322174,3.05068063735962,1.16392552852631,1.47083938121796,1.74980676174164,1.33772575855255,2.78720664978027,0.502391934394836,1.41517996788025
1443,0.352040231227875,2.54119038581848,2.61491513252258,1.47077703475952,2.09251379966736,2.79753160476685,1.54680371284485,2.42945885658264,1.8614262342453,0.923738956451416,0.0674583166837692,0.333961844444275,3.0681574344635,1.1958441734314,1.46052241325378,1.76112258434296,1.31633722782135,2.80369472503662,0.504518508911133,1.41448438167572
1445,0.361216187477112,2.54513669013977,2.5486273765564,1.4940357208252,2.08880233764648,2.80490183830261,1.55254709720612,2.46822094917297,1.84347236156464,0.931912422180176,0.0425298623740673,0.330873847007751,3.02933645248413,1.21129858493805,1.44815051555634,1.75520002841949,1.29804337024689,2.78859090805054,0.492731153964996,1.39735424518585
1447,0.433513641357422,2.54043030738831,2.52687549591064,1.51526379585266,2.10173606872559,2.86367464065552,1.53458690643311,2.45469546318054,1.84850752353668,0.978914022445679,0.0407002568244934,0.288919180631638,2.6834192276001,1.28833901882172,1.44324636459351,1.73604464530945,1.33103466033936,2.82803702354431,0.506789147853851,1.35384690761566
1449,0.504880249500275,2.53578448295593,2.50540375709534,1.53621852397919,2.1145031452179,2.92169094085693,1.51685786247253,2.44134402275085,1.85347759723663,1.02531039714813,0.038894210010767,0.247504755854607,2.34195566177368,1.36438763141632,1.43840539455414,1.7171356678009,1.36360108852386,2.86697506904602,0.520666182041168,1.31089961528778
1451,0.575333893299103,2.53119826316833,2.48420667648315,1.55690515041351,2.12710690498352,2.97896480560303,1.49935567378998,2.42816352844238,1.85838425159454,1.0711133480072,0.037111259996891,0.206620141863823,2.00486063957214,1.43946325778961,1.43362629413605,1.69846868515015,1.39575088024139,2.90541505813599,0.534365653991699,1.26850175857544
1453,0.540926516056061,2.53470826148987,2.48409342765808,1.53062665462494,2.12919211387634,2.89642119407654,1.46443259716034,2.39840817451477,1.79681074619293,1.04819905757904,0.0411833822727203,0.206311792135239,1.97129619121552,1.43095505237579,1.42253613471985,1.70761287212372,1.34990692138672,2.88194108009338,0.518156588077545,1.26356863975525
1455,0.507667660713196,2.51208853721619,2.42557501792908,1.4641569852829,2.07995653152466,2.79040169715881,1.4232634305954,2.32069802284241,1.7441680431366,0.991751432418823,0.0591279082000256,0.216814503073692,1.94347763061523,1.41591250896454,1.35889399051666,1.67523086071014,1.2733439207077,2.77121043205261,0.501340866088867,1.26297569274902
1457,0.516167759895325,2.4263551235199,2.34894728660583,1.39619529247284,1.96554005146027,2.68688035011292,1.40331566333771,2.26249122619629,1.72481966018677,0.960327625274658,0.0476327538490295,0.234258458018303,1.97682738304138,1.40925312042236,1.33097720146179,1.59868192672729,1.20498096942902,2.63928031921387,0.517773330211639,1.24364995956421
1459,0.529208302497864,2.31955766677856,2.28661251068115,1.37744438648224,1.86623728275299,2.60367846488953,1.3957884311676,2.25695657730103,1.73463249206543,0.958667397499084,0.00430037220939994,0.232021003961563,1.95350742340088,1.4039511680603,1.39310371875763,1.58099961280823,1.18736708164215,2.57954144477844,0.499396413564682,1.1911119222641
1461,0.542076408863068,2.27330803871155,2.25420928001404,1.35578083992004,1.80610322952271,2.55976533889771,1.38410615921021,2.2600040435791,1.73930239677429,0.945799946784973,0.0212369859218597,0.23867703974247,1.88604271411896,1.37241411209106,1.39440703392029,1.55512034893036,1.18256902694702,2.56933283805847,0.452222436666489,1.16539490222931
1463,0.559838831424713,2.24433541297913,2.25453400611877,1.33069252967834,1.75997853279114,2.55858087539673,1.38281869888306,2.26525950431824,1.75960087776184,0.91776180267334,0.0394296757876873,0.238648042082787,1.80409717559814,1.34643590450287,1.36039865016937,1.51180469989777,1.20841288566589,2.52864742279053,0.434170454740524,1.16571533679962
1465,0.557908356189728,2.19037961959839,2.25007581710815,1.32581377029419,1.74255168437958,2.55199432373047,1.39981949329376,2.26382851600647,1.77862226963043,0.892050385475159,0.0181676428765059,0.235971599817276,1.72158241271973,1.36996853351593,1.3484468460083,1.49837601184845,1.24352252483368,2.49288463592529,0.42580634355545,1.16589367389679
1467,0.518586754798889,2.15205121040344,2.21691703796387,1.30340874195099,1.75322079658508,2.52159261703491,1.40106678009033,2.22559571266174,1.75353074073792,0.899254322052002,-0.00939022470265627,0.248285457491875,1.68919777870178,1.40417754650116,1.36446630954742,1.51606547832489,1.25738513469696,2.43207025527954,0.397567093372345,1.15678369998932
1469,0.483892321586609,2.10424876213074,2.16198325157166,1.25551462173462,1.75470721721649,2.49051094055176,1.39689266681671,2.17847537994385,1.69461989402771,0.872447848320007,-0.0276530627161264,0.25459811091423,1.67165756225586,1.39435875415802,1.37445747852325,1.52813327312469,1.20887303352356,2.36637568473816,0.356366276741028,1.1353075504303
1471,0.441062569618225,2.06125545501709,2.09345865249634,1.22466289997101,1.74328637123108,2.42549586296082,1.37939560413361,2.11617422103882,1.62826454639435,0.855632364749908,-0.00517771625891328,0.242604538798332,1.65742576122284,1.3342992067337,1.34885060787201,1.49224746227264,1.1424503326416,2.31126308441162,0.345307886600494,1.12403428554535
1473,0.396060019731522,2.00920605659485,2.0672402381897,1.20566976070404,1.74369192123413,2.38130927085876,1.30064308643341,2.04796934127808,1.58087909221649,0.865962386131287,0.0223066583275795,0.235922440886497,1.62373757362366,1.26313531398773,1.29075217247009,1.40568709373474,1.11715078353882,2.26077651977539,0.364355832338333,1.10182774066925
1475,0.385205626487732,1.95967495441437,2.10772109031677,1.20023834705353,1.72004127502441,2.39615345001221,1.28382217884064,2.06175851821899,1.56369984149933,0.91376519203186,0.0105596268549562,0.256032794713974,1.55266034603119,1.24388158321381,1.2452130317688,1.37799870967865,1.11288070678711,2.26119017601013,0.361750602722168,1.06573688983917
1477,0.393423825502396,1.95949447154999,2.158851146698,1.18277382850647,1.66712462902069,2.42319464683533,1.31079626083374,2.11430931091309,1.58464455604553,0.956624805927277,-0.0256404541432858,0.307683438062668,1.51314830780029,1.29610204696655,1.23196375370026,1.40066349506378,1.15402686595917,2.29593181610107,0.347861737012863,1.01232969760895
1479,0.414391696453094,1.98217785358429,2.22099733352661,1.18041825294495,1.61394822597504,2.4598388671875,1.33072650432587,2.13355278968811,1.61066591739655,0.985892832279205,-0.0443829298019409,0.362758874893188,1.5159478187561,1.38815772533417,1.27678239345551,1.46476769447327,1.19987535476685,2.3821268081665,0.371058464050293,0.957787275314331
1481,0.421415865421295,2.00828742980957,2.32231903076172,1.2635805606842,1.62380611896515,2.53405380249023,1.32781887054443,2.17469191551208,1.62732207775116,1.00316977500916,-0.0350291207432747,0.387499272823334,1.545241355896,1.49443984031677,1.33420276641846,1.55749940872192,1.22969329357147,2.52824664115906,0.400656491518021,0.954993665218353
1483,0.396945834159851,2.04046988487244,2.40915250778198,1.33990454673767,1.66850793361664,2.64952111244202,1.32197034358978,2.23460245132446,1.66889703273773,1.02446436882019,-0.0320207923650742,0.389160126447678,1.56203818321228,1.58385562896729,1.38275742530823,1.63043367862701,1.27965545654297,2.63533425331116,0.424409717321396,0.966869175434113
1485,0.434218347072601,2.08446764945984,2.47423410415649,1.37231695652008,1.70935845375061,2.8156623840332,1.34448444843292,2.30249094963074,1.70830750465393,1.04118990898132,-0.0564521700143814,0.38515105843544,1.56901049613953,1.66346895694733,1.40976929664612,1.70289158821106,1.32389855384827,2.69973993301392,0.455088794231415,0.987236857414246
1487,0.502887606620789,2.153240442276,2.55488348007202,1.40528392791748,1.75165212154388,3.01395893096924,1.39432847499847,2.40045118331909,1.74841463565826,1.0894615650177,-0.0627660751342773,0.409580767154694,1.55961060523987,1.74504411220551,1.44324505329132,1.76255071163177,1.38804817199707,2.78174901008606,0.462452173233032,1.05411553382874
1489,0.577742755413055,2.25762176513672,2.72347164154053,1.54609751701355,1.88362491130829,3.35970497131348,1.47320437431335,2.56629276275635,1.83059704303741,1.20866024494171,0.0204209368675947,0.450153797864914,1.60125541687012,1.86492097377777,1.57602512836456,1.83932137489319,1.51148843765259,3.02925491333008,0.436597317457199,1.22174763679504
1491,0.633679687976837,2.42162609100342,2.93582630157471,1.72052109241486,2.0695173740387,3.75009155273438,1.55443465709686,2.76718974113464,1.89219760894775,1.37793457508087,0.101895987987518,0.485358953475952,1.71851348876953,2.02882313728333,1.78853750228882,1.96432900428772,1.65712153911591,3.33334445953369,0.424229383468628,1.37014961242676
1493,0.666634261608124,2.60829544067383,3.11122727394104,1.83266627788544,2.19452047348022,3.99929261207581,1.60387361049652,2.87753486633301,1.94875824451447,1.45527017116547,0.151277437806129,0.516085803508759,1.86128604412079,2.19428968429565,1.93406355381012,2.08587789535522,1.76706397533417,3.50612664222717,0.441771060228348,1.41567325592041
1495,0.641955196857452,2.73578476905823,3.29765105247498,1.91778254508972,2.27054882049561,4.1519947052002,1.67127752304077,2.96698713302612,1.97132766246796,1.51296889781952,0.161530509591103,0.570912957191467,2.03187847137451,2.29439210891724,2.02801990509033,2.20750212669373,1.83155691623688,3.63616704940796,0.477009564638138,1.45833885669708
1497,0.662306070327759,2.88425588607788,3.48869395256042,2.02197813987732,2.38049459457397,4.26006174087524,1.79428231716156,3.16291666030884,1.96993482112885,1.63607609272003,0.0986784547567368,0.666578412055969,2.2280285358429,2.36212420463562,2.12642121315002,2.32705783843994,1.90496814250946,3.80830550193787,0.550081491470337,1.57378482818604
1499,0.736954212188721,3.17151427268982,3.70652437210083,2.17839097976685,2.58563995361328,4.35420227050781,1.94475936889648,3.38834881782532,1.99370491504669,1.80605709552765,0.0488392412662506,0.698757171630859,2.41597366333008,2.46542930603027,2.24929976463318,2.45633459091187,2.00978922843933,4.0257134437561,0.638736724853516,1.77562546730042
1501,0.789264500141144,3.48729681968689,3.88020467758179,2.31811094284058,2.78231906890869,4.46352624893188,2.08365273475647,3.56212663650513,2.01428532600403,1.92499136924744,0.00518748490139842,0.681398749351501,2.5315625667572,2.56835460662842,2.34180068969727,2.60003018379211,2.12116646766663,4.21731901168823,0.660449087619781,1.94098651409149
1503,0.777936100959778,3.60126662254333,3.90293526649475,2.39474987983704,2.81823897361755,4.44191980361938,2.13132190704346,3.58707690238953,1.95113217830658,1.87495958805084,-0.0316341258585453,0.621893346309662,2.52262854576111,2.53526401519775,2.3055465221405,2.61808633804321,2.14930820465088,4.25741052627563,0.628450512886047,1.98577046394348
1505,0.775137543678284,3.60669279098511,4.0618143081665,2.43165922164917,2.82624697685242,4.4693865776062,2.18188166618347,3.63490200042725,1.84385907649994,1.72974050045013,-0.0353763103485107,0.574421465396881,2.5146336555481,2.46349692344666,2.23767614364624,2.60465288162231,2.17418146133423,4.25124025344849,0.605166792869568,1.99307441711426
1507,0.873490214347839,3.80231666564941,4.42298126220703,2.57236957550049,2.9714195728302,4.76314687728882,2.37742614746094,3.93015623092651,1.8608649969101,1.80072820186615,-0.022056395187974,0.66868644952774,2.76838207244873,2.48415040969849,2.37741422653198,2.74209547042847,2.29763150215149,4.43001413345337,0.669918894767761,2.07625508308411
1509,0.986891508102417,4.16177892684937,4.78409719467163,2.75096893310547,3.18879318237305,5.19796562194824,2.66758441925049,4.30992221832275,1.96188032627106,2.06048083305359,0.0169367287307978,0.869842886924744,3.19832301139832,2.5812816619873,2.68365263938904,3.01032161712646,2.51973915100098,4.77260208129883,0.773373484611511,2.30421590805054
1511,1.05716741085052,4.49687767028809,5.04080009460449,2.89876818656921,3.38609313964844,5.60938310623169,2.95194315910339,4.67684602737427,2.09447407722473,2.28458523750305,0.0181709378957748,1.00013256072998,3.53169178962708,2.76274466514587,2.9440221786499,3.24051237106323,2.82417511940002,5.15845727920532,0.840957343578339,2.47174286842346
1513,1.06657338142395,4.7314977645874,5.13631391525269,2.92536950111389,3.57066464424133,5.83360767364502,3.09786653518677,4.938551902771,2.19811034202576,2.35503554344177,-0.00604168046265841,1.01469254493713,3.76524925231934,2.92926716804504,3.07008957862854,3.33861923217773,2.96097755432129,5.38361787796021,0.873734176158905,2.50673460960388
1515,1.06749403476715,4.94178342819214,5.1544771194458,2.95931911468506,3.73620057106018,5.98926496505737,3.16415286064148,5.10443115234375,2.29368281364441,2.40610694885254,0.00798529013991356,1.0213121175766,3.98518681526184,2.99049496650696,3.16675305366516,3.39974808692932,3.02953219413757,5.40199661254883,0.914387047290802,2.56296682357788
1517,0.999519944190979,5.04531288146973,5.15691089630127,2.97031736373901,3.80858016014099,6.03750610351563,3.15884280204773,5.13630294799805,2.38098573684692,2.40092825889587,0.0443105287849903,1.03158211708069,4.09136533737183,2.91189312934875,3.27089762687683,3.39384269714355,3.08875846862793,5.30882596969604,0.973742842674255,2.58988857269287
1519,0.897338509559631,5.02083349227905,5.18782091140747,2.9687066078186,3.84477853775024,6.01824760437012,3.14333391189575,4.99227142333984,2.40233063697815,2.34829068183899,0.0532051473855972,0.960955142974854,4.01643466949463,2.72582364082336,3.2395350933075,3.31183075904846,3.15856337547302,5.17555809020996,1.02439570426941,2.56022334098816
1521,0.952737808227539,4.98274993896484,5.32243013381958,3.02357220649719,3.92840719223022,5.99398231506348,3.1553840637207,4.96712970733643,2.44914650917053,2.31658840179443,0.0582918748259544,0.9025639295578,3.86908030509949,2.64150357246399,3.16870069503784,3.37839365005493,3.25814580917358,5.16589117050171,1.0373113155365,2.64532256126404
1523,1.0499324798584,5.0807638168335,5.53668165206909,3.12622404098511,4.07940578460693,6.04946851730347,3.19188976287842,5.11203765869141,2.58033204078674,2.33229875564575,0.0563738197088242,0.899758636951447,3.84312200546265,2.73161315917969,3.19411897659302,3.59143137931824,3.34661984443665,5.32671356201172,1.07825565338135,2.81212282180786
1525,1.10597240924835,5.2746901512146,5.65675687789917,3.21189022064209,4.22561311721802,6.18987607955933,3.28886127471924,5.28982019424438,2.74490022659302,2.41137170791626,0.0589044317603111,0.952630698680878,3.89872169494629,2.9142472743988,3.27942299842834,3.78884935379028,3.45641779899597,5.56357908248901,1.13802790641785,3.04021835327148
1527,1.21050596237183,5.42403268814087,5.72490692138672,3.31731081008911,4.31629037857056,6.33243036270142,3.43989968299866,5.43368291854858,2.83601260185242,2.54272627830505,0.0921119973063469,1.03389286994934,4.04069328308105,3.08389091491699,3.407390832901,3.90295076370239,3.58373141288757,5.79094314575195,1.20448315143585,3.24472665786743
1529,1.28464841842651,5.41475772857666,5.75308322906494,3.36433482170105,4.37017154693604,6.38976621627808,3.4564323425293,5.47877788543701,2.79704070091248,2.5605161190033,0.106345131993294,1.06262350082397,4.10332107543945,3.14388704299927,3.48492002487183,3.9503288269043,3.61813759803772,5.88158941268921,1.23525452613831,3.29736685752869
1531,1.36588549613953,5.38775539398193,5.76671171188354,3.34123587608337,4.3838152885437,6.41772794723511,3.48014354705811,5.56682777404785,2.71634793281555,2.5501823425293,0.100439995527267,1.07909643650055,4.12499475479126,3.12126231193542,3.52414393424988,3.9498348236084,3.61838388442993,5.85829305648804,1.25278842449188,3.25281524658203
1533,1.45182633399963,5.50027656555176,5.81620121002197,3.37924575805664,4.42598247528076,6.4839653968811,3.58517003059387,5.6766300201416,2.64252424240112,2.60229206085205,0.0817822590470314,1.12276601791382,4.24407720565796,3.08124279975891,3.60277771949768,3.94500708580017,3.68767690658569,5.83080911636353,1.24504935741425,3.25189924240112
1535,1.4870353937149,5.56942081451416,5.80678796768188,3.35745525360107,4.43880319595337,6.48183822631836,3.59525322914124,5.64831495285034,2.55152988433838,2.61088728904724,0.0671114400029182,1.13399541378021,4.27956962585449,3.06542015075684,3.63200736045837,3.87199926376343,3.68552041053772,5.7808895111084,1.168044090271,3.24020648002625
1537,1.43886852264404,5.54868316650391,5.78615570068359,3.2624785900116,4.41751909255981,6.40556859970093,3.50991606712341,5.53272914886475,2.46495342254639,2.56834650039673,0.0351520627737045,1.10145652294159,4.1898398399353,3.02320885658264,3.5347273349762,3.75052356719971,3.54481935501099,5.69728517532349,1.06247341632843,3.19844508171082
1539,1.36158347129822,5.46790599822998,5.7677640914917,3.19948887825012,4.4012131690979,6.33682632446289,3.41284584999084,5.45556640625,2.44106316566467,2.48616671562195,-0.00721192499622703,1.0225989818573,4.0669002532959,2.88454079627991,3.38643598556519,3.60951137542725,3.31146264076233,5.55794858932495,1.00908386707306,3.21764206886292
1541,1.32966303825378,5.4249849319458,5.76477432250977,3.19633793830872,4.33265590667725,6.25647830963135,3.35607981681824,5.43421411514282,2.45645904541016,2.42022037506104,-0.083718366920948,0.866651892662048,4.06508350372314,2.74443578720093,3.31588315963745,3.57087373733521,3.16909551620483,5.40049886703491,1.0417058467865,3.21630191802979
1543,1.35549688339233,5.4578332901001,5.6783881187439,3.24019408226013,4.30776786804199,6.16906070709229,3.3639657497406,5.39968538284302,2.49941968917847,2.4014151096344,-0.113480813801289,0.790756702423096,4.21160984039307,2.65546250343323,3.34586143493652,3.63406562805176,3.20359349250793,5.17924356460571,1.11234223842621,3.16234540939331
1545,1.37600719928741,5.45865631103516,5.57870864868164,3.25102758407593,4.2992205619812,6.02904844284058,3.42721343040466,5.37170267105103,2.52689599990845,2.35788464546204,-0.0942923203110695,0.821585118770599,4.36848402023315,2.54362487792969,3.36983299255371,3.64795827865601,3.27806353569031,5.04299163818359,1.18500459194183,3.14933943748474
1547,1.35928273200989,5.34837961196899,5.48436689376831,3.19973206520081,4.22311401367188,5.84551000595093,3.42581057548523,5.27764129638672,2.51684641838074,2.26144051551819,-0.0472806207835674,0.809880673885345,4.45614862442017,2.41735291481018,3.36344647407532,3.57459187507629,3.27684569358826,4.89485883712769,1.20371425151825,3.10676622390747
1549,1.32157468795776,5.23529386520386,5.38488721847534,3.1133234500885,4.09261560440063,5.65681552886963,3.38069367408752,5.12548732757568,2.49086213111877,2.18515515327454,0.00632913503795862,0.762758433818817,4.56777906417847,2.29103016853333,3.31314325332642,3.4494047164917,3.21111726760864,4.76162528991699,1.19384050369263,3.06908464431763
1551,1.27114737033844,5.12338542938232,5.23847198486328,2.9737343788147,3.94942331314087,5.43868017196655,3.28391242027283,4.94838333129883,2.4351658821106,2.10502457618713,0.0237043872475624,0.710247755050659,4.61861515045166,2.17135286331177,3.20854306221008,3.30990433692932,3.08449339866638,4.60205745697021,1.15532314777374,3.00911164283752
1553,1.22750341892242,4.96297883987427,5.02199935913086,2.78725790977478,3.81336092948914,5.15732192993164,3.15200734138489,4.7349648475647,2.37139534950256,1.98394298553467,-0.00780302518978715,0.631410777568817,4.55662965774536,2.04671478271484,3.04900145530701,3.15913653373718,2.93959069252014,4.37060308456421,1.08339083194733,2.89425611495972
1555,1.16179704666138,4.78634643554688,4.77997541427612,2.625807762146,3.68823170661926,4.89320945739746,2.97940325737,4.54078912734985,2.31099271774292,1.81982517242432,-0.0570889972150326,0.493203073740005,4.43028163909912,1.90759992599487,2.84909009933472,2.98902630805969,2.79341292381287,4.10968065261841,0.996626913547516,2.74960160255432
1557,1.08435750007629,4.5220193862915,4.46583557128906,2.43631219863892,3.53021168708801,4.58050584793091,2.77890229225159,4.2933783531189,2.22110891342163,1.69627368450165,-0.112052761018276,0.382702440023422,4.2831449508667,1.7176775932312,2.63065123558044,2.79405903816223,2.61107110977173,3.77576303482056,0.872105360031128,2.51736378669739
1559,1.03007197380066,4.1987771987915,4.16576147079468,2.3144211769104,3.33239102363586,4.30061388015747,2.61348819732666,4.00488424301147,2.13712978363037,1.66709363460541,-0.123811654746532,0.407204866409302,4.19422245025635,1.59769380092621,2.42199182510376,2.63177037239075,2.38982033729553,3.46088290214539,0.799734532833099,2.31569743156433
1561,0.942529380321503,3.97121524810791,4.01315879821777,2.25577473640442,3.13834381103516,4.12757587432861,2.51793193817139,3.839200258255,2.07844066619873,1.62304222583771,-0.0801492184400558,0.452353775501251,4.109938621521,1.53731572628021,2.27050948143005,2.56134700775146,2.22870993614197,3.28747367858887,0.774223327636719,2.20633459091187
1563,0.855298221111298,3.80080151557922,3.90387296676636,2.1994845867157,2.9807391166687,3.96918892860413,2.43828177452087,3.70844507217407,2.03959584236145,1.54077506065369,-0.0319433212280273,0.469037175178528,3.99243807792664,1.49193751811981,2.17525196075439,2.48619246482849,2.14100360870361,3.16282963752747,0.746851563453674,2.11820888519287
1565,0.791851997375488,3.64252018928528,3.81297588348389,2.12931776046753,2.85504364967346,3.80342054367065,2.35642766952515,3.56282639503479,2.00122046470642,1.47305858135223,-0.00782280415296555,0.452459096908569,3.89682412147522,1.4471253156662,2.1080105304718,2.3908383846283,2.08956384658813,3.05681252479553,0.701594352722168,2.02911019325256
1567,0.74835741519928,3.49292922019958,3.68449950218201,2.02936935424805,2.73884391784668,3.62881541252136,2.24956274032593,3.41875648498535,1.97045934200287,1.41958522796631,-0.0159952696412802,0.439937353134155,3.7868959903717,1.38273561000824,2.04151105880737,2.28477168083191,2.02882099151611,2.94115018844604,0.655492961406708,1.91880857944489
1569,0.729235589504242,3.34920740127563,3.54432964324951,1.91299915313721,2.64603090286255,3.458909034729,2.16913080215454,3.2681872844696,1.95257043838501,1.36342656612396,-0.0248187724500895,0.431779593229294,3.63128232955933,1.33765769004822,1.96418035030365,2.19204592704773,1.9587926864624,2.81907916069031,0.628297507762909,1.82163178920746
1571,0.714311420917511,3.23382782936096,3.42859363555908,1.80957961082458,2.56257653236389,3.31947684288025,2.11190891265869,3.14252591133118,1.92594027519226,1.28728270530701,-0.0279832147061825,0.423628658056259,3.48299932479858,1.32068109512329,1.89596307277679,2.12997198104858,1.89556288719177,2.73107552528381,0.610097825527191,1.76476347446442
1573,0.700203835964203,3.12240672111511,3.32802200317383,1.72466838359833,2.45336985588074,3.21892213821411,2.04216575622559,3.03546738624573,1.87383437156677,1.20148587226868,-0.0233953148126602,0.395698755979538,3.32387542724609,1.28345656394958,1.82459354400635,2.09282970428467,1.82741916179657,2.65007901191711,0.582376897335052,1.70861375331879
1575,0.688246011734009,2.97137212753296,3.23607039451599,1.67156732082367,2.33912944793701,3.11745095252991,1.95371127128601,2.92743015289307,1.8388249874115,1.1551855802536,-0.0211390797048807,0.345451444387436,3.12973594665527,1.24238324165344,1.75407719612122,2.04223394393921,1.74906837940216,2.58604693412781,0.562200784683228,1.63127827644348
1577,0.659585893154144,2.85570073127747,3.15944647789001,1.64914071559906,2.29132676124573,3.02859735488892,1.87617659568787,2.85108494758606,1.83896017074585,1.15292942523956,-0.0283515136688948,0.320344597101212,2.97575879096985,1.22521483898163,1.70427083969116,1.97358679771423,1.70126819610596,2.55056095123291,0.565418422222137,1.57470166683197
1579,0.633092284202576,2.77660870552063,3.11842584609985,1.6331684589386,2.26263475418091,2.97182989120483,1.82559442520142,2.78229689598083,1.83566701412201,1.18348395824432,-0.0145605029538274,0.335414350032806,2.86274743080139,1.22896933555603,1.67050850391388,1.92815268039703,1.67520093917847,2.51515793800354,0.56891143321991,1.54623591899872
1581,0.614117741584778,2.70944786071777,3.08665180206299,1.61957025527954,2.2181031703949,2.95065546035767,1.78863406181335,2.70623469352722,1.8325742483139,1.21228098869324,-0.00861955340951681,0.362898021936417,2.77147626876831,1.24224698543549,1.64122223854065,1.89157211780548,1.64903581142426,2.46809959411621,0.571006298065186,1.5179351568222
1583,0.591717004776001,2.66968059539795,3.05718898773193,1.6084281206131,2.17718696594238,2.94233465194702,1.75127291679382,2.64693427085876,1.81465077400208,1.22227692604065,-0.0219182036817074,0.37894794344902,2.67733788490295,1.27766859531403,1.6252418756485,1.85575294494629,1.61708855628967,2.43524050712585,0.588583827018738,1.47942531108856
1585,0.574540495872498,2.64581108093262,3.04469203948975,1.58858752250671,2.15078234672546,2.93332695960999,1.72508597373962,2.61013078689575,1.78513550758362,1.22034525871277,-0.0480134300887585,0.383665502071381,2.57970809936523,1.31333327293396,1.62163841724396,1.8182784318924,1.5905669927597,2.42596960067749,0.591124415397644,1.4526572227478
1587,0.568697035312653,2.62007093429565,3.0467574596405,1.57905030250549,2.12470149993896,2.93221592903137,1.71729683876038,2.57864761352539,1.74476456642151,1.21841132640839,-0.0694554373621941,0.395418673753738,2.49430537223816,1.31312417984009,1.61337494850159,1.79660856723785,1.58382844924927,2.41696214675903,0.584499180316925,1.43865060806274
1589,0.57747083902359,2.60096454620361,3.04180502891541,1.57739186286926,2.09801197052002,2.94689273834229,1.70511496067047,2.55840086936951,1.71617150306702,1.22266185283661,-0.077181801199913,0.417090386152267,2.43386816978455,1.29948377609253,1.59996449947357,1.79886519908905,1.59792053699493,2.41728711128235,0.582492530345917,1.43917107582092
1591,0.603029131889343,2.6041202545166,3.0368435382843,1.58214473724365,2.08666729927063,2.96134686470032,1.69120848178864,2.55054330825806,1.71160387992859,1.21869921684265,-0.0661277174949646,0.444932579994202,2.39686179161072,1.29069948196411,1.58603870868683,1.80330669879913,1.6108341217041,2.42339658737183,0.578340470790863,1.45865213871002
1593,0.619107365608215,2.61254572868347,3.03369116783142,1.58042144775391,2.10018754005432,2.97814512252808,1.69496297836304,2.54128956794739,1.72309422492981,1.21730101108551,-0.0598097927868366,0.472872018814087,2.3763575553894,1.2966582775116,1.5938413143158,1.79914212226868,1.60854470729828,2.43393683433533,0.564270496368408,1.49194025993347
1595,0.610588431358337,2.6228199005127,3.047602891922,1.58479559421539,2.13469696044922,3.00661134719849,1.71186995506287,2.54316210746765,1.73343789577484,1.22574651241302,-0.0573628880083561,0.483640789985657,2.38948249816895,1.3279595375061,1.60994851589203,1.81162583827972,1.61079883575439,2.45816254615784,0.557455599308014,1.52024281024933
1597,0.603662133216858,2.64151310920715,3.06920552253723,1.59983289241791,2.15665745735168,3.05166840553284,1.73457467556,2.57143950462341,1.73301029205322,1.22393536567688,-0.0469757355749607,0.483303904533386,2.42120409011841,1.38136911392212,1.62877452373505,1.83612513542175,1.6111649274826,2.48085856437683,0.556775391101837,1.53188288211823
1599,0.599599599838257,2.69088363647461,3.09516477584839,1.61976003646851,2.1766414642334,3.11249208450317,1.74501001834869,2.61212968826294,1.71558797359467,1.22258901596069,-0.0351252742111683,0.496381014585495,2.46759915351868,1.43257808685303,1.65082907676697,1.86611914634705,1.61656951904297,2.50259065628052,0.545649588108063,1.52878880500793
1601,0.595591127872467,2.76893711090088,3.13880395889282,1.66122686862946,2.20736503601074,3.16829323768616,1.75495576858521,2.64856958389282,1.70525133609772,1.24581789970398,-0.0215052478015423,0.522569179534912,2.52389550209045,1.48359596729279,1.6707603931427,1.90620815753937,1.65250682830811,2.53046941757202,0.517411231994629,1.52298140525818
1603,0.602908074855804,2.85727643966675,3.20479702949524,1.71340227127075,2.24728989601135,3.22580766677856,1.79044115543365,2.68588089942932,1.71756386756897,1.27501964569092,0.0140274977311492,0.55152440071106,2.58629298210144,1.5329395532608,1.68882274627686,1.95656156539917,1.70554161071777,2.57604098320007,0.505336999893188,1.54202878475189
1605,0.628275573253632,2.95414519309998,3.2959418296814,1.78079319000244,2.29604125022888,3.30653810501099,1.86093926429749,2.74054932594299,1.7430431842804,1.31995356082916,0.0490083135664463,0.584305703639984,2.671799659729,1.5837961435318,1.71017336845398,2.0125629901886,1.7642308473587,2.6448986530304,0.533644437789917,1.57568073272705
1607,0.655873954296112,3.09674501419067,3.4248480796814,1.85944306850433,2.37341403961182,3.41962695121765,1.93293821811676,2.82241320610046,1.76170480251312,1.39700436592102,0.0604237094521523,0.626202166080475,2.81251549720764,1.64349353313446,1.76107978820801,2.10025548934937,1.83590459823608,2.73928475379944,0.589103579521179,1.62888526916504
1609,0.663965284824371,3.26955723762512,3.57000422477722,1.94984364509583,2.47924423217773,3.57217288017273,1.99542570114136,2.9320957660675,1.77270936965942,1.48972809314728,0.0439450517296791,0.679189503192902,2.99849915504456,1.7031078338623,1.84286153316498,2.21719241142273,1.92944467067719,2.8492374420166,0.637955248355865,1.70759427547455
1611,0.671216487884521,3.44412088394165,3.70609784126282,2.04611539840698,2.58316206932068,3.72398734092712,2.06390905380249,3.03510332107544,1.78550720214844,1.57394778728485,0.0231856741011143,0.733957588672638,3.19901204109192,1.77012515068054,1.92876613140106,2.33631801605225,2.0285177230835,2.94378972053528,0.675206542015076,1.78897368907928
1613,0.654601991176605,3.58862614631653,3.81423187255859,2.11337494850159,2.65689611434937,3.8443431854248,2.13190412521362,3.13288450241089,1.79271745681763,1.62742435932159,0.023456122726202,0.764164090156555,3.37814474105835,1.82238924503326,2.00407123565674,2.43000292778015,2.09592151641846,3.01061320304871,0.715241730213165,1.85531854629517
1615,0.65298980474472,3.805748462677,4.02074241638184,2.2096586227417,2.78645730018616,4.06849575042725,2.26556038856506,3.31177186965942,1.82484459877014,1.70989954471588,0.00967515539377928,0.805130481719971,3.69145202636719,1.90340983867645,2.13594675064087,2.58151602745056,2.21688437461853,3.15565896034241,0.775681912899017,1.99612152576447
1617,0.698354601860046,4.10413694381714,4.30346345901489,2.37391829490662,2.97178268432617,4.39632844924927,2.44569778442383,3.55961084365845,1.88682162761688,1.84351778030396,-0.0168205332010984,0.874823212623596,4.10400629043579,2.0353410243988,2.31449818611145,2.77394580841064,2.39711952209473,3.36870288848877,0.829778790473938,2.17385315895081
1619,0.764196753501892,4.39312696456909,4.53589344024658,2.53571534156799,3.15324187278748,4.70309925079346,2.61214280128479,3.79310059547424,1.93001389503479,1.96420478820801,-0.0353545732796192,0.93332314491272,4.45206308364868,2.14985966682434,2.46958947181702,2.95554494857788,2.56405115127563,3.55900645256042,0.871763527393341,2.3292510509491
1621,0.870848953723907,4.73448467254639,4.81057691574097,2.72630429267883,3.39648294448853,5.04058456420898,2.7966480255127,4.0664529800415,1.98054921627045,2.11501574516296,-0.042103935033083,0.990981638431549,4.80138778686523,2.25568151473999,2.64169907569885,3.18330407142639,2.77393054962158,3.76980590820313,0.93550843000412,2.51775097846985
1623,0.984836578369141,5.12601470947266,5.14513540267944,2.95894193649292,3.71176862716675,5.45691394805908,3.01330232620239,4.35430240631104,2.06432771682739,2.31500267982483,-0.0342120975255966,1.07389032840729,5.17288255691528,2.37361359596252,2.84237122535706,3.43674659729004,3.01697731018066,4.02962684631348,1.0348516702652,2.73176264762878
1625,1.09761238098145,5.5386700630188,5.51001167297363,3.19729709625244,4.062087059021,5.92251777648926,3.22616648674011,4.66055154800415,2.17049026489258,2.52851033210754,-0.0216372366994619,1.17236828804016,5.50848293304443,2.53861236572266,3.04541182518005,3.69167375564575,3.26442623138428,4.33072900772095,1.13047790527344,2.95574307441711
1627,1.22372019290924,5.98070526123047,5.92610311508179,3.44546246528625,4.44059228897095,6.42810106277466,3.46295666694641,5.02751445770264,2.29883766174316,2.74003076553345,-0.0116011966019869,1.29983854293823,5.75829172134399,2.75061559677124,3.2579402923584,3.9692211151123,3.53134965896606,4.69074010848999,1.21069574356079,3.19489693641663
1629,1.33589696884155,6.38926219940186,6.33943557739258,3.69659042358398,4.78761959075928,6.90187835693359,3.71089673042297,5.38516998291016,2.43376660346985,2.92446374893188,-0.00394438067451119,1.43385052680969,5.94958782196045,2.96281337738037,3.45842814445496,4.24065065383911,3.79265093803406,5.05636739730835,1.28607821464539,3.44401621818542
1631,1.4045318365097,6.68772840499878,6.64577722549438,3.88298988342285,5.03584623336792,7.24952840805054,3.89727115631104,5.66803884506226,2.52442812919617,3.06116938591003,0.00353695591911674,1.52777123451233,6.11227464675903,3.10933470726013,3.61990237236023,4.44719076156616,3.97329068183899,5.32091665267944,1.35384225845337,3.64158868789673
1633,1.47077488899231,7.01465463638306,6.95484113693237,4.08419799804688,5.29291772842407,7.59150266647339,4.08469152450562,5.96546411514282,2.60941386222839,3.22369718551636,-0.00483915256336331,1.61812841892242,6.28102445602417,3.21949052810669,3.78802466392517,4.65073013305664,4.15444326400757,5.57534265518188,1.41490840911865,3.83198881149292
1635,1.57368731498718,7.51862859725952,7.40478897094727,4.38425016403198,5.68399047851563,8.09212207794189,4.36962461471558,6.37704181671143,2.73547077178955,3.45294308662415,-0.00781551375985146,1.7753427028656,6.47160959243774,3.41906785964966,4.03203964233398,4.94913148880005,4.46096134185791,5.94744253158569,1.482705950737,4.13763809204102
1637,1.68631255626678,8.0106897354126,7.90005111694336,4.68766021728516,6.10890102386475,8.65782833099365,4.6975417137146,6.78838777542114,2.875572681427,3.66580700874329,0.0080853309482336,1.95004212856293,6.62455892562866,3.69189453125,4.29054307937622,5.25576591491699,4.82067918777466,6.32944059371948,1.56316220760345,4.47051572799683
1639,1.78008341789246,8.37789249420166,8.30688190460205,4.91856956481934,6.45916652679443,9.12413501739502,4.95600700378418,7.13278675079346,2.99088621139526,3.82927346229553,0.023522112518549,2.11116743087769,6.75325393676758,3.93373346328735,4.5015664100647,5.50411987304688,5.14765310287476,6.64236497879028,1.66143536567688,4.72529697418213
1641,1.85145473480225,8.63715267181396,8.60378837585449,5.08168411254883,6.71717023849487,9.46519756317139,5.14481925964355,7.40148544311523,3.06633329391479,3.95178079605103,0.0166902430355549,2.22948312759399,6.87891960144043,4.11388969421387,4.65143585205078,5.6924204826355,5.39059591293335,6.86779832839966,1.7313688993454,4.88591623306274
1643,1.91258561611176,8.84035396575928,8.81922817230225,5.20504522323608,6.91228771209717,9.69915008544922,5.27824974060059,7.608726978302,3.10498905181885,4.02908325195313,0.00339530734345317,2.2966639995575,6.98503255844116,4.24660873413086,4.75146245956421,5.81988525390625,5.55005741119385,7.04158592224121,1.75347685813904,5.00278568267822
1645,1.99203443527222,9.07435894012451,9.04281902313232,5.37349510192871,7.14833402633667,9.98647117614746,5.44849157333374,7.84444999694824,3.16337203979492,4.1043701171875,-0.0145408669486642,2.38465142250061,7.13619613647461,4.44319486618042,4.87328147888184,5.95800352096558,5.73503828048706,7.28319358825684,1.78557133674622,5.16348600387573
1647,2.08031797409058,9.31996250152588,9.29803085327148,5.56386518478394,7.42575597763062,10.3354539871216,5.65508413314819,8.10684108734131,3.23835182189941,4.18550872802734,-0.0174770411103964,2.51237177848816,7.34049844741821,4.71365308761597,5.01637125015259,6.11532831192017,5.96486806869507,7.57065391540527,1.83947432041168,5.35017156600952
1649,2.13379240036011,9.45360279083252,9.43964004516602,5.64771890640259,7.59845590591431,10.5369300842285,5.76792621612549,8.26646041870117,3.23944544792175,4.21462869644165,-0.0172107499092817,2.6044225692749,7.48566436767578,4.85870981216431,5.06942129135132,6.19937658309937,6.10195255279541,7.72371339797974,1.85965919494629,5.4633994102478
1651,2.19780468940735,9.6108980178833,9.60298347473145,5.70294904708862,7.75277948379517,10.7337656021118,5.86152744293213,8.43205738067627,3.23113226890564,4.28377914428711,-0.018787432461977,2.70717096328735,7.61084890365601,4.99086427688599,5.11574840545654,6.27213716506958,6.26575994491577,7.83754301071167,1.86715149879456,5.61600255966187
1653,2.32105779647827,9.8363151550293,9.88853359222412,5.86620378494263,7.97090339660645,11.0472440719604,6.01845836639404,8.66256237030029,3.30093574523926,4.4304370880127,-0.0189158525317907,2.85110139846802,7.71481323242188,5.2431263923645,5.28763771057129,6.4203519821167,6.51614904403687,8.0791015625,1.91304159164429,5.84489583969116
1655,2.39332127571106,9.95417594909668,10.0848255157471,6.02585601806641,8.12247085571289,11.3002824783325,6.13606309890747,8.79250526428223,3.38048720359802,4.51546716690063,-0.0157226026058197,2.96490240097046,7.78074550628662,5.46321249008179,5.42193174362183,6.54146289825439,6.6914758682251,8.30972862243652,1.96868026256561,5.96470832824707
1657,2.40516090393066,9.97930431365967,10.1669807434082,6.10203742980957,8.17497253417969,11.4539804458618,6.18887996673584,8.82830905914307,3.42781639099121,4.57135248184204,-0.0200755186378956,3.01902747154236,7.81805992126465,5.56527805328369,5.4700665473938,6.58153867721558,6.76926565170288,8.42367935180664,2.01865100860596,5.97667694091797
1659,2.38866233825684,9.9570369720459,10.1651973724365,6.12611532211304,8.16134262084961,11.4691476821899,6.182448387146,8.81049919128418,3.43361067771912,4.60698795318604,-0.0266973953694105,3.02602171897888,7.78872966766357,5.60379028320313,5.45342540740967,6.56910467147827,6.77632236480713,8.43413925170898,2.02376651763916,5.94888734817505
1661,2.35969996452332,9.89443111419678,10.121545791626,6.12001085281372,8.09578895568848,11.3928346633911,6.14455699920654,8.73744583129883,3.41473174095154,4.60622262954712,-0.0207919180393219,3.02278733253479,7.68941402435303,5.61618661880493,5.4035062789917,6.52412366867065,6.73056983947754,8.36539077758789,1.98543012142181,5.90813779830933
1663,2.32798480987549,9.7993688583374,10.0491733551025,6.07945013046265,8.01048469543457,11.2867860794067,6.09939813613892,8.63004493713379,3.39447951316833,4.56553602218628,-0.00612720428034663,3.01585078239441,7.57935333251953,5.6044659614563,5.3390998840332,6.44957637786865,6.63234329223633,8.24873828887939,1.94530189037323,5.87052202224731
1665,2.27928185462952,9.68123149871826,9.94704914093018,6.01400232315063,7.91810274124146,11.1360740661621,6.03835535049438,8.51438045501709,3.36825752258301,4.50817489624023,0.00973016861826181,2.98771333694458,7.47271776199341,5.54751110076904,5.26877737045288,6.35749769210815,6.51871633529663,8.11773204803467,1.91046535968781,5.80226755142212
1667,2.21090722084045,9.51414680480957,9.79732227325439,5.92961549758911,7.79364204406738,10.9186687469482,5.93629550933838,8.38155174255371,3.31131267547607,4.43514156341553,0.016611211001873,2.92985892295837,7.31835412979126,5.44054889678955,5.17000913619995,6.23203706741333,6.38396596908569,7.97297668457031,1.85236871242523,5.67908143997192
1669,2.14426827430725,9.29630756378174,9.60124969482422,5.83792400360107,7.61095571517944,10.6428594589233,5.80393028259277,8.20877933502197,3.23724317550659,4.34303426742554,-0.000163611213793047,2.86131548881531,7.06475782394409,5.32433843612671,5.03801298141479,6.08544492721558,6.21638774871826,7.80108642578125,1.74315893650055,5.51108598709106
1671,2.08487462997437,9.08954524993896,9.39831924438477,5.74358701705933,7.42468547821045,10.3787679672241,5.66594934463501,8.03726863861084,3.16593384742737,4.24575710296631,-0.0131366513669491,2.80375385284424,6.82034492492676,5.22427368164063,4.91466188430786,5.94762516021729,6.04353952407837,7.60709285736084,1.6526917219162,5.35189962387085
1673,2.01696300506592,8.81866455078125,9.16826343536377,5.61311960220337,7.22278308868408,10.0931568145752,5.49454498291016,7.82934522628784,3.06823444366455,4.12045621871948,-0.0205130986869335,2.7312958240509,6.53659009933472,5.09842824935913,4.77339744567871,5.7817907333374,5.84063577651978,7.36144018173218,1.60616850852966,5.17320775985718
1675,1.93652963638306,8.50972843170166,8.92610931396484,5.4717903137207,7.00550365447998,9.79789066314697,5.31577491760254,7.59759044647217,2.96563172340393,4.00464487075806,-0.0240431316196918,2.65287804603577,6.21686363220215,4.95485973358154,4.62282514572144,5.59081649780273,5.63965511322021,7.09873294830322,1.57462620735168,4.98339462280273
1677,1.87851202487946,8.2174825668335,8.670090675354,5.33704853057861,6.77874088287354,9.50451755523682,5.16492557525635,7.36543035507202,2.87775278091431,3.90101170539856,-0.0230674315243959,2.58273673057556,5.90041589736938,4.80139303207397,4.4837121963501,5.39469623565674,5.46896314620972,6.84722280502319,1.50376772880554,4.78717994689941
1679,1.82940304279327,7.96030807495117,8.44571781158447,5.2134804725647,6.5562891960144,9.23333358764648,5.03708934783936,7.14774227142334,2.8058340549469,3.80430912971497,-0.0235932730138302,2.50061106681824,5.61237812042236,4.66476011276245,4.35407972335815,5.22935438156128,5.31089973449707,6.6248927116394,1.41914415359497,4.60675048828125
1681,1.7591028213501,7.71097326278687,8.23389911651611,5.07520723342896,6.34560298919678,8.99040699005127,4.88961791992188,6.93804216384888,2.72000193595886,3.69920301437378,-0.0107619846239686,2.39380621910095,5.35346364974976,4.52405214309692,4.21541118621826,5.07008171081543,5.14109468460083,6.40844392776489,1.33986937999725,4.44029903411865
1683,1.6372058391571,7.35056400299072,7.92009019851685,4.90273857116699,6.0663628578186,8.63280963897705,4.68484401702881,6.64129400253296,2.62275695800781,3.56307005882263,0.0193464867770672,2.26562547683716,5.04599523544312,4.33680105209351,4.03602743148804,4.84675693511963,4.90594577789307,6.102463722229,1.25574100017548,4.23245334625244
1685,1.52956247329712,6.97703552246094,7.56755018234253,4.74060201644897,5.7672233581543,8.23251152038574,4.49093294143677,6.33145427703857,2.53421115875244,3.42128324508667,0.0328110903501511,2.14917969703674,4.76979637145996,4.13603639602661,3.86383056640625,4.6206579208374,4.67078733444214,5.7908878326416,1.17693948745728,4.01622724533081
1687,1.46594047546387,6.61495542526245,7.21241903305054,4.55881452560425,5.46780967712402,7.84070253372192,4.30982398986816,6.0370922088623,2.44413161277771,3.27742075920105,0.026740301400423,2.04541516304016,4.50096797943115,3.94627809524536,3.70949053764343,4.42211055755615,4.46459341049194,5.48582077026367,1.12385332584381,3.817054271698
1689,1.40857839584351,6.27410078048706,6.88069248199463,4.36681604385376,5.18156671524048,7.45215272903442,4.14475631713867,5.75354242324829,2.34865808486938,3.13147783279419,0.0203100852668285,1.9535938501358,4.24978971481323,3.74201512336731,3.56809091567993,4.23569869995117,4.27085161209106,5.17142248153687,1.08361601829529,3.63368606567383
1691,1.33365833759308,6.01199674606323,6.62391662597656,4.20350122451782,4.95719909667969,7.14783477783203,4.00058841705322,5.52460145950317,2.26674580574036,3.0003662109375,0.0222516413778067,1.86782121658325,4.06755495071411,3.55333566665649,3.44299650192261,4.05978870391846,4.09776830673218,4.90499591827393,1.04703783988953,3.47024750709534
1693,1.24964725971222,5.7297511100769,6.3526496887207,4.02208995819092,4.73067998886108,6.84427261352539,3.82647442817688,5.30125141143799,2.18018364906311,2.83638000488281,0.0269560758024454,1.76103389263153,3.86727571487427,3.36045145988464,3.28536081314087,3.87550711631775,3.90539741516113,4.6467080116272,0.990632832050323,3.28648591041565
1695,1.16592597961426,5.37473440170288,5.99691438674927,3.78458476066589,4.46931505203247,6.44596767425537,3.59110331535339,5.02628612518311,2.07549428939819,2.62480020523071,0.0249504186213017,1.62446737289429,3.61140465736389,3.14038944244385,3.07128739356995,3.63722372055054,3.65988659858704,4.34906339645386,0.906618237495422,3.05408406257629
1697,1.08831143379211,5.00751256942749,5.61319589614868,3.50784373283386,4.17903232574463,6.0303807258606,3.34215950965881,4.71745538711548,1.97928988933563,2.41262578964233,0.0337809436023235,1.46126532554626,3.35447645187378,2.92800283432007,2.84229755401611,3.35305619239807,3.38708758354187,4.03515148162842,0.807352244853973,2.79991555213928
1699,0.979387044906616,4.46979475021362,5.02017068862915,3.17023825645447,3.76557683944702,5.42388010025024,2.98285913467407,4.24627161026001,1.83397400379181,2.17141151428223,0.0380993634462357,1.27626371383667,2.96547698974609,2.64542984962463,2.51684308052063,2.97583365440369,3.00077080726624,3.579017162323,0.687460720539093,2.47010612487793
1701,0.86677873134613,3.96821570396423,4.45961141586304,2.87880635261536,3.41090083122253,4.85022878646851,2.6533670425415,3.80040979385376,1.67377316951752,1.95783352851868,0.0249902084469795,1.12286806106567,2.5730242729187,2.35658836364746,2.24149060249329,2.65734434127808,2.66364026069641,3.1467719078064,0.563606262207031,2.17605066299438
1703,0.773472547531128,3.53789448738098,3.98071193695068,2.60522866249084,3.10566401481628,4.36231708526611,2.36997294425964,3.41019177436829,1.51936316490173,1.76134610176086,0.006967734079808,0.999981999397278,2.22506833076477,2.09817576408386,2.0298376083374,2.40095448493958,2.40627932548523,2.78384184837341,0.477086573839188,1.92949104309082
1705,0.693054795265198,3.13976335525513,3.53938126564026,2.34547543525696,2.81854128837585,3.92112851142883,2.12665939331055,3.04085183143616,1.38811647891998,1.59336888790131,-0.00473888963460922,0.900318086147308,1.93721663951874,1.87786674499512,1.84429049491882,2.18740081787109,2.18424320220947,2.46682286262512,0.452398329973221,1.72279787063599
1707,0.614782094955444,2.82207036018372,3.17834210395813,2.14629006385803,2.56360912322998,3.55620384216309,1.92044126987457,2.75407719612122,1.29584717750549,1.4701601266861,-0.0040271645411849,0.821276247501373,1.72802734375,1.7077544927597,1.67348718643188,2.0090057849884,1.99986529350281,2.21915864944458,0.4537273645401,1.55504059791565
1709,0.548997461795807,2.56619596481323,2.88769006729126,1.98799026012421,2.34085321426392,3.26235699653625,1.7366236448288,2.53681874275208,1.2176479101181,1.37100040912628,0.0034519131295383,0.749827206134796,1.55820119380951,1.57342350482941,1.51134264469147,1.84401249885559,1.84545230865479,2.01874208450317,0.435533702373505,1.42103958129883
1711,0.506929755210876,2.35594344139099,2.64769268035889,1.84184753894806,2.16646790504456,3.02947044372559,1.58673024177551,2.35314345359802,1.14002740383148,1.27086329460144,0.0130600742995739,0.699011385440826,1.42512595653534,1.46227693557739,1.38396692276001,1.69793558120728,1.71660959720612,1.84400415420532,0.396659791469574,1.3083291053772
1713,0.471418976783752,2.1698625087738,2.4426326751709,1.69187891483307,2.01962924003601,2.82985472679138,1.4785418510437,2.18283367156982,1.05540931224823,1.15606033802032,0.0223744548857212,0.65402364730835,1.31350255012512,1.35528707504272,1.27391397953033,1.55385851860046,1.59641206264496,1.69415998458862,0.338185906410217,1.21004712581635
1715,0.4118772149086,1.9600864648819,2.25614476203918,1.52323663234711,1.85552656650543,2.60688495635986,1.37665915489197,2.00857210159302,0.981169283390045,1.04626369476318,0.0369943827390671,0.589708685874939,1.19707763195038,1.22565627098083,1.17011773586273,1.39952218532562,1.46123087406158,1.54854726791382,0.288149803876877,1.10951912403107
1717,0.362880229949951,1.73640501499176,2.0439772605896,1.37799966335297,1.69107067584991,2.37153720855713,1.25725591182709,1.83088088035583,0.914577782154083,0.978006720542908,0.040041945874691,0.540542900562286,1.108922123909,1.1159428358078,1.06830048561096,1.25243532657623,1.33222699165344,1.4264829158783,0.263349056243896,1.03154814243317
1719,0.337265998125076,1.57748317718506,1.85877156257629,1.28251254558563,1.57117462158203,2.18641376495361,1.14951038360596,1.70141804218292,0.859562575817108,0.936306178569794,0.0260841026902199,0.527186155319214,1.0471431016922,1.06191563606262,0.991558313369751,1.16864418983459,1.25494933128357,1.3499071598053,0.245011806488037,0.987855494022369
1721,0.332666605710983,1.48788046836853,1.73535394668579,1.22138297557831,1.48125553131104,2.05816650390625,1.08909511566162,1.60549283027649,0.817234992980957,0.896291613578796,0.0243481025099754,0.519990086555481,1.00492453575134,1.03263986110687,0.93514496088028,1.11508941650391,1.20098567008972,1.30131781101227,0.22688490152359,0.955478608608246
1723,0.335628032684326,1.42019879817963,1.63677990436554,1.18117427825928,1.40808880329132,1.96638453006744,1.05159640312195,1.52348673343658,0.790410697460175,0.870302021503448,0.0220799017697573,0.48724490404129,0.967414140701294,0.978563904762268,0.881313920021057,1.0659511089325,1.14727544784546,1.25876128673553,0.217124924063683,0.915844738483429
1725,0.337031841278076,1.36043107509613,1.54290366172791,1.13345968723297,1.35017156600952,1.8954564332962,1.00850224494934,1.45400071144104,0.76818186044693,0.852513551712036,0.0221077781170607,0.44731205701828,0.918364107608795,0.916714549064636,0.836682677268982,1.02507817745209,1.08231770992279,1.20402848720551,0.21059849858284,0.884186089038849
1727,0.343434125185013,1.3076080083847,1.45836079120636,1.06267488002777,1.29276394844055,1.81670188903809,0.937300980091095,1.40312922000885,0.735027432441711,0.817816138267517,0.0278509985655546,0.420868843793869,0.855458796024323,0.860169291496277,0.805669724941254,0.98481148481369,1.02300357818604,1.14772307872772,0.202811703085899,0.843271493911743
1729,0.343439877033234,1.24828541278839,1.38117468357086,0.98097288608551,1.21987414360046,1.73932003974915,0.854389905929565,1.36035799980164,0.692915320396423,0.767819881439209,0.020279785618186,0.390857875347137,0.778277516365051,0.802369236946106,0.773449778556824,0.92784321308136,0.960921287536621,1.07892751693726,0.179040789604187,0.775889098644257
1731,0.32788223028183,1.16197800636292,1.30080163478851,0.88678115606308,1.12598562240601,1.66002607345581,0.783381700515747,1.3018091917038,0.642358899116516,0.700272083282471,0.0290012136101723,0.345458447933197,0.675172567367554,0.731801331043243,0.725671827793121,0.853058516979218,0.902258634567261,1.00204420089722,0.140509679913521,0.687070548534393
1733,0.29370903968811,1.07822132110596,1.2321652173996,0.831440567970276,1.0690553188324,1.58727097511292,0.754352450370789,1.21440494060516,0.60969090461731,0.641895473003387,0.0381313562393188,0.310300290584564,0.593080222606659,0.689462244510651,0.673229873180389,0.795041978359222,0.8675337433815,0.954837799072266,0.119888320565224,0.615840971469879
1735,0.257140249013901,1.0165468454361,1.1576064825058,0.795475900173187,1.04400742053986,1.50720405578613,0.748836576938629,1.14124870300293,0.58519834280014,0.594212889671326,0.0158453080803156,0.280519396066666,0.550894618034363,0.677672624588013,0.627051949501038,0.762805819511414,0.829003095626831,0.943948864936829,0.131213083863258,0.596964657306671
1737,0.2338947057724,0.963230192661285,1.11193716526031,0.751587510108948,1.00109684467316,1.43658852577209,0.722125709056854,1.0778865814209,0.556540012359619,0.53856086730957,-0.00176801416091621,0.258053302764893,0.521059155464172,0.664868891239166,0.580422520637512,0.714381098747253,0.775133550167084,0.921737313270569,0.139427244663239,0.6003777384758
1739,0.217792004346848,0.938906192779541,1.08299779891968,0.692650318145752,0.944992423057556,1.35614907741547,0.654004275798798,1.0238710641861,0.530911505222321,0.469221621751785,-0.0150512866675854,0.244210511445999,0.507394909858704,0.617081046104431,0.551280558109283,0.676541268825531,0.727775633335114,0.881348490715027,0.125383377075195,0.573307871818542
1741,0.207270994782448,0.905339896678925,1.02624452114105,0.625836849212646,0.877390623092651,1.24267983436584,0.560893297195435,0.975816309452057,0.513554990291595,0.421271324157715,-0.00802154093980789,0.224372580647469,0.502623498439789,0.567707896232605,0.523594737052917,0.62717878818512,0.685055136680603,0.809498727321625,0.109062522649765,0.528649687767029
1743,0.17679525911808,0.841394305229187,0.93280166387558,0.566264629364014,0.79750519990921,1.12782490253448,0.493537664413452,0.913425743579865,0.485349714756012,0.380761027336121,0.00916711427271366,0.212460249662399,0.488444149494171,0.518265664577484,0.467507123947144,0.578902065753937,0.632907569408417,0.727108418941498,0.0905336290597916,0.486951440572739
1745,0.154354646801949,0.74691778421402,0.85536390542984,0.49421688914299,0.71214884519577,1.02289795875549,0.457251191139221,0.839728355407715,0.451322346925735,0.345950126647949,0.024981364607811,0.197245419025421,0.433926284313202,0.49216216802597,0.402340114116669,0.536639451980591,0.556536138057709,0.66495668888092,0.0730817466974258,0.434347212314606
1747,0.14572386443615,0.66349595785141,0.768277287483215,0.426081389188766,0.621678173542023,0.934992909431458,0.407027572393417,0.765826344490051,0.401026695966721,0.314728945493698,0.0271087996661663,0.157627895474434,0.340853571891785,0.441641092300415,0.35564398765564,0.486364722251892,0.469830006361008,0.616246521472931,0.0682346224784851,0.371783763170242
1749,0.13497468829155,0.618036031723022,0.676162421703339,0.365874707698822,0.56410801410675,0.860799252986908,0.35320845246315,0.682503521442413,0.354680091142654,0.293839931488037,0.0113668423146009,0.113964095711708,0.294991463422775,0.380432397127151,0.329299092292786,0.422682613134384,0.404546648263931,0.551852881908417,0.0635396540164948,0.289777457714081
1751,0.12917460501194,0.584348797798157,0.606838583946228,0.327272474765778,0.555089950561523,0.805489182472229,0.309902131557465,0.60677444934845,0.334550976753235,0.285688042640686,-0.00855543091893196,0.106530964374542,0.258455455303192,0.337456345558167,0.30638387799263,0.354239016771317,0.371241271495819,0.464630931615829,0.0505303032696247,0.223521426320076
1753,0.13557405769825,0.532029628753662,0.556061208248138,0.29704487323761,0.553012132644653,0.736240386962891,0.274734735488892,0.551697194576263,0.320000648498535,0.276072412729263,-0.00517637049779296,0.106879703700542,0.212309464812279,0.305426061153412,0.278192400932312,0.294877856969833,0.359255224466324,0.414800077676773,0.0434289239346981,0.205699786543846
1755,0.13066765666008,0.463990956544876,0.558610677719116,0.269612312316895,0.549179911613464,0.664237201213837,0.26067852973938,0.5043084025383,0.303910225629807,0.247588410973549,-0.012962176464498,0.104486785829067,0.191454023122787,0.27852064371109,0.250940412282944,0.263099372386932,0.325922578573227,0.401379287242889,0.043899517506361,0.239183589816093
1757,0.0962978303432465,0.407180845737457,0.551968812942505,0.247165933251381,0.522272229194641,0.584055721759796,0.233684718608856,0.468520671129227,0.283087611198425,0.208007946610451,-0.040986429899931,0.0964359268546104,0.178813636302948,0.256139576435089,0.232120111584663,0.245459690690041,0.278625935316086,0.368303298950195,0.0495494566857815,0.265531241893768
1759,0.0543626397848129,0.383395671844482,0.526143133640289,0.23478190600872,0.48066520690918,0.499537616968155,0.197205036878586,0.42437356710434,0.242633745074272,0.167408287525177,-0.0451553165912628,0.0848417282104492,0.169189646840096,0.232509389519691,0.210426062345505,0.222022950649261,0.233075171709061,0.327074497938156,0.0559415817260742,0.241594210267067
1761,0.0318413898348808,0.351872026920319,0.507673144340515,0.207400694489479,0.434446603059769,0.455794036388397,0.159396514296532,0.390681117773056,0.18968166410923,0.151282951235771,-0.0222490504384041,0.078648678958416,0.160786464810371,0.21905080974102,0.1830173432827,0.182009816169739,0.186510071158409,0.303838789463043,0.0475514121353626,0.199137538671494
1763,0.015276238322258,0.33146920800209,0.498895049095154,0.164958849549294,0.377961784601212,0.415780961513519,0.153759956359863,0.365234464406967,0.155792474746704,0.152349442243576,0.00999051798135042,0.0872582644224167,0.156651020050049,0.22277344763279,0.156609237194061,0.135259062051773,0.13350023329258,0.271052151918411,0.0343050211668015,0.181859880685806
1765,-0.00357807520776987,0.308692365884781,0.474557727575302,0.134284988045692,0.315747618675232,0.366846531629562,0.171970218420029,0.325914114713669,0.150520399212837,0.147698551416397,0.047367550432682,0.110255561769009,0.138489857316017,0.212380439043045,0.129759415984154,0.120874561369419,0.113193742930889,0.221567437052727,0.0235694162547588,0.173824861645699
1767,-0.0234013497829437,0.261231392621994,0.468387752771378,0.120276413857937,0.263753294944763,0.330658823251724,0.148429244756699,0.312120229005814,0.171398997306824,0.0992010459303856,0.0736996084451675,0.13140070438385,0.107601843774319,0.175264120101929,0.100555904209614,0.128476679325104,0.130677983164787,0.156121730804443,0.00984762795269489,0.14788706600666
1769,-0.03164117410779,0.252239584922791,0.45952370762825,0.0997080504894257,0.210273578763008,0.322086960077286,0.0935650691390038,0.323987990617752,0.200834944844246,0.0427370592951775,0.0777263566851616,0.161361843347549,0.0704895332455635,0.110863298177719,0.06624436378479,0.12141103297472,0.122648879885674,0.0712481662631035,-0.00575581658631563,0.122090600430965
1771,-0.0198849625885487,0.260737389326096,0.388327538967133,0.066341370344162,0.188826590776443,0.319410055875778,0.0597122646868229,0.354021370410919,0.212770983576775,0.0478520020842552,0.0488275624811649,0.160069435834885,0.0260893870145082,0.0756403207778931,0.0720388442277908,0.0949980020523071,0.0947628915309906,0.0259144585579634,-0.00249327113851905,0.134666085243225
1773,0.0264141969382763,0.264139384031296,0.287308156490326,0.0338825881481171,0.199117287993431,0.308235615491867,0.0451904647052288,0.348989754915237,0.212084770202637,0.0530366897583008,0.0270178690552711,0.129493609070778,0.0333805605769157,0.0986711904406548,0.110070817172527,0.0844418331980705,0.0683101639151573,0.0152684571221471,0.0107026658952236,0.11136632412672
1775,0.0705699995160103,0.241291701793671,0.210143521428108,0.0115020293742418,0.185754388570786,0.264988660812378,0.0337045527994633,0.313047140836716,0.19752636551857,0.0265198722481728,0.052389208227396,0.108629517257214,0.0429485477507114,0.110922768712044,0.122965924441814,0.0968248546123505,0.0443497523665428,0.000311563169816509,-0.000135609225253575,0.0789938792586327
1777,0.0753799229860306,0.197910234332085,0.183407709002495,-0.00400524446740746,0.146770760416985,0.199727773666382,0.0330475158989429,0.253786534070969,0.178607374429703,0.0249740853905678,0.0900190472602844,0.0873065441846848,0.0108644440770149,0.101265326142311,0.0677838176488876,0.0815813317894936,0.0436340793967247,0.00326071074232459,-0.00817365664988756,0.0415117293596268
1779,0.0445500165224075,0.152183249592781,0.172766625881195,0.00666050706058741,0.102306976914406,0.163691878318787,0.0119689330458641,0.179153129458427,0.163846120238304,0.0294452216476202,0.0871520489454269,0.0730125233530998,0.017007440328598,0.101032078266144,0.0108465394005179,0.0563843958079815,0.0687931030988693,-0.00739919673651457,0.00458046887069941,0.00101995375007391
1781,0.0390677228569984,0.11729297041893,0.13688537478447,0.0109336450695992,0.0822230502963066,0.14621764421463,-0.0131502058357,0.158965438604355,0.132772848010063,-0.0092319967225194,0.0737701952457428,0.0573924258351326,0.018635455518961,0.0800106972455978,0.00225803186185658,0.0430059321224689,0.0696772560477257,-0.0452660769224167,0.0531407035887241,-0.0392958633601665
1783,0.0598072186112404,0.144830524921417,0.0744822919368744,0.00349745154380798,0.102520003914833,0.1473079174757,-0.0281974282115698,0.172911360859871,0.0771087631583214,-0.0439060628414154,0.124388590455055,0.0353866890072823,0.00971949007362127,0.0344391316175461,0.0217618979513645,0.0543712601065636,0.01789166405797,-0.102508403360844,0.119193688035011,-0.0910683497786522
1785,0.0562550723552704,0.173785448074341,0.0562775582075119,0.00582084944471717,0.164616867899895,0.15906035900116,0.00174989271908998,0.189491719007492,0.0955862328410149,-0.0247496888041496,0.15192411839962,-0.00132426316849887,-0.0106009729206562,0.0211010407656431,0.0309788286685944,0.0376662090420723,-0.046296339482069,-0.17276206612587,0.128987595438957,-0.0964067652821541
1787,0.0346987657248974,0.197302237153053,0.0670634880661964,-0.0015996532747522,0.21242980659008,0.113900557160378,0.00885548628866673,0.216007545590401,0.151642322540283,0.0163338053971529,0.122574046254158,-0.0340549163520336,-0.0683824717998505,0.0715308710932732,0.00475449441000819,-0.024907324463129,-0.0874725058674812,-0.203439772129059,0.0888467207551003,-0.0614679381251335
1789,-0.00901668705046177,0.178345188498497,0.0729105472564697,-0.00474459305405617,0.228099465370178,0.0355256795883179,-0.0448601171374321,0.224456578493118,0.12832173705101,0.0217370968312025,0.0800878405570984,-0.0587603487074375,-0.179787397384644,0.123620949685574,-0.0163172706961632,-0.0752314031124115,-0.114043518900871,-0.143450066447258,0.107843138277531,-0.0296937488019466
1791,-0.0113294692710042,0.0905812531709671,0.126830250024796,-0.00158544629812241,0.153783291578293,-0.00666630547493696,-0.0203875470906496,0.181627601385117,0.0557703450322151,0.0287508573383093,0.0162574388086796,-0.0573088638484478,-0.203173890709877,0.13540917634964,-0.0505428090691566,-0.0662887170910835,-0.0794799104332924,-0.0953340530395508,0.138379916548729,-0.0385782904922962
1793,0.0768293738365173,0.0182789694517851,0.196023792028427,0.00912250392138958,0.0291843339800835,0.0266027264297009,0.0500256828963757,0.074723482131958,0.0130066853016615,0.0730344280600548,0.00955049972981215,-0.0362236648797989,-0.161977365612984,0.118688732385635,-0.086478129029274,-0.0350623019039631,0.00453357631340623,-0.114495180547237,0.110615119338036,-0.056035254150629
1795,0.143166467547417,-0.0103102279826999,0.192285686731339,0.00651886500418186,-0.0428999327123165,0.0401313975453377,0.0991492420434952,-0.0109858876094222,0.0495194904506207,0.0737094208598137,0.00449559977278113,-0.0115061402320862,-0.149513319134712,0.0970171317458153,-0.114099279046059,-0.0656057298183441,0.0571045130491257,-0.146715432405472,0.0745441168546677,-0.041958574205637
2685,0.0305189602077007,-0.039736270904541,0.210044264793396,-0.0431897677481174,-0.0214588064700365,0.0603680647909641,-0.00439311657100916,-0.0327735096216202,0.096009373664856,0.0944603905081749,-0.043593592941761,-0.000316848600050434,-0.107554540038109,0.0627589225769043,-0.0644620805978775,-0.122024826705456,0.0636703073978424,-0.115632526576519,0.0778473243117332,0.0372333824634552
2687,-0.22101254761219,-0.105441957712173,0.249697551131248,-0.154184550046921,0.0264172442257404,0.105554670095444,-0.2355937063694,-0.0814233124256134,0.199816957116127,0.140795424580574,-0.150972336530685,0.0246678255498409,-0.0138645227998495,-0.0137366037815809,0.0463732108473778,-0.248003408312798,0.0783311352133751,-0.0462272092700005,0.085222989320755,0.214061766862869
2689,-1.28109180927277,-0.382358521223068,0.416816264390945,-0.621972143650055,0.228190809488297,0.295993566513062,-1.20998847484589,-0.286457777023315,0.637313902378082,0.33607417345047,-0.603520095348358,0.129965737462044,0.380991905927658,-0.336126804351807,0.513488411903381,-0.778940200805664,0.140119180083275,0.246281310915947,0.116307757794857,0.959304749965668
2691,-1.18535125255585,-0.153348803520203,0.298186480998993,-0.508127927780151,0.456774294376373,-0.0409947521984577,-1.25255942344666,-0.12774957716465,0.259043842554092,0.334147483110428,-0.384247809648514,0.180342271924019,0.165854588150978,-0.137253239750862,0.57957124710083,-0.795243382453918,0.159998372197151,-0.107072412967682,0.372042715549469,0.66041362285614
2693,-0.809906423091888,0.179553478956223,0.314668506383896,-0.387600690126419,0.165307343006134,0.143575683236122,-1.19912600517273,0.0786331966519356,0.330888152122498,0.383983492851257,-0.221708863973618,0.371991604566574,-0.22640061378479,-0.261482745409012,0.544894218444824,-0.68195629119873,0.147326320409775,-0.4020916223526,0.728609383106232,0.458568096160889
2695,-0.295617491006851,0.333760648965836,0.505441546440125,-0.360628455877304,-0.111472859978676,0.519051671028137,-0.970244407653809,0.216551557183266,0.382364094257355,0.340675622224808,-0.119547814130783,0.450240850448608,-0.399495452642441,-0.175176918506622,0.430545628070831,-0.325168371200562,0.00701820384711027,-0.788516163825989,0.772699058055878,0.269524812698364
2697,-0.118404738605022,0.286962032318115,0.529954612255096,-0.49895578622818,-0.106979347765446,0.557979166507721,-0.435816764831543,0.473523169755936,0.18648274242878,0.313103944063187,0.00620290916413069,0.341563045978546,-0.29483437538147,0.230631843209267,0.247220233082771,-0.0288587249815464,-0.127897933125496,-0.786766529083252,0.57017058134079,0.0780639201402664
2699,-0.0555289350450039,0.252846926450729,0.376379072666168,-0.452273488044739,-0.0552298650145531,0.418005377054214,0.1393151730299,0.679141759872437,0.14190673828125,0.221516951918602,0.0179562177509069,0.283211976289749,-0.154714852571487,0.289093464612961,0.181436419487,0.32124587893486,-0.231248080730438,-0.732735931873322,0.412608087062836,0.000102514030004386
2701,0.0920545309782028,0.248686283826828,0.364388316869736,-0.259321063756943,0.0869593694806099,0.265728026628494,0.240359783172607,0.671720445156097,0.21782098710537,0.0805552378296852,0.00235244329087436,0.201690435409546,-0.0960816815495491,0.205649733543396,0.190566584467888,0.344181716442108,-0.0622815303504467,-0.777378678321838,0.218036040663719,-0.0859566256403923
2703,0.295607626438141,0.348462224006653,0.246164798736572,-0.0543587692081928,0.333514332771301,0.276671707630157,0.137653827667236,0.573210775852203,0.34874752163887,0.0120229162275791,-0.134782612323761,0.153132885694504,-0.0712664797902107,0.255879670381546,0.142727196216583,0.292913407087326,0.161761119961739,-0.548097968101501,0.0459510609507561,0.0444914177060127
2705,0.355284333229065,0.544284641742706,0.147229820489883,0.0194993950426579,0.522012710571289,0.553457081317902,0.113004840910435,0.377429634332657,0.448522359132767,0.00295096496120095,-0.191382750868797,0.108644388616085,0.0216402392834425,0.182697206735611,-0.0549661070108414,0.209886580705643,0.343422770500183,-0.259313881397247,-0.139151707291603,0.124521061778069
2707,0.24188569188118,0.668040573596954,0.330725282430649,0.1001016497612,0.54057514667511,0.614526927471161,0.197403445839882,0.244407460093498,0.34823551774025,-0.0472089573740959,-0.102181069552898,0.145058855414391,0.115675784647465,0.0150964474305511,-0.251058787107468,0.183136761188507,0.468213200569153,-0.143950968980789,-0.254056185483932,0.164847940206528
2709,0.204268157482147,0.555176675319672,0.552788734436035,0.176044851541519,0.412584006786346,0.468927085399628,0.267939746379852,0.274278849363327,0.187444984912872,-0.0699299052357674,-0.0247708074748516,0.144211620092392,0.114230029284954,-0.0420623496174812,-0.311533212661743,0.138807624578476,0.457932412624359,-0.176960065960884,-0.203458771109581,0.212407305836678
2711,0.127909481525421,0.482518911361694,0.605476081371307,0.0871541574597359,0.34577551484108,0.337624430656433,0.260102450847626,0.31828561425209,0.0840620696544647,-0.0249077435582876,-0.0292618311941624,0.12817320227623,0.175504490733147,-0.0608907639980316,-0.190739810466766,0.0986921042203903,0.364828079938889,-0.318915396928787,-0.0703776851296425,0.205924987792969
2713,-0.00779848545789719,0.452889531850815,0.645644664764404,0.0228470228612423,0.325092256069183,0.305496454238892,0.210764929652214,0.332315981388092,0.0330139696598053,0.0185167081654072,-0.0834976881742477,0.130097657442093,0.242554470896721,0.0125176133587956,-0.0781691670417786,0.127306669950485,0.318625956773758,-0.363905638456345,0.0396973751485348,0.0882059037685394
2715,-0.0647822767496109,0.419255465269089,0.614737570285797,0.0322297476232052,0.24796000123024,0.31736022233963,0.111418306827545,0.338841199874878,-0.0337947532534599,-0.0149058187380433,-0.0786346942186356,0.174981072545052,0.249869897961617,0.125771850347519,-0.070633701980114,0.106283247470856,0.251581639051437,-0.297086119651794,0.0547885447740555,0.0393363386392593
2717,-0.0132524017244577,0.465110629796982,0.601735770702362,0.0242238994687796,0.154404237866402,0.35238990187645,0.0489955544471741,0.365915924310684,-0.0921573340892792,-0.0426421798765659,-0.00257367407903075,0.147533774375916,0.180097490549088,0.227351918816566,-0.0252474788576365,0.0130225624889135,0.178359761834145,-0.317816972732544,0.0996752083301544,0.117837086319923
2719,0.0619157366454601,0.505741357803345,0.620741188526154,0.0298195704817772,0.0921288132667542,0.389499515295029,0.08580032736063,0.34488707780838,-0.112082779407501,-0.032881572842598,0.038662925362587,0.0667615458369255,0.107684768736362,0.320344150066376,0.00140658707823604,-0.0487926714122295,0.154860094189644,-0.315478682518005,0.157220706343651,0.175997748970985
2721,0.104319773614407,0.47335559129715,0.530997037887573,0.0521368719637394,0.131787538528442,0.424730539321899,0.12980218231678,0.327308803796768,-0.0212304089218378,-0.000442618882516399,0.0787603706121445,0.0226812772452831,0.0657580718398094,0.350102722644806,-0.044993557035923,-0.025801258161664,0.138470232486725,-0.168276742100716,0.177608713507652,0.18995276093483
2723,0.145034044981003,0.440130591392517,0.420489937067032,0.0703830420970917,0.178968608379364,0.405050545930862,0.131206452846527,0.280166685581207,0.107946388423443,0.0113716274499893,0.0847604423761368,0.0997703298926353,0.156476244330406,0.300205379724503,-0.0837200284004211,-0.0302985440939665,0.127230077981949,-0.0882230699062347,0.102516047656536,0.217216998338699
2725,0.172563463449478,0.419411987066269,0.361750185489655,0.0505737140774727,0.208856865763664,0.394190400838852,0.136761695146561,0.253012984991074,0.191610440611839,0.0263067930936813,0.0906314924359322,0.194266095757484,0.286798357963562,0.216028183698654,-0.0730771869421005,-0.0120359268039465,0.188651591539383,-0.104244224727154,0.0376601405441761,0.258043020963669
2727,0.174892485141754,0.393661648035049,0.372856378555298,0.0818124189972878,0.231446176767349,0.442221313714981,0.168509110808372,0.306998491287231,0.209709733724594,0.0531632713973522,0.0924426689743996,0.157930046319962,0.288296461105347,0.144617334008217,-0.0300900414586067,0.0823794975876808,0.27751225233078,-0.10585630685091,0.015767564997077,0.275415688753128
2729,0.175492227077484,0.348725914955139,0.427406072616577,0.13063770532608,0.266991019248962,0.499946802854538,0.230438768863678,0.408864557743073,0.217211335897446,0.0945643335580826,0.0173706021159887,0.0602464005351067,0.221644893288612,0.0717798247933388,0.0466796457767487,0.110505566000938,0.324355781078339,-0.0748205706477165,0.0383113175630569,0.252826809883118
2731,0.174932762980461,0.345996230840683,0.507380962371826,0.174583628773689,0.328269153833389,0.526487767696381,0.19482995569706,0.500388920307159,0.242920398712158,0.13504596054554,-0.0628534182906151,0.0203335285186768,0.112804338335991,-0.00634491303935647,0.0952117666602135,0.102497957646847,0.286343187093735,-0.0928437262773514,0.0523901395499706,0.232148244976997
2733,0.12044944614172,0.409834355115891,0.584940195083618,0.186632558703423,0.430834323167801,0.58556854724884,0.115075290203094,0.556439161300659,0.25875648856163,0.151056900620461,-0.0495601966977119,-0.0122910868376493,0.0518750436604023,-0.012369254603982,0.0533211044967175,0.107925288379192,0.243613332509995,-0.085497610270977,0.0804558321833611,0.224390342831612
2735,0.0810728967189789,0.495754063129425,0.603368401527405,0.177304819226265,0.529838383197784,0.618270754814148,0.106964640319347,0.576242566108704,0.271189481019974,0.0984129086136818,-0.000413072848459706,-0.0202945694327354,0.086140401661396,0.00293760630302131,0.0374282859265804,0.141774445772171,0.261144399642944,-0.111448541283607,0.0813824608922005,0.221186801791191
2737,0.0767253637313843,0.552942156791687,0.603586256504059,0.191511020064354,0.570064961910248,0.606447696685791,0.141415432095528,0.587484896183014,0.283862978219986,0.0478492677211761,-0.00594524713233113,-0.00864012166857719,0.120581895112991,0.0420117080211639,0.0694055408239365,0.158628150820732,0.253238052129745,-0.165865436196327,0.07586370408535,0.231068357825279
2739,0.0673372969031334,0.569396793842316,0.636335790157318,0.204614296555519,0.540503919124603,0.619603216648102,0.217077568173409,0.578306674957275,0.277135491371155,0.0464053899049759,-0.00543801859021187,0.0394693240523338,0.132758259773254,0.105966664850712,0.129648789763451,0.139899417757988,0.265823632478714,-0.166860818862915,0.0833751782774925,0.270001798868179
2741,0.0668400675058365,0.616493225097656,0.699710786342621,0.24069008231163,0.560988545417786,0.622983872890472,0.293555676937103,0.529481053352356,0.267883211374283,0.0709058567881584,-0.0128046851605177,0.0970259979367256,0.109335914254189,0.15648852288723,0.116079218685627,0.139031782746315,0.337507992982864,-0.121844284236431,0.111598066985607,0.233538821339607
2743,0.105675913393497,0.682849884033203,0.787034749984741,0.269574016332626,0.61859518289566,0.626895666122437,0.299677550792694,0.498745232820511,0.203444212675095,0.100394748151302,-0.0727990120649338,0.124833516776562,0.0982969701290131,0.166561797261238,0.0923783481121063,0.153176963329315,0.431297093629837,-0.0616254843771458,0.134553030133247,0.200359985232353
2745,0.141808837652206,0.719855964183807,0.829535186290741,0.255764067173004,0.636422753334045,0.648410499095917,0.268300801515579,0.476834088563919,0.128999635577202,0.135826796293259,-0.0996016263961792,0.125856727361679,0.138871222734451,0.161562070250511,0.0956657156348228,0.142268627882004,0.441518694162369,-0.0223175957798958,0.108266703784466,0.193641185760498
2747,0.146517649292946,0.722530961036682,0.824854612350464,0.217623025178909,0.599739611148834,0.69661408662796,0.201891794800758,0.471765518188477,0.0868411809206009,0.188482880592346,-0.0382460542023182,0.0980280041694641,0.194496989250183,0.151519373059273,0.0843124687671661,0.0987898483872414,0.413945913314819,-0.00893081445246935,0.0848233252763748,0.219602391123772
2749,0.149360999464989,0.745405316352844,0.819883525371552,0.213200598955154,0.559034526348114,0.717547535896301,0.153504282236099,0.535259485244751,0.102111160755157,0.206683993339539,0.0603695474565029,0.038498118519783,0.207250639796257,0.156328186392784,0.0554503947496414,0.064122311770916,0.40919616818428,0.00282015022821724,0.0917700156569481,0.284116119146347
2751,0.160704612731934,0.801214277744293,0.779614806175232,0.225561916828156,0.566051661968231,0.71573281288147,0.14587989449501,0.633730232715607,0.144664749503136,0.183600440621376,0.112521782517433,-0.0200729686766863,0.236146524548531,0.160851299762726,0.0434601679444313,0.0824557170271873,0.424125224351883,-0.0165948532521725,0.128447756171227,0.345055222511292
2753,0.18470424413681,0.862090647220612,0.74115377664566,0.241820946335793,0.605281412601471,0.711489737033844,0.182226419448853,0.700177609920502,0.18644917011261,0.182693541049957,0.113627463579178,-0.00854892563074827,0.227250427007675,0.191849529743195,0.054950188845396,0.101975739002228,0.449922770261765,-0.00898223370313644,0.142595410346985,0.392771422863007
2755,0.20342592895031,0.874578952789307,0.764928102493286,0.298810988664627,0.639997243881226,0.668640792369843,0.219658777117729,0.734136879444122,0.228207364678383,0.197951331734657,0.0756538957357407,0.0181074980646372,0.211909919977188,0.224494829773903,0.0965004190802574,0.130659148097038,0.457421690225601,0.0411970466375351,0.137105211615562,0.38250145316124
2757,0.208368718624115,0.866416811943054,0.833565473556519,0.312039136886597,0.691839516162872,0.642260909080505,0.219011455774307,0.732138097286224,0.245463863015175,0.194438979029655,0.00378510961309075,0.0595649406313896,0.184491902589798,0.241068169474602,0.147091880440712,0.184675455093384,0.466095000505447,0.0260237418115139,0.157697752118111,0.3284752368927
2759,0.230453357100487,0.873995304107666,0.879246294498444,0.294687509536743,0.711287617683411,0.638642311096191,0.235052391886711,0.736473262310028,0.239123344421387,0.213474631309509,-0.0205801706761122,0.114107601344585,0.168612331151962,0.272892445325851,0.146344095468521,0.237033307552338,0.451418489217758,0.0127843450754881,0.192983329296112,0.284186482429504
2761,0.26028510928154,0.903607666492462,0.895842492580414,0.272445350885391,0.699783325195313,0.637319386005402,0.270491629838943,0.753237366676331,0.209875613451004,0.234857052564621,-0.0206533446907997,0.1366917937994,0.184906855225563,0.289132624864578,0.0983698442578316,0.27891007065773,0.431790411472321,0.0355128385126591,0.214784204959869,0.263104498386383
2763,0.248158052563667,0.944210469722748,0.887438476085663,0.264934748411179,0.716507256031036,0.672435522079468,0.306640326976776,0.784932732582092,0.179702460765839,0.252458274364471,-0.027256341651082,0.137566074728966,0.223717853426933,0.278163909912109,0.0690566748380661,0.309327185153961,0.457921296358109,0.0748864859342575,0.214584141969681,0.252262473106384
2765,0.21613872051239,0.974529564380646,0.860418558120728,0.256620466709137,0.740045428276062,0.70363974571228,0.329151660203934,0.815662622451782,0.164221823215485,0.264336884021759,0.00251901149749756,0.134149119257927,0.243439644575119,0.255372405052185,0.0912487804889679,0.316663980484009,0.495096683502197,0.0782455801963806,0.213568404316902,0.246231839060783
2767,0.198182284832001,0.986361503601074,0.866565763950348,0.247010767459869,0.756394445896149,0.724256634712219,0.331284046173096,0.781650245189667,0.170080199837685,0.266567319631577,0.0290927719324827,0.100422047078609,0.253834396600723,0.253012090921402,0.11057236790657,0.304946810007095,0.518616497516632,0.0581311620771885,0.229736402630806,0.271728783845901
2769,0.195300295948982,0.962153375148773,0.89258337020874,0.251148402690887,0.749995708465576,0.760087847709656,0.310851126909256,0.726846635341644,0.172429606318474,0.289158403873444,0.0111423917114735,0.0756114199757576,0.256239831447601,0.263316512107849,0.105800621211529,0.288190901279449,0.549627006053925,0.0509271323680878,0.234112113714218,0.296239376068115
2771,0.204020321369171,0.944388806819916,0.862820625305176,0.252325981855392,0.756802678108215,0.802488088607788,0.286860018968582,0.703922092914581,0.196536421775818,0.287741124629974,-0.00417955964803696,0.0622112303972244,0.279283910989761,0.292687833309174,0.128349825739861,0.273943036794662,0.579116880893707,0.0552565976977348,0.20946940779686,0.28254297375679
2773,0.231450691819191,0.948365092277527,0.822628080844879,0.242536693811417,0.753199517726898,0.822441816329956,0.277667075395584,0.742966890335083,0.203040927648544,0.258156776428223,-0.0210505481809378,0.0455220378935337,0.33470207452774,0.32958984375,0.168554171919823,0.275157600641251,0.580105841159821,0.0583354383707047,0.162225022912025,0.31327223777771
2775,0.230233177542686,0.952971816062927,0.801109135150909,0.233828976750374,0.736855208873749,0.849373281002045,0.306045234203339,0.764468967914581,0.211876899003983,0.235934689640999,-0.0428010001778603,0.0440746732056141,0.400365114212036,0.338020384311676,0.222981944680214,0.283346235752106,0.579498946666718,0.0681599825620651,0.151379808783531,0.362645536661148
2777,0.190457537770271,0.972607374191284,0.817742526531219,0.223883897066116,0.738298237323761,0.880692183971405,0.334269493818283,0.765631794929504,0.22195665538311,0.227125376462936,-0.0476817861199379,0.0506798811256886,0.427109062671661,0.332117885351181,0.249528184533119,0.289127677679062,0.610573887825012,0.126236125826836,0.146481648087502,0.374483495950699
2779,0.180642932653427,0.991305410861969,0.857300639152527,0.223409950733185,0.74251651763916,0.906319499015808,0.348416030406952,0.771891295909882,0.192460313439369,0.213446319103241,-0.0408144518733025,0.0286214835941792,0.376440435647964,0.297731041908264,0.256243944168091,0.277905881404877,0.626236975193024,0.166397273540497,0.134955406188965,0.371451407670975
2781,0.182882949709892,0.999030232429504,0.88424688577652,0.25954794883728,0.735613822937012,0.943430006504059,0.365724980831146,0.819078505039215,0.160742551088333,0.226037994027138,-0.0425081066787243,0.0144039439037442,0.319836258888245,0.254753172397614,0.253853768110275,0.278016686439514,0.606873154640198,0.168550878763199,0.132329612970352,0.365506708621979
2783,0.201279416680336,1.00191688537598,0.910625338554382,0.298359006643295,0.726225972175598,0.974311292171478,0.373418986797333,0.864194095134735,0.151741534471512,0.250209331512451,-0.0304279085248709,0.0227450057864189,0.295935839414597,0.248001307249069,0.233441010117531,0.292651981115341,0.571606755256653,0.15658712387085,0.131578966975212,0.365444868803024
2785,0.204935938119888,0.991324007511139,0.951463580131531,0.313014596700668,0.726954996585846,1.00376117229462,0.377999931573868,0.883138835430145,0.166005551815033,0.283911049365997,-0.023696331307292,0.0317089855670929,0.26085689663887,0.277526259422302,0.21983802318573,0.272317826747894,0.568996727466583,0.15556925535202,0.107277862727642,0.408618420362473
2787,0.190257057547569,0.989988505840302,0.979402840137482,0.339039117097855,0.747196435928345,1.02185654640198,0.388449430465698,0.865365862846375,0.190444022417068,0.316251307725906,-0.0281863380223513,0.0456924885511398,0.242693424224854,0.328770697116852,0.224691852927208,0.251644045114517,0.597500026226044,0.160416632890701,0.0825788974761963,0.473801404237747
2789,0.176912888884544,0.999409258365631,0.971766233444214,0.384822458028793,0.75810033082962,1.01360881328583,0.398857772350311,0.843756139278412,0.212115958333015,0.317116260528564,0.00430653383955359,0.0453224703669548,0.230776831507683,0.353840470314026,0.217316016554832,0.26101553440094,0.622046649456024,0.144477561116219,0.0652190297842026,0.528406322002411
2791,0.180220857262611,1.00593185424805,0.964968323707581,0.445259302854538,0.779540956020355,0.979608833789825,0.380117326974869,0.842897355556488,0.217737704515457,0.297407656908035,0.018931932747364,0.0455976836383343,0.24201625585556,0.354565322399139,0.22041642665863,0.299948990345001,0.629426658153534,0.139949128031731,0.0496942289173603,0.562432169914246
2793,0.174423918128014,1.0331015586853,0.96424925327301,0.437189936637878,0.792368173599243,0.955567061901093,0.385122448205948,0.857378244400024,0.204197376966476,0.275382041931152,0.0418085418641567,0.0498798154294491,0.272164076566696,0.354236304759979,0.215707346796989,0.354975402355194,0.629941046237946,0.150967419147491,0.0572614707052708,0.570281684398651
2795,0.149363785982132,1.04786801338196,0.989507377147675,0.395801812410355,0.796068608760834,0.950862467288971,0.415968984365463,0.858212947845459,0.177759185433388,0.275909870862961,0.0638227686285973,0.0547024682164192,0.278306543827057,0.363712131977081,0.211260303854942,0.417722463607788,0.641509354114532,0.141196325421333,0.0750439390540123,0.553158283233643
2797,0.137932300567627,1.06188678741455,1.01471841335297,0.383505553007126,0.810780704021454,0.954626142978668,0.419075965881348,0.855195581912994,0.170395180583,0.311868041753769,0.0660379678010941,0.057860191911459,0.283997684717178,0.367419630289078,0.217314600944519,0.461118310689926,0.654568672180176,0.153575167059898,0.0791736096143723,0.540323078632355
2799,0.147907137870789,1.07709300518036,1.05401730537415,0.377795487642288,0.820035040378571,0.963514149188995,0.408826529979706,0.852266490459442,0.171580776572227,0.359477251768112,0.0272294953465462,0.0615452006459236,0.291023433208466,0.365482002496719,0.218888491392136,0.477320641279221,0.661145329475403,0.166084051132202,0.0859392434358597,0.509009659290314
2801,0.171878442168236,1.08003830909729,1.08662688732147,0.383916020393372,0.813348710536957,0.977950513362885,0.402548998594284,0.884570062160492,0.176594719290733,0.37763237953186,-0.00244192592799664,0.0543257929384708,0.307691514492035,0.360977113246918,0.233190715312958,0.445595622062683,0.675795614719391,0.17668591439724,0.106866769492626,0.468820661306381
2803,0.191579282283783,1.08475112915039,1.10763037204742,0.409229248762131,0.830920457839966,0.992323815822601,0.391426801681519,0.947397768497467,0.19964012503624,0.363296270370483,-0.00422677583992481,0.0471350066363811,0.329934537410736,0.358924061059952,0.242275208234787,0.406495958566666,0.701667547225952,0.195907220244408,0.126030683517456,0.43771567940712
2805,0.216453909873962,1.08983445167542,1.12343549728394,0.43095526099205,0.882608592510223,1.0090845823288,0.392147153615952,0.966060042381287,0.237680971622467,0.358476251363754,0.0176716968417168,0.0479725524783134,0.366313725709915,0.355773687362671,0.273206055164337,0.401430815458298,0.720098912715912,0.204124808311462,0.155407086014748,0.443426996469498
2807,0.244774982333183,1.09787046909332,1.13742887973785,0.42943486571312,0.916940271854401,1.02895188331604,0.420765161514282,0.962085366249084,0.27608135342598,0.367816656827927,0.0568457916378975,0.0528870411217213,0.390542536973953,0.368215799331665,0.297363549470901,0.420417338609695,0.736827969551086,0.178242519497871,0.187263041734695,0.44899308681488
2809,0.287873327732086,1.13126957416534,1.12407755851746,0.425476133823395,0.930994153022766,1.03790485858917,0.453131467103958,0.987691044807434,0.317233145236969,0.387629330158234,0.0658102184534073,0.0543619617819786,0.39308226108551,0.393562793731689,0.293717563152313,0.445820152759552,0.75435346364975,0.169291108846664,0.199383810162544,0.45670023560524
2811,0.320222437381744,1.16926801204681,1.11615347862244,0.429981917142868,0.952412724494934,1.06545972824097,0.474386096000671,0.98387485742569,0.334240794181824,0.391013473272324,0.0634811595082283,0.026132520288229,0.370844274759293,0.408039629459381,0.283845782279968,0.476401448249817,0.75993013381958,0.211509004235268,0.207872360944748,0.471183687448502
2813,0.301505208015442,1.1767725944519,1.12332057952881,0.446379244327545,0.983923971652985,1.08607709407806,0.485858649015427,0.970183074474335,0.309039562940598,0.379663854837418,0.0596717707812786,-0.0143021941184998,0.376572459936142,0.410278528928757,0.277094066143036,0.505750000476837,0.771097123622894,0.262906402349472,0.21027584373951,0.467819690704346
2815,0.261605799198151,1.17366480827332,1.15198493003845,0.477569013834,1.01569199562073,1.07638108730316,0.491231441497803,0.981983125209808,0.278870820999146,0.357979953289032,0.0562426932156086,-0.0233167298138142,0.407600075006485,0.414087772369385,0.295328438282013,0.509278118610382,0.805157542228699,0.30035874247551,0.209003016352654,0.480662703514099
2817,0.245157212018967,1.2015300989151,1.17755711078644,0.487064391374588,1.01721358299255,1.06109619140625,0.473852276802063,0.997548878192902,0.265157163143158,0.332235842943192,0.0681347772479057,0.00479137897491455,0.411089897155762,0.438750833272934,0.309017211198807,0.490442752838135,0.850977003574371,0.311754554510117,0.200152173638344,0.520755171775818
2819,0.248944476246834,1.23523998260498,1.21526193618774,0.498778879642487,0.999972224235535,1.07621192932129,0.471797734498978,1.00960600376129,0.2396469861269,0.315049737691879,0.0739762559533119,0.0391025133430958,0.390049338340759,0.455227315425873,0.311044991016388,0.454574048519135,0.874160170555115,0.314900785684586,0.186155036091805,0.564256966114044
2821,0.264726221561432,1.25589907169342,1.25680506229401,0.526381552219391,0.962859034538269,1.11180698871613,0.491049021482468,1.03077149391174,0.231115207076073,0.294710338115692,0.0572082735598087,0.0868563950061798,0.402159959077835,0.461512178182602,0.29673233628273,0.432026892900467,0.884799540042877,0.316441178321838,0.18143904209137,0.589853525161743
2823,0.280550837516785,1.27101933956146,1.27374744415283,0.565979063510895,0.947636306285858,1.14790046215057,0.482096344232559,1.04988133907318,0.255768775939941,0.300118863582611,0.0310434028506279,0.114470474421978,0.413313865661621,0.479121327400208,0.273555070161819,0.431502878665924,0.879690647125244,0.31320720911026,0.185782194137573,0.612032234668732
2825,0.30657821893692,1.27175748348236,1.28107893466949,0.572717487812042,0.96649831533432,1.15793013572693,0.470055013895035,1.05524361133575,0.254025131464005,0.332004010677338,0.025335218757391,0.116175204515457,0.422113120555878,0.496247977018356,0.242262661457062,0.441628217697144,0.854379653930664,0.303704679012299,0.192154765129089,0.628041207790375
2827,0.310106575489044,1.28783452510834,1.27404642105103,0.573150873184204,1.00182867050171,1.16986131668091,0.46974989771843,1.05121874809265,0.265145033597946,0.367906719446182,0.013784246519208,0.0925316289067268,0.440421998500824,0.515453040599823,0.232065111398697,0.45479029417038,0.855059087276459,0.299618035554886,0.204365566372871,0.635479867458344
2829,0.288761377334595,1.31975293159485,1.26252460479736,0.600760459899902,1.05108273029327,1.21372437477112,0.480652123689651,1.07475686073303,0.304371118545532,0.39271867275238,0.000244525959715247,0.0662713572382927,0.43784162402153,0.549884617328644,0.252427279949188,0.475163727998734,0.877582788467407,0.3121118247509,0.221583813428879,0.632334232330322
2831,0.25557354092598,1.35186946392059,1.27951288223267,0.62948077917099,1.10681414604187,1.25605261325836,0.486563205718994,1.09678161144257,0.327157199382782,0.407938718795776,-0.00513952923938632,0.0598141551017761,0.400168269872665,0.560788631439209,0.261259287595749,0.50217992067337,0.878392517566681,0.346304148435593,0.231372088193893,0.636889934539795
2833,0.243131324648857,1.38219130039215,1.29544222354889,0.646116137504578,1.15909969806671,1.29398036003113,0.510351419448853,1.10434508323669,0.339951753616333,0.408588945865631,-0.0105158099904656,0.0793997123837471,0.368992567062378,0.527015566825867,0.265536069869995,0.517878711223602,0.87341970205307,0.373414367437363,0.224269971251488,0.629970669746399
2835,0.24624365568161,1.40819203853607,1.29100048542023,0.653268158435822,1.20914125442505,1.34471273422241,0.543811202049255,1.12720334529877,0.34747177362442,0.409015774726868,-0.0129412785172462,0.104547411203384,0.378110229969025,0.523137867450714,0.287399888038635,0.510956227779388,0.867274105548859,0.365679830312729,0.187671065330505,0.632829010486603
2837,0.238293588161469,1.44199764728546,1.29671311378479,0.662853598594666,1.244837641716,1.41086745262146,0.562387466430664,1.17718458175659,0.364098131656647,0.433373749256134,-0.00904953293502331,0.107987768948078,0.412477254867554,0.538920998573303,0.304207414388657,0.504676401615143,0.88844233751297,0.335772693157196,0.146288558840752,0.641704201698303
2839,0.244409278035164,1.48360800743103,1.34943735599518,0.682979822158813,1.25514793395996,1.48043501377106,0.557758927345276,1.24236595630646,0.375627785921097,0.452126115560532,-0.0113698234781623,0.0976258143782616,0.454457968473434,0.555081367492676,0.319569796323776,0.499852150678635,0.936810970306396,0.303011208772659,0.12712462246418,0.649915754795074
2841,0.261046260595322,1.53537952899933,1.4336189031601,0.709564387798309,1.27989304065704,1.5461927652359,0.554165363311768,1.27372109889984,0.373488277196884,0.461785882711411,-0.0167023614048958,0.085133858025074,0.483209371566772,0.565088510513306,0.329565823078156,0.521913588047028,0.994475066661835,0.304939895868301,0.128816276788712,0.665280342102051
2843,0.281377643346786,1.6163717508316,1.50210297107697,0.741820991039276,1.31981372833252,1.58644545078278,0.571305096149445,1.30846583843231,0.38361519575119,0.498288124799728,-0.00180613668635488,0.0730631276965141,0.503060221672058,0.582002699375153,0.342088460922241,0.560992062091827,1.0400505065918,0.33388739824295,0.131588622927666,0.695926427841187
2845,0.302726089954376,1.70637774467468,1.54544043540955,0.769896030426025,1.40070402622223,1.64116060733795,0.617730736732483,1.34580504894257,0.375970184803009,0.542915523052216,0.00313530489802361,0.0768725574016571,0.53729647397995,0.597943127155304,0.370249629020691,0.610001742839813,1.06767463684082,0.370263904333115,0.136961102485657,0.735731184482574
2847,0.315903306007385,1.81331813335419,1.60885882377625,0.78470903635025,1.4738575220108,1.70970284938812,0.676681339740753,1.38955128192902,0.339200258255005,0.584450125694275,0.0145897194743156,0.091804526746273,0.577322423458099,0.609594702720642,0.40793514251709,0.65333092212677,1.10687732696533,0.397408872842789,0.159283846616745,0.775618851184845
2849,0.321224510669708,1.9212691783905,1.69171094894409,0.795992195606232,1.51893520355225,1.77322614192963,0.729397118091583,1.41389048099518,0.321137607097626,0.609280586242676,0.0323179177939892,0.110951133072376,0.590264439582825,0.631725430488586,0.43424865603447,0.685427248477936,1.15542197227478,0.401235014200211,0.180217519402504,0.826797366142273
2851,0.316986173391342,1.97385025024414,1.73336017131805,0.843644738197327,1.53175795078278,1.84653127193451,0.754252672195435,1.4423303604126,0.323042809963226,0.601933896541595,0.0116120651364326,0.138259872794151,0.583048164844513,0.663377225399017,0.461984604597092,0.705170869827271,1.19659578800201,0.416938751935959,0.208014920353889,0.885008275508881
2853,0.310817033052444,1.99543488025665,1.73287034034729,0.903936743736267,1.54027628898621,1.91937720775604,0.776654958724976,1.49652409553528,0.337467342615128,0.566354751586914,-0.00741171231493354,0.14579926431179,0.582001566886902,0.7013880610466,0.512849748134613,0.734834432601929,1.21106588840485,0.434521645307541,0.258115023374557,0.959454357624054
2855,0.331632286310196,2.04562973976135,1.75626266002655,0.960308849811554,1.55889022350311,1.97171020507813,0.802744448184967,1.55100417137146,0.36712384223938,0.548729002475739,-0.0230163019150496,0.150703281164169,0.594933331012726,0.740301489830017,0.549185633659363,0.751507341861725,1.23868501186371,0.456010282039642,0.309776544570923,1.01224100589752
2857,0.365982234477997,2.10879254341125,1.8543164730072,1.00045204162598,1.58029735088348,2.00230431556702,0.806186079978943,1.57747709751129,0.395452111959457,0.564748346805573,-0.0298902336508036,0.169068038463593,0.635430753231049,0.756033420562744,0.543809652328491,0.737800717353821,1.29582071304321,0.483537197113037,0.311604380607605,1.00957250595093
2859,0.379566848278046,2.14120316505432,1.95392048358917,1.01640725135803,1.60149848461151,2.02664089202881,0.790765941143036,1.57978296279907,0.406341105699539,0.604773700237274,-0.0090339221060276,0.200070634484291,0.694522500038147,0.750004529953003,0.521073341369629,0.7281534075737,1.35345792770386,0.514104783535004,0.286322087049484,0.995496332645416
2861,0.38164296746254,2.16530704498291,2.04495453834534,1.04175400733948,1.62753522396088,2.07184791564941,0.792700409889221,1.59901201725006,0.423503696918488,0.660105764865875,0.0168855134397745,0.217474192380905,0.732005536556244,0.746627569198608,0.523327469825745,0.736471891403198,1.40554356575012,0.542174398899078,0.283318102359772,0.992005467414856
2863,0.401625692844391,2.21883654594421,2.12283730506897,1.04918146133423,1.66048347949982,2.13728213310242,0.822808980941772,1.67710661888123,0.445879757404327,0.698455452919006,0.04822938144207,0.203531667590141,0.737792789936066,0.759731531143188,0.543443441390991,0.750977218151093,1.45106589794159,0.577351212501526,0.297612339258194,1.03903067111969
2865,0.434282094240189,2.27952909469604,2.20653796195984,1.05955469608307,1.75563275814056,2.23116445541382,0.885880053043365,1.76008117198944,0.465144664049149,0.729679822921753,0.0477812625467777,0.209630742669106,0.751451015472412,0.80944299697876,0.558890819549561,0.782806217670441,1.49829709529877,0.630601942539215,0.324268847703934,1.10034894943237
2867,0.47009289264679,2.33694791793823,2.30344295501709,1.08229422569275,1.81908023357391,2.28921127319336,0.97558718919754,1.82793056964874,0.485156714916229,0.755737483501434,0.0172948427498341,0.228712975978851,0.769728124141693,0.894356548786163,0.580565869808197,0.81146639585495,1.54786098003387,0.670168161392212,0.352160513401031,1.12804305553436
2869,0.501582860946655,2.39857625961304,2.35139203071594,1.09704422950745,1.84785914421082,2.32263231277466,1.04771184921265,1.89663803577423,0.491761595010757,0.784678101539612,-0.0415517203509808,0.263581573963165,0.785780131816864,0.970284819602966,0.589877128601074,0.852851927280426,1.57423043251038,0.68470686674118,0.367986112833023,1.13067722320557
2871,0.532314121723175,2.45521140098572,2.3554220199585,1.10669922828674,1.86770570278168,2.34354209899902,1.0546989440918,1.94553065299988,0.486405104398727,0.819649517536163,-0.066276453435421,0.283133059740067,0.82007372379303,1.03150677680969,0.613133430480957,0.885874092578888,1.57705545425415,0.648854672908783,0.374332785606384,1.13509583473206
2873,0.562533140182495,2.46130442619324,2.33894968032837,1.10293710231781,1.88943779468536,2.34375143051147,1.04588580131531,1.95953857898712,0.461135715246201,0.844864010810852,-0.0581842549145222,0.273547887802124,0.853101789951324,1.0687096118927,0.654181361198425,0.898163497447968,1.58320701122284,0.593024969100952,0.368389874696732,1.13785219192505
2875,0.5726637840271,2.43798828125,2.3269464969635,1.10401344299316,1.89892399311066,2.33801960945129,1.03518795967102,1.91000711917877,0.43277108669281,0.853900372982025,-0.025503596290946,0.255380272865295,0.866640329360962,1.0887006521225,0.650457262992859,0.903175413608551,1.59655094146729,0.556205987930298,0.372217744588852,1.14350521564484
2877,0.552188396453857,2.44131731987,2.31108427047729,1.11029267311096,1.92471623420715,2.33456206321716,0.995329797267914,1.81713485717773,0.400757133960724,0.835136115550995,-0.00651960587128997,0.258995950222015,0.868224084377289,1.08189606666565,0.599649012088776,0.907741487026215,1.58978176116943,0.544733345508575,0.387004762887955,1.13646030426025
2879,0.521263122558594,2.46192169189453,2.28398299217224,1.11552321910858,1.94227504730225,2.32438659667969,0.950817584991455,1.74223458766937,0.381913632154465,0.801967024803162,0.0111216194927692,0.255167126655579,0.893862426280975,1.05106830596924,0.548813045024872,0.902688384056091,1.55642330646515,0.553358376026154,0.383649617433548,1.10543501377106
2881,0.497756242752075,2.49948287010193,2.25355219841003,1.12532997131348,1.92422890663147,2.2857072353363,0.933424949645996,1.72806859016418,0.40189254283905,0.770419001579285,0.0436047986149788,0.237836420536041,0.921315610408783,1.01302313804626,0.524001240730286,0.880686581134796,1.50982689857483,0.588442265987396,0.378568977117538,1.07370114326477
2883,0.479566603899002,2.51205897331238,2.24370384216309,1.15694940090179,1.9056339263916,2.26973485946655,0.94034606218338,1.77290987968445,0.445390582084656,0.744790971279144,0.0563151016831398,0.22295618057251,0.903866529464722,0.980391383171082,0.531347692012787,0.85033255815506,1.46192908287048,0.594362258911133,0.343235850334167,1.07609784603119
2885,0.457188814878464,2.44662952423096,2.26689219474792,1.20430135726929,1.89215433597565,2.26634836196899,0.968958139419556,1.8124703168869,0.4622782766819,0.726902604103088,0.0576658695936203,0.212868422269821,0.887204468250275,0.949677050113678,0.529550075531006,0.820260107517242,1.42121112346649,0.590528845787048,0.292483627796173,1.09045672416687
2887,0.434981316328049,2.36221075057983,2.27700185775757,1.22429609298706,1.87370502948761,2.27542996406555,0.961274683475494,1.79086494445801,0.473491817712784,0.732152819633484,0.0522463992238045,0.211016356945038,0.910079121589661,0.927900969982147,0.501524448394775,0.791883111000061,1.40829336643219,0.575022757053375,0.243176937103271,1.07228684425354
2889,0.420893907546997,2.35578918457031,2.22742629051208,1.20733594894409,1.88195776939392,2.2662615776062,0.928792417049408,1.74064910411835,0.493879735469818,0.71395081281662,0.0176426433026791,0.208561033010483,0.918072581291199,0.920965552330017,0.460951656103134,0.77158784866333,1.4215099811554,0.543724179267883,0.20683865249157,1.05091083049774
2891,0.413723170757294,2.39341163635254,2.16278123855591,1.20588743686676,1.92313981056213,2.28861904144287,0.908265173435211,1.70880901813507,0.478490024805069,0.683113276958466,0.0122465882450342,0.213119313120842,0.920726537704468,0.93186616897583,0.434237658977509,0.768224596977234,1.45292258262634,0.527884244918823,0.179461926221848,1.06988310813904
2893,0.392286539077759,2.4250762462616,2.15446376800537,1.20641875267029,1.93256568908691,2.32351469993591,0.899570882320404,1.72022759914398,0.442027240991592,0.684564411640167,0.0463863722980022,0.227000281214714,0.929969847202301,0.969590306282043,0.432562202215195,0.777535140514374,1.44606018066406,0.539959669113159,0.17723548412323,1.10967123508453
2895,0.38649645447731,2.46268486976624,2.16125965118408,1.22964787483215,1.92601180076599,2.37145519256592,0.937019765377045,1.7441577911377,0.444034665822983,0.707454562187195,0.0828482061624527,0.236550390720367,0.922980427742004,0.977659583091736,0.454759925603867,0.812111973762512,1.40406835079193,0.564145147800446,0.193267419934273,1.1443852186203
2897,0.409957557916641,2.49411582946777,2.15919756889343,1.23706829547882,1.96143233776093,2.44097709655762,0.957210123538971,1.75080907344818,0.489718198776245,0.730158507823944,0.0952534750103951,0.221508234739304,0.925533056259155,0.979195296764374,0.495980083942413,0.851437509059906,1.40254771709442,0.56490832567215,0.217957451939583,1.16250205039978
2899,0.432221800088882,2.51719164848328,2.17675042152405,1.20032262802124,2.01423645019531,2.51928997039795,0.977169334888458,1.75595891475677,0.523532509803772,0.738903880119324,0.0734662860631943,0.190055310726166,0.916436851024628,0.997867047786713,0.53948849439621,0.903602182865143,1.45684158802032,0.52238404750824,0.219960913062096,1.16434454917908
2901,0.434676200151443,2.54983305931091,2.2281653881073,1.17213988304138,2.04922032356262,2.59583258628845,1.03190088272095,1.81693387031555,0.50459623336792,0.724966287612915,0.0512652099132538,0.187355503439903,0.887565433979034,1.04473912715912,0.552459299564362,0.950632512569427,1.48521733283997,0.484246909618378,0.24652536213398,1.17523181438446
2903,0.432514667510986,2.60314154624939,2.29299020767212,1.16890907287598,2.08552479743958,2.68930554389954,1.08917200565338,1.92453575134277,0.482149958610535,0.735925137996674,0.0619161427021027,0.212457001209259,0.884568810462952,1.08350253105164,0.551366150379181,0.963683187961578,1.49443566799164,0.499820739030838,0.288767486810684,1.21722948551178
2905,0.420952379703522,2.68543553352356,2.36714124679565,1.22995471954346,2.10588002204895,2.78593945503235,1.12349224090576,1.96890354156494,0.480574429035187,0.780933439731598,0.101216077804565,0.240458399057388,0.893691897392273,1.0822901725769,0.541859686374664,0.982562363147736,1.53647065162659,0.523864924907684,0.32068008184433,1.26406121253967
2907,0.435103863477707,2.80410766601563,2.47628593444824,1.35703229904175,2.15730571746826,2.90812516212463,1.16480040550232,1.98029768466949,0.502929985523224,0.81644207239151,0.107078619301319,0.264459103345871,0.90319150686264,1.06158006191254,0.531252086162567,0.983242154121399,1.58727848529816,0.516411781311035,0.330638945102692,1.31984734535217
2909,0.485796511173248,2.91121697425842,2.6109311580658,1.48561239242554,2.26639842987061,3.040771484375,1.20966303348541,1.99467182159424,0.513607382774353,0.820048213005066,0.07209562510252,0.268492132425308,0.948870837688446,1.09961199760437,0.543111324310303,0.995074033737183,1.68027675151825,0.55536288022995,0.347781896591187,1.38251924514771
2911,0.535245358943939,2.99841213226318,2.69677972793579,1.57088351249695,2.41302156448364,3.13687181472778,1.23986220359802,2.03522515296936,0.526540815830231,0.823016822338104,0.0581937432289124,0.256912589073181,1.01454281806946,1.16924798488617,0.551946401596069,1.07018005847931,1.78619980812073,0.649889469146729,0.367913037538528,1.39741635322571
2913,0.586606025695801,3.06456518173218,2.70063805580139,1.6063437461853,2.5271143913269,3.24314546585083,1.26844203472137,2.12301778793335,0.539245903491974,0.845747292041779,0.0734050273895264,0.245202139019966,1.10175406932831,1.22913014888763,0.558253288269043,1.11083590984344,1.88380169868469,0.739761352539063,0.362912893295288,1.42607247829437
2915,0.574191808700562,3.18183970451355,2.75578999519348,1.62563526630402,2.63560223579407,3.33712124824524,1.28907895088196,2.27569007873535,0.563431978225708,0.906509459018707,0.0510224625468254,0.217731490731239,1.18297672271729,1.28969037532806,0.588666617870331,1.10539615154266,1.97440612316132,0.769590198993683,0.332305788993835,1.50845336914063
2917,0.584975063800812,3.32297444343567,2.90311980247498,1.59538042545319,2.72474312782288,3.44012594223022,1.31861984729767,2.4318699836731,0.596622705459595,0.984204530715942,-0.00396832544356585,0.22598297894001,1.19078719615936,1.33896660804749,0.624486446380615,1.16417467594147,2.03903841972351,0.748485863208771,0.333531081676483,1.56401145458221
2919,0.609305799007416,3.49738073348999,3.06820678710938,1.59812915325165,2.80696845054626,3.59686350822449,1.33183562755585,2.57037234306335,0.64780455827713,1.06301712989807,-0.0394984595477581,0.248527526855469,1.13076364994049,1.31674444675446,0.697729110717773,1.22936749458313,2.06010103225708,0.700933575630188,0.388199269771576,1.59387850761414
2921,0.626188635826111,3.67191696166992,3.17818284034729,1.66140615940094,2.86834836006165,3.74119806289673,1.36249923706055,2.69356775283813,0.729457318782806,1.14975333213806,-0.0328713580965996,0.269345283508301,1.09940052032471,1.33551287651062,0.81233549118042,1.27490723133087,2.11779499053955,0.662711203098297,0.462444424629211,1.66139245033264
2923,0.619505107402802,3.77995276451111,3.25560092926025,1.74639594554901,2.92442178726196,3.84817671775818,1.42075634002686,2.76440620422363,0.746914565563202,1.18076777458191,0.00511462334543467,0.295910686254501,1.10279595851898,1.38316226005554,0.884060680866241,1.31036293506622,2.17282342910767,0.666964054107666,0.497799217700958,1.76579833030701
2925,0.627240240573883,3.78543925285339,3.28056788444519,1.8228942155838,2.94476079940796,3.96116995811462,1.49644899368286,2.77536940574646,0.682040512561798,1.17112839221954,0.0387817174196243,0.341322898864746,1.12535226345062,1.4246780872345,0.931218266487122,1.34045457839966,2.22018885612488,0.660063147544861,0.506887853145599,1.87966847419739
2927,0.65623664855957,3.75776600837708,3.24734735488892,1.8426718711853,2.96387720108032,3.99699902534485,1.5631777048111,2.79427123069763,0.609709620475769,1.13576018810272,0.0741894766688347,0.387364953756332,1.11664819717407,1.4697539806366,0.964497864246368,1.33100831508636,2.2809145450592,0.610450565814972,0.476849377155304,1.94078016281128
2929,0.680265307426453,3.69439721107483,3.18925094604492,1.843057513237,2.97141790390015,3.97091960906982,1.58789670467377,2.7793984413147,0.564736008644104,1.07541537284851,0.100837796926498,0.386070013046265,1.11937522888184,1.47929060459137,0.960958421230316,1.27986872196198,2.33980512619019,0.585324943065643,0.438465058803558,1.97665786743164
2931,0.669437050819397,3.6748411655426,3.18072962760925,1.82927441596985,2.95166301727295,3.92788934707642,1.55335438251495,2.77211117744446,0.5829958319664,0.99417108297348,0.108108818531036,0.385790586471558,1.11803114414215,1.47324872016907,0.913964867591858,1.22580718994141,2.3287365436554,0.644938290119171,0.376686692237854,2.03459191322327
2933,0.656571507453918,3.66738247871399,3.21497368812561,1.79379653930664,2.91908025741577,3.93216490745544,1.5023695230484,2.77810192108154,0.601727664470673,0.872560977935791,0.0834940001368523,0.352635860443115,1.09939408302307,1.46081244945526,0.848197281360626,1.1660258769989,2.27162432670593,0.704841554164886,0.352657616138458,2.01760244369507
2935,0.643328487873077,3.62859106063843,3.21997284889221,1.80342996120453,2.82680892944336,3.82674884796143,1.45280969142914,2.75844502449036,0.544080257415771,0.795303702354431,-0.000686598592437804,0.312423527240753,1.03549873828888,1.47457480430603,0.770632982254028,1.13204789161682,2.19646978378296,0.744599640369415,0.317500591278076,1.92920327186584
2937,0.590664744377136,3.52859711647034,3.16358304023743,1.83813810348511,2.72137331962585,3.58837747573853,1.37116348743439,2.71741247177124,0.479084402322769,0.818774223327637,-0.120451830327511,0.329720199108124,0.912466108798981,1.47980356216431,0.693396925926208,1.11430966854095,2.11709451675415,0.753018856048584,0.30226656794548,1.80520534515381
2939,0.583193480968475,3.45244407653809,3.07366728782654,1.84041678905487,2.65764212608337,3.34316205978394,1.27211606502533,2.6872444152832,0.490603893995285,0.840476155281067,-0.183173879981041,0.38208281993866,0.722937285900116,1.50551187992096,0.637981295585632,1.09049689769745,2.08113622665405,0.712186813354492,0.299196600914001,1.71371924877167
2941,0.59030956029892,3.36800289154053,3.10650610923767,1.78112018108368,2.63415718078613,3.14120841026306,1.24086487293243,2.68579602241516,0.624873876571655,0.764184713363647,-0.127944752573967,0.383773803710938,0.594540178775787,1.45538151264191,0.623898684978485,1.12364518642426,2.05395150184631,0.689941108226776,0.29598543047905,1.6269633769989
2943,0.52862423658371,3.20138454437256,3.27200222015381,1.67383766174316,2.65081596374512,3.01762509346008,1.27295422554016,2.62793588638306,0.778757452964783,0.68982207775116,-0.0229521971195936,0.342961847782135,0.613472878932953,1.32940280437469,0.593192636966705,1.10070669651031,1.99668550491333,0.643776893615723,0.236389294266701,1.53022122383118
2945,0.522740721702576,3.1287956237793,3.30893135070801,1.59389638900757,2.6179084777832,2.93721604347229,1.37350571155548,2.55288124084473,0.837925255298615,0.687802374362946,0.0488399267196655,0.277036666870117,0.683171272277832,1.22084105014801,0.558185219764709,1.03172969818115,1.94386541843414,0.58111435174942,0.192617371678352,1.42108404636383
2947,0.545528829097748,3.13811850547791,3.1963996887207,1.53775668144226,2.56282806396484,2.86864876747131,1.42321813106537,2.49840807914734,0.720222949981689,0.703479945659637,0.0764041766524315,0.190401181578636,0.685679018497467,1.18046379089355,0.540467202663422,1.08306455612183,1.93099308013916,0.507136344909668,0.191045954823494,1.36236941814423
2949,0.493224740028381,3.16214179992676,3.12713885307312,1.51981687545776,2.66367936134338,2.85226058959961,1.4764723777771,2.43934988975525,0.597650825977325,0.73940497636795,0.072538249194622,0.120621412992477,0.760620176792145,1.15727043151855,0.52963775396347,1.17055654525757,1.97303903102875,0.395089596509933,0.230750203132629,1.3009467124939
2951,0.486268281936646,3.16450691223145,3.02538871765137,1.5206310749054,2.73656821250916,2.86202716827393,1.47801613807678,2.48848152160645,0.588335573673248,0.725511014461517,0.0935748592019081,0.116662763059139,0.879745423793793,1.14859867095947,0.506467998027802,1.20304644107819,1.99101233482361,0.365493148565292,0.180565729737282,1.20216190814972
2953,0.579691350460052,3.17319488525391,2.93704104423523,1.52107679843903,2.69937014579773,2.85847973823547,1.50632536411285,2.64791679382324,0.562463939189911,0.525156199932098,0.171065524220467,0.172897219657898,0.906609714031219,1.12321615219116,0.456400156021118,1.15486073493958,1.92929780483246,0.406934648752213,0.142898857593536,1.16346526145935
2955,0.569074213504791,3.08632612228394,2.99224066734314,1.48605048656464,2.64769411087036,2.9245617389679,1.51987814903259,2.78852009773254,0.563243925571442,0.389572978019714,0.328908652067184,0.252961844205856,0.867398202419281,1.10192179679871,0.408257484436035,1.11032354831696,1.88590216636658,0.364316463470459,0.164223983883858,1.26133155822754
2957,0.452914029359818,3.07325530052185,3.09076452255249,1.34296023845673,2.59890532493591,2.92686867713928,1.49278175830841,2.89752531051636,0.644602239131927,0.437812477350235,0.413876295089722,0.207393482327461,0.839783310890198,1.04332792758942,0.429766684770584,1.05517637729645,1.80548799037933,0.277267694473267,0.204597428441048,1.35846602916718
2959,0.350809574127197,3.06172204017639,3.12144112586975,1.14632260799408,2.50547957420349,2.87171697616577,1.43338620662689,2.98745441436768,0.673162162303925,0.588338017463684,0.289129704236984,0.0812057703733444,0.845260798931122,1.05429184436798,0.358189165592194,0.98039585351944,1.53050529956818,0.225330203771591,0.272573828697205,1.39568150043488
2961,0.3481325507164,3.00499534606934,3.06697821617126,1.05900120735168,2.3788948059082,2.69625115394592,1.27021944522858,3.02154850959778,0.597167789936066,0.707590341567993,0.173594206571579,-0.0243466272950172,0.72804182767868,1.01425051689148,0.199571549892426,0.806248784065247,1.41141378879547,0.147297456860542,0.316576689481735,1.4156299829483
2963,0.398504137992859,2.91575813293457,2.90751051902771,1.05477440357208,2.19557881355286,2.4530029296875,1.16123223304749,2.9995129108429,0.555635154247284,0.687383949756622,0.108232267200947,0.00620284443721175,0.653897166252136,0.935667932033539,0.0302596557885408,0.577580749988556,1.5327136516571,0.0210234001278877,0.396676003932953,1.40044105052948
2965,0.362612217664719,2.7930600643158,2.69105243682861,0.923149824142456,1.94666337966919,2.27135539054871,1.15549886226654,2.81443762779236,0.361094981431961,0.540191411972046,0.0621053352952003,0.0767878368496895,0.726483106613159,0.880699396133423,-0.0586236231029034,0.476481378078461,1.72620213031769,-0.147835552692413,0.573325037956238,1.36029922962189
2967,0.201646909117699,2.73455119132996,2.49184536933899,0.880472779273987,1.7957626581192,2.22941565513611,1.15101683139801,2.60277533531189,0.0095098465681076,0.472500085830688,0.0909112393856049,0.0798265561461449,0.861732304096222,0.867203235626221,-0.0667235553264618,0.456373035907745,1.81773889064789,-0.387231588363647,0.652418613433838,1.29706597328186
2969,0.135839715600014,2.59839081764221,2.37763285636902,0.948936641216278,1.79866456985474,2.27582001686096,1.02386522293091,2.36537647247314,-0.325369507074356,0.638840734958649,0.124183982610703,0.0625761672854424,0.916780054569244,0.867179274559021,-0.185681119561195,0.412165433168411,1.73544347286224,-0.489922910928726,0.440887063741684,1.17168843746185
2971,0.16420790553093,2.69706296920776,2.20574998855591,0.910121738910675,1.59153771400452,2.20078420639038,0.958245277404785,2.16177177429199,-0.510364174842834,0.830559194087982,0.0387847796082497,0.0897791236639023,0.907867133617401,0.671071171760559,-0.291803568601608,0.417398899793625,1.62995064258575,-0.593138575553894,0.0157190561294556,1.16194140911102
2973,0.386523336172104,2.89393067359924,1.93751764297485,0.623300194740295,1.28845047950745,1.88458490371704,1.09106492996216,2.1141152381897,-0.312002748250961,0.857113540172577,-0.0989862307906151,0.0410379618406296,0.851572275161743,0.432512789964676,-0.248026207089424,0.49837252497673,1.59776210784912,-0.792278587818146,-0.221068724989891,1.17058229446411
2975,0.492258369922638,2.80458688735962,1.70828115940094,0.135610714554787,1.169682264328,1.39129853248596,1.00026738643646,2.100266456604,-0.0126574458554387,0.70881313085556,-0.21292681992054,0.0340138375759125,0.786769270896912,0.558010756969452,-0.0698239654302597,0.559324264526367,1.46249186992645,-1.05949068069458,-0.269977807998657,0.9507856965065
2977,0.338095158338547,2.36776447296143,1.82859039306641,-0.433408409357071,1.26845991611481,0.883997321128845,0.840725481510162,2.12064385414124,0.164440140128136,0.382752776145935,-0.434205532073975,0.144844084978104,0.824717044830322,1.06495749950409,0.135627239942551,0.28927606344223,1.26634740829468,-1.06344878673553,-0.310554951429367,1.00570070743561
2979,-0.0186895970255136,2.13517141342163,2.3243043422699,-0.583818554878235,1.28984045982361,0.734942376613617,0.963123083114624,2.1641047000885,0.184919983148575,0.0263513810932636,-0.603940963745117,0.196287751197815,0.402133971452713,1.42251515388489,0.182025745511055,-0.243375137448311,1.03151714801788,-0.939554035663605,-0.161122828722,1.39073705673218
2981,-0.156168937683105,2.29032206535339,2.47740125656128,-0.400779366493225,0.977966845035553,0.863302767276764,1.34403860569,1.93878817558289,0.35015207529068,-0.366229683160782,-0.187685444951057,0.347582459449768,-0.253419727087021,1.19125401973724,0.0475822314620018,-0.912486016750336,0.959605991840363,-1.13044774532318,-0.0644919201731682,1.62271070480347
2983,-0.00083469896344468,1.88472092151642,1.71624565124512,-0.300114274024963,0.22341026365757,1.17826104164124,1.6832263469696,1.66605305671692,0.626184225082397,-0.450057148933411,0.370967507362366,0.614958167076111,-0.944385468959808,1.11420226097107,-0.325177222490311,-1.7189793586731,0.612755358219147,-1.71934199333191,-0.124925181269646,1.75168216228485
2985,0.240683913230896,1.2208651304245,1.09233641624451,-0.0448270030319691,-0.724047362804413,1.46335184574127,1.3894374370575,1.3640547990799,0.611215233802795,-0.575762689113617,0.693161070346832,0.588613390922546,-1.40794694423676,1.01965689659119,-0.938430666923523,-2.59227609634399,-0.337936073541641,-2.18790578842163,0.347368717193604,1.88792216777802
2987,0.235351979732513,0.836659491062164,1.16391980648041,-0.618423879146576,-1.64276838302612,1.27927041053772,0.724914908409119,1.60982882976532,0.222766742110252,-1.13824486732483,0.525610983371735,0.617853462696075,-0.752865672111511,0.501338005065918,-1.2391881942749,-4.34524726867676,-0.428808748722076,-3.04398322105408,0.912667274475098,1.89822804927826
2989,-0.035558458417654,-0.176243975758553,0.362325251102448,-2.10316920280457,-2.02863240242004,0.574758768081665,-0.224999815225601,2.05292725563049,-0.144688844680786,-2.24358153343201,0.406121969223022,1.63639378547668,0.686889171600342,-1.0458904504776,-1.81845009326935,-4.86400175094604,0.260713666677475,-3.28785347938538,1.01478838920593,1.08759164810181
2991,-0.0223685149103403,0.0929626002907753,-0.933425903320313,-2.18719840049744,-1.79244410991669,1.54112303256989,-1.66791653633118,2.85276103019714,-0.485562741756439,-2.85206079483032,0.727433741092682,2.79262065887451,1.44785761833191,-2.361900806427,-2.59501457214355,-3.21314024925232,-0.386988639831543,-3.08881425857544,0.656579434871674,-0.473994672298431
2993,0.497276157140732,-0.234235435724258,-1.91435551643372,-0.514862835407257,-1.09676325321198,2.48299145698547,-1.16316425800323,3.10536098480225,-1.57849931716919,-3.58858108520508,0.795081079006195,3.32595109939575,1.40658354759216,-1.72196841239929,-2.82874178886414,-1.26388299465179,-1.99975895881653,-3.65703415870667,0.512508749961853,-1.30517399311066
2995,0.76614111661911,-0.204009205102921,-2.51755285263062,0.162474393844604,-0.806550920009613,2.06182885169983,0.5996173620224,1.23279440402985,-1.60070180892944,-3.64331150054932,1.54163432121277,3.9156322479248,0.226111695170403,-0.133816748857498,-3.36326265335083,-0.315124064683914,-2.7956440448761,-3.49721479415894,-0.019075920805335,-0.943884789943695
