,"O-PTIR 4/O-PTIR","O-PTIR 5/O-PTIR","O-PTIR 6/O-PTIR","O-PTIR 7/O-PTIR","O-PTIR 8/O-PTIR","O-PTIR 9/O-PTIR","O-PTIR 10/O-PTIR","O-PTIR 11/O-PTIR","O-PTIR 1/O-PTIR","O-PTIR 2/O-PTIR","O-PTIR 3/O-PTIR","O-PTIR 4/O-PTIR","O-PTIR 5/O-PTIR","O-PTIR 6/O-PTIR","O-PTIR 7/O-PTIR","O-PTIR 9/O-PTIR","O-PTIR 10/O-PTIR","O-PTIR 13/O-PTIR","O-PTIR 14/O-PTIR"
,-927.75,-900.450012207031,-887.700012207031,-901.299987792969,-876.599975585938,-875.75,-914.099975585938,-937.099975585938,-929.450012207031,-931.799987792969,-916.700012207031,-896.849975585938,-896.849975585938,-879.75,-871.75,-899.599975585938,-909.150024414063,-948.900024414063,-956.849975585938
,6467.9599609375,6479.009765625,6498.60986328125,6511.41015625,6502.009765625,6482.4599609375,6457.7099609375,6476.4599609375,6456.66015625,6468.56005859375,6457.06005859375,6474.56005859375,6485.66015625,6478.91015625,6488.4599609375,6517.85986328125,6509.91015625,6470.56005859375,6471.759765625
923,1.02279877662659,0.317378491163254,0.194553419947624,-3.10836267471313,-1.56284189224243,-4.57955121994019,0.137560561299324,3.82693195343018,1.54120182991028,-6.24818134307861,-4.50040578842163,1.18813228607178,3.61962676048279,5.42654323577881,5.72496032714844,7.97183609008789,-2.11506104469299,2.96204280853271,0.339997470378876
925,0.0229486227035522,0.0115533350035548,0.565249562263489,-4.23304986953735,-1.63521635532379,-5.74584913253784,-0.965241253376007,4.91143465042114,1.13609445095062,-3.68568658828735,-0.835982203483582,3.78274893760681,2.6396586894989,6.27759408950806,6.82642698287964,5.77164459228516,-0.143884181976318,2.98102045059204,-0.855231940746307
927,-1.63027513027191,-1.11266195774078,0.610272526741028,-3.23724389076233,-2.21466898918152,-5.7719030380249,-2.22952389717102,6.68608379364014,2.49351954460144,-1.71697425842285,-0.410208165645599,5.20192527770996,-0.0518961176276207,5.49944639205933,7.18847846984863,3.14306664466858,1.60139966011047,3.87575173377991,-0.440224796533585
929,-1.70787763595581,-3.51684260368347,1.37889838218689,-2.18261408805847,-3.79953289031982,-4.43402862548828,-1.69728875160217,6.70439863204956,4.88788604736328,-2.13308262825012,-0.69451916217804,5.37146854400635,0.129436135292053,5.20290422439575,6.01566553115845,0.442399263381958,1.94767928123474,4.33918762207031,-0.139456197619438
931,-2.27088499069214,-4.20195579528809,1.28235614299774,1.15331447124481,-4.58636522293091,-2.9486072063446,-2.33936405181885,4.48554229736328,5.09291696548462,-2.17912435531616,-0.971218347549438,3.7327356338501,-1.15359055995941,4.43577527999878,3.3672194480896,-2.10119199752808,0.988524913787842,4.28591108322144,-1.54596841335297
933,-0.781834244728088,-3.12570643424988,0.33319216966629,1.77192282676697,-2.35898184776306,-2.10863041877747,-2.54819965362549,1.65170776844025,2.20851755142212,-1.1755678653717,-0.757212817668915,2.53233051300049,0.624538898468018,1.16109097003937,0.326951205730438,-2.96263098716736,-0.939322829246521,3.40715217590332,-1.42955315113068
935,0.0466558150947094,-2.19829964637756,0.373325198888779,1.87392783164978,-2.01433372497559,-1.01089715957642,-1.39340496063232,0.672181129455566,-0.0640447586774826,-1.19278490543365,-0.39101642370224,2.87923812866211,0.336564630270004,-0.219757542014122,-0.66106790304184,-1.76708424091339,-0.580055832862854,2.80952978134155,-0.772472262382507
937,-0.153510481119156,-0.578414857387543,0.196741789579391,1.57984411716461,-1.67316091060638,-0.801066756248474,-0.430988758802414,0.641541481018066,-0.298710912466049,-0.235008090734482,-0.11276825517416,1.7716600894928,-0.100172989070415,0.353644609451294,-0.485255688428879,-1.09421515464783,-0.052973747253418,1.4995698928833,-0.50639420747757
939,-0.479067504405975,0.238451242446899,-0.214499920606613,0.878364324569702,-0.796084225177765,-0.568002820014954,-0.684129893779755,0.543701827526093,-0.472836166620255,0.543475985527039,-0.111547015607357,0.918536007404327,0.0925023257732391,0.451423197984695,0.489873230457306,-0.548971056938171,-0.338308423757553,0.629149377346039,-0.770716786384583
941,-0.320556789636612,0.285745412111282,-0.449599534273148,-0.397221088409424,-0.489381283521652,0.0417880639433861,-1.31515967845917,0.151730731129646,-0.655968308448792,0.918615996837616,-0.0236716419458389,0.764746785163879,-0.100764416158199,0.190511047840118,0.991620719432831,0.127496182918549,-0.328570663928986,0.617341995239258,-1.11188137531281
943,-0.180733293294907,0.150063171982765,-0.456130504608154,-0.960893332958221,-0.784290611743927,0.568974792957306,-1.4275723695755,-0.0555366277694702,-0.818860590457916,0.668796598911285,-0.0197971556335688,0.353461712598801,-0.38693967461586,-0.104619413614273,0.661232829093933,-0.320866286754608,-0.584724247455597,0.442191928625107,-1.20758986473083
945,-0.539587676525116,0.303011506795883,-0.489354968070984,-0.748992204666138,-0.590249001979828,0.267542213201523,-1.07684695720673,-0.496355414390564,-0.823408842086792,-0.147770345211029,-0.404726654291153,-0.0767317265272141,-0.730101346969604,-0.461994260549545,0.195387154817581,-0.798105597496033,-0.612447917461395,0.64995938539505,-0.845652163028717
947,-0.529054343700409,0.339249432086945,-0.4872707426548,-0.53657054901123,0.0504316352307796,0.0462908037006855,-0.674802541732788,-0.558240830898285,-0.713595867156982,-0.37101998925209,-0.562767267227173,-0.458472341299057,-0.50247323513031,-0.457486867904663,-0.0802445411682129,-0.70103532075882,-0.299195259809494,1.01153564453125,-0.435827851295471
949,-0.298806041479111,0.211789384484291,-0.383277475833893,-0.13657520711422,0.370712578296661,0.0513688437640667,-0.259875297546387,-0.499372601509094,-0.427483260631561,-0.422281920909882,-0.328124105930328,-0.76425963640213,0.129315987229347,-0.127068415284157,-0.298158437013626,-0.627956092357635,-0.136411726474762,1.08362507820129,-0.0466849356889725
951,-0.391085118055344,0.200717255473137,-0.565950512886047,0.240196123719215,0.420494556427002,0.148934841156006,0.247878909111023,-0.50568687915802,-0.230854675173759,-0.368517816066742,-0.173629716038704,-0.48518893122673,0.55939394235611,0.178113996982574,-0.276054710149765,-0.581643462181091,-0.0303538236767054,1.05043184757233,0.0422844216227531
953,-0.431094884872437,0.260851234197617,-0.47755953669548,0.21924364566803,0.395016968250275,0.215235516428947,0.462491184473038,-0.470164209604263,-0.221281126141548,-0.214594006538391,0.0737176612019539,-0.365014225244522,0.834134817123413,0.331181168556213,-0.308036863803864,-0.441218882799149,0.114621706306934,0.976605355739594,0.064241498708725
955,-0.306788831949234,0.382687598466873,-0.434813320636749,-0.0021255083847791,0.26634207367897,0.152646794915199,0.725727081298828,-0.464218586683273,-0.256670653820038,0.0166470389813185,0.348976224660873,-0.303746551275253,0.953623831272125,0.284422874450684,-0.227472484111786,-0.160509929060936,0.246626779437065,0.944358110427856,0.153895601630211
957,-0.261633843183517,0.430394232273102,-0.453812509775162,-0.202718660235405,0.152850046753883,-0.0275388695299625,0.808686375617981,-0.461209625005722,-0.106644034385681,0.184506073594093,0.486174672842026,-0.28020179271698,1.02871775627136,0.0853540748357773,-0.226908192038536,0.170702397823334,0.441437423229218,1.15759217739105,0.0469787605106831
959,-0.35796794295311,0.509387671947479,-0.499573796987534,-0.25266021490097,-0.0061982860788703,-0.0918549597263336,0.809682369232178,-0.357013374567032,-0.016980642452836,0.0542041286826134,0.619396865367889,-0.206753805279732,1.01666283607483,0.00829389598220587,-0.264955163002014,0.310464888811111,0.7097247838974,1.49317109584808,-0.306789100170135
961,-0.306949615478516,0.62841522693634,-0.333262890577316,-0.243772327899933,-0.00500037614256144,-0.0469232611358166,0.866104364395142,-0.196901738643646,-0.145642936229706,-0.0166663751006126,0.658442378044128,-0.0357991494238377,1.07456851005554,0.02318992651999,-0.219563350081444,0.312655240297318,0.854344367980957,1.67350077629089,-0.177637025713921
963,-0.287198752164841,0.745829105377197,-0.219847410917282,-0.044099997729063,0.33739310503006,-0.0122779104858637,0.949348926544189,-0.0618447177112103,-0.363387376070023,0.0259034018963575,0.601837277412415,0.0723951160907745,1.2243105173111,0.101152956485748,-0.15328374505043,0.551175117492676,0.818839430809021,1.80139684677124,-0.00115106406155974
965,-0.285230815410614,0.814996540546417,-0.225571900606155,0.0829395353794098,0.724190890789032,-0.0138262808322906,1.03624475002289,-0.0739796757698059,-0.328212887048721,0.13247337937355,0.623450517654419,0.0575810074806213,1.39571523666382,0.195265397429466,-0.102889664471149,0.814525544643402,0.717864334583282,2.04824805259705,0.221821457147598
967,-0.206472545862198,0.864566206932068,-0.150654509663582,0.0519947037100792,0.879888951778412,-0.0572716630995274,1.26425135135651,-0.0634926930069923,-0.3153215944767,0.201973393559456,0.578153371810913,-0.106565773487091,1.51749050617218,0.249637573957443,-0.0659785643219948,1.01886343955994,0.651939749717712,2.330646276474,0.280492752790451
969,-0.0941238030791283,0.922676503658295,-0.0474892072379589,-0.0473022051155567,0.823167562484741,-0.154846236109734,1.48939883708954,-0.0918644666671753,-0.375447988510132,0.340251594781876,0.476555436849594,-0.219126805663109,1.62600684165955,0.368273764848709,-0.13387568295002,1.16479325294495,0.570523679256439,2.48931741714478,0.280193388462067
971,0.00555153703317046,0.99572092294693,0.0398666150867939,-0.0948759317398071,0.886465430259705,-0.173296347260475,1.67138743400574,-0.107553854584694,-0.353724718093872,0.299451112747192,0.467501074075699,-0.218305960297585,1.69233655929565,0.418636411428452,-0.169634535908699,1.36220097541809,0.531481564044952,2.65663552284241,0.316725730895996
973,0.109626591205597,1.03544199466705,0.140073552727699,-0.125519320368767,1.04427337646484,-0.133982673287392,1.7741152048111,-0.034304104745388,-0.242084532976151,0.251365900039673,0.606570482254028,-0.228327259421349,1.65607476234436,0.459471821784973,-0.0408295840024948,1.56866419315338,0.541834056377411,2.88097810745239,0.404438257217407
975,0.18891566991806,1.12692642211914,0.21365150809288,-0.106725752353668,1.1948709487915,-0.1804219186306,1.88980436325073,0.0293683893978596,-0.0530077181756496,0.347753167152405,0.839588642120361,-0.144253253936768,1.62330746650696,0.45423036813736,-0.031496025621891,1.70974659919739,0.558301329612732,3.07790040969849,0.643466413021088
977,0.215207144618034,1.22616446018219,0.22317561507225,-0.0519189648330212,1.36552834510803,-0.18523895740509,1.96173524856567,0.0431906133890152,0.0490746162831783,0.454374015331268,0.982140064239502,-0.0746106430888176,1.59218621253967,0.514793038368225,-0.0212163403630257,1.76079273223877,0.634544610977173,3.1974835395813,0.888287007808685
979,0.177445441484451,1.26484251022339,0.255167007446289,-0.0279398504644632,1.46431839466095,-0.150972634553909,1.96937906742096,0.0516717098653316,0.159898027777672,0.519688546657562,0.970356523990631,0.00554333627223969,1.60093426704407,0.557419955730438,-0.010103540495038,1.75339162349701,0.63401859998703,3.23851132392883,1.07010233402252
981,0.169045701622963,1.33291804790497,0.34900763630867,-0.0405799448490143,1.55413556098938,-0.0547851137816906,1.94866037368774,0.10227607190609,0.274681150913239,0.59341299533844,0.946475803852081,0.072010338306427,1.65481054782867,0.519375205039978,0.00512457359582186,1.81282496452332,0.537844717502594,3.21879005432129,1.16553628444672
983,0.248981833457947,1.40652632713318,0.45021003484726,-0.0804012417793274,1.60624063014984,0.0228320229798555,1.90597319602966,0.191894546151161,0.370396316051483,0.693118393421173,1.00762474536896,0.0472468100488186,1.8308230638504,0.484881788492203,0.0128830699250102,1.91072571277618,0.448683649301529,3.23117995262146,1.25940048694611
985,0.330954879522324,1.42091238498688,0.510281980037689,-0.052617572247982,1.63443124294281,0.0794426947832108,1.83240795135498,0.21247923374176,0.398010790348053,0.811447203159332,1.14105594158173,-0.000828552234452218,1.97463881969452,0.508883774280548,0.0208995901048183,2.02437663078308,0.416563004255295,3.40054750442505,1.41598737239838
987,0.333916068077087,1.45332789421082,0.5114506483078,0.0554882809519768,1.61419224739075,0.117297768592834,1.77246487140656,0.226098999381065,0.382490992546082,0.89046972990036,1.25380074977875,0.0334017649292946,1.98085224628448,0.573499083518982,-0.0133963748812675,2.08751201629639,0.435176819562912,3.59977841377258,1.57500827312469
989,0.333343237638474,1.48268926143646,0.495960265398026,0.146057173609734,1.63406622409821,0.0771233066916466,1.78787922859192,0.285529375076294,0.40070641040802,0.95633465051651,1.3147257566452,0.0751668736338615,1.95243906974792,0.665419578552246,-0.0294331591576338,2.10005140304565,0.477882087230682,3.69819903373718,1.75438189506531
991,0.340057373046875,1.53615915775299,0.525991141796112,0.196281403303146,1.71963810920715,-0.00180983194150031,1.83608746528625,0.331165641546249,0.464916378259659,1.00069940090179,1.33448588848114,0.0911392420530319,1.92707192897797,0.726405024528503,-0.0270124413073063,2.19480538368225,0.536146104335785,3.66031527519226,1.94526529312134
993,0.385715842247009,1.58175480365753,0.552920520305634,0.238417699933052,1.80623078346252,-0.0461013950407505,1.88946878910065,0.347155898809433,0.513277769088745,1.02316784858704,1.37606370449066,0.178436651825905,1.93312346935272,0.703907430171967,-0.0440620481967926,2.39762735366821,0.588302552700043,3.59828066825867,2.14595985412598
995,0.437011331319809,1.63711738586426,0.557892680168152,0.242053374648094,1.87689352035522,-0.100073039531708,1.92881155014038,0.38699072599411,0.544115126132965,1.05735778808594,1.45168364048004,0.286767095327377,2.05033755302429,0.692680478096008,-0.0594959147274494,2.56667304039001,0.59869110584259,3.54798436164856,2.3377411365509
997,0.489106595516205,1.69270491600037,0.577334344387054,0.242783278226852,2.01469492912292,-0.0638885200023651,2.04410243034363,0.501235663890839,0.567639410495758,1.17504632472992,1.49322557449341,0.428781241178513,2.19377374649048,0.705167829990387,0.0375305637717247,2.67788696289063,0.586634457111359,3.55892968177795,2.54507350921631
999,0.586878716945648,1.75174522399902,0.621806561946869,0.315643578767776,2.27965426445007,0.0308056864887476,2.23746657371521,0.638029992580414,0.614252209663391,1.2861008644104,1.52581465244293,0.552241861820221,2.34329962730408,0.707797765731812,0.0597026273608208,2.78642797470093,0.639154255390167,3.64862132072449,2.72395086288452
1001,0.725948750972748,1.8448052406311,0.666940331459045,0.419129252433777,2.49658679962158,0.135760754346848,2.46536636352539,0.722809016704559,0.702063083648682,1.37931764125824,1.56693065166473,0.641554117202759,2.49629259109497,0.726749420166016,0.0875091850757599,2.91589856147766,0.684155941009521,3.86509418487549,2.91446089744568
1003,0.836085140705109,1.95984649658203,0.721747040748596,0.475810468196869,2.63310098648071,0.207754626870155,2.626793384552,0.830052435398102,0.84827446937561,1.50485360622406,1.65393435955048,0.668377101421356,2.60394811630249,0.763686895370483,0.185845643281937,3.04947447776794,0.72177928686142,4.1841893196106,3.19969844818115
1005,0.891894936561584,2.01491117477417,0.762397468090057,0.529264807701111,2.74734234809875,0.229305863380432,2.7197322845459,0.974147200584412,1.04966676235199,1.6289427280426,1.75556659698486,0.670812547206879,2.73677825927734,0.78665018081665,0.246770188212395,3.12758207321167,0.773243725299835,4.52381324768066,3.49111843109131
1007,0.916767060756683,2.06353545188904,0.804740607738495,0.562135100364685,2.86642551422119,0.247445702552795,2.84230709075928,1.07267546653748,1.18295788764954,1.66065967082977,1.8418242931366,0.657460153102875,2.8962414264679,0.78006500005722,0.357712745666504,3.18749618530273,0.801045894622803,4.86212348937988,3.77230906486511
1009,0.970632493495941,2.18441462516785,0.8726447224617,0.549207627773285,3.01367878913879,0.320730596780777,3.03786945343018,1.16425824165344,1.24746406078339,1.65254819393158,1.93955230712891,0.700930833816528,2.9898157119751,0.836181044578552,0.4322210252285,3.2624249458313,0.800052106380463,5.28258180618286,3.98968005180359
1011,1.06618905067444,2.38015913963318,0.939752995967865,0.514315128326416,3.20394897460938,0.396270275115967,3.23921465873718,1.2801741361618,1.31751251220703,1.66565799713135,2.02401256561279,0.812694549560547,3.11236643791199,0.961148023605347,0.494257748126984,3.41524243354797,0.818592965602875,5.72473478317261,4.24165058135986
1013,1.168705701828,2.53397989273071,0.964025795459747,0.499080449342728,3.4059739112854,0.479371726512909,3.35049939155579,1.35667431354523,1.43624472618103,1.78917133808136,2.12241959571838,0.912766814231873,3.29135417938232,1.0840699672699,0.584360241889954,3.61279892921448,0.844021677970886,6.00637102127075,4.51639175415039
1015,1.31915819644928,2.64827847480774,0.971220850944519,0.58459883928299,3.66148686408997,0.592526137828827,3.34760165214539,1.4332662820816,1.59775352478027,1.94564211368561,2.23513960838318,1.0228545665741,3.53693127632141,1.1813223361969,0.640413820743561,3.80504250526428,0.94458532333374,6.13187599182129,4.75704383850098
1017,1.52178287506104,2.76271176338196,0.990077316761017,0.726830840110779,3.96358323097229,0.724770188331604,3.39540457725525,1.50817406177521,1.82496297359467,2.05117034912109,2.31435394287109,1.19907021522522,3.81102156639099,1.2426563501358,0.644354522228241,4.00700426101685,1.06895542144775,6.17392110824585,5.03646850585938
1019,1.79955279827118,2.86704206466675,1.00735783576965,0.923928260803223,4.24866628646851,0.813024640083313,3.59091806411743,1.61030685901642,2.10762238502502,2.18266582489014,2.43553233146667,1.46723592281342,4.08447551727295,1.29425930976868,0.652022302150726,4.22773456573486,1.16199660301208,6.24148321151733,5.43663024902344
1021,2.12245988845825,3.01083874702454,1.04037952423096,1.09723305702209,4.49731492996216,0.885720193386078,3.88127279281616,1.70616459846497,2.40338492393494,2.34007596969604,2.58693289756775,1.76812326908112,4.43687534332275,1.35655283927917,0.731517016887665,4.49244070053101,1.26620495319366,6.33751821517944,5.93373250961304
1023,2.46746897697449,3.2061026096344,1.10690081119537,1.22361922264099,4.75106525421143,0.98381245136261,4.20161533355713,1.81409573554993,2.75623917579651,2.51449203491211,2.76587772369385,2.02588629722595,4.90011024475098,1.41140604019165,0.827387392520905,4.84815740585327,1.43586027622223,6.34137392044067,6.51318502426147
1025,2.81491327285767,3.40112805366516,1.18634259700775,1.3311083316803,5.01895999908447,1.09402692317963,4.5304651260376,1.93804728984833,3.18232536315918,2.58550643920898,2.95889854431152,2.26990437507629,5.38665676116943,1.47729027271271,0.884098708629608,5.23038864135742,1.62950575351715,6.23416662216187,7.09968185424805
1027,3.06816697120667,3.560791015625,1.24833369255066,1.42979085445404,5.23636817932129,1.19300270080566,4.84159231185913,2.06101560592651,3.52897477149963,2.58633756637573,3.10802555084229,2.51208806037903,5.7784252166748,1.56748616695404,0.957180082798004,5.53105926513672,1.75743699073792,6.15418577194214,7.60430097579956
1029,3.11529755592346,3.67280983924866,1.2920697927475,1.4865700006485,5.31007623672485,1.29585540294647,5.03776693344116,2.12997817993164,3.7135968208313,2.54721856117249,3.18582940101624,2.68906617164612,5.9518346786499,1.57892251014709,1.0538923740387,5.65080881118774,1.77053487300873,6.10596752166748,7.97603416442871
1031,2.99435973167419,3.70047783851624,1.33089005947113,1.47641456127167,5.30898523330688,1.40511834621429,5.08163928985596,2.11398911476135,3.72483587265015,2.50777769088745,3.21941375732422,2.76354122161865,5.87838840484619,1.49860846996307,1.11899924278259,5.59565162658691,1.64598226547241,6.01700353622437,8.2073450088501
1033,2.79218554496765,3.66188263893127,1.32577681541443,1.40468299388885,5.30280494689941,1.45201337337494,4.92749691009521,2.05818963050842,3.62231659889221,2.47433161735535,3.2088668346405,2.73470544815063,5.58495330810547,1.37168955802917,1.16782426834106,5.41943693161011,1.44220745563507,5.88887643814087,8.2550802230835
1035,2.57973647117615,3.60167169570923,1.29491376876831,1.30198001861572,5.2593994140625,1.42479157447815,4.66861343383789,1.99224007129669,3.48938894271851,2.40448975563049,3.15487122535706,2.60751104354858,5.22178268432617,1.28929960727692,1.15442180633545,5.22368049621582,1.28505957126617,5.85610771179199,8.13508224487305
1037,2.43154048919678,3.56857800483704,1.25658369064331,1.21450757980347,5.17874431610107,1.34773004055023,4.47872734069824,1.93010103702545,3.36861300468445,2.36973524093628,3.12135720252991,2.43229055404663,4.94914054870605,1.2934901714325,1.10140681266785,5.09100961685181,1.17030501365662,5.99710845947266,7.9933934211731
1039,2.37167453765869,3.57094407081604,1.224653840065,1.21604907512665,5.10535478591919,1.27706074714661,4.37157726287842,1.90165781974792,3.32217526435852,2.39485096931458,3.12181544303894,2.26651549339294,4.81606483459473,1.33567178249359,1.07097017765045,5.01702117919922,1.09115362167358,6.15930604934692,7.90047645568848
1041,2.3275740146637,3.56881594657898,1.22186148166656,1.23992097377777,5.06622409820557,1.24953722953796,4.31475305557251,1.94088888168335,3.31577634811401,2.45224928855896,3.12664294242859,2.12550091743469,4.77662229537964,1.36510515213013,1.07379066944122,4.989586353302,1.07863628864288,6.22466230392456,7.82344198226929
1043,2.31262040138245,3.55250668525696,1.22630667686462,1.23880660533905,5.07178592681885,1.23676872253418,4.3043212890625,2.02952575683594,3.37297320365906,2.5044093132019,3.11228656768799,2.03319644927979,4.83006191253662,1.3600355386734,1.09818577766418,5.01939821243286,1.09397077560425,6.25274038314819,7.75383472442627
1045,2.33479690551758,3.5386905670166,1.20592033863068,1.23842215538025,5.11050224304199,1.2165048122406,4.37906694412231,2.11738228797913,3.48775959014893,2.54182171821594,3.08346629142761,2.03702664375305,4.9387059211731,1.33878469467163,1.1033148765564,5.06572151184082,1.11553168296814,6.32938718795776,7.69628858566284
1047,2.40800428390503,3.55713033676147,1.20690906047821,1.25509357452393,5.1746940612793,1.23091721534729,4.48992300033569,2.1710991859436,3.63674187660217,2.60515975952148,3.05936789512634,2.1045184135437,5.11755418777466,1.33151268959045,1.10617971420288,5.0853419303894,1.11755812168121,6.38733196258545,7.63668775558472
1049,2.50106334686279,3.61089944839478,1.25316071510315,1.28461396694183,5.27332019805908,1.29970121383667,4.55427646636963,2.24223875999451,3.78360438346863,2.63892817497253,3.05808067321777,2.19393920898438,5.27491092681885,1.30887651443481,1.14076733589172,5.07277488708496,1.12190496921539,6.27882671356201,7.64030361175537
1051,2.58950710296631,3.65386486053467,1.28866410255432,1.33485198020935,5.36144399642944,1.37583911418915,4.54333114624023,2.34127712249756,3.92575860023499,2.65412402153015,3.07822966575623,2.24344754219055,5.37368249893188,1.26467108726501,1.15796530246735,5.07667255401611,1.14852178096771,5.98365211486816,7.70487451553345
1053,2.69899249076843,3.70768260955811,1.27796983718872,1.37482130527496,5.44095706939697,1.46086442470551,4.52565050125122,2.41406941413879,4.07756567001343,2.69917440414429,3.11250042915344,2.28738737106323,5.45095443725586,1.24316787719727,1.15973353385925,5.09646272659302,1.18495690822601,5.70026922225952,7.77651882171631
1055,2.86789679527283,3.73886108398438,1.27797520160675,1.44643783569336,5.55359411239624,1.52823686599731,4.52809381484985,2.46051168441772,4.2585973739624,2.69652342796326,3.12126898765564,2.29780006408691,5.5690746307373,1.20753216743469,1.18898689746857,5.12355947494507,1.24559330940247,5.60781192779541,7.89867115020752
1057,3.04001522064209,3.759929895401,1.33518517017365,1.56894266605377,5.71195459365845,1.56812369823456,4.56877994537354,2.53280210494995,4.46920442581177,2.66714262962341,3.11652994155884,2.31728219985962,5.77446460723877,1.12996244430542,1.27121388912201,5.185631275177,1.30589640140533,5.66464805603027,8.05222225189209
1059,3.16644096374512,3.792884349823,1.40108513832092,1.69094121456146,5.88312339782715,1.56441354751587,4.64482879638672,2.59937906265259,4.68350028991699,2.69607925415039,3.15352630615234,2.37077569961548,6.01272964477539,1.05445683002472,1.33335840702057,5.30952453613281,1.35442423820496,5.74546241760254,8.19904518127441
1061,3.26780343055725,3.85390043258667,1.41342878341675,1.8014622926712,6.04424333572388,1.53499674797058,4.73522424697876,2.68005037307739,4.91238784790039,2.7575318813324,3.19815397262573,2.40227508544922,6.28344249725342,1.00817465782166,1.34527993202209,5.43588447570801,1.39304387569427,5.82989740371704,8.2860107421875
1063,3.3763370513916,3.90405821800232,1.37610220909119,1.90292966365814,6.21633625030518,1.48759412765503,4.80426836013794,2.76917695999146,5.11939334869385,2.84228754043579,3.24358725547791,2.44948434829712,6.62751579284668,1.04859638214111,1.33510673046112,5.53266906738281,1.37914216518402,5.98435974121094,8.32507228851318
1065,3.47885370254517,3.94473719596863,1.34014809131622,1.99812114238739,6.44713068008423,1.49745213985443,4.78623867034912,2.8465793132782,5.31657743453979,2.95159912109375,3.30037021636963,2.53032374382019,7.01140308380127,1.1351455450058,1.31984305381775,5.58441543579102,1.34233391284943,6.24988460540771,8.44022274017334
1067,3.5287868976593,3.96564173698425,1.35691773891449,2.04942560195923,6.66492700576782,1.54972589015961,4.70595979690552,2.92634081840515,5.48811340332031,3.05191969871521,3.33290076255798,2.56658267974854,7.28487014770508,1.21115481853485,1.30454802513123,5.60918712615967,1.35379028320313,6.47823524475098,8.62070274353027
1069,3.52039194107056,3.9536292552948,1.36728322505951,2.07630562782288,6.80919027328491,1.56084668636322,4.62894439697266,2.96513175964355,5.56553602218628,3.08650398254395,3.31338787078857,2.55335354804993,7.42289447784424,1.24628138542175,1.2901839017868,5.57770776748657,1.37844896316528,6.62874126434326,8.73876476287842
1071,3.46736311912537,3.92185139656067,1.3614342212677,2.10574746131897,6.89287233352661,1.50756311416626,4.59227228164673,2.95573282241821,5.55353975296021,3.07650423049927,3.29640626907349,2.53224611282349,7.50380229949951,1.25344157218933,1.29336655139923,5.5102276802063,1.35580193996429,6.75133752822876,8.76142692565918
1073,3.41669392585754,3.88935470581055,1.36746644973755,2.13310074806213,6.90367126464844,1.39858329296112,4.55101013183594,2.93226742744446,5.50251483917236,3.06976389884949,3.27253031730652,2.48302483558655,7.52960681915283,1.23732781410217,1.26080191135406,5.41243934631348,1.29029166698456,6.83036661148071,8.69656276702881
1075,3.36076617240906,3.87606644630432,1.3936356306076,2.15655875205994,6.85369873046875,1.32315814495087,4.45696258544922,2.93709492683411,5.46975374221802,3.03763222694397,3.19146966934204,2.38254332542419,7.42263221740723,1.14670419692993,1.23922801017761,5.31314849853516,1.17247223854065,6.82643270492554,8.58652496337891
1077,3.24925255775452,3.85935831069946,1.42566120624542,2.15622973442078,6.70522546768188,1.25808417797089,4.3451361656189,2.92733931541443,5.43785762786865,2.9239387512207,3.09257411956787,2.21406602859497,7.23995923995972,1.0128790140152,1.22462105751038,5.22115182876587,1.05371272563934,6.70062065124512,8.38960552215576
1079,3.12809300422668,3.78223776817322,1.41644728183746,2.14647197723389,6.49935245513916,1.23031604290009,4.26837730407715,2.90891313552856,5.35944509506226,2.76357245445251,3.00316858291626,2.02180886268616,7.10326528549194,0.875948846340179,1.21131932735443,5.12695074081421,0.967538297176361,6.52978038787842,8.06162452697754
1081,3.03270840644836,3.64221429824829,1.36813044548035,2.099613904953,6.29654836654663,1.28188931941986,4.21883344650269,2.89246225357056,5.25042295455933,2.67790865898132,2.93842005729675,1.84153997898102,7.0357813835144,0.777174353599548,1.1935852766037,5.04004049301147,0.909419119358063,6.29248809814453,7.65176200866699
1083,2.9737446308136,3.50509786605835,1.33234000205994,2.0619010925293,6.0973687171936,1.38016390800476,4.10722160339355,2.8648624420166,5.13216543197632,2.62172031402588,2.89784479141235,1.68448567390442,6.91612529754639,0.735891163349152,1.18000423908234,4.92049503326416,0.864098370075226,6.00041007995605,7.19574165344238
1085,2.88868427276611,3.38872170448303,1.31383574008942,2.02065014839172,5.88107967376709,1.41550409793854,3.90207767486572,2.8394341468811,5.04394102096558,2.55695199966431,2.83947086334229,1.50705587863922,6.69666004180908,0.734687209129333,1.18969619274139,4.786452293396,0.838688790798187,5.69573307037354,6.69702577590942
1087,2.79696440696716,3.28215050697327,1.26495361328125,1.92628288269043,5.63486003875732,1.34519529342651,3.71563029289246,2.83353757858276,4.96961402893066,2.44146180152893,2.7565438747406,1.3416600227356,6.41165351867676,0.770769774913788,1.18071734905243,4.67185020446777,0.816111207008362,5.45873212814331,6.19750213623047
1089,2.71924495697021,3.19704341888428,1.1986175775528,1.82337319850922,5.36900281906128,1.2137451171875,3.59780764579773,2.83056354522705,4.90641021728516,2.28526258468628,2.68467307090759,1.20328915119171,6.13453817367554,0.809912025928497,1.17912638187408,4.55381441116333,0.792486071586609,5.2663688659668,5.74779653549194
1091,2.68657970428467,3.10524868965149,1.15180647373199,1.7911388874054,5.18060731887817,1.13116192817688,3.52415084838867,2.82591009140015,4.84121513366699,2.15584468841553,2.61778926849365,1.05044031143188,5.92126560211182,0.852908730506897,1.19345164299011,4.42379188537598,0.757026851177216,5.09085178375244,5.3763313293457
1093,2.66056537628174,3.01090335845947,1.14028799533844,1.78882348537445,5.07885313034058,1.08183419704437,3.44108653068542,2.80950236320496,4.77304553985596,2.06718611717224,2.54228711128235,0.907153367996216,5.7721061706543,0.858521461486816,1.20825040340424,4.28573513031006,0.740098714828491,4.95290660858154,5.06491041183472
1095,2.64183664321899,2.92510867118835,1.12835693359375,1.76457011699677,4.988205909729,0.984407603740692,3.38214063644409,2.79766535758972,4.70241022109985,2.03877925872803,2.44855189323425,0.80035263299942,5.69411420822144,0.852941870689392,1.21086847782135,4.160719871521,0.704396784305573,4.84420585632324,4.7777795791626
1097,2.63986945152283,2.85073208808899,1.11800599098206,1.73584723472595,4.90687894821167,0.885848522186279,3.37374258041382,2.76674032211304,4.59324550628662,2.04370951652527,2.36067533493042,0.74192887544632,5.6549072265625,0.837689816951752,1.22312688827515,4.04102659225464,0.638297140598297,4.7731146812439,4.50547361373901
1099,2.65009927749634,2.81229209899902,1.13818717002869,1.70784890651703,4.85239505767822,0.837133288383484,3.33238363265991,2.73895859718323,4.48979711532593,2.04762172698975,2.28134679794312,0.712851881980896,5.562828540802,0.782247245311737,1.24244272708893,3.88907194137573,0.621627748012543,4.72758054733276,4.27586555480957
1101,2.65963292121887,2.79154825210571,1.1519660949707,1.68358027935028,4.79530668258667,0.836727738380432,3.18697643280029,2.70427870750427,4.4210524559021,2.03841686248779,2.22162318229675,0.653850197792053,5.39627981185913,0.717768788337708,1.24076974391937,3.73447799682617,0.615828573703766,4.68585443496704,4.05882024765015
1103,2.65535759925842,2.75301551818848,1.12308478355408,1.7011810541153,4.72552871704102,0.808115899562836,3.00447607040405,2.6633768081665,4.38999271392822,2.01819324493408,2.18763589859009,0.601527690887451,5.18893146514893,0.67389839887619,1.2164843082428,3.60103416442871,0.601065397262573,4.63488626480103,3.86009645462036
1105,2.64227366447449,2.67774772644043,1.06196999549866,1.71437680721283,4.66557168960571,0.728506922721863,2.85952544212341,2.63908815383911,4.37740468978882,2.02232003211975,2.17795944213867,0.555672109127045,5.02911043167114,0.64180850982666,1.19017028808594,3.47260189056396,0.596240341663361,4.62824487686157,3.66961884498596
1107,2.64029407501221,2.60646843910217,1.00177764892578,1.73478400707245,4.61707592010498,0.64426451921463,2.74809098243713,2.61655449867249,4.34757900238037,2.01620221138,2.16936445236206,0.52569705247879,4.94464111328125,0.63828432559967,1.17336881160736,3.39366316795349,0.566920280456543,4.70778703689575,3.52039098739624
1109,2.6644811630249,2.5567581653595,0.978767931461334,1.76129043102264,4.59867763519287,0.589035749435425,2.6239869594574,2.58375215530396,4.30483436584473,2.00869297981262,2.13978838920593,0.508431911468506,4.90600442886353,0.661191880702972,1.17211210727692,3.33800673484802,0.522922515869141,4.71248292922974,3.42402672767639
1111,2.68319177627563,2.50725889205933,0.967003107070923,1.80342614650726,4.55851697921753,0.580923318862915,2.51052474975586,2.52630949020386,4.25496435165405,1.96722388267517,2.08748555183411,0.496514737606049,4.89023303985596,0.698566257953644,1.16052782535553,3.27427673339844,0.492442697286606,4.63531923294067,3.34243392944336
1113,2.671231508255,2.47790956497192,0.946426808834076,1.84152615070343,4.48577404022217,0.593477606773376,2.47344374656677,2.47758460044861,4.19613838195801,1.92935061454773,2.02507209777832,0.465966880321503,4.9198842048645,0.735805213451385,1.14929819107056,3.1819167137146,0.479213118553162,4.57466220855713,3.21077752113342
1115,2.64632248878479,2.46279263496399,0.916818380355835,1.85084807872772,4.39816665649414,0.59759134054184,2.47094464302063,2.44849896430969,4.14924621582031,1.89060378074646,1.97002565860748,0.445549994707108,4.89450025558472,0.775109946727753,1.15498423576355,3.08169651031494,0.472564101219177,4.53203105926514,3.04123711585999
1117,2.62451243400574,2.42895221710205,0.862579941749573,1.81073200702667,4.30569887161255,0.604796230792999,2.44624757766724,2.43364834785461,4.11847734451294,1.85592782497406,1.96412193775177,0.443159282207489,4.80031776428223,0.844224870204926,1.15406370162964,2.98392033576965,0.461012572050095,4.44951152801514,2.87575507164001
1119,2.59826517105103,2.36857128143311,0.819567918777466,1.73238658905029,4.21575403213501,0.597182035446167,2.35697269439697,2.41660928726196,4.05900907516479,1.82598090171814,1.95808374881744,0.400188386440277,4.66795444488525,0.926887214183807,1.14608526229858,2.92492294311523,0.476030945777893,4.36843156814575,2.70725989341736
1121,2.57616066932678,2.32834053039551,0.809376418590546,1.62821924686432,4.10599613189697,0.572911083698273,2.27820611000061,2.38424515724182,3.94614505767822,1.80379962921143,1.91244399547577,0.312206238508224,4.53169298171997,0.977705299854279,1.11324155330658,2.86160731315613,0.490875333547592,4.3370189666748,2.54176020622253
1123,2.56721067428589,2.30301952362061,0.830509781837463,1.53114306926727,3.9861204624176,0.531705558300018,2.24359607696533,2.37438750267029,3.82716393470764,1.77735352516174,1.83848810195923,0.251656740903854,4.43531894683838,0.97023469209671,1.09864962100983,2.7922523021698,0.483780682086945,4.30107021331787,2.37966465950012
1125,2.5279483795166,2.2922375202179,0.854546427726746,1.50499105453491,3.86543822288513,0.503263294696808,2.22373700141907,2.34688210487366,3.74731302261353,1.72381377220154,1.74379408359528,0.223486557602882,4.33858966827393,0.927252352237701,1.08331918716431,2.71337366104126,0.48083570599556,4.21592903137207,2.24910163879395
1127,2.44860816001892,2.25648069381714,0.902395606040955,1.47933185100555,3.73109865188599,0.501669704914093,2.1928813457489,2.30639791488647,3.71596050262451,1.66623401641846,1.66642427444458,0.219814628362656,4.26603364944458,0.859635591506958,1.06575810909271,2.64190793037415,0.489339858293533,4.11251544952393,2.15262126922607
1129,2.38171577453613,2.19495296478271,0.931744039058685,1.44163227081299,3.62436056137085,0.521084785461426,2.17755341529846,2.26155781745911,3.67775702476501,1.63720035552979,1.64222025871277,0.2285345941782,4.27982091903687,0.793591201305389,1.03897953033447,2.60070180892944,0.502977848052979,4.02523803710938,2.08663415908813
1131,2.36920475959778,2.10821604728699,0.939795434474945,1.41740584373474,3.56007599830627,0.532891452312469,2.16821098327637,2.21284508705139,3.57809281349182,1.64620447158813,1.62647831439972,0.245227634906769,4.33803129196167,0.792314410209656,1.04074430465698,2.57960247993469,0.496473163366318,3.96084475517273,1.9834315776825
1133,2.40338897705078,2.04891610145569,0.911124229431152,1.40981483459473,3.51395893096924,0.509101748466492,2.14710783958435,2.15448188781738,3.47228097915649,1.66996729373932,1.608558177948,0.272479206323624,4.39571857452393,0.840648889541626,1.05705690383911,2.55052995681763,0.492266654968262,3.8989942073822,1.87005984783173
1135,2.42970514297485,2.02860045433044,0.840905845165253,1.41677725315094,3.45752334594727,0.483699172735214,2.09776973724365,2.09663486480713,3.37918663024902,1.65117585659027,1.58362054824829,0.299106925725937,4.37499761581421,0.897318482398987,1.04872298240662,2.49836707115173,0.502420127391815,3.81352305412292,1.78248631954193
1137,2.4513852596283,2.0239405632019,0.788291275501251,1.39844167232513,3.40201902389526,0.454251736402512,2.04512500762939,2.04221963882446,3.32599186897278,1.62035501003265,1.58982074260712,0.267241299152374,4.32215261459351,0.930134892463684,1.0536060333252,2.4538300037384,0.511796474456787,3.7753701210022,1.71722900867462
1139,2.48946809768677,2.03667044639587,0.747312784194946,1.36062741279602,3.38892555236816,0.423107624053955,2.01874971389771,1.99209475517273,3.24229836463928,1.61126148700714,1.63135862350464,0.231664076447487,4.28341197967529,0.970095038414001,1.03850197792053,2.42793536186218,0.534537196159363,3.84197783470154,1.67049157619476
1141,2.55305004119873,2.0655574798584,0.734441101551056,1.36315190792084,3.40396046638489,0.40229657292366,2.00361347198486,1.98359715938568,3.14040565490723,1.61764419078827,1.64933037757874,0.215720400214195,4.23078775405884,1.0203914642334,0.977810740470886,2.42518401145935,0.546903491020203,3.94975829124451,1.64667546749115
1143,2.62585043907166,2.10053491592407,0.737956464290619,1.40844225883484,3.4138708114624,0.370062381029129,1.9773360490799,2.00473356246948,3.04865074157715,1.62904095649719,1.65366566181183,0.223920106887817,4.18516254425049,1.05417609214783,0.877312362194061,2.42758703231812,0.538933992385864,4.01439619064331,1.65204584598541
1145,2.65256404876709,2.11753797531128,0.731214046478271,1.47750043869019,3.42714953422546,0.331882834434509,1.95793986320496,2.00266480445862,3.01147985458374,1.65133702754974,1.62149846553802,0.225415527820587,4.16597127914429,1.06900632381439,0.775970995426178,2.40214061737061,0.541239440441132,4.08486747741699,1.69244301319122
1147,2.69399046897888,2.10372614860535,0.73214852809906,1.56202077865601,3.49917435646057,0.280221432447433,1.99041819572449,2.00940680503845,3.02424192428589,1.69667482376099,1.6245139837265,0.227645263075829,4.22040510177612,1.100905418396,0.749542057514191,2.39590883255005,0.57519406080246,4.23975610733032,1.73968398571014
1149,2.77539801597595,2.08163094520569,0.746035873889923,1.67551517486572,3.62743401527405,0.258840262889862,2.06848764419556,2.06472039222717,3.07513689994812,1.70820891857147,1.66344225406647,0.221049636602402,4.29103231430054,1.16960191726685,0.766269505023956,2.43741583824158,0.631831705570221,4.40492105484009,1.79422771930695
1151,2.85179948806763,2.05823636054993,0.761301696300507,1.78305900096893,3.74393033981323,0.312964141368866,2.10996007919312,2.12977051734924,3.12521696090698,1.69584345817566,1.68892538547516,0.218206077814102,4.37218999862671,1.18847787380219,0.809479057788849,2.5014705657959,0.687502324581146,4.47953748703003,1.81741154193878
1153,2.90157270431519,2.01833391189575,0.761913955211639,1.83960664272308,3.79397082328796,0.388098239898682,2.04382300376892,2.16046500205994,3.13171458244324,1.70076179504395,1.70628440380096,0.251582711935043,4.39446783065796,1.17271256446838,0.825619697570801,2.54514408111572,0.720795333385468,4.45447158813477,1.83183336257935
1155,2.89424633979797,1.97318160533905,0.749489188194275,1.81220924854279,3.74756741523743,0.379001379013062,1.94093096256256,2.13708806037903,3.02632236480713,1.71833825111389,1.6854465007782,0.296420156955719,4.35693693161011,1.18222200870514,0.824923932552338,2.50952315330505,0.70215892791748,4.3966908454895,1.84032237529755
1157,2.80965518951416,1.90896654129028,0.754714727401733,1.72478854656219,3.66000318527222,0.279580891132355,1.83847737312317,2.06697106361389,2.80686187744141,1.70728754997253,1.61499416828156,0.336485475301743,4.24572801589966,1.22809731960297,0.857654631137848,2.40317583084106,0.633150279521942,4.32546424865723,1.74443161487579
1159,2.68662929534912,1.86770534515381,0.749477028846741,1.62578701972961,3.52344012260437,0.165852427482605,1.75294721126556,1.98619449138641,2.56749033927917,1.65127742290497,1.53466486930847,0.361519813537598,4.13495874404907,1.25182485580444,0.880606293678284,2.27851390838623,0.557729840278625,4.13640022277832,1.55860984325409
1161,2.5565345287323,1.81422221660614,0.699339151382446,1.5159660577774,3.34968209266663,0.0933962091803551,1.69707036018372,1.89331781864166,2.33739757537842,1.51372516155243,1.46958744525909,0.340133637189865,4.08104038238525,1.24170887470245,0.887607753276825,2.18897986412048,0.535420656204224,3.80186915397644,1.37620460987091
1163,2.41341948509216,1.74966955184937,0.617199003696442,1.4637246131897,3.1721088886261,0.086511917412281,1.64387488365173,1.79340791702271,2.12255835533142,1.3978453874588,1.44516062736511,0.302749007940292,4.07548570632935,1.20125329494476,0.856959939002991,2.11503410339355,0.537100911140442,3.48810863494873,1.18887758255005
1165,2.32744526863098,1.67921280860901,0.588513493537903,1.41387128829956,3.02503609657288,0.113970875740051,1.63615679740906,1.63787460327148,1.93601596355438,1.2689825296402,1.42170572280884,0.257641136646271,4.07709693908691,1.15251410007477,0.774053514003754,2.0458300113678,0.550128161907196,3.30150818824768,1.04934072494507
1167,2.26574802398682,1.62872564792633,0.603524684906006,1.34824430942535,2.91624045372009,0.120853163301945,1.63056671619415,1.50483107566833,1.78964996337891,1.11906313896179,1.32751417160034,0.20554506778717,4.05701398849487,1.14063346385956,0.671802401542664,1.98734796047211,0.586719870567322,3.13630223274231,0.983165681362152
1169,2.17013740539551,1.59956502914429,0.623378574848175,1.28248190879822,2.78352403640747,0.114560566842556,1.59835910797119,1.39779806137085,1.63797163963318,1.05783629417419,1.21489143371582,0.189422994852066,4.00500631332397,1.14842355251312,0.607205986976624,1.96252989768982,0.640838623046875,2.94362783432007,0.921842336654663
1171,2.07052421569824,1.5682053565979,0.619133830070496,1.20703518390656,2.66387891769409,0.130697250366211,1.54299199581146,1.29684352874756,1.49100828170776,1.08776867389679,1.1648610830307,0.177221387624741,3.97021532058716,1.14400064945221,0.618607044219971,1.95990097522736,0.659082114696503,2.80208110809326,0.818915963172913
1173,2.02098560333252,1.54230225086212,0.621622145175934,1.15328848361969,2.53931450843811,0.174409046769142,1.50476038455963,1.20843386650085,1.35265839099884,1.13134026527405,1.15394580364227,0.151943624019623,3.95521354675293,1.1452888250351,0.689367592334747,1.94519650936127,0.651670038700104,2.81836819648743,0.754397869110107
1175,2.03292894363403,1.54228723049164,0.625418543815613,1.11454176902771,2.44962763786316,0.147415697574615,1.4790050983429,1.15155375003815,1.26355350017548,1.13546562194824,1.15080952644348,0.135196253657341,3.97748017311096,1.15417766571045,0.76438295841217,1.97014808654785,0.656326651573181,2.94128036499023,0.706693053245544
1177,2.08211040496826,1.5442259311676,0.618942737579346,1.13950395584106,2.41368532180786,0.0891939699649811,1.43847262859344,1.09245526790619,1.23471629619598,1.12237095832825,1.17857909202576,0.143572226166725,4.0028715133667,1.15013003349304,0.792043328285217,2.06244564056396,0.703472316265106,3.06512832641602,0.664525747299194
1179,2.12933826446533,1.50052523612976,0.600958049297333,1.16614055633545,2.38719987869263,0.0799920111894608,1.42942357063293,1.06051480770111,1.19902527332306,1.1269702911377,1.21958315372467,0.151301100850105,4.07336378097534,1.13557076454163,0.787132680416107,2.13164305686951,0.763604164123535,3.14058017730713,0.647357165813446
1181,2.15016746520996,1.43688249588013,0.576423823833466,1.13496732711792,2.35151267051697,0.0719848349690437,1.42511236667633,1.01507127285004,1.12073385715485,1.09119606018066,1.19052052497864,0.168217271566391,4.18070411682129,1.17060601711273,0.827477812767029,2.13260459899902,0.763837695121765,3.16860485076904,0.696830749511719
1183,2.12211179733276,1.36715114116669,0.588520765304565,1.09456586837769,2.29336524009705,0.0770744606852531,1.44547820091248,0.929467916488647,1.00260055065155,1.07389628887177,1.12153744697571,0.147600740194321,4.21280193328857,1.22265815734863,0.876500010490417,2.08883428573608,0.741631865501404,3.11749386787415,0.759458541870117
1185,2.02645063400269,1.29845488071442,0.585097074508667,1.03204655647278,2.23341703414917,0.07506063580513,1.4498382806778,0.79984188079834,0.857785046100616,1.05363023281097,1.08840608596802,0.122953042387962,4.18967151641846,1.2427670955658,0.852140665054321,2.04915642738342,0.693419516086578,2.94028759002686,0.778276681900024
1187,1.89415490627289,1.25018990039825,0.548864781856537,0.950181365013123,2.16393899917603,0.0661155804991722,1.432896733284,0.701224684715271,0.751148223876953,1.040935754776,1.10219764709473,0.116079121828079,4.10222053527832,1.24231398105621,0.788566112518311,2.03369498252869,0.625597834587097,2.71617937088013,0.83209365606308
1189,1.77949512004852,1.21187567710876,0.491556525230408,0.934723794460297,2.10083699226379,0.0497632138431072,1.43870198726654,0.693284273147583,0.688711047172546,1.05156302452087,1.11795628070831,0.129710555076599,4.01601028442383,1.2126624584198,0.715458393096924,2.00168228149414,0.576453924179077,2.52047944068909,0.824827909469604
1191,1.71759104728699,1.16069447994232,0.43280878663063,0.968243539333344,2.1148669719696,0.0290962308645248,1.45400667190552,0.687278032302856,0.638384342193604,1.0274453163147,1.08356761932373,0.147324249148369,3.95061326026917,1.16651344299316,0.660417854785919,1.95046067237854,0.535872459411621,2.38577389717102,0.733828067779541
1193,1.68505215644836,1.12903320789337,0.405807584524155,0.959115743637085,2.09590721130371,0.0443651080131531,1.3911657333374,0.649250030517578,0.589109778404236,1.02049374580383,1.02412855625153,0.14987313747406,3.89886021614075,1.13642251491547,0.597143292427063,1.85845267772675,0.495043158531189,2.31862354278564,0.645297765731812
1195,1.66806876659393,1.09009718894958,0.383406788110733,0.918550550937653,2.10864686965942,0.0744171142578125,1.32119154930115,0.59705376625061,0.506235301494598,1.03756523132324,0.989503860473633,0.175059422850609,3.83957076072693,1.10539615154266,0.53432023525238,1.71552169322968,0.416782528162003,2.29831576347351,0.57741391658783
1197,1.61566841602325,1.09057533740997,0.403947293758392,0.917140960693359,2.06742286682129,0.108364529907703,1.29027831554413,0.578215599060059,0.445667237043381,1.13468074798584,1.03339099884033,0.180556148290634,3.77590179443359,1.06031763553619,0.474392175674438,1.53258299827576,0.337704539299011,2.31546330451965,0.585269868373871
1199,1.58011555671692,1.12258815765381,0.431296348571777,0.967124938964844,1.99771571159363,0.106413118541241,1.29367983341217,0.533454537391663,0.377003014087677,1.23343062400818,1.08127737045288,0.149638965725899,3.64723801612854,0.98365843296051,0.443609803915024,1.40622544288635,0.324281483888626,2.35435628890991,0.597975671291351
1201,1.55554723739624,1.04976010322571,0.473687529563904,0.982161998748779,1.99821770191193,0.04447852820158,1.25579011440277,0.424966931343079,0.265304744243622,1.18310534954071,1.01484715938568,0.138770595192909,3.42988038063049,0.935901641845703,0.414866298437119,1.3188773393631,0.343394666910172,2.42601227760315,0.597064077854156
1203,1.49952924251556,0.941342532634735,0.484536468982697,0.950240969657898,2.02549576759338,-0.0622271560132504,1.17731702327728,0.311931669712067,0.181530207395554,1.01112425327301,0.916663229465485,0.190861850976944,3.15671062469482,0.964753329753876,0.400433331727982,1.31481337547302,0.301081776618958,2.466557264328,0.563084542751312
1205,1.44601035118103,0.882490992546082,0.459497421979904,0.935445964336395,1.97684240341187,-0.11351715773344,1.13713943958282,0.252923637628555,0.127623826265335,0.839485108852386,0.874131143093109,0.294323414564133,2.96153950691223,0.959173262119293,0.47817924618721,1.34868383407593,0.23077467083931,2.48822712898254,0.576722681522369
1207,1.40431153774261,0.886746346950531,0.432323604822159,0.934817492961884,1.83610141277313,-0.0879557356238365,1.09073221683502,0.257410258054733,0.118582837283611,0.661557614803314,0.779066979885101,0.377793848514557,2.89068913459778,0.887431025505066,0.51081919670105,1.29241466522217,0.115307711064816,2.52069187164307,0.681671142578125
1209,1.44486176967621,0.89033967256546,0.384618610143661,0.801804602146149,1.86843061447144,-0.0702153965830803,1.2308611869812,0.2528275847435,0.117887869477272,0.733478844165802,0.760675609111786,0.235747486352921,3.01775813102722,0.785337150096893,0.548674464225769,1.09068834781647,0.23646767437458,2.47107028961182,0.653154313564301
1211,1.48638617992401,0.894019246101379,0.335767716169357,0.665596723556519,1.90153646469116,-0.0520489327609539,1.37435603141785,0.248134806752205,0.117176212370396,0.807127594947815,0.741842448711395,0.0902892127633095,3.14787983894348,0.680791020393372,0.587439060211182,0.884116530418396,0.360537856817245,2.42025685310364,0.623952507972717
1213,1.52892005443573,0.897788286209106,0.285729169845581,0.526077389717102,1.93544721603394,-0.0334408059716225,1.52133941650391,0.24332794547081,0.116447255015373,0.882566809654236,0.722551465034485,-0.0587054416537285,3.28116488456726,0.573703169822693,0.627146005630493,0.672522604465485,0.487624436616898,2.36820793151855,0.594040751457214
1215,1.57534098625183,0.894019722938538,0.270287662744522,0.619480073451996,1.79560089111328,0.00575132155790925,1.55302274227142,0.293686389923096,0.27039697766304,0.807532906532288,0.712611973285675,-0.0726932659745216,3.3066725730896,0.56635719537735,0.655570864677429,0.634109854698181,0.456894487142563,2.19573473930359,0.54504656791687
1217,1.65142250061035,0.924979269504547,0.272289842367172,0.729486167430878,1.65877485275269,0.0455130636692047,1.6063266992569,0.384198129177094,0.349525988101959,0.731758117675781,0.717195332050323,-0.0661974549293518,3.37602043151855,0.611856639385223,0.685486435890198,0.556498944759369,0.465822368860245,2.21230030059814,0.492910623550415
1219,1.63426649570465,1.02910852432251,0.28825244307518,0.762151539325714,1.68305778503418,0.00569541472941637,1.67722475528717,0.425487905740738,0.342943996191025,0.766274213790894,0.743879377841949,-0.0920366197824478,3.4283299446106,0.718428730964661,0.72968465089798,0.47992154955864,0.475471019744873,2.26698350906372,0.452323168516159
1221,1.57408273220062,1.01685118675232,0.313290387392044,0.752807438373566,1.68848490715027,-0.125130295753479,1.62599813938141,0.327884912490845,0.21843683719635,0.857407867908478,0.83272910118103,-0.0664972588419914,3.46951150894165,0.774964988231659,0.77088189125061,0.541578829288483,0.389043301343918,2.31784772872925,0.577972650527954
1223,1.54870736598969,0.892345786094666,0.343358874320984,0.777045071125031,1.61785554885864,-0.167532056570053,1.60665082931519,0.19626197218895,0.101198688149452,0.885745048522949,0.913678109645844,-0.0175796337425709,3.51348090171814,0.714200139045715,0.719899535179138,0.611073195934296,0.233413249254227,2.51101779937744,0.711014568805695
1225,1.59182488918304,0.843895256519318,0.357061207294464,0.726018965244293,1.5831686258316,-0.204908266663551,1.6561199426651,0.113982133567333,0.0813730582594872,0.915289402008057,0.975336253643036,0.0411231406033039,3.46760296821594,0.670878887176514,0.70635449886322,0.640976309776306,0.181277707219124,2.72914385795593,0.904064893722534
1227,1.55436420440674,0.934557914733887,0.366173207759857,0.667213141918182,1.61065554618835,-0.218494579195976,1.6659814119339,0.092136912047863,0.168652147054672,0.973457276821136,0.951421678066254,0.0317899212241173,3.45170855522156,0.664574146270752,0.705195248126984,0.6407590508461,0.186381414532661,2.86696362495422,1.07216382026672
1229,1.45007491111755,1.04846513271332,0.338537633419037,0.677867949008942,1.6516637802124,-0.180569142103195,1.62284731864929,0.202489987015724,0.217159181833267,1.069451212883,0.875349879264832,-0.040209487080574,3.43727111816406,0.672603249549866,0.694582521915436,0.546430230140686,0.174499437212944,2.91335463523865,1.14811038970947
1231,1.42116010189056,1.0990663766861,0.344231933355331,0.700618088245392,1.66211009025574,-0.189701020717621,1.6088262796402,0.402551800012589,0.244372576475143,1.08900332450867,0.806878685951233,-0.0636459663510323,3.34073138237,0.733742713928223,0.618692398071289,0.510342478752136,0.188576638698578,2.90014171600342,1.20521247386932
1233,1.43057894706726,1.08136343955994,0.344577312469482,0.715266585350037,1.61511695384979,-0.198211029171944,1.65037655830383,0.478083282709122,0.302965641021729,1.11341178417206,0.811469316482544,-0.0655162036418915,3.24307179450989,0.828446507453918,0.550927639007568,0.561240673065186,0.199993118643761,2.8209810256958,1.26626086235046
1235,1.44023895263672,1.06388127803802,0.334706842899323,0.795523643493652,1.53589081764221,-0.0817295536398888,1.6728709936142,0.471837669610977,0.341480046510696,1.16407299041748,0.892277836799622,-0.111049816012383,3.16370272636414,0.865146934986115,0.504279136657715,0.666140913963318,0.217389509081841,2.71958088874817,1.28745055198669
1237,1.47559261322021,1.01387047767639,0.337311983108521,0.907471120357513,1.54020261764526,0.0572069324553013,1.66095316410065,0.453327238559723,0.336046248674393,1.19199275970459,0.957695841789246,-0.0719601735472679,3.15230512619019,0.789067566394806,0.490229964256287,0.752768278121948,0.318664133548737,2.67110204696655,1.29935932159424
1239,1.48802781105042,0.92618465423584,0.339473396539688,0.956597089767456,1.60844278335571,0.098339281976223,1.64137756824493,0.43479511141777,0.342255085706711,1.16534161567688,1.01470172405243,-0.00336901959963143,3.18674612045288,0.705747902393341,0.526115834712982,0.781324207782745,0.384623110294342,2.68858528137207,1.27010810375214
1241,1.45139503479004,0.92356538772583,0.329541355371475,0.956052780151367,1.67788672447205,0.0957032665610313,1.6963312625885,0.405333876609802,0.307993292808533,1.17842960357666,1.04351091384888,0.109710186719894,3.21286773681641,0.672491014003754,0.584744274616241,0.77324914932251,0.355688512325287,2.67218685150146,1.2595511674881
1243,1.43620872497559,0.988384008407593,0.330441236495972,0.943065166473389,1.71049249172211,0.0621146447956562,1.75961256027222,0.365540862083435,0.281129658222198,1.25761890411377,1.10524308681488,0.242941230535507,3.17961311340332,0.637360334396362,0.521443545818329,0.763416528701782,0.335501581430435,2.62293910980225,1.30351150035858
1245,1.47129929065704,1.08116269111633,0.367574065923691,0.929848074913025,1.64869582653046,0.0808346271514893,1.71268737316132,0.280540853738785,0.251293629407883,1.34420001506805,1.19266545772552,0.333654791116714,3.1645884513855,0.565999090671539,0.475671589374542,0.730261087417603,0.372893363237381,2.51604056358337,1.38419783115387
1247,1.5205717086792,1.09702837467194,0.394008189439774,0.926403880119324,1.57739877700806,0.107856564223766,1.61413264274597,0.322867631912231,0.227871626615524,1.32920837402344,1.27984833717346,0.340565830469131,3.20677018165588,0.552745342254639,0.459697633981705,0.686503767967224,0.417315036058426,2.4707248210907,1.41892790794373
1249,1.58638167381287,1.0795122385025,0.424468487501144,0.925638973712921,1.59639036655426,0.119872532784939,1.57018232345581,0.40663731098175,0.196142226457596,1.27343726158142,1.37453484535217,0.264347553253174,3.25255298614502,0.602563977241516,0.468374162912369,0.691005527973175,0.439828008413315,2.54269886016846,1.33496689796448
1251,1.55763840675354,1.07410204410553,0.437197923660278,0.95903754234314,1.68154847621918,0.0738759562373161,1.55615246295929,0.429529190063477,0.218475535511971,1.23400402069092,1.40971660614014,0.221683338284492,3.31272506713867,0.65336799621582,0.469969183206558,0.7506223320961,0.467379361391068,2.57561349868774,1.30363631248474
1253,1.46169912815094,1.05670809745789,0.425987958908081,0.973313570022583,1.81315112113953,0.0255233645439148,1.54113960266113,0.459725230932236,0.246344566345215,1.16413486003876,1.38399434089661,0.198679655790329,3.30226302146912,0.683783650398254,0.510455250740051,0.798923671245575,0.489867269992828,2.57307434082031,1.34576499462128
1255,1.4002742767334,1.01664471626282,0.427275389432907,0.911452651023865,1.86768412590027,0.0501594394445419,1.51591050624847,0.459708482027054,0.268265515565872,1.16053199768066,1.34308874607086,0.21883724629879,3.22243142127991,0.673401176929474,0.544892013072968,0.830630898475647,0.472868204116821,2.62230372428894,1.37976312637329
1257,1.41809010505676,0.984269738197327,0.430266797542572,0.870844066143036,1.84401321411133,0.051831167191267,1.53797900676727,0.418005526065826,0.312562644481659,1.21297597885132,1.29571580886841,0.212389975786209,3.14656162261963,0.647877335548401,0.576338410377502,0.881784677505493,0.446322649717331,2.73520445823669,1.47829616069794
1259,1.45635747909546,1.01468133926392,0.42315873503685,0.846638739109039,1.81553363800049,0.0220811143517494,1.5523419380188,0.389412611722946,0.316690295934677,1.31019687652588,1.23169553279877,0.145765691995621,3.0474956035614,0.641515016555786,0.599198758602142,0.938397765159607,0.461762994527817,2.84121584892273,1.59314095973969
1261,1.46421694755554,1.07755100727081,0.417827367782593,0.808443069458008,1.78531050682068,0.0282438844442368,1.56273365020752,0.381367474794388,0.269772380590439,1.33785915374756,1.17189252376556,0.138828575611115,2.96490955352783,0.609378695487976,0.607389450073242,0.984220921993256,0.506574392318726,2.92340755462646,1.62483394145966
1263,1.45672297477722,1.13216638565063,0.406771689653397,0.757230937480927,1.73106920719147,0.0837523713707924,1.56815195083618,0.34150630235672,0.23461751639843,1.26048684120178,1.13527882099152,0.179269388318062,2.92144417762756,0.55195540189743,0.614566147327423,1.02198553085327,0.565857529640198,2.88166880607605,1.5676943063736
1265,1.47513318061829,1.16324579715729,0.380342692136765,0.717090010643005,1.71836113929749,0.150021240115166,1.57377994060516,0.325965404510498,0.195851758122444,1.1790885925293,1.11559474468231,0.229717582464218,2.90990233421326,0.545745015144348,0.602194249629974,1.01498603820801,0.612019538879395,2.76710081100464,1.49549984931946
1267,1.49947655200958,1.17634868621826,0.36792853474617,0.741077780723572,1.77044606208801,0.208590045571327,1.51275300979614,0.319521009922028,0.1521857380867,1.16421103477478,1.17009079456329,0.234148800373077,2.8839168548584,0.576800465583801,0.591212213039398,1.00349426269531,0.599296510219574,2.66778564453125,1.48870730400085
1269,1.53827345371246,1.22381353378296,0.326709806919098,0.746798813343048,1.84526765346527,0.202855259180069,1.43811619281769,0.33163458108902,0.150780826807022,1.16779708862305,1.21516227722168,0.19065035879612,2.84115052223206,0.58360081911087,0.595838069915771,1.00980269908905,0.610393226146698,2.52648568153381,1.53168606758118
1271,1.54008877277374,1.2556529045105,0.288756161928177,0.717286169528961,1.86261928081512,0.209266275167465,1.39227259159088,0.334085583686829,0.18495674431324,1.14765644073486,1.23978233337402,0.162595510482788,2.80188584327698,0.5582475066185,0.618759036064148,1.03804099559784,0.676811873912811,2.34135675430298,1.56396985054016
1273,1.54065585136414,1.24633431434631,0.288755744695663,0.715661466121674,1.85365319252014,0.270170450210571,1.40145719051361,0.386495649814606,0.217385172843933,1.10192465782166,1.2099437713623,0.146846562623978,2.8367121219635,0.52460515499115,0.613285660743713,1.00789988040924,0.705172300338745,2.25075721740723,1.57165515422821
1275,1.54892086982727,1.24899065494537,0.321584045886993,0.775981307029724,1.85161006450653,0.31084418296814,1.43465614318848,0.423056721687317,0.278514802455902,1.1271448135376,1.2041722536087,0.189550787210464,2.8889422416687,0.481346249580383,0.626433372497559,0.983975470066071,0.661170959472656,2.28197479248047,1.55450522899628
1277,1.5818407535553,1.26365256309509,0.359744131565094,0.881302952766418,1.87329280376434,0.304355651140213,1.42636358737946,0.43710395693779,0.33748534321785,1.17201256752014,1.23956024646759,0.233344063162804,2.88388085365295,0.433971285820007,0.692290186882019,0.988398790359497,0.588564872741699,2.30363941192627,1.53516721725464
1279,1.60600328445435,1.26799082756042,0.407686918973923,0.898324191570282,1.85257434844971,0.237742483615875,1.38093936443329,0.459079056978226,0.380043417215347,1.20310878753662,1.25095093250275,0.234737291932106,2.85801362991333,0.430068671703339,0.778506696224213,1.01453816890717,0.553562760353088,2.26847672462463,1.49888157844543
1281,1.59651017189026,1.25827085971832,0.441447198390961,0.870328068733215,1.81034564971924,0.196184664964676,1.3430016040802,0.453561961650848,0.365301668643951,1.22524356842041,1.21021151542664,0.237714037299156,2.82074666023254,0.486821502447128,0.804557740688324,1.08335506916046,0.545759737491608,2.24101161956787,1.44315242767334
1283,1.57287585735321,1.27587246894836,0.449692398309708,0.828258275985718,1.82822155952454,0.232735142111778,1.31028735637665,0.431804955005646,0.341891795396805,1.27702295780182,1.15176260471344,0.24803152680397,2.80562853813171,0.597569942474365,0.834497630596161,1.12562441825867,0.59377533197403,2.26310038566589,1.41946995258331
1285,1.56472134590149,1.26960909366608,0.434783667325974,0.77364593744278,1.86183381080627,0.258383512496948,1.31754612922668,0.435729324817657,0.319112747907639,1.35668218135834,1.16947138309479,0.262338012456894,2.79463672637939,0.703857958316803,0.89200758934021,1.13702583312988,0.640658438205719,2.29762029647827,1.46282243728638
1287,1.57901680469513,1.26994109153748,0.421328186988831,0.733823478221893,1.89612245559692,0.254974484443665,1.3308048248291,0.460954904556274,0.311693429946899,1.41522777080536,1.18545603752136,0.299941599369049,2.77349495887756,0.743249237537384,0.943735599517822,1.1492828130722,0.615385234355927,2.34659266471863,1.50996804237366
1289,1.60154867172241,1.29957187175751,0.43731963634491,0.755855321884155,1.91641139984131,0.261791825294495,1.34577810764313,0.49777153134346,0.324501186609268,1.45322275161743,1.17543804645538,0.307242453098297,2.77547812461853,0.719596862792969,0.949322760105133,1.11988818645477,0.547227263450623,2.43290710449219,1.51325011253357
1291,1.62711012363434,1.29838490486145,0.439108848571777,0.847494721412659,1.90730655193329,0.247556924819946,1.36473882198334,0.520980477333069,0.354339778423309,1.477126121521,1.15754854679108,0.288967937231064,2.79443025588989,0.659819543361664,0.953765392303467,1.07290697097778,0.52220606803894,2.51848554611206,1.4968456029892
1293,1.63651537895203,1.30104577541351,0.415859699249268,0.925395131111145,1.91138827800751,0.232910364866257,1.37751019001007,0.492812365293503,0.409102886915207,1.51494109630585,1.14925217628479,0.329674541950226,2.81937384605408,0.595014631748199,0.910440802574158,1.06991589069366,0.576997756958008,2.57543110847473,1.45791208744049
1295,1.65340566635132,1.3152083158493,0.394031524658203,0.96575266122818,1.91229581832886,0.228002369403839,1.35244524478912,0.466022372245789,0.464875221252441,1.55002307891846,1.16245222091675,0.38718917965889,2.85363602638245,0.530591428279877,0.840988576412201,1.10360264778137,0.632896661758423,2.62814593315125,1.48220384120941
1297,1.68942618370056,1.29601228237152,0.352997958660126,0.97269868850708,1.91701233386993,0.255334734916687,1.34741675853729,0.469524085521698,0.497380256652832,1.55589520931244,1.21610164642334,0.419231384992599,2.90994501113892,0.513024508953094,0.795806527137756,1.13265061378479,0.694852530956268,2.66026759147644,1.61912953853607
1299,1.74893796443939,1.25234639644623,0.329465925693512,0.957283020019531,1.9617725610733,0.278765559196472,1.40488076210022,0.535097599029541,0.528067529201508,1.55341458320618,1.27777218818665,0.436370700597763,2.99264621734619,0.538145840167999,0.765003085136414,1.17435872554779,0.767587900161743,2.69457268714905,1.75744068622589
1301,1.8163822889328,1.2104823589325,0.334519952535629,0.975278735160828,2.02238726615906,0.295302361249924,1.45189595222473,0.583895623683929,0.572389960289001,1.59803593158722,1.33448350429535,0.463539570569992,3.05665349960327,0.562272429466248,0.720303595066071,1.21393442153931,0.800362229347229,2.70138454437256,1.84427809715271
1303,1.86990785598755,1.16666722297668,0.353898584842682,1.01053690910339,2.06616711616516,0.296487212181091,1.47563827037811,0.605302751064301,0.605534672737122,1.65104079246521,1.37697720527649,0.479473918676376,3.09042525291443,0.578197240829468,0.679739832878113,1.2574667930603,0.778419137001038,2.69515705108643,1.88975143432617
1305,1.91113460063934,1.1515291929245,0.369974344968796,1.01840567588806,2.08692932128906,0.282578527927399,1.49888670444489,0.637544333934784,0.652705490589142,1.68217957019806,1.38125693798065,0.52514237165451,3.10088729858398,0.586977660655975,0.654228627681732,1.31063258647919,0.786904036998749,2.70686340332031,1.92002594470978
1307,1.94678556919098,1.18167757987976,0.387086391448975,1.02334654331207,2.06592917442322,0.276675850152969,1.54484283924103,0.670169949531555,0.696775317192078,1.71493184566498,1.37287700176239,0.602894723415375,3.1392617225647,0.63421756029129,0.657012581825256,1.35051846504211,0.821505069732666,2.73819828033447,1.94505321979523
1309,1.97515857219696,1.20522117614746,0.385397106409073,1.03724384307861,2.01801228523254,0.27732989192009,1.59183764457703,0.692022204399109,0.724156022071838,1.72377264499664,1.36666762828827,0.654785811901093,3.18902897834778,0.664422690868378,0.647818088531494,1.38389456272125,0.842181086540222,2.77268028259277,1.94822108745575
1311,1.97591936588287,1.21498036384583,0.374811470508575,1.04667341709137,1.99795317649841,0.321444034576416,1.58995056152344,0.693820416927338,0.721239328384399,1.70683836936951,1.3458263874054,0.663853824138641,3.18130397796631,0.675701022148132,0.60034590959549,1.41727089881897,0.846539199352264,2.78409385681152,1.90947818756104
1313,1.97677218914032,1.19768857955933,0.371702611446381,1.05489504337311,1.98520839214325,0.36162269115448,1.53261566162109,0.691048741340637,0.723945736885071,1.70882833003998,1.29066979885101,0.630591630935669,3.12978720664978,0.663780629634857,0.577840745449066,1.42040967941284,0.818472146987915,2.81843233108521,1.89209222793579
1315,1.98635637760162,1.17536675930023,0.361337184906006,1.05992245674133,1.95400393009186,0.366155117750168,1.48002827167511,0.696181297302246,0.716360628604889,1.68549001216888,1.25489294528961,0.59503436088562,3.09223246574402,0.626287460327148,0.605398058891296,1.39745283126831,0.761138558387756,2.84487342834473,1.89792549610138
1317,1.99648892879486,1.16500186920166,0.341652154922485,1.08534562587738,1.93655550479889,0.351181924343109,1.48542594909668,0.679044783115387,0.744848191738129,1.64495348930359,1.25623190402985,0.57198566198349,3.0508599281311,0.595838189125061,0.652387857437134,1.37804758548737,0.716963052749634,2.86583566665649,1.930619597435
1319,2.01915097236633,1.16365551948547,0.348987579345703,1.11862349510193,1.93758726119995,0.29924538731575,1.49126744270325,0.700217247009277,0.801934778690338,1.63081169128418,1.25326454639435,0.585249125957489,3.007896900177,0.545534014701843,0.672775208950043,1.38252830505371,0.703245520591736,2.86149930953979,1.95638787746429
1321,2.04988837242126,1.14593040943146,0.368700742721558,1.15129578113556,1.94870758056641,0.25709992647171,1.46083664894104,0.756027162075043,0.870797693729401,1.62297165393829,1.24138307571411,0.610774159431458,2.96446895599365,0.526713490486145,0.656691610813141,1.40839540958405,0.686587631702423,2.83779191970825,1.97467947006226
1323,2.07682275772095,1.11029231548309,0.395701140165329,1.19250357151031,1.98314929008484,0.244745701551437,1.44215798377991,0.810028254985809,0.957547903060913,1.61225128173828,1.24541294574738,0.60130900144577,2.97383403778076,0.557478606700897,0.636840879917145,1.41803932189941,0.692102313041687,2.82641410827637,2.00368976593018
1325,2.10641121864319,1.08317184448242,0.397516012191772,1.21372509002686,2.0179717540741,0.239746615290642,1.45782506465912,0.837197959423065,1.00783288478851,1.60016262531281,1.28571581840515,0.593000769615173,3.01606678962708,0.607459664344788,0.615661799907684,1.41905391216278,0.741297721862793,2.85272693634033,2.02362632751465
1327,2.11691355705261,1.0903148651123,0.39251771569252,1.20761382579803,2.03219318389893,0.263695657253265,1.48798620700836,0.829634428024292,1.00077283382416,1.60861670970917,1.30910754203796,0.602355062961578,3.04807496070862,0.64782041311264,0.558283090591431,1.42293322086334,0.765389323234558,2.88804316520691,2.04320192337036
1329,2.10594391822815,1.09553551673889,0.398716896772385,1.18572151660919,2.02098727226257,0.314857929944992,1.49716746807098,0.790640592575073,0.994571924209595,1.64300334453583,1.32035744190216,0.611862003803253,3.05136394500732,0.663269221782684,0.514978528022766,1.41823983192444,0.761516869068146,2.90169262886047,2.05447888374329
1331,2.06854248046875,1.0871559381485,0.40649351477623,1.15047943592072,1.9896457195282,0.359118342399597,1.47727859020233,0.737732589244843,0.97294420003891,1.67627048492432,1.32822871208191,0.618199646472931,3.02076601982117,0.736656248569489,0.500085830688477,1.41878628730774,0.76586252450943,2.86871838569641,2.04880547523499
1333,2.01489663124084,1.06229341030121,0.398281067609787,1.11288607120514,1.95027041435242,0.381047785282135,1.44427442550659,0.719784915447235,0.940029203891754,1.6474301815033,1.32940018177032,0.641671776771545,2.94671416282654,0.801573574542999,0.506649494171143,1.43133664131165,0.75469958782196,2.78646612167358,2.03196978569031
1335,1.96693050861359,1.02196359634399,0.364429533481598,1.07105231285095,1.90985751152039,0.3831827044487,1.39163613319397,0.710191249847412,0.887762188911438,1.55985450744629,1.32753396034241,0.65346747636795,2.85765528678894,0.792125046253204,0.502328217029572,1.43568277359009,0.723859369754791,2.66800808906555,2.01710891723633
1337,1.92471218109131,0.99373197555542,0.339901834726334,1.02311301231384,1.86365878582001,0.355411380529404,1.31897795200348,0.709262847900391,0.828648567199707,1.51687872409821,1.30019044876099,0.612784504890442,2.778648853302,0.747579455375671,0.480322152376175,1.41972970962524,0.698151528835297,2.58555316925049,2.01272892951965
1339,1.90530848503113,0.996039867401123,0.340454280376434,0.995004236698151,1.8586277961731,0.321319878101349,1.29277861118317,0.707396328449249,0.814894318580627,1.53360962867737,1.25659227371216,0.586140751838684,2.7264187335968,0.760319113731384,0.4703249335289,1.41418850421906,0.68017852306366,2.51908850669861,2.02640128135681
1341,1.90832424163818,1.01855027675629,0.339618623256683,1.00136482715607,1.86835646629333,0.305660396814346,1.33506488800049,0.724805235862732,0.860835194587708,1.58382308483124,1.23804092407227,0.575033605098724,2.7303352355957,0.785810947418213,0.489435970783234,1.41814053058624,0.65050733089447,2.49567317962646,2.04578709602356
1343,1.94212126731873,1.04586577415466,0.323560535907745,1.04285538196564,1.88254165649414,0.306720405817032,1.40938377380371,0.739708244800568,0.920535802841187,1.61321628093719,1.24937450885773,0.577206611633301,2.78422594070435,0.795702695846558,0.505067050457001,1.43486428260803,0.630661845207214,2.49602127075195,2.0439977645874
1345,2.00892615318298,1.06371343135834,0.320759057998657,1.06008291244507,1.88172352313995,0.307373285293579,1.42616534233093,0.746037781238556,0.981142044067383,1.63847720623016,1.26586651802063,0.602085113525391,2.83039379119873,0.764606058597565,0.504754662513733,1.47776877880096,0.60956335067749,2.49311995506287,2.04177355766296
1347,2.0910165309906,1.08743894100189,0.33718267083168,1.07267105579376,1.86218523979187,0.300095498561859,1.38772749900818,0.768370091915131,1.01885080337524,1.6568523645401,1.27369236946106,0.641513824462891,2.87128615379333,0.717468440532684,0.4901023209095,1.50760900974274,0.629451811313629,2.53440809249878,2.05405735969543
1349,2.15283465385437,1.12031161785126,0.361869841814041,1.0872905254364,1.86272692680359,0.329925090074539,1.3976377248764,0.781368732452393,1.01221966743469,1.66785931587219,1.29234611988068,0.669947981834412,2.90382957458496,0.71331387758255,0.465426802635193,1.51251101493835,0.65749317407608,2.62249660491943,2.11079359054565
1351,2.17132329940796,1.16449701786041,0.369546443223953,1.08294224739075,1.90045189857483,0.378681749105453,1.4415158033371,0.786888957023621,0.993508815765381,1.67599558830261,1.31000053882599,0.672850489616394,2.90512943267822,0.718337774276733,0.450897812843323,1.52283346652985,0.682558119297028,2.67282247543335,2.18371248245239
1353,2.1987669467926,1.23016345500946,0.364891231060028,1.07599020004272,1.96733546257019,0.391397714614868,1.46677792072296,0.798837602138519,1.01805305480957,1.70778632164001,1.32778918743134,0.657042503356934,2.92273306846619,0.739387094974518,0.460981965065002,1.52960109710693,0.730397701263428,2.67379999160767,2.22706151008606
1355,2.2441885471344,1.27483022212982,0.356289952993393,1.08689272403717,2.04030990600586,0.389485627412796,1.47669064998627,0.807236850261688,1.07786703109741,1.75262129306793,1.32299041748047,0.662831425666809,2.98967242240906,0.787962853908539,0.486736834049225,1.53476750850677,0.763010799884796,2.68416047096252,2.24807405471802
1357,2.29617047309875,1.28000903129578,0.366642951965332,1.11991620063782,2.10842132568359,0.405058950185776,1.48066866397858,0.810368001461029,1.12638485431671,1.77452182769775,1.32741975784302,0.693074762821198,3.07639002799988,0.837475299835205,0.505106568336487,1.58951699733734,0.779270589351654,2.73242497444153,2.26173281669617
1359,2.28972601890564,1.28472173213959,0.387219697237015,1.16574501991272,2.14230942726135,0.414480835199356,1.48714017868042,0.789131045341492,1.12439739704132,1.77317988872528,1.32626974582672,0.718287229537964,3.10672879219055,0.868159592151642,0.50467586517334,1.63882493972778,0.822430372238159,2.81868362426758,2.24796962738037
1361,2.29859590530396,1.31612908840179,0.400364845991135,1.20027792453766,2.18257474899292,0.404018342494965,1.5044401884079,0.785609066486359,1.13529598712921,1.8354719877243,1.34627747535706,0.748557448387146,3.13022375106812,0.907016336917877,0.491329163312912,1.68827593326569,0.868726432323456,2.92634725570679,2.25895833969116
1363,2.36240530014038,1.34511351585388,0.398866921663284,1.23347198963165,2.26247334480286,0.425165385007858,1.51540315151215,0.816625654697418,1.17529582977295,1.93296110630035,1.37682259082794,0.780179619789124,3.2287437915802,0.917679131031036,0.504234075546265,1.77965545654297,0.873695611953735,3.03134369850159,2.28306245803833
1365,2.44859147071838,1.35271990299225,0.413566827774048,1.26510453224182,2.36954045295715,0.459171622991562,1.52889370918274,0.861807346343994,1.22164618968964,2.02072286605835,1.38404977321625,0.784876048564911,3.35711693763733,0.89866703748703,0.509649455547333,1.85736489295959,0.861194610595703,3.13965559005737,2.32234597206116
1367,2.55762505531311,1.37810838222504,0.429619878530502,1.29333698749542,2.47268652915955,0.485957622528076,1.57080280780792,0.902277290821075,1.28035581111908,2.1067316532135,1.38435804843903,0.77181077003479,3.46827793121338,0.922358691692352,0.545962810516357,1.91777920722961,0.8818399310112,3.19416785240173,2.36477017402649
1369,2.64990329742432,1.40833079814911,0.419740349054337,1.30500400066376,2.51852941513062,0.49363711476326,1.58895862102509,0.914297342300415,1.32126450538635,2.20470499992371,1.39459109306335,0.772757887840271,3.52416825294495,0.971198976039886,0.569580912590027,1.94950377941132,0.912693560123444,3.17745971679688,2.42334818840027
1371,2.69572186470032,1.4034309387207,0.411480575799942,1.31405067443848,2.53446507453918,0.482804864645004,1.54381370544434,0.934043347835541,1.32916665077209,2.24931025505066,1.42293894290924,0.770689487457275,3.5306293964386,0.972880482673645,0.550793468952179,1.95320224761963,0.921321153640747,3.16418719291687,2.48311257362366
1373,2.73255157470703,1.40258157253265,0.424650341272354,1.32697224617004,2.55641770362854,0.495521813631058,1.47848474979401,0.935923278331757,1.36517083644867,2.24285626411438,1.47620892524719,0.792697191238403,3.57286620140076,0.964454650878906,0.540642380714417,1.93683159351349,0.912646472454071,3.20103454589844,2.53158950805664
1375,2.79359126091003,1.40857326984406,0.424101173877716,1.33958613872528,2.58664226531982,0.490891516208649,1.46527171134949,0.906280219554901,1.39934647083282,2.22700214385986,1.49674737453461,0.818190693855286,3.64865255355835,0.976970672607422,0.539486825466156,1.90105700492859,0.921711027622223,3.26197624206543,2.53054141998291
1377,2.81841778755188,1.42578411102295,0.400972813367844,1.33485460281372,2.60735774040222,0.475502014160156,1.4949289560318,0.899697184562683,1.38928532600403,2.24001550674438,1.50726902484894,0.839236736297607,3.68788957595825,0.987337410449982,0.524223804473877,1.84012067317963,0.914775788784027,3.27991986274719,2.49662256240845
1379,2.76973962783813,1.41783046722412,0.387886494398117,1.29869544506073,2.60595893859863,0.459651172161102,1.50993037223816,0.897668957710266,1.32124865055084,2.25809502601624,1.47716069221497,0.855726659297943,3.68094635009766,0.98669421672821,0.47178903222084,1.78773236274719,0.882004141807556,3.23513507843018,2.42888903617859
1381,2.66873836517334,1.38697183132172,0.375924557447433,1.26856243610382,2.57120966911316,0.462550044059753,1.4810653924942,0.866562783718109,1.2106546163559,2.25511193275452,1.44774091243744,0.82631129026413,3.60066509246826,0.966088533401489,0.412557065486908,1.7351016998291,0.857808172702789,3.18876838684082,2.34140586853027
1383,2.50261473655701,1.32691872119904,0.349234282970428,1.22928607463837,2.47964644432068,0.449536174535751,1.45043051242828,0.808043301105499,1.07044064998627,2.21457076072693,1.43088030815125,0.767593562602997,3.43802762031555,0.933167576789856,0.34121185541153,1.63887405395508,0.829766750335693,3.12188959121704,2.2051465511322
1385,2.2683584690094,1.22877752780914,0.334418118000031,1.16605997085571,2.33767056465149,0.421746343374252,1.39568471908569,0.738557279109955,0.937870860099792,2.15212655067444,1.40807938575745,0.709403812885284,3.17158055305481,0.90156751871109,0.291641771793365,1.51203036308289,0.781627833843231,2.96905303001404,2.07285189628601
1387,2.06225681304932,1.17353320121765,0.36776265501976,1.04929721355438,2.19765710830688,0.381861567497253,1.32612085342407,0.663173198699951,0.839903950691223,2.09337258338928,1.35957705974579,0.673819720745087,2.87777638435364,0.848225653171539,0.308405190706253,1.37976396083832,0.705721318721771,2.77691555023193,2.00438547134399
1389,1.91432654857635,1.12893557548523,0.370278388261795,0.921873569488525,2.08305525779724,0.357253670692444,1.25218641757965,0.577840864658356,0.77738344669342,2.06215620040894,1.29181814193726,0.619024932384491,2.65140247344971,0.763879716396332,0.332575857639313,1.27780365943909,0.630640387535095,2.62110757827759,1.93057417869568
1391,1.7759006023407,1.08907318115234,0.335775315761566,0.821813762187958,2.0080554485321,0.32491746544838,1.16019487380981,0.48696094751358,0.721540093421936,1.9909462928772,1.21657717227936,0.538571536540985,2.48815178871155,0.685891807079315,0.333913207054138,1.19561648368835,0.564904034137726,2.49396347999573,1.8733024597168
1393,1.61959981918335,1.04490184783936,0.294663548469543,0.769351363182068,1.94642019271851,0.301723778247833,1.0356650352478,0.383645117282867,0.648582518100739,1.91742157936096,1.15983521938324,0.470789819955826,2.35633134841919,0.637955486774445,0.285936772823334,1.11997580528259,0.493548929691315,2.38038516044617,1.84451067447662
1395,1.42656874656677,1.02521395683289,0.277044385671616,0.762480199337006,1.87608432769775,0.251931011676788,0.932951807975769,0.30498343706131,0.565288901329041,1.89583170413971,1.1112288236618,0.42662051320076,2.24766135215759,0.598843276500702,0.222994670271873,1.09705352783203,0.462037056684494,2.28941965103149,1.79998683929443
1397,1.28027701377869,0.992670953273773,0.30028223991394,0.756095468997955,1.7701655626297,0.222235113382339,0.894575238227844,0.267091363668442,0.50544673204422,1.8723064661026,1.04662895202637,0.4175905585289,2.17583608627319,0.623395025730133,0.204748868942261,1.09642434120178,0.450661808252335,2.27802991867065,1.71926498413086
1399,1.26339268684387,0.961714088916779,0.308015406131744,0.75655859708786,1.69794726371765,0.238534182310104,0.909071445465088,0.27284175157547,0.538836300373077,1.78548717498779,0.993291139602661,0.427810698747635,2.14926695823669,0.667970478534698,0.253613770008087,1.0805127620697,0.444558143615723,2.34031867980957,1.62997186183929
1401,1.27737069129944,0.973560690879822,0.310501217842102,0.72061288356781,1.68787848949432,0.216378077864647,0.943397402763367,0.275046467781067,0.571711182594299,1.6651908159256,0.957891464233398,0.418345063924789,2.14898562431335,0.673352956771851,0.306181669235229,1.07192647457123,0.441886425018311,2.42815637588501,1.64361941814423
1403,1.28076004981995,1.00054180622101,0.285943388938904,0.64785373210907,1.68530976772308,0.184337466955185,0.936589121818542,0.286286324262619,0.577114224433899,1.58736205101013,0.940564095973969,0.419915348291397,2.12627935409546,0.651220798492432,0.326697140932083,1.04887795448303,0.412221759557724,2.46625304222107,1.73602092266083
1405,1.31773221492767,1.01534795761108,0.26561576128006,0.592795312404633,1.68153548240662,0.179926738142967,0.912516713142395,0.284909933805466,0.54237425327301,1.57761657238007,0.963710904121399,0.449037581682205,2.10187649726868,0.619352877140045,0.321805030107498,1.00549840927124,0.373829185962677,2.44423365592957,1.7839183807373
1407,1.34559524059296,1.01416647434235,0.238144561648369,0.580978035926819,1.72003948688507,0.172200620174408,0.893572151660919,0.284457981586456,0.509067058563232,1.61563611030579,0.99921452999115,0.469104021787643,2.09910845756531,0.606472849845886,0.326561897993088,1.00030314922333,0.3545041680336,2.4394838809967,1.78946542739868
1409,1.34728050231934,1.01403677463531,0.18385311961174,0.578140616416931,1.78643417358398,0.148605182766914,0.862578928470612,0.282337605953217,0.494036138057709,1.66690671443939,1.02719748020172,0.453292667865753,2.11126756668091,0.598317563533783,0.349958717823029,1.01637172698975,0.335472226142883,2.49007844924927,1.74526703357697
1411,1.33241784572601,0.992222428321838,0.158979579806328,0.589694440364838,1.81193912029266,0.119487397372723,0.855058372020721,0.260173857212067,0.482257753610611,1.6959011554718,1.02482414245605,0.418154835700989,2.12026643753052,0.59061872959137,0.34642767906189,0.991349399089813,0.332477897405624,2.50018763542175,1.67251753807068
1413,1.28271114826202,0.962594926357269,0.173072651028633,0.619570016860962,1.79873359203339,0.0790462344884872,0.890272855758667,0.226921424269676,0.478606700897217,1.7038722038269,0.982491135597229,0.403852880001068,2.0942394733429,0.556048989295959,0.353521466255188,0.942528367042542,0.332004845142365,2.45655751228333,1.63767898082733
1415,1.18577086925507,0.921080470085144,0.18278805911541,0.595661997795105,1.75713503360748,0.0374064147472382,0.930319905281067,0.178105041384697,0.445732593536377,1.70923018455505,0.873532295227051,0.420023679733276,2.02390646934509,0.492817848920822,0.363875597715378,0.877040863037109,0.294973641633987,2.38696026802063,1.63226628303528
1417,1.12768030166626,0.90629506111145,0.176289066672325,0.537089049816132,1.72133207321167,-0.00561258522793651,0.941283226013184,0.147175535559654,0.40171217918396,1.68706035614014,0.789155900478363,0.452767968177795,1.95253503322601,0.41201251745224,0.359082937240601,0.869159817695618,0.256091982126236,2.26609539985657,1.59573173522949
1419,1.13193213939667,0.923450231552124,0.15197229385376,0.489497423171997,1.7474490404129,-0.0543592050671577,0.952010154724121,0.124428972601891,0.412682890892029,1.74915480613708,0.765222787857056,0.504069805145264,1.92966794967651,0.382342904806137,0.326633095741272,0.90518444776535,0.169760957360268,2.18589448928833,1.57938992977142
1421,1.16042828559875,0.930221915245056,0.146818205714226,0.472097218036652,1.80246067047119,-0.0252676494419575,0.957350432872772,0.144763499498367,0.441769123077393,1.83526539802551,0.769864916801453,0.541844367980957,1.93046355247498,0.454771548509598,0.284183919429779,0.953968703746796,0.0651737749576569,2.13168168067932,1.61872947216034
1423,1.24100089073181,0.933965086936951,0.174265801906586,0.505766749382019,1.89352345466614,0.00570453051477671,0.961357533931732,0.17425525188446,0.436548233032227,1.86304175853729,0.773607075214386,0.543757021427155,1.94507026672363,0.53264993429184,0.267601072788239,1.01913452148438,0.064327783882618,2.13692021369934,1.65061390399933
1425,1.29678952693939,0.91233891248703,0.201971858739853,0.521767437458038,1.94609427452087,0.0256141889840364,0.952330648899078,0.199028432369232,0.446455657482147,1.8572164773941,0.736192286014557,0.498919516801834,1.96652173995972,0.510509490966797,0.319044083356857,1.0803474187851,0.158786207437515,2.18526744842529,1.69458699226379
1427,1.28936147689819,0.93755966424942,0.192626476287842,0.565188050270081,1.92167270183563,0.0700481235980988,0.950564742088318,0.246035382151604,0.451459169387817,1.85449767112732,0.718464374542236,0.455354005098343,2.00179624557495,0.461929798126221,0.371704429388046,1.12789475917816,0.252301633358002,2.31996035575867,1.7659033536911
1429,1.30677664279938,0.963192105293274,0.147795259952545,0.67216283082962,1.88302671909332,0.0793792828917503,0.974267780780792,0.321593374013901,0.454386383295059,1.85877168178558,0.765695571899414,0.403189957141876,2.07160377502441,0.463447898626328,0.406141072511673,1.19182980060577,0.292595714330673,2.49615263938904,1.78279304504395
1431,1.4005047082901,0.951997935771942,0.112224996089935,0.818449199199677,1.90547239780426,0.0928347259759903,1.04886078834534,0.36383068561554,0.528566479682922,1.85734534263611,0.839308381080627,0.372197329998016,2.1855800151825,0.516506791114807,0.433704406023026,1.28764307498932,0.272866100072861,2.63244009017944,1.76097166538239
1433,1.50713658332825,0.98579877614975,0.0795642137527466,0.929819107055664,1.97607636451721,0.11441570520401,1.11006987094879,0.318446278572083,0.613289475440979,1.86710894107819,0.869698107242584,0.376119285821915,2.33022451400757,0.573440492153168,0.459754526615143,1.40775787830353,0.344005852937698,2.76803827285767,1.72770631313324
1435,1.7425901889801,1.09291958808899,0.131711110472679,1.01932537555695,2.08166980743408,0.144682034850121,1.09015512466431,0.337581038475037,0.729087650775909,2.03620719909668,0.96336567401886,0.382465302944183,2.59313201904297,0.686102330684662,0.48184522986412,1.6732485294342,0.579189956188202,3.00882601737976,1.8308482170105
1437,2.12378931045532,1.18341362476349,0.26061537861824,1.14020466804504,2.28778576850891,0.186686530709267,1.13432848453522,0.506647884845734,0.905529737472534,2.32762932777405,1.1207240819931,0.439609497785568,2.93556237220764,0.873983383178711,0.478263467550278,2.02570104598999,0.860627174377441,3.27101612091064,2.16019654273987
1439,2.5534930229187,1.30024540424347,0.371983706951141,1.27188003063202,2.5552875995636,0.292820572853088,1.33485746383667,0.728319704532623,1.12155675888062,2.57658410072327,1.27225005626678,0.561096787452698,3.30717706680298,1.06720840930939,0.533859491348267,2.42378783226013,1.15815150737762,3.4829478263855,2.57628154754639
1441,2.9621365070343,1.46588635444641,0.392201960086823,1.48740208148956,2.82353281974792,0.47663614153862,1.61889815330505,0.94818526506424,1.36635506153107,2.74347496032715,1.39653480052948,0.704838216304779,3.74430465698242,1.29875016212463,0.638285577297211,2.89666795730591,1.42210280895233,3.67807459831238,2.92604160308838
1443,3.33568644523621,1.66019546985626,0.335612803697586,1.74798655509949,2.99960732460022,0.641730189323425,1.85802578926086,1.13665556907654,1.57107615470886,2.90299034118652,1.53592431545258,0.809265077114105,4.23891735076904,1.54357802867889,0.712716102600098,3.37146234512329,1.69443774223328,3.95886921882629,3.24493765830994
1445,3.86252021789551,1.95287847518921,0.309820055961609,2.07714366912842,3.16910862922668,0.764601707458496,2.05748867988586,1.38410305976868,1.90447783470154,3.19875502586365,1.77759766578674,0.8726886510849,4.88922929763794,1.83125650882721,0.756971538066864,3.95393133163452,1.9964063167572,4.37637186050415,3.71122717857361
1447,5.19067621231079,2.39093852043152,0.535665392875671,3.08375120162964,3.95896363258362,1.01757836341858,3.07952618598938,1.75262403488159,2.7529661655426,3.60449695587158,2.32765817642212,0.897317290306091,7.19402647018433,2.73124718666077,1.01926267147064,4.61866426467896,3.0174777507782,5.11602544784546,4.36589241027832
1449,6.50173091888428,2.82335829734802,0.758602738380432,4.07739782333374,4.73864936828613,1.26729798316956,4.08840417861938,2.11640024185181,3.5905294418335,4.00501489639282,2.8706362247467,0.921628832817078,9.46914863586426,3.61964964866638,1.27817678451538,5.27483797073364,4.02540254592896,5.84615564346313,5.01212739944458
1451,7.79601335525513,3.25024604797363,0.97868812084198,5.0583324432373,5.50835990905762,1.51382279396057,5.08437585830688,2.47552251815796,4.41737794876099,4.40040874481201,3.40666818618774,0.945629358291626,11.715163230896,4.4966869354248,1.53377842903137,5.92261791229248,5.020432472229,6.56694507598877,5.65009593963623
1453,7.19191646575928,3.06496620178223,0.88299685716629,4.74918842315674,5.29527807235718,1.33576953411102,4.85962820053101,2.32837438583374,4.03475189208984,4.13400650024414,3.2703845500946,0.871561825275421,11.104606628418,4.24575519561768,1.44295799732208,5.57914161682129,4.711594581604,6.21353673934937,5.24975156784058
1455,6.14954376220703,2.62827706336975,0.719424903392792,4.04966068267822,4.70677661895752,1.06906008720398,4.30633020401001,1.97939622402191,3.40993547439575,3.65261816978455,2.99279117584229,0.718489468097687,9.82826995849609,3.73846507072449,1.20841610431671,4.81784629821777,4.00637531280518,5.55369806289673,4.56745290756226
1457,4.51763343811035,1.92626142501831,0.530736327171326,2.75787401199341,3.61649441719055,0.73346996307373,3.23342251777649,1.33704221248627,2.39336109161377,2.90070199966431,2.37064719200134,0.457252562046051,7.46930170059204,2.74442338943481,0.787813246250153,3.34502863883972,2.68905854225159,4.39320945739746,3.49832010269165
1459,3.12081360816956,1.32516086101532,0.360104858875275,1.64326417446136,2.667564868927,0.44542396068573,2.20551037788391,0.72592967748642,1.50399029254913,2.24128413200378,1.67317926883698,0.26760071516037,5.26115083694458,1.75145483016968,0.505358278751373,1.97930133342743,1.56050026416779,3.37803769111633,2.5969409942627
1461,2.35244488716125,0.920267224311829,0.236913755536079,1.08138632774353,2.06364583969116,0.232177093625069,1.62094807624817,0.423447787761688,0.97375762462616,1.81281495094299,1.33799612522125,0.112883165478706,4.04116344451904,1.20956206321716,0.325680792331696,1.26034045219421,0.98403924703598,2.81286025047302,2.06530952453613
1463,1.91175484657288,0.614467263221741,0.137233287096024,0.761319935321808,1.65062165260315,0.0884576663374901,1.29183006286621,0.193703547120094,0.636211335659027,1.572913646698,1.12502384185791,0.0535640008747578,3.35034441947937,0.973736464977264,0.252685010433197,0.952069878578186,0.68635880947113,2.44578909873962,1.64139938354492
1465,1.67565894126892,0.480727255344391,0.0914786383509636,0.596773028373718,1.47453010082245,0.0107779037207365,1.06726884841919,-0.00607251469045877,0.453000277280807,1.44529974460602,0.930901527404785,0.114020325243473,2.94379997253418,0.880480587482452,0.19695620238781,0.865545392036438,0.526473999023438,2.21913003921509,1.43330299854279
1467,1.517005443573,0.445795625448227,0.0889122784137726,0.51444011926651,1.45993483066559,-0.0307104010134935,0.929153919219971,-0.102083452045918,0.444328039884567,1.40181577205658,0.744850635528564,0.234096646308899,2.70441222190857,0.815545260906219,0.14165997505188,0.814505934715271,0.475278586149216,2.10238671302795,1.39737498760223
1469,1.36964392662048,0.429757922887802,0.0886322036385536,0.465199559926987,1.38574421405792,-0.029470382258296,0.790731489658356,-0.121289812028408,0.420646727085114,1.41362333297729,0.552344441413879,0.33038055896759,2.52943134307861,0.757873177528381,0.0595835633575916,0.74178272485733,0.428347587585449,1.92521142959595,1.26207864284515
1471,1.27029740810394,0.423433184623718,0.0901380330324173,0.374915033578873,1.21990811824799,-0.00767884403467178,0.695110082626343,-0.0734703466296196,0.261671155691147,1.43247854709625,0.389666110277176,0.359868615865707,2.30944442749023,0.728129625320435,-0.0291168000549078,0.711798250675201,0.442533195018768,1.73284375667572,1.09006750583649
1473,1.16898596286774,0.44226735830307,0.0764297917485237,0.36845862865448,1.08252429962158,0.0716082081198692,0.627148807048798,-0.0650076940655708,0.173124626278877,1.3890677690506,0.321914702653885,0.317866325378418,2.09441661834717,0.775598526000977,-0.0243916139006615,0.611628711223602,0.539663970470428,1.66281700134277,1.044997215271
1475,1.1376918554306,0.472870260477066,0.0688144937157631,0.482173889875412,1.09678709506989,0.0898877158761024,0.652389466762543,-0.0575714223086834,0.17924177646637,1.44694173336029,0.343316167593002,0.290591567754745,2.11696100234985,0.79428493976593,0.0493217371404171,0.49287474155426,0.490781754255295,1.71914529800415,1.05953252315521
1477,1.15498220920563,0.461248368024826,0.0965733304619789,0.570518791675568,1.10867607593536,0.032792042940855,0.771557211875916,-0.0030931681394577,0.223194167017937,1.6112334728241,0.410471737384796,0.314370423555374,2.32769465446472,0.792301535606384,0.137166365981102,0.416616797447205,0.370211213827133,1.81754469871521,1.14892590045929
1479,1.19768583774567,0.499017179012299,0.0931210070848465,0.557632863521576,1.18159890174866,-0.0175326652824879,0.893096923828125,0.0380713455379009,0.308657556772232,1.72677183151245,0.504037976264954,0.314292967319489,2.5896954536438,0.831052899360657,0.284784018993378,0.392472773790359,0.368259400129318,1.94583082199097,1.27336525917053
1481,1.35221612453461,0.610012710094452,0.0913988202810287,0.598075091838837,1.37256228923798,-0.090289331972599,1.00383961200714,0.0739830508828163,0.458629101514816,1.83773326873779,0.579430520534515,0.32971653342247,2.89685606956482,0.828620851039886,0.417555153369904,0.557236611843109,0.462673097848892,2.09235906600952,1.45047068595886
1483,1.52160918712616,0.720385789871216,0.124372377991676,0.711994469165802,1.56661105155945,-0.104243233799934,1.11332809925079,0.145165964961052,0.552808582782745,1.96910810470581,0.622645318508148,0.353574454784393,3.23717331886292,0.848768293857574,0.524949073791504,0.821984231472015,0.555335521697998,2.24181270599365,1.68320369720459
1485,1.82251131534576,0.825124084949493,0.193013951182365,0.845795929431915,1.81340301036835,0.0335009023547173,1.30609047412872,0.269704818725586,0.581628859043121,2.08853363990784,0.767841219902039,0.376373887062073,3.70631909370422,1.03155064582825,0.556931734085083,1.21413385868073,0.692407488822937,2.54178690910339,2.03352093696594
1487,2.52092480659485,0.982162117958069,0.265100330114365,1.24218535423279,2.17405200004578,0.27049919962883,1.68041229248047,0.516046106815338,0.802862823009491,2.29418849945068,1.09464240074158,0.46633306145668,4.54022216796875,1.49225306510925,0.550092875957489,1.8469922542572,1.06938505172729,3.13000845909119,2.56856036186218
1489,3.9697961807251,1.46630942821503,0.424759238958359,2.38956260681152,2.94434428215027,0.612444758415222,2.42576766014099,0.91868782043457,1.51383984088898,2.90687108039856,1.67025339603424,0.675226092338562,6.29913663864136,2.39829635620117,0.639100968837738,3.17536544799805,2.13979816436768,4.11504554748535,3.61475014686584
1491,5.15910959243774,2.07344532012939,0.545446872711182,3.40005922317505,3.67603039741516,0.824588418006897,2.99602651596069,1.3231828212738,2.17820692062378,3.50351929664612,2.05753517150879,0.824993371963501,7.81719923019409,3.10173892974854,0.835414409637451,4.4030704498291,3.07990670204163,4.87177848815918,4.54378986358643
1493,5.28741025924683,2.25638818740845,0.484047442674637,3.64441609382629,3.91106915473938,0.844036281108856,3.06058096885681,1.38713836669922,2.30516719818115,3.6165337562561,2.02887272834778,0.808266997337341,8.06826496124268,3.1887514591217,0.905570447444916,4.62897682189941,3.10262727737427,5.02961206436157,4.81076431274414
1495,4.65069150924683,1.91707277297974,0.362593799829483,3.09571433067322,3.56462836265564,0.766749322414398,2.80264663696289,1.27605581283569,2.01574873924255,3.39715218544006,1.66126036643982,0.596553325653076,7.19284582138062,2.71324801445007,0.850832641124725,3.955082654953,2.49870562553406,4.78470611572266,4.42388963699341
1497,3.65221881866455,1.38618886470795,0.229842931032181,2.15292024612427,2.86192035675049,0.536046862602234,2.34532356262207,1.00461304187775,1.60677230358124,2.99088907241821,1.25192296504974,0.409152805805206,5.76345491409302,1.98908221721649,0.650623798370361,2.79517769813538,1.82950413227081,4.28643560409546,3.67795896530151
1499,2.70440578460693,1.01302826404572,0.0839811488986015,1.29935169219971,2.24605274200439,0.27765291929245,1.83063328266144,0.653115451335907,1.21325695514679,2.6306300163269,0.936047494411469,0.212472453713417,4.55243015289307,1.36562097072601,0.359128147363663,1.73631083965302,1.27728056907654,3.72811460494995,2.87927484512329
1501,2.09019374847412,0.834071397781372,-0.0209669750183821,0.804780960083008,1.85380923748016,0.098189078271389,1.42980003356934,0.352222591638565,0.794491350650787,2.36172294616699,0.69051331281662,-0.0018017595866695,3.8417980670929,0.990440428256989,0.188393160700798,1.01394367218018,0.775138139724731,3.3124577999115,2.36094927787781
1503,1.6901718378067,0.676381051540375,-0.118606708943844,0.425441265106201,1.46438312530518,-0.0474200136959553,1.09917116165161,0.196635708212852,0.357335239648819,2.09749364852905,0.482951492071152,-0.19804984331131,3.38001585006714,0.79338151216507,0.100131794810295,0.537338614463806,0.361517816781998,3.19458413124084,1.99803471565247
1505,1.39033472537994,0.516542494297028,-0.212737619876862,0.107190243899822,1.21480214595795,-0.118991121649742,0.92788553237915,0.0666755810379982,-0.0664603710174561,1.88210570812225,0.311422556638718,-0.329830080270767,3.05065870285034,0.627690374851227,0.0118505945429206,0.183771654963493,0.0418952144682407,3.35234355926514,1.59060895442963
1507,1.36640691757202,0.413915395736694,-0.283785790205002,0.0143224066123366,1.30019974708557,-0.0432914756238461,0.822730004787445,0.00590636720880866,-0.192646190524101,1.70554947853088,0.22833663225174,-0.18254429101944,2.70369553565979,0.627920627593994,0.0982368513941765,0.266551852226257,-0.0435612834990025,3.43916463851929,1.37927007675171
1509,1.43802845478058,0.375404208898544,-0.352039992809296,0.19883830845356,1.62716507911682,-0.00810423027724028,0.707979798316956,-0.0141755174845457,-0.143041223287582,1.68033730983734,0.360628426074982,0.0907124355435371,2.5484025478363,0.748023748397827,0.286429047584534,0.41001358628273,-0.0299489013850689,3.34350180625916,1.6298416852951
1511,1.47940361499786,0.318568825721741,-0.38832688331604,0.294326961040497,1.81206262111664,-0.04630171880126,0.770568072795868,-0.261631548404694,-0.216701999306679,1.66093242168427,0.559874892234802,0.299045324325562,2.664222240448,0.942686200141907,0.433325380086899,0.586047053337097,0.165926575660706,3.20982122421265,2.01955795288086
1513,1.41835141181946,0.251699090003967,-0.282473683357239,0.154134124517441,1.77777624130249,-0.10034054517746,0.87647533416748,-0.272433191537857,-0.106085389852524,1.45542180538177,0.661618053913116,0.321054458618164,2.73222756385803,0.952117800712585,0.373100519180298,0.70183926820755,0.195113196969032,3.10213303565979,2.24315357208252
1515,1.32069897651672,0.346601635217667,-0.13741172850132,0.0766049176454544,1.72107124328613,-0.129272997379303,0.962536752223969,-0.129459261894226,0.0693200752139091,1.34106433391571,0.603767454624176,0.298955887556076,2.7134428024292,0.825224101543427,0.243553817272186,0.591287016868591,0.0348121821880341,2.97891783714294,2.29574131965637
1517,1.26408386230469,0.652514576911926,0.0583281442523003,0.0658849477767944,1.72826898097992,-0.0455314256250858,0.885131001472473,-0.118714407086372,0.166896060109138,1.42059326171875,0.409900575876236,0.26931494474411,2.6213698387146,0.688936829566956,0.163969963788986,0.33990067243576,-0.0358038358390331,2.92995238304138,2.16386532783508
1519,1.21015810966492,0.709738433361053,0.192590773105621,0.0679460316896439,1.66864430904388,-0.0395555049180984,0.784460425376892,-0.212749436497688,0.0106811942532659,1.4066743850708,0.39549246430397,0.233294874429703,2.53604316711426,0.535909354686737,0.116003885865211,-0.0406809225678444,0.0834261551499367,2.87379097938538,2.0767514705658
1521,1.19530117511749,0.536666452884674,0.217937394976616,-0.0327952578663826,1.70031368732452,-0.0989535376429558,0.713919997215271,-0.234283059835434,-0.117632955312729,1.3919802904129,0.541232347488403,0.269198656082153,2.41579008102417,0.57917445898056,0.267899662256241,-0.100726507604122,0.170276433229446,2.74706792831421,2.11662435531616
1523,1.23215389251709,0.438106000423431,0.156523808836937,0.0531694777309895,1.64885711669922,-0.0677622184157372,0.715164721012115,-0.241329029202461,-0.111479714512825,1.50173497200012,0.718496322631836,0.232041642069817,2.38509774208069,0.713067233562469,0.322520911693573,-0.110403716564178,0.175940409302711,2.66318655014038,2.20550990104675
1525,1.27262008190155,0.421444803476334,0.11676099896431,0.321620494127274,1.47792673110962,-0.00841089151799679,0.880448758602142,-0.107258677482605,0.0397329814732075,1.86578023433685,0.889147639274597,0.0845712572336197,2.45123147964478,0.630224466323853,0.328848719596863,-0.129648000001907,0.0926168113946915,2.70246171951294,2.18634462356567
1527,1.3738100528717,0.499714136123657,0.163528576493263,0.543928027153015,1.45663070678711,-0.0376352444291115,1.04472529888153,-0.0265162717550993,0.165162920951843,2.18761944770813,0.959059774875641,0.0010828539961949,2.66510772705078,0.556315183639526,0.284833669662476,-0.147000342607498,0.104324601590633,2.85338139533997,2.09072971343994
1529,1.36798763275146,0.618694007396698,0.176454365253448,0.579329252243042,1.53216981887817,-0.0310760736465454,1.05896496772766,-0.12324021011591,0.3138567507267,2.27418828010559,1.01298522949219,0.0401227101683617,2.84883785247803,0.497607558965683,0.172789216041565,-0.0672878175973892,0.205686390399933,2.99026584625244,2.01224732398987
1531,1.31425547599792,0.58227014541626,0.0883584469556808,0.600821077823639,1.6384916305542,-0.0822900384664536,1.0452983379364,-0.169852241873741,0.373975783586502,2.34073829650879,1.10116136074066,0.0279473327100277,2.97099804878235,0.486786216497421,0.0622491240501404,0.100965045392513,0.385364085435867,3.11030125617981,1.9875328540802
1533,1.37506806850433,0.480364710092545,0.0271953828632832,0.616995275020599,1.87008512020111,-0.154520004987717,1.08599400520325,-0.0870883390307426,0.317013055086136,2.44476866722107,1.13737380504608,-0.0356548018753529,3.02867865562439,0.628539443016052,0.114717267453671,0.103649832308292,0.450102299451828,3.29786324501038,1.97301232814789
1535,1.41146242618561,0.381769150495529,0.0584247708320618,0.517548143863678,2.09718871116638,-0.229334160685539,1.04947566986084,-0.00969885196536779,0.190847635269165,2.39681649208069,1.03501057624817,-0.098367840051651,2.96398019790649,0.640610218048096,0.115861997008324,0.0449824035167694,0.381745249032974,3.3518009185791,1.98070919513702
1537,1.33847308158875,0.297278106212616,0.100858792662621,0.452960282564163,2.16262078285217,-0.279320508241653,0.971858501434326,-0.101981997489929,-0.00571621116250753,2.30963730812073,0.8221595287323,-0.172207683324814,2.84696841239929,0.552710711956024,0.0228625722229481,-0.0386072024703026,0.315887361764908,3.31316375732422,1.96496093273163
1539,1.23482286930084,0.174288839101791,0.0615943744778633,0.503279566764832,2.14330458641052,-0.279143542051315,0.934861719608307,-0.25386917591095,-0.227416932582855,2.30616497993469,0.54687237739563,-0.114603988826275,2.69434571266174,0.434364140033722,-0.0799656733870506,-0.126697272062302,0.355540841817856,3.26960253715515,1.94940435886383
1541,1.21787691116333,0.175914347171783,0.0701141953468323,0.48978865146637,2.08262777328491,-0.23075607419014,0.897916078567505,-0.143127828836441,-0.265972971916199,2.260174036026,0.503104090690613,0.00659601110965014,2.60281205177307,0.440429210662842,-0.0397213362157345,-0.163629531860352,0.393404483795166,3.21275091171265,2.05700325965881
1543,1.24116814136505,0.353922754526138,0.167952463030815,0.621021807193756,2.05449962615967,-0.193994030356407,0.928536713123322,-0.0253640003502369,0.0753659829497337,2.17601752281189,0.60578453540802,0.0917216464877129,2.58811020851135,0.538402318954468,0.120542667806149,0.109391577541828,0.342724293470383,3.07603406906128,2.08465504646301
1545,1.33149194717407,0.524961173534393,0.21460834145546,0.748035430908203,2.0695378780365,-0.178017839789391,1.04561519622803,0.0166417434811592,0.28792005777359,2.16009640693665,0.73960280418396,0.0990293845534325,2.61458587646484,0.5357266664505,0.268506437540054,0.304508537054062,0.322731137275696,3.05456399917603,2.03730702400208
1547,1.42294430732727,0.627227306365967,0.179721966385841,0.782804906368256,2.07001090049744,-0.10057794302702,1.13211154937744,0.0440572090446949,0.43617832660675,2.17999124526978,0.777943134307861,0.147174492478371,2.57673048973083,0.488770216703415,0.373495370149612,0.334681987762451,0.307384014129639,3.01310253143311,1.96304440498352
1549,1.47570216655731,0.676357388496399,0.17695939540863,0.777028262615204,2.06923866271973,-0.0180249735713005,1.08754742145538,0.0830524936318398,0.510474860668182,2.22298526763916,0.750984907150269,0.204328492283821,2.58931970596313,0.477850586175919,0.445683151483536,0.319682508707047,0.283951878547668,2.97769212722778,1.93036592006683
1551,1.45298326015472,0.644139587879181,0.160301446914673,0.696990251541138,2.04462385177612,0.0114956898614764,1.00924277305603,0.050200242549181,0.537550389766693,2.20693755149841,0.720350682735443,0.275331497192383,2.53631639480591,0.51132869720459,0.434139013290405,0.273621797561646,0.257867097854614,2.92413663864136,1.82711434364319
1553,1.40666532516479,0.568811058998108,0.143823072314262,0.600366473197937,1.93349635601044,0.00696983188390732,0.982456862926483,0.0020552552305162,0.572356164455414,2.18232727050781,0.675106585025787,0.262308388948441,2.40691757202148,0.496959716081619,0.381142973899841,0.221051663160324,0.24103732407093,2.87338161468506,1.74335098266602
1555,1.27825975418091,0.507408142089844,0.104828745126724,0.498429834842682,1.71877574920654,-0.0164054129272699,0.900306344032288,0.0145862251520157,0.599795579910278,2.14112782478333,0.614642143249512,0.297362238168716,2.21968555450439,0.365994065999985,0.31774964928627,0.201682195067406,0.200791984796524,2.77698087692261,1.72109818458557
1557,1.07458782196045,0.479538291692734,0.0666594058275223,0.45315819978714,1.51189494132996,-0.0570934638381004,0.779039740562439,0.0917418971657753,0.501674890518188,2.03880000114441,0.628195643424988,0.375602394342422,2.05401968955994,0.281076341867447,0.293094336986542,0.274190992116928,0.177717372775078,2.74896049499512,1.71822535991669
1559,1.02257513999939,0.462507843971252,0.0476117432117462,0.602533638477325,1.46923661231995,-0.153912678360939,0.740428984165192,0.101560726761818,0.411704212427139,1.96954584121704,0.672698557376862,0.36393329501152,2.01254892349243,0.307866871356964,0.259837210178375,0.348670303821564,0.182213053107262,2.74153995513916,1.6823844909668
1561,1.12615144252777,0.485923558473587,0.00770708778873086,0.657647430896759,1.46071434020996,-0.143384397029877,0.776521384716034,0.0983730331063271,0.412542581558228,1.90816676616669,0.640253782272339,0.289226621389389,1.96333026885986,0.337742358446121,0.19327637553215,0.379562705755234,0.115572467446327,2.65865969657898,1.61837327480316
1563,1.20218586921692,0.472119688987732,-0.0121708903461695,0.672475814819336,1.43442559242249,-0.10826351493597,0.796042263507843,0.146503731608391,0.447672605514526,1.82255613803864,0.58705461025238,0.173010885715485,1.91495406627655,0.393279582262039,0.175759091973305,0.377807229757309,0.0877022966742516,2.51901245117188,1.54029726982117
1565,1.18643200397491,0.44912526011467,-0.0357430465519428,0.621558785438538,1.43876159191132,-0.0851004123687744,0.763455867767334,0.144022867083549,0.436978131532669,1.78346860408783,0.564550518989563,0.126056998968124,1.84343659877777,0.480802655220032,0.161909937858582,0.392620593309402,0.0923445969820023,2.39118194580078,1.53609347343445
1567,1.16064417362213,0.468652367591858,-0.0135335335507989,0.496317267417908,1.46825277805328,-0.071006640791893,0.741650402545929,0.1722681671381,0.376163572072983,1.79908859729767,0.569328188896179,0.114269956946373,1.75312995910645,0.536053895950317,0.139162704348564,0.425666034221649,0.0390145368874073,2.26593780517578,1.47356617450714
1569,1.20742297172546,0.530100524425507,0.0421821773052216,0.418041229248047,1.48232233524323,-0.0168898496776819,0.762564718723297,0.162414863705635,0.284870326519012,1.81455016136169,0.564749360084534,0.114635117352009,1.72200489044189,0.525473952293396,0.166255339980125,0.509038805961609,0.052752897143364,2.15708088874817,1.34936130046844
1571,1.22125613689423,0.534196496009827,0.101027376949787,0.468473613262177,1.42885434627533,0.010746018961072,0.754175007343292,0.0923274457454681,0.255670934915543,1.81805920600891,0.56103652715683,0.166139140725136,1.76710832118988,0.535850882530212,0.167025610804558,0.590470850467682,0.155372768640518,2.10323572158813,1.27684879302979
1573,1.16595113277435,0.476503551006317,0.148212969303131,0.531566619873047,1.35049962997437,-0.00541999656707048,0.680511176586151,0.0727722719311714,0.303666472434998,1.79251897335052,0.5372673869133,0.198871329426765,1.81500387191772,0.53814709186554,0.150583207607269,0.611683905124664,0.237277895212173,2.06087350845337,1.26349353790283
1575,1.23644232749939,0.449783623218536,0.191268220543861,0.591683566570282,1.25783097743988,-0.0237128436565399,0.676768600940704,0.0944842398166656,0.403075993061066,1.71940016746521,0.574694216251373,0.204336673021317,1.9587322473526,0.602965950965881,0.188868686556816,0.668634951114655,0.291330009698868,2.04720973968506,1.27616000175476
1577,1.4620213508606,0.522390186786652,0.211492076516151,0.692055821418762,1.27859997749329,0.0117319393903017,0.815274119377136,0.198822304606438,0.530131161212921,1.74291682243347,0.68938422203064,0.204504117369652,2.2183952331543,0.754862606525421,0.315873831510544,0.844836413860321,0.355538576841354,2.07475566864014,1.35659599304199
1579,1.68608069419861,0.62551885843277,0.208163291215897,0.830596685409546,1.3926830291748,0.0738136917352676,0.976649641990662,0.306310027837753,0.641925752162933,1.82149648666382,0.768844544887543,0.234050840139389,2.4797158241272,0.878591179847717,0.420849800109863,1.07581746578217,0.458753675222397,2.04796862602234,1.45712685585022
1581,1.79241383075714,0.674051582813263,0.196604430675507,0.897374451160431,1.44280409812927,0.111942738294601,1.03816187381744,0.335116237401962,0.672142744064331,1.84703695774078,0.755222082138062,0.282971054315567,2.61707425117493,0.940275430679321,0.438151121139526,1.21410763263702,0.57779598236084,2.02254796028137,1.51215422153473
1583,1.77981662750244,0.692690551280975,0.185397014021873,0.866299688816071,1.44078254699707,0.112253814935684,1.03303265571594,0.283074378967285,0.637204527854919,1.80516445636749,0.717321813106537,0.298750877380371,2.64416003227234,0.932687401771545,0.39580026268959,1.22265660762787,0.59878945350647,2.0395827293396,1.5328803062439
1585,1.7462158203125,0.705251336097717,0.182493194937706,0.797609686851501,1.42531180381775,0.112280257046223,1.05495572090149,0.222210124135017,0.604352474212646,1.77556192874908,0.679434597492218,0.284239917993546,2.61245083808899,0.896089851856232,0.361592382192612,1.16983640193939,0.580993473529816,2.07772207260132,1.5209801197052
1587,1.74728965759277,0.718778312206268,0.195786729454994,0.732811212539673,1.41133916378021,0.128778502345085,1.1135870218277,0.227999806404114,0.599207997322083,1.76038873195648,0.669137477874756,0.284548074007034,2.62070465087891,0.885693430900574,0.369789183139801,1.13070499897003,0.55696702003479,2.15657591819763,1.51409828662872
1589,1.84644496440887,0.775203704833984,0.19751064479351,0.733702659606934,1.4188734292984,0.167912662029266,1.17901706695557,0.250169038772583,0.64312869310379,1.76452922821045,0.709166169166565,0.303734600543976,2.73756408691406,0.924634337425232,0.389786541461945,1.1948983669281,0.538942813873291,2.26247930526733,1.56692838668823
1591,2.03666472434998,0.841924071311951,0.215141266584396,0.797000229358673,1.46772861480713,0.225544601678848,1.24698746204376,0.322583347558975,0.763021349906921,1.84713518619537,0.771737217903137,0.361295163631439,2.99991631507874,1.03705430030823,0.442958801984787,1.38521659374237,0.574711501598358,2.38275575637817,1.70965361595154
1593,2.3796718120575,0.929624974727631,0.251860678195953,0.962975203990936,1.59909045696259,0.304460108280182,1.41575860977173,0.464568436145782,0.968399882316589,1.97684502601624,0.884569704532623,0.46668952703476,3.44224882125854,1.24857532978058,0.514673233032227,1.7198486328125,0.722428023815155,2.52783346176147,1.95782220363617
1595,2.91529941558838,1.07179975509644,0.292260766029358,1.24892115592957,1.78552317619324,0.380369901657104,1.66731774806976,0.618977308273315,1.24555742740631,2.16252112388611,1.0588036775589,0.576080441474915,4.04069709777832,1.54368603229523,0.574862360954285,2.17957472801208,0.987182557582855,2.69700074195862,2.29298186302185
1597,3.42351388931274,1.23580837249756,0.323083966970444,1.56925749778748,1.94490170478821,0.453010439872742,1.87609446048737,0.730479896068573,1.50448906421661,2.34598255157471,1.19430303573608,0.696394681930542,4.58854675292969,1.82338166236877,0.626897275447845,2.64506268501282,1.30336833000183,2.87768149375916,2.5893075466156
1599,3.68416094779968,1.34727895259857,0.33685302734375,1.7612589597702,2.04278159141541,0.524793446063995,1.94131100177765,0.805412828922272,1.65861022472382,2.48026847839355,1.26250922679901,0.763860940933228,4.85257148742676,1.98805749416351,0.669304549694061,2.90765762329102,1.47059321403503,3.00504016876221,2.73542237281799
1601,3.61110711097717,1.36971485614777,0.338584959506989,1.77411675453186,2.0628764629364,0.528515994548798,1.84814465045929,0.817906856536865,1.6302102804184,2.50123929977417,1.26318359375,0.773357570171356,4.71599435806274,2.0037682056427,0.662736654281616,2.88648128509521,1.4625141620636,2.9904727935791,2.70803761482239
1603,3.30828166007996,1.29764473438263,0.347445160150528,1.62903845310211,1.98014891147614,0.43502014875412,1.67709827423096,0.756177246570587,1.44193005561829,2.43793869018555,1.18978798389435,0.711398363113403,4.27889251708984,1.90025329589844,0.602665185928345,2.62387990951538,1.31387996673584,2.86723303794861,2.53110146522522
1605,2.93238520622253,1.17831480503082,0.337237745523453,1.40774774551392,1.85492837429047,0.333843320608139,1.49843537807465,0.627604961395264,1.24069547653198,2.35762548446655,1.0750824213028,0.624136567115784,3.76757216453552,1.6917724609375,0.526387870311737,2.22113585472107,1.06696093082428,2.72853541374207,2.26591420173645
1607,2.58000540733337,1.0622730255127,0.28730320930481,1.22056376934052,1.75083827972412,0.245629817247391,1.30268537998199,0.483406633138657,1.04384899139404,2.25897312164307,0.970496296882629,0.539582014083862,3.28735899925232,1.41213488578796,0.439839601516724,1.78582608699799,0.817841649055481,2.58527898788452,2.03359436988831
1609,2.32500576972961,0.978115439414978,0.242426156997681,1.05851221084595,1.71824407577515,0.169405937194824,1.17051458358765,0.381231248378754,0.87140554189682,2.21436953544617,0.898167610168457,0.486093878746033,2.92974781990051,1.1619108915329,0.384229719638824,1.40382587909698,0.636084735393524,2.48461747169495,1.92256736755371
1611,2.15619158744812,0.929389953613281,0.24377965927124,0.901452839374542,1.71340811252594,0.102386958897114,1.14452803134918,0.334531158208847,0.758834779262543,2.25533318519592,0.819951117038727,0.440550595521927,2.70202851295471,0.986898005008698,0.361551374197006,1.12273955345154,0.507073223590851,2.45321083068848,1.90970754623413
1613,2.02235460281372,0.879391610622406,0.251891374588013,0.784686386585236,1.70235097408295,0.0332313664257526,1.14822638034821,0.306797981262207,0.66258180141449,2.33876180648804,0.769594013690948,0.416816234588623,2.55403685569763,0.846105813980103,0.344479411840439,0.942847609519958,0.413222461938858,2.47249102592468,1.95193290710449
1615,1.9847925901413,0.865869224071503,0.231613993644714,0.736042857170105,1.72782111167908,-0.0418338887393475,1.14610028266907,0.28903004527092,0.616299092769623,2.47718167304993,0.771143436431885,0.461048722267151,2.48026943206787,0.745992362499237,0.355909049510956,0.849130690097809,0.33026647567749,2.54521179199219,1.98644661903381
1617,2.11354374885559,0.869893193244934,0.230928868055344,0.766282618045807,1.77989029884338,-0.0603818669915199,1.15396463871002,0.263794720172882,0.643828511238098,2.6614556312561,0.832679212093353,0.486879676580429,2.51731729507446,0.705999135971069,0.400205284357071,0.819949746131897,0.283808171749115,2.63383746147156,1.98421478271484
1619,2.2644681930542,0.901479721069336,0.237355068325996,0.810250043869019,1.84191071987152,-0.0393190197646618,1.1664069890976,0.295704245567322,0.687542676925659,2.86744618415833,0.874740719795227,0.465200990438461,2.62180113792419,0.69432657957077,0.42555233836174,0.783249318599701,0.241461247205734,2.71229720115662,1.97362530231476
1621,2.4673867225647,0.944004714488983,0.251617193222046,0.818229734897614,1.91353440284729,-0.0229862835258245,1.2000834941864,0.344491481781006,0.733089804649353,3.16843342781067,0.890125691890717,0.477700173854828,2.74198937416077,0.709927380084991,0.472491443157196,0.745096802711487,0.198898375034332,2.86866927146912,2.03763794898987
1623,2.7613742351532,1.00046646595001,0.291090548038483,0.81061989068985,2.04417681694031,-0.030113460496068,1.24564051628113,0.342112362384796,0.746594667434692,3.49550485610962,0.925477623939514,0.548977196216583,2.88809084892273,0.750911951065063,0.520309805870056,0.773236691951752,0.151530161499977,3.09320640563965,2.18283367156982
1625,3.05128335952759,1.08093869686127,0.3349609375,0.841495990753174,2.22225713729858,-0.0478635132312775,1.28188633918762,0.331589877605438,0.760112106800079,3.73362374305725,0.989697396755219,0.596583664417267,3.07633280754089,0.764534413814545,0.572812616825104,0.842703402042389,0.152029037475586,3.30822563171387,2.33530497550964
1627,3.3474235534668,1.16218018531799,0.357008904218674,0.887521505355835,2.36716890335083,-0.0325003564357758,1.34891331195831,0.394705414772034,0.828483760356903,3.86295795440674,1.06957316398621,0.634965538978577,3.32722139358521,0.847940742969513,0.627632558345795,0.912095248699188,0.176664814352989,3.43784236907959,2.50979948043823
1629,3.56287312507629,1.20271182060242,0.372341722249985,0.947942852973938,2.44732999801636,0.0182174891233444,1.4347106218338,0.45590215921402,0.895462393760681,3.89143824577332,1.13484036922455,0.674127876758575,3.5808846950531,0.97776210308075,0.696610033512115,0.955053687095642,0.200299620628357,3.49784278869629,2.72721028327942
1631,3.61258316040039,1.21564042568207,0.36887264251709,0.978817105293274,2.47738242149353,0.0289265736937523,1.44424688816071,0.484948813915253,0.887994110584259,3.85400891304016,1.1588751077652,0.690471351146698,3.73100972175598,1.05541944503784,0.764700353145599,0.976123690605164,0.185508638620377,3.54214644432068,2.86987829208374
1633,3.517822265625,1.20274889469147,0.368542224168777,1.00517892837524,2.508624792099,-0.000611077062785625,1.3892570734024,0.442922919988632,0.826216697692871,3.81381607055664,1.17697858810425,0.713243961334229,3.81107592582703,1.04626846313477,0.802283763885498,0.988268613815308,0.169225752353668,3.60859370231628,2.94653534889221
1635,3.48584890365601,1.21734857559204,0.4195696413517,1.07716858386993,2.60728526115417,-0.0101503562182188,1.3891726732254,0.399311542510986,0.822810530662537,3.83591222763062,1.27035653591156,0.779933452606201,3.95996332168579,1.00026500225067,0.814080893993378,0.994883239269257,0.226994976401329,3.61677384376526,3.07559132575989
1637,3.58616304397583,1.27317094802856,0.465300500392914,1.14717876911163,2.7300980091095,0.0178211741149426,1.49172914028168,0.423766285181046,0.92431366443634,3.90590381622314,1.36626255512238,0.829377412796021,4.21677303314209,1.03218054771423,0.849281072616577,1.00370657444,0.333925664424896,3.61396074295044,3.23726844787598
1639,3.71325945854187,1.33577287197113,0.510765612125397,1.18786561489105,2.85359501838684,0.0880681350827217,1.62588346004486,0.443814903497696,1.0717875957489,3.98227047920227,1.46387135982513,0.887598633766174,4.50378036499023,1.09084331989288,0.846558034420013,1.03493237495422,0.442161411046982,3.70897269248962,3.38756799697876
1641,3.80847144126892,1.36544990539551,0.553886413574219,1.20809435844421,2.94103717803955,0.107570819556713,1.74436819553375,0.399623513221741,1.15766143798828,4.03436326980591,1.53928709030151,0.954757809638977,4.72091913223267,1.12877309322357,0.873673379421234,1.03935861587524,0.496700346469879,3.87665724754333,3.48505616188049
1643,3.79188394546509,1.36624324321747,0.582064986228943,1.20472002029419,2.97982811927795,0.061528068035841,1.8273651599884,0.33530068397522,1.15396249294281,4.05900430679321,1.55889248847961,1.00062716007233,4.80396938323975,1.11271047592163,0.91098415851593,1.03162002563477,0.497132807970047,4.06388854980469,3.56494092941284
1645,3.76798057556152,1.35957157611847,0.60824590921402,1.24893116950989,3.04531216621399,-0.000452391803264618,1.8629709482193,0.331883072853088,1.15835809707642,4.08690643310547,1.5646345615387,1.04221868515015,4.88525104522705,1.12288081645966,0.919849216938019,1.05752658843994,0.48530250787735,4.18765592575073,3.72201681137085
1647,3.8996000289917,1.37597942352295,0.624741852283478,1.33675408363342,3.11322426795959,-0.0109029682353139,1.89560103416443,0.415397346019745,1.24809420108795,4.14009094238281,1.56912195682526,1.0483318567276,5.04426908493042,1.22415685653687,0.92177414894104,1.11958086490631,0.513152360916138,4.18366861343384,3.87696599960327
1649,3.98603057861328,1.36093282699585,0.586274147033691,1.33320438861847,3.10679531097412,-0.0280519127845764,1.8979344367981,0.503708243370056,1.24908053874969,4.15949821472168,1.51307833194733,1.00065994262695,5.06832361221313,1.27192342281342,0.932166337966919,1.16682064533234,0.492595583200455,4.15096473693848,3.88890957832336
1651,4.0125093460083,1.33971798419952,0.512751340866089,1.30007171630859,3.11358141899109,-0.0210515912622213,1.86860728263855,0.594052135944366,1.17841339111328,4.14678716659546,1.46708953380585,0.944489777088165,5.02926015853882,1.26684677600861,0.999305903911591,1.20885741710663,0.420444697141647,4.17130517959595,3.83876800537109
1653,4.29496812820435,1.45113933086395,0.503727853298187,1.39047753810883,3.20313334465027,-0.00298247928731143,1.90477979183197,0.732690691947937,1.37644016742706,4.19375562667847,1.58434796333313,1.0246787071228,5.35660552978516,1.3163286447525,1.06557679176331,1.23863899707794,0.472052663564682,4.17494869232178,3.93561792373657
1655,4.6667423248291,1.59531557559967,0.58628511428833,1.52373683452606,3.32248711585999,0.0505106896162033,1.97411072254181,0.825852453708649,1.75839948654175,4.24489307403564,1.74203193187714,1.16488206386566,5.78874731063843,1.40871334075928,1.12765979766846,1.25895690917969,0.549410402774811,4.11556196212769,4.0818886756897
1657,4.91840410232544,1.69371390342712,0.681381583213806,1.60016119480133,3.43325853347778,0.117719173431396,2.04028940200806,0.856107890605927,2.07023787498474,4.25181865692139,1.81721830368042,1.31882679462433,6.12304973602295,1.510329246521,1.14312613010406,1.29894757270813,0.578357458114624,4.0999116897583,4.14677476882935
1659,4.93684196472168,1.74470245838165,0.737386107444763,1.62569880485535,3.50955033302307,0.12129270285368,2.0973265171051,0.844296216964722,2.15380334854126,4.23730230331421,1.8220819234848,1.42682647705078,6.26453971862793,1.58557260036469,1.14725089073181,1.33284902572632,0.584716796875,4.17017507553101,4.14089107513428
1661,4.93126153945923,1.75679540634155,0.77262407541275,1.63269197940826,3.53301310539246,0.119008474051952,2.16593480110168,0.829927742481232,2.17741012573242,4.26897859573364,1.8172926902771,1.44661998748779,6.34724140167236,1.63199806213379,1.18996930122375,1.35067784786224,0.617962539196014,4.18677854537964,4.12308788299561
1663,4.96804428100586,1.74102759361267,0.75971382856369,1.64893269538879,3.51697492599487,0.133635431528091,2.20885682106018,0.808614611625671,2.22431564331055,4.29528999328613,1.81760382652283,1.40498948097229,6.43609714508057,1.6567565202713,1.19725155830383,1.38213992118835,0.654986977577209,4.1316032409668,4.06880283355713
1665,4.87544441223145,1.68795311450958,0.705010116100311,1.63326692581177,3.45616722106934,0.109496027231216,2.18845105171204,0.754240393638611,2.17977523803711,4.25931262969971,1.81125044822693,1.34548401832581,6.41659593582153,1.64881885051727,1.18025171756744,1.38335728645325,0.668945074081421,4.08214426040649,3.99327397346497
1667,4.66055345535278,1.64110040664673,0.649998545646667,1.5828845500946,3.35179018974304,0.0902430862188339,2.13073968887329,0.707271814346313,2.04961013793945,4.15874290466309,1.7747083902359,1.27661776542664,6.28897714614868,1.59686887264252,1.17806625366211,1.35962605476379,0.644045889377594,4.06598615646362,3.87460207939148
1669,4.49607181549072,1.58716797828674,0.630927383899689,1.52748155593872,3.27005052566528,0.128984659910202,2.09961223602295,0.687159657478333,1.92251574993134,4.02910709381104,1.71843528747559,1.20674240589142,6.13751173019409,1.52626323699951,1.16161453723907,1.37049305438995,0.607740521430969,4.04772996902466,3.74321246147156
1671,4.37191581726074,1.53087341785431,0.606806695461273,1.47627604007721,3.18969678878784,0.174246847629547,2.05215525627136,0.653278112411499,1.83987653255463,3.91613960266113,1.67434203624725,1.16856753826141,5.97452068328857,1.47426271438599,1.09719169139862,1.39039695262909,0.565383791923523,4.00275611877441,3.63330698013306
1673,4.25581407546997,1.52471709251404,0.581682682037354,1.43115365505219,3.09669423103333,0.198566064238548,1.95665311813354,0.622092962265015,1.76060402393341,3.81365966796875,1.65351939201355,1.16986048221588,5.75296783447266,1.4196994304657,1.04860055446625,1.37765729427338,0.543506324291229,3.93319988250732,3.47968506813049
1675,4.20689821243286,1.51736032962799,0.583783984184265,1.38871920108795,2.97761154174805,0.200467124581337,1.89277637004852,0.600520431995392,1.70868074893951,3.70148873329163,1.63318908214569,1.17222392559052,5.54859256744385,1.39257144927979,1.02046489715576,1.34814155101776,0.551684200763702,3.83550453186035,3.30810523033142
1677,4.10594654083252,1.4893342256546,0.590040266513824,1.29478657245636,2.86285710334778,0.197587251663208,1.86111414432526,0.609622955322266,1.60951149463654,3.59925389289856,1.61343920230865,1.15514552593231,5.34735631942749,1.37193727493286,0.985192596912384,1.31525814533234,0.556712985038757,3.75784921646118,3.1884298324585
1679,3.93646883964539,1.43932795524597,0.567940831184387,1.19160223007202,2.7736964225769,0.194236189126968,1.81838202476501,0.607430994510651,1.47522735595703,3.50416731834412,1.60184347629547,1.08408319950104,5.13374280929565,1.34969222545624,0.935946702957153,1.31047022342682,0.520416855812073,3.69621801376343,3.14031887054443
1681,3.68920373916626,1.36640048027039,0.5095534324646,1.0883926153183,2.65119647979736,0.168042495846748,1.71271109580994,0.503440856933594,1.28547763824463,3.37819457054138,1.56391716003418,0.970230638980865,4.91220045089722,1.29178082942963,0.889875471591949,1.27640879154205,0.426793158054352,3.57307410240173,3.09751892089844
1683,3.44334983825684,1.29320096969604,0.453924953937531,1.04146587848663,2.46305084228516,0.134218066930771,1.60029578208923,0.390929758548737,1.07429695129395,3.17821526527405,1.47561311721802,0.861103355884552,4.69280624389648,1.21367406845093,0.848662555217743,1.214888215065,0.346970289945602,3.3558189868927,2.99960589408875
1685,3.29571223258972,1.23862099647522,0.437379628419876,1.01548480987549,2.327969789505,0.0899060890078545,1.5544867515564,0.357512921094894,0.948177576065063,3.01804399490356,1.40860462188721,0.832855582237244,4.51042509078979,1.19123721122742,0.786555707454681,1.14904010295868,0.295041054487228,3.18636202812195,2.86444616317749
1687,3.21524667739868,1.18498504161835,0.428687006235123,0.974593043327332,2.23747229576111,0.052850004285574,1.52016353607178,0.361027747392654,0.889089465141296,2.9150447845459,1.3787544965744,0.851051151752472,4.35488510131836,1.17443764209747,0.758894860744476,1.12519526481628,0.297618567943573,3.11052918434143,2.747554063797
1689,3.18906283378601,1.15959739685059,0.409811228513718,0.974521398544312,2.15337419509888,0.0493670143187046,1.47416484355927,0.345984131097794,0.898860454559326,2.83220076560974,1.39696848392487,0.882606208324432,4.23580503463745,1.12398767471313,0.758698880672455,1.1283175945282,0.357204705476761,3.02181458473206,2.65184855461121
1691,3.14079260826111,1.125443816185,0.379361748695374,0.938176512718201,2.07084989547729,0.0552010349929333,1.41985261440277,0.293269634246826,0.908978343009949,2.73879432678223,1.41554188728333,0.875733315944672,4.16477680206299,1.05092060565948,0.754618048667908,1.1100298166275,0.391008257865906,2.92255520820618,2.57156777381897
1693,3.02780485153198,1.06467759609222,0.357180327177048,0.83698970079422,1.96677088737488,0.0352608524262905,1.36784720420837,0.213483899831772,0.840815544128418,2.59797286987305,1.39436233043671,0.825177729129791,4.01066875457764,0.972377181053162,0.763928413391113,1.02846872806549,0.40608474612236,2.85368156433105,2.53416967391968
1695,2.8601405620575,0.946702778339386,0.365517556667328,0.687605321407318,1.84189522266388,0.0243400149047375,1.33768117427826,0.120855569839478,0.727271437644958,2.40021729469299,1.32479214668274,0.785064280033112,3.76706957817078,0.922758102416992,0.770085155963898,0.960397958755493,0.444525063037872,2.79202103614807,2.47486257553101
1697,2.6226954460144,0.824122250080109,0.404884517192841,0.530170440673828,1.69987964630127,0.00517668109387159,1.24533402919769,0.0513286478817463,0.591484069824219,2.21301341056824,1.21752822399139,0.743388414382935,3.49899363517761,0.892698287963867,0.75012344121933,0.882167875766754,0.443870723247528,2.71104645729065,2.34610319137573
1699,2.31856918334961,0.745475888252258,0.418351680040359,0.476806879043579,1.55471658706665,-0.0278158262372017,1.10966742038727,0.070283830165863,0.502102792263031,2.00527453422546,1.15240442752838,0.703013002872467,3.28244948387146,0.868939936161041,0.736241102218628,0.814731538295746,0.366921722888947,2.55103778839111,2.18572115898132
1701,2.0789999961853,0.714380621910095,0.372174352407455,0.493738830089569,1.41810441017151,-0.0600072667002678,1.03960204124451,0.0626348853111267,0.424945771694183,1.84904277324677,1.13760960102081,0.69277036190033,3.15165138244629,0.804916441440582,0.71514767408371,0.798076748847961,0.312267184257507,2.37473249435425,2.09953761100769
1703,1.89589810371399,0.692034125328064,0.33640456199646,0.510514140129089,1.28610348701477,-0.0670600384473801,1.00829768180847,0.0178528241813183,0.342016011476517,1.68881118297577,1.09504008293152,0.684224367141724,3.00412535667419,0.738375663757324,0.66704797744751,0.80950266122818,0.293798089027405,2.28690767288208,2.07190704345703
1705,1.78001654148102,0.653943598270416,0.313291221857071,0.543817639350891,1.22318971157074,-0.0127503164112568,0.950550854206085,-0.0012769642053172,0.316251575946808,1.58098125457764,1.03337216377258,0.650416672229767,2.87272882461548,0.717600345611572,0.594880640506744,0.843453466892242,0.279490351676941,2.20963430404663,2.0562858581543
1707,1.71837258338928,0.606792330741882,0.278503596782684,0.550096392631531,1.23257386684418,0.00733147142454982,0.893440783023834,-0.012648893520236,0.336255490779877,1.52672171592712,0.997601866722107,0.604140639305115,2.76856732368469,0.713963747024536,0.50941413640976,0.882514595985413,0.281289845705032,2.05613946914673,1.99511325359344
1709,1.67699432373047,0.572080731391907,0.250453531742096,0.494169861078262,1.27355813980103,-0.00720489118248224,0.830414474010468,0.0266730040311813,0.350367397069931,1.48238801956177,0.998389601707458,0.555255174636841,2.68260502815247,0.744252622127533,0.431318372488022,0.988313555717468,0.287646025419235,1.91743469238281,1.95484328269958
1711,1.59764087200165,0.545126795768738,0.231299489736557,0.426861196756363,1.28748667240143,-0.0371834523975849,0.737038969993591,0.0461310818791389,0.332061529159546,1.42535257339478,0.972628712654114,0.52773517370224,2.5878689289093,0.789456605911255,0.384395986795425,1.0773001909256,0.314962118864059,1.86127066612244,1.87970376014709
1713,1.51027834415436,0.528631985187531,0.212617859244347,0.374754011631012,1.2344833612442,-0.0571809411048889,0.624972105026245,0.0368381962180138,0.306854367256165,1.34687554836273,0.922357022762299,0.510386049747467,2.48261713981628,0.788958132266998,0.352710217237473,1.10163843631744,0.362865060567856,1.85910451412201,1.77840006351471
1715,1.44185364246368,0.54329514503479,0.202899798750877,0.346301168203354,1.19838297367096,-0.0511648319661617,0.559954762458801,0.00713583687320352,0.288485050201416,1.26009595394135,0.845055937767029,0.46906715631485,2.38433885574341,0.750619530677795,0.317977368831635,1.08565032482147,0.387864798307419,1.83651173114777,1.67735230922699
1717,1.45625329017639,0.641493678092957,0.205613061785698,0.295309036970139,1.31358170509338,0.0056308270432055,0.602433025836945,-0.0127585511654615,0.375113755464554,1.2592066526413,0.827366054058075,0.44006159901619,2.40148234367371,0.76721727848053,0.349886804819107,1.1292884349823,0.414569050073624,1.74038124084473,1.59901893138885
1719,1.50082755088806,0.772892832756042,0.223520576953888,0.280700087547302,1.46932065486908,0.0602966770529747,0.662609457969666,-0.00776656903326511,0.491077691316605,1.33112680912018,0.910389125347137,0.405025690793991,2.53216910362244,0.7845618724823,0.417901873588562,1.21465349197388,0.517414271831512,1.66040658950806,1.54622769355774
1721,1.4957560300827,0.912457287311554,0.264512836933136,0.300268292427063,1.60656535625458,0.125232189893723,0.698108375072479,0.028951920568943,0.637108266353607,1.39943957328796,1.00100564956665,0.390622347593307,2.72457408905029,0.773294568061829,0.468863129615784,1.28836452960968,0.649182200431824,1.62990939617157,1.4559326171875
1723,1.48183071613312,1.03519320487976,0.307232201099396,0.302900046110153,1.68563389778137,0.157931953668594,0.719894707202911,0.0734529793262482,0.798082590103149,1.44772815704346,1.05990731716156,0.414909809827805,2.95231986045837,0.777236878871918,0.498560845851898,1.36164963245392,0.807335913181305,1.57983911037445,1.40170204639435
1725,1.49099147319794,1.12651407718658,0.328310549259186,0.282071024179459,1.70867788791656,0.150122985243797,0.735267281532288,0.0935199111700058,0.942554175853729,1.48644852638245,1.07852530479431,0.463546872138977,3.15139627456665,0.777720510959625,0.491896837949753,1.41439914703369,0.949193477630615,1.52461409568787,1.35112822055817
1727,1.47259175777435,1.15501844882965,0.313614308834076,0.216846063733101,1.70758533477783,0.130258023738861,0.755539953708649,0.0780827254056931,1.11003613471985,1.50895643234253,1.10108160972595,0.508631885051727,3.31759643554688,0.798898100852966,0.468015402555466,1.42805671691895,1.05768406391144,1.50857698917389,1.28399670124054
1729,1.44649863243103,1.12494766712189,0.298939943313599,0.137591153383255,1.67756319046021,0.0892906412482262,0.769143462181091,0.0571484342217445,1.26123404502869,1.47241806983948,1.13554501533508,0.532819449901581,3.44982743263245,0.8426194190979,0.448272883892059,1.39182686805725,1.1625030040741,1.52060413360596,1.22493839263916
1731,1.38313388824463,1.03232824802399,0.300964653491974,0.0904504656791687,1.6131911277771,0.0231839530169964,0.737596392631531,0.00427803257480264,1.37471103668213,1.42155480384827,1.12908029556274,0.527020394802094,3.54346942901611,0.892174899578094,0.374109447002411,1.31504690647125,1.22647345066071,1.51424098014832,1.17110848426819
1733,1.37641501426697,0.886213183403015,0.326537042856216,0.156893014907837,1.47265613079071,-0.0312587581574917,0.704858303070068,0.0230949446558952,1.60354948043823,1.37326407432556,1.13498246669769,0.551899790763855,3.71078300476074,0.903502762317657,0.29106929898262,1.31536149978638,1.3171101808548,1.46162414550781,1.16385316848755
1735,1.39823198318481,0.781410038471222,0.333278477191925,0.233520939946175,1.28510642051697,-0.0389080233871937,0.68189936876297,0.125975489616394,1.81664264202118,1.29017424583435,1.16621625423431,0.601914703845978,3.8601496219635,0.884828984737396,0.274896144866943,1.34353005886078,1.40511167049408,1.42625308036804,1.2062486410141
1737,1.41333746910095,0.69441157579422,0.317058801651001,0.234750151634216,1.23006308078766,-0.0540367588400841,0.629676222801208,0.146470054984093,1.94784915447235,1.21413457393646,1.2338604927063,0.651163041591644,3.89024806022644,0.902072310447693,0.312991499900818,1.34596562385559,1.44536769390106,1.41033852100372,1.19072031974792
1739,1.41581463813782,0.628850758075714,0.323976576328278,0.187226071953773,1.25184285640717,-0.0420412421226501,0.561348080635071,0.174730837345123,2.05291557312012,1.17373251914978,1.26382958889008,0.676561713218689,3.84398174285889,0.947290241718292,0.344899415969849,1.30992722511292,1.48100507259369,1.39899432659149,1.12140285968781
1741,1.37215340137482,0.588907778263092,0.322043001651764,0.206686958670616,1.19401466846466,0.00224316469393671,0.522078812122345,0.205788806080818,2.10874700546265,1.17745232582092,1.29627215862274,0.710471987724304,3.73588943481445,0.920295178890228,0.308898091316223,1.24637854099274,1.44572126865387,1.36774885654449,1.06130850315094
1743,1.2767745256424,0.558439970016479,0.262106448411942,0.159479469060898,1.08444941043854,0.0526481345295906,0.512431442737579,0.194852769374847,2.10253572463989,1.12627756595612,1.2762176990509,0.665214002132416,3.55638146400452,0.845848977565765,0.218337178230286,1.21512818336487,1.40907537937164,1.2922420501709,0.979556202888489
1745,1.16897261142731,0.493190914392471,0.185245484113693,0.0596806742250919,0.991159617900848,0.0596389546990395,0.484547227621078,0.179007351398468,1.99933290481567,1.0407567024231,1.22345352172852,0.535616040229797,3.34262681007385,0.757754862308502,0.0983496382832527,1.17047464847565,1.38218307495117,1.18632686138153,0.869954824447632
1747,1.03889489173889,0.404064208269119,0.126470997929573,0.0515797920525074,0.943090319633484,0.0381283834576607,0.426796138286591,0.134332731366158,1.77326846122742,0.995855867862701,1.12710762023926,0.401188671588898,3.08179187774658,0.672046661376953,0.0132161248475313,1.10142707824707,1.3087317943573,1.099405169487,0.791087210178375
1749,0.906597256660461,0.343474060297012,0.103839039802551,0.103056035935879,0.869954705238342,0.0960634276270866,0.416500985622406,0.0221510194242001,1.45058381557465,0.934305846691132,0.949901878833771,0.301697731018066,2.75112962722778,0.615385413169861,-0.0055534616112709,1.01109516620636,1.14834368228912,0.951587617397308,0.729009866714478
1751,0.827348411083221,0.313353329896927,0.0645730197429657,0.107835844159126,0.751807153224945,0.159932672977448,0.403323769569397,-0.0484017692506313,1.17571365833282,0.856663703918457,0.788994252681732,0.210750356316566,2.4110426902771,0.581519544124603,0.023018004372716,0.923041522502899,0.939009785652161,0.822077512741089,0.661284208297729
1753,0.757568836212158,0.272345721721649,0.0148413423448801,0.0344583205878735,0.607378304004669,0.217649757862091,0.348128914833069,-0.0651827901601791,0.945779323577881,0.74511456489563,0.640215396881104,0.121683768928051,2.12704753875732,0.518494725227356,0.0938492268323898,0.860089659690857,0.801145255565643,0.754051864147186,0.572145104408264
1755,0.692925035953522,0.209474220871925,-0.014440325088799,-0.0635326504707336,0.499347329139709,0.197594165802002,0.226035878062248,-0.07124362885952,0.708393275737762,0.665656387805939,0.480909794569016,0.112551160156727,1.86951506137848,0.458463370800018,0.111218824982643,0.80219292640686,0.686916291713715,0.621275663375854,0.518369913101196
1757,0.607824504375458,0.134588629007339,-0.0211768262088299,-0.130271330475807,0.406265467405319,0.148040845990181,0.132150024175644,-0.0728689208626747,0.491197794675827,0.573743104934692,0.319251030683517,0.112879931926727,1.62097990512848,0.374244183301926,0.0935275480151176,0.730484664440155,0.570724725723267,0.535402357578278,0.490764230489731
1759,0.531939804553986,0.0488505661487579,-0.0231777504086494,-0.086913675069809,0.297865003347397,0.110360883176327,0.123839877545834,-0.0646868869662285,0.316399574279785,0.431598782539368,0.186079904437065,0.0935549736022949,1.38684856891632,0.272646427154541,0.0625897422432899,0.643673539161682,0.471657872200012,0.500633776187897,0.448926001787186
1761,0.45196396112442,-0.0287749879062176,0.00208385521546006,-0.0324011296033859,0.1861622184515,0.028967309743166,0.128339901566505,-0.0802449807524681,0.188774555921555,0.346893608570099,0.0872641503810883,0.0901844128966331,1.18611121177673,0.201448306441307,0.00576266879215837,0.534499704837799,0.362053096294403,0.423951506614685,0.419985115528107
1763,0.402281582355499,-0.0542450845241547,0.0411740504205227,-0.00270804390311241,0.123669311404228,-0.0213809460401535,0.158567443490028,-0.136991813778877,0.104401804506779,0.273037254810333,0.0571023970842361,0.0785163044929504,1.03869950771332,0.155597165226936,-0.0636121928691864,0.394332945346832,0.26907753944397,0.346927225589752,0.386748075485229
1765,0.373565435409546,-0.0463472567498684,0.0424784682691097,0.0380738340318203,0.145525142550468,-0.0193499177694321,0.217253267765045,-0.15887151658535,0.00831486191600561,0.181266397237778,-0.00144786795135587,0.0365314334630966,0.949930846691132,0.0994605645537376,-0.133844599127769,0.296053111553192,0.178117677569389,0.311737895011902,0.376745700836182
1767,0.320426553487778,-0.0424697734415531,0.0110016167163849,0.0387454144656658,0.168022364377975,0.00443166866898537,0.21324659883976,-0.213360637426376,-0.0683402568101883,0.0621054694056511,-0.119470149278641,-0.0265620928257704,0.886015474796295,0.0529535077512264,-0.11759340763092,0.212292850017548,0.146875753998756,0.316040605306625,0.387277662754059
1769,0.300762265920639,-0.0876834765076637,-0.0554020665585995,-0.0168063677847385,0.131553038954735,0.0137540195137262,0.132626235485077,-0.176391467452049,-0.0783368796110153,0.0128615014255047,-0.163190498948097,-0.0588856637477875,0.791055500507355,0.0143115231767297,0.0108272219076753,0.226821437478065,0.10563450306654,0.328745603561401,0.395650088787079
1771,0.291991949081421,-0.164887726306915,-0.074718713760376,-0.0808825045824051,0.0891348943114281,-0.035496212542057,0.00616742577403784,-0.106898859143257,-0.0923395678400993,0.142288953065872,-0.136643961071968,-0.0452974885702133,0.675006628036499,0.072594091296196,0.124119460582733,0.275324195623398,0.0331206172704697,0.269724190235138,0.371072471141815
1773,0.316714525222778,-0.216028586030006,-0.0441939979791641,-0.0317505560815334,0.0643424987792969,-0.0662907585501671,-0.110821723937988,-0.0660192519426346,-0.0846810415387154,0.255574941635132,-0.17426423728466,0.0115414327010512,0.566593110561371,0.199703618884087,0.118009552359581,0.301952004432678,0.0323743745684624,0.195679560303688,0.315296530723572
1775,0.311217397451401,-0.19804710149765,-0.0237673278898001,0.0209920108318329,-0.00542041659355164,-0.0188696440309286,-0.100944608449936,-0.0470784567296505,-0.0594346821308136,0.240909039974213,-0.168606847524643,0.0328160189092159,0.432994067668915,0.240063861012459,0.101329132914543,0.283098965883255,0.11185360699892,0.224133595824242,0.254700422286987
1777,0.231102257966995,-0.226120173931122,0.00205710716545582,-0.0297025330364704,-0.106281906366348,-0.00932128727436066,-0.0532562248408794,-0.0235935393720865,0.00195324840024114,0.155472233891487,-0.188631385564804,0.0261594038456678,0.341624855995178,0.178902581334114,0.108218587934971,0.177180781960487,0.167692899703979,0.269465208053589,0.204959362745285
1779,0.243620276451111,-0.288872361183167,-0.00268733571283519,-0.154781267046928,-0.127924084663391,-0.00570921460166574,-0.037560909986496,-0.0580135397613049,0.116952247917652,0.0277215708047152,-0.118575304746628,0.000878334045410156,0.272435247898102,0.0936654284596443,0.0434016734361649,0.07518170773983,0.100432202219963,0.251266807317734,0.208040565252304
1781,0.297777742147446,-0.195011004805565,-0.00875102169811726,-0.289352029561996,-0.031574547290802,-0.00443986710160971,0.0415786691009998,-0.195544853806496,0.169847667217255,-0.155074506998062,-0.0523854792118073,-0.00178442965261638,0.216575413942337,0.0942194685339928,-0.0367305465042591,0.0149729326367378,0.0453971810638905,0.182854115962982,0.328264206647873
1783,0.293145745992661,-0.0902126953005791,0.00951588805764914,-0.22224560379982,0.0312359742820263,-0.0722540393471718,0.0383171811699867,-0.201442927122116,0.156385019421577,-0.129517495632172,-0.048386737704277,0.0448469594120979,0.295405060052872,0.115175500512123,-0.0210996046662331,-0.0306875798851252,0.0316394679248333,0.0936119258403778,0.367024123668671
1785,0.189632281661034,-0.040167823433876,0.00765529274940491,-0.134227499365807,0.0249243769794703,-0.170739561319351,-0.00196857145056129,-0.12294265627861,0.104392603039742,-0.0914702564477921,-0.144802868366241,0.082514189183712,0.422252416610718,0.1417406052351,-0.0077821658924222,-0.0143530452623963,0.0544498823583126,0.0531219765543938,0.314424365758896
1787,0.0804453194141388,-0.0327381491661072,0.0247732065618038,-0.0435920134186745,0.0309818051755428,-0.25444170832634,-0.0431486107409,-0.144481718540192,0.0523284487426281,-0.0643556863069534,-0.173390626907349,0.095119833946228,0.423694789409637,0.219930559396744,-0.0894181728363037,0.0185326561331749,0.10319210588932,0.108641035854816,0.204410701990128
1789,0.059068787842989,-0.0936921313405037,0.0576513446867466,-0.0202859733253717,-0.0974555239081383,-0.213968619704247,-5.07579170516692E-05,-0.192017763853073,0.06942418217659,-0.0813986361026764,-0.187622964382172,0.021663311868906,0.395305782556534,0.227174013853073,-0.084447830915451,0.10342625528574,0.182917937636375,0.216223850846291,0.134927064180374
1791,0.0646757110953331,0.0115414801985025,0.0443389378488064,-0.000954520131926984,-0.195411130785942,-0.102562591433525,0.0375100746750832,-0.252563297748566,0.147289201617241,-0.146444588899612,-0.129678696393967,-0.123617097735405,0.483324199914932,0.212827324867249,0.0467982292175293,0.24670484662056,0.305748820304871,0.310045391321182,0.131612688302994
1793,0.107298471033573,0.170204728841782,0.103442788124084,-0.116911269724369,-0.258468240499496,-0.0124479355290532,0.145402327179909,-0.32775604724884,0.142389297485352,-0.304116755723953,-0.0702333077788353,-0.18825988471508,0.595423877239227,0.227927356958389,0.0643972456455231,0.223408564925194,0.435284852981567,0.330322355031967,-0.013842636719346
1795,0.044952929019928,0.236265271902084,0.138301596045494,-0.260732889175415,-0.218180865049362,-0.0865938663482666,0.226165041327477,-0.193319916725159,0.0963355824351311,-0.289812862873077,-0.0196705441921949,-0.24222195148468,0.533484578132629,0.116016954183578,0.012085466645658,0.191848009824753,0.463124305009842,0.247828379273415,0.0617309026420116
2685,-0.0296149700880051,0.211301609873772,0.11662346124649,-0.266811609268188,-0.118622556328773,-0.0905974954366684,0.402240872383118,-0.215281099081039,-0.0135995000600815,-0.0189818404614925,0.047937449067831,-0.146352425217628,0.401639223098755,0.136322647333145,-0.0425992161035538,0.227820202708244,0.390394300222397,0.368763625621796,0.076614074409008
2687,-0.196118265390396,0.155560061335564,0.0682181939482689,-0.28038489818573,0.103681944310665,-0.09953723102808,0.795401990413666,-0.264318466186523,-0.259074479341507,0.585758924484253,0.198899894952774,0.0677153915166855,0.107240654528141,0.18166346848011,-0.164705067873001,0.308142811059952,0.227994844317436,0.638800799846649,0.109846726059914
2689,-0.897846341133118,-0.0793625116348267,-0.135785982012749,-0.337589353322983,1.04058432579041,-0.137213841080666,2.45237898826599,-0.470986217260361,-1.29362869262695,3.13443851470947,0.835131049156189,0.969904005527496,-1.13350176811218,0.372752130031586,-0.679320275783539,0.646662414073944,-0.456437557935715,1.77687251567841,0.249905824661255
2691,-0.595298409461975,0.151438131928444,-0.514140427112579,-0.322317093610764,0.861090660095215,0.137896567583084,1.92641925811768,0.854144275188446,-0.967327415943146,3.08947896957397,0.580016851425171,-0.732141435146332,-1.35379374027252,-0.232545524835587,-0.475284785032272,0.610604226589203,-0.470689475536346,2.04407477378845,0.925767421722412
2693,-0.679331004619598,0.281337380409241,-0.369888305664063,-0.177584782242775,0.48308664560318,0.12452507019043,1.68409585952759,1.72368025779724,-0.616337060928345,2.01749324798584,0.135632932186127,-1.51237785816193,-1.23548316955566,-0.681004524230957,-0.775446891784668,0.822411596775055,-0.976018369197845,1.74352312088013,0.555529475212097
2695,-0.358261227607727,-0.0303155779838562,-0.297736078500748,-0.305544555187225,-0.151958897709846,-0.102135397493839,1.17764544487,1.19418811798096,-0.529377043247223,0.426692187786102,-0.73670482635498,-0.856063902378082,-1.73831939697266,-0.64563000202179,-0.915293872356415,0.400444686412811,-0.508623480796814,1.18415880203247,-0.118605591356754
2697,-0.220233172178268,-0.2049919962883,-0.316874444484711,-0.646797478199005,-0.32680356502533,-0.447715580463409,0.891072690486908,0.732424139976501,-0.711959958076477,-0.46578922867775,-1.19827854633331,-0.250159502029419,-1.48772239685059,-0.725805878639221,-0.850074350833893,-0.266241818666458,0.171699717640877,0.320515722036362,-0.0337799787521362
2699,-0.376127630472183,-0.0562579743564129,-0.325316190719604,-0.266165286302567,-0.553832113742828,-0.409039080142975,0.588715672492981,0.642585515975952,-0.518218398094177,-0.464713782072067,-0.907163619995117,0.412665545940399,-0.658653080463409,-0.315240770578384,-0.707088053226471,-0.592012405395508,0.359589695930481,-0.391936033964157,0.00957160629332066
2701,-0.339130938053131,0.0174242276698351,-0.0595870204269886,-0.0506707914173603,-0.394337058067322,-0.689687371253967,0.541890740394592,0.350884974002838,-0.74971330165863,0.0781279057264328,-0.454081207513809,0.502286493778229,-0.308416098356247,0.225185856223106,-0.550739109516144,-0.614179790019989,0.0752490758895874,-0.217098414897919,0.121973320841789
2703,-0.201308131217957,0.0681990087032318,0.267209023237228,-0.234084665775299,0.107331618666649,-0.717391550540924,0.334434479475021,0.403186023235321,-0.787101149559021,0.21307435631752,-0.358262598514557,0.303786665201187,-0.115823201835155,0.379096746444702,-0.456934690475464,-0.35143318772316,0.0488176122307777,0.0530183836817741,-0.514909505844116
2705,0.107626117765903,0.0867404192686081,0.374347984790802,-0.370470404624939,0.713898956775665,-0.648508250713348,0.276755928993225,0.322006046772003,-0.497719824314117,-0.0688766911625862,-0.407639741897583,-0.00968383252620697,0.26355367898941,0.377749800682068,-0.367966741323471,0.019744211807847,0.0945214256644249,0.133149996399879,-0.466372579336166
2707,0.269866347312927,0.0171098858118057,0.458577036857605,-0.434542655944824,0.669861316680908,-0.506636381149292,0.235670670866966,-0.074751153588295,-0.20406848192215,-0.108581632375717,-0.436512619256973,-0.193117886781693,0.312738835811615,0.242831066250801,-0.174822852015495,0.463878661394119,0.0914106890559196,0.057393740862608,-0.284731239080429
2709,0.228313028812408,-0.269340693950653,0.473567545413971,-0.392391711473465,0.306451290845871,-0.218678206205368,0.187892496585846,-0.337498724460602,0.192183211445808,-0.0364903174340725,-0.102625906467438,-0.103658050298691,0.0412038043141365,0.261275589466095,-0.0218393392860889,0.67678439617157,0.0991285368800163,0.0150803793221712,-0.217876598238945
2711,0.0885820165276527,-0.534314870834351,0.399732202291489,-0.522607266902924,0.0520902574062347,0.0723550468683243,0.0536799430847168,-0.431710869073868,0.233459457755089,-0.0196896065026522,0.202429905533791,-0.0847730860114098,-0.088375948369503,0.227894082665443,-0.20319901406765,0.56803286075592,-0.265304148197174,0.0156554542481899,-0.184605956077576
2713,0.150895059108734,-0.432195037603378,0.218899741768837,-0.200657859444618,0.172534584999084,0.0118975285440683,-0.236249268054962,-0.392478913068771,0.0914741307497025,-0.180377632379532,0.26755154132843,0.0223497245460749,-0.0498880259692669,0.164286941289902,-0.2725770175457,0.310577809810638,-0.567922472953796,0.130637109279633,-0.047510851174593
2715,0.1969885379076,-0.241912797093391,0.0289713870733976,0.0385062173008919,0.192603930830956,-0.0376779660582542,-0.442721992731094,-0.295938223600388,0.0983384549617767,-0.116838939487934,0.116135492920876,0.0612109154462814,-0.00302986497990787,0.312326908111572,0.0191624164581299,0.0488807335495949,-0.389959990978241,0.195830792188644,-0.0943968743085861
2717,0.112119011580944,-0.237761124968529,-0.00150456721894443,-0.0139650944620371,0.187268063426018,0.072040006518364,-0.302756100893021,0.00196680193766952,0.0645473971962929,-0.0881892070174217,0.0388573408126831,0.0975823253393173,0.0320758335292339,0.205525577068329,0.0784685909748077,0.153724297881126,-0.312825798988342,0.260401755571365,-0.220803514122963
2719,0.142839521169662,-0.331935375928879,-0.00195351708680391,0.114560306072235,0.229041576385498,0.12134850025177,-0.233789697289467,0.0647155791521072,-0.0199339501559734,0.0900799110531807,0.102538824081421,0.0915500596165657,0.0258060544729233,0.224982127547264,0.0807303860783577,0.283489614725113,-0.283801168203354,0.287392139434814,-0.23309238255024
2721,0.289028912782669,-0.387094080448151,-0.104326590895653,0.215954393148422,0.128525018692017,0.20816658437252,-0.0367879085242748,0.0709206312894821,0.0382505171000957,0.239833891391754,-0.0448951162397861,0.10446985065937,0.0433402843773365,0.364717245101929,0.211024597287178,0.154956430196762,-0.265544235706329,0.264724969863892,-0.265413671731949
2723,0.342527836561203,-0.248508661985397,-0.153910964727402,0.147130638360977,0.0711198225617409,0.264555126428604,0.0224201623350382,0.0133352223783731,-0.0129152284935117,0.155205190181732,-0.0464119799435139,0.0440085493028164,0.121516473591328,0.408931195735931,0.264528959989548,0.154875665903091,-0.143448725342751,0.0789200961589813,-0.106476351618767
2725,0.304015517234802,0.0142941894009709,-0.108974948525429,-0.0784247666597366,0.197590544819832,0.301044583320618,-0.0426466427743435,-0.135643944144249,-0.0716077536344528,-0.123311825096607,0.0373945087194443,-0.0519170649349689,0.136594340205193,0.30743944644928,0.166047379374504,0.14613538980484,-0.212782815098763,-0.0334023609757423,-0.201921999454498
2727,0.248815357685089,0.0983273014426231,-0.00719479005783796,-0.0915056467056274,0.193579033017159,0.300247490406036,-0.219272822141647,-0.354365706443787,0.0865783989429474,-0.0349615029990673,0.0968481153249741,0.000763325369916856,-0.00750911328941584,0.230636611580849,-0.0612361393868923,0.113002590835094,-0.254947155714035,-0.165768146514893,-0.130666807293892
2729,0.122560903429985,-0.0146529758349061,-0.0218203198164701,-0.0700332298874855,0.134770423173904,0.148773342370987,-0.243425413966179,-0.202144473791122,0.14611054956913,0.0216245166957378,0.136647075414658,0.0072656711563468,-0.0304396171122789,0.217611864209175,-0.285747736692429,0.0905367881059647,-0.200518906116486,-0.130790933966637,0.0697709321975708
2731,0.0683139264583588,-0.172356247901917,-0.0164174530655146,-0.0345065742731094,0.015658650547266,-0.0254473332315683,-0.177469924092293,-0.072089821100235,0.159281745553017,0.128625646233559,0.123473666608334,-0.0650616660714149,0.0398839563131332,0.0570936389267445,-0.281188398599625,0.193937659263611,-0.14003187417984,-0.0937511622905731,0.0783407688140869
2733,0.0112284338101745,-0.185698822140694,0.0525958091020584,-0.00772509071975946,0.0139506058767438,-0.167615666985512,-0.181794598698616,-0.104800648987293,0.146237686276436,0.179713606834412,0.035649698227644,-0.0875675082206726,0.135876208543777,-0.00143701734486967,-0.1451425999403,0.351797580718994,-0.0901447087526321,0.0581510588526726,0.0233070123940706
2735,-0.0308791976422071,-0.167183324694633,0.118094272911549,0.0808867067098618,0.0610265955328941,-0.255967915058136,-0.0804447531700134,-0.155953541398048,0.0679933130741119,0.125614538788795,0.0615568831562996,-0.0582609251141548,0.18800176680088,0.126348242163658,-0.124860256910324,0.312362790107727,-0.150199458003044,0.121161386370659,0.048913087695837
2737,-0.0950487777590752,-0.21947106719017,0.148328557610512,0.134010881185532,-0.0128273637965322,-0.255045384168625,0.0415504164993763,-0.0952044129371643,-0.000451025378424674,0.125799894332886,0.0116441724821925,-0.0160587802529335,0.247506037354469,0.310285091400146,-0.173949509859085,0.173392713069916,-0.051928948611021,0.0491667427122593,0.0660332813858986
2739,-0.178060218691826,-0.193216428160667,0.142296016216278,0.0956181809306145,-0.0641532316803932,-0.219624921679497,0.0729212760925293,-0.0685909241437912,-0.0783893167972565,0.211219936609268,0.0221382845193148,0.0187464654445648,0.262402921915054,0.351809591054916,-0.224768489599228,0.179763838648796,0.038374662399292,-0.0210539530962706,0.0893534123897552
2741,-0.184367507696152,-0.0783228650689125,0.123714379966259,0.0266865938901901,-0.0735796466469765,-0.134403467178345,0.151611313223839,-0.110220052301884,-0.0768694579601288,0.313236773014069,0.0848500430583954,0.0448553524911404,0.312041968107224,0.277354270219803,-0.263046979904175,0.226534157991409,-0.0269604343920946,-0.0270606763660908,0.104279913008213
2743,-0.124693222343922,-0.0660778060555458,0.123086482286453,-0.071001224219799,-0.117379434406757,-0.052667673677206,0.204235330224037,-0.195945113897324,-0.0243402794003487,0.280956536531448,0.145060211420059,0.0796544700860977,0.343725472688675,0.242187693715096,-0.230864033102989,0.186269178986549,-0.0713486969470978,-0.0152694070711732,0.132347792387009
2745,-0.0906234085559845,-0.051318671554327,0.131606847047806,-0.03664655610919,-0.0780451744794846,-0.016879428178072,0.199093624949455,-0.113494299352169,0.00529793277382851,0.218938440084457,0.154625669121742,0.039162527769804,0.34285843372345,0.231864988803864,-0.194320768117905,0.128042668104172,-0.0134909935295582,0.0942930951714516,0.162665188312531
2747,-0.0580399297177792,-0.0394045263528824,0.0713128373026848,0.123571433126926,-0.0697709694504738,-0.0537160784006119,0.153066202998161,-0.0996942743659019,0.0665142685174942,0.193121239542961,0.109975174069405,0.0266509260982275,0.238645642995834,0.281636595726013,-0.139002859592438,0.132668688893318,0.149757072329521,0.152616530656815,0.179923474788666
2749,0.00197986070998013,-0.046162698417902,0.00991937983781099,0.117711678147316,-0.0428505763411522,-0.136421009898186,0.0467720590531826,-0.0804306045174599,0.0748851448297501,0.120664969086647,0.0552950352430344,0.190972194075584,0.239405423402786,0.314824759960175,-0.147365599870682,0.18169504404068,0.206713706254959,0.23011825978756,0.222718864679337
2751,0.0275935046374798,-0.0314949750900269,-0.00723792985081673,0.0677651390433311,0.0456665009260178,-0.119312606751919,0.017936484888196,0.0373406372964382,0.0599811673164368,0.0803616493940353,0.0735889375209808,0.260899722576141,0.270267605781555,0.280379921197891,-0.0854798927903175,0.262777060270309,0.0864840969443321,0.28910556435585,0.338288873434067
2753,0.0291849542409182,-0.0192415490746498,0.0286065358668566,0.0772077366709709,0.089983694255352,-0.136332914233208,0.0811606645584106,0.129390969872475,0.036912813782692,0.0404896065592766,0.0636910200119019,0.198906570672989,0.301730871200562,0.26276770234108,-0.027172701433301,0.304413020610809,0.0294677913188934,0.270463109016418,0.36877378821373
2755,0.0754320621490479,-0.009778524748981,0.017548680305481,0.00524995476007462,0.134245425462723,-0.104399599134922,0.0826988220214844,0.14189438521862,0.0326204337179661,0.0123312054201961,0.0503543727099895,0.149845600128174,0.289843857288361,0.212467178702354,-0.0825882405042648,0.289694607257843,0.139632284641266,0.208322331309319,0.380460053682327
2757,0.170273751020432,0.0786405503749847,-0.0144299790263176,-0.0326481238007545,0.124210543930531,-0.020975686609745,0.0406252890825272,0.124432638287544,0.00251181866042316,-0.0605302713811398,0.0359357371926308,0.145516157150269,0.311627924442291,0.151983126997948,-0.0904045104980469,0.269326448440552,0.126781970262527,0.238426089286804,0.385974526405334
2759,0.283477991819382,0.186652973294258,-0.0119243953377008,-0.0395821034908295,0.0739201679825783,0.0370018854737282,-0.0304766800254583,0.0713367760181427,-0.0616868399083614,-0.014266099780798,0.0710138380527496,0.145180106163025,0.402342975139618,0.198130041360855,-0.0601674467325211,0.280889868736267,0.0560661554336548,0.280706793069839,0.336227804422379
2761,0.339831173419952,0.179985627532005,-0.00708848377689719,-0.0895113945007324,0.00946391560137272,0.0425107553601265,-0.0762144178152084,0.0244540739804506,-0.0913363695144653,0.0950583219528198,0.0238093603402376,0.147500559687614,0.455416589975357,0.294445365667343,-0.0593684427440166,0.258392989635468,0.0866058766841888,0.358426123857498,0.27117782831192
2763,0.36188605427742,0.114230066537857,0.000884519075043499,-0.10198000818491,0.0360638797283173,0.0705868676304817,-0.0108258435502648,0.0138972494751215,-0.100195981562138,0.160103008151054,-0.0303238481283188,0.176504895091057,0.436485886573792,0.349937617778778,-0.0700293481349945,0.187471076846123,0.138797447085381,0.315872490406036,0.227127239108086
2765,0.326695919036865,0.0890474915504456,0.0715145096182823,-0.0946167781949043,0.151004925370216,0.0997568964958191,0.110180675983429,0.0287020672112703,-0.0559688545763493,0.133735105395317,0.0168077647686005,0.166969075798988,0.434474617242813,0.366104066371918,-0.0452448166906834,0.148828595876694,0.123695932328701,0.264803826808929,0.262487828731537
2767,0.269035428762436,0.0525215566158295,0.138435080647469,-0.0505089424550533,0.20551486313343,0.113927088677883,0.173612833023071,-0.00818998366594315,-0.0616012811660767,0.139686405658722,0.0616470836102962,0.114850901067257,0.416245341300964,0.3377286195755,-0.0362829118967056,0.222690775990486,0.00668995222076774,0.301341593265533,0.321111530065536
2769,0.249074712395668,-0.0231063943356276,0.126637861132622,0.0602194778621197,0.14360274374485,0.0660348758101463,0.179288268089294,-0.0287266783416271,-0.108347125351429,0.186831310391426,0.0762453153729439,0.0321143046021461,0.366414576768875,0.354379922151566,-0.0816483125090599,0.292260438203812,-0.0182618945837021,0.269086897373199,0.31640836596489
2771,0.262113988399506,-0.0432463027536869,0.0771114304661751,0.0923959538340569,0.15162068605423,0.00383713468909264,0.1760233938694,-0.0183918513357639,-0.143132880330086,0.248280867934227,0.0642597377300262,0.00730150286108255,0.339821875095367,0.41453629732132,-0.0889443084597588,0.276727199554443,0.0291182734072208,0.217787072062492,0.259581327438354
2773,0.239275068044662,-0.00213374337181449,0.0445284806191921,0.108859784901142,0.207896277308464,-0.0252295061945915,0.133747518062592,-0.0234826169908047,-0.0978874862194061,0.26030233502388,-0.00973629299551249,-0.014917372725904,0.337859869003296,0.351947546005249,-0.0781456381082535,0.199758931994438,0.0238709952682257,0.204451516270638,0.283360868692398
2775,0.210824951529503,-0.00663263630121946,0.0252778194844723,0.146388366818428,0.243681415915489,-0.0246261171996593,0.0914917960762978,-0.0667273253202438,-0.0345671474933624,0.268233388662338,-0.0705050677061081,-0.027731079608202,0.381112933158875,0.206662893295288,-0.0844101160764694,0.0471284873783588,0.0147941308096051,0.188792377710342,0.352342277765274
2777,0.203806072473526,0.00152032007463276,-0.00985407084226608,0.169654205441475,0.304367780685425,-0.0275142677128315,0.0643636807799339,-0.0720239803195,-0.0497877597808838,0.243761301040649,-0.0916275456547737,0.0151247279718518,0.489392936229706,0.129230827093124,-0.0841545909643173,-0.063204400241375,0.0229195673018694,0.194068074226379,0.406745791435242
2779,0.181632339954376,0.0387586541473866,-0.0193810183554888,0.118145480751991,0.303089141845703,-0.0344003848731518,0.0150253288447857,-0.0648626908659935,-0.105932921171188,0.19128654897213,-0.0847881734371185,0.0118820099160075,0.545702278614044,0.136949211359024,-0.0656070038676262,-0.0513116680085659,0.0165926497429609,0.212137773633003,0.486864775419235
2781,0.202735766768456,0.0930202305316925,0.0201001968234777,0.0152779808267951,0.241276249289513,-0.0523332394659519,0.0207372829318047,-0.0408675111830235,-0.0649333819746971,0.111477084457874,-0.0781964287161827,0.0335742980241776,0.512469828128815,0.204192206263542,-0.0348093658685684,0.0598754100501537,-0.0126497484743595,0.198214367032051,0.513785719871521
2783,0.203097298741341,0.0955528765916824,0.0309710633009672,-0.0765587240457535,0.182558566331863,-0.119397878646851,0.0455801114439964,-0.0237985290586948,-0.0975796803832054,0.124582163989544,-0.0549011752009392,0.140703439712524,0.504147589206696,0.298526585102081,2.97203660011292E-05,0.21611849963665,-0.0293459370732307,0.27159595489502,0.466929614543915
2785,0.189347118139267,0.0658459663391113,0.0398316644132137,-0.108718670904636,0.19051106274128,-0.167589232325554,0.105594545602798,-0.0645048245787621,-0.11376079171896,0.213024467229843,-0.0512861832976341,0.250188589096069,0.551444709300995,0.320374697446823,0.00300023565068841,0.303598135709763,-0.0545636564493179,0.342607200145721,0.415695339441299
2787,0.195308595895767,0.0240175351500511,0.0538258627057076,0.0340606868267059,0.231561586260796,-0.163678780198097,0.140350937843323,-0.15632376074791,-0.108543612062931,0.294920921325684,-0.0122591825202107,0.31051567196846,0.552324116230011,0.321731269359589,-0.0760277956724167,0.268836677074432,-0.0222194660454988,0.347509384155273,0.376526296138763
2789,0.224163740873337,-0.00990351196378469,0.0521348007023335,0.229530602693558,0.304619401693344,-0.119505770504475,0.150742962956429,-0.150266334414482,-0.124486647546291,0.291229873895645,0.0721074417233467,0.301384836435318,0.476797103881836,0.32336550951004,-0.117365702986717,0.222377926111221,-0.00772167043760419,0.381316274404526,0.397020548582077
2791,0.299292266368866,-0.0404423996806145,0.0164923965930939,0.323151588439941,0.416480600833893,-0.0933484807610512,0.159777358174324,-0.103458657860756,-0.14544153213501,0.279532730579376,0.124530412256718,0.284558415412903,0.466653764247894,0.340498059988022,-0.0885855108499527,0.237135767936707,-0.013489643111825,0.473394572734833,0.450741440057755
2793,0.347010940313339,-0.0686534345149994,0.0147446664050221,0.242650553584099,0.506000518798828,-0.12483499199152,0.162916928529739,-0.0773141384124756,-0.108556590974331,0.259557396173477,0.112304173409939,0.257346957921982,0.552976071834564,0.353163003921509,-0.0465895496308804,0.277080118656158,-0.0320632196962833,0.526121079921722,0.517780184745789
2795,0.358926445245743,-0.095600999891758,0.02650679461658,0.130065590143204,0.53127110004425,-0.15156689286232,0.163065403699875,-0.110913336277008,-0.0925720632076263,0.258531123399734,0.100396066904068,0.261771827936172,0.647857904434204,0.384906053543091,-0.0521272569894791,0.291452646255493,0.0120480749756098,0.527735888957977,0.576014995574951
2797,0.408933490514755,-0.096346840262413,0.0187910757958889,0.112063854932785,0.439914405345917,-0.127683103084564,0.175628378987312,-0.170322880148888,-0.100698918104172,0.250150620937347,0.0905484259128571,0.317658990621567,0.64395546913147,0.439910024404526,-0.0881825909018517,0.275377511978149,0.0843784883618355,0.52923059463501,0.582374095916748
2799,0.426801979541779,-0.0409938804805279,0.0067853843793273,0.0853894650936127,0.38058277964592,-0.106954708695412,0.149466559290886,-0.148933261632919,-0.135884925723076,0.235822722315788,0.0948486998677254,0.321793496608734,0.612836837768555,0.463127881288528,-0.0844315215945244,0.238500759005547,0.0811698138713837,0.467525869607925,0.605188310146332
2801,0.396675914525986,0.00198450498282909,-0.0234062727540731,0.0540369302034378,0.38358598947525,-0.0845379456877708,0.0953134447336197,-0.117696426808834,-0.115927785634995,0.271749138832092,0.0718978568911552,0.289158076047897,0.641310214996338,0.43984180688858,-0.111421138048172,0.197987779974937,0.0081342663615942,0.452075093984604,0.640563368797302
2803,0.376207739114761,0.00811820756644011,-0.0125349136069417,0.0621484704315662,0.418945759534836,-0.0365861468017101,0.109653741121292,-0.124189615249634,-0.0963098257780075,0.25334644317627,0.0381759963929653,0.2068240493536,0.719573378562927,0.421116530895233,-0.198091834783554,0.199068024754524,0.0381692796945572,0.450670778751373,0.71650093793869
2805,0.388595342636108,0.0194258522242308,-0.0283238664269447,0.0645372420549393,0.408223241567612,0.0177609622478485,0.143006265163422,-0.0972748622298241,-0.044873159378767,0.22082893550396,-0.0151882031932473,0.153009474277496,0.749859511852264,0.434203505516052,-0.18824765086174,0.260826110839844,0.0264348238706589,0.403820693492889,0.739282608032227
2807,0.399992614984512,0.0314362496137619,-0.0802186951041222,0.0682617500424385,0.407199680805206,0.0391213893890381,0.14975480735302,-0.0893353894352913,-0.0723539516329765,0.299754768610001,0.0133138354867697,0.152595639228821,0.737896382808685,0.478230655193329,-0.174998849630356,0.292369812726974,-0.0607660636305809,0.401758998632431,0.678759336471558
2809,0.408341944217682,0.0365868881344795,-0.0764997527003288,0.0784948542714119,0.465459167957306,0.0129211712628603,0.14917254447937,-0.0760433301329613,-0.141073927283287,0.423615753650665,0.0770341381430626,0.168182075023651,0.726568162441254,0.536969721317291,-0.14389768242836,0.276800960302353,-0.0669412016868591,0.420100748538971,0.62864750623703
2811,0.432402372360229,0.0545335598289967,-0.0192969385534525,0.0597127676010132,0.510258853435516,-0.0405482426285744,0.160106256604195,-0.0595388449728489,-0.110997624695301,0.550976574420929,0.105617441236973,0.172495186328888,0.72300785779953,0.618383347988129,-0.134811162948608,0.290358871221542,-0.00776328658685088,0.4118732213974,0.646994709968567
2813,0.445971578359604,0.0493426248431206,0.0475385822355747,0.093013159930706,0.54752242565155,-0.0384944453835487,0.12614569067955,-0.0855163484811783,-0.0476648956537247,0.626526176929474,0.0918097719550133,0.152971461415291,0.721611618995667,0.637088298797607,-0.12320014834404,0.344891041517258,-0.0093378946185112,0.378684937953949,0.668253719806671
2815,0.446562737226486,0.0551475323736668,0.0854859352111816,0.147096768021584,0.570259213447571,-0.0148548204451799,0.132471203804016,-0.0866775512695313,-0.0251085795462132,0.61692750453949,0.100199699401855,0.148772835731506,0.749697268009186,0.564893484115601,-0.138619691133499,0.389903992414474,-0.0170200988650322,0.312934845685959,0.664795577526093
2817,0.46172821521759,0.096934974193573,0.0893083810806274,0.210381090641022,0.582728087902069,-0.019370486959815,0.148226976394653,-0.14823642373085,-0.0389937609434128,0.554470837116241,0.0796413868665695,0.148030400276184,0.853858351707458,0.519026100635529,-0.162395343184471,0.372759193181992,-0.0102110262960196,0.318766355514526,0.655502080917358
2819,0.465963989496231,0.139341816306114,0.0659184679389,0.255924701690674,0.56439471244812,0.00478836661204696,0.151176244020462,-0.163449004292488,-0.0392803512513638,0.484992682933807,0.0472079813480377,0.189465239644051,0.944188892841339,0.551679015159607,-0.0730607509613037,0.357265323400497,0.00961196143180132,0.398338794708252,0.663284361362457
2821,0.468950718641281,0.147847592830658,0.000142304605105892,0.265527874231339,0.537943482398987,0.0473460480570793,0.129047438502312,-0.0726116970181465,-0.0685314908623695,0.474734663963318,0.0426157377660275,0.241408929228783,0.969256699085236,0.605322182178497,-0.0563055500388145,0.368568420410156,0.00778105389326811,0.433363139629364,0.715792179107666
2823,0.50448352098465,0.129883915185928,-0.0199281144887209,0.266209959983826,0.537733316421509,0.102189116179943,0.162198439240456,-0.0418706312775612,-0.0371117442846298,0.518750131130219,0.0741878598928452,0.295734941959381,0.95165091753006,0.626022815704346,-0.0966595411300659,0.384088814258575,-0.00895193219184875,0.479815661907196,0.788089990615845
2825,0.545195996761322,0.146585762500763,0.0467600636184216,0.275542557239532,0.584490180015564,0.114747986197472,0.18574795126915,-0.028030090034008,0.0211920980364084,0.551251828670502,0.171341270208359,0.338878959417343,0.9455286860466,0.665886104106903,-0.0744293630123138,0.45025360584259,-0.0163028687238693,0.521949470043182,0.820252418518066
2827,0.593835294246674,0.146361827850342,0.0740213990211487,0.282934308052063,0.64332640171051,0.0991199687123299,0.169915318489075,-0.0123954927548766,0.0677190646529198,0.539857804775238,0.271073281764984,0.345008492469788,0.976063251495361,0.717249810695648,-0.0370668843388557,0.565576076507568,0.00831743143498898,0.56903201341629,0.855643033981323
2829,0.652104735374451,0.136601224541664,0.0412074476480484,0.279391020536423,0.760603547096252,0.0516711249947548,0.106645338237286,-0.0361712761223316,0.0765160694718361,0.557184219360352,0.367358088493347,0.340677857398987,1.09985184669495,0.729711949825287,-0.0177753511816263,0.629125118255615,0.00374121335335076,0.560927391052246,0.887630820274353
2831,0.728689849376678,0.139750242233276,0.00450373440980911,0.251120060682297,0.86726850271225,0.00182780774775892,0.0536944828927517,-0.0805028900504112,0.024857509881258,0.580084443092346,0.413089632987976,0.323163479566574,1.24615573883057,0.775370717048645,-0.027075782418251,0.685994803905487,-0.0703258663415909,0.543217360973358,0.916226267814636
2833,0.832715272903442,0.152525842189789,-0.0187031328678131,0.265938341617584,0.950477063655853,-0.015205885283649,0.0769882649183273,-0.0726305991411209,0.00370584358461201,0.621237695217133,0.426580905914307,0.317737847566605,1.3946772813797,0.889254689216614,-0.0522006340324879,0.777504026889801,-0.111533761024475,0.61271744966507,1.03164672851563
2835,1.00359678268433,0.190049558877945,-0.00305612152442336,0.362973660230637,1.05229663848877,0.0300699565559626,0.159414350986481,0.0173022653907537,0.0476704798638821,0.728746175765991,0.443762421607971,0.359640836715698,1.60044300556183,1.00131106376648,-0.0270478371530771,0.975185811519623,0.0107923168689013,0.74411141872406,1.21383500099182
2837,1.2292857170105,0.275903850793839,0.0683998689055443,0.517070114612579,1.17718815803528,0.0335035100579262,0.260958731174469,0.0456307791173458,0.073188990354538,0.879763960838318,0.514250814914703,0.408417016267776,1.87020337581635,1.14490151405334,-0.0175205618143082,1.27762031555176,0.15737521648407,0.893683254718781,1.41379594802856
2839,1.49436891078949,0.378027200698853,0.136906683444977,0.742232441902161,1.35386192798615,0.0291634853929281,0.384919315576553,0.00250983121804893,0.128915622830391,1.05817258358002,0.648106336593628,0.446824669837952,2.20038032531738,1.36857736110687,-0.0795325264334679,1.58036231994629,0.3223517537117,1.0857218503952,1.66196179389954
2841,1.76172387599945,0.486587196588516,0.201517462730408,1.06353843212128,1.62894725799561,0.0504039786756039,0.566682457923889,-0.0702179297804832,0.184370785951614,1.31866574287415,0.841387867927551,0.508582413196564,2.65697550773621,1.67029321193695,-0.161109089851379,1.87495017051697,0.435565561056137,1.3117698431015,1.99572908878326
2843,2.07563185691833,0.600582778453827,0.233949959278107,1.41470992565155,2.02777433395386,0.0602545775473118,0.783602356910706,-0.111254505813122,0.17837929725647,1.61188924312592,1.03520202636719,0.573078632354736,3.20914721488953,2.0085084438324,-0.146117746829987,2.14726161956787,0.506622672080994,1.55762147903442,2.30607938766479
2845,2.41715955734253,0.726187407970428,0.241380020976067,1.66959166526794,2.48288297653198,0.0496539250016212,0.968051612377167,-0.14192271232605,0.17454905807972,1.88066709041595,1.24131810665131,0.685438752174377,3.76123046875,2.32951068878174,-0.0326816290616989,2.41758227348328,0.626527488231659,1.79633951187134,2.54852867126465
2847,2.69321227073669,0.835563778877258,0.245664343237877,1.85577750205994,2.84141302108765,0.0694951713085175,1.08336126804352,-0.0994754582643509,0.258675783872604,2.03925323486328,1.43847143650055,0.780745267868042,4.1657543182373,2.53291630744934,-0.045903205871582,2.68824529647827,0.743107318878174,1.96097552776337,2.69757318496704
2849,2.84609484672546,0.880419552326202,0.255517691373825,1.97316920757294,3.05592012405396,0.0720835402607918,1.10631763935089,-0.00663457764312625,0.34538671374321,2.04414081573486,1.50784850120544,0.804504871368408,4.32610654830933,2.57640409469604,-0.0784629955887794,2.88559556007385,0.780450999736786,2.03787112236023,2.77613663673401
2851,2.90468883514404,0.874219357967377,0.257942914962769,1.98240971565247,3.16060209274292,0.0479166656732559,1.06811451911926,0.0716585069894791,0.360203951597214,1.99252688884735,1.46035480499268,0.824108004570007,4.31759881973267,2.54462051391602,-0.0591810420155525,2.95291090011597,0.758722722530365,2.03768873214722,2.80818438529968
2853,2.85703229904175,0.809421122074127,0.264310151338577,1.91175150871277,3.17619919776917,0.0441947132349014,1.03731608390808,0.0570532530546188,0.384861141443253,1.95982480049133,1.40992987155914,0.848666489124298,4.23015594482422,2.48371553421021,-0.115607224404812,2.87032413482666,0.698130667209625,2.0336856842041,2.75638508796692
2855,2.74322628974915,0.746282875537872,0.280761659145355,1.78421461582184,3.05962157249451,0.0391270592808723,1.05759429931641,0.0255279317498207,0.462790638208389,1.9023859500885,1.41650390625,0.826987564563751,4.08696985244751,2.42895245552063,-0.183987945318222,2.68094325065613,0.629154205322266,2.00063133239746,2.65130662918091
2857,2.54409313201904,0.69868791103363,0.298891097307205,1.67237961292267,2.7965714931488,0.0632003843784332,1.08630359172821,0.0547848492860794,0.496711194515228,1.81484389305115,1.40753602981567,0.812463164329529,3.88958263397217,2.35587668418884,-0.13706211745739,2.4658989906311,0.552420437335968,1.95966041088104,2.58208107948303
2859,2.36135816574097,0.61823445558548,0.267089933156967,1.59552109241486,2.51145219802856,0.0960340201854706,1.0209813117981,0.0533074922859669,0.471527546644211,1.75728213787079,1.29081976413727,0.80970424413681,3.64352679252625,2.24431490898132,-0.1280337870121,2.23270392417908,0.436146199703217,1.87421715259552,2.51292848587036
2861,2.24756145477295,0.544058799743652,0.220210790634155,1.52819347381592,2.31371569633484,0.0948005020618439,0.896889984607697,0.0315889157354832,0.475412458181381,1.70486998558044,1.16161441802979,0.777816355228424,3.40246415138245,2.14305305480957,-0.125338211655617,1.97665703296661,0.331291526556015,1.74375128746033,2.42793083190918
2863,2.15927076339722,0.523233890533447,0.197567120194435,1.45310080051422,2.17371010780334,0.0367856249213219,0.800863265991211,0.0134855043143034,0.485529273748398,1.57665598392487,1.05538761615753,0.759244322776794,3.24110531806946,2.08574986457825,-0.0737088099122047,1.75520408153534,0.21530669927597,1.62652885913849,2.3382556438446
2865,2.07325005531311,0.516601383686066,0.188606113195419,1.40054059028625,2.09493231773376,-0.0549098253250122,0.731184422969818,0.0109337717294693,0.465163290500641,1.40674579143524,0.942670226097107,0.787094235420227,3.12861108779907,2.04218292236328,-0.0167798828333616,1.64647924900055,0.134406715631485,1.55474090576172,2.30313038825989
2867,2.04939293861389,0.482667922973633,0.143617615103722,1.24428486824036,2.03390002250671,-0.121063157916069,0.656820118427277,-0.0244504772126675,0.418549746274948,1.2530392408371,0.886211037635803,0.867041528224945,3.03707075119019,1.96361696720123,-0.0201376155018806,1.67812144756317,0.157177612185478,1.53621339797974,2.25760221481323
2869,2.01050877571106,0.464118510484695,0.117136687040329,1.12001943588257,1.99564790725708,-0.109308488667011,0.604979276657104,-0.100904166698456,0.378003120422363,1.15726029872894,0.935852527618408,0.859185814857483,2.99298667907715,1.86830472946167,-0.0240884050726891,1.76589643955231,0.214188650250435,1.51732587814331,2.244948387146
2871,1.93550968170166,0.502660095691681,0.136397168040276,1.0665637254715,1.99346446990967,-0.0675896406173706,0.61782968044281,-0.0824102386832237,0.322496652603149,1.17948591709137,0.986094951629639,0.804305374622345,3.01030468940735,1.75387918949127,-0.0344265997409821,1.81440961360931,0.26306888461113,1.49156355857849,2.30648016929626
2873,1.84664046764374,0.552298545837402,0.159008666872978,1.03801155090332,1.99590480327606,-0.0853725075721741,0.679901719093323,-0.00737054133787751,0.279753774404526,1.25888049602509,1.00792014598846,0.761876285076141,2.99163484573364,1.6910697221756,-0.113096103072166,1.8382031917572,0.29217454791069,1.47470033168793,2.36381411552429
2875,1.80484247207642,0.601038157939911,0.143477544188499,1.01876366138458,2.02839374542236,-0.0675750821828842,0.710805237293243,0.0241863559931517,0.25535249710083,1.26211452484131,1.01458024978638,0.687543451786041,2.97088050842285,1.788538813591,-0.17380402982235,1.85968410968781,0.32615002989769,1.44569158554077,2.39668846130371
2877,1.81827616691589,0.644297361373901,0.167127370834351,1.05845868587494,2.03849792480469,4.10241991630755E-05,0.749849379062653,-0.0164364576339722,0.261444330215454,1.21441507339478,0.996238529682159,0.64958655834198,2.96370029449463,1.9058176279068,-0.159384772181511,1.88668942451477,0.342943519353867,1.51181137561798,2.45430636405945
2879,1.89353060722351,0.691649436950684,0.220024794340134,1.12961733341217,2.06104278564453,0.0372137874364853,0.860288262367249,-0.0362619496881962,0.299432754516602,1.2376354932785,0.989108204841614,0.609279453754425,3.08146929740906,1.98056697845459,-0.142413467168808,1.93512117862701,0.321797519922256,1.62871170043945,2.52839994430542
2881,1.97874081134796,0.731915473937988,0.229206174612045,1.22009766101837,2.1163113117218,0.0443156324326992,0.956955313682556,-0.0659100636839867,0.329069405794144,1.31982469558716,1.02834713459015,0.635428309440613,3.27250528335571,2.00045943260193,-0.156608387827873,1.92678225040436,0.346602022647858,1.72625374794006,2.58633780479431
2883,2.09295415878296,0.714387893676758,0.241646841168404,1.24148762226105,2.17082166671753,0.0220675896853209,0.949739038944244,-0.0190223231911659,0.335807025432587,1.39888501167297,1.05650329589844,0.760926246643066,3.41839098930359,1.99382817745209,-0.156232222914696,1.9631814956665,0.38197723031044,1.77768862247467,2.62569332122803
2885,2.18309378623962,0.673470795154572,0.300956845283508,1.22175800800323,2.25545191764832,-0.0288366042077541,0.87741231918335,0.0484314523637295,0.375237315893173,1.4628472328186,1.01901626586914,0.831847548484802,3.52218866348267,2.07620048522949,-0.113774500787258,2.09612607955933,0.417630225419998,1.80737900733948,2.74509024620056
2887,2.26305103302002,0.639205753803253,0.314111918210983,1.2724506855011,2.32651209831238,-0.0411497503519058,0.832600951194763,0.0579554364085197,0.411432892084122,1.57198143005371,1.01812887191772,0.839439988136292,3.56152892112732,2.17384672164917,-0.104818277060986,2.23206257820129,0.459257453680038,1.81785190105438,2.91600942611694
2889,2.3850245475769,0.629574596881866,0.277065187692642,1.42092990875244,2.38301181793213,-0.0462598316371441,0.846944451332092,0.0976856201887131,0.391023755073547,1.69213831424713,1.0723739862442,0.816127836704254,3.53352427482605,2.216628074646,-0.13776595890522,2.32660913467407,0.499742269515991,1.84625136852264,3.06379628181458
2891,2.55563116073608,0.698456943035126,0.233614593744278,1.57686543464661,2.50400567054749,-0.0565678253769875,0.849410355091095,0.118925169110298,0.395983844995499,1.8118234872818,1.12371718883514,0.828785300254822,3.59392189979553,2.37805533409119,-0.174449160695076,2.45514750480652,0.520571649074554,1.86226415634155,3.24165177345276
2893,2.68513894081116,0.764049649238586,0.198022738099098,1.71991443634033,2.61861753463745,-0.0545417442917824,0.89213240146637,0.0730229467153549,0.496101826429367,1.96693742275238,1.16963160037994,0.882105886936188,3.83940553665161,2.66429853439331,-0.143163084983826,2.62648344039917,0.552178025245667,1.86027753353119,3.41610217094421
2895,2.85583305358887,0.819368124008179,0.228857561945915,1.91548717021942,2.74959182739258,-0.0502167716622353,0.980454385280609,-0.0123189017176628,0.606316745281219,2.13434338569641,1.265540599823,0.93328595161438,4.26055669784546,2.90310382843018,-0.145897164940834,2.80226755142212,0.62861430644989,1.87176656723022,3.52425575256348
2897,3.10068678855896,0.886160135269165,0.298423558473587,2.15222668647766,2.91868281364441,-0.0103898225352168,1.12657475471497,-0.0650143176317215,0.701498031616211,2.31007862091064,1.34186351299286,0.968991637229919,4.67282295227051,3.04982733726501,-0.1330296844244,3.01614832878113,0.689965188503265,2.00043964385986,3.56645894050598
2899,3.39691758155823,0.99168848991394,0.357262015342712,2.3718409538269,3.12762212753296,0.0635720938444138,1.30050837993622,-0.0530093275010586,0.823845088481903,2.50510573387146,1.40495669841766,0.971897184848785,5.04402542114258,3.12724161148071,-0.0922013968229294,3.2722704410553,0.768678843975067,2.2211332321167,3.73706674575806
2901,3.74764919281006,1.12734544277191,0.376712560653687,2.56781578063965,3.39710855484009,0.0985105484724045,1.48219096660614,0.0556727461516857,0.906842112541199,2.69766163825989,1.6050660610199,1.02879190444946,5.42799520492554,3.37872815132141,-0.0236989613622427,3.63245034217834,0.959690570831299,2.51818776130676,4.11444616317749
2903,4.15308666229248,1.30353832244873,0.422686725854874,2.74328756332397,3.71093559265137,0.219912007451057,1.65934491157532,0.0808224081993103,0.914829969406128,2.82842016220093,1.96633338928223,1.10443234443665,5.81247568130493,3.77955365180969,0.051138062030077,4.10228157043457,1.20183205604553,2.85761904716492,4.53792428970337
2905,4.60792684555054,1.44273257255554,0.525469601154327,2.93213963508606,4.01968908309937,0.301797896623611,1.83535528182983,0.0945631414651871,0.893376529216766,2.9921989440918,2.27673625946045,1.12411653995514,6.25409078598022,4.12247800827026,0.124673023819923,4.52621459960938,1.39595186710358,3.13229703903198,4.89955902099609
2907,5.00779867172241,1.57928347587585,0.578233361244202,3.12573957443237,4.2909517288208,0.388461232185364,1.96949195861816,0.196318626403809,0.887072324752808,3.15999436378479,2.50321173667908,1.22348403930664,6.75932884216309,4.44212532043457,0.184558227658272,4.95983409881592,1.52219557762146,3.48834681510925,5.21608734130859
2909,5.38891363143921,1.69622004032135,0.56987601518631,3.4221019744873,4.62456846237183,0.482255846261978,2.11930108070374,0.25089493393898,0.872843861579895,3.48352670669556,2.73981094360352,1.51089262962341,7.30903244018555,4.85048770904541,0.271935284137726,5.49124670028687,1.62983703613281,3.87225079536438,5.43063068389893
2911,5.82480382919312,1.84710168838501,0.556042850017548,3.86936330795288,5.10818433761597,0.546597838401794,2.30226945877075,0.248745024204254,0.956875622272491,3.9003484249115,2.92422103881836,1.8859121799469,7.87853240966797,5.45131731033325,0.302263557910919,6.07953929901123,1.76388907432556,4.21831130981445,5.59618139266968
2913,6.32680225372314,1.99890768527985,0.558504700660706,4.39745187759399,5.68436145782471,0.633713603019714,2.46463775634766,0.298486232757568,1.09643065929413,4.26116561889648,3.09534168243408,2.26363825798035,8.50095844268799,6.07332754135132,0.244910359382629,6.48869657516479,1.93932950496674,4.55134534835815,5.91516780853271
2915,6.84918069839478,2.13295650482178,0.628198802471161,4.88271760940552,6.22936773300171,0.702879250049591,2.72434234619141,0.335214495658875,1.23474311828613,4.5276927947998,3.26073098182678,2.51040172576904,9.1273136138916,6.61445999145508,0.271577298641205,6.87817049026489,2.16373825073242,4.86911964416504,6.340407371521
2917,7.26252365112305,2.26509499549866,0.748310089111328,5.21630859375,6.7196216583252,0.665503263473511,3.09480738639832,0.383193522691727,1.35467433929443,4.79226446151733,3.44237995147705,2.59547472000122,9.64835834503174,7.08445405960083,0.327759355306625,7.34058952331543,2.32510685920715,5.11849212646484,6.79739904403687
2919,7.4732494354248,2.38244843482971,0.78629595041275,5.55869674682617,7.22371530532837,0.58570009469986,3.36842584609985,0.415050685405731,1.49218487739563,5.03934621810913,3.59611511230469,2.60259604454041,10.0877981185913,7.52436256408691,0.419672399759293,7.84181547164917,2.42403888702393,5.26206302642822,7.15323352813721
2921,7.60623788833618,2.47247576713562,0.800384879112244,5.87447071075439,7.48636198043823,0.679785072803497,3.57254981994629,0.421826213598251,1.62048745155334,5.26620054244995,3.67127799987793,2.59422492980957,10.4070920944214,7.814612865448,0.447958022356033,8.28288841247559,2.53799748420715,5.23527050018311,7.42255449295044
2923,7.7465295791626,2.48640632629395,0.853613078594208,6.1090087890625,7.46387624740601,0.810315907001495,3.71929025650024,0.391853392124176,1.67925620079041,5.47488212585449,3.68947148323059,2.60296607017517,10.5915107727051,7.89031982421875,0.364996463060379,8.4824275970459,2.70286846160889,5.09493589401245,7.66294431686401
2925,7.76820135116577,2.44553780555725,0.837207019329071,6.23443412780762,7.37510395050049,0.776442885398865,3.67148447036743,0.344340592622757,1.70444858074188,5.61180114746094,3.53850078582764,2.56990456581116,10.6162624359131,7.93340253829956,0.376551806926727,8.42584991455078,2.82854461669922,5.06905698776245,7.83711242675781
2927,7.59032011032104,2.38194727897644,0.786884844303131,6.08656072616577,7.26640605926514,0.619844973087311,3.44338059425354,0.387956887483597,1.75967717170715,5.44108724594116,3.23745727539063,2.54774355888367,10.4680061340332,7.89850521087646,0.382342338562012,8.34001350402832,2.7344388961792,5.14206171035767,7.82189226150513
2929,7.19130611419678,2.24029755592346,0.779049754142761,5.62483739852905,6.86314392089844,0.492607176303864,3.22215819358826,0.378369212150574,1.72944736480713,5.00445365905762,3.03379058837891,2.47454953193665,10.105996131897,7.60973978042603,0.28194123506546,8.10733985900879,2.55309081077576,5.08759689331055,7.63298892974854
2931,6.62501573562622,1.99837291240692,0.844710767269135,5.21498727798462,6.30618572235107,0.34525665640831,3.07469582557678,0.293157607316971,1.60757207870483,4.57944059371948,2.82402110099792,2.41615438461304,9.5581521987915,7.18142890930176,0.198554366827011,7.72949361801147,2.36137938499451,4.77444362640381,7.33729028701782
2933,5.95912551879883,1.79270052909851,0.873167634010315,4.83009386062622,5.74504518508911,0.189425423741341,2.76205921173096,0.286760360002518,1.37987959384918,4.22344970703125,2.60070824623108,2.27975368499756,8.90756607055664,6.77537393569946,0.184069395065308,7.15422582626343,2.14012503623962,4.30853748321533,6.77864933013916
2935,5.31805992126465,1.55712127685547,0.89165198802948,4.45033073425293,5.24170112609863,0.143738269805908,2.45041966438293,0.279430270195007,1.08387589454651,3.75821304321289,2.45737743377686,1.99153101444244,8.11882209777832,6.29621744155884,0.0853070020675659,6.45960187911987,1.97482967376709,3.91496181488037,6.14843893051147
2937,4.70176982879639,1.23926854133606,0.824508547782898,4.00956583023071,4.7661771774292,0.114118486642838,2.24793410301208,0.214432939887047,0.901782810688019,3.23682641983032,2.3123185634613,1.63353395462036,7.2990517616272,5.62283372879028,-0.16296973824501,5.79379653930664,1.76356279850006,3.53049254417419,5.81481504440308
2939,4.12137603759766,1.03052961826324,0.659112334251404,3.54886484146118,4.38164091110229,0.121827214956284,2.05859899520874,0.0174777377396822,0.759726583957672,2.89085221290588,2.09567785263062,1.26977956295013,6.63523721694946,4.85074806213379,-0.387304902076721,5.16196775436401,1.56131088733673,3.0209629535675,5.4779257774353
2941,3.62828731536865,0.996966361999512,0.481240749359131,3.13153600692749,4.118980884552,0.200946003198624,1.91954970359802,-0.132887467741966,0.713184475898743,2.59582161903381,1.79966032505035,0.941140949726105,5.97008562088013,4.25483846664429,-0.46245750784874,4.42134475708008,1.26374304294586,2.56888914108276,5.03416013717651
2943,3.06110143661499,0.984572410583496,0.353797852993011,2.71006917953491,3.80315780639648,0.147593080997467,1.7808837890625,-0.184388473629951,0.707617402076721,2.41652417182922,1.48905408382416,0.737415790557861,5.35947751998901,3.83158445358276,-0.496071368455887,3.61867165565491,0.928535461425781,2.34791493415833,4.64944267272949
2945,2.50713443756104,0.748251557350159,0.221323251724243,2.27823925018311,3.32371139526367,-0.00149313209112734,1.55715191364288,-0.25326332449913,0.794806301593781,2.41509079933167,1.21200513839722,0.647058844566345,4.76339387893677,3.41675281524658,-0.580646455287933,3.01399755477905,0.458798319101334,2.21465706825256,4.26546144485474
2947,2.20248937606812,0.378995835781097,0.169337227940559,1.98663949966431,2.87109446525574,-0.0308690872043371,1.27366828918457,-0.196807935833931,0.962515890598297,2.61453080177307,1.01969373226166,0.474754989147186,4.07701396942139,2.93919014930725,-0.556501984596252,2.71540021896362,0.136691063642502,1.96799468994141,3.59480595588684
2949,2.01763415336609,0.210055738687515,0.0916804373264313,1.64728236198425,2.6599280834198,-0.0197932682931423,0.931500136852264,-0.0568340644240379,0.888784825801849,2.62055397033691,0.876106321811676,0.464978098869324,3.56432175636292,2.58450675010681,-0.383986383676529,2.42041373252869,0.078065924346447,1.76789939403534,2.85574102401733
2951,1.97060942649841,0.239309310913086,0.0347483865916729,1.11347055435181,2.60501837730408,-0.0623063929378986,0.781800806522369,-0.131321907043457,0.460223138332367,2.30090594291687,0.825288653373718,0.601461291313171,3.19769787788391,2.26637482643127,-0.165601015090942,2.11552047729492,0.144123420119286,1.6545147895813,2.34227681159973
2953,1.79468894004822,0.225997105240822,-0.0680247843265533,0.722827196121216,2.4982225894928,-0.160517975687981,0.751330018043518,-0.321611672639847,-0.000233352184295654,1.95141291618347,0.871860980987549,0.710709512233734,2.63815331459045,2.00667715072632,-0.241651087999344,1.88825750350952,0.241493389010429,1.44029271602631,2.0367865562439
2955,1.34901416301727,0.0549630746245384,-0.205996915698051,0.432007372379303,2.17761325836182,-0.346710294485092,0.573553800582886,-0.139761358499527,-0.145062193274498,1.87112808227539,1.10096764564514,0.450305432081223,2.15550088882446,1.73537063598633,-0.487585365772247,1.70240926742554,0.282835483551025,1.16608965396881,2.10260033607483
2957,1.06049501895905,-0.189658403396606,-0.171994566917419,0.186071813106537,1.81485998630524,-0.40767627954483,0.381406873464584,0.128298535943031,0.0220777150243521,1.94187486171722,1.12385749816895,0.0733341127634048,1.6747784614563,1.50862276554108,-0.680122137069702,1.34909069538116,0.389725267887115,0.929128408432007,2.47699618339539
2959,0.907799661159515,-0.392622262239456,0.204580217599869,-0.0109638180583715,1.43659627437592,-0.210323363542557,0.297850012779236,0.00285647809505463,0.355050712823868,1.76875019073486,0.809171557426453,0.0764411389827728,1.57660174369812,1.45092618465424,-0.970379531383514,0.937355637550354,0.706659972667694,0.879961311817169,2.36461329460144
2961,0.662977933883667,-0.43855744600296,0.494304239749908,-0.211684569716454,1.04730951786041,-0.0317838191986084,0.276636123657227,-0.0527118258178234,0.678398907184601,1.26269555091858,0.465799480676651,0.268633604049683,1.96949541568756,1.45449984073639,-0.858399987220764,0.854050934314728,0.905466616153717,1.1076865196228,1.75322043895721
2963,0.37545382976532,-0.44493305683136,0.604103863239288,0.0165930632501841,0.610142350196838,0.0324169024825096,0.0285647269338369,-0.0700778067111969,0.665530800819397,0.895447969436646,0.0563876517117023,0.301066279411316,2.22148513793945,1.00005233287811,-0.448213994503021,0.708549678325653,0.791014730930328,1.08117341995239,1.3912433385849
2965,0.331508159637451,-0.232598423957825,0.517071604728699,0.344639807939529,0.0854529738426208,0.0701033696532249,-0.334098428487778,-0.374132096767426,0.359935373067856,0.700436234474182,0.0121358474716544,0.333854705095291,2.0277419090271,0.574381828308105,-0.381761968135834,0.430418819189072,0.624044597148895,1.0444278717041,0.883606314659119
2967,0.413797587156296,-0.0801988616585732,0.344334602355957,0.423233866691589,-0.0884216800332069,0.240546450018883,-0.434901505708694,-0.603282392024994,0.0783337354660034,0.601877331733704,0.34755402803421,0.409418910741806,1.78296828269958,0.914495229721069,-0.28966149687767,0.389394521713257,0.932090580463409,1.09939444065094,0.331179767847061
2969,0.437875360250473,-0.148185595870018,0.328644067049026,0.423970609903336,0.115226194262505,0.499642461538315,-0.0763273760676384,-0.35844287276268,-0.195280104875565,0.611665010452271,0.610266149044037,0.549286067485809,1.81968772411346,1.23508453369141,-0.280547112226486,0.226220399141312,0.978722035884857,1.09525287151337,0.26744270324707
2971,0.349204957485199,-0.0542275086045265,0.250794351100922,0.183984652161598,0.126142591238022,0.802906930446625,0.0917156934738159,0.00436671962961555,-0.209721148014069,0.97143018245697,0.675213396549225,0.979503095149994,1.67989301681519,1.28560364246368,-0.442095756530762,0.238880723714828,1.03331530094147,1.1665586233139,0.342396765947342
2973,0.320151329040527,0.468201160430908,-0.162061601877213,-0.392076671123505,0.327609121799469,0.652681231498718,-0.026283722370863,0.307743042707443,0.306021392345428,1.44069230556488,0.680717825889587,1.18153023719788,1.64156758785248,1.12128865718842,-0.611206591129303,0.605312526226044,0.986488699913025,1.66493010520935,0.38132044672966
2975,-0.0384439155459404,0.79114431142807,-0.516572415828705,-0.860601365566254,0.548030853271484,0.0260801054537296,0.32329523563385,0.598224461078644,1.13594341278076,1.22923755645752,0.959468007087708,0.268876135349274,1.37306940555573,0.605723202228546,-0.587175011634827,0.641880035400391,0.86004650592804,2.23458647727966,-0.130395650863647
2977,-0.753954589366913,0.58828592300415,-0.574018478393555,-0.808431267738342,0.829806447029114,-0.221941068768501,0.522504389286041,0.858520448207855,1.90352022647858,0.0486253313720226,0.825934588909149,-0.301159679889679,1.45620906352997,0.289020210504532,0.0581517703831196,0.34161514043808,0.239184826612473,2.27467918395996,-0.147996410727501
2979,-1.65467917919159,0.069400392472744,-0.437217175960541,-0.590079963207245,1.29956233501434,0.176926732063293,0.147726863622665,1.32982158660889,2.49658632278442,-0.504547715187073,0.00357128982432187,0.0117631908506155,1.0347580909729,-0.178157150745392,1.18777084350586,-0.707536816596985,-0.598942160606384,1.85405194759369,0.707743704319
2981,-2.49250531196594,-0.693568408489227,-0.325094789266586,-0.914958298206329,1.73731970787048,1.23421335220337,0.0742800459265709,1.56945776939392,2.95212125778198,0.329094022512436,-0.310879766941071,0.0811186283826828,0.595967829227448,-1.48557698726654,2.31501460075378,-1.20090460777283,-0.947719275951385,1.26232135295868,1.18198335170746
2983,-2.1556761264801,-1.95420396327972,-0.521640956401825,-0.817943751811981,2.12129259109497,2.04926419258118,0.0563563592731953,1.55926215648651,2.59955239295959,1.3026477098465,-0.457946330308914,1.33430671691895,1.15644478797913,-2.34626507759094,3.72934412956238,-2.03717732429504,-0.903219759464264,-0.0399306528270245,0.925600588321686
2985,-1.28669953346252,-3.10242247581482,-0.823662161827087,-0.137650161981583,2.40836644172668,1.57259404659271,-0.117133572697639,0.89004510641098,3.45078039169312,2.47072172164917,-1.75385761260986,2.63919639587402,3.23620533943176,-0.409536331892014,4.28221321105957,-3.46835517883301,-0.575446844100952,-0.529274463653564,-1.25385665893555
2987,-1.342564702034,-4.15345001220703,-1.77606642246246,0.208534881472588,2.82345294952393,-0.832679629325867,0.908164322376251,-0.639105260372162,4.26968336105347,0.862797141075134,-1.15873181819916,3.26805543899536,6.07490730285645,1.81903421878815,2.21000719070435,-2.02071642875671,-0.893905937671661,-1.14593374729156,-4.18190240859985
2989,-0.389859765768051,-3.12212705612183,-2.44248294830322,-1.16339123249054,2.74906587600708,-2.88123083114624,2.10707521438599,-1.78667759895325,2.42046546936035,-0.0936137661337852,-0.510918378829956,3.61416530609131,6.65645170211792,1.15654158592224,0.532681584358215,1.30811882019043,-2.48066926002502,-2.75876569747925,-5.04914617538452
2991,0.145813375711441,-3.03385305404663,-3.20208811759949,-1.63129210472107,2.27618861198425,-1.88603520393372,1.71245300769806,-2.88568067550659,-0.296959966421127,-0.249222755432129,-0.253383755683899,1.83186841011047,4.701828956604,1.04445123672485,0.322162806987762,3.68812227249146,-1.24761307239532,-6.46698665618896,0.0632944405078888
2993,-0.379384517669678,0.0234732143580914,-4.04259967803955,-0.350324332714081,-0.819903969764709,-0.0504492782056332,-0.692251086235046,-4.90686321258545,-2.40458726882935,1.33387815952301,0.0823289901018143,-0.592772126197815,2.70237350463867,3.43628931045532,-0.064899779856205,4.30336809158325,-1.04629397392273,-4.10137033462524,5.93041467666626
2995,0.619106888771057,3.19475817680359,-3.39731121063232,5.11941337585449,-1.71513485908508,0.268748849630356,-2.46915936470032,-1.94014012813568,-2.50270438194275,1.80038285255432,0.274148553609848,-0.391179442405701,-1.46531128883362,8.18354034423828,-1.98935103416443,3.07195019721985,-4.30666160583496,-3.55958986282349,7.38989162445068
