ENVI ASCII Plot File [Thu Dec 11 11:34:51 2025]																																																																	
Column 1: Wavelength																																																																	
Column 2: X:429 Y:419~~1																																																																	
Column 3: X:381 Y:443~~2																																																																	
Column 4: X:494 Y:395~~3																																																																	
Column 5: X:531 Y:466~~4																																																																	
Column 6: X:538 Y:508~~5																																																																	
Column 7: X:496 Y:645~~6																																																																	
Column 8: X:561 Y:679~~7																																																																	
Column 9: X:589 Y:685~~8																																																																	
Column 10: X:169 Y:439~~9																																																																	
Column 11: X:200 Y:442~~10																																																																	
Column 12: X:53 Y:367~~11																																																																	
Column 13: X:160 Y:302~~12																																																																	
Column 14: X:213 Y:328~~13																																																																	
Column 15: X:658 Y:446~~14																																																																	
Column 16: X:635 Y:371~~15																																																																	
Column 17: X:646 Y:304~~16																																																																	
Column 18: X:587 Y:148~~17																																																																	
Column 19: X:492 Y:105~~18																																																																	
Column 20: X:339 Y:84~~19																																																																	
Column 21: X:271 Y:76~~20																																																																	
Column 22: X:295 Y:644~~21																																																																	
Column 23: X:294 Y:644~~22																																																																	
Column 24: X:156 Y:553~~23																																																																	
Column 25: X:137 Y:448~~24																																																																	
Column 26: X:138 Y:444~~25																																																																	
Column 27: X:138 Y:440~~26																																																																	
Column 28: X:131 Y:441~~27																																																																	
Column 29: X:121 Y:439~~28																																																																	
Column 30: X:112 Y:435~~29																																																																	
Column 31: X:103 Y:431~~30																																																																	
Column 32: X:62 Y:386~~31																																																																	
Column 33: X:52 Y:350~~32																																																																	
Column 34: X:335 Y:289~~33																																																																	
Column 35: X:372 Y:260~~34																																																																	
Column 36: X:373 Y:260~~35																																																																	
Column 37: X:416 Y:233~~36																																																																	
Column 38: X:499 Y:259~~37																																																																	
Column 39: X:509 Y:216~~38																																																																	
Column 40: X:462 Y:87~~39																																																																	
Column 41: X:510 Y:56~~40																																																																	
Column 42: X:539 Y:117~~41																																																																	
Column 43: X:580 Y:156~~42																																																																	
Column 44: X:580 Y:120~~43																																																																	
Column 45: X:591 Y:159~~44																																																																	
Column 46: X:604 Y:281~~45																																																																	
Column 47: X:651 Y:295~~46																																																																	
Column 48: X:617 Y:408~~47																																																																	
Column 49: X:518 Y:250~~48																																																																	
Column 50: X:513 Y:264~~49																																																																	
Column 51: X:505 Y:268~~1																																																																	
Column 52: X:499 Y:267~~2																																																																	
Column 53: X:283 Y:296~~3																																																																	
Column 54: X:382 Y:262~~4																																																																	
Column 55: X:375 Y:257~~5																																																																	
Column 56: X:377 Y:251~~6																																																																	
Column 57: X:374 Y:243~~7																																																																	
Column 58: X:382 Y:239~~8																																																																	
Column 59: X:386 Y:240~~9																																																																	
Column 60: X:326 Y:291~~10																																																																	
Column 61: X:284 Y:296~~11																																																																	
Column 62: X:279 Y:301~~12																																																																	
Column 63: X:274 Y:306~~13																																																																	
Column 64: X:269 Y:314~~14																																																																	
Column 65: X:265 Y:319~~15																																																																	
	399.924103	-15	7	-13	-15	9	-5	0	-1	13	-10	0	20	7	-24	4	1	-8	-10	10	2	8	6	-6	10	24	3	-10	2	3	-7	9	6	7	8	-1	4	21	4	-7	2	0	-16	5	-5	5	-6	-8	1	3	-6	22	7	7	8	-7	-13	9	11	-13	-9	10	28	10	4
	401.119995	-8	12	9	2	18	-14	-7	-9	0	-6	8	-12	1	-19	16	6	8	-26	-1	-10	-7	3	5	6	-1	21	0	7	-8	-4	15	16	11	-5	5	2	10	9	1	11	6	-6	-4	15	-9	18	-7	-5	4	-15	12	6	0	8	4	-2	12	7	1	-16	-2	-7	2	10
	402.316406	-5	-6	14	-3	-1	-11	-12	7	-9	-7	-5	13	25	1	-23	-7	-7	18	10	-9	6	-14	3	-10	-4	9	35	7	19	2	8	-11	10	9	-10	-8	3	-4	12	13	-1	-6	-10	0	-4	-9	-7	11	7	-7	5	23	6	16	23	6	1	-1	-6	13	-13	0	16	15
	403.513306	5	8	12	15	-19	-4	-2	2	3	10	15	9	-6	4	-4	7	3	16	-16	1	7	3	-10	-5	-3	10	9	2	-2	-4	13	-5	15	-10	-20	5	5	2	12	27	-7	-2	6	15	6	-22	8	22	1	-2	9	0	-1	14	0	6	-1	3	7	3	-9	-10	16	0
	404.710602	8	12	-6	7	-17	0	8	7	6	7	8	15	1	-6	14	-4	-6	1	13	-5	12	2	9	-3	-5	5	-2	1	-4	8	-6	-10	9	8	-1	1	8	4	11	-4	-16	0	-2	-12	1	-15	6	2	-3	5	2	-6	11	10	0	7	-1	9	-20	9	-2	13	20	0
	405.908508	-8	3	2	-1	-16	-2	16	-1	-5	6	21	6	7	11	-1	13	17	-2	-2	-5	3	5	5	8	1	7	0	-5	11	-14	-6	-2	0	-12	5	-7	14	2	6	4	-6	0	-6	5	0	-8	7	5	1	28	3	0	-7	-7	-4	3	3	2	-4	-3	5	9	1	9
	407.106812	2	-2	11	3	-9	-4	3	4	-1	-7	6	19	-12	3	-7	13	-3	5	1	0	-7	2	0	6	25	26	5	7	2	7	-14	-5	7	12	-3	-10	16	16	-12	15	1	8	17	-25	-11	-4	17	15	6	3	36	-13	-3	-15	1	-9	15	12	11	3	24	-9	-8	4
	408.305603	9	5	2	-8	-2	3	8	0	-6	3	13	10	1	12	-8	-2	13	-2	-2	6	-8	0	-1	-1	-6	-12	17	-13	2	0	9	11	-8	11	-1	24	24	4	9	5	1	7	6	-5	7	3	15	12	-4	5	6	13	-9	-10	-3	-3	-4	9	4	7	5	-2	-8	14
	409.504913	8	-1	6	12	-2	-1	6	2	-8	-1	-19	4	-1	11	-1	-6	4	18	8	-3	-13	-10	0	18	4	9	8	-4	-1	13	-9	-8	28	2	-6	8	-1	0	3	23	-4	-2	-3	0	9	12	-1	6	-7	6	-2	10	-15	3	5	2	7	-3	11	19	6	-6	8	-2
	410.704712	-1	-2	4	3	4	2	12	-25	5	20	11	17	28	4	-8	5	18	-11	3	-4	1	-1	-14	2	7	2	2	11	-14	8	-2	8	4	5	-4	0	22	2	-13	-6	6	-1	0	4	6	1	-3	-10	12	4	10	14	6	1	-12	9	7	5	29	37	-10	-6	17	-14
	411.904907	12	-11	8	0	-6	-10	-4	8	-8	-16	1	3	-16	-2	12	-5	8	5	6	4	-1	-13	-14	12	7	19	4	6	3	-6	-10	-3	-4	11	7	11	1	12	0	5	13	0	2	0	15	5	10	9	1	6	2	-8	-7	-5	-1	0	-2	-4	5	-3	-6	6	12	24
	413.105591	17	11	13	15	2	6	3	-6	-4	4	-4	-2	10	8	-12	-14	7	2	-9	15	-9	0	5	-2	6	2	2	5	3	6	16	-1	-6	7	25	7	5	-1	6	18	10	12	17	7	-5	-6	16	9	-2	10	8	-9	2	9	17	8	8	5	16	5	16	1	15	10
	414.306793	-2	-9	-3	3	-14	-3	7	1	6	-10	17	12	17	8	-3	-9	12	10	11	2	3	0	-9	-4	6	6	0	-6	10	0	-5	-12	5	1	17	17	11	1	11	10	8	-5	9	3	-7	-13	-3	2	14	23	17	-6	-12	6	5	9	-11	-3	-7	-3	2	0	11	-2
	415.508514	14	-7	15	11	5	-7	1	-4	0	-7	-6	6	-4	2	11	-14	6	-5	-3	-5	17	21	-6	18	15	-9	-16	4	1	20	-2	-1	-22	-9	-8	5	6	11	7	15	-3	4	7	14	12	-2	11	-1	15	11	18	-1	7	-1	-15	9	4	12	7	6	5	10	10	0
	416.710602	-10	-1	10	4	8	3	2	18	-4	-7	-2	0	-10	-2	-15	13	18	13	-2	-5	3	12	-4	16	15	-11	3	10	-6	8	-1	3	-5	0	5	15	12	15	1	10	1	11	13	11	-8	5	14	-8	5	12	17	-5	15	10	29	6	4	-2	14	-14	-2	9	6	7
	417.9133	16	13	-5	-6	-2	11	-1	0	3	-8	-1	0	4	0	1	-4	8	6	-2	10	-4	-1	1	-11	8	-1	-1	6	-11	-5	-6	9	-10	-9	1	12	11	6	5	5	7	6	8	0	7	2	-8	8	26	0	8	10	1	4	4	16	9	10	4	3	-2	11	-6	22
	419.116394	11	17	-7	3	7	-24	8	0	12	13	4	20	-5	-12	-18	-10	10	-5	-12	-1	-18	2	8	3	-4	3	7	4	2	-2	11	3	-4	12	12	1	9	0	8	26	6	3	18	-7	-3	7	1	7	21	24	28	1	-8	1	-8	10	11	9	10	3	14	-2	6	-1
	420.320007	7	19	5	2	-2	-6	1	-5	-3	-5	-3	-4	19	13	-7	-6	16	-4	11	7	6	-5	0	14	3	14	0	6	3	13	-15	13	4	8	-1	19	8	4	3	21	-26	2	4	-8	11	6	-4	13	5	13	25	3	16	15	4	3	12	12	-1	-1	0	4	7	5
	421.524109	4	11	3	9	-16	16	2	4	-2	-7	3	10	-2	11	1	-6	5	-6	7	31	-6	-1	-3	-14	15	-7	13	5	5	-1	-4	15	-2	-4	10	4	17	14	18	4	3	-1	10	6	0	12	2	-5	12	14	15	-11	-2	-9	-2	-1	14	3	2	9	-7	9	-9	3
	422.728607	-3	9	6	9	0	8	2	5	5	-8	-1	12	-2	-3	-7	-4	7	27	2	-6	6	3	-3	14	3	1	1	4	-2	-4	5	-4	-6	9	0	10	16	8	8	18	9	6	23	-1	2	-3	7	8	9	25	3	-7	-5	4	4	-5	10	10	10	-1	0	2	0	-1
	423.933685	1	-12	4	-9	6	-17	-23	13	-8	-14	5	-12	6	-12	8	6	2	19	-4	4	8	6	-5	-5	0	5	11	8	-3	9	-6	-8	10	9	20	10	25	30	20	29	0	-3	21	14	7	4	2	-7	-11	27	32	5	-3	21	1	13	13	6	5	-2	14	2	22	24
	425.139191	6	9	0	0	-11	-7	-1	19	-4	-21	-8	12	8	4	-2	-15	-3	17	-9	-4	-5	15	-1	1	2	0	19	0	3	8	10	-4	0	18	3	12	30	32	20	15	2	6	21	15	1	2	9	13	16	9	36	1	-3	17	1	19	9	13	5	15	3	-8	16	14
	426.345215	5	-15	6	4	-4	-10	-3	-6	23	-3	14	2	11	8	5	-21	11	-2	-7	-5	11	9	-3	16	24	8	6	-1	-7	7	4	-1	-5	12	14	11	57	5	16	40	4	3	28	14	4	0	-3	4	33	37	48	6	13	26	21	10	15	24	20	15	8	3	10	7
	427.551697	8	-4	-1	13	-5	-1	2	0	17	6	-2	-18	17	0	-10	1	-11	8	6	-14	-7	-14	-8	-2	4	11	25	20	-8	5	19	2	5	9	8	17	64	23	35	70	7	8	37	8	17	-2	4	21	27	16	46	14	13	23	6	15	25	10	-3	14	18	12	10	24
	428.758606	-4	15	5	23	15	-1	0	8	14	-11	0	12	22	26	7	-11	-3	-11	-9	14	-6	3	-24	5	13	22	-11	-10	18	10	7	9	0	13	11	13	78	28	50	59	18	23	56	22	16	1	23	47	47	63	52	9	10	26	7	40	15	6	10	7	15	17	3	11
	429.966095	4	-3	7	18	7	17	6	7	8	-8	2	-2	1	4	22	2	11	0	17	10	2	10	-9	7	22	17	29	9	21	6	4	20	6	26	33	19	91	11	48	87	20	1	53	17	35	1	4	44	81	60	112	16	40	26	27	68	54	23	14	12	9	6	13	-1
	431.174011	19	8	11	12	-5	-4	4	14	5	2	16	11	23	21	32	4	7	-2	1	8	1	-24	-18	-3	18	11	26	42	12	2	-1	19	16	22	43	38	142	18	44	118	35	-6	78	8	13	0	6	35	87	73	96	15	26	27	2	58	30	12	23	10	29	21	7	8
	432.382385	10	-4	2	3	-2	13	11	9	16	-11	12	1	10	7	9	-2	9	0	13	18	-9	-3	4	25	28	21	31	31	2	-6	-6	43	20	33	51	31	183	48	102	120	37	1	87	1	13	-1	26	79	112	128	145	16	46	39	48	67	66	29	22	15	15	26	8	12
	433.591309	15	3	14	13	18	28	28	-3	18	5	6	15	20	5	40	1	10	5	10	27	15	-4	10	11	48	5	36	25	43	16	7	28	19	50	67	75	208	81	95	178	29	15	151	17	38	9	19	89	156	155	164	19	28	47	48	100	52	27	48	21	25	13	24	25
	434.800598	17	-8	0	4	17	22	37	18	2	7	14	34	31	13	45	8	17	9	29	34	8	-3	8	10	66	23	61	65	38	18	10	45	30	69	90	58	291	75	127	208	30	23	169	1	32	5	44	102	164	183	240	30	53	82	65	135	82	41	48	27	26	29	23	9
	436.010498	18	4	28	16	8	54	23	17	16	9	35	18	45	9	50	15	33	26	6	14	9	0	0	22	84	29	57	57	46	12	-6	64	25	74	86	84	345	90	165	243	44	13	269	22	65	11	70	140	244	256	311	43	45	66	73	165	81	53	38	48	40	28	33	17
	437.220795	15	-5	20	18	2	35	30	9	0	13	3	35	36	10	57	18	21	15	5	27	26	0	6	38	88	42	92	107	39	9	39	66	27	109	97	136	428	88	215	314	29	27	299	28	56	19	50	181	295	288	369	25	82	112	96	159	123	55	61	18	69	18	19	35
	438.43161	36	31	19	9	6	55	34	38	7	3	14	17	61	35	57	6	20	49	35	46	-4	-3	-1	24	106	37	101	86	54	18	-4	57	24	117	134	101	510	111	246	388	54	18	340	27	72	6	62	173	338	342	412	27	109	98	81	205	125	67	76	34	36	58	27	43
	439.642914	36	25	-1	-8	30	44	29	37	14	-5	27	19	53	-1	80	2	20	32	16	42	5	7	-2	40	128	42	116	115	76	5	9	66	32	149	154	106	553	144	224	389	57	14	344	49	71	19	60	214	353	389	461	56	97	114	122	218	158	65	92	44	42	78	48	48
	440.854614	27	4	23	8	24	60	43	29	21	4	23	24	63	38	92	7	7	44	11	52	29	4	12	36	139	36	142	100	59	26	12	86	52	153	147	141	540	125	299	453	51	20	403	55	105	4	65	239	377	416	467	73	87	134	117	212	152	74	82	62	50	54	54	43
	442.066895	4	17	37	22	9	43	49	31	3	0	34	21	70	15	60	8	12	41	29	70	19	2	16	38	140	57	134	137	64	22	21	76	54	154	148	144	587	154	265	444	64	40	387	32	62	10	77	252	414	427	540	88	116	139	111	211	160	98	81	52	51	53	53	48
	443.279602	26	30	-2	-5	0	56	52	38	10	17	24	35	76	14	91	2	38	44	41	73	12	15	16	51	152	48	136	129	78	25	17	95	42	161	177	144	557	159	284	449	68	27	424	39	87	19	66	264	447	441	563	66	106	166	131	257	149	116	79	46	71	65	32	38
	444.492798	9	34	23	11	5	53	53	36	9	-9	36	23	75	23	73	17	23	50	55	71	17	6	12	63	134	60	150	108	96	20	13	86	42	176	171	154	651	152	333	492	60	26	458	40	120	21	67	267	472	454	588	65	145	151	118	250	178	109	86	50	52	65	59	57
	445.706512	18	42	33	-11	29	62	60	34	15	18	24	34	72	21	90	9	18	34	36	73	8	15	17	54	130	43	163	150	90	20	19	88	49	182	166	166	584	167	280	500	61	32	458	47	90	25	74	278	446	457	567	71	96	152	135	301	213	111	126	57	57	84	57	37
	446.920685	38	6	21	17	14	67	55	51	11	11	31	19	71	24	100	17	15	50	30	72	9	14	10	29	136	57	156	123	96	8	21	82	66	186	192	152	679	187	321	518	54	41	555	50	85	22	82	304	509	502	651	73	102	178	115	288	204	94	77	55	72	54	57	55
	448.135315	24	19	34	2	3	61	43	38	24	-1	39	31	85	22	85	13	42	61	42	97	3	-1	-20	17	145	62	156	145	74	27	28	71	60	187	175	162	726	170	371	522	56	39	539	57	102	14	75	317	479	517	555	51	137	186	160	268	202	113	88	69	46	76	51	59
	449.350403	29	29	26	7	-8	60	56	45	19	10	45	30	94	36	83	18	26	63	50	68	8	21	-3	11	143	46	150	160	103	9	23	86	68	207	205	170	761	215	420	500	73	28	585	51	127	20	72	280	532	490	661	61	124	157	150	269	233	120	126	50	65	55	61	50
	450.56601	44	22	12	24	23	65	66	47	20	-2	29	20	84	39	78	21	39	39	52	74	8	27	16	35	142	72	153	141	99	36	5	106	58	216	225	226	787	181	361	532	52	36	572	44	92	14	94	319	536	519	663	49	119	163	156	312	221	131	100	42	45	66	65	70
	451.782104	6	12	38	24	5	97	68	31	23	17	12	48	117	18	102	16	34	52	61	89	1	17	-3	66	166	71	160	159	98	18	36	101	60	195	202	189	761	212	441	514	55	34	661	57	118	42	83	298	558	569	722	99	155	200	154	404	237	133	111	59	58	72	46	61
	452.998596	38	47	32	18	0	70	66	44	44	26	24	28	114	18	87	-2	35	80	43	98	0	24	-15	52	172	70	180	155	77	29	5	99	63	251	224	190	807	218	415	547	52	32	589	73	141	21	87	302	581	598	678	67	152	203	174	345	272	108	121	54	51	84	66	64
	454.215698	35	36	31	12	14	76	67	41	31	10	28	20	109	40	89	9	47	44	42	105	10	35	16	44	204	72	195	150	116	27	22	92	58	260	234	220	850	207	464	602	66	34	629	66	107	27	115	324	603	604	748	83	157	196	155	370	269	144	135	69	77	82	86	89
	455.433197	24	32	55	20	26	89	53	42	27	4	24	25	82	31	129	9	37	93	48	102	20	26	13	56	176	87	158	167	101	30	28	59	89	255	261	152	874	252	496	603	72	44	802	50	143	19	91	323	680	632	776	86	162	182	187	392	276	122	121	67	63	78	60	101
	456.651215	49	27	40	21	16	68	75	43	31	0	34	37	111	31	114	10	50	71	48	111	23	26	24	41	208	63	173	165	107	26	12	114	75	281	266	175	853	267	464	653	78	36	769	56	128	18	110	358	662	679	797	91	158	239	195	426	246	142	130	84	84	88	87	78
	457.86969	21	34	23	14	11	106	81	72	28	-14	39	25	111	34	139	39	48	97	43	104	15	13	23	53	199	80	234	201	117	17	17	119	66	283	236	218	969	214	538	640	66	31	756	63	145	18	103	336	666	688	853	92	144	211	189	356	301	116	148	85	57	78	76	84
	459.088593	41	16	21	20	19	88	68	47	26	27	15	59	119	41	122	16	46	75	33	107	23	15	17	74	214	71	210	179	106	18	21	75	85	273	261	186	930	242	515	661	74	27	824	69	135	10	109	348	637	671	859	112	125	222	199	405	249	129	161	67	65	97	76	68
	460.308105	30	22	18	20	32	92	75	65	51	-3	51	35	116	48	144	26	52	81	49	120	17	20	13	77	209	73	207	183	114	16	25	109	39	250	269	186	904	247	550	658	69	57	810	67	157	38	95	351	704	637	876	84	139	261	219	445	332	140	150	66	68	101	73	86
	461.528015	53	30	11	16	21	88	97	69	23	12	48	35	115	43	116	16	31	73	46	109	13	17	2	81	174	79	213	205	125	15	16	105	73	288	289	199	909	265	534	710	65	44	861	56	166	30	118	371	684	698	901	85	171	267	200	472	283	144	139	92	94	83	55	71
	462.748413	40	24	23	12	1	123	64	62	33	14	40	38	111	24	124	33	42	80	61	99	39	30	22	70	213	89	204	203	102	30	21	120	78	283	261	221	974	284	612	725	75	45	924	61	150	21	126	389	684	690	873	85	168	251	220	445	288	135	137	57	77	93	77	99
	463.969299	29	39	36	3	36	107	90	61	16	7	57	45	133	40	116	36	40	81	61	133	20	20	22	80	222	102	223	229	115	27	2	111	86	280	292	251	963	279	632	738	86	45	987	75	183	30	127	418	704	713	905	105	146	234	184	467	313	150	142	95	86	122	70	102
	465.190613	60	27	38	15	35	98	94	70	33	8	29	50	121	40	116	11	23	71	59	101	24	-5	17	72	229	87	219	226	127	19	17	113	78	314	260	226	963	312	651	702	103	44	1012	80	162	44	134	400	765	796	975	113	169	268	251	481	315	154	166	98	112	89	74	78
	466.412506	33	26	39	23	36	117	77	45	49	6	42	64	134	45	115	20	41	69	55	119	23	16	21	88	223	93	237	223	125	29	24	81	80	345	261	201	966	303	656	730	93	64	1137	84	159	40	120	392	730	729	966	127	160	280	201	511	340	147	160	83	92	122	78	106
	467.634796	47	25	38	32	35	120	83	56	18	-15	25	59	135	26	114	32	47	64	72	123	2	17	17	85	234	116	271	260	125	27	14	111	66	319	326	223	1034	358	693	791	93	56	1122	82	171	38	102	423	765	788	1017	74	169	280	219	529	306	133	152	108	99	110	94	91
	468.857605	32	5	41	12	18	121	111	69	24	0	50	50	131	22	149	15	56	74	47	120	17	28	-4	70	251	94	253	271	136	9	8	121	97	342	362	213	1034	316	707	779	98	36	1182	87	157	23	137	419	782	830	1017	103	206	298	221	505	352	156	172	72	97	109	62	107
	470.080902	41	44	20	19	18	123	95	78	25	15	37	66	182	29	151	23	27	78	56	133	18	5	16	63	283	87	278	267	142	2	19	131	90	324	356	231	1014	341	707	825	81	46	1245	95	203	33	116	415	803	828	1093	88	189	298	254	532	322	161	168	66	69	105	73	73
	471.304596	84	42	30	4	37	79	79	72	27	23	62	59	162	44	164	31	54	73	59	142	44	45	10	64	271	91	259	271	155	20	11	118	92	306	335	231	1074	339	740	864	90	37	1291	63	214	45	112	429	807	867	1058	120	182	323	230	551	340	161	153	107	103	77	80	92
	472.5289	31	30	53	19	33	134	92	58	8	13	53	51	146	25	141	20	78	122	74	144	15	7	18	97	274	122	270	257	181	46	22	127	85	344	354	233	1087	343	742	882	93	53	1390	72	184	34	157	438	838	784	1084	120	187	291	259	468	386	171	148	88	102	107	94	95
	473.753601	59	32	35	24	37	131	104	59	42	17	49	50	139	64	166	19	67	85	66	134	40	31	21	87	286	131	278	257	144	36	44	110	68	359	321	230	1047	350	728	842	123	62	1394	82	212	26	118	441	798	794	1084	118	200	324	228	540	397	160	185	97	104	128	109	141
	474.97879	38	24	47	16	41	105	125	66	19	22	52	51	146	37	180	29	51	90	80	173	22	13	16	76	248	121	290	271	175	25	2	103	92	361	321	254	975	369	801	852	90	42	1435	74	190	23	143	472	840	881	1059	108	212	369	271	530	345	193	185	79	90	122	96	99
	476.204498	55	45	54	21	33	116	104	53	41	18	48	50	164	49	178	33	70	89	81	157	30	39	25	97	288	109	278	307	162	30	34	131	99	340	351	248	1013	338	787	879	121	49	1473	109	209	34	129	498	861	845	1095	108	194	305	272	558	392	171	166	108	101	119	117	95
	477.430695	45	48	25	13	33	140	109	70	24	30	53	45	143	44	180	51	58	80	75	192	24	20	7	100	246	95	312	279	160	25	33	108	102	379	344	234	1100	363	781	890	110	39	1518	100	207	23	153	423	828	906	1186	131	201	300	268	553	399	198	199	101	85	107	105	135
	478.657288	44	32	51	16	37	134	103	60	39	9	85	63	156	48	149	22	56	94	75	167	25	36	18	97	254	122	294	311	152	44	31	107	73	382	342	268	1147	360	778	945	95	42	1618	113	256	26	133	497	844	854	1129	108	218	358	266	571	396	207	191	105	102	103	109	125
	479.884399	28	44	48	14	14	119	84	58	44	13	59	65	144	74	203	23	63	90	76	136	4	23	35	100	257	97	280	263	181	36	43	99	81	387	398	224	1061	373	712	865	95	55	1548	103	220	32	149	448	837	862	1047	110	191	348	250	579	427	182	176	75	107	97	99	145
	481.112	46	41	15	28	36	115	107	68	41	0	67	58	162	41	179	29	68	94	76	171	32	33	34	97	243	100	344	297	173	34	32	122	63	341	323	241	1004	385	738	955	88	42	1598	112	266	16	169	449	788	847	1073	102	216	350	239	587	381	210	170	76	103	96	114	131
	482.340088	51	34	54	10	40	131	94	92	45	16	51	58	187	22	173	23	69	111	86	166	18	44	19	88	271	126	333	274	180	16	29	72	90	389	364	221	1012	365	845	927	87	53	1654	82	242	31	176	489	799	805	1118	116	211	315	245	606	385	175	248	81	98	115	115	124
	483.568695	59	57	37	25	32	122	98	101	22	27	44	57	174	56	184	14	72	100	100	173	34	5	27	98	270	127	340	363	195	45	45	67	89	392	373	232	1074	421	798	894	93	45	1722	103	307	25	163	452	794	844	1136	143	208	303	248	533	444	198	208	129	124	129	134	109
	484.797699	57	37	45	17	33	134	117	92	44	11	63	65	185	65	227	19	69	93	97	210	23	22	25	103	331	131	308	320	186	42	9	120	102	389	398	238	1013	382	779	954	115	45	1850	79	235	43	148	544	827	820	1122	118	205	331	264	608	399	186	215	96	104	153	122	135
	486.027191	61	42	29	23	46	113	119	79	34	25	38	65	144	45	168	28	69	97	86	193	40	31	25	111	329	139	352	325	181	53	41	106	86	350	387	245	1048	371	818	954	106	44	1815	106	260	39	155	513	851	807	1178	156	202	357	270	580	374	188	233	105	114	153	107	114
	487.257202	45	47	39	37	27	117	126	85	53	15	51	69	150	42	188	33	65	132	128	193	23	19	47	119	293	136	384	359	174	62	33	123	87	402	370	221	1045	417	834	973	103	56	1957	104	257	40	157	521	783	930	1157	145	255	323	280	569	428	217	252	138	145	130	113	134
	488.487701	66	60	53	30	61	126	85	65	65	23	47	77	178	62	209	22	61	89	84	200	23	60	15	109	347	160	333	367	190	17	25	127	90	402	397	243	1028	381	822	967	127	45	1945	105	280	59	152	517	810	866	1158	160	217	357	259	605	431	243	240	139	117	109	93	142
	489.718597	58	32	39	20	56	149	97	92	64	21	69	78	173	73	227	36	56	92	115	199	35	53	6	105	327	155	322	371	207	34	43	117	110	360	395	233	1102	402	871	1068	130	70	2070	116	276	31	147	535	804	898	1102	135	207	344	247	605	395	224	256	138	138	91	137	155
	490.950104	42	36	29	18	27	158	130	100	53	10	65	81	218	40	219	38	85	129	111	208	25	32	25	124	324	115	373	433	219	54	42	113	101	397	374	260	1064	401	861	1033	135	63	2048	134	292	23	186	554	831	835	1180	135	220	379	289	596	401	207	257	140	122	137	113	152
	492.182007	54	50	42	20	31	140	150	64	73	24	52	72	196	34	207	42	62	91	101	185	25	20	21	127	323	123	353	407	225	26	31	127	103	385	360	250	1043	438	823	995	138	78	2105	101	266	30	175	511	773	909	1271	168	197	396	284	553	433	207	267	140	140	130	110	159
	493.414398	59	47	39	27	35	141	150	84	42	30	77	73	218	81	227	26	80	118	116	199	42	42	16	118	341	165	389	354	224	57	36	156	130	398	436	246	1036	425	876	983	119	39	2130	109	302	55	194	485	788	832	1170	185	231	367	273	548	398	245	283	118	113	119	155	140
	494.647308	64	50	32	27	53	127	134	90	46	24	51	78	218	48	229	45	87	90	118	232	58	33	27	139	338	151	355	388	204	57	29	148	114	362	360	206	980	394	796	1045	126	50	2094	172	302	56	197	508	805	836	1122	169	214	317	234	634	412	243	228	134	121	116	137	180
	495.880615	51	28	57	31	26	123	113	87	52	19	52	93	203	73	222	42	83	107	125	218	26	18	26	115	344	153	411	389	217	60	17	102	90	403	365	233	1017	392	821	971	123	76	2291	137	309	50	156	519	725	801	1114	171	244	337	242	547	460	215	251	136	128	129	99	185
	497.114502	54	36	47	34	46	132	136	95	41	44	69	87	183	57	244	38	69	101	124	217	40	46	50	107	340	163	407	400	216	28	25	169	117	381	308	251	971	399	835	986	149	85	2192	157	284	48	200	551	837	808	1216	153	239	345	236	542	396	215	242	158	134	101	102	155
	498.348785	38	41	45	20	56	141	146	99	46	-1	62	77	188	74	243	20	60	134	133	227	53	60	10	141	306	131	402	374	243	41	3	131	104	381	394	219	994	357	787	1025	116	66	2143	137	338	69	161	486	696	773	1148	198	238	276	242	545	460	224	265	148	97	124	127	168
	499.583588	88	47	50	25	41	146	108	104	35	33	56	74	223	64	217	51	86	97	120	230	43	43	24	118	351	166	393	404	217	24	17	113	91	351	375	241	974	401	776	951	150	42	2285	141	353	46	176	540	746	760	1114	181	187	350	258	575	431	254	270	113	132	112	142	174
	500.818909	52	47	81	29	55	112	129	106	59	22	58	89	195	48	249	39	81	119	137	246	45	48	23	146	341	156	399	404	217	48	21	154	120	413	371	239	909	411	779	1006	132	87	2236	154	338	44	203	491	751	751	1152	163	246	353	272	579	435	219	262	156	112	134	106	175
	502.054596	63	38	51	17	49	168	114	120	57	31	110	87	241	69	266	49	94	97	138	273	37	37	43	136	391	162	367	420	271	44	15	163	146	431	355	223	940	373	795	1085	135	78	2303	171	320	27	186	495	729	741	1148	152	232	330	223	531	399	213	257	128	113	136	106	200
	503.290894	59	38	60	30	58	148	120	97	52	26	74	84	186	43	235	44	101	117	130	227	38	49	31	133	358	160	381	401	224	15	39	109	88	372	358	256	935	397	772	1066	152	77	2301	156	361	37	182	518	725	746	1100	163	261	350	240	538	379	212	280	161	127	159	122	149
	504.527588	66	39	60	31	35	137	140	107	44	28	70	85	215	84	252	42	92	117	139	264	31	47	17	140	406	152	418	421	238	51	37	141	98	377	362	216	866	370	813	1035	174	73	2397	172	385	33	185	522	688	781	1127	164	205	325	263	537	409	217	274	151	138	145	146	188
	505.764801	67	37	72	20	54	169	131	85	37	9	63	81	219	43	274	27	112	119	129	254	50	46	25	187	328	143	418	434	208	43	43	134	121	406	411	228	886	383	755	1018	157	69	2386	164	325	58	193	495	694	737	1066	170	226	399	230	532	401	219	287	109	138	145	153	180
	507.002502	52	57	69	25	42	164	138	89	48	53	80	77	241	65	222	52	125	110	130	272	50	43	35	156	372	180	411	419	240	43	20	129	84	374	365	193	917	398	733	1106	130	86	2464	121	392	46	202	493	668	808	1111	161	209	341	244	526	457	221	302	136	131	136	127	207
	508.240601	66	41	53	19	38	138	159	96	36	41	82	86	200	71	267	43	123	117	147	272	39	39	28	155	379	192	431	432	240	29	24	151	125	334	382	221	922	404	741	1047	109	75	2388	167	388	53	206	512	705	699	1104	185	206	331	213	525	414	227	258	143	136	137	161	195
	509.479309	68	53	43	27	42	136	128	95	44	2	96	113	242	83	267	25	96	103	141	294	47	36	28	199	378	155	406	480	222	53	26	158	107	375	349	219	866	414	744	1087	152	88	2446	159	359	54	181	519	699	719	1065	185	250	287	224	523	429	257	274	146	149	122	121	153
	510.718414	54	51	48	17	45	147	140	101	61	38	66	83	196	79	260	29	103	114	139	252	60	63	31	166	385	176	441	448	255	52	29	119	119	424	347	234	859	350	702	1093	151	71	2450	146	378	39	211	494	650	702	1082	184	236	300	203	523	429	220	300	149	133	116	136	187
	511.958008	63	30	45	9	78	163	134	129	46	29	74	105	209	75	305	65	113	129	144	306	33	47	24	191	357	178	425	451	241	51	27	149	106	374	376	218	899	380	729	1152	192	90	2548	186	397	52	230	453	659	711	1163	192	190	331	252	563	425	239	278	145	136	110	153	200
	513.19812	65	40	79	31	33	168	157	121	23	44	60	80	233	80	270	48	97	141	150	313	52	70	24	178	415	166	440	457	254	43	39	123	113	395	312	214	887	388	722	1085	190	91	2677	196	416	55	208	517	701	754	1092	179	208	328	209	574	411	239	318	148	146	141	127	213
	514.438599	55	43	56	9	46	176	151	141	33	39	79	105	270	89	250	50	117	140	165	308	55	52	26	172	378	195	451	485	248	55	47	163	122	388	373	204	881	403	759	1095	176	85	2661	170	410	52	173	485	653	730	1169	196	212	368	259	475	457	255	287	181	166	135	145	195
	515.679688	64	44	54	41	61	163	148	122	51	31	65	107	228	93	303	65	121	117	155	338	59	82	46	167	398	177	498	503	287	33	26	154	156	406	419	221	850	403	746	1129	191	81	2710	207	441	52	253	478	692	787	1106	206	214	356	228	594	453	231	323	184	177	162	166	214
	516.921204	66	55	77	33	58	147	167	133	41	15	77	111	246	79	284	60	123	155	157	281	41	69	38	177	402	177	442	513	272	49	29	155	131	363	369	209	829	368	761	1123	179	69	2572	229	426	38	217	460	625	750	1125	233	233	355	249	569	422	225	324	217	161	142	144	235
	518.163208	79	39	94	41	56	172	155	146	41	30	105	102	251	83	282	44	119	145	132	297	46	59	45	177	407	185	438	533	248	65	16	163	142	362	377	212	796	374	690	1081	181	72	2713	202	419	68	251	448	678	673	1080	224	183	324	258	553	417	246	277	158	165	134	151	224
	519.405579	102	63	70	26	65	160	143	101	73	39	75	99	248	95	314	45	136	148	137	334	74	74	59	229	380	173	444	506	279	77	32	148	153	349	339	211	839	372	689	1184	211	87	2699	212	449	47	247	453	661	702	1053	209	211	302	263	504	414	229	317	165	183	139	140	233
	520.648621	72	60	52	37	53	162	157	125	58	28	94	131	239	91	279	44	146	144	136	303	67	33	47	202	396	194	479	500	270	48	34	165	133	344	338	210	803	346	687	1100	190	85	2704	216	390	46	205	469	638	671	1033	223	229	347	253	554	423	253	305	187	217	129	156	176
	521.89209	64	53	74	29	34	167	166	132	53	33	87	78	239	73	270	51	113	135	139	305	73	62	60	216	412	200	448	494	277	53	41	156	133	366	341	206	778	372	685	1120	195	82	2758	229	452	50	204	499	644	653	1045	246	213	333	308	488	448	247	328	154	180	119	153	204
	523.135986	83	33	61	36	48	147	159	128	59	20	83	93	245	69	338	56	161	137	153	327	61	49	39	203	410	172	447	498	235	65	14	131	130	359	273	202	770	368	656	1087	201	78	2778	190	418	60	208	448	638	662	1046	239	201	362	250	498	419	222	276	179	170	123	163	216
	524.380371	74	57	88	26	54	150	142	151	70	26	49	112	235	79	327	44	128	142	165	322	61	79	25	223	423	199	490	476	298	57	29	127	133	352	308	215	720	343	692	1136	215	81	2708	203	448	51	266	437	582	616	917	246	190	343	273	493	374	229	326	180	192	133	143	243
	525.625305	98	49	89	39	50	176	177	113	60	43	86	128	264	76	304	62	143	118	141	276	63	67	35	223	387	174	485	547	266	59	27	140	166	323	306	181	728	374	655	1142	192	99	2794	214	441	64	230	474	595	608	994	242	190	410	245	488	408	225	304	178	169	153	167	249
	526.870728	80	50	82	67	47	172	148	149	42	34	101	83	232	65	306	59	143	143	202	292	61	73	37	243	410	195	591	500	266	55	42	151	139	309	323	188	700	358	654	1093	217	99	2840	226	436	72	228	453	639	632	1065	235	181	355	301	485	377	243	334	197	184	152	134	285
	528.116516	109	49	85	29	80	164	154	145	54	23	102	135	265	110	282	99	132	114	167	326	73	62	51	225	388	175	487	522	284	53	38	147	124	308	298	237	740	362	655	1074	211	103	2811	243	437	65	223	443	598	658	990	236	188	311	259	526	362	222	381	172	151	135	131	277
	529.362793	70	73	70	36	32	165	178	143	55	50	69	146	295	74	325	93	153	159	179	369	76	55	41	250	419	191	526	547	302	71	35	171	177	326	335	223	698	352	658	1100	213	92	2991	250	503	66	229	505	615	649	985	256	201	327	235	548	396	225	335	186	194	119	146	228
	530.609619	79	71	94	42	91	197	176	158	37	40	123	123	261	93	338	54	152	137	153	332	66	76	37	276	433	215	504	574	301	60	19	191	150	331	361	205	733	318	719	1150	215	102	2966	272	491	74	235	477	614	660	1018	248	197	363	262	506	396	262	362	218	199	132	173	224
	531.856873	66	51	99	33	60	200	201	171	68	28	78	149	264	73	336	52	160	133	182	346	58	53	38	235	434	213	504	527	318	59	20	175	151	363	340	186	687	356	655	1116	228	105	2937	250	482	79	250	440	570	663	1007	274	198	329	233	473	443	254	319	240	151	139	166	287
	533.104614	84	46	65	41	68	208	183	118	63	28	81	156	257	90	364	64	160	171	168	320	71	70	80	269	426	199	558	571	301	69	35	189	171	364	345	208	746	357	656	1073	239	93	2964	252	518	67	235	426	619	662	1026	264	191	332	245	482	420	248	342	204	196	140	171	262
	534.352905	87	67	87	43	69	204	174	196	61	35	82	128	261	76	343	64	160	146	144	346	63	72	76	295	447	211	585	597	319	75	38	168	186	351	310	197	725	296	672	1103	248	108	2944	243	500	54	261	460	558	684	1012	243	229	316	277	479	455	257	345	198	202	148	150	294
	535.601624	82	64	117	53	61	215	146	162	56	27	101	141	250	117	369	72	167	165	188	338	64	68	49	297	445	204	550	586	326	40	44	164	209	358	332	213	707	319	679	1189	259	99	3008	245	488	86	244	463	670	691	1036	274	213	328	253	498	409	257	349	235	158	154	155	306
	536.85083	84	76	87	47	74	230	202	181	65	52	79	152	281	93	381	49	161	179	206	373	64	75	52	272	461	225	557	590	296	49	38	172	175	373	353	196	731	387	667	1144	254	106	3087	289	516	71	231	413	588	622	986	304	198	366	270	468	436	233	314	250	204	152	157	266
	538.100525	75	64	83	40	66	213	249	191	66	65	98	137	278	69	429	76	149	156	200	357	71	52	72	282	448	209	529	609	358	58	34	193	178	377	315	236	720	341	686	1194	279	118	3088	276	508	68	278	500	579	704	1019	296	203	346	278	509	437	266	358	200	206	157	150	260
	539.350586	85	73	72	42	73	248	190	173	68	32	134	157	312	74	358	69	197	151	202	349	65	73	71	267	467	202	529	568	300	66	40	153	204	380	318	232	718	347	665	1127	246	128	3170	246	523	79	246	433	606	665	1029	310	218	382	294	493	425	226	350	236	221	138	155	275
	540.601318	76	63	90	56	66	247	221	191	70	42	118	181	267	112	386	68	189	176	217	372	68	76	65	294	456	219	549	643	343	87	44	142	172	387	352	211	699	361	726	1178	284	119	3118	272	542	90	288	531	613	746	1007	304	232	363	259	484	436	232	355	228	202	167	168	291
	541.852417	71	75	102	50	72	249	244	199	67	47	114	138	315	123	413	79	174	189	194	396	92	95	77	294	440	208	590	583	339	65	37	173	191	356	304	218	717	410	671	1225	239	90	3276	324	521	75	270	442	625	673	1041	282	210	373	287	551	436	231	384	235	244	167	182	280
	543.104004	113	52	125	52	68	245	231	182	94	47	106	148	291	108	369	63	195	172	197	367	67	100	66	282	485	218	563	668	346	66	56	192	158	371	324	246	691	341	701	1154	286	114	3275	321	528	77	292	465	578	746	991	316	213	441	294	511	477	237	365	234	216	177	176	330
	544.356079	104	74	115	40	69	255	266	252	80	35	123	167	341	96	442	95	201	194	220	388	71	71	49	360	466	264	611	648	396	75	42	189	206	407	318	196	682	364	655	1184	276	124	3334	313	577	93	255	476	553	671	1067	336	211	372	270	484	516	274	372	250	225	164	174	355
	545.608582	83	77	110	45	83	251	241	191	81	50	129	149	296	123	390	95	203	203	222	422	73	107	59	326	488	202	571	616	336	93	36	191	172	401	329	213	739	364	650	1226	294	149	3406	297	563	83	288	526	627	736	1021	315	238	408	296	525	476	259	391	223	243	198	207	363
	546.861694	83	76	117	56	95	237	249	195	81	49	119	147	297	94	400	86	197	178	213	378	74	90	82	349	488	206	604	688	349	73	47	203	185	405	321	245	691	397	666	1178	306	143	3273	299	536	97	282	481	600	718	1059	341	223	367	281	524	502	253	379	290	258	200	216	327
	548.115173	89	78	113	60	104	252	277	204	111	52	101	191	323	96	425	87	201	159	199	422	78	103	76	379	465	209	612	701	369	92	53	233	197	350	326	253	665	351	689	1186	286	116	3340	312	574	83	305	520	636	706	1027	343	223	394	264	475	427	280	380	247	218	180	182	289
	549.369202	70	62	87	40	116	262	242	232	74	56	115	176	315	117	407	72	202	177	249	442	98	92	62	319	399	209	583	690	390	88	45	189	203	419	327	219	712	363	644	1205	312	128	3291	324	576	79	283	514	683	721	1023	321	262	378	286	500	486	288	405	253	227	218	232	319
	550.623718	77	75	134	45	66	280	286	226	96	64	122	176	319	90	417	88	227	212	193	471	86	78	84	306	414	199	589	673	376	92	49	202	193	397	304	239	699	374	702	1224	331	117	3387	322	541	68	302	521	609	733	1019	294	232	391	291	525	517	313	368	282	233	202	159	322
	551.878723	78	70	132	61	80	276	217	199	85	39	119	178	323	140	442	71	198	196	221	418	86	81	73	315	395	194	579	673	357	87	48	199	206	440	339	236	739	415	707	1222	318	144	3496	304	627	75	305	494	641	728	1054	339	268	407	290	548	473	308	374	262	238	193	205	273
	553.134094	101	68	105	38	90	261	233	241	62	40	129	187	320	103	434	63	220	202	229	431	104	101	50	304	396	193	598	712	351	90	54	196	240	396	363	217	753	383	662	1343	340	162	3378	308	577	89	279	539	594	718	1064	372	239	423	283	538	514	280	417	245	220	225	188	290
	554.390015	95	80	118	57	89	249	212	257	71	49	123	193	304	106	443	91	210	194	239	440	72	83	92	292	386	198	597	706	393	82	36	194	216	410	366	201	728	377	704	1237	301	147	3419	372	626	90	329	533	655	740	1042	347	241	431	285	563	457	307	428	289	264	207	211	309
	555.646423	98	60	137	69	84	266	272	238	85	53	127	177	295	127	432	78	250	203	247	452	91	96	60	374	443	222	634	682	409	99	57	185	242	398	351	196	731	358	692	1267	305	147	3401	363	567	89	292	515	658	722	1112	345	242	434	290	498	456	308	431	251	240	179	205	242
	556.90332	99	89	131	45	75	263	274	236	80	54	104	201	304	94	440	66	204	203	195	468	103	77	67	350	493	223	618	717	406	73	54	205	233	385	356	218	678	374	707	1207	345	132	3484	382	622	96	320	508	629	722	1108	353	231	433	282	533	454	317	407	280	284	217	179	264
	558.160583	95	76	127	60	75	289	255	226	86	28	126	200	356	114	447	80	238	188	247	456	106	84	63	398	493	247	662	710	394	82	37	234	202	388	355	242	692	376	774	1370	355	150	3589	364	658	101	370	544	628	770	1074	389	234	458	298	606	494	277	394	267	280	190	200	303
	559.418518	78	59	121	56	100	245	279	228	64	58	163	204	351	102	473	95	234	196	214	491	98	89	77	405	474	232	603	774	413	105	34	191	261	418	405	258	700	394	712	1336	376	154	3696	390	695	110	336	536	691	754	1042	351	258	461	308	568	526	330	441	268	276	211	206	275
	560.676819	105	85	130	52	96	284	281	274	70	49	108	177	337	114	458	91	255	204	235	441	96	111	77	428	510	275	657	765	433	97	46	237	239	387	398	259	734	390	715	1378	336	166	3631	387	677	96	340	551	625	740	1108	362	260	440	311	552	504	302	435	286	277	198	196	372
	561.935608	116	62	147	36	96	276	336	245	101	62	128	218	326	98	467	101	236	203	214	438	105	105	87	442	520	278	616	736	414	106	48	227	246	423	366	228	689	407	724	1337	368	147	3756	380	649	77	353	571	660	799	1040	394	205	476	327	559	487	312	420	301	273	253	211	353
	563.194885	97	111	160	36	113	285	291	248	88	66	121	193	310	137	474	107	223	176	241	426	108	109	57	440	523	266	645	764	389	104	34	195	226	367	380	252	682	401	668	1311	381	140	3705	369	652	65	344	576	635	803	1059	415	264	476	289	526	462	337	422	254	309	223	199	420
	564.454712	105	85	133	52	109	250	271	267	85	68	150	196	351	132	534	101	249	183	211	463	89	128	93	431	543	258	637	766	414	89	30	212	247	411	369	260	705	356	676	1283	379	169	3731	361	709	106	321	537	652	739	1067	386	299	474	353	574	532	307	421	310	331	203	228	382
	565.714905	97	87	154	54	91	274	300	292	94	63	137	206	329	103	461	82	242	222	247	432	91	89	83	433	512	287	607	817	409	100	39	215	250	371	376	257	655	353	728	1266	436	150	3759	350	666	92	341	554	632	771	1129	394	248	447	310	566	531	314	452	317	279	225	228	390
	566.975586	110	74	125	61	99	271	280	230	65	46	106	207	331	135	468	91	274	233	251	493	93	94	94	469	472	288	597	819	373	84	41	212	232	343	398	222	669	361	770	1342	373	171	3707	383	702	84	390	555	628	795	1088	382	247	479	321	581	553	373	421	301	316	236	206	377
	568.236816	120	84	132	62	114	242	315	255	90	85	151	233	319	124	465	82	241	220	236	495	83	129	88	430	573	264	622	775	404	90	57	198	279	411	364	228	684	386	797	1290	378	145	3767	381	660	97	347	610	645	774	1031	426	281	477	332	629	572	383	450	293	327	180	210	422
	569.498474	93	82	140	57	85	312	325	224	76	69	138	196	337	131	529	85	264	198	223	451	125	110	119	444	520	267	634	795	343	85	42	237	254	387	353	241	679	370	700	1312	390	145	3710	423	668	125	355	594	674	756	995	376	268	503	315	563	485	362	456	350	300	214	249	432
	570.76062	120	79	149	58	92	294	313	252	96	61	156	234	346	129	536	105	284	234	244	436	121	101	103	485	550	255	622	749	387	71	69	205	269	449	367	250	707	422	718	1322	419	173	3798	430	695	85	347	582	704	824	1055	402	276	505	299	594	564	350	412	333	282	210	239	404
	572.023315	119	66	177	65	83	293	289	243	72	34	157	221	344	117	488	108	266	193	248	450	101	96	107	466	468	244	622	741	388	68	29	238	271	377	386	266	647	379	751	1328	415	180	3809	462	748	87	333	599	700	808	1104	442	245	503	317	568	554	288	480	336	302	234	267	402
	573.286377	114	61	160	51	113	262	339	276	64	55	135	226	317	124	525	95	284	252	250	481	112	107	110	524	514	249	649	759	424	98	36	240	259	420	356	213	687	360	685	1386	413	207	3741	427	757	108	322	601	704	865	1103	430	311	476	343	604	578	361	482	321	321	192	246	437
	574.549988	101	92	163	49	116	317	293	292	75	58	123	252	357	140	546	94	308	236	250	459	131	136	88	492	516	289	703	813	418	67	56	253	252	381	357	260	678	396	750	1384	471	199	3805	437	779	115	353	627	659	793	1117	438	262	490	312	558	550	360	465	361	319	239	256	504
	575.814087	108	69	143	28	105	272	313	267	84	67	142	232	350	113	523	121	307	238	256	466	112	143	90	518	538	252	698	851	399	82	45	220	298	427	372	258	705	412	712	1450	436	169	3822	442	747	110	378	622	676	872	1112	427	284	473	315	603	579	338	460	362	318	227	252	455
	577.078613	124	88	137	54	111	309	304	317	94	62	121	235	378	119	565	123	296	242	232	487	110	158	104	551	548	293	693	795	406	86	45	233	282	464	349	263	651	369	746	1438	451	176	3962	460	786	102	362	685	749	868	1165	471	248	457	323	640	592	356	472	360	355	243	224	465
	578.343628	95	102	149	47	111	325	350	289	109	67	151	267	368	141	590	119	312	213	265	446	140	121	107	571	538	289	694	851	417	86	63	225	327	402	359	253	660	419	759	1433	465	202	4061	478	826	128	356	644	725	913	1140	435	288	514	315	586	586	323	486	343	332	233	234	472
	579.609314	106	74	136	49	90	276	325	328	102	32	150	297	359	138	571	115	338	216	253	511	146	141	137	557	595	259	675	852	418	90	42	220	272	437	376	273	697	356	809	1473	484	151	4034	521	787	129	397	639	730	914	1149	457	309	492	358	643	629	377	457	367	363	247	293	443
	580.875183	111	67	159	53	111	305	336	313	111	79	155	271	372	154	598	123	319	223	256	508	144	140	142	573	574	280	739	921	435	84	40	246	323	383	414	259	743	418	739	1396	451	194	4118	486	861	143	391	650	702	894	1153	485	279	512	337	600	560	363	465	360	372	253	239	533
	582.141724	97	91	186	48	117	378	367	305	116	63	166	276	364	150	568	137	352	237	284	518	128	150	99	574	586	298	642	891	427	89	58	215	334	425	376	257	688	397	755	1469	483	197	4021	490	825	105	395	642	722	892	1162	474	302	487	338	605	596	344	426	390	353	246	276	527
	583.408691	115	69	170	61	124	321	316	373	92	65	178	259	371	159	571	95	359	246	279	498	149	143	133	568	572	320	696	913	430	74	54	254	292	435	400	262	689	396	722	1450	468	213	4153	465	802	107	382	688	809	830	1154	464	284	458	334	625	602	401	487	424	402	263	279	525
	584.676025	104	108	169	55	128	277	297	313	114	33	169	312	337	143	598	118	356	236	311	529	136	145	122	659	555	283	656	820	449	105	41	258	330	428	396	216	690	400	804	1577	503	242	4143	480	904	133	401	676	788	930	1154	469	302	548	349	660	649	423	477	406	384	277	286	555
	585.94397	131	61	175	53	126	330	357	316	109	69	159	303	338	170	553	112	353	246	286	497	139	166	122	594	595	286	688	855	437	104	50	262	337	370	363	297	701	381	761	1503	529	201	4062	486	893	111	392	710	773	918	1209	430	280	478	325	606	626	373	541	382	359	287	251	470
	587.212402	132	100	181	62	116	288	333	306	117	44	170	302	368	139	598	115	348	236	310	467	125	140	132	634	571	249	654	843	411	78	44	260	346	402	399	277	672	405	757	1556	502	222	4298	513	891	99	388	664	777	939	1148	491	290	556	351	657	604	436	514	392	376	277	242	547
	588.481323	126	69	132	52	129	318	361	347	103	61	161	299	362	150	627	127	366	229	293	460	136	128	126	608	541	262	706	855	444	76	57	247	347	421	386	265	657	392	812	1598	536	229	4165	508	873	135	428	744	791	956	1224	511	287	504	359	684	664	414	533	443	365	255	283	535
	589.75061	146	80	159	74	158	312	356	331	132	62	155	308	346	184	572	128	348	249	252	536	142	112	136	601	569	273	739	830	411	75	54	280	359	438	414	253	684	342	863	1601	547	197	4157	561	994	166	405	718	829	1026	1235	481	313	541	361	682	653	398	526	408	453	290	261	506
	591.020508	114	83	188	37	109	330	372	353	111	63	191	306	400	162	587	110	383	271	280	522	138	165	118	604	562	293	704	795	424	60	40	266	375	394	431	225	703	364	765	1600	581	205	4282	531	905	144	446	729	839	967	1223	526	323	526	375	729	690	407	561	455	435	300	308	510
	592.290771	131	91	213	68	113	301	358	358	88	72	186	334	400	132	637	146	392	255	296	517	153	154	154	678	534	292	704	912	456	84	60	280	347	414	403	244	747	412	811	1648	559	222	4324	482	953	157	388	703	807	1013	1268	551	275	531	371	714	656	430	518	417	405	296	307	572
	593.561584	83	78	165	54	140	290	368	369	104	94	176	304	381	161	665	119	376	234	313	509	133	137	138	659	554	255	727	900	482	81	55	296	357	396	425	256	686	357	804	1647	575	217	4454	557	938	153	427	749	843	1026	1190	562	349	559	360	741	656	445	537	456	432	316	306	540
	594.832886	114	110	169	25	122	336	352	352	108	74	190	372	389	151	665	138	381	286	301	554	132	169	146	633	591	268	732	897	428	63	77	263	346	469	442	246	707	412	839	1648	584	247	4571	593	929	137	459	808	791	1032	1345	554	316	582	358	677	726	414	559	453	434	293	292	546
	596.104614	93	81	190	58	121	282	381	395	114	68	180	363	357	154	662	104	372	231	267	505	151	155	138	654	535	278	718	944	412	103	57	258	352	419	424	258	686	426	854	1706	603	238	4385	568	969	151	395	765	871	1077	1292	608	338	616	358	653	690	427	566	440	470	328	296	595
	597.376892	110	83	176	54	137	342	402	371	104	60	173	298	358	161	663	174	394	260	296	530	135	134	150	650	614	267	682	898	456	85	46	264	398	423	420	252	670	376	815	1705	660	229	4320	630	1004	130	410	813	927	1078	1285	577	352	634	369	718	753	485	539	467	460	277	370	539
	598.649597	137	72	180	70	115	342	354	360	98	88	188	320	357	136	646	140	414	263	328	512	137	179	160	638	610	282	662	950	444	120	62	259	383	454	440	266	698	414	829	1745	609	248	4469	620	946	152	373	779	887	1085	1284	564	318	590	369	659	751	489	553	412	433	322	317	548
	599.922791	162	96	194	58	134	336	355	387	73	91	210	363	384	186	722	164	442	260	304	602	143	178	154	682	596	284	741	945	430	103	58	258	382	466	428	284	689	386	866	1714	605	281	4387	579	1021	126	435	773	860	1083	1306	552	335	603	362	732	769	438	550	451	514	306	301	556
	601.196472	101	91	196	58	119	376	317	394	102	83	232	365	354	148	642	137	416	260	326	551	158	161	145	693	585	283	727	932	459	100	63	257	385	432	449	257	680	390	886	1619	628	253	4455	572	971	128	444	807	920	1183	1317	538	336	533	358	796	747	462	572	458	448	324	335	584
	602.470581	112	89	184	47	143	382	341	356	117	95	196	364	375	111	682	132	431	244	286	567	126	165	152	640	523	244	675	916	445	119	33	276	364	433	427	268	692	420	796	1757	668	228	4492	543	982	145	426	813	930	1109	1408	611	356	602	350	747	795	518	585	428	483	305	342	536
	603.7453	118	88	176	46	137	378	358	397	110	65	189	333	324	165	660	169	406	239	296	517	158	147	178	690	552	266	641	934	458	90	79	253	417	468	437	270	710	461	957	1659	625	268	4301	623	998	148	370	871	930	1146	1302	626	334	592	378	820	708	524	613	449	457	343	339	648
	605.020386	128	89	185	35	145	352	329	370	129	89	207	389	343	162	688	161	423	248	319	571	138	156	140	670	551	263	693	900	449	106	54	285	402	447	481	253	707	407	828	1836	647	247	4415	601	990	134	447	841	952	1194	1315	594	330	647	410	789	785	538	599	468	504	338	357	663
	606.296021	125	95	203	53	128	344	341	405	106	89	230	383	336	172	707	145	409	277	353	537	158	145	171	679	569	306	616	840	473	101	56	280	394	413	406	338	718	450	921	1732	669	278	4404	586	1042	155	423	827	977	1172	1397	613	303	623	405	797	829	516	594	487	496	334	367	556
	607.572083	118	82	224	53	140	335	376	417	112	78	169	341	371	168	655	158	432	263	354	539	167	164	168	674	565	234	706	927	420	92	63	263	423	469	430	287	691	407	974	1803	606	272	4430	628	1030	143	455	866	926	1210	1408	621	357	587	391	838	805	524	631	519	535	349	372	576
	608.848572	143	110	179	63	137	376	373	397	121	87	200	416	405	187	696	192	416	268	308	580	162	161	156	679	557	265	683	909	468	111	65	317	474	443	448	280	653	420	926	1844	695	263	4471	600	1117	151	462	911	1024	1285	1482	634	346	651	389	808	844	532	612	534	531	340	341	689
	610.125671	132	100	196	48	131	370	366	448	113	81	231	370	401	177	675	155	427	269	284	595	140	157	142	684	587	285	686	1002	436	128	65	259	445	449	499	292	763	449	924	1957	739	306	4463	635	1119	153	427	958	1111	1345	1488	641	337	661	416	822	878	529	628	510	542	375	342	600
	611.403198	143	120	197	77	137	411	352	448	96	72	179	407	404	141	716	179	446	270	376	608	171	182	173	761	592	272	692	938	457	119	65	299	471	512	489	255	702	434	943	1916	671	293	4555	621	1126	138	478	1002	1120	1428	1428	664	339	662	412	897	837	536	638	545	541	363	353	662
	612.681213	151	115	198	41	167	363	354	452	143	73	205	434	399	175	701	151	473	268	360	530	174	199	209	737	538	292	625	986	486	112	83	291	468	493	448	299	741	486	1004	2082	733	269	4532	663	1154	176	475	945	1059	1370	1554	660	389	716	407	872	887	579	618	550	585	358	327	638
	613.959717	141	108	188	55	144	381	343	420	134	56	213	448	393	170	706	151	446	271	350	600	150	155	186	796	592	287	659	982	473	99	61	300	520	450	491	318	750	471	1073	2006	687	268	4696	703	1181	161	444	1047	1083	1478	1580	713	414	717	444	925	946	552	581	545	566	393	364	723
	615.238586	121	103	208	44	143	397	405	488	132	82	239	377	406	166	748	141	465	281	381	605	189	172	173	734	526	249	690	958	453	111	79	289	477	458	486	329	723	429	1041	2066	718	280	4628	671	1148	154	486	1101	1100	1521	1678	774	357	732	500	879	923	590	655	574	598	404	407	663
	616.518127	130	103	211	57	171	382	381	508	136	61	234	425	462	161	704	183	471	259	384	557	167	181	181	754	561	279	707	960	446	97	64	316	494	474	513	344	781	450	1003	2161	790	292	4702	681	1241	150	525	1000	1184	1536	1711	751	395	798	416	988	928	586	668	600	637	369	379	659
	617.797974	133	103	185	42	172	381	385	509	125	105	188	463	414	239	745	140	488	260	396	586	149	209	206	743	514	244	684	990	449	88	86	271	515	530	504	321	716	446	1076	2144	753	305	4663	664	1168	169	468	1062	1215	1617	1647	699	394	787	471	988	968	640	666	628	609	384	401	740
	619.07843	120	128	181	71	138	390	365	502	132	67	229	430	422	144	746	178	504	245	382	586	176	172	192	789	510	269	645	1000	439	108	46	323	521	512	524	350	761	472	1067	2125	788	288	4714	688	1176	141	461	1130	1254	1516	1739	709	385	839	419	1051	988	604	626	607	650	380	388	682
	620.359314	149	84	212	62	129	392	392	494	145	56	230	479	387	178	713	178	489	257	366	624	161	182	183	768	538	254	602	960	458	100	61	295	502	511	539	350	820	494	1140	2224	778	329	4559	704	1217	139	481	1179	1262	1713	1718	749	387	765	497	1032	1040	625	636	602	575	400	401	755
	621.640625	159	109	219	63	166	358	377	467	132	103	217	460	422	172	698	174	494	247	339	589	147	194	190	744	519	245	644	965	412	123	75	273	519	516	555	314	824	446	1092	2293	756	352	4737	623	1288	144	470	1170	1229	1783	1847	766	389	808	458	1095	1090	644	663	609	660	364	417	748
	622.922485	144	100	206	56	157	387	378	536	123	95	265	470	397	181	716	150	442	278	336	594	162	200	175	698	521	253	656	925	436	125	72	308	548	502	554	324	821	479	1112	2226	760	301	4612	661	1270	144	470	1187	1336	1682	1825	794	365	842	425	1058	1048	695	661	618	641	426	412	717
	624.204773	143	102	192	52	183	345	398	485	134	76	244	449	384	132	751	172	525	292	398	551	152	180	178	688	519	264	670	945	425	99	71	304	547	536	597	350	838	474	1114	2297	813	298	4613	677	1311	145	487	1231	1349	1807	1875	870	427	853	463	1041	1054	623	738	628	613	421	384	738
	625.48761	138	90	207	45	137	367	377	514	151	71	212	445	472	137	702	182	524	263	379	574	187	167	217	756	491	284	621	958	480	83	74	262	523	551	555	289	940	490	1142	2351	813	323	4646	676	1204	144	467	1284	1342	1924	1974	790	426	834	458	1181	1135	702	728	619	647	468	420	728
	626.770874	163	100	174	68	149	371	376	498	159	71	234	439	375	175	743	206	515	250	389	581	156	203	210	774	541	248	644	872	434	110	92	330	502	536	551	368	861	477	1253	2340	756	266	4615	618	1188	168	482	1318	1360	1897	1994	820	418	889	505	1250	1221	689	685	658	638	414	413	682
	628.054626	131	108	209	57	143	367	393	505	159	82	225	434	401	155	767	151	461	286	389	540	165	180	203	686	528	227	616	937	436	100	77	298	530	538	588	295	849	489	1243	2367	758	340	4591	673	1269	146	496	1361	1377	2039	1967	791	432	880	505	1181	1152	655	707	665	672	456	371	713
	629.338928	140	93	160	73	125	387	344	522	160	79	255	425	400	151	727	158	468	255	372	576	156	191	177	685	463	255	651	860	420	111	89	297	554	583	614	318	904	479	1208	2370	752	309	4700	633	1179	184	428	1397	1480	2058	2052	836	443	862	486	1204	1193	651	717	632	631	424	450	727
	630.623596	173	109	195	51	146	366	351	519	136	86	243	463	420	154	708	194	489	298	410	579	157	164	193	739	523	261	606	832	397	102	105	298	529	573	655	357	885	552	1249	2504	778	293	4701	693	1243	141	472	1514	1505	2152	2126	877	412	908	496	1340	1234	728	678	649	678	441	397	712
	631.908813	151	86	195	49	160	344	328	523	143	83	242	455	447	153	732	209	511	284	387	567	184	171	224	732	517	259	597	851	407	103	101	312	515	560	664	364	908	502	1237	2605	821	277	4754	687	1296	157	550	1499	1522	2211	2104	868	425	939	521	1311	1225	782	669	763	728	457	441	764
	633.194519	130	119	213	51	175	386	403	553	167	84	226	453	412	130	741	210	544	279	371	540	153	157	205	747	504	264	617	839	424	87	109	302	556	609	615	373	953	497	1308	2583	763	295	4639	660	1241	155	496	1502	1573	2409	2209	868	468	966	482	1371	1322	755	740	774	769	458	421	759
	634.480713	164	122	198	64	120	365	345	528	144	76	229	446	384	197	692	179	502	267	384	602	156	190	175	767	525	257	607	823	398	113	93	296	549	628	665	376	963	522	1369	2736	747	292	4894	663	1318	139	488	1575	1635	2417	2382	824	452	1017	503	1439	1389	827	772	694	732	531	437	731
	635.767273	187	94	227	58	140	392	370	543	154	67	239	464	376	180	717	186	502	296	442	555	177	196	247	766	516	259	634	784	419	124	88	323	579	635	657	383	1024	529	1399	2732	820	304	4813	669	1278	197	512	1609	1671	2511	2412	913	452	996	540	1473	1500	833	696	744	752	509	447	724
	637.054382	192	111	242	47	166	366	401	570	146	92	252	491	394	171	720	203	557	271	378	561	182	179	201	751	551	246	631	818	377	106	92	304	534	679	749	305	984	521	1419	2726	808	321	4914	678	1285	176	506	1686	1695	2544	2419	904	463	1026	584	1496	1505	789	754	755	754	504	431	794
	638.34198	150	126	185	45	130	377	340	532	145	84	237	482	449	166	732	188	545	268	451	571	188	180	187	739	486	253	588	756	371	76	86	306	541	624	725	404	1042	576	1389	2818	809	310	4905	676	1323	143	523	1711	1701	2691	2510	989	484	1078	537	1463	1459	896	759	755	766	504	427	727
	639.630127	160	128	173	48	152	341	359	562	133	77	252	468	399	156	769	221	491	276	425	505	173	176	205	756	477	220	627	712	398	116	109	288	559	669	715	373	1156	543	1463	2859	769	319	5001	660	1308	147	526	1743	1802	2835	2498	925	460	1131	592	1578	1551	796	765	828	775	527	457	773
	640.918579	152	134	212	56	128	357	339	598	137	97	291	498	441	164	730	210	469	285	398	554	180	172	233	777	475	250	571	656	394	116	97	350	585	674	671	415	1054	588	1479	2806	768	285	4943	669	1273	171	480	1827	1726	2863	2646	970	461	1160	566	1621	1659	932	744	802	786	551	546	812
	642.207703	135	90	226	60	121	325	346	557	161	73	248	465	438	177	709	212	505	290	388	595	170	148	197	708	461	239	543	599	396	104	114	306	582	696	750	378	1048	485	1438	2905	799	311	5011	683	1277	154	504	1871	1868	2975	2585	971	482	1079	591	1728	1616	878	749	795	801	513	458	828
	643.497192	194	102	218	41	144	366	344	582	166	79	247	459	410	167	688	164	534	287	404	561	165	147	200	766	489	272	575	605	360	102	93	298	573	659	845	357	1092	564	1435	2906	751	286	5056	659	1311	150	510	1836	1864	2982	2823	996	468	1213	538	1803	1687	883	666	849	818	538	459	857
	644.78717	153	156	235	55	140	343	348	558	142	88	268	464	439	132	684	195	534	240	403	558	170	168	224	699	481	255	572	545	408	96	88	307	580	643	761	391	1116	590	1535	3048	824	291	5075	708	1326	154	498	1920	1826	3141	2819	999	507	1233	587	1765	1748	971	743	814	800	532	483	831
	646.077576	122	100	242	34	139	354	335	563	125	82	247	468	408	144	697	195	479	307	351	536	173	167	232	683	499	275	499	584	345	112	101	293	618	734	829	451	1149	620	1504	3090	764	341	5124	666	1281	142	500	2011	1864	3348	2830	1051	472	1237	593	1804	1713	888	725	801	832	557	454	743
	647.368713	169	135	215	59	180	379	320	567	142	91	241	471	390	148	659	169	446	291	391	548	171	176	203	753	499	277	550	564	340	90	99	300	564	698	764	416	1207	532	1564	3050	729	302	5132	598	1296	130	522	2081	1919	3277	2858	1043	463	1201	652	1856	1697	942	708	858	835	534	504	735
	648.659973	144	155	239	58	165	354	360	578	138	79	243	455	451	155	672	202	530	304	381	568	125	146	184	711	464	219	538	636	337	89	122	290	615	721	841	454	1206	569	1539	3061	746	289	5252	640	1323	147	517	2165	1975	3394	2867	1004	492	1261	597	1844	1787	1011	734	883	818	526	523	819
	649.952026	152	114	203	50	183	336	322	552	134	85	252	460	423	141	685	199	535	277	386	521	125	154	178	681	439	208	554	577	338	108	99	290	553	757	860	461	1202	566	1529	3131	754	289	5244	613	1290	123	476	2044	1981	3488	3013	1016	486	1305	582	1970	1830	991	752	860	838	533	508	782
	651.244385	137	108	168	45	137	336	343	553	165	74	267	414	407	115	657	190	457	286	378	515	119	134	192	681	442	233	474	668	384	91	103	287	541	760	870	462	1337	597	1621	3191	745	325	5274	545	1297	142	523	2266	2133	3689	3054	1058	511	1231	588	2091	1837	972	723	858	839	526	530	818
	652.53717	150	115	185	48	149	358	334	581	135	77	234	453	379	130	644	168	451	283	374	495	149	158	158	660	453	213	474	682	338	107	77	279	622	739	907	488	1324	574	1605	3222	738	282	5513	655	1298	114	489	2270	2068	3847	3025	1064	498	1318	677	2143	1955	961	733	823	831	572	505	791
	653.830688	124	106	179	46	147	358	321	550	124	70	238	451	344	162	677	157	455	283	394	521	150	177	181	639	422	209	535	661	321	88	108	289	602	737	903	466	1295	592	1688	3299	769	310	5371	644	1297	135	462	2292	2096	3866	3103	1107	549	1418	592	2130	1971	1019	807	849	867	565	498	837
	655.124512	146	135	178	59	128	357	340	572	137	78	266	457	379	139	630	168	464	277	384	487	133	130	188	646	365	235	455	629	305	100	114	306	588	794	1053	533	1424	579	1732	3292	774	266	5612	612	1271	139	475	2359	2115	4115	3296	1044	562	1350	590	2194	1997	1028	780	857	892	572	554	789
	656.418823	138	124	169	46	159	369	326	535	132	91	235	428	408	119	690	173	464	273	384	540	144	119	225	593	436	213	459	680	308	99	123	306	541	800	962	506	1398	567	1646	3325	744	302	5668	709	1186	147	502	2380	2176	4134	3347	1062	555	1371	687	2233	2088	1090	825	876	859	563	517	736
	657.713623	170	135	206	36	122	344	302	581	163	80	253	474	347	156	594	170	485	290	412	457	136	172	203	645	448	219	494	673	350	99	90	322	630	825	886	555	1420	607	1667	3330	721	314	5636	605	1282	147	556	2429	2121	4243	3341	1017	575	1392	690	2239	2169	1064	737	932	902	586	543	816
	659.008911	139	106	199	69	137	318	296	596	130	46	289	436	388	155	656	175	477	282	379	476	152	149	203	625	453	192	457	655	292	100	124	277	616	775	932	565	1419	622	1681	3332	755	298	5696	547	1242	144	478	2470	2254	4308	3349	1142	551	1416	616	2307	2108	1128	732	926	880	589	529	756
	660.304688	140	114	150	48	134	308	289	563	145	58	216	420	346	148	611	183	458	254	417	470	145	158	193	682	429	230	431	701	299	90	119	301	557	807	938	534	1393	609	1690	3204	749	308	5676	563	1260	145	480	2477	2296	4363	3359	1090	515	1362	692	2410	2149	1154	749	881	806	624	532	837
	661.60083	159	121	196	46	112	313	302	565	131	51	245	432	346	127	615	152	437	270	360	448	146	168	193	620	422	204	471	690	313	90	126	281	591	801	972	564	1429	595	1743	3344	705	298	5708	533	1110	150	444	2434	2227	4342	3398	1075	524	1413	674	2450	2151	1109	726	897	842	557	496	774
	662.897583	128	132	166	67	105	318	324	530	144	69	226	387	397	132	576	155	438	225	354	434	121	178	204	586	402	194	450	686	293	89	89	251	597	807	928	548	1520	576	1689	3148	712	260	5592	531	1212	105	457	2540	2220	4444	3380	986	491	1495	646	2424	2200	1110	732	934	857	587	530	767
	664.194824	133	109	164	65	120	306	271	514	123	78	242	390	383	121	548	167	432	255	320	453	133	158	190	565	389	200	439	669	299	81	113	270	626	855	979	533	1452	580	1704	3181	692	279	5649	557	1086	115	456	2535	2155	4483	3357	1018	490	1431	623	2477	2296	1081	698	960	800	561	479	777
	665.492493	126	116	174	39	138	344	293	624	129	57	235	419	393	144	547	160	415	253	361	425	148	130	195	553	351	213	391	601	306	75	128	300	582	879	933	544	1471	579	1702	3389	711	300	5759	565	1192	142	433	2592	2152	4710	3455	1032	541	1438	670	2439	2218	1103	696	947	808	616	536	777
	666.790588	146	119	205	28	140	276	315	498	119	54	213	388	378	106	585	152	407	248	395	439	137	130	186	603	342	165	482	586	295	59	114	236	560	803	934	579	1474	574	1665	3273	705	298	5668	533	1120	130	441	2586	2106	4562	3501	1029	576	1471	658	2547	2260	1098	655	861	885	591	510	736
	668.089294	127	105	196	55	138	307	323	538	115	45	200	412	317	137	560	140	411	222	347	420	107	142	205	583	331	205	427	569	250	67	125	246	559	861	1001	527	1566	566	1642	3233	635	270	5595	516	1115	110	401	2607	2226	4608	3386	1019	519	1427	650	2549	2302	1097	688	890	857	612	526	735
	669.388428	158	106	164	52	120	261	315	533	116	67	204	401	338	122	550	178	412	263	333	442	140	123	181	546	311	146	354	565	261	91	110	256	548	888	978	541	1632	592	1696	3181	698	238	5683	474	1158	139	428	2666	2109	4781	3460	960	588	1462	650	2592	2303	1107	642	894	856	601	488	782
	670.687988	127	114	179	18	137	287	249	534	119	56	204	378	345	108	514	152	438	230	386	422	127	132	175	610	334	140	435	557	273	67	96	242	576	832	1056	512	1614	600	1652	3276	649	242	5544	529	1022	123	454	2615	2059	4897	3544	967	533	1463	661	2568	2333	1067	622	910	835	580	491	725
	671.988098	133	112	179	45	124	281	259	546	119	73	194	417	343	102	517	148	402	221	356	416	117	128	163	484	314	174	370	559	234	58	90	246	561	911	998	603	1605	546	1593	3119	640	250	5670	503	1085	114	373	2558	1997	4721	3378	1012	539	1431	641	2656	2178	1114	641	899	796	553	495	731
	673.288574	145	88	161	50	113	257	294	593	127	44	209	356	306	110	529	147	426	237	332	447	113	126	178	543	331	157	345	568	204	48	123	233	557	837	972	553	1617	548	1613	3014	666	246	5674	462	1031	111	376	2601	2120	4739	3579	997	538	1379	637	2548	2269	1109	635	840	907	547	449	673
	674.589722	128	129	156	52	115	275	277	535	102	77	197	348	327	114	504	140	367	210	334	398	154	106	163	526	305	147	400	524	245	64	112	244	548	900	988	546	1583	533	1683	3061	633	249	5630	494	1063	111	389	2669	2046	4746	3545	996	539	1374	623	2660	2202	1132	635	855	884	578	494	742
	675.891174	87	116	160	39	107	279	317	535	102	72	235	366	296	99	495	150	435	252	328	399	109	101	168	541	334	157	333	512	261	76	101	224	534	872	998	560	1635	517	1584	2943	594	243	5605	447	980	101	392	2673	2029	4801	3434	997	542	1340	686	2593	2385	1099	630	879	883	577	413	702
	677.193176	106	95	142	42	119	249	283	522	115	54	220	357	286	84	499	164	433	197	296	370	122	102	176	537	294	156	369	517	218	49	104	260	568	818	964	519	1593	543	1617	3079	560	245	5582	473	1062	118	400	2661	1980	4945	3442	1027	530	1410	619	2650	2146	1178	634	859	850	559	457	666
	678.495728	132	77	141	58	96	249	286	517	158	61	247	374	327	86	453	140	380	208	336	341	126	126	158	516	290	147	386	522	204	56	126	273	542	834	1014	548	1612	537	1599	2969	579	232	5534	501	947	101	449	2621	2061	5006	3342	978	535	1423	675	2599	2355	1092	659	916	816	561	481	678
	679.798584	132	81	156	17	94	261	280	543	120	62	258	358	302	68	461	136	455	246	346	343	119	105	144	530	328	127	350	516	234	85	112	271	496	874	1028	559	1599	515	1553	3004	603	232	5523	455	980	97	346	2655	2117	4953	3344	991	512	1307	592	2569	2277	1100	624	869	787	586	466	630
	681.102112	142	98	156	22	116	306	294	511	120	58	207	385	286	83	497	147	377	215	310	375	88	91	154	521	304	174	359	458	231	77	97	251	435	882	1034	538	1611	562	1546	2870	592	244	5565	463	913	120	380	2706	2064	4874	3341	947	510	1401	626	2546	2266	1043	607	909	829	496	469	635
	682.406006	120	103	156	29	109	301	277	513	112	50	223	349	299	115	437	148	352	210	291	340	111	124	162	498	334	153	348	457	200	54	96	233	476	806	940	571	1558	490	1432	2893	547	207	5579	403	934	130	345	2714	2010	4701	3318	974	546	1350	619	2520	2237	1064	570	830	760	547	485	622
	683.710388	122	120	130	41	103	255	285	487	108	51	230	318	272	107	471	123	405	202	303	365	81	106	153	498	304	154	316	474	227	55	103	226	522	858	932	552	1572	482	1495	2738	547	221	5606	427	882	97	407	2724	1959	4711	3292	891	483	1394	620	2464	2236	1013	586	857	791	524	443	696
	685.01532	119	78	131	45	114	272	272	487	105	62	215	319	318	106	403	149	358	208	327	378	87	114	136	451	266	162	335	454	222	52	96	218	459	877	964	528	1621	510	1436	2803	598	239	5421	423	885	95	371	2694	1893	4725	3294	906	479	1281	634	2526	2123	1074	612	843	770	521	416	634
	686.320679	100	85	131	33	123	260	289	496	107	66	179	316	279	92	410	149	350	225	288	312	86	83	127	473	306	157	301	446	226	54	136	239	442	846	955	568	1574	488	1564	2743	537	214	5437	439	916	104	355	2646	1774	4646	3203	880	510	1259	598	2503	2195	984	557	791	766	575	424	663
	687.626526	107	82	130	47	99	221	256	490	113	32	185	336	255	91	394	114	363	199	269	298	114	123	157	451	285	139	316	466	227	58	98	222	455	823	960	525	1587	494	1382	2630	539	218	5355	399	915	113	353	2543	1797	4690	3213	881	500	1274	588	2468	2080	982	584	754	724	504	396	602
	688.9328	119	60	140	52	86	231	219	468	107	32	204	300	241	94	445	132	324	187	240	318	102	82	156	462	266	117	309	464	233	25	122	225	455	784	907	535	1500	495	1404	2629	569	216	5288	411	882	84	379	2461	1762	4613	3242	821	479	1234	642	2437	2045	1062	519	788	711	500	403	548
	690.239624	128	98	132	35	82	253	265	480	92	38	211	335	289	61	319	120	345	185	259	305	85	94	127	461	234	126	276	430	204	83	107	200	463	793	919	550	1534	461	1369	2542	455	221	5261	381	763	98	294	2527	1689	4495	3065	843	497	1252	573	2372	2033	961	535	723	697	472	370	560
	691.546875	113	93	115	51	72	238	252	444	108	37	219	308	222	97	351	121	309	196	250	307	70	110	139	425	265	161	260	350	182	56	106	184	458	759	847	543	1490	469	1343	2434	514	193	5226	391	788	85	341	2397	1782	4486	3025	831	483	1134	602	2206	1939	992	524	727	639	491	388	582
	692.854614	130	92	103	55	108	266	227	420	103	52	217	292	258	79	348	116	309	185	266	294	111	95	117	403	239	125	282	407	174	33	107	192	428	735	846	526	1496	459	1347	2427	493	203	4956	367	741	93	316	2374	1644	4222	2976	804	415	1190	583	2265	1919	972	527	747	698	454	384	598
	694.162781	96	80	115	38	72	237	252	461	87	24	215	317	257	88	350	119	308	203	232	314	72	73	135	425	260	127	260	389	185	36	77	175	409	689	865	562	1451	468	1330	2362	449	210	4953	327	731	92	301	2316	1591	4244	2960	723	440	1147	542	2215	1927	980	496	728	689	478	404	596
	695.471619	102	100	111	31	60	209	245	457	87	33	186	297	270	103	348	125	271	149	242	260	82	82	151	380	261	142	259	390	134	45	80	169	397	696	830	440	1368	436	1310	2253	454	199	4821	349	716	90	322	2279	1591	4066	2820	766	437	1119	563	2019	1909	896	472	701	647	405	354	522
	696.780823	85	84	138	28	93	213	252	423	89	44	199	266	246	101	355	122	280	210	212	251	89	90	120	399	238	101	273	325	182	56	97	165	410	778	847	523	1354	438	1284	2347	476	209	4801	356	686	80	341	2303	1538	3954	2722	769	469	1068	591	2057	1903	817	458	693	659	433	361	517
	698.090515	61	101	122	31	85	203	244	452	101	20	172	274	197	61	318	112	249	165	251	254	81	81	114	401	260	103	248	336	160	54	76	200	385	726	847	503	1440	462	1203	2123	497	161	4543	344	701	83	329	2300	1427	3809	2701	744	497	1026	566	2021	1759	872	448	685	610	476	325	517
	699.400574	104	80	130	15	112	245	241	425	72	47	191	268	205	83	309	126	269	176	191	242	86	86	120	347	216	122	259	345	158	45	79	222	411	731	788	495	1350	396	1192	2145	482	181	4558	332	687	111	288	2415	1557	3804	2731	691	418	1001	474	1950	1834	889	469	649	635	482	324	471
	700.711304	102	97	98	31	89	218	220	415	89	42	171	273	200	54	340	116	252	138	214	220	86	89	113	382	226	117	255	309	133	32	79	203	396	753	762	462	1362	381	1151	2155	395	203	4462	311	706	103	315	2313	1433	3736	2700	687	447	983	549	1891	1773	879	429	646	644	404	332	473
	702.0224	106	94	108	47	88	201	226	428	58	44	182	263	219	77	301	94	288	127	198	263	83	98	104	370	209	120	220	308	143	52	82	167	388	699	760	435	1347	406	1154	2025	388	173	4388	301	661	93	283	2149	1369	3798	2643	714	416	1036	513	1790	1663	854	397	643	596	394	339	491
	703.333984	92	77	106	36	56	224	243	444	82	41	209	225	184	90	317	128	278	134	212	236	115	64	115	351	214	120	236	325	139	75	89	155	377	669	784	481	1312	429	1166	1962	400	173	4269	280	604	87	304	2165	1390	3629	2575	710	430	982	477	1836	1731	831	419	609	565	393	298	488
	704.646118	100	103	79	21	-1	232	244	399	65	21	167	249	234	81	300	114	235	139	208	221	52	83	99	380	198	111	248	312	149	47	74	159	371	664	783	481	1336	403	1127	2057	414	158	4192	290	621	79	300	2236	1357	3701	2489	683	454	945	511	1767	1624	817	422	606	602	423	289	453
	705.958618	86	98	87	43	67	183	203	413	58	37	180	266	199	58	307	95	240	153	180	210	68	76	73	368	234	101	261	333	118	17	66	168	338	623	769	457	1336	358	1155	2030	373	201	4155	313	620	53	275	2251	1408	3571	2574	705	436	950	487	1698	1639	759	377	625	591	395	302	468
	707.271729	83	76	102	19	72	201	249	401	80	37	203	223	218	54	323	66	270	120	195	200	77	56	117	318	212	120	242	336	150	34	62	189	348	694	759	467	1353	417	1078	1946	374	146	4137	262	617	88	272	2290	1303	3627	2512	686	385	883	478	1674	1606	778	388	550	606	383	308	454
	708.585205	95	72	117	41	74	206	197	406	90	18	188	250	149	46	266	102	209	122	209	246	92	70	113	375	215	110	234	328	123	47	76	147	374	712	765	468	1304	378	1119	1855	379	200	4274	280	627	56	282	2152	1285	3665	2504	655	390	893	494	1735	1629	771	423	597	627	372	339	438
	709.89917	84	74	88	11	72	197	229	402	88	34	192	196	171	71	249	113	223	151	204	211	58	77	107	345	181	88	230	299	132	52	84	161	363	650	750	482	1324	399	1072	1905	351	177	4159	252	608	57	251	2151	1289	3582	2470	661	393	876	464	1732	1576	727	401	561	572	368	308	440
	711.213684	91	76	98	21	77	203	225	363	66	31	159	207	177	57	237	99	252	150	187	240	87	78	114	338	212	118	195	313	97	40	63	142	341	653	755	458	1322	328	1043	1868	426	187	3951	243	564	58	289	2134	1232	3440	2374	658	421	835	467	1638	1637	786	359	596	581	359	277	426
	712.528625	91	76	122	45	74	185	227	347	54	53	145	227	154	56	277	77	226	133	192	225	64	63	115	350	192	125	214	274	123	37	52	160	325	675	783	478	1294	360	1086	1870	401	151	4033	267	584	63	280	2091	1260	3412	2381	598	417	853	442	1599	1557	736	383	567	581	358	283	396
	713.844116	97	91	72	39	64	189	231	375	79	44	166	216	148	47	254	71	207	98	216	202	56	61	97	283	168	117	218	295	106	42	62	134	320	627	746	475	1231	372	983	1806	320	148	3808	254	547	88	237	2100	1237	3458	2391	551	407	812	429	1576	1510	743	380	553	573	387	274	427
	715.159973	77	77	106	31	67	201	199	407	77	47	151	198	156	54	199	80	215	110	184	177	53	74	89	299	162	98	247	242	141	35	58	173	309	590	643	401	1280	335	974	1767	331	138	3724	252	582	69	267	2014	1178	3332	2449	523	394	792	436	1522	1538	740	347	514	494	368	273	435
	716.476379	93	60	71	21	52	184	189	302	71	21	170	182	162	89	257	109	202	122	197	209	92	51	103	314	199	102	206	306	122	30	69	165	290	601	701	444	1198	337	983	1699	365	141	3698	225	477	68	269	1967	1153	3298	2324	516	387	831	465	1555	1418	690	329	472	489	378	277	443
	717.793274	77	61	85	1	69	146	207	365	54	26	178	191	143	67	263	93	222	121	174	202	69	57	61	292	177	108	187	280	126	48	59	152	315	622	697	436	1242	343	919	1694	330	146	3623	225	510	54	254	1975	1163	3330	2283	568	365	796	451	1469	1409	685	341	448	480	338	272	398
	719.110718	86	75	67	37	63	176	190	350	60	18	153	252	174	69	223	83	246	113	166	177	59	56	81	309	177	92	197	262	132	36	63	168	284	612	657	434	1213	313	947	1623	328	155	3580	229	511	77	242	1909	1142	3195	2106	479	339	746	469	1387	1416	662	342	457	467	320	276	350
	720.428528	82	71	50	38	47	163	207	351	77	14	138	224	196	45	222	75	195	140	165	182	43	59	54	334	168	73	200	258	118	37	58	155	316	610	601	434	1201	317	942	1617	351	151	3528	224	476	59	235	1884	1110	3010	2198	410	354	745	437	1366	1381	630	305	489	468	367	263	386
	721.746826	92	71	77	25	68	143	198	353	71	16	149	220	158	49	215	77	144	129	160	187	62	67	105	261	174	85	184	230	100	47	52	168	281	514	661	432	1159	342	898	1575	316	139	3443	242	495	52	254	1995	1057	2932	2093	512	356	775	425	1348	1268	651	364	413	488	365	224	371
	723.065613	74	80	83	57	56	179	208	305	69	25	155	232	165	33	210	84	203	127	148	200	38	75	84	242	173	89	202	254	96	34	47	136	305	567	657	407	1236	323	860	1499	304	141	3380	204	448	43	228	1850	1101	2870	2144	482	352	721	436	1309	1284	655	303	443	476	339	259	343
	724.384888	64	56	82	44	52	155	184	310	81	25	141	184	157	62	215	72	179	80	155	132	46	45	88	266	148	82	202	230	87	34	65	145	283	571	673	404	1194	345	869	1529	296	153	3345	237	468	67	221	1818	1057	2912	2088	488	389	670	393	1291	1259	543	300	430	496	306	248	338
	725.704712	74	54	64	27	64	169	210	316	73	18	155	208	155	74	212	73	153	91	169	150	36	47	74	237	149	98	169	226	90	20	56	132	241	553	632	384	1169	283	802	1540	301	139	3299	208	490	70	202	1844	1045	2838	1990	477	338	667	411	1297	1281	584	298	488	464	311	218	338
	727.024902	84	64	86	27	46	136	186	349	66	32	132	188	139	57	195	85	197	111	109	178	47	72	86	268	169	96	184	250	88	25	49	126	277	561	661	386	1190	316	774	1461	310	150	3250	206	479	62	233	1843	1056	2855	1991	468	366	737	408	1265	1248	605	341	434	464	310	243	372
	728.345581	76	51	66	31	64	158	207	340	77	20	138	201	134	69	200	57	194	114	143	184	47	67	84	271	151	81	195	227	91	27	58	125	248	532	641	356	1187	318	842	1418	269	126	3230	165	438	58	238	1854	1010	2803	1961	449	362	664	391	1145	1223	547	297	475	446	301	220	306
	729.666687	84	65	71	34	54	142	204	347	36	16	130	192	138	71	163	87	176	106	149	162	47	54	93	261	176	61	150	248	107	27	70	120	263	593	651	359	1184	319	807	1553	251	139	3193	210	389	65	221	1900	930	2755	1998	447	320	709	422	1157	1121	595	300	470	412	262	214	297
	730.988525	69	54	80	21	62	169	200	326	72	9	160	218	148	49	173	108	193	98	138	132	46	47	88	278	151	70	169	258	102	33	62	139	258	533	653	396	1078	321	817	1428	278	122	3075	230	459	48	193	1811	919	2726	1868	443	333	709	399	1214	1156	582	306	458	452	285	220	298
	732.31073	54	54	66	28	52	153	195	342	40	32	152	156	145	44	191	71	167	147	121	180	43	51	49	255	151	57	136	253	104	30	53	124	256	530	598	401	1111	283	739	1410	288	161	3069	221	434	36	240	1817	914	2523	1942	439	324	655	394	1135	1122	525	278	426	455	352	246	295
	733.633301	89	54	72	31	34	145	182	330	51	32	129	162	154	84	198	89	160	111	135	143	53	36	54	275	147	87	144	226	131	33	38	149	257	533	646	358	1061	295	797	1385	258	135	3027	191	394	46	228	1717	968	2587	1920	443	332	648	392	1152	1092	545	259	433	430	307	196	311
	734.956421	67	59	106	11	48	161	207	306	48	30	132	142	157	42	160	102	180	116	130	156	45	46	77	225	122	59	120	214	103	26	43	111	245	518	573	331	1038	299	755	1341	252	142	2901	166	374	79	233	1708	947	2568	1838	459	307	599	345	1045	1132	517	251	476	410	308	195	272
	736.280029	76	77	69	30	60	175	179	321	43	22	144	151	126	62	199	91	141	105	127	171	52	58	64	240	147	63	153	203	93	26	40	130	243	479	557	379	1130	256	697	1299	235	122	2836	175	375	33	190	1703	955	2521	1748	424	321	563	393	1036	1086	524	252	437	401	277	195	262
	737.604126	60	65	74	11	58	146	186	234	46	21	162	147	152	43	173	92	168	73	117	142	39	36	80	229	147	74	135	212	85	34	58	118	260	435	489	369	1052	289	746	1291	247	99	2868	153	383	50	190	1661	881	2447	1784	446	304	611	336	982	1081	533	289	384	398	238	199	276
	738.928589	68	49	69	32	54	140	194	292	50	21	146	170	150	40	162	64	163	105	120	118	54	64	55	224	116	81	129	227	91	24	52	112	246	455	558	366	1015	278	699	1214	242	130	2771	180	372	61	205	1670	917	2401	1681	393	291	576	361	938	1080	535	250	415	421	268	204	309
	740.253723	70	58	57	8	25	125	158	303	43	13	133	150	138	50	185	57	170	101	116	137	55	42	55	225	129	64	153	163	94	27	42	72	211	456	557	342	1134	254	688	1209	270	128	2607	169	354	20	180	1639	839	2280	1748	395	294	562	336	987	1004	478	254	384	414	283	173	242
	741.579224	73	43	60	15	46	143	166	289	52	16	148	157	123	43	133	84	139	95	103	120	36	45	67	230	100	56	155	171	101	40	56	110	237	490	536	287	1054	250	653	1171	281	104	2646	159	356	41	181	1563	878	2342	1656	436	275	523	363	898	970	483	246	426	392	254	176	274
	742.905212	80	31	59	-7	41	127	169	278	32	18	139	139	109	44	155	84	157	94	108	122	35	32	77	232	90	49	155	180	95	10	56	103	230	472	521	318	999	265	672	1127	268	139	2512	153	358	34	168	1568	805	2206	1586	372	292	538	305	857	984	467	212	375	399	249	193	229
	744.231689	60	49	45	12	43	146	168	250	45	29	119	127	139	68	174	74	128	93	138	125	50	40	54	195	138	47	148	169	73	32	41	100	188	390	523	295	877	216	629	1139	210	104	2431	158	310	33	206	1622	781	2160	1576	394	292	487	334	827	952	469	228	379	364	248	189	253
	745.558716	82	39	43	11	50	111	181	283	43	30	123	125	98	52	128	47	140	92	109	127	37	12	67	201	131	68	109	184	77	19	39	129	232	453	480	336	908	226	626	1132	233	107	2461	162	312	57	193	1533	766	2067	1530	352	294	505	322	818	1000	489	215	395	352	220	186	221
	746.886108	60	62	43	12	52	118	172	273	47	14	114	140	122	39	175	65	116	120	83	127	32	21	74	197	133	56	133	169	95	32	63	84	210	428	485	320	969	226	605	1111	237	98	2359	142	330	43	186	1438	726	2064	1502	335	275	507	327	765	891	420	191	359	383	210	157	257
	748.213989	77	59	55	29	31	121	151	247	32	4	108	141	114	45	142	59	151	83	122	133	36	27	72	223	122	59	115	168	73	41	53	77	200	380	459	337	920	229	629	1065	237	96	2273	133	323	45	169	1492	767	2043	1462	339	299	449	296	767	890	440	191	332	364	253	155	275
	749.542419	69	49	51	28	33	135	144	234	47	18	116	138	96	35	149	64	133	80	114	94	32	39	69	181	124	54	116	165	64	24	27	64	175	401	483	298	919	220	564	1023	190	120	2229	176	288	44	175	1453	783	1909	1403	332	239	460	286	739	841	412	190	355	325	193	196	214
	750.871277	73	39	53	18	46	110	151	239	65	9	95	136	130	51	146	40	115	94	117	109	38	27	39	176	93	65	100	162	80	23	32	70	182	366	449	260	885	218	552	1008	177	107	2135	117	303	42	165	1378	747	1820	1379	313	259	400	297	710	818	411	191	324	309	193	128	185
	752.200623	75	17	31	33	33	108	155	223	21	30	106	147	88	38	120	37	87	50	83	102	37	33	64	155	111	63	127	187	60	26	42	87	161	389	438	288	889	219	516	987	190	78	2081	166	295	38	154	1318	713	1800	1367	289	267	432	274	692	801	386	176	343	288	208	163	214
	753.530518	53	38	34	32	45	109	163	223	54	13	130	137	104	38	119	65	97	90	81	84	35	30	57	179	111	71	119	146	54	45	22	67	194	368	420	262	896	173	520	957	235	73	2031	117	268	30	127	1407	749	1831	1366	286	251	400	287	650	739	358	145	299	313	175	142	233
	754.860779	44	61	44	16	40	107	196	212	25	24	129	112	92	31	121	64	138	81	95	101	28	38	64	177	133	61	134	190	65	7	16	86	180	343	407	247	817	221	529	990	189	66	2056	140	261	38	127	1314	671	1774	1332	352	234	394	299	603	747	359	184	326	352	155	136	190
	756.191589	78	40	46	4	30	133	134	199	51	28	85	109	105	16	103	34	119	82	119	138	46	41	34	177	81	65	118	146	67	38	19	83	168	380	402	297	825	200	487	897	222	105	1887	141	242	32	164	1314	691	1765	1301	319	265	391	282	579	665	371	190	276	276	177	176	235
	757.522888	43	51	56	10	21	128	134	231	61	23	104	123	106	31	119	47	102	86	87	97	27	33	67	204	91	32	112	150	73	29	33	71	178	356	388	262	786	214	462	906	185	79	1923	152	251	38	178	1322	665	1774	1325	305	238	404	227	621	696	354	171	332	322	209	152	185
	758.854614	64	41	46	18	21	100	122	223	44	16	80	129	98	49	130	61	103	81	88	108	40	44	43	178	119	45	128	140	89	41	27	96	165	334	370	279	833	208	511	943	194	90	1834	127	259	26	159	1318	667	1694	1191	284	239	424	261	603	735	365	178	277	270	177	119	206
	760.18689	57	38	49	21	45	111	131	211	29	14	104	131	88	38	109	54	101	72	81	101	23	25	63	179	108	47	102	111	67	6	28	66	173	371	387	232	753	168	462	896	166	103	1821	132	219	33	144	1256	657	1649	1267	285	222	340	274	567	727	349	162	278	307	184	117	188
	761.519592	40	50	28	-3	22	112	144	213	25	26	74	145	94	36	120	47	100	70	81	112	31	26	50	170	97	38	79	133	80	33	33	50	170	384	397	254	797	194	426	857	173	97	1819	122	248	34	150	1249	587	1625	1293	250	240	392	264	565	757	317	163	306	290	183	140	225
	762.852783	62	64	33	33	48	97	161	201	28	18	128	111	95	33	118	36	95	68	86	106	39	35	44	161	89	47	80	130	57	18	-1	48	163	336	355	242	808	184	419	826	205	74	1719	125	262	32	158	1278	610	1584	1184	285	214	378	246	581	667	328	146	251	295	177	134	191
	764.186523	51	42	38	5	44	85	135	215	22	11	106	120	93	27	104	58	74	59	92	95	34	37	35	163	93	61	110	130	68	32	31	64	170	356	379	261	784	178	435	796	201	86	1801	119	213	40	166	1227	646	1553	1152	263	255	386	214	574	662	319	141	273	285	193	127	197
	765.52063	52	20	43	20	40	99	142	218	41	10	101	104	92	33	117	42	102	53	92	100	25	37	50	156	92	29	83	161	63	32	39	80	165	338	383	229	813	180	401	836	165	75	1695	119	225	37	155	1243	601	1587	1179	252	210	337	257	558	647	305	165	293	296	192	128	179
	766.855286	52	47	33	11	9	90	115	174	49	12	113	104	90	25	99	29	85	84	80	71	27	21	53	194	88	40	118	117	54	29	19	67	152	364	383	262	755	169	452	778	170	74	1649	115	251	43	164	1169	647	1496	1170	245	256	305	235	515	622	364	162	270	283	150	135	173
	768.19043	56	61	34	11	27	101	135	187	47	11	83	107	93	26	131	49	103	88	65	95	19	29	60	142	83	29	103	150	63	11	25	74	156	329	346	212	760	195	392	769	170	81	1685	118	238	43	141	1236	628	1498	1115	254	240	339	236	511	649	308	149	269	250	204	129	194
	769.526001	60	60	43	5	34	106	131	204	11	18	92	114	100	18	115	54	65	58	93	90	34	25	35	182	81	42	98	141	57	16	25	83	151	334	364	243	781	174	413	786	168	90	1580	123	214	24	141	1188	592	1339	1155	266	246	338	237	476	705	272	148	263	252	159	141	171
	770.862122	55	30	64	6	22	86	149	194	19	12	90	112	62	15	97	35	87	66	93	113	15	30	28	151	73	33	103	113	74	6	20	68	136	290	365	227	768	175	362	732	163	75	1509	110	207	68	138	1173	586	1329	1042	226	222	271	250	451	635	304	141	274	250	155	116	164
	772.198608	51	31	36	3	34	101	108	217	26	6	100	106	104	17	102	45	100	79	88	81	4	35	58	153	73	38	106	144	49	28	29	58	146	282	345	203	732	178	410	815	185	80	1529	132	192	42	113	1147	597	1386	1101	246	203	322	258	480	576	292	131	246	286	153	112	165
	773.535583	54	40	36	14	21	96	114	204	29	19	101	77	79	27	101	33	89	78	73	90	19	43	32	164	93	19	99	126	49	22	21	69	111	308	337	219	756	155	345	737	182	73	1455	133	185	40	97	1098	567	1442	1067	228	243	333	252	446	636	323	174	246	239	186	126	153
	774.87323	56	39	30	14	33	77	146	170	28	13	83	102	71	19	89	39	79	73	78	68	41	22	41	136	73	33	86	125	46	21	15	79	161	298	338	247	750	171	346	718	145	61	1415	99	184	47	147	1171	519	1293	1011	237	227	336	241	462	598	266	161	276	256	157	104	182
	776.211182	43	18	48	5	40	76	122	170	-2	11	94	92	72	19	88	47	73	50	64	95	33	24	53	148	70	21	90	119	64	24	22	62	149	275	283	218	721	155	347	741	158	81	1392	107	187	33	161	1076	545	1313	931	203	206	303	204	409	538	266	154	227	247	143	167	152
	777.549683	44	47	38	18	23	73	131	177	26	3	101	91	71	29	74	25	99	53	76	59	17	-3	43	138	78	42	109	113	57	28	47	91	117	299	321	225	736	149	371	693	138	79	1363	99	181	25	124	1074	569	1297	917	212	199	289	229	425	505	245	113	231	242	157	113	164
	778.888672	42	41	35	-3	47	94	117	191	31	13	102	110	58	25	79	43	70	60	47	69	34	17	38	145	63	54	93	130	41	23	23	51	121	289	299	213	735	140	347	628	144	66	1352	87	174	10	129	1120	507	1166	940	204	233	302	203	399	521	237	141	233	232	141	135	145
	780.228088	67	48	40	15	27	97	109	159	26	9	82	111	76	35	103	42	71	41	92	59	27	24	42	138	60	24	93	134	38	27	22	57	134	287	285	209	670	157	354	636	150	57	1286	105	169	22	121	1026	505	1178	931	208	170	287	240	392	487	226	123	212	198	141	125	157
	781.567993	40	40	32	16	31	84	119	169	15	17	69	67	61	50	78	47	75	64	67	77	29	26	48	122	74	45	104	125	44	10	18	53	113	234	301	208	678	135	333	612	124	71	1223	77	188	10	131	1014	552	1104	940	184	184	278	213	420	444	231	137	231	201	144	108	155
	782.908386	50	42	22	31	27	78	94	166	46	16	103	83	55	16	71	47	53	59	75	68	37	18	32	139	93	29	86	117	41	14	22	82	122	266	299	196	690	121	346	600	149	90	1240	95	161	40	93	946	501	1126	850	180	158	262	219	386	486	268	130	211	230	146	96	174
	784.249329	38	24	32	8	35	66	124	182	23	8	99	75	69	31	73	54	75	58	82	91	21	9	16	177	57	27	82	83	51	8	22	44	124	242	283	220	682	154	283	589	146	80	1189	82	176	16	125	952	470	1038	894	203	171	256	192	369	469	266	130	181	191	132	119	161
	785.590576	45	39	44	18	28	79	121	149	18	-10	80	92	71	18	65	38	59	45	66	96	17	32	50	149	71	35	71	101	40	13	26	44	88	251	305	213	669	117	282	566	129	61	1135	82	143	9	112	962	521	1121	852	190	201	252	200	340	464	236	124	199	220	121	117	167
	786.932495	47	53	42	11	18	68	98	154	30	12	91	64	74	35	84	31	79	51	74	86	34	21	27	137	72	42	92	89	46	2	18	54	106	220	302	190	640	119	340	586	128	57	1126	80	147	22	105	998	492	1026	887	177	172	265	209	332	405	240	122	192	222	123	126	120
	788.27478	50	40	30	4	3	60	112	171	32	5	85	77	54	44	85	39	79	57	80	86	29	15	44	126	68	14	54	104	35	22	35	44	87	246	243	179	601	127	325	569	115	67	1079	75	148	41	116	959	453	1081	809	185	164	232	194	322	485	236	99	184	195	115	129	105
	789.617615	51	29	30	17	6	59	108	165	36	20	53	84	65	28	60	58	56	42	68	49	21	13	50	126	33	20	56	88	42	28	19	70	114	250	302	169	631	106	321	483	124	80	1122	75	163	36	107	923	482	947	807	190	177	239	187	323	444	226	103	162	206	102	94	136
	790.960876	26	48	41	3	24	82	122	145	18	21	71	46	57	26	75	57	78	51	51	80	1	36	33	106	48	28	67	115	44	8	14	45	101	247	248	161	592	117	277	495	127	79	1104	93	163	10	114	882	452	971	780	212	178	217	177	328	412	219	96	193	197	126	96	110
	792.304626	40	28	29	-6	16	49	99	148	24	17	55	74	53	32	60	21	64	48	39	36	20	10	15	112	62	21	70	99	36	24	9	48	94	242	279	190	622	94	265	479	104	60	1035	97	158	24	105	851	462	953	788	177	184	219	192	313	411	214	105	186	160	96	80	141
	793.648926	51	34	23	18	27	61	125	138	16	6	49	72	55	22	37	41	55	60	82	52	28	14	27	92	49	22	68	95	45	15	16	63	105	253	264	189	588	109	229	555	107	62	1009	65	168	21	116	899	419	912	735	190	177	189	181	321	426	189	139	197	168	128	92	98
	794.993591	41	44	24	9	27	63	93	138	12	17	82	115	46	39	75	46	70	36	65	55	34	14	20	112	54	23	84	80	54	22	14	43	96	241	213	185	542	129	285	489	108	42	992	60	119	26	86	847	452	967	769	153	151	203	152	267	385	173	95	174	177	115	99	110
	796.338806	31	34	43	13	30	52	101	138	6	-5	57	67	47	14	78	48	83	40	59	51	1	22	33	95	69	25	50	99	44	27	27	53	89	213	213	151	583	131	228	487	123	46	943	80	120	13	106	833	429	898	703	154	152	237	155	317	401	211	93	177	175	114	90	115
	797.684387	37	25	20	5	16	52	80	145	12	1	50	71	40	31	61	15	46	31	56	47	11	29	40	110	60	29	79	84	16	13	5	50	88	206	221	168	581	103	271	472	111	68	1008	69	142	9	101	812	430	925	722	166	152	196	155	273	403	171	126	158	180	92	96	99
	799.030579	59	27	35	17	17	57	80	134	7	5	62	81	42	17	53	32	44	27	79	51	13	22	40	93	56	27	72	89	31	17	19	48	94	223	235	174	624	119	208	461	113	45	912	81	122	8	86	799	445	900	719	165	158	213	160	248	360	176	123	149	153	95	71	98
	800.377319	16	23	31	6	9	64	92	128	41	12	52	39	83	15	45	51	55	43	52	83	24	23	61	85	52	31	62	66	42	26	16	42	100	216	218	119	563	89	234	460	99	50	918	82	133	25	85	813	419	838	673	172	177	229	159	251	354	174	88	157	174	133	98	135
	801.724426	28	24	29	21	26	65	94	129	24	13	70	71	65	20	49	39	61	39	50	55	25	9	36	78	49	15	61	91	62	18	8	30	85	190	251	169	544	100	224	425	76	55	927	69	132	23	88	755	436	826	679	128	164	189	136	279	339	200	86	153	179	110	74	97
	803.072021	36	20	27	11	17	56	105	136	26	-4	78	73	56	20	73	34	62	26	66	63	13	19	37	89	56	30	63	68	29	21	32	41	92	195	204	169	553	96	253	408	96	39	877	68	126	8	88	753	429	783	711	148	163	209	156	250	345	185	82	170	159	98	81	106
	804.419983	41	21	23	15	12	41	76	129	33	21	45	81	60	18	71	40	60	36	71	70	17	18	28	79	57	11	67	68	28	-3	5	48	95	184	199	151	542	110	228	457	102	64	837	72	132	19	114	794	380	819	671	129	165	179	149	258	364	146	99	159	142	95	80	112
	805.768677	29	6	9	14	13	58	77	139	27	6	46	69	59	27	72	20	36	39	46	53	21	-1	30	91	43	28	79	77	14	29	20	49	85	192	199	167	570	100	214	419	97	64	855	77	120	14	105	692	364	798	591	176	149	192	147	232	310	175	103	159	155	88	55	98
	807.117676	29	25	25	14	13	42	70	135	4	2	63	40	30	30	67	27	49	45	59	73	24	27	23	61	28	19	57	68	24	14	6	36	91	177	176	140	491	87	200	405	101	46	811	60	100	19	94	707	368	803	623	136	159	185	136	251	314	183	95	158	141	81	93	105
	808.467224	20	24	27	13	5	42	82	116	0	4	66	48	45	5	68	20	43	45	36	54	15	15	21	96	72	26	44	94	31	-12	33	44	79	191	188	130	519	110	199	357	110	49	754	53	92	11	105	719	377	767	668	133	178	163	149	227	360	174	84	145	146	129	89	101
	809.8172	29	9	32	3	20	67	66	116	0	0	62	56	51	9	68	51	60	32	64	36	11	28	21	82	62	39	51	84	17	-13	7	32	67	164	156	110	511	115	199	428	102	51	759	47	109	29	78	679	406	764	639	105	153	179	130	235	299	186	72	133	159	97	100	81
	811.167725	29	28	31	-9	29	48	87	99	33	1	52	60	68	22	65	20	38	32	53	53	27	14	27	82	40	30	35	106	14	6	20	50	65	198	214	147	495	92	176	356	76	49	696	74	102	31	93	671	332	739	583	121	166	171	140	213	306	196	74	116	144	102	89	100
	812.518677	31	24	13	17	12	62	91	127	7	7	70	47	48	6	44	20	51	25	56	45	25	13	25	80	62	11	71	61	26	5	21	40	66	156	204	131	460	93	159	407	81	54	696	38	97	12	75	640	355	692	589	125	145	162	117	205	262	173	95	134	142	85	73	95
	813.870117	34	37	27	7	16	66	94	117	27	15	79	57	56	16	51	19	43	40	37	55	5	2	23	72	37	23	65	37	17	33	8	30	97	169	200	123	418	75	167	344	83	45	684	48	91	2	89	678	323	661	615	120	133	161	139	192	254	177	81	120	136	78	57	81
	815.221985	32	35	7	12	34	27	67	121	22	17	75	45	22	16	56	27	33	33	55	62	12	26	28	91	23	12	64	63	30	-13	7	50	95	181	166	133	498	91	182	348	77	55	684	70	96	13	81	647	336	722	591	126	145	150	130	201	288	167	86	173	147	78	58	86
	816.574402	24	24	7	3	21	31	89	106	17	24	63	57	33	10	38	24	37	51	51	38	17	2	15	62	30	7	41	81	32	12	19	29	66	151	182	117	483	93	156	348	99	50	698	40	105	-1	97	660	329	626	536	114	131	140	114	177	294	162	99	134	128	78	77	85
	817.927185	56	41	19	9	5	50	82	101	11	-2	67	57	48	35	36	30	43	30	52	40	16	1	23	66	44	32	75	75	11	5	30	51	67	138	173	141	473	83	143	312	58	41	608	40	83	17	65	630	301	605	545	110	119	163	104	195	256	158	92	142	102	94	76	80
	819.280579	34	6	19	17	11	48	78	94	15	9	71	68	40	12	45	32	38	52	54	26	14	4	42	82	48	34	24	78	9	1	25	29	47	192	179	112	427	80	171	330	78	40	600	70	87	12	85	614	306	600	528	137	129	139	159	181	233	162	62	134	126	74	79	88
	820.634521	36	18	10	1	35	29	73	114	20	3	51	54	50	16	53	23	44	26	39	54	23	14	23	62	35	23	36	32	25	1	2	32	80	140	159	105	421	83	163	367	84	58	593	39	88	27	55	570	323	633	532	111	114	126	130	156	260	142	82	110	147	56	40	87
	821.98877	26	11	14	2	15	54	59	129	13	10	59	52	42	19	49	43	30	44	34	47	13	8	25	70	26	10	64	42	24	12	13	34	68	158	170	92	470	74	145	320	67	46	600	46	98	16	70	572	300	622	475	87	141	122	125	163	253	112	66	117	109	81	45	98
	823.343628	15	24	17	10	-5	45	55	119	2	16	52	58	57	14	35	13	31	22	47	39	6	15	21	63	30	-2	58	54	16	-7	1	29	57	134	159	137	376	87	152	307	73	65	596	63	89	23	72	595	280	588	532	117	112	134	128	177	221	145	66	103	97	70	57	85
	824.698914	18	7	21	2	22	44	47	85	-12	-13	62	39	51	20	34	26	27	28	40	52	-3	-3	9	67	35	12	31	56	22	5	8	25	61	139	161	117	451	87	163	337	89	39	572	29	93	24	73	561	314	592	460	97	133	111	138	156	196	149	67	112	107	75	63	69
	826.054626	19	-1	10	6	-3	38	54	95	0	9	39	47	24	13	36	26	42	21	41	30	11	5	12	70	33	18	52	64	2	22	16	34	69	113	149	104	413	77	143	301	78	35	575	43	85	15	64	529	327	550	485	116	122	137	91	154	235	105	69	131	111	57	56	80
	827.410889	27	10	2	-1	21	33	65	105	5	8	51	68	30	-5	43	30	58	35	45	67	6	11	20	63	24	2	68	71	19	5	12	33	52	120	126	100	426	86	164	255	70	37	568	58	80	26	59	502	272	544	499	83	123	141	98	130	231	125	62	103	100	56	49	65
	828.767578	14	8	24	11	16	42	50	106	13	-1	55	56	51	31	59	35	26	29	49	62	16	16	4	53	33	10	46	68	18	11	-1	13	72	142	142	97	364	76	134	293	75	29	523	41	67	9	94	586	277	536	464	124	94	114	82	159	201	110	48	94	104	59	50	71
	830.124817	13	13	10	25	12	44	68	76	6	6	52	44	38	18	40	31	42	28	36	10	-3	17	19	69	25	26	44	54	-7	-3	8	32	58	139	136	100	424	59	150	290	64	27	506	48	66	5	72	494	252	527	467	103	109	136	94	158	205	105	44	99	98	41	58	77
	831.482483	28	21	19	13	29	39	67	85	22	16	32	56	33	25	34	28	41	18	13	45	10	13	17	67	32	9	34	61	6	6	9	33	48	126	126	116	398	80	132	249	57	18	470	41	58	25	46	511	293	534	452	107	107	126	93	146	225	140	67	111	118	71	56	71
	832.840576	26	26	35	10	17	35	45	82	7	7	32	61	65	13	43	15	35	17	36	35	12	3	38	73	36	9	33	46	24	26	3	21	84	133	125	101	396	84	116	295	90	32	488	60	73	18	67	533	276	517	464	82	128	91	79	149	213	115	67	103	114	55	55	64
	834.19928	8	21	15	4	5	40	87	99	21	3	42	39	35	26	34	29	49	16	44	49	11	5	18	68	39	16	30	60	22	6	26	20	63	141	144	98	389	71	133	276	60	26	515	58	55	16	58	483	290	511	456	90	105	104	100	128	204	108	73	102	96	70	64	78
	835.558411	35	21	21	1	18	33	50	98	14	5	40	36	42	3	28	19	45	38	29	38	4	9	15	57	21	13	28	61	13	-7	16	26	58	128	128	125	424	87	117	226	69	51	517	29	69	19	46	568	275	485	413	85	106	114	99	153	198	126	65	95	99	28	54	82
	836.91803	25	22	10	6	4	42	38	88	15	-8	53	28	26	7	41	22	32	31	37	45	17	7	23	59	27	32	36	45	27	4	12	25	57	98	131	84	369	90	126	266	59	24	451	37	74	4	55	451	287	510	423	85	82	98	116	165	190	109	66	113	76	65	81	46
	838.278076	18	38	11	10	19	44	66	93	15	-11	31	31	44	31	26	11	17	23	35	49	22	5	23	63	18	17	31	42	29	11	5	40	52	124	148	78	401	64	125	254	53	30	446	25	80	0	59	472	258	478	475	83	111	115	114	164	203	106	70	98	83	74	53	61
	839.638672	28	0	13	-1	17	64	57	98	15	25	51	67	33	28	36	25	34	18	48	48	12	5	11	72	49	12	35	48	25	13	-18	30	51	108	112	88	366	72	133	249	56	19	449	45	54	13	58	451	301	468	437	84	119	125	105	134	180	108	85	93	80	58	38	68
	840.999695	-4	9	11	-6	6	36	41	94	-7	-7	44	16	24	1	36	14	35	2	23	31	8	20	14	58	42	9	28	51	38	8	-12	30	63	112	135	85	331	64	126	271	45	15	435	38	48	17	53	480	248	468	422	69	76	103	105	146	176	78	51	81	89	44	23	63
	842.361206	19	30	10	-3	-1	35	53	89	1	10	40	56	43	8	14	18	32	33	29	33	2	-1	6	62	29	12	30	48	3	15	15	12	61	147	112	86	308	41	144	225	60	6	379	33	55	1	64	431	297	468	385	71	107	101	89	111	168	105	71	112	85	68	57	65
	843.723206	19	23	23	11	14	35	50	86	6	4	44	36	36	14	31	27	23	37	29	36	15	18	31	55	41	28	37	29	14	12	9	26	48	115	119	70	387	70	102	241	50	21	377	36	56	34	56	452	268	440	398	72	108	107	106	104	192	93	67	99	78	60	41	54
	845.085693	42	15	19	-7	16	38	63	94	11	2	66	58	19	11	31	9	8	25	37	24	14	12	21	53	47	20	37	46	28	15	13	25	53	86	103	81	368	74	110	223	46	26	384	25	59	-3	60	450	234	413	409	71	92	113	73	146	195	122	61	82	87	41	51	60
	846.448608	29	32	12	9	6	44	60	84	26	6	25	24	21	13	27	8	10	17	31	34	11	18	16	50	29	17	48	42	9	18	10	14	72	82	105	98	329	74	110	215	57	33	383	23	68	18	58	409	237	412	379	61	79	79	71	142	222	109	57	73	90	57	35	69
	847.812073	43	13	29	-6	12	39	45	64	-4	6	34	61	40	4	28	11	27	35	18	26	4	17	38	52	27	27	52	24	14	3	1	14	43	129	125	97	363	62	93	224	46	37	372	45	65	24	63	411	245	373	363	66	89	98	91	94	156	111	65	101	70	49	24	54
	849.176025	8	18	2	-6	-4	32	40	73	3	23	34	44	27	4	28	14	34	17	33	27	18	12	22	57	9	16	73	23	15	4	-3	14	43	124	113	99	315	66	102	213	56	25	346	29	39	12	48	415	216	375	365	76	85	81	60	101	162	121	52	75	86	60	39	51
	850.540405	24	33	15	23	6	21	34	64	15	18	36	40	22	8	18	11	28	29	11	19	13	2	22	53	38	15	26	25	15	-3	0	17	47	97	137	95	354	48	106	206	64	20	322	27	36	14	52	372	220	392	361	85	88	84	70	98	142	106	65	70	69	52	50	47
	851.905273	16	17	16	19	-4	21	44	64	8	5	31	51	27	21	30	15	40	28	16	38	15	12	13	58	0	6	10	39	12	7	4	7	42	94	93	66	344	56	90	204	44	27	357	8	48	20	40	396	206	374	316	88	80	109	78	120	143	91	77	76	56	45	49	32
	853.27063	13	11	8	15	9	43	36	61	-4	0	35	38	22	6	28	7	24	27	25	45	13	21	8	32	29	10	16	40	26	9	10	18	56	83	92	69	317	59	102	202	60	27	296	28	48	15	56	398	221	352	299	73	74	78	70	116	155	99	45	84	80	88	37	61
	854.636475	5	15	11	14	4	29	23	49	13	7	26	20	23	10	3	23	22	21	54	25	22	8	3	40	22	-6	31	19	9	17	15	19	44	92	127	75	313	59	71	194	57	11	324	37	45	-18	63	373	231	396	348	65	83	73	64	117	146	98	57	78	77	49	44	59
	856.002808	18	28	29	-4	7	18	35	75	-3	3	48	33	16	10	30	17	33	24	44	29	19	-4	12	47	47	12	4	45	28	-1	13	10	42	87	105	80	303	54	66	178	48	32	363	30	53	10	59	360	218	328	346	82	94	58	80	118	113	107	61	85	91	50	42	40
	857.369629	25	25	22	-6	10	20	37	64	26	-2	22	19	21	10	15	17	36	30	28	10	-2	13	13	68	32	10	30	49	31	8	2	20	49	92	78	77	301	51	90	192	29	23	308	35	54	13	36	381	227	331	310	42	75	67	57	127	146	114	43	89	61	59	30	49
	858.736877	3	8	16	4	17	31	21	80	0	14	17	37	38	4	5	11	26	19	34	16	13	18	2	30	14	1	24	37	30	-11	18	15	37	102	76	81	242	48	97	174	47	22	306	37	81	13	41	358	217	313	312	62	68	65	70	87	134	89	46	70	80	36	38	48
	860.104614	23	8	5	10	18	24	44	72	-8	-1	35	52	29	3	27	25	17	16	27	43	18	18	5	66	21	20	25	40	17	-1	9	25	35	70	107	73	296	38	95	186	43	26	289	39	52	6	34	341	200	310	318	65	81	62	49	89	130	87	37	73	73	59	49	39
	861.4729	41	20	15	5	33	16	42	39	-1	4	21	34	29	5	27	27	27	25	23	24	-7	4	13	33	17	14	44	36	27	0	19	8	29	90	90	50	266	51	70	205	57	10	316	17	49	10	31	309	184	318	306	70	93	64	47	95	128	107	47	66	82	48	33	47
	862.841614	-6	15	-1	1	5	32	35	94	25	4	28	39	23	2	19	16	38	3	27	25	16	6	12	39	22	16	23	39	16	13	-1	20	29	59	89	72	282	59	94	147	43	14	284	35	36	-1	56	349	188	313	301	69	61	48	61	97	131	109	43	75	49	39	42	40
	864.210815	24	5	4	3	-4	26	36	50	5	10	23	36	23	7	18	8	27	24	23	19	4	8	1	27	21	8	20	24	2	0	-5	27	23	97	109	63	266	47	81	159	44	10	301	34	60	-4	31	323	198	359	280	69	73	81	54	113	116	83	27	51	58	39	20	45
	865.580383	16	21	-9	7	13	35	56	60	17	-1	4	31	20	12	28	4	19	40	22	41	18	2	4	45	35	11	36	34	10	28	8	-1	60	66	75	57	284	57	86	178	54	14	274	31	33	20	45	350	174	318	320	57	67	89	68	92	131	107	32	71	55	39	31	51
	866.950623	15	5	8	2	-5	16	43	56	-1	1	36	25	3	9	37	1	30	13	26	19	-13	-7	6	39	26	20	26	43	9	8	-2	38	29	75	88	53	288	61	89	135	35	16	265	28	37	14	42	346	175	313	275	49	87	67	55	78	120	92	50	62	57	35	28	59
	868.321289	7	-9	9	3	6	15	22	47	21	0	26	41	20	8	28	27	16	-4	40	16	14	2	-1	46	24	20	14	19	5	10	3	22	36	95	87	60	217	54	56	167	21	30	272	48	37	7	30	309	174	301	272	45	82	83	87	78	120	94	30	51	54	43	30	50
	869.692383	7	9	7	27	2	17	32	69	-11	1	31	30	15	35	26	0	26	25	20	27	-10	16	-4	48	14	3	13	36	13	5	-4	34	50	81	85	53	291	47	66	175	33	26	254	36	39	12	51	315	170	274	269	67	69	77	77	73	135	75	49	48	56	33	31	34
	871.064026	20	21	13	21	3	27	44	57	13	25	21	30	16	16	18	9	13	29	21	10	-7	7	16	45	3	-5	32	43	16	19	17	25	31	88	79	46	244	54	80	121	28	9	240	24	39	23	39	336	214	284	264	37	70	62	76	90	124	82	36	40	43	24	47	43
	872.436096	27	19	15	12	13	24	36	75	7	11	11	17	20	15	15	22	14	10	18	35	-13	16	18	39	17	1	38	22	13	6	2	26	32	83	64	67	258	50	58	151	42	12	260	35	52	18	29	296	188	281	255	64	59	76	60	102	97	82	43	49	60	48	34	35
	873.808716	16	2	-4	3	19	34	44	60	15	-2	16	35	37	4	7	8	21	11	27	10	4	3	-1	40	21	14	30	52	1	7	20	16	51	85	77	65	225	42	72	153	39	29	240	34	13	1	22	275	152	300	255	76	89	84	60	85	121	71	32	52	61	51	21	60
	875.181702	24	9	33	9	13	14	39	50	12	-11	23	12	18	-7	24	12	18	29	34	11	4	24	15	31	13	1	13	28	9	6	5	27	34	69	75	61	271	62	98	148	29	40	254	15	19	28	40	310	183	273	263	56	74	50	61	85	102	65	40	76	57	25	35	43
	876.555176	15	16	5	-1	-3	23	27	51	14	10	15	7	27	-5	31	21	13	13	24	23	8	13	3	50	30	12	20	48	5	10	29	4	24	76	45	54	265	50	59	158	39	17	232	37	37	17	41	292	184	261	274	37	97	53	64	87	123	68	43	73	72	32	27	35
	877.929199	25	9	19	33	6	37	21	75	11	-5	47	23	20	6	24	10	19	15	23	45	11	13	15	35	38	25	20	35	21	-3	1	24	33	92	86	39	276	56	73	149	33	7	227	22	37	28	50	284	166	290	266	65	63	74	55	92	115	75	59	51	55	38	41	36
	879.303711	32	-6	20	5	14	23	23	68	22	-2	30	28	18	-6	26	15	17	24	19	24	26	-1	4	39	28	5	21	39	21	9	10	28	22	70	53	93	259	33	76	143	14	20	222	16	26	15	39	294	185	247	218	46	75	57	55	89	124	70	41	54	59	46	36	24
	880.678589	-2	12	5	2	3	20	30	76	15	-1	26	26	20	11	31	3	29	18	36	27	3	2	13	20	17	4	11	36	8	-12	7	13	15	64	72	68	278	45	92	155	41	2	233	19	38	4	42	270	183	269	277	61	67	68	43	71	109	82	41	64	54	29	8	32
	882.054077	27	8	22	1	1	29	42	48	2	-6	33	26	31	3	13	24	13	20	14	29	-5	19	-5	28	38	31	8	40	14	-9	18	18	18	50	81	64	274	42	71	154	27	22	209	16	43	14	64	281	176	264	237	47	86	34	60	73	110	82	20	44	53	49	20	25
	883.429993	15	31	13	-1	11	24	16	43	18	-8	26	8	30	17	39	25	17	10	13	9	6	1	13	46	2	12	26	25	21	4	-1	13	37	58	69	82	212	38	81	134	50	16	214	19	43	5	45	301	165	269	267	66	72	64	67	105	95	77	41	48	55	33	24	33
	884.806396	8	7	11	2	15	20	27	34	-8	5	18	23	23	-3	33	24	18	35	35	17	7	-11	5	37	37	11	39	31	8	3	1	17	29	58	63	66	278	38	74	148	31	15	193	5	25	33	40	265	171	215	193	41	61	48	50	91	86	72	19	42	54	49	18	40
	886.183289	13	17	17	-14	17	7	50	76	1	11	19	29	35	2	43	3	42	39	27	39	17	-9	6	32	21	31	32	31	6	5	14	10	29	73	59	64	232	39	79	142	34	17	189	22	38	19	42	292	169	224	236	54	73	51	61	63	98	87	49	47	66	18	36	37
	887.56073	19	20	14	13	5	26	32	66	5	10	13	20	19	-1	28	7	29	10	35	27	25	0	13	43	38	15	27	29	-5	8	8	20	30	75	76	59	239	37	77	107	45	22	214	23	35	3	49	251	165	247	212	66	68	60	54	59	111	56	24	47	50	23	21	41
	888.938477	9	21	19	7	20	26	27	54	5	15	10	14	11	17	27	1	15	1	34	20	-10	4	17	19	16	-4	30	2	4	14	-4	20	57	62	55	56	201	30	61	117	36	17	201	43	29	11	32	295	186	241	234	61	68	50	46	91	74	81	43	58	54	19	42	33
	890.316772	20	17	9	9	4	13	52	43	2	-3	13	24	13	-2	12	21	9	18	16	33	-8	-5	-1	27	22	30	19	22	10	5	7	14	15	71	77	75	215	39	45	132	35	12	205	40	26	7	48	250	172	229	235	48	61	59	54	69	82	38	34	51	67	36	16	38
	891.695618	4	-4	5	25	-2	-3	26	42	4	6	6	25	10	15	23	7	5	23	8	23	-3	7	2	7	13	19	17	13	17	-1	0	17	46	86	67	55	205	39	78	128	40	29	190	6	51	10	35	239	153	194	252	37	56	49	43	67	95	57	28	40	51	21	32	20
	893.074829	0	12	0	27	0	23	33	33	6	10	22	21	10	16	24	10	9	2	30	0	4	-3	-1	20	15	22	16	10	-5	-1	-5	15	19	60	58	55	236	41	57	89	42	28	192	6	17	0	51	259	135	223	205	47	47	48	51	75	78	79	36	38	38	30	35	26
	894.45459	14	11	12	-4	15	16	20	50	16	-5	7	1	18	23	11	9	3	-4	14	16	17	-2	6	25	17	7	29	22	0	9	4	4	39	66	79	50	237	44	43	82	25	-3	173	11	31	16	28	227	144	193	222	42	73	54	37	81	90	56	41	33	46	45	48	29
	895.834778	21	3	11	1	7	27	27	33	-12	-5	3	16	16	7	16	16	11	9	20	14	0	-7	25	26	23	11	27	33	14	8	9	2	36	68	68	67	210	38	62	145	50	11	201	10	19	14	29	257	129	201	200	28	66	53	64	57	74	55	29	50	51	30	20	33
	897.215576	6	7	9	4	9	21	29	56	7	12	10	19	14	3	1	5	5	19	20	12	14	5	18	22	9	10	26	20	-8	11	9	26	22	55	47	42	224	29	70	81	36	9	161	32	26	7	37	212	147	191	213	47	40	78	53	64	78	77	21	44	42	21	18	20
	898.596802	27	0	1	12	-3	10	25	25	3	13	22	8	27	11	17	19	19	23	19	3	9	-1	12	31	29	10	13	25	7	6	14	16	27	61	77	34	188	39	64	87	39	19	161	0	23	6	27	203	138	204	211	27	58	62	61	63	83	50	36	9	46	34	37	28
	899.978516	12	6	-7	-2	9	28	13	31	13	6	-13	11	6	2	12	9	-11	23	7	11	-2	7	14	30	14	2	34	18	9	9	6	8	19	69	65	58	231	43	45	91	28	14	200	1	38	-3	36	196	130	208	190	51	48	50	36	79	57	49	26	39	62	29	33	38
	901.360596	20	9	6	-11	0	8	22	30	9	3	28	15	3	-4	19	1	18	24	25	23	14	8	10	31	18	7	16	13	18	1	10	15	22	58	57	49	222	48	50	115	34	21	188	16	10	5	35	219	158	183	223	36	52	56	42	65	74	35	40	27	48	20	10	19
	902.743286	2	25	5	13	-9	12	29	38	2	16	26	31	26	9	7	7	25	14	21	21	8	5	16	33	-1	9	19	21	2	19	9	5	27	63	50	56	197	35	51	115	41	17	166	10	27	-4	42	226	135	217	216	40	65	36	52	51	60	50	16	73	34	35	30	40
	904.126404	19	-3	30	-1	23	5	35	28	16	18	18	11	13	6	17	15	17	22	31	26	5	-7	6	25	1	-14	22	32	10	9	39	4	29	53	55	59	193	35	48	94	21	14	159	3	47	-1	41	223	134	177	191	32	38	40	46	54	98	43	24	52	27	35	15	27
	905.51001	-3	21	31	0	-5	29	8	47	4	19	33	23	51	9	7	19	33	19	26	1	12	12	-7	25	24	7	38	19	11	-12	8	3	22	41	47	49	228	25	50	112	16	7	171	46	37	-6	32	198	138	193	195	60	87	37	42	25	103	58	24	47	40	39	19	28
	906.893982	33	24	14	-13	-5	13	25	40	-6	2	42	18	7	5	2	21	-4	9	15	24	16	-1	4	10	13	9	9	12	-5	1	-6	14	14	18	66	63	193	36	41	136	38	21	158	8	33	1	24	197	150	168	200	49	62	30	41	58	72	52	32	43	41	23	14	14
	908.278625	22	15	2	34	6	22	35	38	0	-9	19	17	17	-4	26	3	17	25	24	16	8	26	11	30	16	12	15	28	27	3	7	20	16	41	63	36	163	34	41	101	44	28	142	18	22	5	24	192	150	195	166	29	45	43	38	51	76	53	35	32	33	33	19	19
	909.663696	21	0	8	-1	7	18	26	46	9	3	38	13	8	4	8	10	20	15	28	17	10	1	4	39	12	23	17	24	11	-14	-1	20	34	42	48	44	179	35	52	95	44	-3	137	14	30	-1	33	216	128	182	201	13	56	45	41	47	83	57	35	26	47	12	28	31
	911.049194	5	17	12	9	-1	7	23	33	-15	-11	13	20	22	5	16	22	22	20	21	11	8	-4	-9	40	21	11	16	12	-2	-10	-4	10	16	28	34	39	189	26	50	116	24	39	175	28	26	5	29	170	146	177	185	41	57	28	39	35	85	37	39	29	30	29	18	23
	912.435181	13	12	4	0	4	6	23	26	6	-9	8	-2	-2	2	26	-4	16	13	28	16	-4	-2	10	17	3	-14	18	13	3	-6	1	10	22	48	45	39	195	12	50	97	31	11	139	14	16	-3	27	188	143	146	173	29	54	42	26	65	85	62	30	19	30	29	15	15
	913.821716	10	-16	1	0	-22	9	29	38	5	4	18	20	5	6	12	2	33	18	21	8	-1	4	6	24	29	27	15	25	21	-3	22	3	30	32	40	31	144	30	51	91	27	-6	111	18	12	11	12	163	126	181	182	28	40	16	41	37	65	46	10	42	39	13	25	29
	915.208618	20	2	1	10	10	17	5	32	-1	4	12	2	13	13	15	9	32	3	7	12	6	-3	0	21	11	17	11	19	7	2	3	12	34	70	48	44	164	26	37	66	25	13	131	10	11	6	26	175	106	173	144	35	43	38	28	30	66	58	-5	45	35	15	-8	15
	916.59613	22	0	-7	9	12	26	26	34	-15	-5	21	11	25	9	12	-7	-4	4	9	7	4	-10	6	18	11	6	6	21	10	4	34	6	29	33	35	46	176	32	57	90	25	9	121	0	6	3	24	189	111	167	184	18	38	24	29	46	48	48	32	39	37	42	14	39
	917.984009	3	17	11	-2	11	26	21	24	9	6	6	15	9	10	30	0	17	5	18	16	3	7	16	11	3	1	8	7	4	15	5	5	22	39	35	40	175	24	34	79	9	2	117	20	20	8	26	212	109	149	189	20	15	56	35	51	59	47	25	33	40	16	18	2
	919.372375	16	1	4	7	-2	5	20	34	-2	1	10	14	13	13	13	6	8	9	18	7	15	-7	5	25	5	6	10	24	14	-2	-1	9	12	36	30	27	182	19	47	103	28	9	118	4	12	-2	34	158	102	148	150	39	52	43	46	30	46	40	27	22	20	9	18	33
	920.761292	22	13	12	8	7	6	38	39	-3	-11	22	3	5	0	6	6	10	13	17	8	16	9	-11	5	11	4	40	28	-1	4	7	17	30	26	46	38	136	12	31	66	38	28	107	15	23	14	30	172	92	145	156	19	31	26	46	45	49	42	31	45	20	2	39	21
	922.150574	5	20	2	5	15	12	21	24	-15	17	4	6	43	24	5	2	19	-5	10	9	9	1	6	12	27	2	22	9	-2	5	11	17	22	51	59	39	174	18	33	83	29	17	118	8	1	3	41	175	90	129	149	28	38	28	29	39	51	20	10	26	24	17	31	33
	923.540527	21	-11	3	7	11	20	25	37	-4	-17	15	3	-2	-1	16	21	5	5	25	3	6	24	5	18	14	5	4	20	3	13	-10	32	0	49	31	48	130	31	30	78	24	-3	106	18	10	23	26	159	115	121	138	24	36	35	44	54	64	26	26	22	24	12	19	19
	924.930786	24	5	-1	-7	3	13	-2	21	-1	18	15	5	14	13	3	1	7	6	2	14	-3	11	11	5	21	-2	2	22	4	9	14	1	19	43	31	22	139	25	34	80	16	0	99	6	10	16	33	166	90	110	161	30	43	28	32	47	41	44	11	28	33	38	34	25
	926.321594	7	4	8	-1	10	0	11	30	-1	-7	11	11	9	17	11	6	5	27	9	21	15	2	2	27	0	5	15	22	8	7	3	10	21	24	38	32	133	14	46	90	27	12	106	6	14	12	20	165	101	127	116	50	49	45	10	37	62	46	11	33	9	25	32	27
	927.712891	5	0	17	-3	8	5	14	35	16	2	12	1	0	-7	11	8	9	8	2	4	12	4	-11	26	8	8	3	14	-7	1	-6	21	13	47	37	49	128	27	29	68	17	-4	100	11	1	10	6	165	99	129	150	14	43	40	25	41	43	51	23	29	24	11	14	24
	929.104614	1	13	-2	-2	-2	15	19	22	28	0	-2	10	20	-3	15	-4	14	15	8	19	-3	9	4	36	6	8	17	23	9	-17	-6	14	28	40	50	50	123	43	51	61	25	15	70	13	5	6	21	180	97	134	141	26	47	38	62	70	64	36	21	31	50	26	5	26
	930.496826	14	16	16	15	16	19	9	34	-2	1	12	26	9	5	12	5	16	-1	5	3	-5	-4	3	17	22	24	5	20	16	7	9	13	26	41	42	31	155	14	36	69	15	21	90	23	14	4	25	135	93	150	116	14	34	40	26	52	36	42	13	28	5	31	8	22
	931.889587	11	8	-4	8	-21	4	32	35	-4	10	14	27	12	15	19	0	-4	-6	20	9	1	-3	5	25	0	7	24	3	21	-2	11	22	29	32	31	37	125	27	17	72	8	16	93	9	16	-7	13	136	86	115	91	26	10	40	30	38	35	25	-1	45	6	7	10	7
	933.282776	22	-2	-13	-3	20	26	12	8	-10	-3	4	13	16	-1	22	1	1	7	-2	-7	11	-2	-4	24	6	3	-2	-1	-2	-7	-12	-3	22	35	44	44	129	14	24	97	8	24	95	16	15	2	28	122	96	136	133	27	38	35	38	49	78	43	3	17	10	18	21	17
	934.676514	6	6	12	6	-20	17	10	31	6	-1	12	11	16	13	12	-2	8	5	3	2	-2	-4	7	22	1	-2	9	-5	-7	24	16	15	17	42	28	36	134	31	22	48	16	15	99	20	24	-8	11	143	103	108	137	12	44	26	33	39	51	24	13	31	14	14	15	13
	936.070679	-3	-4	0	4	11	-4	5	33	7	-11	20	17	6	6	17	5	6	22	-13	5	-4	-15	20	17	10	1	1	-2	0	5	3	15	18	25	21	40	141	23	19	55	23	2	88	11	13	2	14	121	87	132	131	11	55	25	32	33	54	29	32	36	8	3	8	12
	937.465271	9	-3	1	-9	1	-2	4	31	25	4	15	16	14	21	23	8	2	21	11	6	9	7	6	21	20	5	22	4	8	-5	16	18	18	47	31	31	144	22	50	68	22	3	76	-7	13	7	21	151	95	113	146	24	40	24	33	18	43	10	8	30	32	8	16	7
	938.860413	17	8	1	14	10	17	22	39	8	-2	3	17	6	4	-4	22	23	15	-8	10	4	-13	-3	13	5	-8	14	18	0	12	3	-3	12	23	30	51	106	25	46	79	21	13	111	9	16	4	7	107	91	106	135	8	38	43	20	27	50	37	29	20	29	3	0	22
	940.255981	-4	8	11	11	6	-3	14	43	0	-6	12	7	27	2	3	4	10	7	15	9	0	11	8	6	5	-3	20	29	9	9	3	-1	22	21	40	41	100	14	36	58	18	6	68	23	10	23	19	103	80	119	118	31	19	32	29	42	51	23	13	36	38	5	20	19
	941.6521	5	11	12	7	8	10	19	39	-2	-5	19	13	15	-1	16	-3	15	10	13	17	3	-1	3	26	-6	1	18	13	4	12	-11	8	11	23	31	46	125	30	17	67	27	-3	89	25	21	-2	14	119	68	98	107	22	28	22	31	23	38	42	14	21	22	6	14	38
	943.048584	12	-3	9	0	-2	13	7	18	6	7	4	14	16	24	22	1	0	11	17	12	5	9	-14	33	8	-12	20	14	5	11	7	1	42	23	41	46	98	2	18	76	26	4	67	11	10	8	15	102	77	94	111	21	15	26	25	35	41	7	2	10	15	22	19	11
	944.445679	-3	11	2	-18	7	-4	18	27	5	-3	-4	1	14	32	8	14	1	-1	6	10	8	-1	6	7	0	-14	30	12	5	-8	7	-2	32	19	15	33	102	3	22	49	17	0	75	16	7	4	6	116	81	117	114	13	21	9	30	41	45	33	21	5	13	25	5	7
	945.843201	-8	5	-4	21	-6	-3	12	29	4	-5	9	16	21	4	-2	15	8	14	6	22	-3	0	3	6	-8	-9	11	36	5	8	0	-7	15	29	26	22	77	24	32	60	23	12	61	0	-1	1	25	99	84	86	118	3	25	26	37	37	29	10	30	18	24	3	3	8
	947.241211	-7	23	1	16	15	1	0	21	3	-2	-15	10	6	14	-1	20	28	-1	10	9	0	14	-2	23	2	-11	3	-5	10	9	1	14	2	38	55	37	102	22	33	47	22	7	68	5	26	5	7	97	52	87	102	22	25	36	40	38	41	17	12	17	18	15	19	-4
	948.639587	5	-6	5	0	-10	22	13	13	8	8	7	-4	11	2	2	6	13	-7	5	1	12	1	6	9	14	7	16	13	-9	11	-1	7	14	42	39	13	89	12	26	61	13	15	52	11	8	12	12	101	65	104	94	12	19	13	41	36	46	39	1	31	16	25	10	-14
	950.038574	4	16	6	-3	3	-1	17	25	-6	5	8	14	9	8	0	8	3	9	11	19	1	15	13	11	7	8	5	12	1	-3	5	13	10	33	24	0	102	18	33	49	15	11	57	5	10	5	21	98	63	101	107	21	26	11	7	37	45	17	7	5	41	14	7	3
	951.43811	26	12	20	-3	3	4	-12	17	-10	-9	26	11	23	-1	4	6	8	3	9	9	20	5	1	16	20	12	12	12	19	5	12	21	6	20	19	18	106	24	47	62	13	-1	38	6	5	14	34	109	68	73	88	9	30	3	14	28	43	15	-4	33	23	-2	8	7
	952.838013	18	11	7	-3	-4	-1	18	12	-9	-5	25	16	0	-1	-3	13	1	15	18	-9	11	-3	0	6	4	-4	33	3	6	-4	-6	19	13	32	18	29	98	26	8	52	10	4	82	1	3	19	25	100	58	96	95	31	27	10	25	23	20	25	17	22	28	16	2	10
	954.238403	5	-8	2	-1	-9	3	14	23	7	-4	11	13	7	-5	7	-7	-12	12	8	4	-5	1	6	13	14	-2	8	25	-4	-1	10	-2	5	21	20	36	105	4	16	49	0	36	82	18	4	7	14	86	66	86	62	2	23	18	18	43	40	10	22	23	23	37	21	3
	955.639282	8	17	9	-5	-2	20	0	23	-7	4	10	13	15	4	7	3	12	12	-10	10	0	-14	8	5	19	11	17	4	1	5	-5	15	11	8	14	18	95	18	28	44	13	8	53	-7	2	19	21	84	67	78	95	9	16	20	27	21	39	19	14	32	12	5	15	8
	957.040588	-5	15	22	-5	-4	11	10	23	8	9	6	9	1	4	31	15	1	10	-6	19	-2	-17	-1	19	14	15	18	9	10	7	-4	9	15	39	24	18	88	28	46	45	13	9	44	26	5	-6	20	104	90	79	73	5	25	18	12	31	26	38	32	13	7	9	0	8
	958.442505	15	11	-15	-16	-6	1	5	23	0	-18	-3	-6	1	12	-4	15	6	-4	8	9	-4	-3	18	18	-6	1	7	14	29	11	-10	12	6	28	21	17	92	6	21	57	16	8	56	11	10	2	8	91	53	59	78	23	11	27	19	37	35	37	2	21	14	8	8	8
	959.844788	25	-1	-4	14	1	16	6	11	-4	7	22	28	-3	0	0	-10	-5	3	5	16	-11	-10	15	9	15	13	9	11	8	-3	5	16	7	28	30	20	95	13	23	30	29	4	55	2	3	-2	13	90	68	68	83	28	27	25	23	23	21	17	19	20	27	8	16	22
	961.24762	11	18	-1	13	15	3	0	24	-5	-4	7	-11	2	-4	-3	6	0	-8	-7	8	-3	14	-2	18	20	10	14	6	9	-12	11	-2	3	36	28	19	85	23	23	40	7	3	38	-6	0	8	6	71	107	86	88	13	21	21	15	41	34	49	22	22	33	8	21	12
	962.650879	11	3	-3	-13	1	-3	-8	23	-2	14	4	10	-5	14	3	8	9	18	-10	16	-1	7	-12	10	1	0	10	5	4	-1	15	2	21	16	30	20	78	36	51	60	28	2	51	10	2	-2	9	82	53	80	86	18	12	34	30	30	24	31	-1	-9	30	12	14	7
	964.054626	13	4	-5	12	-2	0	11	46	11	0	9	-4	0	3	-7	14	10	7	0	4	-4	-3	-8	12	12	8	14	16	9	-2	-9	8	-15	29	13	20	77	8	24	59	0	6	44	19	9	7	-4	89	46	63	78	28	31	19	24	1	49	16	18	30	15	23	5	7
	965.458923	5	-6	4	8	-6	-3	-2	4	10	-4	5	5	18	-2	7	7	11	15	-9	-11	-6	-10	9	15	4	-2	-6	-9	29	17	-1	-2	9	37	18	20	76	48	23	48	13	11	44	26	24	6	11	83	44	31	73	15	38	28	-12	24	22	29	24	25	13	16	13	9
	966.863586	8	-1	4	0	-3	-4	21	32	7	-3	9	2	2	4	6	0	-3	25	4	-9	9	4	9	17	6	10	7	14	4	-1	2	4	0	13	6	19	81	16	42	37	21	-14	54	10	21	-11	22	75	58	36	104	7	26	15	19	19	26	23	17	1	5	10	2	5
	968.268799	16	-23	1	1	1	6	0	12	8	17	-9	10	10	14	9	16	-4	20	0	16	-5	8	15	13	9	-2	11	8	10	-5	-4	-8	12	26	42	25	85	25	17	35	3	4	54	11	27	11	16	76	60	59	80	7	16	25	5	9	20	11	16	-2	12	15	-8	14
	969.674377	-8	1	-6	5	-17	6	16	25	5	20	2	4	16	7	-10	-14	8	9	18	-10	20	-1	11	5	-1	-2	10	-5	4	14	0	5	18	15	18	13	63	0	16	40	-3	-5	45	10	6	-5	23	69	64	67	78	8	25	7	4	19	28	33	14	3	16	11	8	10
	971.080688	21	-4	12	5	-6	8	12	11	9	-7	11	13	3	-1	6	17	12	10	-4	-2	-14	-11	4	10	15	16	15	7	11	-19	0	8	17	32	44	10	98	21	26	70	4	-8	26	5	20	0	23	95	46	65	81	26	17	18	20	32	36	21	3	10	23	23	11	7
	972.487305	0	-11	5	2	-3	3	0	8	12	-7	9	15	19	14	15	19	-5	-3	2	10	-2	-5	-16	17	15	11	13	17	3	1	23	9	15	22	33	12	88	27	18	36	1	1	41	12	5	-3	19	83	55	42	67	7	23	18	30	50	21	10	8	24	13	-6	13	23
	973.894409	10	-9	1	-1	6	15	4	9	-4	11	25	-2	-2	-7	18	8	0	-4	10	14	-5	3	-8	8	14	2	6	11	9	-21	-2	11	4	9	11	11	81	26	5	56	15	2	37	20	0	1	15	51	49	60	92	1	11	6	25	6	35	8	14	18	24	2	2	15
	975.302002	7	-5	-16	3	-11	-1	-3	18	-1	1	4	-6	17	3	-7	-2	7	8	2	11	-2	2	-2	18	9	1	12	-1	7	-3	9	-1	4	0	19	18	63	26	18	36	7	13	48	9	6	21	4	83	60	49	62	16	15	15	6	26	23	15	14	29	16	9	1	18
	976.710083	30	0	4	7	2	10	-8	12	-3	-13	3	5	13	-11	3	22	20	3	8	-9	5	7	-5	-3	-4	3	-4	17	-11	-5	-3	13	9	23	12	33	73	14	16	41	10	-6	37	0	15	-7	14	72	31	54	70	14	20	21	21	18	23	13	7	15	15	-2	7	10
	978.118713	7	-12	5	-2	0	8	7	28	-6	5	6	10	9	9	13	-9	4	9	0	5	-15	-15	-13	7	-1	-2	14	13	1	-6	1	14	12	22	15	6	75	24	0	30	7	-2	56	-5	13	11	4	76	61	68	50	25	10	17	3	6	22	22	22	8	3	9	4	22
	979.52771	-1	1	4	5	-8	14	12	14	-4	3	3	0	4	2	16	-8	1	14	8	21	-9	-4	19	-3	14	-1	-3	20	4	-1	3	8	-14	32	10	4	75	12	22	33	2	20	51	2	4	-23	11	61	53	56	62	14	11	11	6	32	4	28	8	33	41	14	16	-1
	980.937195	5	2	6	-3	9	7	3	13	2	-20	7	12	18	0	1	-1	5	18	8	12	-13	-3	-3	13	5	1	10	22	20	-11	13	-2	10	0	25	10	78	7	13	34	13	10	50	5	-7	-2	-1	64	65	46	83	24	9	21	18	19	14	25	2	6	13	17	5	17
	982.347229	26	13	-4	9	2	12	8	0	8	11	6	20	5	2	18	3	13	7	22	9	11	1	2	-7	2	-3	18	25	4	-10	1	-1	-1	25	32	13	76	16	12	41	-1	-7	51	12	12	-6	5	63	29	57	79	7	20	10	14	34	15	9	8	21	1	-9	1	6
	983.75769	16	-15	16	15	6	12	-3	7	5	10	-9	17	-22	-3	6	14	-10	-7	0	7	4	14	-1	10	5	-2	9	-17	12	10	-10	-6	13	25	23	17	58	14	24	31	21	6	52	12	10	12	6	54	37	35	58	16	22	11	21	3	16	29	14	17	38	9	0	5
	985.168579	2	13	11	7	-5	-3	14	13	-12	2	18	-2	5	4	18	7	1	3	4	-14	-2	-15	1	11	11	1	-9	7	-2	0	-12	10	-2	8	24	5	60	1	27	49	7	-11	35	25	16	-3	20	49	27	48	57	19	15	5	16	30	35	18	16	2	19	1	22	2
	986.580078	8	-7	23	-9	16	-9	5	11	-8	3	6	10	-3	-10	7	15	6	5	8	-8	2	1	17	5	15	-7	19	15	7	21	9	6	14	9	27	9	58	21	15	59	12	-3	51	12	-18	5	16	38	45	47	70	10	19	12	23	20	18	20	15	3	20	6	2	1
	987.992004	1	13	14	13	-2	-12	16	9	-8	6	0	25	1	19	14	3	5	-1	21	10	9	11	0	-4	20	4	17	14	8	-2	14	-10	4	22	13	38	55	16	12	22	17	-11	26	-3	7	-1	11	62	63	56	43	23	3	16	35	-2	8	30	7	14	28	2	7	6
	989.404419	10	10	0	9	19	-3	12	3	6	2	12	17	8	16	6	17	15	4	3	3	11	7	0	0	-2	17	6	12	-15	19	-2	-4	20	20	8	34	57	7	12	32	10	16	37	7	18	-1	14	49	51	45	34	20	19	15	13	11	18	17	-11	25	18	-4	15	10
	990.817322	7	-1	-8	-7	-6	-6	7	5	-8	5	0	1	5	-10	12	-14	-6	-6	7	-5	14	9	-7	7	5	7	2	4	3	18	-2	26	16	-4	-9	0	52	16	23	19	14	-3	63	-5	12	0	25	51	40	32	53	15	6	15	21	6	31	7	9	14	24	11	14	-4
	992.230713	6	17	-7	3	0	-9	14	26	6	-15	-2	12	3	-2	13	-2	-3	6	11	4	-12	4	5	-5	0	-3	1	5	8	11	9	23	11	-1	18	11	62	17	23	24	6	11	27	7	1	14	26	40	37	53	44	23	11	19	11	11	15	-2	21	17	-4	25	-3	12
	993.64447	-4	15	1	0	0	12	8	11	8	4	27	-9	-3	-1	14	2	4	16	1	14	4	3	-3	-5	-8	1	12	-10	19	5	2	3	12	10	19	12	53	-2	30	18	13	5	49	8	24	12	13	33	30	39	46	19	11	23	16	16	13	3	-6	8	14	19	5	22
	995.058777	11	21	9	1	7	5	22	9	-5	13	17	11	2	-10	11	8	22	17	4	-9	-8	-2	-9	1	7	16	5	1	5	5	-2	17	0	4	22	30	71	14	10	32	8	6	39	29	16	6	11	54	40	30	55	10	17	20	-5	11	26	18	11	11	5	16	12	13
	996.473572	-1	8	-1	2	-4	0	22	14	10	-2	-4	0	5	3	4	4	-1	20	14	23	3	7	5	14	-8	8	2	8	-5	0	19	8	-14	14	15	14	42	6	10	26	19	5	39	3	10	7	9	52	28	31	32	19	12	9	6	17	21	14	7	22	10	2	14	17
	997.888916	25	7	22	8	-5	-1	1	18	-1	3	4	-5	4	-1	16	-9	13	8	-6	11	-7	0	2	13	9	15	6	15	11	5	8	12	-7	14	9	14	42	18	7	33	24	8	35	19	6	13	15	37	22	52	42	14	24	14	21	20	13	21	7	6	14	3	14	15
	999.304626	7	-1	-1	9	-6	12	8	10	-9	-7	3	-19	11	-6	3	-9	1	1	14	-4	3	-8	12	20	11	3	-5	1	6	16	12	-4	3	2	17	13	47	7	-2	18	-3	1	41	-6	-8	11	1	38	38	33	52	0	10	11	8	6	1	-3	9	8	19	9	19	3
	999.65863	2	7	13	24	12	3	8	0	-10	1	-4	9	12	7	2	6	-1	4	12	3	1	4	8	-7	3	-10	7	-16	16	4	11	22	7	-1	20	15	46	22	22	32	-5	15	32	-3	-6	9	9	57	40	47	54	3	7	10	6	33	11	5	4	-5	23	15	1	0