,"O-PTIR 1/O-PTIR","O-PTIR 2/O-PTIR","O-PTIR 3/O-PTIR","O-PTIR 4/O-PTIR","O-PTIR 5/O-PTIR","O-PTIR 6/O-PTIR","O-PTIR 7/O-PTIR","O-PTIR 8/O-PTIR","O-PTIR 9/O-PTIR","O-PTIR 10/O-PTIR","O-PTIR 11/O-PTIR","O-PTIR 12/O-PTIR","O-PTIR 13/O-PTIR","O-PTIR 14/O-PTIR","O-PTIR 15/O-PTIR","O-PTIR 16/O-PTIR"
,-7985.240234375,-7966.5400390625,-7946.5400390625,-7924.0400390625,-7894.68994140625,-7872.7900390625,-7900.93994140625,-7935.89013671875,-7952.7900390625,-8034.64013671875,-8029.64013671875,-8077.740234375,-7912.14013671875,-8023.990234375,-8043.990234375,-7916.5400390625
,-3271.44995117188,-3278.30004882813,-3280.80004882813,-3300.80004882813,-3305.19995117188,-3278.30004882813,-3222.10009765625,-3203.35009765625,-3181.5,-3197.69995117188,-3238.35009765625,-3256.44995117188,-3212.69995117188,-3267.05004882813,-3270.19995117188,-3254.60009765625
923,2.59660530090332,2.94809150695801,1.60655546188354,2.93046855926514,4.02320384979248,0.320629507303238,0.966743946075439,0.768929243087769,-2.88287329673767,1.49923574924469,-1.11361062526703,0.438200503587723,-2.73224639892578,-1.41148161888123,-0.93927264213562,0.636948525905609
925,3.71099805831909,1.33026206493378,0.0427361503243446,2.97438931465149,3.78453278541565,0.449104845523834,1.68069446086884,0.399510532617569,-2.50498414039612,2.30266165733337,-1.27067518234253,1.21847987174988,-1.635782122612,-0.887683808803558,-0.223297148942947,1.21475219726563
927,4.25704765319824,-0.411365389823914,-1.05218899250031,1.0874365568161,2.75108313560486,-0.485794425010681,1.73571562767029,-0.851350724697113,-3.01084423065186,3.17285513877869,-0.995002388954163,2.67959475517273,1.09268844127655,-0.238414794206619,0.143974974751472,0.616301596164703
929,2.75725913047791,-0.564375817775726,-0.78044605255127,-1.35221421718597,-0.0835880786180496,-1.72529053688049,1.17032873630524,-1.80590927600861,-2.2835807800293,1.82160699367523,-1.47412407398224,1.42647695541382,3.38630056381226,-0.348412543535233,0.0266187191009521,-1.23000431060791
931,1.03105473518372,-1.35147714614868,-0.181646630167961,-1.61667621135712,-2.17528128623962,-1.89528560638428,-0.969448804855347,-2.77385330200195,-2.3400342464447,-0.311398476362228,-2.10895895957947,-0.201090186834335,2.9808976650238,-1.34438717365265,0.0930563658475876,-1.73222005367279
933,0.0207694265991449,-1.34385645389557,0.308610409498215,-1.32017505168915,-1.94353878498077,-1.44915950298309,-2.4069197177887,-2.29075837135315,-2.78476452827454,-1.42645168304443,-2.10640287399292,-1.14864361286163,1.65122747421265,-1.92078161239624,-0.476243853569031,-1.56078684329987
935,-0.512269794940948,-0.737456977367401,-0.0993323847651482,-1.24074101448059,-0.71395355463028,-0.899545013904572,-2.42904663085938,-1.80864405632019,-2.33879637718201,-1.46669900417328,-1.91328549385071,-1.17189681529999,0.779150247573853,-1.77790141105652,-0.45642226934433,-1.18031167984009
937,-0.578153729438782,-0.220283731818199,-0.400683760643005,-1.1887743473053,-0.307198882102966,-0.452372431755066,-1.66961407661438,-1.47812306880951,-1.79562044143677,-1.00329077243805,-1.35239470005035,-1.12347102165222,0.173442959785461,-1.01478838920593,-0.121373809874058,-0.408680766820908
939,-0.460254430770874,0.183797538280487,-0.522158622741699,-1.15250241756439,-0.384265631437302,-0.394487798213959,-0.903382062911987,-0.918805718421936,-0.994109988212585,-0.797496497631073,-0.774929583072662,-1.26687359809875,-0.138618767261505,-0.504551112651825,0.0127997817471623,-0.112863063812256
941,-0.508754670619965,0.439550340175629,-0.445522457361221,-0.704446017742157,-0.469098120927811,-0.675023078918457,-0.378130853176117,-0.430038094520569,-0.319053500890732,-0.821776449680328,-0.427438646554947,-1.14994072914124,-0.0714141130447388,-0.446187913417816,-0.133078679442406,-0.131042659282684
943,-0.502164244651794,0.408271193504333,-0.104530356824398,-0.234764873981476,-0.504355370998383,-0.566966652870178,-0.0870518013834953,-0.0107479933649302,-0.177106335759163,-0.513563334941864,-0.395163655281067,-0.596682965755463,-0.0824966132640839,-0.419603377580643,-0.389573574066162,-0.208629190921783
945,-0.382273405790329,0.255185186862946,0.15365394949913,-0.164261430501938,-0.407963424921036,-0.309771478176117,0.206780642271042,0.365255355834961,-0.230138927698135,-0.252139776945114,-0.316730111837387,-0.209849283099174,-0.0832444801926613,-0.35338631272316,-0.578779220581055,-0.192870929837227
947,-0.303123295307159,0.158266171813011,0.232875242829323,-0.273961365222931,-0.285354942083359,-0.223538771271706,0.526274025440216,0.623313188552856,-0.120959758758545,-0.0832721889019012,-0.160723298788071,0.0212338119745255,-0.164871618151665,-0.0512412786483765,-0.607870042324066,-0.114962704479694
949,-0.328942805528641,0.143423438072205,0.124528869986534,-0.353219926357269,-0.159741804003716,-0.287608444690704,0.725022494792938,0.803505063056946,0.084656834602356,-0.0926290452480316,0.0612095631659031,0.19976232945919,-0.345776468515396,0.252577155828476,-0.572016358375549,-0.119993165135384
951,-0.35263979434967,0.174544498324394,0.0619059354066849,-0.450706243515015,-0.0589314326643944,-0.225497364997864,0.908155858516693,0.84001499414444,0.144110530614853,-0.113938055932522,0.114903420209885,0.45384892821312,-0.399169653654099,0.387633711099625,-0.41011643409729,-0.0977606996893883
953,-0.308562904596329,0.218042522668839,0.0366325676441193,-0.56128978729248,-0.0891344249248505,-0.0548100210726261,1.13237452507019,0.875178515911102,0.175045520067215,-0.133190453052521,0.0482601411640644,0.724335372447968,-0.360260128974915,0.401631444692612,-0.328483998775482,-0.0976459085941315
955,-0.20686012506485,0.181616216897964,0.00961808394640684,-0.554189026355743,-0.101797103881836,0.0569535456597805,1.30615055561066,0.9836146235466,0.172903954982758,-0.142035126686096,-0.0487453565001488,0.897377252578735,-0.411291092634201,0.363917618989944,-0.354454129934311,-0.150187790393829
957,-0.130383029580116,0.086666040122509,0.0409147851169109,-0.514725983142853,-0.0640874207019806,0.133114606142044,1.38116240501404,1.16132831573486,0.144158437848091,-0.178396165370941,-0.132774576544762,1.05497622489929,-0.440788775682449,0.344302535057068,-0.406024754047394,-0.195166349411011
959,-0.0550453849136829,0.02702946215868,0.0338070131838322,-0.458190858364105,-0.0170742142945528,0.20884957909584,1.44535219669342,1.38306927680969,0.193925186991692,-0.198750883340836,-0.148544609546661,1.18481194972992,-0.464838057756424,0.427376925945282,-0.430937021970749,-0.161450415849686
961,0.0279783699661493,0.0258534960448742,-0.000456451991340145,-0.426243543624878,-0.00787580665200949,0.347729563713074,1.51811802387238,1.56974351406097,0.304582923650742,-0.183234304189682,-0.079415462911129,1.29025495052338,-0.414142549037933,0.532521367073059,-0.405740529298782,-0.0964945256710052
963,0.0490305945277214,0.0444269105792046,0.00489792507141829,-0.387361198663712,0.0497328080236912,0.511242151260376,1.55944764614105,1.67738342285156,0.405367910861969,-0.145986184477806,0.0175957437604666,1.46040177345276,-0.379978328943253,0.555620849132538,-0.371226757764816,-0.0516766309738159
965,0.0820469558238983,0.037302453070879,0.0291234645992517,-0.275722205638885,0.0959916561841965,0.658654928207397,1.61631369590759,1.77599394321442,0.447697520256042,-0.0747020840644836,0.130774646997452,1.61878132820129,-0.347283214330673,0.619232535362244,-0.391371369361877,-0.020503930747509
967,0.0719905123114586,0.036693163216114,0.045928131788969,-0.15955924987793,0.112954922020435,0.710631251335144,1.69433033466339,1.85255718231201,0.464632511138916,-0.00130937772337347,0.208366632461548,1.72785794734955,-0.340664029121399,0.736275315284729,-0.387786358594894,0.00596821447834373
969,0.0218760333955288,0.0692427307367325,0.0629998743534088,-0.112541176378727,0.113066934049129,0.742739737033844,1.7690896987915,1.93521106243134,0.505130708217621,0.0119093600660563,0.242342323064804,1.79146873950958,-0.265773206949234,0.824471116065979,-0.275235146284103,0.00275933276861906
971,-0.0398612804710865,0.0929642841219902,0.0717181190848351,-0.118299372494221,0.114713937044144,0.774433374404907,1.84131419658661,2.03390908241272,0.556686997413635,-0.0258513893932104,0.277973860502243,1.89261305332184,-0.199669688940048,0.859822154045105,-0.181395098567009,0.000426210463047028
973,-0.0691530779004097,0.128664270043373,0.0534476265311241,-0.117325693368912,0.13613897562027,0.840162217617035,1.88403618335724,2.10197854042053,0.61342453956604,-0.0512303076684475,0.315237075090408,2.02029323577881,-0.148543551564217,0.894737660884857,-0.118017375469208,0.0731266811490059
975,-0.0759330913424492,0.159084871411324,0.0503928177058697,-0.0528927035629749,0.168790265917778,0.943175554275513,1.95325577259064,2.18174052238464,0.67137998342514,-0.0775438919663429,0.304874807596207,2.12344455718994,-0.0788045078516006,0.909797966480255,-0.0431531630456448,0.143802881240845
977,-0.0817764475941658,0.181664168834686,0.0677004605531693,-0.024888139218092,0.215342134237289,1.02851355075836,2.04938173294067,2.26450562477112,0.738548815250397,-0.079472616314888,0.314454644918442,2.22037792205811,-0.0175302848219872,0.913411617279053,0.0195207670331001,0.164123341441154
979,-0.111793920397758,0.194321826100349,0.0735817700624466,-0.00595633871853352,0.239658817648888,1.09740090370178,2.1555073261261,2.32310247421265,0.775126695632935,-0.0458511859178543,0.345624327659607,2.30132985115051,0.0303340665996075,0.956218659877777,0.0529595203697681,0.170168593525887
981,-0.12623019516468,0.193459004163742,0.0761640518903732,0.0407376773655415,0.271988600492477,1.14857804775238,2.24169182777405,2.40637946128845,0.805955052375793,-0.00296022044494748,0.347023814916611,2.37708830833435,0.0760595500469208,1.03141796588898,0.0624697022140026,0.207588464021683
983,-0.0963287055492401,0.225162848830223,0.110087454319,0.0835201442241669,0.306780576705933,1.16226434707642,2.29098916053772,2.4981803894043,0.834040105342865,-0.0120509089902043,0.378861159086227,2.45722007751465,0.123059898614883,1.1155287027359,0.0889463052153587,0.260525912046432
985,-0.0522586740553379,0.238142549991608,0.144823119044304,0.0896581187844276,0.349916011095047,1.14106166362762,2.30667757987976,2.59371399879456,0.859528243541718,-0.0504246912896633,0.471798092126846,2.48943305015564,0.169278532266617,1.17562353610992,0.170317769050598,0.322048187255859
987,-0.0243170894682407,0.231750383973122,0.186856344342232,0.0891062170267105,0.411674082279205,1.13966381549835,2.33400011062622,2.69501566886902,0.883032441139221,-0.0801625102758408,0.538970291614532,2.51311326026917,0.207585021853447,1.21115684509277,0.260808825492859,0.387654364109039
989,-0.0136434808373451,0.210803583264351,0.197096884250641,0.136491268873215,0.465252578258514,1.18511986732483,2.38400506973267,2.77959537506104,0.908414304256439,-0.0935531035065651,0.573598146438599,2.54825043678284,0.245260834693909,1.25701105594635,0.306651890277863,0.424462974071503
991,-0.0288807824254036,0.203192800283432,0.174384713172913,0.194808825850487,0.478469133377075,1.26350510120392,2.4377875328064,2.85831022262573,0.968046724796295,-0.0756265074014664,0.610865235328674,2.59848475456238,0.292247653007507,1.2863597869873,0.349488943815231,0.462767243385315
993,-0.0508520789444447,0.226468026638031,0.172948598861694,0.23159521818161,0.490737944841385,1.34548783302307,2.46610760688782,2.92557191848755,1.02974653244019,-0.0625079721212387,0.663047194480896,2.65976119041443,0.29965016245842,1.30663502216339,0.392941027879715,0.501162707805634
995,-0.066879965364933,0.274726957082748,0.204664766788483,0.260707795619965,0.499513387680054,1.40761566162109,2.4680380821228,3.00756239891052,1.05758273601532,-0.0487044528126717,0.705718517303467,2.73156762123108,0.29001721739769,1.32828390598297,0.425348341464996,0.531862437725067
997,-0.0834516137838364,0.312949329614639,0.220612123608589,0.309468448162079,0.476278632879257,1.46699464321136,2.49125790596008,3.10321283340454,1.06257975101471,-0.0407905876636505,0.752090215682983,2.80795621871948,0.275600671768188,1.34464490413666,0.464693993330002,0.555804431438446
999,-0.088457964360714,0.329985529184341,0.220500394701958,0.360515028238297,0.454048871994019,1.53756725788116,2.55093479156494,3.20768237113953,1.05730938911438,-0.0259040854871273,0.803453922271729,2.88771510124207,0.287022769451141,1.3972452878952,0.516090989112854,0.567576944828033
1001,-0.0803718641400337,0.320777982473373,0.223113343119621,0.388276636600494,0.468287527561188,1.61770284175873,2.64285397529602,3.31913661956787,1.0632643699646,-0.030265687033534,0.863820970058441,2.96283721923828,0.304497569799423,1.46049797534943,0.587533235549927,0.559557020664215
1003,-0.0437954626977444,0.31149822473526,0.228223040699959,0.38443312048912,0.522851228713989,1.6963449716568,2.7284791469574,3.42714786529541,1.09411370754242,-0.0612039677798748,0.897660970687866,3.02977561950684,0.337673425674438,1.51508986949921,0.639606118202209,0.563665270805359
1005,-0.0212211683392525,0.314368009567261,0.223803773522377,0.375686973333359,0.569316923618317,1.75401854515076,2.79398536682129,3.55370497703552,1.15151596069336,-0.0656210035085678,0.914165198802948,3.08959674835205,0.39061176776886,1.57008147239685,0.684541463851929,0.584864914417267
1007,-0.0255231615155935,0.342402070760727,0.232551231980324,0.380713224411011,0.592872321605682,1.81629371643066,2.83895587921143,3.68703675270081,1.20789897441864,-0.0689153075218201,0.930118024349213,3.14016962051392,0.43443551659584,1.63378381729126,0.769667088985443,0.609501361846924
1009,-0.0266060121357441,0.369675368070602,0.236630037426949,0.421207934617996,0.621454000473022,1.8876086473465,2.89271664619446,3.83846163749695,1.25412690639496,-0.0741300582885742,0.975221633911133,3.19221425056458,0.456899553537369,1.67861771583557,0.86195582151413,0.647426187992096
1011,-0.0320345610380173,0.393256932497025,0.232552155852318,0.490296959877014,0.66884833574295,1.9791773557663,2.96179437637329,4.01040172576904,1.29153788089752,-0.0637209638953209,1.0201268196106,3.27897024154663,0.483172714710236,1.69236278533936,0.902373492717743,0.689833164215088
1013,-0.054865650832653,0.417265385389328,0.224921390414238,0.560734868049622,0.698781609535217,2.08154392242432,3.02894854545593,4.1724009513855,1.29937350749969,-0.0532430484890938,1.04417335987091,3.38472390174866,0.511609077453613,1.6994708776474,0.917095243930817,0.729538261890411
1015,-0.0629551857709885,0.448114931583405,0.217922523617744,0.609918713569641,0.714306890964508,2.17643690109253,3.09496855735779,4.32519388198853,1.32078838348389,-0.0414248630404472,1.05231034755707,3.47203993797302,0.547221064567566,1.73537659645081,0.933941602706909,0.722388029098511
1017,-0.0448277443647385,0.487163305282593,0.226811453700066,0.641870260238647,0.738683998584747,2.25849914550781,3.1387095451355,4.46629047393799,1.34251081943512,-0.0348512157797813,1.05653715133667,3.54574799537659,0.589270651340485,1.78608775138855,0.991170823574066,0.716095745563507
1019,-0.0277915298938751,0.501439154148102,0.251345664262772,0.679277837276459,0.766277432441711,2.32979798316956,3.17091822624207,4.60330009460449,1.34930610656738,-0.0158128179609776,1.08818531036377,3.6041784286499,0.630115985870361,1.83286941051483,1.06562435626984,0.741324901580811
1021,-0.0197444800287485,0.500851273536682,0.274050354957581,0.703583121299744,0.806552708148956,2.38597226142883,3.20479440689087,4.74520778656006,1.36282765865326,0.0236778371036053,1.13221633434296,3.68141794204712,0.664458930492401,1.86895835399628,1.11361682415009,0.780564069747925
1023,-0.0129181863740087,0.520685076713562,0.303104311227798,0.721133232116699,0.843222737312317,2.42763161659241,3.26230788230896,4.88524580001831,1.37237107753754,0.0438247807323933,1.15116703510284,3.75936317443848,0.704543113708496,1.90014004707336,1.14464282989502,0.800660789012909
1025,-0.010513948276639,0.539395272731781,0.333561927080154,0.749410271644592,0.864997386932373,2.48007607460022,3.32233834266663,5.00592565536499,1.38255620002747,0.042572844773531,1.15996265411377,3.83607125282288,0.748003602027893,1.94366359710693,1.16912436485291,0.811301469802856
1027,-0.0230998210608959,0.534552931785583,0.348294228315353,0.79216992855072,0.882176697254181,2.55352187156677,3.36619758605957,5.109130859375,1.40815055370331,0.0423744656145573,1.18175721168518,3.91440510749817,0.786568999290466,1.99006152153015,1.19512128829956,0.832891285419464
1029,-0.051668930798769,0.530678749084473,0.368920385837555,0.832542777061462,0.91290819644928,2.65930485725403,3.41857099533081,5.22378444671631,1.45891070365906,0.062763474881649,1.22775220870972,4.0012788772583,0.813602924346924,2.02768993377686,1.2147341966629,0.857299447059631
1031,-0.0591375678777695,0.537838935852051,0.393463969230652,0.88094162940979,0.945977687835693,2.77536940574646,3.44321703910828,5.33075094223022,1.51135957241058,0.0791136622428894,1.2706458568573,4.06865119934082,0.848340630531311,2.06584501266479,1.23099589347839,0.871743679046631
1033,-0.0396980047225952,0.543742060661316,0.411872267723083,0.916621625423431,0.978555381298065,2.84424304962158,3.45479202270508,5.42338180541992,1.55524933338165,0.0832535549998283,1.29855966567993,4.13562059402466,0.910618126392365,2.12538242340088,1.26730644702911,0.894586503505707
1035,-0.0199359469115734,0.548937976360321,0.43947559595108,0.930929481983185,1.0081285238266,2.89426803588867,3.48269510269165,5.55733442306519,1.58259475231171,0.0952244400978088,1.3070319890976,4.18477535247803,0.970316648483276,2.18160772323608,1.32241117954254,0.923267543315887
1037,-0.0202500279992819,0.544774532318115,0.46672847867012,0.94749528169632,1.03628039360046,2.97884321212769,3.52462792396545,5.74974012374878,1.5997326374054,0.111822359263897,1.33467078208923,4.22806072235107,1.01914858818054,2.21662926673889,1.36216270923615,0.957159340381622
1039,-0.0278214644640684,0.535566449165344,0.479506403207779,0.987777769565582,1.06061685085297,3.09079885482788,3.57773923873901,5.96390724182129,1.60272192955017,0.116594776511192,1.35978078842163,4.27646636962891,1.05266463756561,2.24302363395691,1.39996385574341,0.991167366504669
1041,-0.0366368405520916,0.545021831989288,0.465263426303864,1.02756702899933,1.07084488868713,3.17997193336487,3.61047339439392,6.14180088043213,1.6058657169342,0.10926429182291,1.36911010742188,4.33855390548706,1.09393978118896,2.28418493270874,1.42232775688171,1.0238596200943
1043,-0.0458261296153069,0.560227155685425,0.436603754758835,1.03917706012726,1.08647394180298,3.24840998649597,3.6172342300415,6.26576662063599,1.6262401342392,0.105711258947849,1.36455225944519,4.42196655273438,1.13505518436432,2.33496689796448,1.45289540290833,1.04884719848633
1045,-0.0402101837098598,0.573244452476501,0.425999283790588,1.05497908592224,1.11978077888489,3.3345959186554,3.6209409236908,6.3545126914978,1.6490238904953,0.108873911201954,1.35063672065735,4.51213932037354,1.15031147003174,2.35509181022644,1.49991011619568,1.0744993686676
1047,-0.0308166034519672,0.590004742145538,0.446565210819244,1.09187757968903,1.14798843860626,3.42674016952515,3.62850260734558,6.44251346588135,1.66140782833099,0.117210291326046,1.34434771537781,4.58708953857422,1.14258778095245,2.35982823371887,1.53152716159821,1.09064304828644
1049,-0.0284624490886927,0.595059871673584,0.478583574295044,1.12952840328217,1.18089842796326,3.49260020256042,3.64551043510437,6.52945423126221,1.66138637065887,0.126213848590851,1.36120676994324,4.65923547744751,1.14361572265625,2.38965773582458,1.54612791538239,1.09687674045563
1051,-0.0286537855863571,0.602744162082672,0.505672991275787,1.15898764133453,1.22265338897705,3.52149248123169,3.66877675056458,6.5985107421875,1.68159091472626,0.141888096928596,1.36494410037994,4.71409273147583,1.1534423828125,2.43411469459534,1.57002854347229,1.0972843170166
1053,-0.0261494889855385,0.618956625461578,0.52152818441391,1.1797890663147,1.24963700771332,3.56116676330566,3.69128727912903,6.67496013641357,1.70735156536102,0.168848037719727,1.36299979686737,4.77436208724976,1.17395257949829,2.43852066993713,1.5924232006073,1.10618448257446
1055,-0.0396896451711655,0.631999015808105,0.532884836196899,1.19982755184174,1.25061678886414,3.63529706001282,3.71310544013977,6.76843070983887,1.71213674545288,0.177250400185585,1.39131987094879,4.85391283035278,1.21438276767731,2.44632005691528,1.59872150421143,1.12703466415405
1057,-0.0525632128119469,0.653821647167206,0.545606911182404,1.21538293361664,1.24702346324921,3.67325258255005,3.73613023757935,6.86486339569092,1.73350787162781,0.17995123565197,1.44691431522369,4.92554950714111,1.27661514282227,2.47553491592407,1.60775470733643,1.15045857429504
1059,-0.0661915093660355,0.663067102432251,0.550398766994476,1.21762752532959,1.24510717391968,3.67719864845276,3.74677395820618,6.91573667526245,1.75631070137024,0.191473960876465,1.48910927772522,4.97280979156494,1.33988606929779,2.49610829353333,1.63545215129852,1.18132269382477
1061,-0.0804072991013527,0.654896914958954,0.548221051692963,1.22027504444122,1.24485146999359,3.72568964958191,3.7369441986084,6.90631818771362,1.77741706371307,0.211855679750443,1.49466991424561,5.00068521499634,1.38303422927856,2.52920293807983,1.66282832622528,1.21797609329224
1063,-0.0819433480501175,0.656463146209717,0.551483154296875,1.24239945411682,1.25056087970734,3.80362367630005,3.73393750190735,6.91026401519775,1.80842709541321,0.222338259220123,1.49013590812683,5.01497983932495,1.41037368774414,2.56058263778687,1.68211770057678,1.24562752246857
1065,-0.0736764222383499,0.669006705284119,0.578829169273376,1.2791805267334,1.26040852069855,3.83941912651062,3.76023578643799,6.9478006362915,1.83264696598053,0.210682108998299,1.50037097930908,5.05489826202393,1.43158531188965,2.56927514076233,1.69402492046356,1.2482213973999
1067,-0.0723887011408806,0.660584330558777,0.631042540073395,1.30507779121399,1.24901533126831,3.81771993637085,3.78988933563232,6.97265863418579,1.83875799179077,0.200737833976746,1.51678705215454,5.09439563751221,1.46745002269745,2.59833002090454,1.72434937953949,1.24222564697266
1069,-0.0756011754274368,0.641226172447205,0.666009545326233,1.32431030273438,1.2430511713028,3.80191493034363,3.80617499351501,6.99557209014893,1.83271610736847,0.210031971335411,1.51785027980804,5.13154554367065,1.50682091712952,2.63691735267639,1.76786065101624,1.25252246856689
1071,-0.0684999823570251,0.617479205131531,0.670278608798981,1.33581781387329,1.25214970111847,3.8321852684021,3.82306933403015,7.03804874420166,1.82972633838654,0.23065048456192,1.49462223052979,5.1804986000061,1.54119825363159,2.66719460487366,1.78997027873993,1.27246105670929
1073,-0.0432303622364998,0.606256365776062,0.670624375343323,1.33507919311523,1.24790716171265,3.88413906097412,3.84933638572693,7.12619161605835,1.82975459098816,0.255168348550797,1.47988092899323,5.25146389007568,1.5516152381897,2.67581605911255,1.79691028594971,1.28177714347839
1075,-0.02323386259377,0.606511831283569,0.689015984535217,1.32545673847198,1.22338581085205,3.92034530639648,3.86176872253418,7.21584892272949,1.82810151576996,0.26065656542778,1.49539148807526,5.31289529800415,1.54868316650391,2.67788553237915,1.81125128269196,1.28851497173309
1077,-0.0275051407516003,0.600684940814972,0.702422916889191,1.31253182888031,1.19962334632874,3.95409607887268,3.85241365432739,7.2379846572876,1.82815647125244,0.255265653133392,1.50564670562744,5.34249305725098,1.5455721616745,2.68568587303162,1.80883467197418,1.30293548107147
1079,-0.0374927036464214,0.585948586463928,0.706114768981934,1.30471551418304,1.1839451789856,3.99284553527832,3.82816410064697,7.20020961761475,1.82026612758636,0.240221798419952,1.49019312858582,5.33976650238037,1.54632616043091,2.69105315208435,1.77753818035126,1.3296719789505
1081,-0.0315843336284161,0.579753637313843,0.715976715087891,1.30795836448669,1.17782926559448,4.01136493682861,3.80580186843872,7.14090967178345,1.81221544742584,0.230203434824944,1.4730281829834,5.32174777984619,1.54047691822052,2.69821834564209,1.72539484500885,1.35317945480347
1083,-0.0239260103553534,0.582653284072876,0.73682689666748,1.31989645957947,1.17224204540253,3.96740293502808,3.78510141372681,7.06891441345215,1.82277464866638,0.227376073598862,1.46075677871704,5.30180501937866,1.53236186504364,2.69974851608276,1.67717492580414,1.35320222377777
1085,-0.0204799883067608,0.5845827460289,0.764140844345093,1.31913864612579,1.1426420211792,3.86627054214478,3.75934910774231,6.99307823181152,1.82367491722107,0.228852242231369,1.45203340053558,5.26704740524292,1.52353954315186,2.6891758441925,1.64648902416229,1.32040619850159
1087,-0.034767422825098,0.576832354068756,0.792771756649017,1.30931544303894,1.09753274917603,3.75631141662598,3.72429656982422,6.90962600708008,1.79025042057037,0.237169176340103,1.44442403316498,5.23587036132813,1.50699436664581,2.67417621612549,1.60491299629211,1.29170966148376
1089,-0.0534935109317303,0.557047963142395,0.7980597615242,1.28766238689423,1.07592082023621,3.66824102401733,3.69626784324646,6.81916522979736,1.77299177646637,0.236322104930878,1.42646050453186,5.21568155288696,1.49394738674164,2.65086936950684,1.56479692459106,1.27214181423187
1091,-0.0675628632307053,0.550253570079803,0.800686180591583,1.2565575838089,1.07930958271027,3.57734227180481,3.67204070091248,6.71556997299194,1.78378713130951,0.216423884034157,1.42018413543701,5.17984199523926,1.47677433490753,2.62255692481995,1.54075813293457,1.26515126228333
1093,-0.0652307420969009,0.559789597988129,0.8151975274086,1.24483323097229,1.07602751255035,3.48506593704224,3.62441825866699,6.58858442306519,1.79802489280701,0.196990117430687,1.44296443462372,5.13117504119873,1.44898808002472,2.5987708568573,1.50769519805908,1.27808523178101
1095,-0.05357351526618,0.557141780853271,0.83708393573761,1.24624586105347,1.04844236373901,3.44503664970398,3.56424880027771,6.45431041717529,1.78792023658752,0.209876477718353,1.46557235717773,5.08984851837158,1.42235505580902,2.56789422035217,1.44466400146484,1.28994047641754
1097,-0.051760196685791,0.540521085262299,0.870147943496704,1.23585963249207,1.02290606498718,3.45441889762878,3.50994181632996,6.34481906890869,1.7683641910553,0.218039244413376,1.43641364574432,5.0727858543396,1.39971017837524,2.52007102966309,1.36189877986908,1.27758777141571
1099,-0.0558846406638622,0.513559579849243,0.90507835149765,1.21511280536652,0.990614593029022,3.44506740570068,3.46426033973694,6.24712657928467,1.76598882675171,0.21714560687542,1.39185619354248,5.062255859375,1.37603950500488,2.4835901260376,1.30435788631439,1.25866115093231
1101,-0.0657936036586761,0.492668658494949,0.918283522129059,1.18712508678436,0.957418024539948,3.38191533088684,3.42249870300293,6.14754867553711,1.77052426338196,0.221304804086685,1.36198306083679,5.03740167617798,1.35312974452972,2.47979593276978,1.29061305522919,1.23493099212646
1103,-0.061938364058733,0.478491574525833,0.921019792556763,1.1712601184845,0.91878604888916,3.3283360004425,3.38543319702148,6.07465839385986,1.77189183235168,0.231285870075226,1.34810745716095,4.99828147888184,1.31985473632813,2.48407649993896,1.28061735630035,1.21546745300293
1105,-0.0563639514148235,0.456350594758987,0.940418362617493,1.16462075710297,0.894523680210114,3.31553363800049,3.34750199317932,6.05602979660034,1.76528549194336,0.233228281140327,1.3355940580368,4.95384693145752,1.28113663196564,2.47487020492554,1.23655128479004,1.19980692863464
1107,-0.0435640662908554,0.429003864526749,0.965533554553986,1.15262055397034,0.880759179592133,3.31607961654663,3.30722188949585,6.05441617965698,1.7639707326889,0.224510058760643,1.31474184989929,4.90919733047485,1.25318229198456,2.45459580421448,1.18361866474152,1.19362103939056
1109,-0.0324925780296326,0.401332914829254,0.985602974891663,1.13069880008698,0.865849733352661,3.31190180778503,3.27194261550903,6.03995847702026,1.75794327259064,0.211375921964645,1.30197370052338,4.85713005065918,1.24957370758057,2.44374227523804,1.1430037021637,1.20635437965393
1111,-0.0247521437704563,0.383783847093582,0.995447635650635,1.10571599006653,0.853993058204651,3.31243848800659,3.23388862609863,6.01152038574219,1.74500370025635,0.214797377586365,1.32239294052124,4.82632398605347,1.25070309638977,2.43436789512634,1.12568807601929,1.2145094871521
1113,-0.0285361744463444,0.383945196866989,1.00440633296967,1.09888541698456,0.85028338432312,3.30659937858582,3.20594835281372,5.9647536277771,1.73321402072906,0.222097545862198,1.35880243778229,4.80887460708618,1.23593986034393,2.41921377182007,1.09186017513275,1.2291671037674
1115,-0.0316456221044064,0.380525469779968,1.02298748493195,1.08725416660309,0.843864500522614,3.26194739341736,3.20022201538086,5.86503791809082,1.72861731052399,0.218897894024849,1.36403858661652,4.79101085662842,1.21451997756958,2.40426230430603,1.04212141036987,1.24173951148987
1117,-0.0266175139695406,0.357413679361343,1.04916930198669,1.07438278198242,0.829120576381683,3.17864942550659,3.19000482559204,5.74128293991089,1.73691642284393,0.214485481381416,1.34086453914642,4.77992057800293,1.20718479156494,2.40013360977173,1.01602411270142,1.23883390426636
1119,-0.0204442460089922,0.328054010868073,1.0708863735199,1.06462466716766,0.800597608089447,3.06959104537964,3.16221833229065,5.64514636993408,1.74620115756989,0.204741314053535,1.32198619842529,4.76363086700439,1.19630610942841,2.39534330368042,1.00471305847168,1.22110426425934
1121,-0.0137516688555479,0.315367996692657,1.09509885311127,1.05752694606781,0.752929508686066,2.98240756988525,3.12491512298584,5.58265209197998,1.75992906093597,0.208835244178772,1.31545007228851,4.74378108978271,1.18591606616974,2.38630485534668,0.991481006145477,1.19420659542084
1123,-0.0140922656282783,0.317279100418091,1.11128902435303,1.05177974700928,0.712723970413208,2.92383050918579,3.08390784263611,5.52525997161865,1.7610684633255,0.226332172751427,1.30617499351501,4.72596979141235,1.17082512378693,2.36802792549133,0.968740165233612,1.17993700504303
1125,-0.00133866386022419,0.317052900791168,1.1181355714798,1.04639291763306,0.69760650396347,2.8487401008606,3.0483124256134,5.45865869522095,1.76381194591522,0.234213560819626,1.284916639328,4.69762992858887,1.14689123630524,2.34006118774414,0.967190742492676,1.17860770225525
1127,0.00722364755347371,0.314832150936127,1.12805330753326,1.03227078914642,0.680684506893158,2.77744340896606,3.01505017280579,5.3830189704895,1.77150571346283,0.23753134906292,1.27817261219025,4.65670204162598,1.12608373165131,2.31351590156555,0.984573304653168,1.17052483558655
1129,0.00566364824771881,0.30191895365715,1.14363074302673,1.00638437271118,0.660639345645905,2.76111793518066,2.99098801612854,5.31885814666748,1.79972898960114,0.232518076896667,1.28414630889893,4.62268257141113,1.12168681621552,2.30317687988281,0.980336606502533,1.15653204917908
1131,0.000632107257843018,0.282880425453186,1.14812433719635,0.96439266204834,0.639808773994446,2.77993655204773,2.97292256355286,5.26842260360718,1.83656418323517,0.218186214566231,1.28085124492645,4.58825635910034,1.11346137523651,2.28983664512634,0.956720113754272,1.13776636123657
1133,-0.00748630333691835,0.264304161071777,1.15900695323944,0.922020733356476,0.616294205188751,2.7651481628418,2.95833086967468,5.2299747467041,1.87129151821136,0.199394568800926,1.26516819000244,4.54468154907227,1.09260010719299,2.25982308387756,0.92994350194931,1.12339413166046
1135,-0.0132115259766579,0.253004878759384,1.18027472496033,0.892479300498962,0.599108338356018,2.67578363418579,2.92823433876038,5.1811375617981,1.90443634986877,0.193007528781891,1.23560392856598,4.50394535064697,1.05214774608612,2.22207689285278,0.912259161472321,1.11115562915802
1137,-0.0290136709809303,0.241592958569527,1.19357633590698,0.872824847698212,0.572565197944641,2.59542870521545,2.88978242874146,5.15428113937378,1.93014621734619,0.196229979395866,1.22758316993713,4.47718334197998,1.01716089248657,2.19253587722778,0.887267231941223,1.09911274909973
1139,-0.03351766243577,0.230748653411865,1.20224940776825,0.871126651763916,0.539486050605774,2.57514929771423,2.86013340950012,5.15298128128052,1.97360157966614,0.215967118740082,1.24108779430389,4.46370077133179,0.999462783336639,2.17029714584351,0.84702080488205,1.08896994590759
1141,-0.0214889049530029,0.207944989204407,1.22804439067841,0.882458806037903,0.526983380317688,2.56664180755615,2.84470415115356,5.12265682220459,2.01961040496826,0.243385761976242,1.25230371952057,4.4495587348938,0.988038837909698,2.15137004852295,0.80636727809906,1.08566176891327
1143,-0.0116087701171637,0.17902746796608,1.26022887229919,0.891586124897003,0.522544980049133,2.52412891387939,2.83918619155884,5.06822824478149,2.06038188934326,0.259613066911697,1.24432814121246,4.44150829315186,0.972926914691925,2.15125060081482,0.781347632408142,1.07972192764282
1145,0.000188139922101982,0.153957262635231,1.28312194347382,0.875303566455841,0.508215248584747,2.48198080062866,2.83793711662292,4.98706483840942,2.07699751853943,0.259620785713196,1.22908842563629,4.43078279495239,0.942333102226257,2.15160489082336,0.778240919113159,1.07812643051147
1147,-0.00058285502018407,0.140201196074486,1.30493748188019,0.844342827796936,0.492088347673416,2.4745032787323,2.81556034088135,4.89019775390625,2.07345390319824,0.262293040752411,1.22252440452576,4.42188835144043,0.90880274772644,2.14561080932617,0.765906810760498,1.0737099647522
1149,-0.00439983140677214,0.124081291258335,1.32387244701385,0.816119253635406,0.484290540218353,2.48354887962341,2.78517651557922,4.8199634552002,2.0696132183075,0.254249572753906,1.21136558055878,4.41750335693359,0.88734757900238,2.13267683982849,0.751276731491089,1.07268965244293
1151,-0.00182396080344915,0.117570914328098,1.33662354946136,0.802506685256958,0.480029433965683,2.4346616268158,2.76184964179993,4.75254154205322,2.05496501922607,0.239836722612381,1.18172633647919,4.40791606903076,0.874104142189026,2.121661901474,0.747506499290466,1.06637847423553
1153,-0.00215171696618199,0.10764392465353,1.34425675868988,0.798350274562836,0.466154605150223,2.33564305305481,2.73460268974304,4.67936182022095,2.0284276008606,0.231327876448631,1.15247547626495,4.39128017425537,0.863384306430817,2.11416459083557,0.743105113506317,1.05707311630249
1155,0.00398628087714314,0.0924429893493652,1.34877848625183,0.799876153469086,0.444069355726242,2.23721551895142,2.71582460403442,4.63706016540527,1.98261094093323,0.238038539886475,1.13997852802277,4.36761474609375,0.848628461360931,2.11644220352173,0.726791083812714,1.04609251022339
1157,0.0228196140378714,0.0687642768025398,1.35711991786957,0.806547343730927,0.436434060335159,2.17203307151794,2.69421100616455,4.62798452377319,1.93157231807709,0.231459423899651,1.14121854305267,4.34215593338013,0.838667511940002,2.12794923782349,0.709163963794708,1.02576768398285
1159,0.0274775810539722,0.0637046173214912,1.35937762260437,0.805210113525391,0.433309406042099,2.13851594924927,2.65989875793457,4.6251745223999,1.87943267822266,0.215292885899544,1.1341450214386,4.32477378845215,0.837183833122253,2.14190435409546,0.714350163936615,1.0026513338089
1161,0.0221285745501518,0.0647968351840973,1.34603297710419,0.788146376609802,0.420525044202805,2.1251437664032,2.61800980567932,4.57913684844971,1.81361901760101,0.22488409280777,1.130779504776,4.28516435623169,0.831171810626984,2.15904831886292,0.713959395885468,0.983870565891266
1163,0.0107925506308675,0.0529651716351509,1.33833539485931,0.762132942676544,0.398486703634262,2.12535452842712,2.57987809181213,4.53019714355469,1.76125478744507,0.238633394241333,1.12512791156769,4.24948978424072,0.824815511703491,2.16459155082703,0.711189389228821,0.966951429843903
1165,0.00979208014905453,0.0289953611791134,1.34317898750305,0.735832750797272,0.38155934214592,2.14150452613831,2.56006932258606,4.47744274139404,1.73982906341553,0.22647051513195,1.12012100219727,4.22181415557861,0.815144717693329,2.13925576210022,0.725100517272949,0.954003155231476
1167,0.00566117838025093,0.0117428209632635,1.3611171245575,0.73823481798172,0.367325365543365,2.13910675048828,2.55085277557373,4.42310094833374,1.74648332595825,0.196422725915909,1.10354995727539,4.21960306167603,0.792594492435455,2.10184597969055,0.729221999645233,0.958930373191833
1169,-0.00391110312193632,0.0069090947508812,1.38604760169983,0.756114184856415,0.358225166797638,2.11391592025757,2.54069542884827,4.3634729385376,1.73581886291504,0.186551213264465,1.07000851631165,4.21581506729126,0.77579265832901,2.05299592018127,0.714683592319489,0.950414538383484
1171,-0.00381311075761914,-4.67119753011502E-05,1.40333259105682,0.742318570613861,0.347318649291992,2.09152412414551,2.51676750183105,4.29413461685181,1.69624805450439,0.184796735644341,1.03079104423523,4.17758226394653,0.758686304092407,2.00925159454346,0.69316440820694,0.932194113731384
1173,-0.000252343335887417,-0.0268935300409794,1.3989462852478,0.715239882469177,0.351814806461334,2.06690406799316,2.47105813026428,4.20039701461792,1.66139459609985,0.172165513038635,1.01362574100494,4.11167240142822,0.736031830310822,1.96526455879211,0.657826066017151,0.897529184818268
1175,0.0134196504950523,-0.0408622063696384,1.39771497249603,0.679503083229065,0.352464467287064,2.03456902503967,2.40919303894043,4.09717178344727,1.62424981594086,0.151243016123772,1.00660920143127,4.02484560012817,0.722439348697662,1.91424179077148,0.617488861083984,0.848601162433624
1177,0.0312385428696871,-0.0434598028659821,1.40557265281677,0.626746594905853,0.320466756820679,1.98913466930389,2.34450221061707,4.02189445495605,1.57544386386871,0.141516149044037,0.978892505168915,3.93986392021179,0.711580872535706,1.86346733570099,0.579160034656525,0.807404398918152
1179,0.0467861331999302,-0.0421908348798752,1.41155767440796,0.585521042346954,0.254420638084412,1.94254040718079,2.27459239959717,3.95319557189941,1.52671110630035,0.118160232901573,0.917900741100311,3.85100102424622,0.691621601581573,1.82484805583954,0.525337100028992,0.792853951454163
1181,0.0482539385557175,-0.0173885747790337,1.41709136962891,0.556731283664703,0.19450044631958,1.90648257732391,2.21379923820496,3.87676954269409,1.47366046905518,0.0938044339418411,0.860986590385437,3.79734897613525,0.67204624414444,1.81390309333801,0.481133908033371,0.797832667827606
1183,0.0290259718894958,0.00148946209810674,1.41654992103577,0.545354127883911,0.145891681313515,1.85191059112549,2.17126750946045,3.80747771263123,1.45918548107147,0.0826654136180878,0.833723783493042,3.76436328887939,0.639979541301727,1.83341944217682,0.456220358610153,0.797470688819885
1185,0.0233579277992249,-0.00313368858769536,1.40853190422058,0.53980153799057,0.126653119921684,1.75818753242493,2.14112544059753,3.72263717651367,1.48423612117767,0.0858370438218117,0.823205053806305,3.70715951919556,0.612975001335144,1.8241765499115,0.444920867681503,0.773393034934998
1187,0.0456676185131073,-0.0353506430983543,1.4072300195694,0.541142046451569,0.137769401073456,1.64559936523438,2.10658359527588,3.63511753082275,1.5235208272934,0.0841194838285446,0.828833103179932,3.66180992126465,0.591014444828033,1.79179263114929,0.458014488220215,0.73962390422821
1189,0.0656677782535553,-0.0702191963791847,1.40941870212555,0.53850394487381,0.179906636476517,1.5415757894516,2.07045888900757,3.56492447853088,1.5279495716095,0.0924651622772217,0.811817526817322,3.66849732398987,0.569275736808777,1.77949333190918,0.449577838182449,0.717692375183105
1191,0.0907342880964279,-0.092132955789566,1.40836346149445,0.540217638015747,0.194815307855606,1.45268726348877,2.03207325935364,3.52103734016418,1.48122465610504,0.0832338556647301,0.803023636341095,3.67380928993225,0.555706143379211,1.7613730430603,0.416270017623901,0.716742873191833
1193,0.105174027383327,-0.0926491767168045,1.41202139854431,0.540712833404541,0.179098933935165,1.40226101875305,1.99083590507507,3.47151494026184,1.42909073829651,0.062389113008976,0.814013063907623,3.63830518722534,0.540214419364929,1.71993720531464,0.378624588251114,0.732711732387543
1195,0.10408528149128,-0.0776261016726494,1.39937198162079,0.511882245540619,0.142360910773277,1.40953397750854,1.97338664531708,3.42568588256836,1.38870871067047,0.0401823036372662,0.835227489471436,3.56364917755127,0.536756813526154,1.65813267230988,0.339502304792404,0.732320010662079
1197,0.0735278055071831,-0.0665080845355988,1.39016783237457,0.473186790943146,0.103780090808868,1.4623498916626,1.94474387168884,3.35495114326477,1.32448768615723,0.0175786502659321,0.856004774570465,3.49864721298218,0.533260583877563,1.60280895233154,0.295722603797913,0.703521132469177
1199,0.0315405838191509,-0.0573704764246941,1.40482532978058,0.443795770406723,0.0790647119283676,1.50454795360565,1.90942418575287,3.30014157295227,1.2170068025589,0.00464035104960203,0.848351836204529,3.49387001991272,0.544795870780945,1.59363269805908,0.236594676971436,0.656031250953674
1201,0.0171399116516113,-0.0498164147138596,1.43001067638397,0.423288643360138,0.0505696795880795,1.46643424034119,1.8745276927948,3.26114511489868,1.13212788105011,0.00704887043684721,0.802068531513214,3.51735067367554,0.53288209438324,1.5876704454422,0.175322458148003,0.619226276874542
1203,0.0217209495604038,-0.064935103058815,1.45805668830872,0.394114196300507,0.0290237925946712,1.41493093967438,1.83731257915497,3.24191045761108,1.05487906932831,0.037822924554348,0.750648856163025,3.52799344062805,0.493441432714462,1.57050144672394,0.15766179561615,0.584235787391663
1205,0.0542846769094467,-0.0773336961865425,1.48021447658539,0.342253386974335,0.036450669169426,1.38944256305695,1.78232479095459,3.24394798278809,0.962952971458435,0.0713328421115875,0.687725961208344,3.48142528533936,0.444562017917633,1.52510023117065,0.183371961116791,0.576085269451141
1207,0.109740123152733,-0.110298223793507,1.49089908599854,0.318687915802002,0.0729715749621391,1.38802444934845,1.71799528598785,3.26485776901245,0.891180098056793,0.0577802956104279,0.604785561561584,3.39324164390564,0.42699122428894,1.44385576248169,0.221056789159775,0.584908723831177
1209,0.0860397964715958,-0.108963944017887,1.47003734111786,0.346649527549744,0.160265401005745,1.45979988574982,1.64837265014648,3.27314019203186,0.810067653656006,0.0581371001899242,0.548215806484222,3.28619265556335,0.467602461576462,1.39072227478027,0.237883731722832,0.546985507011414
1211,0.0617215447127819,-0.107594877481461,1.44863152503967,0.375340163707733,0.249835163354874,1.53344655036926,1.57693457603455,3.28163838386536,0.726840376853943,0.0585032030940056,0.490171104669571,3.17635250091553,0.509272575378418,1.33620345592499,0.25514942407608,0.508073449134827
1213,0.0367608927190304,-0.106189645826817,1.42666041851044,0.404788702726364,0.34177103638649,1.60903871059418,1.50360953807831,3.29036116600037,0.641414523124695,0.0588789768517017,0.430593073368073,3.06361079216003,0.552043437957764,1.28024446964264,0.272871196269989,0.468133568763733
1215,0.033903893083334,-0.110169596970081,1.39335930347443,0.380525201559067,0.282259196043015,1.60263288021088,1.49625325202942,3.34986305236816,0.64660120010376,0.0687892585992813,0.442466199398041,3.08426904678345,0.518631398677826,1.31502866744995,0.331304997205734,0.464689314365387
1217,0.0583336614072323,-0.0878385454416275,1.35673868656158,0.357765644788742,0.266800820827484,1.59937405586243,1.49643421173096,3.40589499473572,0.669748783111572,0.0579208545386791,0.454949647188187,3.13208436965942,0.456778824329376,1.3107647895813,0.407966136932373,0.465230584144592
1219,0.0901097282767296,-0.0785202085971832,1.35172283649445,0.364180237054825,0.338918387889862,1.59094429016113,1.5117119550705,3.45480585098267,0.716968774795532,0.0465775243937969,0.442297071218491,3.18048310279846,0.442709356546402,1.3050252199173,0.43594354391098,0.483823150396347
1221,0.0855246931314468,-0.0820758789777756,1.38250994682312,0.423229426145554,0.404489934444427,1.55635058879852,1.56800556182861,3.49208402633667,0.694607555866241,0.0554112382233143,0.443578958511353,3.23832964897156,0.501028895378113,1.29311919212341,0.436963230371475,0.51020485162735
1223,0.0509336329996586,-0.0623258762061596,1.42424726486206,0.470953643321991,0.444557070732117,1.55300843715668,1.56249177455902,3.51050043106079,0.666351675987244,0.0941952168941498,0.466849952936172,3.2678587436676,0.558429777622223,1.24972558021545,0.438935399055481,0.550550699234009
1225,0.0365778356790543,-0.0451156832277775,1.44029831886292,0.473284482955933,0.489265322685242,1.54444885253906,1.50016033649445,3.53212761878967,0.636529207229614,0.110144093632698,0.512420654296875,3.26963138580322,0.591240584850311,1.19153380393982,0.46054819226265,0.566986799240112
1227,0.0529214292764664,-0.0577886216342449,1.43330860137939,0.460786134004593,0.500119805335999,1.549391746521,1.46267366409302,3.49815225601196,0.639882504940033,0.115072935819626,0.544775784015656,3.2254319190979,0.617688059806824,1.17842960357666,0.461309641599655,0.555551528930664
1229,0.0947098881006241,-0.0336338058114052,1.42232596874237,0.447488456964493,0.491393208503723,1.58219838142395,1.45328223705292,3.44888973236084,0.642662107944489,0.142601951956749,0.547221183776855,3.17336082458496,0.640685975551605,1.18197762966156,0.454098701477051,0.529637813568115
1231,0.117711812257767,0.00521048484370112,1.42530989646912,0.470628082752228,0.474214941263199,1.60656881332397,1.45408797264099,3.42470502853394,0.589299619197845,0.162184238433838,0.525516152381897,3.11133599281311,0.650586903095245,1.20447361469269,0.478645652532578,0.501838564872742
1233,0.113317377865314,0.0404573455452919,1.4608314037323,0.515419363975525,0.479197889566422,1.63731825351715,1.44975674152374,3.45313000679016,0.517894506454468,0.15441007912159,0.507294774055481,3.05569934844971,0.666769981384277,1.2138911485672,0.526646256446838,0.50230348110199
1235,0.080306388437748,0.063247337937355,1.50294125080109,0.518531799316406,0.503844141960144,1.69325017929077,1.43966627120972,3.42829060554504,0.493118792772293,0.145030170679092,0.483346104621887,3.01961207389832,0.687133252620697,1.19396555423737,0.564311742782593,0.503283858299255
1237,0.0431359894573689,0.0931965112686157,1.55133271217346,0.480011224746704,0.551911890506744,1.74358141422272,1.41052258014679,3.37507486343384,0.470582187175751,0.139940798282623,0.463966757059097,2.96355175971985,0.698454260826111,1.17037153244019,0.629518866539001,0.473153173923492
1239,0.0136038009077311,0.126197353005409,1.56785821914673,0.470412254333496,0.608978033065796,1.7648833990097,1.35902559757233,3.3512122631073,0.475164622068405,0.128502398729324,0.465423226356506,2.92243647575378,0.701490342617035,1.14292705059052,0.72022944688797,0.444767087697983
1241,0.0359276160597801,0.146469011902809,1.53592479228973,0.486461848020554,0.646020710468292,1.76087427139282,1.27917790412903,3.33691048622131,0.509586691856384,0.156120866537094,0.467776447534561,2.90694284439087,0.700207948684692,1.13200914859772,0.770709633827209,0.443097472190857
1243,0.0871165096759796,0.16663846373558,1.50775730609894,0.530394434928894,0.637920141220093,1.75211954116821,1.20866632461548,3.28442740440369,0.520192563533783,0.158071130514145,0.473878860473633,2.87608098983765,0.687334656715393,1.12961328029633,0.754900813102722,0.470320135354996
1245,0.117065235972404,0.149964243173599,1.4851325750351,0.57168060541153,0.603982210159302,1.73985981941223,1.14742827415466,3.18539690971375,0.511207699775696,0.127910375595093,0.481301635503769,2.81890678405762,0.682168841362,1.09836173057556,0.750001609325409,0.492050796747208
1247,0.126797169446945,0.146250680088997,1.45436370372772,0.595067918300629,0.560781598091125,1.68814647197723,1.11100876331329,3.09532475471497,0.477348566055298,0.105197235941887,0.467845112085342,2.73924899101257,0.679198682308197,1.06091463565826,0.772580742835999,0.498996585607529
1249,0.141080394387245,0.154342859983444,1.4507771730423,0.602824330329895,0.555228769779205,1.63912725448608,1.0815327167511,3.0476667881012,0.45092436671257,0.103643923997879,0.445515155792236,2.69202780723572,0.663108587265015,1.02253484725952,0.80721789598465,0.480812788009644
1251,0.151553422212601,0.134465903043747,1.45343291759491,0.609466373920441,0.588212907314301,1.61725115776062,1.03276038169861,3.02345633506775,0.434188783168793,0.125097453594208,0.42395943403244,2.66269207000732,0.640398740768433,0.992921710014343,0.839144170284271,0.458608210086823
1253,0.151819199323654,0.116466529667377,1.43354380130768,0.600641846656799,0.597209751605988,1.6142646074295,0.990343272686005,2.98249340057373,0.427981555461884,0.134922802448273,0.404195457696915,2.63326621055603,0.616487503051758,0.987291574478149,0.863018989562988,0.451914638280869
1255,0.147904351353645,0.100586175918579,1.40480744838715,0.595750331878662,0.559468448162079,1.61304605007172,0.971176624298096,2.96154546737671,0.446816235780716,0.13951575756073,0.405120879411697,2.62348914146423,0.609119772911072,0.978120505809784,0.872244298458099,0.445798605680466
1257,0.151461899280548,0.0949338972568512,1.37436461448669,0.601978659629822,0.532492339611053,1.57862389087677,0.980129718780518,2.97606801986694,0.469917893409729,0.162024453282356,0.422960311174393,2.5929708480835,0.626406669616699,0.931954324245453,0.861508369445801,0.440497219562531
1259,0.154882311820984,0.0903013870120049,1.35281693935394,0.604562222957611,0.538607001304626,1.55143105983734,0.965874075889587,2.9959352016449,0.463962644338608,0.175716027617455,0.425825953483582,2.55964112281799,0.639377295970917,0.901059150695801,0.858510494232178,0.443578720092773
1261,0.145589545369148,0.0965784341096878,1.35157287120819,0.606270730495453,0.53074449300766,1.55376625061035,0.940004885196686,2.99923920631409,0.448500156402588,0.150478824973106,0.426046073436737,2.53903698921204,0.637144029140472,0.905692934989929,0.857701897621155,0.433603376150131
1263,0.159063935279846,0.12731759250164,1.3598301410675,0.601705312728882,0.514641284942627,1.58218216896057,0.918947279453278,2.9989595413208,0.448223471641541,0.132029384374619,0.425532281398773,2.50795006752014,0.608572065830231,0.931219100952148,0.853921473026276,0.411664813756943
1265,0.177602782845497,0.163030907511711,1.35913670063019,0.572343707084656,0.502816319465637,1.58640217781067,0.903311610221863,2.99214148521423,0.444947868585587,0.136922731995583,0.417586535215378,2.45881772041321,0.582602858543396,0.939780414104462,0.855201184749603,0.407014727592468
1267,0.177087679505348,0.195162296295166,1.35893714427948,0.545625269412994,0.486236065626144,1.54756343364716,0.898769080638885,2.97149467468262,0.442757040262222,0.149915769696236,0.415235966444016,2.42324781417847,0.580411016941071,0.917652666568756,0.861225605010986,0.400712877511978
1269,0.162380576133728,0.213985964655876,1.37124812602997,0.534434258937836,0.498428404331207,1.48680710792542,0.920118153095245,2.93594336509705,0.416563510894775,0.145654946565628,0.401814430952072,2.42769718170166,0.59146648645401,0.899745643138885,0.879102230072021,0.369297951459885
1271,0.152387782931328,0.207705870270729,1.37802505493164,0.523381590843201,0.529159963130951,1.43386673927307,0.929789423942566,2.87811708450317,0.392437428236008,0.132631421089172,0.389605939388275,2.43722128868103,0.597397446632385,0.888020038604736,0.891716957092285,0.354198753833771
1273,0.168943375349045,0.198762893676758,1.37184584140778,0.533527433872223,0.545731663703918,1.39282202720642,0.909819662570953,2.82635140419006,0.388466686010361,0.116031654179096,0.40517070889473,2.43566751480103,0.593826830387115,0.882511377334595,0.898552596569061,0.345011383295059
1275,0.181779623031616,0.188130885362625,1.35548508167267,0.557677686214447,0.542518496513367,1.36671793460846,0.874467730522156,2.78159403800964,0.385214626789093,0.116064347326756,0.438306093215942,2.4209041595459,0.591859459877014,0.862053632736206,0.909314811229706,0.34059351682663
1277,0.1827172935009,0.192562833428383,1.34942841529846,0.577275454998016,0.528401970863342,1.35778534412384,0.839839816093445,2.74962854385376,0.369387358427048,0.124265342950821,0.440877139568329,2.39153742790222,0.600516259670258,0.843908727169037,0.923011243343353,0.337043315172195
1279,0.180150657892227,0.214884728193283,1.35198163986206,0.580144941806793,0.512061178684235,1.38042771816254,0.830397307872772,2.713219165802,0.34645864367485,0.137849777936935,0.418152898550034,2.34266710281372,0.618449091911316,0.841421782970428,0.939816415309906,0.332776784896851
1281,0.182587966322899,0.224441453814507,1.33636116981506,0.59320479631424,0.498883247375488,1.38795375823975,0.836634516716003,2.67692995071411,0.31667086482048,0.152559548616409,0.412836045026779,2.31656265258789,0.611155867576599,0.846128165721893,0.963697850704193,0.336593598127365
1283,0.193384528160095,0.213525786995888,1.33623397350311,0.613362729549408,0.480133920907974,1.3889594078064,0.834843993186951,2.65167498588562,0.297201842069626,0.165448039770126,0.409199923276901,2.32432532310486,0.585458695888519,0.855084300041199,0.972828209400177,0.330632537603378
1285,0.206976145505905,0.204691797494888,1.35830008983612,0.630179166793823,0.458152770996094,1.39788138866425,0.807179272174835,2.63196539878845,0.287911862134933,0.169311374425888,0.414058923721313,2.33635401725769,0.587205111980438,0.847113966941833,0.979032933712006,0.321277290582657
1287,0.201311632990837,0.203800171613693,1.37314164638519,0.647497236728668,0.453672558069229,1.39496529102325,0.782384693622589,2.63344049453735,0.291592001914978,0.159319639205933,0.432949632406235,2.33318591117859,0.61554217338562,0.834547519683838,0.992230713367462,0.322108447551727
1289,0.187203109264374,0.20393568277359,1.36554634571075,0.667824327945709,0.460074543952942,1.37593567371368,0.785484850406647,2.66508746147156,0.307611405849457,0.14367350935936,0.447149127721786,2.34195733070374,0.641473412513733,0.83390748500824,1.00347280502319,0.325709342956543
1291,0.168510541319847,0.205372527241707,1.33393466472626,0.6759392619133,0.466740995645523,1.36413276195526,0.790195941925049,2.67770886421204,0.308440029621124,0.135224685072899,0.458146452903748,2.34609508514404,0.624794006347656,0.838197529315948,0.983923971652985,0.331477761268616
1293,0.152158692479134,0.199905693531036,1.29831075668335,0.667840778827667,0.48951318860054,1.36263406276703,0.784691631793976,2.67255139350891,0.289697498083115,0.131257727742195,0.459556609392166,2.35219240188599,0.585348010063171,0.838268280029297,0.965373992919922,0.327470660209656
1295,0.145929113030434,0.194242432713509,1.28688716888428,0.66161048412323,0.522262394428253,1.36140179634094,0.788909733295441,2.67065167427063,0.282775610685349,0.12591215968132,0.447824954986572,2.34386920928955,0.563064932823181,0.841477155685425,0.975831925868988,0.312564134597778
1297,0.144884839653969,0.194231033325195,1.28491616249084,0.655874609947205,0.555080115795135,1.34250640869141,0.791367888450623,2.68204832077026,0.278491884469986,0.123496793210506,0.43126967549324,2.33163905143738,0.555682599544525,0.851236820220947,0.989417493343353,0.297159314155579
1299,0.157213717699051,0.196648791432381,1.2728511095047,0.648743569850922,0.555310189723969,1.33984994888306,0.795522630214691,2.69962930679321,0.271553635597229,0.13165058195591,0.4333216547966,2.34480428695679,0.561499893665314,0.870309829711914,0.999501943588257,0.291903853416443
1301,0.175825297832489,0.200505867600441,1.28344571590424,0.64866703748703,0.542401909828186,1.35906183719635,0.808064579963684,2.69504165649414,0.255735397338867,0.143289834260941,0.442130982875824,2.36350393295288,0.569052040576935,0.889195799827576,1.00791680812836,0.292761147022247
1303,0.195236757397652,0.213695496320724,1.30499827861786,0.653385758399963,0.527362644672394,1.37662315368652,0.815410852432251,2.66158318519592,0.250513285398483,0.157031089067459,0.434921681880951,2.36584973335266,0.584336400032043,0.898770153522491,1.02421224117279,0.307899981737137
1305,0.206018954515457,0.230547189712524,1.31155109405518,0.653936862945557,0.512463092803955,1.38526451587677,0.814187109470367,2.64522171020508,0.250945925712585,0.168413043022156,0.424669981002808,2.36385464668274,0.594645857810974,0.905213177204132,1.04137182235718,0.314496576786041
1307,0.210551291704178,0.243476748466492,1.31352961063385,0.652731716632843,0.513126730918884,1.39310765266418,0.795126676559448,2.64635539054871,0.255512118339539,0.164090424776077,0.428241908550262,2.35704255104065,0.604091763496399,0.896048247814178,1.05968999862671,0.306258350610733
1309,0.204186737537384,0.247194305062294,1.31404626369476,0.640268743038177,0.517054498195648,1.40233981609344,0.780627250671387,2.64261102676392,0.257845729589462,0.151145040988922,0.442742675542831,2.35932326316833,0.624228656291962,0.87015300989151,1.07704925537109,0.299212992191315
1311,0.194031074643135,0.25381126999855,1.30440723896027,0.623473465442657,0.511715233325958,1.4159346818924,0.764828205108643,2.63255476951599,0.239467278122902,0.133682489395142,0.450255066156387,2.36792206764221,0.648296892642975,0.86100298166275,1.08317542076111,0.296239525079727
1313,0.195324525237083,0.263832926750183,1.29502058029175,0.626224219799042,0.506037712097168,1.4314888715744,0.747517168521881,2.61973834037781,0.227842435240746,0.1202442497015,0.44774517416954,2.36392021179199,0.669573724269867,0.865046977996826,1.06244850158691,0.293862819671631
1315,0.198356226086617,0.279043197631836,1.28253102302551,0.636194407939911,0.50913405418396,1.41622579097748,0.73512202501297,2.62188982963562,0.228293135762215,0.123841747641563,0.443247616291046,2.35369968414307,0.668813586235046,0.864324271678925,1.04339480400085,0.29495233297348
1317,0.202085241675377,0.289537072181702,1.27281200885773,0.651209890842438,0.505938470363617,1.37848365306854,0.737683415412903,2.6090886592865,0.218370378017426,0.133841395378113,0.438455104827881,2.35155963897705,0.651242315769196,0.858608484268188,1.04333138465881,0.29570409655571
1319,0.206473618745804,0.287371784448624,1.26948225498199,0.660345554351807,0.484635859727859,1.34792542457581,0.744469344615936,2.57945466041565,0.208835899829865,0.15040847659111,0.434071213006973,2.34834313392639,0.636424899101257,0.849702715873718,1.04169034957886,0.290877610445023
1321,0.214154750108719,0.287081092596054,1.25217700004578,0.651393890380859,0.471537709236145,1.32234036922455,0.743418574333191,2.56565999984741,0.208321154117584,0.163219258189201,0.426532477140427,2.32767987251282,0.629652321338654,0.851311147212982,1.04121708869934,0.285438627004623
1323,0.21644115447998,0.2806156873703,1.23077726364136,0.629043161869049,0.471555292606354,1.28922140598297,0.747749209403992,2.57683897018433,0.212829276919365,0.164346903562546,0.418169438838959,2.29265403747559,0.617210626602173,0.845357060432434,1.04835665225983,0.285505056381226
1325,0.215741649270058,0.273267388343811,1.20966637134552,0.627896368503571,0.485716491937637,1.24851429462433,0.755090296268463,2.58559155464172,0.220666363835335,0.157909318804741,0.410678654909134,2.26026248931885,0.598350286483765,0.827685296535492,1.03772807121277,0.285651743412018
1327,0.210355222225189,0.267152190208435,1.19889283180237,0.641290068626404,0.502909541130066,1.24612712860107,0.761246860027313,2.57161688804626,0.239122271537781,0.153765603899956,0.416284501552582,2.25276303291321,0.592053234577179,0.81155526638031,1.01984310150146,0.279432982206345
1329,0.190246790647507,0.266790270805359,1.19713175296783,0.658960461616516,0.51522308588028,1.27064049243927,0.766840755939484,2.55074524879456,0.252193838357925,0.144148319959641,0.418494999408722,2.26232504844666,0.58898538351059,0.798055589199066,1.01818251609802,0.271701514720917
1331,0.18555973470211,0.270060777664185,1.19874668121338,0.671325027942657,0.51426637172699,1.29667556285858,0.762248516082764,2.53774952888489,0.245244279503822,0.136666864156723,0.419688314199448,2.26696085929871,0.578755736351013,0.799588203430176,1.02878510951996,0.260045260190964
1333,0.191526159644127,0.266804605722427,1.19810950756073,0.664682328701019,0.497605800628662,1.30022931098938,0.742401421070099,2.525475025177,0.231323599815369,0.137041181325912,0.420447051525116,2.27710843086243,0.568660497665405,0.803613305091858,1.03657007217407,0.25196161866188
1335,0.201444208621979,0.250637829303741,1.19372308254242,0.640178501605988,0.477196544408798,1.27556908130646,0.72825425863266,2.49602127075195,0.225404858589172,0.137790590524673,0.419805198907852,2.27380681037903,0.561308920383453,0.796343326568604,1.03910613059998,0.244511872529984
1337,0.212883919477463,0.238550439476967,1.19762456417084,0.608229696750641,0.46943411231041,1.24698221683502,0.729365468025208,2.45319962501526,0.219763770699501,0.137331813573837,0.411256849765778,2.26892471313477,0.570902109146118,0.790470778942108,1.03477001190186,0.243522778153419
1339,0.21094822883606,0.244420573115349,1.19954943656921,0.594406425952911,0.476207435131073,1.22491443157196,0.726143598556519,2.42940783500671,0.20194274187088,0.132121384143829,0.408224552869797,2.27077770233154,0.585300087928772,0.787232995033264,1.02894914150238,0.245215982198715
1341,0.198985204100609,0.257041692733765,1.19190561771393,0.596317648887634,0.490708202123642,1.21018648147583,0.702322006225586,2.44405269622803,0.194364190101624,0.128419473767281,0.424194991588593,2.26911902427673,0.593980550765991,0.782697141170502,1.02196550369263,0.244615897536278
1343,0.188895657658577,0.266598522663116,1.18807101249695,0.600332498550415,0.499664634466171,1.21874344348907,0.687143743038177,2.457852602005,0.195412531495094,0.146454960107803,0.445641577243805,2.25726914405823,0.592019259929657,0.783517479896545,1.02141499519348,0.244723126292229
1345,0.186143264174461,0.270866602659225,1.18453121185303,0.60410338640213,0.497628480195999,1.24457228183746,0.678113996982574,2.44157958030701,0.192908808588982,0.168432161211967,0.445332467556,2.24078679084778,0.588916659355164,0.790670096874237,1.02980041503906,0.236122816801071
1347,0.182837963104248,0.264004349708557,1.17655038833618,0.608905673027039,0.49063515663147,1.26537489891052,0.67359858751297,2.42233848571777,0.195564746856689,0.175400108098984,0.4387346804142,2.21061420440674,0.586373388767242,0.791034281253815,1.03126764297485,0.226333037018776
1349,0.171935334801674,0.256561517715454,1.16579830646515,0.617305517196655,0.488364547491074,1.26603412628174,0.671739935874939,2.43900942802429,0.198287189006805,0.174190878868103,0.443662196397781,2.17835307121277,0.575678765773773,0.77573037147522,1.0197901725769,0.228625059127808
1351,0.159761488437653,0.250760942697525,1.16384732723236,0.624692559242249,0.481737196445465,1.25227165222168,0.667322754859924,2.46513414382935,0.1978470236063,0.173908323049545,0.447315633296967,2.17199301719666,0.563479244709015,0.759937226772308,1.00975394248962,0.250523090362549
1353,0.158345296978951,0.246766284108162,1.17612731456757,0.624684989452362,0.48175910115242,1.24255847930908,0.66793155670166,2.46907472610474,0.195834651589394,0.176916271448135,0.447191417217255,2.18221879005432,0.548662662506104,0.75134140253067,1.01802265644073,0.272157192230225
1355,0.167029574513435,0.252611815929413,1.1942640542984,0.613350868225098,0.499251484870911,1.23844611644745,0.668522417545319,2.46806454658508,0.195057258009911,0.182882964611053,0.441021054983139,2.19577050209045,0.549158871173859,0.75876921415329,1.02787923812866,0.274509370326996
1357,0.171011358499527,0.252486914396286,1.19627296924591,0.605333030223846,0.511131227016449,1.24135172367096,0.657861769199371,2.48266291618347,0.21047605574131,0.190329879522324,0.434038162231445,2.22191500663757,0.555816113948822,0.779663443565369,1.00922167301178,0.258580952882767
1359,0.171024769544601,0.246557861566544,1.19981908798218,0.601184904575348,0.514171004295349,1.24717307090759,0.639208853244781,2.51630568504333,0.231376454234123,0.188933447003365,0.419812262058258,2.27128314971924,0.550729095935822,0.799842894077301,0.991401255130768,0.242556244134903
1361,0.178490296006203,0.254281342029572,1.22004568576813,0.609322249889374,0.523179292678833,1.27270901203156,0.648121237754822,2.55846405029297,0.244237542152405,0.185296952724457,0.418343394994736,2.35415983200073,0.55675083398819,0.828208923339844,1.02172565460205,0.237128138542175
1363,0.193330407142639,0.280404061079025,1.25216102600098,0.630199730396271,0.537652373313904,1.32703411579132,0.685757756233215,2.6087634563446,0.252177953720093,0.180436581373215,0.434901058673859,2.44016408920288,0.585087656974792,0.862867534160614,1.10137689113617,0.242779612541199
1365,0.196401908993721,0.309024065732956,1.28444063663483,0.655197024345398,0.552533745765686,1.38175511360168,0.712182760238647,2.6630859375,0.255158632993698,0.169629663228989,0.456680059432983,2.49989819526672,0.612687170505524,0.878937721252441,1.17210793495178,0.248404517769814
1367,0.196647584438324,0.342674911022186,1.31768536567688,0.688388645648956,0.576162695884705,1.43684327602386,0.73282790184021,2.72433304786682,0.243869408965111,0.1649279743433,0.464427500963211,2.54024291038513,0.629592657089233,0.882459342479706,1.21000301837921,0.254666805267334
1369,0.198034688830376,0.366067737340927,1.34789288043976,0.71908837556839,0.591633975505829,1.46492636203766,0.761095821857452,2.77127456665039,0.234005808830261,0.163046851754189,0.456961810588837,2.57212090492249,0.641606509685516,0.883280277252197,1.22947978973389,0.263032883405685
1371,0.191185548901558,0.361349403858185,1.37067437171936,0.728660047054291,0.588370084762573,1.47991240024567,0.795605957508087,2.7958071231842,0.235628843307495,0.149016514420509,0.455216497182846,2.5997142791748,0.654146373271942,0.875579714775085,1.24217009544373,0.274610728025436
1373,0.18268957734108,0.360935270786285,1.39148354530334,0.737726211547852,0.577965795993805,1.51717209815979,0.817953646183014,2.83704209327698,0.241185382008553,0.13722163438797,0.472144454717636,2.63264632225037,0.671288013458252,0.874472975730896,1.26322412490845,0.279418379068375
1375,0.184541195631027,0.368680983781815,1.41803479194641,0.763405025005341,0.592857539653778,1.54141414165497,0.820540845394135,2.88873505592346,0.243830665946007,0.14701122045517,0.49648717045784,2.68048787117004,0.686018586158752,0.875910758972168,1.30170857906342,0.292602866888046
1377,0.198623970150948,0.385937333106995,1.45315825939178,0.786450803279877,0.637304961681366,1.55438029766083,0.820864260196686,2.92693400382996,0.248502671718597,0.171730816364288,0.519153594970703,2.74173188209534,0.699943125247955,0.885898411273956,1.34125185012817,0.299460113048553
1379,0.218244701623917,0.403183132410049,1.48665380477905,0.802875876426697,0.666345834732056,1.5638120174408,0.834002017974854,2.94603228569031,0.247810229659081,0.19475269317627,0.538953959941864,2.8075156211853,0.715959787368774,0.908465027809143,1.37782955169678,0.309905141592026
1381,0.23114638030529,0.417722225189209,1.51885068416595,0.811267495155334,0.669723153114319,1.57536363601685,0.85304844379425,2.96035671234131,0.254618108272552,0.202142134308815,0.567895829677582,2.86548805236816,0.725831270217896,0.943337321281433,1.40324521064758,0.329700857400894
1383,0.230480834841728,0.426976203918457,1.54126608371735,0.816765129566193,0.657156944274902,1.60292387008667,0.85645467042923,2.97438430786133,0.276404619216919,0.20764397084713,0.58936733007431,2.90664029121399,0.737094223499298,0.975742876529694,1.42163228988647,0.33837354183197
1385,0.237993106245995,0.420111954212189,1.54797887802124,0.829852938652039,0.627963304519653,1.63149404525757,0.856413602828979,2.98783850669861,0.28469642996788,0.219102442264557,0.585875868797302,2.93141508102417,0.741937279701233,1.0039085149765,1.43269884586334,0.33000847697258
1387,0.260271966457367,0.41100600361824,1.55887162685394,0.849994480609894,0.607165992259979,1.65984857082367,0.876369297504425,3.00057768821716,0.280515044927597,0.222342863678932,0.571073532104492,2.94971656799316,0.736573934555054,1.01567566394806,1.44982385635376,0.316650569438934
1389,0.275316387414932,0.403754979372025,1.56747198104858,0.852982103824615,0.608443200588226,1.67319011688232,0.895692884922028,3.01901483535767,0.272129088640213,0.207773253321648,0.567675292491913,2.95646691322327,0.738856434822083,1.01438093185425,1.46768200397491,0.308051526546478
1391,0.262041121721268,0.398231893777847,1.55735182762146,0.834294974803925,0.613332390785217,1.6762421131134,0.892249524593353,3.02418231964111,0.270972639322281,0.184124514460564,0.560902535915375,2.95046424865723,0.740793228149414,1.00598192214966,1.46437406539917,0.294461101293564
1393,0.241998672485352,0.393555074930191,1.53111803531647,0.804266452789307,0.601576209068298,1.65760850906372,0.862559974193573,3.0162250995636,0.283507943153381,0.174284055829048,0.54827219247818,2.9296441078186,0.743991911411285,1.00057733058929,1.43958485126495,0.291368871927261
1395,0.222990617156029,0.375822961330414,1.51203763484955,0.788511097431183,0.572778582572937,1.62215089797974,0.834084451198578,2.99253439903259,0.297637581825256,0.157412618398666,0.530413568019867,2.89272117614746,0.744413614273071,0.998574733734131,1.41666519641876,0.295923054218292
1397,0.21769492328167,0.369510024785995,1.4902640581131,0.779318034648895,0.560011982917786,1.6122967004776,0.828777074813843,2.96853613853455,0.291602164506912,0.150116726756096,0.522123634815216,2.82869553565979,0.738405704498291,0.98634272813797,1.40530443191528,0.29074490070343
1399,0.216919347643852,0.374366581439972,1.45429348945618,0.756738841533661,0.557827949523926,1.60907733440399,0.844252288341522,2.93526077270508,0.264976024627686,0.158381298184395,0.52551805973053,2.76819252967834,0.734603822231293,0.963902175426483,1.39970481395721,0.287063747644424
1401,0.202476009726524,0.366665482521057,1.41530752182007,0.748664736747742,0.553143084049225,1.5909218788147,0.843287825584412,2.88535952568054,0.238776549696922,0.167157083749771,0.514812707901001,2.71796798706055,0.721826732158661,0.94900119304657,1.38471436500549,0.285709738731384
1403,0.190421134233475,0.360741257667542,1.40158104896545,0.743774652481079,0.540022492408752,1.5703501701355,0.827686548233032,2.83336973190308,0.219005510210991,0.167194038629532,0.501207709312439,2.67370748519897,0.701471745967865,0.934145390987396,1.36965322494507,0.289534837007523
1405,0.195646747946739,0.351724743843079,1.40220820903778,0.732663929462433,0.53520542383194,1.57353556156158,0.829835832118988,2.79375553131104,0.208685770630836,0.154864192008972,0.495759099721909,2.64780163764954,0.686930298805237,0.919245362281799,1.36171293258667,0.296411752700806
1407,0.200181528925896,0.341433048248291,1.39735960960388,0.732240378856659,0.546006798744202,1.56790506839752,0.833184778690338,2.76331949234009,0.207276836037636,0.143956020474434,0.496294498443604,2.6361997127533,0.681535422801971,0.902981758117676,1.35634696483612,0.301895201206207
1409,0.197271078824997,0.338353782892227,1.39747619628906,0.741282880306244,0.572496652603149,1.52487802505493,0.82977157831192,2.74928426742554,0.224438831210136,0.14801998436451,0.503879904747009,2.63262820243835,0.682525813579559,0.892464160919189,1.34675014019012,0.30040043592453
1411,0.184896871447563,0.331811785697937,1.40309977531433,0.740174472332001,0.593551397323608,1.47346138954163,0.816270411014557,2.72182321548462,0.221019685268402,0.155224338173866,0.503359496593475,2.60748553276062,0.68903636932373,0.880825281143188,1.33258414268494,0.280627995729446
1413,0.161876052618027,0.319042980670929,1.39903962612152,0.727223992347717,0.596979916095734,1.44516634941101,0.796062767505646,2.68367123603821,0.190233364701271,0.150612503290176,0.485634922981262,2.55785036087036,0.692999839782715,0.855716586112976,1.29799377918243,0.254936695098877
1415,0.135669246315956,0.277211517095566,1.38704490661621,0.687778532505035,0.57965624332428,1.42852187156677,0.765072762966156,2.64810466766357,0.15607613325119,0.124570831656456,0.457271069288254,2.50611186027527,0.682208359241486,0.834707915782928,1.24335014820099,0.233215734362602
1417,0.115400329232216,0.246351271867752,1.37193465232849,0.644462406635284,0.535946071147919,1.40898025035858,0.73857319355011,2.60297608375549,0.122542202472687,0.0937144234776497,0.458315014839172,2.46789216995239,0.667372822761536,0.830743968486786,1.19879615306854,0.227598041296005
1419,0.12162284553051,0.240046322345734,1.35893249511719,0.614782631397247,0.508146405220032,1.37450015544891,0.741812884807587,2.55513763427734,0.106247320771217,0.0768629685044289,0.473224610090256,2.43181610107422,0.650107026100159,0.825063645839691,1.19183945655823,0.224992081522942
1421,0.140547290444374,0.25585925579071,1.3410472869873,0.598485112190247,0.489931792020798,1.34603297710419,0.757915318012238,2.52956509590149,0.140850633382797,0.0591417290270329,0.480479836463928,2.4076201915741,0.623944461345673,0.803015410900116,1.19488084316254,0.223274186253548
1423,0.155282646417618,0.264737814664841,1.32710719108582,0.602693915367126,0.472452163696289,1.3344703912735,0.76008927822113,2.54271125793457,0.193857550621033,0.0505530834197998,0.472426414489746,2.41494345664978,0.629828989505768,0.774502456188202,1.20100522041321,0.223872408270836
1425,0.162434011697769,0.268356919288635,1.32729160785675,0.611591994762421,0.467970937490463,1.33075678348541,0.772715151309967,2.55762100219727,0.2401954382658,0.056973148137331,0.452965646982193,2.44205570220947,0.647701263427734,0.743581116199493,1.20536947250366,0.21325957775116
1427,0.156723156571388,0.289551913738251,1.33594727516174,0.611579835414886,0.466380387544632,1.31780505180359,0.813080370426178,2.55995178222656,0.265352427959442,0.073876865208149,0.431263446807861,2.4540913105011,0.660890102386475,0.732297956943512,1.19675731658936,0.205935329198837
1429,0.146507665514946,0.31736221909523,1.3614444732666,0.633808851242065,0.474370360374451,1.32105433940887,0.86023998260498,2.56660771369934,0.278390973806381,0.0961243584752083,0.41834345459938,2.46161603927612,0.674601137638092,0.754990875720978,1.18414044380188,0.210465505719185
1431,0.129096388816833,0.349611878395081,1.41032016277313,0.655673027038574,0.479785621166229,1.35108292102814,0.861707508563995,2.59093165397644,0.294927388429642,0.0996352210640907,0.415537863969803,2.48817324638367,0.658257722854614,0.793049871921539,1.2022899389267,0.207197844982147
1433,0.110324881970882,0.346811801195145,1.45934641361237,0.645590364933014,0.471115350723267,1.3761522769928,0.842786312103271,2.62343549728394,0.311686247587204,0.0902431607246399,0.428940504789352,2.51693153381348,0.638666272163391,0.800221681594849,1.22628593444824,0.188690781593323
1435,0.116138741374016,0.332661032676697,1.51297497749329,0.642191052436829,0.481512933969498,1.422483086586,0.853583335876465,2.66058015823364,0.325395703315735,0.101833075284958,0.453021645545959,2.55476593971252,0.666571199893951,0.802704095840454,1.27443516254425,0.170391976833344
1437,0.154015347361565,0.324002832174301,1.54855835437775,0.666845083236694,0.508886635303497,1.46665167808533,0.883559703826904,2.72364497184753,0.336010217666626,0.108829110860825,0.468923330307007,2.6315438747406,0.706602394580841,0.834053575992584,1.32236790657043,0.166185155510902
1439,0.16984760761261,0.328365296125412,1.58083415031433,0.712733566761017,0.524845361709595,1.49737024307251,0.907120048999786,2.80452036857605,0.339658409357071,0.109736487269402,0.483317375183105,2.73084831237793,0.755789756774902,0.865630686283112,1.35079705715179,0.179617926478386
1441,0.152862221002579,0.336639791727066,1.60020983219147,0.740187585353851,0.532093942165375,1.51868522167206,0.899851202964783,2.90090465545654,0.334314316511154,0.126757219433784,0.501363515853882,2.82794308662415,0.788259208202362,0.861467719078064,1.37006163597107,0.2039605230093
1443,0.12353178858757,0.329586505889893,1.59880805015564,0.739191830158234,0.52153342962265,1.50356101989746,0.875429809093475,2.97663307189941,0.323309928178787,0.142081812024117,0.496320813894272,2.89310026168823,0.778248250484467,0.840172469615936,1.36701619625092,0.224743440747261
1445,0.117472030222416,0.314160346984863,1.58135831356049,0.730373978614807,0.512500762939453,1.51305174827576,0.849196255207062,3.02739858627319,0.29417473077774,0.138974338769913,0.496573626995087,2.92600226402283,0.756496787071228,0.840719103813171,1.35414838790894,0.226545348763466
1447,0.114396877586842,0.309186637401581,1.54990375041962,0.761405289173126,0.626616418361664,1.62794756889343,0.87030291557312,3.08225655555725,0.264316350221634,0.112641781568527,0.504957556724548,2.93674683570862,0.71600729227066,0.891484439373016,1.39659535884857,0.227572038769722
1449,0.111381694674492,0.30430993437767,1.51906275749207,0.791831254959106,0.738506078720093,1.74060225486755,0.89099782705307,3.13604474067688,0.23504039645195,0.0868228748440742,0.513177931308746,2.94728207588196,0.676307499408722,0.941259682178497,1.43821430206299,0.228578731417656
1451,0.10842477530241,0.299527406692505,1.4888174533844,0.821669518947601,0.848234295845032,1.85108077526093,0.911293029785156,3.18879365921021,0.206329971551895,0.0615027472376823,0.521239519119263,2.95761370658875,0.637374639511108,0.990073263645172,1.47902929782867,0.229565978050232
1453,0.0849480628967285,0.282327890396118,1.45315325260162,0.790625751018524,0.80879157781601,1.78316342830658,0.89164787530899,3.14567375183105,0.224030956625938,0.0511299297213554,0.514636874198914,2.88689637184143,0.606874942779541,0.978809118270874,1.45991694927216,0.223787307739258
1455,0.0690740495920181,0.270658254623413,1.42258775234222,0.707823634147644,0.74422299861908,1.67696392536163,0.842452943325043,3.10241842269897,0.24529005587101,0.059223834425211,0.489798754453659,2.80009007453918,0.58501148223877,0.938867926597595,1.39754891395569,0.231617480516434
1457,0.0793280005455017,0.27201583981514,1.39952993392944,0.644634127616882,0.673400521278381,1.65630316734314,0.809981524944305,3.04395961761475,0.267525851726532,0.0463253892958164,0.436634242534637,2.74603390693665,0.561803460121155,0.910524368286133,1.33862662315369,0.250296384096146
1459,0.0918921530246735,0.235553756356239,1.41877830028534,0.623035132884979,0.681640565395355,1.702791929245,0.822354853153229,3.00068807601929,0.245914801955223,0.0355404391884804,0.394928187131882,2.71172499656677,0.519138753414154,0.885171592235565,1.33226156234741,0.266406446695328
1461,0.0996398329734802,0.193579167127609,1.44874334335327,0.650741517543793,0.703577160835266,1.68406045436859,0.833931565284729,2.98101592063904,0.247608557343483,0.0388410426676273,0.372109413146973,2.68982362747192,0.491416066884995,0.845732390880585,1.31716847419739,0.265290230512619
1463,0.107787944376469,0.19268599152565,1.46210384368896,0.665462136268616,0.710599422454834,1.6669088602066,0.806785821914673,2.9771888256073,0.220226809382439,0.0564915686845779,0.36217987537384,2.69396615028381,0.481327146291733,0.803331136703491,1.31445252895355,0.261922359466553
1465,0.0685285180807114,0.212078973650932,1.45826411247253,0.646173655986786,0.719045639038086,1.68342566490173,0.760335385799408,3.01476788520813,0.146834224462509,0.0455387160181999,0.353434026241302,2.68608069419861,0.493387430906296,0.775611817836761,1.33986628055573,0.276810169219971
1467,0.0312542729079723,0.21689547598362,1.43026292324066,0.601514577865601,0.725802063941956,1.6590530872345,0.718490779399872,3.05680751800537,0.0874961465597153,0.0166054368019104,0.345633804798126,2.64654302597046,0.519191443920135,0.734103918075562,1.34306454658508,0.273304969072342
1469,0.039009615778923,0.200376242399216,1.35428786277771,0.560793220996857,0.713147699832916,1.62551748752594,0.66059935092926,3.03906726837158,0.0430608354508877,0.000596999539993703,0.323449611663818,2.62135362625122,0.531997740268707,0.719786763191223,1.31379377841949,0.266833066940308
1471,0.0607223436236382,0.185326710343361,1.28548789024353,0.539992332458496,0.690698862075806,1.58240079879761,0.629120886325836,2.97551822662354,0.0361077785491943,0.00666161347180605,0.27851328253746,2.62625670433044,0.532011687755585,0.742408156394958,1.28909158706665,0.263854324817657
1473,0.0476377159357071,0.19538788497448,1.23141026496887,0.51236093044281,0.656517028808594,1.5394686460495,0.64897894859314,2.89827418327332,0.0612748973071575,0.0402771793305874,0.214252978563309,2.58819818496704,0.531587183475494,0.787012755870819,1.27479326725006,0.257207870483398
1475,0.00379923591390252,0.22366638481617,1.25999975204468,0.497843831777573,0.631037414073944,1.5173773765564,0.669594049453735,2.84116816520691,0.117552049458027,0.0988286435604095,0.188076928257942,2.57243514060974,0.542440533638,0.813329815864563,1.27808809280396,0.218126475811005
1477,-0.0272531323134899,0.231637582182884,1.32152855396271,0.490582287311554,0.653110861778259,1.48634386062622,0.666498303413391,2.80855321884155,0.177807345986366,0.133713826537132,0.187532380223274,2.56748795509338,0.547380983829498,0.787726402282715,1.29612016677856,0.183646559715271
1479,-0.0287603791803122,0.244782641530037,1.40659308433533,0.475834459066391,0.69645231962204,1.4484965801239,0.65970915555954,2.84389090538025,0.238700747489929,0.133577644824982,0.209150686860085,2.5622456073761,0.531636834144592,0.751591920852661,1.29997205734253,0.156099736690521
1481,-0.03131502866745,0.293062210083008,1.51193225383759,0.476629227399826,0.724354565143585,1.49240028858185,0.64598685503006,2.9375114440918,0.259101092815399,0.104462318122387,0.229247778654099,2.58404946327209,0.544659018516541,0.746111631393433,1.29662096500397,0.165298968553543
1483,-0.0286040008068085,0.338249713182449,1.63149583339691,0.498697221279144,0.752316415309906,1.58348572254181,0.627692997455597,3.06182527542114,0.249738126993179,0.0997062176465988,0.236771151423454,2.61139321327209,0.567508578300476,0.760009109973907,1.29790318012238,0.179061442613602
1485,-0.0119502320885658,0.376469045877457,1.74253022670746,0.52400004863739,0.816506803035736,1.66407358646393,0.637222170829773,3.14647626876831,0.268124729394913,0.0940538346767426,0.211845904588699,2.64091801643372,0.57037353515625,0.78206992149353,1.30961990356445,0.171943843364716
1487,-0.003271872876212,0.37711289525032,1.81328153610229,0.521543502807617,0.869090735912323,1.73783111572266,0.671418726444244,3.19903421401978,0.284848690032959,0.0805787146091461,0.183475524187088,2.74566435813904,0.578993320465088,0.794946014881134,1.36281049251556,0.166675925254822
1489,0.0380244329571724,0.397005409002304,1.91304278373718,0.581232309341431,0.90830659866333,1.89505612850189,0.729793965816498,3.35255002975464,0.263702899217606,0.063938707113266,0.222060799598694,2.94904541969299,0.629031121730804,0.81008118391037,1.50382876396179,0.202681049704552
1491,0.0789085924625397,0.426198959350586,2.06169438362122,0.697515845298767,0.946562170982361,2.10275173187256,0.805967628955841,3.60400724411011,0.205809712409973,0.0537795424461365,0.293003767728806,3.17667174339294,0.723231792449951,0.894025027751923,1.67136204242706,0.202588528394699
1493,0.0845498666167259,0.452658772468567,2.21758723258972,0.805689752101898,0.940884947776794,2.25945138931274,0.840739071369171,3.81234383583069,0.175602689385414,0.0393953174352646,0.311094641685486,3.37803363800049,0.75060510635376,0.986299276351929,1.79323709011078,0.187039077281952
1495,0.0987840667366982,0.45919793844223,2.37610864639282,0.880656003952026,0.95943820476532,2.35023307800293,0.859947323799133,3.99770951271057,0.160953685641289,-0.00882885884493589,0.318401426076889,3.58498597145081,0.768781542778015,1.05075776576996,1.93690526485443,0.229426503181458
1497,0.115722723305225,0.494478613138199,2.50455379486084,0.93020886182785,1.03615808486938,2.50435304641724,0.927756130695343,4.20839548110962,0.149437695741653,-0.0320249237120152,0.385942012071609,3.78516793251038,0.854357063770294,1.11677479743958,2.1182427406311,0.302080363035202
1499,0.138819143176079,0.572705447673798,2.58767795562744,1.03492796421051,1.12715291976929,2.69861674308777,1.02392792701721,4.46500492095947,0.168107390403748,0.0122790047898889,0.467872053384781,3.99211120605469,0.932084441184998,1.18865430355072,2.2810389995575,0.365527838468552
1501,0.149836093187332,0.622474849224091,2.67513537406921,1.14279115200043,1.24804651737213,2.83445978164673,1.14362132549286,4.67762851715088,0.150230050086975,0.080152615904808,0.509045124053955,4.15071058273315,0.96185302734375,1.22425103187561,2.41427636146545,0.374729245901108
1503,0.119340799748898,0.630913257598877,2.70879602432251,1.14145004749298,1.2565803527832,2.83906936645508,1.1843318939209,4.73598718643188,0.0656023472547531,0.118424080312252,0.494745284318924,4.17723941802979,0.959141433238983,1.23611485958099,2.45611906051636,0.372538238763809
1505,0.0882748663425446,0.621768653392792,2.70611596107483,1.03431332111359,1.23886227607727,2.7416684627533,1.21172273159027,4.82888078689575,0.0375514328479767,0.179829478263855,0.447322130203247,4.2279953956604,0.997460603713989,1.25327670574188,2.51727366447449,0.385055333375931
1507,0.121597282588482,0.679059743881226,2.86133337020874,1.05239510536194,1.32700347900391,2.77715802192688,1.30870652198792,5.16510963439941,0.108797147870064,0.205891951918602,0.428690552711487,4.40447807312012,1.10833549499512,1.33677136898041,2.72003936767578,0.39549857378006
1509,0.162256672978401,0.764968991279602,3.08857393264771,1.23934876918793,1.46786856651306,2.94983434677124,1.4676411151886,5.57538604736328,0.217270255088806,0.242053046822548,0.505407929420471,4.70321798324585,1.30173075199127,1.37682116031647,2.94492506980896,0.399664044380188
1511,0.18844285607338,0.844239234924316,3.23494267463684,1.41695272922516,1.62832760810852,3.12694191932678,1.58241391181946,5.84453201293945,0.224889829754829,0.233093395829201,0.646012783050537,4.98674631118774,1.50398051738739,1.40500974655151,3.12451100349426,0.392737716436386
1513,0.158356562256813,0.89977765083313,3.29268956184387,1.55606579780579,1.70085275173187,3.19308137893677,1.55420029163361,5.94700241088867,0.148003667593002,0.19330196082592,0.774037003517151,5.15673351287842,1.56433367729187,1.49184608459473,3.13041591644287,0.329216122627258
1515,0.133800566196442,0.946407914161682,3.42608284950256,1.7131974697113,1.73641788959503,3.32778239250183,1.49001681804657,6.0860333442688,0.111361898481846,0.191673636436462,0.882625579833984,5.3265266418457,1.5447735786438,1.63773334026337,3.09315299987793,0.254981338977814
1517,0.0991865396499634,0.966635704040527,3.56114912033081,1.82113420963287,1.69007158279419,3.47496247291565,1.45488929748535,6.25050687789917,0.130649581551552,0.210468351840973,0.895225346088409,5.44011878967285,1.52056467533112,1.76315546035767,3.05985236167908,0.211459100246429
1519,0.0792305544018745,0.998433828353882,3.62004327774048,1.84638774394989,1.6663054227829,3.60368204116821,1.44320011138916,6.31458377838135,0.176161259412766,0.242805168032646,0.85993105173111,5.59725952148438,1.49296629428864,1.86303496360779,3.0853967666626,0.183867752552032
1521,0.196861505508423,1.03494274616241,3.69331431388855,1.88223993778229,1.74421620368958,3.6908106803894,1.49231064319611,6.30451107025146,0.241883307695389,0.287155032157898,0.857731759548187,5.78902673721313,1.49079561233521,1.96208214759827,3.25937986373901,0.208392754197121
1523,0.363917112350464,1.0449081659317,3.82146906852722,1.94038820266724,1.84223461151123,3.80855274200439,1.59275805950165,6.34485578536987,0.236400499939919,0.30068227648735,0.860290825366974,5.91711568832397,1.54283761978149,2.07908201217651,3.47099184989929,0.290735691785812
1525,0.46967539191246,1.09800887107849,3.95964527130127,2.02282977104187,1.97837924957275,3.97368764877319,1.69472706317902,6.51412057876587,0.194939509034157,0.30229640007019,0.866194665431976,6.02642726898193,1.64652919769287,2.13384532928467,3.61508011817932,0.396194964647293
1527,0.517720520496368,1.18746101856232,4.05549049377441,2.12084531784058,2.11072111129761,4.08535623550415,1.79725611209869,6.71626138687134,0.208599373698235,0.329613268375397,0.936043679714203,6.1578164100647,1.71984100341797,2.14586067199707,3.78181862831116,0.475480377674103
1529,0.521326959133148,1.24345541000366,4.08970260620117,2.17032527923584,2.19749140739441,4.0495457649231,1.84645926952362,6.81387710571289,0.205202266573906,0.33357372879982,1.02580332756042,6.1572732925415,1.7458781003952,2.14524698257446,3.87866950035095,0.464268922805786
1531,0.48809289932251,1.2905615568161,4.14132261276245,2.20219755172729,2.26392555236816,4.03659248352051,1.88028252124786,6.94292879104614,0.207459330558777,0.329638242721558,1.11238741874695,6.17337322235107,1.79917740821838,2.19037461280823,4.00747442245483,0.47704541683197
1533,0.470005810260773,1.37129127979279,4.17757272720337,2.27193379402161,2.33777189254761,4.10610866546631,1.9423645734787,7.17469882965088,0.23721918463707,0.362888962030411,1.18874406814575,6.22145318984985,1.84003305435181,2.26684832572937,4.12751722335815,0.507418274879456
1535,0.454886674880981,1.39481091499329,4.14092445373535,2.29886794090271,2.39348673820496,4.16793394088745,1.95696902275085,7.31475591659546,0.278110086917877,0.36450070142746,1.1833301782608,6.22705698013306,1.84780919551849,2.30706405639648,4.17058229446411,0.461006879806519
1537,0.389234244823456,1.36933791637421,4.00675439834595,2.24613237380981,2.38462781906128,4.1534276008606,1.90366196632385,7.30295658111572,0.307976722717285,0.294579982757568,1.15435779094696,6.1957426071167,1.83709383010864,2.29479241371155,4.15822887420654,0.365931630134583
1539,0.334084540605545,1.32092702388763,3.8060736656189,2.15924692153931,2.3695821762085,4.06324625015259,1.87520432472229,7.08178377151489,0.297547906637192,0.271842569112778,1.10431623458862,6.17098760604858,1.78983795642853,2.30334734916687,4.11366987228394,0.363473564386368
1541,0.357176452875137,1.26280295848846,3.60213088989258,2.12416005134583,2.33468079566956,4.03770923614502,1.89921844005585,6.78212833404541,0.267004907131195,0.254113793373108,1.07926595211029,6.14749050140381,1.73752212524414,2.37180590629578,4.05776977539063,0.4529989361763
1543,0.443266540765762,1.23055934906006,3.44415140151978,2.13879036903381,2.26217222213745,4.00298070907593,1.90782809257507,6.60393714904785,0.236347690224648,0.275705546140671,1.0392107963562,6.06180572509766,1.73112905025482,2.41578483581543,3.99171924591064,0.550881564617157
1545,0.501574516296387,1.21007180213928,3.3382580280304,2.1499342918396,2.20326972007751,3.87270760536194,1.89979445934296,6.48406744003296,0.228794276714325,0.322238504886627,1.04101896286011,5.94524717330933,1.72518050670624,2.41179919242859,3.91040849685669,0.581383049488068
1547,0.518177688121796,1.18156635761261,3.24184346199036,2.13567662239075,2.12159872055054,3.72924733161926,1.88247430324554,6.3317551612854,0.24302551150322,0.348123610019684,1.0615599155426,5.81841659545898,1.69669055938721,2.37524318695068,3.8127977848053,0.595912158489227
1549,0.522961139678955,1.12320029735565,3.11385917663574,2.07180261611938,2.0195004940033,3.63580560684204,1.8416440486908,6.14899873733521,0.248783871531487,0.353972584009171,1.09526515007019,5.65277242660522,1.66106307506561,2.34633803367615,3.68031549453735,0.589168012142181
1551,0.507249474525452,1.03351128101349,2.96642303466797,1.98596477508545,1.92577087879181,3.55511379241943,1.78798341751099,5.99155807495117,0.244401484727859,0.326819449663162,1.10559463500977,5.48208999633789,1.62089192867279,2.28384900093079,3.5395336151123,0.545717358589172
1553,0.462624430656433,0.954786241054535,2.826256275177,1.89872360229492,1.85046947002411,3.43625116348267,1.73114144802094,5.80734491348267,0.233108803629875,0.263504803180695,1.04667592048645,5.31178140640259,1.5409916639328,2.19606161117554,3.37602996826172,0.505301177501678
1555,0.378260135650635,0.887538492679596,2.69363355636597,1.80574703216553,1.77997469902039,3.27293181419373,1.66970384120941,5.59455299377441,0.217655465006828,0.116779774427414,0.936813056468964,5.17312145233154,1.4171040058136,2.07180166244507,3.19376373291016,0.471855074167252
1557,0.276168912649155,0.822912395000458,2.45919442176819,1.64568758010864,1.63940334320068,3.02469730377197,1.58177101612091,5.31283044815063,0.19878451526165,-0.0217153206467628,0.782749950885773,4.95437145233154,1.29099309444427,1.90403735637665,2.91387104988098,0.410942047834396
1559,0.230856567621231,0.739188313484192,2.20477819442749,1.50056731700897,1.45778167247772,2.78424000740051,1.50912320613861,4.98163604736328,0.185032874345779,-0.00561569537967443,0.692796051502228,4.61804580688477,1.20000982284546,1.78419959545135,2.64810538291931,0.368067264556885
1561,0.225545689463615,0.666305601596832,2.06521415710449,1.411949634552,1.33812689781189,2.63123226165771,1.44785761833191,4.78520250320435,0.191781133413315,0.0760290771722794,0.69502192735672,4.36089944839478,1.14561545848846,1.71244204044342,2.52232813835144,0.342448115348816
1563,0.24226002395153,0.625716984272003,2.01004886627197,1.32726311683655,1.26267600059509,2.51487588882446,1.37171447277069,4.63000297546387,0.217941835522652,0.129741936922073,0.733530700206757,4.15999603271484,1.11457228660583,1.62284111976624,2.44342851638794,0.332282423973083
1565,0.243806555867195,0.587048947811127,1.97946548461914,1.25962126255035,1.2085052728653,2.43758153915405,1.28574848175049,4.45353937149048,0.23572601377964,0.137765169143677,0.750734865665436,4.03315019607544,1.08570599555969,1.56152808666229,2.36972308158875,0.321611911058426
1567,0.227570399641991,0.542349934577942,1.92695224285126,1.19878268241882,1.17253983020782,2.38368320465088,1.20203924179077,4.24800586700439,0.230260774493217,0.130688637495041,0.722845017910004,3.93012166023254,1.04486560821533,1.51522648334503,2.28925251960754,0.297296166419983
1569,0.217373326420784,0.523624956607819,1.87217092514038,1.14999186992645,1.15670311450958,2.31549954414368,1.16358232498169,4.05143690109253,0.234692767262459,0.144156128168106,0.680134177207947,3.80138874053955,1.00892782211304,1.4502739906311,2.19530415534973,0.282710283994675
1571,0.213145151734352,0.50268566608429,1.83233463764191,1.12072515487671,1.14242923259735,2.24437499046326,1.14922058582306,3.89714646339417,0.240387916564941,0.143339261412621,0.643444120883942,3.68400979042053,0.989678561687469,1.37544250488281,2.07760047912598,0.286508470773697
1573,0.216470807790756,0.47502076625824,1.80213344097137,1.09088230133057,1.095543384552,2.18309140205383,1.11837577819824,3.77545714378357,0.238851010799408,0.129402443766594,0.618998527526855,3.59314942359924,0.961260557174683,1.30212509632111,1.95727097988129,0.280647575855255
1575,0.213290587067604,0.466342389583588,1.77880263328552,1.06505489349365,1.01971077919006,2.13065338134766,1.09327518939972,3.6639449596405,0.23432931303978,0.137280061841011,0.622131109237671,3.49523067474365,0.900779843330383,1.23643469810486,1.87950444221497,0.27124947309494
1577,0.214623644948006,0.473849385976791,1.7553174495697,1.03412842750549,0.986857891082764,2.05879235267639,1.06283521652222,3.5774974822998,0.220385625958443,0.160189643502235,0.634782910346985,3.39318609237671,0.840780794620514,1.21608507633209,1.85294246673584,0.26871931552887
1579,0.240789473056793,0.471776694059372,1.74663937091827,1.01149809360504,0.970000863075256,1.98301863670349,1.04126858711243,3.54658102989197,0.211341083049774,0.179982468485832,0.649800896644592,3.32603287696838,0.808542013168335,1.21576774120331,1.83687949180603,0.264713287353516
1581,0.271492600440979,0.465139448642731,1.74715566635132,1.01433706283569,0.946437835693359,1.95934593677521,1.03266572952271,3.53141617774963,0.187518835067749,0.181371971964836,0.656250298023224,3.27812886238098,0.802963197231293,1.2142550945282,1.81767725944519,0.262972593307495
1583,0.283353626728058,0.475967824459076,1.75010168552399,1.01678085327148,0.932239532470703,1.979363322258,1.0229195356369,3.51288747787476,0.172956794500351,0.168198004364967,0.643675148487091,3.2260057926178,0.809183955192566,1.20418381690979,1.80673253536224,0.26741486787796
1585,0.276830583810806,0.49600425362587,1.77210199832916,1.00960755348206,0.91896253824234,1.98252439498901,0.993874371051788,3.48220729827881,0.179719775915146,0.161317571997643,0.62300044298172,3.17035055160522,0.816905617713928,1.18550550937653,1.79379510879517,0.28491997718811
1587,0.264766305685043,0.508487939834595,1.81160116195679,1.01074981689453,0.908146798610687,1.96732580661774,0.977709233760834,3.4412829875946,0.195329457521439,0.159033700823784,0.614026308059692,3.1214292049408,0.837400436401367,1.17690336704254,1.78541994094849,0.310322433710098
1589,0.254339516162872,0.525775790214539,1.84274017810822,1.02675175666809,0.922307252883911,1.97383058071136,0.986456394195557,3.41875767707825,0.204214245080948,0.155005306005478,0.612408101558685,3.10764575004578,0.849496603012085,1.17118656635284,1.78922832012177,0.324260652065277
1591,0.246934503316879,0.541062831878662,1.85997200012207,1.02964019775391,0.961763083934784,1.997279047966,1.00110292434692,3.42246103286743,0.207984328269958,0.14462174475193,0.611476063728333,3.10938215255737,0.854851245880127,1.16024959087372,1.79227006435394,0.317286729812622
1593,0.250082165002823,0.5534348487854,1.88999235630035,1.00881338119507,0.993798196315765,2.00375151634216,1.00675392150879,3.41938161849976,0.206591218709946,0.142415434122086,0.60029548406601,3.10845971107483,0.852271378040314,1.15182828903198,1.79752039909363,0.298187881708145
1595,0.256085723638535,0.56022310256958,1.93400645256042,0.989976584911346,0.998098850250244,1.9787677526474,1.00118064880371,3.40661263465881,0.206602022051811,0.142185434699059,0.60035640001297,3.10131454467773,0.847999274730682,1.15056920051575,1.8122433423996,0.278022706508636
1597,0.252717792987823,0.572799503803253,1.98257613182068,0.99040699005127,0.987673342227936,1.96221208572388,0.983027040958405,3.41051864624023,0.216860115528107,0.142379939556122,0.614974319934845,3.10838937759399,0.854824662208557,1.14416670799255,1.82829320430756,0.268289923667908
1599,0.238711059093475,0.581543862819672,2.02396726608276,1.00458014011383,0.989517092704773,2.01658010482788,0.970812976360321,3.45737981796265,0.222354233264923,0.149216875433922,0.63958877325058,3.13705658912659,0.874974071979523,1.1258932352066,1.8398619890213,0.270542711019516
1601,0.233513966202736,0.585668861865997,2.0715389251709,1.02839875221252,1.00661897659302,2.12160611152649,0.979169249534607,3.5491783618927,0.217984899878502,0.167630031704903,0.651271879673004,3.18929934501648,0.892849147319794,1.11633503437042,1.84173262119293,0.268351763486862
1603,0.236597940325737,0.605703830718994,2.1293568611145,1.0533355474472,1.04635882377625,2.19660139083862,1.00283086299896,3.66608190536499,0.224672898650169,0.197658777236938,0.653199732303619,3.25940990447998,0.900710940361023,1.14187049865723,1.86450064182281,0.282194554805756
1605,0.242659509181976,0.635825216770172,2.19319796562195,1.08611679077148,1.08887004852295,2.23138236999512,1.03656327724457,3.77811813354492,0.251145005226135,0.230373099446297,0.663450181484222,3.34742784500122,0.920878767967224,1.19485032558441,1.91139900684357,0.318919956684113
1607,0.255985349416733,0.665510833263397,2.27160835266113,1.13017284870148,1.13462913036346,2.30742144584656,1.087522149086,3.91692686080933,0.278195887804031,0.263482332229614,0.694496989250183,3.46189475059509,0.958951056003571,1.25127112865448,1.98853540420532,0.350166827440262
1609,0.280212759971619,0.685243427753448,2.35957407951355,1.18162167072296,1.19302666187286,2.42062926292419,1.15459823608398,4.08695268630981,0.290831446647644,0.285485863685608,0.736331164836884,3.6023416519165,1.02127242088318,1.30735206604004,2.08828949928284,0.377569645643234
1611,0.300646215677261,0.704592943191528,2.44730949401855,1.24217164516449,1.246577501297,2.49866580963135,1.21188855171204,4.24997615814209,0.298135966062546,0.291268944740295,0.77272617816925,3.74663615226746,1.08163523674011,1.35274159908295,2.17899370193481,0.40202671289444
1613,0.305546492338181,0.709372401237488,2.53158116340637,1.29917311668396,1.2846302986145,2.54825401306152,1.25110173225403,4.38902425765991,0.304904162883759,0.290059179067612,0.795257329940796,3.86953973770142,1.11722540855408,1.3992418050766,2.25895380973816,0.42056542634964
1615,0.335879564285278,0.716044187545776,2.67772722244263,1.38594889640808,1.3531938791275,2.70234131813049,1.30977499485016,4.61786985397339,0.320543080568314,0.306585162878036,0.835192620754242,4.07069492340088,1.17578113079071,1.50051355361938,2.40440607070923,0.456942021846771
1617,0.388620764017105,0.773416876792908,2.85095930099487,1.50391459465027,1.45352518558502,2.93201375007629,1.39096081256866,4.93118572235107,0.351021468639374,0.340428233146667,0.918495297431946,4.34304189682007,1.26415634155273,1.6378265619278,2.58903336524963,0.503128409385681
1619,0.427385360002518,0.846957147121429,2.98897957801819,1.62016224861145,1.53220582008362,3.09434509277344,1.45079302787781,5.21125173568726,0.387049973011017,0.375738650560379,1.00002610683441,4.59812307357788,1.33726501464844,1.73772525787354,2.72209882736206,0.529913187026978
1621,0.454339772462845,0.927940666675568,3.15275049209595,1.75722396373749,1.65770721435547,3.204913854599,1.53278577327728,5.47931146621704,0.423920065164566,0.414500921964645,1.0767548084259,4.91990518569946,1.44472110271454,1.85202074050903,2.8789598941803,0.560382664203644
1623,0.488308548927307,1.02502131462097,3.34058976173401,1.91500985622406,1.8053240776062,3.37199091911316,1.65878653526306,5.7849907875061,0.466605722904205,0.450558960437775,1.1640408039093,5.30075263977051,1.57683873176575,2.00934982299805,3.0845353603363,0.596581757068634
1625,0.5420081615448,1.14669334888458,3.54461002349854,2.09264612197876,1.95394313335419,3.63287281990051,1.79709994792938,6.15662574768066,0.493101358413696,0.499935448169708,1.26210737228394,5.67197895050049,1.71322643756866,2.18254733085632,3.30756664276123,0.649787962436676
1627,0.606549561023712,1.30052840709686,3.79070854187012,2.27854442596436,2.13689851760864,3.91272473335266,1.94779872894287,6.64933824539185,0.524215340614319,0.576159000396729,1.37613904476166,6.08866882324219,1.86821329593658,2.37568020820618,3.5653350353241,0.714771449565887
1629,0.686887502670288,1.46209979057312,4.04694366455078,2.44010758399963,2.31623458862305,4.11051750183105,2.08806180953979,7.17413806915283,0.566477060317993,0.644716203212738,1.50525307655334,6.52711057662964,2.01527786254883,2.54663896560669,3.8328709602356,0.769027590751648
1631,0.755885124206543,1.57750284671783,4.24178886413574,2.54992151260376,2.45190286636353,4.22487020492554,2.18437671661377,7.55408811569214,0.582828938961029,0.673649072647095,1.61003911495209,6.86563920974731,2.11699843406677,2.65624284744263,4.04274797439575,0.79221498966217
1633,0.810317695140839,1.69194173812866,4.44405555725098,2.6640477180481,2.59473514556885,4.43043327331543,2.27013611793518,7.90992450714111,0.580333769321442,0.701658964157104,1.70182478427887,7.21705293655396,2.23002958297729,2.75496077537537,4.27046203613281,0.809068381786346
1635,0.885182678699493,1.88997936248779,4.77708959579468,2.84977769851685,2.81705045700073,4.82065296173096,2.40576100349426,8.43524551391602,0.606563806533813,0.793283522129059,1.80250585079193,7.70739603042603,2.40949702262878,2.92630696296692,4.58416271209717,0.86014062166214
1637,0.975537240505219,2.12058591842651,5.1558895111084,3.0549418926239,3.05584859848022,5.17456483840942,2.54819130897522,8.96097183227539,0.664730787277222,0.913195967674255,1.90147984027863,8.19435119628906,2.58334016799927,3.12832427024841,4.88316869735718,0.933579564094543
1639,1.06324636936188,2.30588459968567,5.47525024414063,3.24013018608093,3.2206826210022,5.39822006225586,2.64620995521545,9.29488277435303,0.720334231853485,0.995675027370453,1.99296379089355,8.58989810943604,2.73220419883728,3.31642293930054,5.1552734375,1.01328647136688
1641,1.11004245281219,2.44258093833923,5.71181440353394,3.36819672584534,3.30417919158936,5.57293891906738,2.70989418029785,9.49855899810791,0.745750784873962,1.03086924552917,2.05192899703979,8.88035488128662,2.84321093559265,3.46241760253906,5.37572622299194,1.06881272792816
1643,1.12590157985687,2.51348209381104,5.88713455200195,3.4586763381958,3.36793684959412,5.71044445037842,2.7582483291626,9.66918754577637,0.745511949062347,1.03762316703796,2.06986427307129,9.11104106903076,2.93019723892212,3.55886626243591,5.57723617553711,1.09994685649872
1645,1.16285800933838,2.61917066574097,6.12837886810303,3.58476495742798,3.47031283378601,5.8198938369751,2.82447838783264,9.92338275909424,0.753522157669067,1.06995475292206,2.09011435508728,9.4070873260498,3.04018187522888,3.67154812812805,5.84250402450562,1.14453101158142
1647,1.22919535636902,2.79078769683838,6.41912698745728,3.73077607154846,3.59329152107239,5.87212467193604,2.89524006843567,10.1817646026611,0.776659846305847,1.12792479991913,2.16457533836365,9.73118305206299,3.13107228279114,3.80255508422852,6.09870862960815,1.18021297454834
1649,1.26497113704681,2.88117671012878,6.61126136779785,3.80388879776001,3.6622269153595,5.88151502609253,2.91529154777527,10.3170309066772,0.771642088890076,1.15158581733704,2.21959137916565,9.93912887573242,3.16578435897827,3.87213754653931,6.24613904953003,1.16147065162659
1651,1.29470098018646,2.98913264274597,6.81623411178589,3.90483379364014,3.79337167739868,5.97633028030396,2.95038604736328,10.451208114624,0.773801922798157,1.17413628101349,2.29015445709229,10.1695756912231,3.23370099067688,3.96117687225342,6.41763019561768,1.1585967540741
1653,1.35173892974854,3.21951603889465,7.15282201766968,4.08744382858276,4.04644536972046,6.1872091293335,3.03334164619446,10.6720561981201,0.805703818798065,1.21898567676544,2.39888572692871,10.4183835983276,3.34244513511658,4.08894491195679,6.61227083206177,1.23508012294769
1655,1.39703035354614,3.43708682060242,7.43967008590698,4.21282482147217,4.21546411514282,6.33102607727051,3.06825518608093,10.7784929275513,0.8443363904953,1.25710368156433,2.48893260955811,10.5592184066772,3.41915440559387,4.1761360168457,6.70045042037964,1.29580819606781
1657,1.42128443717957,3.57122898101807,7.6207070350647,4.26305770874023,4.26996612548828,6.43962144851685,3.07486414909363,10.7795085906982,0.871559202671051,1.28804647922516,2.53841257095337,10.6167964935303,3.47378587722778,4.21951055526733,6.72419261932373,1.32084333896637
1659,1.42261123657227,3.617103099823,7.68387413024902,4.25528907775879,4.2989673614502,6.49992227554321,3.07274508476257,10.7861833572388,0.883232951164246,1.29398465156555,2.53509569168091,10.613561630249,3.50124716758728,4.22060823440552,6.71690130233765,1.31975018978119
1661,1.41182088851929,3.62712073326111,7.69347143173218,4.20079040527344,4.30892467498779,6.44608068466187,3.07246112823486,10.8503446578979,0.881624817848206,1.29649698734283,2.50430417060852,10.5606393814087,3.49653387069702,4.18612098693848,6.67728042602539,1.2996221780777
1663,1.38963544368744,3.60649347305298,7.6609468460083,4.12855434417725,4.27594470977783,6.31437635421753,3.05551052093506,10.8942289352417,0.863724648952484,1.29712557792664,2.47994709014893,10.4262638092041,3.46564841270447,4.12808990478516,6.58317565917969,1.27114260196686
1665,1.36704814434052,3.54825186729431,7.57733535766602,4.05394315719604,4.21904230117798,6.22629594802856,3.01777267456055,10.8880033493042,0.842215597629547,1.27760875225067,2.45937871932983,10.2735424041748,3.4452018737793,4.04863214492798,6.48834562301636,1.24153459072113
1667,1.33354663848877,3.44892930984497,7.43333959579468,3.96156072616577,4.14763689041138,6.1946816444397,2.94742870330811,10.7828369140625,0.814704060554504,1.23545849323273,2.39809966087341,10.0874280929565,3.4162335395813,3.9422128200531,6.38372802734375,1.20694422721863
1669,1.28974461555481,3.33466100692749,7.24962711334229,3.83898258209229,4.05684280395508,6.14341068267822,2.85497307777405,10.5924205780029,0.778776288032532,1.19187569618225,2.27193808555603,9.83927822113037,3.34920001029968,3.80491185188293,6.20115423202515,1.16226744651794
1671,1.25340008735657,3.22142434120178,7.08602476119995,3.70264148712158,3.98335027694702,6.07012271881104,2.7660493850708,10.409761428833,0.739091575145721,1.16555833816528,2.14173483848572,9.59227466583252,3.26685571670532,3.68209791183472,6.01345920562744,1.12615203857422
1673,1.21115612983704,3.1031596660614,6.90408420562744,3.56184124946594,3.85556721687317,6.00499296188354,2.68940138816833,10.1845417022705,0.701555907726288,1.14104807376862,2.05404782295227,9.30047416687012,3.1828601360321,3.58037686347961,5.83387565612793,1.08916902542114
1675,1.15171217918396,3.00034332275391,6.70251607894897,3.42557764053345,3.71021437644958,5.89121246337891,2.62090849876404,9.89282989501953,0.675935924053192,1.11266672611237,1.98608696460724,8.97185802459717,3.09398794174194,3.46522641181946,5.65529012680054,1.04886555671692
1677,1.0954761505127,2.90567469596863,6.48127698898315,3.29592394828796,3.60257411003113,5.67225933074951,2.55405807495117,9.58511066436768,0.655170977115631,1.08072936534882,1.90340352058411,8.64980697631836,3.00985431671143,3.33191323280334,5.47509527206421,1.01566386222839
1679,1.04692363739014,2.79595589637756,6.28550243377686,3.17696166038513,3.51918268203735,5.44510269165039,2.48480987548828,9.32455062866211,0.630220472812653,1.03235030174255,1.82877659797668,8.38447093963623,2.92946290969849,3.21402978897095,5.31395721435547,0.976682722568512
1681,0.994664192199707,2.67450022697449,6.12188863754272,3.06844329833984,3.44400763511658,5.28578758239746,2.41182899475098,9.13044738769531,0.582931578159332,0.964777112007141,1.78013348579407,8.16382598876953,2.8391318321228,3.10850262641907,5.18008136749268,0.927221834659576
1683,0.936249077320099,2.51661443710327,5.87406587600708,2.9119713306427,3.31806397438049,5.15781736373901,2.30174970626831,8.82942199707031,0.543727159500122,0.892093479633331,1.74159514904022,7.79477739334106,2.71018505096436,2.95657634735107,4.96816158294678,0.881102800369263
1685,0.882772564888,2.35259366035461,5.61037635803223,2.74605441093445,3.15688920021057,4.99413585662842,2.18056631088257,8.49413967132568,0.527351140975952,0.841424584388733,1.68966722488403,7.37506818771362,2.59189534187317,2.80241298675537,4.709801197052,0.851704239845276
1687,0.825842142105103,2.20641803741455,5.34490537643433,2.60982227325439,3.00086188316345,4.76733207702637,2.06128978729248,8.13967323303223,0.516173481941223,0.792638540267944,1.6066792011261,6.96195316314697,2.49210786819458,2.65535449981689,4.43000745773315,0.815666735172272
1689,0.770448446273804,2.08028340339661,5.08260202407837,2.48555660247803,2.83506321907043,4.6086802482605,1.94492292404175,7.78880167007446,0.496541351079941,0.734852194786072,1.52115249633789,6.5841326713562,2.39409589767456,2.50970220565796,4.16689586639404,0.760964691638947
1691,0.716260731220245,1.96845543384552,4.85262727737427,2.36935877799988,2.66888904571533,4.51015996932983,1.85156452655792,7.51297235488892,0.464199036359787,0.677793443202972,1.45015490055084,6.29501819610596,2.30658388137817,2.40067672729492,3.96141958236694,0.707843661308289
1693,0.651060104370117,1.84003281593323,4.60349941253662,2.22239017486572,2.50617790222168,4.37548065185547,1.75793468952179,7.21180105209351,0.444447576999664,0.622095048427582,1.35476994514465,6.01093244552612,2.21439361572266,2.2864818572998,3.75435471534729,0.662180602550507
1695,0.56686794757843,1.68330609798431,4.3052020072937,2.03913640975952,2.34828948974609,4.1661958694458,1.64702427387238,6.84153938293457,0.445691138505936,0.555538058280945,1.22557985782623,5.64014673233032,2.09620046615601,2.14525723457336,3.50741529464722,0.628150045871735
1697,0.479992538690567,1.51880347728729,4.00905418395996,1.84529972076416,2.18043684959412,3.93698120117188,1.51721632480621,6.49482297897339,0.416943460702896,0.477448612451553,1.1010035276413,5.2359881401062,1.94913947582245,1.98816931247711,3.24357295036316,0.601205289363861
1699,0.415352672338486,1.31761765480042,3.62534618377686,1.62277722358704,1.9609694480896,3.62620306015015,1.31820130348206,6.04019355773926,0.365473926067352,0.419880270957947,0.986583411693573,4.66850137710571,1.75186800956726,1.75376462936401,2.89537405967712,0.537388563156128
1701,0.376258045434952,1.15861845016479,3.28329825401306,1.44282221794128,1.77151596546173,3.3384575843811,1.15529811382294,5.58737421035767,0.322809308767319,0.382779538631439,0.881125807762146,4.16860008239746,1.5796457529068,1.53269731998444,2.56495404243469,0.472178518772125
1703,0.345722079277039,1.0525768995285,3.0123028755188,1.30226933956146,1.59320986270905,3.03843641281128,1.04085648059845,5.16991901397705,0.30240073800087,0.353070616722107,0.772788882255554,3.74299502372742,1.44221472740173,1.35892903804779,2.28721785545349,0.428687661886215
1705,0.303509175777435,0.952252864837646,2.77277898788452,1.17928969860077,1.42942380905151,2.74098348617554,0.953274786472321,4.75479793548584,0.302900046110153,0.310854136943817,0.684147000312805,3.32491064071655,1.29694986343384,1.22649240493774,2.0426914691925,0.394797623157501
1707,0.268230766057968,0.848230063915253,2.57085132598877,1.0667028427124,1.30238103866577,2.54306125640869,0.880508184432983,4.40938472747803,0.302134871482849,0.267829805612564,0.630583941936493,3.00351214408875,1.16147971153259,1.10905504226685,1.85075759887695,0.355798810720444
1709,0.231403201818466,0.7508584856987,2.39624714851379,0.968831360340118,1.20355153083801,2.39775919914246,0.809836268424988,4.11905431747437,0.311089754104614,0.236841917037964,0.587405502796173,2.76086378097534,1.06882131099701,1.01280224323273,1.70882546901703,0.316501379013062
1711,0.200478747487068,0.67482727766037,2.23771166801453,0.880440473556519,1.11009430885315,2.24370121955872,0.750172138214111,3.8680522441864,0.321463644504547,0.209262698888779,0.544360518455505,2.5572350025177,0.996069490909576,0.92947918176651,1.59410095214844,0.279270052909851
1713,0.168542668223381,0.60460638999939,2.10229921340942,0.808416664600372,1.01463556289673,2.06628227233887,0.690105676651001,3.63051462173462,0.337327420711517,0.180389210581779,0.491677731275558,2.37848877906799,0.922663688659668,0.854499757289886,1.46941006183624,0.242085039615631
1715,0.141568064689636,0.52109295129776,1.98262715339661,0.744896650314331,0.908447802066803,1.88720262050629,0.621749699115753,3.38082575798035,0.373127788305283,0.139432117342949,0.418088048696518,2.20850133895874,0.837266266345978,0.7780881524086,1.33652067184448,0.213391289114952
1717,0.129964053630829,0.460229903459549,1.85841941833496,0.687310695648193,0.812305510044098,1.73775243759155,0.555001676082611,3.12864089012146,0.474447131156921,0.122205436229706,0.356815218925476,2.00684762001038,0.767976641654968,0.711903154850006,1.20848965644836,0.222022533416748
1719,0.134551674127579,0.429987639188766,1.76054203510284,0.646253764629364,0.738097250461578,1.62858533859253,0.508310854434967,2.94191646575928,0.603692293167114,0.141022056341171,0.33525812625885,1.84503126144409,0.722224056720734,0.673139870166779,1.10125887393951,0.226610541343689
1721,0.122945919632912,0.415444135665894,1.69631457328796,0.62482738494873,0.700737953186035,1.54733753204346,0.481444209814072,2.79128766059875,0.715825855731964,0.169825941324234,0.334506273269653,1.73825562000275,0.677271962165833,0.658428192138672,1.01865613460541,0.22411784529686
1723,0.111389011144638,0.404172420501709,1.64912700653076,0.611355125904083,0.686504244804382,1.49986326694489,0.463350832462311,2.67840480804443,0.79237973690033,0.194554835557938,0.336752891540527,1.63707542419434,0.65545791387558,0.651542186737061,0.959955990314484,0.214242234826088
1725,0.105179280042648,0.396562039852142,1.60919940471649,0.590929746627808,0.673020005226135,1.47734010219574,0.443566173315048,2.6065194606781,0.841035604476929,0.195370301604271,0.34258171916008,1.55350065231323,0.637901306152344,0.644131720066071,0.915056705474854,0.214260250329971
1727,0.0931210964918137,0.384138315916061,1.55004441738129,0.563222527503967,0.646640181541443,1.4321197271347,0.429041355848312,2.53786563873291,0.872920870780945,0.176632225513458,0.341103196144104,1.48538064956665,0.60671067237854,0.627606570720673,0.869570672512054,0.212846726179123
1729,0.0740718245506287,0.363780200481415,1.46831011772156,0.526074647903442,0.603934526443481,1.35494685173035,0.417745262384415,2.45989847183228,0.884549021720886,0.146791189908981,0.319399416446686,1.42755436897278,0.57390946149826,0.586321473121643,0.808726489543915,0.210347831249237
1731,0.0458013638854027,0.333047717809677,1.37841367721558,0.477803915739059,0.542034327983856,1.28096699714661,0.388994067907333,2.38320899009705,0.853931725025177,0.115656867623329,0.281428784132004,1.35677063465118,0.546406745910645,0.510491251945496,0.724674940109253,0.208218723535538
1733,0.0316662490367889,0.292954236268997,1.30186176300049,0.436921864748001,0.493141800165176,1.25505185127258,0.3480204641819,2.2975800037384,0.809361517429352,0.0820190235972404,0.26377147436142,1.27900660037994,0.54605495929718,0.434153974056244,0.653379142284393,0.2002272605896
1735,0.0429415218532085,0.266498357057571,1.24497282505035,0.405385941267014,0.472349494695663,1.24908721446991,0.31606724858284,2.21917080879211,0.773770689964294,0.0504445508122444,0.249118387699127,1.21845090389252,0.555118918418884,0.387432247400284,0.617687463760376,0.185435920953751
1737,0.0527795106172562,0.248408228158951,1.17484593391418,0.373403817415237,0.453072756528854,1.21012675762177,0.278050005435944,2.14461612701416,0.732895612716675,0.0309341866523027,0.229706406593323,1.15218329429626,0.536491632461548,0.383552730083466,0.590075135231018,0.171904742717743
1739,0.0591784901916981,0.246012657880783,1.11011230945587,0.344420522451401,0.422940760850906,1.14908003807068,0.243403613567352,2.0595862865448,0.675622045993805,0.028389310464263,0.202357113361359,1.07084548473358,0.482894659042358,0.374151736497879,0.556477844715118,0.15227934718132
1741,0.0502823814749718,0.24943333864212,1.04957687854767,0.32162156701088,0.378933429718018,1.10922527313232,0.233921647071838,1.96304702758789,0.575013637542725,0.0424490235745907,0.197154641151428,0.993342220783234,0.414720922708511,0.351568967103958,0.522698879241943,0.130742311477661
1743,0.0291679725050926,0.238026797771454,0.991395711898804,0.271923035383224,0.337415844202042,1.08241951465607,0.233130291104317,1.85240817070007,0.479741096496582,0.0505282916128635,0.195794299244881,0.922505140304565,0.350484490394592,0.332359552383423,0.512023687362671,0.114342726767063
1745,0.0109546165913343,0.198479384183884,0.941215217113495,0.196528762578964,0.290206134319305,1.00719022750854,0.210502758622169,1.72651696205139,0.389500290155411,0.0504483468830585,0.171315088868141,0.835822701454163,0.299659132957458,0.318254262208939,0.501435220241547,0.116162292659283
1747,0.00416451599448919,0.141120165586472,0.87899512052536,0.110022686421871,0.248403608798981,0.881797075271606,0.172533452510834,1.5749454498291,0.299050092697144,0.0237349215894938,0.156550139188766,0.767286002635956,0.262563049793243,0.287715554237366,0.455919295549393,0.129246488213539
1749,0.00359306437894702,0.0905789211392403,0.800428807735443,0.068166546523571,0.229234948754311,0.762121379375458,0.163132518529892,1.39575219154358,0.214932456612587,0.000843619171064347,0.15828338265419,0.716087222099304,0.228124499320984,0.252828747034073,0.385342448949814,0.127334892749786
1751,0.0037755414377898,0.0826526582241058,0.744046092033386,0.0738910585641861,0.232904255390167,0.664970755577087,0.169847384095192,1.24407649040222,0.157154485583305,-0.00342321884818375,0.136731922626495,0.672287344932556,0.207428202033043,0.211600244045258,0.332899212837219,0.113940261304379
1753,0.00900044851005077,0.0907070487737656,0.693087100982666,0.0885445177555084,0.237590432167053,0.576763689517975,0.170645713806152,1.14106738567352,0.122411981225014,-0.00977719947695732,0.10126156359911,0.63215035200119,0.189289316534996,0.175375834107399,0.28763210773468,0.0821037590503693
1755,0.0136647094041109,0.085119754076004,0.62975662946701,0.0902504622936249,0.223947584629059,0.521758139133453,0.17838354408741,1.05311369895935,0.0857282057404518,-0.00823534559458494,0.0878904387354851,0.58533900976181,0.179440692067146,0.149662435054779,0.234915226697922,0.0696853995323181
1757,0.00575666548684239,0.0701977983117104,0.577515184879303,0.083992101252079,0.176431134343147,0.484589159488678,0.191986292600632,0.958372175693512,0.0492269247770309,-0.000782083545345813,0.0847377255558968,0.531684160232544,0.167035922408104,0.119654022157192,0.189227685332298,0.0822092741727829
1759,0.00318054971285164,0.0531868413090706,0.536874115467072,0.0754914432764053,0.143016755580902,0.450094193220139,0.191777139902115,0.866653561592102,0.00835719611495733,0.0175907239317894,0.0889909341931343,0.496917366981506,0.140746563673019,0.102815464138985,0.156098678708076,0.0840516462922096
1761,0.0158238783478737,0.0483685508370399,0.508817851543427,0.0563006065785885,0.141729399561882,0.42446705698967,0.154897525906563,0.772824764251709,-0.0192870143800974,0.0461047366261482,0.0906123071908951,0.490705519914627,0.12231370806694,0.0903002768754959,0.117836095392704,0.0669872462749481
1763,0.0214645229279995,0.0564495399594307,0.469698280096054,0.0336271151900291,0.119641624391079,0.380942523479462,0.107029959559441,0.702435851097107,-0.0347583666443825,0.0564643777906895,0.0607208982110023,0.471891969442368,0.110964976251125,0.0681001618504524,0.0934651643037796,0.0231239013373852
1765,0.000817087304312736,0.0455881468951702,0.437128603458405,0.0377948805689812,0.092634953558445,0.296089112758636,0.067845493555069,0.628735721111298,-0.0314004048705101,0.0365466400980949,0.0369371622800827,0.410624444484711,0.106149762868881,0.0474949739873409,0.0735533460974693,-0.00478376680985093
1767,-0.0146806966513395,0.00286133214831352,0.393954336643219,0.0385132431983948,0.0534547790884972,0.214677169919014,0.0565728545188904,0.558822095394135,-0.000656744465231895,-0.00283654686063528,0.0307432673871517,0.35453787446022,0.104664191603661,0.027067543938756,0.028083048760891,-0.00298055890016258
1769,-0.0178496036678553,-0.0430075749754906,0.324378728866577,0.00382082653231919,0.0212982576340437,0.15686123073101,0.0421869829297066,0.486812174320221,0.0121566904708743,-0.0264160688966513,0.01979636028409,0.297259330749512,0.102442435920238,0.00987301208078861,-0.0109576284885406,0.0008486986043863
1771,-0.0263549257069826,-0.0519851110875607,0.256109952926636,-0.0407682806253433,-0.00751386070623994,0.135536432266235,0.0153791513293982,0.439274549484253,-0.0257698409259319,-0.0444742664694786,-0.00342505658045411,0.264177560806274,0.110281214118004,0.0220548156648874,-0.0273028332740068,-0.0114153241738677
1773,-0.0398216247558594,-0.0652011036872864,0.229026168584824,-0.0377133898437023,-0.0247945040464401,0.130948916077614,0.0238726772367954,0.396416962146759,-0.030771104618907,-0.0834811627864838,-0.0207244344055653,0.296807497739792,0.123236484825611,0.0275932531803846,-0.0273980554193258,-0.0084668816998601
1775,-0.0491727292537689,-0.0404349863529205,0.213471651077271,-0.0191840436309576,-0.0239182449877262,0.138649865984917,0.0508589446544647,0.356983780860901,-0.00279087340459228,-0.109625279903412,-0.0274182166904211,0.307154685258865,0.113847814500332,0.0175200533121824,-0.00647654524073005,0.0210428070276976
1777,-0.0431891269981861,0.015931311994791,0.209821149706841,-0.000638821627944708,-0.0428618118166924,0.122138485312462,0.0488598793745041,0.332248866558075,0.0197207070887089,-0.121221087872982,-0.0467836409807205,0.300435662269592,0.103284627199173,0.0404361262917519,-0.018673749640584,0.0332475826144218
1779,-0.0152639495208859,0.0423912405967712,0.184160649776459,-0.0183518584817648,-0.0150659838691354,0.104707062244415,0.0560808591544628,0.324732661247253,0.0155947022140026,-0.141594976186752,-0.0350309796631336,0.269860923290253,0.0950649008154869,0.0717674568295479,-0.0602465979754925,0.0356308929622173
1781,0.0247834827750921,0.0447119139134884,0.1601253002882,-0.0419964753091335,0.0285234935581684,0.119983166456223,0.0817248225212097,0.323018044233322,-0.00731540191918612,-0.14441679418087,-0.00450477842241526,0.234992295503616,0.0808896794915199,0.102527298033237,-0.076261080801487,0.0382543504238129
1783,0.05957156047225,0.0302170682698488,0.14123897254467,-0.0607140846550465,0.0482666157186031,0.154866874217987,0.10919326543808,0.311073243618011,-0.0204150769859552,-0.139513537287712,0.00343484128825366,0.217016324400902,0.06561429053545,0.104433842003345,-0.065370187163353,0.0642847716808319
1785,0.0717251896858215,0.00874929316341877,0.135101735591888,-0.0622513331472874,0.0639298856258392,0.160720020532608,0.0933428183197975,0.291799366474152,-0.0431817695498466,-0.139049366116524,0.021758709102869,0.21059088408947,0.0504306964576244,0.0451690033078194,-0.0532699376344681,0.105525434017181
1787,0.0687315165996552,-0.0035840563941747,0.141077160835266,-0.0667230635881424,0.0347020700573921,0.177369385957718,0.043584581464529,0.268319964408875,-0.0665226429700851,-0.110519804060459,0.034919947385788,0.209713444113731,0.00198587984777987,-0.0263203978538513,-0.0190841015428305,0.131570860743523
1789,0.0153645751997828,0.0170764438807964,0.134517818689346,-0.102059431374073,-0.001624237280339,0.174642696976662,0.00357870385050774,0.248072490096092,-0.0417660027742386,-0.0290128197520971,-0.0077503640204668,0.196372076869011,-0.0438078232109547,-0.0899249687790871,0.0133196357637644,0.164425656199455
1791,-0.0345081575214863,0.0730558261275291,0.1467025578022,-0.11637394875288,-0.022689126431942,0.160151645541191,-0.0303115732967854,0.221213385462761,-0.0104087218642235,0.0445345640182495,-0.0421240478754044,0.169858083128929,-0.0710685849189758,-0.112610504031181,0.0244233682751656,0.204784750938416
1793,-0.0486655756831169,0.152042508125305,0.137718692421913,-0.0939891040325165,-0.00762506714090705,0.115211091935635,-0.072927288711071,0.210627317428589,-0.0320901796221733,0.0800193026661873,-0.0772743225097656,0.138057261705399,-0.0882207751274109,-0.0862230360507965,-0.00243271142244339,0.212092354893684
1795,-0.0607513450086117,0.182676747441292,0.0785798579454422,-0.0141878537833691,-0.00763116450980306,0.045585460960865,-0.0996930673718452,0.219317644834518,-0.015592391602695,0.0343277715146542,-0.0780100971460342,0.0767260417342186,-0.0256914962083101,-0.0339823998510838,-0.0554911829531193,0.204160869121552
2685,-0.0930810421705246,0.175313040614128,0.0244132541120052,0.0238286331295967,0.0146868228912354,-0.00665182620286942,-0.0955716073513031,0.206398606300354,-0.0534704625606537,0.00486033642664552,-0.0604584626853466,0.121048547327518,-0.120916955173016,-0.0346608571708202,-0.0766493529081345,0.176492035388947
2687,-0.163317874073982,0.159315213561058,-0.0932646542787552,0.106420092284679,0.0631730258464813,-0.120138265192509,-0.0866176709532738,0.178331807255745,-0.135761201381683,-0.0591581575572491,-0.0223272163420916,0.217339977622032,-0.327795922756195,-0.0361347869038582,-0.122615829110146,0.11638105660677
2689,-0.432601422071457,0.0979805290699005,-0.544434249401093,0.423070520162582,0.249066069722176,-0.555237948894501,-0.0522888228297234,0.0707253739237785,-0.451258778572083,-0.304600834846497,0.123865455389023,0.586515128612518,-1.12095677852631,-0.0417857393622398,-0.298848330974579,-0.114080756902695
2691,-0.530190765857697,0.0327382907271385,-0.565337955951691,0.800434231758118,0.604976892471313,-0.672897696495056,-0.346017271280289,-0.0353598371148109,-0.69634348154068,-0.244740903377533,0.259563624858856,0.634111166000366,-0.981694579124451,-0.051341712474823,-0.189107477664948,0.0161247495561838
2693,-0.303958117961884,-0.108605228364468,-0.599230587482452,0.807756185531616,0.524513065814972,-0.613539278507233,-0.519390940666199,-0.197760581970215,-0.657993078231812,0.0435332059860229,0.362464517354965,0.676368415355682,-0.777535557746887,0.0482524931430817,-0.0345230586826801,0.313724100589752
2695,0.0711520686745644,-0.127495467662811,-0.567128658294678,0.311025083065033,0.239980831742287,-0.428234040737152,-0.435629487037659,-0.192363232374191,-0.164520919322968,0.214368969202042,0.438703179359436,0.244309455156326,-0.465100884437561,0.234228521585464,0.101013384759426,0.434160530567169
2697,0.41701951622963,-0.173064738512039,-0.563482820987701,-0.206151887774467,0.194193795323372,-0.325823575258255,-0.183109402656555,0.0470203422009945,-0.00162968342192471,0.149008840322495,0.224579066038132,-0.0271774586290121,-0.00326785305514932,0.435563921928406,0.208725675940514,0.469563186168671
2699,0.418424785137177,-0.170138582587242,-0.432939291000366,-0.478241235017776,0.192505285143852,-0.249455794692039,0.0151650262996554,-0.0154279051348567,-0.0478610768914223,-0.0381067134439945,-0.148642599582672,0.209138512611389,0.153471753001213,0.420921504497528,0.102945119142532,0.367053389549255
2701,0.261533260345459,-0.133475348353386,-0.165228486061096,-0.42829629778862,0.177902743220329,-0.240453392267227,0.170296013355255,-0.249239429831505,-0.283450037240982,-0.202805757522583,-0.268858402967453,0.331778466701508,0.155116334557533,0.30023205280304,-0.120481953024864,0.292881071567535
2703,0.0568560212850571,-0.187560513615608,0.0204963088035583,-0.155476361513138,0.130556017160416,-0.263190805912018,0.260625451803207,-0.20079131424427,-0.38556569814682,-0.241153925657272,-0.189894109964371,0.506917119026184,0.203012064099312,0.105683505535126,-0.189267948269844,0.118357710540295
2705,-0.176697492599487,-0.230629697442055,0.228031232953072,0.0364321544766426,0.0460698679089546,-0.172242164611816,0.242950022220612,-0.0174513943493366,-0.394471734762192,-0.170184910297394,-0.0889212340116501,0.618129372596741,0.245282515883446,0.045792929828167,-0.168302550911903,-0.16177935898304
2707,-0.208215191960335,-0.21271650493145,0.362080991268158,0.155824348330498,-0.0334145650267601,-0.210994765162468,0.173401966691017,0.156279221177101,-0.268387019634247,-0.0490620285272598,0.0298822224140167,0.601332604885101,0.256242126226425,0.0402460359036922,-0.130809471011162,-0.230388700962067
2709,-0.111803390085697,-0.114969022572041,0.409479290246964,0.082755446434021,-0.127923175692558,-0.234671115875244,0.0920434296131134,0.257336497306824,-0.128743439912796,0.00729435682296753,0.100693449378014,0.545785844326019,0.244175016880035,-0.00512968003749847,-0.032907497137785,-0.237175673246384
2711,-0.0536078698933125,-0.0183883719146252,0.387800455093384,-0.0601822696626186,-0.186977982521057,-0.0886430218815804,0.00842445064336061,0.328630298376083,-0.0515954755246639,-0.0814986601471901,0.112404905259609,0.43582558631897,0.217481181025505,0.0446507930755615,0.0509901642799377,-0.186964333057404
2713,-0.0242827627807856,-0.0696052759885788,0.288095623254776,-0.056611604988575,-0.186391294002533,0.0477359108626842,-0.0844351053237915,0.355928421020508,-0.0289838500320911,-0.0611523762345314,0.167255029082298,0.422458946704865,0.175358191132545,0.131818026304245,0.0393823944032192,-0.144409939646721
2715,-0.00666080275550485,-0.183712437748909,0.152375563979149,0.0274977106601,-0.173622250556946,0.157432705163956,-0.184578701853752,0.336934894323349,-0.129112988710403,-0.00373431551270187,0.223204985260963,0.52815967798233,0.0810379162430763,0.156496599316597,0.0453977286815643,-0.0808926895260811
2717,-0.0193714834749699,-0.189789205789566,0.0793508887290955,0.106310106813908,-0.0948869362473488,0.222147554159164,-0.232622727751732,0.355629116296768,-0.0763965845108032,0.0160726811736822,0.210698649287224,0.608319520950317,0.0299153383821249,0.152125149965286,0.0766956731677055,-0.0169542245566845
2719,-0.055379893630743,-0.0901728048920631,0.0426192991435528,0.170988157391548,-0.0372597314417362,0.226841807365417,-0.193636044859886,0.415950685739517,-0.0276276357471943,0.0523992851376534,0.179510071873665,0.589515030384064,-0.0398774780333042,0.153706550598145,0.106176793575287,0.0105967642739415
2721,-0.0218057967722416,-0.0112665537744761,0.110980726778507,0.154609084129333,-0.0324389152228832,0.184534057974815,-0.0720051899552345,0.485080599784851,-0.0454393737018108,0.0576715022325516,0.0864899232983589,0.544528067111969,-0.110313467681408,0.14680378139019,0.0816734358668327,0.0352457091212273
2723,0.0444959625601768,0.018895648419857,0.252831816673279,0.0755181238055229,-0.0523569211363792,0.206977397203445,-0.0184051319956779,0.562926769256592,-0.0185410473495722,0.0261911489069462,0.0032863721717149,0.54328328371048,-0.103577420115471,0.122831344604492,0.0551880672574043,0.0249203816056252
2725,0.0882691666483879,-0.00209128996357322,0.303897827863693,0.0401583537459373,-0.0399190485477448,0.254411965608597,0.0371560603380203,0.642192840576172,0.0418656021356583,-0.0488643422722816,0.0220298282802105,0.514694452285767,-0.0251696724444628,0.0921430736780167,0.0731847584247589,-0.0325566567480564
2727,0.0795771852135658,-0.0472609251737595,0.331839293241501,0.0356681421399117,-0.0280733332037926,0.217845857143402,0.0652260258793831,0.701476633548737,0.0385014936327934,-0.0636228173971176,0.0957874432206154,0.551880419254303,0.0280967894941568,0.0853786468505859,0.0976819917559624,-0.0950289890170097
2729,0.00992911960929632,-0.0627987086772919,0.376288861036301,0.00702463369816542,-0.0240373704582453,0.158117905259132,0.0796326026320457,0.737966299057007,-0.000731298350729048,-0.0489577353000641,0.134739100933075,0.61790943145752,0.0439385399222374,0.0615381523966789,0.112627685070038,-0.146314352750778
2731,-0.0351208597421646,-0.0442544370889664,0.393548220396042,-0.0393477566540241,-0.0442311391234398,0.13720628619194,0.105759263038635,0.741746306419373,-0.0390724092721939,-0.0263552498072386,0.151298508048058,0.66419517993927,0.0648821592330933,-0.0107919555157423,0.125271305441856,-0.141781643033028
2733,-0.0587167292833328,-0.0179825779050589,0.400571376085281,-0.0480714105069637,-0.0705443099141121,0.199089303612709,0.0891507565975189,0.729906558990479,-0.0457974374294281,-0.0238917302340269,0.121893331408501,0.647347927093506,0.114621140062809,-0.068634495139122,0.12929479777813,-0.0643718540668488
2735,-0.103122025728226,-0.00047693625674583,0.400392949581146,0.010331928730011,-0.0683237463235855,0.231924951076508,0.0750283226370811,0.705146551132202,-0.0299826040863991,-0.0451628342270851,0.0745742544531822,0.612257063388824,0.143890410661697,-0.0646556839346886,0.13231298327446,-0.00584546709433198
2737,-0.0820339322090149,0.0470029190182686,0.407735109329224,0.0813818946480751,-0.036124225705862,0.218153700232506,0.0988806039094925,0.655936658382416,-0.012475773692131,-0.0457321926951408,0.0205650832504034,0.642188310623169,0.124068759381771,-0.0239515323191881,0.15109983086586,0.0300946738570929
2739,-0.0469943657517433,0.0921872705221176,0.406851053237915,0.10771619528532,-0.0186265930533409,0.236672267317772,0.103492759168148,0.552202105522156,0.0297435875982046,-0.0388842485845089,-0.0245563518255949,0.690212607383728,0.0877899676561356,0.0110133970156312,0.167860850691795,0.0779920220375061
2741,-0.0373401008546352,0.127439126372337,0.421208292245865,0.129681304097176,-0.00111571769230068,0.273825466632843,0.105379194021225,0.516617834568024,0.085475891828537,-0.0443908199667931,-0.0302641522139311,0.746227145195007,0.0450651124119759,0.0377764254808426,0.192299515008926,0.131950750946999
2743,-0.0446694307029247,0.164908558130264,0.469129890203476,0.115791350603104,-0.00891961995512247,0.271526962518692,0.138038828969002,0.588220119476318,0.0999343171715736,-0.0372062250971794,-0.0205532275140285,0.783047795295715,0.018962824717164,0.0442584417760372,0.219686970114708,0.126216933131218
2745,-0.0620358884334564,0.152520358562469,0.48786062002182,0.0917649120092392,-0.0236860755831003,0.277081221342087,0.16238597035408,0.659726023674011,0.0901657342910767,-0.0239814259111881,-0.0118589885532856,0.823006391525269,0.0581123046576977,0.0686954036355019,0.222180709242821,0.0949524864554405
2747,-0.0486201234161854,0.113065205514431,0.458701312541962,0.0984677597880363,0.00464421976357698,0.294485330581665,0.15408581495285,0.681690156459808,0.0882911086082458,-0.0225657317787409,0.0528080761432648,0.833745837211609,0.109150476753712,0.127945959568024,0.221813708543777,0.0758816227316856
2749,-0.0414808243513107,0.0829717516899109,0.416111499071121,0.08731559664011,0.0480232276022434,0.294353902339935,0.142086088657379,0.719413757324219,0.0673865303397179,-0.0215558521449566,0.135668575763702,0.797400295734406,0.126652881503105,0.175496831536293,0.231975436210632,0.0330982692539692
2751,-0.0530293360352516,0.0888054147362709,0.390550822019577,0.0624301880598068,0.0397523567080498,0.284720838069916,0.124378472566605,0.757608413696289,0.0551836714148521,0.00198195083066821,0.138407737016678,0.799045383930206,0.113069012761116,0.185808449983597,0.241766110062599,0.00462970044463873
2753,-0.0513852499425411,0.0616347417235374,0.399552345275879,0.0317497923970222,0.0236980356276035,0.322190076112747,0.0813631787896156,0.748379409313202,0.0608750432729721,0.0157905798405409,0.105282433331013,0.833581149578094,0.10056546330452,0.172700747847557,0.249638229608536,0.00546635407954454
2755,-0.0638848319649696,0.0251409150660038,0.408508270978928,-0.00393636059015989,0.00509164109826088,0.35317274928093,0.0509984567761421,0.738550782203674,0.0518405511975288,-0.00785122718662024,0.0888073444366455,0.870047211647034,0.10981285572052,0.134697526693344,0.248287811875343,0.0094544431194663
2757,-0.0715863555669785,0.0195485725998878,0.416505396366119,0.00580131076276302,-0.00989632587879896,0.36150860786438,0.0611976645886898,0.745436787605286,0.0328863821923733,-0.0360934138298035,0.0823661386966705,0.913548529148102,0.134389936923981,0.0970529913902283,0.254786789417267,0.0274322032928467
2759,-0.0643921792507172,0.0278950817883015,0.419676691293716,0.0504945628345013,0.00808642618358135,0.343116521835327,0.0913289040327072,0.783036828041077,0.0343415848910809,-0.0716689825057983,0.109391905367374,0.921582460403442,0.144039645791054,0.08645960688591,0.263768881559372,0.0554123893380165
2761,-0.0507085062563419,0.0583484917879105,0.396216213703156,0.0822148770093918,0.0290340930223465,0.330815434455872,0.135866850614548,0.840651452541351,0.0597621276974678,-0.0943659022450447,0.12862254679203,0.891940295696259,0.167425885796547,0.0809026286005974,0.284095883369446,0.0579352453351021
2763,-0.0238566529005766,0.0612771697342396,0.381043374538422,0.0952861756086349,0.0220524985343218,0.319862514734268,0.177753120660782,0.896694481372833,0.0682030245661736,-0.0636035054922104,0.133858442306519,0.890930771827698,0.19943955540657,0.0730426087975502,0.313575118780136,0.0497953519225121
2765,0.00278919795528054,0.00850383751094341,0.394491165876389,0.100568301975727,0.0118191931396723,0.309763729572296,0.202164709568024,0.94139301776886,0.0830413401126862,-0.0459946095943451,0.153664961457253,0.935860216617584,0.224031448364258,0.0907257720828056,0.329291224479675,0.0536170564591885
2767,0.0366948656737804,-0.0468355342745781,0.429013758897781,0.135825514793396,0.0136836171150208,0.356046140193939,0.206185072660446,0.953561544418335,0.0818993747234344,-0.0412171706557274,0.172645106911659,0.985054671764374,0.247013047337532,0.108413212001324,0.31728982925415,0.0654740855097771
2769,0.0539326518774033,-0.0729222893714905,0.476829618215561,0.165601268410683,0.0351276583969593,0.424522876739502,0.206478998064995,0.946349620819092,0.0879660025238991,-0.00768518634140491,0.157681837677956,1.03003764152527,0.262556701898575,0.111187070608139,0.303855568170547,0.07048549503088
2771,0.0300837438553572,-0.0945685207843781,0.509530186653137,0.188030272722244,0.0724637433886528,0.462474435567856,0.183427631855011,0.929546236991882,0.0775364488363266,0.00656741205602884,0.122303836047649,1.05198955535889,0.268771111965179,0.107389755547047,0.298234403133392,0.0654531717300415
2773,0.00469882413744926,-0.109876208007336,0.496550500392914,0.184239581227303,0.112588085234165,0.463536649942398,0.148854672908783,0.918198585510254,0.0438158772885799,0.00490262871608138,0.116280019283295,1.0678094625473,0.257404148578644,0.121380306780338,0.329832583665848,0.0523828826844692
2775,0.00273323222063482,-0.0982234701514244,0.472443222999573,0.173231780529022,0.119639657437801,0.406250447034836,0.11917369812727,0.930140316486359,0.0211283285170794,0.00290002324618399,0.130426347255707,1.06262350082397,0.265481948852539,0.157629519701004,0.380755096673965,0.0265245568007231
2777,0.00388648640364408,-0.0677795931696892,0.466408520936966,0.164499819278717,0.0989783108234406,0.363071858882904,0.098841592669487,0.962897956371307,0.0120932552963495,-0.000316497491439804,0.148532629013062,1.04336810112,0.268181800842285,0.164718583226204,0.40754508972168,0.0299852397292852
2779,-0.0120278112590313,-0.0441513322293758,0.491251319646835,0.150937080383301,0.0965788513422012,0.363210439682007,0.101120874285698,0.970933377742767,0.0208241753280163,-0.0343451984226704,0.160098925232887,1.0177925825119,0.260974198579788,0.171303272247314,0.418200701475143,0.0508243106305599
2781,-0.0273829828947783,-0.0247553940862417,0.513302266597748,0.14084954559803,0.116664618253708,0.386856943368912,0.119621343910694,0.968905627727509,0.032633800059557,-0.0438828691840172,0.163030609488487,1.02895534038544,0.227821215987206,0.176302701234818,0.407158195972443,0.0794009417295456
2783,-0.0201951488852501,-0.0113317798823118,0.514716625213623,0.130881324410439,0.133380115032196,0.384310096502304,0.129292175173759,0.995937049388885,0.0642562434077263,-0.0208402946591377,0.156101793050766,1.07782733440399,0.192708104848862,0.165916100144386,0.38822814822197,0.0992884039878845
2785,0.00818788539618254,-0.00569349201396108,0.505855321884155,0.121933005750179,0.154473692178726,0.378354996442795,0.142508581280708,1.02011334896088,0.0693255215883255,-0.00464226212352514,0.144992828369141,1.1263622045517,0.154637575149536,0.142450094223022,0.369045257568359,0.0974836722016335
2787,0.0221839845180511,0.0119556067511439,0.516552627086639,0.107512094080448,0.165574699640274,0.387699544429779,0.168003380298615,1.02831506729126,0.0467622950673103,0.0054291277192533,0.150214746594429,1.1672922372818,0.120680183172226,0.123497068881989,0.36798420548439,0.0971092954277992
2789,0.00712213106453419,0.0178418215364218,0.546192288398743,0.100274279713631,0.155539721250534,0.394095897674561,0.170825302600861,1.01774859428406,0.0411879904568195,0.0125816306099296,0.152315780520439,1.18882191181183,0.114619992673397,0.140170723199844,0.397961348295212,0.0904586538672447
2791,-0.0220269989222288,0.0355523303151131,0.577188730239868,0.112129598855972,0.143894463777542,0.390620678663254,0.169520333409309,1.02469515800476,0.0192626919597387,0.0119933681562543,0.157664731144905,1.19538187980652,0.120893552899361,0.158977955579758,0.401583522558212,0.0802264884114265
2793,-0.0271147359162569,0.0578944906592369,0.584818840026855,0.140192806720734,0.152187392115593,0.395397305488586,0.179134100675583,1.04285335540771,0.0105431377887726,-0.00905768293887377,0.167909190058708,1.17287266254425,0.114511415362358,0.168980836868286,0.380977690219879,0.0688398107886314
2795,-0.0169467497617006,0.0671365857124329,0.565426528453827,0.158100783824921,0.149450600147247,0.4123794734478,0.187241151928902,1.04396736621857,0.0298918485641479,-0.0369810797274113,0.184645727276802,1.14934968948364,0.116553768515587,0.177395135164261,0.36736387014389,0.0356742329895496
2797,-0.0121475579217076,0.0789775922894478,0.556600213050842,0.151684165000916,0.150349140167236,0.437441527843475,0.184618592262268,1.05350685119629,0.0424019023776054,-0.0376093909144402,0.194485440850258,1.14433884620667,0.121153853833675,0.170943737030029,0.375194251537323,0.0132935829460621
2799,-0.0116871651262045,0.0633861348032951,0.555697500705719,0.145679488778114,0.138995945453644,0.423187524080276,0.167019337415695,1.07202136516571,0.0312092937529087,-0.0242370944470167,0.193312436342239,1.15384352207184,0.136392295360565,0.164343640208244,0.414271056652069,0.0239566899836063
2801,-0.00974627770483494,0.0369191691279411,0.576181590557098,0.169658496975899,0.129217714071274,0.396033763885498,0.150656893849373,1.09805428981781,-0.0020983072463423,-0.0193104017525911,0.198776379227638,1.16668844223022,0.166545107960701,0.182901784777641,0.443884670734406,0.0364233031868935
2803,0.0121829165145755,0.0127541208639741,0.608590483665466,0.20349046587944,0.123250551521778,0.386336505413055,0.16228286921978,1.14055347442627,-0.0294653754681349,-0.025663074105978,0.203709080815315,1.18112087249756,0.187304094433784,0.215442076325417,0.460886657238007,0.0381585396826267
2805,0.0456962138414383,0.0195229817181826,0.635568737983704,0.221048310399055,0.138014078140259,0.40516385436058,0.213558331131935,1.17888391017914,-0.0406693257391453,-0.0403119958937168,0.197126552462578,1.18626928329468,0.197520762681961,0.239466637372971,0.46732485294342,0.0378378815948963
2807,0.0723478868603706,0.0344565734267235,0.647577822208405,0.207821682095528,0.159391134977341,0.427203178405762,0.258208215236664,1.20510125160217,-0.024709427729249,-0.0356963388621807,0.18462048470974,1.1986368894577,0.210804522037506,0.259984880685806,0.470869272947311,0.0456897392868996
2809,0.0892539098858833,0.0321047194302082,0.650554239749908,0.187968775629997,0.163172632455826,0.44464635848999,0.267087191343307,1.21971881389618,-0.00411857990548015,-0.0174839589744806,0.176796168088913,1.22207152843475,0.247659400105476,0.267074674367905,0.49116176366806,0.0523739904165268
2811,0.0852492675185204,0.0264209639281034,0.664914011955261,0.199979096651077,0.153837651014328,0.464927703142166,0.23685097694397,1.23888802528381,0.0167129673063755,-0.00932338275015354,0.178028419613838,1.24786961078644,0.28419828414917,0.282391905784607,0.520453929901123,0.0481228455901146
2813,0.0575492717325687,0.0268077664077282,0.672515153884888,0.221679285168648,0.134849771857262,0.481940448284149,0.170378312468529,1.24759721755981,0.0314084701240063,-0.0251020770519972,0.179786592721939,1.25822353363037,0.305840641260147,0.297416418790817,0.537420153617859,0.0525748766958714
2815,0.0294859260320663,0.0302078109234571,0.677719235420227,0.223689928650856,0.128741845488548,0.474122762680054,0.127425208687782,1.24140620231628,0.0350561067461967,-0.0552590005099773,0.18524757027626,1.26097416877747,0.298324823379517,0.28980278968811,0.523729383945465,0.0610592067241669
2817,0.0298374630510807,0.0245290454477072,0.690580308437347,0.235319584608078,0.12598791718483,0.433713674545288,0.133855134248734,1.24380350112915,0.0443115048110485,-0.0678638368844986,0.180305957794189,1.26251196861267,0.291716694831848,0.281422168016434,0.532717227935791,0.0869347229599953
2819,0.0351586379110813,0.0167493317276239,0.689123332500458,0.268567800521851,0.126714110374451,0.400656670331955,0.152320712804794,1.24801564216614,0.0496495254337788,-0.0570347309112549,0.173513785004616,1.28629302978516,0.29550713300705,0.286981761455536,0.557936608791351,0.105414345860481
2821,0.0301553178578615,0.0127579588443041,0.675267398357391,0.294969230890274,0.145967841148376,0.409412920475006,0.178458914160728,1.24897921085358,0.0401008129119873,-0.038046445697546,0.171021610498428,1.31739819049835,0.300784051418304,0.283951252698898,0.560601711273193,0.113282904028893
2823,0.043196726590395,0.0220732670277357,0.663869500160217,0.282836735248566,0.175794705748558,0.448943495750427,0.188319325447083,1.25086212158203,0.0276626888662577,-0.021934948861599,0.190356448292732,1.34115254878998,0.297928750514984,0.260187476873398,0.561645090579987,0.124908640980721
2825,0.0742790997028351,0.0460471510887146,0.672363221645355,0.250043332576752,0.191841393709183,0.475085705518723,0.185633018612862,1.25751268863678,0.0224930997937918,-0.028698218986392,0.213344871997833,1.37235963344574,0.291159868240356,0.262581914663315,0.554619014263153,0.145703077316284
2827,0.0986592844128609,0.0560580603778362,0.679903268814087,0.237953647971153,0.21318057179451,0.48244297504425,0.192189544439316,1.27701556682587,0.0246749743819237,-0.0520810484886169,0.201253667473793,1.40995573997498,0.299570560455322,0.27574947476387,0.543639659881592,0.156708464026451
2829,0.112088531255722,0.0563865229487419,0.696887075901031,0.252020627260208,0.206996023654938,0.493133187294006,0.216183245182037,1.29902625083923,0.0248830188065767,-0.06787109375,0.170825630426407,1.43167948722839,0.314871966838837,0.266426712274551,0.534639596939087,0.150532439351082
2831,0.107224427163601,0.0674473121762276,0.723263800144196,0.262161254882813,0.175633639097214,0.487366199493408,0.221869453787804,1.32536685466766,0.0168456491082907,-0.0818173438310623,0.150082930922508,1.43049883842468,0.312521606683731,0.26349937915802,0.528212308883667,0.132423177361488
2833,0.0869237259030342,0.07765132188797,0.738645315170288,0.258688569068909,0.164559185504913,0.473004162311554,0.207652762532234,1.33025813102722,0.00106048735324293,-0.0906701609492302,0.151994928717613,1.41414856910706,0.293408155441284,0.25655409693718,0.528802573680878,0.127418115735054
2835,0.0609620325267315,0.0820686295628548,0.751884520053864,0.257986009120941,0.197293892502785,0.491212099790573,0.184138000011444,1.34658491611481,0.000995116657577455,-0.0910677015781403,0.166510611772537,1.4188117980957,0.276242285966873,0.254975020885468,0.541083812713623,0.119809679687023
2837,0.0396281965076923,0.0797807350754738,0.769834518432617,0.261915296316147,0.245868876576424,0.525527119636536,0.174366176128387,1.38004672527313,0.0216282308101654,-0.107331901788712,0.182192414999008,1.44393789768219,0.26580086350441,0.26048082113266,0.535551607608795,0.125600352883339
2839,0.0386022515594959,0.0740326270461082,0.788639843463898,0.273998022079468,0.265390455722809,0.557973206043243,0.192989200353622,1.41598534584045,0.0497200973331928,-0.118363559246063,0.204568430781364,1.48052930831909,0.276243627071381,0.270216971635818,0.53827702999115,0.119168169796467
2841,0.0590667948126793,0.0766825005412102,0.795859694480896,0.2776158452034,0.261346846818924,0.583971261978149,0.215178430080414,1.45851266384125,0.0681497603654861,-0.109765201807022,0.228136867284775,1.51104807853699,0.28676426410675,0.291864335536957,0.56473696231842,0.118081785738468
2843,0.0836997479200363,0.0916493535041809,0.806233942508698,0.280575901269913,0.248508214950562,0.615619659423828,0.228333815932274,1.50513434410095,0.0489197783172131,-0.0885332152247429,0.240770369768143,1.55460929870605,0.297056883573532,0.31043341755867,0.608446419239044,0.126380652189255
2845,0.0905275270342827,0.111739464104176,0.822730958461761,0.286468297243118,0.228569597005844,0.667002856731415,0.233233466744423,1.58164572715759,0.0124871153384447,-0.0582884214818478,0.245981514453888,1.6125328540802,0.302934288978577,0.304603040218353,0.670434713363647,0.121988706290722
2847,0.0879409834742546,0.108356401324272,0.857384026050568,0.30255538225174,0.233021661639214,0.694185733795166,0.242124915122986,1.68262720108032,-0.00719217723235488,-0.0367208756506443,0.246702492237091,1.68200409412384,0.31438934803009,0.290140390396118,0.718186259269714,0.117597110569477
2849,0.102235496044159,0.0875843167304993,0.906468629837036,0.29964280128479,0.263477981090546,0.689720213413239,0.263667225837708,1.7791862487793,-0.00773658091202378,-0.0476185567677021,0.245423033833504,1.7580486536026,0.36529678106308,0.283603996038437,0.726442813873291,0.118889465928078
2851,0.112299680709839,0.0797192454338074,0.960256814956665,0.284774392843246,0.307807147502899,0.673946976661682,0.290565699338913,1.84523320198059,0.0219151079654694,-0.0748390480875969,0.236521556973457,1.82891297340393,0.404244959354401,0.303080201148987,0.731266379356384,0.124066509306431
2853,0.0988838076591492,0.0794348418712616,1.01172029972076,0.298066556453705,0.357447504997253,0.695236086845398,0.27644357085228,1.88314533233643,0.0554225668311119,-0.0857629403471947,0.237849146127701,1.89228188991547,0.416092783212662,0.338062882423401,0.75237375497818,0.125576078891754
2855,0.0904723927378654,0.0856945812702179,1.06554234027863,0.324152559041977,0.383050531148911,0.737090051174164,0.26394459605217,1.90981793403625,0.0772413015365601,-0.0762656778097153,0.257268726825714,1.93626034259796,0.421389669179916,0.346743583679199,0.765042006969452,0.116671323776245
2857,0.101520858705044,0.102567821741104,1.1147164106369,0.341170191764832,0.378037691116333,0.764113485813141,0.296571522951126,1.95140254497528,0.0836881026625633,-0.0637380480766296,0.269612550735474,1.98455989360809,0.436605483293533,0.345577090978622,0.782847344875336,0.11134134978056
2859,0.12262898683548,0.130126640200615,1.15145611763,0.3595110476017,0.368678212165833,0.780669510364532,0.32908433675766,2.0013439655304,0.0803618431091309,-0.062637023627758,0.27648589015007,2.03625154495239,0.447086811065674,0.343316674232483,0.836961925029755,0.119555652141571
2861,0.135186955332756,0.168457359075546,1.18396186828613,0.375457942485809,0.39083930850029,0.794018447399139,0.349437296390533,2.05232572555542,0.0575030669569969,-0.0658065006136894,0.292628020048141,2.0786292552948,0.475131720304489,0.341218650341034,0.883756339550018,0.124636746942997
2863,0.14859527349472,0.176017001271248,1.25151026248932,0.419908612966537,0.398639500141144,0.78935170173645,0.36946713924408,2.08588218688965,0.0358602851629257,-0.0870649814605713,0.300100713968277,2.12795877456665,0.504414439201355,0.349748224020004,0.929804146289825,0.119838677346706
2865,0.152692764997482,0.195512622594833,1.34592831134796,0.46174293756485,0.394568651914597,0.777234554290771,0.382179856300354,2.12266278266907,0.0292943529784679,-0.09965880215168,0.29430890083313,2.21034502983093,0.538340389728546,0.359413832426071,0.963413894176483,0.134942010045052
2867,0.150606840848923,0.217805251479149,1.4063972234726,0.489805430173874,0.408553570508957,0.765454113483429,0.383096724748611,2.16877007484436,0.0275845304131508,-0.10458917170763,0.29618838429451,2.30750489234924,0.571449220180511,0.374517619609833,0.977212846279144,0.153008386492729
2869,0.152643516659737,0.214491471648216,1.40947616100311,0.51383376121521,0.428073436021805,0.794039964675903,0.383279651403427,2.22792530059814,0.0364972278475761,-0.100074976682663,0.323605090379715,2.39071488380432,0.613906681537628,0.415332674980164,1.00742328166962,0.167668029665947
2871,0.169101014733315,0.199710220098495,1.40514767169952,0.535601258277893,0.462950319051743,0.8457071185112,0.397328287363052,2.26730251312256,0.056943666189909,-0.0866947174072266,0.336089491844177,2.44297552108765,0.625487804412842,0.460383385419846,1.05718863010406,0.150957241654396
2873,0.175544112920761,0.17211851477623,1.43366098403931,0.563589572906494,0.499278277158737,0.876666069030762,0.422979921102524,2.29970073699951,0.0716602429747581,-0.0702700465917587,0.353886395692825,2.49728441238403,0.608600318431854,0.502038836479187,1.08741354942322,0.130953669548035
2875,0.153468549251556,0.179853275418282,1.46037077903748,0.581000804901123,0.539600908756256,0.869235873222351,0.419644147157669,2.35217070579529,0.0971780493855476,-0.0506287589669228,0.380013734102249,2.54266929626465,0.602931499481201,0.50457090139389,1.1007251739502,0.124969825148582
2877,0.127875700592995,0.204090818762779,1.44111692905426,0.564283907413483,0.542804419994354,0.861458420753479,0.40924921631813,2.40824913978577,0.132128119468689,-0.0286613646894693,0.387255400419235,2.58742642402649,0.59906667470932,0.475479781627655,1.10419130325317,0.121603175997734
2879,0.111156299710274,0.216058596968651,1.39195942878723,0.508697926998138,0.499188810586929,0.847623944282532,0.404932051897049,2.42997741699219,0.135475009679794,-0.0266383588314056,0.366478115320206,2.62973356246948,0.605053782463074,0.449953854084015,1.09168946743011,0.109593957662582
2881,0.092742532491684,0.192921862006187,1.36108636856079,0.457789927721024,0.446410894393921,0.842267274856567,0.396578252315521,2.39850902557373,0.124471478164196,-0.0631202906370163,0.321600735187531,2.60122036933899,0.584787130355835,0.425582677125931,1.042804479599,0.105733104050159
2883,0.0787479132413864,0.167984619736671,1.32928884029388,0.426200479269028,0.374689102172852,0.862303137779236,0.370520561933517,2.35318207740784,0.110899046063423,-0.100924350321293,0.275427490472794,2.52990031242371,0.529757082462311,0.392904192209244,0.985067486763,0.120518431067467
2885,0.0807368457317352,0.141754865646362,1.29182243347168,0.409264236688614,0.330493748188019,0.884083986282349,0.342213153839111,2.30858540534973,0.0991038009524345,-0.084961861371994,0.256226539611816,2.48527216911316,0.481467396020889,0.35902401804924,0.922954201698303,0.117036402225494
2887,0.0736143440008163,0.126527592539787,1.25225055217743,0.400424212217331,0.33798012137413,0.885023772716522,0.325890481472015,2.26217794418335,0.0945388674736023,-0.0519191026687622,0.29259318113327,2.44651103019714,0.445266246795654,0.363886445760727,0.877856314182281,0.103965274989605
2889,0.0494722723960876,0.132339477539063,1.22151565551758,0.426886409521103,0.366345554590225,0.863782823085785,0.322866469621658,2.22038102149963,0.0966141372919083,-0.0526983849704266,0.353537350893021,2.40772986412048,0.43977028131485,0.370011687278748,0.883356332778931,0.0998905673623085
2891,0.0502642318606377,0.141229271888733,1.2322244644165,0.458002865314484,0.403315544128418,0.830553889274597,0.353931218385696,2.20210385322571,0.0937516391277313,-0.0539953857660294,0.393717885017395,2.39374303817749,0.460031449794769,0.366208642721176,0.91742604970932,0.112472951412201
2893,0.0840711370110512,0.136371850967407,1.26273620128632,0.472869008779526,0.440090626478195,0.7952641248703,0.380749762058258,2.21275067329407,0.0892209410667419,-0.0406506657600403,0.42246276140213,2.41091847419739,0.489536911249161,0.357804805040359,0.964169681072235,0.122112721204758
2895,0.116142697632313,0.144235208630562,1.28465867042542,0.444743871688843,0.437792748212814,0.772057354450226,0.383106976747513,2.26983833312988,0.0816010311245918,-0.0289059113711119,0.412965685129166,2.41876459121704,0.528065621852875,0.375784337520599,0.997566759586334,0.127768039703369
2897,0.123868219554424,0.160971999168396,1.30274951457977,0.404381215572357,0.415123581886292,0.753160893917084,0.378992974758148,2.35392165184021,0.0688743144273758,-0.0288454312831163,0.376084357500076,2.42229342460632,0.554264008998871,0.426369935274124,1.03630220890045,0.132401823997498
2899,0.123781636357307,0.170506581664085,1.33128213882446,0.408098220825195,0.386341631412506,0.745540499687195,0.36338147521019,2.40616512298584,0.0589446611702442,-0.04546133056283,0.340973854064941,2.4450204372406,0.571318805217743,0.453533440828323,1.05031561851501,0.146037384867668
2901,0.109128847718239,0.179715558886528,1.35803580284119,0.4505295753479,0.375116765499115,0.755097568035126,0.360186666250229,2.43811535835266,0.0483671613037586,-0.0452115871012211,0.354774653911591,2.51224279403687,0.615976095199585,0.479247629642487,1.05634450912476,0.191021859645844
2903,0.0976007506251335,0.187610745429993,1.42226445674896,0.472341388463974,0.388420283794403,0.786881387233734,0.367369592189789,2.46856236457825,0.0575054325163364,-0.0307309441268444,0.397223114967346,2.60378360748291,0.671958863735199,0.512285709381104,1.0760498046875,0.250304877758026
2905,0.102319665253162,0.200006783008575,1.50044417381287,0.466384947299957,0.403235912322998,0.839381337165833,0.388475209474564,2.488356590271,0.0367632955312729,-0.0301183462142944,0.400202125310898,2.69653964042664,0.723841309547424,0.521154403686523,1.12231421470642,0.287669509649277
2907,0.136767983436584,0.230783998966217,1.57111382484436,0.465997874736786,0.435219705104828,0.935369908809662,0.391998529434204,2.51420259475708,-0.00434069475159049,-0.0374949984252453,0.388914167881012,2.73792624473572,0.751959502696991,0.510539650917053,1.18078756332397,0.292939603328705
2909,0.172703504562378,0.244189918041229,1.64844381809235,0.481739550828934,0.452939420938492,1.05352187156677,0.394627511501312,2.56767630577087,0.00641813967376947,-0.0274340622127056,0.412462055683136,2.77542972564697,0.783129394054413,0.517275214195251,1.23034334182739,0.256232023239136
2911,0.202572837471962,0.238335475325584,1.70878231525421,0.499369204044342,0.42663049697876,1.13757944107056,0.415370374917984,2.60753178596497,0.0663247257471085,0.000902810716070235,0.453300714492798,2.88128590583801,0.779706835746765,0.536136031150818,1.28252446651459,0.211350530385971
2913,0.214773401618004,0.266768246889114,1.75436961650848,0.506331562995911,0.375187069177628,1.15853428840637,0.416673719882965,2.67946767807007,0.117986597120762,-0.00959209632128477,0.451780945062637,3.00617241859436,0.749654293060303,0.534624934196472,1.32003438472748,0.185038775205612
2915,0.207726240158081,0.299713790416718,1.8030618429184,0.523515343666077,0.35871747136116,1.18760395050049,0.412590980529785,2.8160707950592,0.172005817294121,-0.00994327384978533,0.416054576635361,3.1153028011322,0.741009831428528,0.55657559633255,1.35963642597198,0.192272886633873
2917,0.211569666862488,0.293424606323242,1.86553037166595,0.568023920059204,0.389206409454346,1.23942196369171,0.457794785499573,2.93720054626465,0.217403262853622,-0.00200213119387627,0.420589625835419,3.2376275062561,0.753714382648468,0.600222945213318,1.41063559055328,0.183241382241249
2919,0.202035874128342,0.281341433525085,1.91023683547974,0.656383812427521,0.443061411380768,1.27304589748383,0.510983347892761,3.08511114120483,0.257021337747574,-0.0347212068736553,0.466589570045471,3.33548784255981,0.771020770072937,0.655903697013855,1.43081820011139,0.166137337684631
2921,0.156904026865959,0.2592813372612,1.91519582271576,0.769818544387817,0.445230782032013,1.23495781421661,0.526313722133636,3.20397615432739,0.268014222383499,-0.104512013494968,0.510808527469635,3.42205286026001,0.788021743297577,0.685897350311279,1.44508230686188,0.187176093459129
2923,0.101261004805565,0.229476630687714,1.92116010189056,0.888882756233215,0.445656985044479,1.20076477527618,0.539214432239532,3.270103931427,0.243139639496803,-0.135807484388351,0.552987933158875,3.51753401756287,0.803281843662262,0.691098988056183,1.46856689453125,0.206284075975418
2925,0.0809757560491562,0.213912755250931,1.95295190811157,0.943214654922485,0.455526322126389,1.16430103778839,0.534574925899506,3.30862355232239,0.260898470878601,-0.144143626093864,0.57649838924408,3.59573459625244,0.771537959575653,0.71471780538559,1.47972309589386,0.243420511484146
2927,0.0408162511885166,0.22933728992939,1.95088410377502,0.89570415019989,0.432221680879593,1.09662425518036,0.529590725898743,3.31524062156677,0.315328299999237,-0.12173468619585,0.608292758464813,3.68684411048889,0.736664474010468,0.727134525775909,1.45822548866272,0.30493375658989
2929,0.0201191417872906,0.289028912782669,1.91540133953094,0.781664788722992,0.407059013843536,1.05701947212219,0.511516451835632,3.32032084465027,0.314845860004425,-0.1040203794837,0.643866062164307,3.73638439178467,0.751469731330872,0.714286804199219,1.44630146026611,0.345924645662308
2931,0.079439789056778,0.392987251281738,1.90171754360199,0.747555017471313,0.433987885713577,1.0592577457428,0.520084142684937,3.36643505096436,0.235894396901131,-0.0911909639835358,0.598051846027374,3.75642371177673,0.831734657287598,0.689275801181793,1.45479965209961,0.316074401140213
2933,0.165733143687248,0.484016388654709,1.93177676200867,0.761778891086578,0.482738643884659,1.06334233283997,0.545090973377228,3.42400193214417,0.153459519147873,-0.0677327811717987,0.528338253498077,3.80940103530884,0.934037685394287,0.663146078586578,1.48262774944305,0.261937826871872
2935,0.178798973560333,0.505316853523254,2.01766753196716,0.737549185752869,0.50752729177475,1.01778841018677,0.570176184177399,3.47112989425659,0.0910992175340652,-0.0420620255172253,0.496501952409744,3.80852460861206,0.986561834812164,0.62594610452652,1.44726371765137,0.22748900949955
2937,0.150557890534401,0.482239454984665,2.1457052230835,0.677751660346985,0.470477372407913,0.976421713829041,0.555012226104736,3.48101425170898,0.0750149413943291,-0.0414885766804218,0.507963478565216,3.72489356994629,0.940441191196442,0.594178855419159,1.39011073112488,0.178163602948189
2939,0.0984281450510025,0.454428285360336,2.19476079940796,0.64015656709671,0.41284453868866,1.02611863613129,0.543526411056519,3.34892082214355,0.103931993246078,-0.0390502363443375,0.521594703197479,3.64905190467834,0.819121837615967,0.554051637649536,1.36269342899323,0.142925307154655
2941,0.0556388273835182,0.397256910800934,2.13232612609863,0.677451312541962,0.367458343505859,1.14437079429626,0.539082169532776,3.24311113357544,0.158232465386391,-0.00401810416951776,0.531512916088104,3.56890726089478,0.749776005744934,0.547689080238342,1.39460957050323,0.156057327985764
2943,0.011250308714807,0.347201853990555,2.05732440948486,0.695702195167542,0.323923736810684,1.23030292987823,0.558825612068176,3.24226903915405,0.215353667736053,-0.0122337061911821,0.519048810005188,3.54859232902527,0.74502694606781,0.521976232528687,1.42365264892578,0.18114560842514
2945,-0.0367367826402187,0.280239164829254,2.00554966926575,0.674026608467102,0.270500868558884,1.22926616668701,0.520852863788605,3.19576668739319,0.195570379495621,0.0125226508826017,0.515448093414307,3.54116582870483,0.747334182262421,0.472617626190186,1.39533448219299,0.192430809140205
2947,-0.0413029417395592,0.21725207567215,1.91304039955139,0.647244870662689,0.274830996990204,1.14823007583618,0.460789650678635,3.17959523200989,0.138513192534447,0.0545303523540497,0.532195270061493,3.58580541610718,0.746077358722687,0.444530367851257,1.346355676651,0.184304401278496
2949,-0.042518887668848,0.220668882131577,1.79070818424225,0.608539402484894,0.261909514665604,1.07618427276611,0.460208117961884,3.23923420906067,0.108805693686008,0.0923905968666077,0.569071114063263,3.67090249061584,0.80069899559021,0.432510614395142,1.27951741218567,0.137471333146095
2951,0.0273507740348577,0.249027147889137,1.79333436489105,0.547890901565552,0.168198943138123,1.14062261581421,0.518372476100922,3.30573582649231,0.167262434959412,0.0658055618405342,0.560606300830841,3.76238632202148,0.911720752716064,0.404863476753235,1.26441705226898,0.163546353578568
2953,0.0858880206942558,0.261260688304901,1.84248900413513,0.52485853433609,0.0576385743916035,1.25818860530853,0.482318222522736,3.29311108589172,0.213683396577835,0.0471676029264927,0.483228832483292,3.78635621070862,0.999707341194153,0.371955990791321,1.33933138847351,0.149018585681915
2955,0.0704474225640297,0.300824910402298,1.82898509502411,0.556166648864746,0.0472634993493557,1.2317556142807,0.414395093917847,3.29818677902222,0.244865149259567,0.0652331337332726,0.384379744529724,3.74583864212036,1.01615130901337,0.410287320613861,1.3445919752121,0.122956924140453
2957,0.0216211639344692,0.336395621299744,1.77761077880859,0.584196031093597,0.023005910217762,1.11184823513031,0.315033078193665,3.27264428138733,0.288463234901428,0.0320565290749073,0.252870321273804,3.73336267471313,1.02534449100494,0.56123274564743,1.29679107666016,0.180182367563248
2959,0.0563511848449707,0.296222120523453,1.78901720046997,0.645341098308563,0.0715803205966949,0.931808888912201,0.21829329431057,3.17781400680542,0.306698739528656,-0.0903419032692909,0.245201870799065,3.72241568565369,1.02184438705444,0.715489685535431,1.19459629058838,0.293340772390366
2961,0.11749454587698,0.324597209692001,1.87353587150574,0.735475778579712,0.0828288793563843,0.809512734413147,0.110340759158134,3.06864595413208,0.269770175218582,-0.24790857732296,0.368392944335938,3.63380098342896,0.955169379711151,0.755795657634735,1.10112738609314,0.323736131191254
2963,0.196570947766304,0.374555081129074,1.84080958366394,0.764916241168976,0.112885735929012,0.763570547103882,0.101797826588154,2.94313263893127,0.100950479507446,-0.364369601011276,0.419368118047714,3.54228091239929,0.818684101104736,0.675433099269867,0.951017081737518,0.251346051692963
2965,0.272856324911118,0.372558027505875,1.67052912712097,0.746500730514526,0.166310846805573,0.688783943653107,0.221594303846359,2.83039712905884,-0.134428441524506,-0.362053722143173,0.370335787534714,3.44132566452026,0.786501109600067,0.553754508495331,0.917869389057159,0.246930241584778
2967,0.311366319656372,0.432752698659897,1.44073235988617,0.606878817081451,0.151811763644218,0.597385406494141,0.257523030042648,2.69606852531433,-0.254896938800812,-0.150742918252945,0.363450229167938,3.36363291740417,0.789787769317627,0.535406470298767,0.972539961338043,0.252990067005157
2969,0.227091938257217,0.589927494525909,1.04813647270203,0.52424556016922,-0.0539260171353817,0.552974760532379,0.248908028006554,2.33867955207825,-0.298127472400665,0.0814386904239655,0.451708376407623,3.14052319526672,0.71789288520813,0.393877476453781,1.0253449678421,0.276340931653976
2971,0.0988107025623322,0.861833512783051,0.684677183628082,0.354542464017868,-0.268993645906448,0.676853179931641,0.286143600940704,1.86779296398163,-0.251574039459229,0.200607344508171,0.421090751886368,2.88850617408752,0.672474205493927,0.315983444452286,1.02090311050415,0.229920610785484
2973,0.00816734135150909,1.09055864810944,0.505264818668365,0.119573548436165,-0.452706456184387,0.775158941745758,0.334120005369186,1.55773878097534,-0.143923029303551,0.284475296735764,0.22710308432579,2.88003611564636,0.69319623708725,0.477016746997833,1.0925772190094,0.104780219495296
2975,-0.194214642047882,1.083247423172,0.57380872964859,-0.201030761003494,-0.693089783191681,0.762210726737976,0.18664388358593,1.58557724952698,-0.370401471853256,0.203573882579803,-0.0966666713356972,3.0361647605896,0.733868598937988,0.636207461357117,1.00724792480469,-0.0177477896213531
2977,-0.381417691707611,0.691019117832184,0.426849365234375,-0.569782495498657,-0.884345591068268,0.658186435699463,0.26406529545784,1.85474920272827,-0.788585901260376,-0.18181985616684,-0.110569544136524,2.88440346717834,0.874930918216705,0.897100567817688,0.431229114532471,-0.127203330397606
2979,-0.243191689252853,0.117794290184975,-0.233603850007057,-0.845442533493042,-0.921700954437256,0.0740578919649124,0.423517435789108,1.66163659095764,-1.02785420417786,-0.461767196655273,0.408860296010971,2.53292274475098,0.994595170021057,1.10248243808746,-0.201673045754433,-0.278158932924271
2981,-0.154408574104309,-0.358492523431778,-0.832338273525238,-0.973642230033875,-0.982990980148315,-0.211242407560349,0.52845960855484,1.1111866235733,-1.22505164146423,-0.610551357269287,0.891127347946167,2.35146355628967,0.784690201282501,1.04955410957336,-0.603395581245422,0.0562447160482407
2983,-0.159546121954918,-0.722452282905579,-0.840282320976257,-1.11992812156677,-1.02628338336945,-0.0187595132738352,0.951321721076965,0.509926915168762,-1.70789873600006,-0.460320234298706,0.983552873134613,2.74574303627014,0.796480894088745,0.997729957103729,-0.989774227142334,0.783520638942719
2985,0.352635860443115,-0.90086555480957,-0.0295130964368582,-1.54457330703735,-0.556804955005646,1.08867144584656,1.36138510704041,0.833543062210083,-2.31856107711792,-0.71245265007019,0.806317746639252,3.52791166305542,1.03300559520721,1.52596879005432,-1.71393620967865,1.34950864315033
2987,0.946201682090759,-1.16228103637695,1.53285539150238,-1.33170628547668,0.15775041282177,2.21858763694763,0.810234904289246,3.04165506362915,-3.46451425552368,-0.24102158844471,1.08294749259949,3.1214873790741,1.05054640769958,2.06016397476196,-1.8053685426712,1.63084197044373
2989,0.0484805405139923,-1.30411148071289,1.77058780193329,0.367276728153229,0.320482730865479,1.48162949085236,-0.944208741188049,5.67986011505127,-4.19992780685425,0.361825257539749,1.81007218360901,1.36850559711456,0.599054455757141,1.5777850151062,-0.362334072589874,2.45040941238403
2991,-0.68445485830307,-2.36327028274536,0.502397239208221,0.80893874168396,0.239677488803864,-0.0430125221610069,-1.55360245704651,6.09569549560547,-5.07944488525391,-0.16291107237339,2.09289789199829,-0.684425830841064,0.146032720804214,1.08962094783783,0.772936642169952,3.33185148239136
2993,-0.191963955760002,-3.83861827850342,-1.64014935493469,-0.0980063304305077,-0.55548769235611,-2.20000052452087,-2.50273847579956,3.59696841239929,-5.03085470199585,-0.774736821651459,3.45727586746216,-2.2101743221283,-0.451955258846283,0.875641345977783,0.42540967464447,2.65583229064941
2995,0.640653550624847,-3.78768157958984,-2.09125518798828,-1.32463312149048,-0.289787471294403,-2.57872533798218,-3.49351572990417,-0.622945249080658,-2.65708303451538,-0.508015215396881,3.72753167152405,-2.41160774230957,-0.210633590817451,0.608240127563477,-1.12677097320557,-0.315798074007034
