,"O-PTIR 1/O-PTIR","O-PTIR 2/O-PTIR","O-PTIR 3/O-PTIR","O-PTIR 4/O-PTIR","O-PTIR 5/O-PTIR","O-PTIR 6/O-PTIR","O-PTIR 7/O-PTIR","O-PTIR 8/O-PTIR","O-PTIR 9/O-PTIR","O-PTIR 10/O-PTIR","O-PTIR 11/O-PTIR","O-PTIR 12/O-PTIR"
,14873.9599609375,14883.2099609375,14888.16015625,14885.91015625,14879.759765625,14866.8095703125,14863.759765625,14872.9599609375,14882.009765625,14873.4599609375,14865.1103515625,14879.4599609375
,5335.8798828125,5338.77978515625,5332.27978515625,5319.97998046875,5311.97998046875,5316.22998046875,5309.080078125,5300.8798828125,5298.330078125,5324.27978515625,5343.52978515625,5347.1298828125
923,2.21706104278564,-1.92791104316711,4.19662380218506,-1.84160053730011,1.97389590740204,0.1429363489151,1.04181861877441,-0.535556495189667,-1.43132615089417,-2.51931643486023,-0.49433308839798,3.20089316368103
925,3.1734733581543,-0.31871035695076,2.34921216964722,-1.71555531024933,1.58449375629425,0.40797221660614,2.24104857444763,-0.321570187807083,-0.822480142116547,-2.89238715171814,0.438947379589081,2.80360412597656
927,3.77291440963745,-0.0885894000530243,0.959269523620605,-1.59719276428223,0.59916090965271,-0.0956400111317635,1.60469925403595,-0.404206931591034,0.00113338232040405,-1.90267777442932,0.355605840682983,1.9980376958847
929,3.78652501106262,-0.450154632329941,0.292582392692566,-2.25493431091309,0.376603782176971,-0.173275545239449,1.95016837120056,0.21516065299511,-0.0324166044592857,-0.881649017333984,-0.321491420269012,0.801646769046783
931,2.44476771354675,-0.0687026232481003,-0.32643911242485,-3.49644422531128,0.510476291179657,-0.0206552557647228,2.61426281929016,0.0449620597064495,-0.0846697464585304,-0.575095891952515,0.211468502879143,0.486577093601227
933,1.07872891426086,0.142014726996422,-0.312904328107834,-3.4077353477478,0.978154838085175,-0.35261407494545,1.89897859096527,-0.134066015481949,0.0868711695075035,-0.668575942516327,0.800348818302155,0.534387588500977
935,0.367641448974609,0.1905677318573,0.198916390538216,-2.09222674369812,0.650511264801025,-0.463209092617035,0.376384705305099,-0.217161044478416,0.326666116714478,-0.58503121137619,0.808871448040009,0.472141742706299
937,0.126082926988602,-0.0213186852633953,0.270185559988022,-0.907800495624542,0.154628872871399,0.00957882963120937,-0.397271633148193,-0.225436955690384,0.436030983924866,-0.473810344934464,0.633342504501343,0.108631365001202
939,-0.021449601277709,-0.101294688880444,0.240413337945938,-0.321889132261276,0.0744685977697372,0.548471510410309,-0.139242082834244,-0.133018344640732,0.455420404672623,-0.499194860458374,0.195680394768715,0.00444715609773993
941,-0.173480898141861,-0.155358463525772,0.163116872310638,-0.0745641440153122,-0.0726179927587509,0.739802598953247,0.465734124183655,-0.255464404821396,0.618301033973694,-0.457103610038757,-0.178293213248253,-0.0667771846055984
943,-0.240669429302216,-0.240493431687355,0.262705236673355,-0.0362639501690865,-0.279907763004303,0.742744922637939,1.10392153263092,-0.388832271099091,0.617280721664429,-0.429906845092773,-0.342793643474579,-0.135847270488739
945,-0.302125573158264,-0.0647645220160484,0.0870034024119377,-0.255382120609283,-0.459015786647797,0.590386569499969,1.57761752605438,-0.245280683040619,0.397365868091583,-0.252079099416733,-0.265213996171951,-0.23678320646286
947,-0.294356316328049,0.167798474431038,-0.128905043005943,-0.438160449266434,-0.417239189147949,0.612917721271515,1.7814222574234,-0.0183679386973381,0.0837444290518761,-0.164391979575157,-0.233628839254379,-0.180925831198692
949,-0.181856244802475,0.185639217495918,-0.252783834934235,-0.499618679285049,-0.302836418151855,0.868398904800415,1.92949771881104,0.217458799481392,-0.135005012154579,-0.165197968482971,-0.18003685772419,-0.128127992153168
951,0.021593114361167,0.116891905665398,-0.187805831432343,-0.498325347900391,-0.165525883436203,1.14621353149414,2.12738609313965,0.491729617118835,-0.222210571169853,-0.130231916904449,-0.0761253982782364,-0.108965188264847
953,0.238010883331299,0.0942979380488396,-0.100100949406624,-0.465278953313828,-0.0151533037424088,1.29261708259583,2.3929717540741,0.633051753044128,-0.255281031131744,-0.0532809942960739,0.0597897134721279,-0.163179934024811
955,0.361730486154556,0.0941190123558044,-0.0423194020986557,-0.359235733747482,0.0865926072001457,1.46815061569214,2.65602493286133,0.659318566322327,-0.243241012096405,-0.00604809215292335,0.143217861652374,-0.178938314318657
957,0.378059238195419,0.132476389408112,-0.088983990252018,-0.289011776447296,0.183613374829292,1.66194534301758,2.96710014343262,0.799009561538696,-0.21133054792881,0.021605035290122,0.21186152100563,-0.157512530684471
959,0.423611551523209,0.15327587723732,-0.200554639101028,-0.264142841100693,0.244349479675293,1.83474218845367,3.14718461036682,1.00141835212708,-0.101821377873421,0.0826447382569313,0.292115688323975,-0.171474114060402
961,0.498321682214737,0.185850068926811,-0.274890244007111,-0.174088984727859,0.267433047294617,1.9320205450058,3.24846458435059,1.1380580663681,-0.00927089340984821,0.187240079045296,0.390692949295044,-0.185704529285431
963,0.525678038597107,0.27790567278862,-0.236883774399757,-0.0986063033342361,0.274878799915314,2.03993082046509,3.4008162021637,1.1633768081665,0.0755671635270119,0.311102658510208,0.478125780820847,-0.137932702898979
965,0.512802481651306,0.377558559179306,-0.121546916663647,-0.0440122857689857,0.32067346572876,2.15088939666748,3.54868412017822,1.17712008953094,0.123250618577003,0.352157413959503,0.542927086353302,-0.0721502751111984
967,0.507650852203369,0.512583017349243,-0.00724716717377305,-0.0311411265283823,0.310084521770477,2.30464553833008,3.6935019493103,1.25295698642731,0.113844498991966,0.381426572799683,0.573608756065369,-0.0653286650776863
969,0.55416339635849,0.640625476837158,0.100106224417686,-0.00854166783392429,0.251961231231689,2.44878125190735,3.8580174446106,1.33704459667206,0.104774542152882,0.439194917678833,0.632587134838104,-0.104787647724152
971,0.630622386932373,0.732309579849243,0.142196506261826,0.0418598167598248,0.230929061770439,2.50098299980164,4.04698371887207,1.42624616622925,0.14858877658844,0.430491507053375,0.717278361320496,-0.102602183818817
973,0.700124859809875,0.801665663719177,0.157242298126221,0.0492821633815765,0.293276369571686,2.51679253578186,4.17931890487671,1.53426587581635,0.181502401828766,0.44282341003418,0.822366178035736,-0.0509431883692741
975,0.737385034561157,0.856603622436523,0.167946070432663,0.0111276544630527,0.372729569673538,2.56540489196777,4.27593326568604,1.66035234928131,0.170154601335526,0.507944405078888,0.945084512233734,0.0296433754265308
977,0.751708745956421,0.914089560508728,0.140353873372078,0.00864783022552729,0.463090777397156,2.64186835289001,4.34454011917114,1.73255896568298,0.186174690723419,0.572482824325562,1.01694011688232,0.118394620716572
979,0.78149551153183,0.953033804893494,0.143602252006531,0.0409177243709564,0.520326733589172,2.74558329582214,4.41911172866821,1.76909863948822,0.215262025594711,0.593036890029907,1.07679784297943,0.166037663817406
981,0.822516560554504,0.986092686653137,0.217147424817085,0.0737270340323448,0.533206105232239,2.87874746322632,4.52056312561035,1.81110870838165,0.231627196073532,0.595392465591431,1.13138401508331,0.196387976408005
983,0.867896020412445,1.04626321792603,0.285768389701843,0.117059998214245,0.53335177898407,2.98382019996643,4.65095186233521,1.89781022071838,0.245189800858498,0.618015170097351,1.18713283538818,0.24427242577076
985,0.929912984371185,1.1207834482193,0.31541034579277,0.146274298429489,0.525598287582397,3.03644943237305,4.74010515213013,1.98519790172577,0.236347824335098,0.621361374855042,1.23010957241058,0.276805758476257
987,0.961812615394592,1.19974219799042,0.332844734191895,0.177835628390312,0.515324532985687,3.07496213912964,4.82678985595703,2.02555060386658,0.231538847088814,0.626290261745453,1.2402184009552,0.310026168823242
989,0.987968742847443,1.29760646820068,0.391732573509216,0.207751631736755,0.499630630016327,3.09356832504272,4.90976476669312,2.05950975418091,0.250174254179001,0.654580593109131,1.25907325744629,0.349160522222519
991,1.03193616867065,1.35777175426483,0.450018405914307,0.227818056941032,0.533310532569885,3.10030484199524,4.96304607391357,2.10640430450439,0.27936190366745,0.698384761810303,1.31602334976196,0.363254457712173
993,1.07489514350891,1.40287804603577,0.503462433815002,0.249805614352226,0.619003176689148,3.12853455543518,5.03997945785522,2.19067311286926,0.284080028533936,0.744024455547333,1.38604545593262,0.379012435674667
995,1.10940849781036,1.4714298248291,0.536896169185638,0.289629966020584,0.721509635448456,3.20351815223694,5.12702322006226,2.27768564224243,0.28035232424736,0.778859317302704,1.46163296699524,0.423650085926056
997,1.15804183483124,1.56690883636475,0.573110342025757,0.326052218675613,0.778145849704742,3.30979585647583,5.23501396179199,2.37167549133301,0.281908333301544,0.824349761009216,1.52393794059753,0.470827251672745
999,1.20521295070648,1.66426277160645,0.620046019554138,0.359373509883881,0.799118995666504,3.40435314178467,5.37269926071167,2.47908139228821,0.289639383554459,0.855117857456207,1.5543954372406,0.518052697181702
1001,1.23400974273682,1.74435114860535,0.676302969455719,0.393057525157928,0.82020515203476,3.4673752784729,5.49819040298462,2.58727717399597,0.322599083185196,0.884148716926575,1.57893359661102,0.57310563325882
1003,1.25905108451843,1.81461358070374,0.698913872241974,0.409967631101608,0.865527212619781,3.49538230895996,5.58394432067871,2.68299126625061,0.370710462331772,0.931868970394135,1.6355094909668,0.609989047050476
1005,1.29881167411804,1.90223622322083,0.7164466381073,0.416526615619659,0.91181206703186,3.52813220024109,5.6674108505249,2.74845600128174,0.407091528177261,0.965950131416321,1.69607400894165,0.639141380786896
1007,1.33274507522583,1.99839246273041,0.737381160259247,0.432553678750992,0.923804461956024,3.60232043266296,5.75527811050415,2.82320404052734,0.417252779006958,0.988370478153229,1.75794565677643,0.66934734582901
1009,1.37895441055298,2.09088492393494,0.790765285491943,0.449578821659088,0.918559491634369,3.69725275039673,5.83936214447021,2.90264010429382,0.410267472267151,1.02478325366974,1.82326245307922,0.701916754245758
1011,1.42970430850983,2.21599340438843,0.848072946071625,0.476629257202148,0.912383317947388,3.78995800018311,5.95521450042725,3.00408029556274,0.412534177303314,1.0721492767334,1.87832927703857,0.752785980701447
1013,1.47871744632721,2.36663508415222,0.900136709213257,0.511125981807709,0.939067125320435,3.85492563247681,6.10605621337891,3.12881875038147,0.433404743671417,1.11155295372009,1.9247088432312,0.808058083057404
1015,1.51391541957855,2.49836349487305,0.94721657037735,0.551487386226654,1.00305104255676,3.92205595970154,6.2557692527771,3.25056457519531,0.447947591543198,1.16969168186188,1.96596252918243,0.865905284881592
1017,1.55295693874359,2.60658264160156,1.00499987602234,0.596639215946198,1.06063938140869,3.98680138587952,6.39890241622925,3.35230588912964,0.448797523975372,1.22449219226837,2.02821159362793,0.908472418785095
1019,1.61306464672089,2.7178065776825,1.07605111598969,0.631019175052643,1.1095552444458,4.03944683074951,6.53339099884033,3.45067095756531,0.470749884843826,1.28412008285522,2.09753274917603,0.936115801334381
1021,1.65897536277771,2.85075902938843,1.14781725406647,0.641419529914856,1.15181171894073,4.09567165374756,6.63915061950684,3.55030560493469,0.513976216316223,1.32527017593384,2.1573269367218,0.980218648910522
1023,1.69878804683685,2.97581744194031,1.21994292736053,0.653657615184784,1.18854439258575,4.19222736358643,6.76039886474609,3.66561460494995,0.567052900791168,1.34930121898651,2.22680234909058,1.04911017417908
1025,1.7529901266098,3.09065318107605,1.3105320930481,0.687272787094116,1.22882723808289,4.29290103912354,6.91359043121338,3.78551387786865,0.613060176372528,1.37507748603821,2.29772663116455,1.12695002555847
1027,1.81625306606293,3.19318580627441,1.40318763256073,0.728778421878815,1.26536440849304,4.35480260848999,7.04908895492554,3.88128018379211,0.633886218070984,1.40861105918884,2.35516333580017,1.17439365386963
1029,1.85698628425598,3.27680230140686,1.47178530693054,0.758504509925842,1.3027275800705,4.3925256729126,7.15638780593872,3.97788596153259,0.631272792816162,1.44923794269562,2.40611481666565,1.21499180793762
1031,1.87161111831665,3.36012291908264,1.51738226413727,0.781588971614838,1.33733630180359,4.43111085891724,7.26557779312134,4.08998680114746,0.64120489358902,1.47472870349884,2.43885087966919,1.27291452884674
1033,1.8771595954895,3.44594573974609,1.55491423606873,0.813804566860199,1.36609447002411,4.49457883834839,7.39088010787964,4.21522855758667,0.657773494720459,1.48974788188934,2.47487473487854,1.34318614006042
1035,1.90278279781342,3.53908729553223,1.60898506641388,0.835153043270111,1.38707518577576,4.56020832061768,7.5239462852478,4.33196306228638,0.663627207279205,1.52281749248505,2.52067947387695,1.41235136985779
1037,1.94800209999084,3.61418461799622,1.66078889369965,0.862847745418549,1.41345298290253,4.61594867706299,7.6518669128418,4.43171787261963,0.673675835132599,1.55841600894928,2.58139324188232,1.48290598392487
1039,2.00309228897095,3.66991853713989,1.7188538312912,0.899261295795441,1.4425847530365,4.68452739715576,7.76524305343628,4.50844287872314,0.688662528991699,1.5903981924057,2.64020252227783,1.543776512146
1041,2.04067373275757,3.71292114257813,1.78257358074188,0.933156371116638,1.46724843978882,4.77013397216797,7.87083578109741,4.55375957489014,0.708594441413879,1.61534106731415,2.69573855400085,1.59322094917297
1043,2.07168745994568,3.7568097114563,1.83691573143005,0.951044499874115,1.4828165769577,4.84585523605347,7.97760009765625,4.60886907577515,0.733176827430725,1.64791834354401,2.73322224617004,1.60885500907898
1045,2.0895824432373,3.78277683258057,1.87880289554596,0.954951524734497,1.49367487430573,4.88240575790405,8.06975936889648,4.68429040908813,0.757764577865601,1.68020987510681,2.75328683853149,1.61107110977173
1047,2.08350944519043,3.79328441619873,1.92192828655243,0.957792818546295,1.50625395774841,4.89665937423706,8.16320419311523,4.74253511428833,0.755773961544037,1.70085024833679,2.7810914516449,1.6224958896637
1049,2.07815790176392,3.82660293579102,1.96161556243896,0.964352488517761,1.5118305683136,4.92524147033691,8.25414943695068,4.7776050567627,0.74534797668457,1.70376753807068,2.82547235488892,1.64017462730408
1051,2.09170269966125,3.86176586151123,1.99270248413086,0.980463862419128,1.50515162944794,4.98035049438477,8.34565830230713,4.8156943321228,0.748730599880219,1.70917236804962,2.87918424606323,1.67582595348358
1053,2.11897659301758,3.87705087661743,2.00920033454895,1.00528502464294,1.48346447944641,5.02052545547485,8.43017292022705,4.85380363464355,0.747370839118958,1.72144770622253,2.92501425743103,1.72649824619293
1055,2.15742969512939,3.89184308052063,2.02844953536987,1.04596674442291,1.46224927902222,5.04564619064331,8.51633739471436,4.89727258682251,0.730145871639252,1.73259651660919,2.95443296432495,1.78096079826355
1057,2.19958901405334,3.90317583084106,2.04567718505859,1.07914066314697,1.45914196968079,5.08711767196655,8.59542465209961,4.92334318161011,0.706503987312317,1.73471593856812,2.98804092407227,1.8219348192215
1059,2.22464179992676,3.90492343902588,2.06002831459045,1.10003817081451,1.46482253074646,5.12434816360474,8.65490436553955,4.9177713394165,0.694761097431183,1.72656059265137,3.02291941642761,1.83547699451447
1061,2.22048616409302,3.88403630256653,2.06083965301514,1.10715866088867,1.46872866153717,5.12599325180054,8.70165252685547,4.89429473876953,0.698507487773895,1.72236669063568,3.0507116317749,1.84535157680511
1063,2.20172262191772,3.83181190490723,2.0564501285553,1.1031106710434,1.47298789024353,5.10527896881104,8.73375606536865,4.86687278747559,0.715207934379578,1.72137451171875,3.08115458488464,1.86480963230133
1065,2.18667531013489,3.75838327407837,2.06555724143982,1.10633313655853,1.47180950641632,5.11170244216919,8.76254940032959,4.84813499450684,0.705617427825928,1.6923280954361,3.12391352653503,1.88312518596649
1067,2.17638063430786,3.68968152999878,2.09007978439331,1.10658669471741,1.47307050228119,5.15836048126221,8.78916263580322,4.83939552307129,0.67007976770401,1.6441924571991,3.15776515007019,1.87426793575287
1069,2.1696183681488,3.63286304473877,2.10348558425903,1.10207462310791,1.48352789878845,5.19115257263184,8.79692459106445,4.82625102996826,0.652178943157196,1.61309099197388,3.16025519371033,1.8592836856842
1071,2.16922640800476,3.56804943084717,2.0914945602417,1.09077727794647,1.48643898963928,5.17816638946533,8.80442333221436,4.78405904769897,0.645441174507141,1.60310733318329,3.15426349639893,1.84790742397308
1073,2.16749620437622,3.49901652336121,2.06984615325928,1.07886362075806,1.47364747524261,5.15923261642456,8.79812145233154,4.72214794158936,0.651114642620087,1.58352601528168,3.14419555664063,1.82818877696991
1075,2.1446852684021,3.45674276351929,2.04499435424805,1.07389223575592,1.4396812915802,5.14954853057861,8.78999614715576,4.65281295776367,0.659646987915039,1.54313945770264,3.1209762096405,1.79998624324799
1077,2.12738871574402,3.40319037437439,2.01035356521606,1.06210160255432,1.40673279762268,5.13417053222656,8.79627990722656,4.57803773880005,0.639989078044891,1.50164592266083,3.08747172355652,1.77046942710876
1079,2.11429333686829,3.31526494026184,1.9705605506897,1.05592024326324,1.36295735836029,5.10411930084229,8.78666687011719,4.49597454071045,0.609475076198578,1.46547603607178,3.05674290657043,1.75208818912506
1081,2.10240411758423,3.20683336257935,1.93309128284454,1.06545805931091,1.30592584609985,5.05149173736572,8.73621368408203,4.42671632766724,0.576234400272369,1.41999650001526,3.03805994987488,1.72422444820404
1083,2.09834051132202,3.10125827789307,1.9119793176651,1.05390965938568,1.23942196369171,5.01084136962891,8.66053199768066,4.36739206314087,0.540547251701355,1.37976181507111,3.00761556625366,1.68305814266205
1085,2.09303116798401,2.99596166610718,1.89188098907471,1.03141033649445,1.19314742088318,4.96881866455078,8.57089424133301,4.30032253265381,0.505051374435425,1.3317391872406,2.97325086593628,1.64119505882263
1087,2.07852435112,2.8757438659668,1.86665976047516,1.00272369384766,1.15649306774139,4.92172384262085,8.48818683624268,4.22429609298706,0.4742092192173,1.28233921527863,2.95278668403625,1.612588763237
1089,2.05194735527039,2.75333452224731,1.82162857055664,0.96758496761322,1.12240254878998,4.88009977340698,8.40735530853271,4.15039777755737,0.442734241485596,1.24058043956757,2.93003511428833,1.58972609043121
1091,2.00533580780029,2.65003061294556,1.77617657184601,0.941294312477112,1.08617651462555,4.84348297119141,8.31306934356689,4.06868076324463,0.413498193025589,1.21100437641144,2.90616369247437,1.56327104568481
1093,1.96084892749786,2.55866122245789,1.74693250656128,0.930923044681549,1.05087494850159,4.81820058822632,8.22209358215332,3.97344422340393,0.402962893247604,1.17113292217255,2.86884450912476,1.52667760848999
1095,1.93301141262054,2.4691162109375,1.72068178653717,0.918649554252625,1.02923274040222,4.79702234268188,8.16227531433105,3.88797116279602,0.412510514259338,1.13122463226318,2.83205819129944,1.49222528934479
1097,1.90480351448059,2.38148832321167,1.7007908821106,0.898501694202423,1.01509582996368,4.76557874679565,8.10585308074951,3.80949211120605,0.409358829259872,1.10267841815948,2.81104207038879,1.45934092998505
1099,1.87509977817535,2.30159640312195,1.69043254852295,0.876959025859833,1.00011956691742,4.72588157653809,8.03640174865723,3.7354896068573,0.39652144908905,1.07086396217346,2.81300020217896,1.41212463378906
1101,1.84835481643677,2.22404503822327,1.66798853874207,0.850277245044708,0.976840496063232,4.71243953704834,7.97412729263306,3.65584397315979,0.387371599674225,1.02755093574524,2.80484914779663,1.37546145915985
1103,1.82101023197174,2.14816236495972,1.63411664962769,0.825875639915466,0.953781247138977,4.69698143005371,7.92401170730591,3.57154726982117,0.367060929536819,1.00479829311371,2.77735114097595,1.3560311794281
1105,1.79902362823486,2.07386636734009,1.61015474796295,0.818708121776581,0.933447539806366,4.67892169952393,7.88820457458496,3.47979474067688,0.353084325790405,1.00129532814026,2.74305462837219,1.34600281715393
1107,1.77700102329254,2.01277279853821,1.60051679611206,0.81688666343689,0.91044807434082,4.65717363357544,7.85562801361084,3.39707779884338,0.351560145616531,0.990507543087006,2.72246313095093,1.33295512199402
1109,1.75091564655304,1.95611679553986,1.57406139373779,0.81026703119278,0.883418500423431,4.62402009963989,7.82328987121582,3.35427832603455,0.344318121671677,0.964439749717712,2.71915698051453,1.30053150653839
1111,1.72174870967865,1.89568638801575,1.53907883167267,0.792846858501434,0.867116987705231,4.58403921127319,7.78498411178589,3.32622289657593,0.335350960493088,0.938069760799408,2.71549701690674,1.26129746437073
1113,1.70827496051788,1.84235405921936,1.52258908748627,0.775379836559296,0.861552834510803,4.54012537002563,7.73832035064697,3.27969908714294,0.329953044652939,0.923161268234253,2.700026512146,1.22078001499176
1115,1.70506417751312,1.79209136962891,1.51687824726105,0.757265865802765,0.848964631557465,4.50036191940308,7.69683170318604,3.22169470787048,0.32382345199585,0.919375956058502,2.6688711643219,1.19961631298065
1117,1.69951248168945,1.75525414943695,1.49818396568298,0.742174327373505,0.838719308376312,4.46563577651978,7.64716100692749,3.16986107826233,0.313754320144653,0.905417025089264,2.63592791557312,1.18872213363647
1119,1.67355704307556,1.71481931209564,1.47212100028992,0.738209307193756,0.844121098518372,4.44367361068726,7.58425855636597,3.12731099128723,0.307567894458771,0.873846769332886,2.62694144248962,1.18248474597931
1121,1.64147007465363,1.67096483707428,1.44248199462891,0.74463963508606,0.837376713752747,4.41901922225952,7.52930545806885,3.08143591880798,0.307595372200012,0.851214647293091,2.61880850791931,1.18804454803467
1123,1.61029279232025,1.63364458084106,1.40516889095306,0.742078304290771,0.830639719963074,4.39666509628296,7.4870491027832,3.03595685958862,0.307098925113678,0.843888401985168,2.59536290168762,1.17997801303864
1125,1.57909607887268,1.61292731761932,1.37198460102081,0.737713634967804,0.825422048568726,4.37222385406494,7.4321117401123,2.98019695281982,0.295608460903168,0.831264674663544,2.57716012001038,1.16128897666931
1127,1.56467294692993,1.59551250934601,1.3533046245575,0.746208965778351,0.810909509658813,4.35017108917236,7.37149667739868,2.92446541786194,0.28282842040062,0.812477231025696,2.55205821990967,1.12729501724243
1129,1.55676662921906,1.552729845047,1.33386039733887,0.751710891723633,0.790211081504822,4.32636642456055,7.30377435684204,2.87648344039917,0.262480139732361,0.797777831554413,2.50981473922729,1.08282339572906
1131,1.54261815547943,1.50207698345184,1.32129120826721,0.737804353237152,0.77093780040741,4.29036951065063,7.24751758575439,2.81650400161743,0.227514088153839,0.781636536121368,2.47476124763489,1.03326499462128
1133,1.52788186073303,1.46723413467407,1.31208467483521,0.726498186588287,0.757263481616974,4.24118518829346,7.19801950454712,2.76342582702637,0.204300448298454,0.754870533943176,2.44687843322754,1.0022805929184
1135,1.51547563076019,1.43129205703735,1.30661690235138,0.710594356060028,0.730378389358521,4.19229650497437,7.13861751556396,2.7053542137146,0.200269997119904,0.725755393505096,2.41895151138306,0.989563345909119
1137,1.50607216358185,1.39824950695038,1.29548788070679,0.704857170581818,0.702224850654602,4.14316654205322,7.07461071014404,2.64255523681641,0.218611180782318,0.703950345516205,2.39560008049011,0.97753244638443
1139,1.48082482814789,1.37435054779053,1.28173124790192,0.709890246391296,0.676913142204285,4.10954570770264,7.0033130645752,2.58854675292969,0.237517416477203,0.706061184406281,2.3754186630249,0.960549771785736
1141,1.45588982105255,1.35344815254211,1.27460241317749,0.714124798774719,0.657529354095459,4.08681154251099,6.93754148483276,2.53939008712769,0.245686486363411,0.716066956520081,2.35600137710571,0.951284766197205
1143,1.44311892986298,1.32812190055847,1.27618384361267,0.713777720928192,0.651770234107971,4.0542688369751,6.88471651077271,2.4893159866333,0.252315282821655,0.712387323379517,2.33928513526917,0.9505495429039
1145,1.44494068622589,1.29836189746857,1.26782524585724,0.705066502094269,0.662961423397064,4.02144718170166,6.84159708023071,2.44345903396606,0.281517028808594,0.707313656806946,2.31857681274414,0.9436075091362
1147,1.45790779590607,1.27613639831543,1.24183583259583,0.694929361343384,0.674743711948395,4.0039234161377,6.82374477386475,2.41575288772583,0.309910207986832,0.713748931884766,2.30929780006409,0.915389478206635
1149,1.4651472568512,1.26185929775238,1.23772037029266,0.673342764377594,0.667100489139557,4.00492763519287,6.80598592758179,2.41205978393555,0.319174349308014,0.712744116783142,2.31437563896179,0.864086389541626
1151,1.45451402664185,1.24074828624725,1.23812115192413,0.639203548431396,0.657131612300873,4.01827907562256,6.75228309631348,2.40896606445313,0.318056613206863,0.699328541755676,2.31683397293091,0.824853897094727
1153,1.43952715396881,1.21470952033997,1.24077892303467,0.610398828983307,0.647057831287384,4.0180082321167,6.68050718307495,2.39093565940857,0.312865316867828,0.679488241672516,2.31100988388062,0.815259516239166
1155,1.42555165290833,1.19971919059753,1.2205662727356,0.592201173305511,0.643283426761627,3.98425936698914,6.61091470718384,2.35471653938293,0.318522721529007,0.673069179058075,2.28112554550171,0.807491183280945
1157,1.40247297286987,1.19801604747772,1.18222904205322,0.56795209646225,0.64734148979187,3.92025184631348,6.54521608352661,2.30136275291443,0.340000480413437,0.669508755207062,2.2526478767395,0.78544282913208
1159,1.37330842018127,1.194695353508,1.14827764034271,0.550417542457581,0.643011629581451,3.85567879676819,6.47130632400513,2.23669648170471,0.332182765007019,0.670900702476501,2.22089147567749,0.764539182186127
1161,1.33792185783386,1.18478810787201,1.1207001209259,0.551108717918396,0.631494164466858,3.79039883613586,6.39698791503906,2.1773567199707,0.309580385684967,0.677200615406036,2.17874431610107,0.755925714969635
1163,1.30777907371521,1.17080974578857,1.10788297653198,0.558966040611267,0.610951483249664,3.72049593925476,6.32350015640259,2.14209938049316,0.310250371694565,0.679314613342285,2.14322781562805,0.771663844585419
1165,1.29143702983856,1.16339015960693,1.10334038734436,0.556516349315643,0.592097282409668,3.67538022994995,6.25931882858276,2.11727714538574,0.323705971240997,0.662697732448578,2.118488073349,0.774777233600616
1167,1.2879832983017,1.14744877815247,1.10111832618713,0.540646493434906,0.591222703456879,3.64313077926636,6.18791627883911,2.09928846359253,0.327409893274307,0.638491034507751,2.09182119369507,0.757142663002014
1169,1.27100276947021,1.12258005142212,1.08032655715942,0.517594695091248,0.594333052635193,3.61835265159607,6.11590814590454,2.06469821929932,0.338774263858795,0.615260303020477,2.05041670799255,0.716119945049286
1171,1.25416171550751,1.08417689800262,1.04575657844543,0.487068325281143,0.594096302986145,3.58278727531433,6.03995513916016,2.01833510398865,0.365659445524216,0.602017462253571,2.00069189071655,0.676597535610199
1173,1.24215221405029,1.03039693832397,1.00743103027344,0.464766532182693,0.587108016014099,3.53420495986938,5.95374393463135,1.95249903202057,0.391578912734985,0.591950356960297,1.95811116695404,0.647106349468231
1175,1.21963822841644,0.953988969326019,0.980082392692566,0.455089122056961,0.591384410858154,3.46402740478516,5.851975440979,1.86612558364868,0.388649195432663,0.567466080188751,1.92027699947357,0.606009840965271
1177,1.19985067844391,0.894931793212891,0.969455659389496,0.439585417509079,0.59248948097229,3.37752485275269,5.74679899215698,1.80576241016388,0.405110388994217,0.551008820533752,1.85811388492584,0.542715549468994
1179,1.16367137432098,0.86699366569519,0.950319230556488,0.401282399892807,0.606288909912109,3.27481317520142,5.64839649200439,1.752072930336,0.427577912807465,0.557638704776764,1.79040217399597,0.498517662286758
1181,1.11203241348267,0.846976578235626,0.934516906738281,0.38484114408493,0.612671494483948,3.18657898902893,5.57161235809326,1.68118607997894,0.434018582105637,0.560903191566467,1.75876259803772,0.486550539731979
1183,1.06391131877899,0.80875551700592,0.916404128074646,0.389614373445511,0.58270126581192,3.13214039802551,5.47913837432861,1.60872387886047,0.449166089296341,0.551364779472351,1.75452601909637,0.488380789756775
1185,1.01865339279175,0.772869765758514,0.89345794916153,0.391030251979828,0.543141007423401,3.07277703285217,5.35250759124756,1.53153109550476,0.462734967470169,0.541903674602509,1.73471367359161,0.485541701316833
1187,0.967550277709961,0.7669837474823,0.873991250991821,0.37121856212616,0.525901913642883,2.99831938743591,5.21581315994263,1.44937515258789,0.445239186286926,0.559655368328094,1.6930878162384,0.483360260725021
1189,0.91663920879364,0.768912315368652,0.847864270210266,0.3486148416996,0.511320888996124,2.92431354522705,5.10451745986938,1.38357043266296,0.43891978263855,0.57952868938446,1.66745114326477,0.501948356628418
1191,0.892771422863007,0.762816071510315,0.83305549621582,0.343699604272842,0.514196217060089,2.86752676963806,5.01747608184814,1.33484506607056,0.472839564085007,0.574614465236664,1.64534950256348,0.510214567184448
1193,0.887468278408051,0.754194796085358,0.831595540046692,0.354913055896759,0.544918239116669,2.85211491584778,4.955894947052,1.29536986351013,0.516280114650726,0.556910812854767,1.59369397163391,0.494303226470947
1195,0.877928197383881,0.766103744506836,0.825453341007233,0.36978554725647,0.5890092253685,2.83765625953674,4.89778518676758,1.26322174072266,0.543146073818207,0.547624826431274,1.54622936248779,0.455646812915802
1197,0.857900440692902,0.795618295669556,0.801095068454742,0.386568486690521,0.623592972755432,2.81833481788635,4.84203195571899,1.25367510318756,0.575331449508667,0.583883345127106,1.52024006843567,0.426320493221283
1199,0.827236890792847,0.801355421543121,0.775444030761719,0.386998385190964,0.656196296215057,2.77098226547241,4.79121685028076,1.27151381969452,0.61914724111557,0.631266474723816,1.48564696311951,0.412411898374557
1201,0.801345944404602,0.778828978538513,0.770110726356506,0.357019782066345,0.67039954662323,2.72993755340576,4.72259616851807,1.28521525859833,0.653464555740356,0.643330693244934,1.42420744895935,0.403405487537384
1203,0.81176370382309,0.750608265399933,0.788470327854156,0.337794303894043,0.670757055282593,2.71418976783752,4.63579225540161,1.28061664104462,0.688445866107941,0.627945899963379,1.35724866390228,0.380020618438721
1205,0.820974946022034,0.718286454677582,0.808318257331848,0.349942773580551,0.699389338493347,2.67579960823059,4.56585264205933,1.24764776229858,0.739509701728821,0.644434571266174,1.32987570762634,0.3359335064888
1207,0.856681823730469,0.708701729774475,0.852855920791626,0.339578092098236,0.757753074169159,2.65231943130493,4.51030778884888,1.23702466487885,0.764869213104248,0.649146139621735,1.31399619579315,0.314088672399521
1209,0.88603538274765,0.691162109375,0.801634311676025,0.336232751607895,0.836757719516754,2.59747576713562,4.44519567489624,1.38766098022461,0.928194046020508,0.73525059223175,1.31831753253937,0.329484105110168
1211,0.915837585926056,0.67335444688797,0.749629735946655,0.332836300134659,0.916969895362854,2.54179430007935,4.37908935546875,1.54059958457947,1.09401524066925,0.822671115398407,1.32270491123199,0.345114886760712
1213,0.946098804473877,0.655272483825684,0.696824252605438,0.32938751578331,0.998417496681213,2.48525476455688,4.31196451187134,1.69589388370514,1.26239037513733,0.91143810749054,1.32716000080109,0.36098638176918
1215,0.94833105802536,0.653440475463867,0.665840446949005,0.344814330339432,0.985931396484375,2.48988461494446,4.30953168869019,1.71481013298035,1.29658663272858,0.99637770652771,1.36525690555573,0.417498618364334
1217,0.984012186527252,0.669955909252167,0.653501212596893,0.370244979858398,0.987164556980133,2.51374769210815,4.29608869552612,1.7158830165863,1.35319721698761,1.05666983127594,1.38064360618591,0.447829216718674
1219,0.992473900318146,0.738254606723785,0.667176425457001,0.372456789016724,1.00752425193787,2.52948451042175,4.26330661773682,1.74675440788269,1.41878819465637,1.12726664543152,1.36706387996674,0.442259639501572
1221,0.974038243293762,0.817358136177063,0.698553323745728,0.368293106555939,1.06410396099091,2.51210570335388,4.18436193466187,1.74837291240692,1.51063513755798,1.20229852199554,1.39485740661621,0.411567628383636
1223,0.986777007579803,0.902284324169159,0.736218333244324,0.375641912221909,1.13798785209656,2.45263051986694,4.12076854705811,1.76537561416626,1.59475147724152,1.24769842624664,1.41723084449768,0.406706422567368
1225,1.0125116109848,1.01069259643555,0.744788289070129,0.382522374391556,1.19494915008545,2.34554505348206,4.10257387161255,1.81318974494934,1.65536248683929,1.27424037456512,1.41399466991425,0.43701583147049
1227,1.0351095199585,1.0821692943573,0.736565947532654,0.388595044612885,1.2490690946579,2.25600790977478,4.09427976608276,1.90481698513031,1.69425642490387,1.32332897186279,1.43015134334564,0.46257084608078
1229,1.09145903587341,1.12689960002899,0.743958294391632,0.413862586021423,1.31124651432037,2.2143771648407,4.10401821136475,1.98959815502167,1.70758509635925,1.37213695049286,1.43506038188934,0.475955814123154
1231,1.13935351371765,1.15505802631378,0.764296531677246,0.463580369949341,1.35868656635284,2.20024800300598,4.08902215957642,2.04825305938721,1.71234393119812,1.39189422130585,1.39893305301666,0.504625141620636
1233,1.17858052253723,1.1850391626358,0.783026576042175,0.492451310157776,1.39172005653381,2.17319107055664,4.01415157318115,2.07372093200684,1.73177337646484,1.38991475105286,1.34531772136688,0.565460920333862
1235,1.20686292648315,1.2020503282547,0.815590143203735,0.480042845010757,1.42746949195862,2.13536262512207,3.92935609817505,2.0714418888092,1.76887094974518,1.39084053039551,1.29056799411774,0.615533351898193
1237,1.20829176902771,1.17968118190765,0.827550172805786,0.472470670938492,1.4788054227829,2.1006486415863,3.86363005638123,2.08302903175354,1.80981922149658,1.4238520860672,1.22559368610382,0.617286205291748
1239,1.19445991516113,1.1938169002533,0.823322236537933,0.440089523792267,1.53021705150604,2.05111336708069,3.8241708278656,2.08650922775269,1.84031307697296,1.47146546840668,1.20262205600739,0.625383138656616
1241,1.16325044631958,1.21242332458496,0.819632530212402,0.401603996753693,1.53551161289215,1.98567152023315,3.77169156074524,2.09190440177917,1.86164236068726,1.52767372131348,1.21768891811371,0.659465849399567
1243,1.13595795631409,1.22369885444641,0.831959187984467,0.396049082279205,1.53957462310791,1.91427040100098,3.65645337104797,2.10861802101135,1.87756669521332,1.54718613624573,1.20648849010468,0.695959627628326
1245,1.11331939697266,1.24013030529022,0.827063143253326,0.41817581653595,1.54735887050629,1.85897409915924,3.51729655265808,2.12817025184631,1.87276172637939,1.5086042881012,1.16243982315063,0.700634002685547
1247,1.09486711025238,1.25142645835876,0.822588086128235,0.49300828576088,1.5584602355957,1.80413639545441,3.42234230041504,2.16549038887024,1.86887359619141,1.5139445066452,1.12774837017059,0.673996448516846
1249,1.09141337871552,1.26605999469757,0.813739120960236,0.552153587341309,1.5500100851059,1.72492003440857,3.33688306808472,2.19366812705994,1.85895836353302,1.53033220767975,1.12215411663055,0.636161088943481
1251,1.11210191249847,1.27174460887909,0.789146244525909,0.562296509742737,1.5284332036972,1.6730854511261,3.24205899238586,2.19190311431885,1.8439953327179,1.52069187164307,1.12027502059937,0.613899946212769
1253,1.13875925540924,1.27118742465973,0.785840392112732,0.5450679063797,1.5118420124054,1.66892147064209,3.14739227294922,2.18910598754883,1.82322525978088,1.50974357128143,1.09448790550232,0.617865085601807
1255,1.15252089500427,1.27764987945557,0.800680220127106,0.512655675411224,1.4925320148468,1.65426051616669,3.08687257766724,2.19426393508911,1.78062283992767,1.50437986850739,1.07439029216766,0.638563692569733
1257,1.15031957626343,1.29671490192413,0.80324786901474,0.474813878536224,1.46702015399933,1.60142719745636,3.05028414726257,2.15718102455139,1.74434387683868,1.50691890716553,1.07928431034088,0.659640967845917
1259,1.13251268863678,1.31443643569946,0.796211123466492,0.464015483856201,1.44916546344757,1.56456899642944,2.98974585533142,2.13187909126282,1.72102642059326,1.49707102775574,1.06574583053589,0.6632319688797
1261,1.10479593276978,1.32382452487946,0.815271854400635,0.476480454206467,1.43611454963684,1.52713990211487,2.89247035980225,2.13422870635986,1.69896972179413,1.47999238967896,1.01868402957916,0.655943095684052
1263,1.07003498077393,1.31171023845673,0.821142971515656,0.49332657456398,1.41181290149689,1.48293650150299,2.80005645751953,2.13127660751343,1.66825699806213,1.47674453258514,0.969071567058563,0.648028254508972
1265,1.06592702865601,1.30343675613403,0.809353888034821,0.505213916301727,1.39133727550507,1.44611728191376,2.71942019462585,2.11776757240295,1.64205479621887,1.4849499464035,0.964828789234161,0.645920872688293
1267,1.08135366439819,1.32153761386871,0.820027649402618,0.500173568725586,1.38349223136902,1.43480384349823,2.65530586242676,2.11383318901062,1.64501535892487,1.47803056240082,0.964826881885529,0.648603081703186
1269,1.08514559268951,1.33359658718109,0.826598644256592,0.471649527549744,1.39068329334259,1.41699612140656,2.60974788665771,2.13518047332764,1.66016721725464,1.45855188369751,0.954467535018921,0.650064289569855
1271,1.07878947257996,1.33096385002136,0.812938570976257,0.440364152193069,1.41019189357758,1.37463998794556,2.59116315841675,2.15899610519409,1.65383076667786,1.44401204586029,0.943045854568481,0.645076513290405
1273,1.10250353813171,1.33417141437531,0.798755407333374,0.423123121261597,1.42279946804047,1.35463857650757,2.57849335670471,2.15624213218689,1.64545726776123,1.46177232265472,0.937119781970978,0.637370109558105
1275,1.13015449047089,1.33359670639038,0.790800750255585,0.431867688894272,1.41902875900269,1.35239124298096,2.55325102806091,2.15263772010803,1.63303816318512,1.48499143123627,0.920608818531036,0.640216052532196
1277,1.14901876449585,1.32778739929199,0.793336629867554,0.451009452342987,1.41850137710571,1.35473167896271,2.52555847167969,2.17241764068604,1.6107724905014,1.48733115196228,0.891120672225952,0.65047812461853
1279,1.15357458591461,1.34754550457001,0.798136055469513,0.46284881234169,1.44198703765869,1.36663067340851,2.49526333808899,2.18720698356628,1.59889757633209,1.48295605182648,0.852300763130188,0.654244244098663
1281,1.14158117771149,1.36737775802612,0.787375628948212,0.488164693117142,1.45292866230011,1.3676518201828,2.45873618125916,2.18138146400452,1.59705078601837,1.48646819591522,0.826951742172241,0.652910888195038
1283,1.12144863605499,1.38959491252899,0.770585656166077,0.527224957942963,1.4453809261322,1.36027956008911,2.43094515800476,2.15981793403625,1.58949267864227,1.5009833574295,0.816719651222229,0.646138906478882
1285,1.0892938375473,1.4166167974472,0.738647162914276,0.556671619415283,1.4450249671936,1.33607029914856,2.4095401763916,2.13325238227844,1.56504929065704,1.50475597381592,0.818627595901489,0.645510375499725
1287,1.05841541290283,1.43061518669128,0.710319936275482,0.54988694190979,1.46806204319,1.31438767910004,2.39389395713806,2.12546896934509,1.55424726009369,1.48723208904266,0.81609696149826,0.633891046047211
1289,1.05327081680298,1.43620455265045,0.692039787769318,0.525735974311829,1.48945009708405,1.29949629306793,2.38011813163757,2.12667870521545,1.55663359165192,1.46076655387878,0.81146913766861,0.620236396789551
1291,1.0712730884552,1.44520056247711,0.678407371044159,0.518555521965027,1.49951231479645,1.29444015026093,2.36984968185425,2.13621306419373,1.56291139125824,1.44340360164642,0.806590795516968,0.630917727947235
1293,1.08089709281921,1.46773886680603,0.682546496391296,0.527412831783295,1.50369381904602,1.28892087936401,2.35604500770569,2.14383149147034,1.57210004329681,1.44178295135498,0.7856125831604,0.635419309139252
1295,1.08614683151245,1.51171731948853,0.694684565067291,0.540430247783661,1.51293516159058,1.27664399147034,2.34469771385193,2.15139412879944,1.55107402801514,1.43701601028442,0.773184716701508,0.641839742660522
1297,1.09362936019897,1.55991530418396,0.721717596054077,0.552273809909821,1.51248490810394,1.25004005432129,2.33811116218567,2.16355013847351,1.51999175548553,1.44096374511719,0.779974043369293,0.652575254440308
1299,1.09720230102539,1.59112012386322,0.74821150302887,0.559063971042633,1.51570475101471,1.23717844486237,2.34300756454468,2.18141722679138,1.50229692459106,1.47156977653503,0.801138877868652,0.656691253185272
1301,1.10658991336823,1.60316944122314,0.768622100353241,0.551057934761047,1.51203227043152,1.24962902069092,2.35368132591248,2.19532036781311,1.51035261154175,1.49667680263519,0.806803226470947,0.637369871139526
1303,1.11689043045044,1.60393166542053,0.7843057513237,0.529043674468994,1.4981791973114,1.26518762111664,2.34871077537537,2.22471976280212,1.52244675159454,1.4888664484024,0.810381650924683,0.630985796451569
1305,1.12572729587555,1.60724174976349,0.800081074237823,0.506877839565277,1.48800933361053,1.27419459819794,2.33218455314636,2.24792218208313,1.53968608379364,1.47760617733002,0.817812025547028,0.638491630554199
1307,1.1279388666153,1.61530721187592,0.806211292743683,0.505387902259827,1.47977828979492,1.28021049499512,2.31566500663757,2.25792407989502,1.54814159870148,1.4812673330307,0.81157511472702,0.643898248672485
1309,1.13869953155518,1.61596059799194,0.797344744205475,0.521375119686127,1.48322176933289,1.28133344650269,2.29505562782288,2.25415015220642,1.55050325393677,1.48678803443909,0.787587881088257,0.639470219612122
1311,1.14445865154266,1.62411034107208,0.780572652816772,0.528745293617249,1.48469543457031,1.26548933982849,2.28349232673645,2.24526023864746,1.55302023887634,1.47064244747162,0.755080342292786,0.639985382556915
1313,1.12928473949432,1.64184665679932,0.768308937549591,0.53604257106781,1.48523223400116,1.25179076194763,2.2779655456543,2.24237132072449,1.55257093906403,1.44619059562683,0.727995455265045,0.646615564823151
1315,1.10733032226563,1.6461615562439,0.77208536863327,0.539518356323242,1.48535048961639,1.23111188411713,2.27017664909363,2.24305295944214,1.5483615398407,1.42939674854279,0.715807318687439,0.640280723571777
1317,1.10109329223633,1.65024280548096,0.77877950668335,0.530093610286713,1.48101830482483,1.20788049697876,2.25476217269897,2.23265838623047,1.53471505641937,1.41814422607422,0.718104600906372,0.630291759967804
1319,1.10133516788483,1.64404249191284,0.771971225738525,0.514739274978638,1.47812724113464,1.19529092311859,2.22996187210083,2.2155773639679,1.52708256244659,1.41011965274811,0.733574211597443,0.63663637638092
1321,1.10416686534882,1.61508202552795,0.763711869716644,0.505725502967834,1.4727189540863,1.18196773529053,2.20497632026672,2.19819450378418,1.52408730983734,1.41699290275574,0.742358148097992,0.646443367004395
1323,1.10729336738586,1.58652663230896,0.759592473506927,0.500464558601379,1.47043490409851,1.17757034301758,2.18363380432129,2.19594383239746,1.52998745441437,1.43218874931335,0.738524556159973,0.648300409317017
1325,1.1123343706131,1.56354868412018,0.750000178813934,0.498030602931976,1.45316529273987,1.17018616199493,2.15716409683228,2.19578766822815,1.52418220043182,1.45440566539764,0.741162180900574,0.652701497077942
1327,1.11328446865082,1.55192923545837,0.738839685916901,0.503791511058807,1.43019759654999,1.15527749061584,2.13628935813904,2.19751024246216,1.51014053821564,1.465571641922,0.739329636096954,0.652205467224121
1329,1.11766946315765,1.55150270462036,0.720461905002594,0.508192956447601,1.41299104690552,1.12378072738647,2.12394952774048,2.20194625854492,1.50078582763672,1.45521903038025,0.732752919197083,0.650900483131409
1331,1.1175389289856,1.56145989894867,0.7095747590065,0.505851626396179,1.40460538864136,1.10310125350952,2.10860896110535,2.20687365531921,1.49659717082977,1.43155646324158,0.731792271137238,0.654745161533356
1333,1.09907495975494,1.57608222961426,0.707049369812012,0.485572695732117,1.39976763725281,1.08690869808197,2.09949111938477,2.2215747833252,1.48717749118805,1.41522288322449,0.730784177780151,0.650930643081665
1335,1.07304430007935,1.58664047718048,0.702364504337311,0.467043519020081,1.39696276187897,1.0746738910675,2.08931875228882,2.23836350440979,1.47846949100494,1.40464472770691,0.732042670249939,0.63681572675705
1337,1.04710793495178,1.59469830989838,0.698050439357758,0.465989530086517,1.40904211997986,1.06661701202393,2.06823992729187,2.23993611335754,1.47070014476776,1.40546572208405,0.728867709636688,0.622505009174347
1339,1.03268885612488,1.59682905673981,0.70410692691803,0.474441915750504,1.41371595859528,1.06009364128113,2.05713605880737,2.22886300086975,1.45873010158539,1.41284728050232,0.715778052806854,0.615394175052643
1341,1.02635061740875,1.60166501998901,0.705236196517944,0.475488841533661,1.40957164764404,1.05199193954468,2.06112313270569,2.21989703178406,1.44303870201111,1.41673958301544,0.696088135242462,0.615702927112579
1343,1.0199818611145,1.61063992977142,0.70585161447525,0.472158581018448,1.40750443935394,1.04650330543518,2.06074357032776,2.20933771133423,1.43569457530975,1.41049420833588,0.670289099216461,0.623329877853394
1345,1.02845764160156,1.6172297000885,0.708988308906555,0.467908829450607,1.40766727924347,1.05843782424927,2.05818223953247,2.20661354064941,1.43436563014984,1.40852081775665,0.640282511711121,0.632346987724304
1347,1.05053067207336,1.61034846305847,0.710711240768433,0.463499456644058,1.41370391845703,1.06990003585815,2.06071901321411,2.22035717964172,1.44603073596954,1.41436457633972,0.62416011095047,0.637511909008026
1349,1.06660497188568,1.60376048088074,0.708667933940887,0.462146461009979,1.42760276794434,1.07212340831757,2.06205630302429,2.23726391792297,1.45512807369232,1.4318939447403,0.629393398761749,0.632631421089172
1351,1.06721603870392,1.61719965934753,0.71447879076004,0.460164189338684,1.44509410858154,1.06215846538544,2.06517362594604,2.24733924865723,1.44959807395935,1.44900298118591,0.645163595676422,0.623165130615234
1353,1.06990468502045,1.64418065547943,0.731216192245483,0.460687756538391,1.45603919029236,1.06582283973694,2.07445526123047,2.25368666648865,1.44899821281433,1.46077597141266,0.659922897815704,0.627972602844238
1355,1.07905447483063,1.6673686504364,0.757183909416199,0.467671096324921,1.46508467197418,1.08168435096741,2.09009552001953,2.27422761917114,1.46186232566833,1.47089433670044,0.678543090820313,0.645255565643311
1357,1.09305989742279,1.68348264694214,0.772903442382813,0.470030009746552,1.47805678844452,1.10654532909393,2.10329556465149,2.3043520450592,1.46968448162079,1.49331200122833,0.70246434211731,0.656901180744171
1359,1.10501372814178,1.70273888111115,0.771584808826447,0.461192935705185,1.49133729934692,1.12186777591705,2.12363362312317,2.34844946861267,1.47557270526886,1.5196179151535,0.710037291049957,0.659832298755646
1361,1.12960433959961,1.74636900424957,0.767478585243225,0.469395190477371,1.53813552856445,1.12760365009308,2.16396546363831,2.40586376190186,1.50172388553619,1.54446864128113,0.71389776468277,0.669805347919464
1363,1.17674720287323,1.80949521064758,0.771376848220825,0.493961334228516,1.60002291202545,1.13908350467682,2.23211264610291,2.48973655700684,1.54345178604126,1.57332170009613,0.721659898757935,0.695956647396088
1365,1.22628903388977,1.88103318214417,0.779123306274414,0.519879758358002,1.6533055305481,1.16757524013519,2.30734729766846,2.57551050186157,1.58455502986908,1.61135065555573,0.733110785484314,0.735742449760437
1367,1.26730227470398,1.96388804912567,0.794960498809814,0.539871752262115,1.7078138589859,1.20905745029449,2.37467455863953,2.65581488609314,1.62434685230255,1.6561586856842,0.763167798519135,0.775195896625519
1369,1.28318846225739,2.0335705280304,0.815975368022919,0.546757221221924,1.75496232509613,1.24148273468018,2.41434335708618,2.70817565917969,1.65594029426575,1.69476306438446,0.794644176959991,0.800378739833832
1371,1.29732811450958,2.07920122146606,0.83864027261734,0.554118990898132,1.78131699562073,1.2585164308548,2.42722105979919,2.73154973983765,1.68567955493927,1.71805357933044,0.806002140045166,0.811955809593201
1373,1.32473480701447,2.11241507530212,0.860257923603058,0.557820916175842,1.7990118265152,1.28241658210754,2.45839524269104,2.77972078323364,1.70999383926392,1.74630403518677,0.82458633184433,0.833976447582245
1375,1.36091125011444,2.12938833236694,0.876604735851288,0.563220381736755,1.82332801818848,1.31384658813477,2.5064685344696,2.84524178504944,1.73358309268951,1.77448582649231,0.847771644592285,0.861066281795502
1377,1.39032316207886,2.14353108406067,0.878004729747772,0.58151650428772,1.85266315937042,1.33738923072815,2.55189061164856,2.90903973579407,1.76249027252197,1.78230535984039,0.858956754207611,0.888532817363739
1379,1.40879154205322,2.16407489776611,0.872027575969696,0.605568885803223,1.87253654003143,1.34839475154877,2.59613943099976,2.96992039680481,1.77954614162445,1.78375494480133,0.86854475736618,0.904345512390137
1381,1.42887127399445,2.1801290512085,0.886045277118683,0.619411468505859,1.89083397388458,1.36446845531464,2.63155579566956,3.02499485015869,1.77955055236816,1.8051323890686,0.896564245223999,0.909014880657196
1383,1.43354499340057,2.18779182434082,0.891845762729645,0.62238484621048,1.89657890796661,1.39028072357178,2.64830040931702,3.06044244766235,1.76819837093353,1.81175804138184,0.9216228723526,0.893745362758636
1385,1.43391060829163,2.2077898979187,0.880096197128296,0.627510070800781,1.8956550359726,1.41788709163666,2.66068601608276,3.07335495948792,1.74684131145477,1.80789756774902,0.933039426803589,0.864986300468445
1387,1.44971263408661,2.2261426448822,0.871286928653717,0.648850619792938,1.90032815933228,1.42092192173004,2.67612361907959,3.06046509742737,1.72920441627502,1.81111431121826,0.915538907051086,0.837828457355499
1389,1.45837092399597,2.22797751426697,0.868901908397675,0.656775414943695,1.90316903591156,1.40975189208984,2.65763664245605,3.03553104400635,1.72574007511139,1.807009100914,0.874261260032654,0.823366522789001
1391,1.44064223766327,2.20950746536255,0.864952325820923,0.642960011959076,1.88169252872467,1.39876699447632,2.62156844139099,3.00909829139709,1.71957623958588,1.78284168243408,0.843377768993378,0.80018812417984
1393,1.42139387130737,2.18435406684875,0.871765494346619,0.629032671451569,1.85353112220764,1.38668835163116,2.5818293094635,2.98765707015991,1.7034432888031,1.74493980407715,0.828289926052094,0.778870582580566
1395,1.40406143665314,2.15725231170654,0.863500595092773,0.613987803459167,1.83135914802551,1.36687207221985,2.54295635223389,2.96595573425293,1.68104231357574,1.71253275871277,0.805330157279968,0.770203769207001
1397,1.39234948158264,2.13520407676697,0.849358320236206,0.626537382602692,1.80934262275696,1.33863115310669,2.50280165672302,2.94858694076538,1.65303361415863,1.69556403160095,0.788960158824921,0.784518957138062
1399,1.37507104873657,2.10330319404602,0.836656928062439,0.645720660686493,1.78276777267456,1.30873906612396,2.46177434921265,2.92756056785583,1.61904692649841,1.68435943126678,0.788212954998016,0.816097855567932
1401,1.35359609127045,2.06403112411499,0.805991232395172,0.633521795272827,1.766446352005,1.27675843238831,2.41352510452271,2.89326858520508,1.58706390857697,1.66113317012787,0.79688423871994,0.845081150531769
1403,1.34493863582611,2.0493221282959,0.775017321109772,0.611638724803925,1.75975632667542,1.25123071670532,2.37304949760437,2.84899210929871,1.56766390800476,1.6194885969162,0.806895077228546,0.857592880725861
1405,1.33256018161774,2.04197812080383,0.766880750656128,0.600693702697754,1.74150943756104,1.23552322387695,2.35810899734497,2.81222748756409,1.56659293174744,1.59191226959229,0.805107057094574,0.849328756332397
1407,1.31242775917053,2.02844095230103,0.768068552017212,0.595055043697357,1.71042716503143,1.21820569038391,2.35591793060303,2.79093241691589,1.57066607475281,1.59955513477325,0.795630693435669,0.839299321174622
1409,1.28421425819397,2.00852966308594,0.759592592716217,0.585279941558838,1.68033909797668,1.19783425331116,2.33709836006165,2.77748107910156,1.56099736690521,1.61229109764099,0.780083417892456,0.824647724628448
1411,1.25382101535797,1.98649847507477,0.764904081821442,0.558847784996033,1.64145219326019,1.16556763648987,2.30152368545532,2.76575374603271,1.53453683853149,1.60184550285339,0.759832441806793,0.81094628572464
1413,1.22208869457245,1.95610189437866,0.765120446681976,0.528233110904694,1.61285078525543,1.12540125846863,2.25252628326416,2.73705792427063,1.49913680553436,1.57171499729156,0.73941957950592,0.789985120296478
1415,1.17599594593048,1.89404249191284,0.734309673309326,0.490015685558319,1.60232424736023,1.08098995685577,2.20281386375427,2.6867823600769,1.46061956882477,1.53873252868652,0.715166389942169,0.742592036724091
1417,1.13488101959229,1.82882606983185,0.684411346912384,0.43831393122673,1.58119785785675,1.04762923717499,2.15884971618652,2.64009785652161,1.40952718257904,1.5317850112915,0.70789647102356,0.703569054603577
1419,1.11860060691833,1.81532609462738,0.667418777942657,0.403555542230606,1.54300320148468,1.03500616550446,2.12340927124023,2.62941551208496,1.3615425825119,1.53020536899567,0.700348138809204,0.690631866455078
1421,1.11044096946716,1.81467199325562,0.680837869644165,0.391685366630554,1.5065404176712,1.01490867137909,2.08036303520203,2.6309540271759,1.34276342391968,1.50965106487274,0.658531427383423,0.689321458339691
1423,1.12778842449188,1.82845020294189,0.68171489238739,0.414712846279144,1.50136959552765,1.00920903682709,2.05207967758179,2.62112069129944,1.36138689517975,1.50413286685944,0.61996603012085,0.693053722381592
1425,1.15666544437408,1.84767520427704,0.667617321014404,0.432478398084641,1.52657270431519,1.01198554039001,2.04732704162598,2.61018967628479,1.37289452552795,1.52751624584198,0.604334354400635,0.70139616727829
1427,1.16704177856445,1.86058175563812,0.640638649463654,0.422751814126968,1.55143427848816,0.998470902442932,2.04269456863403,2.63385486602783,1.3798953294754,1.53594577312469,0.603701293468475,0.706750094890594
1429,1.17724239826202,1.87389516830444,0.634201347827911,0.422713667154312,1.57180094718933,0.995904743671417,2.0642786026001,2.70166373252869,1.38519299030304,1.53268897533417,0.610948979854584,0.719893455505371
1431,1.19222176074982,1.89111852645874,0.654298722743988,0.437956869602203,1.60006487369537,0.997289597988129,2.10880970954895,2.77465200424194,1.39323794841766,1.52650201320648,0.618744313716888,0.737052619457245
1433,1.1860100030899,1.88540983200073,0.671679794788361,0.43745294213295,1.61785972118378,0.989907801151276,2.10698103904724,2.83324241638184,1.39558279514313,1.50980758666992,0.633153319358826,0.748059213161469
1435,1.21150004863739,1.88600730895996,0.714656054973602,0.442347437143326,1.66023421287537,1.00139927864075,2.10288214683533,2.92282700538635,1.44156610965729,1.5190292596817,0.664325535297394,0.777807593345642
1437,1.29481947422028,1.93297100067139,0.752866387367249,0.464566677808762,1.70878124237061,1.04857385158539,2.16782021522522,3.01388764381409,1.52303719520569,1.58342003822327,0.697310328483582,0.823522865772247
1439,1.388139128685,2.01712965965271,0.771862983703613,0.498940050601959,1.73565924167633,1.09641349315643,2.26982307434082,3.09973549842834,1.60851156711578,1.65842497348785,0.722088575363159,0.839391946792603
1441,1.43874251842499,2.08556795120239,0.781120777130127,0.539992451667786,1.78870928287506,1.15012228488922,2.35179042816162,3.16673374176025,1.66905903816223,1.72023141384125,0.73242723941803,0.832220494747162
1443,1.42907607555389,2.11995935440063,0.770114362239838,0.535711348056793,1.84098100662231,1.17499577999115,2.39792132377625,3.20835590362549,1.68919193744659,1.74823153018951,0.723640441894531,0.818689525127411
1445,1.40401208400726,2.1123149394989,0.74693775177002,0.511976957321167,1.85208284854889,1.16610944271088,2.41945171356201,3.25561594963074,1.67828452587128,1.75802743434906,0.688336789608002,0.818960785865784
1447,1.44760990142822,2.08844423294067,0.699036419391632,0.484441071748734,1.89670395851135,1.22132062911987,2.39971828460693,3.38182497024536,1.87200808525085,1.80177628993988,0.727288842201233,0.859601318836212
1449,1.49045240879059,2.06498742103577,0.651964962482452,0.457382261753082,1.94055199623108,1.2755753993988,2.38032698631287,3.5058479309082,2.06237554550171,1.84476721286774,0.765566051006317,0.899537861347198
1451,1.53255915641785,2.04193305969238,0.605702042579651,0.43078824877739,1.983647108078,1.32889819145203,2.3612687587738,3.62774038314819,2.24947285652161,1.88701975345612,0.803185820579529,0.93878835439682
1453,1.49576497077942,2.00735092163086,0.572107195854187,0.389670222997665,1.95849931240082,1.30651986598969,2.34765553474426,3.63351964950562,2.19888615608215,1.88912463188171,0.771978557109833,0.911966383457184
1455,1.44861507415771,1.92844355106354,0.51854944229126,0.334678262472153,1.90360724925995,1.25129342079163,2.32207465171814,3.60051870346069,2.10681915283203,1.88960444927216,0.71056741476059,0.858031213283539
1457,1.42306089401245,1.87110233306885,0.505506694316864,0.31392964720726,1.89145314693451,1.20054185390472,2.2764995098114,3.53016138076782,2.02148509025574,1.85423254966736,0.640357136726379,0.81649386882782
1459,1.43571317195892,1.88344919681549,0.562936186790466,0.323445826768875,1.88225424289703,1.18646574020386,2.21830105781555,3.49699091911316,2.01952600479126,1.82666409015656,0.624968230724335,0.793504536151886
1461,1.40080380439758,1.93240475654602,0.607474088668823,0.346077769994736,1.84600877761841,1.18650829792023,2.15072011947632,3.46426463127136,2.02478981018066,1.81510186195374,0.601395726203918,0.769826829433441
1463,1.35913240909576,1.97613894939423,0.656057238578796,0.37108251452446,1.80378484725952,1.19208717346191,2.10084319114685,3.4106297492981,2.01611995697021,1.78994429111481,0.594769954681396,0.749355852603912
1465,1.33763635158539,2.00245594978333,0.669748187065125,0.365667283535004,1.7982519865036,1.19451653957367,2.0716507434845,3.35473251342773,2.02810978889465,1.7811313867569,0.626683533191681,0.767109453678131
1467,1.32252359390259,1.99339580535889,0.655102610588074,0.364565223455429,1.78549885749817,1.18000364303589,2.08560943603516,3.31096482276917,2.04996371269226,1.78670942783356,0.638540983200073,0.806402027606964
1469,1.30748212337494,1.92986571788788,0.624618470668793,0.333957374095917,1.74312341213226,1.14912700653076,2.06611084938049,3.27466225624084,1.9977605342865,1.7448056936264,0.615140736103058,0.82546991109848
1471,1.2577885389328,1.83561897277832,0.576424837112427,0.266258955001831,1.68686652183533,1.10071516036987,1.9977388381958,3.23621511459351,1.88808679580688,1.67860949039459,0.61297881603241,0.843813359737396
1473,1.18032479286194,1.75877285003662,0.554086923599243,0.207131609320641,1.65535771846771,1.03106319904327,1.94736361503601,3.14765167236328,1.81719732284546,1.62535774707794,0.612565040588379,0.825978696346283
1475,1.14868652820587,1.74848365783691,0.541689932346344,0.194834813475609,1.67810428142548,0.981031000614166,1.92851376533508,3.0949490070343,1.82207608222961,1.62558305263519,0.612021207809448,0.843327283859253
1477,1.17647910118103,1.78345489501953,0.546714603900909,0.236219972372055,1.74697017669678,0.978849053382874,1.88903844356537,3.10795068740845,1.89542901515961,1.67204475402832,0.614050924777985,0.877581477165222
1479,1.21603405475616,1.8512247800827,0.545449078083038,0.291453301906586,1.77670955657959,0.965847611427307,1.87607598304749,3.1603057384491,1.98428642749786,1.73895037174225,0.61303973197937,0.868697822093964
1481,1.26177263259888,1.95128512382507,0.586304366588593,0.330799490213394,1.79813599586487,0.930568039417267,1.94416987895966,3.25289583206177,2.11368775367737,1.80820775032043,0.597423076629639,0.819197118282318
1483,1.2955150604248,2.00635695457458,0.643669843673706,0.349940448999405,1.84362089633942,0.881835401058197,2.02465867996216,3.3569712638855,2.24537706375122,1.85916149616241,0.604499638080597,0.798260807991028
1485,1.30642187595367,2.02084279060364,0.674572825431824,0.374799847602844,1.9060046672821,0.900690317153931,2.07026076316833,3.48613047599792,2.34647345542908,1.9038393497467,0.628714740276337,0.783325135707855
1487,1.32785129547119,2.06419277191162,0.689348518848419,0.415805101394653,1.9954000711441,0.988144874572754,2.10330557823181,3.67452788352966,2.43123817443848,1.96841669082642,0.644335269927979,0.799999952316284
1489,1.45174407958984,2.23906135559082,0.712325215339661,0.481063038110733,2.164395570755,1.14938020706177,2.24159264564514,3.98081159591675,2.58263659477234,2.10657143592834,0.651962339878082,0.921098589897156
1491,1.67584276199341,2.50846242904663,0.765940606594086,0.51980048418045,2.36148905754089,1.29406499862671,2.43935871124268,4.3624382019043,2.78485870361328,2.29486131668091,0.725973010063171,1.08090531826019
1493,1.8596088886261,2.73361587524414,0.814034402370453,0.49636897444725,2.51996660232544,1.3606014251709,2.57548975944519,4.66769933700562,2.92827486991882,2.44896864891052,0.809977293014526,1.19473779201508
1495,1.96265077590942,2.89206290245056,0.850025713443756,0.484751015901566,2.6311821937561,1.39144194126129,2.71130776405334,4.91180849075317,3.03693413734436,2.55097484588623,0.860581994056702,1.31492125988007
1497,2.08669781684875,3.06762886047363,0.892981827259064,0.537559270858765,2.77856683731079,1.45176327228546,2.86865496635437,5.18487310409546,3.20968151092529,2.67476224899292,0.898874402046204,1.41246747970581
1499,2.26227927207947,3.33852410316467,0.95154345035553,0.639092981815338,2.98262453079224,1.52966332435608,3.0566520690918,5.54004859924316,3.51613163948059,2.8592746257782,0.93864119052887,1.51732289791107
1501,2.40977430343628,3.6222460269928,0.98772007226944,0.755495548248291,3.14491820335388,1.56588542461395,3.23904776573181,5.86547756195068,3.74143552780151,2.98273611068726,0.986470520496368,1.62742781639099
1503,2.4016010761261,3.71029090881348,0.934647917747498,0.839157700538635,3.17853713035583,1.49319911003113,3.39578723907471,6.009446144104,3.79971599578857,2.99826192855835,0.967483103275299,1.64236736297607
1505,2.34831428527832,3.66881847381592,0.928775787353516,0.867293953895569,3.12548351287842,1.4695075750351,3.54694294929504,6.10579109191895,3.76994681358337,3.04770731925964,0.911773383617401,1.56437242031097
1507,2.46847128868103,3.8372004032135,1.00947403907776,0.830631017684937,3.29369306564331,1.68710160255432,3.76555323600769,6.5174708366394,3.89237236976624,3.32451033592224,0.940472602844238,1.54757571220398
1509,2.68960356712341,4.22732067108154,1.12897562980652,0.815421044826508,3.60098314285278,1.93548572063446,4.01236724853516,7.07857608795166,4.10816240310669,3.59204745292664,1.09759724140167,1.63071405887604
1511,2.91457390785217,4.60501956939697,1.26966869831085,0.847653269767761,3.86383247375488,2.10904216766357,4.22999811172485,7.5439281463623,4.30422067642212,3.74095320701599,1.27435779571533,1.79919278621674
1513,3.02841711044312,4.85879421234131,1.34006178379059,0.897647559642792,3.98990631103516,2.16907644271851,4.33542442321777,7.81293106079102,4.42070817947388,3.83277034759521,1.430055975914,1.88503706455231
1515,3.1043860912323,5.01510858535767,1.32010614871979,0.964455902576447,4.08871793746948,2.20921468734741,4.47613763809204,8.00404930114746,4.52985525131226,3.95528435707092,1.59885680675507,1.93806004524231
1517,3.15913105010986,5.07871389389038,1.23296189308167,0.970104932785034,4.14880180358887,2.23858976364136,4.6366605758667,8.13131809234619,4.60071420669556,4.00224876403809,1.72234165668488,1.98681116104126
1519,3.23136973381042,5.14331102371216,1.21225893497467,0.944847047328949,4.165611743927,2.28889632225037,4.80442810058594,8.2749137878418,4.66747236251831,4.02126789093018,1.75675821304321,2.04962110519409
1521,3.31628251075745,5.14228820800781,1.27364909648895,0.960015654563904,4.22061967849731,2.39967203140259,4.92375659942627,8.47681427001953,4.74771165847778,4.09072589874268,1.66311657428741,2.1261682510376
1523,3.3969738483429,5.0998911857605,1.34329044818878,0.990820527076721,4.3638482093811,2.46351718902588,4.93339157104492,8.56036186218262,4.79203224182129,4.18289804458618,1.52847981452942,2.19495487213135
1525,3.50174808502197,5.12343597412109,1.46790301799774,1.03261566162109,4.52128553390503,2.49471926689148,4.91828727722168,8.62550926208496,4.81405925750732,4.29246282577515,1.48706686496735,2.22280669212341
1527,3.5995991230011,5.23584651947021,1.61289286613464,1.07671654224396,4.61437129974365,2.54633069038391,4.92828702926636,8.70130825042725,4.93006372451782,4.38246583938599,1.55681264400482,2.27197027206421
1529,3.60624122619629,5.3165078163147,1.66642451286316,1.12243521213531,4.63057994842529,2.57547402381897,4.95732927322388,8.7865629196167,5.00355768203735,4.41849231719971,1.63217198848724,2.30698347091675
1531,3.5754542350769,5.31516122817993,1.64849126338959,1.14362442493439,4.63651132583618,2.61982417106628,4.9562087059021,8.86157321929932,5.00019121170044,4.39105987548828,1.66984081268311,2.33828926086426
1533,3.58766794204712,5.34034538269043,1.69422972202301,1.18227362632751,4.71083831787109,2.6737813949585,5.00339889526367,9.02720546722412,4.99660778045654,4.34244775772095,1.72127461433411,2.36685538291931
1535,3.54053401947021,5.3096170425415,1.68114233016968,1.14535760879517,4.69517707824707,2.64804267883301,4.99712991714478,9.1035041809082,4.94808769226074,4.28521060943604,1.71864485740662,2.32904362678528
1537,3.41109442710876,5.14714384078979,1.6140296459198,1.03778481483459,4.54472017288208,2.58091735839844,4.8888783454895,9.08249187469482,4.78777122497559,4.21064233779907,1.66375708580017,2.23509669303894
1539,3.29439735412598,4.97107744216919,1.55640280246735,0.938652336597443,4.39587020874023,2.55306315422058,4.83753299713135,9.04311752319336,4.55654954910278,4.10258769989014,1.65756392478943,2.0997941493988
1541,3.2841968536377,4.86854791641235,1.52264356613159,0.879985809326172,4.30416870117188,2.57630252838135,4.91986656188965,8.95480442047119,4.33887386322021,4.0083179473877,1.69354438781738,2.01991271972656
1543,3.335125207901,4.83452606201172,1.50578343868256,0.925754606723785,4.24998426437378,2.57565903663635,4.98949003219604,8.74760246276855,4.16544818878174,3.94697713851929,1.74030220508575,2.04639887809753
1545,3.34026670455933,4.84079790115356,1.48906362056732,1.03963494300842,4.21133232116699,2.5818395614624,5.01596927642822,8.51140975952148,4.04419612884521,3.88381481170654,1.756143450737,2.09597182273865
1547,3.29569220542908,4.77127313613892,1.46567976474762,1.09423625469208,4.13104915618896,2.56063032150269,4.94582557678223,8.24347591400146,3.90235948562622,3.78089666366577,1.72712385654449,2.09593439102173
1549,3.21096324920654,4.62423276901245,1.46373891830444,1.09657120704651,4.00331544876099,2.49613761901855,4.79203939437866,7.91610145568848,3.73676419258118,3.63275551795959,1.66594648361206,2.02329349517822
1551,3.08958339691162,4.42130041122437,1.44994568824768,1.04200792312622,3.85168528556824,2.41437292098999,4.62297964096069,7.58510160446167,3.54524254798889,3.45874786376953,1.59839618206024,1.92047846317291
1553,2.96410822868347,4.20033025741577,1.38935792446136,0.954799711704254,3.65349435806274,2.31458330154419,4.436607837677,7.23514080047607,3.31206393241882,3.28386116027832,1.53056991100311,1.81996464729309
1555,2.84057331085205,3.97339773178101,1.26552069187164,0.835133671760559,3.45403623580933,2.19674968719482,4.23625707626343,6.90261030197144,3.09221577644348,3.13118076324463,1.46133208274841,1.67467546463013
1557,2.68734741210938,3.68514060974121,1.12445962429047,0.695703208446503,3.21674251556396,2.08131098747253,3.99949479103088,6.45573759078979,2.830002784729,2.89585471153259,1.41573131084442,1.50806963443756
1559,2.47866249084473,3.3918924331665,1.11473393440247,0.657540798187256,2.98745441436768,1.96819591522217,3.80511951446533,5.94903373718262,2.61895346641541,2.67361521720886,1.36020314693451,1.42917096614838
1561,2.33730220794678,3.22461462020874,1.1347017288208,0.660519778728485,2.81767344474792,1.89521276950836,3.66911578178406,5.59925031661987,2.49372315406799,2.55500888824463,1.29875779151917,1.407222032547
1563,2.24240851402283,3.10926008224487,1.12270712852478,0.658765912055969,2.66115713119507,1.80927002429962,3.53835535049438,5.31634569168091,2.39694786071777,2.46942687034607,1.22222566604614,1.39191174507141
1565,2.1512930393219,2.98453402519226,1.095867395401,0.655018150806427,2.54534339904785,1.73039591312408,3.42015266418457,5.08153533935547,2.31689763069153,2.36193227767944,1.15351343154907,1.3635276556015
1567,2.0576491355896,2.85837554931641,1.08601462841034,0.640443921089172,2.44822645187378,1.68057501316071,3.29659056663513,4.91149854660034,2.25932931900024,2.25003910064697,1.09464764595032,1.32106912136078
1569,1.97040617465973,2.75419998168945,1.09179282188416,0.634292483329773,2.35363554954529,1.65502858161926,3.17742919921875,4.74580097198486,2.20709252357483,2.17554473876953,1.07216739654541,1.27943551540375
1571,1.9089834690094,2.66706132888794,1.08862900733948,0.637632131576538,2.26091623306274,1.61523294448853,3.0890200138092,4.56699132919312,2.14896535873413,2.12556314468384,1.07120299339294,1.23750495910645
1573,1.85208773612976,2.57854199409485,1.05059027671814,0.622614860534668,2.18575882911682,1.57326436042786,3.01690864562988,4.40472984313965,2.06626605987549,2.0662100315094,1.05585479736328,1.18278968334198
1575,1.77841198444366,2.53337168693542,1.0140243768692,0.581933259963989,2.13208985328674,1.53310692310333,2.94153928756714,4.26618814468384,2.00263071060181,2.01667523384094,1.03085553646088,1.14520120620728
1577,1.72517538070679,2.50550293922424,0.99381411075592,0.567452311515808,2.10637950897217,1.5036563873291,2.85725331306458,4.15444183349609,1.97403764724731,1.9985625743866,1.01987504959106,1.14078545570374
1579,1.69507992267609,2.47972989082336,0.981540203094482,0.567710399627686,2.09113955497742,1.47196519374847,2.79398965835571,4.06609392166138,1.94247472286224,2.00440669059753,1.01232671737671,1.14439940452576
1581,1.68407070636749,2.48147487640381,0.975446879863739,0.586249351501465,2.07731795310974,1.43461167812347,2.76652598381042,4.00938272476196,1.92949831485748,2.00660824775696,0.980391323566437,1.14600121974945
1583,1.69161379337311,2.5148811340332,0.972423076629639,0.608871936798096,2.0754017829895,1.41177010536194,2.76109933853149,3.98176383972168,1.93630230426788,2.00607895851135,0.953540325164795,1.16175186634064
1585,1.68436324596405,2.5440366268158,0.970151901245117,0.61797571182251,2.06945967674255,1.41518306732178,2.75908946990967,3.9631359577179,1.95223021507263,2.00886702537537,0.946048498153687,1.17403364181519
1587,1.67872726917267,2.56429886817932,0.962883532047272,0.626521468162537,2.05825614929199,1.42260158061981,2.75256371498108,3.95922541618347,1.96983766555786,2.00726246833801,0.952545523643494,1.17840957641602
1589,1.69256556034088,2.58563685417175,0.959977746009827,0.64295095205307,2.06738996505737,1.41188764572144,2.74495053291321,3.96835136413574,1.97754955291748,2.0157642364502,0.963574767112732,1.17655634880066
1591,1.71905934810638,2.60928916931152,0.966513395309448,0.649016559123993,2.10197067260742,1.41042542457581,2.74515581130981,3.9874279499054,1.98730671405792,2.02816557884216,0.966882228851318,1.17389523983002
1593,1.73461520671844,2.64339184761047,0.98049396276474,0.644057035446167,2.14970803260803,1.43837106227875,2.76788544654846,4.03341245651245,2.01556873321533,2.05783200263977,0.975768983364105,1.18101298809052
1595,1.74587345123291,2.67817974090576,0.995856940746307,0.637877464294434,2.19230961799622,1.47579395771027,2.80612516403198,4.09558486938477,2.06411409378052,2.09779238700867,0.98537677526474,1.20134484767914
1597,1.76054227352142,2.72260308265686,1.01380801200867,0.64657062292099,2.22452664375305,1.48975682258606,2.83105874061584,4.16667079925537,2.12155842781067,2.13448119163513,0.986503660678864,1.22761344909668
1599,1.78361582756042,2.77752304077148,1.0283910036087,0.65809166431427,2.25011420249939,1.49478495121002,2.85708808898926,4.23863077163696,2.17580628395081,2.1565465927124,1.00057315826416,1.25561714172363
1601,1.81784307956696,2.84860467910767,1.0467666387558,0.677184045314789,2.28161907196045,1.52199590206146,2.91251039505005,4.34868669509888,2.21910214424133,2.18501448631287,1.02468192577362,1.28711569309235
1603,1.85388219356537,2.94520044326782,1.07240748405457,0.707895457744598,2.31766200065613,1.57736420631409,2.98488545417786,4.48497533798218,2.26566195487976,2.23972296714783,1.05954706668854,1.3212206363678
1605,1.8983987569809,3.06026482582092,1.10858643054962,0.738609373569489,2.3901903629303,1.63260471820831,3.07215332984924,4.63138723373413,2.3322069644928,2.302321434021,1.09168922901154,1.37236547470093
1607,1.96694111824036,3.19968461990356,1.15901517868042,0.759875893592834,2.52322292327881,1.67679297924042,3.16907906532288,4.83446979522705,2.4214186668396,2.37333750724792,1.14532065391541,1.44720578193665
1609,2.07177591323853,3.35972595214844,1.21803104877472,0.776207625865936,2.68657755851746,1.71550416946411,3.28596830368042,5.11095571517944,2.53351068496704,2.46832227706909,1.20219612121582,1.52517628669739
1611,2.18180584907532,3.53912854194641,1.26729834079742,0.790854513645172,2.83477997779846,1.76447427272797,3.41019892692566,5.37592124938965,2.6479344367981,2.57962608337402,1.23926270008087,1.58711397647858
1613,2.27064561843872,3.69783067703247,1.29477787017822,0.80247950553894,2.95415043830872,1.8210346698761,3.51013469696045,5.60645198822021,2.73517942428589,2.67492055892944,1.25841784477234,1.62150371074677
1615,2.42038369178772,3.94298505783081,1.33161175251007,0.8648761510849,3.12086129188538,1.92740368843079,3.70546364784241,5.96249008178711,2.87296485900879,2.82019543647766,1.30017745494843,1.66989636421204
1617,2.62407898902893,4.26683473587036,1.3973194360733,0.965503990650177,3.34690952301025,2.07047581672668,3.98553586006165,6.43875026702881,3.07256531715393,3.03420996665955,1.37607550621033,1.77328062057495
1619,2.80688691139221,4.56240129470825,1.47881841659546,1.05608725547791,3.56469106674194,2.18441820144653,4.22043609619141,6.8837947845459,3.25477504730225,3.24370336532593,1.4408106803894,1.88638377189636
1621,3.04091238975525,4.92981338500977,1.60286641120911,1.16591846942902,3.82397055625916,2.31959438323975,4.48932647705078,7.42956924438477,3.48261880874634,3.48455452919006,1.5320827960968,2.02151370048523
1623,3.31514692306519,5.38121032714844,1.75395405292511,1.2779757976532,4.16865396499634,2.49972152709961,4.8123950958252,8.10394382476807,3.76479697227478,3.75748586654663,1.66530501842499,2.19193291664124
1625,3.5957362651825,5.85852479934692,1.91128122806549,1.38319432735443,4.56078004837036,2.68358373641968,5.16357946395874,8.83120727539063,4.07264947891235,4.03259944915771,1.82135891914368,2.38232398033142
1627,3.8817150592804,6.3770112991333,2.08770418167114,1.49713706970215,4.96300745010376,2.87687516212463,5.54881572723389,9.58928871154785,4.43261289596558,4.35888004302979,1.9871814250946,2.58449506759644
1629,4.10828495025635,6.82839632034302,2.25065326690674,1.60370922088623,5.28834104537964,3.04464554786682,5.87673091888428,10.1935920715332,4.76273632049561,4.6705493927002,2.11112451553345,2.78002095222473
1631,4.2371621131897,7.11377620697021,2.35718560218811,1.66330587863922,5.49048852920532,3.12675714492798,6.06381464004517,10.5598974227905,4.97778177261353,4.8524284362793,2.1735258102417,2.91223335266113
1633,4.33996820449829,7.32170104980469,2.44468331336975,1.69722402095795,5.65868330001831,3.16822576522827,6.19092178344727,10.8612279891968,5.14555644989014,4.97781038284302,2.23574566841125,3.02649116516113
1635,4.47156572341919,7.54659032821655,2.56645250320435,1.75760662555695,5.86518430709839,3.24502611160278,6.36797380447388,11.252067565918,5.37485456466675,5.15294742584229,2.33805751800537,3.1952178478241
1637,4.58158445358276,7.75336790084839,2.69689536094666,1.84151828289032,6.05305671691895,3.36048579216003,6.56907081604004,11.6510753631592,5.6152606010437,5.3376317024231,2.44559836387634,3.36857509613037
1639,4.67314338684082,7.9204158782959,2.80265498161316,1.92606222629547,6.24253511428833,3.47751593589783,6.7187671661377,11.9554443359375,5.80362415313721,5.47039556503296,2.54784631729126,3.51922011375427
1641,4.73786401748657,8.03826713562012,2.87377524375916,1.98094892501831,6.39942121505737,3.56064748764038,6.80762434005737,12.1684122085571,5.95062875747681,5.55542993545532,2.62718772888184,3.63246941566467
1643,4.78310966491699,8.13765144348145,2.92027902603149,1.99594080448151,6.49662494659424,3.60897254943848,6.87640428543091,12.3293056488037,6.08417558670044,5.63289976119995,2.67039895057678,3.725426197052
1645,4.88132905960083,8.29682731628418,2.98414444923401,2.01570558547974,6.59853744506836,3.67188096046448,7.00257301330566,12.5973310470581,6.27115440368652,5.76278400421143,2.71797657012939,3.84232902526855
1647,4.99033260345459,8.49976825714111,3.07448887825012,2.08292436599731,6.72421598434448,3.74393844604492,7.14503622055054,12.9182891845703,6.49152994155884,5.9055438041687,2.76560759544373,3.9679639339447
1649,5.02003812789917,8.58585166931152,3.11089420318604,2.11470460891724,6.7954683303833,3.7614860534668,7.22126388549805,13.0944528579712,6.5946741104126,5.97085428237915,2.76443028450012,4.0307731628418
1651,5.0714545249939,8.70810222625732,3.16054916381836,2.14664602279663,6.90990018844604,3.76199889183044,7.32072353363037,13.3578996658325,6.70478630065918,6.05270290374756,2.79857897758484,4.10989713668823
1653,5.18116092681885,8.94994640350342,3.2875394821167,2.21899342536926,7.10385322570801,3.84873127937317,7.51705455780029,13.8171234130859,6.94838666915894,6.28289413452148,2.90085911750793,4.27553844451904
1655,5.27812433242798,9.14951229095459,3.42575645446777,2.24928641319275,7.26867246627808,3.95637965202332,7.65288591384888,14.1814670562744,7.1581244468689,6.46996116638184,2.98491811752319,4.41032314300537
1657,5.32608938217163,9.2408618927002,3.51991248130798,2.26287889480591,7.39216136932373,3.99959826469421,7.69471454620361,14.348237991333,7.26726245880127,6.54496288299561,3.02658796310425,4.47062015533447
1659,5.32295227050781,9.24886035919189,3.55329775810242,2.26718616485596,7.44976949691772,3.97891545295715,7.69394445419312,14.3621692657471,7.2917218208313,6.53994512557983,3.04150652885437,4.48860502243042
1661,5.28386163711548,9.23015689849854,3.56456780433655,2.25044226646423,7.43139314651489,3.92847585678101,7.62639284133911,14.2730522155762,7.2866268157959,6.52815437316895,3.05183887481689,4.48355913162231
1663,5.20738792419434,9.14681243896484,3.5599799156189,2.2375693321228,7.35136413574219,3.85088133811951,7.47658109664917,14.0724277496338,7.23218631744385,6.50175523757935,3.02540516853333,4.47107028961182
1665,5.10708093643188,9.01923656463623,3.53398275375366,2.2042601108551,7.24901390075684,3.76607036590576,7.32237672805786,13.835599899292,7.14087343215942,6.44700336456299,2.98244142532349,4.43291139602661
1667,5.0001392364502,8.88118553161621,3.502690076828,2.14220857620239,7.12582063674927,3.67970180511475,7.16839027404785,13.5771293640137,7.02097797393799,6.36107444763184,2.93342733383179,4.37763929367065
1669,4.88193225860596,8.71183967590332,3.4678099155426,2.08679056167603,6.93724632263184,3.57140183448792,6.98975610733032,13.2471961975098,6.87002325057983,6.26383781433105,2.86258053779602,4.29844570159912
1671,4.75506591796875,8.52207279205322,3.42192435264587,2.03516268730164,6.74322557449341,3.44807434082031,6.82436275482178,12.8794660568237,6.70039129257202,6.15230655670166,2.77552247047424,4.20990753173828
1673,4.64043474197388,8.32283115386963,3.37767195701599,2.00412654876709,6.59022331237793,3.32226943969727,6.63901996612549,12.4978170394897,6.51002025604248,5.99095439910889,2.7048876285553,4.13856840133667
1675,4.53032064437866,8.10679626464844,3.33615016937256,1.98301136493683,6.44988203048706,3.21280336380005,6.42318534851074,12.118616104126,6.32534408569336,5.80448293685913,2.66933703422546,4.0715446472168
1677,4.40881633758545,7.88265323638916,3.29001474380493,1.93881857395172,6.27739524841309,3.12403321266174,6.21514463424683,11.765326499939,6.16055583953857,5.65768432617188,2.63935947418213,3.98503637313843
1679,4.2722225189209,7.65450239181519,3.23481130599976,1.87029004096985,6.08794212341309,3.0484721660614,6.02670621871948,11.4440698623657,6.00960826873779,5.54418087005615,2.57901310920715,3.88854718208313
1681,4.14162635803223,7.43474960327148,3.1599178314209,1.79896974563599,5.89984321594238,2.95849537849426,5.83943033218384,11.1354351043701,5.84448194503784,5.40784645080566,2.47519016265869,3.77752208709717
1683,3.98130059242249,7.14762258529663,3.08272194862366,1.72872650623322,5.66149139404297,2.81531548500061,5.57800436019897,10.6914224624634,5.61694192886353,5.20001745223999,2.33635115623474,3.62882161140442
1685,3.81391668319702,6.85365438461304,2.99719285964966,1.67220544815063,5.41634654998779,2.65266466140747,5.32318449020386,10.190239906311,5.37887001037598,5.00211191177368,2.22375965118408,3.47543501853943
1687,3.6691300868988,6.58570146560669,2.90360856056213,1.60689496994019,5.1759672164917,2.50692868232727,5.08187246322632,9.7401008605957,5.14359283447266,4.83937931060791,2.15088224411011,3.35311794281006
1689,3.52891969680786,6.3237042427063,2.81972718238831,1.54575622081757,4.93712282180786,2.37847185134888,4.84052610397339,9.32908821105957,4.91638851165771,4.65554666519165,2.07806277275085,3.25642728805542
1691,3.39277601242065,6.08270311355591,2.74136352539063,1.48928904533386,4.74415969848633,2.27087259292603,4.63321542739868,8.96388053894043,4.71370697021484,4.4725170135498,1.98733258247375,3.16547608375549
1693,3.2466766834259,5.84152126312256,2.65564012527466,1.41897916793823,4.56370735168457,2.15965700149536,4.43261861801147,8.61285781860352,4.5101580619812,4.27932977676392,1.89476490020752,3.04611301422119
1695,3.06607484817505,5.53532218933105,2.554119348526,1.32653701305389,4.31878185272217,2.01956415176392,4.1839394569397,8.16711807250977,4.25925827026367,4.05155324935913,1.79184985160828,2.88845562934875
1697,2.85768246650696,5.19386386871338,2.43846487998962,1.21293020248413,4.03043937683105,1.87082731723785,3.91282033920288,7.66856908798218,3.98997783660889,3.81271600723267,1.68392324447632,2.72421193122864
1699,2.57569742202759,4.67713737487793,2.25134038925171,1.0732558965683,3.62204122543335,1.67870688438416,3.51279878616333,6.89923048019409,3.5885956287384,3.45991683006287,1.52098762989044,2.48982048034668
1701,2.32893443107605,4.18088006973267,2.05101776123047,0.962510764598846,3.22752857208252,1.50814640522003,3.1358540058136,6.18008422851563,3.22291731834412,3.11232852935791,1.35445427894592,2.24805307388306
1703,2.11067271232605,3.76540088653564,1.86617767810822,0.866093456745148,2.89345502853394,1.36539876461029,2.82691073417664,5.59660243988037,2.9279956817627,2.83550524711609,1.2174733877182,2.02792191505432
1705,1.90206527709961,3.39953637123108,1.69860363006592,0.77607649564743,2.60687375068665,1.24177396297455,2.56232810020447,5.05144548416138,2.65456748008728,2.58583545684814,1.11510968208313,1.83556592464447
1707,1.72373068332672,3.0799081325531,1.54306244850159,0.72076427936554,2.38520216941833,1.15637195110321,2.35667657852173,4.59198808670044,2.42568302154541,2.36255645751953,1.03140950202942,1.70450639724731
1709,1.56399035453796,2.80429863929749,1.41130924224854,0.675630629062653,2.20846128463745,1.07629036903381,2.19057083129883,4.23135614395142,2.25063538551331,2.18106770515442,0.94844263792038,1.61083149909973
1711,1.42767632007599,2.58535075187683,1.30165588855743,0.619857132434845,2.04575991630554,0.989940881729126,2.04229378700256,3.9490795135498,2.10212349891663,2.04007315635681,0.870979070663452,1.51309776306152
1713,1.31851696968079,2.4031548500061,1.19707870483398,0.564112365245819,1.89393675327301,0.900370955467224,1.90714573860168,3.70902323722839,1.95217382907867,1.90978097915649,0.80139833688736,1.40268504619598
1715,1.22978568077087,2.23223304748535,1.08128023147583,0.510159850120544,1.74274790287018,0.833919167518616,1.79079961776733,3.4891209602356,1.79784822463989,1.78124725818634,0.732936382293701,1.29896020889282
1717,1.15962159633636,2.08456969261169,0.992675065994263,0.465876042842865,1.58953833580017,0.793522655963898,1.70371866226196,3.24679279327393,1.66082012653351,1.67095422744751,0.681035339832306,1.20763218402863
1719,1.10940206050873,1.95985925197601,0.953340232372284,0.438277810811996,1.47029030323029,0.776485741138458,1.65708839893341,3.03761267662048,1.57677125930786,1.57739460468292,0.645720362663269,1.12097525596619
1721,1.0538467168808,1.86885702610016,0.928346574306488,0.423010021448135,1.38046550750732,0.771951675415039,1.62753987312317,2.87512350082397,1.53697371482849,1.49507546424866,0.623267233371735,1.05097126960754
1723,1.00788617134094,1.82024013996124,0.911187052726746,0.393034964799881,1.31807541847229,0.758475124835968,1.58234536647797,2.77266097068787,1.50804162025452,1.41997718811035,0.607074439525604,1.00869107246399
1725,0.974178969860077,1.7779529094696,0.887499272823334,0.366683423519135,1.27536749839783,0.742231965065002,1.53281724452972,2.71292972564697,1.46779751777649,1.35163116455078,0.586664617061615,0.969269990921021
1727,0.928260445594788,1.70822131633759,0.853002071380615,0.348947405815125,1.21889960765839,0.71251118183136,1.4779851436615,2.66678190231323,1.41721594333649,1.29645586013794,0.567160069942474,0.92446768283844
1729,0.871562838554382,1.61919057369232,0.819915175437927,0.318628251552582,1.14535939693451,0.685485363006592,1.40933060646057,2.60173273086548,1.35052978992462,1.24708902835846,0.547350406646729,0.875600755214691
1731,0.813266515731812,1.53085923194885,0.772547900676727,0.275335103273392,1.071133852005,0.661993205547333,1.3379213809967,2.52119064331055,1.26872515678406,1.19662296772003,0.506579577922821,0.80324774980545
1733,0.779099524021149,1.44779336452484,0.724119663238525,0.249574318528175,1.02211928367615,0.635393977165222,1.2830069065094,2.41410660743713,1.18402075767517,1.14729654788971,0.450509577989578,0.729013562202454
1735,0.774091064929962,1.3958488702774,0.67713463306427,0.229472413659096,0.987060189247131,0.617082536220551,1.24713134765625,2.30538511276245,1.12855589389801,1.09218108654022,0.41809418797493,0.691432058811188
1737,0.759379327297211,1.35989332199097,0.645814538002014,0.215558111667633,0.942469418048859,0.582441926002502,1.20364081859589,2.22682476043701,1.08214616775513,1.05068731307983,0.395044505596161,0.676244676113129
1739,0.715016663074493,1.30900371074677,0.633652448654175,0.206603929400444,0.895845711231232,0.51535028219223,1.13701355457306,2.13792943954468,1.02661716938019,1.01145887374878,0.380924165248871,0.651056230068207
1741,0.652929604053497,1.26108992099762,0.600403726100922,0.189469546079636,0.848739981651306,0.469490766525269,1.05175995826721,2.0179009437561,0.963592886924744,0.956381976604462,0.356551200151443,0.613158226013184
1743,0.599779307842255,1.2317008972168,0.549690783023834,0.174232959747314,0.80297726392746,0.447479456663132,0.952533960342407,1.87959504127502,0.891717255115509,0.885815262794495,0.320072889328003,0.58913379907608
1745,0.541445374488831,1.193812251091,0.505631446838379,0.16962705552578,0.76444947719574,0.415681034326553,0.856318235397339,1.73384249210358,0.81739342212677,0.824537754058838,0.286054909229279,0.546518623828888
1747,0.489145308732986,1.12899005413055,0.455965876579285,0.142224624752998,0.701011121273041,0.370448887348175,0.778894543647766,1.58735048770905,0.744641602039337,0.754481315612793,0.253963351249695,0.483936578035355
1749,0.450429439544678,1.03118491172791,0.39827886223793,0.0852397829294205,0.61004239320755,0.35057607293129,0.731048405170441,1.43954336643219,0.665117204189301,0.66170871257782,0.223779305815697,0.41608190536499
1751,0.396404922008514,0.912909150123596,0.366519689559937,0.0501308627426624,0.522792398929596,0.330913960933685,0.687298476696014,1.29512703418732,0.609511613845825,0.607207357883453,0.178402900695801,0.380973607301712
1753,0.328776150941849,0.807787597179413,0.352567166090012,0.0375756286084652,0.450359910726547,0.288941740989685,0.643736660480499,1.17789697647095,0.578620612621307,0.572816610336304,0.143060564994812,0.365194857120514
1755,0.285574793815613,0.711891174316406,0.323309183120728,0.0424000099301338,0.402936935424805,0.232255235314369,0.620350956916809,1.06042468547821,0.54213935136795,0.512508749961853,0.139147982001305,0.352869838476181
1757,0.272161275148392,0.62361478805542,0.283241391181946,0.0547559708356857,0.370900124311447,0.185288280248642,0.605052888393402,0.960590779781342,0.500044226646423,0.452847450971603,0.139677077531815,0.342063397169113
1759,0.262371569871902,0.541488170623779,0.237793579697609,0.0417225919663906,0.342225849628448,0.156953617930412,0.560942590236664,0.889763414859772,0.436129361391068,0.410156428813934,0.138895586133003,0.310497999191284
1761,0.238632008433342,0.471515357494354,0.191635444760323,0.0328917801380157,0.298513114452362,0.151371359825134,0.501059174537659,0.839873433113098,0.370966166257858,0.357716888189316,0.138856261968613,0.267345160245895
1763,0.192777931690216,0.420343041419983,0.167236730456352,0.0293613765388727,0.263530492782593,0.155601263046265,0.443100273609161,0.792273998260498,0.338690400123596,0.307077437639236,0.11113229393959,0.224764198064804
1765,0.142434507608414,0.370916903018951,0.140023663640022,0.0327265486121178,0.220167174935341,0.155798897147179,0.384233206510544,0.752919495105743,0.310869038105011,0.255987346172333,0.0665839165449142,0.202487215399742
1767,0.0959602445363998,0.318228125572205,0.114444859325886,0.0319259241223335,0.172044783830643,0.130616083741188,0.332118272781372,0.68652206659317,0.264358192682266,0.208701610565186,0.045334916561842,0.208386853337288
1769,0.0665033161640167,0.287058711051941,0.0780909657478333,0.0149304131045938,0.129657253623009,0.0834299102425575,0.26054921746254,0.585082948207855,0.234225362539291,0.155167207121849,0.0392455160617828,0.222356453537941
1771,0.0826376006007195,0.282849431037903,0.0791477411985397,-0.00660387612879276,0.142079889774323,0.0446538403630257,0.20749905705452,0.494334995746613,0.236772060394287,0.142727836966515,0.0472890771925449,0.209571152925491
1773,0.116749554872513,0.273209631443024,0.0883259177207947,-0.0321499705314636,0.178985446691513,0.042303416877985,0.203378453850746,0.442350149154663,0.211012661457062,0.151171147823334,0.064747579395771,0.187875717878342
1775,0.136859774589539,0.262400329113007,0.0723009556531906,-0.0412670113146305,0.180028036236763,0.0419623740017414,0.218478038907051,0.456345289945602,0.188758447766304,0.131340503692627,0.064658984541893,0.171669870615005
1777,0.136446267366409,0.2252536714077,0.053625363856554,-0.0327852256596088,0.15545766055584,0.0438759699463844,0.223865136504173,0.459203004837036,0.178855493664742,0.0878730714321136,0.0404645130038261,0.146274715662003
1779,0.132612854242325,0.168403103947639,0.0402518659830093,-0.0165459904819727,0.0904948562383652,0.0639457032084465,0.22403159737587,0.427329421043396,0.156388461589813,0.052521288394928,0.0176995396614075,0.110617391765118
1781,0.127424880862236,0.124607667326927,0.00402111653238535,-0.00336486520245671,0.0308571457862854,0.0630556866526604,0.190755292773247,0.3918476998806,0.138434112071991,0.0268226657062769,0.0468063578009605,0.102827422320843
1783,0.113150782883167,0.0878336280584335,-0.0115655418485403,-0.00188666512258351,-0.00810609012842178,0.0640334561467171,0.107075050473213,0.365154623985291,0.153914406895638,0.00709598325192928,0.0857657417654991,0.0883844718337059
1785,0.10855021327734,0.0932512283325195,0.000926485110539943,-0.0138630988076329,-0.0175066273659468,0.0389153175055981,0.0325798615813255,0.345921069383621,0.16820153594017,0.0166850201785564,0.0799057334661484,0.0744984596967697
1787,0.114668659865856,0.108256958425045,0.0359282158315182,-0.0440279841423035,0.00763944769278169,0.0130306892096996,0.031771045178175,0.293279260396957,0.175624370574951,0.023980101570487,0.0500955507159233,0.0484483353793621
1789,0.131383314728737,0.106366381049156,0.0810413286089897,-0.0710823684930801,0.050400722771883,0.00188426359090954,0.0949104875326157,0.256772309541702,0.139691680669785,0.0392792411148548,0.0756756141781807,0.0118538811802864
1791,0.0925955697894096,0.104842394590378,0.0566394850611687,-0.0396669022738934,0.142753303050995,-0.0441894754767418,0.176376357674599,0.225647360086441,0.0531387850642204,0.047331228852272,0.150869444012642,-0.0189121961593628
1793,-0.00889480393379927,0.112340718507767,0.000576706836000085,0.000799381756223738,0.203636184334755,-0.095324695110321,0.175649136304855,0.182211771607399,-0.0187023654580116,0.0410060584545135,0.235049739480019,-0.0201712921261787
1795,-0.0906133577227592,0.0868414640426636,-0.049816258251667,0.0182693060487509,0.180748477578163,-0.104140259325504,0.178218469023705,0.239171877503395,-0.0100096706300974,0.0412464216351509,0.269287288188934,-0.0207983981817961
2685,-0.0988399237394333,0.0856851413846016,-0.0342014841735363,-0.0525769777595997,0.118632361292839,-0.148504912853241,0.169865697622299,0.304626435041428,-0.0388235971331596,0.041053295135498,0.262145936489105,0.00383334187790751
2687,-0.116690091788769,0.0831761211156845,-0.000320154416840523,-0.206301018595695,-0.0161487925797701,-0.244768425822258,0.151741653680801,0.44665139913559,-0.101344808936119,0.0406342521309853,0.246650516986847,0.0572800263762474
2689,-0.184846848249435,0.0735958069562912,0.129047691822052,-0.793260335922241,-0.53077906370163,-0.612328290939331,0.0825392231345177,0.98894065618515,-0.340067386627197,0.0390341952443123,0.187484815716743,0.261353492736816
2691,-0.128316596150398,-0.169068291783333,0.383026540279388,-1.07605123519897,-0.555211544036865,-0.764866650104523,0.170623362064362,1.15067481994629,0.082143098115921,0.0351166538894176,-0.153190821409225,0.419762969017029
2693,0.202389135956764,-0.212864950299263,0.620741784572601,-1.09909605979919,-0.490478307008743,-0.598720371723175,0.213406562805176,1.36327135562897,0.360499143600464,-0.167842730879784,-0.468248069286346,0.594394981861115
2695,0.370382994413376,-0.248493492603302,0.45188906788826,-0.871335387229919,-0.324679791927338,-0.239017143845558,0.190343901515007,1.25789427757263,0.317288666963577,-0.215979292988777,-0.477713227272034,0.625777721405029
2697,0.301764845848083,-0.267126023769379,0.257267028093338,-0.79004693031311,-0.289151310920715,0.123769916594028,0.297735869884491,0.859704732894897,0.131817311048508,0.151068150997162,-0.225075751543045,0.598513662815094
2699,0.309644520282745,-0.245800837874413,0.254705548286438,-0.665396511554718,-0.259099006652832,0.298417150974274,0.479436039924622,0.693636834621429,0.033755399286747,0.263926565647125,0.0781849473714828,0.451062649488449
2701,0.350536108016968,-0.192741394042969,0.216695383191109,-0.542429983615875,-0.025276392698288,0.408042997121811,0.560670733451843,0.795241415500641,-0.0288919918239117,0.205792218446732,0.423864185810089,0.306921154260635
2703,0.41014552116394,-0.0669183358550072,0.134154587984085,-0.323017358779907,0.192033961415291,0.353307574987411,0.645688354969025,0.719606757164001,-0.0648498386144638,0.188893109560013,0.568586945533752,0.128631606698036
2705,0.396852046251297,0.0921149849891663,-0.144867062568665,-0.135827526450157,0.34394159913063,0.267721176147461,0.679847955703735,0.758553445339203,-0.0491250976920128,0.193972006440163,0.555883169174194,0.021656658500433
2707,0.368865698575974,0.126591235399246,-0.221669718623161,-0.0473411381244659,0.387392222881317,0.187923550605774,0.521301925182343,0.827825486660004,0.00136227568145841,0.278601199388504,0.492148667573929,0.0305613894015551
2709,0.380229830741882,0.131538406014442,-0.0687421858310699,-0.049666341394186,0.329396069049835,0.125560760498047,0.388458281755447,0.783774852752686,-0.0217350739985704,0.208566352725029,0.43384125828743,0.0811466947197914
2711,0.350001394748688,0.121448896825314,-0.0510633252561092,-0.0579832121729851,0.187816739082336,0.0704441666603088,0.330072611570358,0.674481093883514,-0.0283677447587252,0.194316938519478,0.380793809890747,0.095090463757515
2713,0.255929201841354,0.0994636714458466,-0.0740111097693443,-0.0906161591410637,0.0427893325686455,0.0625327974557877,0.303185820579529,0.68261992931366,0.0289069134742022,0.236656993627548,0.35898232460022,0.107362098991871
2715,0.160989075899124,0.159716367721558,-0.0988854393362999,-0.0902971476316452,-0.0407760180532932,0.0988531708717346,0.321323692798615,0.721869170665741,0.158901110291481,0.288929522037506,0.302069336175919,0.161159664392471
2717,0.118251115083694,0.333312690258026,-0.0643348470330238,-0.051363579928875,-0.10568705201149,0.126861453056335,0.344888985157013,0.754872560501099,0.214441537857056,0.309703260660172,0.248446434736252,0.133157521486282
2719,0.109132498502731,0.390220165252686,0.00273347645998001,-0.0305218920111656,-0.105618245899677,0.14948633313179,0.363463193178177,0.816327631473541,0.176497310400009,0.322456210851669,0.248122781515121,0.0862358510494232
2721,0.0980578139424324,0.416931211948395,-0.00744678266346455,-0.0327588655054569,-0.084944948554039,0.123067662119865,0.370299160480499,0.882038414478302,0.137278199195862,0.264626860618591,0.266295939683914,0.113837242126465
2723,0.114431656897068,0.436835676431656,-0.0332800969481468,-0.0458510965108871,-0.0720521286129951,0.0798540264368057,0.278097748756409,0.950993299484253,0.140853017568588,0.141338348388672,0.251862078905106,0.194128289818764
2725,0.158719703555107,0.40855610370636,-0.0324154868721962,-0.100501514971256,-0.0749079957604408,0.0837444365024567,0.211703017354012,0.949569702148438,0.194234311580658,0.0787637084722519,0.245041355490685,0.203874632716179
2727,0.204749420285225,0.366328060626984,-0.0441750064492226,-0.171413272619247,0.0164300892502069,0.130118623375893,0.207038074731827,0.879828989505768,0.201361745595932,0.0332794114947319,0.268730163574219,0.147283002734184
2729,0.260705769062042,0.338599503040314,-0.0429086051881313,-0.190169304609299,0.164522543549538,0.17737640440464,0.206824317574501,0.849414169788361,0.221019491553307,0.00250995764508843,0.293120712041855,0.0821458846330643
2731,0.298924893140793,0.364675968885422,0.0399502664804459,-0.197907149791718,0.250030815601349,0.233462378382683,0.19094055891037,0.897982537746429,0.223377645015717,0.0182576533406973,0.308609664440155,0.0390483886003494
2733,0.325627416372299,0.390295892953873,0.0666088908910751,-0.196044653654099,0.270008444786072,0.275830417871475,0.249857872724533,0.911245882511139,0.154857710003853,0.00403176248073578,0.322170943021774,0.033588245511055
2735,0.317731648683548,0.423746824264526,0.0335542820394039,-0.139236211776733,0.217457428574562,0.292263180017471,0.372743219137192,0.929815888404846,0.124688267707825,0.0543690398335457,0.300479173660278,0.0931674912571907
2737,0.254214912652969,0.468665838241577,0.0169993098825216,-0.111958920955658,0.15626648068428,0.277970284223557,0.49404713511467,1.01472187042236,0.146062344312668,0.146540716290474,0.268474131822586,0.139685899019241
2739,0.217259094119072,0.528123378753662,0.0545509234070778,-0.0710440129041672,0.1688531935215,0.30212989449501,0.560242533683777,1.10591149330139,0.171242490410805,0.212092116475105,0.249386668205261,0.141161739826202
2741,0.250080853700638,0.533097863197327,0.104899905622005,-0.0613863803446293,0.197418957948685,0.330290108919144,0.594372391700745,1.11845052242279,0.188723623752594,0.257697135210037,0.251165002584457,0.144667461514473
2743,0.317905992269516,0.454446464776993,0.155508816242218,-0.0844027921557426,0.235431924462318,0.317197978496552,0.601918935775757,1.0978798866272,0.194399878382683,0.295007228851318,0.263593763113022,0.135006427764893
2745,0.383282124996185,0.360455811023712,0.175678938627243,-0.0922390520572662,0.307167857885361,0.27707627415657,0.566840589046478,1.11261713504791,0.215394079685211,0.334778130054474,0.244406715035439,0.132723674178123
2747,0.431023836135864,0.337797075510025,0.170227348804474,-0.0794501006603241,0.345147222280502,0.289505064487457,0.49319115281105,1.15855348110199,0.256376981735229,0.361291080713272,0.228278249502182,0.14274275302887
2749,0.443454653024673,0.369524985551834,0.140333473682404,-0.0734638869762421,0.365043938159943,0.312381565570831,0.439900934696198,1.138711810112,0.283860683441162,0.364299982786179,0.225756913423538,0.163725003600121
2751,0.431734353303909,0.432816565036774,0.142306864261627,-0.0763440281152725,0.360881507396698,0.326576918363571,0.484892666339874,1.11139500141144,0.292947828769684,0.358247697353363,0.237976253032684,0.203983202576637
2753,0.43254491686821,0.462072610855103,0.176237672567368,-0.0612050965428352,0.345664888620377,0.296766042709351,0.556751251220703,1.10825884342194,0.282672852277756,0.34798675775528,0.255232453346252,0.240067109465599
2755,0.421331763267517,0.484427660703659,0.187161520123482,-0.0259174183011055,0.35916930437088,0.251860618591309,0.587268054485321,1.1024557352066,0.285471886396408,0.344643890857697,0.246377512812614,0.263773411512375
2757,0.398063480854034,0.499939620494843,0.185296073555946,-0.00454590329900384,0.37183204293251,0.231433928012848,0.599824965000153,1.11857509613037,0.287836968898773,0.341501265764236,0.240413516759872,0.261555969715118
2759,0.376819401979446,0.500672399997711,0.17545510828495,-0.0283003523945808,0.363033056259155,0.224982857704163,0.615487396717072,1.1654691696167,0.309295445680618,0.330784350633621,0.245224475860596,0.242740318179131
2761,0.347110480070114,0.496374279260635,0.192334741353989,-0.0434435233473778,0.351188778877258,0.21884548664093,0.619608640670776,1.20734357833862,0.337687075138092,0.334693342447281,0.253652572631836,0.241666316986084
2763,0.337520331144333,0.493978530168533,0.239457696676254,-0.0340518243610859,0.360571056604385,0.22849303483963,0.606313943862915,1.24413013458252,0.351250857114792,0.341328799724579,0.257624059915543,0.240710824728012
2765,0.372711986303329,0.504532694816589,0.285521537065506,-0.0180938113480806,0.415514290332794,0.26708772778511,0.604871034622192,1.27425038814545,0.347545117139816,0.371130913496017,0.24081164598465,0.246299147605896
2767,0.425702095031738,0.524723291397095,0.298463225364685,-0.021786680445075,0.443215876817703,0.298169732093811,0.591691255569458,1.28583538532257,0.327816188335419,0.408226281404495,0.258779942989349,0.272054761648178
2769,0.463586658239365,0.51573646068573,0.290041089057922,-0.0197718497365713,0.407786071300507,0.323506504297256,0.566887497901917,1.29053819179535,0.31057009100914,0.449343115091324,0.291827857494354,0.322303742170334
2771,0.466088980436325,0.537280142307281,0.270067036151886,-0.00382456043735147,0.367089867591858,0.342828631401062,0.553416609764099,1.30833494663239,0.30863943696022,0.484103292226791,0.302793383598328,0.35210520029068
2773,0.449804723262787,0.57676899433136,0.24628646671772,0.00467873178422451,0.337892651557922,0.334718257188797,0.554484963417053,1.33605861663818,0.330496042966843,0.502655506134033,0.284083813428879,0.355921864509583
2775,0.44667711853981,0.596916079521179,0.225430637598038,0.00573663879185915,0.324199080467224,0.313296854496002,0.596763849258423,1.36274123191833,0.353095054626465,0.519292175769806,0.275718003511429,0.355814158916473
2777,0.466731816530228,0.608363032341003,0.215581566095352,0.00424060504883528,0.31919276714325,0.300363928079605,0.62986171245575,1.3726327419281,0.367158979177475,0.512465298175812,0.285939633846283,0.377838253974915
2779,0.4744673371315,0.62436181306839,0.214018583297729,0.00151023140642792,0.334945261478424,0.283805876970291,0.62882661819458,1.38314890861511,0.370235472917557,0.489063322544098,0.279461890459061,0.385853946208954
2781,0.469228506088257,0.6254962682724,0.197040796279907,-0.0171328336000443,0.357334703207016,0.269091725349426,0.613107562065125,1.41405856609344,0.345191597938538,0.465152531862259,0.26202592253685,0.377427756786346
2783,0.47417163848877,0.618148803710938,0.183141767978668,-0.0460526645183563,0.369848370552063,0.287333428859711,0.591798305511475,1.45596981048584,0.336009442806244,0.440729975700378,0.24325342476368,0.362980842590332
2785,0.490649819374084,0.608945608139038,0.213254079222679,-0.0645170956850052,0.385303169488907,0.337510377168655,0.576712012290955,1.4912691116333,0.338780224323273,0.43182697892189,0.235086217522621,0.359774827957153
2787,0.51382440328598,0.615330159664154,0.275812685489655,-0.0718109309673309,0.395795047283173,0.387175053358078,0.552124738693237,1.5065221786499,0.325333207845688,0.461283266544342,0.231803372502327,0.359312653541565
2789,0.527201235294342,0.616947412490845,0.310192286968231,-0.0654469802975655,0.41289222240448,0.393644243478775,0.536096394062042,1.47998225688934,0.317945778369904,0.504241108894348,0.245977908372879,0.371656715869904
2791,0.54073828458786,0.62326592206955,0.293315947055817,-0.0585964471101761,0.431329786777496,0.360928237438202,0.54415088891983,1.47734189033508,0.34077063202858,0.512881815433502,0.254386514425278,0.382095217704773
2793,0.527001321315765,0.639459609985352,0.25050938129425,-0.0671325176954269,0.466471284627914,0.333997815847397,0.581125736236572,1.49073600769043,0.3527652323246,0.490408360958099,0.250433743000031,0.363432109355927
2795,0.514097452163696,0.629686236381531,0.235036626458168,-0.064012311398983,0.473255306482315,0.320325285196304,0.63240385055542,1.49755430221558,0.340271770954132,0.457822024822235,0.245096921920776,0.331228286027908
2797,0.506316483020782,0.631475150585175,0.24722509086132,-0.0613591261208057,0.459462076425552,0.315923243761063,0.666060328483582,1.5273859500885,0.337648749351501,0.434090465307236,0.26757401227951,0.291969954967499
2799,0.522708654403687,0.640931010246277,0.262447834014893,-0.0508939661085606,0.448475688695908,0.321182638406754,0.670295417308807,1.56871557235718,0.373840361833572,0.417070984840393,0.29359844326973,0.297468096017838
2801,0.54153448343277,0.653319716453552,0.281217962503433,-0.0256216749548912,0.440983921289444,0.3192298412323,0.672422051429749,1.61956536769867,0.418916702270508,0.428924143314362,0.316445559263229,0.326814502477646
2803,0.538370728492737,0.660139501094818,0.312875181436539,0.0285652372986078,0.448890209197998,0.312229692935944,0.712036669254303,1.64226424694061,0.446794837713242,0.462092518806458,0.324561387300491,0.346453815698624
2805,0.526395320892334,0.666005492210388,0.348824352025986,0.0516867376863956,0.46550664305687,0.318903207778931,0.758948266506195,1.65055727958679,0.451588690280914,0.502144455909729,0.32112392783165,0.359900742769241
2807,0.518939554691315,0.67449426651001,0.370428562164307,0.0631652474403381,0.478734225034714,0.363486379384995,0.768499255180359,1.65131175518036,0.457970350980759,0.536408662796021,0.324073761701584,0.358726739883423
2809,0.541611850261688,0.693007051944733,0.367444574832916,0.078587032854557,0.476120740175247,0.417793720960617,0.74978119134903,1.64443838596344,0.461178719997406,0.55929309129715,0.34257984161377,0.363847583532333
2811,0.573140144348145,0.700844824314117,0.350379109382629,0.101705051958561,0.472454339265823,0.43493577837944,0.740286409854889,1.63092625141144,0.452832192182541,0.567063450813293,0.363686889410019,0.383887350559235
2813,0.581448316574097,0.701701939105988,0.34298300743103,0.107303231954575,0.481247544288635,0.40533047914505,0.734669029712677,1.62429809570313,0.413298219442368,0.56878262758255,0.376096159219742,0.387434750795364
2815,0.603161156177521,0.711508095264435,0.347273528575897,0.0835663080215454,0.504170775413513,0.379800826311111,0.72373753786087,1.65841960906982,0.382386654615402,0.575327515602112,0.378007531166077,0.376990556716919
2817,0.620989680290222,0.719643115997314,0.35306441783905,0.0413275435566902,0.507458448410034,0.384604811668396,0.721505463123322,1.71338391304016,0.400251716375351,0.584008455276489,0.371537119150162,0.375398397445679
2819,0.626191020011902,0.728271543979645,0.352824538946152,-0.00661125686019659,0.513861060142517,0.39757627248764,0.736811101436615,1.74648582935333,0.471930742263794,0.585838377475739,0.359530717134476,0.37313449382782
2821,0.618818998336792,0.753578543663025,0.344304233789444,-0.0341597609221935,0.555428743362427,0.408151090145111,0.755324125289917,1.76375186443329,0.525413632392883,0.587311506271362,0.343704700469971,0.393838226795197
2823,0.606162190437317,0.774884879589081,0.338837146759033,-0.0232762396335602,0.607595384120941,0.402331173419952,0.774057328701019,1.77503514289856,0.514533698558807,0.581780195236206,0.353981256484985,0.400068491697311
2825,0.61653083562851,0.771226763725281,0.349358081817627,-0.0242581814527512,0.627908885478973,0.409307152032852,0.790345728397369,1.7748749256134,0.486304670572281,0.571068704128265,0.376963466405869,0.409770011901855
2827,0.637653350830078,0.7583829164505,0.341042697429657,-0.0460752435028553,0.606123149394989,0.408381432294846,0.820639908313751,1.75636005401611,0.477971911430359,0.556855976581573,0.386558920145035,0.436770766973495
2829,0.648460388183594,0.781209826469421,0.326581656932831,-0.0651241913437843,0.574608087539673,0.403992116451263,0.849186658859253,1.75915968418121,0.475862085819244,0.564965784549713,0.372245967388153,0.47182884812355
2831,0.663084208965302,0.831247329711914,0.30942702293396,-0.0663515254855156,0.582528293132782,0.421131581068039,0.871600091457367,1.78558123111725,0.467491954565048,0.582039535045624,0.36404088139534,0.501296579837799
2833,0.672485053539276,0.866914093494415,0.311126589775085,-0.0534054487943649,0.624177873134613,0.446730881929398,0.884316384792328,1.82978844642639,0.461366444826126,0.606300890445709,0.378680765628815,0.503343105316162
2835,0.665497422218323,0.900324404239655,0.349059849977493,-0.0379934385418892,0.659670650959015,0.435811102390289,0.874355971813202,1.90934264659882,0.471541523933411,0.626736998558044,0.386002719402313,0.482073187828064
2837,0.68138974905014,0.933963119983673,0.388967424631119,-0.0343516133725643,0.672647655010223,0.425420939922333,0.869800508022308,1.98827540874481,0.474281251430511,0.63901025056839,0.380702525377274,0.486724823713303
2839,0.708280026912689,0.93364554643631,0.410503208637238,-0.0179092306643724,0.685074627399445,0.41774970293045,0.865432024002075,2.03678035736084,0.48117795586586,0.646833539009094,0.39579913020134,0.52607798576355
2841,0.71950364112854,0.916040897369385,0.409523010253906,-0.00217272387817502,0.700213253498077,0.39590585231781,0.883764863014221,2.09088802337646,0.52502316236496,0.657129883766174,0.421195447444916,0.562606453895569
2843,0.74037116765976,0.928383946418762,0.411144852638245,-0.00349626014940441,0.69548898935318,0.387592166662216,0.931521773338318,2.16494202613831,0.57901132106781,0.685826063156128,0.439490705728531,0.566723883152008
2845,0.779070973396301,0.952695608139038,0.430513650178909,-0.0110592721030116,0.698631465435028,0.412287443876266,0.975542068481445,2.25215005874634,0.608510315418243,0.734587967395782,0.461464554071426,0.575983226299286
2847,0.815640866756439,0.990371525287628,0.442649930715561,-0.0216989275068045,0.738294124603271,0.445293396711349,0.992462515830994,2.32751107215881,0.63441389799118,0.789611399173737,0.50078284740448,0.595229685306549
2849,0.846625685691833,1.06116938591003,0.45762112736702,-0.0159701034426689,0.756442964076996,0.48291090130806,1.00702095031738,2.3905131816864,0.668579041957855,0.825358629226685,0.536536991596222,0.602518320083618
2851,0.858033418655396,1.13169968128204,0.472060322761536,-0.00189600791782141,0.765292167663574,0.525701820850372,1.0498468875885,2.46063375473022,0.694711446762085,0.862615466117859,0.534644722938538,0.614848077297211
2853,0.859440505504608,1.17381536960602,0.490893125534058,0.00153649575076997,0.805069267749786,0.563345313072205,1.0787125825882,2.52912044525146,0.711906313896179,0.88243567943573,0.51716274023056,0.635562539100647
2855,0.862747132778168,1.22971844673157,0.520940065383911,0.027718760073185,0.869091629981995,0.590659320354462,1.09695649147034,2.60799980163574,0.73536217212677,0.901094079017639,0.494395941495895,0.6595778465271
2857,0.88928496837616,1.31465041637421,0.557673811912537,0.0631952732801437,0.927915096282959,0.605353891849518,1.1230856180191,2.6806218624115,0.749537765979767,0.936129808425903,0.501107573509216,0.69860428571701
2859,0.927366137504578,1.40747678279877,0.602723360061646,0.0708175301551819,0.971400618553162,0.584350109100342,1.15118885040283,2.74483585357666,0.766821324825287,0.975763440132141,0.534563720226288,0.736093699932098
2861,0.947264134883881,1.46753787994385,0.636766970157623,0.0767396688461304,1.01093482971191,0.566041231155396,1.19421315193176,2.83639788627625,0.801932632923126,1.00376653671265,0.560814499855042,0.74391108751297
2863,0.975852787494659,1.47874748706818,0.653906166553497,0.0679438263177872,1.05830216407776,0.550902009010315,1.24065935611725,2.9540376663208,0.827945232391357,1.02091813087463,0.559386134147644,0.746038556098938
2865,1.04366767406464,1.48714649677277,0.661591351032257,0.0506297722458839,1.11834263801575,0.55226743221283,1.28737461566925,3.05183911323547,0.850436627864838,1.04717040061951,0.544390618801117,0.750686943531036
2867,1.14287090301514,1.51839172840118,0.681509375572205,0.0341600775718689,1.14742016792297,0.584595859050751,1.33027720451355,3.11919808387756,0.87958174943924,1.08229506015778,0.545768260955811,0.747812032699585
2869,1.21303486824036,1.55168175697327,0.698537468910217,0.0423074178397655,1.1341780424118,0.625466406345367,1.37286412715912,3.19939231872559,0.909860551357269,1.13424682617188,0.55059677362442,0.738490700721741
2871,1.23181641101837,1.58232307434082,0.703949332237244,0.0626149326562881,1.12953639030457,0.654262840747833,1.39005374908447,3.27858710289001,0.923307240009308,1.17634785175323,0.57779598236084,0.753508865833282
2873,1.20433676242828,1.58792924880981,0.701788783073425,0.0601381696760654,1.14001619815826,0.654937148094177,1.38044619560242,3.34119343757629,0.926823019981384,1.19527494907379,0.629187941551208,0.807496070861816
2875,1.17489194869995,1.58731257915497,0.704579949378967,0.0517671778798103,1.15653991699219,0.649031817913055,1.38702702522278,3.38277864456177,0.929125547409058,1.20160591602325,0.673011362552643,0.823758006095886
2877,1.14765620231628,1.60582041740417,0.691114723682404,0.0421587973833084,1.14866042137146,0.673105239868164,1.39714658260345,3.37956476211548,0.934876620769501,1.19547665119171,0.6639204621315,0.802160799503326
2879,1.11700689792633,1.62335872650146,0.655323803424835,0.0363475568592548,1.11462378501892,0.68151444196701,1.38018918037415,3.32183432579041,0.920726180076599,1.15960419178009,0.639800786972046,0.782495379447937
2881,1.09460210800171,1.61156630516052,0.627840638160706,0.0248822197318077,1.08292937278748,0.679830074310303,1.35168969631195,3.21809864044189,0.899394929409027,1.0983624458313,0.650810420513153,0.773072361946106
2883,1.07400906085968,1.58376896381378,0.606868803501129,0.00690005254000425,1.06722557544708,0.667008638381958,1.30398297309875,3.12785768508911,0.863721251487732,1.0713609457016,0.660599708557129,0.764142870903015
2885,1.04778456687927,1.54663610458374,0.603536903858185,0.0113511206582189,1.0516756772995,0.649008274078369,1.27983856201172,3.07724356651306,0.836876451969147,1.07438206672668,0.667460918426514,0.756958246231079
2887,1.0270209312439,1.5344135761261,0.607489407062531,0.0253258217126131,1.04719293117523,0.647186756134033,1.29437911510468,3.04765486717224,0.817128837108612,1.09007263183594,0.672844052314758,0.754385232925415
2889,1.01951897144318,1.52808749675751,0.589665353298187,0.0457841381430626,1.08849120140076,0.633147478103638,1.30112028121948,3.05590128898621,0.803490042686462,1.10291421413422,0.689157426357269,0.744288623332977
2891,1.01988792419434,1.52868628501892,0.565385758876801,0.0772498100996017,1.12226402759552,0.632011413574219,1.29317224025726,3.04649829864502,0.795296311378479,1.11824226379395,0.696969628334045,0.732538640499115
2893,1.01110470294952,1.54547476768494,0.559956252574921,0.101222902536392,1.11417675018311,0.642406582832336,1.29311466217041,3.05736875534058,0.806946098804474,1.10948026180267,0.683346092700958,0.737020015716553
2895,0.991954505443573,1.53841173648834,0.59039694070816,0.102678410708904,1.09163296222687,0.634432673454285,1.29750001430511,3.08103036880493,0.800900638103485,1.10252499580383,0.651687443256378,0.751325130462646
2897,0.989494204521179,1.55012106895447,0.64256089925766,0.07576834410429,1.09811496734619,0.644453823566437,1.29151713848114,3.13199853897095,0.776288509368896,1.10687577724457,0.608288586139679,0.792244732379913
2899,1.02196407318115,1.61110985279083,0.678493559360504,0.0715180709958076,1.1299512386322,0.656423032283783,1.27960479259491,3.18562507629395,0.776821076869965,1.1010000705719,0.602946877479553,0.81822669506073
2901,1.04536855220795,1.68055617809296,0.722594678401947,0.0864544436335564,1.16484522819519,0.688037991523743,1.29902195930481,3.27457118034363,0.797383904457092,1.11376619338989,0.624834299087524,0.798997044563293
2903,1.04693365097046,1.72907757759094,0.775259137153625,0.120696678757668,1.15840590000153,0.712294161319733,1.3209183216095,3.42533254623413,0.805529296398163,1.13965892791748,0.652277767658234,0.818098664283752
2905,1.0578784942627,1.76483345031738,0.823948383331299,0.143661022186279,1.15054035186768,0.711462318897247,1.34206807613373,3.56216025352478,0.804546773433685,1.20242202281952,0.71534389257431,0.841694533824921
2907,1.11622893810272,1.79740428924561,0.876200318336487,0.11071452498436,1.19958364963531,0.726774454116821,1.38378286361694,3.65197205543518,0.846267521381378,1.26148438453674,0.777605295181274,0.867624759674072
2909,1.17575621604919,1.82442402839661,0.890980005264282,0.0597772523760796,1.26206874847412,0.748034834861755,1.46041560173035,3.73821067810059,0.915027678012848,1.31873321533203,0.822850048542023,0.902411282062531
2911,1.20985758304596,1.83718514442444,0.863302767276764,0.0424054861068726,1.31472146511078,0.75494509935379,1.53772735595703,3.8334367275238,0.963376760482788,1.37287998199463,0.829770863056183,0.939422309398651
2913,1.26803803443909,1.85937476158142,0.858052968978882,-0.00478991586714983,1.4037561416626,0.730955958366394,1.56496965885162,3.92431998252869,0.995938122272491,1.39437472820282,0.795881152153015,0.978686094284058
2915,1.33385014533997,1.91675305366516,0.848041653633118,-0.0259412676095963,1.45142805576324,0.70319390296936,1.60562551021576,4.00319480895996,1.04655337333679,1.37628424167633,0.778995335102081,1.0032970905304
2917,1.3635573387146,1.98266887664795,0.829927623271942,-0.0173822846263647,1.47076010704041,0.719603836536407,1.6254471540451,4.08501958847046,1.0981513261795,1.38143622875214,0.779552280902863,1.01643097400665
2919,1.42132759094238,2.06546688079834,0.849153876304626,0.0292066223919392,1.51819860935211,0.777018487453461,1.65136730670929,4.21983098983765,1.16093051433563,1.43357133865356,0.737367272377014,1.03958284854889
2921,1.51812708377838,2.13119554519653,0.914954006671906,0.0570481568574905,1.53264117240906,0.856115460395813,1.72568130493164,4.34894180297852,1.20237994194031,1.49957978725433,0.677724182605743,1.09056127071381
2923,1.56369018554688,2.19432640075684,0.984957993030548,0.0708594545722008,1.54149329662323,0.942593455314636,1.82018828392029,4.51099538803101,1.22773230075836,1.59680438041687,0.636241793632507,1.10696661472321
2925,1.59544777870178,2.2544629573822,1.08000791072845,0.0955040156841278,1.52456951141357,1.00837969779968,1.87575042247772,4.6856861114502,1.23032677173615,1.72489523887634,0.656001389026642,1.07424640655518
2927,1.6182986497879,2.27909708023071,1.15834188461304,0.0711141601204872,1.49406039714813,1.02173507213593,1.89464056491852,4.79431104660034,1.2405811548233,1.83026766777039,0.738522469997406,1.06636440753937
2929,1.61953914165497,2.27848839759827,1.180006980896,0.0385101772844791,1.5110456943512,1.00651705265045,1.92381906509399,4.85049724578857,1.25630915164948,1.86219489574432,0.846432030200958,1.07008540630341
2931,1.5654171705246,2.2881646156311,1.18308389186859,0.0715677365660667,1.57933664321899,1.0008453130722,1.92704808712006,4.92912006378174,1.21519660949707,1.82314419746399,0.92607843875885,1.08626186847687
2933,1.44680440425873,2.26932716369629,1.15261232852936,0.102700173854828,1.67652249336243,0.956269562244415,1.87646341323853,4.92889165878296,1.17526364326477,1.76659405231476,0.969583690166473,1.11577153205872
2935,1.37533342838287,2.18106651306152,1.12317132949829,0.0759876146912575,1.71507775783539,0.941098153591156,1.82092583179474,4.89275550842285,1.14521467685699,1.71145915985107,0.980422079563141,1.09721457958221
2937,1.33562386035919,2.14902114868164,1.07230710983276,0.00331331673078239,1.62353897094727,0.931279003620148,1.79119336605072,4.87463045120239,1.11396098136902,1.57272922992706,1.00085961818695,1.04571080207825
2939,1.34603762626648,2.12846302986145,0.988487720489502,0.00479316711425781,1.51774060726166,0.931621193885803,1.79829013347626,4.8272385597229,1.0688591003418,1.46314609050751,1.01348209381104,0.987997949123383
2941,1.35974740982056,2.09325218200684,0.946109652519226,0.0372057445347309,1.52720129489899,0.944500684738159,1.78786563873291,4.71514892578125,1.05884456634521,1.45260727405548,0.98278933763504,0.935529947280884
2943,1.32893764972687,2.04496884346008,0.947888016700745,0.0962402075529099,1.54474103450775,1.00172555446625,1.77514088153839,4.64955759048462,1.04158449172974,1.41911315917969,0.894370138645172,0.915318429470062
2945,1.27856957912445,2.01946353912354,0.890580892562866,0.0827225744724274,1.5306408405304,1.01419150829315,1.77502727508545,4.6646842956543,1.00224304199219,1.37836074829102,0.821970164775848,0.873400151729584
2947,1.23543679714203,2.03511381149292,0.789341032505035,0.0421291626989841,1.57015633583069,1.00979244709015,1.87934494018555,4.65698051452637,0.965081095695496,1.31082618236542,0.838065564632416,0.863715410232544
2949,1.22715401649475,2.08150506019592,0.771128118038177,-0.0519062280654907,1.59732353687286,1.03926920890808,2.02963423728943,4.67557096481323,0.908500254154205,1.30707597732544,0.901171684265137,0.938193142414093
2951,1.28869569301605,2.14871168136597,0.849496722221375,-0.141111448407173,1.5534952878952,1.08765840530396,2.09838795661926,4.65743923187256,0.86266827583313,1.31674313545227,0.878058552742004,1.03563809394836
2953,1.38802063465118,2.21279358863831,0.940485894680023,-0.121544353663921,1.46701562404633,1.03376424312592,2.05948805809021,4.61137247085571,0.953617632389069,1.33793139457703,0.803942084312439,1.0997576713562
2955,1.4944566488266,2.22652244567871,0.956352591514587,-0.0910502001643181,1.36213636398315,0.839812099933624,2.00206589698792,4.57711172103882,1.04846811294556,1.434201836586,0.784038543701172,1.06526637077332
2957,1.53682255744934,2.23625445365906,0.922802805900574,-0.112328141927719,1.21198177337646,0.529470980167389,2.03399276733398,4.60976409912109,1.05709910392761,1.504922747612,0.766222655773163,0.983351469039917
2959,1.42481100559235,2.24214220046997,0.799816787242889,-0.100978501141071,1.06968486309052,0.476548403501511,2.11425256729126,4.66680097579956,1.03085100650787,1.57074880599976,0.761856079101563,0.931321203708649
2961,1.24604594707489,2.11917781829834,0.670025825500488,-0.0070075704716146,0.93370908498764,0.667517066001892,2.08197689056396,4.67987012863159,0.933871030807495,1.53277063369751,0.868797183036804,0.947642028331757
2963,1.17000913619995,1.9375524520874,0.685406029224396,0.131700977683067,0.928749740123749,0.91076135635376,1.93642342090607,4.6780800819397,0.88252592086792,1.37832951545715,1.0140825510025,0.936902642250061
2965,1.25957119464874,1.8182829618454,0.804519176483154,0.26454895734787,1.11281430721283,1.03584682941437,1.78738963603973,4.56187677383423,0.910876870155334,1.25141954421997,1.0538192987442,0.959472477436066
2967,1.37152755260468,1.7074681520462,0.968146681785583,0.402819961309433,1.21141421794891,1.03828191757202,1.7636491060257,4.07872629165649,0.86341518163681,1.05878603458405,1.09538698196411,0.884904682636261
2969,1.49957740306854,1.44246709346771,0.853877246379852,0.453094720840454,1.09305548667908,1.10158264636993,1.71296906471252,3.57091879844666,0.815534353256226,0.867615461349487,1.06979274749756,0.854478240013123
2971,1.45076060295105,1.1575927734375,0.574909567832947,0.366099268198013,0.754774987697601,0.992948114871979,1.67698991298676,3.28358626365662,0.635200202465057,0.689847826957703,0.84817910194397,0.849950134754181
2973,1.22012710571289,0.955895602703094,0.361676603555679,0.180014416575432,0.434806346893311,0.760440826416016,1.63329696655273,3.13270950317383,0.438051611185074,0.389020055532455,0.586460649967194,0.887458741664886
2975,0.898771822452545,0.872296154499054,0.236003592610359,-0.225045695900917,0.262418508529663,0.776749730110168,1.65015137195587,3.06881761550903,0.523376226425171,0.00213664164766669,0.390757977962494,1.07573330402374
2977,0.719148874282837,0.9076327085495,0.138992562890053,-0.471061885356903,0.184076458215714,1.07095420360565,1.41809809207916,3.07554507255554,0.752678155899048,-0.473160833120346,0.176252290606499,1.01324725151062
2979,0.722573280334473,0.784510374069214,0.139653161168098,-0.796319842338562,0.316719055175781,1.25843191146851,0.989036679267883,3.06468391418457,0.782756686210632,-0.971710860729218,0.253741174936295,0.904019355773926
2981,0.653234302997589,1.11431300640106,0.237623929977417,-0.848219811916351,0.100871726870537,0.958552300930023,0.378441542387009,2.88114500045776,0.517580211162567,-0.718748688697815,0.855338394641876,0.665725946426392
2983,0.579988420009613,1.42169737815857,0.244712710380554,-0.783413529396057,-0.334189772605896,0.47605761885643,-0.0223052855581045,2.6406991481781,0.536405742168427,0.168900817632675,1.25855493545532,0.122060552239418
2985,0.275157570838928,1.43290376663208,-0.207207202911377,-0.52798455953598,-1.37246417999268,0.60434490442276,-0.0786860734224319,2.6437361240387,0.864271402359009,0.741790354251862,0.887547850608826,-0.422896265983582
2987,-0.0745359286665916,0.85620778799057,-1.04971611499786,-0.558210909366608,-1.95394587516785,0.871501684188843,-0.743977010250092,2.36168313026428,0.760573863983154,0.983008205890656,-0.368959873914719,-0.793174684047699
2989,-0.246941611170769,-0.189774543046951,-1.3129723072052,-0.794847548007965,-1.4863121509552,1.61764323711395,-1.40012466907501,3.63405585289001,0.150767251849174,0.682291567325592,-2.60327529907227,-0.744099974632263
2991,0.353682577610016,-0.151286587119102,-1.10233879089355,-0.661267697811127,-0.660878598690033,1.26974165439606,-3.22111368179321,5.06023597717285,-0.0808474272489548,-0.0242514498531818,-3.38789820671082,-1.14882671833038
2993,0.999327182769775,0.963740646839142,-0.188683211803436,0.0568983182311058,0.219652608036995,0.755638122558594,-4.06491756439209,4.50267791748047,0.521871745586395,-0.773967981338501,-2.35097622871399,-2.20582461357117
2995,1.00286710262299,1.14858448505402,0.567749202251434,1.08392262458801,0.227208226919174,-0.100772999227047,-3.65934038162231,3.58831167221069,1.0532683134079,-1.87186849117279,-1.42566680908203,-3.44675040245056
