,O-PTIR 1/O-PTIR,O-PTIR 2/O-PTIR,O-PTIR 3/O-PTIR,O-PTIR 4/O-PTIR,O-PTIR 5/O-PTIR,O-PTIR 6/O-PTIR,O-PTIR 7/O-PTIR,O-PTIR 8/O-PTIR,O-PTIR 9/O-PTIR,O-PTIR 10/O-PTIR,O-PTIR 11/O-PTIR,O-PTIR 12/O-PTIR,O-PTIR 13/O-PTIR,O-PTIR 14/O-PTIR,O-PTIR 15/O-PTIR,O-PTIR 16/O-PTIR,O-PTIR 17/O-PTIR,O-PTIR 18/O-PTIR,O-PTIR 19/O-PTIR,O-PTIR 20/O-PTIR,,,
,-313.3900146,-313.5400085,-345.6400146,-346.8399963,-346.6400146,-346.3399963,-392.1900024,-392.8399963,-392.3900146,-392.7900085,-392.5400085,-396.1900024,-397.4400024,-341.7900085,-340.4400024,-341.0899963,-439.2399902,-440.0400085,-421.9400024,-421.9400024,,,
,297.4299927,297.4299927,327.980011,328.1799927,328.3800049,327.7799988,410.6300049,412.2799988,412.730011,413.230011,413.0799866,432.5799866,433.7799988,445.7799988,445.980011,446.0299988,450.730011,450.980011,462.1799927,462.2799988,,,
923,-0.508285224,-3.367340565,2.061528921,-3.721956968,2.989791155,-2.428840637,1.026536465,1.848755717,-1.27745223,0.979491889,-2.029085875,-2.672210932,0.139369279,1.40782845,-2.404922485,-2.180303812,1.321507812,0.526076496,-1.085101008,-1.985840321,,,
925,0.427323967,-3.10410428,1.480730176,-2.456484556,1.505716324,-2.181888342,1.432128906,0.381157935,-0.64397496,0.787390172,-0.829696,-2.688244104,1.605865955,1.58800602,-1.154591799,-1.944169164,0.019737983,0.355496585,-0.55852598,-1.189801335,,,
927,1.662160039,-2.721574545,0.452770978,-1.565200329,0.384443015,-1.765292287,1.657333136,-0.908041775,0.268108487,-0.191813111,0.200363651,-3.25590992,2.764379501,1.082246065,-0.310769022,-0.54258132,-0.973221838,-0.101728454,-0.048095465,-0.768596709,,,
929,2.048555613,-2.517557621,0.709178805,-1.007162094,0.372742593,-0.713927984,1.97347939,-0.837938428,0.875295579,-0.956528008,0.311918378,-2.663377047,2.595662117,0.476410568,-0.260011941,-0.116094157,-1.244047642,-0.214469999,-0.145601481,-0.739889741,,,
931,2.351234198,-2.18160224,1.554267526,0.226296186,0.120924361,0.272116005,1.834365606,-0.023932714,0.377351105,-1.073732138,0.148498818,-2.620863438,1.315917134,0.379430622,0.164902359,-0.283398271,-1.4628582,0.2415279,-0.496024162,-0.462486446,,,
933,2.539545059,-1.987807989,1.897893786,0.515049338,-0.227272063,0.309843928,1.481108069,0.380151689,-0.911934853,-0.013069588,0.493830115,-2.802904606,0.326868117,0.012356242,0.612433195,0.385150164,-1.727452755,0.231790498,-0.409467608,-0.309556514,,,
935,1.488345385,-1.618627191,1.271218181,0.307080746,-0.203306735,-0.054325432,0.676928163,0.419252485,-1.159283161,0.286936313,1.127944827,-2.064184427,0.264663339,-0.421357393,0.217150182,1.324827075,-1.568841815,0.199741274,-0.46555236,-0.425581187,,,
937,0.65212065,-0.986894488,0.611958623,0.010446513,-0.194504276,-0.315419167,0.284481585,-0.263839573,-0.753017783,-0.03238935,0.939422071,-1.260088205,0.225018337,-0.352523983,-0.087125205,1.465930462,-1.312308431,0.082005724,-0.311456352,-0.072885334,,,
939,0.340123147,-0.230116203,0.338615566,-0.321719408,-0.188228637,-0.402340293,0.213471621,-0.490065962,-0.248665854,-0.156515598,0.632988036,-0.735044956,0.26725629,-0.342532784,-0.189363927,0.703262031,-0.747826815,0.074538402,-0.116548061,0.059493117,,,
941,0.331727713,-0.26755026,0.121330194,-0.374619454,-0.103066102,-0.301464796,-0.045799069,-0.264775634,-0.066407181,-0.271046519,0.512013733,-0.688686073,0.190264374,-0.497039258,-0.348055094,0.231096581,-0.562194407,0.212449297,0.063354686,0.222241864,,,
943,0.146991491,-0.694812298,-0.218728796,-0.346635252,0.03579754,-0.146386832,-0.2524243,-0.107951984,-0.083525725,-0.397444755,0.169558421,-0.640884101,0.024463782,-0.422058493,-0.348948479,0.018398892,-0.356473804,0.174225196,0.124613926,0.293982655,,,
945,0.174340874,-0.911790967,-0.421000987,-0.342174888,0.186044484,0.063987404,-0.23300384,-0.135686159,-0.236806273,-0.336649954,0.025572551,-0.401007354,0.045947179,-0.104492396,-0.324379861,-0.042593244,-0.213792354,0.042227246,0.003303104,0.219722018,,,
947,0.312688082,-0.645668328,-0.156674519,-0.21846661,0.062096272,0.180598751,-0.119629726,-0.215451717,-0.31312564,-0.247115448,0.071767181,-0.114756152,0.202390268,0.157856137,-0.235861629,-0.077989183,-0.086668581,-0.048522759,-0.03495286,0.133616,,,
949,0.416608989,-0.366687775,-0.011351182,-0.038587745,-0.174861416,0.08661288,0.11266388,-0.207431421,-0.193550795,-0.205895543,-0.031399637,0.019515689,0.268802404,0.236567602,-0.062247939,0.016453484,-0.018356467,0.023495028,0.023580605,0.063589379,,,
951,0.500124931,-0.233962119,0.038793638,0.112334043,-0.254596025,-0.087741852,0.305497825,-0.170887843,-0.10220746,-0.216858387,-0.039634265,0.036236938,0.225725234,0.256467611,0.03975255,0.167298585,0.054478098,0.100606941,0.020007294,0.062239353,,,
953,0.552259564,-0.239717066,0.093416475,0.207335055,-0.199285522,-0.145945594,0.445592791,-0.115374699,-0.103911281,-0.301337719,0.05519785,-0.007666345,0.150325552,0.280329883,0.063233577,0.340295851,0.039575472,0.067251995,0.030400321,0.078218356,,,
955,0.758544803,-0.231431544,0.089376263,0.239100546,-0.08095672,-0.138946459,0.600143194,-0.170262247,-0.086088836,-0.307000577,0.190176189,-0.056492072,0.100977182,0.204723358,0.130935922,0.400304615,0.085145898,0.001970507,0.04679662,0.125535056,,,
957,1.05441761,-0.276976585,0.017439453,0.244068876,-0.042440981,-0.136672646,0.683795929,-0.21361737,-0.074291326,-0.251174361,0.292167276,-0.071951501,0.053736188,0.150343448,0.278058022,0.34852767,0.181363344,-0.028309895,0.056896515,0.225547418,,,
959,1.299409866,-0.294736207,-0.043273002,0.22909461,-0.072798781,-0.119504422,0.670651734,-0.188293859,-0.045588728,-0.243586987,0.297031641,0.014699,0.042533293,0.151573166,0.398207486,0.285978645,0.247059971,-0.021757908,0.052724048,0.334680587,,,
961,1.48829484,-0.134804457,-0.094973579,0.273776203,-0.071779869,-0.079040058,0.637412131,-0.0657565,0.001544736,-0.174900413,0.354062229,0.092463866,0.099752672,0.161254317,0.443613708,0.176704079,0.256955326,0.024707682,0.093929835,0.394988358,,,
963,1.595179319,0.042831555,-0.160009667,0.349687129,-0.05490201,-0.025211841,0.658071101,0.001321399,0.027685454,-0.114611819,0.434658408,0.098240688,0.148746356,0.207520947,0.424909621,0.062271874,0.298637182,0.095659964,0.164480075,0.418987006,,,
965,1.651897192,0.17344813,-0.178466976,0.350730389,-0.039277665,0.028942637,0.726274788,-0.018973241,0.085505582,-0.069215402,0.490702569,0.126311809,0.144231319,0.32751599,0.414741158,0.058921661,0.340279639,0.171649396,0.229717538,0.434024274,,,
967,1.629107833,0.229174748,-0.150081277,0.325010866,-0.031175345,0.093336843,0.791379869,-0.02348456,0.183174968,-0.000945334,0.511340737,0.183512449,0.105266124,0.379058599,0.519320369,0.1232206,0.357623398,0.252039313,0.314919114,0.437297523,,,
969,1.599151969,0.268933952,-0.109434843,0.358244598,-0.012427459,0.093993589,0.838326395,-0.008821038,0.243771344,0.102403156,0.472799808,0.256862581,0.148574963,0.37265113,0.59624064,0.150391132,0.379097492,0.311583042,0.354480177,0.484500885,,,
971,1.64300859,0.252171278,-0.054535348,0.360514581,0.00950173,0.033613075,0.914764225,-0.007740934,0.252199322,0.166957736,0.46461165,0.331335157,0.173567235,0.395378888,0.666211069,0.128100097,0.404482663,0.325110495,0.355311424,0.548204839,,,
973,1.689757347,0.255227178,0.015934404,0.398403883,0.010878205,-0.007228005,0.962732077,0.023519229,0.267319888,0.145011961,0.476929873,0.371771127,0.192818344,0.407294631,0.744648516,0.11239928,0.394099981,0.338659048,0.402061939,0.615527809,,,
975,1.715529919,0.289528668,0.095181629,0.42378068,-0.022065366,0.01027427,0.993631244,0.069010273,0.337320447,0.098507114,0.480509698,0.392448097,0.228142321,0.393049836,0.761493742,0.170321375,0.427764922,0.388641655,0.454640388,0.67422992,,,
977,1.780838847,0.353870869,0.16987747,0.396061212,-0.018804472,0.064691104,1.043711901,0.127738431,0.425710857,0.071785517,0.525462866,0.42444244,0.248587698,0.394780695,0.767032802,0.280094177,0.495674342,0.434091419,0.492069721,0.669927359,,,
979,1.875354648,0.443402678,0.207073838,0.38129282,0.006094207,0.130783215,1.089222908,0.183568135,0.518342137,0.086570524,0.587739229,0.45729506,0.286391616,0.411578298,0.799250901,0.384132266,0.52452457,0.435905725,0.519044638,0.659618139,,,
981,1.993751645,0.540647864,0.210682869,0.42645672,-0.014786789,0.13914381,1.14456296,0.224567831,0.574216127,0.097133569,0.651286542,0.534299612,0.283890903,0.431962907,0.855086386,0.465731412,0.558022559,0.439925104,0.526407242,0.687137604,,,
983,2.124576807,0.655116379,0.199948251,0.492591143,-0.027686769,0.142870218,1.220121264,0.269576579,0.605257571,0.106022239,0.720111668,0.662404895,0.268449724,0.459050119,0.887493491,0.510095596,0.642412841,0.47557646,0.53111428,0.742822409,,,
985,2.262938023,0.730940461,0.20184955,0.529501438,-0.012491023,0.177022904,1.244468093,0.327602565,0.639910698,0.146923706,0.766746283,0.803771615,0.273437828,0.474513292,0.920764208,0.529596806,0.713399768,0.517792106,0.524517298,0.782890081,,,
987,2.378302336,0.744597852,0.219862536,0.518498838,-0.015891403,0.191675648,1.251898766,0.377280146,0.681849062,0.159859881,0.793953717,0.87140727,0.27963385,0.520954907,0.977373838,0.54319346,0.741464317,0.52132386,0.543036342,0.790921211,,,
989,2.472281933,0.766185343,0.240143135,0.497194797,-0.009468341,0.179576263,1.286405087,0.403611809,0.714556932,0.148996383,0.80966866,0.883710861,0.294258147,0.571939588,1.019336462,0.535017908,0.745448589,0.530689895,0.575992167,0.800424159,,,
991,2.518322945,0.799713552,0.273911357,0.470501959,-0.01642683,0.164545327,1.328014135,0.392289937,0.716238976,0.15794085,0.808446109,0.877685308,0.306552649,0.594129145,1.022496343,0.514818847,0.708245933,0.544175267,0.612760663,0.818538725,,,
993,2.528154135,0.824920416,0.282113463,0.461312205,-0.022448624,0.159972444,1.343175888,0.382380694,0.683271646,0.171950147,0.790525675,0.848059535,0.325125039,0.588310063,1.029320359,0.498752683,0.685862064,0.547742844,0.631842315,0.848753452,,,
995,2.512991667,0.79003042,0.260614008,0.482116908,-0.021672787,0.155863777,1.302605033,0.357485175,0.650287688,0.166557893,0.762315452,0.782481968,0.343212515,0.552913308,1.006775856,0.476961374,0.674445689,0.520925403,0.616356909,0.88545078,,,
997,2.454932451,0.723206282,0.243686214,0.526529431,-0.012835064,0.134423494,1.22341466,0.315866679,0.641116738,0.145323932,0.719620228,0.692340255,0.379803419,0.516537011,0.946097136,0.460448951,0.649421394,0.47967881,0.599774122,0.889826298,,,
999,2.325026751,0.631189287,0.222056329,0.5588938,-0.004354857,0.120162062,1.161040068,0.245697081,0.618123889,0.126073599,0.679758906,0.61366111,0.403861374,0.484861374,0.866106212,0.431477666,0.607814193,0.442902893,0.57516098,0.886229396,,,
1001,2.178760529,0.520717859,0.210403249,0.550491512,-0.006478281,0.119550429,1.097720146,0.156007871,0.570452332,0.085246146,0.623862147,0.517774522,0.393534839,0.446020365,0.798714697,0.392256409,0.577370763,0.402909219,0.543520033,0.874985933,,,
1003,2.052989006,0.418653548,0.227651164,0.53703773,-0.010402285,0.128671706,1.022655487,0.096363142,0.510267854,0.034241546,0.530809939,0.438371181,0.363748223,0.412483156,0.728864789,0.386994362,0.538289785,0.348205626,0.521602392,0.835196018,,,
1005,1.947497129,0.327842563,0.253785014,0.522981167,-0.022437094,0.13054134,0.97674346,0.058795754,0.457957566,-0.01160439,0.434761465,0.38569805,0.332493991,0.38238886,0.645827413,0.392341495,0.496673286,0.301035017,0.503698468,0.808379769,,,
1007,1.847875834,0.264779806,0.270427108,0.522863328,-0.022127217,0.142635405,0.93857038,0.019452119,0.398784518,-0.071391672,0.368863285,0.347913831,0.320983857,0.365450889,0.562831044,0.36921379,0.458433539,0.263657272,0.498332798,0.802092135,,,
1009,1.752530575,0.250716358,0.283051878,0.510881305,-0.022454353,0.143570334,0.917434394,-0.00080401,0.36194545,-0.118671477,0.326495975,0.300554603,0.319745421,0.373335421,0.510873318,0.326703787,0.423797607,0.237682894,0.505347252,0.801221728,,,
1011,1.711101413,0.247470304,0.276884407,0.501370668,-0.026228212,0.143679515,0.902799904,-0.007113436,0.356507272,-0.146223441,0.311234176,0.246322021,0.33349973,0.387991101,0.478089035,0.294502079,0.426761001,0.207591057,0.512133062,0.841686547,,,
1013,1.72408855,0.265224308,0.27714476,0.515826225,-0.027748991,0.158401161,0.866713464,-0.018656131,0.379871428,-0.134194121,0.305835128,0.200094014,0.375304371,0.392484754,0.450575978,0.294146359,0.434694946,0.174175441,0.514310598,0.873650908,,,
1015,1.751013279,0.265188485,0.291895628,0.535354435,-0.038228147,0.17165406,0.825634897,-0.031933874,0.395802259,-0.116895147,0.294511527,0.158763289,0.408620566,0.389172405,0.428306669,0.294894814,0.43198669,0.168377295,0.513273239,0.864093006,,,
1017,1.739381313,0.248575732,0.313114882,0.543119431,-0.040412597,0.179799125,0.800747812,-0.055665985,0.4027794,-0.100432441,0.287279814,0.138025805,0.425484866,0.377321988,0.419722229,0.285564572,0.429749608,0.172804326,0.503718674,0.850959182,,,
1019,1.698276281,0.243537545,0.336697727,0.55027616,-0.035878889,0.173240438,0.782835722,-0.068945229,0.40935573,-0.085558057,0.281421334,0.150800318,0.41004017,0.381882787,0.440265298,0.261973232,0.416674286,0.185669065,0.506892264,0.834661126,,,
1021,1.681010365,0.262313783,0.347791791,0.568460047,-0.043489531,0.164756924,0.758183897,-0.055060428,0.404110938,-0.088865072,0.261325061,0.180553064,0.384726107,0.401131868,0.485438049,0.249785632,0.395781815,0.199438691,0.505572915,0.823699057,,,
1023,1.696435213,0.280013055,0.352819979,0.592211008,-0.046292413,0.161085352,0.767005503,-0.032326858,0.405424327,-0.101117499,0.247814208,0.20098564,0.369872659,0.437464654,0.526978076,0.250269294,0.386780113,0.209855393,0.506709218,0.827309191,,,
1025,1.723364234,0.286371291,0.369096756,0.616857946,-0.027449584,0.159793794,0.804150641,-0.015572935,0.410716087,-0.097187765,0.25836885,0.214920297,0.378949285,0.466235369,0.551466763,0.263034731,0.405293763,0.207889199,0.525413156,0.846082449,,,
1027,1.758582354,0.293896884,0.3651824,0.646235347,-0.020112116,0.15461354,0.817966402,-0.007314479,0.415601343,-0.088708058,0.279531866,0.251345158,0.385946333,0.473035038,0.586453736,0.261863589,0.434452474,0.195413113,0.534822583,0.865197718,,,
1029,1.773182154,0.318901449,0.35088861,0.657626927,-0.034338515,0.143299013,0.804427207,-0.00743938,0.398154974,-0.092388749,0.293790042,0.275521815,0.393922061,0.473299116,0.635994375,0.28074944,0.460567325,0.179906949,0.543375015,0.870835364,,,
1031,1.804558277,0.332956642,0.336485624,0.633649528,-0.043812171,0.146750316,0.788179338,-0.006273184,0.371337056,-0.081590101,0.302350789,0.276970267,0.39344731,0.467592776,0.642827272,0.317146778,0.449029148,0.171035767,0.557380974,0.875811934,,,
1033,1.84452045,0.330763489,0.331099063,0.614652574,-0.040884785,0.149102435,0.788566351,-0.011920651,0.360776186,-0.059743021,0.301417977,0.260317296,0.384215206,0.4476991,0.606572032,0.35046941,0.430166095,0.178312555,0.583168864,0.894520938,,,
1035,1.864434242,0.333100826,0.336247444,0.606804073,-0.048689432,0.158694744,0.80774194,-0.010551713,0.36988166,-0.050011419,0.312291086,0.252902478,0.379645348,0.427214801,0.553647995,0.354705632,0.409705371,0.176049605,0.609520257,0.921990573,,,
1037,1.863625884,0.330094546,0.358904272,0.601225853,-0.054152884,0.175174594,0.820758045,-0.025238207,0.394313008,-0.061915204,0.314363986,0.243803769,0.385298818,0.427354515,0.533137977,0.350714207,0.411879033,0.16571115,0.610610127,0.934264004,,,
1039,1.862767816,0.322764307,0.37659961,0.61311537,-0.045553349,0.19433248,0.821922779,-0.039436918,0.413075268,-0.088700175,0.299883693,0.235925898,0.400605738,0.434634119,0.521165013,0.346631497,0.424768686,0.161851302,0.587540448,0.926814198,,,
1041,1.897083044,0.301167071,0.372007102,0.639619231,-0.040954944,0.212964162,0.816189587,-0.040791921,0.420697033,-0.124696627,0.294211417,0.2386792,0.417823434,0.438023716,0.506970525,0.325273126,0.434496701,0.176567495,0.575544655,0.914738178,,,
1043,1.959497809,0.298381865,0.385439128,0.660529017,-0.048850205,0.228913218,0.8195467,-0.046297424,0.422665179,-0.121027917,0.320958108,0.250597596,0.428019762,0.423326701,0.50532186,0.282349527,0.446397424,0.180290967,0.575454414,0.916935027,,,
1045,2.017880201,0.300839603,0.418147832,0.679726481,-0.050459638,0.230956584,0.829823732,-0.030766452,0.433406174,-0.098647095,0.355965585,0.27045247,0.438639551,0.435020953,0.529324889,0.232222721,0.441589087,0.170660585,0.574671388,0.914610803,,,
1047,2.077924967,0.295426846,0.428732693,0.687437594,-0.048713934,0.230545133,0.843946218,-0.037613269,0.455376178,-0.072134376,0.37566632,0.300459594,0.456807017,0.462116957,0.564571679,0.217148215,0.432899863,0.175480425,0.566771328,0.90530324,,,
1049,2.166603565,0.326214075,0.417815775,0.683265209,-0.039105341,0.242251799,0.873722374,-0.072716154,0.499579847,-0.068006366,0.377074897,0.329848915,0.458516806,0.457295269,0.606219172,0.239364028,0.442635208,0.201247215,0.56750536,0.917168617,,,
1051,2.308561563,0.391342878,0.429859608,0.670309842,-0.014999178,0.252873182,0.914152861,-0.086403675,0.556886971,-0.084726967,0.401025325,0.381419122,0.444458693,0.441130221,0.6504094,0.267990232,0.485216439,0.237827748,0.565086007,0.938655674,,,
1053,2.499070883,0.465719581,0.469932795,0.658672929,-0.009647659,0.249404207,0.964875221,-0.057882663,0.612560391,-0.079681121,0.454756856,0.465561956,0.440270782,0.419258475,0.733844757,0.310419679,0.530074835,0.290780842,0.569512606,0.95344758,,,
1055,2.681007624,0.548715889,0.504779696,0.64723748,-0.014989579,0.230423078,1.015443087,-0.006736634,0.657096624,-0.033331532,0.515865207,0.555409253,0.448493034,0.394141227,0.843160093,0.355631441,0.563044131,0.336208999,0.596180558,0.977771103,,,
1057,2.853863478,0.664612591,0.537741303,0.654010952,-0.013579873,0.202097699,1.071339726,0.040330391,0.713170886,0.04199931,0.577686608,0.661244929,0.449115664,0.372051895,0.937106013,0.432226658,0.593965411,0.386945695,0.643345952,1.010283113,,,
1059,3.01464653,0.794656515,0.565405726,0.651613474,-0.022068126,0.185978279,1.142177343,0.098867662,0.773341119,0.111648798,0.632282674,0.763086081,0.453639358,0.352797568,0.984220505,0.533639371,0.641846657,0.432237685,0.687665284,1.054044485,,,
1061,3.161949396,0.882918894,0.582345009,0.620585799,-0.019416124,0.19150953,1.20314455,0.159681842,0.797414362,0.152150407,0.686390638,0.830951869,0.460014045,0.34222424,0.998218179,0.588660181,0.667133331,0.458976865,0.734501421,1.060152173,,,
1063,3.243622065,0.910998583,0.580172658,0.593061507,-0.013270094,0.229391634,1.223804116,0.203886911,0.796972275,0.172416836,0.733498752,0.871100426,0.477518082,0.330972612,0.987731993,0.594479501,0.664214492,0.447207481,0.775863647,1.041929364,,,
1065,3.242737055,0.89739722,0.568844259,0.585423827,0.000114024,0.265979201,1.218123436,0.218410239,0.803519785,0.190019131,0.771662652,0.893946528,0.501181901,0.322967619,0.969335973,0.573587239,0.654574692,0.434131205,0.794276655,1.051022172,,,
1067,3.199455023,0.886972368,0.559516847,0.597023785,0.002294283,0.278140903,1.221175194,0.216227323,0.815894842,0.205079988,0.796008706,0.904303968,0.520109057,0.336654812,0.958758414,0.548573554,0.65399611,0.42694661,0.801450074,1.086061954,,,
1069,3.133940697,0.884621441,0.541631162,0.614636242,-0.000855492,0.274559826,1.221848965,0.184214652,0.816127658,0.199036703,0.793099284,0.88192445,0.524832368,0.355034202,0.944326043,0.515083492,0.652146459,0.426800072,0.807661653,1.094057083,,,
1071,3.04338026,0.892312527,0.537029505,0.621673942,0.001367411,0.26985544,1.211643934,0.150036529,0.794886887,0.177824765,0.762713969,0.846792698,0.519447029,0.349940896,0.937769115,0.479087532,0.644130766,0.417530656,0.800081074,1.088881254,,,
1073,2.970172405,0.899330258,0.539826274,0.632698119,0.002398557,0.268457323,1.203287959,0.12269108,0.774289787,0.178202599,0.729910374,0.805294394,0.515105307,0.332742035,0.940123916,0.466211647,0.639014661,0.402644813,0.78408587,1.086013079,,,
1075,2.945110083,0.885910273,0.545880437,0.641554892,0.009742424,0.262369841,1.200404406,0.115288228,0.7621364,0.188871846,0.71182251,0.761199951,0.502219379,0.316849291,0.936552703,0.488030881,0.623176098,0.38827607,0.770236552,1.078190088,,,
1077,2.97258687,0.834396124,0.556517422,0.657454789,0.010447925,0.264656723,1.20282805,0.115446627,0.75834322,0.18361105,0.704081595,0.724000931,0.481325358,0.296255231,0.907178342,0.494690865,0.592246652,0.380074054,0.759789824,1.07022202,,,
1079,3.019239426,0.778390706,0.553521693,0.675012112,0.00701495,0.283033252,1.174778938,0.118750289,0.767155707,0.156874597,0.688347757,0.70207721,0.470277369,0.281621128,0.871351361,0.495571554,0.562238693,0.377144843,0.75795722,1.055924654,,,
1081,3.030694962,0.730847418,0.549080133,0.680525482,0.004888786,0.293737948,1.131244659,0.115784667,0.756677926,0.135792047,0.685177028,0.689279199,0.475036591,0.281601816,0.843686998,0.492237598,0.5430125,0.381132424,0.747952402,1.036299229,,,
1083,3.045148373,0.70343262,0.546882987,0.662872851,-0.002905186,0.288982838,1.107140064,0.098307669,0.735954046,0.126982972,0.690500438,0.67752111,0.475495785,0.283561528,0.825625956,0.480931669,0.534516811,0.388708532,0.748521984,1.045055032,,,
1085,3.0654037,0.69920969,0.534585595,0.639581025,-0.001416441,0.272218406,1.10238111,0.097735599,0.727824032,0.110629126,0.691575289,0.679458082,0.469022065,0.284264714,0.818093479,0.48392868,0.542179942,0.383123755,0.760193706,1.066975832,,,
1087,3.031310797,0.702874601,0.528173447,0.63014549,-0.00198626,0.256469667,1.114391565,0.107328363,0.736067295,0.09965238,0.695018709,0.689249933,0.457859159,0.282602847,0.807085991,0.488909513,0.54865247,0.368411064,0.758274198,1.072690129,,,
1089,2.961671591,0.726513207,0.534656823,0.631563842,-0.006294438,0.258827895,1.12639904,0.123498268,0.749160171,0.113353007,0.698928058,0.705143213,0.454924345,0.280377179,0.78936404,0.485854864,0.543568373,0.353699118,0.73980993,1.060872674,,,
1091,2.893490076,0.764153779,0.540184557,0.63750571,-0.016310934,0.265778005,1.131374955,0.132359624,0.751984417,0.128350273,0.705359876,0.70318538,0.45909974,0.273227483,0.785704255,0.487761348,0.535063207,0.342099071,0.72841841,1.052598476,,,
1093,2.909809828,0.806669414,0.545638263,0.636357665,-0.028464755,0.264202625,1.12575984,0.131367341,0.745162189,0.142508537,0.702882051,0.679992795,0.452716976,0.263920009,0.793170631,0.49254331,0.536971331,0.334856927,0.738329589,1.04707706,,,
1095,2.979196548,0.839079976,0.557107151,0.643799305,-0.025890805,0.257840842,1.130255342,0.133584946,0.742205441,0.153815776,0.703561783,0.665499687,0.438111663,0.249984026,0.794768929,0.498639762,0.549686134,0.334989965,0.757536292,1.041199446,,,
1097,3.030326605,0.865068793,0.565903068,0.647729039,-0.013331719,0.2576074,1.154271841,0.132465884,0.753552854,0.161423326,0.715951085,0.690590858,0.439224571,0.24317883,0.809921741,0.499615014,0.570477366,0.339892834,0.77455318,1.047870994,,,
1099,3.123987198,0.891661704,0.566361606,0.641055763,0.013956532,0.256612122,1.182522535,0.131244987,0.769278049,0.160799012,0.756300867,0.728883564,0.45910114,0.237524226,0.82478708,0.490510523,0.584148884,0.347812504,0.787177801,1.058763146,,,
1101,3.245954752,0.926659584,0.570207715,0.636224627,0.025862858,0.253197521,1.199243903,0.140274867,0.785429716,0.151944339,0.78739059,0.761474669,0.476575643,0.229188651,0.849501908,0.518769681,0.584020734,0.358372003,0.78725642,1.06033659,,,
1103,3.359187365,0.988665521,0.577061534,0.634351552,0.018202748,0.261353523,1.222338438,0.153050557,0.800768971,0.159829274,0.794358194,0.800777614,0.477547467,0.235411242,0.904474914,0.562563837,0.584438205,0.366499037,0.794851482,1.064810634,,,
1105,3.446911812,1.067828655,0.588371158,0.625246286,0.016811123,0.274651706,1.249215245,0.184878454,0.822165251,0.191261739,0.809499025,0.859211087,0.477881193,0.227804735,0.948477328,0.589340448,0.593807578,0.378995687,0.808720648,1.080479026,,,
1107,3.497741461,1.13370502,0.605080187,0.614650011,0.03199343,0.280258954,1.285624266,0.228568792,0.848645866,0.235271275,0.842981756,0.921133637,0.499377668,0.216340631,0.979824424,0.606194496,0.610620618,0.4093211,0.829912126,1.110211015,,,
1109,3.575394392,1.198561311,0.62262702,0.613330603,0.037559457,0.286820143,1.32081151,0.279109269,0.884362936,0.263564229,0.877944529,0.969773531,0.528829098,0.20863457,1.003197551,0.627907157,0.637346983,0.45239684,0.853603542,1.147203445,,,
1111,3.712384224,1.264565229,0.643864751,0.627020717,0.030314548,0.303629816,1.34694016,0.326285571,0.927010119,0.296830565,0.918758929,1.023977995,0.562394977,0.192934111,1.021561146,0.678619325,0.658227801,0.482265413,0.861121356,1.184308648,,,
1113,3.857956409,1.34417057,0.662797689,0.640754163,0.026703555,0.321216404,1.372563362,0.37668851,0.973223388,0.347966254,0.956035674,1.098043799,0.572698057,0.160996079,1.066785574,0.736709774,0.659446061,0.498848319,0.860631526,1.209534764,,,
1115,3.993816614,1.4471066,0.687206507,0.649011075,0.024043474,0.321636617,1.403501987,0.433571994,1.030185223,0.408688784,1.007692099,1.184040904,0.5742535,0.131600067,1.118871093,0.753271401,0.673437834,0.512549579,0.875026405,1.230980754,,,
1117,4.16240406,1.583955169,0.709194183,0.662723064,0.01990515,0.313898921,1.447442889,0.496069998,1.093794942,0.471982956,1.066243291,1.276794314,0.576551795,0.119706966,1.157973528,0.737887919,0.702329814,0.528260052,0.910840571,1.241491199,,,
1119,4.394974232,1.74828279,0.72719115,0.675296307,0.01139446,0.308309972,1.495960355,0.548091352,1.154251695,0.520083666,1.125529051,1.376026511,0.587510526,0.118098676,1.191859484,0.733640313,0.728433609,0.546022177,0.958443999,1.259910464,,,
1121,4.62268877,1.925061226,0.737750053,0.683258057,-0.001721841,0.313917845,1.537483454,0.60690254,1.214589,0.554068863,1.192353845,1.486316681,0.596127689,0.093287483,1.227223873,0.742896914,0.753941298,0.58071363,1.010688424,1.298210144,,,
1123,4.800952435,2.122986555,0.742857158,0.689893186,-0.006556356,0.329665542,1.586406231,0.67988795,1.283336282,0.588338494,1.265705585,1.58214736,0.601602435,0.054748312,1.279016614,0.758257806,0.776569247,0.640667558,1.04741919,1.358115554,,,
1125,4.99230051,2.34128356,0.750338316,0.690421999,-0.000772773,0.339970917,1.657138705,0.762737334,1.355939746,0.633490682,1.34343636,1.68113637,0.615094006,0.045124177,1.352018237,0.75211376,0.807406843,0.712537408,1.068129659,1.402662396,,,
1127,5.29810667,2.574135542,0.775383115,0.689681947,0.003949162,0.360169142,1.726690412,0.842752934,1.430674911,0.696704209,1.42272234,1.823645234,0.634965062,0.063558668,1.432854772,0.755705953,0.877545655,0.779146969,1.101688981,1.438313007,,,
1129,5.710734844,2.832762241,0.826361656,0.699886501,0.016116578,0.387065917,1.797084093,0.921993375,1.498106241,0.77301085,1.503946304,2.001120567,0.65936476,0.036297526,1.548193932,0.82160008,0.964113235,0.842451811,1.155287385,1.511846185,,,
1131,6.18214798,3.151621342,0.873191535,0.704202235,0.036963467,0.41173026,1.888406038,1.019063354,1.568198919,0.844242036,1.580041647,2.208770752,0.679490387,-0.007188513,1.6980021,0.937348187,1.041724801,0.918004513,1.22623992,1.609270334,,,
1133,6.762872219,3.557025194,0.920733988,0.710723341,0.047412641,0.448271692,1.985695243,1.145850301,1.655385017,0.918403268,1.674502134,2.454135656,0.711080015,0.028742716,1.864997625,1.076628208,1.141749263,1.046661377,1.329990387,1.72418654,,,
1135,7.502863884,4.036177158,1.000061274,0.721275985,0.053711805,0.489624113,2.070884228,1.281912565,1.747904181,1.008218765,1.784658551,2.758270979,0.760717034,0.168866366,2.081604481,1.246997595,1.282056093,1.187145114,1.45836556,1.845221639,,,
1137,8.372389793,4.595293522,1.111548305,0.727236867,0.06431514,0.529981256,2.140948772,1.411825895,1.828128457,1.099311471,1.886614919,3.1052742,0.802288473,0.314121366,2.305230618,1.465124369,1.438945174,1.305196404,1.596998572,1.964523554,,,
1139,9.249893188,5.253610611,1.243399501,0.73274821,0.086269431,0.561111689,2.187811375,1.533955693,1.912268281,1.169821143,1.984995127,3.477296591,0.832629561,0.426893353,2.542845964,1.731169343,1.585233808,1.43695128,1.73819828,2.097376108,,,
1141,10.21519756,6.012800217,1.377206802,0.742794931,0.110403851,0.588680029,2.226608038,1.641612649,1.99145782,1.247693181,2.092557192,3.869434595,0.870970845,0.562207282,2.831985235,2.017369747,1.730804563,1.611793041,1.884259462,2.263311863,,,
1143,11.39129734,6.797900677,1.502442598,0.759393394,0.110678725,0.646295905,2.246787548,1.735305905,2.065742493,1.335927367,2.183718681,4.263492584,0.925675809,0.727563798,3.131514788,2.223617077,1.882176995,1.798787475,2.041638613,2.441476107,,,
1145,12.56757259,7.512757778,1.627896428,0.783650696,0.106476024,0.710404694,2.238846064,1.804495573,2.117990017,1.399581313,2.236160517,4.601066113,0.975403249,0.865857542,3.403458595,2.344645977,1.988549352,1.93837738,2.188341618,2.595593452,,,
1147,13.38023853,8.04137516,1.708171964,0.805048227,0.116355531,0.757008314,2.220962763,1.823094964,2.133908749,1.427111864,2.247372627,4.833417416,1.003327489,0.916374445,3.581001282,2.401033163,2.046698093,1.98506844,2.288767338,2.705350876,,,
1149,13.65196323,8.274881363,1.699543715,0.827000737,0.12001767,0.79426527,2.186359167,1.771097422,2.107890844,1.424049973,2.222107887,4.923238277,1.008367658,0.885963976,3.614266634,2.37951827,2.055847883,1.960234523,2.330733299,2.767371893,,,
1151,13.41800213,8.189085007,1.656509995,0.83655405,0.106512822,0.783578575,2.133624792,1.670930743,2.05122447,1.380441308,2.163161039,4.859055519,0.996195793,0.820635319,3.525130272,2.261207819,2.010545731,1.882726431,2.311773539,2.753115654,,,
1153,12.87978077,7.863398075,1.600777507,0.831032693,0.092762366,0.740183651,2.069736242,1.548746705,1.967332482,1.296821475,2.064970255,4.671772957,0.965273678,0.751955748,3.362187147,2.077605009,1.911005259,1.762999892,2.246259928,2.671462059,,,
1155,12.18239403,7.418032646,1.525034666,0.820599794,0.084786877,0.674639702,1.987741828,1.418388724,1.867094517,1.204133511,1.958096862,4.416999817,0.939770401,0.675672352,3.153444767,1.905962825,1.78380239,1.616226912,2.1569736,2.562266111,,,
1157,11.38863564,6.934264183,1.435889721,0.831686139,0.082794189,0.622024536,1.900307298,1.301670432,1.759606719,1.102432013,1.844070554,4.150366783,0.902577937,0.587289274,2.948860407,1.781922698,1.664791107,1.476106048,2.051610231,2.437219381,,,
1159,10.65372658,6.448224068,1.337182045,0.836174488,0.079565875,0.581508756,1.812880754,1.205167532,1.65855968,1.018147826,1.737043262,3.875689268,0.853429019,0.501143098,2.766458273,1.679806709,1.56999743,1.358282566,1.943873525,2.312381506,,,
1161,10.09251595,6.003468513,1.253472447,0.821962297,0.061149474,0.551816583,1.742196918,1.111100078,1.578718066,0.954627335,1.649047732,3.628504515,0.807429552,0.439205736,2.601279974,1.600332141,1.488381028,1.264263153,1.83822906,2.197519064,,,
1163,9.688878059,5.620675087,1.206864357,0.780001581,0.034162469,0.520709872,1.681488037,1.03644526,1.527602553,0.905143023,1.577320695,3.44493413,0.752104282,0.37705493,2.442085266,1.543482542,1.412175894,1.159161448,1.750223041,2.093194485,,,
1165,9.349814415,5.309887409,1.166363955,0.737452209,0.015180521,0.480051279,1.63855207,0.984949589,1.493421197,0.874765754,1.529546022,3.300977945,0.702470183,0.292579859,2.309299707,1.507581234,1.35802412,1.055564404,1.677520752,2.005325317,,,
1167,9.130953789,5.0741992,1.098544359,0.699024856,0.014542821,0.447696239,1.623707771,0.943008602,1.468157172,0.849909961,1.484348655,3.179291725,0.668966591,0.23898913,2.224771261,1.497130036,1.324587584,0.99339813,1.61064899,1.943296552,,,
1169,9.018808365,4.913788795,1.058643103,0.645008624,0.019855887,0.440631419,1.617875457,0.913625836,1.455501914,0.833189785,1.434573412,3.099232197,0.662193894,0.233700231,2.169729471,1.4910779,1.282666922,0.959276259,1.564393044,1.888911247,,,
1171,8.833241463,4.803160667,1.066210151,0.604932964,0.019790465,0.448454261,1.610079646,0.889389515,1.44664228,0.808479726,1.38763237,3.038784027,0.68644309,0.216670081,2.127328873,1.452028394,1.235442996,0.910969734,1.529270649,1.842830181,,,
1173,8.532505035,4.722224712,1.071801543,0.612317741,0.0337919,0.445789248,1.586656094,0.86294359,1.421070695,0.77583921,1.356419563,2.989103079,0.705451787,0.172358662,2.093262196,1.369929552,1.215860724,0.848254383,1.510250688,1.812106013,,,
1175,8.232021332,4.624612331,1.03368783,0.632269979,0.053660907,0.431886733,1.550512075,0.847607255,1.381322622,0.740262806,1.327202439,2.920305967,0.691743433,0.147597075,2.055373192,1.27530849,1.218108773,0.802826285,1.491747856,1.805916071,,,
1177,7.976006031,4.541347504,0.977685213,0.626980066,0.055591721,0.422014594,1.522007585,0.819036126,1.332651615,0.716887414,1.287780166,2.845840216,0.654245436,0.148792729,2.019723892,1.188815236,1.232091427,0.794178963,1.474784613,1.790840149,,,
1179,7.806944847,4.463288307,0.940571964,0.584051967,0.043449216,0.428390861,1.502849579,0.789979637,1.292390347,0.702515006,1.254468799,2.786580801,0.611795962,0.134898782,1.979245663,1.122865558,1.216885805,0.792999029,1.45388937,1.763838172,,,
1181,7.738800049,4.408288956,0.927258372,0.558774471,0.032339979,0.424334496,1.50056529,0.764992833,1.258386016,0.683005452,1.235881329,2.765506268,0.58748436,0.118271589,1.95983386,1.068326235,1.187860489,0.792373478,1.415608287,1.740251184,,,
1183,7.763759613,4.429703712,0.909144938,0.551702619,0.020750385,0.403401077,1.493169546,0.760162592,1.24674201,0.663223386,1.229065418,2.768805504,0.582143545,0.115691468,1.965981722,1.057004929,1.155545115,0.779516995,1.382175922,1.735225558,,,
1185,7.933076382,4.541563034,0.894306421,0.549511731,0.025737528,0.377280653,1.457491755,0.79903692,1.256073713,0.629775524,1.227872252,2.806997538,0.563625216,0.127056137,1.990471244,1.108290434,1.158901453,0.755294681,1.386599422,1.754661083,,,
1187,8.217695236,4.721879005,0.92193687,0.573814988,0.024912192,0.368862659,1.415601969,0.82902211,1.277659893,0.604854763,1.242498994,2.885406017,0.528907597,0.115301542,2.023443699,1.203570843,1.18317163,0.736707926,1.404432774,1.767656446,,,
1189,8.482305527,4.924967766,0.992196381,0.57298547,0.010739072,0.361596584,1.378674388,0.825565994,1.274387956,0.576691985,1.2682482,2.954533815,0.507572651,0.097700074,2.066167355,1.296883345,1.198660612,0.736099958,1.404249668,1.771140218,,,
1191,8.652439117,5.063960552,1.042953253,0.545658052,0.01303722,0.366483271,1.35991931,0.80237633,1.226130366,0.563444734,1.279496908,2.997486115,0.514191628,0.124497205,2.095278978,1.354646444,1.206941962,0.744386792,1.407296181,1.765003443,,,
1193,8.71783638,5.074716568,1.037416577,0.501804411,0.016085453,0.373109668,1.34702909,0.755698383,1.145684361,0.554037988,1.259687781,2.98405695,0.525873721,0.155242577,2.09877038,1.367804766,1.198372245,0.734767377,1.400324583,1.726425171,,,
1195,8.614789963,4.961413383,1.006694078,0.44520852,0.030125421,0.366771549,1.304303765,0.713535547,1.049646735,0.531586707,1.220268369,2.873784781,0.512810469,0.140835881,2.062646866,1.329406738,1.150399327,0.678316236,1.36740911,1.6791749,,,
1197,8.279022217,4.721298695,0.981010437,0.390608013,0.054003324,0.36768657,1.265200019,0.644188941,0.956294894,0.495735198,1.14334023,2.710786104,0.46955961,0.087597288,1.993274689,1.221239328,1.068660855,0.610634804,1.300806522,1.589844584,,,
1199,7.700966835,4.36577177,0.91531831,0.349739462,0.092001028,0.354990304,1.217615366,0.555072427,0.888420105,0.458952814,1.004988909,2.532920122,0.435684443,-0.004913525,1.881024718,1.041999817,0.998250961,0.536696792,1.201506138,1.460914135,,,
1201,6.96573019,3.94467473,0.804328501,0.343911976,0.109120108,0.317540258,1.121440649,0.465303808,0.831691384,0.414090186,0.85721761,2.3285532,0.424761057,-0.122628547,1.704103351,0.865540147,0.923145294,0.465436041,1.099620819,1.331623793,,,
1203,6.164212704,3.460836411,0.680639863,0.367910206,0.108777046,0.256736368,1.010389805,0.382944316,0.757308364,0.344913304,0.741983652,2.060265303,0.396689355,-0.220930636,1.467412353,0.71432054,0.820453048,0.410717517,1.008330345,1.176274776,,,
1205,5.330902576,2.953583241,0.559168875,0.381498784,0.093295358,0.184207022,0.950958133,0.299029201,0.658822417,0.258079767,0.657458782,1.729118824,0.334667534,-0.270415723,1.186105967,0.566920638,0.672716737,0.325282216,0.913839579,1.033741474,,,
1207,4.555544853,2.460754395,0.462940335,0.351846069,0.095038109,0.126944512,0.884441733,0.206029505,0.568716884,0.128961042,0.603686154,1.442466021,0.251903325,-0.272673666,0.926012695,0.426689923,0.515980482,0.240829259,0.793108463,0.908243656,,,
1209,3.906188726,1.984536052,0.377741873,0.305669248,0.057317201,0.100564107,0.865411222,0.150796816,0.505353868,0.110748492,0.561443448,1.102766037,0.221644863,-0.217623264,0.728946626,0.282206863,0.445282161,0.17986533,0.646609247,0.749733686,,,
1211,3.246907711,1.501039028,0.291241229,0.258786649,0.01901974,0.073780507,0.84608984,0.094719939,0.441022366,0.092257604,0.518555045,0.757874072,0.190923929,-0.161731452,0.528868556,0.135515466,0.373503238,0.117969632,0.497870833,0.588800967,,,
1213,2.57747221,1.010095239,0.203408301,0.211181968,-0.019867567,0.046584386,0.826470852,0.037779357,0.375699997,0.073481917,0.475006133,0.407670021,0.159729809,-0.104978807,0.325708866,-0.013435249,0.300618798,0.05512061,0.346841544,0.425389647,,,
1215,2.521588087,0.990169525,0.209847063,0.265070319,-0.001292499,0.043635797,0.8624717,0.08224003,0.388768166,0.070675485,0.502522409,0.391261101,0.164032504,-0.101520166,0.362950891,0.027708117,0.302690178,0.103252195,0.382445544,0.435004443,,,
1217,2.458222628,0.983629107,0.184972435,0.298532605,0.004579554,0.034597512,0.829063356,0.093776844,0.404407948,0.047503054,0.511642098,0.341329187,0.160079539,-0.064657032,0.398580372,0.051795099,0.301787078,0.146317035,0.382905364,0.441674352,,,
1219,2.388381481,1.011860609,0.14269641,0.318435699,0.000548213,0.018864017,0.754462421,0.083023146,0.413967818,0.028821845,0.510672331,0.295220226,0.133815646,-0.014367415,0.427807748,0.039121415,0.292392254,0.164102495,0.389703125,0.463860124,,,
1221,2.35744381,1.089046717,0.141634166,0.325811446,-0.000104567,0.000319748,0.731042087,0.086166129,0.418201745,0.028136838,0.496767789,0.34722203,0.142329931,-0.0240948,0.43945691,0.019884709,0.301599383,0.162614569,0.449694514,0.463398457,,,
1223,2.419526815,1.227624655,0.191497788,0.314036369,0.018470647,-0.021217909,0.753485739,0.14674589,0.440439701,0.037665669,0.480434656,0.481075525,0.168861642,-0.094071671,0.436177611,0.080166794,0.340722382,0.160223484,0.468697548,0.479831845,,,
1225,2.595586777,1.37841022,0.226608992,0.298819393,0.020702288,-0.012580758,0.785792053,0.241642445,0.481735289,0.038143631,0.481594026,0.596749902,0.185348094,-0.16102913,0.478731543,0.175450146,0.41790092,0.168063059,0.45326519,0.509007812,,,
1227,2.880785465,1.570485711,0.249285117,0.279944003,0.012286879,0.0016331,0.83157593,0.322496682,0.532595634,0.057350945,0.522859573,0.680362403,0.190051228,-0.177842468,0.562668979,0.212464988,0.496073425,0.18690297,0.440256506,0.540128767,,,
1229,3.133661032,1.79069078,0.29548955,0.241459116,0.00855912,-0.024352914,0.875573218,0.361589134,0.609233737,0.110928871,0.564120233,0.801855624,0.17223987,-0.175686628,0.635141373,0.23204869,0.564203978,0.256022781,0.442748487,0.579597294,,,
1231,3.35385108,1.972947836,0.341239899,0.201694787,0.020228632,-0.037899353,0.920553505,0.39964059,0.673070967,0.18650049,0.613372147,0.927426398,0.131358951,-0.174064413,0.718487442,0.270568728,0.641588986,0.353619963,0.442249268,0.605835795,,,
1233,3.593642473,2.142506123,0.368627965,0.192561254,0.052068155,-0.026619954,0.989720762,0.448582113,0.719895959,0.271146476,0.683971822,1.043117166,0.118080385,-0.119997844,0.844143867,0.330676287,0.696611106,0.447224349,0.441670418,0.599537671,,,
1235,3.807964563,2.362628937,0.380324483,0.199652344,0.052873399,-0.00884272,1.059266567,0.512524188,0.768850803,0.371348292,0.739102721,1.18197155,0.156384945,-0.044171304,0.989332199,0.401984036,0.749780655,0.526717961,0.473390043,0.609104216,,,
1237,3.987009048,2.60634613,0.409028888,0.198121503,0.01771429,0.00521087,1.109332561,0.585906684,0.826515257,0.468656182,0.796796918,1.299390674,0.203567952,0.032379374,1.117944121,0.447763205,0.80110389,0.60296303,0.535360992,0.645186007,,,
1239,4.099627018,2.811049461,0.480632186,0.17740421,-0.012842266,0.025842478,1.151683927,0.666597009,0.848803699,0.536135554,0.824055493,1.339410543,0.239379346,0.123811029,1.219444752,0.500372648,0.840551674,0.665835917,0.585695207,0.690668166,,,
1241,4.126670837,2.888246775,0.514236748,0.157376766,-0.023988731,0.043845948,1.147133946,0.745572865,0.85332334,0.53802067,0.82639879,1.339636445,0.251267195,0.185840875,1.284496903,0.604806781,0.850448549,0.689185023,0.595177174,0.696623623,,,
1243,4.105017662,2.881570339,0.496768773,0.145846114,-0.020799637,0.064490154,1.093262672,0.787637353,0.852772057,0.503788054,0.821197331,1.323377609,0.220089376,0.219080374,1.277935266,0.692763865,0.88003093,0.690815568,0.570321023,0.705146432,,,
1245,3.990503073,2.812513113,0.471217632,0.148916319,-0.013840672,0.066314161,1.026502967,0.76417011,0.835055351,0.453010499,0.812773824,1.258218765,0.163089141,0.23410517,1.243943453,0.699108958,0.878370047,0.680817068,0.537591755,0.702282131,,,
1247,3.809215784,2.671826124,0.442030638,0.147104204,-0.010173898,0.065062188,0.977073491,0.728408396,0.81439054,0.405632257,0.796203017,1.199918032,0.145735785,0.224339515,1.207227945,0.664278388,0.838616371,0.658702016,0.493913889,0.657849133,,,
1249,3.62368083,2.496299505,0.407806426,0.132510185,-0.011436916,0.057556346,0.929621398,0.684581101,0.785167277,0.386978447,0.768539667,1.163882494,0.159035832,0.177428842,1.152873635,0.630420387,0.782144785,0.612163007,0.441654623,0.595607519,,,
1251,3.451740265,2.330555439,0.391989768,0.116002642,-0.015882233,0.042269517,0.896556973,0.641785383,0.748580754,0.371189177,0.711575031,1.129560232,0.152771428,0.140317649,1.092313409,0.609430552,0.7608006,0.570098519,0.405924499,0.558700144,,,
1253,3.276218176,2.181338787,0.387799442,0.114387468,-0.04005444,0.050168499,0.858847737,0.602910995,0.686635911,0.354713172,0.64719367,1.077102423,0.12217696,0.132110238,1.045329571,0.58838284,0.764644146,0.53598243,0.362365246,0.525479734,,,
1255,3.134367466,2.046109676,0.366055667,0.103672817,-0.071115509,0.046425059,0.825916708,0.567112565,0.614809692,0.338884115,0.599128067,1.016088367,0.090289682,0.128313601,1.028825521,0.536212385,0.767926872,0.520399928,0.333283693,0.504561424,,,
1257,3.063755512,1.937849998,0.347109586,0.079661451,-0.089164279,0.024537716,0.823618889,0.54268086,0.548761189,0.314845324,0.591314912,0.971659601,0.076506384,0.172764704,1.027607679,0.506682634,0.762888968,0.498257101,0.311344802,0.499128938,,,
1259,3.026909828,1.885120034,0.344562531,0.057430778,-0.068616964,0.013137795,0.82852304,0.5383901,0.538391769,0.307915181,0.616349161,0.952686906,0.087629341,0.238274783,1.044198871,0.519306421,0.742243826,0.507196426,0.289882779,0.501005292,,,
1261,3.000025272,1.88671422,0.33407101,0.054682862,-0.036876827,0.008635601,0.806850672,0.53246212,0.563747525,0.317238122,0.64763093,0.992231488,0.091100022,0.279095799,1.089349031,0.532327414,0.742454529,0.536970258,0.291011214,0.500700772,,,
1263,2.99928546,1.951885581,0.326629609,0.050666757,-0.02360676,0.004318708,0.797286928,0.547853291,0.60828042,0.346034676,0.687002778,1.064677477,0.076508641,0.318914026,1.121957898,0.525242627,0.768142164,0.580217719,0.295035779,0.492715001,,,
1265,3.038484573,2.045309305,0.322551399,0.044538729,-0.015832905,0.025440272,0.808873057,0.583205819,0.65987885,0.39053458,0.729982018,1.13836956,0.080535382,0.374283284,1.150246143,0.546963096,0.788667798,0.610717952,0.322462261,0.5094347,,,
1267,3.126542568,2.138287544,0.310601652,0.043053281,-0.004685482,0.082645856,0.81625104,0.61212641,0.686046481,0.43799749,0.748720706,1.204235554,0.099385925,0.389204413,1.184020877,0.616191924,0.812066972,0.612420201,0.361364841,0.548115492,,,
1269,3.21599555,2.216358185,0.297157019,0.038566284,-0.013469457,0.111626878,0.813339233,0.615935445,0.685173929,0.461245567,0.763090193,1.24399209,0.107639886,0.359020084,1.196813345,0.680391252,0.829889774,0.618037224,0.382399857,0.579046369,,,
1271,3.217027426,2.205790758,0.298053116,0.052772935,-0.020062419,0.098558769,0.784412563,0.602061272,0.672852993,0.465474308,0.768899024,1.228666544,0.115289606,0.315956175,1.18874228,0.69564116,0.821108878,0.627219439,0.391610533,0.586658895,,,
1273,3.10265708,2.104103565,0.296870559,0.079311572,-0.015744695,0.068567939,0.736166239,0.57670027,0.651806414,0.445739359,0.755530059,1.18452692,0.108128414,0.275188774,1.154723167,0.670176506,0.789409041,0.594572544,0.397175163,0.554553628,,,
1275,2.893676996,1.951610208,0.292655319,0.092113778,-0.0086606,0.044134274,0.684844553,0.531351447,0.587127268,0.403851688,0.711875975,1.113030195,0.099363394,0.243083671,1.102394223,0.635260522,0.737288415,0.526868105,0.377676189,0.499545097,,,
1277,2.670768738,1.758246183,0.272793502,0.087483332,-0.004209395,0.031181097,0.648447633,0.464127868,0.516371667,0.35888055,0.647130609,1.010805964,0.100629218,0.213498235,1.047771096,0.590897679,0.675140321,0.456036538,0.341964573,0.45737046,,,
1279,2.44200182,1.533153176,0.245871112,0.08289887,-0.007621218,0.024692107,0.632695675,0.399676859,0.441717595,0.299569398,0.558499277,0.888789594,0.102629401,0.169826478,0.985610902,0.55022198,0.627471924,0.393028349,0.309155792,0.422062874,,,
1281,2.194132566,1.316717386,0.22052215,0.079537958,-0.003058442,0.023967296,0.608053684,0.344161659,0.381049901,0.243350402,0.478026986,0.762117267,0.104701988,0.149447173,0.902728915,0.5048033,0.571289241,0.325551569,0.28456372,0.378910571,,,
1283,1.960528255,1.117263556,0.198360994,0.077530108,0.008653879,0.017057119,0.559497118,0.300302714,0.358641028,0.186826125,0.420903683,0.641381204,0.0902927,0.144584626,0.798013985,0.435816944,0.510233819,0.265309036,0.265703559,0.325042218,,,
1285,1.744589448,0.942322135,0.171830282,0.065093867,0.022871457,0.01395389,0.52433455,0.243520439,0.343848795,0.139397174,0.369456679,0.548504651,0.061827134,0.138311744,0.681316972,0.364480406,0.451911509,0.211833447,0.235864416,0.276471764,,,
1287,1.551783562,0.795129299,0.15624465,0.046714287,0.027365288,0.029855423,0.493615985,0.172837064,0.307909042,0.111086875,0.315748304,0.472002417,0.034689475,0.134234056,0.586460412,0.319273263,0.427881747,0.160051391,0.191647723,0.243469745,,,
1289,1.395719647,0.670457602,0.147886425,0.04484009,0.02326408,0.046010327,0.461299002,0.116989136,0.26248917,0.085416079,0.264522105,0.399153233,0.027745867,0.137659803,0.525852799,0.286188424,0.408241659,0.115412608,0.164844111,0.212673753,,,
1291,1.267028689,0.555600882,0.140478447,0.053726923,0.016563775,0.057016701,0.441305608,0.064571202,0.238917723,0.067939721,0.24196434,0.339755803,0.027237101,0.128080726,0.481155157,0.255861491,0.366081148,0.083687119,0.159123272,0.207328171,,,
1293,1.164111137,0.469712436,0.129052728,0.053058751,0.011526741,0.059104308,0.422707617,0.024346311,0.222467437,0.049859013,0.221890494,0.295827776,0.030242614,0.114136651,0.435772836,0.230264291,0.341725826,0.066657722,0.15142715,0.224836886,,,
1295,1.056968331,0.394243449,0.10742256,0.032925501,0.005456297,0.052651044,0.4054465,-0.001110211,0.208710998,0.023318525,0.199101552,0.258820146,0.033398084,0.110975325,0.409661233,0.214766979,0.318190485,0.050038237,0.135665134,0.23128815,,,
1297,0.974006951,0.326813161,0.089414313,0.02185821,-0.006177069,0.04494008,0.391751826,-0.016355809,0.205660313,0.00837407,0.169592872,0.221998125,0.032014798,0.102137215,0.396076918,0.212599471,0.295284659,0.021054728,0.119716994,0.203065932,,,
1299,0.934138715,0.295468509,0.079673029,0.033859804,-0.015565449,0.04036605,0.383448184,-0.013329849,0.203895032,-0.005865963,0.150696024,0.191176251,0.034493987,0.084594972,0.385455042,0.224838048,0.294206321,0.016890762,0.099609621,0.178323925,,,
1301,0.919184804,0.288017362,0.08539477,0.034729362,-0.02014582,0.025442446,0.375099242,-0.008721421,0.196708634,-0.02472722,0.14721559,0.185571387,0.049199648,0.077899911,0.377155244,0.228896037,0.291535884,0.029761281,0.08602836,0.160166636,,,
1303,0.899191499,0.271874309,0.092670903,0.032786567,-0.019316381,0.011933058,0.36657393,-0.016446698,0.186325073,-0.030973515,0.143615484,0.179058343,0.060488712,0.075134307,0.364315182,0.209507257,0.281938881,0.03869082,0.076525703,0.144506738,,,
1305,0.861991644,0.248748302,0.092918158,0.02754103,-0.015721429,0.012004427,0.362534553,-0.02943873,0.170225263,-0.036171101,0.124929495,0.181672245,0.063208185,0.075009972,0.343116254,0.180370733,0.27313903,0.025099698,0.071181387,0.135882601,,,
1307,0.829996049,0.234719291,0.100061536,0.017342145,-0.012910718,0.016076436,0.357047051,-0.030866494,0.149910435,-0.02393035,0.119363368,0.168266848,0.060012788,0.070648111,0.319140911,0.170158058,0.277519643,0.003654302,0.064456813,0.122652709,,,
1309,0.82733655,0.225029483,0.10491886,0.013196073,-0.00269445,0.010937869,0.352729559,-0.037602138,0.124704011,-0.004027859,0.11696633,0.142824382,0.065281413,0.073326871,0.312936068,0.176323652,0.279544204,0.001770704,0.061480369,0.104915671,,,
1311,0.834410071,0.218566746,0.107711934,0.013327412,0.004857509,0.011121468,0.347545713,-0.062230326,0.121156201,-0.006789246,0.101974852,0.134071097,0.073112585,0.096116625,0.323615938,0.176435173,0.276351362,0.000879091,0.048064474,0.096968681,,,
1313,0.830694675,0.223201036,0.11180079,0.016217632,0.012571895,0.024073454,0.351152718,-0.07533028,0.131743729,-0.013367686,0.084168844,0.120021589,0.082515217,0.109338656,0.320404738,0.170470938,0.270100743,-0.000409362,0.036168173,0.098766863,,,
1315,0.829348981,0.21459651,0.113541909,0.024567002,0.023602867,0.037120424,0.363236725,-0.06891156,0.14169386,-0.014217792,0.082981974,0.10349758,0.091905691,0.118775956,0.318935782,0.169779941,0.264197201,-0.00741638,0.048806421,0.113558099,,,
1317,0.83926326,0.188116163,0.111283869,0.025833109,0.032770399,0.037087113,0.359113991,-0.057911202,0.14598985,-0.022051441,0.105675571,0.099875964,0.091554634,0.122780398,0.330506533,0.161496326,0.256620407,-0.00829388,0.052118134,0.129301995,,,
1319,0.84654057,0.189229608,0.105721086,0.042220086,0.03440018,0.025471656,0.359366685,-0.057907298,0.143667132,-0.034880772,0.129923642,0.10643971,0.074439391,0.118146479,0.335877657,0.160732076,0.250305295,-0.00769529,0.056798369,0.139003992,,,
1321,0.840894103,0.206191897,0.097620979,0.061948657,0.027281025,0.017321497,0.361162722,-0.062255207,0.153964907,-0.04349266,0.13943474,0.11622823,0.060352653,0.119393706,0.337910503,0.170313433,0.255653322,-0.010968317,0.063311391,0.14037168,,,
1323,0.824288487,0.22453393,0.098996326,0.072056822,0.019523352,0.014983835,0.368234634,-0.05870064,0.166738212,-0.046015754,0.143566191,0.121436708,0.053516351,0.128784269,0.327581316,0.188383996,0.280346602,-0.013003378,0.069939747,0.152878165,,,
1325,0.80046165,0.234585077,0.100841343,0.075743578,0.024920993,0.014369057,0.381016701,-0.050789595,0.168887317,-0.036092155,0.148126259,0.113883585,0.044259697,0.14130111,0.312640786,0.191996917,0.304150522,-0.018418377,0.077056825,0.171055019,,,
1327,0.787061691,0.2463478,0.098444305,0.068022273,0.033036198,0.007665621,0.387491584,-0.048270799,0.164913103,-0.013423308,0.140853375,0.108610198,0.020481909,0.153290749,0.300905257,0.176502287,0.304831773,-0.016241597,0.082469881,0.186356395,,,
1329,0.778065026,0.267825991,0.099915355,0.052981384,0.033147287,-0.00510898,0.390325218,-0.058695298,0.165876403,-0.008819433,0.126028627,0.094346657,-0.000573043,0.161971584,0.304855615,0.170119017,0.291102499,-0.009952476,0.081879675,0.186578318,,,
1331,0.765983224,0.282960474,0.103285521,0.03867105,0.032711387,-0.004550742,0.384814054,-0.071471028,0.17531015,-0.014738286,0.111538105,0.068721086,0.000793761,0.165014625,0.308830321,0.180709139,0.277771175,-0.000854348,0.076037347,0.180607453,,,
1333,0.756706238,0.285336435,0.112316102,0.028329177,0.024125686,0.008043393,0.38118279,-0.073724113,0.180272326,-0.021514539,0.105096862,0.066818617,0.00955499,0.165413335,0.297628045,0.184390843,0.267599225,0.001612554,0.077333078,0.173079774,,,
1335,0.7699247,0.279041439,0.117620856,0.025384404,0.011268489,0.016719369,0.381332844,-0.076155908,0.169401541,-0.021099433,0.101224661,0.073180921,0.018948192,0.165694922,0.284656525,0.177409127,0.256556809,0.006056403,0.080592833,0.160914585,,,
1337,0.802004278,0.273807257,0.125658989,0.038501967,0.001396162,0.020758023,0.38127619,-0.08236707,0.158397213,-0.021745546,0.09379708,0.060278043,0.028424911,0.156778499,0.279820412,0.165140301,0.258264512,0.010814055,0.075197361,0.15033637,,,
1339,0.838194191,0.284854382,0.134899795,0.056364246,-0.001823918,0.026593026,0.392241985,-0.071898311,0.152187347,-0.016231799,0.093054667,0.058137968,0.040510993,0.153018847,0.275072306,0.152526334,0.274655938,0.01118865,0.057261415,0.146586731,,,
1341,0.877801061,0.299637973,0.143578723,0.053608473,0.008743628,0.021742137,0.405725956,-0.058386486,0.150753438,-0.00446675,0.092524469,0.07403174,0.057357635,0.154674545,0.274808079,0.165269047,0.287273973,0.014037784,0.041199073,0.130550131,,,
1343,0.89922452,0.301962048,0.153816283,0.044571053,0.018801544,0.016439298,0.403416514,-0.061625365,0.160226285,0.00317423,0.084332131,0.103775047,0.072119124,0.142512888,0.280397147,0.190908834,0.292866588,0.021977635,0.044068765,0.119717874,,,
1345,0.913303733,0.303207576,0.154645711,0.045690257,0.022472281,0.012306469,0.395160288,-0.073822573,0.165385157,0.008607409,0.091836333,0.131738871,0.089445263,0.118964389,0.296633303,0.202170506,0.28871876,0.023084067,0.058809265,0.126404583,,,
1347,0.937490165,0.314231634,0.155000821,0.059359152,0.019498609,0.018280098,0.387991101,-0.067195319,0.169081748,0.005935725,0.108171336,0.153820872,0.083399087,0.100402266,0.325912446,0.208130583,0.290754259,0.024134476,0.070650347,0.135352924,,,
1349,0.96503669,0.32329765,0.156984463,0.077634715,0.009360835,0.028261745,0.379402399,-0.064461909,0.177230954,0.00435796,0.123013571,0.167417154,0.066024803,0.102210961,0.340261132,0.230350837,0.293873399,0.029893011,0.076260701,0.13659282,,,
1351,0.994808078,0.335062712,0.164714053,0.08750622,-0.003667617,0.036875214,0.388960272,-0.060400702,0.188877806,0.007228213,0.134038046,0.162805378,0.052592579,0.110557683,0.337314308,0.248542726,0.295641959,0.038134426,0.086808577,0.143597409,,,
1353,1.027544618,0.3586317,0.175828576,0.084088355,-0.011521618,0.050029315,0.408788532,-0.06235975,0.194763973,0.017006548,0.136668667,0.166929886,0.03393681,0.105983473,0.343745261,0.256188899,0.299467623,0.040676881,0.104165919,0.156029016,,,
1355,1.044625282,0.395032287,0.188856646,0.073055893,-0.009212578,0.059808657,0.415482879,-0.057576757,0.202308685,0.049266621,0.147021011,0.17351532,0.018155821,0.108107291,0.356250852,0.248541176,0.304520041,0.038825825,0.112775356,0.163557649,,,
1357,1.054277182,0.414798528,0.188971609,0.059578761,-0.011396021,0.06249816,0.418807983,-0.057565678,0.200691566,0.062581666,0.15472956,0.177042991,0.016404323,0.115430266,0.37026161,0.242426977,0.302855879,0.045964617,0.104538374,0.155860335,,,
1359,1.048971534,0.416342616,0.184613928,0.064791739,-0.017800771,0.056434207,0.406901896,-0.055728018,0.200318173,0.035068836,0.172375306,0.189263314,0.006932916,0.11958579,0.38799262,0.224006698,0.295374006,0.048461754,0.089591146,0.141181782,,,
1361,1.019399285,0.420291275,0.189448699,0.082193501,-0.020800503,0.048647169,0.387127131,-0.057973962,0.2105041,0.006120951,0.198376611,0.205935687,-0.003627483,0.119593993,0.412046283,0.199797139,0.296209991,0.049857475,0.07202325,0.137190536,,,
1363,1.000687838,0.417887568,0.193720818,0.089257985,-0.010759417,0.048499472,0.378399193,-0.056678679,0.213405445,0.000662498,0.217356578,0.226276249,-0.006582648,0.105620988,0.425951272,0.203019574,0.306914568,0.056378379,0.057366181,0.147963941,,,
1365,1.00202322,0.4049595,0.203230113,0.084539808,-0.000803849,0.052730504,0.377511233,-0.052753989,0.215792149,0.008390384,0.216131508,0.240979999,0.014658186,0.10242416,0.425442904,0.227595896,0.306062192,0.065764651,0.05072476,0.15627034,,,
1367,1.012685299,0.410777241,0.205003351,0.070875317,-0.002240652,0.049349286,0.38157022,-0.050992623,0.224288195,0.017758926,0.206194252,0.244077563,0.047337331,0.118801542,0.42126742,0.251196504,0.30849418,0.073384978,0.053745441,0.160839021,,,
1369,1.034425497,0.414803743,0.190996543,0.048490625,-0.009777645,0.03982364,0.386696398,-0.047710665,0.230346248,0.018541461,0.201250255,0.248946816,0.075183809,0.121745721,0.415413976,0.266094625,0.313456655,0.070463218,0.052045587,0.165091842,,,
1371,1.056902051,0.39861998,0.172282547,0.030362507,-0.013738333,0.027254278,0.377389312,-0.049591325,0.226328135,0.013553503,0.191997975,0.237686858,0.086389519,0.115476899,0.402242362,0.264291495,0.303627044,0.059187297,0.042749971,0.16478613,,,
1373,1.114206553,0.382385492,0.164438382,0.03147484,-0.004056899,0.024293032,0.369993865,-0.036854792,0.212870866,0.026466206,0.194856226,0.226181686,0.09196344,0.113676347,0.389059335,0.252966046,0.29491508,0.051154263,0.040439826,0.165729403,,,
1375,1.172617674,0.379943579,0.176415026,0.043573808,0.007186635,0.02902101,0.364505202,-0.012894953,0.207657158,0.044579532,0.218091056,0.228163093,0.092845991,0.120790385,0.398816049,0.246181622,0.304342657,0.061903477,0.054334626,0.178198442,,,
1377,1.226530313,0.414536744,0.188710868,0.051788773,0.014789531,0.034861971,0.363774031,0.022817895,0.234187514,0.068998858,0.235112518,0.258662879,0.084486119,0.125156671,0.425012261,0.266836762,0.331509382,0.098525785,0.076276898,0.20401068,,,
1379,1.311513543,0.486336261,0.194604665,0.059640709,0.029380685,0.045631781,0.37624523,0.046570286,0.271319807,0.082700312,0.241512373,0.308600903,0.085468203,0.119798645,0.476055324,0.303738683,0.36000675,0.13879098,0.098686166,0.22370705,,,
1381,1.407047987,0.567681909,0.203075513,0.073484004,0.036219303,0.04829761,0.377674848,0.059858851,0.308834851,0.093732871,0.245565936,0.375574291,0.077723794,0.107620552,0.529047668,0.350168765,0.368122667,0.1679416,0.120264195,0.236942887,,,
1383,1.483160853,0.616048098,0.202241376,0.078697339,0.025505276,0.038394656,0.373257697,0.059407938,0.331050366,0.097963579,0.251927048,0.429950982,0.061277188,0.083904892,0.558299601,0.392518371,0.3560853,0.188500479,0.130674139,0.252378106,,,
1385,1.509673476,0.647152245,0.200083151,0.076197557,0.014726676,0.035413075,0.379287183,0.075231262,0.344613224,0.090845995,0.257448733,0.463137031,0.051421124,0.064681411,0.593126893,0.418652058,0.349749327,0.197568998,0.136242524,0.263411045,,,
1387,1.494342685,0.67209655,0.190163031,0.071760423,0.007645707,0.03670612,0.383196741,0.099371716,0.349867195,0.080912605,0.261333853,0.495437413,0.047509547,0.064102255,0.628129482,0.413905948,0.36184594,0.189610705,0.149736598,0.259526968,,,
1389,1.467829585,0.682512939,0.189051047,0.055995408,0.005647369,0.034781002,0.379869938,0.101583563,0.340718508,0.07323464,0.261796594,0.500972629,0.053331658,0.074542463,0.62647748,0.388266593,0.366696149,0.177252516,0.170482203,0.24494721,,,
1391,1.420538068,0.649517,0.189931616,0.040765703,0.008374598,0.025812784,0.371728361,0.079655178,0.315928638,0.07258977,0.257160604,0.474164724,0.074129775,0.076945752,0.60300684,0.357856482,0.36665079,0.161618248,0.173543602,0.226808339,,,
1393,1.326371551,0.586476564,0.186711028,0.034588732,-0.004610065,0.011505367,0.357480824,0.053723413,0.281048477,0.066989645,0.254895568,0.414680392,0.092688963,0.068197474,0.553000927,0.3176516,0.370044976,0.144013494,0.161369294,0.200805381,,,
1395,1.221067786,0.506504416,0.182008997,0.0233512,-0.002611441,-0.002854415,0.334602833,0.048090395,0.253754377,0.063712656,0.235571668,0.339155346,0.094354205,0.059402872,0.501745462,0.264907688,0.362402409,0.111809976,0.144564137,0.172923088,,,
1397,1.134107232,0.438383102,0.175962567,0.01051887,0.008695052,-0.012430486,0.314073175,0.037295222,0.22878696,0.048303511,0.208391845,0.267237514,0.091147847,0.05530601,0.458261758,0.233236998,0.320255846,0.063928679,0.128421128,0.146885827,,,
1399,1.074638605,0.386411339,0.173975691,0.001932118,0.013502655,-0.006826719,0.313732386,0.018100863,0.208947107,0.027141014,0.189659879,0.212611884,0.079570293,0.062899821,0.4283894,0.22886543,0.268085539,0.027479362,0.113492273,0.142032176,,,
1401,1.008689165,0.342441529,0.157976657,0.004547684,-0.00143333,0.006887126,0.305108428,-0.000386886,0.176553607,0.024868738,0.171348482,0.17736423,0.060148314,0.085616782,0.389956772,0.222083956,0.225924432,0.006538598,0.084905282,0.144509867,,,
1403,0.92313242,0.285543978,0.132312432,0.01423775,-0.019550238,0.017849183,0.283612072,-0.011692703,0.154681876,0.037199844,0.154620647,0.143674403,0.040702336,0.098122887,0.347664148,0.216687664,0.208940536,-0.003015141,0.056550365,0.149427906,,,
1405,0.851339877,0.223867148,0.105536744,0.030380642,-0.029062657,0.024848005,0.265051812,-0.030843034,0.138055027,0.035653379,0.151632249,0.11298117,0.026614793,0.097739562,0.31051445,0.217027277,0.200769156,-0.007964946,0.043766223,0.150001138,,,
1407,0.815881312,0.178619355,0.092180543,0.044524826,-0.027318111,0.022812223,0.241052657,-0.046461809,0.129148543,0.001232341,0.134245455,0.094400786,0.020462476,0.101814643,0.281349748,0.196107611,0.200661615,-0.001920749,0.04778501,0.133386925,,,
1409,0.775205493,0.140669584,0.103167281,0.045557722,-0.02427642,0.01379735,0.233584702,-0.062036801,0.127013445,-0.043919683,0.106601335,0.096896864,0.008588472,0.108442813,0.256236911,0.169245556,0.202355325,0.007105366,0.052112713,0.112603389,,,
1411,0.727718115,0.125196204,0.123677537,0.049548291,-0.031347282,0.000832502,0.237582684,-0.060928367,0.096413627,-0.066199727,0.096412666,0.103181191,-0.001096398,0.107041851,0.224598721,0.152331322,0.193538949,0.010874418,0.049914673,0.097360604,,,
1413,0.691932917,0.123696968,0.135492906,0.054170031,-0.03007146,-0.000508521,0.239400059,-0.056195937,0.069781385,-0.078917861,0.091295242,0.108820587,-0.013279133,0.09888082,0.199627519,0.138185516,0.183012247,0.010354779,0.044561297,0.073205575,,,
1415,0.677020252,0.11159417,0.131178379,0.038344722,-0.013946503,0.016162911,0.243880004,-0.061818175,0.057741098,-0.087608352,0.083886333,0.107633688,-0.008759527,0.095616579,0.18043083,0.13869147,0.169298217,0.007950399,0.043902278,0.038466074,,,
1417,0.713853657,0.119514816,0.124977946,0.028140465,0.002144975,0.043854784,0.230592951,-0.064919509,0.052510332,-0.081288897,0.092635743,0.11341434,0.003874809,0.095617399,0.181480289,0.153322637,0.140853524,0.027347168,0.045628112,0.02802686,,,
1419,0.770430148,0.16074717,0.142774835,0.032280356,0.006463377,0.038444214,0.201146811,-0.056711245,0.075355627,-0.056388382,0.106674328,0.144488111,0.017184682,0.092451923,0.212700695,0.170683011,0.115718193,0.054928705,0.039915394,0.053551234,,,
1421,0.872699678,0.24313812,0.164565489,0.043951556,-0.006664478,0.025697229,0.175791606,-0.042550948,0.118984483,-0.00623457,0.129041493,0.214515686,0.03146407,0.089383714,0.279342741,0.208987147,0.125579283,0.077510297,0.021246504,0.091675669,,,
1423,1.086447954,0.360290378,0.180845708,0.043516289,-0.010188427,0.024200918,0.18097195,0.010282082,0.183756486,0.061002843,0.184336931,0.324759096,0.046365242,0.065574773,0.388180435,0.29685688,0.16791828,0.113390066,0.037621297,0.137454852,,,
1425,1.34088397,0.50556314,0.183204114,0.040983826,-0.006536872,0.02328776,0.219906971,0.086290903,0.250564814,0.102665432,0.243371829,0.466244817,0.058565233,0.039354503,0.516001523,0.392883688,0.25251177,0.148505613,0.085060239,0.191601634,,,
1427,1.649681091,0.731435597,0.193998143,0.047779102,-0.00698368,0.013616535,0.264680266,0.162371919,0.324044347,0.146149501,0.30998975,0.6481722,0.082323663,0.019471221,0.673188865,0.475462645,0.353024811,0.19742018,0.151170626,0.239171937,,,
1429,2.032570601,1.048459768,0.230455935,0.040689841,-0.014529021,0.001502102,0.303133965,0.259006619,0.416507423,0.201785728,0.396978796,0.861712337,0.112661198,0.045727763,0.8860358,0.581889629,0.465386719,0.266211301,0.223051593,0.306694806,,,
1431,2.414155245,1.374051213,0.274460852,0.034973934,-0.026384719,-0.013911856,0.348889053,0.351754665,0.486032695,0.249927074,0.498002678,1.072018027,0.138793498,0.108993888,1.098061204,0.701070309,0.574988067,0.342192471,0.2621333,0.381225556,,,
1433,2.686141253,1.606931806,0.295602143,0.02833195,-0.031319376,-0.011000337,0.372640193,0.368153065,0.494680792,0.284941345,0.550248444,1.196422219,0.144246683,0.141095802,1.252868295,0.767354608,0.642152786,0.417025506,0.261067152,0.410454005,,,
1435,2.847080708,1.76816678,0.31734696,0.036620297,-0.026791461,0.011607951,0.381862551,0.355887234,0.519091368,0.311083615,0.571405351,1.267197847,0.118754998,0.155759931,1.361825824,0.810654581,0.666465163,0.478303194,0.264567167,0.407377541,,,
1437,2.895815849,1.829473495,0.329570562,0.059916653,-0.032033794,0.024107739,0.360407799,0.351552397,0.553889453,0.290847838,0.583522916,1.303959846,0.08539167,0.182323992,1.40220499,0.834057927,0.656110585,0.483111918,0.293853909,0.411089808,,,
1439,2.896463394,1.820866108,0.330814421,0.073508203,-0.016121177,0.025056971,0.325914979,0.363183886,0.575642645,0.247495338,0.582838476,1.294769168,0.079081126,0.218219355,1.384255409,0.837337315,0.627877355,0.470817477,0.30854094,0.443599284,,,
1441,2.976747274,1.836209059,0.311385393,0.074181005,0.01687343,0.028064381,0.307214618,0.385243505,0.584617317,0.215923473,0.556936145,1.271331787,0.092175111,0.261912525,1.350033998,0.834404409,0.599442661,0.497339427,0.319042623,0.465599686,,,
1443,3.065857172,1.887573361,0.274812102,0.064478964,0.04614158,0.014406655,0.319238871,0.398513377,0.581614852,0.205726728,0.534685314,1.243338943,0.094483107,0.284332693,1.320049405,0.823651433,0.58442378,0.526821971,0.314292371,0.475961417,,,
1445,3.097834349,1.939225435,0.259917855,0.058846571,0.062218662,-0.004933472,0.337563664,0.382291794,0.577436924,0.22832936,0.513397515,1.19633472,0.056342982,0.293730319,1.295802712,0.784397423,0.604983389,0.5234707,0.311668545,0.49053061,,,
1447,2.982237101,1.933606863,0.270985991,0.065412864,0.017143354,0.028451186,0.375213355,0.414405465,0.594543695,0.289156407,0.553841949,1.073868513,0.048976846,0.319047272,1.155576229,0.722814739,0.611380398,0.538848639,0.302305222,0.45819521,,,
1449,2.868642569,1.928085804,0.281862378,0.071865402,-0.027151013,0.061257437,0.412210792,0.445962787,0.611354113,0.348929673,0.59358561,0.953524113,0.041738328,0.343925655,1.017779231,0.662298977,0.617666662,0.553960204,0.293104142,0.426420063,,,
1451,2.756999254,1.922659278,0.292551965,0.078207098,-0.07068456,0.093500212,0.448572695,0.476978093,0.627875805,0.40767622,0.63264668,0.835246682,0.034624148,0.368376672,0.882349074,0.602822721,0.623844862,0.568812132,0.284061104,0.395190626,,,
1453,2.671652317,1.899265289,0.258359075,0.077006638,-0.084946707,0.072086155,0.439578205,0.415359855,0.622315228,0.404985189,0.594712496,0.826072633,0.018388815,0.326833993,0.870216012,0.601507366,0.591915011,0.518456519,0.300432086,0.391038328,,,
1455,2.537848473,1.784425139,0.219611093,0.073922083,-0.082773283,0.015735468,0.39970544,0.326890856,0.574799955,0.343835115,0.512523532,0.776881993,0.022051154,0.227478504,0.793199241,0.568961322,0.533509731,0.448184282,0.276358843,0.377889663,,,
1457,2.397714138,1.589007258,0.160263956,0.045456886,-0.080787428,-0.036417503,0.355380088,0.266331226,0.488431573,0.229127139,0.446647078,0.710534573,0.066402622,0.12059056,0.704541743,0.486317992,0.45779255,0.400553554,0.267086625,0.349951863,,,
1459,2.203905106,1.415715933,0.090670839,-0.002108596,-0.095076315,-0.032833956,0.318326294,0.243959412,0.407545626,0.171869189,0.403342307,0.646113873,0.060509529,0.087808125,0.662247837,0.399782628,0.391477883,0.36004436,0.251868069,0.285528958,,,
1461,2.04064703,1.286983728,0.039393861,-0.040638935,-0.111369669,-0.012996261,0.290032148,0.232463643,0.323160172,0.158800617,0.363586932,0.566280007,0.031006942,0.068846382,0.608770967,0.350639403,0.311271429,0.314256698,0.203528807,0.234480873,,,
1463,1.923940301,1.186232686,0.045684818,-0.046600703,-0.093298733,-0.003292831,0.26830256,0.201782048,0.297411799,0.121333025,0.373038411,0.518396914,0.05951871,0.023589358,0.538442433,0.358608037,0.26344949,0.296745539,0.134288713,0.220135823,,,
1465,1.84658134,1.137550592,0.062023573,-0.036292113,-0.064516768,0.012879034,0.263754636,0.174876764,0.326668292,0.078842752,0.381896764,0.482946515,0.098768935,0.012716962,0.479892641,0.401273429,0.291000694,0.307936758,0.121767089,0.230424821,,,
1467,1.816910028,1.133834481,0.061107036,-0.021608595,-0.029601458,0.018378424,0.264228433,0.175408319,0.303787887,0.056940209,0.382679433,0.469226331,0.107024774,0.036909223,0.455956429,0.405165136,0.338778675,0.301969558,0.111137621,0.224565953,,,
1469,1.759881735,1.112070322,0.044586204,0.004348028,0.000814673,-0.006927813,0.238603398,0.153089806,0.259286582,0.038096864,0.37634936,0.430423886,0.098967656,0.055649858,0.463054776,0.356943369,0.366441995,0.267762661,0.086949348,0.213570178,,,
1471,1.688017726,1.11781466,0.043051526,0.028246172,0.010009809,-0.012868143,0.178802222,0.134395286,0.265552908,0.015154253,0.385379076,0.37777549,0.086116552,0.08757896,0.498872846,0.319165379,0.357644022,0.224341646,0.105112962,0.220549583,,,
1473,1.715433836,1.130906105,0.018976131,0.033155952,0.011353453,-0.013507415,0.117965817,0.151206091,0.315733522,0.039211445,0.372955531,0.336698204,0.082450375,0.096777469,0.524398923,0.310843199,0.347370118,0.213435784,0.163506851,0.22666578,,,
1475,1.834925413,1.164180279,0.012271089,0.01994155,0.005954378,-0.009714037,0.11894875,0.186661139,0.322023362,0.118008114,0.377313763,0.392153054,0.092055656,0.090899974,0.534696043,0.312665939,0.364116788,0.244898632,0.205522418,0.209591836,,,
1477,1.981821537,1.219615579,0.044870973,-0.008999933,-0.006294882,-0.015963385,0.16642189,0.214868635,0.301569641,0.163139537,0.376784891,0.49248296,0.083839521,0.086789645,0.560237288,0.279370785,0.412764162,0.295158774,0.202437252,0.212186947,,,
1479,2.079273462,1.264298081,0.104498796,-0.036515165,-0.026997969,-0.016000599,0.246938691,0.244539857,0.31103152,0.181797951,0.410764366,0.544521511,0.059042338,0.09929692,0.60422343,0.26086247,0.463433295,0.350815624,0.199861273,0.258801609,,,
1481,2.133953571,1.313026786,0.142434835,-0.060561474,-0.054770675,-0.015546982,0.305616289,0.27418831,0.324768662,0.182632595,0.465285957,0.584147394,0.06217676,0.095359184,0.658782601,0.259440869,0.495368421,0.39581871,0.176706076,0.313087165,,,
1483,2.125364304,1.335726976,0.15414235,-0.088714778,-0.065745525,-0.03370804,0.289791346,0.270800859,0.329813331,0.178598851,0.492229462,0.609728277,0.068875909,0.077470206,0.654239595,0.251400381,0.476612777,0.401318818,0.139688611,0.332063228,,,
1485,2.034048319,1.342285991,0.129695266,-0.070085227,-0.031032467,-0.070741884,0.232920721,0.22372508,0.313720942,0.184819162,0.452824295,0.625612259,0.06340301,0.094966993,0.604936779,0.218764856,0.419559717,0.373247266,0.12575388,0.322662175,,,
1487,1.878524899,1.251135945,0.081903361,-0.043856394,0.014868535,-0.109346986,0.189454868,0.132306963,0.282740027,0.189322188,0.412508488,0.580418468,0.044090461,0.100554988,0.529430807,0.171792895,0.36246109,0.331204534,0.115693487,0.23723495,,,
1489,1.653814912,1.055040121,0.034745902,-0.035675477,0.0361876,-0.096673235,0.162778899,0.038668368,0.239295006,0.188352913,0.38432622,0.499219418,0.041459549,0.083862275,0.457479179,0.099685036,0.288449109,0.266296715,0.105571479,0.145319551,,,
1491,1.420295954,0.856377959,0.030283066,-0.029383929,0.036198761,-0.037699588,0.110846609,-0.043189071,0.149806514,0.136389941,0.333118141,0.411352724,0.045910165,0.043214396,0.43528682,0.007662807,0.194622651,0.206549793,0.113964953,0.083420262,,,
1493,1.19819212,0.660038352,0.019918058,-0.015990691,0.022905467,-0.009389601,0.06439288,-0.106482752,0.084031478,0.072162792,0.22393705,0.309995472,0.039850049,-0.000466504,0.372249097,-0.105822869,0.143356532,0.132950321,0.097428747,0.023960965,,,
1495,0.94268471,0.43058756,0.002039264,0.017192233,-0.039493468,-0.010251323,0.038213369,-0.138253137,0.064763166,-0.024425136,0.105712377,0.178547859,0.006564175,-0.013552828,0.273899436,-0.166937739,0.127007619,0.038275126,0.019252356,-0.019231755,,,
1497,0.686619103,0.221189827,0.015397185,0.085293248,-0.093951583,-0.000865658,0.0242195,-0.070334278,0.054553978,-0.079943649,0.021930026,0.110886373,-0.012988308,-0.007740752,0.149227962,-0.180388898,0.097559728,-0.056085721,-0.04391972,-0.08275333,,,
1499,0.531944036,0.112008363,0.045930866,0.115753189,-0.098060183,-0.034398071,-0.014262727,-0.029378543,0.05564554,-0.067841344,0.005625295,0.061233334,-0.006742923,0.022340499,0.022761,-0.193105966,0.069122538,-0.102241494,-0.068449438,-0.12319681,,,
1501,0.479337931,0.092083044,0.061798394,0.116069369,-0.02661141,-0.062167682,-0.050064743,-0.042764392,0.075228803,-0.002250758,0.035261255,0.040494315,-0.030146202,0.042883933,-0.028499734,-0.163204029,0.040010549,-0.076665625,-0.097088218,-0.093558244,,,
1503,0.429103196,0.052255116,0.134544522,0.140640706,0.069749519,-0.091379963,-0.073865905,-0.097066224,0.058430135,0.064863369,0.080884442,0.050213829,-0.049298305,0.009032295,-0.063576989,-0.128247857,0.037420098,-0.004657588,-0.137984112,-0.064273924,,,
1505,0.319120765,-0.059928931,0.227743387,0.176309168,0.16531986,-0.084415652,-0.115345716,-0.187975198,-0.02079555,0.10252095,0.13375023,0.04694739,-0.120960645,-0.005757884,-0.130697295,-0.10284435,0.070656367,0.050355766,-0.190037206,-0.109245248,,,
1507,0.164999947,-0.189187303,0.312136292,0.104167081,0.214515582,-0.009729227,-0.192448333,-0.231607303,-0.112784162,0.076400489,0.142838597,0.080088422,-0.180528983,0.002864735,-0.225364044,-0.07784728,0.140965492,0.023950484,-0.132739261,-0.095100388,,,
1509,0.110193998,-0.222951919,0.297057748,0.003893633,0.144046918,0.09131778,-0.195242763,-0.178950101,-0.164970517,-0.002817875,0.087806605,0.082461961,-0.170749411,0.007512817,-0.310468405,-0.040463109,0.126219228,-0.05236575,-0.044042248,-0.046999987,,,
1511,0.112292513,-0.168982297,0.187549591,0.00551266,0.023116875,0.112356752,-0.140863881,-0.126869842,-0.125054374,-0.013921747,0.032795034,-0.01124915,-0.117766589,0.042245511,-0.267239392,-0.013120107,0.072103307,-0.127724856,-0.056356493,0.02098994,,,
1513,0.14033322,-0.108147778,0.082491249,0.026139099,-0.028208269,0.044797339,-0.105582744,-0.097031459,-0.069826461,0.026832141,-0.048224192,-0.031665314,-0.084434673,0.04225903,-0.199121222,0.02459218,0.113853849,-0.189728037,-0.156564385,0.074052319,,,
1515,0.173119187,-0.102850229,0.002663829,0.050200887,-0.047120858,-0.036711693,-0.013213372,-0.071147308,-0.050346069,0.053499721,-0.081980139,-0.030864071,-0.037911221,-0.035615575,-0.142419234,0.084751323,0.149259359,-0.15048793,-0.216957137,0.183597624,,,
1517,0.23007898,-0.129917905,-0.025901284,0.048577294,-0.051816002,-0.083935611,0.096958935,0.004229385,-0.056067318,0.060031518,-0.062090937,-0.068698384,-0.023666017,-0.115499012,-0.089428157,0.164463162,0.158277616,-0.051038042,-0.205144003,0.263750821,,,
1519,0.258527696,-0.160839736,-0.023178527,0.031436615,-0.065649047,-0.065060601,0.152870357,0.07366778,-0.082004778,0.054422528,-0.037145328,-0.200182572,0.024605216,-0.151435465,-0.105443709,0.21744746,0.159577683,-0.067288965,-0.108970664,0.228718922,,,
1521,0.249421671,-0.155335471,0.023557857,0.115618996,-0.072110504,-0.016729632,0.116686136,0.068145409,-0.059952982,0.065059781,0.051775616,-0.239481136,0.120687157,-0.162654206,-0.075352885,0.193179473,0.076753415,-0.100039475,0.019968752,0.129690185,,,
1523,0.161807224,-0.086767219,0.050701749,0.147242591,-0.025586698,0.052165989,0.054483227,0.055079274,-0.056129977,0.076379716,0.070131451,-0.182320371,0.202023119,-0.149869725,0.018865658,0.086794123,-0.043090075,-0.041001122,0.081903741,0.044028215,,,
1525,0.093353674,-0.075444654,0.028157564,0.095720798,-0.019028433,0.095109999,0.053976748,0.017434837,-0.023288015,0.076716818,0.055859242,-0.103160441,0.206157044,-0.108988963,0.038443305,-0.013348037,-0.112508163,-0.014832766,0.052984722,-0.000850876,,,
1527,0.112414628,-0.042987585,0.000506034,0.037396315,-0.041640114,0.084811479,0.062836684,-0.04847426,0.017506517,0.062494643,0.029215032,-0.072985664,0.122284509,-0.095802374,-0.005985079,0.00415712,-0.119083591,-0.01727538,-0.051227715,-0.01490331,,,
1529,0.182502076,-0.033195209,-0.018482236,-0.003166015,-0.053504523,0.072353706,0.065368094,-0.050053589,-0.004031477,-0.00496268,0.022032637,-0.084939748,0.061360415,-0.074116513,-0.026284613,0.044780083,-0.082796238,-0.002004338,-0.055869106,-0.023517981,,,
1531,0.238612771,-0.073381774,-0.016274238,-0.036418669,-0.048701353,0.061947353,0.0864418,-0.033471197,-0.039124247,-0.07494615,0.060766626,-0.049907863,0.050577901,-0.064581744,-0.044618636,0.025051493,-0.079024151,0.016408548,-0.008654639,-0.046361227,,,
1533,0.207139015,-0.118514195,0.037074964,-0.063163258,-0.014012556,0.047353186,0.084742129,-0.038750928,-0.071676858,-0.11123921,0.080944881,-0.053339943,0.051150762,-0.037228957,-0.057304978,-0.041445792,-0.047560852,0.027215788,0.033807486,-0.046749022,,,
1535,0.192453682,-0.166233972,0.100764029,-0.076236367,0.012292173,0.023242386,0.069654569,-0.034043442,-0.092815161,-0.141268775,0.107526362,-0.067347571,0.016244339,-0.01095142,-0.054340567,-0.081084333,0.040407296,0.032013226,0.039022624,-0.029803868,,,
1537,0.223553762,-0.211766586,0.159277573,-0.097700998,-0.008464667,0.015719224,0.055314906,-0.022859044,-0.089542329,-0.185504183,0.142418072,-0.057341605,-0.030475978,0.021260057,-0.099234715,-0.069957383,0.100791998,0.052644327,0.0208917,-0.059461143,,,
1539,0.152324274,-0.231194392,0.141795695,-0.096646927,-0.039357368,0.038158793,0.015906375,-0.011414513,-0.058788523,-0.147918984,0.153484508,-0.069101013,-0.036903955,0.047268521,-0.183105573,-0.082377389,0.084218629,0.073625423,-0.001699725,-0.135680303,,,
1541,0.082367182,-0.253668457,0.051494755,-0.035496976,-0.007456905,0.021179648,-0.050364252,-0.015014863,-0.025193596,-0.079032578,0.126570523,-0.09535405,-0.034889925,0.041331418,-0.170155868,-0.127622336,0.067377932,0.056206383,0.035806023,-0.096486181,,,
1543,0.120466709,-0.219490454,0.037613716,0.026391989,0.036418356,-0.033935253,-0.078178786,-0.084176935,-0.01284665,-0.006799546,0.073349431,-0.077197693,-0.0328677,0.054315384,-0.124904864,-0.130052254,0.071223356,0.015065799,0.041468829,-0.015220716,,,
1545,0.162485152,-0.133371785,0.027913397,0.035536449,0.031004323,-0.054025508,-0.042986151,-0.149150103,0.007621855,0.000616553,0.031902883,-0.074285574,-0.051614195,0.061265953,-0.118610166,-0.122017898,0.046616618,-0.009664093,0.018178415,0.019586323,,,
1547,0.172032461,-0.105503485,-0.022041289,0.047181435,0.030399049,-0.029488744,-0.005262469,-0.127886027,0.038216844,-0.013026894,0.004865699,-0.078413166,-0.050337337,0.084683478,-0.103538506,-0.095149294,0.019445321,-0.026270168,-0.010436597,0.033849966,,,
1549,0.185193002,-0.117302835,-0.046248145,0.061600819,0.059671074,0.002051674,0.038004555,-0.105296142,0.058019031,-0.036223248,0.011069456,-0.076928489,-0.022828324,0.106396116,-0.089549243,-0.051509872,-0.00295583,-0.019248888,-0.022025835,0.024964908,,,
1551,0.19598496,-0.104837976,-0.026412208,0.065091655,0.068444282,0.008934541,0.053919692,-0.081680715,0.04496618,-0.093156382,0.00688873,-0.069035023,-0.029839167,0.11791373,-0.076946922,-0.028432503,0.000261236,0.006869006,-0.034635309,-0.004984691,,,
1553,0.195356667,-0.080894023,0.013677735,0.039158918,0.046015125,-0.018957201,0.05402695,-0.059213422,0.024115501,-0.13521634,0.002569641,-0.042096943,-0.049089268,0.123162158,-0.043090548,-0.00033567,0.036078401,0.022618243,-0.030582787,-0.028339034,,,
1555,0.194891751,-0.064927794,0.027445583,0.010603291,0.003271609,-0.063014351,0.028677378,-0.051677488,0.000986729,-0.129352704,0.049661659,-0.006316535,-0.034429189,0.128143311,-0.04202608,0.012002766,0.071668692,0.038061608,-0.050114371,-0.046292845,,,
1557,0.196997583,-0.069306664,0.020359054,0.008215254,-0.034129404,-0.085530035,-0.023117052,-0.077320173,-0.067170344,-0.071302347,0.070548102,0.011739045,-0.005869439,0.118718892,-0.035095874,0.030020187,0.088524081,0.059147764,-0.100791469,-0.039639432,,,
1559,0.208883196,-0.107783042,0.009195556,0.02481664,-0.022940228,-0.056713339,-0.034847606,-0.058737583,-0.116073824,-0.020279868,0.057017349,0.023116419,0.026695056,0.087810889,0.020410972,0.020563714,0.079340585,0.076730125,-0.132067636,0.026053896,,,
1561,0.207997933,-0.112293877,0.02506607,0.038252585,0.004436424,0.000917286,-0.005985938,-0.028683996,-0.106295034,-0.037962973,0.029375544,0.025460068,0.040269993,0.078561828,0.058528718,0.006609848,0.069543876,0.079487801,-0.116906323,0.054763824,,,
1563,0.238688454,-0.091131285,0.045074258,0.029209442,0.039216235,0.03663794,0.02210361,-0.043152943,-0.060335539,-0.076468699,0.015311898,0.004068603,0.029441748,0.076211996,0.077704042,0.006516602,0.072339296,0.06418208,-0.069898486,0.050468735,,,
1565,0.266928136,-0.067888148,0.053949568,0.003958904,0.048879247,0.058721125,0.062954158,-0.052104965,-0.045212727,-0.095350161,0.02126598,-0.023768295,0.017352955,0.076741204,0.082342945,0.011222352,0.060709361,0.036801618,-0.023135167,0.023151506,,,
1567,0.250267148,-0.055579424,0.064644463,-0.001488186,0.032080468,0.076406591,0.090502076,-0.050480712,-0.049233951,-0.058732927,0.026280047,-0.029459991,0.006709929,0.085747816,0.073173232,0.028059766,0.03803562,0.012387706,0.00386303,0.003006217,,,
1569,0.22597535,-0.046879485,0.073501334,0.010937953,0.016782694,0.053143147,0.081660815,-0.058864851,-0.034611154,-0.023032455,0.018022524,-0.032812592,-0.011303401,0.093715526,0.05971761,0.057225149,0.026430279,-0.006976677,0.019255253,0.018798212,,,
1571,0.221656859,-0.067196846,0.067855947,0.02177278,0.016766986,0.034749892,0.058197699,-0.081775323,-0.035223056,-0.011435586,0.025673207,-0.038203385,-0.010452124,0.087995619,0.044146337,0.103708379,0.031868301,-0.029269164,0.024928715,0.021897757,,,
1573,0.238584727,-0.11920584,0.05182967,0.024766734,0.023879865,0.023187438,0.034437347,-0.093035348,-0.025855867,0.005387474,0.021453604,-0.060746964,0.002702196,0.088220164,0.037902381,0.121908344,0.024892179,-0.053270344,0.022864459,0.014134708,,,
1575,0.294639826,-0.134003535,0.047318988,0.012155833,0.01368655,0.004606751,0.025956878,-0.098692685,0.003638794,0.000469342,0.015127859,-0.080628224,0.026511645,0.089740723,0.064423971,0.100535899,0.011714935,-0.062010527,0.011844973,0.007218193,,,
1577,0.349306762,-0.104842626,0.054646198,-0.001725983,-0.009579528,-0.014401958,0.04863514,-0.075226352,0.002796662,-0.029512161,0.017734114,-0.094911575,0.027809791,0.084020689,0.09729059,0.083131723,0.007175455,-0.068901084,-0.003618327,-0.012811848,,,
1579,0.377363294,-0.076531321,0.063906834,-0.003706075,-0.021056112,-0.012076534,0.078688115,-0.051539999,-0.010774537,-0.052764889,0.013936414,-0.092980258,0.018983152,0.063798204,0.108295523,0.059812561,0.02779253,-0.078264177,-0.014281949,-0.018650588,,,
1581,0.404479384,-0.040854581,0.064822748,0.009487648,-0.017566044,0.003069307,0.113014303,-0.057652563,-0.003203266,-0.056669369,0.020320114,-0.076177426,0.021936605,0.063119709,0.096292645,0.037347537,0.051643565,-0.086732514,-0.013635414,-0.027540635,,,
1583,0.423338979,-0.01372466,0.052349944,0.02206018,-0.005939316,0.016613003,0.139510795,-0.056722093,0.018440494,-0.039109208,0.03234281,-0.060857832,0.012303677,0.077445917,0.095987819,0.025001343,0.059678756,-0.072242506,0.004938549,-0.022682024,,,
1585,0.448771536,0.013311505,0.041209269,0.02665481,0.005577413,0.035801377,0.155427262,-0.058562651,0.031715117,-0.0160877,0.037771355,-0.037706327,0.009344175,0.085634537,0.10582681,0.011937208,0.061832845,-0.048199371,0.02566267,-0.011212204,,,
1587,0.460860819,0.028969355,0.056238219,0.021755982,0.013941293,0.054402802,0.157638967,-0.065173924,0.031274736,-0.020748667,0.037649751,-0.03211163,0.006349772,0.095042825,0.112904251,0.019268457,0.082698777,-0.031092416,0.016086373,0.012715499,,,
1589,0.455068082,0.039204463,0.079832353,0.014009358,0.01330503,0.055950101,0.161460936,-0.071431957,0.02558838,-0.037798818,0.028125444,-0.05214154,-0.003746646,0.103747159,0.112444483,0.050385434,0.1038986,-0.026407102,-0.017138299,0.042839304,,,
1591,0.443871737,0.04471983,0.088613041,0.016635686,0.004133093,0.038765073,0.149052665,-0.065977998,0.017800834,-0.057332408,0.002427561,-0.055626314,0.002966585,0.106105059,0.105376922,0.075876191,0.107874028,-0.017941013,-0.026465295,0.06157092,,,
1593,0.449338019,0.053289596,0.088668108,0.026140708,2.52946738328319E-05,0.0241659,0.131504983,-0.064305827,0.019674348,-0.071629733,-0.008141149,-0.034144424,0.02473673,0.107169308,0.09672787,0.087412633,0.118753716,-0.016172238,-0.015566811,0.067941844,,,
1595,0.45168063,0.077291518,0.078321718,0.05299297,0.003563079,0.022250252,0.12988694,-0.064410545,0.031029241,-0.055634364,0.002855686,-0.042620238,0.035279486,0.113574199,0.118146516,0.092958435,0.135176361,-0.021110013,-0.010604819,0.074726343,,,
1597,0.459122747,0.110262483,0.067299947,0.073064916,0.004983739,0.02450398,0.151143044,-0.05092144,0.036863301,-0.028388852,0.016849168,-0.055618204,0.030484371,0.115422688,0.139567852,0.105406597,0.138732001,-0.021248428,-0.005666215,0.071226597,,,
1599,0.465837747,0.142242193,0.058116511,0.080420069,-0.002374266,0.020942289,0.168350816,-0.040170074,0.033640631,-0.016559394,0.022482228,-0.042522699,0.00906044,0.117702954,0.141754851,0.107970603,0.131370857,-0.018095789,-0.008264913,0.065346658,,,
1601,0.474074364,0.16863659,0.0528601,0.077425823,-0.005843607,0.035629723,0.169134125,-0.04008197,0.018943572,-0.026826886,0.02349361,-0.019056853,-0.016322948,0.131188944,0.144815922,0.114622153,0.120641351,-0.014466733,-0.033301488,0.067163453,,,
1603,0.495892048,0.179718629,0.058165632,0.075699106,0.001582023,0.045924008,0.15789178,-0.052749448,0.000469839,-0.045037884,0.011372923,-0.008407342,-0.023507096,0.150186911,0.153457597,0.134613737,0.099363185,-0.019023195,-0.060796682,0.069177061,,,
1605,0.514957428,0.161615282,0.074909091,0.06305176,0.017454697,0.038704067,0.151716381,-0.052842602,-0.022357116,-0.058154456,-0.002393152,-0.015795577,-0.026547689,0.164698273,0.152548343,0.135574326,0.088742912,-0.024822205,-0.050625484,0.05928674,,,
1607,0.521864235,0.136359915,0.091787353,0.042574722,0.03511332,0.026265023,0.148944706,-0.041693497,-0.02557566,-0.057712689,-0.011488154,-0.018293321,-0.037934929,0.172818139,0.148080155,0.122492678,0.096594334,-0.029991526,-0.035091858,0.05595788,,,
1609,0.536079168,0.126837015,0.099225104,0.034290146,0.046838693,0.013374907,0.148609996,-0.028766869,-0.00238755,-0.0388247,-0.012699463,-0.029527964,-0.043046504,0.1664083,0.141165033,0.130728215,0.106368504,-0.029728172,-0.030275278,0.06431929,,,
1611,0.545683086,0.1169056,0.099653035,0.035085645,0.04296108,0.01743448,0.164371908,-0.017402524,0.02158533,-0.014572626,-0.011603282,-0.041445337,-0.03917655,0.148224443,0.138891652,0.143224001,0.121851206,-0.028537247,-0.011992822,0.072347283,,,
1613,0.541894555,0.085911423,0.089970127,0.036155786,0.030087614,0.02368792,0.18758072,-0.029232722,0.026936051,-0.003382186,-0.015615059,-0.058060013,-0.031512871,0.14500989,0.138419718,0.145625219,0.135722056,-0.022623349,0.016771829,0.081531443,,,
1615,0.565609217,0.081698418,0.093904778,0.037717968,0.031007361,0.020041887,0.201842889,-0.055002593,0.019573016,-0.000223934,-0.016969865,-0.071181707,-0.021130575,0.143215522,0.143603966,0.136772409,0.130579889,-0.007204923,0.026621744,0.069819264,,,
1617,0.577467501,0.103329256,0.093891762,0.02966631,0.040318247,0.008339632,0.20395574,-0.070045605,0.027392367,-0.013240747,-0.015408821,-0.064047821,-0.010702717,0.124471627,0.143339217,0.126994848,0.116208203,-0.004056368,0.01531744,0.061705604,,,
1619,0.567646503,0.125090867,0.099821076,0.014888288,0.03949549,-0.002255222,0.199853197,-0.059882741,0.05172332,-0.034486644,-0.011644123,-0.048863072,-0.002657774,0.09661264,0.144511566,0.118926294,0.095689915,-0.00380721,0.001989043,0.056461092,,,
1621,0.554253101,0.128497258,0.117666245,0.017730404,0.024331465,-0.01214459,0.213780403,-0.049233038,0.062235635,-0.053141966,0.001596291,-0.040297952,0.000916552,0.082325332,0.145777747,0.118987285,0.08946348,-0.008694698,-0.006241512,0.037804835,,,
1623,0.537240624,0.127299905,0.128593445,0.029295843,0.01143185,-0.014780325,0.228088275,-0.045631092,0.057140894,-0.057943702,0.016631478,-0.037208587,0.013079757,0.083345823,0.125405967,0.099992566,0.087712727,-0.0135231,-0.010461132,0.032673135,,,
1625,0.511020541,0.124857657,0.125932902,0.028192366,0.010636185,-0.011477106,0.228439599,-0.043489106,0.045450114,-0.057585619,0.015972983,-0.038397543,0.022456069,0.087136544,0.117573217,0.09164466,0.098048069,-0.010740988,-0.017577987,0.038727999,,,
1627,0.502390385,0.127908021,0.121066786,0.025229847,0.007291239,-0.008144043,0.22206907,-0.036743708,0.029207509,-0.041751094,0.016594548,-0.042356454,0.02279277,0.07800293,0.122807898,0.09514638,0.109434001,-0.015549063,-0.017650904,0.053357255,,,
1629,0.506059885,0.123080589,0.116384059,0.017699014,0.00512617,0.001605453,0.217450842,-0.033858173,0.021744732,-0.03577622,0.012579098,-0.025499485,0.017686399,0.06744422,0.120006628,0.09131255,0.110007897,-0.035744023,-0.018953506,0.057015516,,,
1631,0.494818747,0.082382888,0.114859194,0.012224933,0.008470382,0.010152947,0.205096111,-0.045365427,0.019520855,-0.042691752,0.000397826,-0.010960695,0.008141165,0.068453699,0.106119983,0.087420888,0.08632756,-0.043513946,-0.025277594,0.050536502,,,
1633,0.465616912,0.013212873,0.101343125,0.015807193,-0.010347388,0.020063553,0.180436119,-0.050509885,0.036410492,-0.042812504,-0.004778361,-0.021101654,0.005199088,0.064991206,0.09762758,0.079415314,0.06728778,-0.051516753,-0.026779709,0.04651811,,,
1635,0.454257041,-0.011623847,0.059439421,0.017324461,-0.039090127,0.043152064,0.163129568,-0.060483128,0.051818069,-0.034886498,0.002555226,-0.045346815,-0.00371137,0.055976473,0.107880928,0.089384206,0.066648796,-0.045946021,-0.016196152,0.049062744,,,
1637,0.452149153,0.022216892,0.038837932,0.022945691,-0.039577734,0.049696516,0.152091399,-0.078205585,0.051909547,-0.022931408,0.001266634,-0.051615924,-0.005101982,0.065843597,0.130296066,0.100638904,0.074618123,-0.028482756,-0.009238623,0.054940995,,,
1639,0.44575429,0.07600183,0.052888118,0.03283475,-0.012833924,0.035261475,0.150018007,-0.072312862,0.048525844,-0.025870118,-0.0070903,-0.046372816,-0.002488474,0.095320456,0.16689454,0.11157535,0.088266879,-0.021821706,-0.003430648,0.069915131,,,
1641,0.448360801,0.110042334,0.075638413,0.033196475,0.015681785,0.01772875,0.15006654,-0.0472579,0.043799777,-0.027692912,-0.013891241,-0.054246858,-0.018464155,0.122252047,0.181928456,0.112232901,0.097190201,-0.025136478,0.001956607,0.076339826,,,
1643,0.430798769,0.109388523,0.088009357,0.021311224,0.032779071,0.009317382,0.148781419,-0.042725354,0.037241776,-0.018604536,-0.027483907,-0.073728062,-0.030465133,0.122390807,0.178989142,0.105418399,0.089199595,-0.031662732,0.007938014,0.054833956,,,
1645,0.421646357,0.094316065,0.080670811,0.020089127,0.034782216,0.018955912,0.143475994,-0.04832058,0.031005973,-0.018636111,-0.055486292,-0.076900542,-0.029536949,0.105534628,0.179233968,0.108211488,0.061247706,-0.02048124,0.010980206,0.029429002,,,
1647,0.448274016,0.070564389,0.069095895,0.036139466,0.025583329,0.023900772,0.133692354,-0.055753633,0.025386577,-0.052015729,-0.060027353,-0.072140254,-0.009370301,0.104913794,0.155220494,0.112595372,0.040101003,-0.000342298,0.011976282,0.018329829,,,
1649,0.468426824,0.002064805,0.072955586,0.046567779,0.009177511,0.020742968,0.127990529,-0.057394594,0.020231823,-0.093172528,-0.010865398,-0.069850728,-0.003548389,0.12465506,0.106494501,0.104742207,0.023247795,0.014787722,0.006510079,0.009221771,,,
1651,0.486405343,-0.049514692,0.073318869,0.04406365,-0.002330422,0.014212388,0.133603022,-0.057951991,0.019244075,-0.114494197,0.025890054,-0.081224717,-0.007042791,0.145303369,0.080531977,0.074984774,0.022330416,0.025525017,0.017376082,0.013223545,,,
1653,0.472035766,-0.01720723,0.055508237,0.026201682,-0.000664637,0.011162903,0.162886903,-0.044170842,0.021808764,-0.102799639,0.039832994,-0.069548339,-0.03083034,0.131377146,0.063748769,0.058063593,0.036099564,0.018429359,0.026754187,0.031677362,,,
1655,0.463261992,0.056499574,0.060744651,0.017114593,0.008515366,0.020207265,0.171945289,-0.041154426,0.015355693,-0.090874627,0.041434381,-0.031097233,-0.034820016,0.091337629,0.09264525,0.064978071,0.035141815,-0.004613368,0.014654805,0.053291146,,,
1657,0.473555773,0.112159908,0.080545031,0.010509457,0.016050391,0.021412915,0.164018154,-0.047994692,0.024859991,-0.063762709,0.031758722,-0.010627645,-0.018324947,0.06741897,0.12978141,0.069737367,0.038518045,-0.022811493,-0.006902239,0.066626251,,,
1659,0.478080422,0.129817069,0.090173796,0.011086545,0.02046369,0.017429676,0.156346962,-0.045293655,0.02487647,-0.03629528,0.02374923,7.91717320680618E-06,-0.013238203,0.068350077,0.140767887,0.067179658,0.057609364,-0.024607923,-0.01568193,0.070213556,,,
1661,0.488819748,0.131573528,0.092712484,0.017150782,0.018400963,0.004387971,0.147123858,-0.049084146,0.017463604,-0.026370782,0.017677024,0.013432362,-0.001347123,0.094363272,0.142638445,0.072150186,0.086936839,-0.030437628,-0.004687761,0.06286525,,,
1663,0.519238651,0.127022311,0.087996043,0.023940774,0.011398849,0.002500152,0.140602425,-0.063151315,0.000745739,-0.025977692,0.00599205,0.019853858,0.014600713,0.118608601,0.134129748,0.076973237,0.112220451,-0.037025213,0.015321486,0.056493707,,,
1665,0.537004828,0.108929947,0.078601629,0.021441599,0.018980861,0.012417232,0.130597383,-0.058632508,-0.003107611,-0.026536791,0.001803238,0.02072528,0.019099122,0.124677107,0.124592103,0.082171001,0.120663986,-0.031081149,0.01972325,0.059061792,,,
1667,0.538268268,0.095742382,0.069276758,0.022467243,0.033015255,0.012296008,0.118067093,-0.068383627,0.002638435,-0.034844924,0.004912951,0.008126627,0.021318713,0.122207947,0.129563034,0.095359154,0.114771701,-0.025342692,0.014637833,0.074382976,,,
1669,0.521093071,0.106303275,0.055514991,0.025448706,0.04083138,0.008495977,0.122532748,-0.084935129,0.015727131,-0.039265085,0.002537926,0.012668282,0.034577943,0.11277654,0.144215107,0.108437769,0.112079844,-0.021634726,0.006667098,0.100989409,,,
1671,0.509518385,0.10678383,0.037809953,0.032428201,0.036540966,0.010460155,0.130447194,-0.081960134,0.023799032,-0.047379851,-0.005876857,0.020326525,0.045147337,0.104300782,0.144039452,0.111773945,0.105091467,-0.022920437,0.005726407,0.126098201,,,
1673,0.539679825,0.111825965,0.046184205,0.044595584,0.032065138,0.018278945,0.133400321,-0.073774651,0.03184282,-0.05078394,-0.0008159,0.011779669,0.034721229,0.086540453,0.148254469,0.125317171,0.11614541,-0.012522625,0.004256739,0.132639065,,,
1675,0.583858728,0.138218313,0.067748763,0.062056333,0.024052601,0.029122028,0.145195529,-0.059875257,0.055237588,-0.060436875,0.012514721,0.014135384,0.013959319,0.07293015,0.178885281,0.138811484,0.141639858,-0.003007698,0.004823048,0.125111014,,,
1677,0.622851849,0.161317915,0.074107796,0.074416354,0.011808366,0.027429113,0.153509557,-0.058797136,0.079286158,-0.060906269,0.024397528,0.028945414,0.009789173,0.074971005,0.214415923,0.146403849,0.153348073,0.001167122,0.006015854,0.113032721,,,
1679,0.648584425,0.162023604,0.073146507,0.081488572,0.006417546,0.017008437,0.158602804,-0.056064721,0.07942789,-0.04115539,0.041649651,0.03959455,0.015709544,0.068562821,0.230482027,0.149903581,0.144276679,0.000199533,0.012803121,0.094395183,,,
1681,0.668216825,0.122157663,0.075704366,0.074021362,0.005218735,0.004362752,0.158818394,-0.054472789,0.068142317,-0.018465489,0.051523846,0.02992291,0.028315105,0.057855859,0.234212399,0.138766751,0.135228485,-0.003514591,0.021427121,0.067181014,,,
1683,0.751097322,0.131837726,0.094241373,0.058053356,-0.004988631,-0.004971425,0.148823425,-0.075281866,0.081216581,-0.007029857,0.049933929,0.029520383,0.039506018,0.048733324,0.258961409,0.143194169,0.140074581,-0.000207114,0.02643826,0.067654938,,,
1685,0.833566844,0.190386772,0.103726268,0.029136127,-0.027715333,-0.003561449,0.136292562,-0.09093459,0.096518017,-0.000528937,0.04836053,0.072642401,0.032830801,0.049565729,0.286437243,0.17054905,0.163856238,-0.003122,0.022355387,0.101786964,,,
1687,0.875247121,0.257009327,0.106002845,0.006046354,-0.030402699,-0.000784257,0.134588569,-0.084423982,0.102725044,0.014428549,0.045486599,0.14822188,0.018997055,0.052449878,0.313999474,0.194919631,0.195199102,0.001355331,0.049818672,0.131960794,,,
1689,0.943669736,0.328575522,0.098969311,0.0063813,-0.014741373,0.007334569,0.149908692,-0.075865775,0.101408668,0.021990664,0.037323926,0.220712394,0.018615805,0.050711624,0.335885197,0.215245113,0.222236916,0.018025104,0.087917008,0.148100719,,,
1691,1.009791732,0.371128738,0.082998924,0.016185364,-0.006788396,0.012519721,0.162896484,-0.076737769,0.084270269,0.023979504,0.031847291,0.26648733,0.024154682,0.049985591,0.337523103,0.23412995,0.229487121,0.035367511,0.104541838,0.155599385,,,
1693,1.041308761,0.386070997,0.073958762,0.022394836,0.000278188,0.009785857,0.155009985,-0.084223874,0.059050154,0.01283502,0.019550536,0.280410618,0.031189831,0.040601045,0.320057333,0.251782656,0.220919609,0.048302427,0.097262599,0.142768383,,,
1695,1.044911861,0.392450809,0.077086024,0.023887997,0.017105939,0.004601154,0.136280403,-0.079890534,0.038385022,-0.003356512,0.01273085,0.280941457,0.027703419,0.017082304,0.309773147,0.262123585,0.215062588,0.04725077,0.083897933,0.124035269,,,
1697,1.059494376,0.387147248,0.087013967,0.020794071,0.033643305,-0.008914812,0.128973395,-0.079396516,0.026692972,-0.025660617,-2.20E-05,0.26835084,0.01392372,-0.001669192,0.296969503,0.253310591,0.208319455,0.036753789,0.074683741,0.098309822,,,
1699,1.200384736,0.444135547,0.102554306,0.028451813,0.043245744,-0.024980737,0.135984123,-0.089301407,0.052329414,-0.029512029,0.009658026,0.289478779,0.012549337,-0.036819819,0.336703897,0.265041947,0.225044787,0.04944009,0.089179173,0.091872685,,,
1701,1.368831277,0.529885352,0.120870978,0.042219684,0.029148113,-0.034713473,0.135190398,-0.072138749,0.099048436,-0.019324763,0.034331787,0.36219871,0.008166703,-0.0572697,0.400529593,0.30344364,0.256427407,0.066225067,0.1087384,0.110171609,,,
1703,1.532605052,0.64674437,0.148300171,0.041630596,0.02116403,-0.030050874,0.141118571,-0.047611538,0.14312686,-0.010403605,0.073016271,0.460492849,-0.003571284,-0.062346146,0.495930612,0.366801351,0.309439391,0.094811961,0.115339592,0.147825778,,,
1705,1.763686776,0.840038598,0.172108889,0.025187306,0.016853074,-0.013886418,0.157242686,-0.018851943,0.198336437,-0.000200371,0.131954879,0.589628935,-0.012129202,-0.009076529,0.650199294,0.440687507,0.381140262,0.164301738,0.126146793,0.212310895,,,
1707,2.099664688,1.122909784,0.195280984,0.014476998,0.009372116,-0.000149211,0.196545988,0.031064456,0.269199431,0.038370185,0.199768782,0.756130993,-0.00813367,0.088012755,0.816627443,0.506176651,0.469023705,0.249536574,0.165018156,0.289011955,,,
1709,2.555114985,1.495397091,0.226187274,0.02912957,0.008526592,0.006052466,0.242961407,0.094262801,0.346204311,0.091010533,0.27735275,0.959928751,0.01175876,0.173892543,1.009562612,0.605318964,0.572350502,0.339736074,0.235625461,0.372754574,,,
1711,3.070957661,1.924898744,0.280482799,0.054476038,0.011518332,0.012588312,0.279157668,0.165437818,0.42709589,0.138217553,0.355886847,1.202426076,0.044569083,0.247616142,1.229692698,0.767510951,0.675000787,0.445870996,0.319489568,0.468459696,,,
1713,3.712540627,2.447150707,0.354108363,0.068216167,0.026145071,0.017862789,0.311144948,0.244692281,0.517537475,0.194240451,0.463028818,1.517741323,0.066877641,0.347823054,1.482894182,0.970425248,0.792489529,0.573151529,0.436784953,0.593642354,,,
1715,4.866315842,3.330818653,0.464113057,0.07407847,0.036250055,0.043054283,0.370684892,0.363685936,0.653106272,0.271767527,0.614348412,2.010480404,0.08083804,0.476336837,1.875660539,1.228791714,0.976279378,0.781286657,0.636192858,0.784627676,,,
1717,7.073851109,5.004560471,0.69507128,0.087438792,0.049607977,0.132449001,0.499315143,0.58607614,0.91458118,0.41295746,0.848921597,2.854835033,0.146738559,0.737204611,2.566387415,1.71062541,1.333976746,1.175758243,1.005553007,1.151832342,,,
1719,9.455257416,6.849500179,0.959607601,0.112375945,0.063623697,0.275032163,0.627634883,0.822346032,1.174474597,0.566802323,1.062965274,3.717340708,0.243232876,1.054009557,3.316278934,2.361797571,1.756920695,1.611685038,1.414255381,1.556473017,,,
1721,11.59393692,8.503395081,1.223337293,0.16131334,0.065651096,0.413777322,0.711303174,1.008043885,1.367916465,0.693810463,1.212554574,4.40079546,0.329105377,1.429676414,4.019091606,3.083651066,2.126857996,1.982330322,1.773495436,1.930829048,,,
1723,13.68664551,9.970877647,1.462380409,0.210550487,0.074459046,0.542339385,0.755564988,1.145871401,1.499668598,0.790679872,1.316983581,4.902044296,0.39899838,1.930405259,4.65514946,3.745584488,2.443600416,2.255054712,2.077304125,2.269177437,,,
1725,15.50555992,11.15051937,1.657315016,0.237688482,0.089666724,0.65053612,0.758311212,1.238885283,1.562067509,0.853925943,1.368656278,5.231296062,0.450064152,2.345922709,5.132937908,4.188920021,2.701656818,2.38149786,2.322383404,2.534014225,,,
1727,16.80431366,11.97293186,1.794372082,0.253097296,0.095761791,0.753774524,0.738123536,1.278867841,1.560929775,0.873201251,1.368429184,5.419539452,0.479604006,2.55745244,5.425265312,4.459846973,2.881693125,2.414395571,2.505722046,2.710849524,,,
1729,17.58530426,12.43231201,1.862471581,0.275807559,0.106487215,0.821253002,0.7058146,1.273792148,1.510641336,0.842219174,1.320431948,5.498886585,0.466941535,2.647850752,5.575152874,4.631728649,2.969395161,2.402414322,2.598980665,2.786679268,,,
1731,18.03568268,12.58981705,1.885890245,0.276873678,0.121386342,0.834522784,0.650554895,1.243857741,1.441910982,0.774426758,1.262143373,5.464094162,0.426916927,2.685268641,5.613964081,4.668121338,2.999027014,2.368982553,2.604807138,2.794794083,,,
1733,18.07736588,12.35379028,1.876248002,0.281014562,0.138625756,0.840077221,0.592890501,1.19972086,1.383591056,0.729646027,1.217940211,5.319950581,0.384799212,2.684216738,5.468242645,4.48403883,2.95852828,2.306946993,2.556740284,2.745620728,,,
1735,17.54349709,11.81773853,1.814261556,0.307235956,0.153406695,0.83103013,0.542494774,1.13246429,1.321479082,0.699101627,1.172936916,5.089761734,0.356736839,2.560209751,5.208487034,4.194948196,2.845750332,2.209174871,2.466771126,2.660562515,,,
1737,16.35708618,11.01579571,1.705040574,0.304720402,0.127583981,0.799393475,0.504233003,1.051627517,1.254868627,0.634464324,1.095542789,4.739064693,0.333163291,2.341634274,4.884523392,3.839953899,2.667881012,2.061194658,2.31145072,2.519027233,,,
1739,14.71400738,9.947310448,1.541508317,0.257051826,0.097126722,0.723892927,0.454256922,0.949247956,1.188004375,0.563723266,0.98246789,4.296762943,0.313891828,2.091222763,4.499782562,3.458292723,2.455733776,1.861170292,2.085307121,2.303930759,,,
1741,12.81958485,8.680707932,1.311599135,0.193861559,0.082077861,0.609893203,0.384584576,0.815239012,1.097212434,0.468739688,0.847827077,3.746659756,0.290147811,1.767936707,3.999804258,3.010160208,2.20256567,1.606938124,1.810296059,2.008653641,,,
1743,10.85573101,7.349919319,1.073702216,0.1417633,0.073433973,0.473647177,0.316084176,0.66327858,0.956259906,0.378928185,0.728562176,3.161422253,0.262083232,1.413370252,3.430913687,2.498633385,1.899467707,1.325095654,1.521220207,1.687387466,,,
1745,8.931239128,6.038344383,0.844260037,0.103367053,0.064568758,0.338017702,0.258299381,0.494805455,0.776509285,0.298637837,0.59475714,2.610865593,0.219609424,1.053953409,2.844291449,1.974974513,1.566082835,1.058148861,1.225038528,1.380348206,,,
1747,7.087219715,4.727447033,0.610217154,0.072475694,0.049460717,0.221184388,0.199302852,0.340673119,0.588237226,0.194051296,0.443456441,2.077679157,0.157748118,0.712724924,2.249405622,1.459131479,1.20748651,0.813408077,0.930126727,1.056249142,,,
1749,5.27677393,3.416951895,0.400378734,0.052547287,0.013233698,0.124549918,0.145565256,0.200538889,0.408545524,0.08651007,0.283766598,1.540326953,0.109240279,0.410269141,1.625527024,0.990384698,0.859881461,0.556754351,0.654845893,0.712118447,,,
1751,3.77013135,2.356093407,0.270018846,0.035047133,-0.014616251,0.063979805,0.09982612,0.100308672,0.282898724,0.029680882,0.177140713,1.091983199,0.071482271,0.175781712,1.104112029,0.610874176,0.577290237,0.336850703,0.43690756,0.428899199,,,
1753,2.713416815,1.642576814,0.192969963,0.034566946,-0.020859772,0.014848844,0.050288606,0.045419652,0.184883997,-0.005381052,0.114720814,0.752359092,0.048133291,0.031645827,0.767694414,0.373391896,0.375871092,0.197345972,0.262806386,0.256547421,,,
1755,1.956734061,1.137538195,0.135272622,0.036320109,-0.023775572,-0.03779966,0.035052165,0.019018121,0.113876887,-0.008816494,0.079472318,0.515880704,0.03646484,-0.033077132,0.522629976,0.248579875,0.235814661,0.123116292,0.13518241,0.150964573,,,
1757,1.476009369,0.813327551,0.077116042,0.030792309,-0.02549435,-0.060778491,0.046249568,-0.009776971,0.048985202,0.005101399,0.073571756,0.343600392,0.02861874,-0.046290059,0.364461839,0.185570911,0.169182152,0.065313265,0.075200744,0.088272385,,,
1759,1.158035159,0.588356853,0.047290999,0.019881384,-0.013936966,-0.041288219,0.065338343,-0.038480084,-0.012560722,-0.005715738,0.065814219,0.20017907,0.037967838,-0.031835303,0.265629292,0.135697052,0.164293364,0.020847259,0.040317543,0.059769668,,,
1761,0.918602943,0.4134202,0.035516329,0.022216879,0.012725906,-0.008236113,0.053760767,-0.048245993,-0.05871373,-0.016061978,0.046889421,0.099112578,0.04307723,-0.025269778,0.198953807,0.077079348,0.16836682,-0.007343289,0.014437182,0.070499904,,,
1763,0.750829101,0.288812846,0.037966844,0.022930959,0.025667597,0.008397105,0.009945798,-0.030722912,-0.082579367,-0.017126827,0.04493754,0.046874695,0.034800578,-0.038534038,0.12874575,0.037186172,0.165168285,-0.008674813,-0.000374266,0.078646012,,,
1765,0.631270826,0.205222726,0.041084316,0.009151052,0.015212145,0.0197757,-0.030616743,-0.005396635,-0.071885809,-0.042944647,0.052665748,0.051023871,0.026187923,-0.070850603,0.060869146,0.00678865,0.148430765,0.000211588,-0.028938655,0.069540046,,,
1767,0.532297075,0.153124079,0.042755172,-0.007993484,-0.008590676,0.023074182,-0.030937247,0.006571596,-0.052742556,-0.080398716,0.03307512,0.046262234,-0.000406444,-0.106494538,0.019141657,-8.27E-05,0.136385545,-0.005183227,-0.055268925,0.071444348,,,
1769,0.425704837,0.112457186,0.053027529,-0.018189399,-0.022533795,0.022692304,-0.020942744,-0.025353005,-0.020667104,-0.115314499,0.025217332,0.009020308,-0.038990524,-0.124099918,-0.029354762,0.014259856,0.116275288,0.003531158,-0.053097855,0.073701143,,,
1771,0.327073663,0.053958811,0.098186709,-0.0150483,-0.040564645,0.020222938,-0.002504788,-0.048178252,0.008016139,-0.127409384,0.038767401,-0.023187084,-0.080359325,-0.107773334,-0.0836941,0.047062591,0.071608976,0.001719961,-0.052609619,0.039703984,,,
1773,0.27191782,0.001525857,0.12339741,-0.008637318,-0.05837341,0.025154928,0.007431327,-0.044814177,0.016107459,-0.115969703,0.002925798,-0.017032631,-0.109838083,-0.044959709,-0.099406376,0.078668632,0.04349139,-0.017699849,-0.05949292,0.011797391,,,
1775,0.254442722,-0.032989684,0.123949356,0.007953908,-0.062677786,0.017817045,0.003709608,-0.043436602,0.033644937,-0.122763716,-0.022212531,-0.017380102,-0.096963458,0.027542114,-0.081449412,0.085240267,0.019631544,-0.019951979,-0.0314386,0.007923247,,,
1777,0.229746386,-0.061788503,0.100201182,0.017936453,-0.036387067,-0.004879266,0.023256753,-0.046503663,0.067016982,-0.153337136,-0.019972075,-0.043424714,-0.058704272,0.064551257,-0.019019794,0.061205003,0.014322129,-0.023908732,0.003735265,-0.008410264,,,
1779,0.237039998,-0.055638369,0.032876391,0.021198435,0.016033938,0.004273128,0.046976145,-0.059088372,0.071766406,-0.150587395,-0.014614803,-0.01323085,-0.0089294,0.064702921,0.041492771,0.016947726,0.035496876,-0.009822777,-0.003718261,-0.012170123,,,
1781,0.261397332,-0.030373285,-0.001757025,0.025066741,0.037312616,0.028628241,0.067480311,-0.052165687,0.065724313,-0.130488649,0.006179489,0.034336161,0.042565674,0.057405088,0.03381066,-0.013356633,0.035087928,0.013212678,-0.010147912,0.009352018,,,
1783,0.253283828,-0.019952277,0.009411493,0.025397195,0.024808178,0.024164826,0.071002103,-0.060857642,0.042519245,-0.110476345,0.021941736,0.045309301,0.071124136,0.070513487,-0.030450201,-0.024646504,0.01607924,0.046781894,-0.018205851,0.036091402,,,
1785,0.230194882,-0.073155612,0.005062284,0.021152591,0.009130256,-0.009826995,0.060438044,-0.064998575,-0.002301251,-0.089618735,0.035353534,0.034756761,0.096023127,0.088361263,-0.10966856,-0.021278955,0.005070956,0.043816239,0.00345175,0.023677846,,,
1787,0.213815972,-0.112361997,-0.023633547,0.052274872,0.01127218,-0.059643798,0.04822785,-0.08815527,-0.025099099,-0.048163243,0.066065975,-0.025990155,0.125165001,0.09506759,-0.181827217,-0.025746513,0.027578445,0.043861602,0.043731578,-0.009864673,,,
1789,0.188159943,-0.153490499,-0.03559598,0.103377253,0.011566147,-0.056602754,0.037688643,-0.101646349,-0.022258498,0.007529545,0.083352432,-0.08830066,0.135191396,0.084124982,-0.222422183,-0.055439472,0.051251497,0.070272997,0.058022257,-0.020383991,,,
1791,0.11149098,-0.145797521,-0.039827183,0.131146088,0.024458665,-0.027766643,0.010360977,-0.07689058,-0.015073573,0.038840264,0.075652041,-0.109289169,0.104132645,0.076828599,-0.196718767,-0.129050732,0.097227931,0.110556468,0.071245827,0.000168813,,,
1793,0.031862136,-0.106908344,-0.040384457,0.108506463,0.041247662,-0.034675051,-0.027100245,-0.045780804,-0.052107472,0.135417178,0.081006207,-0.092905954,0.029305819,0.062960982,-0.099241741,-0.204026729,0.140670642,0.107267931,0.0617291,0.074246719,,,
1795,0.009899947,-0.12922588,-0.068082698,0.103451081,0.045231506,-0.045721881,-0.058447588,0.011903943,-0.066660151,0.202614442,0.077340998,-0.066622175,-0.045647271,0.013848444,-0.028993068,-0.22346586,0.109905869,0.087820359,0.012273167,0.161824226,,,
2685,0.044059955,-0.154485241,-0.008388112,0.004088745,0.036525555,-0.084914215,-0.0839146,0.061143257,-0.045340136,0.186272919,0.161289036,-0.081428386,0.022505809,-0.007341779,-0.131494388,-0.254975826,0.077504456,0.083312996,-0.031789083,0.166555524,,,
2687,0.118181214,-0.209293664,0.121138796,-0.211510211,0.017635139,-0.169954777,-0.139173582,0.167984024,0.000920562,0.150814652,0.343441695,-0.113555297,0.170386046,-0.053320896,-0.353904396,-0.323346972,0.00719909,0.073532835,-0.127396539,0.176821724,,,
2689,0.401195973,-0.418566734,0.61570698,-1.034724474,-0.054493483,-0.494662195,-0.350167125,0.575930297,0.177556217,0.015425721,1.038949013,-0.236224249,0.73503232,-0.228881359,-1.203125,-0.584406257,-0.261245579,0.036189642,-0.492451191,0.216020644,,,
2691,0.231636852,-0.471881658,0.504863679,-0.787182808,0.1491732,-0.298270166,-0.714528978,0.489130139,0.034839861,0.063020214,1.033367515,-0.516651452,0.878088653,-0.084717602,-0.838824511,-0.697348416,0.167292118,0.118500069,-0.434680372,0.200589642,,,
2693,0.019412873,-0.481259346,0.458444238,-0.547274947,0.241680488,-0.083992302,-1.016036153,0.376390755,-0.080236092,-0.318827987,1.019571662,-0.509373367,0.816598475,-0.057901181,-0.358281046,-0.730998158,0.166345149,0.165493309,-0.209388658,0.069576398,,,
2695,0.241588786,-0.181335658,0.508830369,-0.274038613,0.174135417,-0.061932035,-0.760402918,0.242282271,-0.236662224,-0.408317029,0.946998119,-0.162861899,0.468277156,0.115843102,0.060270857,-0.663273871,-0.174467266,0.035807494,-0.027443379,-0.033351861,,,
2697,0.383343667,0.02366337,0.380493909,-0.066100247,0.13074784,-0.028623227,-0.287620157,0.011878778,-0.286536038,-0.144430071,0.676380098,0.166928187,0.237398461,0.345428795,0.416762799,-0.522908568,-0.662775636,-0.234445482,-0.202343971,-0.004609145,,,
2699,0.266548663,-0.191310912,0.180365309,-0.002747655,0.139308855,-0.110047974,-0.168957055,-0.113803893,-0.328102887,-0.049059112,0.417164028,0.322320163,0.231792748,0.401104331,0.407180935,-0.442022711,-0.753638148,-0.361840665,-0.276295155,0.193387747,,,
2701,-0.058643881,-0.446867377,0.132058457,-0.093618631,0.165985569,-0.222884834,-0.036861811,-0.356639564,-0.336329401,-0.067107454,0.372778833,0.238458425,0.256305993,0.177950591,0.230685323,-0.421055019,-0.434527963,-0.174760878,-0.112185568,0.229511976,,,
2703,-0.233632252,-0.396790564,0.166424558,0.032711063,0.123885088,-0.19342424,-0.069819458,-0.597743809,-0.306038171,-0.102734752,0.251757532,0.006474936,0.208265662,0.04025906,0.037414022,-0.375615478,-0.126250893,0.071519427,0.023241043,0.246544436,,,
2705,-0.18953748,-0.208772272,0.261584163,0.1841335,0.221180052,-0.105731972,-0.120215833,-0.609969974,-0.129598156,-0.161447302,0.07052052,-0.103992298,0.101668067,0.020744672,0.039772321,-0.275035858,-0.056679163,0.098550446,0.120020814,0.218559861,,,
2707,-0.03177426,-0.063792624,0.292276561,0.196117058,0.370394289,-0.122288197,-0.14194636,-0.494866639,0.040877804,-0.214480057,-0.006925411,-0.143223211,0.033930361,0.007130897,0.018041154,-0.185264438,-0.015133916,0.070548333,0.118935257,0.070958503,,,
2709,0.027047204,-0.092218451,0.131482273,0.129746452,0.301964313,-0.174048573,-0.177129343,-0.3765724,0.137038976,-0.168511584,-0.031733584,-0.210123882,-0.072093867,-0.043030173,-0.083504394,-0.158187211,0.027599653,0.166184872,0.081301481,-0.127571404,,,
2711,0.095610663,-0.176125735,-0.008966174,0.03001333,0.161713615,-0.117103979,-0.175124049,-0.267121226,0.138893425,-0.153470963,0.06059327,-0.299503416,-0.186139077,-0.127661139,-0.093923435,-0.156682387,0.052577566,0.247565418,0.047647931,-0.340769857,,,
2713,0.130433261,-0.246293902,-0.062928341,0.017146807,0.070742324,0.001964992,-0.100039877,-0.120807886,0.035520975,-0.188177332,0.138605744,-0.274746507,-0.22522819,-0.180476919,-0.046252418,-0.19179897,-0.015022015,0.216675878,-0.048077445,-0.415929377,,,
2715,0.133298904,-0.325261801,-0.00774471,0.002719158,0.029230582,0.104173005,0.043697581,-0.004798911,-0.032352388,-0.177321196,0.195860147,-0.257623732,-0.191052228,-0.14966096,0.028266536,-0.13415648,-0.027227912,0.1424281,-0.15302448,-0.37161395,,,
2717,0.126302004,-0.238998622,0.064922087,0.071759611,0.072555132,0.12423595,0.14463827,0.000567292,-0.017089907,-0.122387335,0.222588971,-0.216941506,-0.11742565,-0.099342607,0.034531735,-0.062960289,-4.03E-05,0.131191716,-0.175939888,-0.301633209,,,
2719,0.084808961,-0.097801149,0.046082027,0.172196865,0.081748784,0.056492239,0.135968551,-0.071783379,-0.008803942,-0.027120557,0.16462563,-0.137810513,-0.01663756,-0.044574834,0.05927486,-0.022180796,0.001928035,0.15939638,-0.119467601,-0.241137549,,,
2721,0.003898814,-0.085244887,-0.043626864,0.192742378,-0.011228572,-0.018481106,0.14316985,-0.110583909,-0.014683747,0.037892506,0.036474138,-0.080169424,-0.006923608,-0.014817495,0.146189719,-0.017958026,-0.022574911,0.092015572,-0.045763277,-0.204881772,,,
2723,0.000568236,-0.201027527,-0.073722355,0.098608546,-0.039826371,-0.092323579,0.146506384,-0.105589874,-0.036760196,0.05873983,-0.039203763,-0.064777292,-0.063422188,-0.017093942,0.13604714,-0.086093187,-0.012634252,-0.005291968,0.025421778,-0.139541686,,,
2725,0.01273689,-0.22746399,-0.040064771,0.026027692,-0.010037006,-0.165447757,0.135220811,-0.075390257,-0.066041902,0.042866915,-0.055777401,-0.029979022,-0.112514213,0.018248048,0.074410692,-0.110681653,0.063190557,-0.054166548,0.014701308,-0.099821761,,,
2727,0.043981194,-0.160553977,-0.008917222,-0.027861616,0.030009421,-0.18765536,0.144137919,-0.054479402,-0.114264704,-0.001912884,-0.033525012,0.037515201,-0.114899263,0.056194805,0.023658346,-0.093540467,0.138746515,-0.076551393,-0.040884189,-0.06824369,,,
2729,0.146024168,-0.124860533,0.008839476,-0.02868784,0.006524655,-0.190601289,0.117377423,-0.071340613,-0.137794092,-0.090440102,-0.001574485,0.007670132,-0.066221133,0.014275388,-0.016934205,-0.064768083,0.143317163,-0.097504117,-0.051892888,-0.040601172,,,
2731,0.183733374,-0.128118157,0.031521365,-0.008387665,-0.041468341,-0.16817829,0.070066959,-0.092028439,-0.056374226,-0.119624622,-0.01733136,-0.071161129,-0.01723117,-0.045337006,-0.018134693,-0.044693742,0.070845544,-0.068793781,0.000457519,-0.05869513,,,
2733,0.137947321,-0.168439507,0.06922958,0.030335506,-0.041453063,-0.129164904,0.070979722,-0.100424454,0.006618364,-0.122714445,-0.020535884,-0.098953195,0.015270117,-0.080951937,0.062801391,-0.022939663,-0.033691958,-0.029465467,0.067156374,-0.029341795,,,
2735,0.112858206,-0.171577573,0.097984202,0.046874337,-0.025123419,-0.10150031,0.092283152,-0.071778841,-0.030520223,-0.120560624,0.036713447,-0.093426459,0.02420013,-0.065096304,0.129411981,-0.030504461,-0.114595942,-0.002953536,0.114169121,0.022148388,,,
2737,0.073657498,-0.177215993,0.092519738,0.027759302,-0.028965484,-0.095221594,0.087571822,-0.102131635,-0.085353866,-0.094584174,0.084812798,-0.09284839,0.023917392,3.87504696846008E-05,0.12670511,-0.021894418,-0.124412611,-0.012316345,0.064855173,0.035499688,,,
2739,0.042681076,-0.231340602,0.061798703,-0.00881811,-0.04536593,-0.099364698,0.04634909,-0.09435802,-0.098765865,-0.068869263,0.097036481,-0.066047773,0.008332602,0.052420534,0.045153536,-0.038981471,-0.072454743,0.003477832,0.006794877,0.025119556,,,
2741,0.059929643,-0.199055612,0.018919613,-0.059783116,-0.051473923,-0.095367178,-0.020846866,-0.068910964,-0.106847905,-0.048505526,0.099566311,-0.026255708,0.019685689,0.048769597,-0.016543815,-0.025218692,-0.035195731,0.05579048,-0.036963858,-0.023506097,,,
2743,0.126259178,-0.118049167,0.005468974,-0.06321533,-0.07976348,-0.086092137,-0.0072191,-0.033018254,-0.11622531,-0.005316345,0.108166337,-0.037849467,0.046614517,0.008034359,-0.039933685,-0.026981773,-0.01046683,0.087636709,-0.06740807,-0.097275041,,,
2745,0.182787701,-0.092181467,-0.024335288,-0.034666851,-0.06547191,-0.07085266,0.061207484,-0.013192499,-0.060623765,0.011883506,0.097159058,-0.057030257,0.024806667,-0.004951972,-0.04593312,-0.038376775,-0.014388751,0.082950212,-0.04932636,-0.14115715,,,
2747,0.176251143,-0.136329174,-0.053067937,-0.048317149,-0.000213587,-0.050307896,0.103473924,-0.042715158,-0.005679829,-0.014848343,0.096637875,-0.036009956,0.007547785,-0.003023881,-0.0153512,-0.024167864,-0.040601276,0.064766377,-0.017265333,-0.116140485,,,
2749,0.145838171,-0.118140817,-0.074312337,-0.061520599,0.041931964,-0.020411396,0.123932406,-0.059415601,0.036762688,-0.029770967,0.06653145,-0.025283195,0.030519556,-0.029234719,0.012376917,-0.05042804,-0.049700536,0.039793458,0.010479593,-0.082908742,,,
2751,0.149813861,-0.086306192,-0.052121803,-0.027758023,0.052299671,0.016224213,0.136646256,-0.059965998,0.087291352,-0.02264227,0.01274151,-0.027685244,0.058065414,-0.087182373,0.029652007,-0.086571634,-0.031125167,-0.018370692,0.020195272,-0.054749846,,,
2753,0.1549308,-0.063208096,0.002889231,0.02281299,0.072425313,0.032988634,0.147184372,-0.04582553,0.099809252,0.026152816,-0.048794441,-0.021939788,0.031866848,-0.118766405,-0.004988575,-0.077254884,0.001094447,-0.070035376,0.019667806,-0.041648585,,,
2755,0.136808142,-0.014686666,0.07590992,0.050591253,0.05062525,0.01262009,0.15854992,0.003003806,0.069741525,0.090852581,-0.086977489,-0.002802052,-0.005816755,-0.107566014,-0.00791273,-0.055753883,0.021743495,-0.098340161,0.017249718,-0.047577508,,,
2757,0.095498741,0.001305053,0.110240631,0.058906399,0.010879473,0.000889136,0.133558691,0.040790305,0.008854501,0.10600204,-0.076632366,0.010099517,-0.020350181,-0.098342612,0.027022401,-0.042611931,0.042910811,-0.122502923,0.029460883,-0.044334203,,,
2759,0.106545709,-0.009361271,0.096943125,0.070538469,-0.028165247,0.008617561,0.077125706,0.051776901,-0.041023869,0.048599429,-0.04317034,-0.026731195,-0.00450324,-0.098421842,0.054116312,-0.040809829,0.009849227,-0.12161798,0.016842948,-0.037709113,,,
2761,0.159474701,-0.05900738,0.091495991,0.077095993,-0.048105109,-0.001736899,0.041593131,0.036485549,-0.060309339,-0.013879712,-0.017515674,-0.041626699,-0.003523155,-0.107263058,0.043490794,-0.03838845,-0.015848029,-0.058062363,-0.009489083,-0.039155241,,,
2763,0.178959399,-0.12140245,0.064751737,0.040016085,-0.053799625,-0.005364886,0.036028784,0.012672094,-0.055640511,-0.051881604,0.006974207,-0.046304867,-0.006704213,-0.087191701,-0.003153269,-0.024550878,0.022109397,0.010513151,-0.04231637,-0.029784005,,,
2765,0.150814638,-0.157603502,0.015142974,0.013302433,-0.060693309,-0.020543268,0.036407772,-0.018450724,-0.038571339,-0.095829673,0.018612947,-0.061868824,-0.023233829,-0.055303507,-0.064236201,-0.011512897,0.054282479,0.040506296,-0.050744776,-0.011414481,,,
2767,0.139092609,-0.141379848,-0.032909859,0.014702253,-0.070196889,-0.03068948,0.036115862,-0.039648194,-0.028026583,-0.07365267,0.010089193,-0.097794019,-0.050663348,-0.015156842,-0.084221005,-0.002296749,0.042064052,0.040038582,-0.039865781,-0.004892076,,,
2769,0.175259292,-0.138433903,-0.038498133,0.021630974,-0.070836313,-0.042655904,0.049050152,-0.056181911,-0.039945956,-0.031332124,-0.0136578,-0.087606877,-0.052304626,0.011354116,-0.092124738,-0.011131874,0.028803593,0.044375241,-0.01542831,-0.00655313,,,
2771,0.215319678,-0.143778518,-0.01306919,0.028493606,-0.034991413,-0.062601566,0.05087924,-0.067616366,-0.042650841,-0.032446831,0.00840159,-0.071001723,-0.048085179,0.00698579,-0.097280443,-0.046234697,0.066982917,0.075728953,0.008297371,-0.007807353,,,
2773,0.220991507,-0.107939526,-0.020147277,0.032415964,0.015653899,-0.049591366,0.035832904,-0.061565217,-0.05894338,-0.047365095,0.053623028,-0.04410205,-0.033448558,-0.020142186,-0.096954785,-0.057980277,0.107059553,0.089087628,0.036053255,-0.017889416,,,
2775,0.223355725,-0.069197796,-0.018880319,0.043647099,0.061736502,-0.042926118,0.032038957,-0.01943141,-0.077189192,-0.042633317,0.074358776,-0.040795922,-0.022562502,-0.022144945,-0.093779363,-0.046354484,0.095311552,0.088049583,0.029782688,-0.034873683,,,
2777,0.219012707,-0.055469055,-0.005113045,0.034371648,0.071714126,-0.067356266,0.035696812,0.018386841,-0.063399784,-0.020215921,0.101204224,-0.060261507,-0.030838219,-0.003089436,-0.059241299,-0.035528746,0.065270483,0.089862011,0.000874958,-0.037615761,,,
2779,0.216659829,-0.061765291,0.012834483,0.010586875,0.056041803,-0.08043436,0.018568372,0.048223384,-0.063928008,0.019201104,0.089291625,-0.055062301,-0.017671458,-0.009714738,-0.039259654,-0.032075457,0.049008284,0.077000946,-0.001420034,-0.02786354,,,
2781,0.189034998,-0.088627398,0.000359892,-0.011780516,0.046241134,-0.060928792,0.006501158,0.043380674,-0.068491362,0.052982207,0.048791103,-0.043692332,0.025840905,-0.006271463,-0.005324104,-0.025460938,0.062100589,0.069517344,0.006888038,-0.027733698,,,
2783,0.164089024,-0.102983952,-0.01773536,-0.024925591,0.040669043,-0.049737509,0.009287048,0.027818682,-0.050475288,0.060046609,0.041128397,-0.021619627,0.029423522,0.018968398,0.01092398,0.000564263,0.07046558,0.067953095,0.007617365,-0.038032129,,,
2785,0.156984687,-0.117155112,0.003161814,-0.023319039,0.026870914,-0.031532638,0.000783363,0.005283705,-0.01806177,0.030449821,0.045112379,0.002185949,0.008174997,0.029194582,0.01616811,0.022044307,0.072924063,0.058547236,-0.021604141,-0.04366887,,,
2787,0.177072823,-0.093638174,0.042530399,0.003080639,0.019733148,-0.020002682,-0.005861797,-0.005168864,-0.004848972,-7.13E-05,0.038410455,0.008398811,-0.010855319,0.051037986,0.004999209,0.01491578,0.055369969,0.040918183,-0.057877142,-0.047742985,,,
2789,0.208898842,-0.069311,0.085532226,0.031975109,0.02116883,-0.009167943,0.012881397,0.020034242,-0.014394196,-0.019039307,0.018545419,0.033664644,-0.001451454,0.043174379,0.012715505,0.003391882,0.035040382,0.02053709,-0.083715573,-0.037364971,,,
2791,0.214014784,-0.08207576,0.120565109,0.047258053,0.014968671,0.00813986,0.028365662,0.025412152,-0.029168066,-0.042626917,0.007357188,0.051209249,0.020076696,0.037081901,0.023911091,-0.000394867,0.025339922,0.004941727,-0.083326884,-0.017690891,,,
2793,0.214275762,-0.091086775,0.132374033,0.04700762,-0.009677952,0.040970024,0.019401584,-0.00167207,-0.035416353,-0.060999218,0.00366377,0.047016773,-0.002783131,0.06816753,0.016272776,0.019682489,0.011909727,0.002454331,-0.060422916,-0.019149901,,,
2795,0.215477437,-0.093750373,0.119973503,0.045606375,-0.03766128,0.059413739,0.03276813,-0.034329023,-0.027328622,-0.051690884,-0.005316584,0.033882253,-0.017166028,0.075822361,0.013372938,0.057389006,-0.001142202,-0.000906058,-0.036930691,-0.026046805,,,
2797,0.226658285,-0.093412749,0.103705287,0.051001668,-0.051978409,0.048904937,0.03801585,-0.04175882,-0.022483466,-0.02686662,-0.033366974,0.016062839,-0.032454111,0.060502961,-0.002732739,0.065270081,-0.022001565,0.009892968,-0.014792673,-0.011109516,,,
2799,0.243197232,-0.078985475,0.070924707,0.05044936,-0.052779917,0.039103314,0.026170082,-0.030320013,-0.016221445,-0.001618342,-0.041374683,-0.001527313,-0.040895585,0.04315478,-0.02756623,0.016767107,-0.008310951,0.006713769,-0.002672647,0.023741996,,,
2801,0.250676692,-0.047646288,0.056030031,0.048755169,-0.036439721,0.025298327,0.023806503,-0.00844404,-0.016001785,-0.00190908,-0.023403537,-0.023070125,-0.044359241,0.031965543,-0.044132527,-0.045717664,0.016509881,0.002769347,-0.004537697,0.025745779,,,
2803,0.250630558,-0.020731021,0.058164138,0.0565653,-0.022844356,0.009703899,0.039675586,0.015998002,-0.029102836,-0.030357653,-0.039996609,-0.029800273,-0.022202719,0.028340386,-0.033743344,-0.057822235,0.00989623,-0.00633541,-0.000535727,0.008583516,,,
2805,0.24870424,0.009508874,0.083927199,0.059906647,-0.01362608,0.009250913,0.042812757,0.033410549,-0.029105455,-0.056183569,-0.054711167,-0.027795343,0.008517396,0.029891636,-0.014581529,-0.051912751,-0.005416628,-0.015767986,0.001613389,0.011914034,,,
2807,0.26232183,0.00557789,0.101724595,0.052016977,-0.011912978,0.017861519,0.038144905,0.039661784,-0.021573015,-0.058019508,-0.030225718,-0.02133587,0.04651979,0.02287947,-0.005942172,-0.025484381,-0.003997173,-0.030247089,-0.00250947,0.042199261,,,
2809,0.253895193,-0.017068028,0.112727083,0.04785857,-0.013600357,0.021314016,0.017532412,0.021000469,-0.019969087,-0.016284484,-0.008565535,-0.001850422,0.064415924,0.021203872,-0.028112479,-0.018023709,-0.007027987,-0.043448269,-0.001925275,0.054523699,,,
2811,0.248847872,-0.043085884,0.110325739,0.035342924,-0.008020649,0.024292512,0.006434579,0.021490013,-0.024016365,-0.004733191,-0.012049222,0.035230391,0.054882664,0.01159299,-0.034707453,-0.026155146,0.006844856,-0.040478244,-0.008817384,0.054707497,,,
2813,0.253845394,-0.053087305,0.087196276,0.017880429,-0.02136646,0.015259675,-0.00210966,0.041968305,-0.028547458,-0.020178938,-0.029090801,0.053389318,0.022200163,-0.00938035,-0.019224234,-0.023995623,0.00377431,-0.036040004,-0.019868085,0.044289824,,,
2815,0.257261574,-0.048629936,0.063268855,0.004700507,-0.034280717,-0.00520205,-0.004506363,0.032725632,-0.00659357,-0.040994953,-0.022250518,0.062538587,0.009434158,-0.012847296,-0.017123176,-0.022923457,-0.004061204,-0.037641775,-0.039101344,0.031784061,,,
2817,0.295842588,-0.03195085,0.049507163,0.02382298,-0.02396825,-0.01224511,0.005383965,-0.01230132,0.012789537,-0.036741029,-0.009506608,0.049218081,0.022332655,-0.014217515,-0.002299249,0.004040728,0.011017435,-0.019793887,-0.029734977,0.04006188,,,
2819,0.359734505,-0.015691986,0.029206883,0.048548937,-0.019516848,-0.016233711,0.026256524,-0.061351858,-0.005603169,-0.02118104,0.001792742,0.04232578,0.014206581,-0.022479162,0.033032827,-0.00045824,0.029536653,0.013626195,-0.029319478,0.035929248,,,
2821,0.398770005,0.008601226,0.014799644,0.031386904,-0.017305192,-0.027205043,0.050441962,-0.093791783,-0.022558298,-0.012274439,0.019563412,0.050316703,0.017301366,-0.018206924,0.04173933,-0.020447774,0.052366842,0.026318021,-0.042167872,0.03578677,,,
2823,0.410867691,0.045830548,0.017007161,0.025469601,-0.005844289,-0.027858529,0.046716645,-0.107505798,-0.006813258,0.000227063,0.041101627,0.064560264,0.043629896,-0.021996204,0.023695761,-0.01920826,0.076452799,0.015516432,-0.06809976,0.057049334,,,
2825,0.454364091,0.083869547,0.026787776,0.046913013,0.019408563,0.004122834,0.023383193,-0.095957831,0.004024224,0.006545082,0.072929487,0.056236465,0.052933026,-0.016195428,0.016284714,-0.034897149,0.08865191,0.00696596,-0.073662892,0.064503461,,,
2827,0.519919813,0.126353174,0.042984139,0.073465168,0.026627196,0.037370332,0.010488143,-0.074554175,-0.014257049,0.003125206,0.063553885,0.015608332,0.033609375,0.001668562,0.01893658,-0.039047617,0.071756631,0.004453666,-0.075254299,0.064350367,,,
2829,0.582268775,0.182533413,0.039061561,0.082351968,0.026137492,0.029903252,0.027748881,-0.057094336,-0.016227592,-0.000926966,0.043917723,-0.033375166,0.023277918,0.006001257,0.024383921,-0.036149193,0.050696779,-0.001728093,-0.072973996,0.078232206,,,
2831,0.642095149,0.257891506,0.035259396,0.064063512,0.023515183,-0.005374849,0.057204284,-0.055514887,0.000940879,-0.006257437,0.038349401,-0.045972034,0.037194975,0.021891022,0.050760884,-0.026453659,0.051637068,-0.0017034,-0.057898469,0.085474767,,,
2833,0.707998753,0.34469375,0.051210776,0.042108007,0.019509101,-0.032548908,0.067189351,-0.077490374,0.011767382,-0.011528638,0.043084249,-0.029491587,0.049566749,0.034812041,0.068826817,-0.003506011,0.045777589,0.004743082,-0.058520082,0.083160959,,,
2835,0.770855546,0.428209931,0.075629994,0.031948019,0.025253054,-0.02909627,0.078199789,-0.099728972,0.030119581,-0.017801333,0.035516039,-0.028739922,0.058310561,0.030388195,0.086650647,0.03261698,0.034511209,0.004142264,-0.042464625,0.080140866,,,
2837,0.816558123,0.48687008,0.084934734,0.049037926,0.031383075,-0.008680708,0.108625606,-0.10994602,0.026467569,-0.020729529,0.012120295,-0.017945364,0.060874239,0.015673766,0.079330124,0.049085926,0.02587248,0.007552511,-0.039648589,0.070114106,,,
2839,0.853754997,0.540364981,0.075458869,0.058849823,0.025388353,0.008465539,0.123054586,-0.098523267,0.029795429,-0.014469895,0.001878405,-0.010422288,0.048929609,-0.006998624,0.068557411,0.047687583,0.023059094,0.029648738,-0.070556596,0.059206244,,,
2841,0.912141979,0.589312136,0.050504521,0.050291184,0.010627956,-0.003049323,0.098576613,-0.082512774,0.041165866,-0.013199253,-0.002843061,-0.026576634,0.041553643,-0.024234872,0.070663534,0.049196359,0.010623751,0.035729978,-0.083567962,0.042361248,,,
2843,0.950175405,0.61996007,0.025181198,0.035033643,-0.002882025,-0.013536834,0.06176208,-0.081116833,0.035203628,-0.010552032,-0.011675361,-0.043956541,0.038597252,-0.030015728,0.086522907,0.028350743,0.024576997,0.033932559,-0.081892535,0.01671651,,,
2845,0.947245419,0.635377467,0.031929173,0.037660841,-0.017751539,-0.000324816,0.026676919,-0.07844609,0.043093551,-0.021588059,-0.023145715,-0.014228649,0.050837368,-0.032654535,0.0938337,0.031131705,0.045454144,0.042312302,-0.077754505,0.002225988,,,
2847,0.947686791,0.62628746,0.052095983,0.035047337,-0.032958515,0.009907771,0.003168163,-0.078079827,0.076065198,-0.032362454,-0.039983653,0.006694624,0.064592794,-0.044577226,0.100757182,0.053559359,0.051262017,0.065789059,-0.09279047,-0.001044466,,,
2849,0.971408665,0.590297103,0.053804491,0.030061629,-0.036542993,0.029413229,-0.004952629,-0.057307322,0.085053988,-0.066423684,-0.042963017,-0.008255338,0.057275806,-0.047334116,0.107731931,0.059106126,0.054396823,0.065567397,-0.108807825,0.009809286,,,
2851,0.998144984,0.542408884,0.053607445,0.042476881,-0.019105081,0.041851804,0.000758082,-0.02929103,0.065544963,-0.081235617,-0.030165918,-0.027545704,0.032832921,-0.031597078,0.095705345,0.034759894,0.061735183,0.052456271,-0.10796047,0.011746709,,,
2853,0.986533999,0.517486453,0.05698197,0.034578107,-0.004791538,0.032057978,0.01270145,-0.03123715,0.024747195,-0.095543236,-0.041219451,-0.017593846,-0.007068279,-0.010586488,0.070894234,-0.004121551,0.064356193,0.05073382,-0.089797422,0.009831694,,,
2855,0.935465574,0.504043758,0.052620247,0.003813377,0.01664779,0.011207036,0.005760741,-0.034512181,-0.003947687,-0.073149674,-0.031952485,0.006791881,-0.026434842,0.006499222,0.056137417,-0.022002472,0.054729916,0.053957954,-0.074480705,-0.007366155,,,
2857,0.901488364,0.481025606,0.01965823,-0.046218816,0.049394015,-0.004838382,0.010005573,-0.038957212,-0.039340187,-0.018265322,-0.033788003,0.017773814,-0.01410044,0.025479721,0.028580222,-0.009538839,0.043120358,0.036493383,-0.064728253,-0.028927848,,,
2859,0.886282325,0.44366762,-0.006500758,-0.081987016,0.051999096,-0.018903226,0.014073556,-0.020834208,-0.0784529,0.010563453,-0.053128552,0.008286755,0.022803098,0.021352284,0.003358628,0.00696752,0.047496073,0.018268686,-0.037079029,-0.021139927,,,
2861,0.85562557,0.421852469,0.01010005,-0.076840304,0.027460581,-0.047106065,0.016584693,0.020267302,-0.081727266,0.039285306,-0.06866511,-0.009553784,0.033024739,0.013388767,0.010824603,0.017112745,0.038804702,-0.001327621,-0.007439426,-0.009719299,,,
2863,0.848623872,0.4278,0.037319727,-0.06509465,0.005266277,-0.06381882,0.015868902,0.032160107,-0.054959223,0.035949152,-0.074348055,-0.020794576,0.015775027,0.02836729,0.039435375,0.021682106,0.007463597,0.002956138,-0.001004037,0.014727673,,,
2865,0.88358283,0.434299767,0.06222146,-0.051993914,-0.018384725,-0.047537021,0.023135746,0.026803957,-0.006598996,0.016009225,-0.072697841,-0.049849126,0.010191036,0.007625229,0.058830161,0.042625405,0.000601855,0.026888257,-0.013767285,0.042298175,,,
2867,0.899757981,0.438806325,0.098043539,0.001146041,-0.023399603,-0.0190286,0.035799243,0.018481351,0.051743142,0.006882869,-0.039415028,-0.048273142,-0.012090127,-0.027544785,0.070905186,0.045511428,0.013260551,0.054219771,-0.032075536,0.05115116,,,
2869,0.886100888,0.452974677,0.127573639,0.028746488,-0.016467465,-0.003944474,0.046700865,-0.002979282,0.085982278,-0.00740582,0.005489147,-0.01757979,-0.049656563,-0.069594383,0.081540823,0.033311978,0.030986169,0.062739432,-0.042741887,0.037878986,,,
2871,0.886890113,0.469498843,0.134504333,0.003324065,-0.000309416,0.012220841,0.052469991,-0.012129434,0.078827322,-0.032267977,0.007037792,-0.035743006,-0.07333865,-0.104265742,0.095646486,0.036496934,0.050896354,0.071450979,-0.050469697,0.010240778,,,
2873,0.888803542,0.476900131,0.141558126,-0.020286715,0.006680105,-0.005198913,0.048439063,-0.020465132,0.066868827,-0.052873991,-0.006912689,-0.062567465,-0.081793778,-0.095139213,0.129335463,0.038340285,0.055134464,0.076276287,-0.02587707,0.005192766,,,
2875,0.916635036,0.489631563,0.134177506,0.006937339,0.016975284,-0.032281693,0.016692074,-0.036139749,0.048525568,-0.039234191,-0.006553812,-0.051350158,-0.110691063,-0.072340816,0.135727584,0.036808733,0.033455905,0.059066206,0.005435572,0.007354303,,,
2877,1.00032866,0.518460095,0.112027876,0.023231113,0.016414711,-0.042160816,-0.020599628,-0.056343965,0.030920057,-0.019122193,-0.013915407,-0.033568677,-0.088175222,-0.079778388,0.111097403,0.044772867,0.015625168,0.031155162,0.018360302,-0.018855324,,,
2879,1.102644801,0.583735764,0.066365302,0.007959242,0.01595985,-0.027160363,-0.031576723,-0.066313207,0.050261743,-0.014998397,-0.026945999,-0.033662695,-0.019907651,-0.089883938,0.081391081,0.043566782,0.019677313,0.009994319,0.009778403,-0.02954106,,,
2881,1.204611897,0.660850227,0.05265402,-0.013104196,0.021610869,0.000942034,-0.021838652,-0.067981444,0.057954166,-0.029148975,-0.002695762,-0.022408782,0.039797146,-0.095695317,0.084665641,0.053365387,0.049970869,0.028147029,-0.031012692,-0.028339773,,,
2883,1.286504269,0.71118325,0.0683107,-0.019503621,0.009605464,0.031827934,-0.035230629,-0.057909541,0.041731998,-0.036446452,-0.000239042,0.004190905,0.058489021,-0.084377199,0.120697491,0.075938165,0.100669548,0.060296394,-0.064365521,-0.014971391,,,
2885,1.33707726,0.730340958,0.077303544,-0.017899131,-0.007277131,0.03570956,-0.047646564,-0.041098047,0.021252461,-0.016216028,-0.01216876,0.006898922,0.039578784,-0.066873133,0.180892348,0.111551262,0.15094766,0.059436027,-0.05865274,0.011969619,,,
2887,1.334613085,0.760620296,0.074448593,-0.026769688,-0.006839785,0.027849047,-0.035606168,-0.006725727,0.00771078,-0.028806467,-0.02583237,0.024450276,0.021573888,-0.044363003,0.212758362,0.123127781,0.183016121,0.036008801,-0.040537737,0.016239204,,,
2889,1.313447118,0.823729634,0.05400683,-0.032099985,0.011369735,0.027923308,-0.040275957,0.025375176,0.00229771,-0.048526075,-0.031510089,0.055719748,0.029344574,-0.013206911,0.208428234,0.115088411,0.204904661,0.036929157,-0.022280067,-0.001731974,,,
2891,1.318522453,0.893426359,0.035081979,-0.04181556,0.036742479,0.035727318,-0.04857979,0.039797325,0.018359447,-0.057515129,-0.011435067,0.050956417,0.061668545,0.001234484,0.190980166,0.122391552,0.201865375,0.047060933,-0.024949914,-0.011147741,,,
2893,1.343850374,0.936052382,0.062074009,-0.039833497,0.042705942,0.028039794,-0.014672177,0.033939436,0.060275696,-0.052388765,0.004181279,0.038985562,0.07664369,-0.020186756,0.190345466,0.129009083,0.18484354,0.052244112,-0.031466588,-0.011189889,,,
2895,1.369968653,0.975077927,0.100006878,-0.04491213,0.023284122,0.004981014,0.033197083,0.038018014,0.08365047,-0.018205725,0.001321218,0.018653147,0.061627869,-0.033047836,0.188677549,0.149921596,0.134480074,0.045656037,-0.02918461,0.020463184,,,
2897,1.447760582,1.029006124,0.107981622,-0.077465229,0.004524463,-0.006218462,0.049953673,0.063314281,0.07846994,0.006642163,-0.005000381,-0.035527356,0.006347106,-0.051964294,0.226119876,0.141494781,0.077946424,0.010807758,-0.034470238,0.049655583,,,
2899,1.618687272,1.0922966,0.095362045,-0.082566604,-0.002432023,-0.02323072,0.056175109,0.060829394,0.065901577,0.026714463,-0.000356263,-0.045577578,-0.051547565,-0.052490883,0.263436675,0.085426725,0.060205754,-0.021652957,-0.062051788,0.064744398,,,
2901,1.852817774,1.132438302,0.069549344,-0.069970891,-0.014830969,-0.012253095,0.036693115,0.0194644,0.075094797,0.017586619,-0.02849862,-0.009658739,-0.083400317,-0.056489706,0.288422257,0.066329509,0.063887037,-0.021036519,-0.057842504,0.034839164,,,
2903,2.072639942,1.192793608,0.062352099,-0.059766717,-0.037523702,-0.004872254,-0.007019977,-0.016791102,0.103509367,-0.005194457,-0.068665549,0.019528233,-0.083265178,-0.061887316,0.296527922,0.077964731,0.068803199,0.012517495,-0.000209276,-0.009757809,,,
2905,2.222257614,1.255056858,0.075769536,-0.065901957,-0.025814056,-0.016035965,-0.036470678,-0.046112567,0.122257724,-0.032246545,-0.081311375,0.052725475,-0.09446612,-0.065478846,0.300078064,0.082808346,0.103763245,0.029416356,0.065111645,-0.028666276,,,
2907,2.293669462,1.302196145,0.124202438,-0.071994103,-0.001301076,-0.019362858,-0.061726823,-0.082287237,0.078533918,-0.031313468,-0.084641464,0.081210025,-0.088829331,-0.065668821,0.277760684,0.097559907,0.158643842,0.028759666,0.092327751,-0.050154731,,,
2909,2.334301472,1.347379088,0.160806149,-0.080178708,-0.001617797,0.011059654,-0.089957468,-0.071226664,0.048998445,0.004762765,-0.093131855,0.046448231,-0.044808175,-0.075186424,0.257874876,0.150010332,0.228481218,0.047222197,0.075291283,-0.036782011,,,
2911,2.386067152,1.437970161,0.160038546,-0.086540423,0.020572077,0.048173174,-0.112306178,-0.040063709,0.071806505,0.040586993,-0.049228746,0.009714531,-0.025447214,-0.061482161,0.284169406,0.253829807,0.295460641,0.083580367,0.072069235,0.002873258,,,
2913,2.44457531,1.556375384,0.14198871,-0.071223274,0.071089126,0.025492536,-0.13082169,-0.02501169,0.134362459,0.046328984,0.011535474,0.005444626,-0.070628293,-0.011843535,0.334202975,0.33512187,0.332644135,0.133159935,0.084156483,0.039806731,,,
2915,2.519873619,1.684003592,0.105073281,-0.046203181,0.089091346,-0.026819114,-0.133688405,-0.039658092,0.201414928,0.017314635,0.040596612,-0.004846228,-0.123667896,0.007596755,0.420514584,0.357537359,0.313717544,0.159660041,0.05652383,0.062462781,,,
2917,2.687195301,1.792791605,0.085754983,-0.031799626,0.042718209,-0.070359893,-0.127659515,-0.013345068,0.227959678,-0.014583689,0.084724791,0.008626635,-0.110206261,-0.048430003,0.494703203,0.345586866,0.247540042,0.141800255,-0.009941135,0.084752344,,,
2919,2.882562876,1.897284389,0.108619221,-0.040196195,-0.00026468,-0.105194882,-0.125472635,0.020176427,0.227449641,-0.024907276,0.144710347,0.040647894,-0.115736641,-0.087555185,0.553411305,0.321502626,0.192728281,0.095938638,-0.039958954,0.093326293,,,
2921,3.035683632,2.035969257,0.103662059,-0.058728904,0.02007165,-0.090301722,-0.101858698,-0.013851749,0.232163236,-0.014687479,0.122299567,0.092000276,-0.129389182,-0.088151619,0.552671015,0.312578887,0.22668238,0.071811907,-0.029947659,0.113668501,,,
2923,3.114613056,2.170947075,0.083397992,-0.011465015,0.052680057,-0.039449073,-0.052662686,-0.074696444,0.171470717,0.00865686,0.085846543,0.110322326,-0.125917256,-0.119936168,0.531633914,0.342134148,0.304379553,0.057344336,-0.015816748,0.163087025,,,
2925,3.180557966,2.260989666,0.109513402,0.042214449,0.057295617,0.006726474,0.022023603,-0.118216664,0.074542008,0.063706636,0.089615792,0.054293584,-0.098796584,-0.127550974,0.509794533,0.401990682,0.35533455,0.038491458,-0.046045478,0.175944299,,,
2927,3.364934921,2.376324415,0.161381796,0.094987929,0.041280687,0.022562495,0.041231483,-0.102468841,0.065724574,0.109284431,0.070310205,-0.002577438,-0.086544372,-0.094732232,0.497314304,0.447357714,0.385725349,0.036656305,-0.057864502,0.125429139,,,
2929,3.550479412,2.524664164,0.207926884,0.107931733,0.009316875,0.02641228,0.019981677,-0.062468518,0.064276442,0.103364438,0.036217559,-0.00794385,-0.104712009,-0.0656057,0.507342756,0.431884438,0.435698718,0.048422426,-0.035486445,0.071404457,,,
2931,3.699085951,2.635091066,0.19063668,0.109882817,0.011281344,0.025145764,0.004059872,-0.027277553,0.056148004,0.09163098,0.026794372,-0.015431538,-0.154652134,-0.062298216,0.504825711,0.358872384,0.487048566,0.030762423,-0.002291524,0.040340837,,,
2933,3.846028566,2.701227188,0.168120384,0.131212711,0.003650398,0.021610608,-0.026194829,0.03231705,0.067064069,0.087878995,0.046413664,-0.058528118,-0.185872659,-0.048443839,0.530252516,0.274854451,0.483983904,0.027146347,-0.002467314,0.049941335,,,
2935,3.963760853,2.751438379,0.20601362,0.155048758,-0.01481378,0.034043062,-0.006127269,0.0534008,0.095668085,0.09160541,0.063975602,-0.144402161,-0.180967063,-0.0278669,0.616402268,0.219421163,0.429754972,0.087490171,-0.015269007,0.120115571,,,
2937,4.038695812,2.841164112,0.261533141,0.122209229,-0.057072043,0.017549925,0.077205181,0.041434504,0.078855976,0.026138356,0.020074505,-0.182430819,-0.142173216,-0.032838978,0.69477576,0.167027697,0.34771058,0.121347457,-0.032741804,0.191481277,,,
2939,4.106190205,2.980062485,0.292470962,0.058740813,-0.137265608,-0.001402754,0.102991723,-0.004661766,0.044627655,-0.03932678,-0.020232212,-0.075141042,-0.1141093,-0.066487454,0.779928863,0.099895991,0.262092888,0.128664181,-0.023085043,0.170732081,,,
2941,4.280200005,3.120771408,0.316157371,0.053637322,-0.217891797,-0.018800121,0.041960306,-0.022847489,0.074413612,-0.033157457,-0.059449438,0.044660546,-0.101223163,-0.036730684,0.860520422,0.14222607,0.262252718,0.141165867,-0.038808826,0.08914528,,,
2943,4.616275311,3.28452158,0.340480775,0.041524157,-0.226829037,-0.025251737,-0.04315516,0.039891936,0.181543693,-0.033867721,-0.088071659,0.115961254,-0.142137721,-0.026341151,0.952620208,0.300933957,0.376394928,0.113844626,-0.048322104,0.08265084,,,
2945,5.170472145,3.534706354,0.338413775,-0.035205711,-0.187208444,-0.047772113,-0.043735858,0.082149372,0.277491778,-0.069507189,-0.065513037,0.145175561,-0.216481134,-0.082535386,1.062910199,0.48856318,0.491298109,0.064986937,0.005363274,0.163710535,,,
2947,5.759277344,3.807318449,0.286789179,-0.112926818,-0.16184479,-0.097644664,-0.03229861,0.036607191,0.305486768,-0.081795335,-0.015880475,0.059348203,-0.191394299,-0.165521309,1.125328898,0.62596494,0.588045776,-0.027601067,-0.006136198,0.227480575,,,
2949,6.122573376,3.953768492,0.252309084,-0.085052654,-0.177416131,-0.13561222,-0.076670937,-0.078633256,0.29342106,-0.004662652,0.053010609,0.008215206,-0.094616741,-0.109973051,1.173310757,0.644796193,0.616059899,-0.131620213,-0.099301964,0.20404169,,,
2951,6.14793396,3.925309658,0.259741366,-0.050646715,-0.16860576,-0.13798219,-0.141184479,-0.173757389,0.224148914,-0.019402592,0.123617388,0.091731973,0.023648998,-0.047550369,1.244746566,0.544618189,0.574626029,-0.162442461,-0.188805103,0.1619578,,,
2953,5.972262383,3.752659082,0.262091398,-0.05599577,-0.129640222,-0.157354757,-0.134350345,-0.148296893,0.18012774,-0.068734482,0.13162683,0.128673345,0.14560613,-0.056344002,1.211633205,0.361209244,0.5327335,-0.121146522,-0.248883352,0.098552153,,,
2955,5.659524918,3.524089336,0.241604149,-0.017298633,-0.125051111,-0.236743629,-0.013923732,-0.143641636,0.175543517,-0.150002167,0.138798133,0.037749689,0.27033785,-0.124714933,1.060636997,0.202822506,0.415219069,-0.047176357,-0.247525886,-0.016475473,,,
2957,5.125457287,3.22786808,0.265258312,-0.047216643,-0.145176321,-0.207981214,0.17207779,-0.128005594,0.168755531,-0.184467167,0.058404241,-0.046174582,0.318919957,-0.155607015,0.936370909,0.132874027,0.171949431,-0.024898592,-0.096706621,-0.12965703,,,
2959,4.391140461,2.829625845,0.241670266,-0.079183921,-0.132701963,-0.102647498,0.356506467,-0.126255989,0.169825956,-0.161081553,0.003843429,-0.117598191,0.181002259,-0.087203369,0.751084924,0.073965587,-0.103336997,-0.02641427,0.101920724,-0.164825335,,,
2961,3.627236366,2.41484189,0.149121106,-0.150945142,-0.044375252,-0.087548941,0.398969889,-0.180341989,0.187633544,-0.056393974,0.037177332,-0.246042222,0.064875394,-0.075637609,0.476040602,0.112711437,-0.358626872,0.051402442,0.303613275,0.058174685,,,
2963,3.026351452,2.018511772,0.091971777,-0.213000625,0.022022953,-0.202984765,0.331296831,-0.170145452,0.128653228,0.049176693,0.091790512,-0.363494128,-0.06861788,-0.11366196,0.22057274,0.189378917,-0.503803372,0.125519842,0.276818663,0.286892682,,,
2965,2.675845146,1.784765959,0.075594559,-0.226643711,-0.082493603,-0.282883853,0.14799431,-0.140727118,-0.006352716,0.037638865,0.182497948,-0.333046794,-0.225504279,-0.058075719,0.089275323,0.190303519,-0.517678618,0.245957345,0.003467181,0.322380394,,,
2967,2.392641068,1.561254263,0.126256749,-0.1591039,-0.295307726,-0.323987186,-0.019857926,-0.12969552,-0.040000327,0.039597303,0.282689095,-0.275625855,-0.332565159,0.023782903,-0.005387584,0.194727749,-0.502952814,0.462529451,-0.141468972,0.164926112,,,
2969,2.145601988,1.123318911,0.21190314,-0.158848584,-0.363942236,-0.285970449,-0.152496532,0.005875768,0.046643615,0.094755478,0.384580135,-0.3000606,-0.426222473,0.071238622,0.001738824,0.278424084,-0.632433355,0.515806615,-0.13835901,0.100174993,,,
2971,1.930402279,0.627994657,0.225733086,-0.303741306,-0.371825278,-0.151703477,-0.206992909,0.162192181,0.263110191,-0.022916894,0.389591008,-0.281969845,-0.461352199,0.113975987,-0.075827606,0.27263099,-0.746863842,0.188627824,-0.087840989,0.302567959,,,
2973,1.731060266,0.186478466,0.13113223,-0.466483384,-0.208805382,-0.248244435,-0.307803899,0.131943017,0.600695431,-0.328551918,0.306588203,-0.240326256,-0.441162646,0.162465051,-0.019281734,0.175266221,-0.849859536,-0.267896026,-0.00298445,0.358338207,,,
2975,1.677517653,-0.085880056,-0.173369035,-0.493872762,-0.01632401,-0.394185126,-0.466530383,0.148353428,0.662068188,-0.45536074,0.214596644,-0.338724464,-0.443297505,0.129214153,0.122165628,-0.012248844,-0.857968807,-0.730537653,-0.09000995,0.146871209,,,
2977,1.627571464,-0.047301054,-0.394240797,-0.363256484,0.1596919,-0.455726027,-0.760613739,0.274817169,0.634857357,-0.326211095,0.245326936,-0.40008232,-0.370769203,-0.103997663,0.194294184,-0.078981049,-0.702300668,-1.037640929,-0.473166168,-0.174846187,,,
2979,1.448026419,0.084563762,-0.418396652,-0.273656458,0.147044212,-0.730561495,-1.312341452,0.424295485,0.436650127,-0.076245844,0.351771921,-0.137465358,-0.061556458,-0.412059069,0.247947246,-0.278934687,-0.544430256,-1.023709655,-0.583002269,-0.161020011,,,
2981,1.362136841,0.291183561,-0.394645512,-0.07286714,-0.025931219,-1.216650724,-1.622568965,0.48733604,-0.224398687,0.023133058,0.778161764,0.358956993,0.008852599,-0.580240726,0.221994475,-0.607451797,-0.237713382,-0.64567703,-0.657533526,-0.237167895,,,
2983,1.046408057,0.526802599,-0.037893366,-0.198069245,-0.019967277,-1.238872409,-1.648346424,0.361677855,-0.707796693,-0.543214977,1.000758529,0.623429418,0.129008532,-0.539950132,0.030359615,-1.138915181,-0.063967034,-0.497185022,-0.951095164,-0.287280262,,,
2985,0.512192369,0.641983449,0.459988952,-0.366532773,0.440883696,-1.26579833,-1.755738139,-0.27422905,-0.908161044,-1.61766398,0.784436226,0.111456588,0.625673056,-0.711678326,-0.098130368,-1.088297367,-0.444442183,-0.773488522,-1.038611174,-0.305632293,,,
2987,0.133241609,1.007339954,1.156478047,-0.835644901,0.974068463,-1.889841557,-1.657769203,-0.753629625,-1.044330955,-2.252390146,0.063638672,-0.564097762,1.337162733,-1.331111073,-0.996615708,-0.794222057,-1.298012853,-0.973595977,-0.88654387,-0.080453083,,,
2989,-0.345118552,1.494277596,1.588829517,-1.045067072,1.118848205,-2.496819735,-1.547330976,-0.68640846,-1.031908989,-1.777885795,-1.058431506,-0.369903386,2.081314325,-1.053629756,-2.022081852,-0.045120835,-1.543194771,-1.007246614,-0.477908909,-0.125975832,,,
2991,-0.499926567,0.62429297,2.302401304,-1.07744956,0.434838831,-2.250336647,-2.288416862,-0.771109104,-0.608399808,-0.411819339,-1.404114246,0.307551801,2.99024415,0.685248792,-2.710255861,0.665631652,-1.524111986,-1.256052136,-0.007395387,-1.010992646,,,
2993,-1.367594004,-0.318926245,3.052387714,-0.740299821,0.072157085,-1.731580138,-2.713033199,-1.668590903,-0.975286186,0.49917984,-0.798925281,0.31170851,3.309088469,1.953991413,-2.617687702,0.460443139,-1.07229495,-1.876637936,0.525401831,-1.678893566,,,
2995,-1.61722815,-0.753066719,3.375353813,-1.067267895,0.570058465,-0.995972395,-1.262847662,-0.677875519,-2.74463582,0.421721309,-0.14824149,0.299785793,3.541510105,1.775832891,-1.461734772,0.587825179,-1.369514942,-1.793386698,0.707454801,-2.23008728,,,