,"O-PTIR 1/O-PTIR","O-PTIR 2/O-PTIR","O-PTIR 3/O-PTIR","O-PTIR 4/O-PTIR","O-PTIR 6/O-PTIR","O-PTIR 8/O-PTIR","O-PTIR 9/O-PTIR","O-PTIR 1/O-PTIR","O-PTIR 3/O-PTIR","O-PTIR 5/O-PTIR","O-PTIR 6/O-PTIR","O-PTIR 7/O-PTIR"
,-7946.43994140625,-7885.240234375,-8087.64013671875,-8014.5400390625,-8059.5400390625,-7932.08984375,-8012.0400390625,-8013.39013671875,-8078.990234375,-8017.740234375,-8019.64013671875,-7982.14013671875
,-3310.19995117188,-3249.60009765625,-3229.60009765625,-3293.94995117188,-3195.25,-3235.85009765625,-3248.35009765625,-3249.60009765625,-3206.44995117188,-3200.85009765625,-3218.35009765625,-3200.85009765625
923,1.34802114963531,-2.28982925415039,-0.0489990524947643,-0.32119208574295,-1.7379332780838,-2.49463176727295,-1.47577393054962,1.89658176898956,-0.284761220216751,-3.48707127571106,0.585935175418854,0.432655036449432
925,0.240072682499886,-2.13049936294556,0.00670245289802551,-0.203090116381645,-2.66268277168274,-3.07162690162659,-1.10402393341064,1.71061754226685,1.0318216085434,-3.21060037612915,-0.356908619403839,1.20140767097473
927,-0.575892925262451,-2.10606741905212,-0.591270864009857,-0.71643590927124,-3.29629254341125,-3.44426822662354,-1.39992928504944,0.269735336303711,1.67223799228668,-5.18388605117798,-0.819559156894684,1.19483971595764
929,-0.678431689739227,-1.18769574165344,-1.77890479564667,-1.06574749946594,-2.4027636051178,-2.90250492095947,-1.46130514144897,-1.21294558048248,0.417828172445297,-5.43115186691284,-0.375531047582626,1.42873871326447
931,0.290098041296005,-0.902076601982117,-1.7767208814621,-1.48319900035858,-0.54667329788208,-1.34507036209106,-1.13524854183197,-0.982413172721863,0.200933367013931,-4.22581338882446,-0.26117330789566,0.317597985267639
933,1.62553882598877,-0.582273721694946,-0.434766411781311,-2.4113883972168,-0.307710736989975,0.2700574696064,-1.26778936386108,-0.932498812675476,-0.188130646944046,-1.18456268310547,0.86249965429306,-1.28585636615753
935,2.36694169044495,-0.66310065984726,-0.347402781248093,-1.7677059173584,-0.173362776637077,0.611991405487061,-1.05391120910645,-0.572548627853394,-0.190015971660614,-0.34041041135788,1.20707404613495,-1.87626492977142
937,1.7077898979187,-0.24401019513607,-0.810647189617157,-0.938749134540558,-0.066176749765873,0.54440975189209,-0.885022163391113,0.28766793012619,-0.110267199575901,-1.07721507549286,1.11710405349731,-1.88350331783295
939,0.926017761230469,-0.139660090208054,-0.43113100528717,-0.067669965326786,-0.0360027998685837,0.475489646196365,-0.681930840015411,1.13078451156616,-0.343842715024948,-1.62992537021637,0.749704360961914,-1.60112512111664
941,0.360884457826614,-0.0793165862560272,0.090629979968071,0.294179379940033,0.179031535983086,0.68783974647522,-0.424440681934357,1.76472806930542,-0.343079090118408,-1.04180777072906,0.852477729320526,-1.07366037368774
943,0.0260768178850412,0.129027500748634,0.597097992897034,0.334839701652527,0.387015044689178,0.892937064170837,-0.252537906169891,1.97710394859314,-0.350427895784378,-0.527244985103607,1.02385151386261,-0.748789012432098
945,-0.188006311655045,0.320626854896545,0.950875043869019,0.356568723917007,0.538938522338867,1.19580888748169,-0.152165204286575,1.99590659141541,-0.241799131035805,-0.426350474357605,1.03137898445129,-0.62491375207901
947,-0.236133337020874,0.308656841516495,1.28448152542114,0.44523549079895,0.707014262676239,1.47533893585205,-0.251750111579895,2.12611484527588,0.157501682639122,-0.412701427936554,1.23728132247925,-0.624490737915039
949,-0.071867398917675,0.144417762756348,1.62736666202545,0.775789678096771,0.77915346622467,1.88241624832153,-0.267515242099762,2.36804485321045,0.539668798446655,-0.288716197013855,1.66725933551788,-0.531390607357025
951,0.0486385375261307,0.0118467388674617,1.81759691238403,1.03188526630402,0.790336072444916,2.26021075248718,-0.117280647158623,2.63282918930054,0.743319153785706,-0.116250954568386,2.15137696266174,-0.487228810787201
953,0.146611899137497,0.080236054956913,1.92599165439606,1.13184404373169,0.904088199138641,2.46684789657593,0.128460720181465,2.77701020240784,0.931115388870239,-0.054126925766468,2.53157424926758,-0.392560482025146
955,0.333424389362335,0.21909236907959,2.08018326759338,1.24895250797272,1.08086919784546,2.61958694458008,0.403316080570221,2.74660062789917,1.08769369125366,-0.133992582559586,2.67077040672302,-0.241599574685097
957,0.623423933982849,0.371379226446152,2.2261049747467,1.4111088514328,1.25360953807831,2.79861617088318,0.659474611282349,2.66071033477783,1.21396660804749,-0.275483518838882,2.71731495857239,-0.211790218949318
959,0.974504947662354,0.50733083486557,2.40453386306763,1.46993899345398,1.38897621631622,3.06058931350708,0.808109998703003,2.69866585731506,1.35979080200195,-0.335208743810654,2.86148953437805,-0.156350746750832
961,1.2806224822998,0.705025851726532,2.53538227081299,1.48460674285889,1.47499680519104,3.30013585090637,0.997369170188904,2.85402703285217,1.49632680416107,-0.372879952192307,3.10861253738403,-0.102943316102028
963,1.56251680850983,0.86937689781189,2.54815292358398,1.49107384681702,1.52984225749969,3.44519281387329,1.20856106281281,3.06203269958496,1.6185941696167,-0.373026430606842,3.31745362281799,-0.0661382153630257
965,1.7296040058136,0.935277104377747,2.54137182235718,1.51295113563538,1.59895002841949,3.53629946708679,1.36713016033173,3.27224564552307,1.77755284309387,-0.374390780925751,3.37833094596863,-0.0346203558146954
967,1.63976740837097,0.871873199939728,2.58361434936523,1.53294837474823,1.57623875141144,3.60454511642456,1.40322005748749,3.45408773422241,1.86601424217224,-0.397228598594666,3.43849205970764,-0.00199699448421597
969,1.38941872119904,0.794827520847321,2.68532848358154,1.54986643791199,1.55445277690887,3.64033532142639,1.33531081676483,3.62321615219116,1.92902374267578,-0.371806681156158,3.5397937297821,0.032900046557188
971,1.22079479694366,0.857280492782593,2.80158162117004,1.55458641052246,1.61362242698669,3.66442394256592,1.26307690143585,3.69223546981812,2.04354763031006,-0.330132871866226,3.57599139213562,0.0450023338198662
973,1.15776824951172,0.983336508274078,2.86518669128418,1.57094538211823,1.72330462932587,3.73100185394287,1.2264769077301,3.69296479225159,2.07725119590759,-0.254487574100494,3.55340027809143,0.0700834095478058
975,1.1706907749176,1.09685516357422,2.8546245098114,1.590256690979,1.82071971893311,3.83406615257263,1.28602850437164,3.68323659896851,2.07429766654968,-0.182539477944374,3.54768061637878,0.124394558370113
977,1.34556090831757,1.13277530670166,2.87774634361267,1.58749222755432,1.87451016902924,3.90637373924255,1.38931119441986,3.70341014862061,2.09754228591919,-0.188569977879524,3.69143438339233,0.174109697341919
979,1.6446281671524,1.14958679676056,2.99784111976624,1.57769846916199,1.90856885910034,3.94481134414673,1.52298939228058,3.77094864845276,2.17705631256104,-0.226267337799072,3.85616993904114,0.195879399776459
981,1.9516476392746,1.24146294593811,3.139808177948,1.51979148387909,1.99135327339172,3.98809742927551,1.660364985466,3.86455917358398,2.30606317520142,-0.238764122128487,3.9359188079834,0.236479938030243
983,2.15845394134521,1.37759029865265,3.2588095664978,1.43375885486603,2.09074449539185,4.05042123794556,1.7815899848938,3.91974997520447,2.44984650611877,-0.22760859131813,4.03952598571777,0.265581488609314
985,2.29559063911438,1.52573943138123,3.34727716445923,1.37518072128296,2.12062907218933,4.16766262054443,1.85635149478912,3.9624650478363,2.59738206863403,-0.186248615384102,4.23153734207153,0.280679196119308
987,2.40888667106628,1.6363183259964,3.37525200843811,1.34555602073669,2.06734657287598,4.28264236450195,1.89858102798462,4.02389144897461,2.75217294692993,-0.147849351167679,4.37510442733765,0.309124112129211
989,2.43759679794312,1.65865755081177,3.36958074569702,1.35060620307922,1.98312973976135,4.39007472991943,1.91650593280792,4.06270837783813,2.86657071113586,-0.138468787074089,4.33426666259766,0.328030526638031
991,2.3426992893219,1.62589013576508,3.36520910263062,1.40793490409851,1.93908786773682,4.48886013031006,1.89551913738251,4.03874444961548,2.88788151741028,-0.142933413386345,4.21181583404541,0.326039433479309
993,2.18003845214844,1.58485007286072,3.36981797218323,1.47987449169159,1.95053398609161,4.4861798286438,1.83045935630798,3.98936557769775,2.7914252281189,-0.1398666203022,4.18546485900879,0.30235829949379
995,2.03129601478577,1.48833513259888,3.38286852836609,1.54605078697205,1.93775832653046,4.40843963623047,1.69851362705231,3.98898005485535,2.61372447013855,-0.133451998233795,4.1892294883728,0.27789893746376
997,1.84282433986664,1.30074298381805,3.42354345321655,1.61944055557251,1.90683543682098,4.35863494873047,1.52554547786713,3.9939501285553,2.38713431358337,-0.120598122477531,4.04288053512573,0.26601305603981
999,1.46324253082275,1.06402134895325,3.45656371116638,1.70800757408142,1.90501511096954,4.32821321487427,1.34444999694824,3.92613124847412,2.16466593742371,-0.058958251029253,3.7685980796814,0.262159377336502
1001,0.952352464199066,0.811363279819489,3.46977663040161,1.84640228748322,1.96272325515747,4.18156480789185,1.13994133472443,3.80419635772705,1.97680532932281,0.0351121611893177,3.51819634437561,0.263129770755768
1003,0.515247821807861,0.558720111846924,3.46387887001038,2.02168941497803,2.00936818122864,3.97044396400452,0.901739120483398,3.67106509208679,1.80924391746521,0.103239342570305,3.3734028339386,0.260133922100067
1005,0.218831852078438,0.364146709442139,3.42246770858765,2.19479036331177,2.01067972183228,3.79702401161194,0.672963380813599,3.50822401046753,1.6407595872879,0.124064207077026,3.25667953491211,0.224881678819656
1007,0.150316745042801,0.202712014317513,3.3949830532074,2.32319402694702,2.0279381275177,3.70803689956665,0.482862234115601,3.30553126335144,1.48377335071564,0.145663872361183,3.12657809257507,0.210192337632179
1009,0.291249692440033,0.063776969909668,3.39209032058716,2.43015551567078,2.09312772750854,3.63602304458618,0.305575042963028,3.11947345733643,1.36966168880463,0.205414965748787,3.05572199821472,0.225160837173462
1011,0.473060816526413,-0.0128926606848836,3.41501903533936,2.52839779853821,2.15235877037048,3.49624013900757,0.180782213807106,2.97405409812927,1.29593658447266,0.281129002571106,3.0382182598114,0.234423726797104
1013,0.584222376346588,-0.00303234462626278,3.45463109016418,2.58869647979736,2.18887281417847,3.34970045089722,0.103211343288422,2.86034798622131,1.25997519493103,0.322753846645355,2.97817611694336,0.229935824871063
1015,0.665830612182617,0.0219420529901981,3.48927044868469,2.61605286598206,2.21730804443359,3.31217980384827,0.0633125603199005,2.80057597160339,1.23645114898682,0.33386155962944,2.88459491729736,0.236800447106361
1017,0.761166453361511,0.0295412372797728,3.5065176486969,2.62796974182129,2.27038407325745,3.33323407173157,0.0387851186096668,2.76551651954651,1.20941400527954,0.336223214864731,2.84868741035461,0.270549297332764
1019,0.816413044929504,0.0237406920641661,3.52013468742371,2.66549491882324,2.34828162193298,3.3072338104248,0.0279347188770771,2.75088715553284,1.19509041309357,0.364256381988525,2.82573938369751,0.297006696462631
1021,0.802153527736664,0.0128937792032957,3.55226469039917,2.73400950431824,2.41191720962524,3.26194787025452,0.0349875949323177,2.74594712257385,1.19461143016815,0.42381152510643,2.77445220947266,0.293411612510681
1023,0.760838031768799,-0.0138796176761389,3.60696601867676,2.80079007148743,2.41853809356689,3.28834128379822,0.0329471603035927,2.74437236785889,1.17455172538757,0.474247843027115,2.70113372802734,0.279954195022583
1025,0.751462936401367,-0.023947574198246,3.65296006202698,2.82763385772705,2.41199588775635,3.35464119911194,0.0141827147454023,2.76324510574341,1.16113233566284,0.50005179643631,2.68061470985413,0.302176952362061
1027,0.744915843009949,0.0059022419154644,3.6793155670166,2.83638525009155,2.4057879447937,3.32682037353516,-0.0108028389513493,2.76314640045166,1.16229486465454,0.519912779331207,2.74860191345215,0.342659890651703
1029,0.71421891450882,0.0122886197641492,3.7129282951355,2.8548629283905,2.39038348197937,3.19922041893005,-0.0195174403488636,2.72054481506348,1.16627717018127,0.547790884971619,2.81699538230896,0.364558815956116
1031,0.67746239900589,-0.0315201357007027,3.7319700717926,2.84558963775635,2.35799908638,3.12740421295166,0.00512272166088223,2.63458919525146,1.16093730926514,0.577354848384857,2.81241321563721,0.371083050966263
1033,0.696103870868683,-0.0334064625203609,3.7540819644928,2.82683706283569,2.33623480796814,3.15127468109131,0.0174490436911583,2.54362916946411,1.15419054031372,0.597898006439209,2.81913638114929,0.378216087818146
1035,0.743207573890686,-0.017119400203228,3.79062104225159,2.83010244369507,2.36007571220398,3.16362643241882,0.0175944864749908,2.52268195152283,1.16758298873901,0.610286891460419,2.90996789932251,0.371866792440414
1037,0.772736966609955,-0.0400261133909225,3.82987427711487,2.84530830383301,2.41006398200989,3.09519982337952,0.0429449267685413,2.54934906959534,1.21302831172943,0.609058141708374,2.97089695930481,0.351783961057663
1039,0.79531329870224,-0.0374558232724667,3.86163091659546,2.87495803833008,2.44159030914307,3.03874111175537,0.0983733609318733,2.57389044761658,1.2479419708252,0.590911567211151,2.91384172439575,0.337479203939438
1041,0.823258280754089,-0.02283700928092,3.88948583602905,2.88457179069519,2.45861530303955,3.04962468147278,0.160692200064659,2.58982944488525,1.26999092102051,0.572912931442261,2.81530046463013,0.353459298610687
1043,0.85582047700882,0.00297929649241269,3.90781140327454,2.90239071846008,2.46542048454285,3.0288622379303,0.226394355297089,2.63886523246765,1.28569602966309,0.565602004528046,2.81002521514893,0.389612466096878
1045,0.832480847835541,0.0724388882517815,3.91525316238403,2.93796372413635,2.48011088371277,2.94470977783203,0.303044468164444,2.69941163063049,1.30507063865662,0.562305092811584,2.84568500518799,0.427086710929871
1047,0.730024039745331,0.169000238180161,3.92764091491699,2.94565343856812,2.49143481254578,2.87306976318359,0.401010602712631,2.75645470619202,1.33647060394287,0.525281429290771,2.82745289802551,0.4435755610466
1049,0.589051604270935,0.288595914840698,3.95451736450195,2.90973234176636,2.49721360206604,2.85888457298279,0.515289187431335,2.81182646751404,1.41973066329956,0.463779091835022,2.79387927055359,0.467122972011566
1051,0.392028301954269,0.463710755109787,3.98016285896301,2.86903262138367,2.4952564239502,2.89409732818604,0.646147966384888,2.90313029289246,1.5926479101181,0.414550304412842,2.81199216842651,0.517390310764313
1053,0.273782253265381,0.676298916339874,4.03077697753906,2.83874559402466,2.52980899810791,2.94126439094543,0.814580500125885,3.05021691322327,1.84926187992096,0.370766311883926,2.85236215591431,0.540281295776367
1055,0.351860046386719,0.932453513145447,4.08810710906982,2.80894422531128,2.59353470802307,3.00849151611328,0.997242271900177,3.16775822639465,2.12324738502502,0.332977622747421,2.86094117164612,0.535967111587524
1057,0.638791739940643,1.20535492897034,4.13888931274414,2.78480434417725,2.66468358039856,3.14477396011353,1.19033491611481,3.19827270507813,2.37231373786926,0.287659794092178,2.8688976764679,0.517299830913544
1059,0.959874987602234,1.45173752307892,4.20963430404663,2.74269914627075,2.71704244613647,3.25266122817993,1.38212895393372,3.20794868469238,2.59615612030029,0.240585923194885,2.95679950714111,0.499570727348328
1061,1.22576105594635,1.64350545406342,4.26748847961426,2.68486428260803,2.71667575836182,3.2550094127655,1.52728021144867,3.24127626419067,2.76638102531433,0.217541068792343,3.11139345169067,0.488865405321121
1063,1.40329480171204,1.77066099643707,4.28005361557007,2.65827894210815,2.66623973846436,3.22919034957886,1.63174378871918,3.27597784996033,2.83640027046204,0.211722522974014,3.16651368141174,0.476562350988388
1065,1.47803926467896,1.83939480781555,4.27367973327637,2.63837170600891,2.57189440727234,3.26246500015259,1.70560240745544,3.27493286132813,2.83798670768738,0.218346670269966,3.12814164161682,0.452372282743454
1067,1.45024216175079,1.85421872138977,4.26389026641846,2.63317108154297,2.46162390708923,3.31071615219116,1.7397677898407,3.27031087875366,2.82864785194397,0.217266067862511,3.11001086235046,0.424498081207275
1069,1.37224161624908,1.84048986434937,4.23617887496948,2.66291570663452,2.35058164596558,3.28882694244385,1.74701964855194,3.31199955940247,2.82330679893494,0.21680723130703,3.11642336845398,0.401564091444016
1071,1.33304727077484,1.82946062088013,4.1824164390564,2.71543383598328,2.22970104217529,3.22557044029236,1.74357688426971,3.36258602142334,2.82039618492126,0.216890096664429,3.06008100509644,0.352978706359863
1073,1.33628499507904,1.78048491477966,4.11725091934204,2.77808022499084,2.13224291801453,3.20453095436096,1.73642361164093,3.37725710868835,2.81258010864258,0.202239483594894,2.90947079658508,0.298857450485229
1075,1.34533774852753,1.70929110050201,4.05780220031738,2.858078956604,2.05636167526245,3.19800043106079,1.72770082950592,3.3960120677948,2.79976415634155,0.185211956501007,2.79493618011475,0.250871151685715
1077,1.35650134086609,1.65716314315796,3.99580144882202,2.94594621658325,1.97163903713226,3.10581254959106,1.70083272457123,3.47652673721313,2.78983187675476,0.16991414129734,2.79512143135071,0.202640354633331
1079,1.39065492153168,1.62180840969086,3.93095445632935,3.03663778305054,1.87914335727692,2.98321866989136,1.66856849193573,3.61350917816162,2.7743718624115,0.151966631412506,2.81636953353882,0.162403449416161
1081,1.45463633537292,1.60983800888062,3.86454319953918,3.11115074157715,1.81165432929993,2.93786692619324,1.64443933963776,3.71021604537964,2.78414106369019,0.140354201197624,2.76649284362793,0.121445417404175
1083,1.51762914657593,1.58787846565247,3.81624269485474,3.15421056747437,1.80035698413849,2.97213578224182,1.62576973438263,3.73798251152039,2.80687284469604,0.126535683870316,2.70546936988831,0.0951849520206451
1085,1.61766695976257,1.55240547657013,3.75945496559143,3.21045184135437,1.82854044437408,2.999516248703,1.62539446353912,3.7746844291687,2.83900713920593,0.109596915543079,2.72709035873413,0.0799251720309258
1087,1.77633631229401,1.53563666343689,3.70603442192078,3.29149699211121,1.86322939395905,2.97402787208557,1.6431792974472,3.86621642112732,2.88295912742615,0.101795397698879,2.75019717216492,0.0431614741683006
1089,1.98224008083344,1.5554313659668,3.68666172027588,3.38472533226013,1.89723145961761,2.96975755691528,1.67194187641144,3.9785521030426,2.93906760215759,0.0919383466243744,2.66365456581116,0.00834477785974741
1091,2.20221829414368,1.58670401573181,3.67530155181885,3.47023892402649,1.93599343299866,3.05468964576721,1.72359478473663,4.07919263839722,3.04025602340698,0.0723209828138351,2.55382132530212,-0.00671693682670593
1093,2.42546248435974,1.63113117218018,3.64892840385437,3.56172513961792,1.95672523975372,3.15476202964783,1.77324664592743,4.18955087661743,3.1527247428894,0.0398319736123085,2.55408906936646,0.00387398223392665
1095,2.69144582748413,1.66720521450043,3.60971188545227,3.67685127258301,1.92821896076202,3.20389819145203,1.82533466815948,4.36791610717773,3.26741623878479,0.0195876136422157,2.61816930770874,0.0501404777169228
1097,2.98838567733765,1.69455397129059,3.554044008255,3.77570557594299,1.85477137565613,3.26288557052612,1.89689981937408,4.57483959197998,3.37872409820557,0.0398538038134575,2.62116813659668,0.128063708543777
1099,3.25462293624878,1.72757971286774,3.49312973022461,3.8362147808075,1.7844352722168,3.40860414505005,2.01260328292847,4.77470445632935,3.50967454910278,0.0706306621432304,2.60208964347839,0.216031193733215
1101,3.4987416267395,1.78199887275696,3.45468711853027,3.88401556015015,1.75180375576019,3.59525609016418,2.15028691291809,4.98808002471924,3.6544337272644,0.112674057483673,2.67829895019531,0.342752873897552
1103,3.78783106803894,1.87884449958801,3.42173981666565,3.94832873344421,1.72217416763306,3.75534820556641,2.28072929382324,5.24566984176636,3.82204842567444,0.176669836044312,2.79118180274963,0.523804187774658
1105,4.13727712631226,1.988645195961,3.40319848060608,4.045241355896,1.67259562015533,3.93420791625977,2.38864469528198,5.52556896209717,4.06027221679688,0.244415387511253,2.83581161499023,0.718290269374847
1107,4.50725793838501,2.09436464309692,3.40929412841797,4.18256950378418,1.6258248090744,4.21021938323975,2.50763010978699,5.74405670166016,4.3648362159729,0.298984110355377,2.851313829422,0.888050377368927
1109,4.86991596221924,2.21112036705017,3.42106509208679,4.33976650238037,1.6270740032196,4.53737258911133,2.65696096420288,5.92266368865967,4.68340826034546,0.355581551790237,2.99904537200928,1.05990850925446
1111,5.24726629257202,2.35297679901123,3.42760634422302,4.51693105697632,1.69022655487061,4.86148643493652,2.80214309692383,6.15652465820313,4.97291803359985,0.424481004476547,3.28831648826599,1.27335202693939
1113,5.67211723327637,2.50548791885376,3.43664288520813,4.66336059570313,1.75933480262756,5.20153665542603,2.94932436943054,6.51394367218018,5.22998666763306,0.504833936691284,3.55601525306702,1.54877543449402
1115,6.0962929725647,2.66518497467041,3.46446228027344,4.72258472442627,1.8328572511673,5.63672113418579,3.12112259864807,6.92751789093018,5.50536203384399,0.614173889160156,3.7581582069397,1.83931684494019
1117,6.48759651184082,2.84291815757751,3.51816034317017,4.75077152252197,1.92001760005951,6.17075634002686,3.3073456287384,7.3375391960144,5.84888792037964,0.742720723152161,4.06328916549683,2.13715052604675
1119,6.86097955703735,3.04995131492615,3.57920289039612,4.82133054733276,2.01666808128357,6.75006294250488,3.50014495849609,7.75666952133179,6.22845506668091,0.871403336524963,4.49999332427979,2.49372577667236
1121,7.24316167831421,3.28457117080688,3.64881205558777,4.96785640716553,2.07602190971375,7.38051986694336,3.7231080532074,8.21687602996826,6.60812616348267,0.997406423091888,4.89382076263428,2.94602704048157
1123,7.62530374526978,3.54665875434875,3.72796392440796,5.13736772537231,2.13331031799316,8.08208274841309,3.98319172859192,8.70106983184814,6.99183797836304,1.12233448028564,5.19269371032715,3.45346832275391
1125,7.96524095535278,3.85420727729797,3.80830693244934,5.29057645797729,2.23756289482117,8.86442947387695,4.31879568099976,9.14800262451172,7.42683553695679,1.25314247608185,5.65601396560669,3.99859523773193
1127,8.25651073455811,4.21656513214111,3.89864754676819,5.46986436843872,2.38156390190125,9.7558765411377,4.75118017196655,9.62603569030762,7.9017767906189,1.40731930732727,6.45536804199219,4.64165735244751
1129,8.54288291931152,4.62418603897095,4.02294492721558,5.67898368835449,2.5169620513916,10.7707023620605,5.29541301727295,10.258641242981,8.29852962493896,1.59044921398163,7.39510631561279,5.44755554199219
1131,8.81076145172119,5.10455322265625,4.18527507781982,5.82519054412842,2.6308159828186,11.8459615707397,5.98445558547974,11.1053743362427,8.56811809539795,1.80502498149872,8.36455345153809,6.37680673599243
1133,9.03717041015625,5.70136976242065,4.37735605239868,5.87551784515381,2.7187385559082,12.8984994888306,6.77289056777954,12.1505317687988,8.75090980529785,2.04146289825439,9.58982753753662,7.34570360183716
1135,9.20294284820557,6.34099054336548,4.55528974533081,5.93663215637207,2.77245879173279,13.8564977645874,7.61097431182861,13.3627061843872,8.85942554473877,2.27601099014282,11.1825914382935,8.35290718078613
1137,9.32729816436768,6.94361972808838,4.72488307952881,6.08533382415771,2.79156899452209,14.6834383010864,8.46776962280273,14.7390012741089,8.92816066741943,2.49622583389282,12.743350982666,9.42876720428467
1139,9.41186904907227,7.50117158889771,4.91132497787476,6.29877328872681,2.78368163108826,15.3191022872925,9.34727478027344,16.2008628845215,8.96799087524414,2.70164155960083,13.8992366790771,10.5000600814819
1141,9.42272758483887,8.003662109375,5.10506677627563,6.50570106506348,2.71777749061584,15.6286172866821,10.1279630661011,17.5833759307861,8.95271873474121,2.88956141471863,14.7916345596313,11.4036560058594
1143,9.33560657501221,8.39890956878662,5.24657487869263,6.68768787384033,2.58413505554199,15.6029109954834,10.6984081268311,18.7146606445313,8.88413238525391,3.05331373214722,15.6752901077271,12.0369749069214
1145,9.19310188293457,8.60091495513916,5.30774116516113,6.88571786880493,2.43711757659912,15.3070554733276,10.9522752761841,19.3636837005615,8.65454006195068,3.16248774528503,16.1775550842285,12.3576002120972
1147,9.03935623168945,8.59477806091309,5.27747583389282,7.02027893066406,2.31381821632385,14.7641935348511,10.9072399139404,19.4062824249268,8.25710487365723,3.16626334190369,15.8105773925781,12.3293542861938
1149,8.868408203125,8.42762565612793,5.17115116119385,7.0202169418335,2.22268509864807,14.0614948272705,10.6381711959839,18.9697360992432,7.84216117858887,3.09123778343201,14.9196319580078,11.9475536346436
1151,8.66473770141602,8.13891696929932,4.9948410987854,6.86726236343384,2.16029238700867,13.2614030838013,10.1612615585327,18.1676120758057,7.47620344161987,2.97211599349976,14.0666227340698,11.3049211502075
1153,8.47809505462646,7.77798795700073,4.75422811508179,6.68094253540039,2.09836602210999,12.4300212860107,9.54544925689697,17.1347827911377,7.14170551300049,2.81822156906128,13.2268152236938,10.5356826782227
1155,8.33950901031494,7.4009838104248,4.53479862213135,6.56047916412354,2.06122136116028,11.6575889587402,8.92144584655762,16.0391902923584,6.86950397491455,2.63882946968079,12.1690244674683,9.80074596405029
1157,8.21903228759766,7.07012748718262,4.39353656768799,6.47280740737915,2.04069352149963,10.9626741409302,8.36084079742432,14.9758672714233,6.70139741897583,2.44209718704224,11.0487375259399,9.14747524261475
1159,8.08816528320313,6.79084825515747,4.3029203414917,6.39937210083008,2.02069020271301,10.3688497543335,7.90655469894409,14.0477485656738,6.6259298324585,2.28845930099487,10.2860240936279,8.58932495117188
1161,7.96651315689087,6.54276943206787,4.20014905929565,6.37031221389771,2.02720403671265,9.9078369140625,7.51291751861572,13.2968435287476,6.6122522354126,2.18129754066467,9.93630886077881,8.13757610321045
1163,7.89371347427368,6.34181451797485,4.07912111282349,6.3730320930481,2.05231618881226,9.5576868057251,7.19385814666748,12.7335596084595,6.59467506408691,2.10100984573364,9.62842559814453,7.82485294342041
1165,7.85344076156616,6.1830849647522,3.95799779891968,6.37329196929932,2.0723705291748,9.25604820251465,6.98308038711548,12.2493371963501,6.50434350967407,2.03215861320496,9.09468460083008,7.59020376205444
1167,7.8213210105896,6.03870820999146,3.85718631744385,6.33320951461792,2.06426620483398,8.99586582183838,6.81601047515869,11.824933052063,6.38213396072388,1.96952056884766,8.5953369140625,7.3877739906311
1169,7.78205299377441,5.90069580078125,3.78101539611816,6.25237560272217,2.01940608024597,8.79060363769531,6.62727737426758,11.4895544052124,6.2835168838501,1.92546367645264,8.37604427337646,7.28162479400635
1171,7.72243642807007,5.77267932891846,3.72402334213257,6.16708612442017,1.97323381900787,8.60714054107666,6.41827487945557,11.1821165084839,6.19788026809692,1.87414360046387,8.18398475646973,7.24204301834106
1173,7.68768215179443,5.65761995315552,3.69141364097595,6.16007328033447,1.94618213176727,8.43957710266113,6.23222923278809,10.8896884918213,6.15080070495605,1.8233470916748,7.8051323890686,7.20172452926636
1175,7.67003440856934,5.5648078918457,3.65672707557678,6.22803688049316,1.92771863937378,8.30798625946045,6.09555959701538,10.6158018112183,6.11910963058472,1.77481055259705,7.40806007385254,7.12714862823486
1177,7.65440893173218,5.50328207015991,3.6053900718689,6.34145879745483,1.91877770423889,8.21357727050781,5.99999284744263,10.3934755325317,6.1124587059021,1.73886919021606,7.24103450775146,7.05898475646973
1179,7.64984083175659,5.47195434570313,3.58555221557617,6.46922397613525,1.94178903102875,8.16732215881348,5.94837856292725,10.1910133361816,6.11233282089233,1.71888399124146,7.19637680053711,7.06242418289185
1181,7.68232774734497,5.46471452713013,3.59855771064758,6.6075267791748,1.97738039493561,8.15088558197021,5.9351487159729,10.0327625274658,6.10952043533325,1.70133888721466,7.11084890365601,7.13425779342651
1183,7.72143363952637,5.47796297073364,3.61032795906067,6.73170185089111,2.00427913665771,8.17120552062988,5.95636081695557,9.96387386322021,6.10638904571533,1.68517518043518,7.08720874786377,7.25181293487549
1185,7.7132248878479,5.48152303695679,3.6032190322876,6.81777858734131,2.01477885246277,8.195387840271,5.99825811386108,10.0262403488159,6.01446104049683,1.66891765594482,7.27979183197021,7.40651607513428
1187,7.67609786987305,5.50036668777466,3.57084345817566,6.92012596130371,2.01154947280884,8.2266263961792,6.02108430862427,10.2022018432617,5.84930372238159,1.67035579681396,7.58483791351318,7.63690853118896
1189,7.65673017501831,5.52659320831299,3.54520440101624,7.00691175460815,2.0154755115509,8.26505470275879,6.06301403045654,10.3561458587646,5.72344207763672,1.65780317783356,7.7594199180603,7.88351583480835
1191,7.63613605499268,5.52996301651001,3.52955985069275,7.08093309402466,2.00158262252808,8.21391010284424,6.12019968032837,10.3670387268066,5.68701124191284,1.61002469062805,7.74174737930298,8.0255184173584
1193,7.59968662261963,5.47068405151367,3.4843418598175,7.09489774703979,1.94993340969086,8.04478073120117,6.15469026565552,10.255729675293,5.67039155960083,1.55757248401642,7.64792203903198,8.00368309020996
1195,7.55197191238403,5.33627557754517,3.3913209438324,6.95968246459961,1.85887289047241,7.77678632736206,6.11045265197754,10.0148878097534,5.5668773651123,1.46030533313751,7.48372650146484,7.81069755554199
1197,7.4264817237854,5.13479614257813,3.2660710811615,6.7191162109375,1.7579151391983,7.41886758804321,5.94874954223633,9.56607913970947,5.36141109466553,1.33129143714905,7.11431741714478,7.43698835372925
1199,7.19295644760132,4.89653539657593,3.11774587631226,6.40786266326904,1.66682600975037,6.9955792427063,5.66000747680664,8.90089321136475,5.1127290725708,1.17090082168579,6.56093168258667,6.89133834838867
1201,6.90370273590088,4.6126914024353,2.94840455055237,6.05365467071533,1.56618976593018,6.52286338806152,5.28869342803955,8.11557292938232,4.82725238800049,0.953251600265503,6.02557229995728,6.23683547973633
1203,6.60680246353149,4.23143196105957,2.78093981742859,5.6661696434021,1.45652234554291,6.0612587928772,4.89776754379272,7.38601112365723,4.48489332199097,0.733130395412445,5.51908540725708,5.57115507125854
1205,6.27888679504395,3.82416892051697,2.61815738677979,5.26546430587769,1.3277153968811,5.62884283065796,4.44767904281616,6.71936988830566,4.12343120574951,0.522380113601685,4.93377637863159,4.91426992416382
1207,5.93215274810791,3.44339823722839,2.41296982765198,4.91565704345703,1.22289478778839,5.21808671951294,4.03498506546021,6.07017850875854,3.79433131217957,0.329575896263123,4.37131500244141,4.27013301849365
1209,5.56695604324341,3.00901627540588,2.35734295845032,4.51001501083374,1.21211683750153,4.61786127090454,3.57285571098328,5.3681640625,3.70113492012024,0.214204743504524,3.95566487312317,3.5876293182373
1211,5.19223785400391,2.56330895423889,2.30026578903198,4.09379720687866,1.2010577917099,4.00198602676392,3.09867739677429,4.64784717559814,3.60550856590271,0.0958255976438522,3.52917766571045,2.88733100891113
1213,4.80762052536011,2.10582780838013,2.24168086051941,3.66658425331116,1.18970668315887,3.36984205245972,2.61197328567505,3.90850162506104,3.50735592842102,-0.0256806891411543,3.09142422676086,2.16853332519531
1215,4.87445545196533,2.10884809494019,2.21005034446716,3.63678002357483,1.20847678184509,3.45793414115906,2.65386199951172,3.913902759552,3.52156686782837,-0.00883070006966591,3.09242630004883,2.21409130096436
1217,4.97398519515991,2.12487173080444,2.15807247161865,3.65032482147217,1.2584810256958,3.56867456436157,2.72676944732666,3.88741183280945,3.6230571269989,0.0136188669130206,3.13842916488647,2.28565144538879
1219,5.09665966033936,2.23730635643005,2.148686170578,3.65782070159912,1.34006130695343,3.76468801498413,2.81590676307678,3.96238446235657,3.79794549942017,0.0183178875595331,3.20573091506958,2.37490129470825
1221,5.26994705200195,2.35268330574036,2.18723106384277,3.63607335090637,1.41805338859558,4.08746671676636,2.94568514823914,4.14085054397583,3.97266387939453,-0.0220807008445263,3.32759737968445,2.52486133575439
1223,5.49054193496704,2.49356198310852,2.25063514709473,3.67246413230896,1.48920738697052,4.41391277313232,3.12779855728149,4.31408071517944,4.17062044143677,-0.0251353308558464,3.55602312088013,2.77542328834534
1225,5.70499467849731,2.67081260681152,2.28310513496399,3.79927396774292,1.5829154253006,4.77688694000244,3.35713362693787,4.47423124313354,4.41809225082397,0.0190942157059908,3.88038086891174,3.07143759727478
1227,5.9177622795105,2.88646245002747,2.32679677009583,3.96462941169739,1.68897724151611,5.16914367675781,3.61295604705811,4.70106744766235,4.64066886901855,0.0982925295829773,4.21812582015991,3.34272980690002
1229,6.18372201919556,3.12622356414795,2.42849111557007,4.08590030670166,1.75595045089722,5.54727506637573,3.91927981376648,5.0673828125,4.82972288131714,0.184372007846832,4.61285591125488,3.64925193786621
1231,6.47717666625977,3.36696481704712,2.52471685409546,4.16068983078003,1.79965972900391,5.89799356460571,4.28210258483887,5.44809246063232,4.98723411560059,0.259483933448792,5.02747535705566,4.00978517532349
1233,6.77646064758301,3.58675980567932,2.62149810791016,4.21897172927856,1.84607970714569,6.18504047393799,4.61803770065308,5.78536176681519,5.12208414077759,0.308261513710022,5.40099287033081,4.38070917129517
1235,6.97747755050659,3.80198216438293,2.71357202529907,4.2320237159729,1.86526298522949,6.40285348892212,4.89577579498291,6.16299867630005,5.2013897895813,0.338078320026398,5.63235282897949,4.68570566177368
1237,7.05499219894409,3.94639945030212,2.77409052848816,4.2336540222168,1.85157072544098,6.4997763633728,5.08804225921631,6.54061985015869,5.16200065612793,0.346219718456268,5.75915384292603,4.90749406814575
1239,7.08463954925537,4.04470014572144,2.77945184707642,4.22821092605591,1.8242518901825,6.46546363830566,5.18361663818359,6.77376174926758,5.09535646438599,0.336642891168594,5.80533123016357,5.04806566238403
1241,7.0744423866272,4.05819845199585,2.72540974617004,4.1526837348938,1.75043618679047,6.36550092697144,5.18802738189697,6.82127094268799,5.01580762863159,0.331948399543762,5.76610040664673,5.05695915222168
1243,7.01994466781616,4.00705051422119,2.64323902130127,3.97089314460754,1.69438099861145,6.22138929367065,5.13835906982422,6.73824405670166,4.90095090866089,0.305397927761078,5.59984636306763,4.91812181472778
1245,6.9198112487793,3.90839409828186,2.56707310676575,3.74303364753723,1.63854444026947,5.9993691444397,4.99808979034424,6.59431600570679,4.75450658798218,0.254273414611816,5.31892347335815,4.67986631393433
1247,6.74386405944824,3.77101826667786,2.48916864395142,3.52339744567871,1.56333291530609,5.76759576797485,4.80970907211304,6.39631319046021,4.57816648483276,0.204869985580444,5.06371402740479,4.44334554672241
1249,6.54453325271606,3.66317510604858,2.39611339569092,3.31169605255127,1.5172632932663,5.59150362014771,4.6316556930542,6.15146255493164,4.42240381240845,0.165270552039146,4.87947130203247,4.21420288085938
1251,6.38533878326416,3.59744381904602,2.32102394104004,3.09996628761292,1.52839517593384,5.46159982681274,4.4551682472229,5.93369436264038,4.27292013168335,0.147040113806725,4.72291898727417,3.95906400680542
1253,6.27647590637207,3.52640843391418,2.23710250854492,2.89653301239014,1.55069744586945,5.37128067016602,4.31185293197632,5.76255941390991,4.09454965591431,0.104774631559849,4.55460166931152,3.70160055160522
1255,6.1673321723938,3.4915714263916,2.16412997245789,2.76942181587219,1.5402215719223,5.33930253982544,4.21519613265991,5.61737489700317,3.93640351295471,0.0574586912989616,4.45207977294922,3.51809191703796
1257,6.08984708786011,3.50749588012695,2.11467909812927,2.72389316558838,1.51473796367645,5.37697839736938,4.17882776260376,5.48575925827026,3.85636329650879,0.0475874692201614,4.4569206237793,3.4306104183197
1259,6.0745415687561,3.58613181114197,2.07668042182922,2.70397877693176,1.51662707328796,5.43099641799927,4.2197151184082,5.42674922943115,3.80794167518616,0.0772186815738678,4.51680994033813,3.41930484771729
1261,6.11220216751099,3.71339583396912,2.0783896446228,2.68556666374207,1.54294860363007,5.53203392028809,4.32244491577148,5.48841381072998,3.70920991897583,0.126776397228241,4.5623140335083,3.48340058326721
1263,6.21455335617065,3.83590078353882,2.13295793533325,2.68127870559692,1.56003487110138,5.67222547531128,4.4243688583374,5.64782428741455,3.59318447113037,0.166340306401253,4.6086254119873,3.61893081665039
1265,6.33434581756592,3.90267086029053,2.18895387649536,2.69457316398621,1.52955162525177,5.76547431945801,4.5145435333252,5.78903770446777,3.55891108512878,0.171842783689499,4.68844413757324,3.75674033164978
1267,6.40076208114624,3.90588021278381,2.23566246032715,2.67753720283508,1.49975478649139,5.75437259674072,4.54208946228027,5.87840461730957,3.637446641922,0.159150421619415,4.74551677703857,3.8442907333374
1269,6.40304899215698,3.8421483039856,2.23653054237366,2.60190629959106,1.47163772583008,5.61405849456787,4.5046648979187,5.89286661148071,3.681232213974,0.144706144928932,4.62972497940063,3.81685471534729
1271,6.26248741149902,3.71784067153931,2.18269944190979,2.45565032958984,1.43293511867523,5.37936449050903,4.37348365783691,5.76124000549316,3.54639315605164,0.110103704035282,4.33930397033691,3.67171740531921
1273,6.00388288497925,3.54058218002319,2.06337976455688,2.26057529449463,1.35199117660522,5.08073949813843,4.14865303039551,5.45825719833374,3.32055401802063,0.0567379519343376,4.01410007476807,3.44249939918518
1275,5.69837093353271,3.32327461242676,1.89955699443817,2.05080342292786,1.2385880947113,4.76969337463379,3.85037755966187,5.07509899139404,3.13144063949585,-0.0281267650425434,3.75917291641235,3.14159369468689
1277,5.37040424346924,3.06704831123352,1.71373736858368,1.83448338508606,1.1457234621048,4.46495914459229,3.52114534378052,4.67298126220703,2.94794774055481,-0.0647859275341034,3.51234745979309,2.78901982307434
1279,5.04649782180786,2.79462480545044,1.53503620624542,1.62562310695648,1.0926342010498,4.1467022895813,3.21869206428528,4.26571846008301,2.69881463050842,-0.0311716701835394,3.18703246116638,2.41822481155396
1281,4.70707178115845,2.54316806793213,1.41808998584747,1.43143105506897,1.03569996356964,3.79510736465454,2.93957591056824,3.85540294647217,2.40787506103516,-0.00481440918520093,2.87394738197327,2.08509635925293
1283,4.36296129226685,2.30114555358887,1.32040739059448,1.27712094783783,0.969057559967041,3.46723675727844,2.68465995788574,3.4844286441803,2.14754581451416,0.0137892831116915,2.6738600730896,1.79126787185669
1285,4.04836463928223,2.06930255889893,1.20774567127228,1.17950463294983,0.897382080554962,3.18114757537842,2.44969344139099,3.17515254020691,1.9554340839386,0.0438952744007111,2.52752184867859,1.52945959568024
1287,3.78192710876465,1.88445007801056,1.08535957336426,1.10743975639343,0.818269968032837,2.93520641326904,2.24326777458191,2.92944145202637,1.7907053232193,0.104265168309212,2.34754490852356,1.30949854850769
1289,3.53599452972412,1.73035943508148,0.972138285636902,1.04339706897736,0.722417652606964,2.72174191474915,2.04724192619324,2.68651795387268,1.62373733520508,0.174300491809845,2.12284278869629,1.12125277519226
1291,3.2820611000061,1.59959197044373,0.880887925624847,0.977394580841064,0.640882253646851,2.55598449707031,1.85625994205475,2.44572257995605,1.47043311595917,0.246312439441681,1.93601644039154,0.974529564380646
1293,3.05687570571899,1.49708306789398,0.826521933078766,0.917639255523682,0.56489223241806,2.43421578407288,1.71236801147461,2.24940943717957,1.34390735626221,0.288403660058975,1.78744888305664,0.8627769947052
1295,2.90587520599365,1.41115164756775,0.792688429355621,0.871523380279541,0.50497955083847,2.33752775192261,1.62079060077667,2.10712456703186,1.23557376861572,0.302911758422852,1.6439380645752,0.767575085163116
1297,2.79646635055542,1.31775498390198,0.758395731449127,0.825781047344208,0.465794503688812,2.27781009674072,1.55019497871399,1.9781106710434,1.13982725143433,0.317933559417725,1.5148663520813,0.68558543920517
1299,2.6609902381897,1.24107766151428,0.724119663238525,0.769052743911743,0.447915256023407,2.21673679351807,1.47142148017883,1.85685217380524,1.06070280075073,0.328475922346115,1.42039132118225,0.600756824016571
1301,2.52506589889526,1.16744720935822,0.701768040657043,0.713691771030426,0.446800142526627,2.13427758216858,1.4037172794342,1.77029192447662,1.01307964324951,0.33011332154274,1.36677813529968,0.533353686332703
1303,2.39878726005554,1.08223414421082,0.690705597400665,0.675916969776154,0.451807767152786,2.06191062927246,1.34093701839447,1.7181236743927,0.969999074935913,0.349357962608337,1.33854758739471,0.477234482765198
1305,2.29587936401367,1.01880419254303,0.669768452644348,0.670624315738678,0.462767779827118,2.02368402481079,1.28088617324829,1.64551568031311,0.9092817902565,0.375716358423233,1.31664037704468,0.420923441648483
1307,2.23205733299255,0.98284775018692,0.640810132026672,0.662238836288452,0.469998598098755,1.98088431358337,1.21316134929657,1.53427088260651,0.861559391021729,0.379289835691452,1.2781126499176,0.377367854118347
1309,2.17628788948059,0.959522604942322,0.617175936698914,0.630865216255188,0.465533405542374,1.94709885120392,1.15589654445648,1.43505835533142,0.827242970466614,0.381851851940155,1.24459385871887,0.347634255886078
1311,2.12662315368652,0.914276599884033,0.594987213611603,0.622136890888214,0.447691023349762,1.92755556106567,1.11212110519409,1.39554250240326,0.819777429103851,0.406694710254669,1.25375926494598,0.320822209119797
1313,2.09801340103149,0.87790584564209,0.558809816837311,0.635492026805878,0.431586503982544,1.89371919631958,1.08657693862915,1.37531208992004,0.807555198669434,0.42372265458107,1.31023252010345,0.285557866096497
1315,2.0742654800415,0.862013220787048,0.525108277797699,0.633000314235687,0.417545974254608,1.85667133331299,1.08577644824982,1.32956886291504,0.782242119312286,0.429550409317017,1.34174704551697,0.261958241462708
1317,2.04938197135925,0.847731530666351,0.510746598243713,0.603736519813538,0.403364300727844,1.82971143722534,1.11618638038635,1.28593051433563,0.751543998718262,0.434301763772964,1.33355712890625,0.256210744380951
1319,2.01459050178528,0.833438098430634,0.511560559272766,0.562060356140137,0.387117117643356,1.80208909511566,1.12797451019287,1.27519989013672,0.72403621673584,0.434622466564178,1.32227635383606,0.260365009307861
1321,1.98046827316284,0.81388795375824,0.515901327133179,0.532621085643768,0.366435945034027,1.76294016838074,1.11310529708862,1.27917838096619,0.688126683235168,0.418704807758331,1.29632234573364,0.264361321926117
1323,1.95691227912903,0.804419875144958,0.508149087429047,0.533236980438232,0.343832671642303,1.73616290092468,1.09786784648895,1.25822961330414,0.656629681587219,0.405894547700882,1.23907375335693,0.25616529583931
1325,1.93976652622223,0.802709579467773,0.50417947769165,0.545908093452454,0.326957553625107,1.72935032844543,1.10143041610718,1.22922265529633,0.655005395412445,0.412380963563919,1.18383944034576,0.237243324518204
1327,1.92643690109253,0.796532571315765,0.507008016109467,0.573802053928375,0.313203781843185,1.73884260654449,1.11337316036224,1.22069358825684,0.675091624259949,0.413663804531097,1.13894414901733,0.219908401370049
1329,1.91591060161591,0.787175476551056,0.496624499559402,0.59983241558075,0.301058351993561,1.75593769550323,1.1242949962616,1.22691798210144,0.680294215679169,0.40348869562149,1.1203693151474,0.224152162671089
1331,1.90670156478882,0.777279376983643,0.489902883768082,0.597421586513519,0.290082514286041,1.7764333486557,1.11871922016144,1.21914339065552,0.680364310741425,0.385877579450607,1.12857389450073,0.237846255302429
1333,1.88406264781952,0.768090486526489,0.50633978843689,0.581822037696838,0.288275748491287,1.79385900497437,1.11120820045471,1.19087147712708,0.69720721244812,0.379035413265228,1.14189052581787,0.247374072670937
1335,1.85462081432343,0.76521497964859,0.531802654266357,0.550081610679626,0.288077563047409,1.79451501369476,1.09864020347595,1.16473710536957,0.719147622585297,0.37289234995842,1.15558707714081,0.240886390209198
1337,1.84376895427704,0.774320542812347,0.532987833023071,0.528886258602142,0.277249932289124,1.79696679115295,1.08602154254913,1.14997577667236,0.728896260261536,0.349787503480911,1.16780877113342,0.227320432662964
1339,1.85515022277832,0.798707187175751,0.508060812950134,0.536375045776367,0.290507197380066,1.81132066249847,1.10071516036987,1.13833868503571,0.727858066558838,0.330971628427505,1.19244456291199,0.230994150042534
1341,1.86912965774536,0.831677556037903,0.505050599575043,0.532798767089844,0.327873766422272,1.82890295982361,1.13214874267578,1.12621438503265,0.721434772014618,0.328802734613419,1.21255242824554,0.250922560691833
1343,1.88758111000061,0.870953798294067,0.526179671287537,0.52883368730545,0.372019439935684,1.8509384393692,1.1732360124588,1.12528610229492,0.705462038516998,0.338878333568573,1.20284450054169,0.270104855298996
1345,1.92803359031677,0.904405057430267,0.555733382701874,0.5362828373909,0.402848601341248,1.87421643733978,1.21439921855927,1.15371823310852,0.691968083381653,0.356988549232483,1.19410109519958,0.288834065198898
1347,1.99333906173706,0.937170565128326,0.579903602600098,0.54150402545929,0.407853186130524,1.89379847049713,1.24349343776703,1.19657289981842,0.699999988079071,0.358977675437927,1.20329880714417,0.307824552059174
1349,2.07022666931152,0.965670168399811,0.59619152545929,0.536830067634583,0.41360667347908,1.9208744764328,1.26858174800873,1.23463118076324,0.738919496536255,0.354220032691956,1.22854375839233,0.322057217359543
1351,2.12800598144531,0.98270058631897,0.613413155078888,0.532252609729767,0.432012438774109,1.95356571674347,1.29148066043854,1.2770494222641,0.772073984146118,0.345273196697235,1.24578130245209,0.332115590572357
1353,2.18648934364319,0.991474211215973,0.645502150058746,0.544264435768127,0.454585373401642,1.99446654319763,1.31008112430573,1.34360098838806,0.777321577072144,0.334436506032944,1.25722706317902,0.343982636928558
1355,2.2509913444519,1.01083254814148,0.669087886810303,0.556059658527374,0.452841520309448,2.05286526679993,1.33418381214142,1.42347049713135,0.777768015861511,0.316629558801651,1.28059101104736,0.367602407932281
1357,2.32103848457336,1.04889237880707,0.681337714195251,0.566461861133575,0.439496695995331,2.11344051361084,1.38530516624451,1.47120118141174,0.801980793476105,0.296430468559265,1.32394051551819,0.388704717159271
1359,2.39185667037964,1.09232866764069,0.684937596321106,0.592347919940948,0.44026717543602,2.17948746681213,1.47050976753235,1.48900294303894,0.840623259544373,0.289615452289581,1.36802005767822,0.408273994922638
1361,2.4647274017334,1.15944838523865,0.726283490657806,0.625490188598633,0.465418696403503,2.28318786621094,1.56083834171295,1.54777038097382,0.875819504261017,0.286724746227264,1.43185007572174,0.444730192422867
1363,2.53962683677673,1.23908495903015,0.791632354259491,0.652569830417633,0.490804225206375,2.39946675300598,1.63823318481445,1.64595651626587,0.894372940063477,0.294085294008255,1.53363382816315,0.493881374597549
1365,2.61066770553589,1.29146647453308,0.824217617511749,0.665069758892059,0.510742843151093,2.46661710739136,1.69377839565277,1.70341873168945,0.908466994762421,0.300305247306824,1.6299797296524,0.516924977302551
1367,2.66219282150269,1.31061708927155,0.810855388641357,0.662046432495117,0.553664267063141,2.48995876312256,1.72529256343842,1.71371102333069,0.935580015182495,0.311964452266693,1.69725847244263,0.506615340709686
1369,2.69127035140991,1.3138815164566,0.804684281349182,0.655328691005707,0.606759965419769,2.48883104324341,1.74654746055603,1.72968757152557,0.962213754653931,0.323309808969498,1.71054697036743,0.48575034737587
1371,2.69834756851196,1.3011474609375,0.817517042160034,0.651474058628082,0.617664933204651,2.4749641418457,1.77115917205811,1.73913061618805,0.957009732723236,0.327995657920837,1.68395745754242,0.455442190170288
1373,2.71651005744934,1.30899608135223,0.83449923992157,0.655143201351166,0.604128062725067,2.51278972625732,1.7947211265564,1.73061287403107,0.935882985591888,0.340522944927216,1.65367937088013,0.444307297468185
1375,2.80221581459045,1.36174893379211,0.865941822528839,0.677701473236084,0.62084424495697,2.60486364364624,1.86534762382507,1.77451014518738,0.978812634944916,0.349397540092468,1.65740346908569,0.473009437322617
1377,2.98623085021973,1.4724109172821,0.926022052764893,0.719273388385773,0.674824118614197,2.77538704872131,1.99940717220306,1.94597864151001,1.06949973106384,0.320012092590332,1.72118556499481,0.552258312702179
1379,3.25184845924377,1.64886271953583,1.02497744560242,0.758977174758911,0.7260822057724,3.01822972297668,2.19058704376221,2.19012641906738,1.1576521396637,0.264495521783829,1.83615612983704,0.678900957107544
1381,3.53504061698914,1.83056998252869,1.12624418735504,0.788115620613098,0.771795749664307,3.28434824943542,2.39479088783264,2.41846990585327,1.23884558677673,0.213470906019211,1.9770815372467,0.816507399082184
1383,3.75661540031433,1.95659792423248,1.19316101074219,0.810574233531952,0.810218334197998,3.48730993270874,2.56091928482056,2.58665370941162,1.30976128578186,0.175017222762108,2.13495206832886,0.928868234157562
1385,3.91025400161743,2.0474865436554,1.23758769035339,0.823579490184784,0.855254173278809,3.62580990791321,2.67984223365784,2.72532916069031,1.38480699062347,0.159071922302246,2.29465985298157,1.01555442810059
1387,3.98156118392944,2.10074281692505,1.26230597496033,0.822244644165039,0.883375227451324,3.68331575393677,2.7148232460022,2.82481908798218,1.40367698669434,0.149154141545296,2.37137484550476,1.05529928207397
1389,3.93849778175354,2.06667995452881,1.24723696708679,0.800117135047913,0.863161206245422,3.63066935539246,2.64722990989685,2.82924270629883,1.36644351482391,0.149384930729866,2.35587072372437,1.03583896160126
1391,3.79095554351807,1.96533453464508,1.20979070663452,0.767556369304657,0.80038195848465,3.50734925270081,2.52772736549377,2.7112410068512,1.32093930244446,0.169843927025795,2.30294227600098,0.978344559669495
1393,3.56395888328552,1.83287799358368,1.1367255449295,0.723542034626007,0.723099112510681,3.29415655136108,2.38492345809937,2.49318838119507,1.26598656177521,0.187663495540619,2.1899847984314,0.877572178840637
1395,3.32268190383911,1.6898307800293,1.04426860809326,0.660371422767639,0.64987313747406,3.05833697319031,2.26155352592468,2.2860095500946,1.18947851657867,0.19995129108429,2.03627681732178,0.748960137367249
1397,3.07895636558533,1.55135095119476,0.939083218574524,0.584564387798309,0.583581805229187,2.83886647224426,2.11357021331787,2.07632780075073,1.08125329017639,0.214078649878502,1.86993300914764,0.62553870677948
1399,2.86114454269409,1.42748260498047,0.846330583095551,0.530663073062897,0.530762553215027,2.63793992996216,1.95856010913849,1.87706160545349,0.980186522006989,0.237488955259323,1.74907064437866,0.532030880451202
1401,2.66461610794067,1.28920006752014,0.778119742870331,0.494219809770584,0.497648119926453,2.46221590042114,1.79505455493927,1.73342335224152,0.905293405056,0.27681577205658,1.66407155990601,0.440776288509369
1403,2.4540228843689,1.14183437824249,0.707895338535309,0.477630108594894,0.470692276954651,2.28116130828857,1.64014446735382,1.63779735565186,0.829025447368622,0.309240221977234,1.5599068403244,0.361710906028748
1405,2.26236963272095,1.01570010185242,0.646783530712128,0.457180738449097,0.439891278743744,2.14373207092285,1.51779615879059,1.54811298847198,0.744719862937927,0.331508636474609,1.43158388137817,0.304417669773102
1407,2.10194683074951,0.939601600170135,0.597150921821594,0.443100243806839,0.406350284814835,2.04875135421753,1.44720280170441,1.44812047481537,0.661030471324921,0.356386631727219,1.30583989620209,0.25017911195755
1409,1.96790421009064,0.899045944213867,0.565743505954742,0.446199804544449,0.3989038169384,1.98472189903259,1.41510105133057,1.36290562152863,0.604205429553986,0.366436213254929,1.22399830818176,0.178746730089188
1411,1.89185512065887,0.888168275356293,0.559073090553284,0.461033523082733,0.415225118398666,1.9424159526825,1.37837171554565,1.3234429359436,0.587196111679077,0.35892790555954,1.21721124649048,0.134320825338364
1413,1.88534331321716,0.886354863643646,0.53656530380249,0.479877918958664,0.430581271648407,1.93080699443817,1.3395916223526,1.30964982509613,0.579866528511047,0.335061460733414,1.25175309181213,0.0997561663389206
1415,1.93536007404327,0.8741774559021,0.514039754867554,0.504750609397888,0.425262987613678,1.94277346134186,1.30978631973267,1.2913932800293,0.568366467952728,0.283892005681992,1.27438259124756,0.0873848795890808
1417,2.09273982048035,0.89093017578125,0.536071717739105,0.538365840911865,0.444839239120483,2.01856780052185,1.3327534198761,1.33010101318359,0.577424287796021,0.222735971212387,1.3462198972702,0.123945668339729
1419,2.37273907661438,1.00092458724976,0.632799446582794,0.578156530857086,0.527809739112854,2.19808411598206,1.44870281219482,1.48387730121613,0.652782738208771,0.18047471344471,1.49835669994354,0.215927585959435
1421,2.75257301330566,1.23382949829102,0.780451238155365,0.621888935565948,0.614790797233582,2.4941086769104,1.66811311244965,1.77251660823822,0.793485701084137,0.104935124516487,1.69526100158691,0.359905868768692
1423,3.27218079566956,1.5911660194397,0.979112327098846,0.691966772079468,0.70645934343338,2.93245220184326,2.02048563957214,2.15243029594421,0.993638396263123,0.00932654086500406,1.91997873783112,0.586991310119629
1425,3.90236496925354,1.99164235591888,1.21199321746826,0.790682911872864,0.842209756374359,3.47694253921509,2.45570874214172,2.5776948928833,1.21554923057556,-0.0383014231920242,2.18847966194153,0.875140070915222
1427,4.61132001876831,2.44997334480286,1.47208988666534,0.937470674514771,1.02326548099518,4.16760635375977,2.97855687141418,3.11478567123413,1.4803454875946,-0.025736790150404,2.5813901424408,1.23611330986023
1429,5.36537981033325,2.94616770744324,1.7506457567215,1.11911487579346,1.18825161457062,4.94669675827026,3.5439453125,3.80118060112,1.75452017784119,0.0411764122545719,3.13142609596252,1.64806926250458
1431,5.97343778610229,3.3340539932251,1.98116743564606,1.26000654697418,1.30213487148285,5.61898183822632,4.01343250274658,4.44878816604614,1.97804486751556,0.103182092308998,3.70840215682983,2.02021765708923
1433,6.3341965675354,3.55755615234375,2.13000822067261,1.33776021003723,1.36142373085022,6.03135299682617,4.29470872879028,4.83231163024902,2.07779574394226,0.0977452844381332,4.13348007202148,2.25356531143188
1435,6.58003282546997,3.67032384872437,2.22145009040833,1.39233946800232,1.40550899505615,6.22521829605103,4.46102380752563,5.00351047515869,2.05471324920654,0.0734315812587738,4.41406345367432,2.38985371589661
1437,6.7680811882019,3.70184803009033,2.24640250205994,1.40606892108917,1.46486639976501,6.29957580566406,4.54423046112061,5.10768461227417,1.96478796005249,0.0653742700815201,4.56607484817505,2.45456600189209
1439,6.88539838790894,3.70797729492188,2.22384452819824,1.40384817123413,1.49712252616882,6.3085150718689,4.58174228668213,5.1909031867981,1.89793801307678,0.0559433102607727,4.59328126907349,2.47818374633789
1441,6.94175291061401,3.7120668888092,2.20118141174316,1.38920676708221,1.50527024269104,6.29075527191162,4.61828899383545,5.23207712173462,1.8586745262146,0.0305668506771326,4.54429483413696,2.52485990524292
1443,6.99387168884277,3.73790764808655,2.20573472976685,1.36798095703125,1.51967418193817,6.306312084198,4.66831016540527,5.23859786987305,1.82961428165436,0.0377699062228203,4.53629302978516,2.56640458106995
1445,7.0866527557373,3.7939875125885,2.22178292274475,1.3613817691803,1.51269340515137,6.36538648605347,4.75028848648071,5.28777265548706,1.83179295063019,0.0586716830730438,4.56130027770996,2.58554601669312
1447,6.71175765991211,3.56417560577393,2.12819004058838,1.30401182174683,1.63684618473053,5.77746391296387,4.68728065490723,4.83261919021606,2.40033006668091,0.0637932270765305,4.25574254989624,2.36729168891907
1449,6.34417581558228,3.3388466835022,2.03642249107361,1.24776101112366,1.75857698917389,5.20100927352905,4.62550115585327,4.38634347915649,2.95777702331543,0.0688148736953735,3.9561448097229,2.15329432487488
1451,5.98369455337524,3.11787033081055,1.94642782211304,1.19259679317474,1.87795639038086,4.63569021224976,4.5649151802063,3.94868946075439,3.50445556640625,0.0737395137548447,3.66233468055725,1.9434312582016
1453,5.98602914810181,3.05455899238586,1.95314621925354,1.15943348407745,1.78453695774078,4.55427598953247,4.5442681312561,3.87089109420776,3.52915477752686,0.05890092253685,3.55913090705872,1.87459373474121
1455,5.88244724273682,2.91441679000854,1.90975916385651,1.08533775806427,1.65765523910522,4.40854167938232,4.41095018386841,3.72981667518616,3.43883085250854,0.0388824939727783,3.36815524101257,1.72977709770203
1457,5.65985918045044,2.72857618331909,1.81223917007446,0.973265528678894,1.54765546321869,4.2044472694397,4.12328386306763,3.45193791389465,3.21279239654541,-0.0052663697861135,3.13125705718994,1.54045653343201
1459,5.41899633407593,2.61684060096741,1.70854997634888,0.90667062997818,1.5018402338028,4.03444004058838,3.87848234176636,3.13757300376892,2.9549446105957,0.00595846213400364,3.03577828407288,1.37860512733459
1461,5.23424053192139,2.56252288818359,1.60466647148132,0.900527894496918,1.4454790353775,3.84431314468384,3.73194098472595,2.98205542564392,2.76410889625549,0.0272301454097033,2.97664356231689,1.27283275127411
1463,4.99860954284668,2.48950266838074,1.48580396175385,0.889544785022736,1.39038228988647,3.68067765235901,3.63024187088013,2.96117544174194,2.61459708213806,0.0352769829332829,2.86644220352173,1.15410447120667
1465,4.80056858062744,2.40919208526611,1.42989718914032,0.870395541191101,1.37660813331604,3.60120677947998,3.54748034477234,2.88679337501526,2.48212361335754,0.0440292283892632,2.80624461174011,1.06825435161591
1467,4.69407653808594,2.34993362426758,1.39705765247345,0.862447679042816,1.41595757007599,3.55006122589111,3.49554657936096,2.7656524181366,2.3949978351593,0.0351102575659752,2.83297967910767,1.03083419799805
1469,4.6464991569519,2.32014131546021,1.38685584068298,0.832281589508057,1.45232379436493,3.53616118431091,3.47017407417297,2.68811416625977,2.34310674667358,0.00399360340088606,2.85591578483582,1.0202968120575
1471,4.6663179397583,2.25205516815186,1.38257479667664,0.840578615665436,1.46327114105225,3.60848450660706,3.49576759338379,2.65565729141235,2.29400277137756,-0.0102431317791343,2.85627460479736,1.0482691526413
1473,4.82158708572388,2.16837787628174,1.3812643289566,0.897321760654449,1.40707194805145,3.69119715690613,3.5074405670166,2.61137628555298,2.25799918174744,-0.0412398912012577,2.83832001686096,1.10474348068237
1475,5.0754337310791,2.2143497467041,1.41287887096405,0.927778780460358,1.37082064151764,3.78220510482788,3.55856990814209,2.68886351585388,2.2664623260498,-0.0736497268080711,2.85419201850891,1.20683860778809
1477,5.24615478515625,2.32242298126221,1.44874942302704,0.931087613105774,1.38727700710297,3.85376024246216,3.65833115577698,2.87515449523926,2.33186268806458,-0.11039574444294,2.91470408439636,1.2968156337738
1479,5.33684635162354,2.42362284660339,1.46852242946625,0.909351229667664,1.44473481178284,3.91665601730347,3.76751327514648,3.05532026290894,2.41686606407166,-0.13192243874073,2.9568510055542,1.36447393894196
1481,5.35516929626465,2.57618188858032,1.50662553310394,0.900353372097015,1.48642110824585,3.99464988708496,3.83177089691162,3.18025588989258,2.46252155303955,-0.150734439492226,2.94432139396667,1.39132058620453
1483,5.32651138305664,2.67571949958801,1.58333730697632,0.89279168844223,1.48737251758575,4.03830194473267,3.83902359008789,3.18606996536255,2.4601628780365,-0.143241003155708,2.96659231185913,1.35629487037659
1485,5.31470155715942,2.66194939613342,1.59067523479462,0.907652258872986,1.48028802871704,4.05561256408691,3.7789351940155,3.13052368164063,2.39229512214661,-0.0925837159156799,2.99888706207275,1.2661075592041
1487,5.18371963500977,2.57832336425781,1.49895668029785,0.926406800746918,1.42599737644196,3.97339153289795,3.55218768119812,2.97564888000488,2.323490858078,-0.00438007572665811,2.91027522087097,1.11617147922516
1489,4.75594758987427,2.39257717132568,1.35225212574005,0.874179542064667,1.31952261924744,3.6529438495636,3.21740484237671,2.60834813117981,2.17054057121277,0.151325240731239,2.62273907661438,0.881575644016266
1491,4.17741298675537,2.120192527771,1.18406164646149,0.776747107505798,1.18203580379486,3.26130056381226,2.84006547927856,2.21666240692139,1.91843104362488,0.303363978862762,2.21098184585571,0.624245226383209
1493,3.57135891914368,1.8353396654129,0.96702653169632,0.680492460727692,1.02721202373505,2.92759537696838,2.46305298805237,1.85739934444427,1.59552788734436,0.371237426996231,1.82920801639557,0.419333517551422
1495,2.90024518966675,1.52849245071411,0.739734888076782,0.559474766254425,0.899824500083923,2.58794045448303,2.09064054489136,1.51804888248444,1.28132784366608,0.402354776859283,1.49603855609894,0.200859472155571
1497,2.26626324653625,1.1724671125412,0.528571605682373,0.460853815078735,0.78601336479187,2.23736596107483,1.74920094013214,1.26268172264099,0.977242350578308,0.434997886419296,1.25980710983276,-0.0545369386672974
1499,1.80403995513916,0.892161011695862,0.396370828151703,0.414230108261108,0.695239961147308,1.95198011398315,1.5092476606369,1.0603928565979,0.726361155509949,0.453441351652145,1.07748699188232,-0.244378447532654
1501,1.47380375862122,0.679819703102112,0.310695648193359,0.404549211263657,0.615647614002228,1.72351384162903,1.31708574295044,0.856142163276672,0.569368660449982,0.452728688716888,1.00228452682495,-0.383403152227402
1503,1.21052324771881,0.544616460800171,0.268596172332764,0.413080483675003,0.528811931610107,1.53108167648315,1.13812100887299,0.653191685676575,0.516099691390991,0.404971539974213,0.96100652217865,-0.360649317502975
1505,0.947351813316345,0.454362601041794,0.20030751824379,0.458429008722305,0.512046933174133,1.40838706493378,0.978915870189667,0.558459460735321,0.490574985742569,0.351336240768433,0.79421067237854,-0.335055023431778
1507,0.758309185504913,0.33002382516861,0.0926802009344101,0.510253608226776,0.46238586306572,1.29058003425598,0.841603636741638,0.588757872581482,0.443634152412415,0.318501949310303,0.60734224319458,-0.396806061267853
1509,0.744733512401581,0.215797543525696,0.048298567533493,0.547769904136658,0.369631797075272,1.21567857265472,0.751700401306152,0.629758358001709,0.33769029378891,0.4182049036026,0.502782583236694,-0.459736675024033
1511,0.687800467014313,0.193264827132225,0.024601174518466,0.53895902633667,0.388837039470673,1.27078437805176,0.771751821041107,0.658229947090149,0.252470672130585,0.645483374595642,0.592796444892883,-0.340207010507584
1513,0.535130620002747,0.257099270820618,0.0116366632282734,0.525425672531128,0.457210779190063,1.26253509521484,0.766302168369293,0.64674174785614,0.294573545455933,0.789201140403748,0.693607807159424,-0.269546627998352
1515,0.380791485309601,0.365110874176025,0.0735679790377617,0.534117877483368,0.49194011092186,1.21712851524353,0.682715177536011,0.551320314407349,0.39517205953598,0.862431943416595,0.737409353256226,-0.267948538064957
1517,0.210499823093414,0.445578277111053,0.160189688205719,0.51490718126297,0.492082178592682,1.21726965904236,0.534104228019714,0.468359589576721,0.423029959201813,0.893415153026581,0.742200613021851,-0.242116138339043
1519,0.0622703284025192,0.476822853088379,0.19866843521595,0.493133127689362,0.518342077732086,1.19826745986938,0.439069002866745,0.469669908285141,0.389793515205383,0.829733192920685,0.674643576145172,-0.246579930186272
1521,0.132926821708679,0.459097743034363,0.154300302267075,0.524524092674255,0.617929518222809,1.20490515232086,0.39410012960434,0.464418947696686,0.35376501083374,0.776879191398621,0.588186323642731,-0.215338230133057
1523,0.174337029457092,0.428910881280899,0.0701727718114853,0.619867086410522,0.680030882358551,1.33443355560303,0.361698150634766,0.474831610918045,0.374416053295135,0.772495269775391,0.59194016456604,-0.197371393442154
1525,0.303632587194443,0.394638389348984,0.0614686086773872,0.689482808113098,0.66192752122879,1.41444158554077,0.469293296337128,0.509495258331299,0.408987790346146,0.788974940776825,0.59470808506012,-0.193495705723763
1527,0.513926208019257,0.361653387546539,0.0676757544279099,0.726031184196472,0.648592829704285,1.4267840385437,0.626242637634277,0.636671304702759,0.397448390722275,0.79357773065567,0.583891987800598,-0.152585789561272
1529,0.672040462493896,0.335528075695038,0.0380541756749153,0.709067344665527,0.655147969722748,1.3936151266098,0.658071458339691,0.758458375930786,0.356870740652084,0.790271461009979,0.551832795143127,0.00925723928958178
1531,0.684564769268036,0.288807451725006,0.0351997949182987,0.673374652862549,0.63523805141449,1.38274300098419,0.652001321315765,0.854832291603088,0.367851078510284,0.842045903205872,0.571634531021118,0.104450479149818
1533,0.627321243286133,0.214715331792831,0.0954138338565826,0.666017889976501,0.628015697002411,1.38827776908875,0.716682076454163,0.947986423969269,0.36944717168808,0.954523921012878,0.678602516651154,0.0947642773389816
1535,0.568897426128387,0.179171562194824,0.141295224428177,0.695099830627441,0.597544729709625,1.29759871959686,0.740925252437592,0.991286337375641,0.402555733919144,1.00129950046539,0.74201238155365,0.0788911432027817
1537,0.493336856365204,0.136146396398544,0.17183992266655,0.683230102062225,0.571182608604431,1.16910839080811,0.704387426376343,1.0208466053009,0.443187713623047,1.00806283950806,0.71665096282959,0.0388318300247192
1539,0.438321679830551,0.0961539223790169,0.170176327228546,0.601294159889221,0.570922613143921,1.13686048984528,0.707183003425598,1.04560089111328,0.450382173061371,0.975297033786774,0.667369306087494,-0.0682989954948425
1541,0.394698828458786,0.0816499665379524,0.163983479142189,0.529318690299988,0.567198395729065,1.17770421504974,0.741506993770599,0.993214666843414,0.335499256849289,0.916630923748016,0.634671449661255,-0.17578461766243
1543,0.413068413734436,0.121302671730518,0.195657193660736,0.464435607194901,0.571034967899323,1.19837152957916,0.767989933490753,1.00277996063232,0.248051464557648,0.873123526573181,0.700470268726349,-0.172639712691307
1545,0.472411096096039,0.150223568081856,0.193117618560791,0.461048305034637,0.58937019109726,1.21019315719604,0.815048694610596,1.04303419589996,0.257934302091599,0.812610149383545,0.764153778553009,-0.103332743048668
1547,0.554695963859558,0.165838941931725,0.169718861579895,0.506236016750336,0.597439765930176,1.23145890235901,0.875834703445435,1.01202535629272,0.315003842115402,0.751173675060272,0.813312649726868,-0.0679552406072617
1549,0.633755087852478,0.176554411649704,0.166164010763168,0.57159286737442,0.546038746833801,1.21610033512115,0.956435561180115,0.903326869010925,0.362873047590256,0.703762531280518,0.835913896560669,-0.0485702119767666
1551,0.650029361248016,0.188477888703346,0.156364023685455,0.586667060852051,0.479839831590652,1.17769634723663,0.965053737163544,0.78049498796463,0.387726187705994,0.671506404876709,0.834747731685638,-0.052509356290102
1553,0.627044379711151,0.183428853750229,0.156885087490082,0.561497032642365,0.432115972042084,1.16443908214569,0.904543399810791,0.71775484085083,0.397668927907944,0.653577208518982,0.84521609544754,-0.067365474998951
1555,0.584246575832367,0.163951054215431,0.153402924537659,0.537463247776031,0.408444970846176,1.17067193984985,0.809326171875,0.672821879386902,0.359063237905502,0.591627597808838,0.796200335025787,-0.072830356657505
1557,0.542922139167786,0.147919028997421,0.107607901096344,0.517395555973053,0.38772976398468,1.14264345169067,0.732371985912323,0.62797611951828,0.274747133255005,0.520787358283997,0.714403033256531,-0.0924304276704788
1559,0.604947149753571,0.194709122180939,0.0303094740957022,0.497767299413681,0.394257515668869,1.06179964542389,0.757363080978394,0.583747506141663,0.255940943956375,0.489736557006836,0.700501918792725,-0.119173355400562
1561,0.675306141376495,0.26402947306633,0.0145693002268672,0.501546204090118,0.404081284999847,0.984502911567688,0.774647414684296,0.565846920013428,0.283365368843079,0.486249566078186,0.694078266620636,-0.0983618795871735
1563,0.709869921207428,0.273353785276413,0.0674215331673622,0.503162920475006,0.4207943379879,0.898064792156219,0.754070639610291,0.569776356220245,0.309684097766876,0.485524982213974,0.683860957622528,-0.0856899544596672
1565,0.718212902545929,0.262544751167297,0.10707713663578,0.478315502405167,0.421276479959488,0.843013823032379,0.737631559371948,0.56621778011322,0.31019538640976,0.477767378091812,0.662721693515778,-0.100439354777336
1567,0.724775195121765,0.246245756745338,0.0989505052566528,0.444249153137207,0.418578028678894,0.803153157234192,0.675125598907471,0.562464356422424,0.332157850265503,0.474378645420074,0.649085640907288,-0.0854291245341301
1569,0.742852747440338,0.237233489751816,0.0879454240202904,0.405272632837296,0.41558963060379,0.787365198135376,0.602600514888763,0.599357545375824,0.361405521631241,0.466892600059509,0.643057525157928,-0.0754281282424927
1571,0.74247807264328,0.23256316781044,0.0984088853001595,0.377077013254166,0.420022964477539,0.761397480964661,0.564352095127106,0.647023141384125,0.365346252918243,0.445807695388794,0.599451541900635,-0.0805444046854973
1573,0.729716837406158,0.219672188162804,0.104589767754078,0.360216021537781,0.403417706489563,0.718236327171326,0.526392936706543,0.651335179805756,0.366083890199661,0.401591002941132,0.519199371337891,-0.0934568047523499
1575,0.730316162109375,0.206017285585403,0.100975640118122,0.352611720561981,0.368985265493393,0.704110205173492,0.510867953300476,0.62673681974411,0.354400724172592,0.374910861253738,0.521721959114075,-0.0954025238752365
1577,0.747019171714783,0.201781123876572,0.100544184446335,0.349199831485748,0.331724554300308,0.726807653903961,0.491835534572601,0.625021517276764,0.322202622890472,0.389251321554184,0.578188180923462,-0.0940551236271858
1579,0.73883980512619,0.211637556552887,0.0974674001336098,0.350880950689316,0.317336231470108,0.719782054424286,0.459248960018158,0.624885559082031,0.295069217681885,0.416435867547989,0.596035182476044,-0.0692724734544754
1581,0.713324069976807,0.224734634160995,0.0854272171854973,0.351669609546661,0.321743458509445,0.703575968742371,0.449292093515396,0.629248559474945,0.264976173639297,0.44046825170517,0.590115785598755,-0.0393016487360001
1583,0.700089812278748,0.225627720355988,0.0998091548681259,0.370073735713959,0.336063593626022,0.693275451660156,0.450878143310547,0.634378492832184,0.242793321609497,0.452347040176392,0.599534630775452,-0.0322315283119678
1585,0.687229633331299,0.239947304129601,0.125146627426147,0.388619601726532,0.342591911554337,0.668164193630219,0.469661116600037,0.645240962505341,0.251724481582642,0.455076605081558,0.626360297203064,-0.0343688502907753
1587,0.689733862876892,0.275655418634415,0.160713538527489,0.377715468406677,0.355097025632858,0.641009330749512,0.503836512565613,0.6467604637146,0.275038629770279,0.456200122833252,0.637854099273682,-0.0447729229927063
1589,0.687784433364868,0.295743048191071,0.179157480597496,0.368051499128342,0.387506783008575,0.633850514888763,0.522673547267914,0.645733833312988,0.295010983943939,0.464496403932571,0.625909209251404,-0.0695659816265106
1591,0.685460269451141,0.292128026485443,0.186589553952217,0.381907910108566,0.427859753370285,0.65978991985321,0.52710634469986,0.650349378585815,0.312390446662903,0.471613556146622,0.601134240627289,-0.100224904716015
1593,0.68565422296524,0.268679231405258,0.183358952403069,0.380796521902084,0.446513116359711,0.697668135166168,0.527605772018433,0.659071385860443,0.330505728721619,0.484578222036362,0.599108695983887,-0.091454491019249
1595,0.699188351631165,0.25301006436348,0.161505654454231,0.359113395214081,0.439206212759018,0.728931486606598,0.516861259937286,0.670161783695221,0.333495289087296,0.490637242794037,0.606931149959564,-0.0794161334633827
1597,0.726816594600677,0.250718235969543,0.141575992107391,0.332830369472504,0.435366928577423,0.743445098400116,0.511863708496094,0.687078654766083,0.342342972755432,0.498537361621857,0.588257253170013,-0.0713329017162323
1599,0.751734673976898,0.250269174575806,0.135971859097481,0.328239560127258,0.42537060379982,0.746869921684265,0.52561628818512,0.705823421478271,0.341638624668121,0.518022239208221,0.573317289352417,-0.0603083744645119
1601,0.779051601886749,0.250290095806122,0.135085344314575,0.34825411438942,0.408852368593216,0.753109276294708,0.535426735877991,0.731554210186005,0.33314236998558,0.54059636592865,0.594805896282196,-0.0634610056877136
1603,0.790750980377197,0.272792875766754,0.153496518731117,0.364264011383057,0.408623069524765,0.774587512016296,0.524345099925995,0.757885754108429,0.324151009321213,0.554829001426697,0.629813671112061,-0.0729103460907936
1605,0.800481915473938,0.289437562227249,0.175920158624649,0.380471259355545,0.432835787534714,0.788638949394226,0.516043365001678,0.797463595867157,0.32228034734726,0.565811693668365,0.643473982810974,-0.0889656618237495
1607,0.795324206352234,0.284347623586655,0.191228449344635,0.405723810195923,0.449671447277069,0.780964016914368,0.525076389312744,0.827607572078705,0.343360394239426,0.58222234249115,0.661862730979919,-0.093797542154789
1609,0.780936241149902,0.290374159812927,0.203849777579308,0.435843378305435,0.451734215021133,0.807229220867157,0.547581434249878,0.836374163627625,0.373185753822327,0.617136776447296,0.69137442111969,-0.0774443373084068
1611,0.779416024684906,0.316651105880737,0.20115002989769,0.446278840303421,0.47842201590538,0.854284942150116,0.572192490100861,0.845134317874908,0.407385289669037,0.653378307819366,0.717423379421234,-0.0599992126226425
1613,0.766470670700073,0.342435538768768,0.193111836910248,0.452676504850388,0.508830189704895,0.885316610336304,0.574858725070953,0.867957413196564,0.414690405130386,0.674407601356506,0.737455248832703,-0.0676532909274101
1615,0.781915009021759,0.361011266708374,0.178825497627258,0.458713084459305,0.555765569210052,0.892474174499512,0.616231262683868,0.936175286769867,0.410536676645279,0.700796484947205,0.758790791034698,-0.0791801884770393
1617,0.79544734954834,0.357675790786743,0.169763684272766,0.471565008163452,0.591802656650543,0.903965413570404,0.678380072116852,1.00143277645111,0.438592344522476,0.740550577640533,0.775356531143188,-0.082605741918087
1619,0.786272287368774,0.330247074365616,0.151455223560333,0.494627892971039,0.615348100662231,0.916774094104767,0.716414391994476,1.05175971984863,0.485833436250687,0.756629526615143,0.785834789276123,-0.0825559869408607
1621,0.805657804012299,0.293111115694046,0.160773023962975,0.503852486610413,0.671186506748199,0.976596832275391,0.743743658065796,1.12754797935486,0.523784935474396,0.785670399665833,0.806483566761017,-0.0678624585270882
1623,0.830534756183624,0.268151551485062,0.187434419989586,0.525003433227539,0.748945653438568,1.07625925540924,0.779418349266052,1.19989514350891,0.563169240951538,0.839083850383759,0.847384035587311,-0.0530461519956589
1625,0.820652425289154,0.285382509231567,0.21077598631382,0.544680058956146,0.807191014289856,1.17699015140533,0.832875370979309,1.25772869586945,0.585476994514465,0.900926947593689,0.917661428451538,-0.0565553531050682
1627,0.836775124073029,0.329971611499786,0.241123199462891,0.579443275928497,0.866196036338806,1.2818511724472,0.884778916835785,1.34366369247437,0.589964389801025,0.984984755516052,1.010901927948,-0.0536513775587082
1629,0.876209437847137,0.372830986976624,0.277073442935944,0.651937425136566,0.947058260440826,1.3646445274353,0.959764361381531,1.45639526844025,0.605215132236481,1.0646721124649,1.0739369392395,-0.0540966652333736
1631,0.901171088218689,0.399899333715439,0.3042351603508,0.704427421092987,0.99800568819046,1.4082270860672,1.03058207035065,1.5360586643219,0.608416259288788,1.09861445426941,1.10279965400696,-0.0548446103930473
1633,0.914488732814789,0.40974885225296,0.323300272226334,0.72395271062851,0.999508082866669,1.43283903598785,1.08479821681976,1.57409369945526,0.598096430301666,1.08209502696991,1.15592420101166,-0.0549869984388351
1635,0.969986081123352,0.434687703847885,0.313498258590698,0.772027552127838,0.999795019626617,1.46180844306946,1.12080299854279,1.65392017364502,0.587399482727051,1.08997988700867,1.26077246665955,-0.0546050667762756
1637,1.04785811901093,0.475775957107544,0.292707622051239,0.835187375545502,1.06634032726288,1.51827573776245,1.14992582798004,1.76703333854675,0.586783885955811,1.13641786575317,1.37342536449432,-0.0207222085446119
1639,1.08765804767609,0.522912383079529,0.273963779211044,0.885170698165894,1.17722404003143,1.56713998317719,1.20327115058899,1.87124919891357,0.589512467384338,1.18942487239838,1.44493281841278,0.0132674369961023
1641,1.07762229442596,0.549846410751343,0.256519258022308,0.913650989532471,1.26070392131805,1.59695780277252,1.24450075626373,1.91157364845276,0.594740271568298,1.22584116458893,1.47355842590332,0.0227992832660675
1643,1.03873074054718,0.535337209701538,0.219459876418114,0.917137265205383,1.29825496673584,1.61757779121399,1.23471212387085,1.89296996593475,0.588111162185669,1.21850955486298,1.48282992839813,0.00310807977803051
1645,1.00136196613312,0.523765027523041,0.197911828756332,0.929310977458954,1.32244551181793,1.66520893573761,1.2209392786026,1.89913284778595,0.592156529426575,1.17197585105896,1.42865562438965,-0.0112864514812827
1647,0.987385094165802,0.539521455764771,0.212892800569534,0.971339225769043,1.35938656330109,1.76208066940308,1.2829475402832,1.96194076538086,0.600832402706146,1.13566613197327,1.35808861255646,0.000990300672128797
1649,0.950870931148529,0.541759192943573,0.21043261885643,1.00877261161804,1.36261355876923,1.82946789264679,1.34521698951721,1.9943380355835,0.591646373271942,1.11089038848877,1.31253635883331,0.0162105672061443
1651,0.895413637161255,0.534288346767426,0.208349138498306,1.03190982341766,1.2845903635025,1.85256683826447,1.38996946811676,2.02679347991943,0.595088005065918,1.11550283432007,1.28766775131226,0.0192099064588547
1653,0.913677990436554,0.550764679908752,0.240668833255768,1.02833962440491,1.20984327793121,1.91904175281525,1.44525694847107,2.10164856910706,0.612645208835602,1.14035999774933,1.36813497543335,0.0216256678104401
1655,0.987532615661621,0.581275224685669,0.266618281602859,1.06646692752838,1.22400391101837,1.98925089836121,1.51458930969238,2.15268445014954,0.614326775074005,1.13789343833923,1.42984211444855,0.0569052770733833
1657,1.03005194664001,0.62176513671875,0.276200503110886,1.11977708339691,1.2510153055191,2.03270554542542,1.60336172580719,2.15220355987549,0.594895780086517,1.11210525035858,1.46342051029205,0.0659758746623993
1659,1.0379843711853,0.663484334945679,0.278152406215668,1.17306935787201,1.23678243160248,2.05350875854492,1.65133845806122,2.12560963630676,0.572986960411072,1.08669018745422,1.50787591934204,0.0337721519172192
1661,1.0335795879364,0.689854562282562,0.295544892549515,1.21859169006348,1.2082496881485,2.05345749855042,1.67916774749756,2.14426589012146,0.566243231296539,1.05931949615479,1.53343772888184,0.00239488109946251
1663,1.041255235672,0.691144585609436,0.30855855345726,1.21782970428467,1.2345609664917,2.03256678581238,1.70708799362183,2.19045233726501,0.572476863861084,1.04514765739441,1.48795092105865,-0.00726164551451802
1665,1.04771947860718,0.683393895626068,0.312832951545715,1.19768285751343,1.26990759372711,2.00174188613892,1.71023333072662,2.20426821708679,0.572921693325043,1.01937055587769,1.40791547298431,-0.00704265153035522
1667,1.05685687065125,0.679617047309875,0.314657032489777,1.17340362071991,1.2691935300827,1.97042047977448,1.68818128108978,2.1808180809021,0.560407936573029,0.956770539283752,1.34614253044128,-0.0154510214924812
1669,1.10152971744537,0.696166396141052,0.319538533687592,1.15115129947662,1.25643515586853,1.96611547470093,1.62689769268036,2.14799451828003,0.561424136161804,0.885355412960052,1.34388327598572,-0.0377787239849567
1671,1.15287137031555,0.72091543674469,0.325195342302322,1.13541352748871,1.26716160774231,1.97695279121399,1.54447603225708,2.11996483802795,0.57955926656723,0.816100716590881,1.32571029663086,-0.0611966252326965
1673,1.23502767086029,0.753340721130371,0.340186476707458,1.10946345329285,1.29168677330017,2.01605033874512,1.49370157718658,2.07812738418579,0.616842567920685,0.756495535373688,1.27830135822296,-0.0790181308984756
1675,1.3287627696991,0.794993221759796,0.371961265802383,1.08936822414398,1.29484879970551,2.09129166603088,1.47592794895172,2.03622460365295,0.666922390460968,0.722815096378326,1.25122606754303,-0.100134447216988
1677,1.42976677417755,0.837654411792755,0.40028989315033,1.08738446235657,1.28144645690918,2.17948770523071,1.49350905418396,2.02418327331543,0.697580337524414,0.672436594963074,1.23574244976044,-0.0668357834219933
1679,1.54223477840424,0.877575159072876,0.417774856090546,1.08962106704712,1.25147092342377,2.25201845169067,1.52570354938507,2.04083180427551,0.694786548614502,0.600237131118774,1.22206091880798,-0.0370759926736355
1681,1.64429116249084,0.90018630027771,0.427850514650345,1.10879564285278,1.19919729232788,2.29099082946777,1.56023347377777,2.02555322647095,0.684460997581482,0.53083610534668,1.18835139274597,-0.0200997795909643
1683,1.81251287460327,0.971805930137634,0.463161081075668,1.12896931171417,1.11792051792145,2.3794276714325,1.66774272918701,2.01548480987549,0.744158327579498,0.469652652740479,1.17401134967804,0.0295142978429794
1685,2.00293612480164,1.06283617019653,0.528560400009155,1.11975646018982,1.06443417072296,2.49079012870789,1.78682005405426,2.05483055114746,0.837550580501556,0.419414788484573,1.24523758888245,0.118912652134895
1687,2.17264413833618,1.14401197433472,0.60614275932312,1.09401786327362,1.04274106025696,2.56807374954224,1.85241103172302,2.11603617668152,0.916444718837738,0.378646612167358,1.33572852611542,0.21342459321022
1689,2.2852098941803,1.22245943546295,0.681478917598724,1.07994949817657,1.03413712978363,2.63227009773254,1.86495530605316,2.17282938957214,0.975241899490356,0.32979941368103,1.35816609859467,0.2890704870224
1691,2.34211111068726,1.26271104812622,0.725189387798309,1.08084392547607,1.02370190620422,2.67083811759949,1.84909009933472,2.17020702362061,1.01908123493195,0.292491734027863,1.33201038837433,0.329662084579468
1693,2.39621353149414,1.27964305877686,0.733827948570251,1.07362341880798,1.00656712055206,2.70620036125183,1.80398964881897,2.1228358745575,1.05250430107117,0.266088306903839,1.31351804733276,0.341581642627716
1695,2.47487187385559,1.29454112052917,0.724508881568909,1.05845606327057,1.00337409973145,2.77348732948303,1.76162946224213,2.08790469169617,1.0934442281723,0.23493218421936,1.31201577186584,0.35390967130661
1697,2.54657387733459,1.28893375396729,0.704952776432037,1.04772877693176,1.01369512081146,2.81267619132996,1.71507561206818,2.07263898849487,1.12572848796844,0.188286900520325,1.27887368202209,0.366720944643021
1699,2.76087141036987,1.37374043464661,0.72036737203598,1.07436800003052,1.05567526817322,2.91182684898376,1.7208297252655,2.08325934410095,1.20734643936157,0.110935091972351,1.25004756450653,0.451881140470505
1701,3.06788635253906,1.51532340049744,0.805871963500977,1.1525411605835,1.08361852169037,3.09237504005432,1.79581260681152,2.12330889701843,1.33572614192963,0.0753850787878036,1.29502022266388,0.581205070018768
1703,3.50701355934143,1.72057366371155,0.959234476089478,1.28563952445984,1.13235020637512,3.39408230781555,1.96355211734772,2.30321717262268,1.5412939786911,0.057918518781662,1.43995523452759,0.736780285835266
1705,4.20057487487793,2.03620648384094,1.16212546825409,1.45003163814545,1.24848234653473,3.87147879600525,2.2761492729187,2.71575331687927,1.85796713829041,0.0665954425930977,1.66344857215881,0.975076615810394
1707,5.06871271133423,2.43992614746094,1.40307807922363,1.67294991016388,1.41677963733673,4.50102138519287,2.72351503372192,3.24883460998535,2.25441932678223,0.179037183523178,1.94384717941284,1.28170347213745
1709,6.06392335891724,2.92487454414368,1.65647494792938,1.98871123790741,1.63501644134521,5.28611516952515,3.27922749519348,3.88279557228088,2.74227952957153,0.366436868906021,2.34551191329956,1.65636026859283
1711,7.08210229873657,3.41218495368958,1.89172089099884,2.38204598426819,1.87522637844086,6.15811491012573,3.90338397026062,4.60582542419434,3.26520776748657,0.575600743293762,2.90091609954834,2.10686874389648
1713,8.09689521789551,3.92260265350342,2.15315628051758,2.8634979724884,2.13126730918884,7.1307201385498,4.64762020111084,5.48721504211426,3.80541634559631,0.787060737609863,3.64097762107849,2.70334553718567
1715,9.28917980194092,4.68822431564331,2.59923815727234,3.52274966239929,2.47237539291382,8.42215633392334,5.78004169464111,6.90724897384644,4.40519952774048,1.09114229679108,4.85062980651855,3.77213716506958
1717,10.827467918396,6.15520238876343,3.52483916282654,4.59684467315674,3.03746342658997,10.5470390319824,7.88388633728027,9.93397426605225,5.11969900131226,1.6423807144165,7.37974214553833,6.05431222915649
1719,11.9791126251221,7.73111724853516,4.6225733757019,5.79606485366821,3.57157349586487,12.6192445755005,10.162693977356,13.5435934066772,5.42414474487305,2.18665504455566,10.5179643630981,8.77725887298584
1721,12.5598297119141,9.09694862365723,5.75180625915527,6.96225881576538,3.92252826690674,14.1732177734375,12.2493743896484,17.0004577636719,5.150719165802,2.59280157089233,13.761079788208,11.5235300064087
1723,12.8236637115479,10.327654838562,6.91973304748535,8.00335121154785,4.10188436508179,15.3788423538208,14.2083215713501,20.224308013916,4.47652673721313,2.86001825332642,16.8143157958984,14.2273626327515
1725,12.8673868179321,11.2781591415405,7.88681411743164,8.72523880004883,4.16063547134399,16.0751705169678,15.6864728927612,22.7138900756836,3.71738171577454,2.98942732810974,19.1305446624756,16.4713821411133
1727,12.6765384674072,11.8015413284302,8.49876594543457,9.08510398864746,4.10475826263428,16.2319431304932,16.3739624023438,24.0836410522461,2.99178552627563,2.98795604705811,20.5035495758057,18.0048904418945
1729,12.3440284729004,11.916711807251,8.75381946563721,9.17937564849854,3.94455647468567,16.0204315185547,16.4771556854248,24.5410900115967,2.3431613445282,2.89445996284485,21.0569858551025,18.7928142547607
1731,11.9292783737183,11.6966972351074,8.71128082275391,9.01366806030273,3.71503496170044,15.4994478225708,16.1191272735596,24.2620525360107,1.76065099239349,2.74405789375305,20.8334159851074,18.8724193572998
1733,11.4299917221069,11.3255376815796,8.55321216583252,8.52709579467773,3.45118641853333,14.8031711578369,15.5882062911987,23.6714172363281,1.26822626590729,2.54430198669434,20.1308441162109,18.466028213501
1735,11.0003032684326,10.9147806167603,8.2525691986084,7.94354438781738,3.2381591796875,14.1572542190552,14.9844751358032,22.8454875946045,1.0450496673584,2.3446102142334,19.2685317993164,17.6722679138184
1737,10.5522842407227,10.2578115463257,7.71998834609985,7.24133253097534,3.0466833114624,13.3730134963989,14.1053800582886,21.5293216705322,0.964821338653564,2.14066672325134,18.0888423919678,16.3356895446777
1739,10.1019535064697,9.43061256408691,6.98100233078003,6.43061876296997,2.82853889465332,12.4560747146606,13.0411653518677,19.8102607727051,0.947829306125641,1.88955283164978,16.5241260528564,14.5504350662231
1741,9.66836357116699,8.52140522003174,6.05810213088989,5.4959716796875,2.5711612701416,11.3927841186523,11.7976865768433,17.5470542907715,1.01690316200256,1.61285829544067,14.4882640838623,12.4067974090576
1743,9.21455669403076,7.5899338722229,5.10234069824219,4.53193664550781,2.32337880134583,10.2063493728638,10.4451103210449,15.0408449172974,1.14793932437897,1.32775175571442,12.2748546600342,10.2444038391113
1745,8.7031078338623,6.62876033782959,4.21608066558838,3.65201354026794,2.08644771575928,8.9679479598999,9.07404232025146,12.5607061386108,1.24999678134918,1.02784299850464,10.1127262115479,8.25965881347656
1747,8.01670360565186,5.56997919082642,3.40973019599915,2.86805438995361,1.83611726760864,7.64738512039185,7.61361885070801,10.093599319458,1.24039661884308,0.730401396751404,8.02791881561279,6.39691209793091
1749,7.04184484481812,4.38446950912476,2.6213800907135,2.12032699584961,1.55783975124359,6.19844150543213,6.0478196144104,7.55656337738037,1.1370724439621,0.486659228801727,5.96685791015625,4.60329437255859
1751,5.96197366714478,3.34089612960815,1.92953538894653,1.51141035556793,1.27990102767944,4.84820699691772,4.6141881942749,5.39184856414795,1.0029513835907,0.312565952539444,4.25909900665283,3.12671899795532
1753,5.04810953140259,2.62638902664185,1.45210647583008,1.12970161437988,1.0646026134491,3.82819867134094,3.52308821678162,3.92714667320251,0.867209076881409,0.188951447606087,3.11079478263855,2.14510083198547
1755,4.26718664169312,2.08666968345642,1.1088752746582,0.860483348369598,0.885587751865387,3.04445958137512,2.71604776382446,2.90993118286133,0.734609246253967,0.103254586458206,2.31169033050537,1.46519124507904
1757,3.62139225006104,1.67106509208679,0.872548282146454,0.662590384483337,0.732704341411591,2.44944071769714,2.13872933387756,2.20388460159302,0.605313956737518,0.0526011474430561,1.7721039056778,1.0105288028717
1759,3.07100009918213,1.34008502960205,0.709416270256042,0.532232940196991,0.606618583202362,1.96614480018616,1.69998157024384,1.69608283042908,0.495533227920532,0.0284363478422165,1.3957587480545,0.715116620063782
1761,2.61092090606689,1.06616592407227,0.564439535140991,0.450309723615646,0.505572319030762,1.55779337882996,1.36216449737549,1.29925882816315,0.396684050559998,0.00816213432699442,1.1133850812912,0.529411852359772
1763,2.26191830635071,0.879208326339722,0.44127431511879,0.382103741168976,0.456013441085815,1.25161957740784,1.1156610250473,1.03125464916229,0.336230963468552,-0.0204404219985008,0.906808018684387,0.399296134710312
1765,1.9677197933197,0.749033212661743,0.366102606058121,0.321385592222214,0.40740567445755,1.04424905776978,0.929207444190979,0.851684391498566,0.304997801780701,-0.0258397907018661,0.718128621578217,0.299013286828995
1767,1.69836759567261,0.629005432128906,0.297250688076019,0.25458699464798,0.334767639636993,0.890075743198395,0.766934931278229,0.6588996052742,0.250948935747147,-0.0241864938288927,0.558557271957397,0.229305475950241
1769,1.4872339963913,0.520309090614319,0.219820320606232,0.215677708387375,0.251487970352173,0.786508619785309,0.629280626773834,0.521020531654358,0.193396255373955,-0.0357210710644722,0.458473294973373,0.158114239573479
1771,1.30025362968445,0.429592669010162,0.17295503616333,0.243044257164001,0.171117678284645,0.688041627407074,0.547984957695007,0.47369858622551,0.154915153980255,-0.0581643208861351,0.415497720241547,0.0873998254537582
1773,1.14218294620514,0.374415427446365,0.174319177865982,0.255937844514847,0.13228115439415,0.583007454872131,0.523541212081909,0.442896753549576,0.11015784740448,-0.0604344829916954,0.370275557041168,0.0668824464082718
1775,0.995039701461792,0.365058362483978,0.174773976206779,0.228642821311951,0.116923466324806,0.512378394603729,0.50002533197403,0.414138942956924,0.0922044962644577,-0.053902093321085,0.28093758225441,0.0705356150865555
1777,0.905275285243988,0.355842441320419,0.171833902597427,0.196758478879929,0.0990376845002174,0.497673898935318,0.432910114526749,0.354499489068985,0.124402262270451,-0.0725068598985672,0.22772578895092,0.0454138889908791
1779,0.881842613220215,0.32981413602829,0.149829849600792,0.171962797641754,0.0808090567588806,0.522524893283844,0.354302704334259,0.30210343003273,0.128714099526405,-0.0839986801147461,0.22156634926796,0.00137167831417173
1781,0.850717127323151,0.267049998044968,0.0986954271793365,0.137471348047256,0.0713688284158707,0.533647537231445,0.296297281980515,0.273453682661057,0.075268566608429,-0.0792131200432777,0.231453627347946,-0.0292185414582491
1783,0.818184316158295,0.239425748586655,0.0424877181649208,0.12944670021534,0.0639909282326698,0.513071596622467,0.250696092844009,0.188823938369751,0.021197609603405,-0.08384008705616,0.208827793598175,0.00434529036283493
1785,0.746606230735779,0.236130997538567,0.0560667887330055,0.114330507814884,0.0334774702787399,0.488923609256744,0.192385271191597,0.0433599054813385,-0.0282824523746967,-0.074933648109436,0.151192173361778,0.0824827179312706
1787,0.621492266654968,0.227664336562157,0.101366683840752,0.112318493425846,0.00196783756837249,0.460499942302704,0.0930211767554283,-0.0595961660146713,-0.0495556369423866,-0.0641990900039673,0.0970314219594002,0.0991638004779816
1789,0.509177088737488,0.209292650222778,0.179830864071846,0.121269345283508,-0.015342247672379,0.463467538356781,0.0106049999594688,-0.048528179526329,-0.0189016237854958,-0.0531554371118546,0.0484337210655212,0.0659130066633224
1791,0.484033912420273,0.20064403116703,0.162133947014809,0.133423566818237,-0.037981279194355,0.458629935979843,-0.0119990473613143,0.0198962520807981,0.0475341193377972,-0.000429475854616612,0.0594309642910957,0.0272140726447105
1793,0.501942873001099,0.178800821304321,0.107927426695824,0.101031899452209,-0.0498409569263458,0.383399337530136,0.0230579618364573,-0.00575657188892365,0.0970910936594009,-0.00164360995404422,0.122327163815498,-0.0116211678832769
1795,0.469503104686737,0.16327640414238,0.0950325503945351,0.058414451777935,-0.0194525010883808,0.367235630750656,0.0580855086445808,-0.0440313629806042,0.1429573148489,-0.124635621905327,0.158359229564667,-0.0832807943224907
2685,0.452821433544159,0.144935339689255,0.0457411892712116,0.0453652776777744,-0.0437401570379734,0.297586768865585,0.0244364067912102,0.00814117677509785,0.136822253465652,-0.114223137497902,0.0971315279603004,-0.0765953958034515
2687,0.41658028960228,0.105089098215103,-0.0613451935350895,0.0170156322419643,-0.0965054929256439,0.146273493766785,-0.0486668609082699,0.121486887335777,0.123493738472462,-0.0916018337011337,-0.0358867682516575,-0.0620712488889694
2689,0.277633935213089,-0.0476788692176342,-0.471907466650009,-0.0916750133037567,-0.298804551362991,-0.433852076530457,-0.328940093517303,0.556047141551971,0.0723931789398193,-0.00487338285893202,-0.5458704829216,-0.00638660183176398
2691,0.285895675420761,-0.349492818117142,-0.251062452793121,-0.0896899402141571,-0.0317911393940449,-0.645298779010773,0.000260850792983547,0.789771795272827,-0.274305731058121,0.0607393383979797,-0.176074057817459,0.0911010727286339
2693,0.371690928936005,-0.43484890460968,0.0207336358726025,0.120787501335144,-0.166186258196831,-0.589087605476379,0.294969230890274,0.965257227420807,-0.345029205083847,0.25515279173851,-0.348362743854523,0.182254776358604
2695,0.168166980147362,0.149208441376686,0.0132211744785309,0.393548607826233,-0.640004932880402,-0.529929399490356,0.233489602804184,0.918974280357361,-0.0627321898937225,0.3416628241539,-0.57924485206604,0.053636334836483
2697,0.0258361790329218,0.614411354064941,-0.230114296078682,0.366776674985886,-0.513767242431641,-0.158556640148163,-0.0974232107400894,0.494753301143646,0.0684502348303795,0.00581235904246569,-0.471760392189026,-0.12944108247757
2699,0.129616439342499,0.649290204048157,-0.373312264680862,0.144088447093964,-0.321628600358963,0.26675021648407,-0.219866663217545,0.106075428426266,-0.0949291437864304,-0.276300549507141,-0.378299564123154,-0.0402360484004021
2701,0.194447323679924,0.388994038105011,-0.288792461156845,0.0264740511775017,-0.325745671987534,0.44241127371788,-0.291688829660416,-0.0776292607188225,-0.310161739587784,-0.21758995950222,-0.350230544805527,0.0371898151934147
2703,0.139260187745094,0.135705322027206,-0.206537693738937,0.0782304778695107,-0.398018419742584,0.357010036706924,-0.40038937330246,-0.0520099774003029,-0.406720370054245,-0.157821401953697,-0.425002127885818,0.00586903747171164
2705,-0.0685577467083931,0.0726811736822128,-0.0382504984736443,0.251740753650665,-0.35781991481781,0.182353377342224,-0.341094642877579,-0.19065397977829,-0.349098652601242,-0.184416472911835,-0.357234716415405,-0.0837043151259422
2707,-0.282882630825043,0.0189638398587704,0.139583557844162,0.27517169713974,-0.249642789363861,0.0824571177363396,-0.273906767368317,-0.425122499465942,-0.281003206968307,-0.123862981796265,-0.27035841345787,-0.14062337577343
2709,-0.332111001014709,-0.0493417978286743,0.242093309760094,0.218371137976646,-0.133598893880844,0.108329214155674,-0.1902174949646,-0.343753069639206,-0.214559406042099,-0.134795874357224,-0.194713845849037,-0.144500970840454
2711,-0.130206391215324,0.0309247300028801,0.35868838429451,0.189817473292351,-0.0733823701739311,0.257755309343338,-0.173945188522339,-0.16592276096344,-0.123675957322121,-0.146342173218727,0.00698299426585436,-0.142869994044304
2713,0.0329885184764862,0.0894110277295113,0.392637372016907,0.110362730920315,-0.0256655979901552,0.260428696870804,-0.0858320519328117,-0.0788022950291634,-0.0793768316507339,-0.0534866601228714,0.200019657611847,-0.156859830021858
2715,0.143220409750938,0.0457296557724476,0.30719843506813,0.0469720587134361,0.0164044369012117,0.166783079504967,-0.0447968877851963,-0.0802442654967308,-0.0472223572432995,0.098662368953228,0.21759107708931,-0.203978553414345
2717,0.165294334292412,-0.0858865976333618,0.145757377147675,0.00112649123184383,-0.018337182700634,0.0618676953017712,-0.0233269073069096,-0.06119579449296,0.0656246840953827,0.159553006291389,0.0760001167654991,-0.219666004180908
2719,0.122129663825035,-0.142838835716248,0.0344369783997536,0.015132593922317,-0.0528496280312538,0.00714444788172841,-0.0662145987153053,-0.112283773720264,0.184688031673431,0.107353344559669,0.00233037071302533,-0.215966567397118
2721,0.092008963227272,-0.185462832450867,0.0307167656719685,-0.00556277064606547,-0.0823072791099548,-0.0353640206158161,-0.178067177534103,-0.153137385845184,0.187237143516541,0.0233766250312328,-0.0775322243571281,-0.236078307032585
2723,0.135886445641518,-0.143219038844109,0.0623967573046684,-0.108455717563629,-0.111043557524681,-0.0207549966871738,-0.225154474377632,-0.161977037787437,0.150490373373032,-0.0667749121785164,-0.0615458898246288,-0.178409174084663
2725,0.18525131046772,-0.0908753424882889,0.0382339879870415,-0.147238805890083,-0.106694020330906,0.0556356273591518,-0.16324819624424,-0.218989491462708,0.145071223378181,-0.139917626976967,0.031845461577177,-0.120589569211006
2727,0.159737572073936,-0.0643153265118599,-0.00377454911358654,-0.0340248420834541,-0.0853373780846596,0.0705861672759056,-0.0376745834946632,-0.201388403773308,0.110412135720253,-0.132444471120834,0.105380147695541,-0.0702449530363083
2729,0.106638334691525,-0.0239514485001564,0.0333879590034485,0.0803470388054848,-0.0309343114495277,0.0810040906071663,-0.0172321368008852,-0.0717810764908791,0.0528149493038654,-0.0376334376633167,0.172595277428627,-0.0239664446562529
2731,0.166868343949318,0.0321946516633034,0.131805256009102,0.102824322879314,-0.00376366754062474,0.163909390568733,-0.0346723794937134,-0.0148471556603909,-0.0261020995676517,0.0333813615143299,0.191461086273193,-0.0260713435709476
2733,0.255430161952972,0.0819601267576218,0.169671803712845,0.0873278006911278,0.0337805934250355,0.219130650162697,-0.0484508462250233,-0.0102627957239747,-0.0503799207508564,0.0600799210369587,0.110893867909908,-0.00844959542155266
2735,0.245488375425339,0.192551180720329,0.0928590446710587,0.0577620230615139,0.0559772066771984,0.174223467707634,-0.0385847017168999,0.0114433281123638,-0.0887269005179405,0.0273676961660385,0.0423296242952347,-0.0452817231416702
2737,0.222362264990807,0.262597322463989,0.00797626376152039,0.0248041097074747,0.0821324288845062,0.127270400524139,-0.0537627413868904,0.070757582783699,-0.0803651586174965,-0.00424982281401753,0.00888828001916409,-0.0695985332131386
2739,0.200017586350441,0.250638037919998,-0.0069115674123168,0.0344760864973068,0.100521713495255,0.156304821372032,-0.0950766429305077,0.0812583118677139,-0.00790538266301155,-0.0312640927731991,0.0113913808017969,-0.0407627783715725
2741,0.140798702836037,0.199116244912148,-0.0290558058768511,0.0438412241637707,0.101998127996922,0.193753853440285,-0.123231828212738,0.0497920028865337,0.0696796327829361,-0.0270930398255587,0.0736061558127403,-0.0494564175605774
2743,0.160260215401649,0.145056307315826,-0.0149120138958097,0.0861117020249367,0.0648849382996559,0.246510624885559,-0.116763323545456,0.0519436076283455,0.130378171801567,-0.0420643873512745,0.111262708902359,-0.0441347435116768
2745,0.133249461650848,0.147024571895599,0.0102408258244395,0.0938995629549026,0.0086109284311533,0.232100650668144,-0.0737940222024918,0.0542019717395306,0.156973376870155,-0.0286769084632397,0.130673363804817,-0.0113532925024629
2747,0.0746355652809143,0.129179060459137,-0.0130079798400402,0.0828874707221985,0.00556561723351479,0.230836316943169,-0.0254661869257689,0.0772789344191551,0.153443560004234,-0.0109248859807849,0.149346441030502,-0.00581030827015638
2749,0.0218678507953882,0.146140649914742,-0.0125255659222603,0.0915772318840027,0.0540012493729591,0.272819370031357,0.0527254678308964,0.115240871906281,0.143699064850807,-0.0247562788426876,0.153681725263596,-0.0350341126322746
2751,0.0183978583663702,0.160417720675468,0.00964943133294582,0.118176624178886,0.0436022542417049,0.298417329788208,0.0883888304233551,0.0987609401345253,0.102947257459164,-0.0227980669587851,0.133826673030853,-0.0461844094097614
2753,0.0763107761740685,0.139385536313057,0.0377450063824654,0.14080473780632,0.0244438424706459,0.333643704652786,0.0575012154877186,0.0518433414399624,0.0952451005578041,0.0159844644367695,0.0886390060186386,-0.00466012954711914
2755,0.131993532180786,0.0989965572953224,0.0471300110220909,0.144471451640129,-0.00485978182405233,0.401998311281204,0.0204421728849411,-0.00505588250234723,0.0888363718986511,0.0373248755931854,0.0823365226387978,0.0591034963726997
2757,0.203513592481613,0.0697586089372635,0.0383735783398151,0.119405329227448,-0.0131306741386652,0.404192537069321,0.00244272942654788,-0.0568879432976246,0.0462665408849716,0.00982185360044241,0.0993219614028931,0.0688187479972839
2759,0.242209523916245,0.0915228500962257,0.0389072336256504,0.121969357132912,0.00323149701580405,0.350687950849533,6.67303829686716E-05,-0.0909012705087662,-0.027414582669735,0.0159540083259344,0.117985554039478,0.0430968888103962
2761,0.248414680361748,0.11778761446476,0.028237659484148,0.141766831278801,0.0413914248347282,0.345480144023895,-0.00346835306845605,-0.0553312636911869,-0.0766866281628609,0.0334396548569202,0.116190329194069,0.0322156623005867
2763,0.252294540405273,0.128320246934891,0.00319767161272466,0.160597175359726,0.0619599185883999,0.410131573677063,-0.0190876107662916,0.0230185799300671,-0.0979858115315437,0.045453105121851,0.0871415510773659,0.0250077918171883
2765,0.210914790630341,0.150689512491226,0.00700517883524299,0.169582009315491,0.0249409265816212,0.47118753194809,-0.00902311038225889,0.0816646590828896,-0.0884851440787315,0.0502444095909595,0.0656384602189064,-0.00779370125383139
2767,0.207512319087982,0.165958777070045,0.0149016911163926,0.15597939491272,-0.0307127423584461,0.484817504882813,0.0585613958537579,0.130821272730827,-0.0363455414772034,0.0483030080795288,0.0305170342326164,-0.0464633069932461
2769,0.234536468982697,0.150239080190659,-0.00221483269706368,0.146578580141068,-0.058890413492918,0.451850593090057,0.130743980407715,0.113739475607872,-0.00468773720785975,0.0488298162817955,0.0126431966200471,-0.0643717646598816
2771,0.256703317165375,0.137129098176956,0.00732013117522001,0.131505757570267,-0.060822281986475,0.436183035373688,0.169355928897858,0.0945643559098244,-0.0136512201279402,0.042943187057972,-0.0085708973929286,-0.061165314167738
2773,0.255921721458435,0.108643770217896,0.0083277327939868,0.128171890974045,-0.028713621199131,0.408869713544846,0.158341333270073,0.146907597780228,-0.0337841026484966,0.0375577248632908,-0.0109496070072055,-0.0497580505907536
2775,0.27599310874939,0.0574454367160797,0.00529918354004622,0.0997612625360489,0.00390894943848252,0.408126682043076,0.114024199545383,0.214057475328445,-0.0397276766598225,0.0305036325007677,0.0112330159172416,-0.0400630347430706
2777,0.307023882865906,0.0162157155573368,0.00940738618373871,0.0921692624688148,0.0121152065694332,0.430539280176163,0.0829914435744286,0.242826253175735,-0.0204676240682602,0.0135604925453663,0.0588294118642807,-0.0270450655370951
2779,0.314021348953247,0.00859351549297571,0.0411666370928288,0.117895498871803,0.0134528558701277,0.461704909801483,0.0865062847733498,0.228962287306786,0.00594069343060255,-0.00396435614675283,0.110863573849201,-0.00846128258854151
2781,0.28549537062645,0.0357092991471291,0.0738700479269028,0.14141634106636,0.00038898439379409,0.463101267814636,0.115904293954372,0.206485480070114,0.0298167821019888,-0.0132539346814156,0.142034202814102,-1.28194924400304E-05
2783,0.271511614322662,0.0678001865744591,0.083373911678791,0.138511061668396,-0.0196389090269804,0.437336921691895,0.144433885812759,0.211443141102791,0.0550817027688026,0.0102928318083286,0.132174283266068,-0.0152748664841056
2785,0.295057952404022,0.0837370380759239,0.0737800002098083,0.146522372961044,-0.0253452435135841,0.405018001794815,0.166062146425247,0.197083547711372,0.0758666470646858,0.0389168858528137,0.11730582267046,-0.0337376184761524
2787,0.325726270675659,0.101205065846443,0.0596059039235115,0.1513811647892,-0.0137999001890421,0.398946672677994,0.189599588513374,0.13201941549778,0.0919711068272591,0.0657685920596123,0.109559126198292,-0.0047998963855207
2789,0.343785315752029,0.136418983340263,0.0728173404932022,0.159662470221519,-0.0120956273749471,0.39520925283432,0.198004707694054,0.075422540307045,0.0838227793574333,0.0539754331111908,0.123177878558636,0.0272425301373005
2791,0.372494250535965,0.15813809633255,0.095229834318161,0.173868641257286,-0.0215353257954121,0.416034489870071,0.188042461872101,0.0840825140476227,0.069209136068821,0.0151673210784793,0.135840088129044,0.0319810584187508
2793,0.405311584472656,0.157332047820091,0.120734483003616,0.174790948629379,-0.0178050957620144,0.433855593204498,0.18863083422184,0.128725424408913,0.0675281956791878,-0.00122490897774696,0.129148229956627,0.0265526045113802
2795,0.415085077285767,0.157179847359657,0.108704939484596,0.143605321645737,-0.00233211973682046,0.446805417537689,0.19275851547718,0.148733407258987,0.113668173551559,0.00774837797507644,0.14505822956562,0.0198832042515278
2797,0.410134971141815,0.161125853657722,0.078055202960968,0.115228094160557,0.012201820500195,0.47434675693512,0.180770054459572,0.134344652295113,0.160955831408501,0.039514996111393,0.153288781642914,-0.0037318910472095
2799,0.422517597675323,0.185743421316147,0.0679488182067871,0.102142736315727,0.0278646163642406,0.50379091501236,0.146665826439857,0.139602541923523,0.188461259007454,0.0491113290190697,0.152614921331406,-0.0342367999255657
2801,0.431539446115494,0.177936375141144,0.0554014146327972,0.0797699019312859,0.0316162742674351,0.52252072095871,0.116888776421547,0.16498751938343,0.187382593750954,0.0562308244407177,0.175682187080383,-0.0459896512329578
2803,0.447785466909409,0.148982584476471,0.0458643324673176,0.0799852460622787,0.0323735475540161,0.522377490997314,0.112539187073708,0.224270537495613,0.159792453050613,0.0719408094882965,0.19697031378746,-0.0465444549918175
2805,0.464170753955841,0.15161906182766,0.073101282119751,0.0949680954217911,0.0356970280408859,0.523514032363892,0.103049263358116,0.267440795898438,0.126355096697807,0.0749264135956764,0.199524417519569,-0.0351162441074848
2807,0.492990851402283,0.160111457109451,0.0947722047567368,0.12056690454483,0.0300736166536808,0.54345577955246,0.107038855552673,0.286850571632385,0.0973878502845764,0.0648384541273117,0.178880572319031,-0.012314666993916
2809,0.51098108291626,0.167228028178215,0.0877913758158684,0.121431663632393,0.0284722708165646,0.56550407409668,0.13017812371254,0.283287525177002,0.0802738517522812,0.0569467730820179,0.150669857859612,0.00893059000372887
2811,0.50431090593338,0.157424926757813,0.0482607521116734,0.122010700404644,0.0249283351004124,0.598581612110138,0.149129092693329,0.279903382062912,0.0582783706486225,0.0520689859986305,0.154117420315742,0.0170928742736578
2813,0.512950718402863,0.171956062316895,0.0306705161929131,0.135107696056366,0.0361729487776756,0.619746685028076,0.19133985042572,0.310470193624496,0.0334338806569576,0.0548424199223518,0.180417731404305,0.0124660786241293
2815,0.535347640514374,0.19690902531147,0.0567445084452629,0.157326340675354,0.0640532821416855,0.6580850481987,0.238561704754829,0.337409377098083,0.0263451747596264,0.0608289279043674,0.219341918826103,0.0165871474891901
2817,0.588622033596039,0.206027299165726,0.0787194147706032,0.176929578185081,0.0944156125187874,0.730472564697266,0.29160875082016,0.358537763357162,0.0387985035777092,0.0467562153935432,0.258462965488434,0.0162994712591171
2819,0.699565708637238,0.221313178539276,0.0866533368825912,0.197167158126831,0.122912272810936,0.753075838088989,0.291764795780182,0.373978674411774,0.0448935106396675,0.0113816205412149,0.320930898189545,0.0117408204823732
2821,0.831650078296661,0.234231218695641,0.0948397293686867,0.199550524353981,0.130028575658798,0.742879211902618,0.268369853496552,0.395403474569321,0.0662521123886108,-0.0178489107638597,0.40667462348938,-0.000642050988972187
2823,0.95281970500946,0.262088775634766,0.0893873944878578,0.212912485003471,0.119069658219814,0.780706822872162,0.257384151220322,0.413758814334869,0.0999417304992676,-0.0333586111664772,0.440665006637573,0.00793861504644156
2825,1.05845379829407,0.321051418781281,0.0819445997476578,0.24445828795433,0.115861989557743,0.854043960571289,0.306807041168213,0.430206894874573,0.139362081885338,-0.0194377433508635,0.433360785245895,0.0547719709575176
2827,1.18429255485535,0.398535698652267,0.0678912922739983,0.290479898452759,0.13632607460022,0.952384173870087,0.399328917264938,0.474187821149826,0.171565070748329,-0.00582957360893488,0.407329589128494,0.10002177208662
2829,1.34528982639313,0.464176714420319,0.0731585770845413,0.346822768449783,0.141155794262886,1.05135357379913,0.488564550876617,0.544491410255432,0.185038834810257,-0.0148784630000591,0.431527197360992,0.141652852296829
2831,1.53243350982666,0.523413300514221,0.0949488133192062,0.416692346334457,0.143974006175995,1.1755565404892,0.617806136608124,0.618948936462402,0.196187138557434,-0.0260650739073753,0.505605757236481,0.173580482602119
2833,1.74834144115448,0.592352271080017,0.124635711312294,0.468769669532776,0.164389371871948,1.28353476524353,0.79589056968689,0.719136118888855,0.214695364236832,-0.0104198874905705,0.572974681854248,0.201797738671303
2835,1.99768602848053,0.661487758159637,0.178942874073982,0.51910799741745,0.207530871033669,1.39490795135498,0.966921150684357,0.829934895038605,0.239769533276558,-0.00396936759352684,0.643077909946442,0.248399406671524
2837,2.2367537021637,0.729720294475555,0.25004842877388,0.566323518753052,0.274986118078232,1.50895822048187,1.10179269313812,0.942542254924774,0.258406072854996,-0.00659344298765063,0.712927639484406,0.285648673772812
2839,2.44761848449707,0.788606524467468,0.294152349233627,0.59062272310257,0.336199700832367,1.60486090183258,1.17729306221008,1.02740514278412,0.264474183320999,-0.00261969724670053,0.74186635017395,0.304819822311401
2841,2.59951519966125,0.830653846263885,0.305648475885391,0.597379803657532,0.370545625686646,1.67843568325043,1.19681775569916,1.06118857860565,0.293701887130737,0.00395019492134452,0.753497838973999,0.324886977672577
2843,2.67084527015686,0.857260048389435,0.307605117559433,0.602530419826508,0.380304723978043,1.71214663982391,1.19898307323456,1.08378744125366,0.305751949548721,-0.00494254985824227,0.778971791267395,0.357666492462158
2845,2.68019509315491,0.865896224975586,0.322486311197281,0.614543080329895,0.377853959798813,1.7174916267395,1.21402013301849,1.09669399261475,0.292091071605682,-0.0247490629553795,0.819852232933044,0.372360169887543
2847,2.63847494125366,0.854496717453003,0.310111850500107,0.594743967056274,0.344806522130966,1.6830917596817,1.20475053787231,1.06365609169006,0.285690575838089,-0.0232553910464048,0.835054576396942,0.370881706476212
2849,2.53808927536011,0.846354961395264,0.284343034029007,0.555538237094879,0.288267850875854,1.62854468822479,1.1581928730011,0.985706090927124,0.295594960451126,-0.00999421160668135,0.846157729625702,0.349647909402847
2851,2.39085125923157,0.860935270786285,0.266704529523849,0.550112128257751,0.256346613168716,1.58026266098022,1.10120606422424,0.947592675685883,0.315659433603287,-0.026114908978343,0.828094124794006,0.329544067382813
2853,2.26124572753906,0.860678017139435,0.26785883307457,0.570165634155273,0.255615502595901,1.56024515628815,1.06838881969452,0.958979904651642,0.330943614244461,-0.0499085262417793,0.777110517024994,0.310463964939117
2855,2.1579601764679,0.838063716888428,0.274199098348618,0.591959536075592,0.259978890419006,1.54389882087708,1.05136024951935,0.975881397724152,0.308059245347977,-0.038871381431818,0.754971086978912,0.325534403324127
2857,2.09356999397278,0.814725041389465,0.26694729924202,0.580376446247101,0.252400577068329,1.53172242641449,1.04982590675354,0.971533715724945,0.281303465366364,-0.0372719801962376,0.78495192527771,0.349500805139542
2859,2.0542140007019,0.828279793262482,0.239844992756844,0.544113576412201,0.244793429970741,1.54666781425476,1.03158438205719,0.964722752571106,0.252111166715622,-0.053579043596983,0.818305552005768,0.346406131982803
2861,2.00577282905579,0.844651460647583,0.224932983517647,0.521648645401001,0.264046937227249,1.59706783294678,0.996899843215942,0.934545516967773,0.235855594277382,-0.0373792685568333,0.818175137042999,0.30977675318718
2863,1.97477126121521,0.842639267444611,0.226930812001228,0.506555557250977,0.262574017047882,1.66904425621033,0.965710043907166,0.908060550689697,0.264320552349091,0.018554225564003,0.80964869260788,0.272372305393219
2865,1.98250472545624,0.806110143661499,0.228903383016586,0.493566244840622,0.242703512310982,1.75984477996826,0.945215404033661,0.916100800037384,0.276340693235397,0.0816952884197235,0.824039041996002,0.266375303268433
2867,2.04241728782654,0.745048344135284,0.224372997879982,0.512361347675323,0.208014756441116,1.8147451877594,0.956928312778473,0.938737332820892,0.248132288455963,0.112516596913338,0.835151672363281,0.2996766269207
2869,2.11319041252136,0.71978634595871,0.240683972835541,0.553565621376038,0.211403042078018,1.82027900218964,1.01341128349304,0.983413815498352,0.233046486973763,0.120737999677658,0.84942489862442,0.335187494754791
2871,2.19309067726135,0.743992924690247,0.273712307214737,0.578991055488586,0.242312982678413,1.85864102840424,1.07493901252747,1.05417573451996,0.261309951543808,0.135707765817642,0.893140852451324,0.370317578315735
2873,2.30766987800598,0.802467107772827,0.300867676734924,0.592803716659546,0.267113715410233,1.92028212547302,1.13838279247284,1.11269545555115,0.321456402540207,0.0999512001872063,0.960026621818542,0.388359636068344
2875,2.46891760826111,0.875684976577759,0.329590886831284,0.618372321128845,0.286286950111389,2.00787329673767,1.20624101161957,1.14986133575439,0.339932084083557,0.019566098228097,1.02130150794983,0.411751061677933
2877,2.69061708450317,0.916046857833862,0.359092652797699,0.658121466636658,0.315136313438416,2.11681151390076,1.27916526794434,1.21949529647827,0.316166132688522,-0.0512190908193588,1.09896290302277,0.437579274177551
2879,2.94272184371948,0.936863780021667,0.372918605804443,0.656215906143188,0.340951710939407,2.19528102874756,1.38102626800537,1.31647217273712,0.308182835578918,-0.084790050983429,1.15284109115601,0.476831495761871
2881,3.14098787307739,0.963903844356537,0.347145259380341,0.639362335205078,0.353787869215012,2.22659015655518,1.48898708820343,1.38472557067871,0.350756198167801,-0.105304591357708,1.21535587310791,0.527856886386871
2883,3.30098724365234,1.02762413024902,0.360497146844864,0.641475558280945,0.361947506666183,2.25273251533508,1.55754053592682,1.43518221378326,0.395541101694107,-0.121063649654388,1.29242730140686,0.579854428768158
2885,3.43620920181274,1.12531304359436,0.396048992872238,0.640537798404694,0.350825548171997,2.2840404510498,1.58216822147369,1.51334655284882,0.410732001066208,-0.126852959394455,1.35877346992493,0.594435393810272
2887,3.58402943611145,1.2332626581192,0.405860900878906,0.659811735153198,0.366658508777618,2.29500794410706,1.60477530956268,1.60129284858704,0.416150569915771,-0.121869631111622,1.3754677772522,0.575303614139557
2889,3.70098829269409,1.31775343418121,0.412164121866226,0.709037184715271,0.396765679121017,2.29304027557373,1.62558889389038,1.64087665081024,0.431699812412262,-0.107019491493702,1.32472109794617,0.545436322689056
2891,3.77635884284973,1.35963904857635,0.430491358041763,0.724493324756622,0.41573303937912,2.33244109153748,1.65084838867188,1.63805568218231,0.441023498773575,-0.0795653909444809,1.3110203742981,0.537407338619232
2893,3.80042219161987,1.37019991874695,0.447585880756378,0.774304687976837,0.449674844741821,2.4367618560791,1.69000732898712,1.6566379070282,0.45194086432457,-0.0501828379929066,1.34874439239502,0.560358881950378
2895,3.90804553031921,1.42349565029144,0.422390460968018,0.876731991767883,0.489619165658951,2.58049416542053,1.73982322216034,1.71722388267517,0.453465312719345,-0.00786217022687197,1.39165079593658,0.591119766235352
2897,4.09208059310913,1.50734734535217,0.38246551156044,0.974028289318085,0.488086402416229,2.73943257331848,1.81210565567017,1.77792060375214,0.481511771678925,0.00432607810944319,1.43317234516144,0.636623919010162
2899,4.26512622833252,1.60026502609253,0.419123321771622,1.03046441078186,0.492475926876068,2.88090538978577,1.93129467964172,1.85781812667847,0.504255175590515,-0.0297962054610252,1.49144864082336,0.698675751686096
2901,4.42747259140015,1.67557001113892,0.491314798593521,1.06459009647369,0.521773636341095,3.01218271255493,2.05252742767334,1.96687269210815,0.492779403924942,-0.065164253115654,1.60713350772858,0.760783076286316
2903,4.63516902923584,1.70827686786652,0.546472132205963,1.1301885843277,0.535646796226501,3.11002373695374,2.14035797119141,2.12767481803894,0.463923573493958,-0.0991880819201469,1.7473167181015,0.819138765335083
2905,4.84209680557251,1.69450902938843,0.597199022769928,1.19401800632477,0.522885799407959,3.20286536216736,2.17413830757141,2.29986619949341,0.452008306980133,-0.093042828142643,1.86114931106567,0.856053650379181
2907,5.0437798500061,1.72544288635254,0.613801062107086,1.23826909065247,0.525646805763245,3.33210444450378,2.22798132896423,2.43938183784485,0.459422558546066,-0.0528265163302422,1.89358270168304,0.854313313961029
2909,5.29004573822021,1.76737487316132,0.591124415397644,1.30320620536804,0.505624353885651,3.47885155677795,2.36131596565247,2.55749869346619,0.486320972442627,-0.0187142416834831,1.96471285820007,0.837565720081329
2911,5.55631542205811,1.79871821403503,0.588766276836395,1.3882782459259,0.504709541797638,3.57610130310059,2.53428173065186,2.68684458732605,0.507267236709595,0.000557291496079415,2.12791681289673,0.865450620651245
2913,5.83636569976807,1.87210047245026,0.652285695075989,1.44103336334229,0.576438784599304,3.65128421783447,2.6775758266449,2.81951904296875,0.529310703277588,-0.00310697662644088,2.25238275527954,0.957038640975952
2915,6.10436487197876,1.96451818943024,0.71145236492157,1.44511532783508,0.682972609996796,3.7710235118866,2.81418609619141,2.92226099967957,0.517260611057281,-0.045530192553997,2.29446697235107,1.06830739974976
2917,6.36182928085327,2.08015584945679,0.752871215343475,1.45682191848755,0.76112300157547,4.01605606079102,2.99857521057129,3.00574970245361,0.506064534187317,-0.10820260643959,2.30657267570496,1.19095814228058
2919,6.62756824493408,2.23208165168762,0.823368191719055,1.54729771614075,0.818896293640137,4.2763786315918,3.19852304458618,3.15842819213867,0.509280323982239,-0.126553729176521,2.37254333496094,1.31335294246674
2921,6.84116649627686,2.3830714225769,0.846979200839996,1.70109939575195,0.85625946521759,4.49850797653198,3.31378698348999,3.35164666175842,0.51541405916214,-0.0811026766896248,2.45308446884155,1.38036262989044
2923,7.09270429611206,2.48333191871643,0.851560354232788,1.83695268630981,0.842463314533234,4.68637561798096,3.35269498825073,3.53033924102783,0.510751485824585,0.0144878001883626,2.52669358253479,1.41124868392944
2925,7.45105361938477,2.57139348983765,0.850616872310638,1.90334129333496,0.806565761566162,4.82649326324463,3.4159893989563,3.70562767982483,0.438754886388779,0.0907780304551125,2.71186947822571,1.45314800739288
2927,7.73707628250122,2.68692207336426,0.891906321048737,1.94380843639374,0.819248557090759,4.96208524703979,3.51495575904846,3.89837861061096,0.387633949518204,0.0930397287011147,2.93714380264282,1.53221344947815
2929,7.88166618347168,2.78792834281921,0.939936339855194,1.96119284629822,0.850030541419983,5.11124706268311,3.61690545082092,4.02774477005005,0.349229633808136,0.0494713149964809,3.05451035499573,1.58278119564056
2931,7.94268846511841,2.8630268573761,0.964800775051117,2.00390625,0.813071608543396,5.22118186950684,3.74792528152466,4.08911609649658,0.393863409757614,0.027399867773056,3.07764315605164,1.53236174583435
2933,8.03712844848633,2.99903726577759,0.929590046405792,2.05255913734436,0.760666847229004,5.38126468658447,3.87769246101379,4.14480400085449,0.501071512699127,0.0212696734815836,3.17002892494202,1.53317403793335
2935,8.15494728088379,3.07529997825623,0.897435188293457,2.07382154464722,0.737860083580017,5.58163404464722,4.05730819702148,4.27586984634399,0.493723273277283,-0.0301105640828609,3.38815832138062,1.63665854930878
2937,8.38866329193115,3.13520193099976,0.888234615325928,2.13446807861328,0.774486541748047,5.77724695205688,4.24844932556152,4.54912328720093,0.385307729244232,-0.0790792405605316,3.57100105285645,1.70697903633118
2939,8.78829956054688,3.28719067573547,0.862541913986206,2.23536801338196,0.835415899753571,6.04174375534058,4.45753765106201,4.917809009552,0.239367857575417,-0.0605264268815517,3.77171897888184,1.80735898017883
2941,9.3954381942749,3.49740767478943,0.8666672706604,2.43710994720459,0.950598180294037,6.39058923721313,4.65538930892944,5.24900197982788,0.115610800683498,0.0375119224190712,4.10274696350098,1.96448516845703
2943,10.2029075622559,3.76972055435181,0.987283289432526,2.65356063842773,1.12054514884949,6.80062007904053,4.87749528884888,5.55570459365845,0.00442878995090723,0.172961369156837,4.47724437713623,2.22465348243713
2945,11.0352573394775,4.12836980819702,1.07469856739044,2.90970134735107,1.26233065128326,7.29176378250122,5.25953960418701,5.98584461212158,-0.147328838706017,0.273328989744186,4.90520048141479,2.52213907241821
2947,11.6997308731079,4.49450016021729,1.09465873241425,3.19314575195313,1.33909904956818,7.81442737579346,5.68596172332764,6.53037118911743,-0.195025578141212,0.40053528547287,5.19002056121826,2.75493693351746
2949,12.1596717834473,4.74758100509644,1.12996876239777,3.34847736358643,1.27793502807617,8.11833381652832,5.93353128433228,6.96843862533569,-0.131274059414864,0.528289258480072,5.23282623291016,2.79419279098511
2951,12.3550720214844,4.75166606903076,1.23265624046326,3.36813855171204,1.22495818138123,8.11125659942627,6.05778503417969,7.05468463897705,-0.136616796255112,0.5982865691185,5.16540765762329,2.78754329681396
2953,12.063193321228,4.59644222259521,1.2884738445282,3.26933312416077,1.14611601829529,7.85265350341797,5.91144943237305,6.60784244537354,-0.199091210961342,0.547660648822784,5.08489513397217,2.72143197059631
2955,11.3923768997192,4.34683275222778,1.15354442596436,3.05552649497986,1.05782461166382,7.50230932235718,5.52180862426758,6.0304069519043,-0.213463023304939,0.587559759616852,4.95352602005005,2.49730253219604
2957,10.5391654968262,3.98600459098816,0.891230404376984,2.73193550109863,0.892288327217102,7.1089301109314,5.09737014770508,5.40936613082886,-0.102392345666885,0.577349901199341,4.61792612075806,2.13370585441589
2959,9.65082263946533,3.58482933044434,0.602596998214722,2.42384576797485,0.756243288516998,6.61897373199463,4.6946063041687,4.71795988082886,-0.0544208213686943,0.391707479953766,4.21170473098755,1.83692967891693
2961,8.89815711975098,3.20972800254822,0.516422390937805,2.06833457946777,0.620803952217102,6.08235216140747,4.43527221679688,4.13789987564087,-0.12227750569582,0.118416175246239,3.80829358100891,1.57580947875977
2963,8.1531867980957,2.79999971389771,0.537690043449402,1.86466491222382,0.46050226688385,5.64204597473145,4.13612174987793,3.75245904922485,-0.0893859267234802,-0.211832210421562,3.4637815952301,1.2089592218399
2965,7.46083927154541,2.28732538223267,0.500696063041687,1.78447532653809,0.422926187515259,5.23859310150146,3.81055092811584,3.44336295127869,0.115003906190395,-0.213152199983597,3.00604867935181,0.808788537979126
2967,6.93395519256592,1.81357872486115,0.54356437921524,1.62775504589081,0.349396526813507,4.69944047927856,3.42583322525024,3.10986351966858,0.256791591644287,-0.0454281158745289,2.49687457084656,0.427093088626862
2969,6.60766124725342,1.36351442337036,0.53015410900116,1.34252750873566,0.222458273172379,4.28515243530273,2.88905715942383,3.05717134475708,0.312923699617386,0.0184556059539318,2.21418857574463,0.0309472847729921
2971,6.22862100601196,0.849723815917969,0.673971474170685,0.99815571308136,0.15597328543663,4.12305641174316,2.26956057548523,2.90928816795349,0.425142586231232,-0.0822991281747818,1.95047795772552,-0.158456891775131
2973,5.93643045425415,0.398385256528854,0.725890815258026,1.10201859474182,0.101172707974911,4.11797142028809,1.68193352222443,2.31848812103271,0.433511555194855,-0.140488401055336,1.58686888217926,-0.127926394343376
2975,5.88105964660645,0.438478797674179,0.497149914503098,1.41302788257599,0.118740655481815,4.18030071258545,1.08616232872009,1.67724549770355,0.48198527097702,-0.318886637687683,1.29500389099121,-0.167535796761513
2977,5.84648704528809,0.677629053592682,-0.0466820374131203,1.68786561489105,0.085736520588398,4.39165925979614,0.455108433961868,1.41664373874664,0.591476559638977,-0.198139235377312,1.44436681270599,-0.276032596826553
2979,5.70257472991943,0.625086188316345,-0.147049263119698,1.57969629764557,0.0358446314930916,4.12355661392212,0.0715910568833351,1.55126428604126,0.696327149868011,0.0399030931293964,1.33046221733093,-0.449487328529358
2981,5.63525819778442,0.599875509738922,0.496380716562271,1.44512069225311,-0.21343994140625,3.37253379821777,0.081214465200901,2.03504180908203,1.02316677570343,0.0702401548624039,0.861447632312775,-0.72853684425354
2983,5.82516384124756,1.10776174068451,0.612202346324921,1.9038895368576,-0.062882088124752,2.75681209564209,0.170351728796959,2.76812100410461,1.01250553131104,-0.119602113962173,0.478232800960541,-1.05340015888214
2985,5.2519645690918,1.88731586933136,-0.0968340039253235,3.08817839622498,0.419471621513367,2.29783153533936,-0.315063923597336,2.49948072433472,0.236886829137802,0.29073828458786,0.451117664575577,-1.64788150787354
2987,3.34463453292847,2.3545446395874,-2.3557243347168,4.19209480285645,0.452184826135635,1.56799137592316,-0.527160465717316,-0.250596940517426,-0.920259714126587,1.13823735713959,1.88425052165985,-2.31708741188049
2989,0.825937867164612,1.54942345619202,-3.60271143913269,3.98190021514893,0.234027817845345,0.220307171344757,-1.1947900056839,-1.33574998378754,-2.34904193878174,2.49684071540833,2.88859224319458,-1.9773576259613
2991,-0.503296852111816,1.08992445468903,-1.6083459854126,4.03743124008179,0.956506669521332,0.495190858840942,-0.755767285823822,-1.33614492416382,-3.49640130996704,2.88707613945007,1.31334865093231,-1.46078646183014
2993,-1.77338242530823,2.0215482711792,0.451498121023178,4.03021383285522,3.70787072181702,0.97464382648468,0.0246897824108601,-0.429889768362045,-4.01928663253784,1.80771684646606,1.71431875228882,-1.35514545440674
2995,-2.25534653663635,1.72637152671814,1.07126617431641,1.18247735500336,3.34065628051758,0.443879812955856,1.17394709587097,-0.674011468887329,-1.81770086288452,0.0100098373368382,3.37453246116638,0.355048358440399
