,"O-PTIR 1/O-PTIR","O-PTIR 2/O-PTIR","O-PTIR 3/O-PTIR","O-PTIR 4/O-PTIR","O-PTIR 5/O-PTIR","O-PTIR 6/O-PTIR","O-PTIR 7/O-PTIR","O-PTIR 8/O-PTIR","O-PTIR 9/O-PTIR","O-PTIR 10/O-PTIR","O-PTIR 11/O-PTIR","O-PTIR 12/O-PTIR","O-PTIR 13/O-PTIR","O-PTIR 14/O-PTIR","O-PTIR 15/O-PTIR","O-PTIR 16/O-PTIR","O-PTIR 17/O-PTIR","O-PTIR 18/O-PTIR"
,14924.66015625,14944.91015625,14915.91015625,14950.509765625,14944.509765625,14921.4599609375,14929.009765625,14922.259765625,14909.9599609375,14933.8095703125,14936.9599609375,14923.0595703125,14925.4599609375,14940.5595703125,14960.4599609375,14952.1103515625,14935.009765625,14921.8603515625
,5352.68017578125,5350.330078125,5336.3798828125,5329.6298828125,5316.93017578125,5338.77978515625,5317.72998046875,5293.02978515625,5310.93017578125,5296.6298828125,5283.1298828125,5305.3798828125,5328.830078125,5333.22998046875,5317.72998046875,5294.6298828125,5310.1298828125,5281.93017578125
923,0.00854589976370335,0.105849489569664,0.731123685836792,-1.77659547328949,1.09177196025848,0.879471182823181,0.0633893013000488,-1.27665114402771,-1.43302953243256,-0.894605398178101,-0.78206467628479,-0.595396280288696,0.961771428585052,0.698508381843567,0.288938522338867,-0.615504741668701,0.130205228924751,0.316942185163498
925,-0.0371460095047951,-0.0774034559726715,-0.575005710124969,-1.14508855342865,0.769618690013885,0.184080168604851,-0.158167779445648,-1.26854169368744,-1.48857235908508,-0.386559307575226,-0.432026833295822,-0.392558097839355,0.965830624103546,0.493515312671661,0.032556526362896,-0.813894629478455,0.415198475122452,-0.0064724013209343
927,0.279697686433792,-0.883895039558411,-0.816888928413391,-0.932289481163025,0.547458171844482,-0.374683231115341,-0.452787041664124,-0.437301516532898,-0.739489316940308,0.258751720190048,-0.585342526435852,-0.767078638076782,0.200800478458405,0.114396765828133,0.0144502269104123,-0.539336442947388,0.129119008779526,-0.139789462089539
929,0.511816024780273,-0.828970849514008,-0.256691545248032,-0.845099031925201,0.496070235967636,-0.465906322002411,-0.115480296313763,-0.106207862496376,-0.479276597499847,0.470028102397919,-0.868696093559265,-1.16664206981659,-0.528490722179413,0.0731722787022591,0.260003983974457,-0.496946156024933,-0.122120395302773,-0.151981756091118
931,0.328263759613037,0.017071109265089,0.314118504524231,-0.587087333202362,0.305803000926971,-0.491292655467987,0.0319814793765545,-0.393535733222961,0.039598386734724,0.462994813919067,-0.70843780040741,-1.08971655368805,-0.524614334106445,0.41673880815506,0.693231582641602,-0.62241518497467,0.167129248380661,-0.0996141731739044
933,0.328561097383499,0.538344144821167,0.331286549568176,-0.426266610622406,0.201816499233246,-0.176224604249001,0.0605844743549824,-0.636452555656433,0.265663862228394,0.280218154191971,0.251679420471191,0.0318754985928535,-0.182160720229149,0.619048595428467,0.79227876663208,-0.356890887022018,0.200334534049034,0.0300802476704121
935,0.858274102210999,0.876889705657959,0.230302259325981,-0.29278552532196,0.458578109741211,0.0991650596261024,0.0447387360036373,-0.305465072393417,0.355105519294739,-0.0295945815742016,0.648749172687531,1.14025056362152,0.527353048324585,0.832082629203796,1.01000893115997,-0.248325124382973,0.312073916196823,0.4465172290802
937,0.773855626583099,1.24436700344086,0.115500010550022,-0.158220261335373,0.795950055122375,0.238783493638039,0.290383398532867,0.013494523242116,0.585123836994171,-0.106612958014011,0.531653881072998,1.5833774805069,0.520728468894958,0.862647294998169,0.931024193763733,-0.0653424933552742,0.535926580429077,0.528450965881348
939,0.573534786701202,1.56006574630737,0.0990239903330803,-0.050641342997551,0.971725821495056,0.291854947805405,0.391463279724121,0.234923958778381,0.904001474380493,0.017699558287859,0.56615287065506,1.75884485244751,0.218706622719765,0.967486202716827,0.769318699836731,-0.00570046762004495,0.580610871315002,0.460361033678055
941,0.508753895759583,1.79229032993317,0.210802555084229,0.0214991681277752,1.14492917060852,0.419557005167007,0.428127288818359,0.465018898248672,1.19786190986633,0.160668075084686,0.837973475456238,2.00339221954346,0.102671504020691,1.03726017475128,0.793536961078644,0.0990200191736221,0.644507706165314,0.387733459472656
943,0.624625086784363,2.05645966529846,0.0917591601610184,0.143757238984108,1.43726634979248,0.488643497228622,0.520499467849731,0.735507607460022,1.399742603302,0.288272321224213,1.03660476207733,2.31775832176208,0.188498765230179,1.1930718421936,0.939107000827789,0.2235988676548,0.892210602760315,0.50463855266571
945,0.82651549577713,2.41710162162781,-0.141250371932983,0.25533801317215,1.68942594528198,0.57336413860321,0.658841907978058,0.910567581653595,1.67367255687714,0.421238780021667,1.23179078102112,2.65007591247559,0.26446658372879,1.40422666072845,1.15982794761658,0.286136895418167,1.19375050067902,0.605311036109924
947,0.947420239448547,2.74921560287476,-0.154990077018738,0.367297679185867,1.84789979457855,0.593872129917145,0.850667357444763,0.972815334796906,1.89918744564056,0.542398452758789,1.42049014568329,2.88353967666626,0.321650743484497,1.58947718143463,1.40455687046051,0.319004148244858,1.36972808837891,0.696582674980164
949,1.09530699253082,3.05124998092651,-0.0595748014748096,0.487098902463913,1.98011219501495,0.629521012306213,1.00479161739349,0.970473229885101,2.08553719520569,0.592748701572418,1.61805939674377,3.1379656791687,0.466550022363663,1.76510334014893,1.65292906761169,0.430286854505539,1.49227702617645,0.821176469326019
951,1.26441884040833,3.37164497375488,0.00514333928003907,0.585123896598816,2.07389950752258,0.635254442691803,1.03875648975372,1.02143919467926,2.23930072784424,0.613040328025818,1.80666303634644,3.46749114990234,0.594415903091431,1.92783403396606,1.91729438304901,0.542632818222046,1.63816022872925,0.938326835632324
953,1.42062163352966,3.68491291999817,0.0257630236446857,0.655928373336792,2.1546311378479,0.610200524330139,1.07874631881714,1.13497149944305,2.36048555374146,0.632914125919342,1.92118060588837,3.77039957046509,0.65777862071991,2.08172345161438,2.16704082489014,0.626577913761139,1.77396237850189,1.04131579399109
955,1.5278058052063,3.89203071594238,0.0318749286234379,0.690430223941803,2.27048778533936,0.604272305965424,1.13904464244843,1.2378830909729,2.48149442672729,0.672325968742371,1.99134933948517,3.98908805847168,0.701893508434296,2.18763780593872,2.35992574691772,0.672118842601776,1.87751603126526,1.12288987636566
957,1.56105506420135,4.05569505691528,0.0136396884918213,0.7254678606987,2.41582584381104,0.631005823612213,1.20574951171875,1.32376408576965,2.591557264328,0.724051713943481,2.05548930168152,4.12159824371338,0.78320986032486,2.24447965621948,2.50342988967896,0.703540444374084,1.97429049015045,1.17431092262268
959,1.6095232963562,4.13033771514893,0.064481221139431,0.766644537448883,2.50276517868042,0.674923777580261,1.25901591777802,1.36617982387543,2.64359641075134,0.760628163814545,2.06983733177185,4.18137073516846,0.879686415195465,2.27197337150574,2.57193350791931,0.734586417675018,2.06623101234436,1.17907118797302
961,1.66718149185181,4.13071203231812,0.0926051735877991,0.774438679218292,2.56035590171814,0.730400681495667,1.28300309181213,1.3857696056366,2.65762066841125,0.794204711914063,2.07235097885132,4.19132375717163,0.928861379623413,2.29939556121826,2.58679389953613,0.764569163322449,2.15543651580811,1.19140958786011
963,1.71430337429047,4.06529474258423,0.123438879847527,0.756017327308655,2.6220817565918,0.784265041351318,1.28958559036255,1.40621364116669,2.67621397972107,0.819279551506042,2.12407875061035,4.16482591629028,0.928849697113037,2.32118439674377,2.59720873832703,0.798952341079712,2.17379951477051,1.22897362709045
965,1.72059893608093,4.02142906188965,0.144832924008369,0.765018343925476,2.65990924835205,0.828191339969635,1.28759288787842,1.41619527339935,2.73048710823059,0.845197677612305,2.16328573226929,4.12224102020264,0.954228639602661,2.30037093162537,2.5875027179718,0.804386496543884,2.11938858032227,1.24448215961456
967,1.70136535167694,4.01212978363037,0.130625367164612,0.771363317966461,2.61954522132874,0.839394867420197,1.26937067508698,1.4108794927597,2.72619152069092,0.879667043685913,2.16522169113159,4.05177927017212,0.972647249698639,2.25980281829834,2.54102993011475,0.78843891620636,2.06602883338928,1.21807491779327
969,1.67146146297455,3.98217058181763,0.141334235668182,0.766073763370514,2.54170560836792,0.823100090026855,1.24440002441406,1.40882217884064,2.62625026702881,0.900818645954132,2.1278235912323,3.93883919715881,0.953753232955933,2.22954154014587,2.46266937255859,0.787777066230774,2.02823805809021,1.17312169075012
971,1.64151501655579,3.87409734725952,0.154744848608971,0.750750362873077,2.45667719841003,0.804495275020599,1.20475804805756,1.37899053096771,2.48998212814331,0.900233268737793,2.08845639228821,3.8219952583313,0.895307302474976,2.18880319595337,2.36144733428955,0.780287384986877,1.98926305770874,1.14045202732086
973,1.58839571475983,3.70186805725098,0.159003674983978,0.724020659923553,2.38527417182922,0.788983523845673,1.13607394695282,1.32295441627502,2.35385036468506,0.86826229095459,2.02340841293335,3.70418190956116,0.852453351020813,2.11559152603149,2.24896764755249,0.755541622638702,1.91059923171997,1.09820306301117
975,1.49618470668793,3.50644683837891,0.170778587460518,0.685431957244873,2.29237794876099,0.755085051059723,1.05168128013611,1.26880979537964,2.24075436592102,0.820768237113953,1.9359575510025,3.56336855888367,0.794302046298981,2.00930690765381,2.13559293746948,0.718582093715668,1.81266283988953,1.03647220134735
977,1.40082550048828,3.33473014831543,0.162667244672775,0.641705214977264,2.18775510787964,0.714936554431915,0.975453197956085,1.2081493139267,2.11675763130188,0.775144577026367,1.84117317199707,3.38807392120361,0.715584516525269,1.88093328475952,2.02544164657593,0.66967910528183,1.72885298728943,0.971153736114502
979,1.32144546508789,3.15970182418823,0.133583500981331,0.592987477779388,2.08094882965088,0.690400421619415,0.916279494762421,1.14498114585876,1.9669349193573,0.730445802211761,1.76085698604584,3.21002101898193,0.621386170387268,1.7495950460434,1.89451622962952,0.604399085044861,1.63518893718719,0.90184074640274
981,1.25282597541809,2.96931862831116,0.105953015387058,0.550305545330048,1.9629123210907,0.655784904956818,0.85835325717926,1.07462811470032,1.83413541316986,0.688363790512085,1.68576979637146,3.02302122116089,0.532754719257355,1.63422501087189,1.75429236888885,0.547545552253723,1.53579843044281,0.826391041278839
983,1.20344543457031,2.78654837608337,0.0779700204730034,0.508411526679993,1.83956742286682,0.613852798938751,0.807452142238617,1.00171506404877,1.7240914106369,0.646062612533569,1.60271024703979,2.84437775611877,0.46693280339241,1.54525482654572,1.6412101984024,0.499965190887451,1.4586855173111,0.746010780334473
985,1.16858494281769,2.62700080871582,0.0758025869727135,0.470488250255585,1.69949519634247,0.574113607406616,0.765567421913147,0.93355792760849,1.61410164833069,0.611736714839935,1.51488089561462,2.67542576789856,0.43568155169487,1.46364104747772,1.53602075576782,0.469137966632843,1.39868915081024,0.674877285957336
987,1.12963759899139,2.472740650177,0.0817262008786201,0.444016367197037,1.57339954376221,0.53465324640274,0.724903285503387,0.894719243049622,1.51804304122925,0.581453800201416,1.42408668994904,2.51585268974304,0.399483323097229,1.38207411766052,1.42469036579132,0.456102430820465,1.34267628192902,0.616152107715607
989,1.10968434810638,2.34528422355652,0.0981732308864594,0.427391082048416,1.51074826717377,0.513522088527679,0.676710665225983,0.85500168800354,1.4427775144577,0.543420433998108,1.34782063961029,2.38475561141968,0.361016005277634,1.31344640254974,1.31465625762939,0.44394713640213,1.27362275123596,0.567590296268463
991,1.0876327753067,2.24890446662903,0.105119645595551,0.40437313914299,1.48824119567871,0.505496203899384,0.625609457492828,0.815977871417999,1.37508249282837,0.514145135879517,1.27460896968842,2.27030229568481,0.334939181804657,1.25349640846252,1.21680045127869,0.426225155591965,1.20152187347412,0.538149654865265
993,1.05775725841522,2.14649295806885,0.101925380527973,0.377632319927216,1.47371017932892,0.501379728317261,0.59460324048996,0.788507401943207,1.31142842769623,0.493721455335617,1.21214580535889,2.16373324394226,0.324122309684753,1.19365584850311,1.15221214294434,0.408336132764816,1.1594443321228,0.523445963859558
995,1.0312123298645,2.06997179985046,0.094591960310936,0.357048660516739,1.42475414276123,0.504673719406128,0.574248611927032,0.770797550678253,1.26062595844269,0.489401340484619,1.1739616394043,2.05969309806824,0.324897348880768,1.14266061782837,1.10694396495819,0.387565970420837,1.13710856437683,0.509211003780365
997,1.00320136547089,2.00118851661682,0.0675850436091423,0.341369837522507,1.36298787593842,0.504922032356262,0.553035497665405,0.758158087730408,1.2260993719101,0.494603216648102,1.13932490348816,1.98327577114105,0.32103243470192,1.0927426815033,1.06087923049927,0.369869381189346,1.10538637638092,0.485150396823883
999,0.963163614273071,1.91433167457581,0.0319297984242439,0.326368033885956,1.30954265594482,0.500257134437561,0.529035568237305,0.737815022468567,1.19352412223816,0.488521903753281,1.0960431098938,1.90860402584076,0.317412525415421,1.05659639835358,1.01477956771851,0.351982414722443,1.06138932704926,0.449284791946411
1001,0.927393436431885,1.83888709545135,0.0263591855764389,0.312696129083633,1.28132784366608,0.493556290864944,0.512909054756165,0.719189703464508,1.15109205245972,0.476880609989166,1.05838263034821,1.82453167438507,0.302164077758789,1.03806042671204,0.976645231246948,0.333087563514709,1.03248262405396,0.434716731309891
1003,0.899076640605927,1.76463353633881,0.0316581167280674,0.304624050855637,1.28124845027924,0.484642177820206,0.490043640136719,0.707513153553009,1.1152503490448,0.470462948083878,1.03113782405853,1.74927639961243,0.287507772445679,1.01728105545044,0.947136402130127,0.32098200917244,1.02295958995819,0.428599655628204
1005,0.864607095718384,1.69894862174988,0.0401820279657841,0.298739016056061,1.30247414112091,0.477269053459167,0.446615248918533,0.693197250366211,1.07963144779205,0.465428382158279,1.0000479221344,1.70586979389191,0.286757469177246,0.994259774684906,0.914843559265137,0.3183314204216,1.02052450180054,0.413238942623138
1007,0.838941156864166,1.65228235721588,0.0548515543341637,0.295986115932465,1.33071136474609,0.466979295015335,0.411492943763733,0.675508797168732,1.04885029792786,0.45340171456337,0.964056253433228,1.66384768486023,0.306574434041977,0.973559319972992,0.882586300373077,0.311888366937637,1.01378059387207,0.396208703517914
1009,0.834046542644501,1.62217831611633,0.0729654133319855,0.300867587327957,1.36149382591248,0.458873629570007,0.401745647192001,0.658363401889801,1.02197563648224,0.435202300548553,0.926831662654877,1.63661646842957,0.322476655244827,0.952352404594421,0.858704388141632,0.30693531036377,0.998650968074799,0.39065608382225
1011,0.823527216911316,1.59969925880432,0.0769811868667603,0.303263366222382,1.39878141880035,0.465483725070953,0.398731648921967,0.656279444694519,0.995463371276855,0.420331060886383,0.908085703849792,1.62952470779419,0.315434247255325,0.931345641613007,0.845901906490326,0.304275691509247,0.97911411523819,0.393750816583633
1013,0.80600917339325,1.58197736740112,0.083610899746418,0.297859311103821,1.43945240974426,0.473628848791122,0.385083258152008,0.66586434841156,0.975782334804535,0.41298121213913,0.896904230117798,1.6297709941864,0.289068043231964,0.914871454238892,0.823285698890686,0.297016799449921,0.963603317737579,0.392057001590729
1015,0.804988920688629,1.57554650306702,0.0848971605300903,0.294533878564835,1.49404883384705,0.476067572832108,0.367882966995239,0.672013282775879,0.966895878314972,0.411887764930725,0.887714266777039,1.62060129642487,0.261879563331604,0.909834325313568,0.803278982639313,0.288531810045242,0.954637229442596,0.383759081363678
1017,0.815041542053223,1.55421769618988,0.0852970331907272,0.294798970222473,1.53657448291779,0.467914253473282,0.362760007381439,0.673004150390625,0.956771910190582,0.415070563554764,0.868746101856232,1.5843460559845,0.246308386325836,0.906127035617828,0.793305695056915,0.283894687891006,0.944733023643494,0.368152886629105
1019,0.815328180789948,1.52604269981384,0.094394139945507,0.296289473772049,1.54401314258575,0.46425873041153,0.362505376338959,0.670821845531464,0.941735506057739,0.424777328968048,0.839062094688416,1.54095041751862,0.241138100624084,0.894289493560791,0.788098990917206,0.288674712181091,0.942434251308441,0.358045846223831
1021,0.796831667423248,1.49977326393127,0.105366118252277,0.297779262065887,1.54942095279694,0.465889275074005,0.346330940723419,0.667330265045166,0.931993722915649,0.425952076911926,0.819056689739227,1.51003777980804,0.238425776362419,0.881984829902649,0.78343939781189,0.294729351997375,0.934262990951538,0.350081473588943
1023,0.773331880569458,1.47242212295532,0.102422580122948,0.300519704818726,1.56305503845215,0.467669695615768,0.331389188766479,0.672873556613922,0.922432363033295,0.427764862775803,0.804293096065521,1.49653935432434,0.237526044249535,0.876799404621124,0.78145557641983,0.294050484895706,0.920023083686829,0.345873296260834
1025,0.752903044223785,1.45475959777832,0.0868074297904968,0.304380655288696,1.56254935264587,0.466685622930527,0.328887283802032,0.67559939622879,0.905907571315765,0.436774164438248,0.782525300979614,1.4834611415863,0.239553794264793,0.873615860939026,0.770766139030457,0.285758972167969,0.912836313247681,0.342338681221008
1027,0.732606172561646,1.43294334411621,0.0803440883755684,0.305045366287231,1.55668807029724,0.462561041116714,0.334473609924316,0.667941927909851,0.896256029605865,0.445437103509903,0.76285582780838,1.46518433094025,0.251161187887192,0.863044440746307,0.759784638881683,0.283086240291595,0.907662272453308,0.346651285886765
1029,0.710469782352448,1.41094374656677,0.0835948958992958,0.312108159065247,1.54450488090515,0.463725656270981,0.340479761362076,0.652903437614441,0.897851824760437,0.455547392368317,0.747087955474854,1.44057953357697,0.259368181228638,0.852437496185303,0.733934640884399,0.281056076288223,0.899187207221985,0.35805481672287
1031,0.688981175422668,1.39731538295746,0.0843164995312691,0.315236240625381,1.54586577415466,0.473678380250931,0.338223457336426,0.644721627235413,0.892670094966888,0.46310830116272,0.746380925178528,1.41580700874329,0.264063507318497,0.843321621417999,0.696714758872986,0.264857023954391,0.891897678375244,0.363711506128311
1033,0.668696463108063,1.40095555782318,0.0838925167918205,0.314809679985046,1.56748723983765,0.487843811511993,0.325268357992172,0.6507688164711,0.884113967418671,0.460495859384537,0.741485953330994,1.38902640342712,0.274121940135956,0.837625801563263,0.669911861419678,0.248566180467606,0.887296259403229,0.365353167057037
1035,0.655014991760254,1.40707206726074,0.0864264518022537,0.310720950365067,1.57618737220764,0.489198833703995,0.31097412109375,0.657292425632477,0.876809895038605,0.453483909368515,0.726018309593201,1.37490141391754,0.282684922218323,0.834803938865662,0.67139333486557,0.241925179958344,0.898193955421448,0.366625279188156
1037,0.641483187675476,1.39868593215942,0.0873890519142151,0.305447548627853,1.59786534309387,0.481081813573837,0.301531970500946,0.664780914783478,0.867455363273621,0.445477277040482,0.709492325782776,1.37023544311523,0.288223683834076,0.834270477294922,0.68003648519516,0.241557329893112,0.914739429950714,0.365389078855515
1039,0.624339282512665,1.37782835960388,0.0936676263809204,0.296745002269745,1.63410079479218,0.480336457490921,0.299645781517029,0.678161323070526,0.861582577228546,0.444194555282593,0.689662754535675,1.36342537403107,0.287675887346268,0.826778531074524,0.686299622058868,0.246787384152412,0.930358231067657,0.358548045158386
1041,0.600972831249237,1.35567665100098,0.098139263689518,0.291040569543839,1.66746807098389,0.483299970626831,0.297620207071304,0.69307678937912,0.865565776824951,0.449480831623077,0.679678797721863,1.36600208282471,0.285656839609146,0.806883335113525,0.69310450553894,0.250424355268478,0.939120948314667,0.35137152671814
1043,0.58595860004425,1.34276700019836,0.0966259986162186,0.28899160027504,1.6999648809433,0.490287780761719,0.302204996347427,0.710804522037506,0.86687844991684,0.455747276544571,0.677772700786591,1.37324452400208,0.295117288827896,0.794391870498657,0.699077367782593,0.253510802984238,0.948668241500854,0.351685434579849
1045,0.586972117424011,1.33551895618439,0.0935992300510406,0.292665809392929,1.73267900943756,0.491981565952301,0.307125419378281,0.71851247549057,0.873457849025726,0.461562871932983,0.678080856800079,1.37947702407837,0.314911514520645,0.78721296787262,0.696697115898132,0.258643925189972,0.960997581481934,0.35664227604866
1047,0.587858319282532,1.33454155921936,0.0905716344714165,0.296743482351303,1.7662740945816,0.490842342376709,0.30044686794281,0.719392716884613,0.888142228126526,0.467193275690079,0.684187650680542,1.3971152305603,0.334988921880722,0.78186160326004,0.692971348762512,0.270045965909958,0.978520452976227,0.361005663871765
1049,0.581429302692413,1.33848547935486,0.0882954075932503,0.301813870668411,1.80081117153168,0.497763276100159,0.291245102882385,0.72062474489212,0.902342557907104,0.471472591161728,0.679759621620178,1.4161696434021,0.33859321475029,0.780228078365326,0.689884722232819,0.276126265525818,0.997585296630859,0.364813148975372
1051,0.571530401706696,1.35256969928741,0.0837457776069641,0.314555555582047,1.83591914176941,0.504068672657013,0.28802764415741,0.733781456947327,0.913605868816376,0.478433161973953,0.672060251235962,1.43619477748871,0.335099428892136,0.78281307220459,0.695444941520691,0.270475924015045,1.01526629924774,0.377687394618988
1053,0.568399846553802,1.37533557415009,0.0838429853320122,0.326828241348267,1.85913443565369,0.509704351425171,0.290367513895035,0.758868098258972,0.925490140914917,0.494781911373138,0.675839900970459,1.45978045463562,0.333603054285049,0.795665442943573,0.709194183349609,0.269898921251297,1.03180587291718,0.397783547639847
1055,0.572615563869476,1.40762960910797,0.0909673199057579,0.33398562669754,1.869509100914,0.51665985584259,0.295580267906189,0.782439053058624,0.946676909923553,0.506980419158936,0.682427704334259,1.48559761047363,0.337210565805435,0.813220381736755,0.715460658073425,0.274208277463913,1.04221189022064,0.416768461465836
1057,0.58016711473465,1.45264410972595,0.11125360429287,0.338966488838196,1.88455080986023,0.520065248012543,0.30519625544548,0.805389702320099,0.96941864490509,0.515394389629364,0.681362092494965,1.51545131206512,0.347716212272644,0.826189458370209,0.715495884418488,0.266257137060165,1.05923616886139,0.433656454086304
1059,0.591268122196198,1.49109768867493,0.139903873205185,0.351686179637909,1.90256011486053,0.518838167190552,0.310727834701538,0.82860267162323,0.993363618850708,0.515765607357025,0.669386386871338,1.54112839698792,0.366444736719131,0.834098756313324,0.724614858627319,0.253262609243393,1.08822572231293,0.450435519218445
1061,0.604313731193542,1.51426148414612,0.16344179213047,0.366216033697128,1.92074263095856,0.523147940635681,0.312365353107452,0.847087562084198,1.01808714866638,0.503742158412933,0.669481098651886,1.56896901130676,0.388312131166458,0.837941765785217,0.747257709503174,0.247014194726944,1.1245002746582,0.468537628650665
1063,0.615601181983948,1.53411710262299,0.170621618628502,0.376608908176422,1.96156978607178,0.535923719406128,0.316074877977371,0.863292634487152,1.050088763237,0.500841379165649,0.696931660175323,1.58927989006042,0.404376566410065,0.836974501609802,0.779553234577179,0.255983173847198,1.16534399986267,0.487302184104919
1065,0.631921648979187,1.57417750358582,0.178745523095131,0.381301611661911,2.00543808937073,0.547124862670898,0.334055662155151,0.878901720046997,1.08317530155182,0.509976148605347,0.731599807739258,1.61001777648926,0.414827644824982,0.840698540210724,0.806165993213654,0.264082252979279,1.20079696178436,0.511314988136292
1067,0.647348701953888,1.62374937534332,0.198704361915588,0.387976557016373,2.03771042823792,0.552773237228394,0.354074448347092,0.898297727108002,1.11024403572083,0.52358615398407,0.762064158916473,1.63381564617157,0.425631731748581,0.851900935173035,0.828874170780182,0.265634179115295,1.2397233247757,0.536040246486664
1069,0.661001980304718,1.65387654304504,0.219918444752693,0.396414190530777,2.07831478118896,0.552763760089874,0.368225693702698,0.927853941917419,1.14520192146301,0.539591789245605,0.785058379173279,1.65762829780579,0.428387522697449,0.86965137720108,0.873021602630615,0.274030953645706,1.28299498558044,0.562537968158722
1071,0.672579526901245,1.6839212179184,0.232656836509705,0.40666863322258,2.13079190254211,0.55746865272522,0.382314115762711,0.959748983383179,1.18941164016724,0.554741263389587,0.814037203788757,1.68954956531525,0.420892626047134,0.894015729427338,0.926586270332336,0.289210647344589,1.32028079032898,0.591819643974304
1073,0.674572050571442,1.72681832313538,0.240371182560921,0.421558618545532,2.21287488937378,0.56884902715683,0.402098208665848,0.985853314399719,1.23538482189178,0.569032549858093,0.849655091762543,1.73272562026978,0.408204555511475,0.920808911323547,0.986718893051147,0.307090997695923,1.35290765762329,0.615583062171936
1075,0.678384184837341,1.78860378265381,0.268620312213898,0.436780273914337,2.30223655700684,0.580910623073578,0.417840510606766,1.0127876996994,1.28944504261017,0.587498426437378,0.895879447460175,1.77032494544983,0.401021957397461,0.947630703449249,1.06008636951447,0.32370337843895,1.39485776424408,0.641183853149414
1077,0.699749171733856,1.86796379089355,0.300951361656189,0.450011283159256,2.37348818778992,0.5955650806427,0.427096396684647,1.0480819940567,1.35538911819458,0.616481781005859,0.949223220348358,1.81696474552155,0.407724797725677,0.984404027462006,1.15070652961731,0.330255329608917,1.4584846496582,0.680449783802032
1079,0.736990749835968,1.965944647789,0.321732729673386,0.46116179227829,2.47847270965576,0.619312942028046,0.433799237012863,1.08995521068573,1.43044412136078,0.651853322982788,1.01298141479492,1.8820618391037,0.423737734556198,1.03128290176392,1.25415885448456,0.33368194103241,1.52697014808655,0.729544997215271
1081,0.776577353477478,2.09741449356079,0.350577294826508,0.47873854637146,2.60138416290283,0.649946689605713,0.441606372594833,1.13044798374176,1.51573860645294,0.692553639411926,1.07911574840546,1.95960235595703,0.443783313035965,1.08698487281799,1.35300505161285,0.341594368219376,1.59084451198578,0.783743619918823
1083,0.813939034938812,2.25460147857666,0.400421112775803,0.498856723308563,2.71890211105347,0.681453108787537,0.45951122045517,1.18011045455933,1.61238241195679,0.740953266620636,1.13202571868896,2.02785205841064,0.466615498065948,1.14944303035736,1.45016551017761,0.355323791503906,1.66118979454041,0.841712296009064
1085,0.872625052928925,2.41722941398621,0.466526806354523,0.514735460281372,2.85410761833191,0.71021568775177,0.482154577970505,1.24854481220245,1.71143853664398,0.796557426452637,1.17910265922546,2.09597373008728,0.493702709674835,1.21920740604401,1.54843413829803,0.374782979488373,1.74358892440796,0.901433289051056
1087,0.944865703582764,2.577796459198,0.543201327323914,0.532281517982483,2.9989595413208,0.73772007226944,0.502418279647827,1.32220375537872,1.81682884693146,0.849001944065094,1.24363708496094,2.16831636428833,0.516560018062592,1.29192674160004,1.64410877227783,0.394026964902878,1.82893514633179,0.960089325904846
1089,1.01747906208038,2.73016905784607,0.628493010997772,0.555135190486908,3.17229008674622,0.768929481506348,0.524827837944031,1.38410925865173,1.9162517786026,0.888270676136017,1.31671273708344,2.22948837280273,0.52580326795578,1.36325144767761,1.72708106040955,0.408023327589035,1.91214883327484,1.01568996906281
1091,1.07771825790405,2.86627268791199,0.71834796667099,0.573962688446045,3.32092785835266,0.798485338687897,0.546355485916138,1.42576241493225,1.99222707748413,0.911293208599091,1.37386548519135,2.2594096660614,0.529989957809448,1.42486333847046,1.79318130016327,0.422930061817169,1.99216592311859,1.05548822879791
1093,1.12652504444122,2.96895956993103,0.784875988960266,0.578679084777832,3.37962102890015,0.817664504051208,0.565125167369843,1.45221471786499,2.04843020439148,0.928910553455353,1.41815483570099,2.26499962806702,0.533829092979431,1.47370076179504,1.84418296813965,0.436652541160583,2.05523014068604,1.08213329315186
1095,1.17679643630981,3.04396820068359,0.814755916595459,0.579572796821594,3.41249322891235,0.825748801231384,0.579741418361664,1.47550964355469,2.08998513221741,0.946517586708069,1.48225927352905,2.27591562271118,0.530912399291992,1.51034164428711,1.87753033638,0.445667952299118,2.0970447063446,1.10115075111389
1097,1.21215379238129,3.09290719032288,0.82567822933197,0.58160126209259,3.43377947807312,0.823762595653534,0.588819026947021,1.47741842269897,2.11022400856018,0.956907510757446,1.54410684108734,2.28869032859802,0.518454551696777,1.5273357629776,1.88914561271667,0.444568246603012,2.11107850074768,1.11068522930145
1099,1.21173977851868,3.10162878036499,0.820381343364716,0.580987811088562,3.4044816493988,0.817453622817993,0.594346404075623,1.4558812379837,2.10759806632996,0.948691129684448,1.56838989257813,2.29658961296082,0.510783076286316,1.52237069606781,1.88701927661896,0.43735671043396,2.1019184589386,1.10743570327759
1101,1.17922794818878,3.05965733528137,0.784810543060303,0.571735084056854,3.30371618270874,0.808500528335571,0.590822756290436,1.42609405517578,2.07637047767639,0.923957884311676,1.55897665023804,2.28103113174438,0.50380951166153,1.4952939748764,1.86226963996887,0.426009923219681,2.07219195365906,1.09049260616302
1103,1.11728119850159,2.96299290657043,0.717819452285767,0.550448894500732,3.14751386642456,0.78889673948288,0.573679745197296,1.38454163074493,2.00860857963562,0.886482059955597,1.52159070968628,2.23532176017761,0.489320904016495,1.44768047332764,1.80104649066925,0.410881668329239,2.00099158287048,1.05622339248657
1105,1.03276145458221,2.8058557510376,0.634360551834106,0.522896230220795,2.98085117340088,0.751142919063568,0.547461926937103,1.32717216014862,1.89806890487671,0.845249176025391,1.46655070781708,2.17672848701477,0.456631362438202,1.37670993804932,1.70248413085938,0.387272268533707,1.88520932197571,1.0038378238678
1107,0.931440472602844,2.6121985912323,0.554199159145355,0.492014974355698,2.8073992729187,0.705004096031189,0.515206158161163,1.25024676322937,1.76453197002411,0.799390375614166,1.39503455162048,2.11269402503967,0.417398720979691,1.28729498386383,1.57683229446411,0.35712331533432,1.75086414813995,0.941942512989044
1109,0.833581864833832,2.41638779640198,0.482295453548431,0.459592580795288,2.61572980880737,0.656221449375153,0.483635812997818,1.16479074954987,1.63216817378998,0.746401071548462,1.30543208122253,2.0442533493042,0.380636960268021,1.19490242004395,1.4470306634903,0.324834436178207,1.61059737205505,0.877631485462189
1111,0.757346570491791,2.23098635673523,0.416228115558624,0.425208419561386,2.42415142059326,0.604746162891388,0.463998526334763,1.08945941925049,1.51818025112152,0.692777812480927,1.22226130962372,1.97408092021942,0.349855214357376,1.11336469650269,1.32118463516235,0.293601274490356,1.48513627052307,0.818088412284851
1113,0.705494225025177,2.07468438148499,0.357239305973053,0.397524565458298,2.26849985122681,0.561301469802856,0.444719761610031,1.01859140396118,1.4259467124939,0.647534668445587,1.15283191204071,1.91485905647278,0.31755718588829,1.04738223552704,1.21654689311981,0.265647292137146,1.37579965591431,0.760942101478577
1115,0.658428966999054,1.9568430185318,0.310499399900436,0.377470821142197,2.15104413032532,0.527827203273773,0.423823803663254,0.948638617992401,1.34401714801788,0.617149472236633,1.09607422351837,1.87280130386353,0.292791068553925,0.991043865680695,1.13686084747314,0.246490284800529,1.27968633174896,0.705136239528656
1117,0.609817683696747,1.85735297203064,0.270737379789352,0.354225516319275,2.01846575737,0.501942753791809,0.404644995927811,0.884670853614807,1.26909208297729,0.586872518062592,1.04644739627838,1.8211258649826,0.277242422103882,0.934412598609924,1.0588059425354,0.229603379964828,1.19335949420929,0.653475046157837
1119,0.5683953166008,1.75431132316589,0.223025068640709,0.326337099075317,1.86005759239197,0.480189055204391,0.384406477212906,0.826612412929535,1.18522834777832,0.552690267562866,0.996922135353088,1.73352253437042,0.259438574314117,0.875915825366974,0.973292350769043,0.208937808871269,1.10947895050049,0.606722474098206
1121,0.533725082874298,1.64154326915741,0.177708804607391,0.297250419855118,1.70991849899292,0.451497286558151,0.364381223917007,0.763496100902557,1.09421992301941,0.509735643863678,0.941466808319092,1.63477969169617,0.232377737760544,0.814168810844421,0.88799387216568,0.191625073552132,1.02200269699097,0.557790458202362
1123,0.504046678543091,1.50845086574554,0.141165018081665,0.271142423152924,1.57570004463196,0.414366722106934,0.344158709049225,0.690727114677429,1.00543200969696,0.458093851804733,0.871998012065887,1.54488134384155,0.200115486979485,0.741047561168671,0.804877698421478,0.176231622695923,0.924476504325867,0.500894904136658
1125,0.470056653022766,1.37501680850983,0.110913656651974,0.247577488422394,1.42507290840149,0.374580174684525,0.317540287971497,0.617881178855896,0.915404736995697,0.406172573566437,0.785252928733826,1.45480418205261,0.166360184550285,0.66422301530838,0.721036076545715,0.15772333741188,0.822555959224701,0.442668914794922
1127,0.438414216041565,1.2538548707962,0.0842068046331406,0.219809949398041,1.25037944316864,0.335983723402023,0.281570732593536,0.555833518505096,0.833317577838898,0.358280628919601,0.697697699069977,1.3618575334549,0.12875908613205,0.597728252410889,0.634274780750275,0.139164745807648,0.722107112407684,0.385070115327835
1129,0.40993931889534,1.15368235111237,0.0561994090676308,0.193565547466278,1.08513045310974,0.295848876237869,0.244571074843407,0.501832067966461,0.75635826587677,0.313656777143478,0.621523976325989,1.28196954727173,0.0963047742843628,0.543878257274628,0.551049470901489,0.117788605391979,0.629260063171387,0.325779497623444
1131,0.37420579791069,1.0726410150528,0.0373710468411446,0.169246599078178,0.963676273822784,0.253310114145279,0.215948298573494,0.455813467502594,0.680356681346893,0.272684544324875,0.550089061260223,1.21979796886444,0.0654207468032837,0.497021436691284,0.477991431951523,0.0973951071500778,0.551969647407532,0.272998154163361
1133,0.34139022231102,1.01331174373627,0.0285476259887218,0.143053233623505,0.866092503070831,0.217046618461609,0.195284202694893,0.417317479848862,0.61038738489151,0.240017458796501,0.483786404132843,1.17403328418732,0.0337069816887379,0.453448206186295,0.417443633079529,0.0724369809031487,0.490978926420212,0.230776637792587
1135,0.319436699151993,0.969681680202484,0.0275045111775398,0.120643809437752,0.7852423787117,0.192439049482346,0.171755284070969,0.393081724643707,0.556761562824249,0.212133094668388,0.428734630346298,1.13855838775635,0.0136877745389938,0.417758703231812,0.366033583879471,0.047299437224865,0.433225274085999,0.196047350764275
1137,0.304293781518936,0.937979280948639,0.0334549248218536,0.103395819664001,0.717618942260742,0.177594870328903,0.149705156683922,0.380651772022247,0.512748003005981,0.189712092280388,0.385840594768524,1.11560475826263,0.0114815207198262,0.393443554639816,0.320626020431519,0.0295379459857941,0.379378199577332,0.171877965331078
1139,0.291107982397079,0.912626326084137,0.0380503758788109,0.0927080139517784,0.672743022441864,0.167430654168129,0.129990622401237,0.370068937540054,0.47689887881279,0.169638097286224,0.355256408452988,1.11560845375061,0.0158091653138399,0.375848174095154,0.287326514720917,0.0187404658645391,0.341623485088348,0.149728938937187
1141,0.27267599105835,0.90474534034729,0.0394453294575214,0.0868012011051178,0.644370138645172,0.159619182348251,0.112536400556564,0.357536673545837,0.443159490823746,0.150320202112198,0.331520408391953,1.12883985042572,0.0226145330816507,0.354949623346329,0.26802870631218,0.0149666601791978,0.318836629390717,0.134232610464096
1143,0.25505656003952,0.902978956699371,0.0366084277629852,0.0850973352789879,0.619679868221283,0.147087812423706,0.104619584977627,0.343891084194183,0.415385246276855,0.133208394050598,0.316332668066025,1.14017403125763,0.0278693940490484,0.338404417037964,0.256403267383575,0.014081290923059,0.303671151399612,0.129006534814835
1145,0.24455314874649,0.898970305919647,0.0356409177184105,0.0790064409375191,0.5907261967659,0.135815665125847,0.104174993932247,0.330852329730988,0.392750114202499,0.119756445288658,0.303417056798935,1.13976418972015,0.0270483568310738,0.329073131084442,0.245983555912971,0.00756690418347716,0.289619594812393,0.119172550737858
1147,0.231911391019821,0.883461713790894,0.044700663536787,0.0749852582812309,0.573502659797668,0.131197065114975,0.103615082800388,0.319013118743896,0.377691894769669,0.113591715693474,0.293838828802109,1.13821983337402,0.02641043625772,0.3243108689785,0.228799730539322,-0.00314500834792852,0.277538537979126,0.10707151144743
1149,0.220662802457809,0.853890299797058,0.0545809008181095,0.0733406767249107,0.581079661846161,0.125858128070831,0.0970523208379745,0.307058453559875,0.370743960142136,0.114628545939922,0.281673818826675,1.13435888290405,0.0275320876389742,0.316677153110504,0.214639455080032,-0.00684785889461637,0.262365102767944,0.0977876856923103
1151,0.217412397265434,0.826570272445679,0.0587012320756912,0.0720582082867622,0.590064823627472,0.123955681920052,0.0903176963329315,0.296195060014725,0.372846573591232,0.119739159941673,0.272608697414398,1.13402545452118,0.030938008800149,0.308308273553848,0.206644952297211,-0.00276690907776356,0.253195255994797,0.0868275016546249
1153,0.225751280784607,0.816153407096863,0.0572624504566193,0.0745868310332298,0.588621973991394,0.127498120069504,0.0953377261757851,0.295658826828003,0.384432405233383,0.127112060785294,0.277135908603668,1.13448917865753,0.0298458281904459,0.309289067983627,0.199082627892494,0.00353619828820229,0.251905918121338,0.0871154516935349
1155,0.234464704990387,0.827957689762115,0.0543296113610268,0.0793657749891281,0.608635187149048,0.135211780667305,0.105937160551548,0.299102365970612,0.400286912918091,0.135694399476051,0.299242526292801,1.13763773441315,0.0321582332253456,0.318615347146988,0.204055979847908,0.0148231294006109,0.260207682847977,0.100405544042587
1157,0.239821165800095,0.858682155609131,0.0404438599944115,0.0850227102637291,0.665012419223785,0.150047942996025,0.126618385314941,0.312730133533478,0.427792817354202,0.147792711853981,0.332791984081268,1.17100787162781,0.0397533290088177,0.341901928186417,0.237885802984238,0.0259905476123095,0.28234538435936,0.115410216152668
1159,0.257049828767776,0.913089156150818,0.0202119182795286,0.0863257497549057,0.73775053024292,0.172252058982849,0.150913849473,0.332212686538696,0.470197409391403,0.171903789043427,0.376779764890671,1.23232424259186,0.055102102458477,0.380160361528397,0.288952767848969,0.0323756635189056,0.328637331724167,0.127410873770714
1161,0.292792230844498,1.00460076332092,0.0115785328671336,0.0943135991692543,0.808532238006592,0.205810889601707,0.165279507637024,0.357460767030716,0.523205518722534,0.206897541880608,0.43224623799324,1.31547057628632,0.0642814114689827,0.432294458150864,0.34482154250145,0.039422333240509,0.393330335617065,0.151637211441994
1163,0.339619308710098,1.11857128143311,0.0255786925554276,0.111186094582081,0.905591309070587,0.24541649222374,0.178499311208725,0.389108806848526,0.584804832935333,0.246649280190468,0.503640055656433,1.40846383571625,0.0716495588421822,0.489937305450439,0.393768191337585,0.0524857081472874,0.461207240819931,0.188223466277122
1165,0.367343097925186,1.21624505519867,0.0406739562749863,0.128990739583969,1.01742660999298,0.288559854030609,0.199872523546219,0.42189809679985,0.653021812438965,0.285115301609039,0.568768978118896,1.49132907390594,0.0852880924940109,0.545565545558929,0.437427252531052,0.0720212161540985,0.520401298999786,0.226096257567406
1167,0.368392169475555,1.2771201133728,0.0450702719390392,0.142857149243355,1.10732769966125,0.321068316698074,0.222952127456665,0.452420264482498,0.712589204311371,0.321494787931442,0.618134021759033,1.54545164108276,0.0970811396837234,0.588252604007721,0.483861118555069,0.0838285610079765,0.571280479431152,0.258376866579056
1169,0.369836926460266,1.3071768283844,0.0501554645597935,0.145587846636772,1.14876043796539,0.340028405189514,0.247477114200592,0.482113301753998,0.752597510814667,0.352873861789703,0.655862152576447,1.57533848285675,0.0955938771367073,0.616046071052551,0.531813383102417,0.0925988480448723,0.607651114463806,0.285026580095291
1171,0.373377054929733,1.32280385494232,0.060539998114109,0.145504102110863,1.17270350456238,0.357365012168884,0.271545708179474,0.502974629402161,0.784369051456451,0.370868682861328,0.687975525856018,1.57960999011993,0.0940581634640694,0.635707020759583,0.583159208297729,0.100269816815853,0.631313681602478,0.299245476722717
1173,0.378923535346985,1.34223711490631,0.0735279098153114,0.154199779033661,1.20666170120239,0.368983387947083,0.279388636350632,0.515465259552002,0.811306595802307,0.382041662931442,0.710226655006409,1.58504414558411,0.0993134826421738,0.647277772426605,0.629009008407593,0.0966631472110748,0.646332085132599,0.306169539690018
1175,0.397290706634521,1.37131786346436,0.0885061323642731,0.163514360785484,1.26069152355194,0.376720130443573,0.276964366436005,0.524659037590027,0.833493530750275,0.393371045589447,0.723569512367249,1.60162568092346,0.117140769958496,0.653668165206909,0.671993255615234,0.0979853644967079,0.670780420303345,0.30963933467865
1177,0.423052728176117,1.41238176822662,0.102310881018639,0.173912554979324,1.32856285572052,0.389381140470505,0.276800096035004,0.543009698390961,0.852972269058228,0.406232178211212,0.738394618034363,1.62621176242828,0.132767796516418,0.67411071062088,0.717307984828949,0.107126854360104,0.703259468078613,0.314260363578796
1179,0.434604227542877,1.46204030513763,0.123049400746822,0.188984349370003,1.41933703422546,0.414530068635941,0.284423321485519,0.570510864257813,0.883805871009827,0.422503143548965,0.773442268371582,1.66767930984497,0.141537219285965,0.718662321567535,0.77132385969162,0.114183731377125,0.746241927146912,0.329423666000366
1181,0.443987041711807,1.54040467739105,0.152788773179054,0.208373501896858,1.56340372562408,0.445576280355453,0.303544849157333,0.610083639621735,0.934421956539154,0.448416978120804,0.829959869384766,1.74547612667084,0.155187666416168,0.786007523536682,0.842767596244812,0.123109877109528,0.812951445579529,0.36685237288475
1183,0.457218825817108,1.64588916301727,0.187336876988411,0.232872530817986,1.76706421375275,0.478830218315125,0.337794005870819,0.651679456233978,1.01184737682343,0.49336376786232,0.894495010375977,1.86928534507751,0.19189327955246,0.864208340644836,0.920269072055817,0.141947418451309,0.892225921154022,0.412138104438782
1185,0.486867100000381,1.77166247367859,0.215573236346245,0.263253569602966,1.9878488779068,0.518635213375092,0.376238882541656,0.700688302516937,1.10518980026245,0.553055822849274,0.975768864154816,2.01888632774353,0.25153261423111,0.944905281066895,1.00457286834717,0.169085338711739,0.985619246959686,0.459940254688263
1187,0.530616044998169,1.89675533771515,0.24440261721611,0.297520101070404,2.20208430290222,0.561442852020264,0.413679659366608,0.766770541667938,1.20598840713501,0.614097774028778,1.07663190364838,2.177490234375,0.313216477632523,1.03618490695953,1.09919011592865,0.197990819811821,1.08676397800446,0.522066056728363
1189,0.569324553012848,2.02135467529297,0.28958660364151,0.33619150519371,2.40746259689331,0.601670324802399,0.457013309001923,0.849054574966431,1.31138026714325,0.672146499156952,1.17520987987518,2.34323978424072,0.361416071653366,1.14029264450073,1.20782935619354,0.213513880968094,1.18991088867188,0.581466555595398
1191,0.593486547470093,2.14673757553101,0.344516634941101,0.363025426864624,2.60127329826355,0.633867263793945,0.500633835792542,0.925230205059052,1.4133917093277,0.732451021671295,1.26318550109863,2.50920939445496,0.390525609254837,1.23795521259308,1.30837273597717,0.217520043253899,1.28406596183777,0.628302395343781
1193,0.611030995845795,2.26071000099182,0.391164928674698,0.383973956108093,2.75619506835938,0.660783469676971,0.540219604969025,0.986613273620605,1.49910187721252,0.797844648361206,1.3449592590332,2.65996932983398,0.42030194401741,1.32787227630615,1.39367318153381,0.231560751795769,1.37026298046112,0.671969175338745
1195,0.634796679019928,2.37269735336304,0.410880446434021,0.407069623470306,2.87629246711731,0.683249235153198,0.570163130760193,1.04155385494232,1.56830894947052,0.846518874168396,1.4191517829895,2.78738403320313,0.453861057758331,1.41289520263672,1.46369683742523,0.255540639162064,1.446573138237,0.712702929973602
1197,0.663047134876251,2.47479939460754,0.413003623485565,0.415188074111938,2.98804807662964,0.717819035053253,0.580905020236969,1.08475208282471,1.62353754043579,0.866371333599091,1.48530995845795,2.88489413261414,0.487851440906525,1.48719096183777,1.5193384885788,0.281590849161148,1.50421285629272,0.75130295753479
1199,0.672477543354034,2.52544736862183,0.400960654020309,0.4124576151371,3.066899061203,0.740850329399109,0.586680471897125,1.10659420490265,1.65726673603058,0.868392646312714,1.5171844959259,2.95109701156616,0.509746730327606,1.53687798976898,1.5634480714798,0.292924612760544,1.53883910179138,0.779859960079193
1201,0.674504339694977,2.52624130249023,0.365037798881531,0.414390951395035,3.06949782371521,0.732607543468475,0.589542329311371,1.10761141777039,1.65456807613373,0.86041671037674,1.50824284553528,2.96606588363647,0.513968586921692,1.5584055185318,1.58595812320709,0.292313873767853,1.56042695045471,0.788887917995453
1203,0.684576272964478,2.49036765098572,0.343793332576752,0.423957467079163,2.97358703613281,0.707721710205078,0.586647987365723,1.09620273113251,1.62423825263977,0.863325119018555,1.48479306697845,2.95391416549683,0.492982536554337,1.55200803279877,1.58028435707092,0.286551922559738,1.56636166572571,0.779889166355133
1205,0.705573320388794,2.41176962852478,0.363179087638855,0.419928640127182,2.88096213340759,0.692866444587708,0.573631107807159,1.07723951339722,1.59100675582886,0.878132104873657,1.45772433280945,2.92028069496155,0.457201898097992,1.53762483596802,1.5545539855957,0.275614142417908,1.54855155944824,0.760994613170624
1207,0.709124028682709,2.34697580337524,0.416844040155411,0.408924400806427,2.853520154953,0.691916763782501,0.571453392505646,1.06561124324799,1.55610466003418,0.869281768798828,1.41815614700317,2.87901282310486,0.427926242351532,1.51726794242859,1.53587305545807,0.25618913769722,1.5099002122879,0.747808277606964
1209,0.689456760883331,2.27344441413879,0.346481323242188,0.401108980178833,2.80687737464905,0.63754141330719,0.580101251602173,1.00224685668945,1.45502865314484,0.750459611415863,1.3493926525116,2.98738718032837,0.411939203739166,1.42264747619629,1.50346779823303,0.250826358795166,1.41240739822388,0.70805811882019
1211,0.669488966464996,2.19878911972046,0.275043189525604,0.393174141645432,2.75952172279358,0.582334995269775,0.588881254196167,0.937914133071899,1.3524078130722,0.629821300506592,1.27957808971405,3.09741854667664,0.395707815885544,1.32658076286316,1.4705673456192,0.245381578803062,1.31342458724976,0.667700409889221
1213,0.64921361207962,2.12298393249512,0.202504754066467,0.385117083787918,2.71143651008606,0.526278257369995,0.597796499729156,0.87259042263031,1.24820637702942,0.507324934005737,1.20868837833405,3.20914387702942,0.379226386547089,1.22903442382813,1.43716013431549,0.239852964878082,1.21291720867157,0.626721143722534
1215,0.626619219779968,2.14914202690125,0.188194051384926,0.379500955343246,2.71913504600525,0.546624302864075,0.581364989280701,0.884530425071716,1.25097036361694,0.538086473941803,1.2049548625946,3.2672758102417,0.369064271450043,1.21675598621368,1.46033585071564,0.237497493624687,1.23155009746552,0.638108611106873
1217,0.616858184337616,2.19945645332336,0.200330898165703,0.3918417096138,2.76805830001831,0.573733687400818,0.570454776287079,0.903985381126404,1.29876959323883,0.565774083137512,1.20402300357819,3.39673161506653,0.372069895267487,1.22773718833923,1.50488197803497,0.244451016187668,1.27307832241058,0.674168169498444
1219,0.632551908493042,2.32248568534851,0.251952439546585,0.422047913074493,2.87452244758606,0.607978701591492,0.596728563308716,0.954999506473541,1.40111649036407,0.590568959712982,1.25838315486908,3.65391278266907,0.406083047389984,1.29323136806488,1.63435769081116,0.258646070957184,1.34735751152039,0.726560771465302
1221,0.654766142368317,2.62996983528137,0.33252614736557,0.460951060056686,3.11652398109436,0.654956817626953,0.672016859054565,1.08078491687775,1.54518353939056,0.646369636058807,1.38599467277527,4.08666086196899,0.486305117607117,1.45863997936249,1.89381766319275,0.29165843129158,1.49930107593536,0.811564922332764
1223,0.665639877319336,3.10477590560913,0.433003425598145,0.533047914505005,3.55471682548523,0.722762227058411,0.793682932853699,1.27343559265137,1.77351832389832,0.755412578582764,1.57684230804443,4.66161108016968,0.5870201587677,1.72022724151611,2.24707245826721,0.352544784545898,1.75903642177582,0.958920359611511
1225,0.666034996509552,3.66954636573792,0.555265247821808,0.635707437992096,4.06480264663696,0.818380296230316,0.93865555524826,1.49183225631714,2.07082033157349,0.888558924198151,1.83106017112732,5.27490997314453,0.713148176670074,2.04762721061707,2.64517402648926,0.412659883499146,2.05969548225403,1.14065897464752
1227,0.712847232818604,4.23316764831543,0.704456686973572,0.739838302135468,4.56287097930908,0.943225145339966,1.08593082427979,1.70421063899994,2.37643957138062,1.01370513439178,2.10367441177368,5.83718538284302,0.829274475574493,2.38213181495667,3.0428774356842,0.461347073316574,2.34551930427551,1.32197177410126
1229,0.783736050128937,4.75310611724854,0.853193581104279,0.820208787918091,5.06500053405762,1.0694317817688,1.21769297122955,1.88930284976959,2.64551186561584,1.13974213600159,2.33774995803833,6.25300407409668,0.92390376329422,2.68093872070313,3.42428612709045,0.512182354927063,2.61377644538879,1.48505413532257
1231,0.860076308250427,5.21116638183594,0.992255449295044,0.892164766788483,5.55775880813599,1.18025529384613,1.32888889312744,2.03927135467529,2.88512992858887,1.2859491109848,2.51740455627441,6.46572923660278,1.0154972076416,2.94609594345093,3.73003935813904,0.580101788043976,2.87050843238831,1.63290643692017
1233,0.966548025608063,5.63873672485352,1.11792242527008,0.976310729980469,6.03794574737549,1.27658545970917,1.42681276798248,2.16487598419189,3.12610816955566,1.44279706478119,2.65100479125977,6.52825880050659,1.10255944728851,3.18301343917847,3.98065829277039,0.638907074928284,3.10653424263,1.76604926586151
1235,1.09925401210785,6.06284809112549,1.23921823501587,1.06273531913757,6.47954654693604,1.37239003181458,1.52044451236725,2.27309799194336,3.37313580513,1.56229054927826,2.82014274597168,6.51683807373047,1.17794382572174,3.3918240070343,4.22327041625977,0.686467885971069,3.30941772460938,1.88071072101593
1237,1.21854031085968,6.50585079193115,1.37142908573151,1.15402686595917,6.84896993637085,1.47034895420074,1.61553764343262,2.3752133846283,3.60141134262085,1.63736772537231,3.0284857749939,6.50221967697144,1.25030827522278,3.61044049263,4.49890756607056,0.736974596977234,3.53115105628967,1.98947656154633
1239,1.31850266456604,6.94772338867188,1.49539959430695,1.2444281578064,7.16636323928833,1.55730926990509,1.6951048374176,2.47898936271667,3.80443930625916,1.71355283260345,3.18321585655212,6.4984016418457,1.32660675048828,3.82971620559692,4.7717113494873,0.788062572479248,3.79016447067261,2.0904369354248
1241,1.4181022644043,7.32715702056885,1.62051022052765,1.30945515632629,7.45535945892334,1.62963116168976,1.74588811397552,2.57948589324951,3.98760223388672,1.80827760696411,3.29080486297607,6.52725410461426,1.38482987880707,4.02682685852051,4.99813795089722,0.840625822544098,4.05349016189575,2.19169616699219
1243,1.51555001735687,7.67015027999878,1.74494528770447,1.35039961338043,7.73524808883667,1.6743631362915,1.78756999969482,2.67824292182922,4.17515802383423,1.88502144813538,3.40607953071594,6.55093145370483,1.42759096622467,4.2001428604126,5.19688653945923,0.883484244346619,4.2553973197937,2.30511832237244
1245,1.61497437953949,8.01792240142822,1.86295437812805,1.38310766220093,7.96358251571655,1.70102953910828,1.83188617229462,2.77714276313782,4.36723566055298,1.93318617343903,3.51113295555115,6.56255960464478,1.45755410194397,4.36658239364624,5.40468454360962,0.911115407943726,4.40914821624756,2.41972708702087
1247,1.69738376140594,8.39386558532715,1.98117899894714,1.42072284221649,8.25037860870361,1.73295223712921,1.87803471088409,2.87977290153503,4.55237627029419,2.008465051651,3.62524819374084,6.59823560714722,1.47527587413788,4.54444980621338,5.63064908981323,0.930468022823334,4.59882497787476,2.52936601638794
1249,1.83150935173035,8.85654354095459,2.18089246749878,1.4644068479538,8.6746301651001,1.79161870479584,1.90876960754395,2.99050140380859,4.76641130447388,2.11985301971436,3.7337498664856,6.6677942276001,1.47225940227509,4.76427221298218,5.87715196609497,0.961499750614166,4.85379362106323,2.66296124458313
1251,2.06383204460144,9.39542198181152,2.43629193305969,1.51369154453278,9.18170928955078,1.87260591983795,1.91793274879456,3.08080887794495,5.02691602706909,2.23178791999817,3.82969880104065,6.74412059783936,1.46691131591797,5.00772523880005,6.12265682220459,1.01293337345123,5.09763622283936,2.79721283912659
1253,2.2654914855957,9.77331447601318,2.6317343711853,1.54267144203186,9.55988216400146,1.94487059116364,1.91347765922546,3.10951042175293,5.17507839202881,2.27112674713135,3.90083503723145,6.72918367385864,1.46468698978424,5.1644344329834,6.29455280303955,1.05628597736359,5.23177671432495,2.87060141563416
1255,2.30956983566284,9.75614166259766,2.68542265892029,1.5293573141098,9.59835529327393,1.96270453929901,1.90338981151581,3.05987143516541,5.09354114532471,2.23084878921509,3.87756156921387,6.58148193359375,1.43979275226593,5.13946199417114,6.2723913192749,1.05119919776917,5.19606828689575,2.83796858787537
1257,2.20541644096375,9.33763980865479,2.60339879989624,1.47948288917542,9.28918743133545,1.93333327770233,1.85617184638977,2.95261240005493,4.85432052612305,2.15036225318909,3.7656991481781,6.34452104568481,1.39988887310028,4.95186519622803,6.00329208374023,1.01174581050873,5.01680612564087,2.72186088562012
1259,2.02123999595642,8.67544937133789,2.40879225730896,1.40099692344666,8.7573127746582,1.87200832366943,1.77447116374969,2.79837155342102,4.54682588577271,2.03422951698303,3.58796787261963,6.05299806594849,1.34764099121094,4.65188550949097,5.58734321594238,0.949603617191315,4.72971391677856,2.55109095573425
1261,1.82149064540863,7.89858818054199,2.13871574401855,1.29439771175385,8.09218215942383,1.78001797199249,1.67680144309998,2.60627841949463,4.18823146820068,1.87342131137848,3.36141109466553,5.7270245552063,1.29041349887848,4.27316856384277,5.13304471969604,0.867537677288055,4.35401678085327,2.33868265151978
1263,1.62671363353729,7.0743727684021,1.84595847129822,1.17261600494385,7.37468719482422,1.65503537654877,1.56104600429535,2.39686846733093,3.79395723342896,1.70127272605896,3.11162781715393,5.33083343505859,1.21790671348572,3.85457706451416,4.66892385482788,0.78596818447113,3.94960236549377,2.11532855033875
1265,1.441441655159,6.24753522872925,1.57326638698578,1.05177712440491,6.65747356414795,1.50538504123688,1.42813503742218,2.18495941162109,3.39130711555481,1.55022037029266,2.84787034988403,4.90055704116821,1.1115106344223,3.43111252784729,4.18278694152832,0.699626624584198,3.55144500732422,1.88792526721954
1267,1.27413618564606,5.46477031707764,1.33344900608063,0.931720852851868,5.95657682418823,1.35289335250854,1.28573668003082,1.97953903675079,3.00350403785706,1.40924501419067,2.58474707603455,4.47337818145752,0.985950112342834,3.03719139099121,3.68623399734497,0.614940941333771,3.17241525650024,1.6761577129364
1269,1.12704849243164,4.76347208023071,1.11875534057617,0.824308693408966,5.27502346038818,1.21314537525177,1.14940524101257,1.77477979660034,2.65524911880493,1.26656901836395,2.32510733604431,4.05199527740479,0.848239123821259,2.67947125434875,3.23047423362732,0.547901153564453,2.8207790851593,1.49478387832642
1271,0.971599936485291,4.1542706489563,0.927014410495758,0.730832517147064,4.61926221847534,1.08205592632294,1.02551829814911,1.56895995140076,2.35264229774475,1.13897216320038,2.07258486747742,3.65126061439514,0.720521986484528,2.35805082321167,2.83931231498718,0.50097793340683,2.51113796234131,1.33809769153595
1273,0.828416109085083,3.6486382484436,0.776839673519135,0.652146518230438,4.0703330039978,0.962686598300934,0.925438642501831,1.39563500881195,2.10014128684998,1.02500653266907,1.85674464702606,3.31054449081421,0.627120137214661,2.09290623664856,2.52329134941101,0.456925421953201,2.2574770450592,1.2017468214035
1275,0.719577074050903,3.22787427902222,0.667619228363037,0.581058859825134,3.62714076042175,0.865593492984772,0.839883327484131,1.25272369384766,1.9002879858017,0.925210773944855,1.66627955436707,3.01448726654053,0.551441788673401,1.87584948539734,2.25747847557068,0.404289126396179,2.0373101234436,1.07641124725342
1277,0.646905720233917,2.87906694412231,0.594618141651154,0.523336946964264,3.26768374443054,0.782610237598419,0.759675979614258,1.13214242458344,1.73375153541565,0.839999854564667,1.49586284160614,2.75325202941895,0.493084877729416,1.69294512271881,2.03036284446716,0.353786706924438,1.8365136384964,0.964217662811279
1279,0.592118382453918,2.58950924873352,0.535816311836243,0.470785886049271,2.97100281715393,0.712946653366089,0.693363189697266,1.04011249542236,1.58851420879364,0.766477644443512,1.35638380050659,2.53043794631958,0.449541032314301,1.54049777984619,1.85145938396454,0.307514399290085,1.66467475891113,0.873956561088562
1281,0.544883668422699,2.35321688652039,0.485795378684998,0.421218186616898,2.74322295188904,0.657668709754944,0.644087433815002,0.972529709339142,1.46607375144958,0.705616474151611,1.24791610240936,2.34823369979858,0.41402480006218,1.42810618877411,1.71734976768494,0.273978352546692,1.52282524108887,0.79972106218338
1283,0.495368450880051,2.17190933227539,0.454264611005783,0.383545696735382,2.57657718658447,0.614291608333588,0.603249371051788,0.91325432062149,1.36351406574249,0.652270019054413,1.16922879219055,2.19770812988281,0.385986357927322,1.34405934810638,1.60568428039551,0.254504919052124,1.40913498401642,0.738446772098541
1285,0.457650899887085,2.05050253868103,0.428957998752594,0.360203564167023,2.44538807868958,0.58492648601532,0.572391748428345,0.863328218460083,1.29282665252686,0.609973847866058,1.10834729671478,2.08020639419556,0.36691090464592,1.27781784534454,1.50614023208618,0.243525341153145,1.32099759578705,0.697037756443024
1287,0.433609873056412,1.98714673519135,0.407445937395096,0.353438854217529,2.37306642532349,0.573790967464447,0.55628764629364,0.832582890987396,1.25010526180267,0.578380644321442,1.07250165939331,2.00622844696045,0.358233153820038,1.23544836044312,1.43651747703552,0.233023688197136,1.27095544338226,0.674343407154083
1289,0.416921198368073,1.96471560001373,0.403185933828354,0.355065017938614,2.35929012298584,0.573201477527618,0.556721150875092,0.824098587036133,1.23968183994293,0.560146391391754,1.06644153594971,1.9771773815155,0.356032609939575,1.21771335601807,1.4009530544281,0.231721296906471,1.27069401741028,0.667250633239746
1291,0.420138388872147,1.978191614151,0.42366024851799,0.358822822570801,2.38663363456726,0.587309777736664,0.5668123960495,0.835087478160858,1.25673317909241,0.562782108783722,1.08613359928131,1.99981439113617,0.355243504047394,1.22763729095459,1.39772140979767,0.243648305535316,1.30731904506683,0.680058300495148
1293,0.442534327507019,2.02684092521667,0.461098730564117,0.368935197591782,2.45206189155579,0.611418485641479,0.58259779214859,0.864503264427185,1.3032842874527,0.590106785297394,1.12903451919556,2.06567978858948,0.365233510732651,1.26197385787964,1.44138407707214,0.255957573652267,1.36743032932281,0.712037742137909
1295,0.478346556425095,2.10514140129089,0.499715387821198,0.385299563407898,2.55380630493164,0.63730788230896,0.606060028076172,0.903746128082275,1.36562979221344,0.630520939826965,1.18220973014832,2.14703249931335,0.383268296718597,1.31544578075409,1.52538847923279,0.265034586191177,1.44236922264099,0.755716681480408
1297,0.51488471031189,2.21819519996643,0.539277374744415,0.402541965246201,2.70617389678955,0.662960112094879,0.630430459976196,0.952295541763306,1.42899632453918,0.676136612892151,1.23387897014618,2.24647426605225,0.398400574922562,1.38187646865845,1.62568795681,0.273169606924057,1.53614640235901,0.793092787265778
1299,0.547092258930206,2.35901021957397,0.58986496925354,0.421882659196854,2.89787316322327,0.694257199764252,0.651127696037292,1.01113951206207,1.50321590900421,0.724019348621368,1.28725445270538,2.36397218704224,0.409953504800797,1.46074712276459,1.7175076007843,0.277161300182343,1.64416599273682,0.825742959976196
1301,0.581190288066864,2.51303648948669,0.649448990821838,0.435325294733047,3.05783987045288,0.737108945846558,0.671306610107422,1.06949162483215,1.58210813999176,0.767286241054535,1.34249258041382,2.4856173992157,0.422713726758957,1.54888105392456,1.78433310985565,0.282847672700882,1.73680353164673,0.860499441623688
1303,0.612799882888794,2.66278219223022,0.71006566286087,0.446526736021042,3.18136525154114,0.779491662979126,0.693654596805573,1.12591123580933,1.65956711769104,0.808383464813232,1.39356637001038,2.59434771537781,0.435494214296341,1.6341005563736,1.83992648124695,0.291845411062241,1.82426071166992,0.897680580615997
1305,0.644032895565033,2.80027318000793,0.772650361061096,0.46092626452446,3.3091025352478,0.811960101127625,0.714078009128571,1.18263280391693,1.73565721511841,0.854686856269836,1.43729639053345,2.68154525756836,0.460580259561539,1.71184277534485,1.91641736030579,0.304495126008987,1.92387866973877,0.937383890151978
1307,0.674707055091858,2.94317102432251,0.860835790634155,0.479794591665268,3.46905183792114,0.848300099372864,0.73583447933197,1.23780262470245,1.82004964351654,0.906596541404724,1.48981535434723,2.76264023780823,0.483437150716782,1.80158448219299,2.011474609375,0.312521666288376,2.02372550964355,0.983064949512482
1309,0.713322699069977,3.09460711479187,0.966603398323059,0.500515162944794,3.62271070480347,0.895321726799011,0.761962175369263,1.28727090358734,1.9173629283905,0.954580366611481,1.57480370998383,2.86864042282104,0.500425517559052,1.90732455253601,2.11187195777893,0.321447789669037,2.10852217674255,1.02667379379272
1311,0.771935284137726,3.27703332901001,1.06631660461426,0.519295513629913,3.75123953819275,0.954401731491089,0.791027784347534,1.3492978811264,2.02797198295593,0.99397224187851,1.68654155731201,2.99334573745728,0.521875977516174,2.01328372955322,2.23941040039063,0.334846019744873,2.19556450843811,1.08002126216888
1313,0.845302224159241,3.49912405014038,1.17614912986755,0.545272767543793,3.93446826934814,1.01545286178589,0.831424057483673,1.42544376850128,2.15480327606201,1.04110944271088,1.79486656188965,3.11866545677185,0.54305112361908,2.11890697479248,2.39857530593872,0.348554104566574,2.31554818153381,1.1498875617981
1315,0.939334750175476,3.76356267929077,1.32218635082245,0.576631128787994,4.22108602523804,1.08198368549347,0.882433235645294,1.50803768634796,2.31157350540161,1.1080869436264,1.88668203353882,3.25309991836548,0.560132563114166,2.25393748283386,2.56621980667114,0.363375753164291,2.46502470970154,1.23422884941101
1317,1.09917855262756,4.116539478302,1.56374514102936,0.60873931646347,4.61385726928711,1.1639244556427,0.938917636871338,1.6032303571701,2.51538276672363,1.19581878185272,2.00409984588623,3.39754104614258,0.574895679950714,2.44103598594666,2.76588249206543,0.382751643657684,2.66106104850769,1.33512604236603
1319,1.36637651920319,4.61312532424927,1.89493036270142,0.644254684448242,5.13987922668457,1.27708184719086,0.999367356300354,1.70316791534424,2.76187467575073,1.30051410198212,2.15147638320923,3.51993060112,0.602201461791992,2.69078135490417,3.06749939918518,0.413148611783981,2.92211985588074,1.45716142654419
1321,1.7028534412384,5.24461889266968,2.21996521949768,0.68736332654953,5.76916360855103,1.40628886222839,1.05774366855621,1.80891740322113,3.01433968544006,1.4265124797821,2.29659700393677,3.62027430534363,0.635240733623505,2.9973452091217,3.47025585174561,0.450610816478729,3.23972177505493,1.59514045715332
1323,2.01333332061768,5.91698408126831,2.50428318977356,0.738271117210388,6.46892881393433,1.52327179908752,1.10730361938477,1.90575563907623,3.24261450767517,1.56799483299255,2.40312552452087,3.68801116943359,0.653467833995819,3.33356237411499,3.86869025230408,0.482092142105103,3.58614611625671,1.72825026512146
1325,2.27012014389038,6.555588722229,2.75213432312012,0.785785973072052,7.21742391586304,1.61359751224518,1.15764486789703,1.97541737556458,3.46900224685669,1.69694137573242,2.46892762184143,3.74038362503052,0.658548593521118,3.6902539730072,4.18286991119385,0.493697702884674,3.88699650764465,1.8404415845871
1327,2.49144411087036,7.12941980361938,2.90087795257568,0.830942988395691,7.87910842895508,1.67261910438538,1.20915699005127,2.01605486869812,3.67910003662109,1.7920960187912,2.51000332832336,3.77414631843567,0.658596575260162,4.03192234039307,4.45059108734131,0.489644438028336,4.11164712905884,1.94427609443665
1329,2.66011500358582,7.61442422866821,2.92840576171875,0.872758567333221,8.39762210845947,1.70922446250916,1.25232172012329,2.04240536689758,3.81457829475403,1.86810731887817,2.51538991928101,3.77157306671143,0.642370223999023,4.30995273590088,4.70683240890503,0.479943364858627,4.28355598449707,2.02662372589111
1331,2.7539587020874,7.91332292556763,2.88921976089478,0.907754421234131,8.80980682373047,1.72284960746765,1.27241015434265,2.0594470500946,3.84408640861511,1.93414080142975,2.47003889083862,3.73232293128967,0.600425899028778,4.48686933517456,4.86063671112061,0.45197257399559,4.39251947402954,2.06757688522339
1333,2.67955589294434,7.83749151229858,2.81011438369751,0.912510335445404,8.83969783782959,1.70696520805359,1.26258528232574,2.05874466896057,3.77009773254395,1.95107316970825,2.40434503555298,3.66924905776978,0.559353232383728,4.46808290481567,4.80406761169434,0.405921846628189,4.36172485351563,2.05285239219666
1335,2.35704255104065,7.30513143539429,2.65378260612488,0.874471187591553,8.31263637542725,1.63990652561188,1.22820746898651,2.01760339736938,3.58832430839539,1.86945509910583,2.32134461402893,3.59871459007263,0.542727649211884,4.19861364364624,4.50102758407593,0.351755321025848,4.13912963867188,1.9555971622467
1337,1.85341691970825,6.38228130340576,2.35530877113342,0.797513842582703,7.33551454544067,1.51746952533722,1.15829837322235,1.91363489627838,3.26972770690918,1.68275606632233,2.19583773612976,3.50861716270447,0.546232879161835,3.71430468559265,4.01130342483521,0.304490357637405,3.74239754676819,1.77667284011841
1339,1.34359002113342,5.33735513687134,1.99762916564941,0.69949334859848,6.21560621261597,1.35756993293762,1.05172514915466,1.75890016555786,2.87307572364807,1.4545830488205,2.02366137504578,3.37382507324219,0.535321235656738,3.15419769287109,3.44795632362366,0.26154488325119,3.27879476547241,1.55460488796234
1341,0.954097151756287,4.43355894088745,1.68295431137085,0.599061667919159,5.26445579528809,1.19749581813812,0.939733624458313,1.59429752826691,2.51236915588379,1.25050640106201,1.83231675624847,3.23006796836853,0.503286957740784,2.66099500656128,2.93026614189148,0.225256785750389,2.85042858123779,1.34525215625763
1343,0.700493335723877,3.7728636264801,1.4361332654953,0.512667596340179,4.56856727600098,1.05951976776123,0.846807777881622,1.4429007768631,2.23900246620178,1.0983692407608,1.68115842342377,3.12091660499573,0.468786954879761,2.29700803756714,2.54485678672791,0.203248336911201,2.49618363380432,1.18389618396759
1345,0.545662641525269,3.35321760177612,1.25573348999023,0.451446384191513,4.09022903442383,0.962990283966064,0.781887471675873,1.33184039592743,2.06705355644226,0.996358931064606,1.58358347415924,3.06811451911926,0.445402652025223,2.05839848518372,2.32708048820496,0.188234612345695,2.25151968002319,1.07551670074463
1347,0.458099842071533,3.11574912071228,1.13444066047668,0.417963534593582,3.80226063728333,0.906788289546967,0.749644577503204,1.27486157417297,1.97156667709351,0.941618323326111,1.53264427185059,3.06702470779419,0.433209240436554,1.91873574256897,2.23114514350891,0.174006506800652,2.11796426773071,1.01392316818237
1349,0.41301229596138,3.00684142112732,1.0822342634201,0.401390999555588,3.65060591697693,0.875794649124146,0.734976172447205,1.2617027759552,1.92462456226349,0.9265376329422,1.51671802997589,3.0975456237793,0.42507129907608,1.8536468744278,2.19240641593933,0.16407422721386,2.06169939041138,0.985893130302429
1351,0.384773313999176,2.94574046134949,1.07314479351044,0.389053612947464,3.54297924041748,0.855394303798676,0.724448323249817,1.25236332416534,1.90248501300812,0.924590587615967,1.50757396221161,3.14184546470642,0.420970767736435,1.83076822757721,2.1549346446991,0.160670101642609,2.01916670799255,0.968616306781769
1353,0.350477308034897,2.86965203285217,1.05444514751434,0.37556666135788,3.41675615310669,0.832178473472595,0.713141798973083,1.22772204875946,1.87488484382629,0.909382879734039,1.4927716255188,3.16348361968994,0.413674294948578,1.81583344936371,2.11175179481506,0.159690320491791,1.96940660476685,0.945959389209747
1355,0.297849863767624,2.75654816627502,1.00751459598541,0.363396883010864,3.26550149917603,0.802814304828644,0.69726973772049,1.1967556476593,1.82144832611084,0.875255286693573,1.4660382270813,3.18828225135803,0.398241072893143,1.77766346931458,2.05461192131042,0.1554836332798,1.92082214355469,0.911771893501282
1357,0.238051697611809,2.61448979377747,0.93547123670578,0.348004937171936,3.13105750083923,0.767504274845123,0.667568683624268,1.16516554355621,1.75447869300842,0.829586923122406,1.42670428752899,3.31128883361816,0.372161984443665,1.72431707382202,1.97501337528229,0.145093560218811,1.86297273635864,0.870919227600098
1359,0.193829223513603,2.46653866767883,0.851521790027618,0.32106226682663,3.05149245262146,0.728419303894043,0.627837300300598,1.13914334774017,1.68426072597504,0.775450646877289,1.388347864151,3.62914276123047,0.344357222318649,1.67469000816345,1.90046429634094,0.13131245970726,1.78541171550751,0.831328094005585
1361,0.25382062792778,2.3275740146637,0.759778320789337,0.278516441583633,3.03362703323364,0.68495124578476,0.578081727027893,1.14292395114899,1.61392056941986,0.702165186405182,1.37030971050262,4.00604009628296,0.318995833396912,1.64085328578949,1.8795028924942,0.114551320672035,1.68606328964233,0.77888423204422
1363,0.608672738075256,2.20112466812134,0.676058053970337,0.232079178094864,3.07905578613281,0.645246684551239,0.525067031383514,1.16992557048798,1.54660773277283,0.628382980823517,1.36401534080505,4.14316272735596,0.297326624393463,1.6211165189743,1.89882266521454,0.114845454692841,1.59309720993042,0.709530591964722
1365,0.832802653312683,2.07441115379333,0.60491418838501,0.200853317975998,3.09197974205017,0.612484812736511,0.48794949054718,1.16876685619354,1.47188186645508,0.581051409244537,1.324915766716,4.15022230148315,0.280310362577438,1.57707166671753,1.86757361888885,0.12719801068306,1.50543856620789,0.652980387210846
1367,0.78663581609726,1.93827247619629,0.548304557800293,0.184699639678001,2.97890448570251,0.57773894071579,0.468145877122879,1.11025929450989,1.3879953622818,0.557376742362976,1.23033607006073,4.0398530960083,0.271093189716339,1.4810072183609,1.7386167049408,0.129612296819687,1.41286408901215,0.616656839847565
1369,0.575201809406281,1.81640243530273,0.508605360984802,0.179713219404221,2.77371144294739,0.544089436531067,0.458236694335938,1.0199648141861,1.3139683008194,0.540948212146759,1.11642646789551,3.80498266220093,0.266190111637115,1.36904048919678,1.571253657341,0.121131494641304,1.33350598812103,0.592748820781708
1371,0.312549412250519,1.70958268642426,0.472085028886795,0.183484956622124,2.54490995407104,0.519653797149658,0.457828968763351,0.925726115703583,1.25417017936707,0.521400332450867,1.00968730449677,3.52165102958679,0.26164510846138,1.27473723888397,1.42801022529602,0.109275683760643,1.26757144927979,0.578031599521637
1373,0.134402453899384,1.62592852115631,0.441993027925491,0.190056711435318,2.33967137336731,0.504333078861237,0.460129767656326,0.848587393760681,1.20265769958496,0.505628108978271,0.936664938926697,3.24495887756348,0.253322869539261,1.20326948165894,1.31928193569183,0.104285724461079,1.21898865699768,0.5657017827034
1375,0.0978318303823471,1.57078897953033,0.435852229595184,0.192792251706123,2.18810534477234,0.492315798997879,0.4561747610569,0.798803389072418,1.16295039653778,0.493566930294037,0.896094739437103,3.06066083908081,0.249667629599571,1.15663623809814,1.24825727939606,0.104182459414005,1.18175172805786,0.556496560573578
1377,0.114762827754021,1.53570806980133,0.444791257381439,0.189083114266396,2.08214282989502,0.477403998374939,0.441505432128906,0.766027987003326,1.13272428512573,0.484992682933807,0.880585253238678,2.9772481918335,0.250860124826431,1.12499856948853,1.20104479789734,0.101369634270668,1.14256453514099,0.554158866405487
1379,0.123755902051926,1.50246024131775,0.432712435722351,0.182466223835945,2.02624440193176,0.462107747793198,0.41930016875267,0.740258753299713,1.10363435745239,0.4721360206604,0.873422205448151,2.99646878242493,0.246067315340042,1.10311484336853,1.17585039138794,0.0963490381836891,1.10476589202881,0.547846257686615
1381,0.128998354077339,1.4630970954895,0.400664985179901,0.174801364541054,2.02299976348877,0.448951601982117,0.3929583132267,0.726958453655243,1.07415986061096,0.454195708036423,0.86259937286377,3.19091820716858,0.231624469161034,1.08937966823578,1.16900515556335,0.0933850780129433,1.07032072544098,0.52808141708374
1383,0.157105669379234,1.41043639183044,0.363863587379456,0.166577711701393,2.03792190551758,0.435439556837082,0.366909891366959,0.72511225938797,1.04717373847961,0.43505123257637,0.841274917125702,3.54114937782288,0.2108104377985,1.08572459220886,1.16218042373657,0.088723361492157,1.03074586391449,0.502745509147644
1385,0.206205636262894,1.33415675163269,0.329079240560532,0.149381667375565,2.03197407722473,0.408827811479568,0.343069761991501,0.718742728233337,1.00986766815186,0.407247751951218,0.809036910533905,3.98124313354492,0.183108329772949,1.07886898517609,1.13230061531067,0.0844986289739609,0.969626188278198,0.473497003316879
1387,0.244989156723022,1.2280752658844,0.297392934560776,0.122678011655807,1.99399650096893,0.376025259494781,0.316327065229416,0.696435809135437,0.953325212001801,0.369216948747635,0.765710949897766,4.29075574874878,0.159094005823135,1.04765748977661,1.07859015464783,0.0838967114686966,0.896818399429321,0.436719208955765
1389,0.274491339921951,1.10961544513702,0.266212075948715,0.102183356881142,1.91092801094055,0.342019200325012,0.288892596960068,0.65330958366394,0.879716396331787,0.328405827283859,0.709534525871277,4.3282675743103,0.1418526917696,0.983265221118927,0.999612092971802,0.0827613100409508,0.824842393398285,0.398366838693619
1391,0.29862767457962,0.987366914749146,0.231102645397186,0.085144929587841,1.7753142118454,0.311554551124573,0.258735537528992,0.593243181705475,0.797796726226807,0.291356146335602,0.64940869808197,4.09356689453125,0.127543151378632,0.903459846973419,0.903655469417572,0.0761719644069672,0.753470599651337,0.36497837305069
1393,0.333085030317307,0.848596453666687,0.197980031371117,0.0750047042965889,1.56487810611725,0.278986513614655,0.228741213679314,0.513549506664276,0.704751670360565,0.254579037427902,0.577004730701447,3.57369923591614,0.124098405241966,0.806198596954346,0.785498678684235,0.0609885565936565,0.674779057502747,0.336194276809692
1395,0.375032693147659,0.72560042142868,0.17224146425724,0.0717788264155388,1.32883274555206,0.246019065380096,0.203955635428429,0.43083381652832,0.617676198482513,0.226050242781639,0.505831062793732,2.93481469154358,0.121469050645828,0.711805045604706,0.662748217582703,0.0420073308050632,0.59985888004303,0.308977514505386
1397,0.36766043305397,0.641197085380554,0.147956639528275,0.0655690655112267,1.11770403385162,0.213271886110306,0.187368884682655,0.361533761024475,0.558437645435333,0.206046909093857,0.44697317481041,2.29047608375549,0.11766155809164,0.621241867542267,0.553094923496246,0.0331017710268497,0.540945947170258,0.27872771024704
1399,0.326358079910278,0.605110228061676,0.124876469373703,0.0589260756969452,0.987714469432831,0.194665715098381,0.18495412170887,0.313470751047134,0.536313593387604,0.196741223335266,0.407057464122772,1.79538202285767,0.112416103482246,0.556482672691345,0.489139527082443,0.0282824151217937,0.507455587387085,0.259517759084702
1401,0.289911776781082,0.608757853507996,0.11102169752121,0.0626441240310669,0.931274831295013,0.196245655417442,0.194827154278755,0.292984396219254,0.536810040473938,0.196842819452286,0.390486568212509,1.48841667175293,0.108209781348705,0.528505325317383,0.468178898096085,0.0244669318199158,0.492459833621979,0.256234437227249
1403,0.268397986888885,0.656698524951935,0.122264668345451,0.0792483538389206,0.936608076095581,0.21465902030468,0.209151551127434,0.307905435562134,0.561321258544922,0.211235865950584,0.403645992279053,1.3223021030426,0.111678794026375,0.543921589851379,0.4774110019207,0.0263429991900921,0.508205056190491,0.274304330348969
1405,0.264440327882767,0.773514688014984,0.154884949326515,0.100728645920753,1.02777373790741,0.245935574173927,0.239386454224586,0.359830766916275,0.629302680492401,0.242650255560875,0.451741814613342,1.28361296653748,0.132154792547226,0.608844637870789,0.538043916225433,0.0396371334791183,0.570347130298615,0.31259822845459
1407,0.275011390447617,0.961050868034363,0.210277676582336,0.129442006349564,1.23353481292725,0.296865791082382,0.291762411594391,0.450601607561111,0.749911725521088,0.303001314401627,0.543675243854523,1.38610136508942,0.170664131641388,0.735608160495758,0.666462182998657,0.0620218403637409,0.697992384433746,0.374049514532089
1409,0.293707489967346,1.23228347301483,0.286197781562805,0.171951860189438,1.53533208370209,0.378127902746201,0.378089189529419,0.586043834686279,0.936518132686615,0.393055438995361,0.700458288192749,1.62855684757233,0.219967946410179,0.944599032402039,0.866416454315186,0.0916965305805206,0.8939049243927,0.470835328102112
1411,0.316386371850967,1.58966863155365,0.383501648902893,0.230478748679161,1.90263378620148,0.484706997871399,0.486514002084732,0.753074645996094,1.1766265630722,0.511981189250946,0.901386559009552,1.97396087646484,0.274967342615128,1.20867574214935,1.12334597110748,0.123110294342041,1.13579046726227,0.604045212268829
1413,0.344620406627655,1.98083877563477,0.479533106088638,0.294354945421219,2.29257392883301,0.596232056617737,0.590802907943726,0.9207963347435,1.43236708641052,0.648290991783142,1.10754084587097,2.34912919998169,0.334066927433014,1.47421002388,1.40056824684143,0.154846161603928,1.40522527694702,0.747245132923126
1415,0.382167667150497,2.36134576797485,0.562497198581696,0.357621163129807,2.69093370437622,0.708329558372498,0.692476212978363,1.07770943641663,1.67566800117493,0.781495034694672,1.29747903347015,2.71590662002563,0.397752583026886,1.7222672700882,1.66932809352875,0.184039056301117,1.66750466823578,0.885113596916199
1417,0.457400560379028,2.9660210609436,0.759624421596527,0.452066004276276,3.3121600151062,0.882081866264343,0.847362279891968,1.33288538455963,2.03763198852539,0.972821712493896,1.5967333316803,3.25697898864746,0.50786954164505,2.12350821495056,2.08190035820007,0.219757437705994,2.05062437057495,1.08659172058105
1419,0.623748004436493,3.91088724136353,1.15876853466034,0.583980023860931,4.21772766113281,1.12768232822418,1.05558156967163,1.71116149425507,2.58788752555847,1.25153207778931,2.0756254196167,3.9923689365387,0.649872481822968,2.75410985946655,2.69916343688965,0.26865690946579,2.62672662734985,1.38484609127045
1421,0.977740466594696,5.35931253433228,1.78081679344177,0.760374367237091,5.60860013961792,1.45544469356537,1.28720843791962,2.17874813079834,3.33880758285522,1.63374066352844,2.6662335395813,4.77451658248901,0.773933529853821,3.67747282981873,3.56637406349182,0.34098407626152,3.47744464874268,1.80218434333801
1423,1.57027804851532,7.03067302703857,2.54141712188721,0.935357749462128,7.26041078567505,1.81193745136261,1.48533856868744,2.62223696708679,4.09687328338623,2.03101921081543,3.18722486495972,5.29478740692139,0.843649804592133,4.69284629821777,4.52405881881714,0.418361067771912,4.42488145828247,2.25789046287537
1425,1.91686308383942,7.88417339324951,3.01015377044678,1.02351117134094,8.16613292694092,2.00352478027344,1.58317947387695,2.84864282608032,4.50036096572876,2.24064350128174,3.45136737823486,5.50194311141968,0.869703412055969,5.22223854064941,5.01644515991211,0.449290812015533,4.94592189788818,2.50253748893738
1427,1.86166751384735,7.87308740615845,3.04472470283508,1.03141009807587,8.22052764892578,1.99980795383453,1.59735381603241,2.87022137641907,4.56343126296997,2.2507016658783,3.48555970191956,5.5722131729126,0.880316197872162,5.24206638336182,5.05875492095947,0.444048672914505,4.97026300430298,2.52424097061157
1429,1.67850363254547,7.59681224822998,2.85073781013489,1.01532626152039,7.94078016281128,1.91915118694305,1.59290099143982,2.83563876152039,4.51197576522827,2.19720816612244,3.4756133556366,5.65242004394531,0.901486933231354,5.09622240066528,4.99029016494751,0.43506246805191,4.84333896636963,2.47408676147461
1431,1.52887761592865,7.40091037750244,2.63651490211487,1.00219559669495,7.79816436767578,1.87137818336487,1.60606300830841,2.82453083992004,4.49821901321411,2.1766459941864,3.47610092163086,5.80337810516357,0.937056541442871,4.99538803100586,4.96393251419067,0.429588377475739,4.77466678619385,2.43905568122864
1433,1.35160267353058,7.14986753463745,2.42368078231812,0.964226841926575,7.67557811737061,1.82673585414886,1.61283230781555,2.78949928283691,4.44840288162231,2.13942122459412,3.41677808761597,5.94687223434448,0.972281157970428,4.8617639541626,4.86159706115723,0.415026307106018,4.66115093231201,2.37166714668274
1435,1.07621598243713,6.55166864395142,2.1222071647644,0.880657851696014,7.20677137374878,1.71510922908783,1.55243265628815,2.62899971008301,4.1886043548584,2.00116062164307,3.21898007392883,5.93625640869141,0.955195724964142,4.51863384246826,4.50651073455811,0.385516375303268,4.32025861740112,2.19555449485779
1437,0.783557653427124,5.61621046066284,1.74716818332672,0.757609248161316,6.35225057601929,1.5154721736908,1.39849245548248,2.32718229293823,3.7149829864502,1.75736200809479,2.86163187026978,5.62685108184814,0.855541288852692,3.9597704410553,3.92494678497314,0.341478079557419,3.75677537918091,1.91009473800659
1439,0.563391208648682,4.56508493423462,1.36874043941498,0.618429481983185,5.32472276687622,1.26559889316559,1.18128550052643,1.94762372970581,3.13217902183533,1.46671259403229,2.40514922142029,5.12715435028076,0.708530247211456,3.30440425872803,3.25435423851013,0.284981191158295,3.12032580375671,1.58881533145905
1441,0.466932594776154,3.57645678520203,1.04192078113556,0.501135647296906,4.32776689529419,1.01980936527252,0.956187963485718,1.56373858451843,2.5446183681488,1.17373466491699,1.93853485584259,4.59079742431641,0.564499378204346,2.67046761512756,2.60389018058777,0.22472383081913,2.49189352989197,1.28350448608398
1443,0.471129357814789,2.78003764152527,0.801864922046661,0.399131745100021,3.53732514381409,0.804376542568207,0.760595202445984,1.23783421516418,2.06117296218872,0.922651648521423,1.55108284950256,4.13147497177124,0.436022579669952,2.15840578079224,2.06322932243347,0.169377043843269,1.97387623786926,1.02161598205566
1445,0.518781065940857,2.16265296936035,0.620276093482971,0.288191020488739,2.9020631313324,0.629688501358032,0.606724977493286,0.970631241798401,1.67404019832611,0.707469403743744,1.22471559047699,3.74139666557312,0.322556376457214,1.75795865058899,1.62387633323669,0.112104289233685,1.55794286727905,0.809262812137604
1447,0.435326278209686,1.69259548187256,0.420158177614212,0.214435428380966,2.3441858291626,0.480029284954071,0.481626778841019,0.729723215103149,1.28615093231201,0.49785503745079,0.921388924121857,3.48531270027161,0.260262817144394,1.3948187828064,1.30107462406158,0.0714521557092667,1.1907057762146,0.605142652988434
1449,0.353317379951477,1.23068189620972,0.223507359623909,0.141957700252533,1.795973777771,0.332963019609451,0.358695954084396,0.49298894405365,0.904982030391693,0.291872322559357,0.623317539691925,3.23366546630859,0.199048489332199,1.03797030448914,0.983865559101105,0.0315043330192566,0.829831123352051,0.404558926820755
1451,0.2727170586586,0.776702404022217,0.0302342977374792,0.0707248672842979,1.25717806816101,0.18842276930809,0.23787659406662,0.260320901870728,0.530360221862793,0.08942761272192,0.330365896224976,2.98634052276611,0.138885617256165,0.687251210212708,0.672105014324188,-0.00775733729824424,0.475154995918274,0.207420498132706
1453,0.280946880578995,0.731870055198669,0.0216044578701258,0.0752549692988396,1.24247050285339,0.176804155111313,0.214612811803818,0.250070422887802,0.50477921962738,0.0859857276082039,0.31101182103157,2.98113441467285,0.125736057758331,0.656511723995209,0.641485929489136,-0.00610046880319715,0.467123031616211,0.199215278029442
1455,0.275506496429443,0.665148258209229,0.0106084290891886,0.0679896622896194,1.21527695655823,0.148546740412712,0.172567918896675,0.231804952025414,0.465224057435989,0.0653537958860397,0.270082384347916,2.94223403930664,0.100784257054329,0.614151477813721,0.59245902299881,-0.00769168930128217,0.432201564311981,0.182307571172714
1457,0.256249815225601,0.598312377929688,0.0111250411719084,0.0374491959810257,1.19408869743347,0.118849240243435,0.140135914087296,0.210510432720184,0.426407873630524,0.019695807248354,0.223681300878525,2.9613823890686,0.0574206225574017,0.55642968416214,0.531240403652191,-0.00552079500630498,0.379371494054794,0.151907831430435
1459,0.248920574784279,0.560652196407318,0.0270656310021877,-0.00539462640881538,1.23505127429962,0.089346632361412,0.136138170957565,0.201286450028419,0.381149739027023,-0.00243039848282933,0.208621293306351,3.13689684867859,0.0358595736324787,0.534134924411774,0.47701096534729,0.0156058762222528,0.321676045656204,0.124955482780933
1461,0.245797321200371,0.544257819652557,0.0573427304625511,-0.0265712179243565,1.26856756210327,0.0820348411798477,0.128117382526398,0.191305741667747,0.343985468149185,-0.000293229793896899,0.203820273280144,3.33333516120911,0.0321880355477333,0.544108748435974,0.459785789251328,0.0222335811704397,0.280880093574524,0.130889415740967
1463,0.257488131523132,0.539579212665558,0.0643954798579216,-0.0306878518313169,1.29679548740387,0.0754611641168594,0.112660631537437,0.182504862546921,0.320638805627823,-0.00552494311705232,0.193288519978523,3.55697655677795,0.0399595499038696,0.551670908927917,0.472851008176804,0.0208826642483473,0.276595503091812,0.147408485412598
1465,0.29392021894455,0.554537057876587,0.0383715331554413,-0.0222386661916971,1.3131297826767,0.0721837803721428,0.107935547828674,0.184198811650276,0.317672491073608,-0.00147352542262524,0.18957731127739,3.84173488616943,0.0503635257482529,0.554475843906403,0.49550661444664,0.0319103822112083,0.285402953624725,0.151905134320259
1467,0.321177303791046,0.569284737110138,0.00344021595083177,-0.025749322026968,1.32187306880951,0.0758538693189621,0.10267348587513,0.192667350172997,0.329213470220566,0.00376719445921481,0.181477129459381,4.09415864944458,0.0487189330160618,0.553144752979279,0.5020672082901,0.0413899496197701,0.286758095026016,0.133002400398254
1469,0.325069218873978,0.556593537330627,-0.0218315646052361,-0.0256869476288557,1.30097579956055,0.0604019947350025,0.0864974558353424,0.189159110188484,0.321290016174316,0.00556604517623782,0.157992973923683,4.20343017578125,0.0501140207052231,0.537031888961792,0.484495788812637,0.0246169380843639,0.269894182682037,0.095031850039959
1471,0.321377813816071,0.508863031864166,-0.0392121933400631,-0.0232185889035463,1.25493717193604,0.0490646325051785,0.0706033259630203,0.182809367775917,0.308915019035339,-0.0031731715425849,0.154697716236115,4.22591781616211,0.0319106839597225,0.531280994415283,0.453828424215317,-0.00119908060878515,0.245984733104706,0.0749589204788208
1473,0.334739506244659,0.454288274049759,-0.0314779505133629,-0.0259754471480846,1.19808804988861,0.0455517321825027,0.0586131513118744,0.183291345834732,0.299849301576614,-0.00459409737959504,0.153040453791618,4.19049692153931,0.00368554820306599,0.55729866027832,0.434761583805084,-0.00735369697213173,0.226559311151505,0.0744087994098663
1475,0.365398496389389,0.407212167978287,-0.0141783114522696,-0.041009433567524,1.16478705406189,0.0374593362212181,0.0502217337489128,0.185705959796906,0.288129866123199,-0.00195231090765446,0.159063681960106,4.15594434738159,0.00660269195213914,0.58725368976593,0.427958190441132,-0.01010128762573,0.207652702927589,0.0798064470291138
1477,0.387985110282898,0.385937243700027,-0.00773746101185679,-0.0372631438076496,1.15307688713074,0.0230963788926601,0.0590170994400978,0.193539783358574,0.268013566732407,-0.0105259399861097,0.16874535381794,4.09105587005615,0.0176616441458464,0.57197505235672,0.42185640335083,-0.00149419531226158,0.192965924739838,0.089048944413662
1479,0.379963457584381,0.375812619924545,-0.0234961230307817,-0.030598035082221,1.15075933933258,0.0171816479414701,0.0636837631464005,0.188535109162331,0.252717971801758,-0.0158365201205015,0.170568197965622,3.93878531455994,0.0182976722717285,0.528518378734589,0.403002351522446,0.0155242532491684,0.190815478563309,0.0981023088097572
1481,0.356221556663513,0.367151856422424,-0.00719493953511119,-0.0268110930919647,1.122279047966,0.0198582969605923,0.0601917840540409,0.175185084342957,0.242062091827393,-0.00129079166799784,0.166768863797188,3.72595953941345,0.0308271609246731,0.486945122480392,0.379746645689011,0.0188275240361691,0.180081963539124,0.0891565531492233
1483,0.327757149934769,0.346537411212921,0.00387526419945061,-0.0170469116419554,1.07458293437958,0.0279668308794498,0.0497190058231354,0.160849094390869,0.222427725791931,0.00574736203998327,0.145777478814125,3.48440074920654,0.0555337630212307,0.461040645837784,0.360303044319153,0.0129132568836212,0.155892536044121,0.0673494040966034
1485,0.298698991537094,0.323502540588379,-0.00346254487521946,-0.00577313406392932,1.0145765542984,0.032234963029623,0.0319656878709793,0.136611863970757,0.196088567376137,-0.00021237411419861,0.105326801538467,3.20727968215942,0.0638616234064102,0.439000874757767,0.338840395212173,0.0109088066965342,0.123215943574905,0.0618909075856209
1487,0.243000164628029,0.28596293926239,-0.00427993480116129,0.00102245516609401,0.936225414276123,0.00647662580013275,0.0134332412853837,0.106568858027458,0.178483575582504,-0.0183952115476131,0.0640029907226563,2.85165333747864,0.0602464266121387,0.420061498880386,0.291567951440811,0.0106735117733479,0.0876413658261299,0.0711380317807198
1489,0.162195429205894,0.239224448800087,-0.00517389830201864,-0.000224827133934014,0.790908336639404,0.00211169174872339,-0.00591037655249238,0.0815036594867706,0.147030383348465,-0.0247058384120464,0.0384066887199879,2.34583449363708,0.0409537181258202,0.37451308965683,0.233919039368629,0.00789361633360386,0.0699813365936279,0.0785303935408592
1491,0.12210588157177,0.201190128922462,0.0341982021927834,0.0102006560191512,0.616780698299408,0.0168448928743601,-0.0128722153604031,0.0651522502303123,0.12817570567131,-0.0106724454089999,0.035232450813055,1.82081758975983,-0.00112275988794863,0.310657739639282,0.191086903214455,-0.00896185636520386,0.0827382132411003,0.0496894717216492
1493,0.084333524107933,0.167054057121277,0.0527935028076172,0.000816484563983977,0.47252157330513,0.014614817686379,-0.000972593203186989,0.0499895997345448,0.107128575444221,-0.0114988097921014,0.0462137088179588,1.44924676418304,-0.0284031685441732,0.249789774417877,0.172877281904221,0.0125953294336796,0.0949418470263481,0.0185200646519661
1495,0.0475971922278404,0.129528418183327,0.0323565751314163,-0.0151413334533572,0.371466010808945,0.00261364178732038,0.0144924279302359,0.0418311506509781,0.0800290331244469,-0.0117919901385903,0.0668674930930138,1.16009187698364,-0.00879907980561256,0.175063863396645,0.159927785396576,0.0514682419598103,0.0852615982294083,-0.00160617008805275
1497,0.0652113705873489,0.105673849582672,0.00614550244063139,-0.00268644443713129,0.310229033231735,0.0130300233140588,0.0223070159554482,0.057027492672205,0.0673242509365082,-0.0142248906195164,0.0693113580346107,0.87665069103241,-0.00313877919688821,0.114118039608002,0.128760054707527,0.0636207461357117,0.067575141787529,-0.0110028330236673
1499,0.0465657040476799,0.0849353969097137,-0.00758917815983295,0.0104877036064863,0.262853503227234,0.0325655452907085,0.0110234217718244,0.075695127248764,0.0635640025138855,-0.0102134039625525,0.0381424464285374,0.618529558181763,-0.0149857876822352,0.0868056938052177,0.100624546408653,0.0348022282123566,0.0674927532672882,-0.0181385111063719
1501,-0.00629393011331558,0.0514079369604588,-0.0262159779667854,0.0084426524117589,0.202872306108475,0.0520110353827477,0.0161904655396938,0.0730865299701691,0.0419944785535336,-0.0281489435583353,0.0169729832559824,0.424836754798889,-0.0259670969098806,0.0666643008589745,0.0661455318331718,-0.00977008230984211,0.0730801671743393,-0.0192318428307772
1503,-0.0291055776178837,-0.00779517274349928,-0.0207712352275848,-0.00690960884094238,0.140024915337563,0.0697549507021904,0.00436700088903308,0.0484018474817276,0.00329847680404782,-0.0219341441988945,0.0254164021462202,0.309429466724396,-0.0486733615398407,0.0455471016466618,0.0281374678015709,-0.0378101468086243,0.0695175752043724,-0.0225940253585577
1505,-0.0570742823183537,-0.0266895368695259,-0.0319469161331654,-0.020289758220315,0.109475538134575,0.0938466936349869,-0.0383521281182766,0.0448225252330303,-0.0139239598065615,0.0126426937058568,0.0387905426323414,0.30718520283699,-0.0507435761392117,0.039760809391737,0.00989666022360325,-0.0352320969104767,0.052304845303297,-0.0248522758483887
1507,-0.0957387909293175,0.0232670828700066,-0.0406909212470055,-0.0365842469036579,0.077864944934845,0.0623600259423256,-0.0393349081277847,0.0379584133625031,-0.027450492605567,0.0125960875302553,0.011776932515204,0.351211816072464,0.00903240963816643,0.046396516263485,-0.0207245647907257,0.00310951843857765,0.039701797068119,-0.0252452325075865
1509,-0.0747029036283493,0.0764173790812492,-0.0359804183244705,-0.0499574914574623,0.0290993992239237,0.0186462085694075,-0.0122506385669112,0.0228033605962992,-0.0460032671689987,0.00388514017686248,0.0334946103394032,0.358661115169525,0.0497404672205448,0.0603452138602734,-0.0625657811760902,0.0122940670698881,0.0362927690148354,-0.0198949687182903
1511,-0.0272428970783949,0.0971977412700653,-0.0416708812117577,-0.0475230254232883,-0.0128001011908054,-0.0159338172525167,-0.0164127498865128,0.00836218800395727,-0.0291815791279078,0.0186499115079641,0.0555232279002666,0.306795448064804,0.0289242565631866,0.0566874369978905,-0.0767320841550827,0.010245650075376,0.0330387987196445,0.00556287448853254
1513,-0.0424724705517292,0.0912578329443932,-0.0448747463524342,-0.0604953281581402,-0.0042027086019516,-0.0377213656902313,-0.0298317316919565,0.00861763022840023,-0.000500135123729706,0.0219792686402798,0.049903430044651,0.228729590773582,-0.0263847410678864,0.0372333228588104,-0.0566038303077221,0.0118632288649678,-0.00345551175996661,0.0115827135741711
1515,-0.0312641672790051,0.055873166769743,-0.0137675134465098,-0.0589309297502041,0.0305002108216286,-0.0233723819255829,-0.0272381994873285,-0.00603893445804715,0.018253842368722,0.00486055528745055,0.0421471148729324,0.183315455913544,-0.0513856001198292,0.0227621700614691,-0.00798131246119738,0.0208397004753351,-0.00446547660976648,-0.00591688510030508
1517,0.00551155023276806,0.0672068521380424,0.00114408030640334,-0.0639544576406479,0.0508066639304161,-0.0241344217211008,0.00300232879817486,0.0277492459863424,-0.0269901566207409,-0.0035904492251575,0.0332480259239674,0.162024900317192,-0.0446568839251995,0.00464726472273469,0.0297065302729607,0.0191774889826775,0.00490798894315958,-0.0127460286021233
1519,0.0493060797452927,0.0657349601387978,-0.0231080520898104,-0.0560312494635582,0.0727539360523224,-0.0339851453900337,0.0362809300422668,0.0690964385867119,-0.0422201827168465,0.000642428640276194,0.0211918037384748,0.134776756167412,-0.0186922121793032,0.0162217784672976,0.0646592304110527,0.0309966877102852,0.00228423927910626,-0.0124303717166185
1521,0.0728633776307106,0.0156198218464851,-0.0243094563484192,-0.056530524045229,0.106167502701283,-0.0185053460299969,0.0444493964314461,0.0647023990750313,-0.0198478996753693,-0.00659984955564141,-0.000670137640554458,0.0876434743404388,-0.00516686029732227,0.0264779608696699,0.0620892941951752,0.0425129495561123,0.014740901067853,-0.000781348906457424
1523,0.068811796605587,0.00931724160909653,-0.017461659386754,-0.0526379607617855,0.0739649534225464,-0.00208357069641352,0.0511408001184464,0.0208189841359854,-0.00836392492055893,-0.00935410335659981,-0.00514147896319628,0.0531374849379063,-0.00534361880272627,0.0391680970788002,0.071283221244812,0.022749949246645,0.0306487064808607,-0.00260251807048917
1525,0.0407692529261112,-0.01544080208987,-0.0193020608276129,-0.0239118188619614,0.053355548530817,0.00303561356849968,0.0317917391657829,-0.00560581171885133,-0.0256980359554291,0.0122692445293069,0.00727858301252127,0.0604075379669666,-0.021598631516099,0.0556705631315708,0.0855022519826889,0.00347853126004338,0.0254839900881052,0.00899112038314342
1527,0.0175913255661726,-0.02024813182652,-0.0473758392035961,-0.00615983456373215,0.0661256387829781,-0.00386415584944189,0.0293903630226851,-0.00656953128054738,-0.0144719257950783,0.0157909523695707,0.0311363693326712,0.0932076126337051,-0.0364579074084759,0.0713113024830818,0.0667932853102684,0.00252001639455557,0.0231756214052439,0.0195471420884132
1529,-0.00732353748753667,0.00286848796531558,-0.0333121158182621,-0.020713685080409,0.0992421880364418,0.00281232432462275,0.0307186786085367,0.00507873436436057,0.00611951993778348,0.0148533619940281,0.0378284603357315,0.119722858071327,-0.025310454890132,0.0803363472223282,0.0519448816776276,-0.00896337162703276,0.0318818837404251,0.0222933460026979
1531,-0.0180613249540329,0.0157815404236317,-0.0108818905428052,-0.0196661688387394,0.0857405513525009,0.0291120875626802,0.020150201395154,0.0147355385124683,0.00594971142709255,0.013639397919178,0.0271235704421997,0.103181347250938,-0.000932423048652709,0.0636821910738945,0.0424546860158443,-0.0195442587137222,0.0219463966786861,0.0144406286999583
1533,-0.0146957160905004,0.0463010407984257,0.00515544833615422,-0.0170551501214504,0.0824829414486885,0.035527341067791,-0.000451845757197589,0.0192607585340738,0.00723167881369591,0.0159221589565277,0.0116864871233702,0.0566642321646214,-0.00134452537167817,0.0442212745547295,0.0330796018242836,-0.0309684127569199,0.00918334349989891,0.00939419586211443
1535,-0.00141439051367342,0.0627383962273598,0.0192201491445303,-0.00865848828107119,0.0704729557037354,0.0383411608636379,-0.00728203263133764,0.00602359883487225,0.0144957937300205,0.00981311872601509,0.00740814208984375,0.0467357635498047,-0.0188158191740513,0.0188829749822617,0.0172423310577869,-0.0241533648222685,0.0224711652845144,0.0150673212483525
1537,-0.00799560640007257,0.0766165405511856,0.0277141202241182,-0.0271903201937675,0.0491766855120659,0.0397373512387276,-0.0101784085854888,-0.0182388965040445,-0.00359311141073704,0.00520502310246229,-0.00251012505032122,0.0571337901055813,-0.0364846289157867,-0.0254003293812275,0.0330965407192707,-0.0154926367104053,0.0412302352488041,0.0168711245059967
1539,0.00614237133413553,0.0746858417987823,-0.00848586764186621,-0.0245701819658279,0.0246573388576508,0.041584737598896,-0.000818076718132943,-0.0361288897693157,-0.0102484067901969,0.00634260009974241,-0.00895683374255896,0.0278831906616688,-0.0286467969417572,-0.0334030985832214,0.0434774793684483,0.00404003262519836,0.0373546741902828,0.033538956195116
1541,0.0286604166030884,0.0675525367259979,-0.0314341001212597,-0.0172405205667019,0.0146865202113986,0.0289077125489712,-0.00572541495785117,-0.0148681988939643,0.0239573866128922,0.00557666551321745,0.0119947101920843,0.00714505231007934,0.0169132947921753,-0.0350388251245022,0.0480094887316227,0.0245694946497679,0.00993686448782682,0.0147271649912
1543,0.0125263901427388,0.0471711233258247,0.0101169599220157,-0.0119063295423985,0.00762998126447201,0.00620921608060598,0.00626734411343932,0.0150044877082109,0.0346783362329006,-0.00491376826539636,0.0456627123057842,0.0127106430009007,0.00885177403688431,0.000673035916406661,0.051556795835495,0.0289680827409029,0.0266415365040302,0.0101625844836235
1545,-0.00277913059107959,0.0503836162388325,0.0262319035828114,0.00516435690224171,0.0229562092572451,-0.00635212473571301,0.0110699776560068,0.0211589783430099,0.0362988412380219,-0.00330558698624372,0.0354651883244514,0.0472693964838982,-0.0159659460186958,0.0227720681577921,0.0576460957527161,0.0162822362035513,0.0599415749311447,0.0284818727523088
1547,-0.0194856524467468,0.0697913840413094,0.0252545457333326,0.0112399086356163,0.0511242933571339,-0.014490095898509,-0.000929758069105446,0.0172713231295347,0.0469968020915985,0.00141596083994955,0.0279405564069748,0.0852966457605362,-0.0026377912145108,0.0302562825381756,0.0654720067977905,0.00994079187512398,0.0689031332731247,0.0225734226405621
1549,-0.0262933578342199,0.101897463202477,0.0312752388417721,0.0101194884628057,0.082948163151741,-0.0146990846842527,-0.0139898033812642,0.0185843352228403,0.0557387284934521,0.00254385708831251,0.0218829158693552,0.105383798480034,0.00511435000225902,0.0444751381874084,0.0643478184938431,0.00746676698327065,0.0670396983623505,0.0119543457403779
1551,-0.00495328288525343,0.122591704130173,0.0247497241944075,0.0133236590772867,0.105909764766693,-0.00981145538389683,-0.0106971077620983,0.0254916530102491,0.0508957356214523,0.00415401253849268,0.0125030400231481,0.106112465262413,-0.00496580637991428,0.0650773942470551,0.0632995888590813,0.00929243303835392,0.0642851889133453,0.000452435167971998
1553,0.00741217937320471,0.132864102721214,0.0156352892518044,0.0115148210898042,0.0978623032569885,0.00299987033940852,-0.00376379583030939,0.0197716392576694,0.0542466975748539,-0.000314121833071113,-0.000584063353016973,0.106056846678257,-0.0122556146234274,0.0642048045992851,0.0668695122003555,0.00937715917825699,0.0594967566430569,-0.0220830366015434
1555,0.0192302241921425,0.13833150267601,0.0194091759622097,0.00480660330504179,0.0643857195973396,0.00686857709661126,-0.0116077559068799,0.00255574495531619,0.0486713573336601,-0.01529810577631,0.0092444159090519,0.0839937329292297,-0.00412721140310168,0.0392821170389652,0.0593553856015205,-0.00190735119394958,0.0515036731958389,-0.0343414545059204
1557,0.0162108149379492,0.107473261654377,0.01069550588727,0.00500583648681641,0.0559231154620647,0.0196672771126032,-0.00736726028844714,-0.0123234111815691,0.0411493480205536,-0.0212139990180731,0.0366374589502811,0.021349249407649,0.0158789213746786,0.0227733440697193,0.0254073832184076,0.00154541002120823,0.039408802986145,-0.0232463646680117
1559,0.0150763178244233,0.0689153745770454,-0.00878143776208162,0.0193842370063066,0.0425166971981525,0.0127535099163651,0.0035542796831578,-0.00825833436101675,0.0256761759519577,-0.0141727505251765,0.0410142131149769,-0.022110229358077,0.0336287580430508,0.0277383588254452,0.00294137769378722,0.0109596149995923,0.0593275129795074,-0.0135256750509143
1561,0.00807631574571133,0.0610358826816082,0.00107573182322085,0.0156664829701185,0.0550901480019093,0.00879852566868067,0.00753677915781736,0.00516376458108425,0.0305534265935421,-0.00795444287359715,0.0264317151159048,-0.0139230126515031,0.0382422097027302,0.0280581768602133,0.00405983347445726,0.0115495147183537,0.0556826069951057,-0.00989245716482401
1563,-0.00306242308579385,0.0631420612335205,0.00844170618802309,0.00880465935915709,0.0575473792850971,0.00514000654220581,0.00811623781919479,0.0142288664355874,0.0345251448452473,-0.00279636099003255,0.0205310713499784,0.0243171621114016,0.0199833456426859,0.0307516232132912,0.0172327551990747,0.00241375272162259,0.0408360697329044,-0.00200349534861743
1565,-0.00264140265062451,0.0677466839551926,-0.00548560963943601,-0.0044230786152184,0.0541145205497742,0.00235908455215394,0.014530448243022,0.0144322523847222,0.0354609824717045,-0.00194032327271998,0.0159111581742764,0.0349935404956341,3.6187469959259E-05,0.0309433657675982,0.014642646536231,-0.00362229743041098,0.0245641823858023,0.00863294769078493
1567,-0.00065408821683377,0.0662762671709061,-0.000964775099419057,-0.0147941084578633,0.0506315194070339,0.000451256521046162,0.00902583450078964,0.0157556030899286,0.0382124446332455,-0.00204473314806819,0.00518049020320177,0.0321321375668049,-0.00963130965828896,0.0317679904401302,0.0150717701762915,0.00493523571640253,0.0235521886497736,0.0131921926513314
1569,-0.00598915992304683,0.0595999397337437,0.024737760424614,-0.00689672911539674,0.0588395223021507,0.0100875645875931,-0.00135574769228697,0.0166734047234058,0.0456164851784706,0.00421682605519891,0.00677131675183773,0.0349797531962395,-0.00579900527372956,0.0473598390817642,0.0172971617430449,0.00918043870478868,0.0259545128792524,0.0115166483446956
1571,-0.00160532281734049,0.0687289163470268,0.0260140243917704,-0.00331321498379111,0.0703050196170807,0.0159027893096209,-0.00361387594603002,0.0182310156524181,0.0468265898525715,0.00584778329357505,0.00592186860740185,0.0300553180277348,-0.00499284826219082,0.0536727495491505,0.0173611491918564,0.00825741700828075,0.0346092730760574,0.0123175634071231
1573,-0.00106099690310657,0.0885744318366051,0.0109962048009038,-0.0029438950587064,0.0795855298638344,0.0120480787009001,-0.00164495478384197,0.020367095246911,0.0457716807723045,0.00189155538100749,0.0130441607907414,0.0338667370378971,-0.00351685471832752,0.0552795976400375,0.0153476605191827,0.00307710422202945,0.0497137382626534,0.0147401383146644
1575,0.00237141014076769,0.0893128290772438,-0.00206435075961053,-0.000966248917393386,0.0884208455681801,0.00140845368150622,-0.00317170843482018,0.0295336842536926,0.048775240778923,0.00454817991703749,0.0198332760483027,0.0562112703919411,0.00314839161001146,0.0544308498501778,0.0174989178776741,-0.00804661121219397,0.0511196032166481,0.0107420608401299
1577,-0.00289675523526967,0.09893998503685,-0.00317043461836874,0.00828605052083731,0.095618449151516,0.00108281394932419,-0.0064082657918334,0.0346144512295723,0.0514642223715782,0.00837106350809336,0.0200176816433668,0.0768375843763351,0.00910370983183384,0.0493544638156891,0.0268272068351507,-0.00256319297477603,0.0488599874079227,0.00646861409768462
1579,-0.00445302436128259,0.115548439323902,-0.000418241048464552,0.0134385451674461,0.0894100368022919,0.00555160827934742,-0.00810874439775944,0.0309919584542513,0.059004433453083,0.00307511584833264,0.0177035070955753,0.0824441611766815,0.0111572975292802,0.0421432852745056,0.0374865792691708,0.00695451721549034,0.0428462736308575,0.00909808650612831
1581,0.00570073351264,0.107226245105267,-0.0019500715425238,0.0113284923136234,0.0781038403511047,0.00893545523285866,-0.00823476351797581,0.0308427270501852,0.0642085671424866,0.00197322317399085,0.0141039760783315,0.0819963067770004,0.0151108484715223,0.0436281301081181,0.0402909219264984,0.00864145904779434,0.0453236810863018,0.0156051274389029
1583,0.00568821234628558,0.0959578081965446,-0.00581732904538512,0.00660785427317023,0.069708488881588,0.00414034258574247,0.000529790762811899,0.0242505948990583,0.0607201047241688,0.00163660279940814,0.007037621922791,0.0766840055584908,0.011934376321733,0.0487321242690086,0.0390935987234116,0.00695174559950829,0.0536341965198517,0.0191278234124184
1585,-0.00172515457961708,0.0901731550693512,-0.00377810350619256,0.00459363963454962,0.0689797773957253,0.000610745686572045,0.00474954070523381,0.016217403113842,0.0600962191820145,-0.00308492407202721,0.00683517474681139,0.0720314905047417,0.00146604736801237,0.0534945279359818,0.0369716845452785,0.00243877456523478,0.0574307590723038,0.0184774808585644
1587,-0.00551655190065503,0.0832175761461258,-0.00524522922933102,-0.000239157379837707,0.0717655792832375,0.00737656280398369,0.00229708338156343,0.0128205493092537,0.0605954863131046,0.00406963611021638,0.0106840413063765,0.0678827986121178,-0.00766206439584494,0.0555175989866257,0.0341507308185101,0.000173528416780755,0.0589784532785416,0.00959653686732054
1589,-0.00589590426534414,0.0731535106897354,-0.0128554310649633,-0.00329891545698047,0.0701109617948532,0.00493428716436028,-0.00291767669841647,0.00942229945212603,0.0545374229550362,0.00907732825726271,0.0164855476468801,0.0643416792154312,-0.019881259649992,0.0565460398793221,0.0325252264738083,0.000605969107709825,0.0622120872139931,0.00279076118022203
1591,-0.0105466349050403,0.0675492510199547,-0.00549966236576438,-0.00232626008801162,0.0691651925444603,0.00193295150529593,-3.16508121613879E-05,0.00653569819405675,0.0516703240573406,0.00848936941474676,0.0175680294632912,0.0675411000847816,-0.0233536493033171,0.0598119311034679,0.032573264092207,0.000905021268408746,0.0663174912333488,0.00777652254328132
1593,-0.00978429429233074,0.0645543932914734,0.0035187613684684,-0.00153258244972676,0.0793522447347641,-0.000611636904068291,0.00677973637357354,0.00602638581767678,0.0547363311052322,0.00520410342141986,0.0213369335979223,0.0708073675632477,-0.0200807619839907,0.0605577081441879,0.033437006175518,3.89056040148716E-05,0.0675174742937088,0.0145373325794935
1595,-0.00577549077570438,0.0553721040487289,0.00088185555068776,0.00141009967774153,0.0865123942494392,0.00243887701071799,0.0118671841919422,0.00582537520676851,0.0576725900173187,0.00498000392690301,0.0291877184063196,0.0785873457789421,-0.0111227165907621,0.061376865953207,0.0370751805603504,-0.00103805400431156,0.0660960227251053,0.018922982737422
1597,-0.00129361567087471,0.0488162450492382,0.0020369621925056,0.0046310368925333,0.0911820977926254,0.00486069684848189,0.0129156596958637,0.00560851767659187,0.0550968311727047,0.00739479949697852,0.0346914157271385,0.0847789421677589,-0.00411400431767106,0.0629313439130783,0.0397384464740753,-0.00649889558553696,0.0666468739509583,0.0219184141606092
1599,0.00659586628898978,0.0518649332225323,0.00572196580469608,0.00965133588761091,0.0933846011757851,0.0117814056575298,0.00872066989541054,0.0129738096147776,0.0498438514769077,0.00619872799143195,0.0357797853648663,0.0886821523308754,-0.00449276203289628,0.0610082037746906,0.0360478684306145,0.000137981682200916,0.0650828629732132,0.0211095847189426
1601,0.00585675006732345,0.0607082694768906,0.00607912987470627,0.0139856915920973,0.100820392370224,0.0209921952337027,0.00651059672236443,0.0158519148826599,0.0482838340103626,0.002068807836622,0.0289278011769056,0.0997230261564255,0.00355269177816808,0.0583647675812244,0.0353247709572315,0.00732756126672029,0.0671291872859001,0.0203215405344963
1603,-0.00370918121188879,0.0620616972446442,0.00430984003469348,0.0106626879423857,0.0995470732450485,0.0263651888817549,0.00624690065160394,0.02041270211339,0.0505467057228088,0.00188484822865576,0.025015264749527,0.105533868074417,0.00875985622406006,0.0584374330937862,0.0404953397810459,0.00756718451157212,0.0704446882009506,0.0169755276292562
1605,-0.00406293850392103,0.0568343698978424,0.00280585791915655,0.00174360407982022,0.0883519127964973,0.0211402326822281,-0.00123126222752035,0.0264086965471506,0.0548591874539852,0.00275744241662323,0.0281097106635571,0.100039936602116,0.00990541186183691,0.0565952248871326,0.0522902645170689,0.00377059075981379,0.06992157548666,0.0120292836800218
1607,-0.00221646321006119,0.0604560635983944,0.00524899130687118,-0.00650679646059871,0.0757425352931023,0.0120637221261859,-0.0030679046176374,0.0270015075802803,0.0490517690777779,0.00526055181398988,0.0252813622355461,0.0797478184103966,0.00745920976623893,0.0608459822833538,0.0593574605882168,0.00283750565722585,0.0715691596269608,0.00696949381381273
1609,-0.00160602538380772,0.0583784282207489,0.00418192381039262,-0.00605181464925408,0.0727335065603256,0.0081323366612196,0.00386749859899282,0.0260623563081026,0.0407871603965759,0.00663282070308924,0.0187138635665178,0.0580484233796597,0.0128749804571271,0.0607778318226337,0.0589928217232227,0.00837696902453899,0.0767957642674446,0.00764978816732764
1611,0.00474083097651601,0.0506490021944046,-0.00179828703403473,0.00240536825731397,0.080972820520401,0.00955285504460335,0.0128522040322423,0.0152509659528732,0.0348559431731701,0.00733179086819291,0.00871403235942125,0.0527650527656078,0.0196634568274021,0.056850254535675,0.0556319206953049,0.0054289111867547,0.0836431607604027,0.0041509703733027
1613,0.0113235432654619,0.0472420491278172,-0.00826744828373194,0.0102973207831383,0.0843605250120163,0.00601777527481318,0.0139389894902706,0.00462681893259287,0.0315289758145809,0.00624337559565902,0.00557779893279076,0.0454621762037277,0.0170169118791819,0.0554436333477497,0.0485927388072014,0.000525753712281585,0.0845613777637482,-0.00482444651424885
1615,0.0148753877729177,0.0534667037427425,-0.000371735164662823,0.00961936265230179,0.0783105343580246,0.00087048503337428,0.00952283013612032,0.00437693111598492,0.0298708658665419,0.00230403384193778,0.0170757602900267,0.0421196520328522,0.00817286130040884,0.0564834848046303,0.0438317805528641,-0.00511122029274702,0.0813317820429802,0.0041453531011939
1617,0.0167550910264254,0.0618703849613667,-0.00291468854993582,0.000773491046857089,0.0627471730113029,-0.000147391183418222,0.00767266424372792,0.00162156426813453,0.0348361097276211,0.00164702802430838,0.02310442738235,0.0591045208275318,0.0100390296429396,0.0549889281392097,0.0432218760251999,-0.00473148608580232,0.077664352953434,0.00957733951508999
1619,0.011782088316977,0.0627299621701241,-0.00487281149253249,-0.00123476819135249,0.0595810450613499,0.00608899258077145,0.00274458318017423,-0.000438142858911306,0.0425012223422527,0.00333460560068488,0.0248088855296373,0.0761107504367828,0.0108388662338257,0.048197865486145,0.0431694872677326,-0.00656480668112636,0.0811414644122124,0.0049229790456593
1621,0.000463506730739027,0.0544216334819794,0.00972184631973505,0.00309322914108634,0.0644022524356842,0.0106797013431787,-0.00553012453019619,-0.00291783874854445,0.0488604195415974,0.00261114165186882,0.0293067991733551,0.087911419570446,0.00945578888058662,0.0363585650920868,0.039483580738306,-0.00993998441845179,0.0865800827741623,-0.00275322562083602
1623,-0.0105150323361158,0.0450742840766907,0.00634538335725665,0.00556393805891275,0.0709189549088478,0.00910391937941313,0.00135050795506686,0.00158770265989006,0.046891413629055,0.00266391085460782,0.0368925854563713,0.082390233874321,0.0110570816323161,0.0355513654649258,0.0420720614492893,-0.00482482509687543,0.0908626243472099,-0.00454995315521955
1625,0.000407521903980523,0.0441869720816612,-0.00297604082152247,0.00194666441529989,0.0661649033427238,0.00676949368789792,0.00478299334645271,0.00347155053168535,0.0507833436131477,0.00780119793489575,0.0397632159292698,0.0697978883981705,-0.00178164150565863,0.0448127947747707,0.0438411198556423,0.00281856395304203,0.0928960517048836,0.000413842964917421
1627,0.00778616778552532,0.0536767058074474,-0.00740272086113691,-0.00755287893116474,0.0642710104584694,0.00965793989598751,-0.000790978956501931,0.00211912882514298,0.0611787997186184,0.0128386905416846,0.042468436062336,0.0630856901407242,-0.00608812691643834,0.0576871335506439,0.0465556159615517,0.00960619561374187,0.0944520682096481,0.00399585999548435
1629,0.00983467698097229,0.0512267351150513,-0.01152572222054,-0.0153710106387734,0.0751470029354095,0.00512068765237927,0.0029565857257694,0.00324482400901616,0.0682085379958153,0.014072610065341,0.0513898432254791,0.063662625849247,0.00734760146588087,0.0669810920953751,0.0507320463657379,0.00780774373561144,0.0998798459768295,0.00175913306884468
1631,0.0117788594216108,0.0382262133061886,-0.00655762897804379,-0.0156747158616781,0.0790432542562485,-0.00233259983360767,0.00427827471867204,0.00583869451656938,0.0668222531676292,0.0102270832285285,0.0567496754229069,0.0662337020039558,0.0131194870918989,0.0778739601373672,0.0540758445858955,0.00453092763200402,0.102713093161583,0.000794718391261995
1633,0.0154242143034935,0.0177803579717875,0.000433818437159061,-0.0096193989738822,0.0835760980844498,-0.00218953029252589,0.00514481496065855,0.00825381558388472,0.0613659918308258,0.00445070629939437,0.0590060874819756,0.0632601082324982,0.0138726932927966,0.0906352773308754,0.0533693172037601,0.00871432851999998,0.105271302163601,0.00551845971494913
1635,0.00170300411991775,0.0136136803776026,-0.00254632346332073,-0.0072536407969892,0.0925420522689819,0.00203499407507479,0.00519482931122184,0.00914040300995111,0.0679108276963234,0.00649462267756462,0.0524542704224586,0.0705548152327538,0.00729339849203825,0.0943369567394257,0.0530188679695129,0.00663388939574361,0.109500728547573,0.012261020950973
1637,-0.000147929604281671,0.033040851354599,-0.0121580231934786,-0.00532695651054382,0.0995663926005363,0.00986982602626085,0.00232619000598788,0.00464420393109322,0.0827104821801186,0.0116859534755349,0.0435479879379272,0.0922750681638718,-0.00787140615284443,0.0982686728239059,0.0540897287428379,-0.00201110914349556,0.107947036623955,0.0155324330553412
1639,0.00332204299047589,0.0546084940433502,-0.0158465225249529,-0.000484207819681615,0.096210241317749,0.0127011882141232,0.00168347265571356,0.00399573752656579,0.0895161628723145,0.0094800079241395,0.0368151515722275,0.107719860970974,-0.0086144283413887,0.0936859250068665,0.0520126298069954,-0.00901506841182709,0.105170413851738,0.0144365644082427
1641,0.0117969838902354,0.0607357136905193,-0.0148530146107078,-0.000932789349462837,0.0858814939856529,0.0132272327318788,0.00655830092728138,0.00607882020995021,0.0858009532094002,0.0102944215759635,0.039100669324398,0.108392991125584,-0.00190123659558594,0.0845449417829514,0.0495654679834843,-0.0120224896818399,0.102046124637127,0.0113906282931566
1643,0.0198675729334354,0.0608290210366249,-0.012523396871984,-0.00675353966653347,0.0762508362531662,0.00978110730648041,0.00881486479192972,0.00338979670777917,0.0807297602295876,0.0115121621638536,0.0408448576927185,0.104764528572559,0.00408212002366781,0.0798992663621902,0.0433821976184845,-0.00417352234944701,0.0935769602656364,0.0107317911460996
1645,0.0118482271209359,0.0766990780830383,-0.00714452750980854,-0.0183582082390785,0.0678896903991699,0.00826511159539223,0.0124831451103091,-0.00132646958809346,0.0816033780574799,0.0123692145571113,0.0406601205468178,0.0909643992781639,-0.00594363268464804,0.0779287591576576,0.0287167672067881,0.00556383933871984,0.0853287875652313,0.00928347650915384
1647,-0.000653380760923028,0.0852518826723099,-0.0051603801548481,-0.0147496666759253,0.0600898414850235,0.00894772727042437,0.0111155761405826,0.00427363580092788,0.0891330614686012,0.00762153510004282,0.0371077805757523,0.072321742773056,-0.0156360995024443,0.0808393880724907,0.0167582035064697,0.00945908762514591,0.081786721944809,0.00852296035736799
1649,-0.00926471967250109,0.0742958188056946,-0.00862556230276823,-0.01409821677953,0.0441970564424992,0.0068481033667922,0.0115897823125124,0.00851418543606997,0.0879975482821465,0.0028105047531426,0.0190873984247446,0.0552647598087788,-0.0113368649035692,0.0778809785842896,0.0119063733145595,0.0128030749037862,0.0813675224781036,0.00786143913865089
1651,-0.0192494634538889,0.0442706942558289,-0.00918977987021208,-0.0178067199885845,0.0395839065313339,0.00407278537750244,0.0231392998248339,0.0101575665175915,0.0829093232750893,0.00308582047000527,0.00191811635158956,0.0369968749582767,-0.0114116678014398,0.0625888854265213,0.0167909059673548,0.00703554321080446,0.0758347809314728,0.00435864785686135
1653,-0.0157756097614765,0.0254041124135256,-0.00536878267303109,-0.0109011586755514,0.053096491843462,0.00551665434613824,0.0229059439152479,0.00734802056103945,0.0880718752741814,0.000377459771698341,0.00587575323879719,0.0323779061436653,-0.0141872828826308,0.0441859774291515,0.0185763649642467,-0.0112297227606177,0.0691883563995361,0.006628283765167
1655,-0.00606365641579032,0.0263569243252277,-0.00540202762931585,-0.00164632243104279,0.0721024498343468,0.0067343576811254,0.0123648187145591,0.00265087047591805,0.0962819159030914,0.000260337226791307,0.00768131297081709,0.0438009388744831,-0.00834099669009447,0.0377197898924351,0.0134694334119558,-0.0138363922014832,0.0649974718689919,0.0109311500564218
1657,-0.00495543191209435,0.0282523818314075,-0.00941721815615892,0.00214559584856033,0.0827386975288391,0.00501823937520385,0.00786124356091022,0.0042797033675015,0.100136779248714,0.00611561862751842,0.0124677885323763,0.0465445518493652,-0.00563217233866453,0.040106974542141,0.0249277707189322,-0.00140617194119841,0.0616443753242493,0.0200639571994543
1659,-0.00585055910050869,0.0268590226769447,-0.0104341795668006,0.00175267842132598,0.0934745594859123,0.00433426862582564,0.00705701904371381,0.00758672738447785,0.1016626060009,0.00878337398171425,0.0198181979358196,0.0391630753874779,-0.000448509410489351,0.0462622605264187,0.0305484067648649,-0.00453216303139925,0.0593510009348392,0.0246779955923557
1661,-0.00776934903115034,0.0307626482099295,-0.00994299724698067,0.00600430648773909,0.101693287491798,0.0102649079635739,0.007881716825068,0.00876354146748781,0.1043406650424,0.00933717470616102,0.0234600678086281,0.0418986864387989,0.00653999717906117,0.0540202260017395,0.037375595420599,-0.00971198454499245,0.0643588155508041,0.020088616758585
1663,-0.00341749284416437,0.0374851450324059,-0.012383840046823,0.00908427685499191,0.101772986352444,0.0216586049646139,0.00415561953559518,0.00910788029432297,0.108194977045059,0.00895206443965435,0.0286260321736336,0.0513365045189857,0.00946969911456108,0.0593572966754436,0.0379618704319,-0.0107643930241466,0.0657664686441422,0.0127865495160222
1665,-0.00132184592075646,0.0330377705395222,-0.0145694576203823,0.00487685948610306,0.0949330180883408,0.0283036548644304,-0.00642960239201784,0.0110218673944473,0.110953383147717,0.00947740953415632,0.0325501784682274,0.0531454160809517,0.0125064458698034,0.059908714145422,0.0324602872133255,-0.00970689859241247,0.0628917217254639,0.00557177886366844
1667,0.000877377460710704,0.0250979401171207,-0.00869338866323233,-0.00332797924056649,0.0877370312809944,0.0314926393330097,-0.0121086090803146,0.0113744670525193,0.105998814105988,0.00847369432449341,0.0343572273850441,0.0515685901045799,0.0172227807343006,0.0560539998114109,0.0296560749411583,-0.0137140210717916,0.0581575259566307,0.00264983833767474
1669,0.00101636257022619,0.0206703953444958,0.00432111229747534,-0.00760996248573065,0.078466422855854,0.0294333584606647,-0.0114158317446709,0.0150880170986056,0.101275384426117,0.00442094355821609,0.040588665753603,0.0576922036707401,0.0147679364308715,0.0429323203861713,0.0395598597824574,-0.0146722588688135,0.0540177226066589,0.00591242732480168
1671,-0.000987170846201479,0.0215125288814306,0.00655923457816243,-0.0089789479970932,0.0666097104549408,0.0186418555676937,-0.002822520211339,0.0139821069315076,0.100031085312366,0.00138171936850995,0.0467615574598312,0.0673733577132225,0.00247474643401802,0.0295800380408764,0.0487435758113861,-0.00374293862842023,0.0521156303584576,0.00909735914319754
1673,-0.0072630331851542,0.0264632534235716,0.000191408005775884,-0.0126876160502434,0.0560393482446671,0.00755842216312885,-0.00186871329788119,0.010046754963696,0.0965000614523888,0.00136613589711487,0.0448980890214443,0.0749849453568459,-0.00239434628747404,0.0338800773024559,0.0447283312678337,0.00403321860358119,0.0508580021560192,0.0106013426557183
1675,-0.000532314705196768,0.0301519799977541,-0.004511842969805,-0.014044338837266,0.0630328431725502,-5.83049859415041E-06,-0.00390550447627902,0.0124650401994586,0.0931604281067848,-0.000618294521700591,0.041265182197094,0.0755825713276863,0.00900966394692659,0.0472708307206631,0.030384061858058,0.00329088792204857,0.0476059578359127,0.014309911057353
1677,-0.000185304699698463,0.0394552163779736,-0.00422419793903828,-0.0096704326570034,0.0769635587930679,-0.00569685595110059,-0.00649873213842511,0.00939860288053751,0.0915888473391533,-0.00111046445090324,0.038200631737709,0.0778248310089111,0.0116772586479783,0.0557347275316715,0.0193345844745636,-0.00287858140654862,0.0471278540790081,0.0191347859799862
1679,0.00444040820002556,0.0433495119214058,-0.00945527292788029,-0.012461150996387,0.0847985148429871,-0.00899576954543591,-0.00495139835402369,0.00422681961208582,0.0914086923003197,0.00241294526495039,0.0352736189961433,0.0854604095220566,0.019188154488802,0.0541094169020653,0.0141155421733856,-0.00377907673828304,0.0447917096316814,0.0148456608876586
1681,0.0155017096549273,0.0386817827820778,-0.0109696909785271,-0.0169616509228945,0.0854911506175995,-0.00871625728905201,0.00223850575275719,-0.000152400229126215,0.0916263684630394,0.00805619265884161,0.0333600752055645,0.087138943374157,0.0236132014542818,0.0416171289980412,0.00662032049149275,-0.0102312536910176,0.0406208038330078,0.00725488178431988
1683,0.0199759975075722,0.0398668125271797,-0.00183178135193884,-0.0190172493457794,0.088927298784256,-0.000252024678047746,0.00461694598197937,-0.00242986949160695,0.0994434505701065,0.0145300766453147,0.0372931249439716,0.0831255614757538,0.0171625204384327,0.0344320647418499,0.00158420775551349,-0.00935287214815617,0.0436179526150227,0.00590528268367052
1685,0.0132750328630209,0.0474044755101204,0.00669902609661222,-0.00952479895204306,0.0956962034106255,0.00519825238734484,0.000149259023601189,0.000791058759205043,0.106846287846565,0.0129477959126234,0.0351967476308346,0.0788271948695183,0.0180153846740723,0.0396280065178871,0.0112091340124607,-0.00583126489073038,0.0451784916222095,0.00541438907384872
1687,0.00521957641467452,0.0446263253688812,0.00948538538068533,-0.00276623223908246,0.0947906449437141,0.00892900209873915,-0.00682721054181457,0.00636102491989732,0.103670857846737,0.0116579253226519,0.0250749867409468,0.0746812224388123,0.0163831636309624,0.0494090132415295,0.0249305255711079,-0.00391657836735249,0.0438432730734348,0.00403527356684208
1689,-0.00145580910611898,0.0411344058811665,0.0087019195780158,-0.0021789981983602,0.0897418186068535,0.0167305450886488,-0.0074925827793777,0.00978547614067793,0.0937310308218002,0.0122950589284301,0.0205791220068932,0.0672804936766624,0.0127525124698877,0.0518285520374775,0.0311608631163836,-0.00514650670811534,0.0430006422102451,0.00275401747785509
1691,-0.00414283759891987,0.0363879948854446,-0.00206106971018016,-0.0076128076761961,0.0888474807143211,0.0210635960102081,-0.00833716057240963,0.0165711361914873,0.0875843912363052,0.0100708687677979,0.0205602310597897,0.0638747289776802,0.0098519753664732,0.0548001304268837,0.0353984050452709,-0.000506790413055569,0.0405493751168251,0.00844980403780937
1693,-0.0057700052857399,0.0373942889273167,-0.00729735195636749,-0.0123515343293548,0.0914789810776711,0.0227149948477745,-0.00776153430342674,0.0286572370678186,0.0893086940050125,0.00408171489834785,0.0128227667883039,0.0609247013926506,0.0079675717279315,0.0548155605792999,0.0374955050647259,0.00324684684164822,0.0411287844181061,0.0130368769168854
1695,-0.0138737363740802,0.0374035872519016,-0.0100092310458422,-0.0192612893879414,0.091494232416153,0.0235081147402525,-0.00506907003000379,0.0358560532331467,0.0863526165485382,-0.00123572163283825,0.00818824395537376,0.0556007511913776,0.0123289059847593,0.0493963435292244,0.0370695628225803,0.00394687429070473,0.0492915213108063,0.00958456192165613
1697,-0.015656266361475,0.0323979742825031,7.50366598367691E-05,-0.0245310757309198,0.0801352858543396,0.0176714416593313,-0.00393360340967774,0.0407713800668716,0.0726136788725853,6.43480743747205E-05,0.00544893415644765,0.0532206036150455,0.0128609808161855,0.041352991014719,0.0328015796840191,0.000730921630747616,0.0621147975325584,0.00508388038724661
1699,-0.00530182011425495,0.03194934502244,0.00804558675736189,-0.0149637861177325,0.0776924341917038,0.00397969735786319,-0.00310022383928299,0.0411030352115631,0.0561137869954109,0.00328764785081148,0.012393613345921,0.0526950359344482,0.00953324418514967,0.0381554774940014,0.0415784120559692,-0.0115753440186381,0.0673680007457733,0.0025589163415134
1701,-0.00562557345256209,0.0293410178273916,-0.00282464316114783,-0.0075590661726892,0.0782558172941208,-0.000254610815318301,-0.0110818659886718,0.0401293374598026,0.0437849499285221,0.00488131772726774,0.0329021774232388,0.0483216904103756,0.00463608466088772,0.0517624653875828,0.0527482479810715,-0.011281693354249,0.0623271949589252,0.00812525954097509
1703,-0.00823185965418816,0.0182004831731319,-0.00450100330635905,-0.00288946321234107,0.0852977782487869,0.00217806035652757,-0.00906436890363693,0.0392704866826534,0.0471337921917439,0.00665043573826551,0.0501483306288719,0.0497222617268562,-0.0052096457220614,0.0683709383010864,0.0592677108943462,-0.0060551050119102,0.064057745039463,0.0166743528097868
1705,-0.00389865413308144,0.0275481138378382,0.00130899134092033,-0.00447156792506576,0.0943353921175003,-0.00308095407672226,-0.0016056199092418,0.0307732149958611,0.0576050914824009,0.0121374223381281,0.0570713020861149,0.0646807178854942,-0.00895553268492222,0.0754006281495094,0.0603267326951027,0.0022755351383239,0.0659617856144905,0.021542040631175
1707,-0.00606833305209875,0.0411307811737061,-0.0001230130874319,-0.0106425546109676,0.106365174055099,0.0011212476529181,0.00143921666312963,0.0178713407367468,0.0696936547756195,0.0121029727160931,0.0500924251973629,0.079299621284008,-0.00670514721423388,0.0809717699885368,0.0586961843073368,0.00312117603607476,0.0616074576973915,0.0200234577059746
1709,-0.00795244518667459,0.0465740039944649,-0.00170935958158225,-0.0124704735353589,0.124284639954567,0.00873083248734474,0.00379251805134118,0.00847931671887636,0.0769404396414757,0.00722431344911456,0.0415609031915665,0.0876794382929802,-0.0155129656195641,0.0826954394578934,0.064228244125843,-0.00278177275322378,0.0609516464173794,0.0170722715556622
1711,-0.000168546015629545,0.0573067590594292,0.00860398355871439,-0.0128972437232733,0.136215046048164,0.0101933339610696,0.00330410152673721,0.00291333580389619,0.0795053988695145,0.00576287414878607,0.0333399549126625,0.0924606621265411,-0.0070219780318439,0.0828328505158424,0.0654498487710953,-0.00584336649626493,0.0646431669592857,0.0153791140764952
1713,0.000183470503543504,0.0570678971707821,0.00839887838810682,-0.0133830495178699,0.136237964034081,0.00896203704178333,0.00237414124421775,0.00202429760247469,0.0734424516558647,0.00516641791909933,0.0303020440042019,0.0921663492918015,-0.00244572339579463,0.0820857360959053,0.0639805719256401,-0.00237755756825209,0.0682332888245583,0.014968853443861
1715,-0.00677636172622442,0.0388668067753315,0.00737572135403752,-0.0146408742293715,0.136839613318443,0.00808760244399309,0.00443657208234072,0.0039963130839169,0.058298796415329,0.00533448392525315,0.0413416400551796,0.0868652388453484,0.0021157250739634,0.0812464877963066,0.061719186604023,0.00190765666775405,0.066605381667614,0.0122473854571581
1717,-0.0108941523358226,0.0493838451802731,0.00611597578972578,-0.013905649073422,0.139650270342827,0.00891130976378918,0.00867471843957901,0.00737514765933156,0.057426854968071,0.00574964145198464,0.0528602339327335,0.0893573388457298,0.0160766560584307,0.0810396447777748,0.0612646378576756,0.00698831491172314,0.0631581097841263,0.0128965573385358
1719,-0.0110946604982018,0.0776443481445313,0.00426884414628148,-0.0133491512387991,0.134598448872566,0.0135828852653503,0.0164775662124157,0.0153845520690084,0.065263569355011,9.27350447454955E-06,0.059252355247736,0.0955440774559975,0.019812474027276,0.0906043276190758,0.0558739639818668,0.00895339902490377,0.066645048558712,0.0168896447867155
1721,-0.000940736033953726,0.096607968211174,7.27545921108685E-05,-0.00415519764646888,0.137649074196815,0.0148782832548022,0.0151296220719814,0.0282700322568417,0.0724915564060211,0.00357612385414541,0.0569173842668533,0.111578270792961,0.0194874908775091,0.101055465638638,0.0468086749315262,0.00280461902730167,0.0751388445496559,0.018068753182888
1723,0.00457102619111538,0.0961472988128662,-0.0054797912016511,0.00575247500091791,0.147076040506363,0.0181580111384392,0.0119102941825986,0.0316293053328991,0.0747315213084221,0.00793434027582407,0.053213432431221,0.129733577370644,0.0210184752941132,0.105718083679676,0.0538701042532921,-0.000447934347903356,0.0846256092190742,0.0270959064364433
1725,1.15506354632089E-05,0.0824917778372765,-0.00422271387651563,0.0129192061722279,0.148341476917267,0.0255392845720053,0.00990731455385685,0.0296925902366638,0.0690751671791077,0.00487453723326325,0.0498594157397747,0.132079422473907,0.0217484589666128,0.108366936445236,0.0663952454924583,0.00184958660975099,0.0927246138453484,0.034711979329586
1727,-0.00104268768336624,0.0708145797252655,-0.00214863778091967,0.0122336624190211,0.142747431993484,0.030518651008606,0.00969561841338873,0.0225489865988493,0.0632871091365814,0.00428652064874768,0.0513162203133106,0.124905116856098,0.0180822797119617,0.109101951122284,0.0712069720029831,0.00157766707707196,0.0980397090315819,0.0380138047039509
1729,0.00295467441901565,0.0689119398593903,-0.00259157991968095,0.00110557896550745,0.136897668242455,0.0217841044068336,0.0128404581919312,0.0122606260702014,0.0615472905337811,0.00470182858407497,0.0530400350689888,0.118770591914654,0.0207679066807032,0.107651345431805,0.0715442597866058,-0.00255346670746803,0.0926229804754257,0.0349808856844902
1731,0.00467894785106182,0.0608954355120659,0.00532319396734238,-0.0148201789706945,0.135489836335182,0.00559980096295476,0.0182125028222799,0.00657091150060296,0.0537869445979595,0.00909958034753799,0.0490407533943653,0.109547451138496,0.0280598197132349,0.107207983732224,0.0696883872151375,-0.00474294647574425,0.0902037769556046,0.02058338932693
1733,0.00546494079753757,0.0534983836114407,0.0098395524546504,-0.0152286877855659,0.133019372820854,-0.000941490870900452,0.0375098548829556,0.00496843457221985,0.0488575585186481,0.0134470397606492,0.0544274710118771,0.102384783327579,0.03316380828619,0.1107187718153,0.0647566467523575,-0.000362630729796365,0.0997849181294441,0.00411243736743927
1735,0.0105976909399033,0.0590134225785732,0.0181996747851372,-0.0141146406531334,0.132412746548653,-0.00138431566301733,0.0430057011544704,0.00131718220654875,0.0506984330713749,0.0197813771665096,0.0632864832878113,0.106637693941593,0.0309537723660469,0.110242031514645,0.0652590095996857,-0.00249593332409859,0.104034259915352,-0.00212856545113027
1737,0.00906931422650814,0.0792743340134621,0.0254675634205341,-0.0174561161547899,0.140743285417557,0.00285114487633109,0.0403991565108299,-0.0015383914578706,0.0550279915332794,0.0196376703679562,0.0612959638237953,0.104676097631454,0.0179986339062452,0.10779931396246,0.0681652724742889,0.00418025953695178,0.100463405251503,-0.00764856953173876
1739,0.00444535911083221,0.0993077456951141,0.0242587588727474,-0.0134616391733289,0.149509981274605,0.0107625536620617,0.0352296568453312,0.00226290943101048,0.0533631034195423,0.0154451774433255,0.0594989508390427,0.094583198428154,0.0115694496780634,0.104383625090122,0.0676567777991295,0.00474176043644547,0.102620713412762,-0.00577739346772432
1741,-0.00188415113370866,0.105999507009983,0.0106134014204144,-0.0163836367428303,0.157703280448914,0.0191490184515715,0.0282265786081553,0.00909349694848061,0.0576035305857658,0.0032623924780637,0.0610537268221378,0.100469723343849,0.00621528504416347,0.107778131961823,0.0645154491066933,-0.00426255166530609,0.0961278229951859,0.00433180248364806
1743,0.00770220858976245,0.0911234021186829,-0.00163485074881464,-0.0127485692501068,0.162456572055817,0.025812016800046,0.0241216570138931,0.00845352001488209,0.0650874897837639,-0.00801627989858389,0.0578108429908752,0.108944401144981,0.0110313994809985,0.10972698032856,0.0684560835361481,-0.00645663309842348,0.0835144519805908,0.0151180410757661
1745,0.0134356822818518,0.0797896459698677,0.0018073336686939,-7.34951318008825E-05,0.154540926218033,0.0249311327934265,0.0120519772171974,0.00598256848752499,0.0703566297888756,-0.00618908274918795,0.0479047931730747,0.107271760702133,0.0245235469192266,0.101367309689522,0.0664146542549133,-0.0061440272256732,0.0715850740671158,0.0201967060565948
1747,0.00376686383970082,0.0880141407251358,-0.008048165589571,0.00655095698311925,0.127753630280495,0.0171453580260277,-0.00167901034001261,0.00068737956462428,0.0650690943002701,0.00419452600181103,0.0402826815843582,0.0984284952282906,0.0368286445736885,0.0953704491257668,0.0487700551748276,-4.47213642473798E-05,0.0678984299302101,0.023661483079195
1749,0.0003102257323917,0.0977093875408173,-0.00644167233258486,0.0102739138528705,0.100053727626801,0.00889453757554293,-0.00571186561137438,-0.00487363338470459,0.0556939169764519,0.00924604665488005,0.0356122143566608,0.0843073353171349,0.0273822546005249,0.0868612006306648,0.0261110048741102,0.0137847186997533,0.0661522895097733,0.019502067938447
1751,0.00343087571673095,0.0851501077413559,0.0106540881097317,0.00424450822174549,0.0980881825089455,0.00852381717413664,0.00379205029457808,-0.00465245544910431,0.0486999042332172,0.00618906551972032,0.0363515056669712,0.0886267200112343,0.00839455239474773,0.0732868835330009,0.0187760684639215,0.015753336250782,0.0591207481920719,0.0164885278791189
1753,0.00330942240543664,0.0446089953184128,0.0143956821411848,-0.00798698980361223,0.0859820246696472,0.0229848604649305,0.018381679430604,-0.00882967934012413,0.0337134525179863,0.000624034204520285,0.0308674573898315,0.0973696336150169,-0.00140726566314697,0.0610762909054756,0.021866574883461,0.0100657120347023,0.0422467105090618,0.0165203772485256
1755,-0.000480143644381315,0.0254315696656704,0.0120200701057911,-0.0111209582537413,0.064645953476429,0.0264945384114981,0.0273904167115688,-0.00707891304045916,0.0177284479141235,0.00317514594644308,0.0286823231726885,0.0943426340818405,0.00382457626983523,0.0526063777506351,0.0272671096026897,0.00674601783975959,0.0287485737353563,0.0121107697486877
1757,-0.000578546314500272,0.0350414700806141,-0.00756448274478316,0.00235766661353409,0.0515149123966694,0.0208573993295431,0.0260743163526058,0.00329856132157147,0.00543877901509404,0.00570043083280325,0.0185993760824203,0.0811201930046082,-0.00909495167434216,0.0464469864964485,0.0261136069893837,0.0128798866644502,0.0206857994198799,0.000274788588285446
1759,-0.00341021409258246,0.0499385520815849,-0.0110358623787761,0.0107688112184405,0.0462353602051735,0.0131994839757681,0.0171641260385513,0.00166945834644139,-0.00456233276054263,0.0101024396717548,0.0116593604907393,0.0634764283895493,-0.0146326785907149,0.0336601734161377,0.0261553544551134,0.0174433123320341,0.0150190778076649,-0.00838878098875284
1761,-0.0122151467949152,0.0398755818605423,0.00439818575978279,0.00791984144598246,0.0515168346464634,0.00597615772858262,0.00307764252647758,-0.00600119587033987,-0.00722695421427488,0.013266809284687,0.00868906173855066,0.0583523511886597,-0.00217509432695806,0.0191664975136518,0.0308315623551607,0.0124919749796391,0.00381114170886576,0.0035092041362077
1763,-0.0257902760058641,0.040148813277483,0.00812439527362585,-0.0050776107236743,0.05637177079916,0.0105790365487337,-0.00362554308958352,-0.00882980320602655,-0.00260755070485175,0.0168851260095835,-1.32035465867375E-05,0.0658500194549561,0.000762438110541552,0.0185634568333626,0.0179142002016306,0.0123489964753389,-0.0133704403415322,0.00955304130911827
1765,-0.0328157618641853,0.0444253943860531,-0.0144930658861995,-0.0130957625806332,0.0509666278958321,0.0203195624053478,-0.00194103387184441,0.000352562958141789,-0.0024362332187593,0.0146711599081755,0.0051849540323019,0.0632160753011703,-0.000917597790248692,0.0270437635481358,0.0104635376483202,0.0162663627415895,-0.0160079039633274,0.00310709956102073
1767,-0.0357239916920662,0.0635491758584976,-0.0187760703265667,-0.00349323684349656,0.0608886331319809,0.0338774882256985,-0.00690015871077776,0.0181060712784529,-0.0164220128208399,0.00759102497249842,0.0186352357268333,0.0355956964194775,0.00310322921723127,0.0256936103105545,0.00476284604519606,0.0117192734032869,-0.000855374499224126,0.00927543640136719
1769,-0.0371298603713512,0.0657092481851578,-0.00288983713835478,-0.00461602909490466,0.0703927874565125,0.0430775210261345,-0.0144192818552256,0.0281679965555668,-0.0180069450289011,-0.0013344258768484,0.0237902794033289,0.00953727215528488,0.00268859253264964,0.0274130497127771,0.00812943186610937,-0.0027328715659678,0.00919493194669485,0.00901230610907078
1771,-0.0068585267290473,0.0482497811317444,-0.0175310652703047,-0.0075223627500236,0.0822219178080559,0.0394636243581772,-0.0115760238841176,0.0265096891671419,0.0159444510936737,-0.00836763065308332,0.0161882266402245,-0.0100348182022572,0.00411609560251236,0.0293825995177031,0.00904111191630363,-0.0193877574056387,0.00806224811822176,-0.0047560790553689
1773,0.00343842874281108,0.0232041832059622,-0.0276677291840315,-0.0151960765942931,0.0834806710481644,0.0312315188348293,-0.00398584781214595,0.0130116948857903,0.0381798036396503,-0.0151599980890751,0.0017785201780498,-0.0164067186415195,-0.00238534901291132,0.019909456372261,0.00475448742508888,-0.00843670405447483,0.00705996109172702,-0.00725657260045409
1775,-0.0102956471964717,0.00823702570050955,-0.0125840771943331,-0.0161724723875523,0.0618459843099117,0.0221245549619198,0.00779151823371649,0.0108314212411642,0.0249983109533787,-0.0127814142033458,0.0159450359642506,0.00456218561157584,-0.00400598952546716,0.0114174671471119,0.0133628202602267,-0.00565466238185763,0.0115387681871653,-0.00864251609891653
1777,-0.0115484287962317,-0.00926653016358614,0.00571918999776244,-0.00456067454069853,0.0383949466049671,0.0175569206476212,0.00628404458984733,0.0116769373416901,0.0195531062781811,-0.0107510695233941,0.023008681833744,0.0311528034508228,0.00834149587899446,0.00635255128145218,0.0286833774298429,-0.00852538738399744,0.0144808189943433,-0.0230007600039244
1779,-0.0113130426034331,-0.0167438630014658,0.00698036886751652,0.01413385104388,0.0296254027634859,0.0204725861549377,0.00780861265957355,0.0198739506304264,0.0153514631092548,-0.006384854670614,0.02656464651227,0.0246955715119839,0.0132011882960796,-0.00267338054254651,0.0396428219974041,0.00315549527294934,0.0017806034302339,-0.0140891131013632
1781,-0.01661491766572,-0.00293174386024475,-0.020814435556531,0.0142636997625232,0.0040645794942975,0.00656035309657454,0.00800656527280807,0.0108219450339675,0.0185250714421272,0.00126145198009908,-0.0021272290032357,0.0157555863261223,0.00380112929269671,-0.010425659827888,0.0356129854917526,0.0131421340629458,-0.023895587772131,0.0148565527051687
1783,-0.0174826197326183,0.0106991641223431,-0.049379900097847,-0.0125149628147483,-0.0112838540226221,-0.00680207973346114,0.010138944722712,-0.000818188476841897,0.0356332808732986,0.00443279417231679,-0.0334398485720158,0.0217213872820139,-0.000425747770350426,-0.0138274012133479,0.0196876227855682,0.0123142600059509,-0.0155385676771402,0.0346615165472031
1785,-0.0120103377848864,0.0435876809060574,-0.0335051454603672,-0.0267622992396355,-0.00539530720561743,-0.0116185713559389,0.019139027222991,-0.00327723147347569,0.0353091098368168,-0.00137145887129009,-0.0420463606715202,0.0188692975789309,0.000107446590845939,-0.0165987778455019,0.0163705740123987,0.00434313621371984,-0.000357008364517242,0.0439541637897491
1787,-0.0259602721780539,0.0443843305110931,-0.0223120134323835,-0.0347863547503948,0.0115816434845328,-0.0100070675835013,0.0238694828003645,0.00327959703281522,0.0254339128732681,-0.00423752423375845,-0.0254338495433331,0.0199005845934153,0.00571076292544603,-0.0130242919549346,0.0111394682899117,0.0167942550033331,-0.000142052391311154,0.0330950878560543
1789,-0.0268936194479465,0.0200348533689976,-0.0309399757534266,-0.0294043701142073,0.0100541803985834,0.000748831022065133,0.00679294858127832,0.00751353008672595,0.0113537479192019,0.00315944291651249,0.0192651990801096,0.0244140159338713,-0.00366803491488099,-0.00873294565826654,0.00329218036495149,0.00576886627823114,-0.0171447265893221,0.0309605877846479
1791,-0.0169390700757504,0.0253800470381975,-0.0469133630394936,-0.0251134801656008,-0.0020850570872426,0.0248401872813702,-0.0180307738482952,-0.00331319845281541,0.009266990236938,0.00779012124985456,0.0514414347708225,0.00847766362130642,-0.0191836766898632,-0.00255833636038005,-0.00258635287173092,-0.0229238756000996,-0.0325676985085011,0.0208630207926035
1793,-0.00215487065725029,0.0279927719384432,-0.0220661945641041,-0.0204666219651699,0.00858607236295938,0.0175354313105345,-0.0106214629486203,-0.0194007903337479,0.00793302524834871,0.00781718734651804,0.0487014800310135,-0.0082055451348424,-0.0509876720607281,0.0181758534163237,0.00168846442829818,-0.0152949318289757,-0.0418625622987747,-0.00110161711927503
1795,-0.018034391105175,0.0234099384397268,0.00631585670635104,-0.00623562280088663,0.0224554296582937,0.0223933048546314,-0.0149264801293612,-0.0204752516001463,0.00429010670632124,0.00503716664388776,0.0084563922137022,-0.0139210792258382,-0.0479281879961491,0.0131494645029306,0.00444605806842446,-0.00484378216788173,-0.0491655580699444,-0.0239674597978592
2685,-0.020113505423069,0.034343920648098,0.0163614843040705,0.00737410644069314,0.0176349058747292,0.0562602020800114,-0.00291317724622786,-0.022496422752738,0.029102373868227,0.00282124849036336,6.0726328229066E-05,-0.0309527590870857,-0.0591252036392689,0.0137008409947157,-0.00443349685519934,-0.0166866406798363,-0.0226491447538137,-0.00440567266196012
2687,-0.0246248282492161,0.0580687485635281,0.0381587333977222,0.0369048528373241,0.00717521365731955,0.129745468497276,0.0231535974889994,-0.0268820226192474,0.0829406678676605,-0.00198692223057151,-0.0181564055383205,-0.0679085105657578,-0.0834207832813263,0.0148972412571311,-0.0237005911767483,-0.042383573949337,0.0348868481814861,0.03804000467062
2689,-0.0418502241373062,0.14865642786026,0.121386468410492,0.149661108851433,-0.0327626764774323,0.410331755876541,0.122683480381966,-0.0436273701488972,0.288509607315063,-0.0203457828611135,-0.0877142548561096,-0.209015384316444,-0.176187753677368,0.0194653999060392,-0.0972674936056137,-0.140501320362091,0.254574567079544,0.200108900666237
2691,0.0991951823234558,0.298444211483002,0.0424877107143402,0.0695181712508202,-0.0670653283596039,0.423668146133423,0.0536339543759823,-0.0466008819639683,0.348071217536926,-0.0203300658613443,0.0610661655664444,-0.234227791428566,-0.0849957764148712,0.130133435130119,-0.0754378288984299,-0.140620231628418,0.359320014715195,-0.0405870787799358
2693,0.11177085340023,0.199613571166992,0.181396305561066,-0.0707292258739471,0.0331789180636406,0.428027302026749,-0.100240848958492,0.175599634647369,0.334955871105194,-0.0368447676301003,0.0603789091110229,-0.262696146965027,0.00452942261472344,0.150920569896698,-0.118098415434361,-0.15277773141861,0.27880448102951,-0.110039696097374
2695,0.0392102897167206,0.0373708382248878,0.198335394263268,-0.0888854265213013,0.228307470679283,0.419563770294189,-0.150388613343239,0.181979238986969,0.263007164001465,-0.0100664319470525,-0.120110422372818,-0.153081983327866,-0.00638484675437212,0.159296244382858,-0.0653097033500671,-0.141244173049927,0.0701013952493668,-0.0206137895584106
2697,0.0183325782418251,-0.125073671340942,0.0157923363149166,-0.114557676017284,0.373965471982956,0.358739405870438,-0.185326591134071,0.11855424195528,0.139727637171745,-0.0150824841111898,-0.0883655399084091,-0.0111454371362925,-0.0126456525176764,0.0620449706912041,0.0032748628873378,-0.0975540950894356,-0.0199837125837803,0.166375696659088
2699,0.0651970282196999,-0.20163968205452,-0.0604090951383114,-0.117138214409351,0.307867735624313,0.230102613568306,-0.121636807918549,0.145971536636353,-0.0315084531903267,-0.0525753758847713,0.0907749086618423,-0.0173026528209448,0.104492083191872,-0.098170205950737,-0.000182500487426296,-0.169612765312195,-0.0772923454642296,0.184541299939156
2701,-0.00277744978666306,-0.215230122208595,-0.0195548813790083,-0.108493477106094,0.228491336107254,0.0871835872530937,-0.0250173602253199,0.0876776427030563,-0.101085439324379,-0.066137321293354,0.187088817358017,-0.0700345486402512,0.0694719478487968,-0.0509881190955639,-0.00874753762036562,-0.110335871577263,-0.0842449441552162,0.123966865241528
2703,-0.0696672424674034,-0.149340778589249,-0.0403034724295139,-0.10961788892746,0.188840627670288,0.0246889255940914,-0.00295294588431716,-0.00318715418688953,-0.152136832475662,0.00191200920380652,0.20300367474556,-0.0456866696476936,-0.020089527592063,0.0657640397548676,0.0643129274249077,0.029875285923481,-0.0203908625990152,0.0805701091885567
2705,-0.0938316285610199,-0.0615891851484776,-0.0293294470757246,-0.145973697304726,0.0729877501726151,0.0357544645667076,-0.00677209440618753,0.00390526792034507,-0.0812641531229019,0.0326711162924767,0.11677373945713,0.0226107966154814,-0.0293618887662888,0.148072332143784,0.0366226136684418,0.0890144109725952,0.0512800849974155,0.0221020877361298
2707,-0.069443091750145,-0.125935107469559,-0.00312914396636188,-0.139311462640762,0.0659441947937012,0.0235603861510754,-0.0279730521142483,0.0142973037436604,0.0249121896922588,0.0453803092241287,0.0812919586896896,0.0542421638965607,0.0466173924505711,0.153198942542076,-0.0100441202521324,0.0710922256112099,0.0958979725837708,0.000707555736880749
2709,-0.0191739648580551,-0.13302019238472,0.0433644875884056,-0.0838873088359833,0.145853653550148,-0.00662458222359419,-0.0622242651879787,-0.0217118673026562,0.0838307216763496,0.00685500958934426,0.0449404530227184,0.124958351254463,0.0913949459791183,0.104464508593082,0.00590956769883633,0.0277833603322506,0.133854493498802,-0.0206884872168303
2711,0.033486720174551,-0.140730574727058,0.0725667923688889,-0.0451784953474998,0.211820811033249,-0.00743594951927662,-0.066836878657341,-0.0509026274085045,0.117670625448227,0.0047085965052247,0.00201050331816077,0.206714525818825,0.126313284039497,0.0797885060310364,0.0597460940480232,-0.010134813375771,0.116743877530098,-0.0433821156620979
2713,0.0340430848300457,-0.131882265210152,0.0538608208298683,-0.0558147579431534,0.230259120464325,0.00506814569234848,-0.0438308641314507,-0.0245177894830704,0.11101283878088,0.0117491921409965,0.00101954489946365,0.281611680984497,0.125004127621651,0.101186960935593,0.10460177063942,0.000920689082704484,0.0665746927261353,-0.0466368794441223
2715,0.0262378286570311,-0.075262613594532,0.0602175705134869,-0.0632754266262054,0.255918174982071,0.0038067891728133,-0.0311239995062351,-0.0313772596418858,0.0544069521129131,-0.00585497310385108,0.0317114442586899,0.25598132610321,0.101093947887421,0.124683417379856,0.101032674312592,0.0044062971137464,0.0194584280252457,-0.0239793490618467
2717,0.0594706386327744,0.00489920284599066,0.0180813688784838,-0.0450678057968616,0.218888521194458,0.0136142689734697,-0.036577582359314,-0.0280969049781561,0.076901413500309,-0.0101363509893417,0.0590423755347729,0.207118108868599,0.0701267570257187,0.157062038779259,0.0484103076159954,0.00878908392041922,0.00847448967397213,-0.0245921984314919
2719,0.0607977360486984,0.0230827368795872,-0.0500821024179459,-0.0368436016142368,0.16109611093998,0.0309831872582436,-0.0348708294332027,0.0061537935398519,0.0703370794653893,0.0127969579771161,0.0899887233972549,0.206347286701202,0.0344755202531815,0.169380486011505,-0.00655125407502055,0.0148914754390717,0.0508192963898182,-0.00456304103136063
2721,0.025296064093709,0.0327395647764206,-0.0386991240084171,-0.0384101718664169,0.149475961923599,0.0425905883312225,-0.0168917719274759,-0.0360234826803207,0.0399158298969269,0.0286557618528605,0.112615905702114,0.202640846371651,0.018100842833519,0.17224957048893,-0.0285113900899887,-0.00530535308644176,0.0684623420238495,0.00577195826917887
2723,0.0355628244578838,0.0315365642309189,-0.0453433580696583,-0.048757828772068,0.1510851085186,0.025599654763937,0.0146407699212432,-0.0471136793494225,0.0347940810024738,0.0277696382254362,0.103794731199741,0.181928813457489,-0.0100219380110502,0.167791172862053,-0.00318927480839193,-0.0144673837348819,0.0397329553961754,-0.000239070126553997
2725,0.0382843129336834,0.0706342458724976,-0.0530598126351833,-0.0442919991910458,0.166344448924065,0.0341541655361652,0.0302788764238358,-0.06688492000103,0.026902599260211,0.00477414345368743,0.103913128376007,0.164100334048271,-0.0269209761172533,0.136836379766464,0.0375473164021969,-0.0292589534074068,0.0174791850149632,0.00161324848886579
2727,0.022214412689209,0.149301454424858,-0.0268725585192442,-0.0432076640427113,0.18338942527771,0.0575817078351974,0.0302729122340679,-0.0459394417703152,0.0429893285036087,-0.0146677605807781,0.0824387222528458,0.174802094697952,-0.0188937596976757,0.102205947041512,0.0783006399869919,-0.0441594496369362,0.0128146167844534,0.029052447527647
2729,0.0214454904198647,0.170617744326591,-0.0173569433391094,-0.044757291674614,0.210531979799271,0.062594048678875,0.0294744651764631,-0.0179673302918673,0.0467254742980003,-0.0203550979495049,0.0631794109940529,0.179763525724411,0.0170479081571102,0.0945163369178772,0.0808727741241455,-0.0468245707452297,0.0386200249195099,0.0643797293305397
2731,0.0160288531333208,0.15313857793808,0.0218346267938614,-0.040232740342617,0.231156036257744,0.0257837623357773,0.00626339297741652,-0.0167037360370159,0.0606580264866352,-0.00806936901062727,0.0771807730197906,0.177654281258583,0.0391264371573925,0.118456743657589,0.0507468394935131,-0.0460220091044903,0.0605939626693726,0.0787579566240311
2733,0.0161517634987831,0.136338800191879,0.0449376553297043,-0.0344863645732403,0.240135133266449,-0.00199305871501565,0.0161756258457899,-0.00513893598690629,0.0874674692749977,-0.00831197947263718,0.0851052105426788,0.219356000423431,0.0415795631706715,0.132147446274757,0.0204454176127911,-0.0196722820401192,0.0452152341604233,0.0784854665398598
2735,0.0098846759647131,0.136167630553246,0.0611179955303669,-0.041697695851326,0.244477301836014,-0.00634403247386217,0.0267173033207655,0.00529096089303493,0.0958057716488838,-0.0158106852322817,0.0849649235606194,0.271267086267471,0.0227489285171032,0.119355738162994,0.032622005790472,0.00331734330393374,0.016901109367609,0.0830111801624298
2737,0.0149462157860398,0.137260630726814,0.0462383478879929,-0.0444208830595016,0.243349745869637,0.00807388219982386,0.0151788014918566,0.00178473384585232,0.102167330682278,-0.00242975167930126,0.0846552476286888,0.311169058084488,-0.0164724308997393,0.117248266935349,0.0650481805205345,-0.00311362277716398,0.0422649532556534,0.0821489542722702
2739,0.0140783814713359,0.182430893182755,0.0373217798769474,-0.0229303706437349,0.264643937349319,0.0336732566356659,0.00540640903636813,-0.00770969362929463,0.105656564235687,0.0140092885121703,0.0731129050254822,0.315673530101776,-0.0653047114610672,0.126441150903702,0.0604445897042751,-0.0177328269928694,0.0569051951169968,0.0696827694773674
2741,-0.00105399161111563,0.224766224622726,0.0428638458251953,-0.00186195597052574,0.284819275140762,0.0563161596655846,0.0010453196009621,-0.00748217850923538,0.11876554787159,0.0147358058020473,0.0509624630212784,0.298637568950653,-0.0483090318739414,0.141737654805183,0.0508402027189732,-0.0147946085780859,0.0506017357110977,0.0671205446124077
2743,-0.0132184913381934,0.239528849720955,0.0478981398046017,0.00338963745161891,0.302041471004486,0.0753624960780144,-0.00912981294095516,-0.0135433105751872,0.118863746523857,0.0108426436781883,0.042782336473465,0.284740805625916,-0.00933636166155338,0.15880911052227,0.0471261776983738,0.00845393259078264,0.047974519431591,0.0790602415800095
2745,-0.0185541678220034,0.217648968100548,0.0509467646479607,-0.00870655477046967,0.310355752706528,0.0762978196144104,-0.0175323709845543,-0.0211894754320383,0.109619483351707,0.00592602370306849,0.0598277263343334,0.288188815116882,0.0076570175588131,0.166330724954605,0.048902615904808,0.0223061889410019,0.0524883642792702,0.0781675577163696
2747,-0.0260048862546682,0.196004793047905,0.0619969740509987,-0.0218000672757626,0.29938068985939,0.0633365362882614,-0.0206947289407253,-0.0069975582882762,0.111318536102772,-0.00498082349076867,0.0781354233622551,0.27820360660553,-0.00248322286643088,0.17430305480957,0.066385880112648,0.0169890690594912,0.0527385286986828,0.0713638216257095
2749,-0.0374488420784473,0.195078477263451,0.0547182336449623,-0.0263405535370111,0.292791873216629,0.0422541312873363,-0.0201064832508564,0.0162829346954823,0.104587838053703,1.15444418042898E-05,0.0809053033590317,0.253692537546158,-0.0242285206913948,0.167323097586632,0.0889130458235741,0.00917799025774002,0.0395864918828011,0.0572798922657967
2751,-0.0231650769710541,0.188378363847733,0.069642998278141,-0.0138154225423932,0.284980624914169,0.0296223014593124,-0.0179909095168114,0.0212148632854223,0.106798812747002,0.0166878998279572,0.0771779492497444,0.246360093355179,-0.0303434655070305,0.15054152905941,0.110273338854313,0.0028491395059973,0.0316152721643448,0.0544419027864933
2753,-0.00150425452739,0.165813565254211,0.0831903219223022,-0.0101979654282331,0.278162479400635,0.0252809282392263,-0.0150637133046985,0.00600456492975354,0.113119371235371,0.0220225211232901,0.0600683763623238,0.233869701623917,-0.0447783134877682,0.132652595639229,0.120295062661171,-0.0134071260690689,0.0520257465541363,0.0615435466170311
2755,0.0238172840327024,0.160086095333099,0.11923061311245,-0.00783956050872803,0.273630738258362,0.0342186093330383,-0.014531210064888,0.012004398740828,0.116463668644428,0.00453844154253602,0.0436984449625015,0.221033036708832,-0.0270406156778336,0.135714069008827,0.10138576477766,-0.00850535277277231,0.076654464006424,0.060665562748909
2757,0.0180205404758453,0.179709643125534,0.142300069332123,0.00594602711498737,0.27202245593071,0.0464432202279568,-0.0179692413657904,0.0245538391172886,0.121737889945507,-0.00537438550963998,0.0378984846174717,0.219229325652122,-0.00760551588609815,0.149751588702202,0.0793720036745071,-0.00102373235858977,0.0908260121941566,0.0457651689648628
2759,0.00274344044737518,0.186327397823334,0.124794639647007,0.0116326538845897,0.266128599643707,0.0414824895560741,-0.00928892381489277,0.0225754268467426,0.11959245800972,-0.00497499806806445,0.0502815097570419,0.221134573221207,-0.0070761009119451,0.160861790180206,0.0790164172649384,-0.0149862207472324,0.0983617380261421,0.0250496529042721
2761,-0.0142912967130542,0.197599917650223,0.100070938467979,-0.00137478543911129,0.254021733999252,0.0277345255017281,-0.00622116308659315,0.00722092622891068,0.129640027880669,-0.00896581541746855,0.0658880919218063,0.233758360147476,-0.0221683755517006,0.152856007218361,0.0714079737663269,-0.0186673887073994,0.0965035334229469,0.0138571998104453
2763,-0.0279586967080832,0.202009171247482,0.102080784738064,-0.0142092974856496,0.253278493881226,0.0199997015297413,0.00729979993775487,-7.10679232724942E-05,0.131356984376907,-0.00930376723408699,0.0657656863331795,0.259362727403641,-0.0242707189172506,0.141600698232651,0.064030833542347,-0.00929510034620762,0.0966641530394554,0.0128819486126304
2765,-0.0185958482325077,0.180010184645653,0.0973867699503899,-0.010438215918839,0.250828444957733,0.0220887754112482,0.0127229643985629,-0.000398756092181429,0.12688210606575,0.00140077248215675,0.0664372444152832,0.286937326192856,-0.0293203126639128,0.145143806934357,0.0720167979598045,-0.00253502512350678,0.0982826203107834,0.0182459596544504
2767,0.000280738167930394,0.15471813082695,0.0883941203355789,-0.00561457453295588,0.235593229532242,0.0309508554637432,0.0150773776695132,-0.00724260415881872,0.123631186783314,0.00432716589421034,0.0722383037209511,0.288606256246567,-0.0321051105856895,0.157849684357643,0.0863267034292221,0.00338330212980509,0.0968018397688866,0.0272375717759132
2769,0.000546983908861876,0.143203690648079,0.0894434452056885,-0.00729446392506361,0.22363817691803,0.0331430993974209,0.019328523427248,-0.0128840273246169,0.12246960401535,0.00270123570226133,0.0716980844736099,0.281450837850571,-0.0145478099584579,0.153983891010284,0.0923502296209335,0.00237659271806479,0.10507894307375,0.031812708824873
2771,0.000556169426999986,0.115640975534916,0.0943596363067627,-0.00509913871064782,0.243485763669014,0.0241203494369984,0.0197790022939444,0.00892864353954792,0.123624816536903,-0.00134293478913605,0.0758346393704414,0.293354570865631,0.0032703063916415,0.154844328761101,0.0845468640327454,0.000144440302392468,0.109269969165325,0.041296198964119
2773,-0.000280656473478302,0.0967794060707092,0.0930644124746323,-0.0145315760746598,0.287990599870682,0.0261200778186321,0.0115947145968676,0.0223382599651814,0.112148024141788,0.0107718165963888,0.0949680581688881,0.327000439167023,0.00146942434366792,0.164898112416267,0.0757100358605385,0.00321114994585514,0.100282274186611,0.0402504578232765
2775,-0.000160376919666305,0.103766717016697,0.0790421888232231,-0.0143583137542009,0.332370936870575,0.0280841421335936,0.00657623121514916,0.0221642646938562,0.101386725902557,0.0196522418409586,0.111662440001965,0.364715069532394,-0.0069777057506144,0.172351807355881,0.0841053426265717,0.00906516425311565,0.0911768823862076,0.0439433231949806
2777,0.00825168285518885,0.115005940198898,0.0653568804264069,-0.0117822671309114,0.363291829824448,0.022555124014616,0.00250869686715305,0.0288239624351263,0.109257400035858,0.0173709876835346,0.112959459424019,0.380875289440155,-0.0106132430955768,0.178615510463715,0.107557900249958,0.0148643162101507,0.0903738215565681,0.0419858992099762
2779,0.0193393230438232,0.144747644662857,0.0538104772567749,-0.00851036515086889,0.362810701131821,0.0208383500576019,-0.00452979374676943,0.030689837411046,0.128589600324631,0.0174518618732691,0.0951637253165245,0.390069186687469,-0.011640296317637,0.187781006097794,0.111784778535366,0.0196001902222633,0.0898386240005493,0.0343427285552025
2781,0.0129983853548765,0.169995918869972,0.0641838386654854,-0.00742710707709193,0.34283372759819,0.031377699226141,-0.00676469691097736,0.0236119348555803,0.144465446472168,0.0226130224764347,0.0871948525309563,0.393990844488144,-0.0158492401242256,0.193803578615189,0.0991583615541458,0.0202201977372169,0.0934911370277405,0.0352174267172813
2783,0.00841732881963253,0.178193464875221,0.0730705708265305,-0.00592966983094811,0.336504131555557,0.021914029493928,0.000936585653107613,0.0199263487011194,0.150330945849419,0.0253477208316326,0.0948823094367981,0.387417078018188,-0.0200155507773161,0.188053771853447,0.0913118794560432,0.00865013059228659,0.110968619585037,0.0404762253165245
2785,-0.00343443127349019,0.174573600292206,0.0710518509149551,-0.0072298850864172,0.34285032749176,0.0195777993649244,0.00715463096275926,0.0168417934328318,0.152576342225075,0.0284522846341133,0.0965393707156181,0.414870113134384,-0.0265204273164272,0.189998492598534,0.0911014825105667,0.00292088510468602,0.136986598372459,0.0406521670520306
2787,-0.00708016753196716,0.184889763593674,0.0870489552617073,-0.0185379199683666,0.357485383749008,0.0324703976511955,0.0122727854177356,0.0176791567355394,0.154362410306931,0.0268602408468723,0.0777808874845505,0.453079879283905,-0.0317993834614754,0.200760558247566,0.095198966562748,0.00689025642350316,0.159740343689919,0.0445639751851559
2789,0.00433246465399861,0.20070768892765,0.0990247800946236,-0.0144939757883549,0.37649205327034,0.0315256230533123,0.00679505430161953,0.0155275333672762,0.158750623464584,0.0254801828414202,0.0571753829717636,0.478704154491425,-0.0109808566048741,0.20920005440712,0.111433677375317,0.00675968080759048,0.173488631844521,0.0522941052913666
2791,0.00343965226784348,0.213162049651146,0.0843283757567406,-0.00106649962253869,0.405667513608932,0.0273907836526632,0.00344315799884498,0.0154438717290759,0.166486859321594,0.0240676328539848,0.0580544285476208,0.498195499181747,0.00280831754207611,0.216724306344986,0.12297946959734,0.0101235089823604,0.168486475944519,0.0600107461214066
2793,0.0071742688305676,0.222000241279602,0.0675134137272835,-0.00333445286378264,0.437477201223373,0.0351762771606445,-0.000489104306325316,0.017640458419919,0.18588575720787,0.0257868431508541,0.0710235089063644,0.502069890499115,0.0080249710008502,0.228858664631844,0.122361473739147,0.00367012107744813,0.154764339327812,0.067800909280777
2795,0.027531124651432,0.224163487553596,0.0655808821320534,0.00337087223306298,0.455630540847778,0.0414891727268696,0.00118624465540051,0.0236394461244345,0.208775907754898,0.0332929156720638,0.0893425717949867,0.514682531356812,0.00816839560866356,0.245600447058678,0.126493662595749,-0.0047441404312849,0.153571262955666,0.0744532346725464
2797,0.0287963710725307,0.226184189319611,0.0762293636798859,-0.00110674253664911,0.461934506893158,0.0470970310270786,0.0106226522475481,0.027731467038393,0.231197193264961,0.0349207781255245,0.104860112071037,0.544277489185333,0.00290252803824842,0.259501904249191,0.130591869354248,-0.00305456155911088,0.15864796936512,0.0876358523964882
2799,0.0145936608314514,0.24777215719223,0.0811948850750923,-0.00895303767174482,0.467045694589615,0.0462814904749393,0.0139138838276267,0.0284218229353428,0.250015199184418,0.0338229797780514,0.123511284589767,0.57986444234848,0.00253703794442117,0.266425579786301,0.1466214209795,0.0109830182045698,0.171417623758316,0.10178580135107
2801,-0.000438385177403688,0.284286886453629,0.0903026238083839,-0.0139811802655458,0.492547780275345,0.0392262004315853,0.01264838129282,0.0337995775043964,0.273406326770782,0.0259015075862408,0.135966598987579,0.6285600066185,0.00107922276947647,0.27571165561676,0.181739151477814,0.0268911123275757,0.194057777523994,0.106373354792595
2803,0.00529835838824511,0.330820322036743,0.101451404392719,-0.00695204408839345,0.534028351306915,0.0443238280713558,0.0112580433487892,0.0377192310988903,0.312872290611267,0.0189116839319468,0.148370400071144,0.697570979595184,-0.00140219484455884,0.306840091943741,0.220705643296242,0.032948762178421,0.218389064073563,0.110123455524445
2805,0.0207994095981121,0.37801918387413,0.107046708464622,0.00167862849775702,0.591244459152222,0.0553519278764725,0.0190252456814051,0.0406617969274521,0.344676107168198,0.025936309248209,0.167443841695786,0.773886561393738,-0.00248693767935038,0.356857538223267,0.255423486232758,0.038919135928154,0.23780557513237,0.117146573960781
2807,0.0350339934229851,0.446654319763184,0.1253961622715,0.0138199701905251,0.691005408763885,0.0770399793982506,0.0333744026720524,0.0499599725008011,0.373326480388641,0.0425762124359608,0.185856282711029,0.820948541164398,-0.00366805889643729,0.412993311882019,0.288495242595673,0.0434411205351353,0.246224716305733,0.130004167556763
2809,0.0368361063301563,0.538628578186035,0.164713218808174,0.0237215682864189,0.798023223876953,0.1053846180439,0.0477147214114666,0.0654855445027351,0.418763220310211,0.0606002993881702,0.220578238368034,0.861051201820374,0.00236634281463921,0.469071328639984,0.332096815109253,0.0412966348230839,0.255407750606537,0.154415398836136
2811,0.0279363375157118,0.612830638885498,0.208101525902748,0.0370131395757198,0.892014026641846,0.132698968052864,0.0638543516397476,0.0859114900231361,0.475985020399094,0.076373390853405,0.271065443754196,0.933323681354523,0.0113638825714588,0.52163028717041,0.376455694437027,0.0402825623750687,0.301054745912552,0.184127628803253
2813,0.0354911014437675,0.661038279533386,0.248479291796684,0.0445616506040096,0.974418759346008,0.157102510333061,0.0857858881354332,0.110080517828465,0.52359414100647,0.0925991460680962,0.322310000658035,1.02457964420319,0.0251712463796139,0.563121676445007,0.411175310611725,0.0357941053807735,0.351730734109879,0.210752800107002
2815,0.0498510003089905,0.697457671165466,0.273050934076309,0.0468237735331059,1.03033065795898,0.167330056428909,0.105616182088852,0.122413747012615,0.54479455947876,0.0968554615974426,0.357975214719772,1.10545182228088,0.0335889160633087,0.588262856006622,0.436599016189575,0.0306075289845467,0.388839900493622,0.229349836707115
2817,0.0565508604049683,0.714061379432678,0.283162951469421,0.0519278794527054,1.04243838787079,0.164044931530952,0.111307121813297,0.110296443104744,0.55220502614975,0.0923007056117058,0.371626317501068,1.16599881649017,0.0301640573889017,0.597720980644226,0.448084682226181,0.0363343209028244,0.40780907869339,0.22964796423912
2819,0.0593967363238335,0.70932149887085,0.270618706941605,0.0524838082492352,1.01845455169678,0.156903252005577,0.117821305990219,0.101556196808815,0.551372885704041,0.0916655510663986,0.358942091464996,1.21237230300903,0.0236754976212978,0.595148086547852,0.449929744005203,0.0383556261658669,0.405476868152618,0.217182159423828
2821,0.0469184219837189,0.696020364761353,0.257180839776993,0.0509631931781769,0.993356108665466,0.147196635603905,0.119864277541637,0.103153929114342,0.541161000728607,0.0888446271419525,0.329013973474503,1.26006937026978,0.0184554308652878,0.573275446891785,0.434646457433701,0.0284518729895353,0.390332132577896,0.205323562026024
2823,0.0294348355382681,0.669142544269562,0.255183905363083,0.0458140894770622,0.979939877986908,0.143195495009422,0.104999281466007,0.0994373336434364,0.517862737178802,0.0749868080019951,0.306973814964294,1.30867612361908,0.00578181818127632,0.535055875778198,0.40605691075325,0.0186062809079885,0.362780123949051,0.191835895180702
2825,0.0187140610069036,0.636923611164093,0.248929351568222,0.0308907572180033,0.962463855743408,0.145856454968452,0.0877123102545738,0.08807772397995,0.505002975463867,0.063580758869648,0.295340538024902,1.36411774158478,-0.00165089615620673,0.501553475856781,0.375097036361694,0.0132049862295389,0.337510854005814,0.180631473660469
2827,0.0292061045765877,0.610642969608307,0.230478838086128,0.0183100607246161,0.938753008842468,0.138656750321388,0.0819607526063919,0.0817562639713287,0.496964007616043,0.0598841086030006,0.283727675676346,1.43660151958466,-0.00901325512677431,0.488438367843628,0.352381229400635,0.00984956324100494,0.32785427570343,0.167736992239952
2829,0.0316733941435814,0.593317210674286,0.208920821547508,0.00911937188357115,0.933126151561737,0.127243146300316,0.0749198570847511,0.0879890993237495,0.48755556344986,0.0590750575065613,0.280328065156937,1.52854919433594,-0.00685547525063157,0.496397197246552,0.35535392165184,-0.000868360686581582,0.324094772338867,0.157219752669334
2831,0.0273852553218603,0.601410031318665,0.204990595579147,0.00946397706866264,0.965502560138702,0.116605587303638,0.0706904530525208,0.0952647924423218,0.498673439025879,0.0637134313583374,0.284209728240967,1.62971830368042,0.00879991985857487,0.517581462860107,0.379723489284515,0.00367535441182554,0.318523228168488,0.160826966166496
2833,0.0258802399039268,0.62774670124054,0.220484599471092,0.0160630233585835,1.04853570461273,0.111530423164368,0.0753612592816353,0.0908828750252724,0.529215395450592,0.0767184495925903,0.298934787511826,1.72963011264801,0.00783662497997284,0.55252343416214,0.408879220485687,0.00376945431344211,0.325467973947525,0.170146703720093
2835,0.0378107577562332,0.672373712062836,0.252036839723587,0.0183311551809311,1.15890109539032,0.124690324068069,0.0924047157168388,0.0775130987167358,0.57734078168869,0.0926778540015221,0.32544681429863,1.8565057516098,-0.00642467383295298,0.604178667068481,0.448796361684799,0.000626635213848203,0.351629644632339,0.179133713245392
2837,0.0448624342679977,0.759580373764038,0.280493229627609,0.0187907125800848,1.28137469291687,0.151716068387032,0.116540908813477,0.0868347436189651,0.63863068819046,0.115075260400772,0.360594123601913,2.04682445526123,-0.0035733082331717,0.668029606342316,0.513405025005341,0.0128765273839235,0.386827021837234,0.188801854848862
2839,0.0593000017106533,0.849848031997681,0.311507880687714,0.0202472917735577,1.39593017101288,0.18229216337204,0.136060267686844,0.106234692037106,0.695837378501892,0.126520305871964,0.405214905738831,2.2476019859314,0.00647021550685167,0.738970994949341,0.57975709438324,0.026875426992774,0.420816510915756,0.200546756386757
2841,0.063234344124794,0.914840221405029,0.339571386575699,0.0292472876608372,1.50012516975403,0.207701146602631,0.149382770061493,0.126178696751595,0.750490784645081,0.119701229035854,0.438554316759109,2.38952994346619,0.0134935742244124,0.800646841526031,0.633001744747162,0.0338172540068626,0.451188921928406,0.215716809034348
2843,0.0690113380551338,0.948930442333221,0.353359460830688,0.0347680523991585,1.58408355712891,0.216163083910942,0.153611198067665,0.1499844789505,0.787443578243256,0.109635233879089,0.452482104301453,2.50733137130737,0.01890111528337,0.843107402324677,0.670339226722717,0.0402517765760422,0.477263391017914,0.234986886382103
2845,0.0834992155432701,0.953565716743469,0.351907283067703,0.0355092622339725,1.62321531772614,0.20583601295948,0.150834619998932,0.162034347653389,0.804162502288818,0.105276368558407,0.455376535654068,2.63041734695435,0.0163302607834339,0.861855506896973,0.698879480361938,0.0386426597833633,0.491498947143555,0.255190700292587
2847,0.0775894299149513,0.957597196102142,0.343451201915741,0.0399209372699261,1.63428092002869,0.18443588912487,0.144883304834366,0.160982936620712,0.806415319442749,0.104337856173515,0.448840498924255,2.75310921669006,0.022801149636507,0.854723453521729,0.706381380558014,0.0378986410796642,0.495459526777267,0.261992126703262
2849,0.0728434920310974,0.972563207149506,0.326663613319397,0.0438016466796398,1.64601445198059,0.176730751991272,0.137290552258492,0.162884384393692,0.791933238506317,0.107477486133575,0.448701798915863,2.83676600456238,0.0276277307420969,0.838612139225006,0.69966185092926,0.0387539379298687,0.496056467294693,0.255990445613861
2851,0.0759401842951775,0.975793361663818,0.298765271902084,0.0438729822635651,1.65715503692627,0.171625375747681,0.130735695362091,0.173822790384293,0.775375187397003,0.110057443380356,0.439131557941437,2.90131878852844,0.0104366568848491,0.817329168319702,0.690525352954865,0.036001730710268,0.488332003355026,0.256493628025055
2853,0.0870596244931221,0.953128039836884,0.277413427829742,0.0343420095741749,1.68053448200226,0.165435269474983,0.124355368316174,0.189652010798454,0.761103272438049,0.10460426658392,0.432773053646088,2.9951319694519,0.00585950678214431,0.801903247833252,0.687481343746185,0.0379414185881615,0.477174460887909,0.248730689287186
2855,0.104141794145107,0.912998616695404,0.260898530483246,0.0211455319076777,1.71179640293121,0.16735315322876,0.114906013011932,0.196276322007179,0.752941846847534,0.0988496541976929,0.427553594112396,3.10535717010498,0.0138853127136827,0.806704998016357,0.682491958141327,0.0416274257004261,0.457284182310104,0.224361225962639
2857,0.120118916034698,0.883677840232849,0.255488246679306,0.0124248145148158,1.74530494213104,0.164138421416283,0.108912236988544,0.199083864688873,0.768811285495758,0.0923826396465302,0.416676074266434,3.20427584648132,0.00537619367241859,0.829087316989899,0.678986549377441,0.0390978045761585,0.436296701431274,0.199778214097023
2859,0.135329678654671,0.87413102388382,0.245495364069939,0.0139616811648011,1.81352293491364,0.158180981874466,0.113743707537651,0.204498901963234,0.797451555728912,0.080568253993988,0.402749985456467,3.28365731239319,-0.0150606799870729,0.852521896362305,0.679693281650543,0.0304881874471903,0.418771326541901,0.189348340034485
2861,0.150296911597252,0.868627846240997,0.228165999054909,0.0146986814215779,1.89394724369049,0.149352312088013,0.127850726246834,0.210721343755722,0.838661730289459,0.067876361310482,0.398827195167542,3.36774277687073,-0.0153931770473719,0.879242897033691,0.684931993484497,0.0254562776535749,0.415865331888199,0.192712157964706
2863,0.175207167863846,0.856020629405975,0.206367328763008,0.0103681087493896,1.99147939682007,0.139733865857124,0.136787489056587,0.210705459117889,0.882232069969177,0.0647025778889656,0.405368864536285,3.44416117668152,-0.00900467019528151,0.912941694259644,0.700521886348724,0.0160165410488844,0.436044424772263,0.181698605418205
2865,0.21621535718441,0.867932379245758,0.203260987997055,-0.00385981914587319,2.09397578239441,0.135581582784653,0.125843197107315,0.214023694396019,0.909270167350769,0.0635147914290428,0.419924736022949,3.32677984237671,-0.0187320206314325,0.946760356426239,0.73757392168045,0.0048793563619256,0.455587327480316,0.157614856958389
2867,0.245336920022964,0.89827173948288,0.225591272115707,-0.00552517687901855,2.2125403881073,0.135066941380501,0.11866670101881,0.215327829122543,0.930548787117004,0.0614829175174236,0.431691229343414,2.94482326507568,-0.0191684756428003,0.977744162082672,0.774882376194,-0.0095679285004735,0.461309522390366,0.15454974770546
2869,0.254683494567871,0.941466093063354,0.251121550798416,0.00421882886439562,2.32568383216858,0.142375975847244,0.119473487138748,0.221642330288887,0.962641000747681,0.0621097385883331,0.430239409208298,2.33850073814392,-0.0150290708988905,1.0117449760437,0.811772525310516,-0.00265092449262738,0.461400061845779,0.17386569082737
2871,0.271241277456284,0.993073523044586,0.260776728391647,0.0143248373642564,2.43944144248962,0.151187092065811,0.12550213932991,0.234211847186089,1.002645611763,0.0766617506742477,0.430589586496353,1.58993518352509,-0.020182590931654,1.07105004787445,0.845103025436401,0.0121922763064504,0.462983429431915,0.191285222768784
2873,0.280720859766006,1.03340721130371,0.269122958183289,0.00940869282931089,2.5823986530304,0.157715484499931,0.127231419086456,0.243836000561714,1.04044795036316,0.090682752430439,0.43347105383873,1.07954239845276,-0.0105226328596473,1.12969553470612,0.892856240272522,0.00807298626750708,0.46112397313118,0.192225977778435
2875,0.280714839696884,1.06086397171021,0.276198536157608,0.00202376767992973,2.73755407333374,0.158452421426773,0.126197338104248,0.251816630363464,1.0820791721344,0.0837020054459572,0.437414824962616,1.31730377674103,0.0114816874265671,1.17134666442871,0.944559693336487,0.00810657534748316,0.465831637382507,0.187233924865723
2877,0.27867066860199,1.09956693649292,0.282873094081879,-0.00596217298880219,2.8725368976593,0.153075858950615,0.125342443585396,0.268572211265564,1.1203978061676,0.0649557188153267,0.449935406446457,2.22198367118835,0.00854718592017889,1.2118444442749,0.990323781967163,0.017497356981039,0.47180438041687,0.176437973976135
2879,0.262767195701599,1.1468106508255,0.304542124271393,-0.0146116437390447,2.95618581771851,0.152915388345718,0.124722197651863,0.288096636533737,1.16403305530548,0.0512011274695396,0.46204799413681,3.18635773658752,0.0063518094830215,1.24850082397461,1.01332640647888,0.0205800142139196,0.477902621030807,0.166968196630478
2881,0.242402166128159,1.179483294487,0.325319468975067,-0.017365001142025,3.00108575820923,0.157771214842796,0.118460580706596,0.30131009221077,1.18976151943207,0.0561233498156071,0.465334594249725,3.9782338142395,-0.00435130437836051,1.2865537405014,1.03118813037872,0.0273376181721687,0.494355916976929,0.163477137684822
2883,0.234568029642105,1.21382617950439,0.345089942216873,-0.00930620729923248,3.04831957817078,0.167926833033562,0.122690603137016,0.31823942065239,1.21271908283234,0.0683597773313522,0.476060003042221,4.59607124328613,-0.0157366972416639,1.32456743717194,1.06063151359558,0.027348980307579,0.516473412513733,0.160033732652664
2885,0.229929998517036,1.264284491539,0.37024250626564,0.000133783672936261,3.12042427062988,0.186159759759903,0.13281661272049,0.338202506303787,1.2580543756485,0.0879239216446877,0.497682154178619,5.06399011611938,-0.0233619194477797,1.36535251140594,1.10807180404663,0.0158406123518944,0.556163311004639,0.166219130158424
2887,0.229339569807053,1.34919190406799,0.412871986627579,0.00560953887179494,3.2659375667572,0.205661177635193,0.14366015791893,0.352066695690155,1.32311141490936,0.12016237527132,0.550356030464172,5.4272665977478,-0.00684467423707247,1.41190910339355,1.17522728443146,0.0249382760375738,0.62049400806427,0.191484421491623
2889,0.230490192770958,1.47603809833527,0.469084709882736,0.0226978808641434,3.49065184593201,0.230872794985771,0.164931610226631,0.372373223304749,1.41005051136017,0.156154200434685,0.627434432506561,5.70069932937622,0.00501508777961135,1.49060726165771,1.25720357894897,0.0474819727241993,0.699136316776276,0.230790257453918
2891,0.224997863173485,1.63763904571533,0.53804737329483,0.0353620760142803,3.74666833877563,0.264580070972443,0.196225568652153,0.401307225227356,1.51556468009949,0.191430240869522,0.729662477970123,5.9023609161377,0.000737867259886116,1.63467538356781,1.3605329990387,0.0531058087944984,0.78992635011673,0.288325011730194
2893,0.208215445280075,1.86429488658905,0.628077208995819,0.0457353815436363,4.07107257843018,0.316891193389893,0.230405986309052,0.439786642789841,1.64850652217865,0.231662377715111,0.847914159297943,6.06362867355347,0.0140817621722817,1.82038867473602,1.50486385822296,0.0539879873394966,0.913693964481354,0.364123523235321
2895,0.178911566734314,2.16877174377441,0.766953408718109,0.0762554481625557,4.46895551681519,0.404349863529205,0.271391153335571,0.492131680250168,1.84165906906128,0.292143642902374,1.00280034542084,6.22071075439453,0.0547930933535099,2.06272125244141,1.69406163692474,0.0600979886949062,1.09472584724426,0.476137757301331
2897,0.155722722411156,2.57850408554077,0.940833628177643,0.123254463076591,4.93163156509399,0.512884318828583,0.327747374773026,0.553952276706696,2.10129380226135,0.365941137075424,1.22065842151642,6.3600959777832,0.113304264843464,2.38578248023987,1.9390754699707,0.0796637982130051,1.35273802280426,0.619458496570587
2899,0.163505136966705,3.06361198425293,1.12406289577484,0.160189226269722,5.4480299949646,0.639058828353882,0.398128777742386,0.632908761501312,2.42741203308105,0.443769156932831,1.47025525569916,6.4255542755127,0.185037225484848,2.7741870880127,2.23097014427185,0.107682451605797,1.63084435462952,0.776923775672913
2901,0.161546215415001,3.59611129760742,1.32400095462799,0.181736871600151,5.96475791931152,0.78149950504303,0.4754319190979,0.738110899925232,2.80748987197876,0.520668268203735,1.73466658592224,6.45866918563843,0.24798259139061,3.2196261882782,2.53625559806824,0.147284030914307,1.88688397407532,0.945181727409363
2903,0.164762496948242,4.14486455917358,1.5374139547348,0.203725874423981,6.48591756820679,0.918474316596985,0.554155468940735,0.838014423847198,3.1559579372406,0.600882947444916,2.00850391387939,6.5061469078064,0.319094002246857,3.64958095550537,2.83106684684753,0.203205928206444,2.13550233840942,1.12341094017029
2905,0.171696543693542,4.63285160064697,1.73014092445374,0.230797871947289,6.96956491470337,1.05280518531799,0.625819206237793,0.925904989242554,3.45779061317444,0.683571636676788,2.25705766677856,6.49687910079956,0.412518322467804,4.01122140884399,3.12518811225891,0.252456068992615,2.38763880729675,1.29247760772705
2907,0.177814975380898,5.0555362701416,1.89347350597382,0.265898585319519,7.39998340606689,1.15226697921753,0.697912871837616,1.0006148815155,3.7108142375946,0.751967072486877,2.46478986740112,6.41673564910889,0.494006901979446,4.32304620742798,3.38808488845825,0.287215411663055,2.60886430740356,1.42409241199493
2909,0.175140887498856,5.3886547088623,2.00395607948303,0.298359751701355,7.80148077011108,1.21837151050568,0.759549915790558,1.05059599876404,3.8979766368866,0.802709937095642,2.6333281993866,6.32651519775391,0.520632386207581,4.5715069770813,3.59564614295959,0.30798003077507,2.77562737464905,1.53035426139832
2911,0.172618135809898,5.53335094451904,2.0696074962616,0.31382229924202,8.04732131958008,1.24864280223846,0.792449176311493,1.08469212055206,3.99390554428101,0.837354242801666,2.71994614601135,6.22779273986816,0.512199938297272,4.69381666183472,3.67808294296265,0.300591081380844,2.85460925102234,1.57917237281799
2913,0.172428071498871,5.48344659805298,2.11740255355835,0.309909462928772,8.09515476226807,1.24765062332153,0.779096007347107,1.10513424873352,3.98014044761658,0.850399136543274,2.70553636550903,6.08098793029785,0.507525742053986,4.65746402740479,3.63528084754944,0.278396159410477,2.85137009620667,1.56303727626801
2915,0.187742128968239,5.28870725631714,2.10188102722168,0.295799821615219,7.95223951339722,1.19713640213013,0.729171216487885,1.09022378921509,3.84721493721008,0.833829641342163,2.60799360275269,5.8130955696106,0.485281646251678,4.50432109832764,3.5125470161438,0.24191877245903,2.77633213996887,1.49266219139099
2917,0.221570283174515,5.03945970535278,2.02313184738159,0.275829285383224,7.71102285385132,1.11874222755432,0.672752976417542,1.03011107444763,3.64526510238647,0.790220558643341,2.477703332901,5.51177787780762,0.433357417583466,4.28700923919678,3.36923241615295,0.210679441690445,2.6465163230896,1.39531397819519
2919,0.24483197927475,4.76116991043091,1.89840626716614,0.247243151068687,7.50983953475952,1.04663026332855,0.611555933952332,0.960483551025391,3.44975805282593,0.745100319385529,2.32658100128174,5.27364063262939,0.390484780073166,4.06005001068115,3.20459198951721,0.190485686063766,2.52279543876648,1.28315949440002
2921,0.256302416324615,4.50704622268677,1.74750256538391,0.22261805832386,7.33965253829956,0.981643855571747,0.554506540298462,0.917256236076355,3.29959893226624,0.703772842884064,2.18035101890564,5.1028790473938,0.353493899106979,3.84080076217651,3.06011986732483,0.170096635818481,2.41071653366089,1.17545461654663
2923,0.263430029153824,4.288010597229,1.62404155731201,0.208177641034126,7.1861515045166,0.930598437786102,0.527932941913605,0.899544417858124,3.18630623817444,0.664282977581024,2.06317591667175,4.96470642089844,0.329076409339905,3.65106582641602,2.93074035644531,0.164130628108978,2.30821013450623,1.08819055557251
2925,0.266756653785706,4.11260557174683,1.52437484264374,0.200954511761665,7.0692777633667,0.892035186290741,0.527944684028625,0.872424066066742,3.08506512641907,0.630195915699005,1.99084389209747,4.84432554244995,0.296142369508743,3.55080127716064,2.81984090805054,0.16640017926693,2.21321439743042,1.02621066570282
2927,0.25998866558075,3.96783804893494,1.45831274986267,0.181665822863579,6.96547746658325,0.847595512866974,0.522487580776215,0.845278203487396,2.99843287467957,0.598551332950592,1.92853617668152,4.7059531211853,0.248872458934784,3.52442359924316,2.7473258972168,0.159979209303856,2.14549589157104,0.998925089836121
2929,0.252209156751633,3.85045218467712,1.40968263149261,0.136683613061905,6.84311723709106,0.826628625392914,0.518285274505615,0.808048903942108,2.92755913734436,0.579133987426758,1.85926938056946,4.61209726333618,0.206280872225761,3.54647135734558,2.68182325363159,0.156168445944786,2.10447239875793,1.00255417823792
2931,0.281443923711777,3.73361158370972,1.3641574382782,0.0791991502046585,6.70841217041016,0.819459736347198,0.505909860134125,0.776445746421814,2.8642303943634,0.572580933570862,1.81890666484833,4.51563739776611,0.187712237238884,3.59144139289856,2.59585666656494,0.146306335926056,2.05962824821472,0.999826610088348
2933,0.28630256652832,3.62426829338074,1.32912254333496,0.063789427280426,6.53562355041504,0.806613028049469,0.452013462781906,0.760789096355438,2.81953001022339,0.553582727909088,1.77099859714508,4.37273406982422,0.171905800700188,3.57506060600281,2.47484469413757,0.146628901362419,1.97952091693878,0.964674353599548
2935,0.285713702440262,3.48996591567993,1.25872302055359,0.0712474659085274,6.32380676269531,0.791680693626404,0.411761164665222,0.73915821313858,2.79396724700928,0.54185825586319,1.7125061750412,4.25121068954468,0.16411954164505,3.49272537231445,2.39758062362671,0.160652697086334,1.87630712985992,0.911911845207214
2937,0.312118798494339,3.35614132881165,1.19234251976013,0.072207011282444,6.11106491088867,0.74743127822876,0.390859156847,0.738255798816681,2.77152228355408,0.530493259429932,1.64022147655487,4.13477420806885,0.162733912467957,3.38734269142151,2.39488744735718,0.166749268770218,1.76819658279419,0.838944435119629
2939,0.359331518411636,3.25888276100159,1.17190682888031,0.0460497885942459,5.96563911437988,0.686412274837494,0.373228371143341,0.741889655590057,2.76318836212158,0.50372189283371,1.55261850357056,4.05963277816772,0.167955905199051,3.27520966529846,2.37371826171875,0.183430582284927,1.66179478168488,0.77038311958313
2941,0.404447674751282,3.19541001319885,1.13165080547333,0.00780100049450994,5.96212863922119,0.633372902870178,0.353484451770782,0.738281071186066,2.76390981674194,0.460520535707474,1.48579287528992,4.03924894332886,0.123011544346809,3.14851927757263,2.33628416061401,0.199121206998825,1.58326780796051,0.714712858200073
2943,0.485003054141998,3.14624094963074,1.05227077007294,-0.0192421767860651,6.04017496109009,0.586014211177826,0.337824374437332,0.722462773323059,2.71124172210693,0.417103081941605,1.43607175350189,3.99901509284973,0.0770918279886246,3.02258610725403,2.29645299911499,0.186191856861115,1.54131853580475,0.666719079017639
2945,0.575934827327728,3.06723380088806,0.984387397766113,-0.0130595276132226,6.14329147338867,0.551048517227173,0.343611866235733,0.723147392272949,2.64994931221008,0.388930946588516,1.37639307975769,3.90390253067017,0.0462022833526134,2.95074796676636,2.26253771781921,0.160883545875549,1.53895974159241,0.650043070316315
2947,0.646680057048798,2.9627001285553,0.947271347045898,0.000116088238428347,6.29785823822021,0.486311763525009,0.33406263589859,0.741359710693359,2.61125636100769,0.389456391334534,1.3075293302536,3.77281188964844,0.0164672993123531,2.93236756324768,2.23509073257446,0.120023503899574,1.5455094575882,0.624636232852936
2949,0.688877403736115,2.87371253967285,0.960651338100433,-0.026331502944231,6.44396877288818,0.450158447027206,0.312173336744308,0.739854693412781,2.55692863464355,0.385851114988327,1.26436173915863,3.64840483665466,4.19244179283851E-06,2.94094681739807,2.16705203056335,0.0595061704516411,1.52246654033661,0.591998815536499
2951,0.708677649497986,2.86249613761902,0.935988247394562,-0.0615474246442318,6.52090978622437,0.480052798986435,0.303329288959503,0.705756306648254,2.50188326835632,0.353686511516571,1.24208617210388,3.46282505989075,0.033065814524889,2.93793272972107,2.0552339553833,0.0135312983766198,1.4912406206131,0.58304899930954
2953,0.686120808124542,2.87310838699341,0.904990315437317,-0.0743057429790497,6.5087947845459,0.497156798839569,0.323215425014496,0.669886529445648,2.46972727775574,0.320965975522995,1.21907448768616,3.05345320701599,0.0944487676024437,2.90528273582458,2.00064992904663,0.00386666902340949,1.47702813148499,0.585507392883301
2955,0.618794202804565,2.90881299972534,0.903489649295807,-0.0777367874979973,6.36502504348755,0.497390002012253,0.340321719646454,0.615178883075714,2.42323637008667,0.310210227966309,1.20245885848999,2.63788247108459,0.153649628162384,2.8918297290802,2.02295589447021,0.000179515773197636,1.49676036834717,0.603179275989532
2957,0.542946875095367,2.98761606216431,0.904418587684631,-0.0789299532771111,6.20278310775757,0.496414482593536,0.346996575593948,0.545171737670898,2.38628196716309,0.345047056674957,1.21344923973083,2.30876874923706,0.189553573727608,2.89431285858154,2.05709552764893,0.0192721411585808,1.5205934047699,0.5959392786026
2959,0.515576601028442,3.0407350063324,0.90740978717804,-0.0654629319906235,6.13810968399048,0.473794907331467,0.349862635135651,0.526463270187378,2.34381794929504,0.381381452083588,1.30405259132385,2.02138018608093,0.150297001004219,2.8967502117157,2.05095148086548,0.0858106464147568,1.51328885555267,0.594792187213898
2961,0.514876127243042,3.1385600566864,0.926108539104462,-0.0416078045964241,6.0557074546814,0.434507459402084,0.365740239620209,0.585742831230164,2.38391470909119,0.422739595174789,1.38810217380524,1.85584831237793,0.099009707570076,2.96778678894043,1.96840035915375,0.0815198495984077,1.50816965103149,0.617496728897095
2963,0.553428709506989,3.28575563430786,1.0244323015213,-0.0527808852493763,6.00497579574585,0.422120839357376,0.362253963947296,0.67464417219162,2.51082897186279,0.449567079544067,1.4554705619812,1.92649400234222,0.0140037387609482,3.07734942436218,1.93479526042938,0.0701363310217857,1.53152573108673,0.658738315105438
2965,0.613158702850342,3.41467809677124,1.11353945732117,-0.0815407708287239,6.05249643325806,0.476071357727051,0.365991085767746,0.764832079410553,2.61503291130066,0.454375386238098,1.5321854352951,2.18119335174561,0.0345631502568722,3.22712755203247,1.96658670902252,0.0615967661142349,1.61023318767548,0.699824392795563
2967,0.539869606494904,3.45570969581604,1.10926055908203,-0.138832211494446,6.14254808425903,0.547729909420013,0.447339445352554,0.815602421760559,2.67774820327759,0.441362172365189,1.6126127243042,2.39110398292542,0.0307294242084026,3.28289818763733,1.92508637905121,0.0859788581728935,1.60981178283691,0.72779381275177
2969,0.483158588409424,3.42746782302856,1.02514159679413,-0.209200114011765,6.17110824584961,0.512061178684235,0.538942933082581,0.764100193977356,2.74940919876099,0.431291550397873,1.61179912090302,2.63397574424744,-0.0320908986032009,3.27110958099365,1.83524560928345,0.0998794510960579,1.52576148509979,0.739182710647583
2971,0.513163805007935,3.25449419021606,1.01980900764465,-0.162280783057213,6.15444231033325,0.444899410009384,0.488753646612167,0.621556460857391,2.7145664691925,0.388974487781525,1.51973378658295,2.98716020584106,-0.0241299252957106,3.16521644592285,1.7671582698822,0.152721583843231,1.44741082191467,0.73460191488266
2973,0.538749396800995,3.16853785514832,1.06037127971649,-0.0973170548677444,6.31902408599854,0.484845340251923,0.308421045541763,0.509444534778595,2.55952453613281,0.345696479082108,1.48545229434967,3.5392951965332,-0.0238487683236599,2.97601532936096,1.73322999477386,0.212527483701706,1.4166567325592,0.701652765274048
2975,0.475072205066681,3.23950123786926,1.03021275997162,-0.0860575735569,6.44319868087769,0.477668642997742,0.143580868840218,0.491231054067612,2.36968731880188,0.317010521888733,1.44405341148376,4.06947469711304,-0.07882359623909,2.84118008613586,1.86888992786407,0.161401256918907,1.32997155189514,0.584145188331604
2977,0.331447154283524,3.32428574562073,0.950792670249939,-0.0268481411039829,6.13729524612427,0.279209703207016,-0.0450151562690735,0.471883416175842,2.11066317558289,0.350393801927567,1.23742616176605,4.37425899505615,-0.0357068777084351,2.66360473632813,1.91673314571381,0.111094117164612,1.19369292259216,0.444168031215668
2979,0.387914180755615,2.90117311477661,0.705540776252747,0.0907320231199265,5.50075054168701,0.0193963814526796,-0.0992630422115326,0.412580609321594,1.77191770076752,0.380875110626221,0.931804239749908,4.48380517959595,-0.168987616896629,2.26894092559814,1.63728296756744,0.135940402746201,1.03070163726807,0.434083938598633
2981,0.392738103866577,2.30331683158875,0.566389799118042,0.0167028568685055,5.12649059295654,-0.00882159732282162,-0.18490444123745,0.386926800012589,1.44094622135162,0.310931354761124,0.643086075782776,4.48161792755127,-0.284907966852188,1.89292180538177,1.16607534885406,0.138231098651886,0.562368214130402,0.372245460748672
2983,0.392802804708481,1.95881724357605,0.285154789686203,-0.20086382329464,4.55909013748169,-0.0165928620845079,-0.249062567949295,0.563885450363159,0.834873139858246,0.102073967456818,0.191771030426025,4.00451278686523,-0.397077798843384,1.57397139072418,0.740720272064209,0.0395535752177238,0.144896969199181,0.443173557519913
2985,0.206855699419975,1.82800567150116,-0.0464025028049946,-0.329552471637726,3.6475191116333,0.179269298911095,-0.539377570152283,0.6145299077034,0.129191130399704,-0.200858846306801,-0.430027514696121,2.81839561462402,-0.291924089193344,1.1685938835144,0.429347932338715,-0.215188205242157,0.0127337714657187,0.556127607822418
2987,0.0141270961612463,1.52268528938293,-0.637038767337799,-0.195943713188171,2.5688853263855,0.388091057538986,-0.928167283535004,0.615052700042725,0.0775219053030014,-0.334279865026474,-0.97475790977478,1.51519191265106,-0.395587950944901,0.999246716499329,0.258651703596115,-0.399844735860825,0.210623279213905,0.40401902794838
2989,-0.00673130434006453,0.291496813297272,-0.560193359851837,0.100374557077885,1.52586185932159,0.13212762773037,-0.827488422393799,0.318911045789719,0.433508336544037,-0.301250517368317,-0.649134695529938,0.800871193408966,-0.531998455524445,1.00769567489624,0.776643455028534,-0.597696244716644,-0.00280594220384955,0.275080054998398
2991,-0.662482559680939,0.00857368111610413,-0.234018832445145,-0.542765855789185,1.12496948242188,-0.208398208022118,-0.390006721019745,-0.201648324728012,0.282564014196396,-0.2172472178936,-0.506854891777039,0.776297628879547,-0.0325812585651875,1.20630121231079,0.465768694877625,-0.962286710739136,-0.739140927791595,0.0829362124204636
2993,-0.848037600517273,-0.333678394556046,0.213694199919701,-0.423381000757217,0.634055852890015,0.0932367593050003,0.301052927970886,-0.104023896157742,-0.00726470956578851,-0.153653025627136,-0.543645799160004,0.150583162903786,0.224522441625595,0.976888298988342,-0.509414494037628,-1.31279981136322,-0.403015553951263,0.195797562599182
2995,-0.734946191310883,-1.15177726745605,0.723742604255676,0.104333803057671,-0.299106508493423,0.377606332302094,0.494607627391815,-0.60431694984436,-0.3118896484375,-0.325962960720062,-0.45317941904068,-0.826660573482513,0.416699945926666,0.072596549987793,0.0647008046507835,-1.15293860435486,-0.0506604351103306,0.406142234802246
