,"O-PTIR 2/O-PTIR","O-PTIR 5/O-PTIR","O-PTIR 6/O-PTIR","O-PTIR 8/O-PTIR","O-PTIR 9/O-PTIR","O-PTIR 10/O-PTIR","O-PTIR 11/O-PTIR","O-PTIR 12/O-PTIR","O-PTIR 13/O-PTIR"
,-6837.93994140625,-6800.490234375,-6831.14013671875,-6905.240234375,-6928.240234375,-6937.64013671875,-6909.490234375,-6872.89013671875,-6815.7900390625
,-3633.3701171875,-3580.57006835938,-3583.1201171875,-3536.27001953125,-3579.71997070313,-3601.02001953125,-3643.6201171875,-3675.1201171875,-3681.07006835938
923,0.0202313996851444,0.586445748806,-1.37288403511047,-0.165658995509148,-1.07192623615265,1.1825532913208,0.902781009674072,-0.0838562771677971,-2.05859327316284
925,-0.632133066654205,0.298326581716537,-0.755678772926331,-0.657294631004333,-1.02144253253937,1.70932388305664,1.94944190979004,1.02268171310425,-2.14707446098328
927,-0.882115840911865,-0.11592910438776,-0.151056662201881,-1.01256740093231,-0.566411852836609,1.28195703029633,2.12129163742065,1.02143371105194,-1.61750769615173
929,-0.678562045097351,-0.300664961338043,-0.0160939935594797,-0.898123621940613,-0.396563559770584,0.18714801967144,1.97475242614746,0.510554015636444,-1.42117989063263
931,-0.194533407688141,-0.733014285564423,0.321506440639496,-0.738438546657562,-0.216185599565506,-0.814643561840057,1.29359006881714,0.408069014549255,-0.833267688751221
933,0.0518189780414104,-0.913143813610077,0.557371199131012,-0.227577596902847,-0.46750009059906,-0.863120138645172,0.733262121677399,0.540492832660675,-0.526888728141785
935,-0.0132640637457371,-0.981338262557983,0.286611020565033,0.413799285888672,-0.45446702837944,-0.578552424907684,0.167573869228363,0.662315785884857,-0.158551156520844
937,0.135816186666489,-0.760961830615997,0.02170136757195,0.627887606620789,0.0238207690417767,-0.26522696018219,0.230632215738297,0.604966104030609,0.259475141763687
939,0.184156805276871,-0.394355714321136,-0.206880897283554,0.308510035276413,0.268134325742722,0.000892550509888679,0.0300372466444969,0.767615556716919,0.584609746932983
941,0.226063907146454,-0.162299260497093,-0.29076623916626,0.358164221048355,0.307251036167145,0.0346907153725624,-0.205506786704063,0.884682178497314,0.64880108833313
943,0.239275097846985,-0.0184761602431536,-0.129016369581223,0.520152628421783,0.492342442274094,0.160573154687881,-0.138707250356674,0.909694314002991,0.816290318965912
945,0.287175744771957,0.0850207358598709,0.131449729204178,0.75249969959259,0.72188413143158,0.303617119789124,-0.0412000678479671,0.929509043693542,1.14755046367645
947,0.418696105480194,0.10897858440876,0.28297370672226,0.927975594997406,0.859694123268127,0.287414312362671,-0.0474718734622002,1.02130055427551,1.46305871009827
949,0.541528940200806,0.161530271172523,0.403724163770676,0.967816829681396,0.929960370063782,0.401644557714462,0.0843639820814133,1.20939135551453,1.66310739517212
951,0.643701255321503,0.236091509461403,0.474352866411209,1.05213439464569,1.04330682754517,0.583707213401794,0.151967421174049,1.28857791423798,1.84139358997345
953,0.739383518695831,0.295400142669678,0.531107783317566,1.23956644535065,1.13936364650726,0.756816446781158,0.174966901540756,1.27190816402435,1.9950042963028
955,0.811978995800018,0.289901196956635,0.63046669960022,1.43557250499725,1.17593920230865,0.873962998390198,0.161302864551544,1.20034229755402,2.10001277923584
957,0.882268488407135,0.299664616584778,0.721657872200012,1.6015100479126,1.1994491815567,0.931778848171234,0.266760408878326,1.1123343706131,2.25944948196411
959,0.907499313354492,0.300178110599518,0.75464940071106,1.67759323120117,1.24200248718262,0.984483122825623,0.37304413318634,1.04718422889709,2.37816405296326
961,0.913596749305725,0.275186419487,0.797111213207245,1.66685914993286,1.27932500839233,1.04170608520508,0.39957395195961,1.01137113571167,2.44432973861694
963,0.944777965545654,0.266881853342056,0.850703418254852,1.63626110553741,1.27118420600891,1.12485885620117,0.426353305578232,0.947046935558319,2.47521376609802
965,0.976675450801849,0.285476684570313,0.924798905849457,1.64731955528259,1.27736949920654,1.19975662231445,0.435509204864502,0.889710307121277,2.52767658233643
967,1.00605225563049,0.308064311742783,0.994782626628876,1.65254235267639,1.29909467697144,1.27380263805389,0.418865621089935,0.865154445171356,2.53751683235168
969,1.00302624702454,0.335243284702301,1.02570164203644,1.62154006958008,1.32370233535767,1.34188151359558,0.431208282709122,0.830359995365143,2.47428917884827
971,0.935982227325439,0.348576128482819,1.01727044582367,1.582563996315,1.30969142913818,1.36383354663849,0.473148435354233,0.817390918731689,2.39184093475342
973,0.879433155059814,0.338017821311951,0.98339432477951,1.52828800678253,1.23093163967133,1.32928502559662,0.492891669273376,0.789929628372192,2.28746938705444
975,0.849133968353271,0.32516872882843,0.93090283870697,1.45918345451355,1.14792132377625,1.31591093540192,0.450250059366226,0.720950603485107,2.18233895301819
977,0.841726064682007,0.302167654037476,0.860102951526642,1.38189327716827,1.04688477516174,1.27814507484436,0.420339643955231,0.647414207458496,2.07446241378784
979,0.804282426834106,0.273228824138641,0.785655438899994,1.314976811409,0.951800346374512,1.20330703258514,0.407700419425964,0.601062834262848,1.96553266048431
981,0.75559401512146,0.242142140865326,0.724979281425476,1.26459002494812,0.896637320518494,1.11153626441956,0.414759665727615,0.548347234725952,1.8602237701416
983,0.692764103412628,0.222661152482033,0.683780074119568,1.22429203987122,0.853132665157318,1.00850868225098,0.410847306251526,0.473787158727646,1.76133120059967
985,0.630117118358612,0.218389496207237,0.651997983455658,1.18402874469757,0.792105972766876,0.926903963088989,0.393186002969742,0.401783376932144,1.67734563350677
987,0.56244432926178,0.221386164426804,0.614787220954895,1.15783858299255,0.725765109062195,0.85720956325531,0.398170381784439,0.357093125581741,1.61790633201599
989,0.511844098567963,0.22409676015377,0.588376224040985,1.13593018054962,0.671355962753296,0.817415058612823,0.411001861095428,0.350710362195969,1.55137097835541
991,0.484968960285187,0.218168213963509,0.558758080005646,1.08749306201935,0.627271175384521,0.77531111240387,0.417021244764328,0.359516769647598,1.46603512763977
993,0.455821812152863,0.206005543470383,0.543521761894226,1.04376876354218,0.607627272605896,0.735107123851776,0.39249986410141,0.351175546646118,1.38401627540588
995,0.421408623456955,0.19863823056221,0.550464451313019,0.993507266044617,0.589085221290588,0.703023493289948,0.360115021467209,0.335746675729752,1.31178104877472
997,0.395306915044785,0.193900302052498,0.551318049430847,0.942311763763428,0.559615552425385,0.687940955162048,0.334698379039764,0.317185491323471,1.25243961811066
999,0.382070183753967,0.187422528862953,0.541960299015045,0.885299980640411,0.530526757240295,0.679469227790833,0.314483553171158,0.282256782054901,1.21854054927826
1001,0.383751749992371,0.174143865704536,0.534602165222168,0.8443244099617,0.501888334751129,0.681046068668365,0.3149633705616,0.260964542627335,1.19097506999969
1003,0.39554363489151,0.161292210221291,0.521973490715027,0.834267497062683,0.48280131816864,0.675194084644318,0.325295269489288,0.252563148736954,1.17035901546478
1005,0.407821029424667,0.149236440658569,0.501241385936737,0.827676713466644,0.471724331378937,0.663933396339417,0.33463528752327,0.245819866657257,1.14910328388214
1007,0.41767281293869,0.125292658805847,0.482188642024994,0.808902084827423,0.466353207826614,0.652908861637115,0.315645664930344,0.25175341963768,1.12399446964264
1009,0.413185805082321,0.11946364492178,0.472507804632187,0.794274508953094,0.464108616113663,0.636170923709869,0.300034314393997,0.264084577560425,1.09150278568268
1011,0.400408297777176,0.129225134849548,0.46251767873764,0.803351521492004,0.476262450218201,0.62681519985199,0.290331125259399,0.252239257097244,1.07101356983185
1013,0.376903206110001,0.139655008912086,0.45798733830452,0.804547429084778,0.49061530828476,0.617681086063385,0.273910373449326,0.229083359241486,1.05444049835205
1015,0.363255530595779,0.14952164888382,0.450879156589508,0.790888905525208,0.497169345617294,0.610710144042969,0.264326363801956,0.209686532616615,1.04243242740631
1017,0.361330389976501,0.158601492643356,0.445024579763412,0.778811573982239,0.49380025267601,0.605695605278015,0.264740943908691,0.193129062652588,1.02174949645996
1019,0.351603448390961,0.164734840393066,0.449889034032822,0.773503959178925,0.486410051584244,0.602065443992615,0.280862957239151,0.167731642723083,1.00723075866699
1021,0.344051510095596,0.168307229876518,0.463193982839584,0.77497535943985,0.483942896127701,0.597477972507477,0.303370594978333,0.144874334335327,0.989587128162384
1023,0.339435905218124,0.178066357970238,0.461236625909805,0.77037638425827,0.490397125482559,0.590093672275543,0.314572185277939,0.147016167640686,0.981858015060425
1025,0.350164234638214,0.184292852878571,0.451235353946686,0.754001319408417,0.498857259750366,0.588823437690735,0.308339655399323,0.160886898636818,0.973379731178284
1027,0.365778595209122,0.181653395295143,0.436720848083496,0.746882796287537,0.49109748005867,0.592121243476868,0.297355890274048,0.164389491081238,0.96365362405777
1029,0.367205888032913,0.172110855579376,0.417157381772995,0.744976997375488,0.474168658256531,0.579883933067322,0.290769696235657,0.162875652313232,0.958685338497162
1031,0.364554733037949,0.162160381674767,0.395546078681946,0.731852471828461,0.461526662111282,0.582259654998779,0.296774625778198,0.161999270319939,0.949201464653015
1033,0.362749874591827,0.154881685972214,0.390047460794449,0.707696735858917,0.446597754955292,0.596012949943542,0.317146390676498,0.152323931455612,0.939441502094269
1035,0.360911101102829,0.148467376828194,0.403115540742874,0.69340193271637,0.439239174127579,0.602912366390228,0.333446562290192,0.14924168586731,0.942089915275574
1037,0.34764689207077,0.143632754683495,0.409809023141861,0.702350437641144,0.443635582923889,0.599953532218933,0.336127579212189,0.164583504199982,0.95183664560318
1039,0.333805173635483,0.140391483902931,0.413696140050888,0.715058505535126,0.44799530506134,0.598979890346527,0.339555621147156,0.177184224128723,0.97111576795578
1041,0.333004027605057,0.14624696969986,0.422366440296173,0.716868102550507,0.448669493198395,0.610086500644684,0.343418598175049,0.169337883591652,0.978795826435089
1043,0.333015441894531,0.160884156823158,0.43099257349968,0.71792608499527,0.449245065450668,0.627143859863281,0.344710469245911,0.170050382614136,0.980941116809845
1045,0.340975135564804,0.168372601270676,0.424981236457825,0.724330306053162,0.449569135904312,0.629381835460663,0.344958156347275,0.177838012576103,0.986818194389343
1047,0.343577802181244,0.17101377248764,0.418842732906342,0.734421253204346,0.458239197731018,0.611298859119415,0.343075722455978,0.166880548000336,0.989556849002838
1049,0.345702975988388,0.172202050685883,0.423299789428711,0.736513078212738,0.465754806995392,0.590841710567474,0.340644806623459,0.155823856592178,0.991299211978912
1051,0.355303645133972,0.171187832951546,0.43807265162468,0.732210516929626,0.477939575910568,0.595126867294312,0.339294582605362,0.162802487611771,0.997672021389008
1053,0.364829063415527,0.173536762595177,0.449547231197357,0.74922788143158,0.485440820455551,0.604586958885193,0.349013894796371,0.177392333745956,1.00475466251373
1055,0.373721748590469,0.179225862026215,0.456297785043716,0.772441804409027,0.481964290142059,0.621823847293854,0.374378800392151,0.187357023358345,1.03527569770813
1057,0.387828499078751,0.18833065032959,0.475442796945572,0.782568097114563,0.472164452075958,0.636397838592529,0.407301485538483,0.196271866559982,1.07056510448456
1059,0.400477647781372,0.196945801377296,0.50241607427597,0.800763010978699,0.463491439819336,0.654236853122711,0.426929354667664,0.194172829389572,1.10161423683167
1061,0.41217640042305,0.206266686320305,0.534861326217651,0.829357802867889,0.460667043924332,0.671188652515411,0.438486635684967,0.184010967612267,1.12929999828339
1063,0.411008447408676,0.212549477815628,0.552797734737396,0.861729204654694,0.466372102499008,0.699162840843201,0.452191084623337,0.181115448474884,1.15966498851776
1065,0.405375003814697,0.224211260676384,0.56068754196167,0.882871448993683,0.478543668985367,0.727960109710693,0.477714687585831,0.189217060804367,1.19202768802643
1067,0.407658010721207,0.240839883685112,0.559066772460938,0.904376327991486,0.492636740207672,0.74932873249054,0.507868349552155,0.205169588327408,1.21579253673553
1069,0.421810120344162,0.249986723065376,0.550410449504852,0.92378032207489,0.501252114772797,0.76642918586731,0.528008222579956,0.232228204607964,1.2546112537384
1071,0.43935152888298,0.252282500267029,0.560274839401245,0.946307957172394,0.506572723388672,0.785469889640808,0.548503041267395,0.255508363246918,1.30938684940338
1073,0.463403135538101,0.262754142284393,0.586828708648682,0.98436975479126,0.508843302726746,0.805896639823914,0.577629804611206,0.275498479604721,1.37845492362976
1075,0.497073650360107,0.28048500418663,0.62297511100769,1.02459645271301,0.519507706165314,0.841043055057526,0.618454337120056,0.292967349290848,1.45503187179565
1077,0.526938199996948,0.29638609290123,0.661785840988159,1.07174980640411,0.537408471107483,0.878198564052582,0.669955134391785,0.312572121620178,1.54411506652832
1079,0.556194961071014,0.313849776983261,0.704164028167725,1.13310706615448,0.563672721385956,0.916465103626251,0.728944718837738,0.336765557527542,1.6493821144104
1081,0.597515523433685,0.335802316665649,0.756798386573792,1.19344258308411,0.602280497550964,0.965657830238342,0.782093286514282,0.371935874223709,1.77145445346832
1083,0.66244912147522,0.368718296289444,0.81680166721344,1.2562507390976,0.634431540966034,1.03550338745117,0.839952170848846,0.419865816831589,1.92636489868164
1085,0.730200707912445,0.415410071611404,0.889420509338379,1.33864867687225,0.672794222831726,1.12557721138,0.917445659637451,0.481607675552368,2.11378502845764
1087,0.784988105297089,0.463393837213516,0.967958271503448,1.4252415895462,0.728717803955078,1.21239197254181,1.00100314617157,0.56067430973053,2.32582664489746
1089,0.827870786190033,0.504169642925262,1.04340660572052,1.50884938240051,0.791245222091675,1.28718221187592,1.06637060642242,0.64539247751236,2.53635358810425
1091,0.868367850780487,0.533250212669373,1.11221492290497,1.579998254776,0.845996022224426,1.34679353237152,1.10688138008118,0.710360109806061,2.70963406562805
1093,0.901219427585602,0.565131902694702,1.18019711971283,1.62992787361145,0.894401788711548,1.3931599855423,1.13015520572662,0.752195060253143,2.83385848999023
1095,0.910393953323364,0.601411998271942,1.23453950881958,1.66760969161987,0.951883494853973,1.41631233692169,1.14340054988861,0.79004442691803,2.92418193817139
1097,0.894762396812439,0.627175867557526,1.26432049274445,1.68118989467621,0.994986891746521,1.43208909034729,1.14422070980072,0.826055645942688,2.98107838630676
1099,0.872602701187134,0.6348837018013,1.26576173305511,1.67717945575714,1.00455856323242,1.44353401660919,1.13002002239227,0.854205429553986,2.98213887214661
1101,0.841537952423096,0.623133599758148,1.23981034755707,1.64850950241089,0.978779792785645,1.42302167415619,1.098353266716,0.859127700328827,2.92031455039978
1103,0.79675155878067,0.595815300941467,1.18174624443054,1.58913934230804,0.925660967826843,1.35118722915649,1.04841697216034,0.823789417743683,2.78845715522766
1105,0.73483794927597,0.548078775405884,1.09678971767426,1.49639463424683,0.846724092960358,1.24043524265289,0.995163798332214,0.766198456287384,2.58896660804749
1107,0.664311230182648,0.486126065254211,0.993487536907196,1.37737989425659,0.737298905849457,1.12792229652405,0.936393022537231,0.695884227752686,2.35238456726074
1109,0.607323229312897,0.430169105529785,0.899076759815216,1.26783227920532,0.630632758140564,1.02855312824249,0.861711084842682,0.617634236812592,2.11072826385498
1111,0.558655321598053,0.388736873865128,0.812731266021729,1.17196810245514,0.54494035243988,0.935060799121857,0.779397487640381,0.551598608493805,1.88621938228607
1113,0.518825709819794,0.353814989328384,0.729433953762054,1.0705943107605,0.479371100664139,0.85263603925705,0.698058485984802,0.494477361440659,1.67886996269226
1115,0.487403959035873,0.320932805538177,0.652864158153534,0.972408890724182,0.429788261651993,0.780693054199219,0.630345463752747,0.441321015357971,1.4953441619873
1117,0.456070691347122,0.286682933568954,0.583280622959137,0.895758748054504,0.383713990449905,0.721996068954468,0.570361256599426,0.393460273742676,1.32830727100372
1119,0.41422313451767,0.25115430355072,0.513845920562744,0.834416627883911,0.340012103319168,0.653490245342255,0.510183095932007,0.345391452312469,1.1761519908905
1121,0.367526978254318,0.216820225119591,0.444395631551743,0.764612793922424,0.302818566560745,0.577975392341614,0.447553843259811,0.299900263547897,1.03429937362671
1123,0.319544076919556,0.183752119541168,0.369793295860291,0.678948760032654,0.263166666030884,0.506382882595062,0.384209305047989,0.257848054170609,0.905049204826355
1125,0.279195696115494,0.156042084097862,0.307598292827606,0.587723970413208,0.220148280262947,0.439675956964493,0.322045177221298,0.220672383904457,0.778954148292542
1127,0.246729403734207,0.125643983483315,0.261370420455933,0.50992226600647,0.177358373999596,0.379156887531281,0.267449408769608,0.191494286060333,0.67189747095108
1129,0.212227001786232,0.0873043537139893,0.221767261624336,0.444780647754669,0.14232312142849,0.321485191583633,0.228898197412491,0.170456483960152,0.580432534217834
1131,0.174854978919029,0.0586728006601334,0.184207603335381,0.382898509502411,0.118038468062878,0.265358984470367,0.193521231412888,0.151516541838646,0.485968768596649
1133,0.147148475050926,0.0404064618051052,0.151485800743103,0.310606420040131,0.102012388408184,0.214228600263596,0.157338425517082,0.136849090456963,0.401820003986359
1135,0.13217531144619,0.0263119228184223,0.121787950396538,0.248091161251068,0.0994758754968643,0.173353806138039,0.114682473242283,0.124848589301109,0.328177809715271
1137,0.116887927055359,0.0211477894335985,0.0910859107971191,0.216637283563614,0.0976195707917213,0.141555443406105,0.0761473253369331,0.112933121621609,0.278285920619965
1139,0.0974546298384666,0.0206470936536789,0.0719433054327965,0.199068740010262,0.09949891269207,0.119617216289043,0.057949248701334,0.112715214490891,0.250485926866531
1141,0.080559991300106,0.022287679836154,0.0638013184070587,0.178835988044739,0.099384143948555,0.107836529612541,0.0540674589574337,0.107306748628616,0.221025303006172
1143,0.0671337768435478,0.0221778899431229,0.0674734339118004,0.155075371265411,0.0933478400111198,0.110149204730988,0.0462345741689205,0.100932568311691,0.2011848539114
1145,0.0565653331577778,0.0197467003017664,0.0668497756123543,0.145453721284866,0.0918403565883636,0.116816990077496,0.0397236086428165,0.0911658182740211,0.183503106236458
1147,0.0520185902714729,0.0171601437032223,0.0614093504846096,0.147389337420464,0.0826661735773087,0.121345713734627,0.0371000394225121,0.0795956924557686,0.163309708237648
1149,0.0511853955686092,0.0158511754125357,0.0495886281132698,0.149513125419617,0.0712117552757263,0.121998697519302,0.0444713532924652,0.0727827772498131,0.154285162687302
1151,0.0610906481742859,0.0127026177942753,0.028350081294775,0.152424514293671,0.0616861991584301,0.120635718107224,0.0458286851644516,0.074892595410347,0.151601627469063
1153,0.0700702369213104,0.0197642855346203,0.0189389567822218,0.151186794042587,0.0562095940113068,0.114234484732151,0.0426667220890522,0.0813025087118149,0.151926904916763
1155,0.0673212260007858,0.0281154867261648,0.0231417659670115,0.157592847943306,0.0487988330423832,0.118614360690117,0.0502568259835243,0.0904331505298615,0.160197451710701
1157,0.0678249970078468,0.031350314617157,0.0364101827144623,0.160478800535202,0.0492026843130589,0.142462745308876,0.0678530484437943,0.102331846952438,0.181713610887527
1159,0.0798118487000465,0.0319281108677387,0.0520776696503162,0.171211406588554,0.0668947175145149,0.174796789884567,0.0757637172937393,0.124976642429829,0.215892523527145
1161,0.10892342031002,0.0368224009871483,0.0702296644449234,0.205632716417313,0.0862801745533943,0.209323987364769,0.0812135636806488,0.152940109372139,0.264391034841537
1163,0.145923599600792,0.0509833581745625,0.0798492580652237,0.260715663433075,0.106596618890762,0.252774268388748,0.102426320314407,0.199266329407692,0.33207231760025
1165,0.170275092124939,0.064753845334053,0.0883225575089455,0.316097140312195,0.12275043874979,0.302063643932343,0.136509284377098,0.248765990138054,0.39854696393013
1167,0.178434982895851,0.0728737488389015,0.112380862236023,0.366275727748871,0.134103804826736,0.354156345129013,0.159454956650734,0.284147500991821,0.457844346761703
1169,0.183859527111053,0.0818613171577454,0.13232846558094,0.40273728966713,0.136712774634361,0.390671342611313,0.183557525277138,0.298694938421249,0.52153617143631
1171,0.188862636685371,0.095382533967495,0.142845675349236,0.420371443033218,0.13683357834816,0.415642619132996,0.212911605834961,0.297845810651779,0.574867308139801
1173,0.19067870080471,0.106763899326324,0.149219825863838,0.425472617149353,0.145124420523643,0.434539884328842,0.233099818229675,0.30085825920105,0.61021226644516
1175,0.193666145205498,0.114143550395966,0.154205858707428,0.441958099603653,0.155476272106171,0.455729424953461,0.245170831680298,0.306811511516571,0.633445501327515
1177,0.217230334877968,0.118883170187473,0.167168438434601,0.467969387769699,0.169770643115044,0.476452857255936,0.261232823133469,0.328388869762421,0.654563009738922
1179,0.250798791646957,0.129328891634941,0.177190452814102,0.474769353866577,0.191160589456558,0.490622699260712,0.274602234363556,0.362825512886047,0.697823107242584
1181,0.27644082903862,0.152162224054337,0.203308165073395,0.493755787611008,0.207483008503914,0.520524322986603,0.287299364805222,0.393945127725601,0.772449672222137
1183,0.296574741601944,0.177439481019974,0.256376653909683,0.547293722629547,0.223654791712761,0.576708376407623,0.316847652196884,0.429361402988434,0.84871780872345
1185,0.332421213388443,0.19416531920433,0.302578300237656,0.625070154666901,0.252004951238632,0.655667364597321,0.346380978822708,0.470731943845749,0.935029149055481
1187,0.382884711027145,0.195028945803642,0.341625481843948,0.706597805023193,0.277315139770508,0.748800754547119,0.38020321726799,0.530022978782654,1.03682887554169
1189,0.42781937122345,0.199705705046654,0.386689782142639,0.784260451793671,0.294811606407166,0.83660477399826,0.433080673217773,0.581448137760162,1.13170683383942
1191,0.457839846611023,0.214534759521484,0.442554831504822,0.863916039466858,0.317721366882324,0.908450365066528,0.484796106815338,0.616138219833374,1.22156989574432
1193,0.478629618883133,0.245589718222618,0.485280722379684,0.958445727825165,0.352323621511459,0.977981328964233,0.525903940200806,0.643348515033722,1.30686354637146
1195,0.500133514404297,0.27176621556282,0.489741712808609,1.05278646945953,0.374527096748352,1.01884520053864,0.556125521659851,0.666748940944672,1.39763951301575
1197,0.520821630954742,0.279234170913696,0.496613293886185,1.107661485672,0.376377791166306,1.04654788970947,0.576554238796234,0.685301959514618,1.45173227787018
1199,0.543552279472351,0.279470235109329,0.511419773101807,1.1084817647934,0.37767767906189,1.09394133090973,0.606769382953644,0.695911288261414,1.47394812107086
1201,0.557300925254822,0.284036964178085,0.528238892555237,1.08526015281677,0.382756531238556,1.10537171363831,0.631113171577454,0.690875768661499,1.46592092514038
1203,0.558159589767456,0.294128209352493,0.535917997360229,1.03441643714905,0.38578188419342,1.06620311737061,0.644045770168304,0.692060530185699,1.42918312549591
1205,0.550260484218597,0.28421488404274,0.511968314647675,0.977947294712067,0.392694532871246,1.02192676067352,0.624112248420715,0.69165050983429,1.41088604927063
1207,0.545279145240784,0.26837956905365,0.465077251195908,0.944630146026611,0.408255755901337,0.979429125785828,0.604411065578461,0.694601118564606,1.39694404602051
1209,0.54916125535965,0.245421171188354,0.440731287002563,0.878044843673706,0.456831246614456,0.888648211956024,0.492659330368042,0.678331792354584,1.29317009449005
1211,0.553102672100067,0.222111850976944,0.416013240814209,0.810441851615906,0.506149172782898,0.796479761600494,0.37919956445694,0.661813795566559,1.18780994415283
1213,0.557104766368866,0.198443502187729,0.390914440155029,0.741797566413879,0.55622673034668,0.702891767024994,0.263992309570313,0.645041406154633,1.08082711696625
1215,0.5414959192276,0.204791083931923,0.403057247400284,0.726711869239807,0.537823557853699,0.697411179542542,0.287210464477539,0.66631019115448,1.09045553207397
1217,0.533067464828491,0.215475469827652,0.438629060983658,0.768497228622437,0.551584899425507,0.715521454811096,0.310044467449188,0.695184051990509,1.09990870952606
1219,0.555597066879272,0.235450342297554,0.496863305568695,0.885490536689758,0.615652143955231,0.787335515022278,0.328719973564148,0.769069135189056,1.15209460258484
1221,0.618573248386383,0.287663400173187,0.555844485759735,1.03621184825897,0.697667479515076,0.89818286895752,0.367240935564041,0.866387963294983,1.30353033542633
1223,0.731044232845306,0.369769662618637,0.630794763565063,1.21190500259399,0.811985194683075,1.05437302589417,0.481731295585632,0.94557911157608,1.58221864700317
1225,0.877583682537079,0.459656953811646,0.752215385437012,1.37563455104828,0.951706409454346,1.28140687942505,0.621313452720642,0.997052371501923,1.88819050788879
1227,1.03811991214752,0.53293365240097,0.868452370166779,1.53489220142365,1.1137535572052,1.53117549419403,0.74713808298111,1.06190919876099,2.20184731483459
1229,1.18443036079407,0.589019238948822,0.969006717205048,1.67290556430817,1.26601660251617,1.78455829620361,0.851528882980347,1.13639307022095,2.51895666122437
1231,1.30973541736603,0.644617140293121,1.06973302364349,1.80923068523407,1.40995621681213,2.01686358451843,0.950406849384308,1.19305181503296,2.82782793045044
1233,1.43394017219543,0.703555047512054,1.18245589733124,1.97239196300507,1.56109654903412,2.22249341011047,1.06298303604126,1.24444353580475,3.14827537536621
1235,1.57178854942322,0.761879444122314,1.28054475784302,2.13716387748718,1.71947300434113,2.41250801086426,1.1956639289856,1.29031991958618,3.48037099838257
1237,1.72288131713867,0.818324387073517,1.36297869682312,2.27675938606262,1.87330222129822,2.61902356147766,1.34863138198853,1.34565043449402,3.80550956726074
1239,1.86702883243561,0.882460057735443,1.44025731086731,2.3940064907074,2.01726531982422,2.84913492202759,1.46493899822235,1.37912142276764,4.13665103912354
1241,1.98055982589722,0.952777981758118,1.51563787460327,2.50126910209656,2.09444689750671,3.0462281703949,1.55073761940002,1.40863060951233,4.48107194900513
1243,2.09607172012329,1.01741814613342,1.57530033588409,2.5853545665741,2.14576435089111,3.21349310874939,1.63659381866455,1.44186353683472,4.81763553619385
1245,2.23013305664063,1.07646000385284,1.65547275543213,2.655757188797,2.19393110275269,3.36285519599915,1.73596942424774,1.46802520751953,5.15149164199829
1247,2.36662268638611,1.13081276416779,1.73777437210083,2.740962266922,2.24432158470154,3.55325508117676,1.85095548629761,1.4756726026535,5.51917314529419
1249,2.52255868911743,1.19039177894592,1.8168671131134,2.87458872795105,2.32928705215454,3.82403540611267,1.97939336299896,1.46261131763458,6.00116968154907
1251,2.68715882301331,1.23607313632965,1.90797626972198,3.03305315971375,2.40564942359924,4.14073085784912,2.0884690284729,1.45524191856384,6.56312656402588
1253,2.793377161026,1.2559027671814,1.95894300937653,3.15938925743103,2.41830945014954,4.38477849960327,2.17831563949585,1.45752263069153,6.98454093933105
1255,2.78922176361084,1.22791087627411,1.96167814731598,3.20993185043335,2.3392448425293,4.44864225387573,2.23312282562256,1.4558048248291,7.08023309707642
1257,2.68669009208679,1.16718673706055,1.91117084026337,3.1477165222168,2.21022248268127,4.29874420166016,2.23624849319458,1.41988909244537,6.85659027099609
1259,2.51259732246399,1.09200000762939,1.80793750286102,3.01838254928589,2.06405735015869,4.01566934585571,2.17030930519104,1.34941530227661,6.42664480209351
1261,2.30070757865906,1.00973463058472,1.67784714698792,2.84084463119507,1.89291203022003,3.67819261550903,2.03511810302734,1.2748076915741,5.87472152709961
1263,2.07369017601013,0.92596048116684,1.52688848972321,2.64088702201843,1.6890321969986,3.30731821060181,1.86617207527161,1.19808852672577,5.241370677948
1265,1.84145355224609,0.829922139644623,1.37389135360718,2.43424892425537,1.49304866790771,2.92935991287231,1.68449437618256,1.11334097385406,4.58014726638794
1267,1.60999059677124,0.725324153900146,1.21680498123169,2.20356440544128,1.31143069267273,2.56740975379944,1.49313282966614,1.00125825405121,3.95452690124512
1269,1.40980172157288,0.623075067996979,1.07107758522034,1.96929204463959,1.14218878746033,2.24871850013733,1.31317245960236,0.857838273048401,3.39316844940186
1271,1.24114871025085,0.532012224197388,0.955932199954987,1.75633382797241,0.979050874710083,1.97170317173004,1.14340484142303,0.739761471748352,2.90710139274597
1273,1.08415532112122,0.467162370681763,0.853943467140198,1.58586204051971,0.848335027694702,1.74550116062164,0.995084404945374,0.651303470134735,2.50529456138611
1275,0.946478962898254,0.424967855215073,0.761127412319183,1.44458067417145,0.742540299892426,1.5571221113205,0.872934401035309,0.586316287517548,2.18312358856201
1277,0.839607536792755,0.38737741112709,0.688965797424316,1.31068885326385,0.660240530967712,1.38747441768646,0.764083802700043,0.531793534755707,1.93752861022949
1279,0.753259241580963,0.344316929578781,0.625382363796234,1.19154059886932,0.593132495880127,1.25065052509308,0.67421019077301,0.499371767044067,1.75876343250275
1281,0.677295565605164,0.301170647144318,0.572449624538422,1.10081541538239,0.535514771938324,1.1446338891983,0.605055749416351,0.473767042160034,1.61768710613251
1283,0.615031361579895,0.263506025075912,0.527164995670319,1.03319251537323,0.502190291881561,1.06927728652954,0.55826336145401,0.453566998243332,1.49314320087433
1285,0.564820051193237,0.237708702683449,0.49134761095047,0.986482799053192,0.478429108858109,1.01865887641907,0.531918823719025,0.440677314996719,1.38813650608063
1287,0.533843874931335,0.226248651742935,0.488735377788544,0.956436932086945,0.451805830001831,0.99049961566925,0.5218425989151,0.43609893321991,1.3174934387207
1289,0.528778731822968,0.225815907120705,0.487558096647263,0.952100813388824,0.436098366975784,0.979674339294434,0.516354918479919,0.428096979856491,1.29121708869934
1291,0.54509437084198,0.236505463719368,0.475074857473373,0.972571134567261,0.433344393968582,0.999019980430603,0.511922299861908,0.423397809267044,1.31155967712402
1293,0.574494659900665,0.255493760108948,0.469449251890182,0.997404992580414,0.446194857358932,1.04040122032166,0.518172264099121,0.433403193950653,1.36679553985596
1295,0.604639410972595,0.270018935203552,0.488925069570541,1.02681577205658,0.475221931934357,1.09573197364807,0.535252273082733,0.440604865550995,1.43773090839386
1297,0.640707015991211,0.283895939588547,0.527331531047821,1.07632410526276,0.504920661449432,1.15346121788025,0.580239057540894,0.463089168071747,1.51598942279816
1299,0.689203917980194,0.30690798163414,0.575540006160736,1.1335221529007,0.530442535877228,1.21987438201904,0.641609966754913,0.493813723325729,1.61144912242889
1301,0.736354053020477,0.33503857254982,0.620506525039673,1.19659757614136,0.552632689476013,1.2992662191391,0.704574286937714,0.522325873374939,1.71763432025909
1303,0.780482530593872,0.370783090591431,0.652047872543335,1.26713395118713,0.576679706573486,1.39190685749054,0.765189588069916,0.552459478378296,1.82836484909058
1305,0.827033936977386,0.406751990318298,0.686397433280945,1.33396768569946,0.60097748041153,1.49172055721283,0.829263865947723,0.582481980323792,1.96544528007507
1307,0.881479799747467,0.441391557455063,0.721542060375214,1.40320956707001,0.629830181598663,1.6017519235611,0.904140889644623,0.619391202926636,2.14250349998474
1309,0.945837557315826,0.477141261100769,0.769448697566986,1.48082852363586,0.667026102542877,1.7207658290863,0.980018079280853,0.669728457927704,2.35226702690125
1311,1.02285218238831,0.52369225025177,0.83459860086441,1.56881380081177,0.716727674007416,1.86405026912689,1.0568083524704,0.737577736377716,2.60386443138123
1313,1.11570978164673,0.577212631702423,0.913204491138458,1.67630755901337,0.770722508430481,2.04581475257874,1.14551329612732,0.810564994812012,2.89661812782288
1315,1.21050631999969,0.632899761199951,1.02360832691193,1.80606746673584,0.82306307554245,2.24347591400146,1.24617385864258,0.874627947807312,3.23364496231079
1317,1.31782472133636,0.69876503944397,1.16290259361267,1.96099853515625,0.882802188396454,2.47630476951599,1.3435081243515,0.946403741836548,3.66551518440247
1319,1.41613960266113,0.77920925617218,1.30889225006104,2.1617226600647,0.958054542541504,2.75981473922729,1.4353164434433,1.0485714673996,4.21074390411377
1321,1.4830242395401,0.874538719654083,1.44810271263123,2.37480139732361,1.02827131748199,3.0352954864502,1.51052379608154,1.15498471260071,4.81720733642578
1323,1.5105117559433,0.964230597019196,1.54711079597473,2.54755544662476,1.07713532447815,3.22903990745544,1.56813859939575,1.21815097332001,5.38168621063232
1325,1.50099050998688,1.03655481338501,1.59132719039917,2.67552351951599,1.12021768093109,3.319988489151,1.60329031944275,1.28644990921021,5.85310077667236
1327,1.46884000301361,1.09615850448608,1.58493983745575,2.72484374046326,1.16233682632446,3.339031457901,1.63239026069641,1.40855741500854,6.20180606842041
1329,1.43396329879761,1.14310026168823,1.52930879592896,2.6991913318634,1.20551705360413,3.30776739120483,1.65801954269409,1.54357886314392,6.41994667053223
1331,1.38977289199829,1.17303025722504,1.45407211780548,2.64575052261353,1.25224900245667,3.22868204116821,1.68037128448486,1.65437412261963,6.5054407119751
1333,1.34665596485138,1.18487405776978,1.41258776187897,2.60283446311951,1.27292382717133,3.13437700271606,1.68779349327087,1.71006309986115,6.44337701797485
1335,1.30950736999512,1.16275644302368,1.41858649253845,2.54928803443909,1.23505103588104,3.00932908058167,1.67493307590485,1.67877900600433,6.18565845489502
1337,1.26796162128448,1.08073151111603,1.41301298141479,2.43646955490112,1.12746071815491,2.80809569358826,1.6148282289505,1.54721963405609,5.67070293426514
1339,1.21591734886169,0.958963751792908,1.35056185722351,2.26048421859741,0.962265193462372,2.55318808555603,1.50785779953003,1.35633099079132,5.00117158889771
1341,1.1575368642807,0.838413655757904,1.25253593921661,2.05002737045288,0.797361612319946,2.29193949699402,1.38430678844452,1.17087209224701,4.3411078453064
1343,1.09695827960968,0.737506210803986,1.14917194843292,1.85094857215881,0.667894423007965,2.0665397644043,1.26886653900146,1.03742444515228,3.78856110572815
1345,1.04466438293457,0.663405299186707,1.05783116817474,1.70145750045776,0.584053218364716,1.89663875102997,1.18257141113281,0.952996909618378,3.38876557350159
1347,1.01048183441162,0.613998174667358,0.99976921081543,1.60887360572815,0.55190771818161,1.78011500835419,1.11601233482361,0.905335009098053,3.13392853736877
1349,0.991145372390747,0.586359083652496,0.973225712776184,1.56002914905548,0.543935358524323,1.71705532073975,1.0717226266861,0.88679838180542,3.00509524345398
1351,0.976560175418854,0.570338726043701,0.955983996391296,1.52484536170959,0.539970457553864,1.68259191513062,1.04584443569183,0.875544428825378,2.91855525970459
1353,0.954853951931,0.554274499416351,0.927839577198029,1.4809330701828,0.527621388435364,1.64772152900696,1.02488398551941,0.86168098449707,2.81416702270508
1355,0.917260706424713,0.531017124652863,0.880478143692017,1.42627167701721,0.501885294914246,1.58899259567261,0.997171521186829,0.835260212421417,2.66194033622742
1357,0.86567884683609,0.498545944690704,0.820919215679169,1.36055159568787,0.462461590766907,1.49845468997955,0.955915510654449,0.782562673091888,2.45984864234924
1359,0.798841059207916,0.459403276443481,0.752444624900818,1.28687167167664,0.405140399932861,1.38149976730347,0.887610077857971,0.700803518295288,2.21478176116943
1361,0.723717451095581,0.410046368837357,0.669565200805664,1.19765627384186,0.332933187484741,1.24167048931122,0.796486854553223,0.608879208564758,1.94100475311279
1363,0.656837046146393,0.355439633131027,0.5915567278862,1.10993683338165,0.270453155040741,1.1133394241333,0.715766370296478,0.542350172996521,1.69122076034546
1365,0.59879195690155,0.310482561588287,0.52313506603241,1.030228972435,0.231420293450356,1.00810420513153,0.638559639453888,0.492312908172607,1.50547695159912
1367,0.553855299949646,0.277571827173233,0.468496173620224,0.948305726051331,0.209259301424026,0.928726136684418,0.575917482376099,0.442379117012024,1.37655532360077
1369,0.518708825111389,0.255194425582886,0.434110909700394,0.868014872074127,0.198549956083298,0.877051711082458,0.536760449409485,0.412253588438034,1.28044819831848
1371,0.487599909305573,0.238516971468925,0.412477374076843,0.810054242610931,0.193044453859329,0.829620778560638,0.504589736461639,0.396648079156876,1.19176411628723
1373,0.462649077177048,0.228295996785164,0.394401341676712,0.782236158847809,0.194476574659348,0.793761491775513,0.478431552648544,0.380370914936066,1.12304937839508
1375,0.447434037923813,0.221871495246887,0.377214163541794,0.784412860870361,0.204979002475739,0.773580312728882,0.460517525672913,0.361344754695892,1.09087347984314
1377,0.446281969547272,0.215999022126198,0.366880059242249,0.77931672334671,0.214596107602119,0.768922030925751,0.451041907072067,0.350532591342926,1.06627571582794
1379,0.449609220027924,0.20793642103672,0.344929814338684,0.758667528629303,0.21405291557312,0.759512841701508,0.44150972366333,0.34488570690155,1.02359890937805
1381,0.446784734725952,0.198286026716232,0.318822830915451,0.737382829189301,0.199773490428925,0.725617408752441,0.422179967164993,0.340179264545441,0.968477547168732
1383,0.426923662424088,0.188030675053596,0.294783890247345,0.708396971225739,0.17692294716835,0.682526826858521,0.385539084672928,0.330498188734055,0.904000222682953
1385,0.386440604925156,0.175250202417374,0.273226857185364,0.657880306243896,0.153955191373825,0.633459448814392,0.339339852333069,0.309447884559631,0.819936811923981
1387,0.341668874025345,0.158041402697563,0.2584168612957,0.60281103849411,0.128377854824066,0.575550079345703,0.299610286951065,0.280736654996872,0.717112004756927
1389,0.305656731128693,0.131015241146088,0.243322730064392,0.544367730617523,0.104969367384911,0.517679452896118,0.263629972934723,0.248954460024834,0.615925908088684
1391,0.274926275014877,0.108893573284149,0.215604990720749,0.482332229614258,0.0859585106372833,0.46103298664093,0.220676720142365,0.215907484292984,0.54477196931839
1393,0.231843218207359,0.0912484675645828,0.179027110338211,0.420265227556229,0.0758501961827278,0.403895646333694,0.169756039977074,0.181821763515472,0.483094930648804
1395,0.189957231283188,0.0785911530256271,0.140038594603539,0.358601093292236,0.0694214776158333,0.357139945030212,0.131033033132553,0.147040218114853,0.430966407060623
1397,0.158495411276817,0.0748302415013313,0.111477687954903,0.315707325935364,0.0719826966524124,0.320236712694168,0.107172951102257,0.120283029973507,0.389837205410004
1399,0.150618404150009,0.072567954659462,0.104407981038094,0.310259133577347,0.0767184123396873,0.29731622338295,0.109772309660912,0.115767382085323,0.367337435483932
1401,0.158655613660812,0.0710251778364182,0.106061279773712,0.325679361820221,0.0797316804528236,0.283181130886078,0.121777050197124,0.132991105318069,0.357125371694565
1403,0.175217464566231,0.076465480029583,0.118773154914379,0.356836885213852,0.0886473432183266,0.299151986837387,0.142379865050316,0.157280698418617,0.370483845472336
1405,0.2024195343256,0.0886988863348961,0.144482344388962,0.409424036741257,0.109317377209663,0.343543857336044,0.182435557246208,0.196326643228531,0.439034283161163
1407,0.25035634636879,0.114551432430744,0.181261792778969,0.507435083389282,0.137641325592995,0.428205549716949,0.254843354225159,0.252231448888779,0.570208311080933
1409,0.324072897434235,0.160670384764671,0.243299961090088,0.64863246679306,0.183044984936714,0.572999894618988,0.373186469078064,0.324954986572266,0.761600196361542
1411,0.433711349964142,0.230909511446953,0.340157240629196,0.80873042345047,0.248026788234711,0.766858160495758,0.519318103790283,0.416005373001099,1.00226175785065
1413,0.565208315849304,0.310884475708008,0.442159414291382,0.991692006587982,0.307752341032028,0.971658110618591,0.654065787792206,0.518675982952118,1.26392185688019
1415,0.689676225185394,0.379980385303497,0.541302919387817,1.1714460849762,0.356241106987,1.17088079452515,0.758397400379181,0.621849596500397,1.52527296543121
1417,0.879253387451172,0.478831738233566,0.694982051849365,1.4182003736496,0.450631201267242,1.49248552322388,0.918321132659912,0.773772120475769,1.97148334980011
1419,1.19868886470795,0.641125619411469,0.934403598308563,1.77915167808533,0.640305876731873,2.00792479515076,1.23251330852509,0.993032395839691,2.78983426094055
1421,1.67451179027557,0.876501560211182,1.27160131931305,2.28523468971252,0.926773846149445,2.77181839942932,1.67465567588806,1.17025101184845,4.09312105178833
1423,2.16694140434265,1.10856401920319,1.65505170822144,2.85070633888245,1.20535695552826,3.62726092338562,2.12378931045532,1.28193807601929,5.63875341415405
1425,2.42535352706909,1.20952069759369,1.90610802173615,3.18071794509888,1.32797038555145,4.09119653701782,2.39947247505188,1.33988976478577,6.53563690185547
1427,2.44234132766724,1.19551396369934,1.99048840999603,3.24799251556396,1.3076628446579,4.13440418243408,2.46669268608093,1.35363662242889,6.622887134552
1429,2.40933680534363,1.14709115028381,1.9906280040741,3.21464610099792,1.25383412837982,4.03296852111816,2.44266057014465,1.3859726190567,6.43428421020508
1431,2.41455554962158,1.11666083335876,1.97495317459106,3.18169784545898,1.23127818107605,3.95412492752075,2.41473793983459,1.37713980674744,6.29233074188232
1433,2.35762119293213,1.06038343906403,1.92081344127655,3.10776829719543,1.203977227211,3.81050515174866,2.32018423080444,1.30490827560425,6.01650428771973
1435,2.13958954811096,0.935728192329407,1.74223268032074,2.88679099082947,1.13004422187805,3.47274899482727,2.07514619827271,1.19221818447113,5.34903430938721
1437,1.78111886978149,0.773787558078766,1.4745454788208,2.53366661071777,0.990583419799805,2.98707628250122,1.7441771030426,1.04248356819153,4.42922830581665
1439,1.39677476882935,0.60682600736618,1.17301940917969,2.13560605049133,0.802968502044678,2.44284272193909,1.39771795272827,0.884054005146027,3.48999357223511
1441,1.05398046970367,0.449746489524841,0.889588952064514,1.72476768493652,0.603672623634338,1.90519154071808,1.08945775032043,0.732426106929779,2.64574313163757
1443,0.781710803508759,0.334390580654144,0.658361911773682,1.36320626735687,0.444106310606003,1.47363674640656,0.824208676815033,0.611744940280914,1.98501002788544
1445,0.577301621437073,0.24957150220871,0.453669428825378,1.06952619552612,0.325786948204041,1.13497471809387,0.588623642921448,0.507435023784637,1.48113930225372
1447,0.433168172836304,0.174371942877769,0.304951101541519,0.78213232755661,0.264224141836166,0.794521927833557,0.396840810775757,0.404391527175903,1.04692089557648
1449,0.291531890630722,0.100475244224072,0.15880936384201,0.499717593193054,0.203727960586548,0.459967464208603,0.208380654454231,0.303133249282837,0.620225369930267
1451,0.152328386902809,0.02784782089293,0.0151778068393469,0.222153723239899,0.144270867109299,0.131159469485283,0.023157574236393,0.203614205121994,0.200858995318413
1453,0.16601100564003,0.0298839192837477,-0.000429872598033398,0.206038728356361,0.143340885639191,0.110451444983482,0.017020782455802,0.195463299751282,0.164350092411041
1455,0.143184334039688,0.0248873885720968,-0.00345927872695029,0.181832313537598,0.146533668041229,0.0830389931797981,-0.00662431167438626,0.176127597689629,0.125730156898499
1457,0.0815160870552063,-0.00235786545090377,0.00184041634202003,0.150621935725212,0.156615808606148,0.0555549971759319,-0.0400022752583027,0.141087561845779,0.120013780891895
1459,0.0545282289385796,-0.0120375659316778,0.00609952118247747,0.103584408760071,0.144890636205673,0.0397426933050156,-0.0172029864042997,0.0905699729919434,0.109982304275036
1461,0.0511184595525265,0.00947102718055248,0.00961270369589329,0.0685374662280083,0.107416845858097,0.023515248671174,-0.00370747107081115,0.0749663189053535,0.0755415409803391
1463,0.0314315557479858,0.0121548930183053,0.00644411565735936,0.0448073782026768,0.0910349190235138,0.0188293643295765,-0.0331627503037453,0.0805628225207329,0.0328963734209538
1465,0.0111745772883296,-0.000991604523733258,0.00786950532346964,0.0298355482518673,0.0913891643285751,0.0199431069195271,-0.0539689958095551,0.105339169502258,0.0198954846709967
1467,0.00496546505019069,-0.000794672756455839,0.0370757021009922,0.0171503555029631,0.0774305239319801,0.0400207787752151,-0.0367787852883339,0.0836333408951759,0.0400282703340054
1469,-0.00625460874289274,0.0136305615305901,0.0510504618287086,0.000233796978136525,0.0527700148522854,0.0571956448256969,-0.0191321987658739,0.0824555978178978,0.0720286667346954
1471,-0.0168072059750557,0.0129265133291483,0.0240479931235313,-0.00882550235837698,0.0492555759847164,0.0583427585661411,-0.019469091668725,0.105238951742649,0.0991400480270386
1473,-0.0160907227545977,0.00973598845303059,-0.0293291173875332,0.00478982646018267,0.0271852966398001,0.03809430077672,-0.0226547569036484,0.115684233605862,0.0935214757919312
1475,-0.0174583625048399,0.0040188692510128,-0.0474049337208271,0.0220484007149935,-0.00405235681682825,0.029487457126379,-0.00741646299138665,0.118374407291412,0.053950160741806
1477,0.00106055801734328,0.0160447042435408,-0.0232532806694508,0.0147514911368489,0.0153136709704995,0.0114140762016177,0.00320361787453294,0.10967256128788,0.0320413447916508
1479,0.012983568944037,0.020479479804635,0.00292839878238738,-0.010926203802228,0.0252977926284075,-0.00463440548628569,0.00503892451524734,0.0693508461117744,0.0400074906647205
1481,0.0053499722853303,0.0341208353638649,0.0226326957345009,-0.021423501893878,0.0328015238046646,0.00295720295980573,0.0308725088834763,0.0411559529602528,0.0566889904439449
1483,-0.00598277151584625,0.0356719791889191,0.0152922123670578,0.0103436755016446,0.0393407940864563,-0.0174665600061417,0.0380089543759823,0.0159280430525541,0.05510014295578
1485,-0.0323790796101093,0.0205302126705647,-0.00535068241879344,0.0242126602679491,0.0327670015394688,-0.0284967068582773,0.0387498252093792,-0.0360623821616173,0.0398052036762238
1487,-0.0445313341915607,0.00692319357767701,-0.0241788607090712,0.00251361541450024,-0.00460125785320997,-0.0447215959429741,0.0605926439166069,-0.0520236268639565,0.0462575480341911
1489,-0.0107000833377242,-0.00386808742769063,-0.0347804985940456,-0.0545083582401276,-0.0485644340515137,-0.0507069528102875,0.0548707246780396,-0.0438397005200386,0.0493918061256409
1491,0.00378820858895779,0.0113081904128194,-0.0140424715355039,-0.064267598092556,-0.0322076082229614,-0.0353712476789951,0.0297050643712282,-0.0537760443985462,0.0583626069128513
1493,0.0095505565404892,0.0175291988998652,0.00788947008550167,-0.0420264899730682,-0.0235840287059546,-0.0232942998409271,0.00561988027766347,-0.0611698441207409,0.102622605860233
1495,0.0140457302331924,0.0136759579181671,-0.00809637550264597,-0.0268061198294163,0.00806235149502754,-0.00596691947430372,-0.0121702970936894,-0.058943547308445,0.123072668910027
1497,0.015347003005445,-0.00497123785316944,-0.0393024459481239,-0.0441126935184002,-0.0104242125526071,-0.0066957944072783,-0.00328279077075422,-0.00738788722082973,0.0830784067511559
1499,0.0174772646278143,-0.0231515187770128,-0.0622915253043175,-0.0333102159202099,-0.0287382043898106,-0.0125024234876037,-0.013962977565825,-0.00306537002325058,0.0463272035121918
1501,0.00480571668595076,-0.0287248138338327,-0.0574175417423248,-0.0111848935484886,-0.0362595282495022,-0.0206358600407839,-0.0415977835655212,0.00169068574905396,-0.00350092886947095
1503,-0.0314391516149044,-0.025004792958498,-0.0170079842209816,-0.0107973916456103,-0.0584805980324745,0.00684067467227578,-0.0606068000197411,0.0223185010254383,0.0415719039738178
1505,-0.0761498883366585,-0.0327994301915169,-0.0151506504043937,-0.0482624024152756,-0.0337244495749474,-0.0321048051118851,-0.0468379333615303,0.047456830739975,0.111261807382107
1507,-0.0588170699775219,-0.012842183932662,-0.0199214890599251,-0.0937999039888382,0.0204346012324095,-0.0686791390180588,0.0661918818950653,-0.00119135994464159,0.0889773070812225
1509,-0.0195067450404167,-0.00809638388454914,-0.0182008780539036,-0.0637989044189453,-0.00895441696047783,-0.107556790113449,0.091945119202137,-0.036297470331192,-0.00862060394138098
1511,-0.0156989805400372,-0.0149009432643652,-0.0252185892313719,-0.0262097399681807,-0.00336958910338581,-0.0744896233081818,0.0430818349123001,-0.0510081648826599,-0.0575101263821125
1513,0.0136682633310556,-0.0228002816438675,-0.0171005502343178,-0.0375224351882935,0.0434771664440632,-0.0451028570532799,0.00799724739044905,-0.0361336246132851,-0.0530078932642937
1515,0.0322570763528347,-0.0226907767355442,0.0380123294889927,-0.0779044628143311,0.0397904254496098,-0.0403028540313244,-0.014098284766078,-0.00632424373179674,-0.0214077439159155
1517,0.00402443297207355,-0.0344849154353142,0.0517604760825634,-0.0429804511368275,0.0247615128755569,-0.0793837308883667,-0.00469854939728975,-0.0299642942845821,-0.0385331436991692
1519,-0.0234313663095236,-0.0276413634419441,0.0340140089392662,0.0463399849832058,0.0121540958061814,-0.0320927575230598,0.0315483845770359,-0.0534653142094612,-0.0765964314341545
1521,-0.00360425258986652,-0.0106548080220819,0.0102743189781904,0.0843568444252014,0.023131288588047,0.0526102259755135,0.0177375599741936,-0.0167858023196459,-0.0865806415677071
1523,0.00267659733071923,0.0127075603231788,0.0305737778544426,0.0489110201597214,0.018507894128561,0.0554730221629143,-0.00150789343751967,0.0786075443029404,-0.0718764290213585
1525,0.0277244374155998,0.028539976105094,0.0325346924364567,-0.0118902008980513,0.0129445809870958,-0.0110488217324018,-0.0303700417280197,0.0962540581822395,-0.0385414287447929
1527,-0.00263616628944874,0.0179430413991213,0.0189249981194735,-0.0513924695551395,0.0491185039281845,-0.037298422306776,-0.0452651008963585,0.0658757388591766,-0.0191284008324146
1529,-0.0361722931265831,0.00286350212991238,0.0245427060872316,-0.0164682567119598,0.0251470282673836,-0.0361097678542137,-0.0263338908553123,0.0655283629894257,-0.0188515242189169
1531,-0.0400892198085785,0.0312089268118143,0.0320554710924625,0.0510222651064396,0.00300050573423505,-0.0243242140859365,-0.00157820503227413,0.0525752678513527,0.0157452616840601
1533,-0.0130471903830767,0.0294693242758512,0.0464264787733555,0.088410273194313,-0.0156724918633699,-0.00523308664560318,-0.0240187086164951,0.0477930381894112,0.0375598557293415
1535,0.00882518477737904,-0.00229107495397329,0.0808577984571457,0.0779661536216736,-0.0432593263685703,0.0554247200489044,-0.0135287474840879,0.0208971444517374,0.0502624399960041
1537,0.00169692095369101,-0.0244849193841219,0.111716657876968,0.0536578223109245,-0.0224889013916254,0.0933054685592651,-0.018382141366601,-0.0109354732558131,0.0523586943745613
1539,-0.029520308598876,-0.0416279546916485,0.107107646763325,0.0185679197311401,-0.0121454503387213,0.105053804814816,-0.00665680970996618,0.00222020852379501,0.0525846853852272
1541,-0.0314186736941338,-0.0537984147667885,0.102922961115837,0.0302529484033585,-0.0122365113347769,0.0907029584050179,-0.0118328314274549,0.00409702491015196,0.0428133867681026
1543,-0.0199818834662437,-0.0517401620745659,0.0743925273418427,0.010047853924334,-0.0185732450336218,0.0457004830241203,-0.0252731703221798,0.0234879832714796,-0.00225962908007205
1545,-0.00126787240151316,-0.0344680212438107,0.0116262380033731,0.00415884936228395,-0.0107223223894835,0.0179781839251518,-0.00185232434887439,0.0405367240309715,-0.03154182061553
1547,0.0145990960299969,0.00120678171515465,0.00493990117684007,0.0145177878439426,-0.00572049291804433,0.00509376963600516,-0.00989617500454187,0.0572384968400002,0.000171753024915233
1549,0.0359366312623024,0.0229697041213512,0.0186432003974915,0.00454072142019868,-0.017469547688961,0.0078304847702384,-0.0128858275711536,0.0349071621894836,0.0233976691961288
1551,0.0521504208445549,0.0138512877747416,0.0339676253497601,0.00736568029969931,-0.0279243849217892,0.00685722194612026,-0.00908499956130981,0.00365856825374067,0.0241052582859993
1553,0.0459883771836758,-0.000988047802820802,0.0400902777910233,-0.00179025193210691,-0.0152750946581364,-0.00606944225728512,-0.00723996991291642,-0.0155288707464933,0.00825763307511806
1555,0.0243037939071655,0.00622587883844972,0.0352169945836067,-0.00423248577862978,0.000819050881545991,-0.0199818983674049,-0.00791264418512583,-0.0248414911329746,-0.0320186242461205
1557,0.0145373158156872,-0.00220951181836426,0.0313828364014626,0.00889514107257128,0.0301273465156555,-0.0560692809522152,0.021505668759346,-0.0257560983300209,-0.0339766405522823
1559,0.0126474378630519,-0.0137768443673849,0.0174631308764219,0.0368280112743378,0.0241719223558903,-0.0425873994827271,0.043645229190588,-0.0117363426834345,-0.00135191273875535
1561,-0.00569750787690282,-0.0141909997910261,0.0187564343214035,0.0246709417551756,0.00917466264218092,0.012850726954639,0.0267666783183813,0.00307282316498458,5.42290508747101E-05
1563,-0.0140808615833521,-0.016644049435854,0.0220956616103649,0.0164721515029669,0.00035313778789714,0.0107695860788226,0.0117965405806899,0.00167867972049862,-0.0176835395395756
1565,-0.0128246853128076,-0.00872493907809258,0.0231958441436291,-0.000920077902264893,-0.0123855816200376,-0.00282652070745826,-0.00295597594231367,-0.000749041500966996,-0.0119363768026233
1567,-0.00825086329132318,0.00627383124083281,0.0158296767622232,-0.0237963460385799,-0.0160124953836203,0.0208476521074772,-0.00679224450141191,0.0134799731895328,-0.0114497765898705
1569,-0.0101069612428546,0.00111704901792109,0.00575018022209406,-0.0136674186214805,-0.00500125158578157,0.0284489393234253,-0.010977883823216,0.000361913989763707,-0.013329291716218
1571,-0.020635187625885,-0.00471031991764903,0.0185337699949741,-0.00239226454868913,0.00443778652697802,0.0127346590161324,-0.0078857634216547,0.0153890820220113,0.00571168726310134
1573,-0.0345443151891232,-0.00900102779269218,0.0215319711714983,-0.0128533020615578,0.015654569491744,-0.000319384591421112,0.0152556113898754,0.0369899906218052,0.0216079838573933
1575,-0.0271920207887888,-0.0216430407017469,0.00889649800956249,-0.0284693725407124,0.0112484088167548,-0.0186280980706215,0.0313850305974483,0.0469967611134052,0.0300935264676809
1577,-0.0142028741538525,-0.0192249417304993,0.00458840187638998,-0.0186101924628019,-0.00389021309092641,-0.0182175114750862,0.0204677674919367,0.0392522811889648,0.0231640879064798
1579,-0.00658867647871375,-0.0116830617189407,0.0104276770725846,0.00246839434839785,-0.000962151971179992,-0.0190817601978779,0.0177844446152449,0.0336708128452301,0.0115359649062157
1581,-0.00694134132936597,-0.0100068375468254,0.0120458630844951,0.00790653936564922,0.00418960442766547,-0.00567867467179894,0.0175712499767542,0.0339192450046539,0.00976619776338339
1583,-0.0130629250779748,-0.00837249960750341,0.0177402589470148,0.00839642621576786,0.00858516618609428,0.00137937988620251,0.00937552843242884,0.0222459100186825,0.00544773414731026
1585,-0.0169098302721977,-0.00199184170924127,0.0145973470062017,0.00917453598231077,0.00521153071895242,0.0126192243769765,0.00991640891879797,0.020241517573595,0.00699053797870874
1587,-0.0112376445904374,5.91074131079949E-05,0.0198050457984209,0.00482192076742649,0.00590613204985857,0.0197881255298853,0.00065176875796169,0.0314101353287697,0.0100405141711235
1589,-0.00159583508502692,0.00104969798121601,0.00857744086533785,0.00202106917276978,0.00722567737102509,0.0287107694894075,-0.00357980420812964,0.036422036588192,-0.00149921129923314
1591,0.00224823597818613,-0.00158400484360754,-0.0105787310749292,0.00908488687127829,0.0038777410518378,0.0169430878013372,-0.00385800143703818,0.0273110326379538,-0.0105001255869865
1593,0.00433561950922012,-0.00215807487256825,-0.00868149287998676,0.013088752515614,-0.000681825214996934,0.0124903433024883,0.00761721283197403,0.0124327363446355,-0.0165010616183281
1595,0.00673063285648823,-0.00083267327863723,-0.00388076016679406,0.0179467722773552,-0.00531057268381119,0.0043149720877409,0.0152889499440789,0.00186390127055347,-0.0196420792490244
1597,0.00510481558740139,-0.00135365477763116,-0.0066915643401444,0.0222173668444157,0.000396312592783943,0.00931418966501951,0.0150108644738793,0.00608451757580042,-0.0165956635028124
1599,0.00694606034085155,-0.00024856484378688,0.00122304947581142,0.0240560676902533,0.0102242091670632,0.0128842070698738,-0.00101412402000278,0.00958108715713024,-0.00484219798818231
1601,0.00945253111422062,0.000447380822151899,0.00461350614205003,0.022502526640892,0.0178698189556599,0.0102665377780795,0.000428353057941422,0.00994867738336325,0.00801265984773636
1603,0.00896836072206497,-0.000784309697337449,0.00107103097252548,0.0156720951199532,0.0179698206484318,0.00360414711758494,0.00125643040519208,0.00211955374106765,0.0165607370436192
1605,0.00838379934430122,0.000647611741442233,-0.00937588140368462,0.00232376041822135,0.018616821616888,0.0024656904861331,-0.00584765989333391,-0.00226161605678499,0.0186872016638517
1607,0.00774192390963435,0.00484959594905376,-0.0174634177237749,0.000489534693770111,0.0176879931241274,0.00711741065606475,-0.00901996530592442,0.00492302980273962,0.0147489905357361
1609,0.0075045907869935,0.00844246335327625,-0.0120413610711694,0.00335769657976925,0.00600139563903213,0.00846575200557709,-0.00372364465147257,0.0157864615321159,0.00462632579728961
1611,0.0073529458604753,0.00457106810063124,-0.00381309748627245,0.009131726808846,-0.00423237588256598,0.00667476234957576,-0.00377128878608346,0.0220506582409143,0.00568614387884736
1613,0.00280958483926952,-0.00407695956528187,-0.00347345578484237,0.00173011643346399,-0.0156900007277727,0.00264135305769742,0.0106770070269704,0.0216375943273306,0.0139850927516818
1615,0.000180210539838299,-0.00311620999127626,0.00151519733481109,-0.0102008422836661,-0.011381539516151,-0.00365267903544009,0.0140295522287488,0.0172946620732546,0.00898213218897581
1617,0.006807716563344,-0.00107571552507579,0.0101621625944972,-0.00959038268774748,0.00285807228647172,-0.0111696030944586,-0.00040076338336803,0.0155622391030192,-0.00516304280608892
1619,0.00864005740731955,0.00364970089867711,0.0079193152487278,-0.000901357270777225,0.00818076264113188,-0.00735382549464703,-0.0082415658980608,0.0177917182445526,-0.0213029012084007
1621,0.000273658748483285,0.0126631930470467,0.0044473996385932,-0.00482209539040923,0.00736504234373569,-0.00471715163439512,-0.0139623656868935,0.0116990320384502,-0.00378141785040498
1623,-0.000488160352688283,0.0182305946946144,0.00544591946527362,-0.0180747993290424,0.00739816064015031,-0.012920968234539,-0.00539248157292604,-0.00421076640486717,-0.00583512522280216
1625,2.46430754486937E-05,0.0206017419695854,0.00922311469912529,-0.011973274871707,0.00865790527313948,-0.00427138758823276,0.00585084222257137,-0.00721288146451116,-0.00919675454497337
1627,0.0071238256059587,0.0244360081851482,0.0110612930729985,0.0092267757281661,-0.0039079524576664,0.0061774249188602,0.0059731206856668,0.00368068739771843,-0.0028683680575341
1629,0.00642915349453688,0.0246693771332502,0.00392011553049088,0.00697715440765023,-0.00636406010016799,0.0104588903486729,0.0040750578045845,-0.00303611764684319,0.0081429248675704
1631,0.00916332192718983,0.0252508223056793,-0.0059763677418232,0.00848187133669853,-0.000250277575105429,0.00772463250905275,0.00202306360006332,-0.0115750264376402,0.0138339977711439
1633,0.0237928405404091,0.028379887342453,-0.0160587430000305,0.0113203590735793,0.00119881436694413,0.011335295625031,0.0160971526056528,-0.0187104754149914,0.00280698132701218
1635,0.0336426794528961,0.0224962867796421,-0.0221732296049595,-0.0135268699377775,-0.00472308183088899,0.0109897125512362,0.0102136041969061,-0.00714870914816856,-0.0159152932465076
1637,0.0256217140704393,0.0111817521974444,-0.0161778591573238,-0.0229476727545261,0.000645791937131435,0.0108398292213678,-0.00653246929869056,-0.00492328172549605,-0.0126688554883003
1639,0.0135672725737095,0.00450160587206483,-0.00719058373942971,-0.0126042598858476,0.0108482157811522,0.0144436229020357,0.00657697301357985,-0.000562171102501452,-0.0134384613484144
1641,0.0010943153174594,-0.00128860678523779,0.00539372768253088,-0.0157894399017096,0.0110584227368236,0.0157364159822464,0.0182911921292543,0.00359969981946051,-0.00281674764119089
1643,-0.00775854755192995,-0.00681654596701264,0.016333319246769,-0.0149010811001062,0.000337312783813104,0.0172235947102308,0.0166885908693075,0.00629313662648201,-0.00170179829001427
1645,-0.00653851591050625,0.0032674316316843,0.00628262292593718,-0.00693378131836653,-0.0118968924507499,0.00772701483219862,0.0121643375605345,-0.000361471436917782,0.0131975319236517
1647,-0.00487482221797109,0.0178985018283129,-0.0151356011629105,-0.00804350711405277,-0.010215301066637,0.00387341692112386,0.00477971835061908,-0.0147374114021659,0.0214051213115454
1649,-0.00571942143142223,0.022581497207284,-0.0196830127388239,0.00486146379262209,-0.012792045250535,-0.00370402494445443,0.00154405867215246,-0.0194974206387997,0.0250306036323309
1651,-0.00451533496379852,0.0152556886896491,-0.0270296242088079,0.0126231703907251,-0.0125842289999127,0.00290928711183369,0.00794280786067247,-0.0359194651246071,0.0245961118489504
1653,-0.00390852754935622,0.00753457192331553,-0.0165767278522253,0.015785988420248,-0.0110932672396302,0.0199209600687027,0.0172810982912779,-0.0337038859724998,0.00701849209144711
1655,-0.00205712462775409,0.00118326465599239,-0.00786760728806257,0.0115346098318696,-0.00344539596699178,0.0226552784442902,0.0093265613541007,-0.02457544952631,-0.00303084240294993
1657,0.00250796414911747,5.57730891159736E-05,-0.00952455401420593,0.00650138827040792,-0.00798438023775816,0.0182987041771412,-0.00402531586587429,-0.0137762064114213,-0.00277168676257133
1659,0.00774734653532505,0.00760277919471264,-0.00429161917418242,0.00131912680808455,-0.00778074515983462,0.0072137201204896,-0.00834692548960447,-5.71343589399476E-05,0.00465345196425915
1661,0.00417357729747891,0.0138142332434654,0.00125702912919223,-0.00315413856878877,-0.0115201314911246,-0.00276549742557108,-0.0131722250953317,0.00359892472624779,0.00925851613283157
1663,0.00352745456621051,0.0117892865091562,0.00369004695676267,0.00198780186474323,-0.00800518877804279,0.00486268801614642,-0.00257130758836865,0.00802962202578783,0.0106594040989876
1665,0.0062727015465498,0.00944807846099138,0.00520169921219349,0.00263791345059872,-0.00678422953933477,0.0108498241752386,0.00879499595612288,-0.000595963327214122,0.0105614569038153
1667,0.00643174350261688,0.00598808005452156,-0.00888742227107286,-0.00554797053337097,-0.0156086320057511,0.0114532159641385,0.00683049205690622,-0.00843469146639109,-0.00669309264048934
1669,0.00448116334155202,0.00438996078446507,-0.016245499253273,-0.0147590097039938,-0.0157437436282635,0.0115508437156677,-0.00064345303690061,-0.00724094873294234,-0.00505501730367541
1671,-8.10613855719566E-05,0.00802870094776154,-0.00605666311457753,-0.0181852541863918,-0.00806919485330582,0.00654363911598921,-0.00936568807810545,0.00286126066930592,0.00463505042716861
1673,0.00230944599024951,0.00492336880415678,0.015102113597095,-0.0244716815650463,-0.00765082333236933,0.00505174463614821,-0.00868850480765104,0.0102362763136625,0.00253693643026054
1675,0.0101981339976192,0.00161411904264241,0.022385286167264,-0.0219707805663347,-7.76376546127722E-05,0.0139037370681763,-0.00746257370337844,0.00994890928268433,-0.0055811838246882
1677,0.0059063439257443,0.0026791081763804,0.0120257446542382,-0.00771130062639713,0.00935846008360386,0.00344282761216164,-0.00038708234205842,0.00539902132004499,-0.00248959218151867
1679,-0.00931452866643667,-0.000106081599369645,-0.00317653268575668,0.00121369806583971,0.0155868055298924,-0.0109019428491592,0.00999324023723602,0.0104993218556046,-0.000671356567181647
1681,-0.000982353347353637,0.00175847148057073,-0.00488428073003888,0.002297168597579,0.0113689955323935,0.00180187763180584,0.0153956087306142,0.0157021414488554,-0.000213822539080866
1683,0.0109596000984311,0.000228677919949405,0.00666215363889933,-0.00327235646545887,0.00138555373996496,0.00469896476715803,0.00613282853737473,0.00594562944024801,0.000730474421288818
1685,0.00727123906835914,-0.000729447288904339,0.00866657681763172,-0.00858830660581589,-0.000298047962132841,0.00656155217438936,-0.00211919564753771,-0.00347328092902899,0.00201907195150852
1687,0.00361442682333291,0.000682457350194454,0.0135525288060308,0.0115404976531863,0.00175890466198325,0.0135477492585778,0.00676669273525476,-0.00165394763462245,0.00839261617511511
1689,0.000160090276040137,-0.00131910981144756,0.0156916957348585,0.0184411387890577,0.00254700356163085,0.025955131277442,0.00926358997821808,-0.0034182679373771,0.00858760345727205
1691,-0.00956535711884499,-0.00537634082138538,0.0162606183439493,0.0133559973910451,0.00669403094798326,0.0263192970305681,4.14699297834886E-06,-0.00198885356076062,0.0077812965027988
1693,-0.00521387998014688,-0.0109618697315454,0.0117310220375657,0.00428796326741576,0.000242150010308251,0.0116546656936407,-0.00596262933686376,0.000212722734431736,0.0108534321188927
1695,-0.00176011095754802,-0.0110070556402206,0.0119274733588099,0.00631966907531023,-0.00959740485996008,0.001032117404975,-0.00441429764032364,0.00318696582689881,0.00283340434543788
1697,-0.0098934369161725,-0.0105576040223241,0.0157037749886513,0.00773039646446705,-0.01353963278234,-0.0081635806709528,-9.84669895842671E-05,-0.00244557694531977,-0.0109328776597977
1699,-0.0068290838971734,-0.0108602400869131,0.0148096038028598,0.00966013036668301,-0.00427964609116316,-0.0177500173449516,0.00443564355373383,0.00535703497007489,-0.0175359919667244
1701,0.00154070113785565,-0.00867030303925276,0.0067595262080431,0.0217919312417507,0.0108498148620129,-0.00876281596720219,0.011972077190876,0.0135115683078766,-0.0107627548277378
1703,-0.00513219740241766,-0.00653205160051584,0.00299061555415392,0.029934810474515,0.022002836689353,-0.00494391657412052,0.00200270093046129,0.00683719431981444,-0.00510511407628655
1705,-0.00158888578880578,-0.00283210701309144,-0.00703848199918866,0.0361488945782185,0.0129712885245681,-0.00180694554001093,-0.00614347541704774,0.00632208818569779,-0.00228825537487864
1707,0.00415461743250489,-0.00170741032343358,-0.0123343085870147,0.0327051840722561,-0.00171050080098212,0.00418209005147219,-0.004689437802881,0.00467295106500387,-0.00729270046576858
1709,0.0127556947991252,8.57952982187271E-05,-0.0116880405694246,0.0198019705712795,-0.00888675916939974,-0.00131122395396233,-0.0156403705477715,-0.00249211699701846,-0.0117325987666845
1711,0.00553171336650848,0.00206405878998339,-0.00268307840451598,0.0207678023725748,-0.00877813808619976,-0.0141142206266522,-0.0227054581046104,-0.00293855392374098,-0.0169068351387978
1713,-0.00801687967032194,0.00528012542054057,0.0117949619889259,0.0217002294957638,0.0013815863057971,-0.0215099286288023,-0.0217488221824169,-0.00667913863435388,-0.0153461946174502
1715,-0.00827863998711109,0.00234133750200272,0.0289224125444889,0.0217453259974718,0.00325353723019361,-0.0113675827160478,-0.0155184371396899,-0.00751740345731378,-0.00219414639286697
1717,-0.0128740509971976,-0.0147313503548503,0.0348570011556149,0.0222123321145773,-0.00451051350682974,0.0142126912251115,-0.0132729709148407,0.000716266455128789,0.00514228455722332
1719,-0.0124838668853045,-0.0135333854705095,0.0236395224928856,0.0151600204408169,0.00615143217146397,0.0289508197456598,-0.0122001692652702,-0.0049116350710392,0.0145042696967721
1721,-0.00938783027231693,-0.00353786256164312,0.00180180638562888,0.0121888043358922,0.00757547048851848,0.0279529895633459,-0.00386955053545535,0.0028544133529067,0.0146249355748296
1723,-0.00176458631176502,0.00251726666465402,-0.00870939902961254,0.0216926410794258,-0.00222571054473519,0.0152319725602865,0.00538011826574802,0.00342272245325148,0.0200710780918598
1725,0.000554823956917971,-0.00179116264916956,0.00339476717635989,0.033420268446207,-0.0201195850968361,0.015297019854188,0.00944009888917208,0.00421169772744179,0.0211008116602898
1727,-0.00146799569483846,-0.00575270270928741,0.0213527288287878,0.0314746424555779,-0.0184997301548719,0.0205103196203709,0.00703336391597986,0.00485340552404523,0.0209715757519007
1729,0.0021703620441258,-0.00123999291099608,0.0178876239806414,0.0133984219282866,-0.0118776066228747,0.0239122733473778,0.00434489548206329,0.0171612929552794,0.0191821232438087
1731,0.00418077688664198,-0.00718304421752691,0.00175201054662466,-0.00316256191581488,-0.0175653137266636,0.0235821343958378,0.00205700239166617,0.0313631370663643,0.0055170264095068
1733,0.0268774461001158,-0.0102698765695095,-0.0124641293659806,-0.00932870153337717,-0.00228552683256567,0.0151884257793427,-0.000350663147401065,0.0246729608625174,0.00194296147674322
1735,0.0360854044556618,-0.00692750606685877,-0.0163635388016701,0.00475806137546897,0.00366052775643766,0.0204450562596321,0.00624749017879367,0.0131852403283119,-0.00819325353950262
1737,0.0188286397606134,-0.00228515523485839,-0.0140433348715305,0.0116970557719469,0.00471309293061495,0.0314804762601852,0.0144260106608272,0.0257360078394413,-0.0181326530873775
1739,0.000266740098595619,0.00153013097587973,-0.0228411220014095,0.00367281283251941,0.00814272183924913,0.0317840240895748,0.0132987080141902,0.029792308807373,-0.00622956920415163
1741,-0.00468853674829006,0.0101686744019389,-0.0172595754265785,0.0154534885659814,0.00894721318036318,0.0248386729508638,0.0114086577668786,0.0265435297042131,-0.00798927340656519
1743,0.00377187342382967,0.0140449879691005,0.00425545824691653,0.02978883869946,0.00591801619157195,0.0242831278592348,0.000577688799239695,0.032510619610548,-0.0191696863621473
1745,0.0044680736027658,0.0199872031807899,0.0150655740872025,0.0361993722617626,0.00384204485453665,0.0291695408523083,-0.00563777470961213,0.025198869407177,-0.0173464510589838
1747,-0.0229408387094736,0.00910878088325262,0.00637006061151624,0.0406655743718147,0.00848270952701569,0.0269129611551762,0.000276844948530197,0.0305085889995098,0.00205409689806402
1749,-0.0391433723270893,-0.0133244711905718,0.0135771175846457,0.0303863827139139,0.0205308273434639,0.0182730183005333,0.0206082593649626,0.0258096158504486,0.00875203870236874
1751,-0.0243425853550434,-0.020232331007719,0.0238819643855095,0.0155936470255256,0.0240783710032701,0.0114634092897177,0.034506544470787,0.0153731517493725,-0.0113077275454998
1753,-0.0247774664312601,-0.0144697083160281,0.0143921719864011,0.00641375500708818,0.0167965926229954,0.0129804499447346,0.0259688328951597,0.0314562618732452,-0.0303522571921349
1755,-0.0200658459216356,0.000727084814570844,-0.00786209851503372,0.00239361310377717,0.0166749283671379,0.00579534191638231,0.017277492210269,0.0331193506717682,-0.0338374674320221
1757,-0.0111108096316457,0.0059132743626833,0.0028546885587275,-0.00029714236734435,0.0183336101472378,-0.00138406676705927,0.0164070762693882,0.0199105143547058,-0.0104664396494627
1759,-0.00319511792622507,-0.00289995432831347,0.0159341841936111,0.000436640344560146,0.0128078134730458,0.000832194811664522,0.034133892506361,0.00551510043442249,0.00525476736947894
1761,0.00283817807212472,-0.0182258747518063,-0.00246515404433012,0.00339183257892728,0.0197904910892248,0.0164474789053202,0.0603088699281216,0.000330386683344841,-0.00593310547992587
1763,0.00859634205698967,-0.02157336845994,-0.00640185829252005,0.00582802528515458,0.0183966569602489,0.0233588460832834,0.0490774996578693,0.00261642271652818,-0.0114496415480971
1765,-0.000114273650979158,-0.0173134431242943,-0.00719877518713474,0.0183874536305666,0.00263740983791649,0.00967605039477348,0.0152503568679094,0.00283035519532859,-0.0172292049974203
1767,-0.00179911183658987,-0.0133850937709212,-0.00584214320406318,0.00714472448453307,-0.0145881390199065,-0.0133114019408822,-0.00757969077676535,0.00416431436315179,-0.0329676419496536
1769,0.00266207312233746,-0.0167569387704134,0.00742435175925493,0.00627930928021669,-0.0193744450807571,-0.0245311260223389,-0.0113191269338131,0.00503967329859734,-0.0382164940237999
1771,0.0111049953848124,-0.0153117273002863,-0.013862619176507,0.0150981238111854,-0.0228462070226669,-0.0220580976456404,-0.00887980405241251,-0.00478975987061858,-0.0215375032275915
1773,0.0181504264473915,-0.0119964014738798,-0.033907912671566,0.00420957570895553,-0.0341129153966904,0.00688832625746727,-0.0156123116612434,-0.00922714546322823,-0.0169524885714054
1775,0.01504862960428,-0.0108264116570354,-0.0243912693113089,-0.0192342530936003,-0.0337148606777191,0.0191044397652149,-0.0201911143958569,-0.00303003983572125,-0.0408283732831478
1777,0.0277059115469456,-0.00899762753397226,-0.0220269337296486,-0.0324806682765484,-0.022877749055624,0.00990030076354742,-0.0179690048098564,-0.0077873207628727,-0.0428509041666985
1779,0.0234119072556496,-0.0130488201975822,-0.0288873743265867,-0.0191607121378183,-0.0191419348120689,0.0190351326018572,-0.0224200300872326,-0.0146943330764771,-0.0247240122407675
1781,0.000255067832767963,-0.00770467193797231,-0.021137923002243,0.0188614949584007,-0.0361697524785995,0.03805972635746,-0.0179790817201138,0.00609085941687226,0.0215235687792301
1783,-0.0116273742169142,0.00460896408185363,-0.00811117514967918,0.0590995475649834,-0.0275539178401232,0.0259742699563503,-0.0235908459872007,0.0296425297856331,0.0259232129901648
1785,-0.00242695538327098,0.00753193208947778,-0.016075586900115,0.0542048811912537,-0.0200712718069553,0.000130325555801392,-0.031163053587079,0.0506686344742775,0.00217289244756103
1787,0.010250061750412,-0.00912444945424795,0.0109753366559744,0.011235186830163,-0.00704200426116586,-0.0246013104915619,-0.0460644140839577,0.0476598776876926,0.00459608715027571
1789,0.00374668184667826,-0.00965112634003162,0.046658955514431,-0.0457537621259689,-0.0134788509458303,-0.00368641945533454,-0.062657006084919,0.0416089631617069,-0.0116573832929134
1791,-0.0172999128699303,0.000586888170801103,0.055349987000227,-0.0681880339980125,-0.0351428017020226,0.0157799851149321,-0.0811508744955063,0.0376190394163132,-0.0518375635147095
1793,-0.0245977509766817,0.00806405767798424,0.0565785206854343,-0.0420351326465607,-0.0594329982995987,0.00104865944013,-0.067073792219162,0.00927264802157879,-0.0515636764466763
1795,-0.0188132394105196,-0.00269366218708456,0.0689381882548332,-0.022667458280921,-0.0738237574696541,0.0442488119006157,-0.040916919708252,0.0256726406514645,0.0294665209949017
2685,0.0147211151197553,-0.0102061871439219,0.0380000844597816,-0.0347094349563122,-0.078930176794529,0.0645064413547516,-0.0342787131667137,0.0136944064870477,0.0232168324291706
2687,0.0874848142266273,-0.0265070591121912,-0.0291302148252726,-0.0608384273946285,-0.0900101959705353,0.108461931347847,-0.019874956458807,-0.0122962854802608,0.00965611170977354
2689,0.365315973758698,-0.0887481421232224,-0.28545156121254,-0.160605922341347,-0.132316693663597,0.276295781135559,0.0351223945617676,-0.111535668373108,-0.0421223528683186
2691,0.183247923851013,-0.109262324869633,-0.488418936729431,-0.0709960982203484,-0.0605070404708385,0.213602721691132,0.170359790325165,0.0475076399743557,0.243906751275063
2693,0.176754802465439,-0.162140980362892,-0.235773608088493,-0.121807456016541,-0.0737955123186111,0.11080614477396,0.0801079869270325,0.294565618038177,0.394112080335617
2695,0.0811706632375717,-0.186931848526001,-0.112060986459255,-0.222705289721489,-0.127988383173943,0.0692332088947296,0.243512749671936,0.294409960508347,0.385561138391495
2697,-0.0823578834533691,-0.17736192047596,-0.143582344055176,-0.210654065012932,-0.155908420681953,-0.138616546988487,0.233855500817299,0.176456138491631,0.471189647912979
2699,-0.164853945374489,-0.157677605748177,-0.10198338329792,-0.138601154088974,0.0190112367272377,-0.0734508484601974,0.0938030481338501,-0.139886155724525,0.509222865104675
2701,-0.145572245121002,-0.121753014624119,-0.0448752455413342,0.00661719450727105,0.0221174955368042,0.0467118918895721,-0.0299417860805988,-0.285727590322495,0.402194619178772
2703,-0.0797102898359299,-0.0899063050746918,-0.040818240493536,0.0134938899427652,-0.056589350104332,0.0201373770833015,-0.294689804315567,-0.205934882164001,0.276194155216217
2705,-0.000527085736393929,-0.0444993115961552,-0.0201777722686529,-0.0127782989293337,-0.00606661010533571,0.016460195183754,-0.182962745428085,-0.0680148899555206,0.127240628004074
2707,0.0590276084840298,-0.0681441202759743,-0.0478266924619675,-0.0759187340736389,0.0251274667680264,0.00260917982086539,-0.0625820457935333,0.0472455434501171,-0.00535907130688429
2709,0.0150943994522095,-0.0496442355215549,-0.0196797251701355,-0.124135032296181,0.0144247571006417,0.0088345417752862,-0.0559900850057602,0.0962082743644714,-0.0872536823153496
2711,-0.0594976507127285,-0.0456839129328728,0.0153151890262961,-0.0947011709213257,0.00941385794430971,0.000119085234473459,-0.0544230230152607,0.100435115396976,-0.0729137063026428
2713,-0.0635633766651154,-0.0244971625506878,0.0789630860090256,-0.0268494579941034,0.0732341930270195,0.0314018316566944,-0.0378475598990917,0.108389027416706,-0.0635090246796608
2715,0.00709802843630314,0.002302719745785,0.0976613834500313,-0.0294438935816288,0.0526351779699326,0.0420077964663506,0.0314895398914814,0.0433452278375626,-0.0120985433459282
2717,0.011671120300889,0.0361640602350235,0.0120915742591023,-0.0556826144456863,0.021048741415143,0.0256989728659391,0.119951829314232,0.00372351566329598,0.0227825250476599
2719,0.0100570786744356,0.0486035421490669,-0.039988748729229,-0.0302084144204855,0.0190757811069489,0.0567080900073051,0.131544455885887,0.0247362777590752,0.0425861813127995
2721,0.0307183936238289,0.0441799238324165,-0.00901422835886478,0.0224051661789417,-0.00352940824814141,0.0617382861673832,0.0899323523044586,0.0470215752720833,0.0352137498557568
2723,0.00296185724437237,0.02969622425735,-0.0407190471887589,0.0811503008008003,-0.0448439233005047,0.040073350071907,0.0390004441142082,-0.00595091795548797,0.0143264345824718
2725,-0.0555860474705696,-0.029339948669076,-0.0282194968312979,0.086608849465847,-0.0406861901283264,0.0432648733258247,0.00755529431626201,-0.0337885320186615,0.0128520969301462
2727,-0.0755213871598244,-0.019890584051609,-0.012117120437324,0.00551138492301106,-0.0557226091623306,0.0356186330318451,-0.00960636138916016,0.0264656729996204,0.00739422021433711
2729,-0.0258629135787487,0.0135066118091345,-0.0276860594749451,-0.0218876414000988,-0.0403457134962082,0.000370680179912597,-0.00666815787553787,0.0597661361098289,-0.0204704832285643
2731,0.0248228721320629,0.00750802969560027,-0.0406133309006691,-0.0064852312207222,-0.0070443581789732,-0.00846659857779741,-0.0283278301358223,0.0477576740086079,0.0174648500978947
2733,0.0570522136986256,-0.0144428666681051,-0.0258606001734734,0.0370057448744774,0.0116483625024557,0.0334067307412624,-0.0163142643868923,0.0973611101508141,0.0186774656176567
2735,0.0772186368703842,-0.0307051129639149,-0.0344717502593994,0.0325825065374374,0.00352634559385478,0.0411618500947952,-0.0297775734215975,0.13992615044117,0.0197365190833807
2737,0.0929756462574005,-0.0325782485306263,-0.0536193884909153,-0.0127446334809065,0.00716500263661146,0.0121828559786081,-0.03978031873703,0.152261808514595,0.0245419964194298
2739,0.0791134983301163,-0.0238827597349882,-0.0463646277785301,-0.021054157987237,-0.00120904634241015,-0.0089795021340251,-0.0363181531429291,0.134662762284279,0.00280919810757041
2741,0.060274064540863,-0.0180009007453918,-0.0172918513417244,-0.024735851213336,-0.0314412973821163,-0.00609953096136451,-0.0328568480908871,0.0908546894788742,-0.0079704187810421
2743,0.0486090704798698,-0.0107275312766433,-0.00778903439640999,-0.0646464601159096,-0.0488567724823952,0.0100002530962229,-0.0329263955354691,0.0326083302497864,-0.0132229933515191
2745,0.0666450336575508,-0.00474541028961539,-0.0067836414091289,-0.0279299132525921,-0.0481941066682339,0.026106795296073,-0.00971368327736855,0.0211075264960527,-0.0141722904518247
2747,0.0690983235836029,0.000187462195754051,-0.000323305081110448,0.00145180022809654,-0.0308006033301353,0.0263036843389273,0.0036214217543602,0.023103890940547,0.00720470584928989
2749,0.0511240996420383,-0.00724671175703406,-0.00751196965575218,0.0515907630324364,0.0254892874509096,0.0192086882889271,0.00483248103410006,0.0191170610487461,0.0355005264282227
2751,0.0469330996274948,-0.0152930617332458,-0.0233705751597881,0.0660304725170135,0.0434360653162003,0.0318517461419106,0.00969738233834505,0.0136063415557146,0.0454167984426022
2753,0.0383214764297009,-0.00881369411945343,-0.0496043525636196,0.049455814063549,0.0268231239169836,0.0349203832447529,-0.0048227203078568,0.0268178824335337,0.037124540656805
2755,0.0022637122310698,-0.00141672452446073,-0.0557988435029984,0.0326545350253582,0.0119760669767857,0.0537807233631611,-0.010969459079206,0.0224287621676922,0.0157423745840788
2757,-0.0196135640144348,-0.0100524192675948,-0.0494846627116203,0.016278151422739,0.0176824703812599,0.044976819306612,-0.0193402729928493,-0.00259383977390826,0.0164451505988836
2759,-0.0067524635232985,-0.0165437888354063,-0.0496603734791279,-0.0148560050874949,0.0128865716978908,0.0296241044998169,-0.0206234008073807,-0.01984360255301,0.00542167713865638
2761,0.0131536489352584,-0.0212388299405575,-0.032415147870779,-0.0305529963225126,0.0179033000022173,0.0129418550059199,-0.0476633682847023,-0.0232459604740143,-0.0238002873957157
2763,0.0213686171919107,-0.0283057056367397,-0.0358906760811806,-0.0264609660953283,0.0306986607611179,0.0229160655289888,-0.03435979783535,-0.00676392484456301,-0.0163319353014231
2765,0.016656156629324,-0.0218423362821341,-0.0389189533889294,-0.00574366375803947,0.0190859083086252,0.0141496444121003,-0.00755166774615645,0.0174530018121004,0.00870830100029707
2767,0.0108093935996294,-0.0259593371301889,-0.019690815359354,0.0163787323981524,0.00415871385484934,-0.00385072873905301,-0.00436529330909252,0.0380006767809391,0.00571812549605966
2769,0.00120282720308751,-0.0177298486232758,-0.00118007068522274,0.028009096160531,-0.0153338089585304,-0.0313086435198784,0.0149926841259003,0.052407905459404,-0.0150792011991143
2771,-0.0113944532349706,-0.0177933648228645,0.011724709533155,0.0233352817595005,0.00113239395432174,-0.0213251225650311,0.0370138697326183,0.0397978499531746,-0.0151270497590303
2773,-0.0101587986573577,-0.0212784819304943,0.0245655551552773,0.0163714122027159,0.0247500631958246,0.000622748106252402,0.0243010893464088,0.0145282708108425,-0.00723876245319843
2775,0.00192311662249267,-0.0241146925836802,0.0165034085512161,0.0253047496080399,0.0298089534044266,0.00678741233423352,0.00411550607532263,0.0103899510577321,-0.00355500495061278
2777,0.0217682346701622,-0.0272830929607153,0.00753881689161062,0.0223643407225609,0.0282397530972958,0.00558676058426499,0.00590333016589284,0.0193491987884045,-0.0289790872484446
2779,0.0213796123862267,-0.0252294056117535,-0.00927687808871269,0.00460026226937771,0.0179089065641165,0.013064831495285,0.00798956863582134,0.000579025945626199,-0.0125510524958372
2781,-0.00126602256204933,-0.0260546747595072,-0.0205288287252188,0.00442123413085938,0.0249362662434578,0.00973007082939148,0.00431513693183661,-0.0228075943887234,0.00121616444084793
2783,-0.0195777602493763,-0.0270000956952572,-0.00767919514328241,0.00991519261151552,0.0262707713991404,0.00695779547095299,-0.0131011269986629,-0.0255356952548027,0.0107094198465347
2785,-0.0308502707630396,-0.0226936396211386,-0.0043305610306561,0.00790123268961906,0.0177704151719809,0.00371093675494194,-0.0224578492343426,0.00232844008132815,0.00874039065092802
2787,-0.0299336593598127,-0.00557007594034076,0.00510197505354881,-0.00458203302696347,0.00710582500323653,0.00581639958545566,0.00410941289737821,0.018573734909296,-0.00693262554705143
2789,-0.0105747571215034,0.00939842034131289,0.018483167514205,-0.00526669435203075,-0.00723011698573828,0.0141992336139083,0.0253193806856871,0.0442658923566341,-0.000172174724866636
2791,-0.00190198165364563,0.00384098733775318,0.0166644938290119,-0.00778053188696504,-0.0037056221626699,0.0250518266111612,0.0275055654346943,0.0491661205887794,0.0294539202004671
2793,0.0110803423449397,-0.00123986566904932,0.00355184520594776,-0.0157613903284073,-0.0020087081938982,0.0309568997472525,0.029021967202425,0.0415000170469284,0.0363862067461014
2795,0.0210069287568331,0.00302511593326926,-0.0164525620639324,-0.0228006057441235,0.00230392767116427,0.0383060798048973,0.0358913168311119,0.0514134578406811,0.0247571989893913
2797,0.0230924151837826,-0.000900379731319845,-0.029279688373208,-0.0164332091808319,-0.00853894092142582,0.0390641540288925,0.0210098288953304,0.0413849093019962,0.0471244864165783
2799,0.021268654614687,0.00630161119624972,-0.0100168632343411,0.00309618981555104,-0.0161275379359722,0.0370232611894608,0.0240292400121689,0.0258880760520697,0.0503298006951809
2801,0.0136367464438081,0.0208090990781784,-0.0149543872103095,0.0274085234850645,0.00240484066307545,0.0371345095336437,0.0379181392490864,0.0356659032404423,0.0390589684247971
2803,0.0167291313409805,0.0338097512722015,-0.00802841782569885,0.0354550033807755,0.0196482893079519,0.0366981588304043,0.0465898737311363,0.037080392241478,0.0248965173959732
2805,0.0313839055597782,0.037649217993021,-0.00926525704562664,0.0347388572990894,0.0251583009958267,0.0462361611425877,0.0473951958119869,0.0620338954031467,0.0196592640131712
2807,0.0553259067237377,0.0347712598741055,-0.0123148644343019,0.0589775815606117,0.0509456768631935,0.0599739402532578,0.0373599678277969,0.0988794639706612,0.0382852740585804
2809,0.0797663405537605,0.0251770187169313,-0.0274073015898466,0.0886781588196754,0.0734559446573257,0.0798439309000969,0.0250918474048376,0.131740421056747,0.0617412216961384
2811,0.117230944335461,0.0178597681224346,-0.0233768448233604,0.0902367606759071,0.0901450738310814,0.119308054447174,0.0170876178890467,0.162582322955132,0.0918257161974907
2813,0.157880902290344,0.0222559422254562,-0.0121533051133156,0.0850862190127373,0.101997554302216,0.145320028066635,0.0334422178566456,0.179112046957016,0.119872935116291
2815,0.171175852417946,0.0299737900495529,-0.0247389543801546,0.0930249094963074,0.114968791604042,0.15573750436306,0.0504384376108646,0.179328590631485,0.150181800127029
2817,0.167289137840271,0.0285053178668022,-0.0272507891058922,0.116189621388912,0.105771228671074,0.152813792228699,0.0624267011880875,0.173134341835976,0.165198862552643
2819,0.150324672460556,0.0236076433211565,-0.023893041536212,0.128076180815697,0.0738927572965622,0.141390562057495,0.0623014830052853,0.163832142949104,0.152728959918022
2821,0.124349437654018,0.0168166905641556,-0.0252513587474823,0.120673663914204,0.0459201000630856,0.121163740754128,0.0582240745425224,0.151820778846741,0.114230416715145
2823,0.10160169750452,0.0127350278198719,-0.0158231407403946,0.0981963127851486,0.0307680293917656,0.0874049440026283,0.0516798608005047,0.138363942503929,0.0861356779932976
2825,0.0748745054006577,0.00652241893112659,-0.0083598867058754,0.0749868974089622,0.0122641008347273,0.0604322291910648,0.048810850828886,0.10964871942997,0.0720792710781097
2827,0.0583070926368237,0.0111398426815867,-0.000902309489902109,0.0513550750911236,0.00358255370520055,0.0717271342873573,0.0381008349359035,0.0884072706103325,0.0769317746162415
2829,0.0678061544895172,0.0116942916065454,0.00459413975477219,0.0602648034691811,0.00161394104361534,0.0999579206109047,0.0331373289227486,0.0776707828044891,0.104366980493069
2831,0.0780318677425385,0.00374181405641139,0.00563004286959767,0.0753057673573494,0.0149753307923675,0.135800540447235,0.0396902114152908,0.0772062838077545,0.12249705940485
2833,0.0793134570121765,0.000486957898829132,0.01324353646487,0.07557263225317,0.034760195761919,0.158853083848953,0.0416427068412304,0.0793820694088936,0.125914320349693
2835,0.0871189758181572,-0.00262742768973112,-0.000374772294890136,0.0761017650365829,0.0503043755888939,0.169410154223442,0.0479275099933147,0.0794784799218178,0.118383392691612
2837,0.106356017291546,0.0119236968457699,-0.00883682444691658,0.0856137946248055,0.0598132275044918,0.185609519481659,0.0650529414415359,0.084627702832222,0.118788287043571
2839,0.131425410509109,0.0330743864178658,-0.0030357379000634,0.103529155254364,0.0814308300614357,0.205825805664063,0.0768146365880966,0.124700032174587,0.129298344254494
2841,0.165193170309067,0.0422561168670654,-0.000235401646932587,0.12545382976532,0.0992182493209839,0.226080313324928,0.0723629519343376,0.165930241346359,0.155989482998848
2843,0.197919219732285,0.0394912660121918,-0.000238521111896262,0.142223939299583,0.106274083256721,0.236234441399574,0.0750548988580704,0.189754232764244,0.180159255862236
2845,0.215499699115753,0.0416350029408932,-0.015954090282321,0.152583137154579,0.105599351227283,0.230118900537491,0.0783509090542793,0.188543274998665,0.189298421144485
2847,0.207637399435043,0.0447808690369129,-0.0206745602190495,0.165466129779816,0.0972419157624245,0.226653277873993,0.0610243864357471,0.168923676013947,0.174167096614838
2849,0.181458696722984,0.0438732542097569,-0.0153418211266398,0.167155742645264,0.0833271071314812,0.223316326737404,0.0589370988309383,0.126709491014481,0.151575103402138
2851,0.156245976686478,0.034585602581501,-0.0180611740797758,0.147600263357162,0.0684232860803604,0.215838402509689,0.0701972767710686,0.0923949554562569,0.143935322761536
2853,0.134828001260757,0.0167009215801954,-0.0242637004703283,0.122384577989578,0.0566594749689102,0.206749379634857,0.0786954760551453,0.0883900746703148,0.125727191567421
2855,0.124132588505745,0.0141812656074762,-0.0230594724416733,0.10764017701149,0.061431210488081,0.204420238733292,0.070980541408062,0.100680872797966,0.0933664739131927
2857,0.114181391894817,0.0221785306930542,-0.014808002859354,0.104567505419254,0.0746185109019279,0.192507848143578,0.058063592761755,0.114084340631962,0.0649751722812653
2859,0.105929352343082,0.0233810935169458,-0.0203194990754128,0.125710487365723,0.0840523689985275,0.158718749880791,0.0526550747454166,0.108970180153847,0.0528444796800613
2861,0.0966220572590828,0.0114763453602791,-0.0353804975748062,0.15020415186882,0.0823246315121651,0.137418821454048,0.0514783971011639,0.0979230999946594,0.0503586530685425
2863,0.0705298557877541,-0.00269059464335442,-0.0273381732404232,0.150771647691727,0.0752613916993141,0.138946935534477,0.0532246455550194,0.0766281187534332,0.0568760633468628
2865,0.0528372377157211,0.00935795623809099,-0.00845494493842125,0.121503680944443,0.0781694427132607,0.131003707647324,0.0614825822412968,0.0604184977710247,0.0811914801597595
2867,0.051791712641716,0.0270285736769438,-0.0119834141805768,0.0907502472400665,0.0712746679782867,0.11396636813879,0.0531674772500992,0.060281727463007,0.111294910311699
2869,0.0572804920375347,0.0288658011704683,-0.028230544179678,0.0847004577517509,0.063117504119873,0.0951688513159752,0.0366762056946754,0.0769349634647369,0.133766546845436
2871,0.0809490159153938,0.0212888084352016,-0.00843313056975603,0.0823160707950592,0.0558220222592354,0.0849541202187538,0.0129300924018025,0.0942456498742104,0.145006105303764
2873,0.111183553934097,0.0255628358572721,-0.00149899965617806,0.0853861048817635,0.0468676835298538,0.0963260531425476,0.0139514077454805,0.1161273047328,0.14392215013504
2875,0.130848303437233,0.0368502847850323,-0.00940608885139227,0.089197039604187,0.0541202574968338,0.105768330395222,0.0367677845060825,0.124689251184464,0.148654162883759
2877,0.135319828987122,0.0341706909239292,-0.0186495427042246,0.110931970179081,0.0471484735608101,0.0993845164775848,0.0525282695889473,0.120578117668629,0.163295477628708
2879,0.138536602258682,0.0201427228748798,0.0043655913323164,0.137910678982735,0.0341767780482769,0.0968803837895393,0.0394534841179848,0.121763110160828,0.155457824468613
2881,0.141419425606728,0.00956594385206699,0.0183134768158197,0.15201810002327,0.0379305332899094,0.118411488831043,0.0146494740620255,0.118606999516487,0.129369556903839
2883,0.125614747405052,0.000376936979591846,0.00409268122166395,0.170817673206329,0.0548623651266098,0.142619416117668,-0.00278504053130746,0.120039783418179,0.111104100942612
2885,0.115170076489449,-0.00308213336393237,0.0133297201246023,0.175283744931221,0.072899803519249,0.132735997438431,0.00508072692900896,0.129940256476402,0.104878209531307
2887,0.136517509818077,0.00747553305700421,0.00311160157434642,0.192100271582603,0.0883525460958481,0.134652882814407,0.0409570336341858,0.151106581091881,0.142823204398155
2889,0.168322697281837,0.0334604494273663,0.000116960611194372,0.230240419507027,0.104293778538704,0.163612172007561,0.0752720832824707,0.176825299859047,0.188973650336266
2891,0.22306065261364,0.0702509507536888,-0.0076535465195775,0.276602745056152,0.132029458880424,0.212080880999565,0.103464558720589,0.192220121622086,0.227816477417946
2893,0.299171805381775,0.0937478765845299,-0.0110311396420002,0.328847914934158,0.181317359209061,0.283971607685089,0.131736755371094,0.209074154496193,0.284231662750244
2895,0.371817946434021,0.118407309055328,-0.0235505141317844,0.407446682453156,0.235788911581039,0.371715784072876,0.161014944314957,0.279127061367035,0.382812261581421
2897,0.448435455560684,0.151073634624481,-0.023214029148221,0.512650012969971,0.293969124555588,0.486544162034988,0.191874817013741,0.407475262880325,0.517219722270966
2899,0.561777472496033,0.190303817391396,0.0213247202336788,0.653728127479553,0.366375088691711,0.634306728839874,0.237724646925926,0.541127264499664,0.679651141166687
2901,0.698017120361328,0.226889625191689,0.0619778297841549,0.834176063537598,0.461818993091583,0.795563876628876,0.309458464384079,0.67130434513092,0.852511942386627
2903,0.835834920406342,0.262864530086517,0.0885703042149544,0.997695863246918,0.560954868793488,0.94701474905014,0.38024827837944,0.807736098766327,1.02921497821808
2905,0.958467781543732,0.31086078286171,0.0871374979615211,1.1260244846344,0.659900784492493,1.08585703372955,0.431015282869339,0.948656380176544,1.18578326702118
2907,1.06477499008179,0.347687274217606,0.105854868888855,1.21233773231506,0.749631404876709,1.19928812980652,0.471673399209976,1.04927694797516,1.30288195610046
2909,1.13724231719971,0.364874839782715,0.145277664065361,1.27957260608673,0.829505741596222,1.2853935956955,0.514289677143097,1.09032452106476,1.35710477828979
2911,1.14519906044006,0.363372415304184,0.160393968224525,1.33963537216187,0.879431843757629,1.32832670211792,0.531152367591858,1.07338321208954,1.35809874534607
2913,1.11660528182983,0.351768046617508,0.14409439265728,1.35314249992371,0.88330465555191,1.31625664234161,0.538604140281677,1.04458582401276,1.32042551040649
2915,1.08958899974823,0.326387763023376,0.106200620532036,1.30608284473419,0.823225319385529,1.26527655124664,0.512337148189545,1.01193273067474,1.23112976551056
2917,1.03770732879639,0.288857638835907,0.0825755745172501,1.20772778987885,0.730709552764893,1.18817484378815,0.484012275934219,0.974963486194611,1.13629901409149
2919,0.953497707843781,0.241008847951889,0.0332247018814087,1.09193432331085,0.651029109954834,1.0953803062439,0.454421281814575,0.95587420463562,1.05865943431854
2921,0.874042987823486,0.195631355047226,-0.00152241031173617,0.988576650619507,0.585023939609528,0.981021285057068,0.424816280603409,0.940565049648285,0.970420598983765
2923,0.811727523803711,0.179545685648918,0.00793370697647333,0.91693240404129,0.560984253883362,0.888221561908722,0.42164471745491,0.89217609167099,0.88508939743042
2925,0.747604072093964,0.193047523498535,0.0228725858032703,0.857593834400177,0.556851148605347,0.802151441574097,0.390414446592331,0.798846900463104,0.847679913043976
2927,0.688283383846283,0.216609239578247,0.059938445687294,0.790896415710449,0.510877013206482,0.73793089389801,0.35957071185112,0.69493556022644,0.841960608959198
2929,0.642547428607941,0.238638252019882,0.0762383937835693,0.733143150806427,0.405492931604385,0.714458584785461,0.34791487455368,0.649338603019714,0.813643574714661
2931,0.626209676265717,0.246199876070023,0.0559046790003777,0.713070392608643,0.345475077629089,0.704814970493317,0.366122603416443,0.634779751300812,0.746879696846008
2933,0.624072670936584,0.234303668141365,0.0302272979170084,0.718717575073242,0.328946441411972,0.700947940349579,0.348918974399567,0.634907424449921,0.66542786359787
2935,0.614192605018616,0.237145692110062,-0.00177124736364931,0.72493451833725,0.321320325136185,0.672976553440094,0.343452870845795,0.604775249958038,0.598471403121948
2937,0.591922700405121,0.256532102823257,-0.039083331823349,0.727137625217438,0.320792824029922,0.574860334396362,0.295492202043533,0.544557690620422,0.544008731842041
2939,0.589093744754791,0.239838421344757,-0.044754795730114,0.727966606616974,0.316686749458313,0.502305269241333,0.233641102910042,0.52455872297287,0.542571604251862
2941,0.615480899810791,0.19760075211525,-0.0071893478743732,0.741390347480774,0.316187262535095,0.492027044296265,0.213732272386551,0.571009039878845,0.612511396408081
2943,0.612759292125702,0.13690672814846,-0.0142091903835535,0.710780501365662,0.302260547876358,0.489436566829681,0.189072653651237,0.572995066642761,0.657041311264038
2945,0.57060444355011,0.0894756615161896,0.000657806929666549,0.632558286190033,0.254459649324417,0.481836080551147,0.145122647285461,0.515389323234558,0.613871097564697
2947,0.537962019443512,0.0799207985401154,-0.00926060043275356,0.595958173274994,0.216572433710098,0.463188380002975,0.12746287882328,0.468414068222046,0.554834961891174
2949,0.545268774032593,0.0663206949830055,-0.0179177708923817,0.589722990989685,0.219880744814873,0.475351214408875,0.145300343632698,0.450157761573792,0.508141815662384
2951,0.540065288543701,0.0161314830183983,-0.0408353880047798,0.586704730987549,0.219553723931313,0.465944588184357,0.163776725530624,0.434082686901093,0.493729114532471
2953,0.503028631210327,0.00300374953076243,-0.0639796704053879,0.614339888095856,0.209347799420357,0.438416868448257,0.0839423686265945,0.441232085227966,0.51475203037262
2955,0.436624646186829,0.0644327104091644,0.0183023549616337,0.66851007938385,0.218430295586586,0.459133386611938,-0.00745005952194333,0.461649507284164,0.547235131263733
2957,0.348600447177887,0.117534078657627,0.0393782556056976,0.696834444999695,0.249243795871735,0.474932670593262,-0.0468051172792912,0.409037888050079,0.518028795719147
2959,0.266627997159958,0.153896078467369,0.0675475373864174,0.696037650108337,0.262008428573608,0.48024907708168,0.029800858348608,0.296717792749405,0.449886113405228
2961,0.271560400724411,0.180611997842789,0.0679353848099709,0.692129015922546,0.25347912311554,0.381925255060196,0.0717941746115685,0.225675687193871,0.491589277982712
2963,0.278443992137909,0.170304745435715,0.0592075958848,0.715826988220215,0.26272240281105,0.235427767038345,0.0760711655020714,0.280102223157883,0.597866654396057
2965,0.282468408346176,0.135416015982628,0.0522411540150642,0.774965941905975,0.27823394536972,0.176288813352585,0.120049335062504,0.387329936027527,0.606024622917175
2967,0.358739227056503,0.0927207469940186,0.0133769372478127,0.814560651779175,0.201921343803406,0.177265137434006,0.0411392003297806,0.421210467815399,0.471040964126587
2969,0.390744864940643,0.000134703514049761,0.01396669074893,0.705946147441864,0.0968129709362984,0.165145248174667,-0.0755583196878433,0.417278617620468,0.475457459688187
2971,0.327798575162888,-0.0284519046545029,0.080498144030571,0.456206411123276,0.103020265698433,0.160707145929337,0.0128079960122705,0.465001821517944,0.615564286708832
2973,0.24788624048233,-0.00360724073834717,0.158670961856842,0.408252567052841,0.131591156125069,0.434642642736435,0.0907105430960655,0.411806344985962,0.641162097454071
2975,0.284047901630402,-0.0930240079760551,0.130001619458199,0.385759085416794,0.0220282189548016,0.589605152606964,0.126421093940735,0.291408687829971,0.648673951625824
2977,0.34161502122879,-0.152057781815529,0.066329650580883,0.286072134971619,-0.073279470205307,0.608945488929749,0.0610646568238735,0.24800868332386,0.648386836051941
2979,0.394319623708725,0.0336583070456982,-0.28155380487442,-0.131059587001801,-0.225650414824486,0.369032323360443,-0.124223321676254,0.269051879644394,0.203227773308754
2981,0.203846976161003,0.0350158661603928,-0.363667041063309,-0.332402318716049,-0.472932606935501,0.548646450042725,-0.119546674191952,0.290884405374527,-0.059550978243351
2983,0.00400488963350654,-0.081890881061554,-0.427807480096817,-0.14272652566433,-0.694051742553711,0.298391580581665,-0.242162942886353,0.132422402501106,0.231902584433556
2985,-0.272699952125549,0.0774156153202057,-0.485025227069855,-0.493733644485474,-0.755425751209259,0.0335533693432808,-0.482451438903809,-0.338984936475754,0.665153443813324
2987,-0.771942317485809,0.25722998380661,-0.429458260536194,-0.833121240139008,-0.661703526973724,-0.299983322620392,-0.648007392883301,-0.0642755404114723,0.735208928585052
2989,-1.46951353549957,0.32444229722023,0.191428631544113,-0.750934362411499,-0.444836020469666,-0.249282076954842,-0.47097060084343,-0.359134465456009,-0.248431488871574
2991,-0.438072621822357,0.365405678749084,0.556333899497986,0.399472564458847,-0.600442945957184,0.303397417068481,-0.234401971101761,-0.492630213499069,-1.486936211586
2993,0.966772258281708,0.505683302879333,0.695175230503082,0.96878457069397,-0.802691757678986,0.103300273418427,-0.0673718675971031,-1.06268894672394,-1.24734389781952
2995,0.52669882774353,0.237551838159561,1.06561195850372,0.655007243156433,-0.288950860500336,-0.771416425704956,0.0404406189918518,-1.22141146659851,-0.451715350151062
