ENVI ASCII Plot File [Tue Dec 09 14:31:17 2025]																																																																																																																													
Column 1: Wavelength																																																																																																																													
Column 2: X:574 Y:544~~1																																																																																																																													
Column 3: X:647 Y:462~~2																																																																																																																													
Column 4: X:608 Y:492~~3																																																																																																																													
Column 5: X:607 Y:492~~4																																																																																																																													
Column 6: X:605 Y:493~~5																																																																																																																													
Column 7: X:563 Y:512~~6																																																																																																																													
Column 8: X:562 Y:512~~7																																																																																																																													
Column 9: X:562 Y:513~~8																																																																																																																													
Column 10: X:562 Y:517~~9																																																																																																																													
Column 11: X:560 Y:584~~10																																																																																																																													
Column 12: X:561 Y:584~~11																																																																																																																													
Column 13: X:561 Y:586~~12																																																																																																																													
Column 14: X:552 Y:612~~13																																																																																																																													
Column 15: X:552 Y:613~~14																																																																																																																													
Column 16: X:551 Y:614~~15																																																																																																																													
Column 17: X:549 Y:617~~16																																																																																																																													
Column 18: X:545 Y:620~~17																																																																																																																													
Column 19: X:516 Y:634~~18																																																																																																																													
Column 20: X:514 Y:635~~19																																																																																																																													
Column 21: X:512 Y:635~~20																																																																																																																													
Column 22: X:506 Y:638~~21																																																																																																																													
Column 23: X:494 Y:643~~22																																																																																																																													
Column 24: X:465 Y:657~~23																																																																																																																													
Column 25: X:463 Y:658~~24																																																																																																																													
Column 26: X:461 Y:659~~25																																																																																																																													
Column 27: X:460 Y:659~~26																																																																																																																													
Column 28: X:457 Y:660~~27																																																																																																																													
Column 29: X:446 Y:667~~28																																																																																																																													
Column 30: X:492 Y:682~~29																																																																																																																													
Column 31: X:493 Y:682~~30																																																																																																																													
Column 32: X:496 Y:682~~31																																																																																																																													
Column 33: X:519 Y:673~~32																																																																																																																													
Column 34: X:531 Y:669~~33																																																																																																																													
Column 35: X:537 Y:667~~34																																																																																																																													
Column 36: X:540 Y:665~~35																																																																																																																													
Column 37: X:543 Y:662~~36																																																																																																																													
Column 38: X:545 Y:658~~37																																																																																																																													
Column 39: X:558 Y:654~~38																																																																																																																													
Column 40: X:567 Y:649~~39																																																																																																																													
Column 41: X:572 Y:614~~40																																																																																																																													
Column 42: X:572 Y:588~~41																																																																																																																													
Column 43: X:572 Y:585~~42																																																																																																																													
Column 44: X:567 Y:550~~43																																																																																																																													
Column 45: X:599 Y:521~~44																																																																																																																													
Column 46: X:601 Y:519~~45																																																																																																																													
Column 47: X:611 Y:477~~46																																																																																																																													
Column 48: X:612 Y:474~~47																																																																																																																													
Column 49: X:602 Y:393~~48																																																																																																																													
Column 50: X:602 Y:392~~49																																																																																																																													
Column 51: X:616 Y:323~~1																																																																																																																													
Column 52: X:622 Y:291~~2																																																																																																																													
Column 53: X:626 Y:223~~3																																																																																																																													
Column 54: X:626 Y:222~~4																																																																																																																													
Column 55: X:629 Y:169~~5																																																																																																																													
Column 56: X:629 Y:168~~6																																																																																																																													
Column 57: X:641 Y:129~~7																																																																																																																													
Column 58: X:641 Y:128~~8																																																																																																																													
Column 59: X:616 Y:49~~9																																																																																																																													
Column 60: X:587 Y:74~~10																																																																																																																													
Column 61: X:576 Y:85~~11																																																																																																																													
Column 62: X:431 Y:273~~12																																																																																																																													
Column 63: X:366 Y:303~~13																																																																																																																													
Column 64: X:364 Y:303~~14																																																																																																																													
Column 65: X:341 Y:327~~15																																																																																																																													
Column 66: X:318 Y:342~~16																																																																																																																													
Column 67: X:338 Y:631~~17																																																																																																																													
Column 68: X:43 Y:454~~18																																																																																																																													
Column 69: X:292 Y:345~~19																																																																																																																													
Column 70: X:617 Y:420~~20																																																																																																																													
Column 71: X:617 Y:419~~21																																																																																																																													
Column 72: X:640 Y:402~~22																																																																																																																													
Column 73: X:656 Y:392~~23																																																																																																																													
Column 74: X:659 Y:367~~24																																																																																																																													
Column 75: X:659 Y:365~~25																																																																																																																													
Column 76: X:677 Y:358~~26																																																																																																																													
Column 77: X:694 Y:353~~27																																																																																																																													
Column 78: X:654 Y:428~~28																																																																																																																													
Column 79: X:652 Y:431~~29																																																																																																																													
Column 80: X:652 Y:433~~30																																																																																																																													
Column 81: X:654 Y:463~~31																																																																																																																													
Column 82: X:654 Y:464~~32																																																																																																																													
Column 83: X:654 Y:494~~33																																																																																																																													
Column 84: X:651 Y:498~~34																																																																																																																													
Column 85: X:628 Y:529~~35																																																																																																																													
Column 86: X:605 Y:550~~36																																																																																																																													
Column 87: X:584 Y:568~~37																																																																																																																													
Column 88: X:543 Y:597~~38																																																																																																																													
Column 89: X:513 Y:612~~39																																																																																																																													
Column 90: X:477 Y:620~~40																																																																																																																													
Column 91: X:476 Y:620~~41																																																																																																																													
Column 92: X:443 Y:627~~42																																																																																																																													
Column 93: X:441 Y:627~~43																																																																																																																													
Column 94: X:415 Y:645~~44																																																																																																																													
Column 95: X:412 Y:646~~45																																																																																																																													
Column 96: X:412 Y:648~~46																																																																																																																													
Column 97: X:388 Y:661~~47																																																																																																																													
Column 98: X:470 Y:675~~48																																																																																																																													
Column 99: X:521 Y:672~~49																																																																																																																													
Column 100: X:550 Y:664~~1																																																																																																																													
Column 101: X:580 Y:640~~2																																																																																																																													
Column 102: X:603 Y:608~~3																																																																																																																													
Column 103: X:585 Y:572~~4																																																																																																																													
Column 104: X:575 Y:542~~5																																																																																																																													
Column 105: X:607 Y:523~~6																																																																																																																													
Column 106: X:613 Y:519~~7																																																																																																																													
Column 107: X:643 Y:420~~8																																																																																																																													
Column 108: X:643 Y:408~~9																																																																																																																													
Column 109: X:632 Y:347~~10																																																																																																																													
Column 110: X:632 Y:346~~11																																																																																																																													
Column 111: X:631 Y:307~~12																																																																																																																													
Column 112: X:631 Y:306~~13																																																																																																																													
Column 113: X:641 Y:243~~14																																																																																																																													
Column 114: X:641 Y:242~~15																																																																																																																													
Column 115: X:641 Y:211~~16																																																																																																																													
Column 116: X:642 Y:205~~17																																																																																																																													
Column 117: X:642 Y:185~~18																																																																																																																													
Column 118: X:645 Y:108~~19																																																																																																																													
Column 119: X:658 Y:92~~20																																																																																																																													
Column 120: X:657 Y:62~~21																																																																																																																													
Column 121: X:657 Y:60~~22																																																																																																																													
Column 122: X:675 Y:34~~23																																																																																																																													
Column 123: X:614 Y:44~~24																																																																																																																													
Column 124: X:588 Y:63~~25																																																																																																																													
Column 125: X:548 Y:72~~26																																																																																																																													
	399.924103	-5	-7	5	12	4	-8	-9	7	3	4	-5	4	3	21	3	0	-6	3	14	7	2	8	-5	1	6	-1	10	-5	-1	7	14	-15	8	23	15	8	14	3	-3	0	2	-3	-10	0	3	0	14	20	-11	14	-5	1	6	9	11	2	-1	5	4	-10	4	1	-4	-3	7	-2	-1	-3	7	-2	-5	-8	-1	-3	18	14	-4	12	-1	-6	-25	-8	-3	8	12	-2	9	4	-10	10	-1	2	0	-14	-10	5	15	2	7	-7	-13	20	-10	13	-4	-8	-3	-13	-32	2	-3	-5	4	5	10	12	-14	17	0	-8	-5	9	0	-8
	401.119995	-3	-4	6	1	-2	-3	5	0	19	-6	10	0	9	-1	11	-8	12	-10	3	31	2	8	-15	-14	-4	-7	0	-7	-9	0	21	-4	3	0	27	0	14	0	20	-1	9	2	6	14	9	13	10	18	9	3	-3	-7	3	-14	-4	5	-7	5	-7	-2	6	5	4	4	2	-1	-1	23	1	4	6	3	1	-3	-2	3	-5	15	2	-8	1	-9	9	5	6	4	-1	2	10	21	-4	7	-2	13	11	6	15	9	19	-4	-13	9	5	4	-9	-10	-1	1	3	-3	-10	-6	-5	4	2	4	4	-8	6	-2	-4	1	-9	10
	402.316406	-5	-2	4	-5	-4	11	-8	-2	-5	-20	-4	3	-9	-7	9	7	6	5	-2	10	-10	7	11	-4	3	-10	2	2	-4	16	34	-9	5	-9	12	9	-6	15	-2	15	8	15	5	8	13	6	-5	-15	0	21	-10	3	-1	13	27	9	16	19	-2	-4	6	7	12	5	12	5	0	14	10	1	-2	10	14	13	-4	-11	-5	16	19	2	12	0	3	2	-3	4	4	-15	-7	-10	1	4	-5	8	13	-3	2	-4	10	3	-5	-8	-5	1	8	10	0	2	1	16	-4	-4	12	7	-12	-2	-9	7	8	23	8	9	-9	-3
	403.513306	23	14	-9	-7	0	-5	15	13	4	2	2	3	-1	-4	6	4	21	15	0	13	0	4	-1	-5	-2	0	-12	0	0	9	-7	-4	19	4	-20	2	14	27	-1	4	3	-9	1	13	2	17	7	-10	2	1	4	0	1	2	-1	8	12	-2	-2	-5	6	-5	0	10	11	-2	-5	15	7	-14	7	8	22	8	20	2	-6	0	2	11	1	-4	-1	10	12	6	11	23	-1	0	-9	-14	-13	4	12	3	-7	5	-1	-8	-8	15	-3	-6	3	4	16	1	-13	8	-8	6	-5	4	12	6	7	9	-1	14	-3	3	-1	-10
	404.710602	-3	13	-7	-5	-5	-10	2	0	6	5	-6	1	-2	-2	-10	3	2	7	-4	-3	-7	-1	4	8	8	-16	4	13	1	1	19	9	7	9	17	11	8	-10	6	9	-3	-6	8	5	8	9	10	3	15	-3	1	-7	8	2	-14	2	3	-8	6	10	5	13	1	-4	-12	6	-1	-4	18	15	2	1	13	8	10	-8	4	9	15	0	-5	16	1	12	5	4	12	1	-3	4	13	20	14	-2	13	10	0	5	4	-17	-2	8	11	-8	15	-2	9	1	4	0	-7	-3	2	14	3	11	12	0	6	-12	-8	6	10	4
	405.908508	8	17	1	-7	-2	2	7	-1	11	-4	-9	-3	4	-2	8	22	6	8	-3	16	1	6	17	-5	10	-1	7	9	18	0	13	18	0	23	4	7	2	11	0	-1	24	5	-8	7	13	6	13	11	4	-3	-13	-10	-9	0	0	-12	-9	10	19	2	-10	-4	1	-7	8	-8	4	12	6	-1	-7	5	-2	0	23	6	1	-6	-8	1	-8	-9	-9	4	1	22	0	12	2	14	4	-2	1	-10	-3	-3	-7	3	3	19	10	9	-5	2	-7	6	9	0	-10	-5	9	-13	-3	-12	13	15	4	9	3	-13	8	-1	18	-1
	407.106812	10	2	-1	1	9	14	6	-1	16	15	7	-6	33	16	-8	13	19	4	6	11	10	0	5	7	-18	5	10	4	25	3	25	-8	2	18	13	-3	16	-11	6	-18	-10	-4	-5	5	-4	16	8	5	8	16	10	-12	-13	-9	-15	0	2	18	19	4	8	-10	-14	1	4	-11	12	0	-6	9	-5	-4	17	12	13	-2	4	-6	4	11	-11	-1	4	3	-7	13	2	15	-22	1	0	14	15	-10	12	-9	2	-6	28	10	-5	1	11	7	-4	7	-4	2	-1	0	-4	8	0	5	5	-9	2	-1	21	0	-2	7	15	-4
	408.305603	21	-10	2	3	3	4	-6	-13	-16	11	8	-2	34	28	0	-12	14	0	2	7	-13	-2	9	11	25	15	4	4	-4	11	-5	15	15	11	15	16	33	13	7	7	5	5	13	19	1	8	-9	15	12	-7	-6	-6	-16	5	4	2	-3	-12	8	-5	-10	-2	18	-3	-9	0	-2	9	7	13	9	39	-7	2	-8	6	12	-1	12	3	5	14	12	2	8	4	-1	-4	-12	1	10	-14	-10	9	12	0	7	18	-3	-2	2	10	24	2	17	3	11	-2	-7	-6	5	5	9	-8	4	-8	-7	9	6	5	13	5	-4	19
	409.504913	1	-7	5	7	24	1	4	-10	-4	-7	18	12	6	-2	4	-6	15	18	-7	17	3	7	5	7	26	2	3	10	4	3	2	14	-1	-20	13	6	22	29	-1	11	7	17	-13	10	15	27	1	-8	4	-10	6	-6	8	-3	9	-3	-5	-13	9	8	20	-12	11	-11	3	11	-2	4	-2	-1	16	-2	2	10	-5	-5	6	5	10	7	2	-8	6	-7	29	5	-1	15	0	11	7	-4	6	8	19	11	1	6	3	-5	8	1	14	3	11	5	12	4	-2	10	-4	-4	-3	4	-3	6	-7	-6	-7	5	0	5	13	12
	410.704712	-1	6	-1	6	9	-8	2	5	0	9	14	1	8	1	11	1	15	17	-3	15	6	17	11	12	25	9	1	16	11	2	17	20	26	1	-12	30	23	3	6	13	22	17	-6	8	-6	3	6	1	4	2	4	-2	-7	-6	-5	-10	-17	13	10	5	0	17	-3	-9	14	-15	13	16	12	7	7	-5	12	24	-5	-5	4	5	12	3	-1	-2	6	4	0	3	-2	13	8	-6	-3	-2	3	14	3	16	14	10	2	-1	9	12	3	-3	4	1	7	8	-9	11	8	-9	-8	-19	-2	-5	-13	5	2	-3	-8	22	22	10
	411.904907	11	12	16	0	8	-2	24	9	8	7	26	0	3	7	11	-10	15	-2	-1	-1	-3	-10	1	5	7	11	-17	0	4	13	0	16	29	12	25	23	16	3	12	16	8	17	16	0	1	1	-6	1	-2	12	5	-6	-11	-5	-4	6	5	17	10	-9	-4	3	-3	-5	6	0	0	9	20	8	1	-17	3	13	-1	5	2	-3	7	12	-6	16	-12	-7	13	3	14	26	15	-7	15	-3	1	4	4	-9	25	-5	16	2	8	8	17	2	1	-7	15	3	-5	10	13	6	0	1	4	8	16	1	12	13	5	6	19	0
	413.105591	-1	-1	11	0	-13	0	8	-3	6	22	15	5	0	5	-3	8	23	20	18	-3	17	2	-2	9	32	6	6	7	4	-3	10	3	-1	22	22	13	26	-3	6	13	-1	8	1	9	2	21	-1	1	4	3	5	9	5	17	6	-3	10	-2	8	-4	-3	3	-8	-6	-4	-5	3	9	25	1	-6	-5	12	10	-4	2	7	6	-7	13	12	20	8	15	-3	6	18	0	9	12	15	22	5	11	13	-8	8	-13	6	-7	24	2	2	1	-3	-1	-3	6	-1	13	14	-1	8	4	-1	3	-16	10	12	11	-8	15	23	3
	414.306793	14	-2	17	5	1	-8	-3	-1	-7	12	16	5	12	6	7	-9	15	12	16	10	16	7	12	10	7	4	2	26	12	17	13	-2	-1	15	9	3	23	13	-10	18	8	2	7	38	14	10	4	0	4	-12	-6	4	-3	-8	-13	0	-6	-11	-3	16	11	6	-11	5	13	11	-9	7	5	1	14	2	-13	-10	6	23	6	1	-6	4	8	7	3	21	-2	14	5	8	8	15	-8	2	1	-10	-5	9	14	0	-1	4	-3	18	12	6	11	-4	-10	26	16	5	14	-4	-5	-7	5	-2	-6	-1	10	6	-4	-2	3	-6
	415.508514	-3	5	-12	11	-4	6	14	10	3	32	10	7	26	11	7	28	10	8	8	14	28	14	4	3	-4	16	-10	19	21	27	10	6	10	10	6	20	20	14	4	13	21	27	1	7	8	-2	11	18	7	2	-1	1	12	17	17	-4	-10	8	22	23	14	12	-15	-9	6	-2	3	-11	10	14	5	-8	4	5	11	8	4	-6	-3	-7	10	10	20	6	6	4	17	3	8	8	5	13	4	2	-4	4	9	9	20	12	-24	14	4	24	12	-10	6	3	-4	13	16	1	-5	-12	12	6	-3	4	-3	-1	19	-3	14	2
	416.710602	19	33	8	23	-9	-4	-2	15	3	18	15	6	1	5	2	4	0	0	6	10	0	-5	11	11	3	15	24	-7	24	13	5	11	-7	23	6	27	27	7	2	2	10	6	-1	-11	-1	1	9	-13	-4	-2	4	4	7	0	-6	13	6	-1	0	-3	2	-6	-5	-16	4	-3	-16	7	3	7	5	0	1	7	7	28	13	17	17	12	22	9	1	0	-3	-2	11	-1	-8	4	6	6	0	10	19	12	11	-2	0	0	7	17	-6	12	18	-18	-3	-5	-3	4	4	20	1	9	18	6	-9	22	16	-3	5	19	-1	-6
	417.9133	3	22	-7	-3	8	17	4	14	11	7	16	14	21	-15	8	9	6	7	-1	9	-8	12	0	-6	14	0	-2	-2	3	6	22	13	14	27	23	22	32	13	28	23	22	11	25	-6	4	-10	6	-11	-8	-3	-6	23	39	7	4	-10	-13	0	3	18	-5	8	-2	1	-6	-4	-4	5	4	10	10	-6	-6	-10	3	-10	1	11	14	10	24	6	-13	-7	18	13	18	-7	-1	-9	19	9	4	8	3	6	22	3	19	12	-4	6	-4	-4	9	-3	3	1	9	-3	1	-13	-14	-23	-4	-12	-10	6	20	11	6	3	-2	6
	419.116394	13	5	5	-5	8	3	-16	2	3	11	-11	5	-1	-9	3	19	3	-8	25	23	19	22	2	10	15	1	7	17	9	11	27	29	18	22	14	29	12	14	9	4	15	8	11	-5	17	14	8	16	9	-10	8	17	12	-2	-4	-14	-6	-5	-1	5	-8	10	-8	10	0	11	3	2	11	6	16	13	-11	0	12	3	6	6	25	8	12	6	16	-3	13	12	21	5	-1	5	16	-1	2	6	-9	11	2	8	21	3	2	14	13	-12	16	4	6	-13	-11	13	10	-11	-7	0	9	11	-4	30	0	11	-16	1	10	17
	420.320007	13	14	8	3	28	15	29	15	19	3	1	4	-2	0	-1	10	11	19	2	15	7	13	8	5	-9	-12	8	13	16	-5	6	10	9	16	20	38	23	15	6	13	34	0	20	7	12	10	12	5	13	-8	10	6	-7	5	6	1	-1	-4	18	8	-2	3	20	10	9	10	0	2	37	26	6	-3	-2	3	11	-6	3	-2	1	1	16	6	-8	11	26	30	17	10	8	10	20	-5	0	6	-2	7	3	7	5	-2	14	29	22	-1	3	-1	5	11	21	3	-6	-5	10	1	-4	-7	4	5	11	10	13	-9	18	10
	421.524109	9	20	21	15	3	-3	24	17	25	8	0	11	23	19	21	8	15	15	16	19	1	20	9	7	15	12	7	5	27	20	16	5	3	22	21	52	30	21	1	4	6	23	12	8	7	27	18	13	21	-4	11	16	-3	-1	-1	-10	-2	-5	13	11	10	0	-8	7	8	13	5	-21	15	16	18	4	8	12	20	-6	13	10	13	1	14	8	16	20	-14	14	19	11	5	14	12	-3	-4	7	9	-8	11	1	19	4	6	28	21	4	-12	7	16	-6	6	11	2	-2	-5	5	9	7	3	10	18	18	7	28	6	3
	422.728607	11	11	6	14	13	13	9	8	17	11	3	5	7	15	11	13	18	11	5	11	10	17	2	0	0	23	17	8	15	26	37	-15	11	11	25	27	43	5	14	16	25	11	36	5	17	15	25	5	29	0	-1	-10	3	4	12	16	16	7	15	9	-28	12	3	16	-2	-1	13	3	22	13	7	7	13	-8	0	5	3	2	0	18	2	-3	6	15	16	13	3	21	11	4	6	18	2	23	28	-1	17	10	4	2	7	15	29	13	6	8	15	-5	10	9	0	17	1	-3	10	8	14	22	11	11	18	-1	8	3
	423.933685	-1	11	8	4	17	2	-6	-2	2	22	8	18	25	21	6	21	14	12	18	24	5	0	15	2	1	13	15	14	25	24	32	-2	19	44	25	65	45	6	29	7	-4	8	21	11	17	29	42	4	8	0	-1	-7	-4	9	26	24	26	7	1	17	5	10	3	10	-5	-6	11	9	20	19	18	-1	3	-5	10	15	0	22	19	24	32	18	19	25	9	19	23	39	4	13	3	-3	-3	-6	-4	-18	18	19	31	6	0	21	1	21	32	9	6	8	17	2	-2	32	24	18	11	18	0	15	9	19	-1	1	5	0
	425.139191	27	14	-4	3	11	23	13	21	13	17	14	28	16	23	16	16	6	28	30	7	10	-5	19	13	3	18	26	8	24	22	49	23	23	20	38	65	40	22	7	9	9	12	17	31	21	10	23	22	20	4	15	6	-3	15	28	29	18	-4	-13	22	7	15	-10	-3	21	13	-1	-2	27	24	18	32	6	11	3	8	29	2	-7	24	42	5	32	27	15	15	27	14	14	23	5	13	15	-15	-8	-4	45	15	26	17	32	20	19	6	22	14	14	10	-5	17	13	21	25	23	13	13	-5	7	5	4	6	3	6	5
	426.345215	22	12	13	24	32	10	19	23	22	16	20	30	29	18	31	26	17	32	25	25	29	11	12	27	27	18	9	22	39	23	64	22	11	40	45	71	45	15	21	25	39	34	35	29	19	36	17	11	7	12	10	0	4	12	9	0	9	17	-7	15	-5	14	6	0	-3	5	-20	-5	58	47	9	4	22	23	9	1	10	13	27	11	27	24	-3	39	15	21	28	14	1	9	9	13	9	-3	6	17	35	21	38	0	16	26	34	25	8	5	15	1	-9	20	21	9	6	-5	13	1	4	12	-6	10	12	13	18	19
	427.551697	23	29	8	10	31	20	21	18	20	22	26	32	26	24	24	22	34	19	27	22	29	30	31	37	0	4	15	12	61	75	43	37	39	74	48	67	79	22	17	29	28	49	37	10	34	32	31	17	31	14	10	-7	8	18	18	8	25	14	19	-4	8	-3	11	-4	-13	5	5	9	46	43	17	24	15	17	15	12	17	9	13	25	35	25	29	44	24	34	42	8	13	11	-9	9	12	9	13	15	1	19	41	-4	22	33	27	15	36	-8	5	-1	5	25	20	1	11	13	11	-2	13	6	4	-4	17	24	17	28
	428.758606	35	23	34	41	33	22	33	36	58	29	2	24	30	32	17	44	44	22	16	19	22	9	28	27	20	25	1	11	51	55	67	56	33	68	83	114	70	53	24	30	32	36	37	38	39	34	39	18	46	-1	14	3	19	36	26	17	21	-2	14	15	16	27	-1	7	8	24	14	3	42	52	42	12	31	15	31	5	18	24	27	14	30	12	19	60	27	36	40	36	32	14	12	-1	3	-2	13	13	47	35	62	15	13	43	47	37	22	15	20	4	20	20	15	28	5	13	0	-6	5	1	12	6	37	22	26	8
	429.966095	35	40	39	38	37	16	15	21	21	30	19	48	51	40	44	31	50	42	12	42	43	39	33	29	30	24	43	-5	74	67	68	70	46	82	114	150	137	84	14	49	49	35	34	47	34	50	36	44	37	23	-20	9	-5	28	30	37	38	12	23	18	21	26	23	-13	7	-1	3	16	72	66	63	5	27	31	43	18	20	7	11	39	43	11	39	62	27	43	67	36	31	20	16	24	6	28	21	9	33	52	73	24	47	23	46	34	34	19	49	12	10	21	33	14	44	19	34	21	17	20	15	-8	16	25	14	37
	431.174011	50	61	71	46	41	55	25	53	47	50	48	61	65	58	56	63	54	33	23	56	24	48	65	42	27	58	50	18	97	120	96	62	62	95	128	176	170	40	25	37	55	48	72	53	61	48	57	27	40	13	-3	17	25	13	26	17	-1	19	24	33	10	31	14	2	-2	11	2	13	98	81	44	26	40	51	54	32	32	42	39	75	54	44	55	67	45	41	68	67	58	61	27	16	18	11	9	20	54	54	102	11	34	34	60	28	40	22	48	21	33	28	56	4	20	14	23	19	17	26	31	33	27	32	36	36
	432.382385	38	80	28	63	73	30	50	50	57	53	62	63	66	52	75	54	92	102	50	65	63	47	45	45	47	41	45	37	147	139	138	69	92	132	169	268	217	69	28	61	89	89	63	55	72	92	77	52	48	25	40	35	12	45	40	39	37	17	15	22	13	43	34	2	3	5	11	9	119	108	71	21	33	30	50	47	32	39	48	58	82	49	52	99	69	35	85	52	38	68	36	31	13	15	10	37	62	77	130	7	32	69	74	59	27	28	60	32	24	51	81	21	7	1	10	20	31	19	38	55	37	41	60	51
	433.591309	96	105	80	96	83	63	61	78	85	67	69	90	90	85	98	111	85	105	86	88	77	70	75	66	60	44	64	47	177	189	200	111	132	165	242	350	258	67	36	87	116	132	86	88	86	119	112	84	101	18	36	-4	16	69	68	22	31	48	32	39	10	44	22	3	12	16	20	22	187	141	97	39	73	67	72	46	53	71	45	96	87	71	82	126	60	84	112	97	40	71	47	21	21	27	45	32	110	84	173	22	24	79	96	91	48	25	45	32	44	70	87	22	38	21	23	41	18	61	28	45	67	60	65	53
	434.800598	93	127	89	92	97	90	76	91	88	135	146	143	130	113	112	101	109	116	96	93	102	79	117	83	58	77	60	72	225	240	249	105	159	269	359	453	311	115	49	99	160	144	124	109	113	147	146	78	120	28	88	22	24	50	51	23	51	38	74	73	11	78	25	7	-1	12	21	1	233	224	140	43	83	107	110	76	86	70	99	157	128	79	100	171	91	106	160	140	87	99	59	40	29	45	49	39	137	96	239	42	53	110	128	85	82	76	123	42	47	98	143	19	29	-11	21	32	23	61	43	61	73	59	90	109
	436.010498	146	165	119	103	118	104	95	99	101	160	145	173	208	166	144	161	183	153	176	125	127	86	129	96	94	104	96	94	287	285	299	149	189	312	449	619	449	184	76	144	190	207	140	151	137	184	191	100	143	25	75	15	13	83	115	47	58	44	56	113	12	77	15	22	-1	17	22	15	235	227	190	35	107	114	144	94	118	96	104	168	188	140	136	254	133	114	215	183	96	115	83	76	16	57	46	71	149	163	316	64	72	150	180	102	106	76	119	54	81	125	142	35	63	57	57	40	29	67	86	80	119	85	96	103
	437.220795	164	259	120	124	155	110	130	140	185	200	209	241	208	248	199	214	199	225	199	196	147	141	137	146	141	134	88	111	370	373	376	228	262	427	560	773	558	205	114	195	246	261	214	202	178	240	250	140	143	47	111	29	23	59	120	71	76	77	58	140	-7	112	28	4	21	13	17	12	379	368	218	71	127	125	148	128	151	124	106	228	234	135	171	321	159	149	229	209	148	160	72	84	67	42	65	72	190	220	434	63	97	170	211	153	152	82	161	51	68	136	168	57	91	52	68	63	36	106	92	122	109	82	151	105
	438.43161	236	258	153	169	159	151	127	154	172	242	231	259	278	280	257	203	237	250	208	240	175	180	192	179	159	161	158	124	478	465	510	252	325	460	680	1038	666	250	126	243	291	294	201	192	195	326	262	145	226	55	118	32	47	128	150	100	112	86	91	142	18	138	38	2	19	10	23	-4	425	366	297	87	153	157	195	118	166	136	167	277	259	157	231	332	186	196	316	263	152	150	106	104	36	71	86	105	243	257	485	83	123	202	273	171	192	103	205	70	78	175	210	69	71	66	77	60	54	71	115	134	137	135	132	126
	439.642914	281	284	202	181	202	170	159	192	214	289	247	278	339	284	280	272	298	289	276	265	163	149	237	202	172	172	136	158	494	447	538	288	371	540	775	1182	718	252	125	262	351	341	271	255	232	318	357	166	205	102	129	33	21	156	184	96	99	105	106	216	11	136	31	0	22	16	36	15	455	477	348	104	169	166	213	172	174	162	212	323	313	227	227	450	250	239	365	281	153	179	109	141	61	76	91	87	286	286	568	83	129	195	314	225	204	95	230	86	67	236	255	63	73	66	99	66	24	122	115	136	173	108	189	146
	440.854614	271	377	214	227	236	205	197	230	245	291	278	380	332	309	308	305	295	312	316	277	236	201	249	200	203	212	200	166	598	559	605	333	423	564	877	1281	875	340	153	270	413	397	284	285	285	389	398	213	215	70	164	39	52	164	181	99	120	100	98	191	15	150	43	11	12	3	26	5	523	483	380	103	188	178	292	160	243	177	174	359	348	258	248	458	208	228	369	333	188	189	108	134	64	104	85	93	300	368	582	89	145	252	331	232	201	131	232	114	132	229	257	122	125	81	90	106	50	140	138	169	173	130	164	187
	442.066895	316	430	227	234	218	199	203	200	261	307	374	358	368	354	353	338	390	359	332	279	250	225	267	228	215	209	198	149	619	583	694	329	435	627	955	1411	941	368	138	311	478	416	259	324	301	410	380	235	228	73	143	56	40	187	203	110	131	129	139	226	31	171	64	6	28	27	28	14	617	478	448	114	218	206	239	181	191	200	206	388	378	271	279	457	252	294	466	357	204	222	124	162	78	95	94	103	303	341	752	126	151	285	383	255	235	99	238	114	107	259	273	105	104	85	99	98	72	139	154	226	177	169	214	180
	443.279602	351	421	242	265	239	219	239	250	278	315	352	395	446	393	370	351	364	356	325	329	237	235	253	255	231	231	198	191	613	644	688	326	448	690	1023	1538	1006	364	131	326	484	504	317	321	281	457	450	224	231	74	174	51	61	187	191	104	138	131	134	239	32	177	69	22	12	26	40	13	583	561	436	119	210	238	286	187	279	208	208	418	358	289	289	579	286	311	468	391	208	184	132	140	96	99	120	73	332	339	683	125	172	255	375	276	239	117	312	108	87	261	300	107	120	88	127	97	55	136	136	197	200	167	214	204
	444.492798	370	428	245	278	254	209	220	204	312	349	352	407	413	441	398	418	360	407	367	356	279	266	302	245	268	249	216	172	646	646	691	400	508	717	1125	1628	1006	385	177	367	472	430	313	306	291	456	455	229	299	58	169	62	50	167	232	136	179	119	172	244	14	214	58	12	10	13	50	8	606	609	460	130	221	195	303	195	244	235	202	406	418	284	326	592	307	299	503	380	211	233	156	149	109	114	119	110	331	376	731	108	172	310	456	300	254	136	312	124	115	300	314	111	108	93	113	88	58	118	182	224	230	184	219	225
	445.706512	397	394	263	259	247	224	212	257	275	335	341	404	450	455	390	361	410	400	383	391	257	285	309	257	275	264	219	215	698	729	764	383	492	733	1110	1758	1034	342	204	374	513	509	364	353	323	485	436	242	268	109	171	64	58	195	234	159	164	143	132	264	28	219	61	21	42	21	24	4	603	602	489	129	229	281	303	216	263	252	237	418	449	320	339	615	300	303	506	427	187	246	168	154	93	90	138	115	362	366	761	130	208	356	434	318	286	163	309	107	133	275	301	120	143	103	117	99	38	147	142	232	216	174	229	213
	446.920685	390	424	287	286	271	226	227	211	275	374	358	410	408	386	409	382	392	367	376	422	250	248	302	255	287	245	276	233	699	723	768	403	530	787	1190	1793	1028	386	191	325	541	535	361	350	306	536	468	240	289	119	148	64	72	212	253	126	177	149	168	317	10	208	57	-6	33	11	50	14	728	626	497	128	253	256	308	226	270	236	272	450	433	363	370	645	293	342	500	402	241	261	184	111	107	81	136	97	346	434	867	108	199	338	461	323	286	166	279	132	133	283	316	132	142	97	135	98	29	158	187	215	229	200	298	253
	448.135315	385	421	299	324	277	237	236	249	263	370	354	449	488	471	418	418	392	418	382	412	260	303	280	297	287	310	278	223	729	734	842	414	607	854	1311	1838	1064	409	195	427	520	548	390	404	336	526	481	286	314	90	220	49	48	214	227	152	188	145	145	293	37	225	58	43	38	4	32	21	697	679	524	147	244	237	317	241	284	260	234	519	476	328	341	692	305	327	552	437	283	288	151	147	107	115	135	120	399	436	862	124	205	342	466	354	276	150	289	139	148	296	359	110	133	92	156	119	48	186	183	249	224	224	244	220
	449.350403	406	502	294	288	298	264	271	237	345	392	406	456	520	504	414	496	439	462	447	432	303	279	314	303	299	287	260	270	829	839	869	457	543	888	1386	1995	1131	426	180	404	503	580	389	404	331	545	499	252	314	120	193	36	43	204	258	150	178	158	173	314	24	232	69	2	40	34	53	12	729	696	549	151	309	275	356	234	307	280	230	498	536	367	359	728	345	308	534	479	268	273	170	141	97	128	128	128	366	441	910	139	213	384	534	351	323	144	300	144	144	310	360	114	122	99	162	123	104	169	193	248	245	186	316	222
	450.56601	446	523	302	339	303	255	251	253	332	407	403	499	514	500	512	473	467	462	438	461	327	309	325	296	299	304	278	234	853	876	866	460	627	869	1453	2108	1145	440	195	406	561	550	392	419	354	596	560	326	331	81	219	54	66	212	271	141	167	176	158	363	41	233	57	0	33	25	47	30	801	731	596	150	297	305	362	261	314	252	286	471	468	432	422	767	338	372	596	533	294	289	185	164	125	100	122	109	423	467	892	143	243	416	475	395	348	144	375	169	172	324	382	147	154	125	150	106	88	180	203	261	237	208	266	253
	451.782104	438	569	297	314	326	290	265	260	357	441	416	510	515	477	493	454	476	483	449	493	311	345	331	299	353	346	273	269	856	839	980	522	581	939	1471	2260	1187	420	219	398	619	617	404	469	405	641	578	332	391	109	240	66	65	238	245	168	177	171	171	385	27	205	66	18	31	30	48	6	750	762	592	189	235	306	396	259	329	238	274	546	507	393	411	801	363	365	592	527	299	287	168	171	110	121	147	131	386	451	946	154	181	455	469	386	321	169	405	152	169	351	374	124	139	108	167	143	58	209	203	292	261	191	268	267
	452.998596	482	522	311	336	338	315	293	270	375	451	414	519	559	567	505	541	508	513	484	490	345	324	336	304	332	334	257	227	851	891	928	511	616	942	1553	2213	1105	478	258	455	623	613	425	456	357	598	545	332	352	112	244	61	79	228	262	127	154	180	192	364	7	271	75	23	35	23	44	13	752	776	631	172	299	290	408	294	295	303	273	553	541	452	410	731	398	411	587	478	328	347	185	170	117	123	127	75	446	506	1017	161	178	425	534	437	359	184	366	158	130	367	397	152	133	133	160	135	84	203	216	299	280	233	280	252
	454.215698	509	601	292	333	371	332	308	282	409	442	429	568	560	584	530	512	482	495	573	528	327	322	404	341	345	333	330	256	926	928	971	519	586	936	1665	2315	1274	461	256	454	632	702	442	474	372	678	635	308	362	115	293	79	76	233	280	155	193	196	190	426	20	255	79	11	28	37	37	17	779	841	643	205	291	269	398	291	334	292	305	481	535	429	429	837	392	423	670	566	287	318	202	174	113	160	149	108	447	537	1134	153	252	405	525	455	351	193	366	145	159	338	371	147	141	113	175	162	68	193	226	305	293	224	309	294
	455.433197	502	604	336	333	341	287	284	324	412	477	473	562	589	569	583	595	513	498	513	554	380	333	409	364	364	365	315	279	976	924	1087	504	705	985	1694	2628	1303	463	267	430	743	656	442	515	425	647	627	342	388	140	243	76	73	267	266	165	205	195	202	421	24	256	100	3	25	44	46	33	866	894	757	156	325	287	430	305	335	315	304	534	561	463	448	894	411	421	659	558	332	355	207	157	146	139	179	131	442	561	1130	155	280	466	571	433	397	231	435	168	147	360	442	150	173	97	168	160	74	225	236	290	261	241	343	306
	456.651215	553	642	365	380	388	297	319	321	355	480	509	519	616	596	575	624	556	548	570	582	392	329	420	390	344	393	330	212	998	981	1035	553	671	1022	1769	2628	1314	480	285	467	740	704	464	552	436	657	667	337	439	120	274	49	61	275	287	181	202	174	199	434	36	300	79	8	23	21	39	30	843	890	771	169	338	321	463	283	357	311	317	588	600	457	464	993	442	484	681	610	320	325	186	178	133	172	184	128	536	573	1113	190	256	466	606	504	430	177	423	165	148	337	407	113	197	126	153	136	69	220	263	334	289	240	322	305
	457.86969	487	704	381	362	388	327	329	295	429	503	498	596	658	595	614	599	551	506	572	576	328	405	426	411	391	391	319	286	1022	908	1129	581	701	1022	1945	2688	1335	487	220	525	763	742	507	549	420	718	668	379	416	128	251	66	73	257	313	164	189	188	210	411	43	301	79	-4	31	17	45	23	912	916	741	175	343	324	473	311	368	333	356	585	603	506	467	993	461	435	692	610	329	368	204	179	135	114	176	145	477	576	1118	169	269	441	608	494	362	216	376	166	192	431	469	176	159	134	204	162	89	232	229	361	307	235	310	277
	459.088593	548	624	352	384	425	309	330	323	444	499	487	551	653	614	628	609	574	557	556	592	398	330	469	369	382	424	314	251	1054	1011	1145	537	702	1092	1949	2789	1374	440	301	539	729	695	476	558	421	677	729	347	446	136	283	50	70	259	267	221	203	198	216	407	34	281	69	2	27	30	63	37	886	992	820	202	339	336	466	354	374	313	334	590	617	534	444	926	462	433	737	610	368	378	209	199	122	189	207	122	517	622	1156	179	267	465	605	499	446	211	457	181	160	421	410	168	194	131	199	135	69	241	259	363	296	243	361	302
	460.308105	600	661	429	371	368	298	345	329	487	549	551	597	745	675	663	642	626	590	610	612	391	373	460	427	379	371	346	274	1102	1004	1167	562	756	1111	1961	2895	1414	492	294	506	764	805	513	595	438	722	686	367	458	132	278	45	84	311	315	169	205	213	212	433	40	288	92	8	44	40	53	28	979	988	802	213	346	331	532	361	376	382	336	668	646	488	491	972	477	506	752	614	365	364	188	168	142	172	177	138	595	638	1166	175	282	498	602	521	422	227	487	172	211	382	505	153	192	154	216	147	97	228	249	385	357	272	336	317
	461.528015	592	725	356	385	382	359	365	330	431	486	524	580	704	701	699	711	603	634	624	616	413	378	490	419	433	411	336	313	1063	1072	1120	564	773	1079	2206	2940	1327	507	264	533	859	787	530	575	510	704	773	392	451	156	286	72	89	274	332	198	234	190	233	443	48	272	81	30	27	30	45	18	999	1061	888	245	367	394	517	360	357	327	353	644	681	527	486	974	508	546	764	632	401	388	209	168	126	174	211	182	584	636	1248	209	289	521	669	525	470	198	518	194	192	420	508	157	183	141	199	182	121	247	262	374	326	262	349	353
	462.748413	552	762	412	413	381	355	376	350	476	532	566	663	723	742	636	670	649	632	661	640	435	429	493	448	460	457	303	288	1146	1115	1245	653	758	1121	2209	3029	1473	561	291	564	817	806	533	629	486	785	704	384	452	149	273	59	89	300	301	175	220	254	216	481	43	295	95	21	33	37	41	12	1052	1013	849	215	382	363	532	381	402	381	363	679	672	560	503	1034	538	577	766	668	344	343	245	201	148	144	223	122	597	677	1322	171	283	562	663	542	440	265	503	208	175	427	522	163	187	127	231	152	80	240	248	377	363	299	397	358
	463.969299	646	739	402	456	467	372	383	390	440	580	541	650	756	756	632	722	680	625	681	705	422	410	517	488	464	444	358	301	1128	1126	1229	615	835	1204	2201	3140	1554	535	306	580	853	856	588	682	499	799	780	409	475	146	315	82	115	291	327	178	182	230	225	531	28	310	99	6	36	24	48	12	1078	1132	820	209	355	380	538	340	438	407	418	691	667	590	533	1041	507	547	788	757	409	391	235	204	147	157	180	137	596	647	1325	202	295	600	677	584	443	247	539	218	181	435	525	172	205	135	210	197	83	244	264	427	395	267	355	348
	465.190613	639	753	437	419	461	391	411	387	471	532	589	629	766	759	713	716	717	640	735	676	462	443	563	439	486	488	372	333	1224	1177	1327	687	884	1215	2299	3305	1527	524	332	567	898	828	541	704	529	850	807	410	532	171	307	50	60	326	368	182	211	230	235	484	32	340	101	13	43	45	49	14	1097	1108	933	205	419	412	579	407	442	380	384	699	712	574	575	1105	529	617	867	692	393	387	242	214	141	174	185	132	654	699	1315	188	357	595	693	574	484	250	594	189	212	463	541	194	233	163	235	194	98	262	320	440	347	246	381	376
	466.412506	701	800	458	415	427	407	399	412	564	583	591	698	784	748	792	782	686	687	692	682	489	436	624	514	480	480	375	329	1226	1165	1383	640	945	1297	2500	3488	1543	591	312	591	958	923	550	697	536	854	823	470	567	151	339	89	73	294	347	195	242	264	231	566	36	332	81	14	48	4	60	17	1072	1167	983	223	429	356	572	423	426	373	372	780	780	604	586	1136	578	638	872	736	357	450	288	210	161	174	200	162	636	690	1400	213	312	610	734	626	503	270	572	204	201	453	559	194	170	134	276	183	113	262	320	467	392	322	405	324
	467.634796	723	817	449	467	458	426	436	427	526	611	596	711	835	817	767	717	730	704	748	753	520	502	610	574	494	494	427	320	1244	1198	1292	702	918	1356	2492	3489	1587	589	368	632	947	981	607	712	601	881	883	454	566	138	358	89	86	306	355	213	246	264	251	579	36	341	99	22	31	34	37	38	1210	1264	1047	270	432	418	593	451	493	395	392	839	746	692	569	1224	626	619	852	730	431	407	273	197	151	187	235	159	688	742	1426	201	312	669	777	617	497	267	600	256	226	466	547	191	199	152	239	197	102	283	314	486	399	287	395	330
	468.857605	722	844	536	523	466	386	418	457	593	603	610	726	812	813	814	767	729	740	731	737	480	491	591	534	567	500	423	353	1319	1268	1343	695	940	1279	2701	3634	1613	600	352	634	986	957	585	753	558	936	904	470	544	137	343	67	108	290	355	207	262	290	290	612	45	353	113	25	39	35	49	31	1186	1188	1069	274	398	421	588	411	443	401	407	808	793	640	594	1356	630	651	844	803	419	458	256	261	181	185	226	122	719	757	1539	215	406	662	801	699	536	285	578	224	225	522	635	189	191	151	287	192	84	279	334	477	386	325	412	362
	470.080902	735	868	474	518	436	434	417	445	570	668	641	733	886	956	842	856	809	750	760	767	499	469	637	563	513	528	379	343	1353	1311	1446	742	976	1305	2705	3669	1648	595	398	675	1012	943	617	786	534	833	907	553	607	182	376	94	66	324	357	233	264	244	261	656	62	346	111	27	33	24	53	20	1201	1277	1058	270	449	410	628	448	479	472	435	835	796	676	584	1312	588	696	913	858	417	400	286	221	187	217	240	157	681	787	1464	226	329	616	807	685	559	294	609	228	233	478	597	200	228	186	258	224	118	284	332	495	411	326	435	410
	471.304596	775	933	521	502	495	457	454	464	551	669	600	732	920	911	838	809	787	745	779	819	517	542	638	564	555	554	449	373	1411	1313	1446	723	969	1381	2783	3894	1617	625	367	673	1054	974	676	785	636	931	908	475	581	178	344	95	68	298	353	224	254	255	237	599	30	326	104	12	45	36	57	26	1201	1324	1049	232	440	434	628	461	484	450	440	898	828	732	624	1405	664	707	963	769	478	493	277	236	205	195	260	175	758	784	1508	246	378	647	799	767	512	293	607	235	241	567	604	200	216	200	268	209	125	283	319	552	388	350	419	410
	472.5289	789	882	493	567	495	467	478	428	602	696	637	744	938	887	898	809	808	759	781	865	577	514	630	629	560	592	392	348	1451	1392	1464	729	995	1474	2892	4053	1626	622	355	670	1111	1032	657	815	594	1032	950	510	629	181	364	96	113	312	355	225	263	314	298	653	44	345	111	5	52	33	48	17	1255	1279	1187	263	484	445	681	486	508	466	450	885	812	733	629	1383	667	754	995	794	455	469	298	266	162	189	266	147	771	775	1564	211	418	698	804	697	568	301	601	245	229	502	624	214	249	173	279	251	103	284	353	559	417	324	442	420
	473.753601	812	933	499	515	492	467	477	489	601	731	707	779	996	927	929	869	908	757	884	868	542	531	642	628	592	575	433	387	1422	1395	1518	792	1054	1471	2949	3977	1756	647	417	730	1075	1047	679	811	650	993	957	520	637	137	350	107	105	331	377	222	256	269	268	625	28	377	115	12	47	37	68	19	1294	1399	1115	253	466	433	643	449	511	436	437	905	871	760	643	1411	657	776	1023	775	479	443	249	266	179	216	210	146	763	883	1539	248	383	727	838	745	615	285	671	242	243	525	584	205	239	168	254	208	129	337	348	505	403	374	430	408
	474.97879	850	965	584	538	494	512	494	465	631	698	735	771	1003	906	871	870	879	735	843	940	608	536	623	677	619	571	465	393	1440	1429	1521	752	1046	1468	3021	4211	1717	658	367	748	1118	1081	703	814	658	1064	916	512	607	181	317	99	107	350	370	221	223	324	291	673	64	406	125	-7	46	27	51	8	1298	1334	1218	293	493	471	634	454	532	482	492	913	882	774	632	1381	677	742	962	861	422	468	305	258	203	185	256	133	765	844	1656	251	372	738	811	802	602	323	713	244	224	511	614	203	243	200	343	199	92	310	372	535	419	345	411	405
	476.204498	821	930	573	599	485	519	486	524	599	731	708	793	1007	964	949	934	889	771	832	826	578	545	696	637	619	609	463	387	1496	1422	1480	769	1101	1502	3069	4263	1706	642	415	738	1197	1087	689	893	767	1025	960	523	665	156	400	113	107	346	366	223	301	286	265	672	51	382	106	10	53	45	53	9	1242	1379	1253	256	476	475	656	471	490	493	511	902	904	783	697	1510	731	810	1001	817	446	457	263	226	201	199	253	172	774	854	1686	296	399	796	833	816	625	352	670	246	224	551	654	214	221	183	322	231	126	274	364	559	429	363	484	420
	477.430695	811	956	547	553	537	515	546	492	634	707	691	791	1058	990	893	906	955	838	891	935	625	561	766	622	607	635	467	379	1531	1362	1527	835	1108	1544	3037	4243	1804	678	399	758	1188	1126	705	855	734	1027	994	551	619	180	359	95	85	296	390	245	275	302	290	684	47	412	117	26	41	43	72	41	1312	1457	1208	274	484	461	655	528	542	494	515	956	962	877	669	1607	772	816	1057	847	481	486	276	234	175	223	308	170	822	894	1639	243	442	803	846	832	569	324	689	226	226	576	632	212	246	205	324	219	138	330	378	633	459	355	463	423
	478.657288	819	989	579	550	526	484	479	531	649	700	758	847	1053	1028	952	953	932	844	955	926	674	591	665	670	640	641	465	383	1550	1450	1554	799	1103	1625	3192	4310	1720	636	428	712	1171	1134	730	945	695	1060	1061	610	640	174	342	103	91	325	370	243	271	326	297	676	70	389	121	34	32	38	75	28	1306	1440	1247	250	504	462	769	530	525	475	522	1013	882	782	695	1580	786	822	1024	877	508	466	289	227	210	215	264	156	860	930	1707	267	433	802	887	767	690	353	648	257	214	583	667	236	269	178	346	241	125	331	383	622	486	365	459	454
	479.884399	835	965	596	619	531	521	501	521	620	758	725	844	1077	1024	991	968	944	846	901	909	604	623	763	680	637	676	470	372	1545	1505	1597	788	1179	1593	3232	4436	1738	684	406	765	1160	1139	687	963	724	1030	1037	581	677	192	367	113	108	387	418	216	265	309	292	687	63	371	125	19	43	49	70	48	1405	1460	1278	274	517	457	778	534	534	514	489	1025	995	903	721	1550	699	774	1090	890	470	470	335	270	183	230	316	159	806	899	1780	276	423	782	939	915	655	372	745	259	249	558	663	217	250	186	370	225	117	304	338	654	435	390	436	437
	481.112	910	982	599	551	539	518	478	534	603	763	725	837	1061	1052	988	939	1015	800	900	935	646	595	829	713	648	643	489	427	1530	1462	1633	794	1131	1546	3315	4466	1830	630	440	800	1202	1157	748	866	745	1019	1070	567	684	193	384	133	103	348	392	257	301	346	330	716	62	345	134	22	55	46	48	-1	1381	1441	1280	316	488	537	687	598	532	553	533	1038	951	815	758	1601	818	869	1052	955	510	474	300	243	198	239	271	174	887	946	1730	277	422	776	937	743	696	352	746	263	227	586	707	230	241	176	328	284	119	336	377	685	500	358	487	437
	482.340088	873	998	593	631	541	523	550	515	628	745	675	877	1173	1067	995	966	995	889	986	967	696	573	752	725	678	682	497	396	1583	1544	1724	786	1210	1612	3297	4523	1827	625	435	758	1201	1198	774	854	693	1084	1082	609	701	180	400	96	137	324	383	228	312	315	274	762	42	349	128	18	58	29	58	50	1471	1507	1422	272	516	487	705	591	573	502	570	1019	926	830	724	1606	761	922	1161	937	487	480	296	315	243	229	301	165	858	965	1741	287	462	881	892	872	687	380	728	268	232	544	679	191	289	189	363	239	131	332	373	620	515	388	474	459
	483.568695	890	1028	599	605	539	540	516	586	651	716	756	797	1147	1091	1020	994	1049	837	976	950	630	662	739	773	661	667	486	407	1578	1502	1686	842	1175	1761	3398	4546	1853	692	444	816	1205	1246	762	974	791	1158	1129	593	707	186	399	135	105	318	380	256	289	343	264	835	62	381	116	18	33	22	76	27	1449	1582	1416	326	508	507	734	539	554	553	562	1038	1037	931	720	1613	840	910	1162	918	509	486	299	288	209	213	290	147	817	956	1822	251	470	870	892	890	642	372	754	260	229	578	680	238	267	245	337	256	125	330	389	679	479	389	501	468
	484.797699	893	1014	639	687	581	522	507	584	659	774	756	828	1175	1070	1062	966	1048	863	973	1018	691	617	837	773	665	716	507	408	1574	1498	1736	860	1156	1733	3505	4708	1728	695	471	825	1321	1281	805	971	778	1162	1096	571	747	203	419	114	112	383	369	266	338	329	277	823	72	396	120	-14	55	50	51	39	1472	1606	1396	310	515	479	740	630	557	511	528	1077	995	909	733	1729	813	954	1225	933	529	506	316	256	235	224	314	173	938	978	1852	344	459	897	970	939	713	389	784	276	254	575	698	247	277	211	352	285	166	341	413	703	513	402	468	492
	486.027191	938	1036	654	642	559	531	577	565	657	802	794	882	1192	1145	1096	1092	1094	946	984	1028	684	647	793	772	695	708	540	418	1625	1581	1794	856	1291	1692	3454	4765	1798	746	511	821	1290	1275	826	938	818	1138	1262	608	736	186	427	118	120	329	400	263	320	334	299	812	74	407	127	9	52	27	73	18	1448	1588	1403	303	565	508	817	666	528	522	537	1134	1065	977	775	1695	836	959	1209	928	523	512	321	306	220	240	303	194	893	964	1872	276	461	957	993	939	735	354	828	276	256	610	732	267	271	232	341	259	149	317	444	683	523	439	508	479
	487.257202	1092	1106	671	652	562	540	599	658	715	825	816	902	1170	1172	1113	1093	1157	914	1020	965	741	597	868	829	695	716	575	427	1662	1627	1840	893	1245	1687	3684	5025	1901	666	488	813	1357	1302	872	976	821	1192	1215	639	736	200	454	105	112	381	417	267	329	385	368	776	57	417	144	21	32	51	61	33	1513	1687	1529	297	563	495	760	652	583	602	554	1176	1106	959	786	1749	851	917	1244	952	546	523	325	280	227	248	330	143	966	1047	1878	280	553	953	988	906	712	421	781	289	288	651	729	243	289	206	343	296	150	399	456	739	488	425	466	480
	488.487701	1034	1188	631	737	584	640	560	607	671	870	805	907	1310	1246	1170	1063	1207	997	1025	1068	749	663	829	877	768	766	532	500	1731	1640	1891	938	1395	1821	3810	5119	1905	743	482	869	1317	1293	856	1008	761	1195	1327	689	785	209	437	100	86	369	412	248	347	331	320	863	65	376	135	10	54	37	72	33	1576	1714	1590	325	564	531	790	645	563	639	629	1169	1051	1045	785	1773	836	991	1227	1054	549	538	328	287	237	244	330	179	1028	1060	2050	290	569	923	1004	991	737	417	882	249	246	655	706	245	288	203	348	256	142	376	443	706	540	426	502	513
	489.718597	1116	1096	674	735	688	586	585	623	767	844	835	981	1341	1230	1162	1116	1107	1040	1082	1061	817	681	788	898	800	737	556	457	1729	1735	1995	924	1350	1845	4015	5407	1953	795	505	907	1389	1382	923	1064	817	1255	1288	704	787	198	453	123	121	376	447	272	307	409	292	913	61	425	151	35	37	48	85	32	1725	1804	1590	336	601	543	860	671	622	572	563	1199	1078	963	805	1989	975	1027	1351	1024	591	561	357	289	214	254	344	200	1068	1110	2048	320	507	998	1071	997	750	405	869	296	237	663	747	266	325	208	392	264	157	365	475	777	568	457	538	545
	490.950104	1060	1162	712	711	613	618	601	622	793	911	831	978	1296	1277	1238	1144	1191	1002	1122	1096	747	658	876	919	830	801	582	509	1761	1738	2049	908	1417	1973	4063	5407	2052	746	547	900	1383	1405	874	1119	859	1345	1325	702	814	209	476	113	116	399	427	340	375	396	354	850	49	415	95	25	58	36	74	25	1837	1814	1577	302	624	538	808	636	629	582	570	1266	1127	1033	838	1963	949	1041	1379	1030	578	569	360	311	273	228	326	163	1017	1091	2105	335	594	1024	1048	1089	857	423	888	271	255	688	741	259	294	235	422	307	185	389	469	806	604	467	509	540
	492.182007	1074	1222	699	743	659	540	630	667	774	841	859	937	1351	1240	1230	1116	1283	1009	1122	1125	817	658	888	885	832	762	589	493	1827	1801	1978	1001	1392	1925	4117	5416	1956	723	502	872	1398	1377	912	1001	835	1301	1215	718	830	214	466	124	115	366	461	282	362	407	397	919	60	419	138	24	48	44	81	37	1747	1809	1607	366	598	603	842	685	611	644	590	1212	1151	1076	855	1959	971	1055	1325	1019	507	557	374	301	254	289	359	224	1092	1125	2039	303	532	1016	1108	1133	788	449	899	307	264	667	816	279	289	247	447	308	161	420	508	819	582	423	504	531
	493.414398	1120	1219	686	728	643	635	648	643	754	900	870	989	1378	1312	1211	1185	1280	983	1112	1111	758	711	875	937	794	798	600	474	1862	1776	1922	956	1510	1968	4143	5360	1959	792	531	899	1436	1404	953	994	866	1332	1337	611	767	195	502	125	138	388	490	324	368	396	352	937	65	438	147	21	48	43	85	45	1596	1778	1729	344	599	549	897	727	633	627	647	1263	1240	1101	900	2006	998	1122	1330	1041	518	535	360	283	252	218	281	184	1124	1137	2137	338	583	1087	1106	1029	816	427	911	307	307	702	822	230	332	288	390	283	197	391	510	706	598	447	519	501
	494.647308	1106	1200	706	752	636	607	608	634	850	864	887	983	1359	1244	1315	1187	1303	1002	1094	1089	794	712	874	896	820	786	624	457	1740	1869	2000	961	1441	1985	4080	5356	2027	764	516	926	1368	1412	999	895	844	1389	1297	628	747	221	532	121	148	357	435	301	344	458	350	864	72	433	117	-11	43	62	82	35	1739	1802	1654	327	574	580	845	742	681	620	664	1306	1252	1145	868	1905	909	1051	1291	1013	566	624	339	264	250	248	310	177	1082	1080	2150	268	637	990	1104	960	865	473	924	297	288	654	748	251	300	249	412	297	153	404	491	806	645	441	514	554
	495.880615	1119	1290	722	743	695	663	570	582	842	913	879	1008	1394	1236	1229	1154	1280	1066	1127	1133	858	735	974	943	814	816	633	462	1858	1804	1976	996	1450	1922	4265	5322	1879	753	542	1029	1325	1506	953	875	774	1408	1223	663	735	222	442	128	111	401	403	309	372	409	352	928	40	449	154	31	41	48	77	27	1820	1905	1636	342	612	560	873	724	606	605	652	1259	1162	1093	877	1995	1010	1069	1435	1085	559	530	342	267	255	252	336	183	1072	1102	2199	352	563	1090	1147	1066	805	442	902	327	279	712	719	272	312	259	429	309	186	383	499	802	565	462	528	550
	497.114502	1076	1253	668	705	666	628	619	570	785	900	850	956	1355	1268	1313	1139	1321	995	1124	1193	760	690	879	868	812	803	620	421	1858	1902	1995	962	1431	2060	4233	5416	1963	765	554	996	1397	1402	1009	838	770	1370	1357	572	713	210	488	142	148	394	466	274	326	365	356	953	62	464	114	29	28	67	57	31	1736	1959	1622	355	590	545	891	778	626	653	604	1314	1251	1058	878	2008	979	1045	1362	1057	575	597	334	267	226	236	347	178	1018	1168	2055	302	525	1051	1110	1026	851	458	854	326	249	655	820	266	326	218	418	318	152	361	488	805	607	423	482	553
	498.348785	1085	1209	665	726	632	597	619	624	808	913	920	1011	1307	1277	1285	1205	1310	1093	1209	1109	795	655	891	948	863	777	683	462	1886	1931	2005	955	1437	1975	4268	5567	1929	745	547	946	1431	1470	918	884	817	1356	1394	647	787	245	478	141	149	383	422	291	357	420	376	951	77	437	124	32	52	53	70	19	1733	1889	1723	313	642	593	896	730	625	607	649	1312	1251	1164	924	1943	939	1131	1389	1009	577	515	312	305	278	196	302	165	1061	1151	2283	373	597	1042	1138	1023	868	448	860	288	259	713	853	295	342	264	421	280	163	360	488	810	607	440	505	554
	499.583588	1116	1165	712	723	638	652	596	626	783	884	890	1041	1410	1331	1306	1133	1271	1061	1124	1167	853	710	848	956	886	808	609	482	1900	1889	2049	957	1413	2061	4174	5619	1930	748	512	1003	1460	1453	966	960	835	1368	1311	699	721	206	499	134	129	367	414	298	345	427	377	986	70	464	117	23	72	71	73	18	1725	1864	1676	359	609	564	878	782	614	648	605	1372	1277	1099	931	1948	939	1123	1420	1068	559	558	307	276	263	250	365	174	1079	1145	2210	325	599	1170	1140	1034	896	434	885	303	280	715	860	236	338	243	438	279	142	404	507	833	634	440	507	534
	500.818909	1082	1170	696	741	673	640	594	609	770	892	890	964	1354	1353	1209	1197	1346	1013	1202	1168	860	738	896	937	812	836	658	485	1836	1913	2004	957	1496	2020	4354	5573	1881	798	584	1043	1483	1431	978	964	800	1395	1435	664	777	225	452	132	129	346	430	297	375	461	382	922	65	444	146	18	49	63	77	43	1793	1956	1708	355	575	549	950	718	620	659	639	1222	1252	1141	906	1960	967	1084	1439	1072	564	547	356	313	237	257	343	156	1086	1108	2183	318	595	1180	1198	1067	918	393	845	283	271	717	816	258	277	219	419	295	187	396	554	789	611	410	529	535
	502.054596	1163	1238	705	744	680	631	650	644	803	894	917	947	1471	1351	1316	1173	1358	1093	1169	1187	862	708	916	941	873	815	622	494	1851	1884	2092	959	1466	2029	4256	5495	1991	775	588	949	1470	1434	964	971	812	1345	1449	657	834	196	517	119	145	425	407	314	388	455	360	974	46	474	135	25	50	41	77	36	1666	1923	1625	386	573	601	892	745	630	687	643	1377	1255	1158	972	2037	1042	1101	1513	1116	594	548	308	277	263	288	347	191	1115	1121	2259	345	590	1193	1148	1038	883	406	883	318	284	676	780	272	301	235	373	309	156	413	500	845	620	465	558	578
	503.290894	1227	1099	719	732	690	618	644	617	827	898	922	968	1493	1362	1241	1300	1392	1021	1209	1162	846	738	906	939	924	903	632	493	1935	1925	2090	1042	1512	2085	4446	5763	1930	782	539	1037	1488	1510	967	1071	811	1437	1392	845	822	227	527	143	140	392	454	324	368	443	389	965	82	454	140	19	48	39	66	45	1843	1918	1652	341	584	529	852	720	635	688	618	1334	1310	1193	952	2137	1003	1228	1460	1070	557	614	300	280	242	257	361	180	1080	1164	2211	307	635	1189	1205	1070	935	482	898	315	282	755	803	300	323	196	426	313	158	367	530	837	622	462	483	598
	504.527588	1182	1171	766	786	671	652	658	677	807	929	921	1020	1502	1399	1325	1283	1435	1173	1258	1197	885	770	961	997	891	828	645	491	1902	1979	2107	989	1556	1929	4527	5581	1960	753	569	1037	1492	1544	944	1179	887	1420	1415	768	865	222	518	150	135	374	403	290	359	445	359	1027	83	435	143	10	36	53	47	30	1852	1957	1697	370	572	604	876	791	630	610	669	1361	1286	1199	956	2082	1000	1184	1536	1110	525	611	339	281	257	237	355	170	1158	1133	2361	385	700	1262	1195	1111	921	416	871	290	263	768	824	293	334	261	470	272	175	395	553	858	671	484	528	540
	505.764801	1144	1227	690	815	680	677	646	677	827	904	915	997	1516	1467	1342	1277	1429	1172	1299	1215	968	708	970	1004	880	846	687	493	2014	2018	2064	1076	1508	2085	4447	5707	2043	788	667	1057	1453	1534	1001	1086	792	1437	1339	785	865	221	516	138	146	362	417	324	403	450	371	999	99	436	141	29	59	50	66	36	1857	1988	1756	349	646	578	965	728	613	607	604	1389	1328	1085	990	2149	1004	1185	1498	1168	622	605	373	294	295	233	343	186	1117	1183	2404	403	678	1216	1176	1069	923	424	825	300	275	712	862	280	321	250	433	256	162	411	503	855	643	461	543	601
	507.002502	1207	1265	742	707	739	632	628	679	805	971	948	1055	1496	1350	1240	1323	1439	1189	1266	1250	916	720	970	956	962	849	641	533	1927	2075	2141	1052	1441	2168	4454	5930	1969	765	613	1035	1534	1494	956	1172	846	1390	1455	774	864	207	503	133	145	386	419	341	379	440	403	1035	75	473	159	31	61	45	80	47	1893	1965	1759	342	645	604	968	751	688	723	626	1397	1350	1164	928	2100	1024	1169	1500	1112	583	574	388	289	302	245	330	188	1164	1178	2330	350	617	1240	1280	1066	942	444	857	337	317	793	863	280	330	255	481	320	172	404	551	892	693	462	516	576
	508.240601	1134	1186	713	777	613	653	681	691	760	893	993	1025	1576	1395	1361	1315	1453	1178	1269	1238	917	759	893	1009	920	849	647	490	2002	2090	2138	1105	1529	2103	4663	5745	1959	770	602	1096	1413	1488	996	1161	792	1501	1477	749	843	239	499	182	149	418	481	297	363	468	429	1002	71	480	173	1	62	33	62	36	1836	2069	1859	320	643	593	922	730	640	669	641	1428	1284	1231	971	2246	1081	1176	1549	1194	588	588	355	315	300	268	350	182	1200	1136	2444	390	681	1238	1255	1124	980	434	885	304	311	795	843	235	388	246	450	279	179	412	530	907	669	477	511	574
	509.479309	1197	1224	764	796	756	692	666	666	849	931	960	1060	1493	1398	1418	1239	1423	1168	1266	1216	873	705	973	1052	904	843	683	593	1956	1957	2225	1114	1521	2179	4609	5899	1933	768	629	1045	1598	1485	1022	1230	870	1529	1465	780	907	255	500	134	112	389	418	320	398	447	388	989	86	433	157	22	63	51	93	40	1905	2021	1809	395	675	572	901	772	633	611	681	1460	1398	1242	987	2143	1101	1166	1571	1268	588	587	407	326	261	270	335	183	1166	1200	2379	389	634	1306	1203	1167	943	492	891	289	285	818	850	295	360	249	418	309	180	415	579	878	662	472	553	587
	510.718414	1289	1357	752	801	699	691	672	659	875	943	947	1012	1550	1401	1385	1338	1479	1092	1272	1243	929	737	953	1031	964	910	703	578	2063	2036	2222	1128	1536	2287	4676	5992	2100	777	637	1119	1530	1613	972	1158	864	1451	1497	835	921	266	498	144	130	401	471	322	388	506	401	1064	70	442	135	27	58	46	63	51	1942	2067	1744	363	671	653	938	839	654	716	634	1449	1481	1283	1008	2184	1078	1248	1733	1158	622	575	426	287	275	237	364	195	1174	1177	2402	354	741	1333	1214	1101	973	479	872	311	254	759	829	328	337	229	435	326	192	426	588	910	678	506	522	572
	511.958008	1304	1306	843	893	693	805	726	724	871	1004	977	1022	1645	1440	1414	1341	1483	1177	1326	1284	933	794	965	1044	964	941	729	605	2045	2129	2297	1099	1660	2244	4684	6229	2115	804	681	1116	1490	1562	1078	1202	928	1567	1466	808	924	226	509	137	128	371	425	345	426	518	409	1024	76	464	172	14	68	54	80	44	1990	2190	1923	413	722	632	986	835	653	708	650	1468	1504	1288	992	2194	1232	1255	1615	1208	609	630	439	363	298	259	346	202	1291	1232	2486	365	714	1371	1300	1207	1036	490	958	343	285	771	902	284	337	276	442	315	193	411	584	908	723	465	546	591
	513.19812	1268	1405	803	923	780	696	697	739	922	1072	1029	1162	1630	1627	1423	1320	1577	1237	1405	1289	957	737	988	1076	1059	931	740	568	2111	2100	2401	1092	1615	2303	4775	6296	1995	860	667	1165	1579	1653	1166	1283	924	1511	1494	836	913	222	528	141	136	404	496	353	377	468	388	1156	87	477	142	22	61	56	81	34	1977	2020	1890	402	660	615	924	852	709	700	658	1514	1484	1282	1013	2317	1211	1295	1633	1296	649	639	438	294	291	270	379	170	1332	1263	2657	403	755	1376	1301	1244	1042	488	1018	300	287	795	868	327	355	251	478	328	184	430	545	925	731	457	528	610
	514.438599	1285	1330	851	853	694	742	708	768	909	1001	1013	1213	1625	1529	1436	1371	1701	1240	1321	1304	966	776	1026	1102	978	922	798	563	2172	2207	2378	1204	1711	2276	5058	6356	2153	870	667	1183	1642	1704	1066	1243	904	1577	1495	843	938	238	536	151	136	404	472	324	450	527	419	1098	64	475	176	13	52	74	91	33	2037	2157	1945	426	665	662	975	849	721	733	683	1524	1483	1363	1065	2412	1207	1277	1675	1252	627	661	413	342	306	279	403	181	1236	1290	2632	379	755	1422	1267	1231	1053	557	1035	319	307	787	844	295	382	255	461	301	195	432	618	1059	735	503	576	623
	515.679688	1370	1373	824	886	731	731	739	801	911	1084	1028	1179	1702	1515	1443	1344	1686	1305	1364	1329	963	755	1064	1113	1048	918	757	586	2129	2252	2485	1181	1641	2378	5168	6373	2089	835	686	1201	1667	1721	1171	1312	912	1656	1509	862	921	253	532	139	147	416	467	332	460	516	367	1161	73	502	187	12	49	61	83	44	2013	2248	1934	459	711	691	1001	861	711	723	681	1565	1538	1367	1064	2369	1186	1314	1763	1306	694	709	442	324	289	267	403	185	1323	1316	2650	370	747	1372	1266	1188	1061	558	1027	349	289	800	914	304	409	262	508	308	207	465	640	947	758	526	532	628
	516.921204	1383	1406	787	909	816	725	795	729	882	1077	1027	1195	1606	1593	1494	1380	1627	1180	1424	1290	1055	826	974	1090	1075	950	686	584	2187	2335	2409	1305	1687	2322	5086	6387	2092	860	677	1190	1610	1603	1188	1244	899	1636	1576	890	984	238	546	165	157	392	444	397	452	529	432	1125	87	503	180	8	65	71	70	44	2092	2301	1926	425	722	632	1067	880	725	746	735	1586	1502	1391	1094	2382	1285	1311	1707	1372	640	654	423	338	294	304	338	179	1294	1260	2623	388	788	1394	1308	1241	1118	581	1017	332	311	848	954	330	424	282	548	293	223	449	680	1031	733	522	535	614
	518.163208	1339	1366	813	931	757	783	704	759	881	967	1062	1046	1716	1583	1460	1441	1606	1232	1419	1287	1053	844	1020	1136	1139	999	750	578	2242	2372	2462	1195	1633	2365	5002	6550	1938	787	755	1181	1599	1622	1122	1226	977	1613	1467	945	952	243	605	179	171	437	456	366	441	536	450	1123	82	493	199	18	53	41	88	55	2028	2296	1931	391	703	647	1040	865	684	725	751	1637	1562	1388	1108	2432	1209	1362	1767	1288	633	691	432	350	350	292	367	156	1260	1298	2596	418	692	1455	1420	1151	1083	567	1022	340	254	840	941	330	384	276	507	339	214	435	608	1011	746	513	541	609
	519.405579	1357	1414	777	931	773	746	714	772	871	980	1064	1121	1720	1605	1432	1387	1594	1287	1350	1278	998	722	991	1027	1056	1034	743	594	2288	2367	2535	1147	1640	2366	5126	6370	1935	803	703	1154	1659	1589	1185	1270	875	1683	1524	952	950	236	539	172	142	422	442	336	444	572	444	1108	66	483	175	28	60	42	76	45	2090	2254	2006	421	714	679	1045	854	714	750	742	1620	1498	1323	1074	2399	1353	1328	1728	1330	597	723	444	352	273	262	376	183	1298	1264	2665	393	750	1437	1368	1274	1084	557	1085	322	273	771	888	316	422	248	549	323	217	482	658	1008	805	555	542	636
	520.648621	1349	1366	777	924	754	770	648	761	933	1101	1048	1182	1681	1604	1438	1433	1631	1279	1414	1257	1041	829	999	1094	1129	918	785	658	2241	2268	2526	1204	1661	2434	5119	6382	1923	898	705	1226	1653	1661	1136	1336	933	1579	1523	927	1003	237	531	189	181	413	492	378	475	600	433	1115	68	507	161	1	45	53	81	58	2095	2298	1990	412	721	677	1108	995	739	800	744	1701	1553	1391	1092	2436	1240	1327	1796	1334	617	655	443	323	281	295	394	193	1284	1313	2683	407	796	1419	1309	1186	1101	569	1062	345	312	793	909	342	384	271	521	320	204	422	625	960	822	545	550	602
	521.89209	1436	1366	833	936	757	700	755	708	895	996	1010	1133	1806	1545	1479	1446	1733	1309	1417	1305	1001	779	1004	1078	1057	959	801	622	2268	2325	2474	1129	1655	2347	5019	6446	2035	798	701	1270	1597	1553	1114	1307	892	1636	1526	922	973	255	570	163	160	409	478	328	447	531	401	1083	84	476	190	25	50	55	79	43	2039	2281	1933	418	719	697	1071	974	685	753	710	1593	1546	1367	1088	2455	1285	1330	1708	1256	703	610	437	318	318	292	372	179	1270	1356	2570	376	760	1425	1408	1186	1031	489	986	353	314	857	952	360	388	318	533	331	233	470	597	1037	775	547	549	635
	523.135986	1318	1345	772	891	798	725	712	728	954	995	1021	1112	1675	1535	1537	1408	1672	1263	1464	1273	1040	773	1069	1046	1070	958	759	552	2276	2438	2506	1195	1636	2419	5197	6500	2016	842	714	1254	1613	1672	1129	1329	904	1624	1442	840	1018	250	580	186	186	355	439	379	410	613	421	1131	83	493	158	-1	43	44	65	54	2177	2329	1928	423	745	587	1066	932	661	728	714	1596	1632	1397	1142	2573	1310	1272	1757	1305	648	659	431	301	352	242	388	168	1332	1347	2669	435	736	1477	1351	1227	1063	511	1034	355	262	814	918	319	390	271	532	337	188	471	604	1045	773	528	532	628
	524.380371	1363	1349	837	841	813	724	729	752	891	1062	978	1192	1703	1586	1418	1381	1661	1267	1379	1312	1031	810	1029	1160	1006	954	792	616	2281	2337	2529	1248	1599	2416	5317	6391	2024	789	680	1222	1642	1661	1078	1255	901	1512	1498	853	1009	246	502	165	159	416	510	328	454	574	444	1205	92	523	163	27	60	65	90	31	2110	2356	1974	417	715	655	1070	973	712	766	701	1601	1600	1398	1113	2519	1330	1310	1717	1270	608	632	437	368	276	289	359	193	1301	1240	2800	393	776	1370	1407	1226	1096	499	1065	314	296	815	1017	358	409	261	512	321	231	469	680	971	786	530	563	627
	525.625305	1372	1395	771	875	746	769	719	744	907	1020	1012	1160	1648	1545	1489	1417	1716	1275	1433	1362	1022	861	1030	1103	1087	991	827	562	2317	2428	2489	1244	1669	2474	5116	6277	2099	842	688	1252	1647	1674	1087	1241	935	1636	1535	930	930	250	521	167	154	425	479	347	421	570	457	1109	105	451	152	42	58	75	79	45	2101	2297	1913	448	668	655	1042	947	671	777	683	1618	1563	1374	1091	2400	1262	1435	1764	1307	722	617	431	308	319	282	391	162	1292	1268	2697	403	779	1364	1379	1271	1105	564	1013	309	290	806	918	319	400	242	543	313	215	462	685	1001	743	484	528	623
	526.870728	1404	1374	836	886	818	704	717	743	888	1032	1005	1105	1716	1593	1516	1423	1796	1292	1410	1348	1009	822	1063	1096	1104	993	729	594	2364	2334	2584	1176	1604	2432	5192	6302	2072	835	745	1237	1687	1615	1109	1256	931	1600	1557	893	1011	266	526	176	185	432	443	337	405	556	464	1145	80	483	180	21	62	80	68	42	2066	2247	1939	433	664	659	1047	980	725	733	687	1636	1580	1389	1127	2506	1330	1378	1688	1333	678	678	436	337	309	238	425	181	1392	1340	2727	423	806	1559	1461	1271	1180	548	1097	300	288	832	918	351	403	248	558	336	224	468	668	992	776	515	542	634
	528.116516	1411	1471	777	955	799	741	763	753	903	1033	1073	1141	1769	1593	1573	1504	1741	1263	1546	1311	1060	885	1090	1102	1089	1016	773	659	2360	2403	2560	1197	1626	2424	5278	6340	1954	864	740	1313	1633	1675	1150	1297	926	1678	1511	892	945	256	509	199	155	440	430	365	444	607	449	1227	102	501	186	17	47	54	87	30	2083	2382	1973	432	680	701	1099	1036	701	786	683	1577	1605	1337	1143	2580	1304	1401	1768	1404	659	651	461	357	309	297	430	172	1257	1303	2787	432	781	1501	1427	1225	1147	541	1073	300	300	823	964	351	422	255	570	319	219	436	613	1016	840	488	623	662
	529.362793	1403	1460	883	927	823	733	733	737	1042	1017	1096	1203	1763	1666	1498	1506	1766	1352	1435	1290	1037	819	1105	1161	1121	985	784	603	2361	2461	2677	1237	1670	2423	5573	6471	2116	905	739	1290	1650	1660	1188	1276	1045	1649	1563	954	1021	276	487	181	168	468	456	361	432	646	431	1120	74	499	153	21	58	64	89	57	2203	2346	1928	466	663	679	1206	1043	686	844	705	1698	1660	1386	1177	2621	1317	1402	1844	1375	662	706	441	342	314	274	409	154	1335	1332	2779	432	812	1493	1421	1318	1227	547	1068	326	314	795	962	309	400	246	508	310	185	513	695	1041	789	500	544	665
	530.609619	1463	1341	855	973	886	767	763	773	919	1031	1106	1176	1819	1723	1562	1544	1880	1335	1465	1407	1007	874	1111	1270	1107	1084	761	645	2437	2531	2664	1258	1714	2549	5542	6598	2044	900	766	1256	1806	1726	1182	1370	966	1674	1558	961	991	233	519	192	202	396	459	374	496	617	442	1185	80	473	231	9	57	46	79	24	2181	2364	2062	423	744	656	1074	988	737	786	754	1745	1637	1394	1179	2627	1325	1382	1755	1427	653	668	448	348	328	336	410	201	1290	1428	2808	475	780	1576	1443	1253	1223	548	1119	326	319	842	997	355	414	270	570	311	241	473	669	1078	846	563	549	669
	531.856873	1412	1523	852	975	839	783	770	751	975	1076	1106	1158	1839	1710	1571	1533	1765	1348	1424	1366	1111	832	1113	1168	1134	1019	819	629	2486	2548	2679	1224	1732	2571	5587	6500	2129	916	748	1366	1784	1759	1163	1312	953	1634	1520	950	963	234	593	188	195	445	508	384	526	627	468	1196	110	487	160	29	70	49	85	39	2338	2374	2118	442	778	688	1114	1044	676	795	698	1797	1659	1479	1212	2816	1327	1383	1814	1384	660	691	433	322	316	235	398	165	1295	1315	2842	406	817	1581	1439	1287	1170	540	1135	292	299	928	987	409	453	277	560	338	203	484	677	1034	846	557	522	642
	533.104614	1530	1469	851	965	795	744	790	823	995	1065	1118	1190	1874	1757	1621	1448	1769	1400	1508	1398	1140	928	1058	1193	1141	1055	824	642	2522	2580	2637	1332	1679	2532	5612	6685	2033	876	808	1352	1759	1693	1151	1309	969	1631	1542	988	1026	267	519	160	181	445	448	346	518	631	489	1182	74	499	200	21	49	49	61	40	2317	2470	2038	434	728	732	1143	1008	737	838	772	1748	1651	1386	1131	2660	1361	1403	1896	1363	672	691	468	328	320	305	411	195	1355	1440	2813	414	892	1504	1490	1347	1134	527	1083	285	315	897	1009	368	428	254	576	352	243	459	723	1151	874	529	594	684
	534.352905	1489	1495	850	942	870	774	712	780	907	1064	1052	1240	1810	1650	1535	1478	1802	1328	1542	1409	1091	874	1139	1187	1189	1041	920	611	2577	2517	2628	1226	1739	2640	5515	6544	2045	872	741	1279	1765	1755	1200	1347	980	1661	1489	984	1030	244	566	156	180	459	482	359	463	666	472	1163	75	541	194	24	53	54	67	45	2272	2307	2100	459	799	749	1221	1058	728	795	728	1802	1709	1371	1208	2672	1445	1443	1882	1361	661	666	451	325	337	235	412	161	1373	1370	2810	436	824	1539	1544	1305	1238	562	1112	331	307	884	977	375	427	270	522	337	255	467	686	1103	895	545	578	618
	535.601624	1514	1490	891	935	874	774	822	813	969	1093	1121	1257	1885	1682	1607	1490	1848	1439	1589	1440	1086	909	1135	1137	1132	1047	855	661	2580	2535	2802	1282	1793	2626	5701	6649	2106	873	755	1372	1803	1666	1185	1348	991	1574	1525	982	993	250	560	215	168	412	484	375	493	624	444	1199	65	520	172	29	49	64	92	67	2285	2362	2077	443	788	682	1183	996	712	794	757	1677	1720	1427	1192	2693	1398	1408	1911	1422	700	641	474	404	299	301	394	165	1381	1356	2915	439	868	1592	1441	1280	1167	577	1132	316	299	918	1012	383	452	241	587	341	245	464	716	1122	895	587	513	694
	536.85083	1551	1484	883	904	848	771	744	823	1030	1144	1091	1154	1953	1667	1616	1503	1849	1364	1571	1394	1028	895	1160	1190	1252	1091	842	607	2548	2670	2682	1236	1767	2609	5669	6662	2068	917	772	1428	1836	1784	1174	1369	992	1653	1516	1046	1132	233	559	186	148	447	480	385	551	546	487	1268	107	495	182	18	76	30	109	45	2267	2464	2207	444	806	689	1196	1035	709	854	730	1819	1716	1488	1210	2717	1425	1443	1871	1384	698	660	481	335	313	314	409	202	1360	1501	2935	472	863	1635	1470	1292	1259	541	1086	346	321	986	1047	396	452	260	595	334	229	473	711	1064	922	574	575	680
	538.100525	1536	1515	876	935	905	816	779	830	979	1112	1141	1197	1906	1706	1663	1529	1914	1315	1605	1442	1165	864	1065	1170	1162	1054	835	679	2574	2697	2716	1230	1792	2560	5696	6798	2094	935	753	1376	1853	1824	1168	1323	1035	1716	1517	1008	977	245	496	198	183	457	513	414	489	652	502	1179	73	536	187	17	68	52	79	54	2265	2400	2106	462	768	771	1197	1096	752	845	693	1722	1674	1463	1254	2713	1443	1407	1933	1461	696	698	468	334	332	260	445	211	1351	1441	3040	471	913	1548	1473	1403	1186	579	1185	342	297	874	1044	352	421	258	562	355	244	518	715	1097	889	574	580	659
	539.350586	1575	1496	878	978	899	818	758	837	1001	1106	1136	1186	1944	1820	1670	1619	1886	1475	1569	1412	1166	867	1096	1133	1212	1050	884	656	2655	2749	2755	1298	1851	2706	5679	6949	2004	902	827	1395	1899	1773	1172	1407	1001	1628	1562	1074	1049	271	544	176	153	427	477	418	505	639	497	1276	130	535	199	18	72	34	73	57	2388	2472	2184	470	788	708	1211	1109	744	878	685	1868	1708	1345	1251	2770	1444	1462	1903	1463	725	719	470	410	319	291	447	162	1424	1479	2983	488	883	1688	1544	1372	1203	585	1118	331	280	965	1021	432	482	296	606	312	222	491	712	1119	878	598	579	625
	540.601318	1556	1500	810	897	906	750	821	848	1012	1107	1109	1328	1873	1832	1712	1625	1941	1454	1559	1429	1175	950	1110	1155	1268	1156	876	673	2654	2826	2764	1286	1778	2715	5860	6904	2147	922	814	1462	1921	1838	1219	1400	970	1702	1594	982	1035	252	536	183	171	441	525	442	533	642	535	1320	64	514	190	29	59	56	96	64	2342	2559	2180	476	759	690	1221	1126	719	850	732	1887	1774	1544	1339	2736	1470	1455	2010	1471	755	746	516	380	327	280	433	162	1340	1474	3000	446	903	1688	1597	1409	1371	584	1153	341	289	951	1044	444	509	297	606	320	290	484	810	1093	913	558	551	683
	541.852417	1503	1516	885	1000	929	938	873	838	1082	1133	1217	1259	1873	1883	1665	1601	1874	1454	1596	1472	1139	926	1154	1297	1199	1085	825	707	2750	2767	2787	1377	1867	2741	5934	6908	2048	951	796	1443	1904	1739	1232	1434	1061	1669	1679	1084	1120	232	529	162	173	496	447	451	503	700	536	1260	99	510	208	28	62	46	96	58	2409	2532	2150	465	806	740	1246	1193	782	898	822	1832	1779	1551	1312	2828	1510	1492	1916	1487	678	726	448	386	348	295	427	185	1418	1526	3097	483	932	1687	1571	1443	1319	619	1153	339	307	969	1076	434	474	290	619	337	272	566	748	1188	934	599	568	694
	543.104004	1559	1469	888	955	983	786	795	869	1084	1193	1136	1287	1870	1861	1693	1684	1965	1469	1638	1439	1223	891	1112	1252	1232	1165	937	674	2746	2834	2907	1277	1896	2765	5947	7059	2106	943	854	1444	1858	1852	1254	1386	968	1675	1571	1087	1136	304	570	204	178	463	497	394	533	727	516	1321	109	555	172	27	47	52	44	66	2515	2726	2155	512	828	755	1329	1192	727	894	772	1931	1822	1519	1291	2926	1546	1461	2056	1490	695	735	529	345	312	292	447	175	1413	1505	3126	454	904	1653	1522	1411	1319	588	1153	343	300	952	1044	402	461	300	571	332	309	495	785	1187	1046	558	558	706
	544.356079	1508	1556	879	1022	921	847	805	852	1027	1223	1194	1339	1961	1897	1698	1656	1961	1538	1570	1486	1133	924	1158	1261	1265	1185	920	737	2786	2777	2823	1352	1889	2800	5993	7003	2266	966	796	1492	1924	1856	1179	1345	1044	1696	1593	1070	1076	265	537	208	177	410	490	430	537	702	556	1339	101	543	199	27	86	53	70	52	2444	2587	2150	509	816	756	1302	1142	769	905	773	1851	1831	1551	1247	2925	1599	1531	2010	1468	733	775	498	400	359	307	459	181	1433	1541	3137	512	927	1679	1638	1501	1288	637	1201	350	315	1017	1094	440	449	311	657	376	246	523	768	1206	1083	565	579	701
	545.608582	1587	1655	868	1009	921	757	797	868	1045	1185	1226	1394	2038	1988	1696	1683	1954	1417	1584	1519	1191	962	1209	1221	1214	1134	975	679	2778	2974	2757	1349	1861	2736	6042	7000	2188	947	850	1509	1916	1875	1234	1378	1040	1678	1590	1070	1093	256	578	220	198	444	501	444	562	694	558	1303	93	542	232	16	67	53	79	60	2517	2583	2178	494	803	727	1256	1137	708	922	778	1992	1874	1550	1356	2955	1596	1426	2052	1560	761	777	511	402	347	306	408	189	1424	1511	3208	466	928	1766	1575	1428	1328	594	1093	318	326	1044	1077	429	499	288	644	385	229	531	857	1200	997	592	578	785
	546.861694	1601	1596	936	1013	931	837	842	811	1092	1182	1230	1278	1999	2048	1726	1693	2079	1492	1629	1508	1239	969	1065	1219	1224	1187	907	657	2855	2729	2945	1273	1860	2763	6134	7071	2231	909	906	1541	1926	1844	1234	1414	1011	1691	1644	1066	1046	255	561	223	203	460	510	450	589	786	529	1349	84	529	207	27	54	56	75	45	2525	2632	2226	479	793	794	1406	1211	729	873	792	1964	1931	1577	1369	2882	1480	1506	2002	1468	763	724	521	389	346	308	488	186	1413	1572	3205	520	974	1729	1633	1408	1312	603	1146	334	345	965	1090	414	498	335	624	377	287	519	804	1200	1107	588	609	669
	548.115173	1574	1689	874	1034	923	801	823	876	999	1195	1251	1379	2023	1953	1731	1687	2024	1529	1637	1591	1197	986	1233	1259	1265	1189	934	716	2811	2921	2954	1461	1906	2904	6006	6953	2146	997	842	1568	2010	1836	1250	1428	997	1752	1652	1114	1168	248	570	179	171	437	465	447	569	746	606	1321	104	506	217	14	81	52	85	38	2450	2696	2235	519	833	764	1368	1171	771	893	746	2039	1847	1526	1356	2839	1490	1457	2051	1525	770	760	506	407	293	304	518	192	1430	1522	3284	533	980	1703	1557	1393	1382	613	1197	333	310	968	1102	433	491	306	633	357	271	545	853	1191	1018	622	563	775
	549.369202	1594	1572	935	1025	947	839	850	838	1076	1158	1200	1292	2093	1919	1803	1654	2025	1574	1637	1591	1219	939	1162	1240	1247	1102	944	633	2895	2812	2899	1400	1909	2832	6017	6932	2207	986	866	1437	2054	1821	1259	1501	1017	1758	1605	1105	1121	250	550	155	181	416	516	413	582	736	518	1271	87	535	220	23	92	56	91	61	2534	2694	2108	506	830	703	1335	1194	756	841	797	2023	1994	1571	1366	3030	1575	1467	1962	1513	729	749	505	380	373	305	455	173	1479	1596	3186	494	960	1751	1708	1418	1377	635	1162	361	322	995	1036	427	489	335	641	361	267	538	819	1191	1165	611	580	742
	550.623718	1574	1593	873	1026	940	840	810	805	1055	1175	1196	1302	1994	1982	1749	1715	2024	1455	1648	1552	1193	947	1156	1209	1194	1163	886	720	2876	2898	2912	1455	1815	2855	6103	6957	2154	963	880	1485	2049	1866	1244	1447	974	1704	1616	1095	1074	287	578	196	182	404	444	429	610	733	488	1409	120	493	202	35	49	62	79	44	2533	2711	2147	510	840	752	1420	1278	765	951	755	1909	1867	1531	1298	2953	1652	1549	2051	1515	753	735	514	433	393	263	465	192	1391	1570	3222	473	943	1756	1551	1456	1391	635	1230	352	291	1016	1164	414	490	284	635	361	286	502	865	1183	1132	630	570	714
	551.878723	1496	1663	864	1052	975	793	801	835	1037	1198	1185	1303	2056	2004	1784	1728	2043	1601	1644	1629	1249	996	1164	1213	1260	1150	892	707	2959	2929	2814	1419	1932	2919	6240	7016	2146	962	900	1475	1937	1853	1239	1426	981	1694	1617	1073	1137	277	560	196	209	413	485	479	555	777	553	1297	92	551	201	30	67	62	72	35	2534	2641	2174	528	821	770	1436	1210	690	930	783	2020	1912	1590	1366	2947	1620	1493	2088	1605	764	794	501	383	345	321	437	189	1405	1598	3289	538	909	1813	1532	1388	1392	615	1168	312	336	1031	1119	440	448	309	613	372	284	511	837	1220	1128	580	566	738
	553.134094	1585	1611	874	949	974	851	786	854	1020	1169	1213	1404	2080	1988	1742	1735	2025	1515	1567	1540	1274	960	1164	1253	1254	1133	970	706	2830	2949	2941	1406	2021	2893	6402	6909	2145	1010	918	1502	2035	1974	1223	1433	1057	1655	1629	1112	1151	281	523	202	184	419	509	451	599	774	519	1338	73	523	225	30	67	91	79	30	2572	2874	2152	488	833	770	1381	1253	726	890	772	1935	2075	1584	1403	3010	1675	1420	2068	1626	764	735	519	409	355	295	465	166	1470	1577	3252	543	928	1763	1601	1420	1397	619	1129	368	322	1042	1188	471	458	303	592	348	264	593	788	1101	1127	624	559	684
	554.390015	1623	1653	882	1039	975	807	796	859	1055	1185	1251	1376	2088	2030	1815	1752	2139	1525	1674	1565	1291	935	1175	1265	1212	1170	919	678	2867	2963	2954	1435	1964	2842	6285	7011	2251	978	831	1599	2102	1910	1198	1346	1047	1704	1642	1123	1173	272	554	227	217	510	526	471	580	815	511	1365	87	476	184	40	80	62	66	35	2599	2710	2200	491	840	741	1408	1225	764	957	789	1975	1996	1611	1435	3078	1647	1537	2078	1548	775	738	507	421	331	291	449	189	1438	1558	3262	503	916	1714	1651	1567	1411	615	1164	384	326	1050	1124	442	500	320	679	373	307	484	800	1172	1149	604	588	710
	555.646423	1579	1688	891	1028	998	853	810	825	1050	1151	1223	1311	2059	2011	1841	1813	1985	1544	1656	1564	1278	966	1119	1254	1222	1174	910	692	2855	2929	3081	1471	1947	2867	6297	7051	2190	976	859	1565	1993	1867	1270	1341	1014	1718	1669	1184	1189	273	506	200	186	477	528	485	581	826	570	1341	109	549	179	19	58	53	64	37	2734	2788	2168	458	844	780	1449	1234	793	882	800	2024	2013	1527	1360	3089	1614	1527	2125	1504	772	789	571	419	368	270	501	198	1416	1625	3355	568	971	1801	1617	1504	1467	663	1117	369	342	1012	1180	440	490	315	657	347	312	480	850	1191	1119	627	520	688
	556.90332	1593	1541	891	1008	979	820	808	808	1069	1175	1259	1404	2205	1975	1845	1696	2112	1512	1687	1524	1243	936	1152	1234	1320	1116	965	727	2940	2935	3034	1471	1885	2972	6315	7134	2206	941	896	1620	1992	1853	1300	1431	1053	1696	1681	1135	1204	292	557	182	217	439	484	531	604	879	554	1360	114	484	197	25	52	48	62	48	2594	2820	2264	514	748	780	1348	1258	726	949	802	2040	1999	1554	1452	3070	1577	1481	2156	1610	800	754	541	444	339	288	472	193	1353	1568	3362	540	985	1779	1596	1426	1473	618	1215	368	316	1011	1189	450	514	316	692	393	293	513	811	1148	1210	589	598	702
	558.160583	1620	1610	994	1050	1011	829	835	893	1058	1204	1285	1410	2064	2076	1886	1823	2114	1622	1735	1596	1247	958	1207	1311	1276	1182	1030	742	2986	3031	3124	1476	1990	3053	6298	7138	2284	979	923	1621	2090	1962	1261	1466	1014	1727	1705	1165	1248	284	611	212	242	456	503	443	588	807	561	1382	92	547	227	31	64	58	59	55	2743	2845	2210	479	844	759	1364	1299	721	895	745	1953	1987	1544	1386	3136	1655	1587	2219	1693	843	780	576	430	330	287	505	172	1486	1710	3421	552	957	1763	1730	1460	1451	638	1197	347	286	1118	1163	477	541	325	662	340	313	498	799	1220	1231	658	567	690
	559.418518	1636	1710	994	1112	985	863	865	902	1111	1180	1241	1425	2234	2116	1886	1799	2140	1646	1752	1666	1297	994	1225	1285	1318	1215	984	697	3076	3023	3024	1506	2055	3051	6460	7300	2347	975	899	1666	2212	1958	1314	1497	1083	1882	1680	1138	1192	308	547	222	227	478	530	508	607	876	602	1432	109	541	223	14	94	55	99	49	2832	2872	2236	506	856	806	1477	1246	747	924	785	2015	2073	1657	1438	3210	1718	1576	2220	1677	797	792	601	448	322	342	498	187	1476	1709	3478	505	1032	1749	1668	1642	1418	648	1210	367	350	1120	1236	459	506	349	721	352	317	540	808	1198	1189	623	619	741
	560.676819	1719	1708	959	1051	1019	880	932	890	1174	1214	1297	1442	2226	2110	1950	1793	2080	1669	1726	1611	1239	1059	1244	1306	1315	1189	1000	734	3183	3142	3176	1565	2069	3084	6428	7260	2276	933	920	1753	2080	1967	1328	1478	1112	1727	1738	1198	1228	293	557	216	210	510	485	539	639	858	555	1429	83	501	214	38	116	67	92	48	2827	2939	2242	562	864	786	1474	1233	701	883	811	2040	2114	1630	1444	3250	1707	1555	2182	1673	815	842	523	371	321	314	484	192	1501	1700	3356	559	1046	1827	1764	1527	1491	656	1274	351	338	1164	1265	547	558	330	720	404	306	492	836	1252	1278	674	577	681
	561.935608	1694	1722	963	1060	1058	891	920	838	1127	1257	1349	1413	2285	1999	1850	1838	2204	1667	1791	1581	1350	1044	1198	1303	1285	1167	993	758	3144	3100	2992	1531	2090	3161	6524	7457	2353	1048	898	1735	2156	2014	1282	1416	1071	1828	1670	1173	1245	323	547	215	209	473	522	511	638	834	564	1486	99	535	202	43	69	76	67	60	2718	2916	2231	501	918	726	1509	1228	807	912	784	2089	2103	1690	1441	3299	1737	1557	2172	1619	813	741	555	464	340	310	454	204	1461	1610	3457	499	982	1748	1779	1556	1589	660	1167	354	363	1082	1197	490	539	319	710	356	330	522	863	1169	1305	674	551	680
	563.194885	1689	1738	985	1122	1047	889	894	879	1191	1260	1375	1451	2114	2224	1877	1812	2035	1670	1662	1641	1332	1018	1213	1309	1326	1233	1047	749	2967	3041	3084	1499	2083	3028	6475	7261	2294	1043	902	1684	2222	1907	1224	1493	1074	1822	1753	1282	1260	280	522	212	225	472	518	512	663	870	624	1366	110	508	238	23	88	63	95	73	2684	2928	2304	492	865	788	1530	1253	722	923	810	2047	2071	1609	1439	3180	1727	1635	2131	1674	766	777	584	438	348	304	473	207	1492	1707	3374	491	993	1763	1676	1542	1463	662	1202	360	352	1081	1242	477	526	304	655	332	305	475	899	1231	1301	652	574	714
	564.454712	1711	1721	948	1041	1029	907	885	912	1114	1245	1299	1469	2232	2118	1949	1837	2045	1574	1839	1648	1292	1022	1142	1262	1323	1260	1059	720	2994	3127	3056	1522	2141	3153	6449	7293	2354	1018	937	1649	2201	1959	1328	1516	1113	1715	1641	1180	1216	315	534	235	227	468	534	565	684	895	554	1451	76	513	236	26	72	66	74	42	2763	2943	2317	515	845	794	1460	1252	752	905	841	2070	2101	1575	1415	3263	1806	1519	2142	1677	805	827	552	440	351	305	466	170	1504	1680	3445	567	963	1709	1714	1520	1524	709	1180	371	348	1118	1190	520	517	324	728	351	320	546	812	1149	1353	675	537	733
	565.714905	1684	1593	897	997	1042	881	865	895	1076	1228	1236	1514	2053	2110	1866	1839	2059	1619	1680	1562	1315	1029	1172	1198	1322	1207	990	719	2985	3031	3069	1530	2059	3086	6300	7090	2201	1086	920	1655	2188	1896	1285	1424	1100	1843	1621	1193	1286	275	526	189	240	476	489	573	668	956	566	1380	125	476	193	24	69	50	98	55	2744	2913	2210	521	884	798	1519	1362	712	929	776	1940	2100	1616	1527	3255	1754	1524	2066	1662	828	733	557	436	326	311	475	222	1500	1690	3422	533	979	1805	1834	1570	1610	658	1172	346	324	1165	1228	444	504	306	670	365	286	529	876	1172	1383	650	574	730
	566.975586	1677	1683	908	1044	1071	812	885	866	1119	1210	1298	1555	2225	2107	1963	1872	2091	1636	1768	1636	1317	1004	1174	1226	1240	1188	1027	708	3086	3037	3013	1550	2070	3279	6634	7339	2194	978	902	1676	2239	2042	1240	1389	1122	1757	1710	1161	1243	283	550	209	186	474	503	560	654	907	595	1412	98	521	211	15	81	67	83	45	2834	2935	2236	481	811	777	1482	1445	787	934	740	2037	2147	1622	1345	3256	1779	1465	2197	1668	775	759	549	419	362	298	451	190	1396	1751	3312	543	1000	1742	1744	1573	1483	662	1186	387	345	1126	1222	513	500	318	648	347	269	533	863	1164	1387	670	576	752
	568.236816	1641	1582	904	1017	1020	928	927	885	1132	1343	1308	1507	2279	2166	2004	1879	2072	1672	1700	1522	1253	1024	1140	1299	1284	1267	1012	764	3081	3029	2985	1501	2024	3120	6400	7071	2286	1043	916	1687	2219	1935	1251	1369	1079	1776	1610	1200	1290	271	513	215	218	500	504	497	661	891	585	1437	106	534	240	24	78	59	66	56	2816	2942	2286	507	855	758	1541	1411	731	906	800	2061	2105	1610	1483	3132	1681	1544	2258	1684	848	720	584	453	381	288	482	196	1473	1608	3516	551	1039	1746	1732	1553	1560	630	1137	327	330	1163	1237	509	513	300	657	311	291	512	912	1158	1421	625	566	697
	569.498474	1652	1672	943	1042	1053	920	797	867	1139	1276	1385	1466	2184	2045	1909	1890	2133	1586	1786	1575	1269	1052	1165	1224	1290	1212	1107	792	3067	3135	3103	1516	2026	3189	6307	7038	2257	1027	868	1699	2202	2022	1257	1446	1057	1758	1686	1209	1311	282	508	218	207	440	481	560	687	895	587	1474	86	514	236	14	69	64	101	56	2719	2914	2229	504	825	778	1515	1398	769	976	797	2122	2081	1634	1405	3351	1815	1509	2102	1643	780	771	589	422	364	297	465	192	1452	1670	3525	522	996	1713	1701	1575	1523	614	1212	339	329	1096	1297	495	521	319	657	334	296	557	913	1254	1377	659	561	704
	570.76062	1734	1717	872	1025	1078	947	853	852	1165	1268	1289	1538	2230	2124	2002	1811	2002	1616	1778	1536	1341	989	1162	1297	1252	1140	1049	784	3127	3081	3090	1537	2053	3114	6387	7219	2262	1022	955	1761	2266	2000	1359	1439	1037	1873	1757	1236	1342	309	600	197	225	442	485	528	684	967	608	1468	92	509	204	30	81	61	74	43	2916	2966	2239	523	898	781	1561	1395	686	914	817	2178	2041	1664	1550	3301	1725	1518	2106	1666	740	776	557	427	362	300	500	201	1442	1706	3348	570	1074	1765	1737	1542	1489	587	1056	326	331	1103	1287	484	521	314	654	343	329	500	900	1218	1437	646	564	702
	572.023315	1637	1670	896	959	1044	941	887	915	1147	1331	1333	1454	2238	2174	1893	1886	1963	1664	1831	1511	1338	1101	1169	1224	1354	1159	1004	733	3120	2963	3055	1581	2054	3206	6554	7106	2211	1100	921	1692	2189	2023	1342	1409	1109	1744	1731	1233	1343	285	543	213	245	487	485	541	705	864	582	1361	98	513	243	29	56	58	106	53	2915	2928	2241	488	880	736	1556	1465	763	910	838	2179	2072	1655	1507	3274	1793	1618	2071	1658	724	798	570	405	395	258	463	172	1569	1684	3407	573	1072	1808	1726	1567	1585	638	1124	357	315	1200	1246	493	540	325	635	335	295	538	908	1238	1486	636	552	699
	573.286377	1687	1777	985	1044	1067	887	885	918	1145	1273	1366	1559	2231	2171	2040	1885	2005	1540	1776	1562	1330	1073	1137	1263	1316	1155	1076	706	3035	3166	3006	1539	2086	3261	6598	7066	2373	1123	966	1802	2252	1938	1281	1424	1093	1832	1732	1330	1366	291	530	177	266	497	487	551	749	958	655	1417	95	555	250	26	57	57	72	43	2889	2977	2298	485	909	806	1548	1408	760	991	797	2243	2187	1723	1511	3251	1799	1566	2058	1710	820	804	557	464	355	278	426	181	1442	1707	3447	569	1004	1685	1698	1600	1614	657	1149	368	346	1213	1297	492	522	330	727	317	298	569	859	1243	1504	678	657	674
	574.549988	1696	1691	968	1027	1084	895	910	921	1172	1268	1310	1570	2279	2085	1867	1853	2115	1678	1767	1645	1335	1090	1132	1291	1305	1213	1062	753	3129	3128	3016	1563	2054	3328	6473	7291	2193	1070	943	1721	2330	2016	1282	1413	1076	1825	1746	1282	1348	285	537	219	223	476	488	553	706	928	638	1418	112	543	225	20	77	62	98	53	2886	2933	2245	552	905	770	1536	1370	749	1010	852	2099	2115	1714	1548	3352	1796	1596	2189	1690	853	835	544	463	366	303	530	218	1472	1738	3387	565	1035	1843	1708	1647	1559	702	1241	405	322	1169	1248	538	565	339	655	355	330	565	937	1212	1580	701	599	715
	575.814087	1683	1749	989	1026	1034	920	946	924	1105	1258	1345	1593	2260	2105	1965	1935	2075	1630	1838	1681	1372	1071	1204	1237	1286	1189	1058	802	3281	3234	3167	1538	2097	3268	6596	7241	2337	1078	956	1774	2352	2045	1277	1400	1152	1806	1650	1276	1413	301	594	250	220	487	547	553	644	927	645	1462	104	543	270	11	62	58	104	48	2866	3029	2352	536	934	748	1558	1410	780	996	836	2185	2303	1678	1619	3434	1835	1626	2114	1722	735	758	571	463	416	318	486	209	1490	1767	3571	615	1053	1891	1851	1642	1547	697	1214	363	354	1221	1230	510	526	324	674	367	301	566	875	1186	1490	657	575	707
	577.078613	1623	1672	989	1016	1056	941	884	939	1076	1305	1418	1470	2268	2202	2027	1996	2180	1585	1835	1573	1375	1036	1193	1314	1334	1270	1147	718	3253	3192	3027	1542	2172	3380	6669	7325	2495	1042	923	1771	2295	2013	1338	1349	1090	1851	1761	1314	1330	296	627	223	217	472	509	557	709	972	611	1480	97	544	218	29	67	48	50	61	2914	3012	2383	521	869	787	1618	1450	821	1095	839	2134	2286	1737	1584	3536	1809	1570	2145	1711	840	804	583	476	414	334	520	209	1511	1758	3729	541	1069	1848	1866	1640	1557	711	1186	320	328	1207	1287	489	540	357	695	326	323	593	887	1224	1569	690	608	749
	578.343628	1665	1858	999	1098	1109	897	898	912	1167	1342	1377	1598	2327	2249	2029	1985	2165	1709	1764	1566	1306	1065	1214	1240	1360	1290	1080	776	3175	3172	3125	1641	2136	3330	6693	7211	2384	1153	931	1829	2403	2054	1311	1392	1148	1831	1845	1326	1406	317	486	242	227	496	521	573	716	1021	668	1489	91	540	195	7	61	80	93	58	2917	3031	2350	514	922	795	1637	1451	750	954	822	2273	2354	1740	1554	3305	1808	1654	2194	1761	838	872	621	440	406	320	480	224	1535	1831	3496	588	1041	1906	1788	1676	1623	716	1241	412	360	1170	1378	510	532	336	680	362	355	586	883	1216	1608	734	603	741
	579.609314	1617	1814	927	1116	1059	924	872	883	1200	1211	1371	1613	2447	2197	2100	2101	2097	1748	1841	1630	1314	1070	1205	1269	1313	1268	1092	776	3315	3288	3006	1586	2055	3308	6637	7153	2464	1099	937	1845	2450	2134	1381	1439	1185	1858	1795	1359	1365	320	499	202	212	486	565	584	706	899	640	1483	109	512	246	24	74	54	109	52	3019	3156	2202	565	906	822	1640	1448	742	1041	907	2211	2407	1817	1684	3389	1765	1564	2275	1706	828	824	622	434	400	299	461	228	1487	1787	3657	619	1139	1846	1851	1599	1543	675	1222	396	389	1226	1368	484	614	358	731	332	307	596	887	1255	1698	750	613	774
	580.875183	1758	1727	961	1124	1146	981	877	919	1209	1326	1361	1552	2364	2349	1995	1970	2104	1697	1831	1666	1396	1066	1207	1263	1250	1242	1056	786	3264	3268	3023	1600	2151	3494	6689	7243	2470	1072	991	1803	2422	2124	1366	1338	1097	1866	1834	1366	1438	303	523	219	251	456	546	608	743	985	674	1538	97	462	258	13	69	64	84	42	2984	3091	2479	517	946	802	1613	1438	779	1125	819	2243	2311	1776	1652	3581	1893	1623	2285	1730	851	842	581	412	328	339	495	186	1511	1686	3739	629	1061	1838	1806	1551	1700	663	1257	395	308	1206	1326	534	612	360	739	331	317	560	926	1193	1705	778	615	723
	582.141724	1704	1830	1062	1100	1103	923	870	961	1191	1351	1348	1562	2426	2204	2052	2048	2057	1758	1823	1664	1427	1049	1195	1250	1375	1289	1135	797	3161	3241	3069	1658	2146	3336	6683	7203	2529	1114	917	1781	2298	2129	1319	1396	1153	1819	1838	1359	1502	312	556	275	220	482	520	599	694	1003	647	1478	100	514	273	18	62	46	89	36	3036	3127	2303	528	825	741	1580	1452	751	996	842	2248	2344	1765	1631	3509	1915	1629	2238	1723	900	875	587	452	386	348	515	207	1528	1724	3618	582	1101	1899	1855	1612	1561	724	1300	373	345	1216	1351	473	558	322	672	379	370	548	902	1312	1724	698	577	749
	583.408691	1705	1822	970	1076	1154	976	873	883	1180	1371	1364	1573	2328	2324	2051	2007	2125	1688	1829	1617	1364	1072	1222	1261	1291	1344	1103	746	3228	3285	3101	1596	2139	3363	6761	7216	2487	1097	1002	1789	2283	1970	1382	1435	1151	1876	1889	1327	1437	295	504	222	223	465	519	564	726	989	654	1518	92	544	260	29	68	73	91	69	3052	3170	2342	510	909	827	1619	1590	847	977	822	2248	2364	1809	1662	3483	1903	1636	2152	1726	802	817	573	471	375	330	501	189	1508	1784	3687	570	1027	1800	1797	1657	1687	694	1225	389	344	1248	1401	534	609	316	667	388	362	516	958	1290	1719	710	615	798
	584.676025	1789	1832	979	1039	1169	953	940	930	1163	1380	1385	1599	2323	2247	2112	2005	1975	1725	1732	1627	1452	1056	1195	1300	1347	1213	1101	785	3284	3360	3079	1607	2173	3539	6747	7239	2412	1072	1009	1803	2365	2152	1347	1390	1172	1916	1859	1445	1418	318	534	272	239	487	563	596	741	1037	616	1515	110	524	256	25	76	69	86	68	2958	3145	2294	461	898	811	1638	1487	793	1028	927	2275	2326	1849	1614	3388	1907	1597	2182	1784	920	854	589	449	395	321	543	186	1545	1749	3688	588	1041	1851	1804	1631	1581	749	1247	378	383	1233	1397	542	562	341	725	360	348	525	922	1243	1799	703	595	722
	585.94397	1684	1794	1057	993	1081	983	867	942	1146	1369	1415	1583	2352	2331	2095	2127	2052	1614	1771	1654	1378	1046	1108	1261	1331	1286	1115	814	3121	3253	3076	1655	2206	3478	6681	7136	2477	1120	958	1836	2392	2110	1311	1390	1115	1927	1892	1409	1487	296	543	259	244	495	519	604	791	1074	664	1578	110	513	267	26	67	67	96	40	2999	3008	2296	503	992	800	1648	1483	855	1031	847	2272	2367	1865	1626	3550	1932	1621	2167	1785	862	861	646	463	454	256	537	194	1526	1757	3636	581	1048	1868	1789	1719	1595	695	1204	354	370	1216	1376	526	529	337	726	382	379	531	885	1340	1836	753	596	719
	587.212402	1713	1823	1017	1072	1093	929	943	905	1138	1365	1422	1585	2385	2256	2067	2054	2081	1738	1789	1647	1434	1080	1175	1298	1432	1304	1115	775	3220	3363	3117	1675	2118	3477	6672	6923	2471	1141	1006	1834	2283	2144	1411	1368	1174	1933	1905	1396	1462	303	552	222	232	507	543	643	701	1041	699	1534	109	534	230	27	61	91	86	39	3048	3169	2263	535	927	817	1657	1481	786	1087	898	2285	2315	1733	1582	3334	1894	1561	2190	1809	886	813	587	462	370	348	510	203	1535	1716	3615	587	1087	1946	1804	1617	1664	695	1276	369	339	1221	1371	580	568	321	694	360	342	595	897	1280	1837	715	652	741
	588.481323	1708	1867	1058	1053	1068	1010	917	993	1187	1376	1468	1713	2351	2256	2183	2066	2143	1692	1802	1688	1419	1113	1161	1310	1316	1308	1077	746	3311	3417	3064	1672	2220	3639	6938	7173	2461	1176	1005	1850	2416	2200	1328	1408	1166	1988	1912	1383	1490	321	504	243	253	510	598	585	704	1012	685	1456	113	517	293	32	102	44	95	48	3053	3174	2320	507	945	759	1655	1489	834	1093	870	2303	2379	1853	1594	3554	1847	1638	2103	1772	910	868	636	499	407	320	511	201	1491	1730	3666	640	1118	1980	1820	1610	1623	693	1265	378	379	1163	1423	549	595	368	668	374	436	556	959	1289	1829	732	618	735
	589.75061	1694	1799	1007	1136	1146	960	882	969	1139	1324	1414	1644	2373	2286	2061	2059	2180	1608	1883	1627	1462	1092	1187	1205	1362	1255	1160	780	3215	3312	3085	1663	2142	3558	6660	6962	2497	1142	1044	1889	2365	2177	1314	1447	1159	1951	1921	1408	1420	298	491	244	231	489	556	645	782	996	697	1550	97	548	218	28	81	73	78	39	3001	3246	2307	531	963	825	1698	1528	833	1079	863	2290	2304	1837	1580	3653	2000	1600	2156	1768	849	745	575	480	411	294	500	208	1491	1646	3597	640	1035	1972	1822	1616	1664	665	1276	344	364	1208	1345	508	613	341	705	351	324	537	1008	1251	1807	722	624	707
	591.020508	1692	1834	1023	1018	1133	961	933	947	1143	1389	1431	1617	2348	2274	2100	2107	2090	1714	1820	1683	1369	1137	1132	1290	1294	1273	1082	745	3301	3280	3128	1672	2156	3465	6782	7155	2476	1160	994	1937	2431	2239	1255	1341	1228	1978	1878	1406	1516	353	530	245	263	556	556	650	793	1004	694	1495	116	510	236	16	45	76	79	58	3013	3177	2264	514	946	794	1652	1522	806	1102	868	2269	2350	1770	1660	3550	1904	1688	2180	1686	928	841	671	489	372	311	536	190	1574	1707	3737	674	1134	1915	1752	1581	1689	736	1260	379	382	1259	1395	573	588	365	696	333	359	565	926	1247	1891	713	635	742
	592.290771	1693	1805	948	1065	1124	956	922	957	1142	1336	1448	1711	2416	2359	2145	2133	2043	1708	1869	1660	1414	1041	1160	1304	1331	1328	1175	801	3357	3365	3094	1629	2229	3597	6845	7177	2589	1154	1009	1823	2495	2159	1272	1392	1192	1964	1790	1445	1525	317	547	233	234	505	547	610	825	1023	681	1555	92	531	273	13	93	48	97	50	3070	3234	2229	498	972	877	1677	1549	771	1068	842	2353	2407	1829	1700	3588	2020	1626	2194	1651	843	844	661	504	403	336	529	218	1574	1792	3642	616	1069	1987	1856	1629	1687	720	1239	381	391	1240	1472	475	539	359	749	338	398	579	937	1300	1926	774	598	745
	593.561584	1685	1912	1000	1079	1124	978	905	975	1208	1392	1443	1685	2433	2281	2090	2078	2107	1675	1860	1693	1402	1097	1220	1280	1343	1326	1058	801	3345	3367	3117	1670	2141	3539	6851	7059	2577	1161	997	1905	2474	2218	1356	1345	1153	1885	1922	1453	1513	326	510	258	200	554	517	629	815	1065	637	1550	96	515	251	31	77	69	83	60	3045	3147	2395	491	986	826	1675	1489	848	1033	846	2362	2381	1800	1627	3501	1966	1611	2162	1828	932	872	708	498	370	317	505	220	1496	1805	3616	639	1066	1921	1804	1661	1657	732	1311	373	409	1239	1406	537	590	334	767	368	363	528	893	1254	1981	765	629	791
	594.832886	1721	1948	1010	1057	1099	960	883	964	1199	1385	1446	1673	2348	2301	2174	2065	2117	1745	1784	1637	1389	1073	1219	1337	1374	1340	1106	811	3461	3253	3124	1665	2237	3606	6642	7201	2521	1176	1014	1915	2370	2182	1303	1396	1132	1976	1832	1534	1608	304	529	297	247	455	556	634	792	1078	743	1483	108	537	251	33	77	70	78	62	3065	3162	2279	519	931	857	1694	1528	807	1112	910	2429	2396	1739	1646	3589	1904	1604	2249	1801	942	847	682	520	336	332	525	197	1602	1806	3570	610	1052	1997	1899	1549	1700	730	1327	396	373	1317	1409	517	586	352	694	366	369	536	939	1271	2052	844	627	738
	596.104614	1750	1839	990	1073	1146	922	899	946	1154	1388	1432	1629	2467	2269	2203	2023	2136	1753	1872	1749	1406	1058	1155	1288	1411	1298	1159	807	3348	3341	3167	1667	2195	3556	6538	7026	2615	1151	1042	1890	2513	2281	1301	1383	1189	1807	1921	1453	1562	323	520	272	224	554	552	621	749	1071	668	1507	103	508	232	35	120	64	78	67	3123	3230	2346	543	1052	841	1782	1522	733	1120	910	2299	2309	1825	1695	3495	1949	1679	2247	1777	917	852	652	496	390	333	495	208	1530	1835	3552	627	1112	2061	1801	1581	1720	691	1256	370	360	1261	1401	581	582	361	717	342	358	577	957	1309	2055	777	613	713
	597.376892	1709	1909	1039	1041	1150	943	924	943	1168	1418	1518	1718	2413	2278	2131	1977	1970	1715	1897	1664	1348	1114	1234	1253	1339	1205	1107	781	3266	3315	3035	1660	2193	3756	6850	7007	2613	1117	980	1825	2397	2171	1360	1318	1227	1890	1906	1493	1523	322	565	251	226	519	517	647	827	1027	665	1525	122	539	254	13	69	57	97	69	3176	3194	2259	529	1026	818	1674	1493	805	1126	832	2357	2357	1790	1630	3643	1953	1689	2213	1763	916	857	669	532	363	311	480	203	1539	1788	3641	639	1101	1945	1802	1602	1755	721	1264	399	380	1291	1406	523	585	353	655	378	351	588	990	1232	2054	709	593	728
	598.649597	1679	1859	1014	1017	1093	950	893	910	1163	1415	1519	1627	2354	2332	2052	2086	1992	1649	1837	1713	1374	1028	1157	1293	1361	1286	1102	838	3491	3190	3090	1740	2177	3591	6604	7008	2574	1135	984	1974	2340	2182	1243	1309	1222	1931	1809	1393	1534	333	505	228	237	528	524	698	882	1025	657	1453	89	511	251	28	71	76	78	48	3210	3284	2274	504	1006	828	1697	1450	799	1050	865	2380	2362	1788	1588	3510	1876	1618	2193	1732	957	864	635	524	374	303	500	212	1465	1812	3481	651	1135	1861	1822	1646	1685	690	1292	372	373	1311	1438	518	576	344	747	342	386	563	939	1286	2039	838	616	722
	599.922791	1627	1860	1004	1045	1135	924	876	878	1223	1397	1493	1620	2426	2316	2051	2045	1911	1686	1839	1598	1421	1054	1196	1252	1373	1321	1054	751	3250	3158	3057	1722	2231	3553	6478	7032	2513	1137	959	1872	2365	2198	1379	1332	1209	1991	1909	1491	1482	300	507	238	246	520	515	696	791	1058	687	1441	104	492	249	39	70	58	95	45	3122	3262	2322	489	1036	852	1761	1562	818	1136	848	2356	2327	1774	1607	3515	1958	1563	2136	1682	848	833	700	488	391	322	474	229	1436	1815	3583	603	1101	1913	1755	1547	1624	715	1244	381	310	1350	1462	592	602	370	690	336	354	570	936	1229	2104	781	590	721
	601.196472	1598	1872	995	1065	1081	869	904	945	1156	1435	1440	1661	2370	2291	1998	2114	1930	1600	1822	1634	1378	1009	1165	1272	1423	1266	1116	753	3174	3236	2911	1672	2133	3554	6402	6830	2574	1083	986	1888	2413	2115	1300	1334	1154	1950	1771	1428	1478	329	511	241	266	512	530	664	830	1083	710	1439	110	474	254	48	83	57	59	49	3110	3057	2236	544	980	785	1786	1534	762	1100	813	2375	2349	1649	1594	3613	1753	1536	2153	1663	860	840	636	508	397	325	492	173	1427	1742	3434	570	1073	1902	1782	1551	1658	739	1152	362	357	1348	1434	550	562	354	784	328	393	529	931	1274	2143	780	586	712
	602.470581	1649	1881	1005	1017	1133	960	840	951	1207	1347	1482	1625	2303	2171	2109	2005	1996	1586	1804	1527	1429	1011	1236	1280	1307	1309	1119	708	3337	3228	3127	1702	2038	3507	6412	6791	2523	1067	925	1898	2396	2118	1381	1320	1150	1907	1773	1511	1517	328	546	229	265	477	505	631	796	1070	663	1417	104	503	242	23	69	72	96	52	3065	3160	2192	528	933	852	1690	1643	770	1057	848	2332	2254	1709	1637	3390	1903	1570	2175	1673	873	774	599	522	390	330	448	201	1498	1702	3368	653	1037	1872	1728	1512	1597	726	1215	384	365	1367	1487	543	572	346	733	351	381	542	973	1310	2131	773	603	719
	603.7453	1657	1825	998	1017	1168	963	895	904	1118	1456	1535	1550	2285	2241	2028	1899	2004	1741	1786	1589	1388	1033	1153	1195	1264	1259	1080	778	3260	3224	2990	1614	2037	3508	6288	6781	2508	1157	910	1838	2287	2101	1327	1320	1192	1825	1794	1442	1550	300	486	241	252	464	490	740	831	1037	657	1458	100	547	234	20	57	62	97	48	3030	3052	2121	522	947	801	1730	1583	764	1083	861	2301	2224	1676	1652	3390	1825	1581	2016	1689	778	797	663	500	385	293	490	199	1453	1774	3345	615	1067	1820	1795	1552	1598	706	1257	318	381	1376	1412	558	545	343	699	346	347	541	976	1277	2138	784	583	678
	605.020386	1617	1823	946	1006	1106	924	846	869	1168	1355	1381	1665	2354	2243	2000	1968	2090	1602	1827	1613	1322	1018	1150	1228	1409	1235	1081	725	3215	3120	2997	1604	1984	3375	6348	6607	2526	1116	947	1819	2311	2209	1263	1320	1201	1961	1818	1563	1566	287	465	206	233	499	502	688	836	1066	680	1461	82	468	248	1	82	65	80	53	3116	3145	2175	514	998	810	1683	1598	767	998	779	2179	2311	1759	1644	3367	1829	1524	2168	1682	837	850	609	449	387	282	497	200	1576	1723	3338	636	1003	1790	1718	1538	1653	693	1213	361	375	1335	1395	541	547	335	639	345	362	514	846	1232	2205	822	579	681
	606.296021	1628	1873	993	1038	1118	966	825	951	1145	1384	1499	1604	2365	2228	1977	2026	1961	1575	1791	1649	1426	1026	1148	1237	1315	1270	1119	778	3187	3116	2787	1636	2148	3456	6307	6701	2582	1112	944	1834	2379	2169	1328	1367	1182	1897	1776	1463	1587	287	534	240	225	481	529	712	794	1078	705	1452	93	484	235	23	55	49	68	62	3122	3116	2216	540	933	790	1582	1559	712	1074	800	2228	2298	1683	1591	3454	1825	1524	2048	1723	872	808	592	477	342	315	514	177	1473	1690	3370	649	1088	1858	1710	1543	1693	685	1137	370	367	1278	1418	502	532	343	668	371	405	535	954	1236	2157	786	605	649
	607.572083	1570	1882	1021	929	1034	927	860	891	1144	1418	1405	1609	2400	2137	2056	2122	1950	1643	1728	1740	1335	1026	1113	1261	1344	1170	1077	740	3092	3046	2885	1670	2063	3463	6341	6621	2591	1118	1001	1750	2317	2141	1413	1270	1172	1820	1818	1491	1630	308	476	259	234	470	508	669	816	1063	668	1409	97	482	248	18	77	52	69	43	3137	3152	2154	548	941	791	1760	1628	792	1111	798	2216	2267	1675	1619	3485	1822	1523	2203	1681	871	815	672	507	386	288	492	214	1436	1696	3409	615	1087	1870	1676	1597	1632	736	1177	363	373	1294	1428	573	538	320	671	335	382	547	883	1190	2224	718	614	717
	608.848572	1667	1815	989	1016	1081	972	864	877	1147	1399	1492	1610	2339	2225	2064	2081	1940	1624	1825	1665	1313	1066	1222	1200	1295	1288	1043	692	3164	3056	3008	1586	2083	3493	6479	6889	2589	1142	1032	1864	2367	2193	1331	1324	1204	1890	1733	1472	1643	296	506	244	201	503	517	718	833	1103	656	1467	103	494	239	32	52	89	97	50	3092	3114	2191	492	954	797	1718	1561	792	1118	819	2252	2296	1776	1580	3408	1889	1536	2186	1673	848	825	637	487	424	261	473	198	1462	1704	3460	579	1072	1938	1769	1500	1707	680	1244	370	367	1303	1494	495	584	366	724	342	446	551	874	1189	2239	770	545	760
	610.125671	1575	1806	977	1045	1121	967	901	861	1134	1343	1393	1609	2360	2278	2108	2033	1994	1675	1805	1599	1193	1084	1176	1267	1285	1269	1107	711	3143	3195	2925	1665	2069	3533	6434	6607	2636	1141	995	1898	2333	2129	1244	1272	1212	1904	1817	1518	1687	303	480	273	241	478	501	664	863	1050	725	1551	110	478	257	34	74	80	88	49	2987	3116	2051	515	964	784	1626	1585	776	1052	835	2215	2249	1626	1591	3531	1856	1533	2133	1710	847	818	610	463	385	277	448	187	1446	1632	3622	651	1132	1853	1723	1520	1576	664	1204	368	336	1278	1462	487	586	331	749	349	388	569	905	1188	2151	753	626	699
	611.403198	1641	1822	1007	1021	1138	931	895	916	1187	1398	1486	1577	2479	2314	2024	2089	2002	1645	1720	1636	1323	1007	1135	1229	1210	1213	1050	773	3131	3060	2961	1676	1989	3442	6316	6489	2638	1164	967	1844	2356	2180	1283	1299	1210	1934	1800	1502	1622	314	496	222	236	497	493	675	792	1133	677	1412	116	480	213	21	90	51	114	34	3142	3187	2223	545	972	810	1749	1560	786	1098	775	2261	2317	1695	1638	3410	1875	1606	2125	1667	843	814	665	483	387	301	518	193	1485	1697	3508	655	1053	1903	1755	1471	1652	745	1228	354	394	1424	1467	488	589	321	693	341	383	571	947	1209	2245	783	562	702
	612.681213	1658	1795	998	1051	1181	899	830	911	1264	1446	1455	1635	2377	2344	2164	2197	1985	1588	1791	1673	1340	1055	1237	1205	1305	1168	1067	747	3102	3164	2983	1656	2084	3465	6477	6540	2611	1153	996	1957	2333	2153	1293	1276	1159	1954	1829	1620	1639	315	486	246	247	512	478	704	836	1107	712	1504	105	491	268	29	59	71	90	57	3138	3148	2078	539	997	794	1665	1535	757	1101	806	2305	2292	1732	1672	3469	1803	1592	2202	1753	911	778	690	529	357	348	491	196	1468	1685	3406	669	1130	1879	1809	1491	1708	660	1247	355	367	1383	1472	540	625	332	661	301	332	588	908	1189	2231	761	568	709
	613.959717	1668	1748	1068	1076	1101	989	822	916	1137	1430	1488	1541	2433	2410	2141	2120	2030	1683	1830	1701	1292	1007	1178	1209	1318	1272	1122	739	3231	3263	3047	1697	2048	3473	6431	6702	2653	1138	945	1810	2450	2185	1290	1310	1241	1951	1848	1538	1656	320	506	194	276	488	494	720	839	1135	684	1458	111	494	256	27	80	56	71	48	3166	3274	2144	528	923	789	1625	1483	760	1059	868	2316	2350	1727	1574	3618	1823	1593	2169	1686	856	832	658	495	377	338	482	204	1537	1757	3442	601	1080	1883	1749	1518	1682	720	1297	373	400	1365	1499	545	570	306	711	361	390	579	940	1232	2209	740	620	724
	615.238586	1650	1785	926	1051	1120	998	827	891	1139	1394	1484	1565	2409	2366	2130	2145	2012	1600	1826	1670	1336	1041	1157	1226	1306	1242	1081	769	3223	3291	3085	1669	2159	3555	6376	6600	2689	1161	985	1878	2344	2209	1304	1324	1207	1871	1747	1560	1635	302	497	233	237	464	525	773	843	1141	746	1427	102	441	220	38	65	77	73	53	3089	3154	2072	519	938	814	1672	1501	822	1068	864	2380	2280	1701	1630	3406	1821	1607	2172	1821	892	900	658	511	370	335	523	206	1447	1754	3555	681	1041	1868	1751	1479	1737	704	1207	346	374	1351	1477	560	628	314	679	363	398	534	977	1309	2268	844	562	748
	616.518127	1657	1750	986	988	1117	955	826	922	1177	1404	1441	1615	2462	2418	2109	2043	1957	1649	1846	1610	1367	1032	1198	1228	1297	1252	1029	808	3282	3227	3094	1645	2168	3530	6296	6696	2611	1151	971	1892	2439	2186	1286	1331	1151	1914	1819	1633	1614	321	498	237	217	505	534	680	817	1140	673	1461	121	471	257	38	79	48	100	52	3123	3164	2129	506	939	848	1733	1477	838	1034	857	2229	2348	1651	1616	3455	1835	1513	2154	1653	827	859	669	515	379	321	502	171	1424	1717	3532	619	1033	1769	1768	1543	1630	730	1216	353	357	1368	1496	556	550	293	696	342	394	542	912	1249	2313	787	569	706
	617.797974	1595	1661	974	1005	1201	934	846	909	1140	1487	1434	1657	2398	2305	2119	1993	1894	1662	1819	1589	1275	1017	1140	1165	1295	1227	1087	816	3238	3182	3087	1694	2020	3555	6220	6513	2600	1122	976	1852	2299	2174	1317	1272	1188	1854	1758	1583	1654	310	520	233	265	491	493	728	870	1084	689	1421	85	484	230	25	91	54	70	45	3109	3237	2062	536	975	774	1711	1541	793	1130	832	2356	2407	1655	1672	3506	1781	1544	2161	1704	931	781	635	518	366	324	484	200	1428	1713	3402	672	1020	1871	1647	1431	1566	684	1204	404	396	1344	1510	574	561	309	679	376	390	549	868	1281	2353	813	569	689
	619.07843	1535	1855	967	1001	1102	879	801	889	1078	1495	1442	1552	2335	2321	2013	2065	1919	1651	1828	1654	1224	1057	1161	1143	1274	1217	1068	702	3068	3090	2981	1532	2003	3557	6198	6403	2614	1135	913	1826	2273	2185	1262	1276	1180	1849	1795	1574	1656	319	478	234	236	467	484	733	865	1105	699	1422	97	403	239	44	51	51	70	33	3134	3114	2114	512	975	790	1610	1558	791	956	848	2185	2389	1651	1569	3360	1826	1542	2064	1667	823	798	632	492	342	271	481	203	1389	1694	3437	615	1035	1895	1663	1438	1687	710	1239	365	379	1344	1495	565	577	297	670	318	379	544	945	1229	2372	791	528	687
	620.359314	1562	1649	955	1013	1102	834	803	878	1108	1430	1464	1563	2365	2323	2108	2026	1948	1637	1758	1526	1274	989	1149	1091	1307	1232	1053	714	3212	3055	3053	1584	1977	3461	6251	6249	2562	1128	923	1907	2292	2092	1231	1178	1081	1802	1775	1567	1611	321	477	241	227	432	478	788	868	1107	657	1477	113	419	247	11	46	78	86	49	2944	3015	2052	519	946	788	1590	1493	765	1013	822	2236	2244	1628	1514	3315	1799	1566	2065	1714	821	825	554	515	370	306	475	196	1394	1722	3242	637	992	1831	1696	1366	1604	701	1203	385	393	1278	1506	569	557	316	614	354	396	516	885	1145	2398	893	557	694
	621.640625	1626	1617	960	976	1026	901	805	859	1144	1410	1493	1626	2275	2215	2120	2053	1966	1623	1654	1589	1260	938	1106	1142	1253	1241	1086	754	3128	3100	3044	1533	1956	3382	6035	6247	2650	1068	919	1762	2210	2039	1227	1293	1107	1794	1697	1502	1620	306	462	235	231	471	466	772	860	1089	702	1394	96	430	241	16	109	69	53	35	2914	3056	2002	449	905	788	1636	1562	739	996	861	2159	2304	1650	1591	3286	1701	1528	2099	1619	811	749	639	523	367	261	450	197	1485	1642	3281	613	997	1828	1708	1367	1683	670	1190	378	399	1335	1445	542	558	341	682	361	367	521	938	1167	2333	756	524	751
	622.922485	1502	1639	913	973	1068	880	794	826	1160	1340	1379	1579	2330	2294	2072	2047	1955	1636	1755	1516	1225	989	1138	1109	1290	1239	1070	713	3020	3040	2904	1562	1900	3365	5947	6238	2590	1095	890	1844	2290	2091	1191	1284	1112	1735	1643	1522	1640	283	480	233	220	475	493	739	863	1094	601	1378	95	437	276	30	50	62	63	58	3024	2982	1955	473	902	799	1694	1499	758	1027	843	2203	2291	1609	1611	3204	1759	1477	2098	1605	826	752	692	489	381	274	435	210	1406	1764	3161	617	1053	1839	1686	1296	1596	690	1224	386	402	1377	1491	517	567	323	625	327	364	487	910	1200	2360	799	558	691
	624.204773	1560	1719	914	1020	1054	861	862	807	1106	1428	1366	1624	2323	2349	2051	1973	1930	1555	1749	1568	1225	997	1143	1196	1219	1138	995	698	2972	3017	2820	1593	1949	3406	5917	6161	2566	1126	924	1828	2273	2030	1180	1264	1114	1796	1645	1556	1619	326	501	278	226	474	468	724	870	1058	654	1369	60	465	242	35	51	55	78	57	2962	3044	2026	491	907	769	1572	1550	758	1014	827	2172	2223	1669	1481	3296	1736	1527	1955	1613	879	791	635	509	372	292	445	177	1413	1680	3155	612	1000	1782	1724	1434	1628	709	1172	374	403	1287	1504	522	530	311	642	340	411	500	1009	1168	2397	799	596	651
	625.48761	1489	1719	926	990	1051	809	778	806	1039	1378	1430	1503	2319	2261	2041	1970	1843	1535	1766	1494	1271	994	1107	1057	1190	1177	1008	690	2926	3058	2902	1520	1943	3390	5893	6210	2512	1042	990	1805	2234	1996	1207	1230	1064	1743	1573	1562	1717	289	448	248	231	485	483	720	866	1107	650	1415	111	450	245	23	90	61	79	49	2863	3038	1972	458	949	794	1585	1530	711	992	800	2103	2115	1693	1533	3196	1665	1516	1970	1620	810	774	576	493	376	277	424	158	1393	1687	3182	628	981	1770	1728	1369	1568	632	1117	390	365	1357	1457	481	477	278	601	306	368	497	846	1163	2293	829	557	638
	626.770874	1501	1636	845	984	1068	819	785	844	1073	1348	1405	1489	2331	2207	2033	1905	1833	1510	1666	1557	1139	977	1122	1077	1218	1190	1003	653	2940	2942	2963	1546	1855	3254	5843	5934	2516	1075	894	1804	2075	2098	1240	1259	1103	1756	1626	1504	1668	306	499	249	244	442	453	683	797	1094	639	1352	102	430	203	18	80	61	62	54	2852	3058	1874	491	917	737	1688	1535	750	1026	826	2121	2183	1595	1585	3258	1688	1437	2076	1639	834	722	689	531	337	250	425	225	1488	1634	3246	624	1022	1836	1631	1324	1504	670	1138	345	365	1256	1372	486	474	315	658	326	418	479	869	1146	2412	735	539	633
	628.054626	1501	1692	931	980	991	778	753	852	1035	1360	1352	1441	2280	2237	2035	1969	1793	1602	1681	1506	1216	884	1119	1099	1212	1165	1008	645	2846	2801	2771	1519	1901	3408	5834	5904	2541	1105	896	1731	2231	1993	1192	1120	1066	1790	1631	1509	1616	308	466	232	244	414	473	775	865	1002	697	1301	94	439	232	35	71	79	73	35	2965	2921	1980	510	982	814	1622	1500	683	1039	843	2188	2264	1548	1615	3122	1721	1437	1894	1507	810	737	604	477	328	282	442	198	1352	1586	3077	591	938	1798	1662	1272	1589	658	1207	348	377	1311	1435	478	561	287	675	362	379	531	918	1110	2409	776	535	605
	629.338928	1530	1729	875	908	993	844	751	795	1005	1401	1350	1500	2355	2218	1949	1946	1775	1521	1641	1486	1181	919	1088	981	1246	1182	966	701	2856	2834	2742	1556	1808	3362	5694	6025	2484	1061	923	1780	2146	2076	1125	1220	1128	1785	1671	1485	1574	319	451	215	248	433	450	695	842	1066	625	1338	91	399	230	23	68	57	89	39	2797	2848	1940	482	927	781	1581	1472	665	993	823	2097	2163	1600	1588	3103	1553	1384	1969	1555	774	708	618	547	317	275	425	196	1365	1520	3123	669	941	1663	1646	1263	1527	642	1045	356	337	1281	1435	482	518	286	652	332	369	533	823	1162	2290	714	535	604
	630.623596	1465	1644	904	910	1015	827	781	857	1054	1378	1305	1482	2310	2234	1976	1854	1744	1525	1603	1439	1216	834	1021	1011	1238	1113	953	652	2985	2773	2813	1470	1761	3220	5694	5808	2564	938	895	1671	2202	1899	1180	1148	1083	1781	1577	1569	1603	294	421	218	233	432	449	740	829	1008	714	1305	75	404	225	20	72	71	61	30	2882	2982	1935	461	931	823	1581	1551	704	1032	825	2036	2092	1553	1522	3103	1638	1441	1856	1572	778	784	624	466	335	287	390	182	1343	1671	3093	602	921	1637	1610	1244	1583	623	1078	357	356	1275	1408	514	533	281	611	323	390	474	900	1075	2424	766	552	648
	631.908813	1454	1707	929	954	970	832	733	809	1035	1335	1346	1516	2355	2219	2001	1932	1876	1516	1668	1472	1163	949	1102	1103	1206	1080	948	687	2761	2678	2815	1551	1851	3217	5684	5806	2650	1051	837	1710	2179	1931	1068	1181	1082	1756	1678	1509	1705	318	473	204	207	462	495	721	830	1127	612	1340	76	389	218	13	53	62	74	53	2929	2973	1868	481	880	771	1614	1537	666	1012	810	2113	2105	1552	1489	3222	1545	1386	1930	1510	797	751	577	474	325	269	386	175	1395	1574	2965	580	1036	1771	1580	1317	1503	699	1108	370	393	1313	1388	489	531	293	632	314	381	523	837	1069	2454	782	533	591
	633.194519	1498	1684	930	920	991	802	732	793	1051	1343	1361	1494	2160	2266	1942	1903	1827	1488	1685	1516	1129	857	1078	1041	1140	1147	915	630	2836	2827	2856	1498	1818	3321	5710	5809	2567	1028	843	1694	2172	1954	1106	1180	1125	1714	1586	1513	1583	320	411	214	255	439	516	716	867	1030	630	1286	97	416	246	16	56	58	70	53	2875	2783	1936	490	902	785	1577	1430	717	1033	816	2092	2107	1458	1600	3211	1554	1426	1940	1636	788	825	589	475	329	304	415	170	1360	1544	3089	619	986	1720	1592	1332	1471	598	1058	354	363	1242	1493	438	545	283	630	343	381	482	817	1076	2399	751	512	590
	634.480713	1492	1618	891	955	997	854	766	770	1088	1363	1389	1554	2282	2164	1952	1848	1748	1489	1603	1536	1124	921	1168	1061	1110	1107	892	664	2912	2751	2771	1548	1833	3260	5548	5697	2537	1028	814	1686	2120	1897	1096	1236	1084	1625	1636	1502	1628	293	456	247	262	415	446	652	847	1036	640	1348	83	406	218	20	71	51	88	36	2851	2899	1902	489	929	719	1610	1456	718	975	770	2156	2100	1523	1587	3154	1622	1466	1789	1497	788	711	635	506	314	264	379	177	1389	1533	3075	611	985	1720	1595	1197	1613	664	1158	364	385	1336	1477	452	516	262	666	356	427	494	804	1105	2417	732	605	644
	635.767273	1486	1697	863	877	973	829	806	816	1082	1358	1416	1473	2233	2186	1921	1869	1768	1526	1655	1460	1127	946	1116	1002	1146	1104	868	650	2917	2614	2618	1501	1759	3325	5491	5670	2488	1038	819	1771	2099	1994	989	1209	1098	1617	1689	1562	1645	312	401	251	228	425	452	734	847	1085	661	1312	101	400	242	-2	34	60	67	31	2912	2842	1888	476	934	781	1553	1459	602	972	784	2052	2115	1580	1610	3029	1627	1382	1810	1607	736	679	570	444	314	267	457	181	1345	1508	3058	617	927	1712	1614	1221	1512	619	1139	358	356	1261	1386	531	522	333	637	321	422	479	846	1087	2372	746	523	610
	637.054382	1444	1670	825	884	977	796	766	808	1008	1345	1390	1476	2300	2068	1923	1865	1740	1494	1608	1433	1128	907	1113	1022	1081	1054	858	643	2728	2684	2755	1485	1767	3203	5528	5605	2608	990	783	1736	2084	1907	1061	1095	1069	1784	1621	1579	1581	275	442	221	219	459	447	730	858	1026	653	1365	78	405	210	22	44	70	59	24	2793	2826	1788	475	953	721	1621	1445	665	969	771	2088	2060	1550	1550	3085	1565	1427	1870	1542	792	714	611	507	296	260	413	215	1345	1531	3143	558	957	1687	1568	1215	1601	640	1134	356	341	1321	1410	468	482	262	612	322	411	474	827	1102	2449	785	550	646
	638.34198	1403	1609	893	934	952	820	701	808	1038	1297	1331	1507	2206	2172	1963	1821	1748	1443	1522	1338	1165	949	1107	1047	1121	1024	818	660	2788	2780	2635	1533	1841	3209	5547	5538	2525	1046	848	1724	2162	1901	983	1086	1046	1669	1543	1589	1643	269	429	221	188	463	464	661	833	953	677	1305	79	361	213	17	55	49	80	60	2904	2892	1849	449	878	691	1556	1445	665	1012	773	2179	2011	1434	1542	2922	1565	1375	1868	1508	819	691	569	448	276	265	391	183	1401	1524	3002	558	891	1679	1583	1253	1568	620	1084	355	373	1300	1421	507	507	291	600	352	398	448	869	1020	2495	820	559	581
	639.630127	1348	1624	814	953	987	795	723	755	992	1317	1384	1443	2166	2136	1890	1890	1688	1472	1586	1391	1149	858	1105	1070	1112	1115	838	633	2821	2635	2578	1530	1721	3210	5318	5429	2432	967	793	1663	2040	1869	996	1175	998	1655	1587	1532	1644	296	464	219	217	437	407	718	861	982	588	1313	85	417	235	8	57	80	62	44	2817	2776	1785	462	902	797	1618	1395	649	975	805	2077	2069	1539	1490	3025	1580	1389	1768	1420	830	684	574	491	306	272	432	193	1333	1517	2964	575	847	1646	1509	1153	1563	587	1026	398	316	1271	1406	461	454	283	603	324	384	478	875	1074	2442	763	504	645
	640.918579	1431	1623	841	855	966	795	700	783	989	1334	1313	1428	2224	2074	1893	1844	1712	1453	1637	1357	1071	866	1061	979	1106	1061	792	599	2770	2681	2570	1438	1742	3083	5398	5371	2456	913	759	1649	2182	1890	1005	1100	1033	1642	1535	1462	1689	272	406	202	215	439	451	761	847	1005	640	1230	107	385	224	22	76	43	87	29	2749	2773	1711	471	852	743	1474	1439	636	949	810	2013	2008	1559	1514	2955	1438	1378	1732	1544	733	715	593	458	282	248	401	192	1329	1551	2912	569	972	1646	1514	1162	1489	602	986	337	354	1239	1466	459	448	294	557	294	353	435	820	1089	2432	760	479	606
	642.207703	1365	1603	855	837	957	769	706	751	1014	1253	1318	1511	2190	2174	1831	1737	1722	1469	1527	1472	1109	852	998	935	1113	1051	830	591	2659	2737	2703	1506	1746	3234	5277	5402	2514	997	771	1569	2011	1834	964	1118	1006	1589	1398	1497	1677	270	412	190	229	409	413	719	829	977	641	1229	85	394	254	2	38	44	96	55	2820	2801	1774	503	869	729	1586	1454	597	929	780	1999	1991	1410	1462	2860	1457	1361	1817	1514	738	641	567	436	285	250	387	166	1284	1584	2841	614	850	1561	1530	1200	1576	606	1078	361	352	1237	1358	453	456	270	596	338	353	509	756	1072	2397	751	518	599
	643.497192	1310	1568	823	898	886	774	699	714	989	1243	1283	1413	2237	2066	1926	1777	1699	1441	1528	1395	1107	849	1056	991	964	1046	831	638	2740	2692	2603	1471	1745	3096	5128	5415	2499	950	811	1647	2083	1865	1000	1095	1002	1599	1453	1506	1614	263	416	233	227	393	418	752	801	969	630	1255	81	362	222	23	61	61	62	53	2659	2698	1771	433	827	709	1549	1358	608	980	745	1972	1977	1457	1429	2998	1520	1291	1800	1480	776	721	620	513	293	219	399	187	1289	1541	2814	582	930	1593	1444	1121	1448	584	1050	343	364	1324	1392	456	470	284	559	294	357	453	813	1065	2397	779	487	623
	644.78717	1469	1601	769	890	896	803	731	737	967	1299	1307	1362	2087	1981	1822	1730	1609	1360	1619	1386	1087	879	1066	944	984	1051	840	631	2654	2663	2575	1380	1670	3104	5372	5273	2423	916	774	1673	2054	1834	1093	1043	1078	1600	1433	1498	1641	290	409	216	206	423	417	653	853	1016	596	1235	86	368	207	20	47	60	89	43	2727	2600	1747	412	818	716	1511	1431	635	931	758	2002	1963	1435	1460	2872	1485	1284	1742	1476	737	666	594	478	257	228	376	181	1268	1540	2753	575	911	1668	1449	1136	1529	583	1055	351	388	1282	1338	415	437	240	581	313	317	413	761	1040	2412	752	494	539
	646.077576	1347	1572	825	883	852	778	693	760	937	1215	1280	1458	2106	2007	1854	1740	1748	1279	1517	1331	1031	845	1074	941	1059	997	840	604	2653	2581	2641	1409	1679	3064	5149	5121	2449	910	779	1556	2078	1860	1060	1073	959	1543	1431	1512	1640	310	354	226	224	414	423	709	849	966	599	1166	85	379	220	8	74	49	73	22	2590	2638	1653	453	875	738	1475	1293	616	883	766	1869	1927	1322	1386	2866	1447	1346	1743	1492	729	698	542	446	266	249	349	165	1333	1509	2741	567	891	1574	1542	1153	1492	574	994	331	324	1186	1415	449	483	258	565	337	345	469	763	1027	2421	726	480	543
	647.368713	1289	1535	778	850	946	715	699	686	938	1280	1346	1414	2113	1996	1773	1782	1644	1347	1445	1379	1076	775	1032	963	1008	1014	808	582	2655	2639	2583	1342	1566	3006	5012	5040	2411	897	766	1567	2005	1820	1074	1006	923	1592	1410	1533	1550	287	401	194	213	382	438	731	807	970	597	1156	99	357	180	44	58	63	65	27	2615	2557	1669	439	875	739	1419	1376	594	910	712	1836	1893	1369	1391	2819	1438	1287	1632	1419	732	665	547	439	273	268	379	171	1238	1512	2866	570	884	1553	1448	1085	1488	619	1001	336	316	1244	1316	434	469	250	512	298	355	471	760	994	2354	766	452	520
	648.659973	1321	1512	807	833	889	694	657	700	1021	1235	1301	1359	2100	1994	1760	1755	1688	1300	1412	1312	1063	833	1008	934	1028	1017	870	587	2523	2542	2484	1353	1623	2983	4917	5042	2312	896	795	1542	1908	1814	1037	1088	959	1572	1451	1501	1575	285	368	204	228	437	427	697	769	991	614	1181	77	347	220	13	59	57	88	54	2606	2548	1616	432	800	683	1412	1365	585	895	760	1837	1942	1331	1422	2723	1377	1299	1744	1439	780	621	548	481	276	233	349	165	1276	1415	2730	548	861	1557	1399	1091	1425	534	999	343	350	1224	1424	420	472	256	524	290	369	454	736	995	2330	799	461	576
	649.952026	1248	1548	754	838	847	720	624	697	884	1201	1256	1364	1986	2002	1813	1670	1627	1363	1499	1317	966	820	991	921	966	954	868	603	2490	2586	2412	1415	1687	2853	4894	4958	2334	887	777	1581	2025	1704	1079	1030	946	1574	1335	1489	1608	294	368	227	212	486	400	707	815	955	522	1163	85	357	207	26	47	54	69	23	2606	2482	1587	454	814	735	1452	1382	649	939	739	1905	1968	1349	1428	2785	1416	1264	1748	1440	723	661	560	465	265	205	348	156	1271	1398	2767	590	820	1512	1461	1117	1437	521	962	336	333	1227	1377	416	416	291	530	335	348	462	763	1037	2423	692	509	602
	651.244385	1217	1534	762	746	902	722	725	679	917	1177	1185	1389	2092	1965	1834	1668	1625	1386	1480	1348	1049	811	973	916	992	990	816	596	2502	2453	2528	1380	1610	2833	4887	4884	2313	886	805	1511	1876	1794	1008	1011	938	1533	1434	1491	1557	283	378	219	201	452	401	725	803	976	570	1058	79	316	212	4	64	57	62	56	2645	2558	1583	417	863	679	1429	1237	605	828	768	1938	1854	1354	1363	2774	1358	1314	1589	1417	736	668	578	460	276	252	352	196	1267	1477	2769	541	811	1499	1398	1057	1419	513	985	351	320	1247	1388	405	393	257	537	310	340	461	699	978	2389	666	490	573
	652.53717	1307	1452	766	810	890	689	702	704	923	1134	1178	1381	2003	1897	1818	1582	1608	1328	1489	1333	1025	826	1004	917	969	977	822	558	2514	2525	2493	1352	1609	2868	4865	4988	2265	851	774	1503	1921	1737	998	1018	905	1498	1372	1467	1608	274	359	214	164	416	408	722	768	972	555	1160	83	319	228	26	41	60	68	27	2572	2568	1612	394	823	677	1402	1337	617	863	731	1942	1935	1321	1418	2728	1397	1312	1704	1411	763	649	542	450	295	255	418	160	1241	1433	2797	511	867	1522	1340	1039	1414	561	963	304	312	1235	1338	414	436	266	545	296	341	447	751	921	2383	691	443	585
	653.830688	1185	1472	811	834	922	729	613	714	904	1173	1147	1379	1967	1955	1755	1708	1575	1361	1455	1216	996	821	1012	833	990	992	779	562	2433	2501	2460	1385	1548	2980	4664	4904	2337	878	784	1540	1996	1806	982	1028	966	1496	1430	1447	1530	286	384	224	188	441	384	728	812	947	553	1139	76	332	199	-6	41	47	58	33	2577	2554	1588	476	795	713	1430	1241	594	858	738	1811	1771	1346	1327	2922	1336	1303	1603	1438	710	627	537	426	278	263	356	154	1172	1428	2679	537	863	1584	1394	1046	1472	601	1012	333	324	1217	1323	456	459	251	499	289	389	465	742	937	2414	740	496	555
	655.124512	1255	1491	728	812	915	751	642	663	884	1081	1136	1308	2065	1993	1770	1747	1596	1309	1415	1310	919	796	986	957	959	981	866	544	2467	2454	2437	1403	1549	3016	4690	4785	2305	892	813	1469	1892	1887	972	1014	877	1529	1340	1487	1580	269	340	212	221	386	412	651	803	980	595	1077	66	357	198	24	27	61	62	24	2561	2648	1564	397	793	658	1432	1308	566	888	727	1842	1843	1274	1425	2736	1308	1229	1659	1401	695	609	555	494	266	218	344	197	1186	1520	2681	641	870	1456	1420	1049	1470	520	1005	353	309	1234	1310	433	457	252	495	324	355	400	705	916	2389	760	513	538
	656.418823	1243	1456	749	820	878	713	639	676	815	1183	1168	1328	2012	1948	1775	1675	1604	1338	1517	1264	1003	795	994	917	1030	995	829	591	2567	2375	2425	1399	1662	2944	4704	4932	2334	801	729	1556	1842	1714	891	996	959	1412	1352	1455	1649	244	371	206	225	451	392	686	819	938	553	1114	70	323	211	12	44	44	69	22	2567	2494	1593	432	826	660	1379	1275	579	903	735	1793	1825	1323	1429	2717	1392	1252	1577	1358	735	659	532	437	305	244	386	162	1198	1404	2633	561	869	1481	1345	1068	1439	578	969	356	350	1247	1374	393	450	235	542	315	327	451	719	973	2366	738	445	541
	657.713623	1172	1468	742	805	824	705	587	654	919	1133	1180	1328	1881	1897	1695	1676	1537	1318	1474	1302	962	809	1031	851	899	959	847	598	2522	2423	2396	1461	1591	2839	4631	4678	2276	848	777	1504	1901	1796	941	993	876	1485	1380	1483	1585	286	420	192	205	453	387	667	826	917	612	1122	96	340	202	16	48	58	49	44	2550	2546	1667	442	798	701	1445	1300	567	870	731	1808	1867	1354	1378	2685	1355	1252	1597	1369	717	643	563	437	277	212	372	185	1199	1416	2579	525	864	1509	1338	1030	1471	540	988	332	352	1254	1356	397	455	213	521	268	364	455	750	933	2451	691	453	517
	659.008911	1213	1509	701	810	781	648	702	663	884	1122	1107	1261	1995	1979	1723	1640	1494	1264	1493	1327	969	803	1027	942	974	915	806	536	2433	2424	2362	1291	1480	2745	4607	4665	2362	872	772	1446	1855	1759	1019	896	877	1430	1295	1393	1558	283	380	193	158	401	393	729	810	941	542	1083	66	298	234	27	45	26	50	33	2588	2541	1539	422	802	676	1465	1251	541	855	710	1835	1832	1306	1405	2743	1255	1230	1609	1380	699	585	554	441	280	224	380	180	1192	1393	2675	543	825	1500	1290	1008	1364	563	953	324	363	1222	1377	424	411	234	523	320	327	469	758	976	2315	722	452	544
	660.304688	1192	1508	762	733	883	721	658	684	819	1067	1109	1277	1916	1843	1717	1617	1488	1274	1433	1214	914	733	1016	872	948	953	849	564	2463	2357	2415	1362	1473	2800	4519	4579	2192	807	751	1498	1804	1707	933	879	832	1472	1240	1409	1496	282	373	197	207	461	383	754	805	879	546	1153	104	358	228	7	43	62	58	30	2519	2452	1485	419	846	657	1405	1303	605	884	730	1802	1825	1252	1396	2602	1298	1197	1580	1317	702	614	522	503	280	220	367	154	1169	1355	2461	545	820	1447	1323	1017	1356	561	947	315	348	1218	1286	393	415	249	489	330	324	421	695	887	2295	703	412	550
	661.60083	1188	1433	697	783	829	690	588	645	802	1138	1179	1212	1890	1784	1739	1488	1523	1216	1431	1266	923	709	1014	924	844	901	836	544	2449	2224	2436	1302	1470	2809	4516	4457	2200	839	782	1443	1801	1726	1000	968	823	1391	1380	1371	1511	278	340	206	198	367	356	720	759	920	522	1086	62	294	174	15	38	48	59	29	2500	2462	1516	410	784	690	1340	1206	598	872	680	1854	1827	1287	1291	2619	1294	1329	1595	1349	709	673	495	492	260	216	348	185	1212	1380	2571	493	859	1469	1293	993	1361	567	936	316	338	1140	1332	392	398	249	521	296	334	426	714	996	2294	657	441	483
	662.897583	1160	1476	718	784	882	656	629	648	821	1081	1087	1226	1898	1921	1693	1569	1432	1264	1423	1236	901	754	1005	868	868	922	855	480	2374	2353	2221	1287	1482	2756	4386	4387	2170	752	739	1505	1800	1642	889	969	817	1412	1245	1395	1408	275	365	179	205	391	365	649	746	850	557	1041	77	293	185	24	51	58	51	55	2485	2474	1402	427	744	656	1390	1226	552	810	662	1727	1697	1250	1363	2420	1212	1212	1543	1289	702	647	536	456	271	214	337	168	1170	1462	2416	527	789	1403	1296	944	1366	528	865	297	304	1111	1277	424	405	246	473	308	336	385	656	891	2317	703	443	503
	664.194824	1138	1385	678	695	853	708	618	674	812	1070	1071	1205	1834	1738	1742	1504	1482	1243	1401	1231	956	734	949	897	865	863	802	560	2315	2209	2216	1231	1481	2723	4321	4284	2111	831	735	1421	1793	1680	884	937	879	1277	1237	1394	1506	269	339	204	187	389	373	678	765	956	507	1053	74	277	195	25	45	62	80	40	2448	2295	1437	382	755	636	1321	1258	499	791	671	1669	1687	1205	1312	2654	1181	1158	1596	1254	730	628	532	421	299	250	360	144	1137	1359	2406	540	813	1368	1278	970	1432	540	919	293	319	1164	1343	394	358	234	485	291	376	426	739	922	2330	702	434	492
	665.492493	1183	1361	698	746	789	699	624	640	846	1111	1113	1244	1840	1759	1640	1503	1406	1226	1310	1299	916	737	936	838	885	895	810	533	2314	2265	2193	1316	1480	2738	4313	4269	2164	878	702	1510	1719	1623	912	962	813	1307	1204	1390	1468	253	367	208	190	416	354	680	812	849	548	1021	80	282	204	22	58	36	61	32	2448	2354	1441	363	703	638	1281	1236	498	740	674	1714	1650	1242	1308	2555	1238	1239	1508	1202	640	573	517	398	239	215	358	155	1101	1337	2391	494	785	1443	1248	907	1330	524	901	315	340	1146	1281	352	381	211	523	309	346	355	711	879	2260	698	420	493
	666.790588	1117	1339	666	739	834	629	560	630	800	1102	1128	1180	1828	1737	1721	1468	1382	1261	1374	1236	892	740	937	868	863	885	777	501	2211	2287	2188	1209	1395	2655	4324	4307	2141	824	705	1429	1762	1668	895	861	806	1380	1205	1400	1502	291	373	197	167	369	344	656	800	881	522	1057	82	294	194	15	54	36	62	31	2384	2376	1422	394	741	650	1333	1297	524	716	702	1692	1672	1178	1303	2445	1200	1185	1545	1294	672	575	473	443	252	233	336	113	1140	1356	2458	515	774	1314	1247	897	1285	524	904	322	326	1137	1280	376	371	251	450	284	293	385	662	874	2258	709	464	481
	668.089294	1126	1389	685	722	827	602	581	596	760	1122	1101	1174	1843	1718	1656	1462	1406	1226	1358	1263	908	746	906	835	843	813	764	521	2229	2107	2161	1265	1348	2667	4139	4202	2093	781	657	1401	1704	1592	833	879	804	1315	1193	1330	1460	249	400	198	165	375	381	780	787	901	470	976	72	307	202	35	39	35	75	17	2369	2389	1385	383	747	595	1283	1277	507	828	703	1732	1627	1184	1285	2399	1165	1126	1479	1277	646	633	507	415	264	219	344	143	1172	1365	2402	485	747	1422	1210	962	1303	523	898	336	326	1071	1311	364	395	219	489	275	307	382	644	824	2278	697	435	479
	669.388428	1173	1343	657	715	728	648	621	614	786	1090	1124	1260	1800	1719	1686	1540	1403	1180	1312	1155	917	745	878	815	788	863	780	476	2252	2140	2105	1204	1384	2653	4124	4178	2037	813	675	1380	1705	1633	852	876	787	1325	1215	1384	1521	270	353	209	187	381	313	687	774	913	521	970	83	242	170	4	51	49	56	35	2337	2248	1402	377	654	676	1317	1209	564	818	623	1667	1688	1180	1306	2398	1150	1137	1496	1263	639	588	485	408	252	204	331	163	1137	1366	2384	528	795	1438	1205	918	1377	498	924	295	302	1082	1233	376	381	241	430	287	332	397	670	866	2254	652	442	487
	670.687988	1094	1369	654	730	776	630	585	624	726	1162	1186	1173	1815	1691	1664	1546	1384	1161	1335	1140	855	749	881	845	759	843	764	538	2201	2071	2080	1210	1411	2592	4149	4162	2091	734	668	1407	1702	1641	867	952	814	1324	1179	1342	1497	246	331	196	177	393	369	663	769	889	511	991	75	297	162	27	55	49	67	37	2375	2400	1396	368	669	602	1269	1191	502	801	687	1655	1647	1215	1309	2478	1180	1112	1435	1309	662	570	464	435	262	200	337	190	1080	1263	2278	495	788	1291	1181	935	1334	522	905	279	355	1067	1219	402	323	226	496	303	304	370	699	823	2251	653	481	484
	671.988098	1102	1343	635	744	695	568	615	635	748	1067	1126	1213	1840	1786	1547	1392	1397	1128	1271	1149	954	695	901	803	848	838	710	474	2256	2120	2174	1264	1393	2552	3953	4075	2068	763	695	1334	1636	1582	824	889	827	1330	1168	1300	1474	251	324	213	218	343	335	668	764	785	470	976	71	251	202	28	40	42	41	44	2370	2199	1337	358	681	560	1275	1164	491	789	648	1639	1652	1143	1371	2433	1135	1149	1449	1261	624	571	513	421	238	237	350	149	1097	1296	2242	512	768	1326	1255	911	1371	525	850	302	310	1138	1242	343	376	214	460	249	301	352	646	822	2220	664	433	503
	673.288574	1036	1241	641	665	730	617	621	650	791	1042	1128	1189	1791	1708	1590	1375	1326	1134	1263	1171	813	710	863	870	745	813	747	504	2274	2161	2119	1189	1359	2486	3985	4005	2068	802	653	1342	1647	1638	825	883	789	1329	1085	1300	1391	267	330	176	193	351	332	660	764	898	529	974	76	262	166	18	40	54	64	29	2252	2184	1378	392	678	592	1279	1182	533	756	626	1622	1569	1189	1312	2423	1118	1094	1485	1219	667	606	449	399	232	192	303	133	1035	1250	2264	493	775	1331	1218	905	1346	456	899	299	297	1093	1223	352	362	213	500	249	322	395	634	765	2049	670	436	552
	674.589722	1101	1338	582	707	742	629	569	582	772	1046	1089	1192	1760	1646	1523	1396	1322	1179	1259	1106	875	683	916	849	738	818	756	409	2149	2131	2119	1205	1318	2525	3926	3936	1996	773	686	1440	1593	1599	823	871	853	1305	1215	1347	1482	278	343	172	183	348	329	642	740	850	524	971	95	269	156	19	58	32	77	24	2302	2199	1311	389	682	592	1151	1141	493	741	660	1595	1580	1134	1316	2398	1146	1132	1425	1250	649	625	486	447	209	186	325	143	1087	1269	2181	535	778	1295	1188	869	1300	473	829	285	335	1101	1277	370	340	220	482	277	316	341	627	825	2176	660	412	549
	675.891174	1058	1366	624	706	744	583	628	581	812	1117	1114	1168	1713	1719	1575	1350	1268	1121	1249	1210	838	698	864	767	743	834	718	501	2140	2090	2126	1161	1330	2554	3909	3963	1975	787	668	1417	1725	1605	805	861	788	1285	1212	1263	1453	253	332	207	150	353	335	638	720	846	535	959	88	264	150	18	26	44	44	47	2281	2289	1263	361	665	543	1203	1118	539	708	633	1586	1601	1128	1239	2394	1143	1072	1427	1290	633	518	442	409	213	187	329	143	1070	1258	2185	525	789	1315	1180	883	1231	536	800	318	344	1053	1229	356	343	194	447	256	327	381	619	774	2203	654	397	489
	677.193176	1023	1306	634	683	723	589	628	632	829	1076	1089	1172	1777	1646	1568	1432	1378	1101	1250	1127	905	677	800	766	761	751	714	507	2214	2119	2055	1212	1422	2569	3947	3828	2000	741	624	1376	1598	1591	801	829	791	1295	1172	1367	1415	277	291	185	183	343	314	661	745	851	504	979	98	253	163	26	18	36	61	66	2336	2135	1310	399	668	583	1200	1156	486	700	631	1598	1604	1177	1277	2254	1103	1086	1431	1277	662	566	442	469	225	209	316	145	1066	1335	2200	506	817	1259	1164	893	1307	497	901	276	356	1071	1195	325	358	209	448	248	341	375	624	823	2127	618	387	501
	678.495728	1014	1282	641	718	680	614	547	585	771	1069	1008	1075	1748	1642	1614	1369	1228	1110	1278	1097	825	699	903	813	763	755	768	493	2077	2128	2041	1175	1291	2513	3852	3895	1979	686	611	1428	1592	1544	777	794	742	1255	1203	1292	1441	268	291	190	192	385	343	651	807	846	485	912	72	240	194	16	22	43	78	20	2277	2237	1265	332	672	558	1198	1138	490	756	677	1523	1577	1096	1224	2381	1092	1099	1417	1163	627	572	487	412	213	180	304	168	981	1274	2128	555	730	1306	1163	826	1315	490	892	289	338	1033	1267	316	350	218	398	291	331	342	617	801	2043	690	381	508
	679.798584	1050	1290	644	651	672	584	580	613	753	1023	1089	1137	1728	1696	1559	1376	1279	1111	1293	1169	807	689	877	829	771	758	651	485	2156	2039	2139	1144	1308	2466	3830	3777	2019	674	673	1382	1631	1529	775	803	761	1297	1066	1253	1435	259	326	199	182	335	337	662	725	817	482	931	67	225	162	22	41	50	62	25	2218	2136	1203	361	712	585	1202	1083	497	761	625	1561	1546	1113	1198	2388	1041	1076	1452	1167	627	555	462	414	234	188	318	117	1096	1269	2127	468	745	1298	1110	882	1239	470	890	257	304	1152	1199	311	327	225	441	278	277	336	586	743	2105	645	412	507
	681.102112	1048	1341	603	664	686	587	580	614	764	1085	1025	1187	1704	1641	1483	1324	1323	1072	1178	1162	779	635	854	749	768	725	712	481	2014	2083	1934	1148	1371	2513	3833	3646	2023	628	629	1375	1611	1518	772	820	788	1233	1160	1305	1376	275	282	163	181	358	344	692	673	804	482	902	56	256	161	8	33	40	35	28	2181	2147	1208	415	699	568	1201	992	502	686	591	1488	1565	1075	1235	2277	1063	1096	1404	1183	610	533	449	399	231	160	287	114	1102	1290	2091	487	769	1272	1091	860	1324	484	864	278	308	979	1225	330	382	231	430	266	331	375	604	788	2076	653	439	444
	682.406006	1048	1247	659	687	683	613	549	549	727	982	1023	1066	1727	1680	1457	1327	1343	1152	1201	1067	823	707	874	793	716	738	674	467	2112	2095	1978	1199	1308	2379	3849	3709	1934	710	605	1355	1524	1410	776	800	823	1249	1113	1279	1417	270	282	169	195	368	329	640	692	784	505	928	72	246	166	10	28	47	49	28	2280	2004	1311	326	654	510	1144	1100	519	694	641	1551	1430	1077	1264	2228	1065	1102	1355	1157	677	584	461	419	220	173	307	146	1004	1279	2023	459	796	1226	1068	878	1201	475	884	285	300	1020	1171	320	364	217	431	307	312	379	637	750	2085	658	397	465
	683.710388	1083	1250	613	639	661	536	532	578	733	1036	1012	1059	1683	1623	1550	1383	1238	1113	1277	1116	822	645	873	806	723	693	706	471	2115	2009	2001	1223	1283	2557	3693	3630	1938	647	626	1367	1574	1494	808	783	791	1199	1122	1250	1422	254	303	200	204	351	343	655	747	864	494	923	68	238	167	25	46	41	44	26	2143	2148	1237	358	668	597	1166	1075	469	676	628	1501	1535	1058	1226	2329	1039	1051	1403	1227	621	538	455	404	215	196	325	137	1120	1261	1930	477	752	1372	1113	825	1236	447	877	283	291	1065	1116	302	335	209	399	288	281	332	577	759	2028	605	414	415
	685.01532	1035	1240	631	650	686	585	528	540	796	1061	1045	1114	1651	1562	1404	1273	1236	1026	1217	1083	841	645	792	779	676	701	675	433	2099	1942	1911	1143	1259	2456	3791	3578	1981	680	621	1429	1539	1478	808	787	744	1176	1035	1220	1316	260	290	177	156	346	292	665	665	803	466	902	63	250	163	15	31	61	46	56	2139	2086	1160	343	676	575	1136	1025	474	649	609	1531	1505	1072	1173	2235	1047	1077	1403	1174	593	548	423	379	195	179	274	131	999	1203	2021	535	706	1201	1141	798	1205	441	765	284	304	1064	1158	325	320	204	434	265	299	378	617	797	2036	626	411	407
	686.320679	952	1283	618	641	695	549	524	518	680	947	987	1053	1626	1545	1447	1300	1258	1022	1190	1170	747	637	868	763	734	687	675	435	1906	1977	1972	1096	1236	2422	3635	3613	1892	656	636	1240	1529	1465	764	744	716	1183	1016	1219	1346	265	279	169	187	356	310	679	675	781	453	858	69	201	162	13	42	41	42	46	2163	1984	1195	346	622	550	1124	1104	493	688	590	1521	1481	1101	1189	2188	1062	1108	1294	1106	592	540	420	430	227	198	314	137	981	1192	1990	523	654	1215	1028	805	1206	414	792	243	303	979	1094	320	328	195	390	224	267	333	543	780	2069	633	453	448
	687.626526	949	1220	602	607	705	540	554	505	652	977	943	1022	1587	1498	1435	1249	1199	1050	1142	1053	767	636	847	776	676	729	655	476	1972	1900	1798	1105	1223	2331	3524	3393	1838	651	592	1251	1481	1405	688	763	713	1236	1087	1222	1281	283	284	161	155	327	310	599	701	820	444	883	82	224	179	24	14	51	45	27	2064	1997	1125	369	672	596	1132	1019	412	644	657	1436	1351	1008	1212	2207	997	991	1357	1086	628	541	422	365	225	178	316	123	959	1167	1953	472	728	1231	1043	802	1201	462	770	319	337	947	1083	302	294	201	381	241	303	374	559	819	1988	655	392	426
	688.9328	914	1262	560	635	670	566	527	592	709	1033	966	1064	1580	1546	1460	1264	1147	1017	1182	1078	775	596	816	735	660	659	676	431	1938	1948	1809	1088	1184	2315	3322	3311	1852	674	582	1341	1473	1438	703	745	776	1221	1066	1147	1295	231	275	172	146	335	293	605	648	762	450	772	61	216	140	24	17	62	78	18	2043	1907	1073	359	624	572	1119	1001	473	616	566	1465	1395	1024	1192	2105	944	1102	1276	1091	608	554	412	377	202	210	290	122	980	1127	1881	456	692	1239	1073	803	1143	449	748	296	332	951	1179	303	308	212	408	254	272	357	627	695	2024	650	401	438
	690.239624	988	1151	576	578	631	556	531	514	661	914	971	1039	1523	1448	1426	1242	1126	1050	1112	1074	740	586	798	684	624	708	637	448	1875	1833	1869	1047	1152	2268	3281	3357	1790	638	591	1297	1513	1337	676	683	686	1096	908	1174	1259	213	292	190	167	341	289	583	635	709	444	824	64	202	167	15	41	35	53	30	2023	1935	1180	345	638	541	1053	1003	466	640	568	1394	1331	1024	1111	2070	928	958	1299	1062	570	560	437	362	215	151	264	148	1023	1196	1822	479	652	1201	994	808	1121	419	750	262	252	985	1093	258	302	205	383	228	302	306	567	688	1861	604	342	422
	691.546875	873	1166	584	582	648	537	527	549	663	969	874	1016	1547	1443	1397	1185	1190	1016	1112	1009	673	612	715	700	626	657	633	404	1879	1827	1819	1017	1198	2162	3243	3222	1631	633	531	1254	1386	1310	677	716	691	1191	1039	1145	1231	230	256	198	181	318	327	646	635	733	405	818	72	200	140	5	33	35	30	41	1956	1844	1082	344	620	553	995	932	452	588	632	1423	1328	1011	1134	2085	899	1063	1272	1003	591	491	386	346	223	124	246	124	964	1065	1827	484	657	1150	996	785	1107	419	738	273	317	940	1110	307	279	191	444	238	274	329	529	690	1879	611	390	425
	692.854614	912	1190	552	590	582	534	489	493	654	958	898	961	1501	1460	1337	1194	1082	962	1029	1025	677	546	887	722	686	703	594	396	1858	1814	1824	1104	1149	2157	3174	3136	1727	627	483	1222	1365	1315	678	708	647	1101	987	1174	1294	241	269	149	154	288	290	614	657	777	420	779	70	178	144	17	46	44	36	38	1928	1878	1109	297	593	499	1089	1059	483	574	564	1343	1321	954	1096	2025	951	997	1253	1018	565	504	387	305	170	169	293	123	924	1121	1763	465	638	1177	978	801	1125	432	753	282	270	905	1133	304	307	148	364	199	281	325	577	693	1860	611	359	420
	694.162781	914	1114	525	545	605	533	490	488	702	880	871	910	1493	1449	1358	1160	1151	991	1061	1017	695	553	775	677	642	669	614	393	1891	1819	1842	1065	1124	2060	3148	3127	1721	574	527	1192	1392	1321	675	695	658	1114	1005	1138	1222	238	272	157	156	292	251	535	578	690	400	753	64	218	129	5	41	62	52	38	1897	1801	1021	308	562	530	1019	973	419	600	524	1349	1352	974	1097	1991	949	930	1236	1014	537	481	384	350	137	188	280	152	927	1067	1738	443	659	1097	943	777	1071	404	762	285	288	884	1045	284	296	153	360	220	278	280	487	680	1810	556	373	387
	695.471619	858	1157	572	541	576	512	484	492	578	891	934	847	1429	1417	1414	1217	1079	930	1061	948	740	598	692	647	689	596	592	399	1755	1767	1800	1006	1156	2098	3030	3065	1726	568	544	1211	1349	1332	632	662	684	1092	996	1103	1217	213	250	181	164	312	282	538	636	696	417	752	66	178	148	31	27	49	55	30	1853	1764	974	306	579	530	1068	970	463	585	568	1384	1374	983	1103	2001	906	927	1246	966	545	459	360	350	180	156	263	101	933	1149	1734	511	648	1144	963	780	1034	384	730	272	286	911	1049	267	272	157	352	203	257	318	523	683	1857	568	395	428
	696.780823	894	1124	514	551	580	540	495	533	587	898	866	941	1410	1454	1295	1158	1091	935	1101	941	609	507	699	676	633	646	608	410	1778	1798	1718	988	1064	2099	3025	2956	1664	591	528	1117	1390	1266	634	667	669	1110	941	1106	1168	269	234	184	162	308	261	561	614	646	404	758	64	214	147	13	45	36	51	27	1838	1817	1025	311	592	521	1009	953	456	603	516	1355	1250	897	1057	1947	865	900	1210	981	563	510	353	318	188	157	267	104	868	1016	1626	463	623	1079	974	738	1070	406	702	264	283	934	982	284	276	193	370	220	271	285	524	623	1778	549	360	370
	698.090515	869	1077	575	518	548	491	446	491	625	796	873	883	1366	1324	1239	1102	1085	968	1014	942	657	568	710	708	626	627	604	460	1747	1670	1697	1052	1072	1939	3039	2947	1617	569	490	1163	1278	1239	608	670	641	1019	958	1073	1145	185	292	171	164	292	236	548	580	617	363	704	71	197	153	21	38	48	48	16	1802	1706	1000	276	598	503	994	935	438	553	544	1296	1273	930	1071	1961	848	938	1204	921	499	495	376	346	198	161	234	96	904	1037	1658	447	598	1101	948	675	1035	375	716	247	281	859	1033	318	300	173	327	228	263	321	539	654	1804	561	342	392
	699.400574	793	1064	491	549	577	501	488	497	651	852	845	914	1377	1342	1273	1086	1061	936	1069	942	590	496	728	693	582	656	541	402	1683	1698	1612	973	1036	1947	2986	2924	1583	570	548	1147	1293	1262	586	645	662	1065	907	1113	1210	216	213	143	152	270	261	550	594	657	413	726	35	182	116	5	41	32	53	19	1759	1625	987	297	595	486	956	927	434	567	521	1260	1242	856	1019	1894	826	921	1127	891	533	460	326	313	175	183	248	110	881	1076	1605	454	560	1033	914	666	976	361	696	262	278	907	967	215	272	178	367	232	281	295	564	630	1646	555	370	386
	700.711304	811	1030	512	516	547	501	453	491	642	847	796	888	1326	1269	1276	1158	1094	964	1026	959	645	551	660	693	537	571	589	407	1647	1587	1626	1058	1061	1879	2896	2829	1575	571	508	1169	1243	1234	649	705	610	1090	911	1038	1169	222	246	133	166	256	274	525	591	627	355	707	45	174	139	-4	31	42	75	22	1711	1695	978	295	547	459	958	919	384	577	490	1255	1303	899	1052	1867	836	859	1169	938	523	445	380	329	157	151	233	115	896	1052	1576	429	613	994	926	725	954	356	665	245	282	827	993	253	271	129	345	236	242	273	550	619	1752	552	361	414
	702.0224	815	1069	532	523	542	461	506	435	643	824	839	865	1346	1263	1208	1082	1039	898	929	881	647	567	645	620	552	591	545	335	1631	1639	1621	1016	989	1908	2855	2832	1603	572	500	1137	1182	1172	646	639	609	974	858	1069	1102	189	259	170	164	297	228	554	606	606	369	730	44	184	108	24	19	25	22	24	1702	1567	941	319	542	498	971	879	456	573	478	1260	1265	863	921	1880	790	838	1105	923	482	452	370	320	168	126	216	116	790	1082	1541	416	646	1033	872	762	941	364	684	233	268	799	930	246	261	164	343	187	260	268	506	603	1696	526	321	329
	703.333984	811	1030	488	533	526	518	451	457	646	825	832	832	1390	1315	1238	1122	1001	899	1032	924	581	526	643	633	593	589	503	377	1586	1610	1569	996	1035	1864	2880	2648	1617	603	491	1161	1227	1141	595	651	609	1049	858	988	1185	223	240	136	128	295	274	533	590	600	381	626	56	184	114	20	24	41	65	32	1700	1534	908	292	535	464	958	904	420	529	492	1203	1166	864	1008	1796	791	873	1155	915	518	398	358	292	182	170	243	129	853	1034	1585	414	549	1029	836	685	937	370	638	257	259	801	933	242	250	157	316	222	239	281	498	591	1705	552	362	376
	704.646118	785	1044	489	462	551	456	497	485	566	817	840	856	1315	1295	1266	1108	954	892	985	882	647	514	649	611	557	562	562	380	1634	1570	1597	876	983	1947	2779	2635	1512	542	422	1080	1259	1168	594	632	575	1055	851	971	1110	190	216	131	160	266	238	564	556	598	391	660	55	156	115	12	23	24	36	22	1602	1512	917	278	530	424	900	865	408	517	542	1222	1142	792	1003	1738	801	887	1120	874	487	430	404	320	149	143	231	123	826	1005	1516	385	564	1046	882	656	991	346	731	259	282	785	964	233	251	141	373	216	239	257	472	564	1595	509	361	370
	705.958618	838	1030	487	490	582	492	464	457	576	827	834	895	1316	1293	1264	1054	985	894	922	865	615	457	682	603	556	569	522	392	1602	1651	1616	972	956	1959	2785	2697	1547	517	468	1067	1248	1132	618	614	576	946	896	996	1148	199	213	141	129	274	254	547	605	597	358	727	28	140	103	16	28	21	39	27	1613	1570	862	274	531	456	895	820	418	562	482	1203	1185	851	981	1749	807	892	1137	935	456	364	380	299	172	160	265	122	848	987	1535	426	564	1052	869	692	957	394	709	239	266	822	954	284	251	148	306	222	225	274	450	612	1582	503	336	373
	707.271729	781	1038	478	527	531	480	497	469	597	790	771	822	1261	1219	1121	1082	1011	908	888	943	691	521	634	610	596	619	521	399	1544	1551	1551	970	978	1840	2745	2743	1475	537	444	1159	1193	1086	601	591	619	1049	875	1004	1127	204	192	154	181	263	264	573	535	614	394	699	68	176	112	1	32	31	31	16	1545	1516	885	305	525	435	873	809	378	545	507	1142	1198	786	956	1690	799	852	1174	900	474	417	346	293	129	137	221	107	768	949	1511	391	579	986	909	682	918	370	664	249	262	843	944	223	285	139	321	223	209	255	445	621	1632	536	324	324
	708.585205	856	1045	501	484	483	407	468	451	556	820	813	830	1303	1283	1175	982	1025	899	864	821	603	456	645	614	547	534	482	352	1594	1520	1533	980	964	1795	2760	2674	1483	544	435	1130	1218	1083	557	632	564	977	868	973	1105	208	218	163	162	259	252	546	579	597	370	673	49	182	111	23	32	51	29	9	1535	1501	889	276	506	465	918	846	402	532	520	1138	1098	788	880	1777	814	832	1104	899	479	416	378	305	158	174	246	99	800	952	1448	444	586	1050	881	695	964	366	632	231	256	810	947	226	246	156	336	258	244	277	448	572	1582	568	330	339
	709.89917	799	968	491	532	523	432	435	487	559	789	803	797	1343	1216	1281	991	974	881	969	925	645	533	658	628	521	551	496	345	1623	1601	1531	920	951	1809	2701	2630	1587	533	437	1108	1176	1135	606	566	603	969	823	973	1174	204	281	154	145	266	275	498	566	590	345	643	62	160	74	-12	35	17	38	31	1518	1467	951	240	538	458	891	817	375	542	507	1129	1151	827	917	1734	804	885	1065	869	489	443	339	303	172	153	210	109	762	920	1462	412	539	1016	843	671	945	364	613	236	250	815	972	244	246	189	308	212	267	258	476	567	1565	498	366	326
	711.213684	764	1031	490	532	525	444	407	444	576	771	818	827	1283	1301	1159	1046	997	840	952	835	614	458	603	590	549	581	495	334	1556	1516	1505	957	937	1795	2651	2641	1483	505	428	1077	1143	1078	603	609	537	1052	876	992	1138	173	223	139	106	305	259	496	568	582	375	620	58	112	106	6	35	39	50	20	1452	1457	927	288	515	460	895	832	414	487	553	1185	1114	803	899	1661	795	878	1115	833	486	417	369	323	168	147	250	94	809	948	1310	439	612	1036	828	675	898	306	671	201	210	798	873	217	235	163	312	223	220	258	502	581	1435	499	365	334
	712.528625	774	1015	469	503	494	435	447	432	571	761	795	817	1259	1208	1186	1069	961	880	909	853	610	487	616	590	493	550	504	336	1563	1591	1561	881	873	1770	2514	2514	1381	493	446	1066	1138	1087	559	614	483	973	846	970	1096	190	192	147	159	284	251	511	607	572	335	628	63	142	114	17	38	41	62	11	1568	1499	836	249	556	419	884	841	380	493	476	1198	1123	760	917	1773	844	819	1101	853	462	392	304	288	160	132	216	144	776	959	1475	422	535	999	851	647	902	317	605	233	254	799	915	235	236	155	299	216	219	267	500	573	1571	529	343	343
	713.844116	763	996	476	498	523	439	428	451	531	760	707	779	1195	1207	1107	956	970	794	893	858	682	463	613	542	574	541	514	374	1557	1519	1562	915	912	1702	2565	2559	1426	505	461	1032	1075	1113	548	558	569	899	835	978	1010	202	208	143	152	262	216	527	559	579	338	601	57	164	122	6	17	30	36	6	1556	1471	893	257	487	448	842	806	374	520	468	1145	1077	755	959	1777	747	834	1000	836	446	382	305	326	142	135	248	114	756	906	1380	384	546	1026	790	682	922	343	599	227	247	729	865	228	248	157	306	179	244	243	442	533	1543	557	334	353
	715.159973	760	1048	485	515	511	445	395	395	511	729	729	745	1221	1196	1095	905	973	837	898	797	532	488	584	542	502	510	512	343	1553	1485	1475	910	838	1633	2433	2378	1360	481	447	1035	1087	1116	585	527	568	921	817	959	1092	181	221	127	146	241	213	490	548	530	334	590	60	145	111	28	8	24	32	13	1436	1457	835	249	486	438	785	770	426	499	456	1130	1052	779	959	1671	782	830	1028	837	490	376	290	292	148	140	202	114	718	965	1350	396	536	941	797	721	925	327	571	226	241	742	855	227	228	146	326	231	221	269	438	492	1582	493	289	317
	716.476379	712	965	413	514	443	399	400	430	556	823	686	761	1233	1139	1193	959	918	834	856	797	580	443	615	616	506	527	485	361	1580	1409	1407	827	901	1677	2388	2290	1393	504	419	1067	1099	1082	512	537	506	992	834	892	1056	188	197	135	146	234	242	509	577	538	349	614	43	118	94	22	33	47	40	28	1539	1483	835	260	485	459	864	787	395	506	433	1120	1047	815	860	1583	682	787	993	724	425	377	332	292	159	146	189	88	744	873	1304	393	566	893	729	625	887	339	578	245	219	700	857	249	240	187	292	229	252	226	444	542	1575	488	332	316
	717.793274	716	950	463	467	499	448	428	395	541	741	675	787	1223	1170	1114	975	869	774	883	770	574	448	516	545	504	453	470	339	1475	1465	1402	854	852	1663	2460	2379	1425	495	419	1022	1033	1049	522	575	488	908	785	936	1071	191	223	117	165	251	212	521	607	538	354	637	53	121	105	20	32	31	36	21	1510	1445	828	290	516	426	876	744	338	453	478	1051	1023	719	893	1548	750	759	999	768	439	379	299	283	136	126	211	102	722	824	1312	396	578	962	785	610	966	327	599	206	247	694	835	210	249	161	297	191	227	240	424	514	1470	494	324	343
	719.110718	692	881	454	465	457	406	367	373	481	690	696	710	1149	1104	1057	863	877	779	815	811	580	444	580	546	466	457	478	352	1535	1461	1381	837	829	1565	2373	2307	1337	458	385	993	1087	979	525	549	481	940	860	881	1000	203	206	132	136	221	203	483	516	529	316	579	52	128	96	10	40	12	31	15	1519	1453	843	269	494	405	865	750	341	478	444	1095	1008	701	892	1662	819	725	992	757	439	383	333	287	143	125	187	116	717	874	1243	399	485	881	728	627	871	326	552	191	233	742	762	196	225	147	326	234	231	233	388	501	1452	464	289	301
	720.428528	682	892	455	468	414	396	401	334	481	703	646	765	1181	1141	1076	938	851	796	897	860	499	417	637	540	487	453	440	281	1385	1413	1463	839	840	1564	2343	2287	1337	471	370	990	1017	917	514	521	573	909	819	910	1047	192	209	125	157	235	233	496	512	540	314	559	56	142	114	13	33	29	31	24	1509	1404	776	267	472	392	808	747	346	454	475	1041	1017	704	803	1600	673	756	968	692	429	371	294	278	175	111	227	102	711	877	1202	433	514	937	798	670	903	309	557	211	218	694	780	226	239	137	282	194	209	260	460	521	1496	479	260	303
	721.746826	663	963	427	492	472	437	400	379	477	699	688	730	1177	1143	1083	913	852	800	882	805	534	425	575	541	483	454	478	337	1421	1488	1337	887	801	1525	2237	2271	1359	484	399	1004	965	1021	520	493	505	899	707	872	1015	180	209	133	135	222	238	515	508	559	295	562	27	135	85	6	35	42	48	16	1555	1397	821	265	462	407	814	737	343	493	445	1022	1009	690	884	1512	699	786	893	716	407	401	287	262	158	100	168	103	731	827	1226	369	519	877	762	620	925	306	604	222	190	736	818	190	196	127	275	192	247	227	426	509	1391	476	295	269
	723.065613	709	880	397	435	422	424	386	376	525	719	739	666	1115	1087	1008	927	831	793	828	798	532	426	528	485	431	465	416	283	1413	1372	1355	793	777	1564	2085	2160	1297	470	395	1022	1010	961	525	502	490	893	796	899	1059	198	182	150	138	217	195	512	580	519	305	583	39	113	95	10	21	20	52	-5	1506	1369	787	236	477	394	768	765	350	448	438	1020	982	669	796	1575	699	733	916	707	429	384	307	248	135	146	198	63	698	823	1242	352	519	873	721	632	914	332	569	174	191	690	849	218	226	163	249	190	192	219	423	520	1374	448	316	319
	724.384888	687	912	404	434	422	392	364	386	510	661	660	730	1165	1083	1084	898	871	735	762	840	492	436	573	517	473	472	437	309	1405	1378	1306	841	846	1504	2170	2259	1302	490	379	1009	998	978	506	511	455	875	798	840	1026	165	188	118	117	260	219	505	563	471	286	576	51	130	99	13	22	22	36	-7	1475	1329	793	243	456	400	813	737	335	456	437	987	964	738	820	1491	665	738	931	745	417	373	319	257	153	113	163	72	714	840	1203	347	519	870	735	632	836	315	528	194	214	722	782	190	205	170	259	219	223	229	432	465	1411	450	304	325
	725.704712	683	887	425	421	449	420	407	387	495	692	658	669	1107	1169	1072	918	808	694	801	855	547	368	549	492	450	449	426	302	1397	1374	1289	798	786	1497	2121	2068	1281	443	383	1020	996	981	549	492	528	883	815	864	1056	204	198	131	143	216	188	496	514	487	319	567	43	127	115	11	11	37	46	24	1509	1353	766	233	527	440	728	703	372	493	435	1003	935	689	837	1498	675	712	929	736	417	329	309	262	170	130	197	95	713	808	1205	333	516	831	743	590	856	305	547	188	230	714	800	224	177	116	256	167	219	232	390	471	1371	434	285	327
	727.024902	706	863	460	467	432	410	360	403	468	654	670	713	1054	1032	1064	911	800	790	785	697	528	431	547	556	469	489	434	285	1402	1310	1363	785	763	1498	2152	2156	1308	502	339	940	971	1022	506	524	467	883	777	849	958	150	192	116	124	232	226	472	519	481	291	554	45	134	93	21	7	28	44	11	1436	1303	780	215	420	375	808	684	378	492	478	1032	987	658	792	1487	706	696	949	692	418	392	313	231	137	135	182	110	649	835	1192	418	479	829	749	603	867	280	520	197	195	633	769	191	206	170	218	174	191	188	410	473	1345	460	285	304
	728.345581	687	874	440	424	417	372	351	387	460	648	685	667	1078	1137	1061	889	829	743	810	795	568	393	537	539	461	443	502	303	1377	1376	1428	814	766	1447	2174	2137	1250	474	466	1011	1028	925	500	535	490	926	803	895	1027	142	205	135	133	238	205	488	538	480	264	589	39	135	118	17	18	21	55	15	1457	1346	770	241	434	408	713	633	315	450	437	1026	970	600	782	1451	694	731	901	709	374	398	298	276	122	105	200	103	763	852	1220	363	486	871	745	627	873	342	567	184	234	659	780	195	213	144	271	233	198	231	409	440	1296	452	331	296
	729.666687	668	840	471	436	407	400	394	372	476	662	619	677	1076	1096	1100	953	855	756	768	781	506	410	523	506	430	444	437	305	1363	1355	1285	779	766	1594	2102	2108	1240	418	396	968	952	942	527	514	483	864	731	855	932	191	188	140	145	196	189	522	514	522	289	575	6	114	93	10	43	45	49	24	1442	1313	790	232	485	377	742	712	331	394	427	947	974	656	781	1476	689	712	1001	690	402	389	300	251	138	130	156	91	693	792	1190	408	518	852	790	570	847	279	601	167	182	648	739	206	223	154	269	178	181	249	384	418	1245	432	293	314
	730.988525	683	895	404	447	442	403	325	413	443	669	589	677	1100	1077	1053	814	823	763	786	784	518	388	523	493	437	444	422	273	1356	1384	1347	818	756	1565	2066	2101	1225	472	390	1010	997	969	520	501	513	863	803	848	926	170	186	141	128	230	206	516	596	501	305	569	29	119	87	12	18	27	31	15	1368	1309	724	238	450	373	769	637	319	492	392	993	970	690	859	1477	636	724	973	676	420	406	271	236	159	110	150	94	692	800	1176	373	469	865	714	655	861	307	536	201	209	658	798	205	227	118	260	180	184	204	365	474	1226	453	289	291
	732.31073	633	851	396	444	404	364	295	351	440	628	643	653	1037	1051	970	836	835	770	800	796	476	387	494	565	416	479	404	288	1362	1267	1324	816	724	1515	2028	1971	1208	405	394	908	1021	1002	499	520	484	841	737	819	1028	164	186	143	124	200	174	530	554	484	276	593	40	128	128	11	20	29	32	17	1384	1298	729	234	454	435	682	681	310	463	417	937	928	684	739	1558	680	669	870	712	431	386	246	287	136	86	164	95	735	799	1123	430	502	814	681	599	809	288	566	203	215	642	713	208	198	160	250	185	182	217	399	432	1298	483	299	258
	733.633301	658	878	444	431	391	365	343	371	443	583	604	663	1052	1032	986	832	755	687	759	712	474	384	491	488	445	450	397	302	1342	1307	1266	808	761	1460	2045	1930	1170	447	370	941	977	963	484	472	479	857	788	840	1008	184	181	132	137	237	183	462	512	469	286	546	65	106	103	18	18	9	42	30	1364	1287	713	230	455	398	743	660	307	452	392	1034	921	641	781	1334	653	641	912	699	415	347	232	250	139	132	174	111	700	782	1143	386	506	858	768	570	770	285	559	207	209	644	711	202	195	144	280	185	211	190	380	435	1170	402	277	278
	734.956421	683	871	411	462	406	374	326	333	472	591	623	619	1087	1004	966	865	758	687	761	711	513	385	482	527	423	424	427	296	1321	1291	1232	767	707	1408	1936	2011	1229	438	366	890	942	841	449	470	428	786	773	810	947	183	181	147	130	225	210	481	471	476	278	563	40	116	108	22	20	17	34	-2	1340	1277	668	252	423	396	671	635	318	426	367	927	957	640	787	1426	610	644	891	706	405	360	230	224	140	97	197	105	601	789	1121	355	507	839	693	563	760	288	503	200	215	596	686	180	203	142	269	206	209	198	377	466	1239	418	290	260
	736.280029	564	801	385	407	409	334	289	320	410	601	577	640	968	1023	978	819	761	722	768	729	438	397	493	450	398	451	425	289	1290	1234	1223	777	693	1377	1940	1926	1203	417	390	857	906	873	498	427	479	844	714	808	898	159	167	97	121	209	178	492	527	432	300	513	30	135	100	20	7	13	24	22	1382	1237	714	209	437	368	741	619	310	421	440	898	903	626	776	1354	660	645	872	666	371	347	244	242	152	122	190	83	619	802	1064	358	501	809	698	557	830	305	506	193	171	599	675	184	182	139	242	169	225	208	371	439	1246	442	287	267
	737.604126	596	797	365	404	406	336	309	323	421	657	585	603	965	1020	924	793	724	683	730	714	503	378	471	481	431	386	373	286	1235	1160	1275	711	691	1341	1878	1861	1138	424	319	949	989	895	466	465	418	862	714	804	955	163	168	132	126	217	192	472	520	443	258	522	45	98	100	2	19	27	19	36	1285	1262	672	208	409	353	658	656	306	409	408	877	873	602	774	1311	623	637	816	620	354	306	275	265	134	110	206	95	650	812	1063	354	530	757	633	569	812	294	497	193	209	602	735	149	190	126	249	205	168	211	340	388	1192	426	254	243
	738.928589	610	789	392	380	389	342	305	341	417	566	555	648	979	916	963	761	784	665	710	710	518	343	431	481	416	392	397	283	1277	1171	1171	822	672	1357	1814	1878	1200	369	357	818	835	877	460	407	402	839	661	789	843	159	153	106	121	194	190	467	512	412	236	511	31	122	93	9	37	21	31	-3	1295	1210	629	206	400	343	684	687	307	394	363	829	890	599	713	1362	604	636	902	635	354	343	301	221	137	104	139	95	580	789	990	348	473	665	736	508	712	293	515	217	173	662	678	189	163	116	236	183	157	208	347	443	1103	387	266	259
	740.253723	595	841	378	387	379	302	307	322	415	533	525	572	992	945	930	824	728	675	733	702	460	342	479	476	447	400	350	245	1227	1183	1182	693	683	1301	1806	1728	1071	446	341	852	791	919	448	420	417	813	643	785	832	181	172	115	106	192	174	413	503	401	270	464	41	98	79	9	2	25	40	18	1199	1243	679	203	440	385	691	639	294	381	394	885	866	572	722	1331	627	617	859	588	371	292	265	254	112	109	156	77	597	703	978	350	476	727	594	545	768	297	489	149	199	595	725	169	191	109	238	141	214	202	366	411	1134	383	279	220
	741.579224	563	815	374	393	382	294	330	328	390	524	550	577	996	850	910	774	720	677	716	729	428	315	437	430	418	389	371	246	1211	1153	1227	691	590	1194	1759	1784	1138	399	367	917	883	819	451	455	396	773	694	768	907	183	183	118	126	203	188	448	520	426	273	493	24	90	70	17	12	39	29	19	1191	1224	591	196	389	315	632	617	283	413	368	874	913	558	664	1323	595	592	894	656	384	320	211	226	85	108	163	82	532	672	942	358	449	689	669	567	721	282	488	199	186	594	696	174	192	133	217	187	193	211	370	426	1107	399	305	247
	742.905212	574	900	360	378	361	344	308	307	384	538	551	543	929	896	865	777	686	626	730	632	448	334	376	406	403	382	362	266	1184	1136	1163	720	646	1198	1671	1700	1080	388	315	837	752	854	424	466	394	778	638	720	862	145	145	121	127	206	181	457	455	416	254	415	43	93	83	12	19	34	44	27	1187	1184	642	219	399	321	690	608	294	388	396	931	898	533	714	1248	542	599	827	596	373	336	234	218	130	106	155	80	562	725	996	335	432	732	647	506	704	265	459	180	179	581	701	171	181	96	270	168	198	203	336	422	1010	394	246	273
	744.231689	592	763	328	394	306	305	286	316	379	547	557	602	927	893	913	748	714	629	689	654	414	326	455	431	395	351	352	259	1092	1127	1180	721	610	1191	1668	1633	1025	389	305	784	807	773	411	408	375	786	659	691	856	161	164	117	103	184	157	377	446	391	234	450	45	106	88	-19	9	35	31	15	1231	1161	616	171	398	349	658	609	299	374	380	843	876	572	633	1203	584	588	755	545	341	335	209	225	106	90	162	97	576	681	937	333	391	711	563	513	755	275	477	184	194	618	688	157	191	111	223	148	167	193	323	392	1042	384	239	229
	745.558716	524	733	340	344	367	311	329	268	407	530	524	536	911	872	844	704	752	575	742	641	450	352	372	380	385	364	338	260	1151	1099	1118	704	624	1168	1646	1614	1019	382	321	763	796	774	398	393	392	753	644	695	856	156	139	101	123	190	189	442	487	385	247	476	11	69	75	11	8	26	28	2	1150	1101	627	182	417	331	616	604	272	343	348	857	845	504	630	1289	592	572	862	531	328	340	257	187	119	95	132	73	531	733	922	326	434	701	614	485	714	280	471	202	179	588	629	160	183	105	214	165	182	185	322	411	979	345	260	230
	746.886108	554	687	334	343	351	302	290	299	400	534	584	558	875	850	829	726	703	627	637	667	415	319	406	422	398	322	343	243	1037	1070	1071	667	604	1146	1571	1646	1097	374	353	822	789	821	359	387	376	769	629	702	816	149	141	118	129	177	161	390	442	374	243	448	52	73	69	10	-5	34	20	-8	1152	1136	638	203	389	360	563	578	295	392	358	807	828	512	612	1207	559	526	783	503	380	287	246	248	97	113	144	72	558	734	906	302	396	632	592	479	645	296	455	174	173	533	603	167	188	109	221	166	174	159	359	392	1020	365	226	260
	748.213989	552	695	372	347	360	271	295	298	398	511	525	560	870	824	819	673	697	576	577	665	418	301	386	396	396	376	314	247	970	1041	1037	670	601	1197	1547	1652	944	381	294	799	717	749	368	358	361	702	595	693	782	146	175	105	111	155	145	405	437	356	245	444	30	88	86	19	9	9	45	16	1117	1076	589	205	389	343	623	628	324	386	364	808	809	535	619	1154	546	530	741	516	328	331	242	212	98	100	159	75	541	677	871	340	413	642	599	489	687	249	437	172	145	523	611	156	177	108	208	149	186	170	314	392	1047	378	266	242
	749.542419	529	660	336	346	373	314	288	251	360	517	450	563	852	807	820	709	673	613	585	648	386	300	325	383	361	295	319	229	1052	1076	1013	662	551	1067	1557	1541	1029	393	320	773	827	787	373	395	328	682	596	649	774	128	163	106	94	179	159	395	461	399	236	387	36	71	78	6	12	23	41	8	1056	1050	558	177	420	310	590	574	269	363	342	796	816	486	627	1126	552	497	782	519	332	264	224	179	120	96	147	94	529	666	838	304	390	675	548	506	652	268	459	149	207	512	585	151	161	110	218	156	158	156	303	361	963	366	246	195
	750.871277	537	670	305	344	325	303	289	294	359	493	470	552	837	833	750	671	671	579	618	559	414	308	370	376	315	316	328	233	978	1002	986	574	557	1048	1502	1508	991	400	316	773	783	677	408	346	365	637	599	647	777	157	143	102	90	184	143	422	425	332	208	376	40	66	82	9	19	16	27	11	1067	983	534	183	403	338	527	599	256	348	340	742	690	507	566	1069	529	514	762	528	356	287	207	193	102	85	143	60	512	695	792	237	361	610	512	453	646	244	430	128	136	519	546	166	178	93	221	157	151	137	337	381	951	372	212	206
	752.200623	540	650	327	344	324	278	248	283	350	476	508	526	806	801	798	703	625	603	635	576	396	273	378	370	314	319	304	236	1009	966	968	583	534	1031	1417	1438	936	352	300	758	716	750	384	350	342	647	574	625	745	124	142	91	96	166	138	366	411	389	203	386	24	83	46	5	14	6	17	25	1028	957	608	176	333	315	539	574	284	366	355	729	758	456	564	1072	514	506	731	514	339	287	230	189	102	83	149	54	547	637	773	295	372	560	527	469	676	237	432	150	185	469	558	152	116	73	172	140	150	178	264	354	943	319	195	217
	753.530518	481	644	274	307	350	262	284	259	315	477	487	510	863	715	807	705	599	548	587	558	373	279	380	383	351	347	301	190	984	1017	957	580	531	1007	1402	1542	960	321	262	767	641	685	404	373	363	632	559	670	747	122	118	103	111	171	120	351	415	382	225	415	42	89	70	3	10	25	8	15	1016	977	529	172	320	299	506	539	230	322	378	761	700	481	571	1087	491	487	727	539	299	283	214	190	127	82	131	62	533	602	753	290	381	637	551	445	601	229	399	140	172	470	575	147	163	106	199	129	146	161	274	331	943	331	232	246
	754.860779	512	679	318	326	335	286	249	253	365	487	477	534	809	788	734	614	582	598	603	575	370	299	352	359	319	361	294	205	982	927	975	595	535	1077	1444	1409	976	311	288	778	722	721	345	322	345	624	573	628	763	146	142	95	102	168	122	374	452	370	208	366	37	76	86	12	18	18	47	11	1048	996	515	168	372	249	509	570	238	345	309	737	737	445	596	1044	473	528	766	480	328	289	221	215	94	104	152	61	480	688	748	273	388	630	573	475	596	256	418	160	172	490	580	133	146	76	224	144	159	133	279	365	834	311	211	213
	756.191589	484	690	302	290	267	284	270	269	369	496	454	466	778	716	724	640	616	555	588	590	376	230	320	324	346	331	299	221	1024	911	969	625	507	995	1347	1442	959	328	245	697	666	675	364	364	357	656	576	601	713	129	132	89	117	148	116	374	384	314	208	346	32	79	77	14	13	30	42	19	998	955	494	177	331	298	549	471	257	366	296	751	732	477	589	1125	479	474	743	486	323	296	192	192	101	90	143	57	495	575	753	278	407	608	531	418	633	229	428	168	160	426	554	138	142	98	195	132	145	143	319	343	883	328	226	250
	757.522888	512	668	291	299	295	238	247	268	373	469	443	496	794	727	750	582	595	540	531	530	396	281	342	332	330	319	266	203	961	940	901	550	536	979	1447	1355	866	270	293	692	699	669	356	330	351	635	534	596	763	134	133	115	96	167	139	393	395	313	221	353	19	76	79	1	8	5	21	19	981	964	520	185	350	325	513	548	250	312	313	690	684	468	520	1088	516	461	696	539	320	272	190	189	81	75	132	63	511	626	722	283	392	574	498	449	595	257	420	152	160	472	556	107	152	85	197	104	189	146	297	322	891	298	201	215
	758.854614	495	610	267	297	310	316	239	276	336	441	496	422	742	720	755	614	612	512	576	554	328	263	319	337	302	291	309	218	858	924	927	561	511	963	1335	1357	939	332	237	708	649	685	341	340	282	633	501	581	719	126	129	88	76	151	143	364	403	359	220	383	28	53	64	14	11	26	25	25	1038	997	518	154	329	304	537	531	287	309	312	734	730	435	532	1084	471	427	710	460	301	272	200	206	79	72	130	73	491	640	732	333	405	611	502	424	557	267	414	149	139	468	517	145	113	92	177	161	112	165	263	331	834	329	193	214
	760.18689	475	574	289	283	296	258	243	226	304	480	442	505	716	775	725	669	597	479	539	548	366	225	351	344	311	295	307	178	947	923	881	587	465	953	1401	1322	840	286	228	676	686	657	314	300	338	543	539	554	706	119	96	103	90	131	139	363	382	327	212	367	57	92	70	12	15	15	20	-4	943	829	464	172	331	288	474	474	271	300	334	641	659	437	479	1045	460	433	639	452	307	263	199	172	81	74	111	43	490	640	707	270	303	568	486	421	555	208	349	175	149	452	503	137	157	88	182	131	162	157	256	332	835	288	221	196
	761.519592	463	636	301	289	313	289	250	245	321	510	457	474	788	730	723	561	590	486	530	524	394	256	310	355	295	290	308	176	915	905	859	570	500	956	1294	1269	931	307	248	717	719	632	336	333	294	615	510	668	690	116	120	95	86	140	130	340	378	346	202	347	42	93	53	22	17	31	30	21	1045	944	504	168	317	269	478	505	232	318	340	674	713	411	524	1087	499	486	663	470	307	277	193	179	97	81	120	62	467	663	677	277	389	537	509	399	520	204	414	167	183	423	514	136	125	86	160	137	144	135	267	340	794	278	211	190
	762.852783	437	616	272	306	269	287	241	263	317	433	434	502	785	686	696	557	573	506	523	566	387	269	326	360	275	308	282	190	849	856	918	635	480	943	1291	1358	925	347	287	678	588	636	338	343	326	598	496	614	688	112	121	103	63	149	126	340	411	329	208	363	42	42	49	12	7	19	32	4	945	903	509	161	345	253	486	457	218	293	291	705	687	482	494	1016	466	487	693	473	278	271	196	161	97	79	128	78	463	635	639	300	348	552	483	456	508	193	423	148	162	419	517	136	135	102	158	144	138	142	248	296	755	265	188	181
	764.186523	414	595	291	285	268	261	238	218	313	459	480	493	743	679	712	544	540	491	577	535	365	255	314	276	279	306	237	184	895	898	901	559	513	972	1326	1283	875	323	260	675	624	627	326	297	299	591	550	567	692	109	104	102	105	149	130	355	353	302	175	340	29	79	62	10	31	17	28	15	903	902	493	162	308	258	483	474	254	314	314	689	719	392	483	1049	453	429	648	415	304	275	182	172	96	76	110	86	468	622	656	254	342	550	544	426	539	186	351	135	177	392	502	135	124	93	181	121	158	124	263	294	770	305	239	202
	765.52063	483	620	271	273	282	281	218	204	297	468	425	449	692	679	653	579	601	498	532	500	366	239	333	365	288	279	262	168	886	892	930	577	435	987	1264	1174	864	314	265	765	637	669	291	337	322	549	514	618	684	136	141	78	99	135	158	337	398	339	208	330	25	57	74	23	19	24	30	5	926	898	493	155	336	289	511	521	231	292	321	689	692	364	513	979	448	457	644	413	288	293	174	175	91	81	119	60	470	622	710	267	326	516	484	402	503	221	382	132	162	420	448	149	119	91	153	117	122	144	264	294	695	269	195	191
	766.855286	479	613	303	278	289	255	207	253	280	437	476	431	691	687	677	548	500	503	505	550	349	235	291	298	313	265	296	184	892	870	874	536	523	898	1261	1312	806	311	266	636	621	633	307	303	278	574	468	605	655	123	114	102	93	154	140	379	370	296	203	329	28	48	76	4	29	22	46	18	893	858	484	132	353	281	455	469	204	269	290	642	670	423	524	1005	448	472	640	488	277	279	173	187	75	72	115	77	448	605	665	249	319	590	471	388	521	255	373	137	127	435	448	134	163	90	185	128	147	155	277	313	771	286	192	199
	768.19043	401	560	290	272	286	237	256	261	346	448	428	486	693	651	628	564	515	530	513	516	325	220	286	318	287	273	252	165	860	862	810	562	468	900	1207	1243	799	273	250	699	614	628	309	306	308	550	486	586	715	134	131	79	97	143	103	380	370	300	195	355	44	69	66	6	14	17	12	10	879	849	495	163	303	272	468	439	229	282	250	687	678	418	480	966	425	428	667	426	316	254	202	178	96	70	116	54	477	623	631	258	301	548	466	425	549	195	363	147	163	429	449	144	143	93	185	139	148	122	238	325	788	278	194	219
	769.526001	415	621	248	239	265	260	238	209	276	408	479	461	666	621	679	519	513	445	494	439	343	254	279	321	303	290	275	186	916	858	850	516	430	892	1108	1157	818	345	237	632	593	595	306	324	297	528	480	591	661	107	97	64	86	139	126	295	343	315	206	304	16	85	68	7	-3	18	28	14	906	836	502	143	321	291	442	461	214	326	304	641	679	395	494	977	474	435	651	412	228	242	200	173	100	93	111	61	443	617	618	272	336	475	463	385	539	189	385	132	140	396	440	100	111	95	178	108	156	135	278	288	745	294	203	206
	770.862122	386	622	256	285	240	275	234	246	280	446	456	495	642	667	591	509	570	468	525	463	305	216	320	296	281	250	278	169	813	858	798	524	481	885	1165	1162	802	312	241	568	530	628	338	314	342	578	474	543	658	110	117	126	113	128	112	312	314	307	172	317	41	65	57	7	19	-4	26	4	915	843	399	121	321	230	456	411	222	311	319	622	646	393	489	1007	421	392	619	431	244	250	177	155	119	84	131	65	413	582	627	244	326	529	460	378	519	159	356	150	131	399	453	117	129	78	166	142	122	155	285	305	699	244	197	148
	772.198608	423	606	260	262	265	227	212	227	261	434	452	440	605	677	650	536	544	485	412	513	302	251	256	302	246	257	244	176	891	863	807	497	425	860	1167	1209	797	275	220	673	606	560	305	286	287	550	481	554	656	127	117	109	64	123	101	304	367	300	188	351	57	59	66	-13	13	6	23	12	880	852	462	168	287	260	430	444	213	304	278	660	652	363	491	971	459	391	632	392	258	246	178	149	83	66	113	65	388	566	631	244	308	482	443	370	553	209	372	143	140	406	434	103	117	76	169	130	125	105	219	262	695	274	175	204
	773.535583	433	590	260	334	282	279	237	197	284	438	377	396	628	617	651	501	483	402	472	479	355	197	272	314	267	289	259	167	873	896	800	514	454	858	1104	1174	786	304	227	602	530	577	266	301	268	519	478	542	640	125	110	84	89	151	107	282	335	301	182	319	20	21	52	13	7	42	29	-8	839	858	470	126	253	262	443	428	202	262	296	630	588	359	484	966	394	356	621	439	274	216	174	171	110	90	88	44	457	600	646	251	312	489	408	335	530	211	362	116	124	407	423	124	132	84	169	124	121	121	249	272	663	291	172	184
	774.87323	413	606	265	263	256	250	211	208	271	389	428	429	641	629	619	498	519	442	456	476	311	248	294	303	281	259	240	175	803	821	818	507	374	786	1084	1083	771	284	237	653	507	584	305	333	299	557	448	563	640	115	101	69	106	143	101	323	351	265	163	280	31	47	42	0	25	6	30	17	836	763	485	158	285	258	405	406	212	280	284	563	639	349	484	882	373	369	583	423	296	238	171	133	90	83	103	52	431	571	622	222	303	451	419	332	483	185	347	138	132	358	423	110	125	87	163	113	121	114	226	293	689	248	169	171
	776.211182	383	571	254	258	272	217	218	268	291	419	410	446	600	651	616	534	514	418	467	420	280	224	262	298	268	286	218	154	840	829	706	546	433	835	1042	1076	779	319	207	619	504	557	303	303	246	523	453	525	610	81	97	83	94	132	98	310	351	250	159	285	29	61	40	23	3	7	9	6	829	781	452	150	250	271	411	401	195	237	273	575	610	369	521	906	466	391	608	401	274	212	185	151	84	56	97	47	399	558	532	240	335	455	428	381	528	182	304	139	122	382	420	103	126	87	156	124	135	119	255	265	638	245	192	171
	777.549683	385	529	229	281	257	203	210	190	273	397	398	385	591	640	567	457	453	418	447	456	297	193	266	325	244	244	253	137	770	745	764	498	446	800	999	981	716	244	245	567	531	519	323	286	243	544	449	525	596	100	117	93	73	107	109	329	303	257	144	260	28	65	55	11	-6	15	19	-8	779	803	417	116	267	260	444	414	226	245	260	574	571	373	441	875	414	376	573	407	205	252	199	158	74	71	84	52	414	561	575	231	321	493	406	348	509	167	347	138	137	330	430	91	124	76	148	111	130	116	201	233	622	261	164	130
	778.888672	375	557	290	220	259	201	218	189	270	397	350	391	557	586	553	496	449	395	442	425	270	241	228	284	261	224	249	167	848	785	761	508	373	753	995	991	724	288	214	580	520	507	291	296	226	536	412	473	586	95	91	64	80	137	108	325	373	270	185	280	21	60	64	9	13	16	40	25	840	743	404	127	263	269	426	426	175	251	266	526	531	345	461	855	427	373	593	397	258	228	145	145	93	63	84	56	357	536	565	246	293	475	376	312	491	167	308	130	126	361	371	98	97	88	132	84	134	108	248	238	674	265	177	181
	780.228088	380	514	200	276	251	229	191	201	227	417	363	406	573	545	576	516	418	338	402	427	292	189	283	236	249	228	223	141	779	802	766	490	391	725	944	1051	670	261	231	610	524	550	265	302	286	501	413	473	575	114	96	85	83	126	117	285	303	285	194	286	20	68	70	12	8	25	-1	14	840	769	399	141	311	237	472	426	167	252	286	567	565	294	458	897	366	349	561	352	228	216	158	146	71	68	81	62	355	537	554	250	297	407	404	376	507	187	314	135	136	352	380	99	84	76	165	134	140	116	223	276	638	227	178	172
	781.567993	362	547	243	255	283	195	195	201	261	387	390	402	548	555	528	459	472	411	470	438	285	189	257	302	243	238	227	168	720	803	703	442	389	694	923	1000	691	255	228	572	506	515	258	310	274	458	399	444	542	107	105	89	68	110	99	321	292	196	168	290	20	41	36	-14	8	11	26	9	773	749	395	117	279	243	396	391	150	234	256	591	555	342	421	818	367	348	553	371	209	180	161	124	91	76	90	58	367	498	557	190	254	418	349	364	486	154	307	139	123	325	407	95	110	89	124	107	121	105	205	258	665	233	164	168
	782.908386	365	508	228	236	237	221	178	204	261	375	373	378	556	536	565	442	427	393	360	471	268	225	264	254	207	239	209	142	699	783	718	460	360	700	957	976	696	278	199	574	508	509	255	259	259	478	447	439	610	92	108	72	65	116	100	320	323	238	180	251	51	58	54	-9	7	18	27	13	761	698	406	135	227	233	386	382	159	229	284	580	528	346	415	831	373	342	556	392	193	229	128	128	71	80	96	70	351	517	568	239	334	394	374	314	402	160	328	135	133	308	360	115	104	85	121	93	129	104	229	240	575	199	180	154
	784.249329	336	466	234	255	236	208	220	219	258	370	385	385	567	541	509	475	471	424	383	363	291	183	220	282	258	230	218	112	734	698	676	489	371	688	958	965	662	269	245	528	483	469	285	261	256	475	401	490	570	123	99	80	57	106	111	307	280	257	168	258	17	38	49	-14	1	7	49	8	748	711	393	120	238	215	373	367	174	238	264	584	553	309	386	767	376	348	527	356	241	222	169	146	79	58	110	48	346	456	503	237	273	393	358	346	416	151	294	130	116	319	405	92	100	66	139	107	111	103	220	224	571	213	184	167
	785.590576	344	494	236	214	235	193	195	163	237	366	341	368	467	534	506	471	432	344	369	442	301	224	220	218	236	205	230	141	709	694	620	415	325	694	866	945	666	254	188	532	473	505	242	225	253	487	391	480	560	116	97	65	59	99	103	281	288	260	165	279	33	67	57	5	2	25	23	4	754	702	381	128	247	228	403	379	207	255	239	553	486	316	431	718	334	341	531	352	289	200	142	130	85	77	116	24	355	497	494	216	292	405	376	297	435	146	299	114	130	333	361	115	82	74	140	100	112	92	217	219	589	224	204	154
	786.932495	333	500	202	225	228	206	209	180	262	356	382	379	482	490	541	464	421	340	385	352	241	193	234	239	231	236	180	124	724	690	673	447	330	608	895	901	685	263	157	578	458	506	276	234	223	475	425	438	512	113	73	71	66	95	142	272	286	254	160	271	9	56	58	25	13	23	19	6	756	712	407	128	248	211	353	333	189	248	288	497	546	291	405	841	330	364	540	348	245	210	124	136	68	53	95	39	342	523	489	213	280	377	359	329	412	160	257	116	127	329	335	87	97	66	108	93	107	107	209	233	569	202	135	111
	788.27478	340	472	240	238	242	195	196	181	234	364	352	355	523	463	514	418	433	358	403	394	264	193	240	263	201	204	194	137	716	709	657	437	368	631	902	952	633	246	219	552	436	470	277	216	233	463	411	447	527	94	101	84	87	92	98	285	292	229	170	275	33	36	36	30	12	36	11	14	708	690	368	142	265	191	350	354	152	264	246	508	511	318	363	732	362	287	544	357	214	179	166	122	83	50	72	32	331	485	467	207	274	417	390	316	442	149	284	113	111	296	324	91	86	70	125	100	128	129	218	234	563	210	160	175
	789.617615	356	472	227	225	198	167	185	193	247	389	338	377	489	501	531	426	420	360	375	386	254	195	243	225	238	207	182	99	719	619	652	442	366	622	819	903	607	222	182	532	440	492	268	208	228	443	387	453	485	105	99	87	101	119	98	269	270	242	133	251	26	58	46	19	23	10	27	12	698	672	376	111	267	205	340	355	163	249	245	503	494	289	404	747	332	344	493	317	181	196	144	134	68	63	88	65	336	514	503	228	292	388	360	313	422	136	322	115	98	306	335	94	85	59	103	123	135	96	184	212	554	211	134	167
	790.960876	304	484	196	179	194	179	198	201	227	351	347	387	455	459	472	414	408	385	345	372	253	171	217	206	213	215	223	131	645	668	661	431	308	590	849	807	610	235	168	511	415	448	234	236	237	411	367	436	573	114	83	67	73	109	97	231	250	257	132	240	21	44	53	-1	5	9	9	3	674	630	369	120	267	239	355	295	183	244	260	521	527	310	373	741	306	269	504	279	209	192	163	103	53	51	85	26	345	503	516	210	297	358	351	310	413	161	310	131	122	286	304	91	89	66	119	81	115	100	218	223	559	221	144	175
	792.304626	308	468	199	221	185	185	131	139	186	337	333	377	474	467	434	433	397	367	363	363	257	176	240	217	224	229	172	122	683	675	641	416	357	623	833	838	620	241	198	498	430	414	219	214	273	408	370	442	486	52	100	68	82	111	93	273	289	189	142	211	7	47	53	-5	18	12	29	19	699	599	370	123	246	190	318	355	142	209	225	499	504	292	323	701	303	313	477	351	206	173	133	141	95	67	100	60	334	443	470	219	262	357	337	331	422	145	284	128	136	264	291	75	88	63	127	105	86	108	180	192	553	217	136	155
	793.648926	310	431	185	188	215	163	194	171	212	321	345	333	475	449	460	381	402	379	293	317	252	153	211	246	227	191	183	106	688	670	587	448	359	549	850	832	573	221	175	479	397	463	264	266	214	378	317	411	479	74	95	68	68	84	40	246	246	195	124	218	17	47	29	-2	15	35	28	37	627	618	358	110	243	213	371	366	174	207	230	457	529	307	345	701	325	290	464	310	179	180	132	108	48	61	91	61	325	462	461	197	257	401	336	308	402	153	318	111	116	301	313	64	73	66	144	89	112	105	194	205	512	174	164	101
	794.993591	311	470	186	191	219	202	149	168	224	328	302	363	461	438	416	371	421	360	280	322	212	177	214	235	187	187	210	120	667	644	585	424	301	594	809	827	587	241	208	504	405	408	215	235	218	380	366	381	490	80	79	62	81	93	95	247	238	169	120	236	21	30	37	14	13	27	23	-3	644	650	339	108	186	207	350	308	157	200	209	506	494	310	347	670	322	289	479	325	190	170	134	117	51	54	81	74	303	508	431	190	263	328	362	299	385	142	243	127	94	262	332	82	60	52	124	84	88	96	193	209	525	193	150	127
	796.338806	307	417	205	206	179	173	164	166	193	297	345	319	438	476	423	356	406	302	329	379	213	192	190	223	224	174	177	88	636	637	584	421	357	580	803	813	589	241	173	468	413	419	195	226	217	417	349	415	489	80	83	63	85	110	93	261	271	226	128	234	19	62	39	17	0	26	13	23	626	586	330	103	196	186	347	333	148	195	224	468	542	275	336	702	293	308	476	315	192	183	129	94	83	49	78	33	329	466	432	203	273	340	333	270	374	162	277	112	114	252	309	102	83	82	108	106	98	82	166	212	455	185	159	142
	797.684387	288	414	171	197	186	171	167	165	209	329	324	370	462	428	410	352	384	369	322	327	260	196	176	197	213	183	166	130	645	637	582	435	345	564	707	803	549	197	155	487	459	433	241	255	200	393	349	354	464	95	54	81	68	107	96	272	266	219	131	231	13	40	34	10	-2	10	44	12	653	600	348	127	223	182	320	312	143	185	201	485	461	252	359	690	278	321	447	320	176	175	107	116	59	48	73	37	302	412	413	190	244	364	346	286	387	149	225	106	133	276	300	92	62	84	113	115	96	96	197	196	465	196	138	135
	799.030579	281	422	193	202	209	188	174	145	191	307	289	288	383	473	466	355	381	312	324	379	225	134	204	200	237	181	190	123	654	603	578	381	336	564	726	754	547	201	160	477	399	411	245	237	202	368	355	409	463	87	52	65	61	84	75	236	238	214	131	215	26	25	39	6	17	11	47	6	647	591	313	124	236	173	313	318	157	213	196	442	384	275	320	653	355	306	461	320	181	155	144	101	64	76	73	39	276	448	435	198	269	376	302	275	355	168	254	105	118	251	320	71	102	51	98	93	104	103	171	165	467	208	110	154
	800.377319	280	408	187	187	204	190	150	161	218	301	333	337	424	404	431	415	376	318	313	337	196	180	184	208	199	203	171	96	599	642	611	427	341	541	759	769	521	194	178	520	417	399	215	235	207	382	352	406	455	108	84	70	70	78	87	251	249	212	127	196	21	32	45	3	8	15	21	16	603	584	343	125	205	200	306	314	152	211	220	408	413	245	334	691	254	282	457	292	189	154	127	103	57	45	73	41	317	404	424	205	238	298	294	278	374	130	281	129	99	255	299	66	97	54	131	84	110	79	170	190	457	169	145	132
	801.724426	276	403	195	222	172	152	119	141	175	291	312	327	389	415	405	356	401	338	273	310	213	163	184	180	189	182	195	97	626	563	538	440	338	550	771	790	515	222	164	486	343	393	229	240	192	405	354	404	508	92	80	65	55	78	99	274	271	213	138	185	14	35	49	16	-7	-5	13	6	555	529	320	90	213	157	288	302	161	186	194	447	468	246	334	668	282	263	481	288	163	171	117	96	56	56	85	54	285	472	410	185	257	337	292	276	372	117	277	108	145	210	274	67	85	77	109	87	97	88	168	168	444	206	114	127
	803.072021	288	383	171	208	188	162	164	153	171	331	295	338	398	441	445	390	363	318	329	332	202	144	200	200	197	188	184	114	633	574	569	391	318	549	708	764	477	236	165	485	352	370	214	199	194	375	363	359	433	76	70	71	60	88	98	221	241	181	140	202	25	35	27	10	-7	3	22	3	619	547	318	104	218	215	294	304	144	169	200	485	398	232	318	657	296	275	448	289	183	168	100	138	60	34	63	46	293	429	443	206	205	367	315	258	363	143	241	110	102	201	305	78	72	65	115	97	95	86	171	216	482	174	106	128
	804.419983	258	432	196	192	188	186	160	152	201	309	327	335	428	422	397	377	388	329	318	340	207	148	167	185	168	161	180	110	612	546	513	382	323	509	686	666	546	213	160	433	381	373	197	194	220	368	318	379	440	57	80	63	55	92	70	231	263	179	113	199	26	26	34	-5	-6	13	18	-1	621	563	296	107	191	164	266	300	149	211	193	459	467	259	325	648	308	244	440	260	170	166	124	121	53	50	74	31	252	411	390	172	230	317	309	264	309	143	261	113	104	226	282	64	77	62	83	88	91	71	200	192	441	199	130	139
	805.768677	273	415	185	175	174	182	148	149	187	290	313	306	409	375	417	341	366	295	314	316	200	165	153	179	183	174	173	94	546	597	541	401	289	511	701	777	536	198	149	431	388	347	187	189	184	371	322	318	438	77	74	71	49	103	78	246	262	178	113	193	13	28	31	6	2	7	19	1	610	566	353	108	198	200	293	302	107	156	199	417	423	241	322	590	269	262	474	272	149	154	133	115	56	61	78	44	295	394	429	194	218	303	296	234	329	103	242	130	105	238	264	77	86	73	83	85	72	95	171	173	402	194	121	107
	807.117676	260	405	169	195	158	163	178	174	196	272	282	285	400	394	373	315	324	321	321	341	232	159	165	196	191	183	167	101	513	546	568	405	275	481	622	717	470	195	190	474	356	377	213	201	221	340	312	344	430	74	96	57	49	107	76	243	230	190	112	181	16	56	36	-10	9	24	7	13	603	511	325	104	231	165	275	293	142	196	202	428	412	251	271	594	292	241	375	267	175	154	120	85	57	44	74	45	281	417	393	153	224	302	281	276	354	140	240	94	129	223	282	70	94	60	82	87	91	88	168	163	449	161	114	105
	808.467224	273	402	193	175	183	154	152	129	159	268	270	330	395	419	376	332	322	251	279	309	222	145	196	190	180	142	173	86	585	516	518	359	331	475	653	691	495	182	161	423	400	398	201	176	195	300	278	348	425	76	92	49	66	93	78	209	215	189	111	176	7	26	47	7	18	12	6	4	575	544	299	88	226	195	303	306	124	157	192	369	409	225	299	594	262	247	369	296	179	177	100	98	63	67	63	29	300	379	371	162	250	326	255	271	324	113	260	99	118	230	247	84	53	57	91	69	104	89	156	185	451	170	132	153
	809.8172	253	362	148	197	175	181	135	132	188	263	253	305	373	340	453	345	365	274	283	315	229	141	175	187	147	169	148	99	521	523	515	351	269	485	583	678	454	190	146	409	359	321	200	175	147	310	297	336	406	62	95	53	54	97	71	192	219	165	117	194	29	42	22	9	-3	9	23	-6	515	492	297	94	193	177	275	267	146	159	192	424	444	263	333	587	276	234	400	237	206	137	85	106	52	52	52	34	279	405	373	188	190	292	308	256	357	108	216	106	120	236	249	67	56	52	93	104	71	81	158	197	442	145	132	119
	811.167725	259	340	174	140	154	152	123	164	168	255	275	300	391	357	353	322	325	248	267	253	189	150	122	165	149	167	165	100	540	493	499	339	265	490	591	638	477	181	164	409	319	375	220	175	151	304	270	326	404	61	54	52	61	79	82	217	224	148	114	201	17	33	40	12	22	6	28	-19	514	452	282	99	202	217	226	265	140	166	168	389	396	242	286	586	273	211	389	282	187	162	115	104	52	41	75	31	244	385	352	161	184	301	308	240	317	99	208	72	73	223	211	67	76	54	101	88	79	60	145	184	409	169	127	98
	812.518677	228	342	154	177	184	169	161	118	174	302	280	281	364	360	361	286	332	265	270	284	171	153	154	178	158	142	142	98	541	555	485	362	247	434	609	654	484	185	159	387	351	349	195	169	171	308	275	350	379	70	69	68	59	80	83	185	233	167	127	172	24	25	17	-17	11	11	20	-19	463	499	263	92	166	167	244	254	151	184	192	386	409	210	304	606	230	219	384	272	172	156	108	100	63	49	55	35	258	356	372	154	244	297	271	217	289	133	219	96	91	204	219	72	72	53	98	89	98	65	171	198	416	178	129	132
	813.870117	211	357	133	141	121	124	149	156	159	283	278	284	374	331	340	279	309	258	256	278	227	163	147	151	177	146	139	79	517	487	475	330	263	454	608	594	471	179	141	386	345	360	188	153	185	321	262	328	445	65	56	75	60	62	65	214	199	153	80	146	19	28	24	4	-9	28	13	29	473	460	289	91	201	155	251	269	98	138	168	399	362	189	311	597	261	242	359	222	185	141	103	108	55	48	57	25	232	361	339	176	183	243	256	206	266	123	228	95	91	170	227	55	65	48	87	79	99	57	145	188	367	174	120	106
	815.221985	229	316	138	131	152	135	107	127	152	231	227	299	347	374	313	282	271	279	249	264	183	136	145	179	156	152	141	79	503	483	444	332	246	436	541	569	403	182	173	375	299	318	209	172	176	344	255	329	393	63	60	47	62	86	51	194	210	138	120	148	23	27	28	9	-1	15	8	8	505	481	254	103	161	174	226	273	144	165	174	390	357	230	239	547	214	204	349	271	149	154	105	86	74	31	54	24	212	345	333	129	190	292	254	238	291	89	182	72	75	184	250	68	77	52	80	69	70	56	149	167	406	155	124	90
	816.574402	236	294	198	169	159	118	120	128	146	215	243	259	337	312	352	259	277	285	277	263	220	143	140	171	102	148	156	85	471	479	477	348	270	441	539	588	423	154	129	353	308	296	174	192	163	281	295	321	370	53	59	44	40	68	61	216	198	134	90	157	20	22	32	-20	8	26	14	-7	492	470	280	74	192	141	264	295	114	164	144	359	350	218	266	520	224	196	367	246	148	115	82	76	52	51	66	25	235	378	336	149	195	274	212	202	290	109	215	69	102	182	207	69	61	48	89	61	84	71	130	131	318	135	119	115
	817.927185	206	340	141	139	135	152	135	111	147	243	246	305	333	335	269	294	276	264	219	253	157	144	151	152	157	175	142	90	477	488	480	296	228	414	505	632	405	183	147	388	327	320	179	156	152	342	244	315	354	66	57	42	42	74	75	198	219	167	96	163	12	19	23	4	11	4	11	32	466	470	247	88	179	146	260	247	132	152	128	377	341	190	247	511	239	224	348	223	154	153	94	103	55	19	52	9	227	323	335	125	193	215	212	203	261	107	175	74	51	142	226	57	71	54	60	65	75	38	142	138	370	140	101	85
	819.280579	213	328	148	135	134	121	125	137	152	268	232	248	314	311	314	287	297	250	265	270	165	106	143	158	128	143	158	76	451	484	439	317	216	413	548	550	402	150	115	350	320	315	140	166	148	271	229	322	327	71	65	59	55	82	56	191	196	151	85	152	30	27	11	2	-3	5	7	16	481	438	250	95	192	143	260	264	104	143	144	350	348	218	236	552	230	191	316	242	174	133	100	93	60	32	60	33	221	333	331	157	181	274	237	188	267	109	209	92	78	184	206	42	62	64	89	77	69	61	147	139	349	120	119	114
	820.634521	190	306	155	146	132	108	134	135	156	229	249	282	317	347	343	272	268	260	243	263	160	127	133	176	141	110	118	70	431	411	452	313	261	376	545	567	398	174	116	373	289	351	183	150	162	297	255	295	354	69	53	37	36	67	70	211	211	166	84	140	-6	19	43	-4	-8	19	11	3	450	451	271	92	174	165	212	254	103	110	155	327	361	172	272	496	194	164	348	243	151	154	72	70	49	33	59	34	230	346	261	156	183	248	209	252	253	121	211	46	73	182	191	45	70	65	84	86	92	70	165	153	354	118	116	93
	821.98877	201	297	135	170	144	124	128	95	155	226	247	251	363	292	310	273	256	227	249	222	138	112	143	189	155	153	117	79	466	425	411	295	272	385	504	543	396	171	128	365	300	322	159	167	162	304	227	296	351	58	68	56	59	71	73	211	206	166	92	139	2	22	33	-3	2	13	3	15	448	411	276	80	162	140	241	246	121	149	162	338	339	198	207	495	210	207	338	203	153	127	115	89	53	54	58	15	245	349	315	158	196	266	205	219	298	89	196	61	77	192	188	67	73	68	95	78	60	67	157	145	334	126	106	98
	823.343628	229	299	132	122	101	107	99	127	116	229	234	220	297	290	281	274	258	221	271	217	149	136	113	143	161	149	122	100	465	442	426	299	247	396	503	546	376	167	118	353	302	291	167	184	159	263	197	291	344	58	61	30	42	54	56	163	176	143	101	156	18	23	27	-18	8	18	10	17	436	424	262	85	169	147	200	193	104	127	168	333	336	208	236	521	237	182	324	253	144	129	118	69	37	47	41	23	215	309	307	143	195	237	221	158	240	117	169	83	98	148	157	63	62	31	68	52	62	55	144	158	323	142	97	107
	824.698914	219	283	118	126	153	121	116	135	123	225	231	225	311	303	306	276	207	225	227	224	202	117	146	142	169	150	138	67	477	443	399	302	256	399	527	550	418	151	105	324	241	273	157	179	147	270	202	282	316	65	58	41	44	73	76	167	191	129	119	145	12	5	12	1	-3	5	11	20	410	447	219	82	177	151	202	224	106	113	159	326	333	185	236	441	209	207	323	229	156	137	82	79	48	46	48	42	213	325	275	134	143	243	211	187	224	100	184	77	80	154	185	54	26	58	81	71	74	50	115	145	327	116	98	103
	826.054626	206	270	126	134	138	120	116	127	146	240	262	231	319	278	290	291	272	220	248	238	195	116	169	166	131	139	134	76	451	450	444	331	237	367	465	586	394	167	113	354	276	297	184	135	112	264	203	298	343	63	54	33	26	82	60	196	192	144	95	118	0	19	33	-4	-6	20	26	-1	410	425	229	63	162	144	195	181	101	139	168	340	333	200	227	517	202	156	324	196	144	124	74	88	48	47	73	27	237	327	315	133	184	241	197	207	232	106	187	76	76	166	165	55	56	43	63	79	78	64	114	119	338	119	115	92
	827.410889	227	264	124	123	143	121	123	112	164	211	215	200	331	283	312	257	228	175	208	238	175	131	115	119	122	101	125	67	421	418	359	292	212	357	467	495	337	145	98	336	263	322	168	144	163	225	220	278	301	41	71	50	31	71	55	170	159	89	106	156	6	1	35	10	3	14	20	3	459	399	216	69	145	135	207	219	125	134	124	318	339	180	205	448	207	202	318	177	123	108	87	79	38	29	54	32	204	305	282	134	163	230	203	192	269	89	174	61	72	160	161	57	49	34	75	73	85	61	125	130	296	115	92	106
	828.767578	191	292	129	176	128	108	109	115	160	270	254	223	289	265	269	236	253	227	206	220	166	125	102	184	121	113	122	67	428	377	375	284	227	374	470	499	391	157	118	324	259	271	170	146	138	264	210	244	282	48	70	31	33	58	58	153	163	125	78	139	17	26	25	14	13	9	18	5	397	410	241	95	165	139	194	215	108	123	134	327	330	171	234	438	200	186	318	196	155	139	79	100	45	33	33	35	205	314	270	132	168	234	213	155	256	97	188	58	49	153	164	39	70	47	93	77	59	59	156	135	278	104	94	80
	830.124817	197	279	147	138	125	111	113	93	130	217	239	223	303	315	289	252	230	231	241	196	160	142	112	130	152	144	125	101	364	442	401	282	235	347	465	523	380	146	132	339	256	291	180	164	142	269	201	286	329	50	56	38	34	53	58	183	168	140	65	133	5	6	30	16	10	3	12	23	402	380	246	65	154	134	206	198	105	148	159	297	293	177	229	440	181	161	311	182	146	120	101	91	49	38	34	12	178	276	288	142	170	202	191	209	251	79	178	74	54	144	170	45	46	45	59	60	59	62	124	133	320	110	105	105
	831.482483	172	299	168	132	95	85	85	94	109	226	232	217	280	266	260	236	227	215	208	224	155	94	102	131	102	131	121	92	413	389	369	257	195	359	460	451	369	146	125	346	256	277	133	144	136	241	171	272	273	69	57	32	37	68	59	183	186	122	77	110	14	23	30	-16	19	14	5	-3	426	413	210	47	109	122	194	163	110	155	157	297	292	177	224	437	170	169	324	195	134	131	113	88	51	53	58	17	197	313	253	150	172	230	227	182	223	103	169	53	76	150	178	61	46	46	51	79	55	45	114	133	304	118	89	87
	832.840576	193	303	98	118	139	90	93	90	128	200	219	237	311	292	277	251	269	192	205	193	136	112	118	134	139	139	116	75	381	396	382	259	241	312	444	456	336	127	122	299	269	247	149	152	156	252	208	256	293	33	57	34	50	53	52	201	188	96	83	129	9	28	18	9	9	17	32	12	350	387	228	92	157	134	217	206	93	122	146	297	319	176	182	428	184	180	292	199	153	147	85	76	38	14	43	15	188	280	315	151	186	202	211	175	248	82	178	75	85	150	179	84	64	32	67	66	75	55	120	129	326	112	87	97
	834.19928	191	286	121	132	132	108	101	88	124	218	251	216	261	305	290	206	230	210	196	196	153	100	128	113	113	79	157	80	408	357	358	281	203	326	425	503	336	154	141	312	239	263	178	149	133	224	217	288	324	67	58	30	41	55	59	190	188	123	80	107	16	9	31	11	9	3	26	8	383	388	244	74	173	121	214	211	101	114	125	311	318	154	190	414	226	170	270	208	132	122	88	94	49	30	59	31	203	306	280	157	160	239	167	167	245	67	180	56	46	136	152	57	47	40	41	24	67	33	113	100	299	120	86	82
	835.558411	187	284	112	125	115	96	113	103	107	236	198	204	276	261	288	246	243	211	223	184	123	98	129	135	125	111	122	77	364	381	360	292	212	302	465	440	361	114	127	303	254	254	163	116	144	243	222	245	287	42	48	58	36	62	36	188	179	124	73	139	27	-2	24	-8	9	15	23	15	352	372	244	75	149	109	176	182	100	136	141	335	316	164	183	411	196	221	274	190	136	109	53	60	40	32	50	34	178	288	284	167	169	260	200	182	240	93	170	77	72	153	178	41	40	13	62	54	80	54	116	116	267	111	69	92
	836.91803	154	255	126	153	105	79	85	100	79	217	215	208	285	277	265	227	239	181	207	214	161	96	111	107	154	113	107	63	378	408	366	275	223	334	399	461	340	148	120	302	238	246	143	138	133	254	184	249	310	33	33	31	42	55	57	183	172	98	85	129	16	32	32	9	3	19	6	5	384	358	195	84	151	139	157	202	95	119	153	297	307	171	195	405	208	167	279	173	156	130	81	59	48	29	36	27	223	281	288	133	175	191	202	188	236	80	116	78	57	143	149	51	50	40	71	60	65	39	124	104	304	122	80	88
	838.278076	193	266	106	146	130	95	94	95	112	187	204	197	270	254	288	238	242	222	190	202	133	117	122	133	118	117	86	58	344	330	348	273	216	298	437	425	321	122	93	284	243	220	147	152	117	211	193	281	333	57	54	65	54	38	30	186	135	140	69	91	13	50	22	-7	-5	1	15	-1	411	328	190	83	135	152	203	203	98	134	126	297	265	154	184	456	218	193	271	158	122	109	45	86	46	23	16	28	187	248	258	123	170	225	221	168	242	83	167	77	72	152	162	62	53	41	68	60	65	56	110	112	269	99	81	77
	839.638672	188	251	134	136	105	100	86	87	124	204	222	185	224	292	257	237	199	196	175	193	124	115	118	107	134	108	101	44	352	353	330	248	200	305	398	430	340	120	97	270	225	233	141	141	130	220	157	216	253	51	52	52	52	56	38	179	159	108	71	143	39	18	17	10	-11	7	23	1	340	342	193	61	146	166	171	158	72	131	140	285	295	141	233	418	178	147	254	173	129	108	84	71	49	32	36	33	170	312	248	123	159	193	165	193	200	58	156	62	72	132	156	48	56	41	78	62	67	77	128	118	289	106	77	60
	840.999695	138	259	100	140	92	109	105	106	110	183	212	202	256	235	276	267	238	191	179	196	149	135	109	127	113	103	104	77	368	379	327	296	199	272	415	420	306	137	111	294	258	232	155	101	122	187	183	234	276	38	42	33	33	56	28	146	155	101	95	110	6	8	15	13	1	16	-5	-24	342	345	177	80	147	118	145	171	76	123	114	251	273	153	180	405	184	144	250	155	86	101	47	56	36	45	46	31	188	281	247	116	156	195	178	165	222	68	153	63	51	120	146	45	47	32	64	71	61	41	107	102	269	-231	97	70
	842.361206	155	223	129	102	134	81	91	99	131	190	200	217	256	279	281	250	230	234	173	190	140	102	122	127	107	129	113	55	332	342	294	253	164	271	361	458	296	141	112	263	228	262	135	119	132	184	199	252	293	39	38	17	27	46	40	158	161	102	66	95	17	13	11	2	-7	14	2	18	334	316	206	81	155	137	179	178	88	110	122	245	278	139	204	427	170	149	271	205	137	121	75	81	44	53	63	21	176	266	233	143	176	165	174	140	217	80	148	64	69	113	121	67	39	44	50	47	65	49	110	122	264	111	92	64
	843.723206	181	285	150	134	113	80	104	119	126	161	171	189	246	266	266	234	191	163	178	198	125	133	94	92	139	115	104	61	347	372	333	233	205	303	364	404	288	145	102	256	237	248	124	127	137	210	176	259	261	43	40	41	31	61	44	131	142	115	77	117	17	22	19	6	6	1	6	12	306	344	177	35	126	111	180	169	79	139	131	266	290	130	191	399	194	133	241	180	120	97	94	60	52	37	61	15	193	246	250	114	138	190	173	147	206	79	131	75	86	109	161	43	20	35	48	55	60	44	81	95	264	117	72	84
	845.085693	158	251	112	132	120	93	111	113	116	181	220	167	250	253	240	206	193	168	176	176	153	94	91	103	120	89	118	62	351	307	295	227	175	273	364	364	307	115	122	247	207	201	141	104	99	211	170	264	274	42	58	54	33	56	51	154	152	112	57	123	2	22	34	-2	27	12	-13	10	335	318	192	41	165	95	171	173	79	108	135	270	291	125	186	418	197	158	242	170	86	86	68	80	46	31	29	27	201	244	235	101	169	203	149	180	199	82	143	41	47	116	115	48	59	39	48	61	40	21	101	95	239	107	71	76
	846.448608	175	255	100	97	88	103	101	99	128	173	162	169	237	227	232	207	236	160	190	204	128	118	90	119	108	83	105	31	334	351	291	238	193	252	375	383	303	134	80	219	239	232	115	112	101	189	187	246	266	30	55	36	31	66	56	127	129	96	68	81	11	11	18	9	8	4	14	17	336	357	195	73	131	105	160	186	71	117	115	269	287	130	181	392	124	143	258	134	142	109	66	76	45	10	28	25	171	255	242	135	128	197	139	176	207	84	128	62	70	139	119	36	31	26	59	62	66	44	102	104	241	78	85	64
	847.812073	150	266	86	130	105	69	87	94	81	172	167	159	262	260	231	220	186	166	207	174	109	85	83	108	99	105	102	55	310	340	298	233	167	264	347	395	265	111	92	248	194	228	132	128	134	162	170	230	241	51	42	28	41	54	39	144	144	157	58	106	8	15	18	-10	17	12	17	7	330	334	191	78	133	113	117	190	76	93	100	260	253	128	199	330	185	166	241	131	106	109	69	61	31	17	33	22	156	215	243	117	161	184	143	179	211	66	144	63	54	141	148	46	38	44	59	54	67	54	93	92	226	77	80	88
	849.176025	166	229	103	87	94	58	79	64	104	170	154	133	212	219	268	197	186	152	172	177	118	103	107	104	114	91	106	59	322	273	255	244	175	242	335	406	260	114	114	252	214	229	149	127	109	156	144	209	214	42	26	28	18	70	55	148	155	118	48	99	3	14	27	-1	-23	7	20	4	336	280	215	69	132	124	130	184	85	115	101	263	251	149	167	341	188	128	234	145	108	78	35	59	50	24	49	26	160	215	207	112	144	182	176	159	191	81	146	81	68	109	132	53	50	36	52	41	46	61	87	77	230	87	76	73
	850.540405	138	254	121	95	95	67	96	66	80	161	162	151	224	250	195	188	218	159	167	173	127	95	98	106	136	105	113	43	296	269	276	219	159	245	366	405	293	114	89	241	191	190	102	114	115	176	155	208	203	44	43	30	41	51	19	107	121	120	42	81	29	12	18	-2	14	6	7	9	262	264	160	59	120	100	149	159	67	105	118	225	249	94	160	361	168	141	220	147	90	95	83	63	52	18	40	16	137	234	203	97	143	181	159	131	173	70	138	55	47	112	124	0	22	5	40	53	74	56	91	75	264	95	66	66
	851.905273	138	206	91	84	120	73	76	90	86	163	165	149	262	213	213	194	215	142	178	169	130	82	75	81	91	104	111	60	270	303	256	192	161	221	298	311	257	110	90	238	206	188	95	124	125	158	137	211	225	39	43	18	38	41	29	129	136	106	78	84	21	14	21	-1	-6	8	10	-5	284	278	189	36	127	118	181	182	74	102	151	222	252	108	160	357	190	137	230	134	91	72	75	84	29	52	45	21	161	218	204	92	126	176	157	116	196	76	152	55	56	88	119	38	47	21	60	49	60	36	99	84	201	96	75	70
	853.27063	142	211	122	120	98	78	69	69	85	142	152	193	219	216	219	223	202	154	155	160	116	99	88	99	132	95	66	59	274	268	230	230	150	211	318	378	247	105	101	231	214	193	95	103	99	161	151	205	225	33	28	39	24	28	41	137	131	95	56	96	-14	7	19	15	3	11	10	-1	269	273	140	63	110	123	122	175	60	85	110	212	238	112	152	350	146	119	195	143	92	104	75	56	23	30	32	5	137	220	213	106	149	172	160	173	201	73	132	32	45	93	131	52	34	40	79	47	46	47	88	92	175	78	72	62
	854.636475	117	214	127	115	105	72	59	75	77	160	167	136	187	194	213	186	158	139	156	161	101	88	95	91	110	109	77	75	284	257	270	170	176	222	299	341	279	81	107	201	215	201	104	82	118	175	148	213	217	43	43	62	55	42	37	142	137	98	60	92	8	6	8	7	9	2	27	4	284	273	168	60	114	121	147	132	75	77	94	261	250	143	159	341	122	105	202	137	100	66	58	34	34	11	10	10	162	192	206	71	117	175	131	141	173	65	94	45	44	104	123	42	31	11	51	74	70	31	98	79	214	118	75	82
	856.002808	129	198	102	108	70	72	60	57	58	132	141	150	216	218	219	193	156	160	145	175	108	80	101	99	84	113	68	66	279	298	243	197	163	206	325	339	263	116	94	225	166	193	111	102	97	184	166	210	224	36	50	45	35	47	48	141	140	84	78	114	2	16	35	-5	-5	8	-10	18	264	336	168	74	112	95	149	163	82	122	132	226	221	107	136	362	165	136	259	150	97	104	76	60	39	28	26	43	171	192	185	83	137	181	135	131	197	52	111	64	38	126	126	40	39	53	44	34	55	40	97	87	201	85	55	51
	857.369629	144	204	101	94	81	66	66	58	71	153	147	154	192	205	204	184	155	120	131	171	116	92	108	124	99	95	80	58	270	263	229	208	169	211	293	316	235	95	90	221	181	166	120	120	113	170	162	161	236	44	28	24	21	46	45	131	151	95	57	65	3	8	19	15	5	12	11	-1	290	275	157	56	115	91	133	142	54	98	109	215	228	130	159	284	157	116	195	128	91	95	64	59	12	25	34	31	159	239	212	99	155	184	140	155	173	82	135	32	53	96	105	50	37	34	56	45	48	28	95	86	196	67	61	49
	858.736877	108	231	86	98	117	45	73	77	90	140	144	158	211	213	198	174	166	154	161	159	103	83	100	82	88	126	77	62	281	258	253	215	148	221	282	344	231	102	93	222	181	192	95	108	74	186	145	170	236	34	34	37	26	46	60	121	149	108	50	71	6	9	33	1	13	13	21	11	269	265	162	68	113	114	147	154	76	75	98	237	218	131	182	302	143	130	222	113	109	82	67	46	55	39	53	18	139	231	169	90	143	183	138	144	164	70	100	53	55	92	131	41	40	32	50	44	62	66	102	99	219	104	79	85
	860.104614	97	210	98	91	118	75	60	54	60	121	122	120	197	201	181	168	170	145	164	157	92	69	88	91	139	61	82	51	244	240	266	193	155	188	290	326	265	102	73	214	188	213	97	98	102	153	129	197	191	46	34	33	26	54	35	130	130	93	58	85	20	19	28	-5	8	6	-5	8	276	285	179	66	83	77	122	160	76	79	104	213	256	116	133	286	113	128	209	116	115	107	56	39	31	24	38	25	174	230	155	94	84	164	134	111	162	45	122	52	66	87	110	36	11	21	65	40	48	24	82	89	207	67	68	64
	861.4729	131	205	84	94	103	55	75	59	73	153	144	109	156	166	201	164	166	123	151	183	85	69	91	56	90	92	97	74	240	238	223	176	157	193	321	328	218	87	80	199	185	215	109	81	92	151	138	190	217	27	60	15	28	53	28	118	111	90	48	89	7	10	30	11	7	3	9	-2	286	269	155	58	108	90	151	171	76	95	92	220	222	115	136	297	132	151	208	174	81	69	38	41	30	19	33	28	165	211	178	67	143	163	123	134	179	67	116	43	54	114	129	45	37	34	62	50	20	34	102	99	200	85	65	51
	862.841614	126	200	102	83	83	65	65	66	106	125	104	134	209	212	174	211	161	112	143	133	93	72	106	89	103	85	72	47	242	236	236	179	162	186	274	331	265	99	94	164	125	154	98	92	97	145	135	169	205	45	37	19	34	42	32	125	113	92	71	104	7	19	6	0	8	9	19	9	244	229	142	54	98	83	131	162	61	80	98	210	196	99	141	278	129	111	199	124	74	85	49	48	28	26	29	30	170	200	179	91	126	191	131	107	143	75	99	38	44	101	124	31	25	25	53	42	43	20	104	74	174	91	67	55
	864.210815	90	185	100	98	122	56	51	62	81	141	162	135	202	200	169	177	146	127	151	150	100	91	77	76	105	71	83	50	222	249	209	169	159	174	284	274	209	122	90	206	167	194	101	102	112	124	133	196	198	48	45	18	39	37	40	105	113	91	54	93	15	9	7	-7	12	9	9	19	238	238	148	42	104	102	151	163	67	89	96	207	226	90	154	259	149	113	164	129	95	67	45	52	30	27	40	28	144	203	171	109	123	160	147	92	151	51	103	76	80	70	104	16	29	24	43	29	59	50	129	77	186	68	72	74
	865.580383	144	170	81	107	77	63	82	71	86	126	152	131	200	189	177	168	200	161	151	145	105	84	85	96	102	102	87	48	238	214	221	229	158	192	267	307	235	97	100	209	167	186	91	127	96	157	121	173	192	33	35	44	23	34	24	120	109	106	50	89	3	17	25	-6	-3	8	15	-6	269	235	170	62	91	88	124	128	77	99	93	204	201	111	153	314	118	116	167	154	91	92	53	53	41	23	36	30	155	189	191	92	124	154	123	141	138	49	94	39	23	88	116	31	70	32	50	57	67	49	82	74	179	67	55	45
	866.950623	122	203	74	91	109	58	51	67	80	133	132	138	191	168	184	145	146	157	125	129	101	62	96	89	105	75	86	52	233	252	268	163	154	187	299	291	218	95	94	187	174	168	87	77	75	155	142	172	199	36	21	33	33	40	42	137	144	79	53	68	17	23	18	-2	8	-6	22	4	229	252	147	57	109	76	115	146	69	70	80	201	198	106	151	306	134	119	183	126	74	94	51	47	48	9	26	-2	152	179	169	104	102	167	130	127	157	76	106	40	57	77	94	52	42	43	39	33	40	22	77	84	170	59	70	62
	868.321289	100	159	76	89	97	71	64	64	86	128	143	137	194	212	190	162	145	154	119	146	82	76	85	43	102	68	81	49	264	263	237	181	154	187	271	295	197	92	84	167	165	187	83	119	84	142	131	183	216	23	46	40	23	46	33	137	128	107	53	56	-1	21	8	-14	-9	10	12	10	268	264	152	60	108	90	131	127	55	67	91	198	194	117	115	299	136	125	164	109	89	95	43	46	52	29	40	20	137	200	161	71	103	157	155	145	144	53	106	22	54	68	70	62	50	40	36	30	32	28	69	71	180	65	48	69
	869.692383	116	157	88	76	92	95	66	62	83	117	142	122	172	175	185	147	166	136	143	160	82	81	78	90	87	87	75	35	236	210	202	192	160	188	304	284	229	124	97	167	146	179	99	88	120	163	136	170	185	33	29	15	12	40	36	112	104	107	58	57	18	23	-9	-4	0	5	3	10	255	231	163	35	109	90	151	151	69	70	117	199	219	120	137	281	124	124	209	99	90	87	58	38	26	38	57	0	154	180	156	112	107	157	119	74	169	50	89	39	42	96	102	47	47	37	44	61	63	34	88	72	158	89	49	40
	871.064026	131	195	65	79	66	62	71	72	94	144	142	137	176	169	177	138	181	101	149	147	92	81	84	91	81	74	78	40	241	207	229	189	133	188	269	286	200	92	104	180	153	171	88	81	83	131	158	164	197	40	16	26	37	42	33	128	114	88	49	68	-15	16	18	23	17	-10	33	14	232	240	155	50	86	95	104	138	65	78	80	183	210	98	134	243	120	118	165	135	70	83	44	42	30	28	31	13	134	223	181	68	136	144	141	85	130	76	113	54	43	77	83	49	37	24	50	36	76	57	76	60	166	67	54	77
	872.436096	108	218	98	83	79	101	66	72	84	144	136	147	175	179	178	154	140	122	138	141	118	85	82	98	94	55	73	54	225	198	203	166	174	195	286	276	238	76	74	152	129	149	97	94	129	124	124	164	198	26	17	37	28	35	26	97	114	70	56	67	-1	18	18	11	0	16	2	12	261	252	123	50	113	85	109	151	62	80	86	169	206	102	121	286	140	80	160	127	84	99	72	43	29	37	23	18	131	162	158	69	123	164	125	124	138	51	86	55	45	84	81	39	34	31	12	43	57	35	80	80	160	78	72	52
	873.808716	98	172	66	76	96	79	66	69	82	147	124	113	162	159	183	156	149	124	149	118	105	73	101	75	87	84	63	23	250	215	222	182	140	199	243	298	245	70	75	172	157	145	104	98	92	142	118	172	178	24	32	50	20	33	34	113	101	75	76	37	24	16	21	-1	2	11	15	-1	220	221	123	49	85	71	118	116	60	90	83	199	179	100	114	264	123	101	172	109	80	81	35	56	45	28	13	18	108	211	165	75	127	115	140	100	140	63	108	41	38	76	82	13	23	1	46	32	28	39	81	77	200	52	75	54
	875.181702	126	194	69	63	84	55	56	67	75	151	121	121	175	150	173	155	135	120	111	141	103	85	83	80	74	74	73	48	248	212	222	146	107	156	264	273	238	64	78	190	172	133	112	95	103	137	107	178	195	43	43	25	34	18	47	99	93	60	62	55	10	9	16	17	-6	18	6	4	228	242	144	43	105	81	116	136	59	71	80	202	179	108	145	267	113	100	196	137	62	73	25	57	33	30	26	38	123	201	151	82	101	125	133	100	149	32	107	44	45	69	76	28	42	24	38	33	56	29	80	76	127	84	77	55
	876.555176	114	187	77	99	93	68	78	63	74	137	149	125	167	139	171	162	150	124	105	157	73	92	87	84	78	80	94	37	213	224	212	157	122	183	275	280	236	61	90	160	147	189	109	103	108	135	99	158	181	27	32	39	23	15	27	80	104	79	54	71	13	-12	-2	10	-1	7	13	3	233	222	139	54	105	84	118	133	65	62	71	191	249	89	100	268	125	86	180	92	75	73	31	43	41	30	38	22	137	162	130	110	134	127	134	130	148	44	110	60	49	100	102	16	18	34	37	27	56	35	88	81	164	62	40	61
	877.929199	91	187	81	86	80	47	65	55	74	135	124	116	200	146	147	156	155	132	132	138	81	84	79	77	81	77	78	36	237	214	190	183	144	155	285	300	235	73	89	172	143	169	113	82	105	104	135	176	187	32	51	17	21	55	41	109	104	75	29	104	-11	23	21	2	10	7	2	7	217	208	119	39	92	96	104	127	55	95	103	193	168	115	94	244	121	90	185	106	97	57	40	38	11	22	24	18	125	195	147	65	97	122	144	137	127	67	98	46	34	85	102	37	11	11	41	44	55	47	91	103	145	63	56	51
	879.303711	121	185	75	82	89	78	68	82	81	140	137	118	162	162	151	118	145	122	144	140	82	74	75	94	95	79	72	33	255	219	218	147	118	214	262	293	220	83	94	180	128	160	124	77	99	144	110	191	188	17	22	35	32	27	31	119	95	90	61	64	18	0	20	3	-3	14	11	14	208	232	125	50	74	62	110	129	55	78	96	185	174	102	148	235	115	97	193	87	95	72	56	48	30	19	26	-2	125	117	149	78	112	120	123	117	138	54	105	50	40	82	91	41	44	30	55	42	41	41	75	86	140	68	46	52
	880.678589	102	161	79	94	82	42	48	66	63	129	128	133	163	184	166	137	145	112	114	106	101	88	78	83	91	101	48	69	205	212	189	152	115	185	233	271	210	84	76	161	145	149	91	94	88	173	115	111	173	27	35	27	36	35	29	84	109	90	59	79	-11	16	25	3	-12	-1	16	13	247	249	108	60	102	79	134	131	56	105	96	185	159	101	143	276	141	119	167	99	86	73	37	57	17	13	20	14	135	160	146	88	101	141	120	116	147	34	82	29	26	83	95	28	24	22	46	44	43	39	65	69	150	54	34	60
	882.054077	111	188	72	71	56	61	48	48	85	116	124	134	154	159	147	132	139	114	122	108	84	80	89	73	96	75	69	67	195	204	196	154	135	179	234	288	197	88	78	163	144	149	86	100	105	124	127	151	150	31	24	20	39	58	49	92	125	83	48	86	-2	7	16	8	11	11	-8	-7	227	220	102	35	93	83	133	119	61	78	67	193	188	87	127	255	108	111	152	94	91	66	49	78	35	31	33	8	127	125	148	81	106	154	97	103	152	56	130	44	39	78	119	37	32	25	49	37	46	32	71	65	122	50	62	52
	883.429993	91	144	92	63	54	99	59	56	72	127	121	121	175	171	151	168	152	131	103	114	90	72	71	87	82	86	61	50	226	200	232	163	119	163	241	298	231	79	96	166	153	180	91	105	137	113	106	160	176	35	41	35	23	44	46	76	82	74	48	59	12	16	-1	10	7	-4	28	23	248	239	127	60	90	76	105	126	44	87	104	162	180	75	133	265	112	99	163	99	81	90	40	52	31	18	43	12	113	164	167	67	106	159	104	137	151	31	104	48	39	99	92	19	17	4	38	30	34	20	71	66	108	69	57	80
	884.806396	107	167	98	80	62	48	61	56	70	120	115	113	149	146	156	133	169	121	137	139	88	77	100	82	98	88	44	27	213	248	202	174	124	155	204	274	221	83	52	146	152	146	84	48	92	133	125	167	153	33	29	21	18	39	40	89	105	71	50	70	-6	6	11	20	-7	6	11	7	204	219	141	61	112	70	104	89	50	93	90	198	181	91	143	215	140	110	173	104	102	44	59	35	22	14	29	10	111	183	147	85	88	114	122	106	147	48	108	38	32	79	64	25	23	16	21	12	45	13	74	58	159	55	60	48
	886.183289	92	161	89	88	64	84	55	39	71	134	114	139	132	135	156	126	134	133	147	115	78	66	91	78	94	82	71	35	221	187	197	181	137	192	211	269	207	86	80	151	150	153	100	98	60	131	110	128	174	31	36	12	23	33	33	97	89	68	51	56	30	26	17	-22	15	8	25	18	200	205	141	57	93	82	104	126	57	49	87	155	189	98	118	248	134	100	164	111	68	37	41	65	43	14	26	5	95	149	160	78	88	139	89	102	157	70	73	60	44	72	68	32	20	26	51	41	45	32	65	71	154	58	75	47
	887.56073	102	154	73	92	66	76	59	61	88	124	114	131	163	138	140	168	116	130	108	117	102	70	68	82	70	72	74	49	199	207	209	158	128	155	269	254	194	79	96	147	151	171	102	92	103	118	119	149	178	40	29	19	12	53	22	103	105	71	62	77	-6	17	12	15	-1	2	15	-7	207	237	140	40	91	92	121	100	71	73	84	152	142	75	117	239	128	113	145	108	65	67	57	29	34	18	36	32	119	140	134	102	84	116	103	116	127	49	89	24	37	49	76	21	34	17	40	38	33	69	54	71	173	45	40	46
	888.938477	118	194	81	107	74	63	57	39	80	137	124	131	154	167	135	110	117	102	128	126	77	69	91	67	72	59	44	53	198	187	205	186	125	183	225	253	209	87	83	143	128	119	83	79	106	122	100	119	143	31	38	18	23	39	33	88	99	71	40	57	9	8	35	-12	3	2	1	2	240	175	124	44	82	91	76	100	46	52	84	160	180	84	115	252	123	79	136	92	91	56	53	31	38	16	41	22	111	132	135	71	123	110	113	122	126	47	94	35	39	71	90	32	27	29	25	33	56	18	66	57	159	56	37	52
	890.316772	88	152	79	83	56	56	64	61	57	117	126	123	144	143	146	117	124	136	113	146	81	63	96	77	73	84	75	38	219	187	207	146	127	171	253	270	189	75	83	136	119	129	91	95	76	114	86	169	163	30	36	25	32	48	61	114	107	58	38	61	3	24	23	2	0	-10	29	-1	206	179	113	43	89	75	103	111	69	58	79	161	159	76	114	219	117	91	135	105	71	71	8	39	20	21	39	22	135	145	131	69	108	158	77	93	105	71	48	37	45	52	90	29	24	21	45	47	47	41	71	95	152	65	34	41
	891.695618	118	158	80	67	67	44	61	65	72	120	96	120	119	151	139	115	138	95	105	120	67	66	71	63	67	92	69	38	196	169	198	124	111	144	193	251	192	85	74	136	155	148	98	89	89	103	107	148	154	16	41	19	19	52	34	90	104	45	53	65	26	0	9	-2	-12	9	5	13	200	180	137	36	76	68	101	132	63	68	72	141	173	114	112	222	88	106	128	99	61	79	43	45	17	-3	12	14	125	197	127	48	103	114	103	93	121	56	105	32	8	46	91	51	21	26	49	37	36	30	84	44	125	52	44	47
	893.074829	83	132	75	82	56	57	58	53	40	122	106	110	126	129	118	113	145	103	93	102	62	81	66	73	58	53	54	63	184	206	188	154	109	126	202	234	210	108	84	134	148	129	75	100	97	108	89	124	141	22	50	29	33	53	38	81	75	47	46	71	18	15	6	-2	-4	18	15	-9	177	155	112	43	112	100	89	111	54	59	59	143	171	80	116	256	94	84	110	97	63	73	34	29	14	39	40	7	105	167	126	73	82	107	75	92	99	64	93	50	58	78	85	17	29	5	25	26	40	27	64	55	118	70	49	46
	894.45459	78	130	78	70	70	44	62	50	70	128	105	105	142	162	151	151	101	136	115	121	91	92	53	72	68	71	61	52	162	171	184	152	138	144	215	204	155	74	72	137	111	140	87	67	76	142	97	178	162	22	36	24	23	32	10	88	112	61	38	48	19	4	1	4	-7	13	3	-14	194	204	111	48	53	54	100	92	37	73	84	145	158	64	89	239	80	106	128	97	77	49	10	42	24	20	30	11	110	156	116	82	84	101	105	90	110	37	108	34	51	70	81	16	22	24	31	36	51	27	87	66	120	74	40	37
	895.834778	91	144	89	82	56	37	43	76	82	108	95	91	115	135	125	118	91	114	96	135	75	75	65	89	67	90	30	27	182	174	190	153	117	150	219	216	159	43	61	129	103	135	102	117	90	105	83	154	147	36	27	8	27	42	36	87	75	47	36	53	13	31	1	-13	-10	21	-2	9	165	174	79	29	77	96	99	127	50	70	69	136	176	93	126	221	84	114	122	91	85	54	68	48	44	22	19	2	109	132	146	69	106	90	115	91	120	47	95	20	45	73	76	22	21	33	22	26	37	6	68	56	121	32	32	51
	897.215576	63	138	60	78	75	41	56	57	55	108	92	119	149	152	129	119	118	111	86	81	62	62	67	78	94	65	62	59	156	166	137	145	114	163	190	233	171	61	81	135	129	128	81	36	87	121	99	140	116	22	24	16	21	30	26	84	91	70	20	51	5	5	11	-9	-5	12	6	5	159	176	101	47	78	75	112	80	29	78	87	134	153	57	102	209	105	82	133	101	71	56	51	48	20	4	23	16	97	148	133	62	91	128	122	91	117	36	77	44	33	63	66	-1	16	9	48	29	35	22	71	66	111	63	48	48
	898.596802	94	131	70	46	53	61	49	46	65	107	108	89	142	157	121	88	103	98	88	113	54	57	59	64	74	66	72	34	164	181	193	143	97	141	199	203	145	63	62	117	97	131	77	57	81	99	116	123	159	39	28	17	24	53	28	78	103	89	49	60	14	12	5	0	13	11	13	5	156	168	98	22	66	99	71	68	25	62	62	138	127	74	109	218	76	73	109	91	68	80	44	21	14	21	16	17	77	118	101	48	85	142	89	87	115	36	61	42	58	70	65	12	12	19	39	19	48	34	67	68	98	50	42	53
	899.978516	99	142	76	59	68	41	49	55	89	104	118	121	157	139	127	105	102	98	108	117	89	57	63	89	67	63	67	51	169	177	151	135	96	146	235	222	178	78	51	137	105	119	83	76	79	102	96	118	130	17	30	20	13	34	25	87	67	49	67	44	8	31	14	-8	-2	-1	6	16	210	195	105	43	74	62	87	83	52	93	81	136	161	49	83	186	90	84	132	87	66	66	31	35	21	12	8	20	83	114	148	54	70	94	102	71	94	44	63	45	42	61	67	25	43	31	26	35	35	22	49	35	106	58	37	38
	901.360596	80	136	62	54	61	50	22	35	63	98	96	91	120	151	104	121	102	93	110	121	57	59	77	59	63	63	59	44	159	179	185	112	72	140	196	237	134	82	55	128	107	122	86	64	63	111	103	133	138	14	23	29	29	24	13	105	83	55	10	52	15	2	21	1	16	-17	22	3	176	153	102	61	68	74	73	89	41	56	76	141	133	78	128	223	106	53	134	96	79	63	44	44	13	23	17	18	96	133	145	59	85	102	71	84	101	21	75	37	33	76	93	24	26	19	18	28	46	29	48	59	94	38	42	44
	902.743286	70	111	63	55	86	51	38	34	45	80	79	92	128	126	96	108	119	116	102	90	79	56	45	53	62	69	50	59	163	155	166	142	95	128	214	209	159	70	68	106	134	95	95	73	80	96	70	119	121	26	42	7	12	24	15	85	70	56	44	67	19	15	6	-16	15	5	-4	9	157	165	102	42	70	64	71	87	38	82	59	138	152	60	96	202	114	90	117	89	62	64	45	37	12	22	32	29	113	128	129	66	81	135	92	84	91	60	92	22	41	59	65	10	23	29	29	22	37	22	59	62	106	58	44	44
	904.126404	71	117	79	69	59	39	63	60	81	77	98	140	140	127	144	128	121	138	129	97	73	58	63	57	94	56	67	45	157	175	153	126	123	103	219	219	161	70	87	118	123	114	76	54	62	120	99	149	137	31	25	20	21	23	23	84	101	58	26	76	-12	12	-3	-2	5	12	14	-7	162	166	110	25	99	79	103	88	26	62	60	125	137	45	112	146	91	80	116	107	71	56	31	36	25	21	30	5	105	166	109	40	82	105	104	111	128	42	74	46	47	61	72	6	29	12	42	45	48	48	56	63	114	48	36	51
	905.51001	74	116	70	77	60	35	50	70	48	90	104	81	113	148	124	110	107	103	102	100	64	63	56	68	63	79	57	49	140	163	134	119	112	132	219	230	145	75	71	139	116	132	76	83	76	110	108	131	117	22	38	17	22	32	23	75	77	49	36	37	14	21	18	-2	10	-2	20	0	195	174	103	50	82	69	57	76	52	47	54	136	138	102	60	193	79	92	125	88	59	55	50	33	32	32	25	19	120	110	118	57	67	88	94	83	131	50	63	35	40	58	62	28	28	22	27	38	31	17	42	52	92	74	59	49
	906.893982	86	117	85	69	61	58	51	42	50	97	81	101	122	131	147	121	100	102	109	130	75	57	75	58	65	47	54	43	140	141	136	112	79	125	206	221	159	65	61	143	113	134	69	71	89	76	111	100	130	25	29	9	19	33	26	64	80	62	32	44	14	20	24	-6	5	4	4	-3	164	152	100	37	85	59	64	97	56	53	64	145	143	70	91	191	89	86	121	78	61	46	47	32	20	6	18	15	75	138	125	62	90	121	63	88	97	37	91	36	41	59	46	22	21	10	37	52	32	16	56	43	101	26	34	32
	908.278625	101	113	62	41	68	45	51	53	57	98	102	112	122	134	113	131	92	98	133	94	66	52	84	69	77	65	42	30	142	170	190	98	104	112	179	252	141	64	91	106	117	108	82	60	71	110	105	112	127	12	29	20	46	29	19	85	79	65	51	39	17	7	9	-1	15	-6	0	6	182	147	87	48	89	85	77	58	49	37	71	131	120	66	116	198	96	102	119	93	64	41	33	29	22	22	22	25	91	116	88	95	71	107	91	88	121	51	65	38	27	57	63	31	23	17	32	50	21	29	67	56	88	44	42	30
	909.663696	82	140	50	60	52	43	46	51	67	95	98	84	103	115	110	108	97	91	98	107	84	48	78	63	65	80	48	40	160	167	148	122	102	129	234	215	144	72	41	134	100	107	79	67	76	97	89	106	114	24	30	31	37	22	31	90	86	57	42	14	13	19	11	-21	5	4	3	-1	138	168	82	51	88	73	99	71	58	47	62	104	133	75	93	214	84	62	120	91	66	45	44	36	27	20	19	7	79	132	101	71	70	96	73	72	112	22	59	24	26	78	58	22	22	30	33	31	44	37	65	35	85	55	65	43
	911.049194	82	119	65	54	46	42	51	46	72	94	96	106	121	124	145	118	105	112	104	86	68	50	70	77	57	74	58	48	166	139	132	125	108	97	187	191	145	82	55	106	106	97	75	63	62	105	52	96	112	26	5	24	22	35	33	47	81	61	43	44	7	-6	27	-5	9	-6	14	-1	173	180	77	27	84	64	83	66	51	65	69	122	124	67	85	183	80	94	120	92	38	80	25	32	27	3	9	15	112	149	137	77	66	85	88	92	95	40	99	33	22	53	79	41	33	29	4	20	41	20	59	41	83	44	26	36
	912.435181	77	108	68	46	35	45	2	30	46	89	95	99	119	112	103	103	120	88	80	122	91	54	59	68	36	54	44	64	152	140	157	141	106	109	178	195	150	42	51	94	114	86	84	75	72	99	97	106	127	19	31	40	19	32	36	79	80	59	15	28	5	12	23	-9	9	9	4	10	152	168	97	53	72	62	76	71	54	47	60	139	115	69	77	226	78	82	136	100	47	61	40	11	23	21	25	13	95	98	126	58	83	102	74	71	98	27	51	37	24	53	58	27	29	21	29	28	18	20	66	58	98	50	46	32
	913.821716	70	109	78	43	49	39	37	40	41	79	112	95	112	88	117	115	84	109	87	71	45	42	43	53	44	50	57	28	137	157	129	107	96	128	162	235	138	47	54	118	108	106	67	61	76	79	86	88	107	24	38	28	14	33	30	81	102	65	22	24	16	3	-3	10	8	7	-1	0	145	149	78	47	86	84	79	73	52	69	42	123	107	78	74	172	110	75	93	86	48	55	28	36	14	29	39	15	77	129	117	29	70	90	69	77	70	24	53	39	21	50	55	38	37	25	16	15	22	15	78	80	112	54	31	42
	915.208618	82	98	58	71	69	67	58	72	57	97	76	94	104	100	96	109	101	68	78	82	70	52	55	57	45	53	45	25	134	142	136	106	81	129	166	180	112	53	67	127	120	121	94	50	63	98	93	80	119	34	8	15	6	21	19	57	56	72	35	53	13	11	0	0	8	10	-1	1	144	142	103	10	58	49	64	72	36	56	48	111	104	61	77	188	81	68	86	74	59	48	21	34	21	26	33	19	67	94	109	57	85	84	94	90	84	32	64	22	22	31	57	4	9	4	10	-6	56	25	51	45	104	30	20	33
	916.59613	82	117	59	58	34	50	32	59	47	66	73	68	102	104	103	100	73	68	83	62	50	75	46	60	57	47	41	22	135	146	145	101	86	111	198	217	157	61	51	88	97	115	77	59	64	85	93	102	118	29	21	12	10	26	10	47	58	68	40	38	-1	6	4	-1	-10	-3	4	-9	156	126	84	40	86	59	75	83	22	39	52	112	105	31	80	160	70	69	117	76	57	23	34	31	23	15	23	38	82	111	106	43	69	90	88	89	82	21	60	28	23	39	69	9	5	-6	45	47	56	32	45	47	93	55	39	37
	917.984009	75	118	51	48	56	50	45	38	33	97	78	80	116	134	88	81	60	78	79	76	60	52	38	39	41	23	46	22	134	139	134	105	90	102	175	163	138	67	60	95	79	85	59	65	57	119	66	120	126	18	34	33	17	10	8	41	63	53	11	49	5	7	0	-7	1	2	-5	28	148	140	61	36	74	55	80	89	40	33	69	131	105	60	90	155	69	70	90	65	59	53	30	19	16	10	23	21	66	98	117	43	71	77	82	73	97	15	55	45	44	36	41	15	2	9	18	22	20	26	62	48	93	39	14	59
	919.372375	83	129	52	33	65	39	37	48	54	71	60	100	93	111	98	81	74	70	79	72	85	61	54	47	68	45	47	38	123	148	141	84	70	93	160	168	124	47	37	93	86	121	50	73	63	92	72	109	85	40	9	14	10	37	26	71	57	46	27	61	-4	13	-3	10	5	9	-4	-8	124	149	56	22	58	74	76	47	46	33	65	124	128	53	75	199	72	58	82	52	56	48	0	14	5	0	1	26	58	109	114	28	39	99	76	54	80	36	59	46	54	69	62	8	8	17	20	17	28	26	37	31	91	17	24	31
	920.761292	65	98	36	57	42	36	44	58	58	89	83	103	106	116	101	109	67	88	55	111	65	47	67	41	48	27	39	48	160	110	114	90	86	80	164	183	119	55	58	87	110	106	76	40	67	88	80	93	89	8	3	-2	20	24	19	40	71	48	34	36	2	8	2	-1	5	-8	20	-8	109	115	69	39	74	62	78	79	42	58	52	109	90	74	66	157	76	65	98	63	61	50	40	42	-6	11	27	9	97	106	108	24	57	85	86	79	81	19	54	6	18	49	64	-4	3	2	12	22	35	20	35	43	75	38	19	37
	922.150574	67	82	66	57	32	44	37	33	54	56	83	69	109	103	110	100	80	90	84	102	29	51	69	53	43	40	27	29	98	129	134	81	69	104	132	183	134	60	63	88	84	102	89	57	39	84	71	81	88	20	12	1	5	29	28	50	65	58	17	41	8	4	16	-27	-3	4	29	15	140	129	97	17	72	56	70	46	35	42	67	110	96	67	92	142	65	53	99	58	61	50	28	33	11	7	-4	34	81	95	87	42	49	64	66	94	66	21	45	-2	31	34	59	13	26	4	13	11	29	21	61	50	80	31	27	21
	923.540527	65	85	61	52	37	40	30	35	38	83	73	63	91	101	92	107	57	80	54	83	41	77	32	39	47	64	34	28	120	131	103	105	66	95	152	173	123	59	53	72	82	104	92	42	56	76	66	79	95	17	15	30	9	34	22	57	64	32	30	47	-8	3	-1	17	-3	8	1	1	134	103	95	10	45	43	79	58	53	71	40	90	89	66	87	128	66	64	78	88	55	39	16	21	16	44	25	17	80	103	104	55	41	66	96	98	68	35	54	21	20	57	52	25	12	15	23	20	32	36	50	32	69	28	16	26
	924.930786	65	100	60	56	55	45	49	34	36	81	76	57	85	71	116	75	84	57	80	80	53	20	75	53	49	48	44	23	118	107	116	92	83	107	149	141	119	71	44	80	97	98	54	41	62	69	87	73	105	28	11	20	21	25	23	80	80	47	27	19	29	17	5	1	-13	22	5	2	138	139	70	26	54	44	59	61	24	43	48	79	82	59	70	169	72	74	103	53	56	48	24	18	6	6	14	-2	47	105	117	52	68	78	90	62	81	33	39	20	31	47	36	35	12	15	34	20	25	22	58	55	45	40	16	38
	926.321594	52	97	36	61	34	58	42	35	55	75	73	86	86	70	94	115	75	51	78	74	50	50	64	56	51	35	28	34	150	110	79	90	81	114	132	193	138	46	44	83	85	75	83	70	67	73	71	78	85	20	34	27	15	30	11	47	60	36	17	51	-8	20	14	3	-4	-5	-3	3	124	114	59	30	53	53	49	45	45	47	37	92	102	57	60	165	72	68	95	57	52	50	25	29	12	14	25	18	73	103	76	17	58	67	76	80	90	39	74	34	43	37	43	25	6	24	14	30	19	15	43	48	68	45	23	28
	927.712891	70	102	37	58	49	40	36	40	61	75	68	67	88	105	101	52	92	71	62	50	55	41	52	46	39	72	35	42	121	104	101	83	97	117	136	125	125	48	61	65	97	57	61	39	62	49	79	88	94	13	20	11	22	33	28	74	62	31	24	35	7	-15	9	15	7	-8	3	4	142	116	103	25	56	59	66	77	27	33	45	94	68	56	72	151	73	43	65	61	57	49	16	17	18	-2	29	21	91	98	95	50	52	84	67	53	86	25	54	43	34	39	50	25	6	-1	15	17	6	15	59	32	78	36	34	32
	929.104614	55	111	55	58	47	30	40	35	32	79	62	66	88	108	97	92	85	77	88	77	43	40	59	37	42	58	43	45	120	96	100	89	92	92	133	167	97	52	56	82	63	105	64	86	61	73	62	80	61	24	31	4	12	15	27	66	55	51	19	44	-9	18	10	-14	0	-6	17	5	128	165	73	28	75	62	51	68	38	19	49	97	101	57	83	161	36	63	86	53	31	29	28	38	10	13	21	14	66	123	77	22	45	72	79	76	82	29	42	20	24	46	47	17	29	11	19	17	30	23	55	40	82	39	41	39
	930.496826	61	91	58	58	43	21	44	31	43	81	60	41	99	77	89	99	98	63	73	78	44	56	52	43	36	59	22	23	119	138	105	70	76	97	140	184	114	46	37	74	63	101	53	37	45	64	51	92	84	7	26	17	13	32	18	72	73	29	7	39	14	6	17	2	-4	-5	18	-3	124	132	87	22	62	48	54	61	24	24	39	78	73	38	47	132	79	59	105	80	44	42	12	25	8	19	25	15	89	104	66	40	67	86	78	82	87	52	48	39	38	38	50	36	27	27	16	15	18	20	53	48	73	34	51	25
	931.889587	70	104	56	60	53	39	34	36	41	66	50	56	98	85	83	109	78	59	53	66	56	55	45	55	47	28	41	24	134	118	98	88	98	99	148	144	103	44	39	60	53	84	62	73	46	94	74	90	93	20	11	16	23	43	22	74	59	42	18	40	6	9	11	5	11	2	11	4	119	117	83	22	40	53	57	63	41	11	21	96	65	41	72	146	67	62	103	32	29	43	33	37	25	18	29	5	84	84	88	28	52	85	59	53	80	35	56	11	33	7	12	22	7	1	24	14	16	36	46	34	71	9	50	36
	933.282776	36	87	42	53	53	33	33	28	44	62	59	54	83	75	98	85	51	86	77	88	52	47	56	53	53	29	45	2	106	110	105	112	74	98	130	174	125	37	31	93	98	83	52	64	44	76	55	101	85	6	7	17	26	30	20	30	52	35	21	44	-4	27	11	12	-6	3	23	-1	72	79	65	16	59	49	57	56	37	46	52	116	95	55	74	115	60	50	82	48	44	30	27	17	7	15	21	9	51	97	81	34	60	87	47	50	69	23	52	28	33	38	31	1	3	7	17	20	28	28	35	34	66	20	22	22
	934.676514	69	67	68	57	43	47	19	64	44	54	37	62	70	80	91	110	68	63	47	64	42	39	32	40	49	38	28	23	112	94	116	81	65	92	123	153	102	37	61	94	98	69	46	56	43	84	47	93	65	-13	36	21	11	0	19	64	46	26	29	25	16	16	4	-12	0	-10	-1	19	106	94	64	35	43	60	58	77	49	28	34	97	92	73	59	131	54	51	69	75	36	50	39	24	19	5	15	25	81	86	72	54	59	60	63	55	35	27	55	25	10	27	37	19	-1	7	20	24	17	15	53	32	55	28	28	22
	936.070679	54	91	31	17	29	23	34	32	43	55	82	51	82	74	93	68	72	72	60	111	46	17	35	34	48	47	47	29	111	109	100	77	78	91	163	148	117	23	46	58	77	81	61	45	46	68	61	70	85	17	35	18	24	16	5	71	61	22	14	22	12	0	11	-15	7	3	8	-3	119	104	61	12	57	52	51	66	30	51	63	83	71	39	84	132	48	72	100	44	53	42	20	13	12	12	9	20	69	81	64	38	70	67	64	36	73	14	54	33	18	54	45	13	24	9	22	34	38	21	20	40	55	47	12	32
	937.465271	52	64	47	30	27	49	17	21	16	56	62	56	85	97	109	53	70	75	58	70	46	50	35	30	31	43	23	22	80	106	113	48	62	101	142	146	111	47	38	84	67	97	50	57	46	66	71	81	79	23	25	10	16	22	23	63	62	67	12	24	14	11	4	-10	-9	2	-12	6	126	114	63	33	53	32	57	55	42	42	38	91	105	46	52	150	52	64	81	62	21	35	46	29	13	15	32	7	62	79	86	45	40	108	62	49	64	23	35	27	24	36	43	16	12	19	11	25	19	20	57	46	76	33	30	27
	938.860413	62	68	54	41	44	19	36	17	25	60	45	68	74	62	66	68	95	66	65	51	50	25	41	49	51	64	35	26	102	96	80	59	52	65	117	143	105	26	28	68	57	61	60	65	51	71	70	71	76	9	14	22	26	24	25	38	47	18	36	26	-17	38	11	6	-8	8	-1	-11	97	85	33	22	54	37	59	57	50	31	39	91	60	35	56	143	54	43	101	57	36	36	37	30	5	-7	1	1	41	71	92	21	78	70	60	53	68	25	65	14	11	41	49	-3	4	6	6	17	25	30	53	30	45	33	35	8
	940.255981	58	61	44	47	26	28	19	23	46	70	41	50	80	80	60	89	45	54	53	58	42	37	45	30	37	36	47	17	105	90	89	54	74	93	137	150	102	72	28	61	57	89	41	42	60	55	57	89	84	15	5	28	4	16	-3	45	57	26	25	57	-10	25	20	1	14	5	9	-12	89	92	67	28	57	48	58	62	37	42	32	65	96	64	59	109	69	11	63	33	44	31	30	26	15	22	31	2	75	67	84	36	60	61	71	41	82	30	37	34	27	15	31	22	27	11	14	2	25	21	34	35	71	25	21	16
	941.6521	72	73	42	41	33	11	22	31	43	40	44	59	56	60	71	63	65	38	54	104	57	52	44	27	30	28	43	24	101	71	104	91	67	78	124	158	90	9	55	50	73	74	52	48	59	63	54	75	67	22	2	7	13	10	27	49	29	31	27	25	9	14	5	1	1	19	3	9	120	77	57	33	51	43	61	60	35	19	17	75	70	26	61	153	40	75	55	44	34	18	26	24	31	-6	24	19	51	68	82	21	32	61	51	56	75	18	38	15	33	18	40	22	17	8	22	37	15	5	39	48	44	45	34	13
	943.048584	58	86	42	49	29	22	17	28	36	55	48	51	61	83	77	71	50	40	47	66	32	25	30	36	40	28	53	39	74	111	88	75	80	90	116	168	94	28	53	66	64	53	47	33	24	56	73	70	75	6	17	6	10	0	8	50	46	14	27	29	4	22	5	6	-15	-9	-15	4	93	107	68	16	50	31	30	51	58	40	50	85	91	48	74	108	36	44	63	51	32	25	16	28	14	16	23	10	51	91	67	22	50	51	57	33	69	11	28	12	24	39	40	26	35	7	22	20	18	14	37	34	51	23	33	26
	944.445679	43	60	46	33	24	27	32	34	32	44	36	54	66	96	60	50	54	68	45	59	39	45	27	38	39	-7	3	8	98	94	69	65	58	62	104	132	94	38	29	55	59	66	48	39	56	65	70	52	68	21	24	10	0	13	29	38	33	44	15	23	5	10	26	11	-10	-5	-1	2	95	85	75	33	57	45	28	55	27	19	43	78	75	37	41	114	44	43	52	34	22	41	26	28	0	6	6	13	30	58	66	41	64	73	44	35	64	13	23	28	34	26	29	13	14	1	8	4	-5	17	44	13	52	30	13	25
	945.843201	60	71	33	25	19	26	34	15	40	65	45	61	73	77	72	57	67	51	46	51	41	26	28	50	32	34	26	41	92	85	72	67	56	80	107	138	111	47	23	69	76	69	38	55	51	60	39	62	51	20	32	26	25	3	26	32	45	24	18	15	3	1	25	-5	-10	6	4	6	84	73	68	-1	36	24	55	48	21	35	34	81	82	24	46	130	58	42	69	52	49	36	13	7	9	22	10	10	60	89	73	30	25	59	45	24	43	41	44	39	17	23	39	8	5	18	40	27	14	20	34	34	64	26	28	31
	947.241211	53	54	44	26	27	27	25	55	51	37	54	54	54	84	67	70	54	62	56	58	37	33	39	37	17	27	23	11	75	108	93	68	39	66	117	115	75	33	29	59	75	64	52	28	30	45	43	60	47	17	8	4	7	19	20	40	46	31	16	23	9	14	-5	-9	-2	-3	6	6	86	73	46	9	37	31	42	52	26	28	34	69	48	34	40	120	34	51	71	36	51	34	27	15	12	6	17	11	65	68	75	43	23	57	46	34	53	11	34	28	21	16	43	7	8	7	7	5	7	21	22	17	61	18	1	29
	948.639587	62	64	50	36	26	8	29	57	24	48	39	60	51	57	79	64	53	59	59	49	27	27	31	48	37	28	23	4	70	108	72	65	47	47	110	140	65	44	25	63	64	104	49	49	39	65	55	61	64	-1	-4	6	10	28	38	41	32	13	34	15	-2	0	11	-1	4	9	1	12	75	95	35	29	39	42	30	61	26	30	21	62	82	46	22	129	31	57	63	19	21	6	33	13	10	10	34	-1	75	78	65	26	49	39	53	37	48	20	45	5	11	33	36	4	16	2	12	11	10	10	28	16	51	18	2	28
	950.038574	40	65	44	32	15	13	13	24	29	43	50	54	109	68	72	59	60	38	58	46	33	37	46	20	48	33	34	12	70	59	65	43	34	67	126	139	103	28	20	77	68	89	40	36	35	59	56	52	62	10	-2	6	3	8	13	42	42	25	11	24	-10	13	-3	3	8	1	-1	0	75	72	51	17	33	30	62	46	20	17	8	75	98	34	34	94	32	35	69	48	43	10	29	4	12	4	17	-4	65	76	58	34	58	38	49	31	50	21	54	15	8	22	19	5	2	-9	32	18	35	16	20	18	50	44	14	21
	951.43811	40	80	33	14	18	25	8	17	31	55	37	36	70	72	64	61	56	42	52	64	28	45	33	11	28	30	35	4	56	103	94	62	50	67	127	136	80	31	44	71	66	92	56	56	37	66	62	80	56	22	19	-1	20	15	16	45	5	33	15	9	21	5	7	-20	10	15	7	5	72	84	55	3	46	40	41	39	29	30	59	62	60	30	53	87	15	50	42	54	26	21	43	24	17	9	0	9	51	72	69	32	33	34	31	34	42	25	55	25	9	8	14	8	2	1	1	20	6	11	18	39	31	24	17	17
	952.838013	49	66	33	37	51	36	20	26	29	58	65	39	79	62	77	56	84	57	52	55	40	40	17	46	48	40	23	31	76	92	84	47	68	72	106	127	99	52	42	59	59	36	45	32	31	42	52	56	44	9	11	20	12	8	24	47	40	27	35	20	1	34	11	-6	-10	6	6	12	56	99	47	29	23	20	38	49	38	22	41	53	65	39	58	119	46	46	68	60	60	27	3	29	5	10	9	-18	45	72	75	29	36	37	48	34	70	32	47	20	20	41	30	24	35	21	30	13	12	3	39	43	58	26	22	14
	954.238403	60	51	31	46	22	17	46	44	27	63	46	56	74	75	75	78	52	41	51	31	36	40	27	36	32	38	12	12	80	62	76	69	57	79	101	150	99	31	44	58	53	63	48	23	39	33	34	51	65	22	26	1	6	3	12	45	50	50	19	18	-3	13	12	0	9	17	16	4	87	94	34	20	54	44	43	42	27	34	35	59	53	33	32	100	38	54	59	40	34	33	12	25	30	11	28	-13	47	70	69	25	37	49	59	62	43	22	57	40	22	28	28	29	24	20	16	31	18	6	34	36	42	19	6	46
	955.639282	37	44	37	44	25	24	20	16	15	63	34	40	87	69	78	70	53	79	48	52	25	35	27	26	42	42	24	12	71	67	84	61	54	60	122	119	57	24	34	67	55	63	57	45	40	43	38	41	47	29	38	7	11	3	5	47	43	36	12	23	4	-6	16	2	-3	-11	4	11	76	74	46	11	44	36	57	36	27	31	41	86	70	56	41	118	60	40	61	48	34	34	30	20	9	1	12	19	48	92	49	7	50	56	58	31	35	25	37	24	15	12	32	10	11	12	42	38	13	4	31	43	28	12	22	14
	957.040588	53	34	33	36	26	27	36	27	18	46	55	50	41	59	56	51	46	77	42	31	37	21	23	30	50	30	21	20	83	76	58	42	33	70	73	133	71	19	31	69	70	52	31	22	31	57	38	56	60	19	15	19	17	17	27	23	33	8	30	28	6	-4	22	15	-10	3	5	-9	74	81	54	13	58	34	57	33	13	45	22	52	72	54	48	95	57	42	41	25	23	20	17	0	6	7	16	16	49	78	55	31	56	56	40	31	59	29	59	8	5	23	19	14	8	2	-2	5	21	16	35	41	46	40	10	38
	958.442505	30	66	20	40	30	20	33	39	23	54	45	47	43	55	45	70	59	30	46	57	42	46	29	24	25	34	20	8	72	57	77	45	52	68	97	130	83	29	16	53	57	73	23	42	45	45	47	70	72	10	17	15	13	13	21	14	8	24	34	8	15	-8	0	27	0	10	10	7	59	66	34	18	39	35	43	13	44	22	23	55	67	42	55	108	41	52	58	38	37	18	8	29	31	-2	8	-7	41	36	71	20	25	45	44	56	58	33	37	18	14	11	27	18	4	2	9	21	41	10	22	26	48	9	24	36
	959.844788	60	72	28	44	30	35	36	32	20	56	37	53	38	63	74	56	49	54	42	25	44	39	22	29	40	42	22	13	94	79	78	66	58	60	84	131	81	20	49	47	62	46	48	31	64	56	44	76	65	17	13	8	2	24	24	19	26	27	23	22	-1	4	-4	17	-2	-6	-1	9	61	79	56	19	42	33	50	56	31	34	42	59	55	52	40	101	19	31	52	25	8	44	0	17	21	7	-2	-5	47	49	57	23	45	59	49	59	42	9	40	7	8	28	21	-12	11	14	16	13	20	17	36	32	35	23	11	26
	961.24762	40	50	44	23	30	29	42	44	32	31	29	53	73	58	40	52	46	32	26	31	32	40	36	32	29	26	25	16	66	60	82	55	57	57	97	98	85	28	35	55	57	56	48	34	36	60	45	41	60	7	20	9	13	21	5	44	37	14	10	26	-2	-3	-7	-18	-4	-3	-7	14	60	72	54	33	34	20	45	22	20	28	31	50	58	34	69	77	37	30	43	42	36	28	39	-6	23	16	22	9	55	64	60	30	39	50	25	38	28	23	27	22	12	18	23	13	6	21	1	1	19	21	28	41	35	8	31	11
	962.650879	43	48	42	29	25	27	12	10	25	84	36	23	80	87	74	48	47	47	45	40	35	33	35	20	49	28	27	0	81	62	62	40	55	62	92	115	66	36	25	46	63	43	6	46	28	46	46	69	55	9	14	16	0	19	14	43	35	5	-3	32	7	5	2	-2	-9	6	9	16	72	83	42	9	42	24	42	43	23	22	20	79	62	41	59	81	42	31	45	40	43	37	11	13	3	14	13	9	45	70	56	35	32	45	51	46	28	12	35	9	12	32	52	14	11	15	3	16	11	15	21	37	42	16	21	32
	964.054626	29	61	22	32	26	31	23	34	33	17	49	76	41	63	77	67	33	49	33	30	33	30	21	23	40	18	14	20	60	59	62	45	64	70	89	143	77	33	44	57	74	66	47	44	47	45	49	39	30	15	30	13	18	26	5	37	50	50	13	6	4	8	3	-2	8	-2	-8	3	43	65	43	12	31	19	29	65	23	49	44	64	48	37	40	89	29	46	66	42	16	34	15	19	14	17	3	26	51	25	56	25	29	28	47	45	33	2	34	23	16	22	22	20	21	20	14	2	-1	3	22	25	31	-16	20	44
	965.458923	35	62	30	22	20	51	22	22	31	36	50	30	54	46	63	37	37	70	39	30	24	28	21	35	25	17	28	18	61	54	77	56	40	52	102	115	78	13	14	40	71	43	34	44	53	51	38	47	34	14	16	-3	10	20	4	40	35	30	26	35	19	-12	-1	7	-9	7	1	5	73	54	65	9	35	22	35	27	19	25	17	53	45	26	34	98	30	24	45	36	23	18	5	7	11	11	13	11	36	50	74	29	19	48	36	27	65	20	30	14	11	29	6	10	10	2	9	20	8	17	32	31	39	38	27	31
	966.863586	60	65	40	40	36	34	33	28	32	39	41	39	86	72	78	46	38	56	48	47	31	42	34	37	36	54	19	2	82	64	71	51	70	64	108	98	80	6	32	27	38	44	38	21	45	38	37	50	32	1	7	13	23	11	17	34	36	27	2	27	-12	12	-1	-1	-8	-3	11	5	65	58	38	4	23	14	44	41	10	40	28	57	42	24	34	91	53	51	52	44	36	14	12	5	2	23	16	16	65	75	65	27	21	47	51	61	64	-4	22	6	12	23	24	5	1	8	14	7	14	4	37	27	26	31	28	38
	968.268799	47	47	29	32	44	23	13	13	40	29	42	48	77	67	51	51	45	48	49	56	41	23	21	35	27	14	37	5	102	69	70	38	50	60	121	103	51	11	43	50	43	58	43	38	45	61	40	43	45	18	7	8	24	24	31	59	52	9	3	41	-5	4	-11	-6	2	6	4	2	68	56	41	14	28	21	47	31	37	36	27	67	69	40	9	102	35	38	29	26	19	27	13	23	2	5	3	18	60	52	41	13	38	39	56	27	50	42	43	24	11	11	26	20	24	25	4	-2	24	7	26	10	43	4	36	15
	969.674377	38	48	30	38	24	28	23	24	26	55	45	58	52	49	49	41	30	53	31	61	25	31	25	33	19	19	41	23	69	48	57	81	38	46	98	129	83	28	14	36	43	29	40	30	30	28	31	56	50	6	1	1	-9	12	20	13	25	10	19	29	-5	-1	3	15	-4	13	-7	2	71	75	40	10	41	30	34	34	16	32	34	71	56	32	39	81	39	36	59	43	16	25	24	24	5	1	-5	-8	55	61	59	48	34	72	63	35	52	23	38	-9	19	14	29	-3	10	6	10	6	32	-2	48	26	49	19	23	26
	971.080688	34	30	40	24	41	19	14	26	23	45	32	29	38	52	69	47	48	35	34	62	27	31	14	14	17	40	22	20	79	49	63	28	68	49	91	93	75	25	40	30	49	37	46	30	27	39	31	36	47	25	13	16	16	5	10	23	27	30	26	28	0	-4	1	10	-12	17	-1	7	73	52	41	18	38	19	27	32	27	15	29	66	52	38	35	91	31	25	37	23	31	29	11	12	19	-2	11	-10	46	69	39	12	45	30	46	32	55	29	34	3	4	25	14	8	-7	8	-10	4	29	-5	27	22	47	-3	20	26
	972.487305	47	71	42	41	17	8	3	5	34	46	40	31	39	72	73	43	63	36	15	53	40	28	27	29	37	12	41	33	73	71	50	61	47	58	102	96	80	25	16	40	35	66	26	27	30	38	32	46	31	-8	-1	2	10	6	-6	34	28	-6	17	28	-7	9	-5	2	6	25	-5	8	77	65	41	7	48	22	31	39	24	37	29	46	49	30	28	47	42	33	37	23	29	3	10	10	9	27	23	35	43	57	55	35	12	48	20	37	43	7	7	7	5	37	28	6	14	24	14	16	17	14	13	26	15	18	11	12
	973.894409	53	55	47	24	32	11	31	15	27	50	19	43	50	60	50	33	44	44	41	43	19	10	37	34	23	38	20	10	74	69	63	43	51	56	110	106	50	32	33	46	54	72	38	14	37	40	38	52	61	20	1	-11	-4	24	7	42	29	31	13	37	1	-5	-4	-1	4	-9	-3	8	64	65	61	14	39	21	34	34	26	37	28	61	59	36	22	65	35	52	40	31	15	25	2	17	17	11	16	8	85	53	39	27	23	53	39	56	37	30	28	-5	4	8	6	10	7	16	8	36	9	6	18	17	24	6	16	-4
	975.302002	23	54	38	44	42	26	12	33	10	50	29	35	64	60	55	58	46	55	23	44	26	23	21	56	25	35	27	22	57	59	58	49	58	62	81	110	72	30	15	33	69	57	25	44	46	51	23	33	41	-7	19	9	16	3	1	42	31	3	21	37	3	5	-1	-1	10	-2	7	-10	56	57	45	2	28	38	36	33	3	34	37	36	42	30	34	73	37	45	29	47	40	18	31	35	3	18	7	21	39	49	57	27	36	43	26	53	25	15	27	17	25	27	7	6	20	5	8	8	8	1	21	30	17	20	18	24
	976.710083	31	42	24	19	31	20	15	19	18	41	57	49	31	48	69	42	21	31	36	28	38	20	27	16	20	26	29	1	59	58	55	53	66	37	83	105	44	27	12	53	58	66	44	39	25	21	40	35	55	-10	21	8	13	15	3	42	40	13	21	18	5	3	-6	0	11	-5	-7	-4	57	56	46	17	28	20	11	6	16	45	35	44	24	42	31	81	48	31	36	41	26	26	20	43	2	11	24	14	38	37	73	40	21	41	33	63	7	18	20	20	18	27	18	12	13	-2	9	19	13	12	21	14	43	6	20	31
	978.118713	50	37	13	4	31	19	12	20	8	34	37	43	37	46	41	25	72	36	50	27	15	32	27	29	10	25	35	14	48	44	61	41	44	45	113	123	74	15	31	48	46	62	36	34	34	30	41	50	51	19	28	21	16	12	8	25	18	11	23	1	21	30	4	-19	-1	1	-2	-4	61	53	21	16	43	43	31	22	4	11	9	19	38	20	43	98	25	55	57	46	26	17	19	17	-8	15	14	6	48	49	62	13	21	59	34	34	45	25	38	21	10	11	10	2	-1	-2	3	8	21	24	36	19	26	33	31	13
	979.52771	37	28	37	33	17	17	26	38	30	19	42	36	62	41	20	31	63	45	50	31	47	21	33	43	30	28	29	18	75	50	61	31	68	38	87	137	64	17	35	40	39	42	26	8	21	57	53	55	46	32	14	7	10	27	28	30	13	36	14	19	1	9	7	12	-12	16	4	24	51	76	29	1	31	37	29	24	17	30	11	27	46	15	43	60	29	43	42	38	11	19	-4	20	19	12	17	-7	44	54	35	-12	29	36	48	17	21	38	32	25	34	50	37	2	6	3	10	18	22	7	45	48	20	32	21	13
	980.937195	45	48	42	20	28	12	16	26	35	30	15	36	52	49	46	48	26	41	46	60	29	19	23	27	39	23	22	19	68	64	76	43	39	59	119	114	49	37	27	24	29	46	30	31	40	20	33	46	43	5	8	5	8	14	17	19	22	39	25	4	10	3	2	1	9	-15	-1	4	61	46	25	28	21	28	29	35	27	11	27	60	42	36	12	90	31	28	49	38	40	12	24	8	11	4	26	4	43	40	52	28	40	49	39	13	35	9	23	6	3	-15	5	6	-1	5	17	14	13	9	3	11	21	15	15	23
	982.347229	31	48	27	21	42	20	20	31	20	36	21	21	37	37	57	48	55	29	33	50	14	30	14	28	12	26	27	36	45	57	78	52	37	49	102	97	63	33	5	33	59	50	17	20	25	39	26	38	31	17	17	-1	2	23	5	12	20	25	24	28	-1	6	3	-12	-5	19	2	-1	63	50	75	10	23	19	31	27	16	4	29	32	42	46	14	46	35	26	27	30	6	16	10	19	7	8	27	-1	38	40	60	11	27	40	37	22	32	23	27	-4	8	41	29	-7	-1	-10	3	9	3	3	13	14	43	20	4	11
	983.75769	32	34	17	7	16	18	27	26	22	21	37	39	35	38	55	38	34	37	24	49	27	25	11	19	-1	21	25	24	36	66	50	28	35	37	110	96	67	10	24	16	33	31	31	18	14	34	26	41	44	13	1	16	10	11	16	19	27	33	9	26	10	11	19	-5	4	-2	3	-5	59	67	43	6	24	27	29	34	15	36	32	30	29	8	33	58	43	56	49	41	16	19	14	-9	-8	1	8	7	34	65	46	17	14	60	30	18	44	17	23	13	13	21	17	9	8	0	18	17	1	13	30	13	33	11	-6	25
	985.168579	15	33	17	6	22	0	30	28	16	30	54	26	49	39	18	35	44	26	29	28	37	34	16	29	25	27	19	23	53	73	56	28	37	45	68	102	61	14	17	19	42	35	29	38	39	23	37	30	49	15	7	4	-8	-4	-4	32	21	32	24	38	29	25	-3	-2	5	7	12	-6	57	51	31	19	32	22	29	16	9	16	20	41	44	32	16	67	36	43	55	35	37	23	20	4	-1	14	2	12	27	37	36	20	34	34	37	29	23	24	19	13	10	22	18	11	14	3	27	25	12	13	13	33	17	23	-2	23
	986.580078	44	46	30	11	30	20	15	22	17	38	58	48	65	47	39	36	42	38	38	34	34	18	32	26	23	19	30	4	56	52	36	53	53	50	78	97	60	36	15	18	35	47	49	17	33	36	38	42	44	28	-7	-9	5	11	15	7	9	31	19	9	-14	17	-9	8	10	4	8	17	61	67	30	27	13	20	41	16	32	12	16	31	36	28	19	88	41	29	22	23	8	25	17	1	11	12	29	2	25	54	52	17	29	37	49	32	29	-2	24	14	20	11	9	3	9	-12	13	12	21	18	26	30	32	30	7	23
	987.992004	29	39	34	21	8	-1	19	18	29	13	25	17	64	48	10	38	43	34	48	24	33	15	38	29	17	24	28	21	51	49	36	37	37	32	73	109	46	22	25	51	59	55	52	46	28	45	34	46	32	21	16	16	19	6	17	9	17	15	8	5	13	5	1	2	20	9	13	-3	57	68	35	18	20	25	13	38	15	6	35	57	40	39	40	70	20	35	60	35	24	1	28	12	8	12	10	-4	28	33	26	12	20	49	30	38	38	10	33	5	11	19	21	11	7	-6	20	10	9	15	23	34	31	33	3	6
	989.404419	39	43	-2	27	3	17	20	7	15	27	40	19	25	23	67	52	36	23	40	32	30	17	24	26	21	30	8	39	48	45	49	39	35	52	109	107	35	18	31	33	53	39	35	40	10	21	33	42	51	4	14	10	-1	15	8	19	20	18	10	24	2	10	0	5	-11	-4	-5	4	46	48	32	6	20	20	19	35	30	3	14	32	38	33	29	82	24	31	42	40	19	14	24	23	9	4	2	10	32	43	31	9	41	45	20	46	40	20	44	4	0	11	16	-4	15	4	7	19	-4	14	21	12	19	30	-3	19
	990.817322	27	52	4	16	40	2	15	18	20	11	36	49	39	41	33	26	33	19	36	56	24	18	30	7	14	3	17	11	59	29	61	45	45	50	56	64	53	21	15	24	47	23	27	19	29	49	45	24	23	8	13	16	31	-20	-7	15	12	22	19	5	18	2	1	1	9	13	9	6	57	43	32	17	23	25	27	34	5	22	12	32	35	32	27	90	24	33	25	18	1	13	11	26	18	25	8	-2	31	37	19	9	26	47	29	26	40	15	20	15	13	22	16	8	-2	7	15	6	13	11	23	14	39	4	5	23
	992.230713	17	54	25	16	23	5	2	9	7	9	13	25	20	42	31	32	39	9	22	19	6	27	23	15	41	18	20	10	41	59	31	28	41	51	67	74	56	26	31	38	43	37	43	26	17	36	28	30	18	1	19	5	17	18	18	28	30	4	-1	11	0	-14	10	2	-3	6	-4	-6	51	37	30	0	16	13	20	9	10	34	15	34	39	27	32	85	48	8	40	41	7	11	6	5	17	2	5	1	21	59	51	22	16	22	24	32	36	17	19	12	10	14	13	10	18	4	15	5	10	10	25	9	27	10	-4	14
	993.64447	40	39	17	14	38	3	9	12	18	44	20	22	41	41	32	24	54	39	58	30	30	31	36	2	7	13	17	11	69	40	49	42	39	59	72	85	54	17	16	33	48	31	38	-1	24	23	30	52	36	21	-1	7	12	13	6	15	7	19	3	20	7	5	16	-3	14	15	0	-11	45	52	34	16	10	22	29	22	20	12	28	38	48	32	30	63	49	39	36	10	24	26	16	27	14	16	9	11	29	36	55	26	10	28	29	31	26	14	7	15	24	7	14	-10	-10	-18	11	-1	-8	0	9	1	2	33	7	11
	995.058777	36	40	10	12	15	4	8	-7	7	24	14	38	31	28	39	17	41	23	33	34	15	11	4	31	24	16	9	19	50	22	53	40	21	43	62	86	64	27	7	43	53	46	31	40	25	30	47	22	32	5	3	13	13	16	7	25	20	25	16	12	10	-10	0	0	-8	-5	11	8	49	64	19	16	23	21	5	29	6	13	38	24	46	26	32	55	16	24	49	24	14	8	16	18	24	-3	-1	-5	14	30	37	17	28	33	17	17	20	18	34	3	8	28	20	6	17	5	1	-7	1	30	18	40	35	28	20	25
	996.473572	27	-4	-1	11	2	18	9	12	22	29	14	35	60	29	20	15	48	26	42	29	8	8	20	23	34	19	28	21	42	66	46	42	16	42	83	97	54	16	33	23	25	25	31	28	16	39	30	35	26	-8	10	3	18	2	13	21	30	23	16	11	24	5	15	1	9	7	5	-8	52	60	34	17	16	28	31	31	19	17	23	19	34	26	20	59	21	18	28	28	46	31	9	-3	8	10	-1	-2	18	20	50	17	14	34	13	12	17	-5	12	17	23	0	10	9	18	15	11	2	25	0	12	25	34	24	19	12
	997.888916	44	37	6	11	31	8	8	2	0	21	25	33	24	27	29	27	19	28	30	35	25	24	-4	-2	17	13	-1	18	22	39	41	20	30	27	60	92	56	22	15	39	47	35	23	31	20	31	15	34	20	13	6	12	10	21	15	33	28	29	6	6	0	2	8	-16	17	2	25	12	41	57	38	11	24	15	18	29	22	18	12	55	39	43	18	71	21	57	27	21	20	14	2	11	10	-5	17	5	20	32	32	19	28	28	17	21	44	15	38	10	7	4	17	13	7	10	16	4	31	12	9	8	29	11	9	2
	999.304626	14	40	9	12	13	29	22	14	13	40	35	42	31	46	41	29	36	19	19	16	24	23	24	11	25	24	9	24	39	46	34	41	29	49	52	77	38	23	2	34	44	35	22	16	21	34	19	20	25	-2	-4	5	10	21	-3	13	10	18	5	8	-3	6	5	-11	10	7	-8	25	35	35	24	16	25	17	9	16	26	21	31	28	29	27	32	53	16	24	42	30	26	14	9	16	-12	22	11	6	25	31	36	12	22	30	26	32	24	20	22	9	17	28	6	-6	17	0	5	3	6	7	16	19	30	2	13	16
	999.65863	31	39	8	17	14	34	20	22	19	23	3	20	33	52	52	27	26	30	23	15	24	21	11	20	11	20	27	25	47	32	66	13	25	39	74	75	33	16	18	20	41	32	14	39	8	34	39	28	29	-7	-1	2	5	1	-3	19	12	-3	-21	21	3	-2	11	-12	8	16	-4	-6	31	52	37	15	22	18	24	23	17	28	23	34	40	25	18	53	23	18	33	33	15	5	28	17	7	15	15	6	26	35	26	24	13	14	22	27	28	24	27	7	0	22	26	-1	5	0	-8	6	18	1	10	23	23	5	12	5