ENVI ASCII Plot File [Sat Dec 13 15:01:04 2025]
Column 1: Wavelength
Column 2: X:446 Y:231~~1
Column 3: X:441 Y:336~~2
Column 4: X:442 Y:336~~3
Column 5: X:443 Y:336~~4
Column 6: X:531 Y:383~~5
Column 7: X:532 Y:383~~6
Column 8: X:533 Y:383~~7
Column 9: X:543 Y:345~~8
Column 10: X:543 Y:347~~9
Column 11: X:566 Y:430~~10
Column 12: X:567 Y:433~~11
Column 13: X:551 Y:476~~12
Column 14: X:551 Y:477~~13
Column 15: X:551 Y:479~~14
Column 16: X:551 Y:480~~15
Column 17: X:551 Y:482~~16
Column 18: X:542 Y:509~~17
Column 19: X:520 Y:553~~18
Column 20: X:489 Y:581~~19
Column 21: X:463 Y:596~~20
Column 22: X:462 Y:596~~21
Column 23: X:459 Y:598~~22
Column 24: X:453 Y:600~~23
Column 25: X:413 Y:612~~24
Column 26: X:411 Y:612~~25
Column 27: X:409 Y:612~~26
Column 28: X:403 Y:613~~27
Column 29: X:222 Y:613~~28
Column 30: X:189 Y:611~~29
Column 31: X:188 Y:610~~30
Column 32: X:188 Y:609~~31
Column 33: X:181 Y:603~~32
Column 34: X:125 Y:572~~33
Column 35: X:123 Y:571~~34
Column 36: X:120 Y:546~~35
Column 37: X:122 Y:534~~36
Column 38: X:124 Y:522~~37
Column 39: X:126 Y:513~~38
Column 40: X:127 Y:513~~39
Column 41: X:127 Y:512~~40
Column 42: X:128 Y:506~~41
Column 43: X:134 Y:474~~42
Column 44: X:135 Y:473~~43
Column 45: X:137 Y:470~~44
Column 46: X:150 Y:431~~45
Column 47: X:151 Y:430~~46
Column 48: X:151 Y:429~~47
Column 49: X:130 Y:407~~48
Column 50: X:172 Y:219~~49
Column 51: X:173 Y:219~~1
Column 52: X:189 Y:201~~2
Column 53: X:203 Y:180~~3
Column 54: X:206 Y:176~~4
Column 55: X:241 Y:138~~5
Column 56: X:244 Y:137~~6
Column 57: X:245 Y:137~~7
Column 58: X:289 Y:148~~8
Column 59: X:290 Y:148~~9
Column 60: X:297 Y:136~~10
Column 61: X:325 Y:60~~11
Column 62: X:386 Y:26~~12
Column 63: X:511 Y:369~~13
Column 64: X:514 Y:369~~14
Column 65: X:515 Y:369~~15
Column 66: X:539 Y:371~~16
Column 67: X:541 Y:369~~17
Column 68: X:541 Y:368~~18
Column 69: X:525 Y:368~~19
Column 70: X:512 Y:368~~20
Column 71: X:511 Y:359~~21
Column 72: X:609 Y:289~~22
Column 73: X:609 Y:288~~23
Column 74: X:195 Y:196~~24
Column 75: X:196 Y:196~~25
Column 76: X:306 Y:445~~26
Column 77: X:428 Y:510~~27
Column 78: X:577 Y:570~~28
Column 79: X:532 Y:570~~29
   399.924103   -12.000000    -9.000000    -8.000000   -13.000000     4.000000   -12.000000     1.000000   -12.000000   -16.000000     4.000000   -16.000000   -15.000000   -18.000000   -18.000000    -1.000000   -18.000000    -9.000000     2.000000     5.000000    13.000000    -1.000000    -9.000000     7.000000    -8.000000     8.000000     0.000000    -7.000000     3.000000    -3.000000     4.000000     4.000000    20.000000    -3.000000    15.000000     8.000000     0.000000    12.000000    -3.000000    -7.000000     7.000000    -2.000000     6.000000    -8.000000     7.000000   -14.000000    -5.000000   -10.000000    -4.000000    -1.000000    15.000000     8.000000     1.000000   -11.000000     0.000000     5.000000   -14.000000     7.000000    16.000000     7.000000    20.000000    13.000000    19.000000    -8.000000    -2.000000     6.000000   -11.000000    -1.000000    -5.000000     0.000000     3.000000     9.000000    -9.000000    14.000000    12.000000    -3.000000    -4.000000    31.000000   -10.000000
   401.119995     3.000000     9.000000     4.000000    -8.000000     0.000000     3.000000    -5.000000    10.000000     1.000000    -1.000000    -9.000000     0.000000    -3.000000     3.000000     2.000000    -2.000000   -16.000000     8.000000     0.000000     7.000000     0.000000     7.000000     5.000000     0.000000    13.000000     2.000000     6.000000    -7.000000    -6.000000     5.000000    -1.000000     2.000000   -15.000000    -5.000000   -10.000000    14.000000    -3.000000    -4.000000    -8.000000     1.000000     5.000000    -5.000000    12.000000     8.000000    -1.000000   -13.000000    -5.000000     0.000000    18.000000     4.000000     3.000000     0.000000     9.000000    -8.000000     6.000000    -2.000000     3.000000   -11.000000    -7.000000    -1.000000    -1.000000     7.000000    -3.000000     2.000000     9.000000    -4.000000     1.000000    -5.000000    10.000000     3.000000     9.000000     7.000000    -2.000000   -30.000000    -1.000000   -12.000000    13.000000     6.000000
   402.316406     0.000000     6.000000    -1.000000    -3.000000     4.000000    10.000000     0.000000    -5.000000     1.000000   -18.000000    -6.000000    -1.000000     6.000000     0.000000    -2.000000    -1.000000     0.000000     1.000000    -3.000000   -20.000000     6.000000    10.000000    -8.000000    -2.000000    12.000000    -3.000000     3.000000     3.000000     0.000000    18.000000     2.000000   -14.000000    -2.000000     4.000000    -1.000000    27.000000     0.000000    -3.000000    -8.000000    -3.000000     7.000000    -5.000000     4.000000    -5.000000    19.000000    12.000000     2.000000    11.000000     4.000000     8.000000     7.000000   -13.000000   -14.000000     1.000000    14.000000     0.000000    11.000000    10.000000    -3.000000    -2.000000     0.000000    12.000000    12.000000     8.000000     0.000000    -9.000000    -3.000000     3.000000    -4.000000    10.000000    10.000000     6.000000     1.000000   -16.000000   -16.000000   -11.000000    -9.000000     6.000000
   403.513306    11.000000    14.000000    -7.000000     5.000000     9.000000    13.000000    15.000000    -4.000000    12.000000     2.000000     6.000000     1.000000    12.000000     8.000000     7.000000    11.000000     0.000000     3.000000    14.000000     7.000000    -5.000000     9.000000    -1.000000    -1.000000    -1.000000     4.000000     5.000000    -3.000000     0.000000     4.000000   -11.000000     6.000000   -12.000000    -3.000000     7.000000    -5.000000   -30.000000    -4.000000    -9.000000    -1.000000    -5.000000    -6.000000     4.000000     4.000000    -1.000000     1.000000    -8.000000    24.000000   -10.000000    -8.000000     6.000000    -8.000000   -22.000000     7.000000   -11.000000    -4.000000     9.000000     1.000000   -12.000000   -10.000000    20.000000     4.000000     2.000000    -2.000000     3.000000   -15.000000    -1.000000    17.000000   -16.000000   -10.000000    -1.000000     3.000000     8.000000    -3.000000    12.000000    -2.000000     0.000000     3.000000
   404.710602     2.000000    -5.000000    -1.000000     2.000000     4.000000     7.000000     8.000000     1.000000     9.000000    -5.000000    -5.000000   -17.000000   -12.000000    -9.000000   -16.000000   -22.000000    18.000000   -10.000000    11.000000     1.000000    15.000000    -8.000000    -5.000000     4.000000     3.000000     1.000000    15.000000     7.000000    21.000000     5.000000    -3.000000     2.000000    -2.000000    -5.000000    -4.000000    -7.000000     9.000000    -3.000000    -6.000000   -13.000000     7.000000     9.000000     1.000000     6.000000    -8.000000     8.000000    23.000000     5.000000     3.000000    -9.000000    27.000000     3.000000    14.000000    -3.000000    10.000000    -5.000000    -9.000000    -8.000000     8.000000     5.000000    -8.000000    -2.000000     6.000000    -6.000000     8.000000    11.000000    -4.000000    -3.000000   -19.000000   -10.000000   -19.000000    -9.000000     9.000000     1.000000    -2.000000     4.000000     0.000000     2.000000
   405.908508   -11.000000    -8.000000     1.000000    -2.000000     0.000000    -6.000000     4.000000   -10.000000    -6.000000     2.000000     3.000000    -2.000000    14.000000     0.000000     5.000000     6.000000    -2.000000     6.000000    -5.000000    -7.000000    -1.000000     0.000000    11.000000     7.000000     4.000000    -4.000000     6.000000     4.000000    -7.000000    -2.000000   -17.000000     0.000000    11.000000     5.000000    -8.000000    23.000000     6.000000    -3.000000    -7.000000   -10.000000    11.000000   -23.000000    11.000000    24.000000    -3.000000   -24.000000   -13.000000    -4.000000     3.000000   -15.000000    -8.000000    -2.000000     7.000000     9.000000     3.000000    -8.000000    10.000000    10.000000     0.000000     9.000000   -11.000000    -3.000000     8.000000     4.000000    15.000000     2.000000     2.000000     1.000000    15.000000    -1.000000    20.000000     9.000000   -13.000000    14.000000     8.000000   -18.000000     0.000000    -2.000000
   407.106812    11.000000     4.000000   -10.000000   -10.000000    -7.000000     5.000000    15.000000   -15.000000   -14.000000    16.000000     3.000000    10.000000    16.000000     8.000000     9.000000    12.000000   -11.000000    -7.000000   -13.000000    -1.000000    17.000000    -6.000000    -1.000000    14.000000    -6.000000     7.000000     4.000000    18.000000    11.000000   -13.000000    -6.000000     6.000000     9.000000   -13.000000     4.000000     4.000000    15.000000     4.000000    -6.000000   -11.000000    -3.000000    -1.000000   -11.000000     3.000000    -9.000000   -14.000000    -3.000000    -6.000000    -7.000000    -5.000000     8.000000    -4.000000    -4.000000    -8.000000   -16.000000    15.000000     8.000000     7.000000     4.000000     6.000000    -2.000000     4.000000    11.000000   -14.000000   -15.000000     0.000000     5.000000    -5.000000   -11.000000     2.000000    12.000000    14.000000     9.000000    17.000000     8.000000    14.000000   -11.000000    -3.000000
   408.305603     0.000000    -2.000000    -7.000000     3.000000     2.000000    12.000000    12.000000   -22.000000    -8.000000     5.000000   -14.000000     8.000000    18.000000    30.000000    13.000000    15.000000   -11.000000     4.000000   -12.000000   -23.000000   -13.000000    -7.000000     2.000000    -9.000000     9.000000     7.000000    -4.000000    -9.000000   -11.000000    -7.000000    -4.000000     7.000000   -14.000000    -4.000000     4.000000    12.000000    -5.000000     0.000000     2.000000    -6.000000    16.000000    -3.000000     1.000000    -8.000000     2.000000    -5.000000    -3.000000     1.000000     6.000000    -8.000000    -5.000000     5.000000     6.000000     1.000000   -10.000000     3.000000    -4.000000    10.000000    -7.000000    15.000000    -9.000000     0.000000    10.000000     4.000000     1.000000    13.000000     7.000000     9.000000    -4.000000    -5.000000     5.000000     3.000000    14.000000    -6.000000    -2.000000   -10.000000   -10.000000    11.000000
   409.504913     4.000000    -7.000000    13.000000   -10.000000    -5.000000     3.000000     7.000000     5.000000    14.000000     6.000000    -7.000000     7.000000    -1.000000     3.000000    -2.000000     4.000000    -4.000000    -6.000000    -5.000000     9.000000    -2.000000    18.000000     2.000000    -3.000000   -11.000000    10.000000    -6.000000    -3.000000    15.000000     3.000000     7.000000    10.000000     1.000000    13.000000     5.000000    15.000000    -9.000000     7.000000     1.000000     1.000000     3.000000    17.000000     5.000000    -1.000000     2.000000     1.000000    -1.000000     2.000000     6.000000    -6.000000     5.000000     4.000000    -8.000000   -13.000000     2.000000     9.000000   -11.000000     8.000000     1.000000     8.000000   -11.000000    -4.000000     7.000000     8.000000    13.000000     5.000000     2.000000    15.000000    10.000000    -2.000000    -4.000000     4.000000   -19.000000     0.000000     1.000000    -3.000000    -1.000000     1.000000
   410.704712    15.000000    -2.000000     0.000000     4.000000     8.000000    14.000000     0.000000    15.000000    15.000000     6.000000     7.000000     3.000000     2.000000    10.000000     6.000000    -7.000000     5.000000     2.000000     6.000000     0.000000     0.000000    -7.000000    -9.000000   -12.000000     1.000000    -3.000000    -5.000000    -8.000000    19.000000     8.000000     2.000000     7.000000     5.000000    -3.000000     5.000000    17.000000    -9.000000    -5.000000    -3.000000     4.000000     7.000000    -4.000000    -1.000000     9.000000    14.000000     8.000000     6.000000     9.000000    23.000000    -3.000000    10.000000     9.000000    -9.000000     8.000000     1.000000    17.000000     2.000000    14.000000    -1.000000    -9.000000    -7.000000    15.000000    23.000000    11.000000     6.000000     5.000000    -4.000000    -6.000000     9.000000    17.000000     4.000000     7.000000    11.000000    11.000000    -5.000000     6.000000    -6.000000     9.000000
   411.904907    13.000000     0.000000    22.000000    -9.000000     7.000000    -1.000000    -2.000000     7.000000    -9.000000    12.000000    -9.000000    13.000000    19.000000    17.000000    18.000000    21.000000     1.000000    -9.000000    -9.000000    -7.000000   -10.000000   -17.000000    14.000000   -10.000000    14.000000    -5.000000     7.000000     2.000000     1.000000    10.000000     9.000000     4.000000     1.000000     8.000000   -24.000000    20.000000     7.000000     2.000000    14.000000     0.000000    16.000000   -15.000000    10.000000    18.000000    -7.000000    16.000000     2.000000    -3.000000     4.000000    15.000000    13.000000    -1.000000    -5.000000   -16.000000     7.000000    -7.000000     3.000000    -1.000000    -2.000000   -10.000000    -8.000000    14.000000   -12.000000    -7.000000    21.000000    -3.000000     5.000000   -14.000000    12.000000    20.000000    -2.000000     5.000000    -7.000000    10.000000    -2.000000    12.000000    -2.000000    -3.000000
   413.105591    -9.000000    13.000000     9.000000   -13.000000     8.000000     3.000000    -8.000000     4.000000     0.000000    -2.000000     7.000000    -7.000000    -6.000000     1.000000     2.000000   -16.000000    -6.000000    14.000000    -4.000000    -3.000000     9.000000     1.000000     1.000000    11.000000     6.000000   -15.000000     2.000000    -6.000000    17.000000     3.000000     8.000000   -15.000000    -2.000000     7.000000    12.000000   -21.000000    -3.000000     1.000000    12.000000    -1.000000    12.000000    -3.000000     4.000000     4.000000    -5.000000    12.000000     0.000000     0.000000    -3.000000     2.000000    12.000000     6.000000   -10.000000     6.000000    -8.000000    -6.000000     3.000000     2.000000    -5.000000    16.000000    -2.000000     9.000000    21.000000    -6.000000     6.000000    -7.000000     8.000000    -7.000000    -2.000000    -5.000000     8.000000     6.000000     4.000000   -16.000000     4.000000     9.000000    -9.000000     2.000000
   414.306793    -3.000000    -7.000000    20.000000     3.000000     4.000000    -9.000000    -2.000000    -5.000000     0.000000     4.000000    -1.000000     7.000000    14.000000     3.000000    -3.000000     2.000000    -7.000000     0.000000     1.000000    -6.000000   -10.000000    -3.000000     6.000000     0.000000     7.000000     3.000000    -6.000000     8.000000   -11.000000    -1.000000     4.000000     4.000000    -9.000000   -15.000000     0.000000    -9.000000   -11.000000   -22.000000     0.000000    -4.000000    -7.000000    -5.000000    -6.000000    -2.000000    11.000000    13.000000     3.000000    -9.000000   -18.000000   -23.000000   -10.000000     3.000000    -2.000000     1.000000   -19.000000    15.000000    -8.000000     6.000000    -2.000000     6.000000     9.000000     4.000000   -12.000000    -1.000000    -3.000000     7.000000     5.000000    17.000000     2.000000    10.000000    -6.000000    -5.000000    -7.000000    -5.000000    -1.000000     4.000000   -18.000000    -6.000000
   415.508514     9.000000    -1.000000     7.000000     3.000000    -3.000000     7.000000    -4.000000    -6.000000    -5.000000     0.000000     6.000000   -16.000000   -22.000000   -17.000000   -20.000000   -13.000000    -1.000000     0.000000    -1.000000     2.000000    -5.000000    -2.000000   -12.000000     1.000000    -2.000000     1.000000     5.000000     3.000000     5.000000     3.000000     3.000000    -4.000000     5.000000    -1.000000    14.000000    -8.000000    -5.000000     0.000000    -6.000000    14.000000    -2.000000   -17.000000    12.000000     5.000000     2.000000   -10.000000     7.000000   -13.000000     3.000000    -1.000000     4.000000    -3.000000     9.000000     6.000000    20.000000    11.000000    -2.000000     3.000000    -2.000000    -6.000000     7.000000     9.000000    -2.000000    -3.000000     5.000000     1.000000    17.000000    14.000000     8.000000     9.000000    -2.000000     5.000000    -2.000000     6.000000   -16.000000    -5.000000   -11.000000    -5.000000
   416.710602    -9.000000   -10.000000    -8.000000    -6.000000    -8.000000     2.000000     2.000000   -10.000000   -13.000000    -5.000000    -8.000000     2.000000    -8.000000     7.000000    17.000000     5.000000     7.000000    11.000000     8.000000    -6.000000     7.000000    -7.000000    11.000000     1.000000    20.000000     3.000000     0.000000   -19.000000     4.000000     6.000000   -12.000000    -9.000000    -3.000000     5.000000    -1.000000    -2.000000     1.000000     3.000000     7.000000    -3.000000     6.000000     6.000000    -5.000000     1.000000   -11.000000    -3.000000     0.000000    -6.000000    -2.000000    -7.000000     6.000000     6.000000     7.000000    12.000000     7.000000     2.000000   -20.000000    -7.000000    -4.000000   -16.000000    -6.000000   -13.000000   -13.000000     8.000000    10.000000    -9.000000   -12.000000    17.000000     6.000000    -9.000000    -1.000000     0.000000     5.000000    -7.000000    -1.000000     9.000000    14.000000    10.000000
   417.913300    23.000000     7.000000     7.000000    -2.000000    10.000000    13.000000     8.000000    -3.000000   -12.000000    10.000000     3.000000     7.000000    12.000000     6.000000    23.000000     9.000000     7.000000    -6.000000    -8.000000     0.000000    13.000000    14.000000     1.000000     5.000000     6.000000     9.000000     2.000000    -7.000000    -2.000000    -6.000000     7.000000    11.000000     8.000000     2.000000     1.000000     6.000000   -12.000000   -10.000000    12.000000    16.000000     1.000000    -3.000000   -10.000000     9.000000    -8.000000    -5.000000    -9.000000    12.000000     0.000000     3.000000     3.000000    -5.000000     8.000000    11.000000    13.000000     6.000000    13.000000     4.000000     2.000000    -4.000000    -3.000000    19.000000    -7.000000    -1.000000    21.000000    -7.000000   -12.000000     5.000000    19.000000    20.000000    13.000000    17.000000     1.000000     5.000000     2.000000    13.000000    -2.000000    -8.000000
   419.116394    10.000000   -18.000000    16.000000    -4.000000   -17.000000    -5.000000    -7.000000    14.000000    15.000000    -4.000000    -2.000000     0.000000   -14.000000    -2.000000    -3.000000    -1.000000     0.000000    12.000000    -8.000000     2.000000     5.000000    12.000000    13.000000    -1.000000     7.000000     7.000000    -4.000000     0.000000     6.000000     1.000000     2.000000    -3.000000     4.000000   -15.000000    -5.000000     3.000000    16.000000   -15.000000    10.000000    10.000000     2.000000    13.000000     2.000000     2.000000   -11.000000   -10.000000    -4.000000    17.000000     0.000000     3.000000    -1.000000    -1.000000     9.000000     9.000000     1.000000     2.000000    -2.000000    20.000000    10.000000     9.000000    11.000000    17.000000    16.000000    10.000000    18.000000    -4.000000    -2.000000     9.000000    -2.000000    14.000000    -1.000000     3.000000    -5.000000     1.000000    11.000000    15.000000    15.000000    -5.000000
   420.320007    -8.000000     4.000000     4.000000    -9.000000     5.000000     1.000000     4.000000     3.000000     5.000000    -9.000000    -3.000000     1.000000    -3.000000    -2.000000     1.000000     5.000000    -7.000000     6.000000    -6.000000    -4.000000     5.000000     0.000000     7.000000     4.000000     3.000000    -4.000000     2.000000     4.000000    -6.000000    -6.000000    -5.000000     6.000000     1.000000   -13.000000     1.000000     6.000000    -7.000000     9.000000     7.000000     3.000000     2.000000    -8.000000    -8.000000    -5.000000    10.000000    -9.000000    -3.000000     5.000000   -19.000000     9.000000     0.000000   -16.000000    -7.000000     7.000000    -2.000000    -6.000000    12.000000     4.000000    11.000000     1.000000     9.000000    11.000000    18.000000    11.000000    -5.000000    14.000000    11.000000    14.000000     8.000000     0.000000    13.000000    17.000000     0.000000     3.000000   -11.000000    -5.000000     5.000000     0.000000
   421.524109     3.000000    16.000000    -2.000000   -16.000000     1.000000     2.000000    -2.000000    -1.000000     5.000000     2.000000    14.000000    -6.000000    -1.000000    -3.000000     4.000000    -8.000000     0.000000     6.000000     2.000000    15.000000    -3.000000   -12.000000    -9.000000     9.000000    -6.000000    -2.000000     5.000000    -1.000000    -7.000000     1.000000     4.000000     7.000000     8.000000    -7.000000    10.000000    10.000000     2.000000     2.000000   -12.000000     6.000000    -5.000000    -5.000000     9.000000    -5.000000     5.000000    15.000000   -10.000000     5.000000     2.000000     4.000000    -9.000000    -6.000000     0.000000    11.000000    -1.000000    10.000000    13.000000    11.000000    17.000000     6.000000     6.000000     5.000000     6.000000    -2.000000   -16.000000    21.000000    14.000000     4.000000    15.000000     0.000000    21.000000    12.000000    -2.000000    14.000000    28.000000    -1.000000    11.000000     0.000000
   422.728607     1.000000    -8.000000     1.000000     9.000000     6.000000   -11.000000    21.000000     0.000000     7.000000    20.000000    -4.000000    -4.000000    -4.000000     4.000000    -3.000000     4.000000    -1.000000     5.000000     2.000000    15.000000     7.000000     3.000000     6.000000     3.000000    15.000000    -3.000000   -13.000000   -15.000000   -13.000000    11.000000    12.000000     2.000000     9.000000    11.000000     2.000000    -2.000000     5.000000    -4.000000     5.000000     7.000000     0.000000     4.000000     4.000000     2.000000     8.000000    15.000000   -10.000000    -3.000000    -1.000000   -20.000000   -23.000000    -2.000000    -7.000000   -11.000000     9.000000     5.000000    -1.000000     2.000000    -9.000000    20.000000     3.000000    -1.000000     1.000000     6.000000   -10.000000     7.000000     8.000000     5.000000    -1.000000   -26.000000     4.000000    -8.000000    -5.000000    -8.000000     8.000000    -2.000000    -3.000000   -10.000000
   423.933685     1.000000    23.000000    14.000000    -2.000000     3.000000     7.000000    -5.000000    -7.000000     1.000000     2.000000    -3.000000    24.000000    10.000000    10.000000    14.000000    16.000000     0.000000     2.000000    -4.000000     1.000000   -10.000000     1.000000    10.000000   -10.000000     2.000000    -9.000000     2.000000    14.000000     6.000000    -8.000000    -8.000000     1.000000    10.000000    13.000000    -3.000000    14.000000     7.000000     7.000000     0.000000     5.000000    11.000000    -5.000000     1.000000    -8.000000    12.000000    16.000000     7.000000   -13.000000     3.000000    -5.000000    -1.000000     1.000000     0.000000     0.000000     6.000000     3.000000    -1.000000   -11.000000    -4.000000    14.000000    -4.000000    -9.000000    -6.000000    -4.000000     3.000000     3.000000    10.000000     8.000000    -6.000000    -1.000000    10.000000    17.000000   -14.000000     6.000000    11.000000    10.000000     8.000000    -7.000000
   425.139191    -5.000000    18.000000    -9.000000     1.000000    15.000000    13.000000    10.000000   -15.000000    -2.000000    14.000000    -9.000000    -1.000000   -11.000000     3.000000    -7.000000     0.000000    23.000000     4.000000    15.000000    -5.000000   -18.000000    -8.000000   -11.000000    -2.000000    14.000000    11.000000    -4.000000    -6.000000    -4.000000    12.000000     4.000000     2.000000     3.000000    16.000000     4.000000    -3.000000    -7.000000    14.000000    -2.000000     9.000000     7.000000     5.000000     6.000000    -3.000000    20.000000     9.000000     5.000000    17.000000     9.000000   -10.000000    -6.000000    -1.000000     1.000000    10.000000    -3.000000     3.000000    13.000000     0.000000    14.000000     6.000000     3.000000     4.000000     7.000000     1.000000     0.000000    17.000000    14.000000     2.000000    -1.000000    -6.000000    -2.000000     0.000000    -5.000000    10.000000     7.000000     8.000000     6.000000    21.000000
   426.345215    13.000000    -1.000000     5.000000    24.000000     6.000000    12.000000    12.000000     6.000000    17.000000   -13.000000     2.000000    15.000000    10.000000    -3.000000     2.000000     9.000000     2.000000    -3.000000     6.000000    10.000000    16.000000    -9.000000     6.000000   -12.000000     6.000000     6.000000     4.000000    19.000000    -4.000000    -2.000000    -4.000000     6.000000     4.000000     8.000000    -7.000000    10.000000    -8.000000    20.000000     4.000000    -2.000000    10.000000    11.000000    -2.000000     7.000000     9.000000     2.000000    -1.000000     5.000000    -9.000000     1.000000    -5.000000     8.000000    -6.000000    -6.000000     7.000000     5.000000    15.000000     7.000000    31.000000    -2.000000     6.000000    -7.000000     5.000000    13.000000   -24.000000    -5.000000     3.000000     1.000000    -1.000000   -14.000000    -4.000000     6.000000   -15.000000    -6.000000    -3.000000    16.000000    -6.000000     8.000000
   427.551697    27.000000     6.000000   -12.000000     1.000000     0.000000    53.000000     9.000000     9.000000     7.000000    -8.000000    -9.000000     2.000000     3.000000     4.000000     5.000000     3.000000    13.000000    12.000000     8.000000    10.000000    22.000000     7.000000    -1.000000     1.000000    -2.000000    14.000000    -1.000000   -12.000000     7.000000     8.000000    15.000000    -8.000000    16.000000     6.000000    -2.000000    -5.000000     1.000000     9.000000     2.000000     2.000000     7.000000    13.000000    -5.000000     3.000000     7.000000     1.000000    16.000000     6.000000    13.000000     5.000000    11.000000   -15.000000     0.000000    -7.000000    -5.000000     6.000000     9.000000     5.000000    -8.000000    30.000000    17.000000    -1.000000   -10.000000    11.000000     8.000000    -2.000000     3.000000     0.000000    -5.000000    -3.000000    -3.000000     1.000000    14.000000     7.000000    -3.000000    -2.000000     9.000000    30.000000
   428.758606    -4.000000   -12.000000     2.000000     6.000000    20.000000    -7.000000     0.000000    20.000000    24.000000     8.000000    -4.000000    -1.000000     9.000000     8.000000     6.000000    13.000000    10.000000    -8.000000    -4.000000     7.000000    13.000000     1.000000    14.000000     3.000000    -5.000000     2.000000    16.000000     3.000000     5.000000     7.000000     8.000000    17.000000   -12.000000    -9.000000     2.000000    -6.000000     8.000000     4.000000    11.000000     6.000000     5.000000    -4.000000   -10.000000    -7.000000    12.000000     2.000000    14.000000   -14.000000    14.000000     3.000000    -2.000000     9.000000     7.000000     0.000000    -7.000000    -1.000000     8.000000    13.000000    14.000000    28.000000    -4.000000    -5.000000    18.000000   -15.000000     7.000000     3.000000    -4.000000    -2.000000    12.000000    -7.000000     8.000000     6.000000     7.000000    11.000000     8.000000     5.000000   -21.000000   -12.000000
   429.966095    -1.000000    -1.000000     4.000000    10.000000    -2.000000     9.000000     4.000000     5.000000     6.000000     8.000000    13.000000     9.000000    12.000000     7.000000    16.000000     6.000000     7.000000    -2.000000    11.000000     9.000000     6.000000    10.000000     5.000000    15.000000     5.000000   -10.000000     0.000000    -4.000000    -2.000000   -14.000000    -3.000000     8.000000   -15.000000    -2.000000    -6.000000    16.000000    16.000000    12.000000     8.000000     9.000000    13.000000     2.000000    -1.000000    -3.000000     1.000000     3.000000     6.000000    12.000000     8.000000    19.000000    20.000000    -6.000000    18.000000    10.000000    14.000000   -10.000000    22.000000    16.000000     4.000000    39.000000    11.000000     7.000000    20.000000    30.000000     0.000000    21.000000     4.000000    -3.000000    12.000000     8.000000    17.000000    14.000000     9.000000    -1.000000     3.000000    23.000000    -3.000000    15.000000
   431.174011    18.000000     5.000000     9.000000    14.000000    28.000000    21.000000    31.000000    11.000000    14.000000     2.000000    -6.000000     2.000000     9.000000     3.000000     7.000000    16.000000    11.000000    -5.000000    11.000000     9.000000    11.000000    22.000000    14.000000    11.000000     4.000000     2.000000     6.000000     4.000000    17.000000    -2.000000    13.000000    17.000000    14.000000   -10.000000    -6.000000    11.000000   -10.000000     8.000000     0.000000    -4.000000    -5.000000     4.000000    -7.000000    -2.000000     2.000000    22.000000     1.000000     6.000000    12.000000    19.000000    20.000000    14.000000     1.000000     2.000000     9.000000    15.000000    14.000000     4.000000    13.000000    23.000000     9.000000    -1.000000     8.000000    20.000000   -14.000000    13.000000    14.000000     2.000000    13.000000    -2.000000     6.000000     6.000000    17.000000    17.000000     3.000000   -10.000000     4.000000    26.000000
   432.382385    -7.000000     2.000000    -3.000000    -1.000000    22.000000    17.000000    34.000000    -1.000000     6.000000     1.000000     8.000000    23.000000     3.000000     7.000000     9.000000     3.000000    10.000000     8.000000    20.000000    10.000000     8.000000     6.000000    13.000000     5.000000    -6.000000     7.000000     9.000000     1.000000    -1.000000     7.000000    -1.000000     9.000000    16.000000    -2.000000     6.000000    15.000000    17.000000     7.000000    11.000000    16.000000    23.000000    13.000000     9.000000     9.000000    29.000000    21.000000     8.000000     3.000000    25.000000    39.000000    12.000000     1.000000    14.000000    -1.000000    12.000000    20.000000    11.000000     6.000000    10.000000    25.000000    17.000000    10.000000    16.000000     8.000000    17.000000     7.000000     5.000000    14.000000     7.000000    -3.000000     8.000000     7.000000     1.000000     6.000000    12.000000    31.000000    19.000000     4.000000
   433.591309    16.000000    28.000000    14.000000    11.000000    17.000000    20.000000    35.000000     3.000000    20.000000     2.000000     3.000000     4.000000     3.000000    10.000000     3.000000     9.000000    -1.000000    27.000000     6.000000     3.000000   -11.000000    -6.000000     8.000000    13.000000     9.000000    -8.000000     1.000000     9.000000     3.000000     2.000000    14.000000   -10.000000     6.000000     7.000000    24.000000    -2.000000    18.000000    -8.000000    -7.000000    -3.000000    15.000000    14.000000     6.000000     5.000000    25.000000    37.000000    21.000000   -12.000000    15.000000    38.000000    23.000000     3.000000    14.000000    20.000000     9.000000    18.000000    10.000000    13.000000    16.000000    58.000000    38.000000     6.000000     2.000000    22.000000     5.000000    13.000000     1.000000    33.000000     7.000000    15.000000    15.000000    13.000000    -9.000000     6.000000    16.000000    36.000000     3.000000    25.000000
   434.800598    26.000000     4.000000     7.000000    20.000000    36.000000    24.000000    29.000000    17.000000    14.000000    29.000000    22.000000    16.000000    14.000000     8.000000    18.000000     4.000000    10.000000     1.000000    10.000000    14.000000   -13.000000    -3.000000    11.000000    -5.000000    -1.000000     9.000000    10.000000    -8.000000     4.000000    -5.000000     2.000000     2.000000    -4.000000    19.000000    22.000000    -1.000000    11.000000    13.000000     2.000000     1.000000     6.000000    12.000000     3.000000    10.000000    32.000000     5.000000   -11.000000    20.000000    32.000000    23.000000    22.000000    -1.000000     2.000000    22.000000    18.000000    29.000000     7.000000    18.000000    17.000000    57.000000    21.000000    14.000000    11.000000    22.000000    22.000000    20.000000    35.000000    33.000000    11.000000    20.000000    16.000000    17.000000    30.000000     2.000000    19.000000    38.000000     0.000000    24.000000
   436.010498    37.000000    -2.000000    14.000000     4.000000    32.000000    49.000000    37.000000    16.000000     0.000000    15.000000    25.000000    17.000000     7.000000    18.000000    27.000000     0.000000   -14.000000     2.000000     4.000000   -19.000000    -3.000000    -3.000000    12.000000     1.000000     2.000000     7.000000     2.000000    -6.000000    -9.000000     9.000000    -1.000000    20.000000    -4.000000    -4.000000   -10.000000     0.000000     1.000000    12.000000    -3.000000   -13.000000     2.000000    25.000000    24.000000    19.000000    38.000000    17.000000    39.000000    10.000000    38.000000    29.000000    20.000000     5.000000     8.000000    22.000000    12.000000    17.000000    24.000000    26.000000    31.000000    89.000000    50.000000    -1.000000    13.000000    18.000000    42.000000    14.000000     7.000000    34.000000     5.000000     3.000000    24.000000    11.000000    34.000000     6.000000    20.000000    92.000000     7.000000    40.000000
   437.220795    19.000000    14.000000    17.000000    23.000000    71.000000    57.000000    24.000000    15.000000     9.000000     8.000000    16.000000    21.000000    27.000000    34.000000    36.000000    31.000000     4.000000    11.000000    17.000000     9.000000     1.000000     4.000000    11.000000    -6.000000     2.000000     4.000000    15.000000    -2.000000     4.000000     6.000000     5.000000    24.000000     0.000000    18.000000    30.000000    -9.000000    10.000000     7.000000     3.000000    15.000000    20.000000    23.000000     6.000000    37.000000    45.000000    19.000000    31.000000    26.000000    45.000000    26.000000    36.000000    26.000000    24.000000    28.000000    18.000000     4.000000    23.000000    45.000000    23.000000    96.000000    53.000000     9.000000    20.000000    16.000000    57.000000    25.000000    11.000000    13.000000     5.000000    10.000000    12.000000    24.000000    22.000000    32.000000    33.000000    85.000000     5.000000    48.000000
   438.431610    34.000000    -3.000000    14.000000    13.000000    50.000000    61.000000    80.000000     6.000000    11.000000    12.000000    32.000000    21.000000    27.000000    50.000000    30.000000    36.000000     2.000000    13.000000    17.000000    12.000000    10.000000     5.000000     9.000000    12.000000    -1.000000    23.000000     0.000000    24.000000    28.000000    21.000000    18.000000     7.000000    22.000000    21.000000    14.000000    10.000000    10.000000     3.000000    12.000000     9.000000    33.000000    11.000000    19.000000    24.000000    49.000000    32.000000    48.000000    27.000000    46.000000    31.000000    49.000000    28.000000    12.000000    51.000000    32.000000     9.000000    60.000000    35.000000    45.000000   156.000000    61.000000    17.000000    28.000000    11.000000    36.000000    29.000000    20.000000    32.000000    21.000000    30.000000    28.000000    42.000000    44.000000    33.000000    23.000000    79.000000    12.000000    66.000000
   439.642914    26.000000    13.000000    15.000000    22.000000    73.000000    54.000000    73.000000    -1.000000    -9.000000    27.000000     6.000000    28.000000    51.000000    57.000000    38.000000    31.000000     1.000000    18.000000    19.000000    10.000000    -5.000000     8.000000    19.000000     6.000000    -1.000000    -8.000000     9.000000    10.000000    12.000000    21.000000    19.000000     9.000000    12.000000    15.000000    17.000000    14.000000    17.000000     7.000000    -3.000000    -2.000000    34.000000    19.000000     3.000000    32.000000    67.000000    49.000000    45.000000    30.000000    58.000000    25.000000    26.000000    23.000000    50.000000    28.000000    40.000000    31.000000    62.000000    58.000000    38.000000   149.000000    82.000000    18.000000    30.000000    26.000000    50.000000    56.000000    43.000000    60.000000    30.000000    23.000000    37.000000    44.000000    44.000000    27.000000    31.000000    76.000000     7.000000    63.000000
   440.854614    50.000000     6.000000     1.000000    -5.000000    79.000000    73.000000    81.000000     5.000000    29.000000    30.000000    27.000000    35.000000    42.000000    35.000000    39.000000    24.000000    16.000000    24.000000    12.000000     3.000000     1.000000    12.000000    25.000000    10.000000    14.000000    13.000000     1.000000     9.000000     8.000000    13.000000     8.000000    34.000000    43.000000    29.000000    31.000000    15.000000    17.000000    15.000000    13.000000    13.000000    32.000000    21.000000    35.000000    23.000000    49.000000    54.000000    43.000000    22.000000    39.000000    52.000000    57.000000    25.000000    25.000000    26.000000    35.000000    46.000000    51.000000    56.000000    52.000000   179.000000    83.000000    29.000000    40.000000    24.000000    50.000000    59.000000    41.000000    34.000000    31.000000    32.000000    42.000000    39.000000    39.000000    39.000000    67.000000   118.000000     2.000000    86.000000
   442.066895    35.000000     8.000000    22.000000     7.000000    76.000000    99.000000    81.000000    51.000000    35.000000     2.000000    16.000000    36.000000    39.000000    44.000000    42.000000    21.000000     7.000000    20.000000    14.000000     2.000000   -10.000000    27.000000     8.000000    16.000000    13.000000     3.000000     7.000000     5.000000    21.000000    21.000000    24.000000    26.000000    10.000000    18.000000    54.000000    15.000000     9.000000    10.000000    17.000000    20.000000    31.000000    36.000000    12.000000     9.000000    55.000000    51.000000    15.000000    38.000000    47.000000    46.000000    54.000000    25.000000    18.000000    44.000000    17.000000    34.000000    28.000000    59.000000    65.000000   210.000000   111.000000    31.000000    39.000000    42.000000    55.000000    71.000000    59.000000    52.000000    40.000000    19.000000    38.000000    34.000000    33.000000    25.000000    36.000000   145.000000    23.000000   102.000000
   443.279602    31.000000    36.000000    22.000000    14.000000   106.000000    98.000000    97.000000    24.000000    18.000000    22.000000     3.000000    43.000000    40.000000    58.000000    45.000000    43.000000    10.000000    18.000000     6.000000    11.000000    -4.000000     8.000000    29.000000    11.000000     0.000000    28.000000    12.000000     9.000000    14.000000    12.000000    14.000000    35.000000     8.000000    16.000000    34.000000    21.000000    11.000000     2.000000    18.000000    25.000000    17.000000    28.000000    37.000000    34.000000    60.000000    39.000000    23.000000    40.000000    31.000000    50.000000    39.000000    32.000000     5.000000    37.000000    44.000000    30.000000    56.000000    52.000000    42.000000   225.000000    69.000000    31.000000    17.000000    34.000000    55.000000    62.000000    38.000000    38.000000    37.000000    13.000000    56.000000    59.000000    53.000000    31.000000    60.000000   131.000000    31.000000    86.000000
   444.492798    33.000000    30.000000    28.000000    17.000000    95.000000    99.000000   125.000000    51.000000    42.000000    11.000000    25.000000    48.000000    35.000000    72.000000    41.000000    24.000000    13.000000    26.000000    16.000000     7.000000    22.000000    21.000000    11.000000    14.000000    12.000000    22.000000     3.000000    -1.000000    14.000000     7.000000    11.000000    23.000000    20.000000     6.000000    23.000000    22.000000    17.000000     2.000000    23.000000    19.000000    34.000000    25.000000    39.000000    26.000000    51.000000    63.000000    57.000000    36.000000    85.000000    62.000000    64.000000     7.000000    19.000000    27.000000    44.000000    46.000000    55.000000    68.000000    55.000000   259.000000   112.000000    38.000000    17.000000    30.000000    67.000000    60.000000    38.000000    33.000000    43.000000    22.000000    71.000000    53.000000    69.000000    62.000000    50.000000   123.000000    21.000000    97.000000
   445.706512    32.000000   -12.000000    12.000000     5.000000   107.000000   104.000000   120.000000    25.000000    15.000000    16.000000     7.000000    33.000000    40.000000    38.000000    43.000000    27.000000    24.000000    19.000000    17.000000    17.000000     5.000000    29.000000    19.000000     4.000000     3.000000    17.000000     7.000000     9.000000    14.000000    18.000000     4.000000    25.000000     5.000000    16.000000    13.000000    11.000000     2.000000    10.000000    14.000000    21.000000    21.000000    22.000000    30.000000    35.000000    57.000000    32.000000    49.000000     8.000000    78.000000    47.000000    75.000000    15.000000    30.000000    39.000000    35.000000    30.000000    47.000000    53.000000    55.000000   313.000000   114.000000    49.000000    16.000000    23.000000    46.000000    54.000000    66.000000    33.000000    41.000000    21.000000    62.000000    67.000000    55.000000    40.000000    60.000000   136.000000    22.000000   131.000000
   446.920685    50.000000    32.000000    16.000000    15.000000   116.000000   124.000000   107.000000    22.000000    24.000000    31.000000    39.000000    44.000000    42.000000    52.000000    64.000000    23.000000    23.000000    23.000000    17.000000    10.000000     8.000000     7.000000    34.000000    17.000000    20.000000    31.000000    28.000000    -6.000000    29.000000    14.000000    13.000000    25.000000    -3.000000     3.000000    32.000000    21.000000    -5.000000     9.000000     1.000000    -6.000000    37.000000    31.000000    41.000000    24.000000    61.000000    48.000000    63.000000    38.000000    54.000000    58.000000    79.000000    20.000000    30.000000    33.000000    65.000000    50.000000    56.000000    61.000000    52.000000   324.000000   109.000000    45.000000    24.000000    24.000000    74.000000    84.000000    42.000000    62.000000    32.000000    33.000000    66.000000    60.000000    58.000000    30.000000    57.000000   140.000000    15.000000   107.000000
   448.135315    60.000000    13.000000     8.000000    29.000000   102.000000    98.000000   129.000000    10.000000    23.000000    23.000000     8.000000    35.000000    38.000000    43.000000    43.000000    22.000000    12.000000    40.000000    39.000000    13.000000    19.000000    19.000000    30.000000    14.000000    12.000000    -3.000000    21.000000     3.000000    19.000000    15.000000    22.000000    25.000000    27.000000    12.000000    25.000000    22.000000    13.000000     4.000000    10.000000     6.000000    27.000000    36.000000    24.000000    40.000000    71.000000    77.000000    61.000000    39.000000    66.000000    60.000000    84.000000    18.000000    24.000000    37.000000    56.000000    53.000000    62.000000    58.000000    52.000000   329.000000   140.000000    33.000000    39.000000    37.000000    51.000000   108.000000    54.000000    35.000000    43.000000    17.000000    47.000000    76.000000    23.000000    42.000000    47.000000   156.000000    16.000000   110.000000
   449.350403    60.000000    -4.000000    12.000000    24.000000   158.000000   132.000000   123.000000    41.000000    28.000000    21.000000    15.000000    62.000000    59.000000    50.000000    34.000000    46.000000    12.000000    17.000000     8.000000     8.000000     2.000000     8.000000    13.000000    20.000000    -1.000000    30.000000    23.000000    25.000000    11.000000    17.000000    26.000000    19.000000    29.000000    22.000000    25.000000    36.000000    19.000000    32.000000    27.000000    23.000000    41.000000    40.000000    13.000000    27.000000    93.000000    53.000000    88.000000    46.000000    72.000000    75.000000    83.000000     6.000000    35.000000    61.000000    49.000000    57.000000   101.000000    80.000000    57.000000   341.000000   126.000000    31.000000    23.000000    31.000000    66.000000    81.000000    73.000000    64.000000    21.000000    38.000000    75.000000    56.000000    57.000000    52.000000    68.000000   172.000000    20.000000   117.000000
   450.566010    58.000000    28.000000    14.000000    30.000000   144.000000   124.000000   158.000000    48.000000    46.000000    17.000000    27.000000    65.000000    69.000000    63.000000    68.000000    46.000000    25.000000    24.000000    42.000000     9.000000    22.000000     9.000000    10.000000    15.000000    19.000000     4.000000     6.000000     9.000000    14.000000    32.000000    14.000000    18.000000    12.000000    28.000000    29.000000    -2.000000    10.000000    13.000000    14.000000    11.000000    47.000000    32.000000    25.000000    40.000000    86.000000    87.000000    70.000000    40.000000   109.000000    70.000000    75.000000    29.000000    33.000000    59.000000    68.000000    66.000000    72.000000    61.000000    51.000000   358.000000   168.000000    34.000000    54.000000    41.000000    69.000000    67.000000    68.000000    61.000000    32.000000    40.000000    70.000000    60.000000    46.000000    53.000000    88.000000   140.000000    12.000000   121.000000
   451.782104    55.000000    37.000000     9.000000    19.000000   148.000000   127.000000   141.000000    33.000000    47.000000    12.000000    20.000000    54.000000    67.000000    62.000000    48.000000    40.000000     9.000000    19.000000    27.000000    24.000000    33.000000    13.000000    29.000000     0.000000     1.000000    19.000000    17.000000     3.000000    37.000000    26.000000    21.000000    30.000000    30.000000    44.000000    45.000000     6.000000    -2.000000     4.000000     9.000000    22.000000    45.000000    39.000000    20.000000    38.000000    70.000000    87.000000    79.000000    41.000000    81.000000    64.000000    77.000000    31.000000    33.000000    57.000000    41.000000    45.000000    48.000000    53.000000    74.000000   378.000000   168.000000    30.000000    37.000000    46.000000    99.000000    83.000000    58.000000    69.000000    40.000000    41.000000    64.000000    46.000000    54.000000    68.000000    81.000000   179.000000    17.000000   127.000000
   452.998596    64.000000    -4.000000     7.000000    -5.000000   164.000000   156.000000   158.000000    34.000000    39.000000    30.000000    34.000000    60.000000    59.000000    64.000000    57.000000    46.000000    -1.000000    31.000000    18.000000    19.000000    21.000000    24.000000    17.000000    33.000000    20.000000    13.000000    10.000000    22.000000    26.000000    21.000000    17.000000    25.000000    42.000000    37.000000    36.000000     3.000000    14.000000    25.000000     1.000000    30.000000    27.000000    25.000000    46.000000    52.000000    81.000000    69.000000    67.000000    49.000000   100.000000    74.000000    86.000000    24.000000    32.000000    30.000000    36.000000    29.000000    70.000000    69.000000    68.000000   404.000000   232.000000    31.000000    30.000000    39.000000    94.000000    79.000000    88.000000    63.000000    45.000000    10.000000    77.000000    64.000000    86.000000    50.000000    75.000000   149.000000    12.000000   149.000000
   454.215698    48.000000    34.000000    36.000000    39.000000   126.000000   155.000000   126.000000    48.000000    35.000000    33.000000    26.000000    39.000000    46.000000    59.000000    54.000000    29.000000     3.000000    26.000000    27.000000     6.000000     3.000000    12.000000    20.000000    19.000000     0.000000     8.000000     6.000000    -5.000000    20.000000    23.000000    28.000000    36.000000    28.000000    24.000000    46.000000     8.000000    22.000000     7.000000    30.000000    36.000000    43.000000    29.000000    42.000000    34.000000    91.000000    82.000000    65.000000    47.000000    72.000000    93.000000    78.000000    28.000000    40.000000    67.000000    69.000000    42.000000    55.000000    61.000000    56.000000   444.000000   202.000000    55.000000    49.000000    37.000000   107.000000    75.000000    70.000000    56.000000    32.000000    24.000000    60.000000    70.000000    54.000000    50.000000    68.000000   192.000000    24.000000   158.000000
   455.433197    70.000000     8.000000    21.000000    24.000000   149.000000   124.000000   146.000000    40.000000    66.000000    32.000000    18.000000    68.000000    46.000000    71.000000    58.000000    31.000000    12.000000    15.000000    19.000000     7.000000     7.000000    19.000000    32.000000    18.000000     7.000000     8.000000    22.000000    22.000000     7.000000    25.000000    18.000000    30.000000    30.000000    42.000000    46.000000    -1.000000    21.000000    11.000000     4.000000    12.000000    50.000000    24.000000    60.000000    43.000000    92.000000    72.000000    90.000000    56.000000    77.000000    66.000000   114.000000    27.000000    16.000000    40.000000    64.000000    69.000000    68.000000    73.000000    83.000000   491.000000   218.000000    55.000000    43.000000    21.000000    82.000000    99.000000    97.000000    58.000000    42.000000    38.000000    66.000000    51.000000    58.000000    48.000000    66.000000   184.000000     6.000000   147.000000
   456.651215    73.000000    17.000000    21.000000    22.000000   185.000000   166.000000   178.000000    41.000000    43.000000    25.000000    22.000000    46.000000    43.000000    58.000000    44.000000    27.000000    25.000000    22.000000    25.000000    23.000000    13.000000    17.000000   -10.000000    25.000000    10.000000    21.000000    20.000000    15.000000    27.000000     8.000000    23.000000    40.000000    28.000000    27.000000    34.000000    22.000000    21.000000    15.000000    37.000000    36.000000    46.000000    44.000000    27.000000    53.000000    79.000000    77.000000    99.000000    53.000000    93.000000   100.000000   128.000000    31.000000    39.000000    28.000000    57.000000    65.000000    89.000000    46.000000   122.000000   464.000000   260.000000    53.000000    43.000000    50.000000   119.000000    86.000000    92.000000    84.000000    34.000000    22.000000    88.000000    59.000000    59.000000    39.000000    63.000000   178.000000     8.000000   124.000000
   457.869690    97.000000    21.000000    21.000000     2.000000   175.000000   153.000000   182.000000    52.000000    45.000000    40.000000    34.000000    42.000000    53.000000    60.000000    47.000000    25.000000     7.000000    24.000000    16.000000    30.000000    14.000000    21.000000    21.000000    16.000000     7.000000    29.000000     9.000000     7.000000    42.000000    26.000000     7.000000    50.000000    20.000000     9.000000    32.000000    11.000000    -2.000000    41.000000    17.000000    20.000000    50.000000    42.000000    53.000000    40.000000    93.000000    86.000000    74.000000    69.000000    91.000000    82.000000   109.000000    36.000000    38.000000    70.000000    79.000000    47.000000    89.000000   103.000000   103.000000   501.000000   245.000000    43.000000    55.000000    53.000000    96.000000   111.000000    96.000000    62.000000    49.000000    31.000000   109.000000    91.000000    67.000000    53.000000   112.000000   197.000000    30.000000   127.000000
   459.088593    72.000000     5.000000    18.000000    10.000000   172.000000   165.000000   188.000000    48.000000    41.000000    24.000000    29.000000    31.000000    55.000000    50.000000    43.000000    22.000000    13.000000    20.000000    -3.000000    15.000000    21.000000   -10.000000    14.000000    11.000000    17.000000    45.000000    13.000000    17.000000    41.000000    34.000000    17.000000    27.000000    31.000000    19.000000    34.000000    14.000000     1.000000    21.000000    45.000000    24.000000    43.000000    47.000000    57.000000    41.000000   108.000000    84.000000   100.000000    51.000000    87.000000    92.000000   104.000000    30.000000    23.000000    61.000000    72.000000    69.000000    74.000000    67.000000    81.000000   556.000000   240.000000    38.000000    36.000000    62.000000   123.000000    75.000000    97.000000    81.000000    52.000000    44.000000    91.000000    80.000000    47.000000    45.000000    88.000000   180.000000    28.000000   180.000000
   460.308105    57.000000     4.000000    19.000000    14.000000   178.000000   178.000000   184.000000    52.000000    36.000000    34.000000    39.000000    50.000000    58.000000    61.000000    48.000000    42.000000    18.000000    14.000000     8.000000    19.000000     4.000000    14.000000    27.000000     1.000000    -8.000000    21.000000    17.000000    14.000000    21.000000    23.000000    17.000000    58.000000    17.000000    18.000000    44.000000     6.000000    13.000000    12.000000    30.000000    30.000000    32.000000    36.000000    59.000000    52.000000    86.000000    94.000000   116.000000    61.000000   100.000000    67.000000   121.000000    37.000000    30.000000    60.000000    61.000000    70.000000    87.000000   105.000000    90.000000   559.000000   249.000000    52.000000    28.000000    52.000000   101.000000   107.000000    98.000000    68.000000    45.000000    35.000000   107.000000    91.000000    66.000000    70.000000    85.000000   186.000000    35.000000   188.000000
   461.528015    46.000000    28.000000    18.000000     0.000000   177.000000   179.000000   225.000000    67.000000    39.000000    23.000000    40.000000    37.000000    69.000000    75.000000    53.000000    29.000000    17.000000    10.000000    20.000000    10.000000    22.000000    24.000000    30.000000    24.000000    27.000000    28.000000     9.000000    13.000000    30.000000    13.000000    11.000000    34.000000    31.000000    32.000000    38.000000    24.000000    25.000000    30.000000    13.000000    30.000000    38.000000    56.000000    53.000000    51.000000   104.000000    65.000000   110.000000    70.000000    92.000000    78.000000   116.000000    29.000000    40.000000    63.000000    72.000000    74.000000   114.000000    87.000000    93.000000   562.000000   284.000000    62.000000    54.000000    41.000000   121.000000   137.000000    91.000000    70.000000    66.000000    49.000000    85.000000    80.000000    53.000000    51.000000    73.000000   199.000000    24.000000   190.000000
   462.748413    55.000000    27.000000    23.000000    22.000000   190.000000   181.000000   240.000000    42.000000    38.000000    35.000000    49.000000    66.000000    39.000000    86.000000    38.000000    24.000000    23.000000    22.000000    19.000000    12.000000    30.000000    19.000000    28.000000    12.000000    22.000000     2.000000    13.000000   -18.000000     6.000000    13.000000    25.000000    49.000000    31.000000    30.000000    30.000000    32.000000    26.000000    31.000000    29.000000    41.000000    47.000000    37.000000    41.000000    61.000000   108.000000    76.000000    72.000000    64.000000    75.000000    67.000000   119.000000    30.000000    40.000000    43.000000    82.000000    71.000000    68.000000   108.000000    99.000000   592.000000   311.000000    73.000000    59.000000    57.000000   118.000000   132.000000   106.000000    82.000000    67.000000    26.000000   124.000000   115.000000    75.000000    72.000000    80.000000   196.000000    29.000000   185.000000
   463.969299    77.000000    14.000000    28.000000    23.000000   193.000000   185.000000   224.000000    37.000000    57.000000    20.000000    31.000000    59.000000    47.000000    66.000000    37.000000    42.000000    12.000000    15.000000    36.000000    20.000000    28.000000    26.000000    12.000000    24.000000     6.000000    20.000000     9.000000    -1.000000    24.000000    13.000000    26.000000    33.000000    40.000000    29.000000    50.000000    17.000000    33.000000    17.000000    25.000000    32.000000    72.000000    41.000000    71.000000    63.000000   104.000000    81.000000   102.000000    68.000000    90.000000    73.000000   130.000000    36.000000    39.000000    53.000000    88.000000    56.000000    98.000000   126.000000   122.000000   623.000000   300.000000    53.000000    63.000000    52.000000   150.000000   138.000000   107.000000    80.000000    61.000000    42.000000   104.000000    95.000000    86.000000    76.000000   105.000000   218.000000    13.000000   174.000000
   465.190613    86.000000    20.000000    23.000000    27.000000   231.000000   213.000000   238.000000    69.000000    73.000000    36.000000    40.000000    77.000000    60.000000    77.000000    65.000000    10.000000     4.000000    46.000000    33.000000    17.000000    14.000000    17.000000    43.000000    22.000000    44.000000    11.000000    15.000000    17.000000    30.000000    34.000000    28.000000    22.000000    24.000000    46.000000    62.000000    21.000000    32.000000    23.000000    25.000000    47.000000    62.000000    48.000000    64.000000    61.000000    98.000000   101.000000    67.000000    53.000000    85.000000    75.000000   150.000000    58.000000    42.000000    61.000000    87.000000    82.000000    95.000000   102.000000   109.000000   677.000000   377.000000    65.000000    66.000000    77.000000   136.000000   150.000000   116.000000    87.000000    54.000000    54.000000   105.000000   101.000000    79.000000    56.000000   106.000000   213.000000    24.000000   204.000000
   466.412506    66.000000    20.000000    37.000000    32.000000   234.000000   199.000000   201.000000    67.000000    46.000000    17.000000    51.000000    64.000000    70.000000    71.000000    68.000000    32.000000     4.000000    52.000000    32.000000    18.000000    14.000000    24.000000    25.000000    21.000000     0.000000    11.000000    34.000000    17.000000     6.000000    24.000000    28.000000    36.000000     8.000000    37.000000    52.000000     8.000000     3.000000    31.000000    22.000000    41.000000    50.000000    52.000000    53.000000    70.000000    83.000000    98.000000    86.000000    63.000000   111.000000    76.000000   130.000000    28.000000    47.000000    56.000000    50.000000    84.000000   105.000000    90.000000   132.000000   716.000000   399.000000    72.000000    75.000000    78.000000   143.000000   137.000000   124.000000    84.000000    69.000000    45.000000   123.000000   107.000000    89.000000    81.000000   115.000000   217.000000    16.000000   210.000000
   467.634796    88.000000    25.000000    25.000000    44.000000   246.000000   254.000000   255.000000    60.000000    59.000000    25.000000    31.000000    81.000000    70.000000    81.000000    68.000000    33.000000    28.000000    34.000000    34.000000    14.000000    31.000000    25.000000    12.000000    19.000000    24.000000    17.000000    -3.000000    19.000000     6.000000    38.000000    44.000000    32.000000    27.000000    18.000000    50.000000    16.000000     9.000000    12.000000    24.000000    19.000000    46.000000    53.000000    50.000000    64.000000   130.000000    84.000000   103.000000    89.000000    70.000000    94.000000   141.000000    35.000000    45.000000    77.000000    64.000000    72.000000   111.000000   108.000000   137.000000   757.000000   401.000000    72.000000    48.000000    61.000000   109.000000   155.000000   143.000000    81.000000    73.000000    51.000000   134.000000   127.000000    75.000000    61.000000   112.000000   227.000000    38.000000   218.000000
   468.857605    67.000000    12.000000    20.000000    39.000000   246.000000   271.000000   255.000000    62.000000    56.000000    31.000000    65.000000    56.000000    87.000000    71.000000    63.000000    23.000000    16.000000    24.000000    33.000000    28.000000    17.000000    12.000000    48.000000    16.000000    27.000000    17.000000    14.000000     9.000000    24.000000    48.000000    38.000000    34.000000    10.000000    30.000000    42.000000    20.000000    45.000000    36.000000    30.000000    29.000000    42.000000    57.000000    63.000000    66.000000   113.000000    97.000000   110.000000    70.000000   115.000000    99.000000   129.000000    44.000000    51.000000    83.000000    80.000000    66.000000   131.000000   114.000000   145.000000   728.000000   451.000000    82.000000    65.000000    72.000000   142.000000   182.000000   148.000000    67.000000    87.000000    64.000000   132.000000   125.000000    78.000000    59.000000   132.000000   233.000000    11.000000   210.000000
   470.080902    67.000000    27.000000    39.000000    41.000000   217.000000   251.000000   279.000000    63.000000    60.000000    47.000000    42.000000    74.000000    88.000000    96.000000    59.000000    40.000000    16.000000    42.000000    34.000000    30.000000    36.000000    21.000000    32.000000    29.000000    14.000000    26.000000     6.000000    14.000000    36.000000    31.000000    34.000000    28.000000    46.000000    25.000000    45.000000    40.000000    20.000000    15.000000    23.000000    35.000000    24.000000    52.000000    68.000000    51.000000   114.000000    87.000000   117.000000    94.000000   131.000000    91.000000   184.000000    45.000000    58.000000    80.000000    79.000000    81.000000    87.000000   110.000000   134.000000   768.000000   488.000000    59.000000    65.000000    83.000000   203.000000   154.000000   138.000000    90.000000    69.000000    63.000000   126.000000   111.000000    78.000000    68.000000   124.000000   231.000000    15.000000   243.000000
   471.304596    72.000000    20.000000  -302.000000    10.000000   286.000000   274.000000   278.000000    49.000000    52.000000    39.000000    30.000000    60.000000    85.000000    88.000000    60.000000    27.000000    29.000000    33.000000    31.000000    26.000000    27.000000    10.000000    36.000000    15.000000    21.000000    26.000000    11.000000     1.000000    20.000000    10.000000    22.000000    37.000000    28.000000    29.000000    43.000000    43.000000    20.000000    24.000000    15.000000     7.000000    47.000000    46.000000    73.000000    59.000000   113.000000   114.000000   103.000000    95.000000    97.000000    59.000000   137.000000    49.000000    66.000000    89.000000   101.000000    93.000000   121.000000    96.000000   153.000000   844.000000   514.000000    88.000000    75.000000    88.000000   176.000000   176.000000   147.000000   100.000000    83.000000    42.000000   119.000000   112.000000    79.000000    72.000000   124.000000   227.000000    41.000000   252.000000
   472.528900    81.000000    24.000000    13.000000    20.000000   267.000000   275.000000   285.000000    47.000000    45.000000    30.000000    62.000000    58.000000    79.000000   100.000000    55.000000    31.000000    16.000000    36.000000    17.000000    21.000000    12.000000    23.000000    27.000000    42.000000    25.000000    30.000000    15.000000    -1.000000    38.000000    33.000000    48.000000    45.000000    18.000000    53.000000    58.000000    18.000000    11.000000    15.000000    21.000000    13.000000    53.000000    70.000000    68.000000    63.000000   145.000000    82.000000   107.000000   101.000000   131.000000    93.000000   194.000000    58.000000    46.000000    70.000000    75.000000    82.000000   112.000000   127.000000   144.000000   880.000000   478.000000    91.000000    62.000000    58.000000   156.000000   170.000000   138.000000    99.000000    69.000000    74.000000   130.000000   115.000000    87.000000    98.000000   121.000000   235.000000    46.000000   250.000000
   473.753601    78.000000    47.000000    28.000000    22.000000   246.000000   261.000000   305.000000    57.000000    66.000000    34.000000    32.000000    61.000000    80.000000    70.000000    59.000000    28.000000    20.000000    27.000000    32.000000     5.000000    12.000000    16.000000    17.000000    30.000000    21.000000    30.000000    17.000000    33.000000    11.000000    35.000000    23.000000    32.000000    31.000000    17.000000    38.000000    36.000000    22.000000    15.000000    18.000000    35.000000    45.000000    69.000000    86.000000    37.000000   135.000000    78.000000   105.000000    86.000000    96.000000    76.000000   195.000000    23.000000    26.000000    87.000000    87.000000    78.000000   133.000000    95.000000   170.000000   824.000000   572.000000    59.000000    63.000000   107.000000   149.000000   182.000000   169.000000    89.000000    74.000000    60.000000   140.000000   127.000000    77.000000    69.000000   120.000000   228.000000    26.000000   232.000000
   474.978790    77.000000    14.000000    25.000000    26.000000   269.000000   278.000000   287.000000    71.000000    57.000000    41.000000    38.000000    72.000000    89.000000    78.000000    68.000000    51.000000    25.000000    17.000000    28.000000    21.000000     1.000000    19.000000    32.000000    17.000000    21.000000    31.000000     8.000000    -2.000000    15.000000    27.000000    21.000000    34.000000    44.000000    27.000000    41.000000    32.000000    17.000000    23.000000    27.000000    31.000000    47.000000    59.000000    62.000000    57.000000   116.000000   118.000000   109.000000    86.000000   111.000000   103.000000   177.000000    43.000000    39.000000    80.000000    60.000000    82.000000   152.000000   117.000000   154.000000   871.000000   576.000000    74.000000    70.000000    69.000000   212.000000   197.000000   178.000000   119.000000    97.000000    33.000000   128.000000   157.000000    79.000000    72.000000   137.000000   224.000000    21.000000   267.000000
   476.204498    91.000000     4.000000    21.000000    32.000000   288.000000   300.000000   317.000000    81.000000    52.000000    34.000000    44.000000    66.000000    88.000000    89.000000    60.000000    44.000000    18.000000    35.000000    40.000000    30.000000    23.000000    26.000000    34.000000    19.000000    15.000000    20.000000    -2.000000    20.000000    10.000000    18.000000    15.000000    28.000000    23.000000    33.000000    52.000000    23.000000    41.000000    27.000000    17.000000    24.000000    62.000000    87.000000    73.000000    61.000000   126.000000   100.000000   119.000000    95.000000   107.000000   100.000000   161.000000    23.000000    72.000000    53.000000   107.000000    83.000000   117.000000    86.000000   154.000000   838.000000   618.000000    80.000000    78.000000   105.000000   194.000000   184.000000   181.000000   118.000000    54.000000    46.000000   162.000000   142.000000    91.000000    80.000000   147.000000   219.000000    16.000000   298.000000
   477.430695   100.000000    25.000000    17.000000    26.000000   273.000000   304.000000   278.000000    48.000000    73.000000    38.000000    42.000000    67.000000    86.000000    81.000000    69.000000    35.000000    18.000000    21.000000    16.000000     9.000000    40.000000    22.000000    44.000000    28.000000     7.000000     9.000000    19.000000    20.000000    39.000000    27.000000    26.000000    60.000000    31.000000    45.000000    42.000000    38.000000    29.000000    34.000000    32.000000    30.000000    63.000000    41.000000    63.000000    75.000000   147.000000    83.000000    98.000000    82.000000   119.000000    85.000000   172.000000    62.000000    58.000000    98.000000    81.000000    82.000000   118.000000   123.000000   164.000000   916.000000   608.000000    92.000000    59.000000    83.000000   210.000000   199.000000   170.000000    71.000000    63.000000    64.000000   137.000000   130.000000    77.000000    87.000000   148.000000   235.000000    20.000000   304.000000
   478.657288    93.000000    19.000000    23.000000    28.000000   301.000000   334.000000   350.000000    75.000000    61.000000    48.000000    46.000000    73.000000    92.000000    91.000000    62.000000    15.000000    18.000000    18.000000    18.000000    19.000000    31.000000    21.000000    50.000000    25.000000    14.000000    26.000000    32.000000    20.000000    36.000000    52.000000    35.000000    34.000000    49.000000    63.000000    50.000000    33.000000    -7.000000    39.000000     3.000000    13.000000    56.000000    60.000000    71.000000    61.000000   149.000000   116.000000   136.000000   115.000000    90.000000   104.000000   213.000000    64.000000    56.000000    53.000000    88.000000    71.000000   141.000000   111.000000   150.000000   907.000000   615.000000    74.000000    63.000000    91.000000   178.000000   176.000000   177.000000   117.000000   106.000000    46.000000   160.000000   145.000000    99.000000    68.000000   135.000000   252.000000    31.000000   305.000000
   479.884399    63.000000    30.000000    22.000000    44.000000   303.000000   344.000000   315.000000    92.000000    67.000000    25.000000    52.000000    67.000000   112.000000    74.000000    66.000000    44.000000    30.000000    30.000000    16.000000    24.000000    23.000000     5.000000    26.000000    28.000000    37.000000    42.000000    28.000000    14.000000    34.000000    34.000000    24.000000    52.000000    43.000000    53.000000    41.000000    45.000000    27.000000    17.000000    22.000000    25.000000    64.000000    88.000000    74.000000    82.000000   134.000000   124.000000   121.000000   102.000000   107.000000   119.000000   185.000000    40.000000    57.000000    99.000000   106.000000    78.000000   141.000000   126.000000   185.000000   996.000000   601.000000    81.000000    56.000000    76.000000   203.000000   210.000000   170.000000   115.000000    89.000000    52.000000   161.000000   147.000000    97.000000    99.000000   139.000000   244.000000    35.000000   273.000000
   481.112000   110.000000    31.000000    31.000000    33.000000   299.000000   358.000000   311.000000    90.000000    65.000000    34.000000    42.000000    51.000000    72.000000    78.000000    51.000000    28.000000    25.000000    22.000000    21.000000    26.000000     6.000000    18.000000    11.000000    25.000000    18.000000    32.000000    19.000000    12.000000    25.000000    41.000000    24.000000    51.000000    34.000000    39.000000    20.000000     4.000000    13.000000    29.000000    31.000000    26.000000    71.000000    46.000000    78.000000    72.000000   145.000000   130.000000   120.000000   107.000000   113.000000   103.000000   198.000000    29.000000    48.000000    96.000000   106.000000    80.000000   133.000000   117.000000   169.000000  1060.000000   697.000000    96.000000    70.000000   100.000000   215.000000   196.000000   203.000000   110.000000   107.000000    15.000000   158.000000   139.000000    90.000000    88.000000   166.000000   237.000000    19.000000   273.000000
   482.340088   110.000000    17.000000    24.000000     9.000000   326.000000   319.000000   334.000000    79.000000    59.000000    58.000000    48.000000    72.000000    82.000000   107.000000    53.000000    29.000000    29.000000    28.000000    31.000000    47.000000    35.000000     9.000000    43.000000    26.000000    26.000000    35.000000    15.000000    16.000000    29.000000    25.000000    28.000000    43.000000    41.000000    39.000000    63.000000    44.000000    34.000000    13.000000    18.000000    11.000000    58.000000    75.000000    65.000000    74.000000   137.000000   137.000000   139.000000   118.000000   122.000000   102.000000   201.000000    46.000000    67.000000   100.000000    89.000000    80.000000   142.000000   133.000000   203.000000  1033.000000   769.000000    61.000000    73.000000   115.000000   212.000000   213.000000   205.000000   103.000000   103.000000    42.000000   158.000000   155.000000    92.000000    88.000000   162.000000   234.000000    14.000000   313.000000
   483.568695    88.000000    24.000000    35.000000    32.000000   347.000000   344.000000   329.000000   107.000000    88.000000    56.000000    45.000000    81.000000    90.000000    84.000000    44.000000    26.000000    12.000000    23.000000    29.000000     6.000000    15.000000    26.000000    38.000000    44.000000    42.000000    22.000000    27.000000    10.000000    30.000000    25.000000    24.000000    45.000000    20.000000    40.000000    60.000000    22.000000    35.000000    21.000000    27.000000    30.000000    59.000000    70.000000    70.000000    57.000000   144.000000   140.000000   131.000000   118.000000   110.000000   108.000000   222.000000    36.000000    58.000000    69.000000    89.000000    84.000000   144.000000   110.000000   193.000000  1126.000000   764.000000    92.000000    80.000000    93.000000   245.000000   203.000000   200.000000   125.000000    72.000000    34.000000   161.000000   150.000000    85.000000    76.000000   157.000000   251.000000    27.000000   307.000000
   484.797699    99.000000    30.000000    38.000000    15.000000   323.000000   374.000000   369.000000    79.000000    89.000000    47.000000    28.000000    71.000000    85.000000    93.000000    74.000000    29.000000    18.000000    39.000000    19.000000    28.000000    34.000000     9.000000    37.000000    36.000000    22.000000    21.000000    -1.000000    23.000000    40.000000    30.000000    26.000000    30.000000    36.000000    41.000000    48.000000    11.000000    54.000000    42.000000    35.000000    46.000000    53.000000    63.000000   106.000000    87.000000   146.000000   141.000000   152.000000   127.000000   141.000000    87.000000   228.000000    46.000000    64.000000    66.000000   104.000000    98.000000   159.000000   121.000000   214.000000  1137.000000   815.000000    96.000000    87.000000   105.000000   219.000000   207.000000   184.000000   106.000000    81.000000    55.000000   191.000000   177.000000   105.000000    77.000000   144.000000   207.000000    46.000000   378.000000
   486.027191    90.000000    20.000000    43.000000    30.000000   382.000000   370.000000   309.000000    70.000000    72.000000    51.000000    58.000000    86.000000   111.000000    92.000000    58.000000    37.000000    23.000000    26.000000    16.000000     2.000000    31.000000    15.000000    43.000000    33.000000     1.000000     8.000000    16.000000     2.000000     9.000000    33.000000    25.000000    42.000000    23.000000    33.000000    45.000000    25.000000    15.000000    22.000000    38.000000    29.000000    57.000000    74.000000    83.000000    90.000000   155.000000   128.000000   124.000000   103.000000   123.000000    99.000000   208.000000    54.000000    64.000000    99.000000   111.000000   114.000000   152.000000   134.000000   222.000000  1202.000000   734.000000    87.000000    79.000000    96.000000   221.000000   259.000000   256.000000    89.000000    80.000000    64.000000   188.000000   190.000000   102.000000    74.000000   171.000000   249.000000    17.000000   334.000000
   487.257202    92.000000    32.000000    12.000000    19.000000   378.000000   377.000000   342.000000    76.000000   102.000000    49.000000    50.000000    87.000000   109.000000    92.000000    64.000000    37.000000    41.000000    23.000000    18.000000    23.000000    27.000000    36.000000    34.000000    27.000000    18.000000    29.000000    22.000000    11.000000    19.000000    21.000000    42.000000    53.000000    44.000000    41.000000    61.000000    18.000000    30.000000    23.000000    34.000000    20.000000    48.000000    76.000000    95.000000    73.000000   147.000000   133.000000   147.000000   108.000000   124.000000   125.000000   229.000000    47.000000    79.000000    95.000000   127.000000    93.000000   158.000000   161.000000   208.000000  1179.000000   817.000000    87.000000    65.000000   106.000000   254.000000   232.000000   247.000000   103.000000    70.000000    67.000000   190.000000   172.000000   109.000000    88.000000   167.000000   231.000000    35.000000   382.000000
   488.487701    95.000000    24.000000    19.000000    19.000000   381.000000   385.000000   385.000000    81.000000    74.000000    56.000000    42.000000    73.000000   108.000000    91.000000    64.000000    32.000000    34.000000    20.000000    42.000000    34.000000    27.000000    29.000000    40.000000    33.000000    19.000000    30.000000    41.000000    42.000000    28.000000    50.000000    22.000000    59.000000    32.000000    54.000000    44.000000    19.000000    41.000000    15.000000    20.000000    33.000000    68.000000    96.000000    69.000000    83.000000   155.000000   122.000000   140.000000    89.000000   129.000000    99.000000   192.000000    53.000000    96.000000    74.000000    94.000000   106.000000   158.000000   159.000000   246.000000  1301.000000   910.000000    71.000000    88.000000   115.000000   255.000000   269.000000   217.000000    92.000000   100.000000    63.000000   198.000000   165.000000    93.000000    97.000000   161.000000   237.000000    41.000000   390.000000
   489.718597   104.000000    23.000000    33.000000    24.000000   417.000000   371.000000   379.000000    75.000000    80.000000    40.000000    65.000000    79.000000   104.000000    83.000000    61.000000    41.000000    14.000000    38.000000    32.000000    24.000000    17.000000    32.000000    36.000000    28.000000    37.000000    20.000000    49.000000     6.000000    33.000000    48.000000    43.000000    45.000000    34.000000    30.000000    50.000000    17.000000    34.000000    24.000000    21.000000    19.000000    40.000000    67.000000    89.000000    63.000000   161.000000   141.000000   151.000000   103.000000   149.000000    76.000000   249.000000    68.000000    74.000000   107.000000   101.000000   101.000000   175.000000   152.000000   228.000000  1321.000000   863.000000   111.000000    86.000000   112.000000   243.000000   185.000000   222.000000   131.000000   108.000000    44.000000   213.000000   188.000000   101.000000   109.000000   172.000000   242.000000    52.000000   355.000000
   490.950104    79.000000    23.000000    20.000000    13.000000   359.000000   405.000000   387.000000    80.000000    80.000000    42.000000    49.000000    87.000000   132.000000    95.000000    78.000000    29.000000    28.000000    30.000000    38.000000    30.000000    26.000000    38.000000    49.000000    43.000000    43.000000    20.000000     4.000000    21.000000    31.000000    33.000000    45.000000    52.000000    60.000000    42.000000    49.000000    29.000000    40.000000    29.000000    27.000000    23.000000    62.000000    93.000000    95.000000    82.000000   151.000000   140.000000   164.000000   139.000000   126.000000   102.000000   225.000000    53.000000   104.000000    97.000000   102.000000   124.000000   154.000000   142.000000   263.000000  1379.000000   950.000000    99.000000   107.000000   126.000000   262.000000   244.000000   220.000000   126.000000    86.000000    59.000000   203.000000   192.000000   107.000000   119.000000   181.000000   249.000000    18.000000   389.000000
   492.182007    94.000000    26.000000    32.000000    35.000000   388.000000   413.000000   376.000000    75.000000    68.000000    41.000000    53.000000    89.000000   107.000000    79.000000    63.000000    31.000000    31.000000    28.000000    34.000000    34.000000    22.000000    44.000000    27.000000    29.000000    34.000000    24.000000    -1.000000     7.000000    40.000000    34.000000    34.000000    55.000000    10.000000    36.000000    38.000000    28.000000    24.000000    30.000000    31.000000    39.000000    72.000000    58.000000   114.000000    94.000000   144.000000   140.000000   154.000000   139.000000   109.000000    87.000000   233.000000    49.000000    81.000000   116.000000   106.000000   101.000000   155.000000   149.000000   231.000000  1392.000000   933.000000    62.000000    83.000000   136.000000   252.000000   213.000000   218.000000   128.000000    99.000000    55.000000   232.000000   175.000000    99.000000   111.000000   172.000000   265.000000    17.000000   392.000000
   493.414398    88.000000    40.000000    36.000000    16.000000   383.000000   425.000000   390.000000    99.000000   102.000000    44.000000    18.000000    88.000000   113.000000    93.000000    66.000000    24.000000    31.000000     9.000000    32.000000    18.000000    14.000000    26.000000    35.000000    31.000000    34.000000    29.000000    14.000000    14.000000    29.000000    50.000000    67.000000    23.000000    36.000000    39.000000    61.000000    10.000000    39.000000    10.000000    25.000000    38.000000    59.000000    68.000000   118.000000    94.000000   148.000000   160.000000   151.000000    91.000000    99.000000   120.000000   250.000000    58.000000    76.000000   100.000000   115.000000   106.000000   200.000000   148.000000   252.000000  1401.000000   980.000000    88.000000    96.000000   137.000000   269.000000   246.000000   232.000000   127.000000    65.000000    59.000000   227.000000   238.000000   110.000000    98.000000   167.000000   247.000000    43.000000   405.000000
   494.647308    69.000000    41.000000    20.000000    27.000000   401.000000   427.000000   446.000000    94.000000   101.000000    39.000000    52.000000    83.000000   109.000000    91.000000    86.000000    31.000000    33.000000    38.000000    37.000000    20.000000    35.000000    19.000000    28.000000    37.000000    41.000000    44.000000    23.000000     3.000000    37.000000    13.000000    37.000000    44.000000    56.000000    54.000000    59.000000    32.000000    36.000000     9.000000    27.000000    40.000000    68.000000    73.000000   108.000000    89.000000   150.000000   135.000000   142.000000   121.000000   129.000000   131.000000   236.000000    45.000000    79.000000    93.000000   129.000000   122.000000   175.000000   170.000000   274.000000  1389.000000   975.000000    91.000000    95.000000   127.000000   268.000000   285.000000   250.000000   123.000000    90.000000    66.000000   221.000000   208.000000    93.000000   105.000000   147.000000   230.000000    19.000000   411.000000
   495.880615    77.000000    31.000000    31.000000    33.000000   386.000000   420.000000   406.000000    76.000000    85.000000    78.000000    31.000000   115.000000   135.000000   112.000000    88.000000    53.000000    40.000000    43.000000    34.000000    31.000000    33.000000    16.000000    26.000000    33.000000    39.000000    30.000000    23.000000    25.000000    38.000000    42.000000    37.000000    22.000000    43.000000    31.000000    74.000000    29.000000    16.000000    20.000000    19.000000    36.000000    64.000000    78.000000    66.000000    93.000000   163.000000   144.000000   166.000000   131.000000   136.000000   107.000000   229.000000    60.000000    73.000000   100.000000   120.000000   116.000000   168.000000   156.000000   267.000000  1402.000000  1015.000000    92.000000   113.000000   132.000000   290.000000   252.000000   221.000000   111.000000    77.000000    43.000000   228.000000   185.000000   116.000000   121.000000   165.000000   230.000000    22.000000   393.000000
   497.114502    64.000000    31.000000    20.000000    34.000000   444.000000   393.000000   453.000000    70.000000    75.000000    41.000000    64.000000    97.000000   122.000000    83.000000    76.000000    54.000000    40.000000    48.000000    38.000000    15.000000    31.000000    25.000000    38.000000    30.000000    30.000000    37.000000    25.000000    13.000000    31.000000    35.000000    44.000000    68.000000    46.000000    44.000000    57.000000    25.000000    38.000000    19.000000    16.000000    22.000000    83.000000    67.000000   101.000000    66.000000   143.000000   181.000000   147.000000   127.000000   145.000000   113.000000   222.000000    60.000000    54.000000    81.000000   124.000000   109.000000   182.000000   214.000000   266.000000  1511.000000  1063.000000    84.000000    90.000000   102.000000   249.000000   256.000000   230.000000   130.000000    68.000000    59.000000   239.000000   197.000000   105.000000   114.000000   157.000000   244.000000    43.000000   445.000000
   498.348785    82.000000    33.000000    32.000000    36.000000   379.000000   439.000000   409.000000    85.000000    89.000000    53.000000    65.000000   113.000000   122.000000    96.000000    59.000000    44.000000    25.000000    40.000000    38.000000    47.000000    25.000000    11.000000    58.000000    32.000000    40.000000    25.000000    38.000000    27.000000    29.000000    32.000000    31.000000    43.000000    43.000000    46.000000    52.000000    36.000000    22.000000    51.000000    37.000000    26.000000    82.000000    80.000000    85.000000    97.000000   163.000000   149.000000   142.000000   122.000000   107.000000   126.000000   256.000000    63.000000    87.000000   115.000000   147.000000   132.000000   187.000000   181.000000   274.000000  1546.000000  1118.000000    74.000000    99.000000   114.000000   296.000000   251.000000   253.000000   132.000000    93.000000    55.000000   226.000000   216.000000   104.000000   113.000000   167.000000   254.000000    52.000000   409.000000
   499.583588    94.000000    22.000000    21.000000    46.000000   393.000000   461.000000   440.000000    98.000000    90.000000    48.000000    35.000000   114.000000   109.000000    99.000000    84.000000    48.000000    23.000000    21.000000    28.000000    34.000000    27.000000    19.000000    30.000000    23.000000    43.000000    14.000000    11.000000    23.000000    25.000000    32.000000    35.000000    47.000000    59.000000    48.000000    51.000000    51.000000    41.000000    43.000000    37.000000    28.000000    79.000000   102.000000    76.000000    85.000000   157.000000   171.000000   157.000000   136.000000   123.000000    93.000000   241.000000    67.000000    72.000000    83.000000   132.000000   136.000000   177.000000   135.000000   244.000000  1510.000000  1109.000000    75.000000   111.000000   118.000000   261.000000   276.000000   213.000000   130.000000    68.000000    63.000000   230.000000   209.000000   104.000000   101.000000   137.000000   216.000000    30.000000   426.000000
   500.818909    89.000000    17.000000    45.000000    41.000000   468.000000   429.000000   411.000000    84.000000   111.000000    43.000000    51.000000    95.000000   123.000000   110.000000    77.000000    62.000000    37.000000    31.000000    25.000000    31.000000    23.000000    34.000000    38.000000    41.000000    14.000000    48.000000    37.000000    19.000000    26.000000    34.000000    24.000000    24.000000    49.000000    42.000000    41.000000    30.000000    21.000000    34.000000    28.000000    53.000000    50.000000    96.000000   105.000000    84.000000   173.000000   149.000000   157.000000   126.000000   109.000000   109.000000   226.000000    64.000000    66.000000   128.000000   107.000000   119.000000   179.000000   172.000000   298.000000  1573.000000  1121.000000    92.000000   112.000000   146.000000   288.000000   292.000000   233.000000   129.000000    71.000000    51.000000   240.000000   237.000000   113.000000   139.000000   163.000000   263.000000    10.000000   436.000000
   502.054596    80.000000    21.000000    34.000000    29.000000   443.000000   455.000000   456.000000    63.000000    87.000000    42.000000    42.000000   101.000000   116.000000   115.000000    65.000000    38.000000     5.000000    22.000000    21.000000    22.000000    30.000000    20.000000    35.000000    17.000000    44.000000    31.000000    24.000000    15.000000    29.000000    44.000000    36.000000    50.000000    52.000000    42.000000    51.000000    30.000000    23.000000    23.000000    28.000000    53.000000    68.000000    84.000000    85.000000    67.000000   160.000000   172.000000   148.000000   113.000000   120.000000   143.000000   238.000000    47.000000    74.000000   137.000000   162.000000   114.000000   150.000000   157.000000   297.000000  1603.000000  1208.000000    87.000000   114.000000   155.000000   259.000000   268.000000   231.000000   126.000000    80.000000    53.000000   241.000000   204.000000   120.000000   108.000000   177.000000   264.000000    33.000000   443.000000
   503.290894    72.000000    20.000000    38.000000    34.000000   422.000000   375.000000   420.000000    81.000000    92.000000    52.000000    80.000000    93.000000   131.000000   104.000000    76.000000    64.000000    29.000000    34.000000    33.000000    47.000000    38.000000    32.000000    41.000000    31.000000    31.000000    41.000000    33.000000    20.000000    25.000000    48.000000    49.000000    46.000000    35.000000    53.000000    33.000000    22.000000    29.000000    23.000000    32.000000    44.000000    71.000000    97.000000    92.000000    80.000000   150.000000   145.000000   150.000000   141.000000   118.000000   119.000000   240.000000    79.000000    67.000000    94.000000   130.000000   161.000000   162.000000   158.000000   304.000000  1586.000000  1219.000000    57.000000   116.000000   133.000000   288.000000   298.000000   249.000000   123.000000    68.000000    62.000000   245.000000   228.000000   111.000000   116.000000   155.000000   241.000000    40.000000   407.000000
   504.527588    83.000000    44.000000    30.000000    39.000000   476.000000   419.000000   395.000000   123.000000   100.000000    50.000000    70.000000   125.000000   148.000000    85.000000    81.000000    26.000000    21.000000    19.000000    25.000000    23.000000    14.000000    29.000000    60.000000    32.000000    36.000000    32.000000    44.000000    26.000000    33.000000    44.000000    49.000000    58.000000    46.000000    40.000000    44.000000    38.000000    17.000000    15.000000    29.000000    19.000000    66.000000    77.000000   105.000000    58.000000   190.000000   159.000000   180.000000   123.000000   141.000000   160.000000   232.000000    64.000000   100.000000   121.000000   159.000000   120.000000   185.000000   186.000000   309.000000  1539.000000  1226.000000    80.000000   136.000000   114.000000   299.000000   258.000000   231.000000   115.000000    47.000000    48.000000   237.000000   226.000000   114.000000   140.000000   161.000000   232.000000    39.000000   436.000000
   505.764801    62.000000    47.000000    19.000000    32.000000   403.000000   528.000000   445.000000   108.000000    95.000000    52.000000    46.000000    77.000000   118.000000   110.000000    83.000000    32.000000     5.000000    35.000000    28.000000    26.000000    22.000000    35.000000    48.000000    16.000000    17.000000    36.000000    24.000000     7.000000    38.000000    50.000000    29.000000    32.000000    63.000000    51.000000    65.000000    40.000000    27.000000    29.000000    34.000000    38.000000   103.000000    80.000000    97.000000    68.000000   187.000000   157.000000   176.000000   133.000000   110.000000   127.000000   227.000000    37.000000    97.000000   126.000000   190.000000   148.000000   202.000000   165.000000   298.000000  1614.000000  1242.000000    77.000000   127.000000   133.000000   270.000000   288.000000   262.000000   131.000000    89.000000    64.000000   248.000000   252.000000   123.000000   113.000000   179.000000   222.000000    17.000000   498.000000
   507.002502    77.000000    27.000000    21.000000    21.000000   448.000000   442.000000   427.000000    97.000000    86.000000    52.000000    62.000000   122.000000   135.000000    97.000000    48.000000    41.000000    16.000000    26.000000    36.000000    54.000000    15.000000    19.000000    44.000000    29.000000    34.000000    34.000000    28.000000     8.000000    40.000000    43.000000    49.000000    49.000000    72.000000    60.000000    61.000000    48.000000     7.000000    46.000000    53.000000    16.000000    62.000000    92.000000    99.000000    75.000000   190.000000   200.000000   179.000000   114.000000   139.000000   134.000000   251.000000    56.000000    82.000000   130.000000   157.000000   129.000000   193.000000   186.000000   274.000000  1627.000000  1284.000000   105.000000   126.000000   139.000000   271.000000   276.000000   267.000000   114.000000    83.000000    73.000000   247.000000   220.000000   118.000000   120.000000   164.000000   256.000000    28.000000   481.000000
   508.240601   103.000000    28.000000    29.000000    21.000000   496.000000   434.000000   466.000000    71.000000    79.000000    63.000000    45.000000   100.000000   133.000000   127.000000    77.000000    37.000000    36.000000    21.000000    40.000000    12.000000    29.000000    27.000000    27.000000    14.000000    25.000000    52.000000    17.000000    17.000000    26.000000    36.000000    48.000000    56.000000    41.000000    71.000000    88.000000    30.000000    22.000000    24.000000    33.000000    35.000000    83.000000    92.000000    77.000000    86.000000   185.000000   170.000000   169.000000   143.000000   125.000000    98.000000   250.000000    58.000000   113.000000   109.000000   178.000000   125.000000   187.000000   177.000000   335.000000  1744.000000  1271.000000    78.000000   143.000000   148.000000   266.000000   296.000000   260.000000   158.000000    65.000000    54.000000   247.000000   214.000000   137.000000   141.000000   174.000000   234.000000    22.000000   453.000000
   509.479309    89.000000    37.000000    30.000000    34.000000   470.000000   472.000000   414.000000    93.000000   109.000000    35.000000    60.000000   126.000000   137.000000    88.000000    76.000000    22.000000    11.000000    38.000000    27.000000    53.000000    20.000000    17.000000    36.000000    33.000000    25.000000    23.000000    30.000000    19.000000    51.000000    43.000000    35.000000    57.000000    43.000000    59.000000    63.000000    24.000000    38.000000    26.000000    56.000000    38.000000    98.000000   102.000000    94.000000    92.000000   182.000000   157.000000   175.000000   141.000000   135.000000   105.000000   235.000000    79.000000    77.000000   107.000000   135.000000   147.000000   192.000000   193.000000   301.000000  1686.000000  1320.000000    74.000000    92.000000   150.000000   297.000000   303.000000   253.000000   139.000000    76.000000    49.000000   253.000000   226.000000   146.000000   113.000000   172.000000   222.000000    29.000000   482.000000
   510.718414    76.000000    35.000000    22.000000    18.000000   456.000000   457.000000   448.000000   100.000000   112.000000    71.000000    45.000000   110.000000   128.000000   116.000000   102.000000    36.000000    36.000000    32.000000    42.000000    40.000000    24.000000    36.000000    52.000000    21.000000    19.000000    32.000000    26.000000    23.000000    53.000000    51.000000    63.000000    57.000000    58.000000    56.000000    70.000000    37.000000    33.000000    28.000000    35.000000    57.000000    59.000000   114.000000    89.000000    99.000000   165.000000   182.000000   147.000000   149.000000   138.000000   116.000000   273.000000    64.000000    57.000000   130.000000   162.000000   144.000000   181.000000   172.000000   279.000000  1649.000000  1442.000000    76.000000   121.000000   163.000000   330.000000   271.000000   266.000000   117.000000    90.000000    87.000000   265.000000   248.000000   118.000000   152.000000   161.000000   234.000000    31.000000   475.000000
   511.958008    98.000000    28.000000    19.000000    20.000000   471.000000   457.000000   422.000000    66.000000   111.000000    51.000000    63.000000    99.000000   139.000000   139.000000    99.000000    43.000000    25.000000    36.000000    31.000000    25.000000    10.000000    18.000000    41.000000    19.000000    58.000000    35.000000    18.000000    11.000000    22.000000    43.000000    39.000000    46.000000    61.000000    51.000000    39.000000    35.000000    25.000000    39.000000    47.000000    65.000000    73.000000    77.000000    95.000000    94.000000   208.000000   202.000000   182.000000   166.000000   124.000000   130.000000   210.000000    53.000000    74.000000   118.000000   125.000000   109.000000   215.000000   176.000000   353.000000  1779.000000  1462.000000    93.000000   130.000000   139.000000   304.000000   312.000000   271.000000   105.000000    78.000000    52.000000   242.000000   221.000000   119.000000   130.000000   204.000000   270.000000    18.000000   483.000000
   513.198120    70.000000    37.000000    39.000000    44.000000   495.000000   467.000000   443.000000    93.000000    99.000000    64.000000    66.000000   134.000000   141.000000    97.000000    69.000000    44.000000    44.000000    39.000000    57.000000    48.000000    24.000000    28.000000    48.000000    37.000000    34.000000    24.000000    16.000000    20.000000    35.000000    44.000000    44.000000    37.000000    53.000000    30.000000    64.000000    24.000000    37.000000    31.000000    45.000000    61.000000    75.000000    87.000000    90.000000    90.000000   186.000000   180.000000   177.000000   155.000000   112.000000   134.000000   212.000000    79.000000    81.000000   112.000000   162.000000   143.000000   195.000000   187.000000   344.000000  1860.000000  1448.000000    78.000000   140.000000   147.000000   335.000000   292.000000   289.000000   145.000000    75.000000    65.000000   265.000000   258.000000   124.000000   134.000000   171.000000   222.000000    37.000000   499.000000
   514.438599    89.000000    35.000000    28.000000    37.000000   517.000000   538.000000   517.000000    72.000000   113.000000    75.000000    48.000000    98.000000   139.000000    91.000000    80.000000    37.000000    39.000000    44.000000    43.000000    32.000000    25.000000    31.000000    76.000000    10.000000    36.000000    18.000000    26.000000    19.000000    34.000000    47.000000    43.000000    25.000000    52.000000    38.000000    82.000000    30.000000    39.000000    30.000000    44.000000    52.000000    76.000000    99.000000    96.000000    95.000000   197.000000   190.000000   224.000000   147.000000   139.000000   135.000000   256.000000    62.000000    93.000000   127.000000   176.000000   144.000000   168.000000   215.000000   351.000000  1850.000000  1510.000000    56.000000   117.000000   151.000000   324.000000   313.000000   248.000000   137.000000    65.000000    63.000000   274.000000   244.000000   149.000000   118.000000   184.000000   192.000000    16.000000   527.000000
   515.679688    96.000000    26.000000    40.000000    30.000000   490.000000   479.000000   427.000000    72.000000    85.000000    56.000000    70.000000   114.000000   151.000000   117.000000    81.000000    61.000000    27.000000    46.000000    46.000000    32.000000    36.000000    37.000000    61.000000    31.000000    37.000000    27.000000    21.000000     3.000000    46.000000    50.000000    40.000000    43.000000    51.000000    74.000000    69.000000    43.000000    30.000000    40.000000    29.000000    56.000000    76.000000    88.000000    99.000000    93.000000   185.000000   170.000000   195.000000   147.000000   127.000000   133.000000   248.000000    72.000000    92.000000   128.000000   190.000000   153.000000   226.000000   201.000000   344.000000  1875.000000  1620.000000    60.000000   126.000000   139.000000   294.000000   291.000000   275.000000   120.000000    73.000000    29.000000   248.000000   259.000000   149.000000   108.000000   200.000000   274.000000    26.000000   561.000000
   516.921204   103.000000    46.000000    60.000000    38.000000   487.000000   444.000000   427.000000    72.000000    77.000000    51.000000    71.000000   109.000000   159.000000   108.000000    88.000000    35.000000    37.000000    26.000000    60.000000    35.000000    34.000000    31.000000    64.000000    46.000000    38.000000    56.000000    30.000000    -5.000000    31.000000    36.000000    45.000000    52.000000    48.000000    65.000000    57.000000    35.000000    25.000000    39.000000    38.000000    35.000000    87.000000   117.000000   117.000000    93.000000   191.000000   170.000000   206.000000   161.000000   175.000000    92.000000   232.000000    61.000000    82.000000   139.000000   165.000000   163.000000   215.000000   198.000000   361.000000  1931.000000  1660.000000    74.000000   144.000000   147.000000   299.000000   300.000000   283.000000   116.000000    90.000000    39.000000   265.000000   216.000000   111.000000   105.000000   183.000000   215.000000    36.000000   585.000000
   518.163208    80.000000    22.000000    31.000000    47.000000   557.000000   446.000000   454.000000    89.000000    94.000000    63.000000    61.000000   107.000000   142.000000   111.000000    64.000000    25.000000    38.000000    23.000000    71.000000    17.000000    22.000000    42.000000    47.000000    23.000000    39.000000    37.000000    15.000000    25.000000    36.000000    46.000000    35.000000    28.000000    30.000000    54.000000    68.000000    36.000000     9.000000    48.000000    55.000000    43.000000    71.000000    89.000000    97.000000   114.000000   192.000000   199.000000   198.000000   161.000000   134.000000   122.000000   214.000000    59.000000    75.000000   173.000000   173.000000   163.000000   181.000000   182.000000   410.000000  1888.000000  1695.000000    76.000000   143.000000   120.000000   318.000000   282.000000   269.000000   129.000000    84.000000    49.000000   241.000000   210.000000   110.000000    99.000000   165.000000   226.000000    37.000000   527.000000
   519.405579   111.000000    34.000000    26.000000    32.000000   499.000000   516.000000   413.000000   100.000000   107.000000    84.000000    66.000000   135.000000   190.000000   124.000000    71.000000    48.000000    38.000000    31.000000    56.000000    23.000000    25.000000    32.000000    26.000000    31.000000    44.000000    20.000000    23.000000    18.000000    42.000000    23.000000    54.000000    45.000000    42.000000    56.000000    65.000000    34.000000    25.000000    42.000000    16.000000    30.000000    93.000000   127.000000   107.000000    91.000000   205.000000   217.000000   207.000000   169.000000   141.000000   114.000000   239.000000    49.000000    61.000000   150.000000   173.000000   190.000000   193.000000   218.000000   357.000000  2009.000000  1600.000000    73.000000   103.000000   128.000000   283.000000   286.000000   266.000000   110.000000    63.000000    65.000000   247.000000   237.000000   123.000000    60.000000   142.000000   188.000000    57.000000   550.000000
   520.648621   105.000000    27.000000    26.000000    37.000000   530.000000   524.000000   449.000000    81.000000    92.000000    76.000000    55.000000   129.000000   146.000000   111.000000    91.000000    32.000000    34.000000    27.000000    50.000000    30.000000    18.000000    30.000000    42.000000    38.000000    30.000000    41.000000    40.000000     5.000000    52.000000    51.000000    53.000000    27.000000    71.000000    51.000000    65.000000    31.000000    30.000000    51.000000    48.000000    34.000000    81.000000   103.000000   118.000000    88.000000   196.000000   222.000000   212.000000   144.000000   132.000000   126.000000   206.000000    63.000000    98.000000   123.000000   202.000000   116.000000   220.000000   210.000000   396.000000  1980.000000  1654.000000    61.000000   123.000000    96.000000   328.000000   291.000000   219.000000   144.000000    71.000000    58.000000   208.000000   211.000000    97.000000    92.000000   177.000000   232.000000    33.000000   503.000000
   521.892090    91.000000    34.000000    45.000000    35.000000   474.000000   473.000000   422.000000    71.000000    85.000000    73.000000    80.000000   170.000000   132.000000   139.000000    89.000000    53.000000    26.000000    20.000000    41.000000    40.000000    25.000000    32.000000    68.000000    43.000000    49.000000    43.000000    26.000000    45.000000    29.000000    29.000000    45.000000    55.000000    63.000000    43.000000    84.000000    23.000000    46.000000    58.000000    47.000000    29.000000    76.000000   107.000000   122.000000    91.000000   203.000000   206.000000   191.000000   130.000000   133.000000   112.000000   222.000000    58.000000    76.000000   152.000000   159.000000   161.000000   217.000000   172.000000   340.000000  2013.000000  1634.000000    73.000000   107.000000   108.000000   281.000000   263.000000   237.000000   119.000000    92.000000    66.000000   226.000000   227.000000   104.000000   115.000000   153.000000   201.000000    51.000000   539.000000
   523.135986    74.000000    37.000000    43.000000    57.000000   501.000000   459.000000   428.000000    72.000000    66.000000    65.000000    68.000000   125.000000   142.000000   105.000000    43.000000    35.000000    32.000000    24.000000    23.000000    47.000000    36.000000    25.000000    20.000000    23.000000    51.000000    53.000000    24.000000    12.000000    26.000000    61.000000    47.000000    42.000000    64.000000    45.000000    79.000000     8.000000    49.000000    15.000000    59.000000    61.000000    80.000000    94.000000    94.000000    91.000000   216.000000   181.000000   181.000000   141.000000   139.000000   106.000000   201.000000    72.000000    95.000000   140.000000   191.000000   165.000000   205.000000   157.000000   368.000000  1888.000000  1703.000000    83.000000   115.000000   110.000000   278.000000   258.000000   243.000000   109.000000    55.000000    46.000000   214.000000   200.000000   115.000000   102.000000   128.000000   203.000000    19.000000   547.000000
   524.380371    75.000000    23.000000    34.000000    49.000000   514.000000   447.000000   433.000000    94.000000    90.000000    41.000000    66.000000   133.000000   142.000000   115.000000    60.000000    35.000000    38.000000    26.000000    20.000000    38.000000    44.000000    25.000000    55.000000    29.000000    37.000000    29.000000    33.000000    24.000000    31.000000    42.000000    45.000000    22.000000    42.000000    33.000000    65.000000    22.000000    30.000000    38.000000    59.000000    56.000000    69.000000   102.000000    76.000000    88.000000   213.000000   201.000000   218.000000   144.000000   151.000000   100.000000   213.000000    46.000000    60.000000   140.000000   193.000000   185.000000   193.000000   185.000000   352.000000  1969.000000  1726.000000    65.000000    93.000000    98.000000   302.000000   253.000000   224.000000   117.000000    74.000000    54.000000   185.000000   220.000000   122.000000   117.000000   175.000000   198.000000    48.000000   544.000000
   525.625305    89.000000    30.000000    31.000000    21.000000   473.000000   463.000000   443.000000    77.000000    82.000000    49.000000    68.000000   139.000000   167.000000   122.000000   106.000000    21.000000    39.000000    42.000000    74.000000    38.000000    33.000000     7.000000    59.000000    34.000000    43.000000    49.000000    11.000000    16.000000    31.000000    55.000000    43.000000    47.000000    57.000000    46.000000    73.000000    43.000000    34.000000    41.000000    40.000000    46.000000   119.000000   109.000000   137.000000    80.000000   208.000000   208.000000   228.000000   128.000000   151.000000   100.000000   218.000000    65.000000    74.000000   152.000000   214.000000   174.000000   201.000000   213.000000   352.000000  1894.000000  1753.000000    63.000000    89.000000    91.000000   242.000000   234.000000   236.000000   105.000000    44.000000    48.000000   228.000000   215.000000   119.000000   112.000000   128.000000   195.000000    30.000000   554.000000
   526.870728    64.000000    31.000000    40.000000    38.000000   501.000000   469.000000   392.000000    58.000000    81.000000    52.000000    82.000000   128.000000   167.000000   129.000000    99.000000    45.000000    36.000000    28.000000    39.000000    31.000000    46.000000    22.000000    56.000000    40.000000    37.000000    39.000000     7.000000    24.000000    35.000000    35.000000    36.000000    61.000000    56.000000    50.000000    89.000000    29.000000    38.000000    31.000000    40.000000    31.000000    79.000000   118.000000   113.000000   108.000000   174.000000   229.000000   206.000000   163.000000   149.000000   113.000000   196.000000    69.000000    85.000000   168.000000   225.000000   217.000000   207.000000   209.000000   388.000000  1998.000000  1825.000000    77.000000   101.000000   116.000000   242.000000   243.000000   225.000000   123.000000    89.000000    28.000000   228.000000   243.000000   111.000000    97.000000   151.000000   234.000000    18.000000   532.000000
   528.116516    83.000000    35.000000    55.000000    29.000000   468.000000   465.000000   448.000000    71.000000   101.000000    53.000000    70.000000   140.000000   144.000000   108.000000    79.000000    52.000000    38.000000    30.000000    53.000000    31.000000    27.000000    35.000000    41.000000    22.000000    32.000000    53.000000    46.000000    22.000000    40.000000    20.000000    43.000000    75.000000    58.000000    26.000000    71.000000    28.000000    33.000000    66.000000    58.000000    38.000000    93.000000   120.000000   145.000000   117.000000   200.000000   199.000000   221.000000   125.000000   161.000000   121.000000   191.000000    82.000000    83.000000   157.000000   229.000000   208.000000   204.000000   177.000000   412.000000  1966.000000  1814.000000    70.000000   121.000000   109.000000   300.000000   253.000000   236.000000   128.000000    54.000000    63.000000   219.000000   224.000000   119.000000   120.000000   147.000000   243.000000    19.000000   551.000000
   529.362793    58.000000    31.000000    31.000000    38.000000   465.000000   455.000000   447.000000    62.000000    56.000000    65.000000    73.000000   125.000000   144.000000   125.000000    86.000000    31.000000    36.000000    32.000000    52.000000    38.000000    27.000000    44.000000    70.000000     1.000000    38.000000    43.000000    37.000000    14.000000    51.000000    35.000000    43.000000    51.000000    57.000000    40.000000    66.000000    40.000000    21.000000    53.000000    40.000000    30.000000    97.000000   114.000000   113.000000   100.000000   215.000000   202.000000   187.000000   119.000000   153.000000   131.000000   197.000000    80.000000    73.000000   217.000000   222.000000   207.000000   211.000000   195.000000   387.000000  2151.000000  1916.000000    57.000000   120.000000   152.000000   261.000000   232.000000   221.000000   118.000000    66.000000    32.000000   217.000000   180.000000   132.000000   153.000000   174.000000   217.000000    25.000000   585.000000
   530.609619    86.000000    16.000000    27.000000    25.000000   485.000000   502.000000   466.000000    60.000000    85.000000    67.000000    81.000000   141.000000   180.000000   128.000000   102.000000    36.000000    47.000000    17.000000    41.000000    41.000000    48.000000    66.000000    76.000000    32.000000    44.000000    29.000000    30.000000     7.000000    36.000000    19.000000    40.000000    63.000000    81.000000    76.000000   105.000000    44.000000    27.000000    66.000000    41.000000    64.000000   103.000000    94.000000   108.000000   127.000000   201.000000   212.000000   215.000000   175.000000   144.000000   148.000000   212.000000    77.000000   105.000000   178.000000   235.000000   218.000000   242.000000   207.000000   423.000000  2154.000000  1910.000000    77.000000   112.000000   116.000000   282.000000   247.000000   244.000000   142.000000    56.000000    60.000000   243.000000   211.000000   150.000000   162.000000   156.000000   206.000000    31.000000   616.000000
   531.856873    78.000000    61.000000    32.000000    27.000000   476.000000   486.000000   509.000000    61.000000    98.000000    61.000000    65.000000   145.000000   175.000000   142.000000    77.000000     5.000000    37.000000    16.000000    58.000000    32.000000    51.000000    34.000000    45.000000    12.000000    56.000000    50.000000    33.000000    12.000000    54.000000    58.000000    44.000000    51.000000    67.000000    66.000000    84.000000    29.000000    10.000000    43.000000    55.000000    45.000000    99.000000   100.000000   103.000000   123.000000   227.000000   252.000000   223.000000   164.000000   137.000000   124.000000   240.000000    90.000000    84.000000   189.000000   248.000000   221.000000   223.000000   190.000000   417.000000  2220.000000  1948.000000    49.000000   122.000000   149.000000   299.000000   267.000000   244.000000   142.000000    59.000000    54.000000   246.000000   228.000000   151.000000   176.000000   158.000000   203.000000    35.000000   623.000000
   533.104614    74.000000    37.000000    50.000000    43.000000   506.000000   526.000000   472.000000    79.000000    87.000000    87.000000    75.000000   139.000000   187.000000   139.000000   116.000000    67.000000    30.000000    14.000000    55.000000    50.000000    30.000000    62.000000    72.000000    20.000000    34.000000    55.000000    43.000000    22.000000    40.000000    76.000000    59.000000    68.000000    55.000000    95.000000    82.000000    48.000000    27.000000    51.000000    55.000000    58.000000    94.000000   143.000000   131.000000   117.000000   257.000000   220.000000   224.000000   148.000000   168.000000   152.000000   211.000000    83.000000    92.000000   209.000000   267.000000   231.000000   220.000000   232.000000   414.000000  2221.000000  2000.000000    85.000000   136.000000   120.000000   300.000000   239.000000   227.000000   125.000000    84.000000    57.000000   224.000000   205.000000   146.000000   139.000000   173.000000   195.000000    53.000000   580.000000
   534.352905    76.000000    54.000000    45.000000    38.000000   511.000000   492.000000   473.000000    70.000000    96.000000    67.000000    87.000000   169.000000   201.000000   157.000000   113.000000    63.000000    53.000000    58.000000    32.000000    48.000000    21.000000    66.000000    64.000000    40.000000    71.000000    39.000000    41.000000    14.000000    58.000000    49.000000    39.000000    45.000000    53.000000    63.000000    76.000000    39.000000    37.000000    62.000000    45.000000    45.000000    91.000000   120.000000   138.000000   126.000000   245.000000   230.000000   265.000000   183.000000   162.000000   164.000000   246.000000    52.000000   123.000000   211.000000   312.000000   242.000000   222.000000   232.000000   428.000000  2237.000000  1939.000000   100.000000   106.000000   146.000000   319.000000   249.000000   212.000000   126.000000    99.000000    54.000000   237.000000   213.000000   174.000000   133.000000   170.000000   222.000000    41.000000   591.000000
   535.601624    87.000000    49.000000    63.000000    57.000000   504.000000   477.000000   448.000000   117.000000   105.000000    82.000000    63.000000   171.000000   223.000000   131.000000   114.000000    60.000000    30.000000    31.000000    42.000000    26.000000    42.000000    51.000000    65.000000    40.000000    57.000000    42.000000    38.000000    14.000000    36.000000    68.000000    62.000000    55.000000    40.000000    80.000000    67.000000    43.000000    53.000000    62.000000    60.000000    57.000000    83.000000   122.000000   126.000000   135.000000   293.000000   214.000000   218.000000   160.000000   169.000000   140.000000   202.000000    78.000000   111.000000   221.000000   267.000000   247.000000   233.000000   228.000000   418.000000  2281.000000  1984.000000    58.000000   144.000000   135.000000   327.000000   283.000000   231.000000   147.000000    95.000000    71.000000   244.000000   245.000000   154.000000   129.000000   165.000000   205.000000    38.000000   663.000000
   536.850830    91.000000    61.000000    68.000000    46.000000   546.000000   534.000000   429.000000   103.000000   126.000000   101.000000    81.000000   158.000000   206.000000   143.000000   106.000000    56.000000    38.000000    33.000000    49.000000    47.000000    58.000000    53.000000    75.000000    41.000000    45.000000    40.000000    58.000000    25.000000    48.000000    48.000000    69.000000    44.000000    48.000000    71.000000    90.000000    49.000000    30.000000    59.000000    54.000000    47.000000   135.000000   152.000000   148.000000   115.000000   216.000000   262.000000   222.000000   158.000000   180.000000   160.000000   226.000000   103.000000   129.000000   217.000000   293.000000   250.000000   230.000000   205.000000   450.000000  2279.000000  1995.000000   117.000000   162.000000   158.000000   352.000000   277.000000   252.000000   167.000000   109.000000   103.000000   234.000000   243.000000   157.000000   153.000000   169.000000   210.000000    20.000000   645.000000
   538.100525    83.000000    66.000000    55.000000    70.000000   551.000000   568.000000   476.000000   106.000000   151.000000   117.000000    85.000000   161.000000   214.000000   175.000000    86.000000    61.000000    36.000000     9.000000    56.000000    49.000000    52.000000    42.000000    86.000000    30.000000    64.000000    61.000000    59.000000     6.000000    51.000000    37.000000    70.000000    52.000000    73.000000    95.000000   100.000000    61.000000    21.000000    32.000000    54.000000    42.000000   120.000000   151.000000   128.000000   128.000000   246.000000   229.000000   233.000000   161.000000   180.000000   161.000000   261.000000    95.000000   103.000000   230.000000   312.000000   234.000000   248.000000   219.000000   433.000000  2287.000000  1975.000000    74.000000   130.000000   172.000000   331.000000   314.000000   258.000000   156.000000   135.000000    62.000000   251.000000   260.000000   176.000000   148.000000   180.000000   213.000000    37.000000   668.000000
   539.350586   103.000000    59.000000    64.000000    78.000000   529.000000   497.000000   542.000000   122.000000   140.000000    98.000000   105.000000   147.000000   231.000000   149.000000   120.000000    69.000000    28.000000    28.000000    51.000000    66.000000    62.000000    35.000000    86.000000    36.000000    47.000000    62.000000    44.000000    22.000000    58.000000    61.000000    51.000000    64.000000    92.000000    76.000000   111.000000    54.000000    38.000000    57.000000    62.000000    73.000000   133.000000   130.000000   128.000000   121.000000   226.000000   229.000000   236.000000   218.000000   198.000000   160.000000   264.000000   112.000000   134.000000   224.000000   286.000000   263.000000   235.000000   241.000000   455.000000  2345.000000  1837.000000   130.000000   198.000000   211.000000   391.000000   315.000000   327.000000   190.000000   158.000000    90.000000   301.000000   290.000000   209.000000   160.000000   200.000000   226.000000    43.000000   654.000000
   540.601318    93.000000    87.000000    74.000000    68.000000   589.000000   601.000000   503.000000   141.000000   157.000000    90.000000   103.000000   203.000000   239.000000   182.000000   141.000000    67.000000    49.000000    33.000000    58.000000    39.000000    49.000000    27.000000    80.000000    28.000000    53.000000    53.000000    28.000000    18.000000    47.000000    71.000000    69.000000    52.000000    71.000000    69.000000    97.000000    41.000000    46.000000    53.000000    54.000000    52.000000   104.000000   129.000000   120.000000   125.000000   226.000000   243.000000   240.000000   203.000000   188.000000   181.000000   259.000000   106.000000   144.000000   211.000000   296.000000   276.000000   237.000000   241.000000   476.000000  2422.000000  1861.000000   124.000000   189.000000   175.000000   390.000000   321.000000   323.000000   177.000000   126.000000    90.000000   318.000000   324.000000   163.000000   180.000000   218.000000   240.000000    35.000000   714.000000
   541.852417   118.000000    84.000000    86.000000    84.000000   600.000000   580.000000   561.000000   135.000000   178.000000    74.000000    95.000000   216.000000   240.000000   194.000000   142.000000    69.000000    52.000000    29.000000    46.000000    54.000000    42.000000    40.000000    75.000000    40.000000    52.000000    63.000000    38.000000    19.000000    58.000000    55.000000    54.000000    64.000000   105.000000    65.000000   111.000000    41.000000    40.000000    39.000000    58.000000    67.000000   133.000000   137.000000   113.000000   124.000000   274.000000   263.000000   249.000000   202.000000   172.000000   169.000000   239.000000    94.000000   131.000000   252.000000   284.000000   289.000000   261.000000   223.000000   448.000000  2355.000000  1847.000000   153.000000   189.000000   255.000000   383.000000   343.000000   354.000000   202.000000   132.000000   116.000000   294.000000   302.000000   180.000000   203.000000   223.000000   237.000000    37.000000   676.000000
   543.104004   130.000000    93.000000   107.000000    91.000000   645.000000   602.000000   521.000000   153.000000   139.000000   106.000000   124.000000   202.000000   238.000000   177.000000   122.000000    82.000000    76.000000    41.000000    69.000000    66.000000    47.000000    46.000000    95.000000    38.000000    66.000000    49.000000    42.000000    23.000000    63.000000    57.000000    69.000000    57.000000    76.000000   102.000000   132.000000    52.000000    31.000000    51.000000    62.000000    72.000000   136.000000   147.000000   125.000000   138.000000   282.000000   240.000000   258.000000   178.000000   196.000000   176.000000   257.000000   117.000000   167.000000   242.000000   326.000000   293.000000   259.000000   259.000000   475.000000  2450.000000  1860.000000   152.000000   225.000000   231.000000   440.000000   398.000000   349.000000   197.000000   166.000000   102.000000   349.000000   314.000000   227.000000   166.000000   218.000000   249.000000    33.000000   673.000000
   544.356079   125.000000    96.000000    71.000000    97.000000   687.000000   617.000000   604.000000   189.000000   236.000000   136.000000   106.000000   194.000000   271.000000   195.000000   113.000000    79.000000    39.000000    66.000000    53.000000    42.000000    41.000000    45.000000    86.000000    35.000000    59.000000    66.000000    22.000000    24.000000    58.000000    78.000000    68.000000    72.000000    78.000000   116.000000    79.000000    47.000000    34.000000    61.000000    67.000000    75.000000   107.000000   153.000000   137.000000   134.000000   263.000000   245.000000   293.000000   170.000000   179.000000   143.000000   264.000000   123.000000   131.000000   289.000000   353.000000   271.000000   249.000000   255.000000   487.000000  2460.000000  1884.000000   152.000000   244.000000   223.000000   422.000000   437.000000   396.000000   241.000000   179.000000   148.000000   318.000000   368.000000   226.000000   195.000000   264.000000   249.000000    37.000000   710.000000
   545.608582   151.000000    84.000000   100.000000    81.000000   682.000000   608.000000   618.000000   170.000000   244.000000    90.000000   114.000000   209.000000   258.000000   197.000000   139.000000    56.000000    57.000000    47.000000    48.000000    66.000000    70.000000    53.000000    63.000000    42.000000    59.000000    72.000000    44.000000    32.000000    54.000000    76.000000    70.000000    56.000000   105.000000    85.000000   104.000000    65.000000    38.000000    64.000000    54.000000    54.000000   139.000000   147.000000   144.000000   128.000000   265.000000   286.000000   273.000000   171.000000   234.000000   179.000000   310.000000   133.000000   146.000000   283.000000   327.000000   296.000000   265.000000   224.000000   482.000000  2618.000000  2166.000000   188.000000   284.000000   294.000000   482.000000   482.000000   398.000000   230.000000   183.000000   138.000000   371.000000   381.000000   204.000000   199.000000   262.000000   250.000000    48.000000   770.000000
   546.861694   159.000000   102.000000    99.000000    86.000000   708.000000   644.000000   638.000000   175.000000   269.000000   133.000000   121.000000   213.000000   266.000000   178.000000   138.000000    54.000000    52.000000    40.000000    81.000000    39.000000    54.000000    62.000000    69.000000    32.000000    68.000000    52.000000    34.000000    17.000000    67.000000    75.000000    49.000000    78.000000   102.000000    95.000000   109.000000    45.000000    52.000000    41.000000    58.000000    52.000000   126.000000   166.000000   111.000000   133.000000   282.000000   266.000000   324.000000   195.000000   196.000000   168.000000   296.000000   147.000000   165.000000   276.000000   338.000000   308.000000   307.000000   258.000000   540.000000  2580.000000  2191.000000   173.000000   283.000000   287.000000   536.000000   510.000000   498.000000   285.000000   196.000000   140.000000   426.000000   353.000000   229.000000   222.000000   300.000000   269.000000    44.000000   713.000000
   548.115173   152.000000    79.000000    96.000000    80.000000   682.000000   667.000000   605.000000   201.000000   229.000000   114.000000   130.000000   221.000000   273.000000   217.000000   144.000000    75.000000    50.000000    36.000000    61.000000    55.000000    51.000000    69.000000    90.000000    48.000000    74.000000    58.000000    42.000000    28.000000    56.000000    53.000000    62.000000    59.000000   119.000000    78.000000   109.000000    70.000000    47.000000    78.000000    78.000000    58.000000   143.000000   118.000000   154.000000   136.000000   310.000000   291.000000   275.000000   223.000000   220.000000   182.000000   310.000000   149.000000   157.000000   277.000000   360.000000   309.000000   271.000000   257.000000   576.000000  2631.000000  2305.000000   225.000000   275.000000   350.000000   499.000000   503.000000   504.000000   279.000000   247.000000   138.000000   408.000000   385.000000   239.000000   262.000000   304.000000   236.000000    27.000000   817.000000
   549.369202   176.000000   108.000000    97.000000   102.000000   720.000000   655.000000   652.000000   217.000000   310.000000   136.000000   103.000000   223.000000   312.000000   184.000000   140.000000    57.000000    69.000000    40.000000    56.000000    60.000000    63.000000    43.000000    74.000000    50.000000    44.000000    69.000000    24.000000    10.000000    52.000000    84.000000    82.000000    54.000000   130.000000   120.000000   123.000000    67.000000    35.000000    61.000000    76.000000    44.000000   120.000000   161.000000   147.000000   135.000000   317.000000   310.000000   275.000000   231.000000   226.000000   204.000000   298.000000   155.000000   168.000000   299.000000   346.000000   321.000000   297.000000   259.000000   557.000000  2729.000000  2421.000000   210.000000   301.000000   340.000000   581.000000   550.000000   532.000000   316.000000   235.000000   136.000000   393.000000   395.000000   262.000000   260.000000   297.000000   228.000000    24.000000   765.000000
   550.623718   200.000000    98.000000   120.000000   103.000000   782.000000   700.000000   702.000000   207.000000   313.000000   117.000000   118.000000   203.000000   288.000000   205.000000   157.000000    87.000000    51.000000    33.000000    65.000000    61.000000    62.000000    52.000000   104.000000    33.000000    43.000000    78.000000    28.000000    35.000000    58.000000    64.000000    69.000000    52.000000   108.000000   139.000000   106.000000    77.000000    33.000000    80.000000    76.000000    69.000000    92.000000   140.000000   121.000000   146.000000   276.000000   320.000000   337.000000   214.000000   226.000000   205.000000   349.000000   123.000000   166.000000   305.000000   370.000000   342.000000   271.000000   266.000000   537.000000  2655.000000  2517.000000   254.000000   338.000000   402.000000   686.000000   574.000000   557.000000   342.000000   261.000000   131.000000   470.000000   410.000000   295.000000   248.000000   363.000000   257.000000    48.000000   780.000000
   551.878723   190.000000    81.000000   100.000000    92.000000   786.000000   766.000000   707.000000   252.000000   345.000000   130.000000   117.000000   225.000000   289.000000   240.000000   163.000000    61.000000    47.000000    42.000000    53.000000    39.000000    45.000000    39.000000    77.000000    57.000000    40.000000    63.000000    51.000000     7.000000    67.000000    63.000000    44.000000   103.000000   121.000000   118.000000   115.000000    58.000000    52.000000    64.000000    58.000000    60.000000   135.000000   145.000000   119.000000   165.000000   316.000000   319.000000   327.000000   251.000000   234.000000   185.000000   335.000000   168.000000   178.000000   301.000000   349.000000   325.000000   303.000000   255.000000   582.000000  2628.000000  2564.000000   252.000000   351.000000   439.000000   670.000000   640.000000   549.000000   321.000000   261.000000   163.000000   489.000000   472.000000   250.000000   232.000000   347.000000   265.000000    38.000000   780.000000
   553.134094   179.000000   126.000000   101.000000    91.000000   810.000000   731.000000   657.000000   274.000000   380.000000   117.000000   111.000000   242.000000   280.000000   214.000000   146.000000    73.000000    37.000000    41.000000    56.000000    78.000000    59.000000    44.000000    98.000000    32.000000    79.000000    68.000000    46.000000    25.000000    50.000000    81.000000    93.000000    85.000000   114.000000    96.000000   132.000000    67.000000    49.000000    79.000000    59.000000    83.000000   125.000000   160.000000   141.000000   132.000000   319.000000   322.000000   314.000000   220.000000   234.000000   192.000000   323.000000   152.000000   186.000000   295.000000   333.000000   335.000000   315.000000   289.000000   555.000000  2868.000000  2582.000000   232.000000   393.000000   422.000000   708.000000   570.000000   595.000000   355.000000   299.000000   172.000000   479.000000   419.000000   292.000000   244.000000   322.000000   226.000000    26.000000   789.000000
   554.390015   215.000000   102.000000   110.000000   129.000000   767.000000   752.000000   672.000000   275.000000   367.000000   133.000000   149.000000   225.000000   294.000000   232.000000   141.000000    63.000000    44.000000    26.000000    76.000000    56.000000    61.000000    54.000000    93.000000    49.000000    67.000000    61.000000    62.000000    20.000000    53.000000    72.000000    72.000000    69.000000   110.000000   104.000000   118.000000    56.000000    36.000000    53.000000    57.000000    48.000000   119.000000   142.000000   127.000000   156.000000   310.000000   335.000000   310.000000   244.000000   218.000000   207.000000   324.000000   177.000000   271.000000   266.000000   348.000000   345.000000   302.000000   264.000000   604.000000  2846.000000  2706.000000   262.000000   435.000000   440.000000   667.000000   640.000000   583.000000   378.000000   295.000000   179.000000   499.000000   460.000000   272.000000   268.000000   336.000000   279.000000    52.000000   893.000000
   555.646423   192.000000   122.000000   123.000000   116.000000   817.000000   793.000000   765.000000   267.000000   391.000000   120.000000   108.000000   232.000000   313.000000   248.000000   166.000000    93.000000    44.000000    50.000000    50.000000    62.000000    50.000000    48.000000    96.000000    47.000000    80.000000    75.000000    55.000000    36.000000    72.000000    68.000000    68.000000    74.000000   104.000000   119.000000   141.000000    87.000000    43.000000    66.000000    62.000000    45.000000   101.000000   140.000000   147.000000   190.000000   313.000000   294.000000   304.000000   205.000000   204.000000   195.000000   340.000000   176.000000   213.000000   291.000000   348.000000   337.000000   273.000000   278.000000   544.000000  2827.000000  2624.000000   272.000000   449.000000   472.000000   764.000000   669.000000   732.000000   401.000000   285.000000   196.000000   492.000000   483.000000   279.000000   228.000000   367.000000   247.000000    37.000000   825.000000
   556.903320   209.000000   120.000000   126.000000   131.000000   879.000000   788.000000   712.000000   299.000000   392.000000   123.000000   144.000000   247.000000   290.000000   241.000000   174.000000    94.000000    48.000000    49.000000    68.000000    60.000000    48.000000    58.000000   125.000000    47.000000    66.000000    83.000000    44.000000    11.000000    72.000000    68.000000    54.000000    60.000000   109.000000   108.000000   119.000000    57.000000    42.000000    61.000000    71.000000    84.000000   114.000000   171.000000   158.000000   169.000000   350.000000   281.000000   362.000000   226.000000   184.000000   183.000000   372.000000   187.000000   221.000000   280.000000   368.000000   381.000000   316.000000   313.000000   641.000000  2832.000000  2758.000000   297.000000   459.000000   515.000000   765.000000   684.000000   703.000000   425.000000   354.000000   186.000000   532.000000   516.000000   323.000000   254.000000   374.000000   273.000000    58.000000   801.000000
   558.160583   225.000000   124.000000    96.000000   125.000000   889.000000   839.000000   787.000000   311.000000   422.000000   137.000000   151.000000   257.000000   299.000000   256.000000   191.000000    97.000000    48.000000    54.000000    66.000000    80.000000    54.000000    50.000000   107.000000    29.000000    77.000000    70.000000    49.000000    24.000000    42.000000    88.000000    68.000000    75.000000   128.000000   102.000000   139.000000    58.000000    46.000000    61.000000    68.000000    91.000000   113.000000   159.000000   180.000000   183.000000   313.000000   328.000000   311.000000   257.000000   227.000000   192.000000   393.000000   189.000000   241.000000   325.000000   385.000000   337.000000   328.000000   294.000000   639.000000  2882.000000  2722.000000   336.000000   471.000000   515.000000   806.000000   796.000000   731.000000   446.000000   349.000000   220.000000   528.000000   525.000000   317.000000   274.000000   393.000000   271.000000    36.000000   813.000000
   559.418518   241.000000    92.000000   128.000000   121.000000   950.000000   825.000000   801.000000   325.000000   503.000000   130.000000   154.000000   268.000000   349.000000   218.000000   182.000000   104.000000    44.000000    20.000000    69.000000    72.000000    58.000000    57.000000    95.000000    33.000000    48.000000    73.000000    71.000000    19.000000    59.000000    88.000000    75.000000    73.000000   124.000000   100.000000   137.000000    69.000000    24.000000    63.000000    83.000000    58.000000   143.000000   175.000000   139.000000   159.000000   340.000000   335.000000   398.000000   215.000000   250.000000   256.000000   363.000000   199.000000   201.000000   333.000000   407.000000   339.000000   315.000000   315.000000   608.000000  2926.000000  2837.000000   312.000000   467.000000   539.000000   860.000000   777.000000   756.000000   465.000000   388.000000   182.000000   537.000000   544.000000   359.000000   259.000000   394.000000   251.000000    37.000000   928.000000
   560.676819   240.000000   120.000000   122.000000   112.000000   921.000000   841.000000   742.000000   327.000000   454.000000   161.000000   120.000000   240.000000   317.000000   241.000000   185.000000    68.000000    31.000000    41.000000    65.000000    75.000000    71.000000    55.000000    87.000000    70.000000    57.000000    71.000000    75.000000    30.000000    61.000000    63.000000    81.000000    95.000000   129.000000   128.000000   142.000000    38.000000    48.000000    75.000000    61.000000    81.000000   146.000000   165.000000   156.000000   191.000000   350.000000   359.000000   331.000000   248.000000   245.000000   226.000000   407.000000   183.000000   238.000000   301.000000   349.000000   399.000000   352.000000   324.000000   626.000000  3136.000000  2775.000000   337.000000   557.000000   527.000000   827.000000   736.000000   792.000000   425.000000   359.000000   204.000000   578.000000   582.000000   364.000000   306.000000   413.000000   286.000000    41.000000   865.000000
   561.935608   265.000000    98.000000   127.000000   120.000000   918.000000   836.000000   810.000000   328.000000   475.000000   159.000000   146.000000   255.000000   333.000000   271.000000   183.000000    90.000000    30.000000    39.000000    76.000000    55.000000    48.000000    58.000000   103.000000    47.000000    66.000000    76.000000    26.000000    29.000000    54.000000    76.000000    83.000000    71.000000   116.000000   130.000000   130.000000    56.000000    25.000000    74.000000    51.000000    56.000000   137.000000   151.000000   155.000000   195.000000   345.000000   352.000000   324.000000   265.000000   219.000000   225.000000   391.000000   186.000000   210.000000   343.000000   392.000000   360.000000   313.000000   320.000000   645.000000  3101.000000  2960.000000   336.000000   537.000000   580.000000   882.000000   866.000000   833.000000   477.000000   368.000000   229.000000   577.000000   546.000000   329.000000   274.000000   473.000000   317.000000    33.000000   916.000000
   563.194885   255.000000   104.000000   151.000000   136.000000   895.000000   823.000000   833.000000   335.000000   448.000000   139.000000   131.000000   277.000000   301.000000   238.000000   151.000000    84.000000    53.000000    57.000000    77.000000    62.000000    45.000000    34.000000   129.000000    68.000000    64.000000    52.000000    43.000000    26.000000    59.000000    73.000000    81.000000    67.000000   126.000000   102.000000   119.000000    59.000000    32.000000    72.000000    53.000000    51.000000   157.000000   156.000000   152.000000   166.000000   360.000000   362.000000   385.000000   238.000000   263.000000   227.000000   380.000000   194.000000   200.000000   349.000000   361.000000   342.000000   380.000000   357.000000   728.000000  3149.000000  2939.000000   360.000000   600.000000   529.000000   893.000000   829.000000   795.000000   494.000000   363.000000   171.000000   575.000000   544.000000   345.000000   281.000000   482.000000   250.000000    50.000000   920.000000
   564.454712   258.000000   104.000000   107.000000   101.000000   912.000000   853.000000   760.000000   315.000000   486.000000   147.000000   150.000000   291.000000   342.000000   237.000000   180.000000    86.000000    64.000000    57.000000    69.000000    50.000000    62.000000    46.000000   101.000000    34.000000    67.000000    72.000000    12.000000    43.000000    48.000000    78.000000    65.000000    68.000000   121.000000   108.000000   132.000000    70.000000    26.000000    68.000000    64.000000    62.000000   139.000000   157.000000   153.000000   183.000000   331.000000   339.000000   381.000000   238.000000   219.000000   219.000000   359.000000   214.000000   258.000000   321.000000   414.000000   316.000000   327.000000   307.000000   685.000000  3157.000000  2909.000000   353.000000   525.000000   553.000000   925.000000   868.000000   845.000000   445.000000   426.000000   215.000000   627.000000   583.000000   340.000000   293.000000   396.000000   249.000000    55.000000   902.000000
   565.714905   263.000000   104.000000   132.000000   107.000000   973.000000   939.000000   775.000000   344.000000   517.000000   146.000000   157.000000   288.000000   360.000000   234.000000   177.000000    95.000000    51.000000    58.000000    54.000000    60.000000    68.000000    51.000000    79.000000    57.000000    48.000000    59.000000    69.000000    24.000000    66.000000    79.000000    63.000000    91.000000   124.000000   117.000000   129.000000    50.000000    32.000000    55.000000    60.000000    59.000000   137.000000   146.000000   145.000000   163.000000   329.000000   355.000000   395.000000   223.000000   201.000000   173.000000   357.000000   197.000000   253.000000   330.000000   417.000000   332.000000   352.000000   304.000000   659.000000  3219.000000  3005.000000   370.000000   597.000000   558.000000   941.000000   919.000000   853.000000   469.000000   416.000000   192.000000   572.000000   556.000000   369.000000   287.000000   460.000000   273.000000    45.000000   947.000000
   566.975586   276.000000   131.000000    99.000000   106.000000  1008.000000   893.000000   847.000000   353.000000   519.000000   157.000000   108.000000   277.000000   313.000000   257.000000   186.000000    91.000000    78.000000    56.000000    62.000000    72.000000    67.000000    59.000000    87.000000    38.000000    87.000000    50.000000    59.000000    29.000000    67.000000    64.000000    83.000000    62.000000   129.000000   101.000000   110.000000    68.000000    44.000000    55.000000    56.000000    54.000000   158.000000   177.000000   164.000000   174.000000   374.000000   322.000000   355.000000   287.000000   253.000000   221.000000   367.000000   213.000000   257.000000   350.000000   409.000000   369.000000   330.000000   312.000000   671.000000  3226.000000  3004.000000   356.000000   561.000000   572.000000   889.000000   822.000000   836.000000   549.000000   403.000000   194.000000   598.000000   606.000000   364.000000   307.000000   412.000000   243.000000    36.000000   861.000000
   568.236816   276.000000   126.000000   136.000000   114.000000   963.000000   903.000000   747.000000   356.000000   502.000000   129.000000   141.000000   290.000000   320.000000   260.000000   171.000000   106.000000    38.000000    44.000000    75.000000    73.000000    48.000000    74.000000    98.000000    57.000000    56.000000    76.000000    43.000000    19.000000    46.000000    76.000000    59.000000    65.000000   126.000000   115.000000   121.000000    65.000000    75.000000    64.000000    79.000000    76.000000   129.000000   186.000000   152.000000   175.000000   395.000000   315.000000   386.000000   267.000000   264.000000   227.000000   362.000000   224.000000   248.000000   332.000000   374.000000   364.000000   339.000000   339.000000   659.000000  3160.000000  3163.000000   384.000000   576.000000   613.000000   988.000000   915.000000   832.000000   445.000000   407.000000   192.000000   628.000000   593.000000   362.000000   334.000000   488.000000   256.000000    55.000000   947.000000
   569.498474   291.000000   109.000000   127.000000   123.000000   928.000000   879.000000   845.000000   367.000000   544.000000   154.000000   126.000000   314.000000   340.000000   253.000000   178.000000    80.000000    39.000000    20.000000    71.000000    64.000000    65.000000    53.000000   101.000000    50.000000    63.000000    88.000000    44.000000     6.000000    66.000000    82.000000    76.000000    97.000000   134.000000   149.000000   152.000000    70.000000    60.000000    60.000000    89.000000    92.000000   145.000000   178.000000   162.000000   187.000000   367.000000   394.000000   373.000000   235.000000   250.000000   240.000000   385.000000   177.000000   260.000000   345.000000   427.000000   321.000000   370.000000   331.000000   685.000000  3198.000000  3224.000000   378.000000   603.000000   618.000000  1007.000000   900.000000   870.000000   501.000000   411.000000   202.000000   652.000000   580.000000   361.000000   254.000000   425.000000   243.000000    54.000000   939.000000
   570.760620   263.000000    97.000000   117.000000   105.000000  1019.000000   940.000000   807.000000   384.000000   550.000000   148.000000   136.000000   265.000000   307.000000   232.000000   151.000000    64.000000    43.000000    17.000000    59.000000    67.000000    86.000000    62.000000   104.000000    57.000000    70.000000    62.000000    68.000000     9.000000    60.000000    68.000000    75.000000    96.000000   122.000000   115.000000   134.000000    44.000000    24.000000    81.000000    56.000000    80.000000   146.000000   160.000000   173.000000   181.000000   393.000000   411.000000   380.000000   230.000000   253.000000   208.000000   329.000000   231.000000   237.000000   350.000000   380.000000   344.000000   339.000000   348.000000   624.000000  3221.000000  3224.000000   368.000000   676.000000   685.000000   989.000000   956.000000   912.000000   551.000000   449.000000   214.000000   638.000000   638.000000   321.000000   353.000000   469.000000   308.000000    48.000000   922.000000
   572.023315   270.000000    87.000000    96.000000   115.000000  1020.000000   880.000000   896.000000   368.000000   577.000000   142.000000   145.000000   258.000000   312.000000   249.000000   184.000000    86.000000    53.000000    49.000000    59.000000    58.000000    74.000000    52.000000    79.000000    63.000000    57.000000    52.000000    46.000000    12.000000    69.000000    80.000000    69.000000    91.000000    99.000000   101.000000   142.000000    54.000000    66.000000    59.000000    54.000000    39.000000   104.000000   172.000000   197.000000   173.000000   356.000000   430.000000   369.000000   239.000000   268.000000   222.000000   396.000000   198.000000   229.000000   339.000000   372.000000   334.000000   373.000000   350.000000   705.000000  3226.000000  3250.000000   400.000000   663.000000   654.000000  1007.000000   943.000000   868.000000   521.000000   417.000000   239.000000   657.000000   602.000000   402.000000   294.000000   505.000000   277.000000    34.000000   948.000000
   573.286377   282.000000   113.000000   110.000000   132.000000  1019.000000   905.000000   841.000000   364.000000   593.000000   180.000000   138.000000   258.000000   328.000000   299.000000   200.000000    88.000000    59.000000    58.000000    58.000000    63.000000    83.000000    62.000000   117.000000    43.000000    78.000000    61.000000    52.000000    37.000000    66.000000    83.000000    80.000000    70.000000   125.000000    84.000000   127.000000    43.000000    47.000000    59.000000    72.000000    93.000000   113.000000   173.000000   179.000000   173.000000   392.000000   378.000000   352.000000   222.000000   261.000000   212.000000   409.000000   212.000000   231.000000   340.000000   399.000000   404.000000   343.000000   348.000000   697.000000  3287.000000  3197.000000   424.000000   670.000000   676.000000   995.000000   937.000000   956.000000   521.000000   462.000000   244.000000   581.000000   615.000000   347.000000   312.000000   489.000000   256.000000    36.000000   965.000000
   574.549988   271.000000   120.000000   110.000000   138.000000  1024.000000   900.000000   803.000000   399.000000   562.000000   150.000000   113.000000   275.000000   335.000000   283.000000   177.000000    83.000000    58.000000    49.000000    79.000000    68.000000    62.000000    65.000000   110.000000    40.000000    71.000000    59.000000    52.000000    -5.000000    90.000000    74.000000    74.000000    91.000000   135.000000   137.000000   161.000000    55.000000    32.000000    48.000000    53.000000    68.000000   139.000000   179.000000   161.000000   161.000000   320.000000   362.000000   428.000000   214.000000   241.000000   190.000000   420.000000   221.000000   259.000000   365.000000   424.000000   368.000000   372.000000   363.000000   667.000000  3431.000000  3338.000000   392.000000   679.000000   688.000000  1048.000000   998.000000   960.000000   536.000000   445.000000   245.000000   645.000000   634.000000   342.000000   302.000000   456.000000   266.000000    32.000000   965.000000
   575.814087   292.000000   120.000000   127.000000   142.000000  1091.000000   910.000000   919.000000   370.000000   588.000000   163.000000   153.000000   288.000000   337.000000   258.000000   205.000000    99.000000    57.000000    54.000000    75.000000    68.000000    69.000000    69.000000    90.000000    45.000000    55.000000    69.000000    64.000000    19.000000    72.000000    75.000000    81.000000    58.000000   100.000000    99.000000   140.000000    66.000000    53.000000    59.000000    49.000000    55.000000   125.000000   167.000000   174.000000   202.000000   418.000000   419.000000   451.000000   238.000000   242.000000   251.000000   401.000000   238.000000   242.000000   334.000000   432.000000   369.000000   351.000000   332.000000   652.000000  3563.000000  3406.000000   420.000000   678.000000   690.000000  1030.000000   990.000000  1001.000000   580.000000   454.000000   222.000000   614.000000   649.000000   405.000000   315.000000   482.000000   236.000000    23.000000  1015.000000
   577.078613   290.000000   120.000000   134.000000   125.000000  1016.000000   940.000000   870.000000   439.000000   613.000000   153.000000   159.000000   284.000000   344.000000   240.000000   164.000000    88.000000    55.000000    41.000000    59.000000    49.000000    58.000000    37.000000   103.000000    35.000000    61.000000    75.000000    56.000000    21.000000    75.000000    88.000000    42.000000   101.000000   133.000000   108.000000   134.000000    55.000000    49.000000    63.000000    51.000000    76.000000   144.000000   165.000000   183.000000   168.000000   392.000000   426.000000   401.000000   250.000000   239.000000   252.000000   440.000000   214.000000   276.000000   349.000000   445.000000   377.000000   377.000000   366.000000   711.000000  3485.000000  3644.000000   456.000000   668.000000   682.000000  1091.000000  1000.000000  1012.000000   555.000000   468.000000   207.000000   637.000000   667.000000   367.000000   312.000000   462.000000   250.000000    15.000000   979.000000
   578.343628   296.000000   114.000000    99.000000   131.000000  1013.000000   922.000000   863.000000   448.000000   579.000000   144.000000   168.000000   301.000000   341.000000   254.000000   194.000000   106.000000    65.000000    52.000000    44.000000    56.000000    54.000000    67.000000   116.000000    41.000000    80.000000    73.000000    52.000000    40.000000    89.000000    74.000000    96.000000    83.000000   141.000000   128.000000   153.000000    53.000000    62.000000    59.000000    54.000000    59.000000   153.000000   168.000000   191.000000   162.000000   397.000000   415.000000   418.000000   277.000000   310.000000   229.000000   426.000000   204.000000   270.000000   358.000000   456.000000   417.000000   406.000000   382.000000   752.000000  3734.000000  3532.000000   432.000000   698.000000   698.000000  1086.000000  1138.000000  1007.000000   569.000000   464.000000   218.000000   681.000000   692.000000   377.000000   336.000000   465.000000   278.000000    29.000000   974.000000
   579.609314   287.000000   101.000000   120.000000   119.000000  1080.000000   890.000000   847.000000   426.000000   568.000000   151.000000   154.000000   293.000000   354.000000   267.000000   207.000000   102.000000    75.000000    42.000000    63.000000    46.000000    52.000000    63.000000   108.000000    60.000000    63.000000    87.000000    62.000000    52.000000    66.000000    96.000000    93.000000    80.000000   123.000000   113.000000   133.000000    69.000000    40.000000    43.000000    92.000000    69.000000   159.000000   164.000000   183.000000   191.000000   397.000000   402.000000   433.000000   262.000000   241.000000   231.000000   437.000000   218.000000   264.000000   410.000000   457.000000   389.000000   381.000000   342.000000   737.000000  3649.000000  3657.000000   410.000000   678.000000   697.000000  1183.000000  1103.000000   991.000000   615.000000   484.000000   239.000000   676.000000   672.000000   403.000000   366.000000   473.000000   282.000000    31.000000   975.000000
   580.875183   289.000000    95.000000   130.000000   139.000000   993.000000   943.000000   901.000000   442.000000   612.000000   130.000000   147.000000   284.000000   337.000000   275.000000   185.000000    83.000000    72.000000    52.000000    73.000000    70.000000    76.000000    70.000000   123.000000    48.000000    80.000000    89.000000    60.000000    22.000000    65.000000    64.000000    84.000000    86.000000   129.000000   128.000000   152.000000    50.000000    49.000000    76.000000    69.000000    73.000000   159.000000   144.000000   153.000000   176.000000   421.000000   438.000000   396.000000   259.000000   261.000000   259.000000   419.000000   215.000000   290.000000   389.000000   452.000000   397.000000   449.000000   377.000000   729.000000  3750.000000  3687.000000   443.000000   737.000000   684.000000  1123.000000  1124.000000  1019.000000   635.000000   538.000000   227.000000   663.000000   682.000000   423.000000   375.000000   504.000000   269.000000    38.000000  1045.000000
   582.141724   322.000000   102.000000   113.000000   125.000000  1088.000000   901.000000   874.000000   405.000000   601.000000   188.000000   166.000000   272.000000   355.000000   255.000000   202.000000    90.000000    48.000000    73.000000    80.000000    55.000000    73.000000    62.000000   109.000000    29.000000    82.000000   111.000000    48.000000    41.000000    60.000000    80.000000    88.000000    90.000000   144.000000   128.000000   158.000000    64.000000    73.000000    54.000000    69.000000    65.000000   136.000000   184.000000   148.000000   194.000000   423.000000   430.000000   418.000000   248.000000   279.000000   248.000000   429.000000   230.000000   290.000000   366.000000   453.000000   390.000000   429.000000   366.000000   736.000000  3890.000000  3794.000000   481.000000   687.000000   709.000000  1102.000000  1082.000000  1066.000000   634.000000   544.000000   224.000000   725.000000   670.000000   405.000000   337.000000   514.000000   276.000000    31.000000  1000.000000
   583.408691   293.000000    92.000000   127.000000   132.000000  1124.000000   969.000000   806.000000   412.000000   658.000000   161.000000   141.000000   339.000000   347.000000   308.000000   184.000000   111.000000    79.000000    48.000000    50.000000    58.000000    58.000000    83.000000   100.000000    30.000000    65.000000    87.000000    55.000000    34.000000    55.000000    77.000000    77.000000    97.000000    97.000000    97.000000   146.000000    42.000000    41.000000    65.000000    72.000000    99.000000   141.000000   148.000000   188.000000   199.000000   437.000000   405.000000   416.000000   224.000000   284.000000   253.000000   449.000000   240.000000   286.000000   357.000000   451.000000   393.000000   400.000000   383.000000   734.000000  3918.000000  3757.000000   451.000000   726.000000   711.000000  1131.000000  1133.000000  1118.000000   598.000000   551.000000   239.000000   693.000000   689.000000   359.000000   324.000000   536.000000   311.000000    45.000000  1001.000000
   584.676025   322.000000   122.000000   119.000000   119.000000  1090.000000   951.000000   885.000000   416.000000   644.000000   160.000000   158.000000   284.000000   376.000000   292.000000   177.000000   100.000000    55.000000    58.000000    85.000000    87.000000    72.000000    76.000000   111.000000    68.000000   104.000000    55.000000    55.000000    24.000000    50.000000    78.000000    66.000000    86.000000   102.000000   111.000000   137.000000    65.000000    35.000000    54.000000    86.000000    65.000000   147.000000   177.000000   178.000000   191.000000   430.000000   417.000000   431.000000   241.000000   295.000000   269.000000   431.000000   280.000000   312.000000   416.000000   528.000000   421.000000   389.000000   377.000000   741.000000  3903.000000  3833.000000   463.000000   766.000000   744.000000  1146.000000  1098.000000  1071.000000   601.000000   566.000000   220.000000   717.000000   663.000000   386.000000   337.000000   532.000000   232.000000    54.000000  1053.000000
   585.943970   324.000000   122.000000   120.000000   123.000000  1088.000000  1010.000000   880.000000   435.000000   606.000000   164.000000   167.000000   289.000000   392.000000   274.000000   178.000000   130.000000    61.000000    51.000000    91.000000    87.000000    70.000000    70.000000   122.000000    45.000000    85.000000   107.000000    51.000000    17.000000    74.000000    87.000000    84.000000    90.000000   109.000000   106.000000   165.000000    50.000000    40.000000    64.000000    63.000000    62.000000   122.000000   165.000000   229.000000   196.000000   442.000000   424.000000   410.000000   253.000000   246.000000   246.000000   413.000000   259.000000   287.000000   422.000000   515.000000   428.000000   400.000000   421.000000   796.000000  3925.000000  3857.000000   501.000000   781.000000   696.000000  1096.000000  1172.000000  1067.000000   586.000000   551.000000   229.000000   697.000000   715.000000   363.000000   340.000000   547.000000   252.000000    51.000000  1050.000000
   587.212402   326.000000   106.000000    82.000000   115.000000  1102.000000   983.000000   940.000000   451.000000   628.000000   170.000000   155.000000   300.000000   369.000000   292.000000   180.000000   106.000000    71.000000    55.000000    86.000000   107.000000    60.000000   102.000000    98.000000    76.000000    61.000000    94.000000    55.000000    26.000000    85.000000    86.000000    64.000000    74.000000    96.000000   105.000000   127.000000    50.000000    37.000000    52.000000    59.000000    68.000000   106.000000   193.000000   185.000000   164.000000   450.000000   437.000000   455.000000   248.000000   275.000000   256.000000   411.000000   268.000000   262.000000   361.000000   497.000000   447.000000   432.000000   394.000000   822.000000  3938.000000  4044.000000   501.000000   755.000000   736.000000  1172.000000  1175.000000  1118.000000   626.000000   570.000000   232.000000   666.000000   700.000000   432.000000   340.000000   522.000000   267.000000    68.000000  1054.000000
   588.481323   337.000000   122.000000   131.000000   164.000000  1113.000000   992.000000  1007.000000   467.000000   641.000000   183.000000   163.000000   319.000000   391.000000   266.000000   195.000000   116.000000    69.000000    52.000000    65.000000    72.000000    60.000000    63.000000   138.000000    41.000000    85.000000    78.000000    52.000000    22.000000    72.000000    83.000000    94.000000    84.000000    74.000000    72.000000   137.000000    59.000000    41.000000    63.000000    51.000000    51.000000   128.000000   166.000000   212.000000   190.000000   404.000000   415.000000   424.000000   269.000000   277.000000   266.000000   425.000000   189.000000   308.000000   404.000000   477.000000   392.000000   428.000000   414.000000   792.000000  3917.000000  4021.000000   506.000000   805.000000   765.000000  1256.000000  1224.000000  1108.000000   692.000000   575.000000   260.000000   697.000000   714.000000   383.000000   335.000000   519.000000   253.000000    58.000000  1081.000000
   589.750610   341.000000   139.000000   127.000000   137.000000  1117.000000  1002.000000   969.000000   462.000000   659.000000   164.000000   129.000000   302.000000   373.000000   284.000000   192.000000   104.000000    40.000000    62.000000    72.000000    76.000000    63.000000    60.000000   103.000000    68.000000    69.000000    83.000000    59.000000    20.000000    58.000000    81.000000    70.000000    90.000000   106.000000    84.000000   114.000000    49.000000    23.000000    43.000000    62.000000    54.000000   104.000000   149.000000   164.000000   196.000000   452.000000   386.000000   422.000000   261.000000   281.000000   266.000000   456.000000   255.000000   285.000000   415.000000   507.000000   436.000000   409.000000   403.000000   800.000000  3920.000000  4024.000000   537.000000   761.000000   814.000000  1311.000000  1239.000000  1131.000000   736.000000   578.000000   266.000000   731.000000   705.000000   432.000000   378.000000   563.000000   268.000000    56.000000  1119.000000
   591.020508   319.000000   114.000000   109.000000   128.000000  1191.000000  1105.000000   925.000000   460.000000   662.000000   161.000000   178.000000   281.000000   353.000000   270.000000   183.000000   104.000000    78.000000    46.000000    76.000000    70.000000    74.000000    53.000000   111.000000    54.000000    80.000000    92.000000    51.000000    26.000000    63.000000    69.000000    79.000000    68.000000   113.000000   125.000000   136.000000    28.000000    40.000000    47.000000    72.000000    67.000000   153.000000   167.000000   156.000000   199.000000   459.000000   437.000000   480.000000   284.000000   278.000000   278.000000   448.000000   243.000000   316.000000   450.000000   521.000000   442.000000   443.000000   447.000000   808.000000  4098.000000  4099.000000   505.000000   809.000000   788.000000  1253.000000  1275.000000  1200.000000   694.000000   605.000000   220.000000   789.000000   718.000000   421.000000   382.000000   570.000000   284.000000    55.000000  1171.000000
   592.290771   343.000000   108.000000   113.000000   118.000000  1198.000000  1136.000000   931.000000   490.000000   678.000000   188.000000   184.000000   286.000000   356.000000   335.000000   202.000000   110.000000    82.000000    45.000000    71.000000    83.000000   110.000000    76.000000   124.000000    46.000000    60.000000    91.000000    53.000000    18.000000    65.000000    86.000000    72.000000   103.000000   107.000000   118.000000   114.000000    41.000000    49.000000    47.000000    44.000000    60.000000   149.000000   151.000000   162.000000   209.000000   446.000000   430.000000   446.000000   265.000000   277.000000   271.000000   444.000000   243.000000   296.000000   461.000000   506.000000   485.000000   427.000000   417.000000   818.000000  4161.000000  4216.000000   537.000000   791.000000   835.000000  1268.000000  1281.000000  1239.000000   735.000000   647.000000   265.000000   725.000000   727.000000   406.000000   386.000000   520.000000   235.000000    53.000000  1062.000000
   593.561584   376.000000   132.000000   102.000000   112.000000  1125.000000  1086.000000  1007.000000   487.000000   645.000000   162.000000   194.000000   280.000000   361.000000   296.000000   190.000000   112.000000    78.000000    53.000000    84.000000    79.000000    66.000000    71.000000   108.000000    49.000000    82.000000    87.000000    46.000000    37.000000    81.000000    71.000000    70.000000   114.000000   113.000000   119.000000   113.000000    54.000000    40.000000    57.000000    65.000000    32.000000   147.000000   152.000000   180.000000   191.000000   450.000000   452.000000   452.000000   272.000000   269.000000   297.000000   497.000000   280.000000   302.000000   443.000000   540.000000   470.000000   455.000000   432.000000   839.000000  4215.000000  4228.000000   579.000000   817.000000   853.000000  1306.000000  1281.000000  1181.000000   747.000000   654.000000   229.000000   760.000000   685.000000   426.000000   400.000000   529.000000   261.000000    54.000000  1120.000000
   594.832886   385.000000   134.000000   106.000000   116.000000  1249.000000  1117.000000  1059.000000   449.000000   652.000000   188.000000   168.000000   295.000000   339.000000   313.000000   223.000000   117.000000    75.000000    46.000000    81.000000    90.000000    75.000000    65.000000   115.000000    62.000000    65.000000    86.000000    47.000000    25.000000    55.000000    72.000000    65.000000   102.000000   105.000000   120.000000   125.000000    52.000000    44.000000    80.000000    44.000000    70.000000   142.000000   196.000000   133.000000   201.000000   447.000000   439.000000   445.000000   258.000000   291.000000   272.000000   451.000000   262.000000   317.000000   429.000000   562.000000   464.000000   463.000000   421.000000   809.000000  4295.000000  4371.000000   579.000000   913.000000   847.000000  1345.000000  1291.000000  1218.000000   714.000000   678.000000   218.000000   740.000000   717.000000   459.000000   376.000000   580.000000   263.000000    43.000000  1132.000000
   596.104614   368.000000   127.000000   123.000000   107.000000  1183.000000  1071.000000  1004.000000   521.000000   703.000000   166.000000   180.000000   330.000000   378.000000   347.000000   228.000000   104.000000    68.000000    55.000000    83.000000    52.000000    96.000000    76.000000   127.000000    62.000000    83.000000   113.000000    44.000000     2.000000    77.000000    89.000000    71.000000    66.000000   151.000000   128.000000   127.000000    75.000000    43.000000    68.000000    85.000000    76.000000   133.000000   185.000000   155.000000   180.000000   469.000000   500.000000   457.000000   254.000000   295.000000   302.000000   503.000000   272.000000   359.000000   440.000000   574.000000   502.000000   432.000000   403.000000   818.000000  4312.000000  4423.000000   635.000000   833.000000   834.000000  1267.000000  1359.000000  1249.000000   687.000000   637.000000   267.000000   747.000000   768.000000   451.000000   365.000000   563.000000   260.000000    60.000000  1136.000000
   597.376892   372.000000   136.000000   111.000000   124.000000  1276.000000  1051.000000   995.000000   523.000000   725.000000   184.000000   176.000000   299.000000   373.000000   280.000000   206.000000   117.000000    56.000000    36.000000    86.000000    71.000000    93.000000    74.000000   129.000000    47.000000    56.000000    87.000000    61.000000    26.000000    68.000000   103.000000    65.000000    90.000000   118.000000    93.000000   136.000000    59.000000    23.000000    62.000000    43.000000    70.000000   129.000000   174.000000   174.000000   178.000000   447.000000   469.000000   485.000000   276.000000   296.000000   338.000000   458.000000   290.000000   335.000000   478.000000   606.000000   470.000000   460.000000   482.000000   851.000000  4259.000000  4477.000000   592.000000   883.000000   834.000000  1408.000000  1341.000000  1257.000000   793.000000   700.000000   238.000000   760.000000   723.000000   466.000000   396.000000   577.000000   321.000000    47.000000  1186.000000
   598.649597   418.000000   110.000000   106.000000   126.000000  1172.000000  1081.000000   968.000000   549.000000   691.000000   186.000000   188.000000   305.000000   347.000000   346.000000   211.000000   124.000000    60.000000    49.000000    87.000000   101.000000    91.000000    66.000000   133.000000    60.000000    85.000000    81.000000    61.000000    26.000000    47.000000    70.000000    91.000000    89.000000   121.000000   124.000000   153.000000    67.000000    56.000000    53.000000    64.000000    65.000000   153.000000   185.000000   213.000000   222.000000   510.000000   468.000000   462.000000   304.000000   332.000000   300.000000   481.000000   335.000000   358.000000   440.000000   565.000000   525.000000   475.000000   427.000000   889.000000  4524.000000  4493.000000   605.000000   936.000000   874.000000  1396.000000  1308.000000  1279.000000   735.000000   692.000000   224.000000   763.000000   778.000000   454.000000   396.000000   592.000000   242.000000    45.000000  1135.000000
   599.922791   367.000000   115.000000   111.000000    95.000000  1215.000000  1103.000000  1022.000000   552.000000   733.000000   180.000000   166.000000   324.000000   377.000000   293.000000   220.000000    86.000000    47.000000    66.000000    97.000000    73.000000    92.000000    55.000000   142.000000    42.000000    85.000000    99.000000    53.000000    18.000000    67.000000    71.000000    68.000000    91.000000   116.000000   135.000000   155.000000    66.000000    51.000000    77.000000    58.000000    65.000000   149.000000   211.000000   177.000000   186.000000   483.000000   489.000000   454.000000   295.000000   300.000000   278.000000   459.000000   288.000000   300.000000   499.000000   618.000000   516.000000   464.000000   425.000000   837.000000  4533.000000  4559.000000   613.000000   905.000000   881.000000  1405.000000  1377.000000  1331.000000   746.000000   667.000000   262.000000   787.000000   743.000000   437.000000   443.000000   556.000000   296.000000    53.000000  1156.000000
   601.196472   383.000000   122.000000   114.000000   109.000000  1222.000000  1035.000000  1040.000000   532.000000   635.000000   180.000000   176.000000   282.000000   342.000000   296.000000   237.000000   106.000000    83.000000    59.000000    73.000000    63.000000    82.000000    71.000000   129.000000    52.000000    78.000000    81.000000    63.000000    27.000000    83.000000    90.000000    94.000000    87.000000   136.000000   136.000000   152.000000    61.000000    30.000000    75.000000    55.000000    53.000000   146.000000   221.000000   196.000000   212.000000   512.000000   409.000000   467.000000   287.000000   333.000000   296.000000   495.000000   338.000000   328.000000   461.000000   605.000000   529.000000   503.000000   451.000000   820.000000  4583.000000  4536.000000   583.000000   927.000000   945.000000  1441.000000  1347.000000  1272.000000   776.000000   772.000000   251.000000   775.000000   709.000000   472.000000   406.000000   580.000000   246.000000    64.000000  1227.000000
   602.470581   402.000000   123.000000   136.000000   119.000000  1200.000000  1100.000000  1024.000000   536.000000   671.000000   169.000000   175.000000   322.000000   430.000000   347.000000   232.000000   128.000000    83.000000    65.000000    89.000000    76.000000    71.000000    87.000000   120.000000    67.000000    80.000000    75.000000    72.000000    27.000000    70.000000    92.000000    91.000000    90.000000   134.000000   128.000000   172.000000    60.000000    50.000000    69.000000    63.000000    57.000000   161.000000   201.000000   204.000000   190.000000   482.000000   497.000000   478.000000   314.000000   311.000000   269.000000   460.000000   304.000000   358.000000   456.000000   647.000000   486.000000   486.000000   403.000000   820.000000  4385.000000  4733.000000   657.000000   956.000000   908.000000  1396.000000  1389.000000  1356.000000   812.000000   704.000000   247.000000   795.000000   755.000000   530.000000   414.000000   536.000000   289.000000    86.000000  1183.000000
   603.745300   355.000000   120.000000   109.000000   128.000000  1240.000000  1052.000000   983.000000   520.000000   718.000000   192.000000   193.000000   329.000000   388.000000   304.000000   215.000000   109.000000    50.000000    60.000000    87.000000    61.000000    71.000000    66.000000   142.000000    69.000000    68.000000    76.000000    58.000000    26.000000    60.000000    67.000000    65.000000   101.000000   149.000000   126.000000   135.000000    58.000000    46.000000    76.000000    73.000000    71.000000   154.000000   171.000000   198.000000   182.000000   498.000000   461.000000   505.000000   303.000000   318.000000   293.000000   465.000000   261.000000   323.000000   500.000000   549.000000   521.000000   465.000000   495.000000   830.000000  4543.000000  4586.000000   705.000000  1030.000000   891.000000  1366.000000  1409.000000  1327.000000   820.000000   731.000000   291.000000   720.000000   761.000000   489.000000   439.000000   567.000000   267.000000    50.000000  1207.000000
   605.020386   379.000000   114.000000   148.000000   117.000000  1334.000000  1152.000000  1060.000000   571.000000   682.000000   180.000000   161.000000   279.000000   418.000000   308.000000   203.000000   123.000000    69.000000    54.000000    93.000000    65.000000    89.000000    60.000000   137.000000    65.000000    81.000000   121.000000    66.000000    45.000000    86.000000    75.000000    69.000000   103.000000   149.000000    99.000000   159.000000    72.000000    69.000000    70.000000    69.000000    83.000000   168.000000   182.000000   200.000000   181.000000   507.000000   522.000000   470.000000   272.000000   346.000000   319.000000   489.000000   329.000000   342.000000   523.000000   552.000000   554.000000   460.000000   463.000000   828.000000  4597.000000  4738.000000   705.000000   969.000000   914.000000  1442.000000  1453.000000  1365.000000   823.000000   746.000000   287.000000   808.000000   792.000000   509.000000   438.000000   562.000000   267.000000    61.000000  1239.000000
   606.296021   411.000000   124.000000   137.000000   119.000000  1243.000000  1037.000000  1066.000000   590.000000   742.000000   191.000000   194.000000   327.000000   363.000000   318.000000   197.000000    94.000000    48.000000    45.000000    83.000000    55.000000    86.000000    88.000000   138.000000    48.000000    79.000000    83.000000    78.000000    37.000000    60.000000    96.000000    91.000000   101.000000   146.000000   128.000000   195.000000    61.000000    27.000000    53.000000    63.000000    51.000000   145.000000   216.000000   180.000000   218.000000   526.000000   508.000000   511.000000   270.000000   306.000000   305.000000   488.000000   352.000000   336.000000   506.000000   647.000000   533.000000   492.000000   501.000000   879.000000  4590.000000  4679.000000   701.000000   981.000000   940.000000  1503.000000  1433.000000  1326.000000   822.000000   724.000000   294.000000   805.000000   822.000000   474.000000   390.000000   551.000000   261.000000    38.000000  1225.000000
   607.572083   428.000000   123.000000   109.000000   131.000000  1356.000000  1186.000000  1064.000000   586.000000   683.000000   188.000000   162.000000   310.000000   372.000000   307.000000   233.000000    98.000000    73.000000    44.000000   103.000000    82.000000    98.000000    78.000000   113.000000    44.000000    77.000000    90.000000    73.000000    20.000000    64.000000    92.000000    72.000000    76.000000   157.000000   114.000000   175.000000    43.000000    39.000000    72.000000    40.000000    79.000000   164.000000   180.000000   202.000000   202.000000   530.000000   496.000000   477.000000   277.000000   338.000000   302.000000   516.000000   339.000000   350.000000   535.000000   612.000000   580.000000   485.000000   462.000000   880.000000  4580.000000  4840.000000   724.000000  1020.000000   931.000000  1427.000000  1602.000000  1424.000000   805.000000   742.000000   300.000000   811.000000   765.000000   530.000000   418.000000   607.000000   258.000000    59.000000  1182.000000
   608.848572   444.000000   151.000000   106.000000   147.000000  1279.000000  1222.000000  1075.000000   628.000000   757.000000   178.000000   180.000000   303.000000   335.000000   321.000000   192.000000    78.000000    66.000000    50.000000   103.000000   101.000000    98.000000    93.000000   121.000000    55.000000    58.000000    78.000000    60.000000    40.000000    82.000000    95.000000    67.000000    76.000000   148.000000   128.000000   153.000000    48.000000    63.000000    83.000000    64.000000    75.000000   152.000000   177.000000   206.000000   187.000000   521.000000   481.000000   540.000000   280.000000   326.000000   263.000000   521.000000   344.000000   357.000000   561.000000   614.000000   555.000000   452.000000   464.000000   907.000000  4792.000000  4879.000000   711.000000   990.000000  1021.000000  1512.000000  1502.000000  1456.000000   812.000000   859.000000   290.000000   829.000000   793.000000   536.000000   489.000000   580.000000   261.000000    40.000000  1223.000000
   610.125671   361.000000   145.000000   116.000000   122.000000  1373.000000  1159.000000  1093.000000   644.000000   789.000000   191.000000   168.000000   340.000000   382.000000   309.000000   195.000000   119.000000    56.000000    56.000000   103.000000   105.000000    82.000000    85.000000   150.000000    62.000000    92.000000   129.000000    43.000000    30.000000    78.000000    85.000000   109.000000    98.000000   139.000000   146.000000   184.000000    67.000000    58.000000    77.000000    52.000000    63.000000   152.000000   177.000000   204.000000   213.000000   523.000000   499.000000   510.000000   291.000000   317.000000   291.000000   548.000000   372.000000   378.000000   519.000000   603.000000   561.000000   436.000000   469.000000   855.000000  4717.000000  5018.000000   834.000000  1007.000000   992.000000  1593.000000  1542.000000  1559.000000   835.000000   816.000000   273.000000   842.000000   887.000000   519.000000   516.000000   627.000000   271.000000    62.000000  1298.000000
   611.403198   397.000000   139.000000   103.000000   133.000000  1381.000000  1189.000000  1105.000000   678.000000   801.000000   202.000000   184.000000   287.000000   409.000000   314.000000   203.000000   125.000000    66.000000    54.000000    95.000000    61.000000    78.000000    72.000000   173.000000    49.000000   100.000000    87.000000    53.000000    12.000000    87.000000    85.000000    77.000000    90.000000   144.000000   107.000000   169.000000    56.000000    45.000000    84.000000    66.000000    49.000000   150.000000   220.000000   250.000000   196.000000   532.000000   510.000000   470.000000   328.000000   318.000000   333.000000   524.000000   323.000000   389.000000   535.000000   567.000000   566.000000   469.000000   487.000000   903.000000  5091.000000  4961.000000   808.000000  1054.000000   990.000000  1538.000000  1591.000000  1486.000000   834.000000   771.000000   303.000000   827.000000   882.000000   521.000000   481.000000   641.000000   298.000000    51.000000  1316.000000
   612.681213   376.000000   126.000000   119.000000   134.000000  1405.000000  1274.000000  1155.000000   679.000000   785.000000   203.000000   201.000000   329.000000   419.000000   323.000000   233.000000   113.000000    77.000000    80.000000    73.000000    75.000000    73.000000    73.000000   182.000000    61.000000    68.000000   104.000000    37.000000    35.000000    65.000000    83.000000    97.000000   110.000000   130.000000   162.000000   193.000000    74.000000    36.000000    80.000000    64.000000    80.000000   128.000000   197.000000   206.000000   200.000000   558.000000   500.000000   514.000000   310.000000   331.000000   289.000000   517.000000   320.000000   356.000000   547.000000   614.000000   541.000000   496.000000   483.000000   962.000000  4924.000000  5283.000000   846.000000  1141.000000   988.000000  1609.000000  1639.000000  1657.000000   916.000000   914.000000   349.000000   887.000000   889.000000   529.000000   507.000000   639.000000   289.000000    55.000000  1248.000000
   613.959717   416.000000   146.000000   111.000000   130.000000  1412.000000  1231.000000  1119.000000   688.000000   821.000000   185.000000   191.000000   334.000000   373.000000   320.000000   249.000000   110.000000    43.000000    70.000000    70.000000    77.000000    84.000000    68.000000   141.000000    65.000000    67.000000   130.000000    63.000000    32.000000    78.000000    55.000000    96.000000    80.000000   175.000000   134.000000   161.000000    67.000000    56.000000    79.000000    85.000000    61.000000   163.000000   231.000000   200.000000   197.000000   524.000000   524.000000   504.000000   319.000000   348.000000   308.000000   552.000000   358.000000   401.000000   510.000000   643.000000   571.000000   520.000000   485.000000   939.000000  5058.000000  5283.000000   856.000000  1131.000000  1044.000000  1732.000000  1700.000000  1612.000000   922.000000   912.000000   309.000000   916.000000   867.000000   549.000000   490.000000   688.000000   259.000000    53.000000  1357.000000
   615.238586   406.000000   143.000000   151.000000   141.000000  1334.000000  1297.000000  1199.000000   681.000000   841.000000   203.000000   186.000000   333.000000   418.000000   367.000000   228.000000   109.000000    51.000000    54.000000   103.000000    75.000000    93.000000    86.000000   156.000000    62.000000   100.000000   109.000000    46.000000    42.000000    71.000000    75.000000    77.000000   101.000000   142.000000   130.000000   160.000000    68.000000    80.000000    81.000000    90.000000    56.000000   179.000000   187.000000   213.000000   201.000000   530.000000   541.000000   540.000000   298.000000   361.000000   333.000000   545.000000   388.000000   379.000000   574.000000   657.000000   537.000000   524.000000   506.000000   941.000000  5277.000000  5400.000000   858.000000  1088.000000  1117.000000  1679.000000  1744.000000  1708.000000   962.000000   928.000000   341.000000   919.000000   855.000000   600.000000   503.000000   698.000000   288.000000    24.000000  1337.000000
   616.518127   501.000000   162.000000   151.000000   141.000000  1423.000000  1384.000000  1200.000000   680.000000   786.000000   190.000000   179.000000   329.000000   445.000000   349.000000   269.000000   118.000000    59.000000    72.000000    75.000000    83.000000    90.000000   103.000000   157.000000    49.000000    83.000000   112.000000    56.000000    30.000000    64.000000    87.000000    73.000000   117.000000   150.000000   123.000000   158.000000    57.000000    50.000000    85.000000    84.000000    84.000000   141.000000   171.000000   210.000000   181.000000   571.000000   501.000000   551.000000   356.000000   355.000000   356.000000   564.000000   348.000000   359.000000   537.000000   668.000000   603.000000   551.000000   549.000000   974.000000  5269.000000  5428.000000   922.000000  1169.000000  1093.000000  1718.000000  1740.000000  1621.000000   898.000000  1038.000000   366.000000   918.000000   919.000000   606.000000   518.000000   688.000000   281.000000    72.000000  1390.000000
   617.797974   461.000000   161.000000   142.000000   138.000000  1479.000000  1264.000000  1202.000000   713.000000   822.000000   196.000000   228.000000   318.000000   354.000000   325.000000   233.000000   107.000000    80.000000    75.000000    92.000000    90.000000    62.000000   100.000000   185.000000    56.000000    75.000000    93.000000    47.000000    46.000000    56.000000    79.000000    67.000000    92.000000   122.000000   134.000000   145.000000    62.000000    64.000000    87.000000    85.000000    75.000000   177.000000   196.000000   188.000000   174.000000   522.000000   589.000000   512.000000   381.000000   361.000000   336.000000   524.000000   390.000000   388.000000   569.000000   662.000000   648.000000   547.000000   500.000000   918.000000  5299.000000  5374.000000   902.000000  1242.000000  1109.000000  1772.000000  1746.000000  1637.000000  1017.000000   949.000000   360.000000   951.000000   954.000000   577.000000   566.000000   719.000000   258.000000    40.000000  1399.000000
   619.078430   440.000000   112.000000   133.000000   121.000000  1367.000000  1301.000000  1226.000000   721.000000   820.000000   231.000000   169.000000   363.000000   418.000000   332.000000   224.000000   114.000000    68.000000    56.000000    86.000000    93.000000    89.000000    90.000000   132.000000    58.000000    64.000000   114.000000    32.000000    45.000000    74.000000   127.000000    94.000000   122.000000   140.000000   128.000000   161.000000    69.000000    77.000000    72.000000    66.000000    64.000000   142.000000   202.000000   195.000000   160.000000   537.000000   512.000000   558.000000   353.000000   386.000000   312.000000   550.000000   377.000000   399.000000   579.000000   623.000000   524.000000   540.000000   510.000000   901.000000  5431.000000  5600.000000   911.000000  1236.000000  1064.000000  1721.000000  1775.000000  1594.000000   934.000000  1009.000000   375.000000   953.000000   893.000000   581.000000   525.000000   689.000000   258.000000    56.000000  1379.000000
   620.359314   417.000000   114.000000   122.000000   118.000000  1501.000000  1258.000000  1227.000000   713.000000   866.000000   189.000000   180.000000   346.000000   419.000000   346.000000   208.000000    95.000000    67.000000    72.000000    85.000000    87.000000   111.000000    71.000000   133.000000    52.000000    71.000000   102.000000    52.000000    23.000000    69.000000    61.000000    45.000000    98.000000   149.000000   135.000000   155.000000    67.000000    22.000000    76.000000    80.000000    72.000000   169.000000   166.000000   191.000000   168.000000   515.000000   558.000000   557.000000   349.000000   335.000000   320.000000   524.000000   433.000000   393.000000   550.000000   665.000000   580.000000   507.000000   536.000000   918.000000  5332.000000  5677.000000   931.000000  1153.000000  1159.000000  1740.000000  1813.000000  1665.000000   966.000000   932.000000   371.000000   939.000000   885.000000   552.000000   480.000000   711.000000   259.000000    58.000000  1381.000000
   621.640625   456.000000   130.000000   145.000000   108.000000  1522.000000  1354.000000  1198.000000   737.000000   819.000000   162.000000   189.000000   331.000000   407.000000   348.000000   242.000000   126.000000    90.000000    50.000000    78.000000    71.000000    81.000000    98.000000   145.000000    38.000000    78.000000   105.000000    57.000000    37.000000    83.000000    92.000000    67.000000    98.000000   125.000000   162.000000   142.000000    63.000000    51.000000    67.000000    72.000000    72.000000   155.000000   202.000000   190.000000   182.000000   564.000000   575.000000   588.000000   290.000000   381.000000   327.000000   575.000000   422.000000   430.000000   568.000000   687.000000   589.000000   528.000000   555.000000   962.000000  5562.000000  5472.000000   984.000000  1215.000000  1080.000000  1833.000000  1899.000000  1768.000000  1005.000000  1018.000000   324.000000   919.000000   942.000000   615.000000   505.000000   703.000000   260.000000    49.000000  1434.000000
   622.922485   439.000000   133.000000   158.000000   114.000000  1507.000000  1345.000000  1224.000000   698.000000   841.000000   213.000000   220.000000   342.000000   439.000000   321.000000   219.000000   124.000000    69.000000    53.000000    95.000000    86.000000    92.000000    67.000000   140.000000    66.000000    71.000000   106.000000    81.000000    35.000000    93.000000    92.000000    82.000000    73.000000   136.000000   130.000000   159.000000    45.000000    57.000000    60.000000    67.000000    77.000000   155.000000   190.000000   179.000000   182.000000   512.000000   550.000000   529.000000   347.000000   370.000000   343.000000   595.000000   407.000000   447.000000   548.000000   656.000000   577.000000   506.000000   509.000000   938.000000  5509.000000  5501.000000  1031.000000  1237.000000  1159.000000  1740.000000  1822.000000  1795.000000   927.000000   993.000000   365.000000   885.000000   932.000000   590.000000   538.000000   704.000000   270.000000    63.000000  1404.000000
   624.204773   472.000000   134.000000   132.000000   137.000000  1464.000000  1340.000000  1187.000000   712.000000   824.000000   187.000000   191.000000   318.000000   419.000000   326.000000   223.000000   101.000000    63.000000    48.000000    97.000000    80.000000    73.000000    79.000000   140.000000    67.000000    68.000000   130.000000    44.000000    35.000000    67.000000    64.000000    64.000000    93.000000   174.000000   128.000000   167.000000    73.000000    56.000000    62.000000    74.000000    93.000000   166.000000   181.000000   189.000000   177.000000   519.000000   545.000000   557.000000   350.000000   379.000000   346.000000   643.000000   423.000000   401.000000   593.000000   632.000000   620.000000   479.000000   533.000000   945.000000  5679.000000  5673.000000   945.000000  1278.000000  1173.000000  1854.000000  1941.000000  1866.000000   993.000000  1059.000000   371.000000   918.000000   917.000000   614.000000   514.000000   711.000000   288.000000    38.000000  1410.000000
   625.487610   464.000000   143.000000   142.000000   149.000000  1544.000000  1363.000000  1254.000000   711.000000   869.000000   197.000000   216.000000   331.000000   361.000000   354.000000   243.000000   126.000000    49.000000    69.000000   108.000000    72.000000   105.000000    88.000000   151.000000    51.000000    82.000000   118.000000    68.000000    33.000000    75.000000    89.000000    84.000000   107.000000   183.000000   123.000000   180.000000    52.000000    29.000000    71.000000    89.000000   104.000000   151.000000   184.000000   199.000000   188.000000   529.000000   575.000000   556.000000   286.000000   404.000000   378.000000   587.000000   414.000000   429.000000   599.000000   661.000000   611.000000   521.000000   434.000000   924.000000  5564.000000  5591.000000  1017.000000  1306.000000  1198.000000  1846.000000  1906.000000  1817.000000  1058.000000  1062.000000   368.000000   955.000000   977.000000   614.000000   540.000000   768.000000   249.000000    56.000000  1436.000000
   626.770874   499.000000   124.000000   123.000000   128.000000  1528.000000  1342.000000  1360.000000   753.000000   876.000000   180.000000   174.000000   276.000000   369.000000   320.000000   217.000000   109.000000    69.000000    47.000000    88.000000    73.000000    80.000000    76.000000   163.000000    51.000000    86.000000   101.000000    29.000000    23.000000    64.000000    84.000000   101.000000   110.000000   137.000000   108.000000   184.000000    84.000000    56.000000    66.000000    78.000000    76.000000   202.000000   177.000000   164.000000   186.000000   529.000000   520.000000   605.000000   354.000000   426.000000   313.000000   586.000000   398.000000   397.000000   544.000000   689.000000   576.000000   493.000000   484.000000   957.000000  5534.000000  5712.000000   965.000000  1314.000000  1217.000000  1926.000000  1893.000000  1884.000000  1044.000000  1075.000000   404.000000   924.000000   952.000000   643.000000   586.000000   706.000000   244.000000    57.000000  1511.000000
   628.054626   487.000000   150.000000   136.000000    89.000000  1545.000000  1409.000000  1277.000000   644.000000   897.000000   213.000000   206.000000   273.000000   420.000000   313.000000   224.000000   102.000000    73.000000    65.000000    81.000000    59.000000    92.000000    79.000000   135.000000    55.000000    85.000000   108.000000    43.000000    13.000000    68.000000    58.000000    73.000000    89.000000   176.000000   115.000000   150.000000    58.000000    55.000000    65.000000    60.000000    69.000000   171.000000   174.000000   202.000000   169.000000   583.000000   555.000000   581.000000   331.000000   381.000000   299.000000   543.000000   428.000000   431.000000   612.000000   742.000000   583.000000   518.000000   456.000000   908.000000  5598.000000  5744.000000  1062.000000  1386.000000  1230.000000  1906.000000  1898.000000  1893.000000   961.000000  1107.000000   368.000000   860.000000   925.000000   653.000000   545.000000   789.000000   276.000000    42.000000  1449.000000
   629.338928   516.000000   138.000000   126.000000   124.000000  1516.000000  1355.000000  1291.000000   756.000000   883.000000   196.000000   225.000000   313.000000   365.000000   315.000000   209.000000   109.000000    78.000000    56.000000    87.000000    70.000000   109.000000    74.000000   177.000000    54.000000    77.000000    83.000000    48.000000    30.000000    86.000000    86.000000    78.000000    70.000000   145.000000   129.000000   130.000000    65.000000    60.000000    73.000000    94.000000    99.000000   169.000000   190.000000   162.000000   161.000000   509.000000   554.000000   588.000000   304.000000   401.000000   365.000000   612.000000   414.000000   414.000000   616.000000   678.000000   591.000000   486.000000   449.000000   918.000000  5716.000000  5806.000000  1014.000000  1334.000000  1233.000000  1969.000000  1949.000000  1858.000000  1086.000000  1160.000000   448.000000   868.000000   959.000000   605.000000   556.000000   722.000000   251.000000    80.000000  1441.000000
   630.623596   537.000000   124.000000   118.000000   118.000000  1585.000000  1339.000000  1223.000000   754.000000   938.000000   181.000000   221.000000   339.000000   384.000000   300.000000   221.000000   140.000000    69.000000    42.000000   100.000000    58.000000    91.000000    84.000000   131.000000    38.000000    76.000000    89.000000    50.000000    24.000000    85.000000    78.000000    97.000000    88.000000   142.000000   124.000000   153.000000    66.000000    43.000000    72.000000    73.000000    68.000000   160.000000   197.000000   186.000000   188.000000   592.000000   536.000000   566.000000   272.000000   371.000000   376.000000   618.000000   453.000000   445.000000   542.000000   657.000000   563.000000   471.000000   449.000000   959.000000  5799.000000  5940.000000  1174.000000  1398.000000  1155.000000  1894.000000  2082.000000  1928.000000  1040.000000  1176.000000   412.000000   920.000000   992.000000   645.000000   551.000000   717.000000   254.000000    38.000000  1455.000000
   631.908813   488.000000   143.000000   138.000000   118.000000  1595.000000  1402.000000  1364.000000   708.000000   897.000000   186.000000   192.000000   320.000000   352.000000   331.000000   221.000000   125.000000    42.000000    43.000000   109.000000    82.000000    85.000000    78.000000   142.000000    60.000000    46.000000   100.000000    63.000000    18.000000    61.000000    63.000000    78.000000    68.000000   133.000000   114.000000   144.000000    52.000000    49.000000    64.000000    83.000000    91.000000   149.000000   128.000000   195.000000   218.000000   553.000000   557.000000   536.000000   333.000000   385.000000   375.000000   605.000000   491.000000   436.000000   556.000000   634.000000   515.000000   479.000000   469.000000   959.000000  5701.000000  5824.000000  1135.000000  1434.000000  1211.000000  2002.000000  1991.000000  1964.000000  1041.000000  1164.000000   441.000000   931.000000   983.000000   655.000000   577.000000   794.000000   227.000000    63.000000  1479.000000
   633.194519   452.000000   158.000000   136.000000   125.000000  1636.000000  1509.000000  1382.000000   816.000000   898.000000   184.000000   188.000000   294.000000   384.000000   336.000000   209.000000   121.000000    55.000000    73.000000   110.000000    64.000000    96.000000    88.000000   150.000000    37.000000    79.000000    98.000000    56.000000    43.000000    75.000000    86.000000    82.000000    86.000000   107.000000   128.000000   139.000000    81.000000    51.000000    69.000000    61.000000    67.000000   150.000000   199.000000   181.000000   176.000000   560.000000   523.000000   546.000000   350.000000   400.000000   373.000000   620.000000   517.000000   448.000000   628.000000   612.000000   590.000000   491.000000   508.000000   946.000000  5916.000000  5892.000000  1149.000000  1455.000000  1257.000000  2055.000000  1998.000000  2028.000000  1146.000000  1188.000000   422.000000   937.000000  1017.000000   669.000000   602.000000   771.000000   235.000000    65.000000  1555.000000
   634.480713   525.000000   154.000000   117.000000   110.000000  1697.000000  1514.000000  1355.000000   757.000000   900.000000   197.000000   185.000000   304.000000   356.000000   324.000000   250.000000   121.000000    51.000000    43.000000   114.000000    91.000000    81.000000    92.000000   150.000000    48.000000    79.000000    92.000000    56.000000    44.000000    78.000000    81.000000    89.000000    94.000000   157.000000   134.000000   164.000000    55.000000    66.000000    58.000000    63.000000    74.000000   180.000000   162.000000   169.000000   204.000000   561.000000   583.000000   591.000000   322.000000   397.000000   411.000000   622.000000   480.000000   441.000000   581.000000   651.000000   506.000000   581.000000   494.000000   920.000000  5975.000000  6177.000000  1139.000000  1433.000000  1256.000000  2123.000000  2075.000000  2039.000000  1039.000000  1244.000000   483.000000  1008.000000   995.000000   755.000000   583.000000   791.000000   239.000000    67.000000  1547.000000
   635.767273   506.000000   138.000000   146.000000   116.000000  1693.000000  1505.000000  1371.000000   740.000000   938.000000   198.000000   187.000000   319.000000   395.000000   332.000000   237.000000   107.000000    79.000000    67.000000   113.000000    62.000000    72.000000    77.000000   133.000000    43.000000    79.000000    90.000000    41.000000    33.000000    70.000000    84.000000    82.000000   117.000000   124.000000   116.000000   129.000000    67.000000    52.000000    52.000000    66.000000    55.000000   160.000000   197.000000   175.000000   192.000000   549.000000   541.000000   570.000000   349.000000   379.000000   386.000000   676.000000   483.000000   471.000000   583.000000   612.000000   531.000000   543.000000   549.000000   903.000000  6048.000000  6168.000000  1267.000000  1533.000000  1305.000000  2081.000000  2148.000000  2052.000000  1111.000000  1350.000000   476.000000  1021.000000  1077.000000   688.000000   632.000000   867.000000   204.000000    23.000000  1501.000000
   637.054382   509.000000   149.000000   152.000000   133.000000  1716.000000  1552.000000  1424.000000   815.000000   961.000000   178.000000   187.000000   328.000000   383.000000   312.000000   211.000000   121.000000    51.000000    55.000000    87.000000    85.000000    85.000000    85.000000   150.000000    48.000000    72.000000    96.000000    56.000000    37.000000    80.000000    71.000000    78.000000    97.000000   131.000000    83.000000   136.000000    48.000000    46.000000    62.000000    79.000000    82.000000   179.000000   180.000000   177.000000   171.000000   562.000000   482.000000   566.000000   359.000000   378.000000   340.000000   703.000000   474.000000   527.000000   583.000000   616.000000   524.000000   565.000000   579.000000   925.000000  6309.000000  6222.000000  1225.000000  1472.000000  1273.000000  2135.000000  2128.000000  2063.000000  1107.000000  1328.000000   511.000000  1012.000000  1019.000000   743.000000   640.000000   762.000000   246.000000    62.000000  1494.000000
   638.341980   499.000000   150.000000   157.000000   136.000000  1702.000000  1529.000000  1323.000000   780.000000  1011.000000   202.000000   197.000000   330.000000   352.000000   334.000000   226.000000   111.000000    66.000000    48.000000    52.000000    96.000000    71.000000    75.000000   146.000000    36.000000    60.000000    96.000000    45.000000    24.000000    73.000000    90.000000    77.000000    97.000000   129.000000   113.000000   159.000000    40.000000    46.000000    96.000000    58.000000    85.000000   175.000000   175.000000   210.000000   198.000000   555.000000   543.000000   551.000000   382.000000   411.000000   370.000000   684.000000   488.000000   485.000000   607.000000   669.000000   554.000000   562.000000   581.000000   962.000000  6235.000000  6384.000000  1282.000000  1524.000000  1338.000000  2261.000000  2248.000000  2174.000000  1163.000000  1385.000000   493.000000  1066.000000  1066.000000   736.000000   577.000000   817.000000   267.000000    49.000000  1611.000000
   639.630127   513.000000   134.000000   137.000000   126.000000  1666.000000  1544.000000  1383.000000   753.000000   951.000000   208.000000   207.000000   296.000000   369.000000   317.000000   204.000000   122.000000    39.000000    58.000000    72.000000    63.000000    83.000000    84.000000   146.000000    44.000000   101.000000    95.000000    54.000000    19.000000    59.000000    54.000000    81.000000    97.000000   123.000000    99.000000   114.000000    38.000000    26.000000    79.000000    69.000000    74.000000   181.000000   193.000000   193.000000   199.000000   524.000000   537.000000   550.000000   353.000000   384.000000   362.000000   620.000000   510.000000   481.000000   621.000000   606.000000   564.000000   554.000000   519.000000   979.000000  6349.000000  6227.000000  1348.000000  1549.000000  1319.000000  2193.000000  2260.000000  2255.000000  1090.000000  1267.000000   485.000000   999.000000  1124.000000   756.000000   646.000000   808.000000   225.000000    28.000000  1497.000000
   640.918579   499.000000   131.000000   141.000000   129.000000  1769.000000  1597.000000  1433.000000   803.000000   992.000000   208.000000   205.000000   332.000000   354.000000   332.000000   270.000000   100.000000    62.000000    63.000000    96.000000    74.000000    81.000000    59.000000   155.000000    50.000000    48.000000    80.000000    58.000000    24.000000    83.000000    93.000000    71.000000   102.000000   137.000000    86.000000    91.000000    32.000000    40.000000    62.000000    66.000000    62.000000   171.000000   214.000000   185.000000   177.000000   539.000000   570.000000   559.000000   316.000000   378.000000   356.000000   639.000000   508.000000   494.000000   537.000000   663.000000   577.000000   556.000000   606.000000   947.000000  6399.000000  6368.000000  1352.000000  1579.000000  1331.000000  2168.000000  2294.000000  2246.000000  1138.000000  1423.000000   469.000000   964.000000  1058.000000   729.000000   651.000000   814.000000   253.000000    49.000000  1537.000000
   642.207703   549.000000   143.000000   123.000000   121.000000  1700.000000  1512.000000  1358.000000   782.000000   952.000000   210.000000   190.000000   256.000000   368.000000   332.000000   198.000000   126.000000    88.000000    58.000000   103.000000    74.000000   108.000000    85.000000   148.000000    32.000000    55.000000   116.000000    65.000000    28.000000    70.000000    69.000000    72.000000    90.000000   135.000000    85.000000   100.000000    39.000000    61.000000    59.000000    66.000000    79.000000   173.000000   217.000000   167.000000   177.000000   511.000000   566.000000   557.000000   357.000000   394.000000   390.000000   673.000000   520.000000   462.000000   625.000000   671.000000   555.000000   553.000000   558.000000   960.000000  6260.000000  6288.000000  1374.000000  1575.000000  1372.000000  2277.000000  2216.000000  2182.000000  1151.000000  1396.000000   503.000000  1163.000000  1100.000000   777.000000   619.000000   819.000000   232.000000    36.000000  1558.000000
   643.497192   511.000000   150.000000   144.000000   106.000000  1803.000000  1612.000000  1444.000000   784.000000   990.000000   195.000000   202.000000   316.000000   350.000000   346.000000   210.000000   131.000000    54.000000    51.000000    65.000000    67.000000    73.000000    91.000000   147.000000    69.000000    62.000000    74.000000    64.000000    14.000000    55.000000    75.000000    61.000000   113.000000   131.000000    70.000000   103.000000    28.000000    35.000000    65.000000    54.000000    51.000000   160.000000   186.000000   173.000000   177.000000   589.000000   571.000000   563.000000   355.000000   412.000000   352.000000   628.000000   545.000000   485.000000   589.000000   645.000000   586.000000   536.000000   584.000000   929.000000  6377.000000  6368.000000  1388.000000  1567.000000  1367.000000  2226.000000  2424.000000  2226.000000  1152.000000  1480.000000   519.000000  1010.000000  1043.000000   710.000000   708.000000   817.000000   263.000000    57.000000  1494.000000
   644.787170   576.000000   147.000000   120.000000   109.000000  1763.000000  1562.000000  1450.000000   793.000000   987.000000   189.000000   196.000000   291.000000   360.000000   309.000000   237.000000   127.000000    59.000000    55.000000    87.000000    80.000000    75.000000    87.000000   140.000000    57.000000    69.000000    84.000000    47.000000    19.000000    64.000000    73.000000    94.000000    94.000000   128.000000    87.000000   113.000000    67.000000    45.000000    98.000000    64.000000    88.000000   157.000000   202.000000   196.000000   170.000000   584.000000   594.000000   568.000000   335.000000   441.000000   365.000000   644.000000   511.000000   493.000000   636.000000   657.000000   592.000000   572.000000   545.000000   927.000000  6480.000000  6375.000000  1489.000000  1660.000000  1381.000000  2385.000000  2293.000000  2344.000000  1159.000000  1516.000000   539.000000  1050.000000  1107.000000   666.000000   653.000000   831.000000   269.000000    61.000000  1593.000000
   646.077576   556.000000   132.000000   126.000000   116.000000  1842.000000  1623.000000  1488.000000   825.000000   967.000000   193.000000   226.000000   281.000000   329.000000   307.000000   205.000000   134.000000    76.000000    58.000000    88.000000   102.000000   103.000000    83.000000   150.000000    40.000000    89.000000    97.000000    60.000000    41.000000    65.000000    79.000000    66.000000   107.000000   158.000000   104.000000   105.000000    51.000000    34.000000    55.000000    65.000000    81.000000   153.000000   167.000000   154.000000   152.000000   525.000000   558.000000   611.000000   327.000000   384.000000   406.000000   691.000000   509.000000   465.000000   641.000000   693.000000   622.000000   574.000000   579.000000   935.000000  6366.000000  6335.000000  1459.000000  1669.000000  1466.000000  2290.000000  2334.000000  2351.000000  1153.000000  1451.000000   480.000000  1084.000000  1074.000000   739.000000   656.000000   821.000000   261.000000    60.000000  1506.000000
   647.368713   573.000000   137.000000   129.000000   122.000000  1897.000000  1565.000000  1584.000000   818.000000   983.000000   240.000000   210.000000   291.000000   332.000000   291.000000   220.000000    89.000000    56.000000    60.000000    83.000000    57.000000    90.000000    89.000000   149.000000    45.000000    50.000000    97.000000    50.000000    35.000000    66.000000    80.000000    70.000000    76.000000   114.000000    95.000000   112.000000    55.000000    43.000000    56.000000    82.000000    79.000000   182.000000   197.000000   136.000000   163.000000   586.000000   580.000000   530.000000   359.000000   460.000000   426.000000   669.000000   561.000000   489.000000   523.000000   622.000000   576.000000   565.000000   544.000000   917.000000  6459.000000  6438.000000  1452.000000  1687.000000  1356.000000  2373.000000  2459.000000  2320.000000  1235.000000  1635.000000   531.000000  1087.000000  1121.000000   726.000000   613.000000   878.000000   269.000000    70.000000  1527.000000
   648.659973   540.000000   141.000000   133.000000    99.000000  1862.000000  1637.000000  1565.000000   752.000000   989.000000   211.000000   195.000000   265.000000   371.000000   282.000000   233.000000   123.000000    55.000000    55.000000    75.000000    48.000000    89.000000    91.000000   129.000000    53.000000    70.000000   108.000000    41.000000    30.000000    42.000000    94.000000    87.000000   100.000000   133.000000   121.000000   122.000000    53.000000    57.000000    81.000000    77.000000    83.000000   140.000000   172.000000   216.000000   170.000000   530.000000   522.000000   587.000000   371.000000   415.000000   364.000000   684.000000   576.000000   525.000000   575.000000   637.000000   585.000000   588.000000   532.000000   974.000000  6314.000000  6614.000000  1442.000000  1665.000000  1409.000000  2357.000000  2325.000000  2320.000000  1263.000000  1641.000000   501.000000  1083.000000  1131.000000   689.000000   661.000000   860.000000   252.000000    52.000000  1462.000000
   649.952026   570.000000   127.000000   144.000000   113.000000  1893.000000  1727.000000  1587.000000   825.000000   998.000000   206.000000   202.000000   282.000000   363.000000   302.000000   220.000000   115.000000    61.000000    48.000000    63.000000    56.000000    69.000000    89.000000   151.000000    59.000000    46.000000   100.000000    73.000000    13.000000    68.000000    97.000000    84.000000   101.000000   174.000000   127.000000   123.000000    43.000000    49.000000    77.000000    84.000000    65.000000   168.000000   181.000000   193.000000   165.000000   522.000000   511.000000   586.000000   373.000000   397.000000   395.000000   753.000000   530.000000   500.000000   555.000000   679.000000   581.000000   528.000000   496.000000   857.000000  6493.000000  6364.000000  1578.000000  1696.000000  1444.000000  2349.000000  2482.000000  2390.000000  1208.000000  1578.000000   502.000000  1095.000000  1132.000000   777.000000   672.000000   828.000000   309.000000    38.000000  1497.000000
   651.244385   574.000000   138.000000   107.000000   121.000000  1897.000000  1740.000000  1590.000000   785.000000  1045.000000   199.000000   228.000000   284.000000   384.000000   309.000000   226.000000   122.000000    64.000000    52.000000    68.000000    82.000000    91.000000    83.000000   124.000000    38.000000    60.000000    91.000000    52.000000    31.000000   100.000000    89.000000    81.000000    91.000000   146.000000   134.000000   129.000000    40.000000    35.000000    52.000000    45.000000    58.000000   129.000000   161.000000   160.000000   177.000000   588.000000   530.000000   560.000000   350.000000   441.000000   381.000000   696.000000   562.000000   537.000000   603.000000   679.000000   573.000000   546.000000   560.000000   882.000000  6840.000000  6424.000000  1520.000000  1656.000000  1541.000000  2410.000000  2467.000000  2419.000000  1230.000000  1608.000000   539.000000  1097.000000  1081.000000   725.000000   642.000000   860.000000   253.000000    48.000000  1444.000000
   652.537170   574.000000   143.000000   133.000000   120.000000  1870.000000  1842.000000  1577.000000   843.000000  1065.000000   202.000000   216.000000   312.000000   361.000000   309.000000   195.000000   121.000000    74.000000    69.000000    66.000000    67.000000    69.000000    87.000000   131.000000    61.000000    64.000000    74.000000    54.000000    24.000000    56.000000    55.000000    76.000000   108.000000   151.000000   118.000000   112.000000    57.000000    39.000000    63.000000    67.000000    69.000000   135.000000   141.000000   174.000000   177.000000   525.000000   558.000000   624.000000   322.000000   391.000000   388.000000   719.000000   551.000000   471.000000   576.000000   653.000000   567.000000   547.000000   527.000000   922.000000  6727.000000  6483.000000  1586.000000  1700.000000  1447.000000  2490.000000  2620.000000  2486.000000  1289.000000  1699.000000   514.000000  1164.000000  1161.000000   737.000000   667.000000   908.000000   267.000000    50.000000  1570.000000
   653.830688   576.000000   142.000000   121.000000   116.000000  1916.000000  1775.000000  1657.000000   808.000000  1096.000000   178.000000   189.000000   281.000000   345.000000   297.000000   227.000000   142.000000    69.000000    53.000000    98.000000    51.000000    62.000000    64.000000   130.000000    46.000000    64.000000    78.000000    59.000000     5.000000    76.000000    69.000000    71.000000    90.000000   146.000000   111.000000   128.000000    38.000000    52.000000    74.000000    62.000000    58.000000   155.000000   166.000000   185.000000   155.000000   541.000000   502.000000   569.000000   353.000000   381.000000   363.000000   706.000000   568.000000   495.000000   598.000000   579.000000   575.000000   498.000000   508.000000   896.000000  7100.000000  6310.000000  1574.000000  1762.000000  1465.000000  2601.000000  2451.000000  2461.000000  1313.000000  1751.000000   549.000000  1148.000000  1118.000000   723.000000   652.000000   876.000000   283.000000    38.000000  1480.000000
   655.124512   547.000000   127.000000   113.000000   116.000000  1948.000000  1812.000000  1722.000000   775.000000  1043.000000   163.000000   214.000000   306.000000   359.000000   300.000000   203.000000   124.000000    76.000000    61.000000    84.000000    71.000000    80.000000    76.000000   132.000000    37.000000    72.000000    69.000000    41.000000    23.000000    58.000000    76.000000    65.000000    92.000000   134.000000   110.000000   143.000000    35.000000    58.000000    57.000000    56.000000    76.000000   149.000000   118.000000   179.000000   177.000000   581.000000   587.000000   584.000000   355.000000   380.000000   409.000000   707.000000   520.000000   560.000000   580.000000   631.000000   599.000000   555.000000   558.000000   847.000000  6977.000000  6455.000000  1645.000000  1738.000000  1549.000000  2561.000000  2422.000000  2500.000000  1278.000000  1744.000000   520.000000  1164.000000  1100.000000   816.000000   691.000000   995.000000   270.000000    45.000000  1540.000000
   656.418823   638.000000   131.000000   110.000000   118.000000  1855.000000  1856.000000  1732.000000   795.000000  1141.000000   187.000000   197.000000   279.000000   359.000000   277.000000   220.000000   129.000000    32.000000    55.000000    92.000000    73.000000    88.000000    76.000000   152.000000    46.000000    66.000000    85.000000    50.000000    21.000000    50.000000    67.000000    65.000000   106.000000   113.000000    95.000000   135.000000    56.000000    26.000000    85.000000    49.000000    64.000000   139.000000   195.000000   169.000000   154.000000   487.000000   485.000000   566.000000   334.000000   374.000000   398.000000   712.000000   550.000000   531.000000   560.000000   653.000000   550.000000   514.000000   540.000000   844.000000  6839.000000  6587.000000  1748.000000  1811.000000  1529.000000  2556.000000  2500.000000  2579.000000  1285.000000  1761.000000   505.000000  1214.000000  1084.000000   747.000000   624.000000   968.000000   271.000000    51.000000  1479.000000
   657.713623   620.000000   125.000000   116.000000   120.000000  1947.000000  1780.000000  1683.000000   813.000000  1071.000000   187.000000   222.000000   279.000000   338.000000   305.000000   162.000000    92.000000    75.000000    63.000000    78.000000    51.000000    81.000000    66.000000   132.000000    25.000000    72.000000    84.000000    50.000000    43.000000    30.000000    54.000000    66.000000    71.000000   132.000000   148.000000   146.000000    64.000000    67.000000    72.000000    66.000000    47.000000   153.000000   149.000000   148.000000   154.000000   514.000000   534.000000   556.000000   382.000000   383.000000   398.000000   706.000000   564.000000   505.000000   579.000000   629.000000   568.000000   519.000000   620.000000   835.000000  7020.000000  6594.000000  1746.000000  1759.000000  1601.000000  2520.000000  2575.000000  2588.000000  1301.000000  1859.000000   576.000000  1181.000000  1094.000000   836.000000   704.000000   994.000000   289.000000    42.000000  1564.000000
   659.008911   656.000000   132.000000   121.000000   147.000000  2037.000000  1861.000000  1736.000000   718.000000  1116.000000   192.000000   178.000000   314.000000   313.000000   278.000000   214.000000   126.000000    72.000000    41.000000    89.000000    71.000000    74.000000    67.000000   160.000000    49.000000    43.000000    95.000000    40.000000     6.000000    48.000000    79.000000    75.000000    90.000000   128.000000    99.000000   124.000000    56.000000    49.000000    68.000000    56.000000    63.000000   143.000000   162.000000   167.000000   185.000000   524.000000   540.000000   551.000000   348.000000   449.000000   351.000000   674.000000   516.000000   557.000000   559.000000   603.000000   553.000000   560.000000   505.000000   872.000000  6840.000000  6342.000000  1759.000000  1812.000000  1513.000000  2630.000000  2543.000000  2565.000000  1259.000000  1894.000000   536.000000  1187.000000  1158.000000   770.000000   679.000000   953.000000   268.000000    64.000000  1547.000000
   660.304688   642.000000   120.000000   134.000000    78.000000  2026.000000  1836.000000  1726.000000   770.000000  1105.000000   202.000000   183.000000   257.000000   304.000000   270.000000   189.000000   110.000000    71.000000    50.000000    70.000000    63.000000    82.000000    91.000000   148.000000    34.000000    56.000000    74.000000    55.000000    37.000000    60.000000    61.000000    40.000000    78.000000   132.000000   103.000000   106.000000    34.000000    45.000000    89.000000    58.000000    59.000000   143.000000   158.000000   165.000000   145.000000   564.000000   542.000000   552.000000   366.000000   424.000000   359.000000   689.000000   586.000000   541.000000   513.000000   612.000000   595.000000   504.000000   562.000000   863.000000  6959.000000  6434.000000  1758.000000  1834.000000  1565.000000  2585.000000  2451.000000  2468.000000  1297.000000  1894.000000   579.000000  1135.000000  1114.000000   777.000000   659.000000   945.000000   259.000000    46.000000  1497.000000
   661.600830   576.000000   146.000000   120.000000   112.000000  1995.000000  1822.000000  1756.000000   758.000000  1085.000000   205.000000   205.000000   265.000000   301.000000   263.000000   185.000000    89.000000    53.000000    37.000000    52.000000    39.000000    57.000000    74.000000   127.000000    51.000000    74.000000    79.000000    54.000000    21.000000    50.000000    70.000000    55.000000    71.000000   110.000000    89.000000   111.000000    39.000000    46.000000    57.000000    57.000000    41.000000   156.000000   132.000000   142.000000   136.000000   495.000000   535.000000   571.000000   316.000000   428.000000   388.000000   614.000000   550.000000   573.000000   532.000000   659.000000   562.000000   509.000000   502.000000   846.000000  7117.000000  6169.000000  1700.000000  1786.000000  1552.000000  2598.000000  2433.000000  2508.000000  1216.000000  1853.000000   514.000000  1179.000000  1061.000000   724.000000   686.000000   954.000000   301.000000    39.000000  1515.000000
   662.897583   596.000000   135.000000   146.000000   116.000000  2004.000000  1858.000000  1699.000000   757.000000  1056.000000   196.000000   205.000000   290.000000   295.000000   288.000000   187.000000   135.000000    70.000000    60.000000    63.000000    36.000000    83.000000    68.000000   121.000000    53.000000    69.000000    84.000000    53.000000    31.000000    83.000000    55.000000    70.000000    60.000000   137.000000   108.000000   126.000000    41.000000    52.000000    46.000000    52.000000    67.000000   170.000000   145.000000   183.000000   150.000000   533.000000   507.000000   525.000000   313.000000   421.000000   394.000000   588.000000   572.000000   525.000000   545.000000   605.000000   567.000000   517.000000   508.000000   843.000000  6880.000000  6196.000000  1765.000000  1738.000000  1521.000000  2425.000000  2420.000000  2457.000000  1224.000000  1889.000000   567.000000  1110.000000  1125.000000   766.000000   677.000000  1028.000000   271.000000    52.000000  1490.000000
   664.194824   610.000000   108.000000   104.000000    94.000000  1944.000000  1872.000000  1803.000000   660.000000  1066.000000   188.000000   192.000000   276.000000   308.000000   291.000000   183.000000   136.000000    69.000000    67.000000    80.000000    39.000000    61.000000    72.000000   127.000000    49.000000    45.000000    91.000000    44.000000    32.000000    54.000000    69.000000    63.000000    81.000000   127.000000   114.000000   106.000000    47.000000    43.000000    56.000000    68.000000    89.000000   102.000000   151.000000   141.000000   122.000000   516.000000   467.000000   550.000000   340.000000   409.000000   417.000000   572.000000   563.000000   546.000000   524.000000   602.000000   537.000000   498.000000   507.000000   856.000000  6807.000000  6152.000000  1810.000000  1823.000000  1586.000000  2483.000000  2504.000000  2541.000000  1260.000000  1806.000000   562.000000  1198.000000  1114.000000   755.000000   634.000000   994.000000   273.000000    67.000000  1493.000000
   665.492493   596.000000   117.000000   105.000000    90.000000  2046.000000  1695.000000  1726.000000   668.000000  1081.000000   182.000000   199.000000   258.000000   299.000000   291.000000   223.000000   119.000000    83.000000    57.000000    54.000000    52.000000    96.000000    82.000000   129.000000    44.000000    55.000000    95.000000    67.000000    24.000000    38.000000    55.000000    33.000000    64.000000   109.000000   130.000000   124.000000    33.000000    55.000000    53.000000    63.000000    77.000000   155.000000   137.000000   140.000000   151.000000   492.000000   539.000000   486.000000   333.000000   427.000000   381.000000   595.000000   617.000000   528.000000   525.000000   628.000000   558.000000   493.000000   563.000000   845.000000  6949.000000  6062.000000  1812.000000  1829.000000  1580.000000  2561.000000  2492.000000  2474.000000  1243.000000  1935.000000   540.000000  1131.000000  1026.000000   817.000000   665.000000   956.000000   253.000000    52.000000  1502.000000
   666.790588   585.000000   123.000000   110.000000    84.000000  2115.000000  1962.000000  1814.000000   710.000000   992.000000   168.000000   226.000000   230.000000   306.000000   287.000000   194.000000    88.000000    57.000000    72.000000    60.000000    63.000000    63.000000    71.000000   156.000000    47.000000    52.000000    79.000000    59.000000    35.000000    24.000000    41.000000    62.000000   101.000000   129.000000   105.000000   143.000000    57.000000    40.000000    68.000000    68.000000    58.000000   165.000000   149.000000   165.000000   117.000000   493.000000   558.000000   495.000000   326.000000   398.000000   413.000000   515.000000   589.000000   493.000000   493.000000   612.000000   544.000000   518.000000   464.000000   818.000000  6906.000000  6122.000000  1921.000000  1823.000000  1624.000000  2512.000000  2557.000000  2540.000000  1235.000000  1877.000000   548.000000  1192.000000  1124.000000   743.000000   665.000000   913.000000   245.000000    45.000000  1516.000000
   668.089294   641.000000   116.000000   118.000000    80.000000  2152.000000  1800.000000  1774.000000   665.000000  1027.000000   187.000000   178.000000   284.000000   301.000000   259.000000   191.000000   117.000000    91.000000    42.000000    79.000000    55.000000    72.000000    70.000000   136.000000    38.000000    41.000000    65.000000    62.000000    21.000000    48.000000    48.000000    36.000000    60.000000   108.000000   106.000000   105.000000    30.000000    26.000000    68.000000    81.000000    65.000000   130.000000   165.000000   170.000000   124.000000   493.000000   522.000000   536.000000   312.000000   382.000000   397.000000   659.000000   571.000000   518.000000   531.000000   552.000000   492.000000   518.000000   463.000000   855.000000  6968.000000  6003.000000  1857.000000  1852.000000  1668.000000  2525.000000  2542.000000  2503.000000  1250.000000  1897.000000   525.000000  1159.000000  1077.000000   692.000000   684.000000   953.000000   296.000000    45.000000  1439.000000
   669.388428   619.000000   110.000000   120.000000    77.000000  2084.000000  1891.000000  1759.000000   675.000000  1059.000000   159.000000   178.000000   248.000000   295.000000   268.000000   197.000000   104.000000    64.000000    68.000000    69.000000    48.000000    70.000000    75.000000   103.000000    28.000000    65.000000    65.000000    40.000000     3.000000    53.000000    66.000000    33.000000    72.000000   102.000000   118.000000   148.000000    50.000000    40.000000    56.000000    52.000000    24.000000   166.000000   147.000000   174.000000   123.000000   496.000000   511.000000   522.000000   309.000000   392.000000   390.000000   673.000000   573.000000   524.000000   523.000000   594.000000   540.000000   527.000000   493.000000   817.000000  6926.000000  6109.000000  1811.000000  1829.000000  1573.000000  2597.000000  2517.000000  2486.000000  1185.000000  1943.000000   537.000000  1131.000000   991.000000   722.000000   637.000000   966.000000   281.000000    53.000000  1413.000000
   670.687988   654.000000   114.000000   111.000000   142.000000  2116.000000  1867.000000  1836.000000   671.000000  1083.000000   159.000000   179.000000   258.000000   310.000000   246.000000   168.000000   105.000000    61.000000    32.000000    53.000000    58.000000    98.000000    56.000000   153.000000    41.000000    42.000000    66.000000    62.000000     9.000000    82.000000    63.000000    50.000000    78.000000   123.000000    71.000000   106.000000    39.000000    44.000000    65.000000    80.000000    66.000000   117.000000   161.000000   137.000000   131.000000   461.000000   494.000000   492.000000   296.000000   393.000000   368.000000   742.000000   586.000000   494.000000   506.000000   560.000000   476.000000   490.000000   463.000000   778.000000  6867.000000  5757.000000  1876.000000  1757.000000  1585.000000  2498.000000  2509.000000  2506.000000  1288.000000  1842.000000   512.000000  1084.000000  1107.000000   767.000000   616.000000   978.000000   245.000000    53.000000  1314.000000
   671.988098   621.000000    79.000000   106.000000   110.000000  2061.000000  1922.000000  1742.000000   674.000000  1049.000000   185.000000   168.000000   291.000000   294.000000   242.000000   165.000000   110.000000    61.000000    37.000000    83.000000    71.000000    61.000000    61.000000   120.000000    48.000000    58.000000   100.000000    31.000000    21.000000    54.000000    50.000000    44.000000    55.000000   116.000000    97.000000   122.000000    46.000000    57.000000    64.000000    32.000000    57.000000   161.000000   134.000000   162.000000   137.000000   452.000000   475.000000   521.000000   327.000000   384.000000   392.000000   687.000000   550.000000   518.000000   469.000000   561.000000   476.000000   512.000000   550.000000   793.000000  6834.000000  5733.000000  1803.000000  1796.000000  1525.000000  2446.000000  2494.000000  2524.000000  1218.000000  1906.000000   542.000000  1135.000000  1016.000000   733.000000   594.000000   979.000000   258.000000    43.000000  1337.000000
   673.288574   646.000000    80.000000    99.000000   103.000000  2089.000000  1912.000000  1742.000000   633.000000  1052.000000   206.000000   180.000000   219.000000   273.000000   238.000000   184.000000    84.000000    73.000000    43.000000    72.000000    33.000000    65.000000    62.000000   107.000000    36.000000    61.000000    52.000000    57.000000    15.000000    50.000000    40.000000    55.000000    66.000000   110.000000    94.000000   103.000000    40.000000    43.000000    39.000000    51.000000    65.000000   149.000000   150.000000   180.000000   133.000000   449.000000   461.000000   451.000000   336.000000   359.000000   395.000000   730.000000   532.000000   497.000000   490.000000   538.000000   440.000000   428.000000   456.000000   826.000000  6881.000000  5495.000000  1846.000000  1702.000000  1563.000000  2412.000000  2476.000000  2398.000000  1110.000000  1885.000000   542.000000  1168.000000  1065.000000   723.000000   736.000000   952.000000   245.000000    33.000000  1320.000000
   674.589722   587.000000   107.000000   102.000000    95.000000  2029.000000  1863.000000  1698.000000   652.000000  1034.000000   212.000000   175.000000   226.000000   270.000000   269.000000   202.000000   103.000000    52.000000    56.000000    79.000000    43.000000    60.000000    47.000000   119.000000    35.000000    37.000000    80.000000    43.000000    26.000000    62.000000    54.000000    68.000000    68.000000   115.000000    92.000000   128.000000    66.000000    50.000000    48.000000    48.000000    50.000000   120.000000   136.000000   175.000000   154.000000   427.000000   500.000000   460.000000   304.000000   407.000000   418.000000   647.000000   531.000000   492.000000   481.000000   540.000000   487.000000   467.000000   468.000000   766.000000  6885.000000  5752.000000  1926.000000  1777.000000  1582.000000  2498.000000  2417.000000  2527.000000  1213.000000  1898.000000   536.000000  1121.000000  1006.000000   730.000000   605.000000   998.000000   251.000000    42.000000  1349.000000
   675.891174   574.000000    77.000000   102.000000   102.000000  2077.000000  1836.000000  1761.000000   662.000000  1036.000000   179.000000   203.000000   230.000000   291.000000   258.000000   183.000000   110.000000    77.000000    41.000000    56.000000    59.000000    41.000000    42.000000   123.000000    33.000000    42.000000    68.000000    55.000000    34.000000    51.000000    60.000000    46.000000    63.000000   128.000000    88.000000   119.000000    67.000000    49.000000    49.000000    71.000000    62.000000   135.000000   150.000000   154.000000   116.000000   446.000000   460.000000   483.000000   311.000000   398.000000   404.000000   734.000000   502.000000   417.000000   511.000000   523.000000   488.000000   468.000000   448.000000   798.000000  6785.000000  5494.000000  1945.000000  1773.000000  1578.000000  2464.000000  2405.000000  2395.000000  1218.000000  1899.000000   546.000000  1080.000000  1060.000000   643.000000   598.000000   926.000000   274.000000    30.000000  1282.000000
   677.193176   591.000000   112.000000    84.000000   106.000000  2159.000000  1968.000000  1835.000000   570.000000  1032.000000   157.000000   196.000000   237.000000   269.000000   232.000000   195.000000    86.000000    32.000000    51.000000    56.000000    45.000000    68.000000    79.000000   127.000000    44.000000    49.000000    69.000000    53.000000    29.000000    36.000000    64.000000    50.000000    74.000000   121.000000   104.000000   116.000000    41.000000    24.000000    62.000000    80.000000    79.000000   159.000000   146.000000   158.000000   116.000000   463.000000   451.000000   442.000000   291.000000   403.000000   399.000000   651.000000   483.000000   505.000000   481.000000   504.000000   452.000000   483.000000   457.000000   741.000000  6724.000000  5515.000000  1863.000000  1681.000000  1617.000000  2403.000000  2417.000000  2412.000000  1226.000000  1874.000000   536.000000  1160.000000   986.000000   653.000000   591.000000   928.000000   304.000000    58.000000  1304.000000
   678.495728   593.000000    95.000000   118.000000   127.000000  2074.000000  1939.000000  1834.000000   647.000000  1025.000000   158.000000   160.000000   251.000000   264.000000   244.000000   161.000000    85.000000    65.000000    36.000000    62.000000    41.000000    45.000000    49.000000   110.000000    49.000000    61.000000    76.000000    45.000000    10.000000    68.000000    66.000000    59.000000    66.000000   100.000000    73.000000   107.000000    22.000000    65.000000    58.000000    39.000000    49.000000   110.000000   140.000000   151.000000   110.000000   428.000000   447.000000   479.000000   333.000000   417.000000   403.000000   655.000000   508.000000   511.000000   482.000000   523.000000   454.000000   436.000000   483.000000   807.000000  6681.000000  5508.000000  1854.000000  1763.000000  1530.000000  2365.000000  2414.000000  2412.000000  1255.000000  1867.000000   510.000000  1163.000000  1041.000000   716.000000   617.000000   919.000000   262.000000    46.000000  1238.000000
   679.798584   626.000000    83.000000    96.000000   119.000000  2169.000000  1952.000000  1814.000000   604.000000  1006.000000   193.000000   165.000000   261.000000   293.000000   246.000000   177.000000   112.000000    53.000000    37.000000    51.000000    56.000000    49.000000    66.000000   131.000000    45.000000    62.000000    63.000000    71.000000    39.000000    61.000000    52.000000    51.000000    89.000000   112.000000   111.000000   117.000000    38.000000    24.000000    36.000000    61.000000    65.000000   123.000000   126.000000   141.000000   138.000000   455.000000   429.000000   433.000000   271.000000   378.000000   396.000000   678.000000   502.000000   458.000000   471.000000   531.000000   427.000000   417.000000   497.000000   803.000000  6635.000000  5422.000000  1888.000000  1659.000000  1578.000000  2395.000000  2382.000000  2437.000000  1162.000000  1975.000000   515.000000  1085.000000   999.000000   708.000000   677.000000   892.000000   264.000000    50.000000  1195.000000
   681.102112   550.000000    97.000000    94.000000   103.000000  2179.000000  1850.000000  1754.000000   602.000000   939.000000   158.000000   160.000000   221.000000   259.000000   197.000000   165.000000    95.000000    72.000000    38.000000    56.000000    52.000000    33.000000    41.000000   129.000000    52.000000    55.000000    69.000000    33.000000     4.000000    63.000000    68.000000    52.000000    62.000000   111.000000   118.000000   115.000000    59.000000    40.000000    48.000000    46.000000    44.000000   127.000000   120.000000   141.000000   138.000000   457.000000   396.000000   472.000000   237.000000   365.000000   379.000000   715.000000   516.000000   470.000000   463.000000   477.000000   470.000000   430.000000   496.000000   742.000000  6615.000000  5388.000000  1822.000000  1674.000000  1578.000000  2401.000000  2332.000000  2424.000000  1165.000000  1838.000000   521.000000  1129.000000  1053.000000   656.000000   546.000000   963.000000   271.000000    54.000000  1230.000000
   682.406006   559.000000    95.000000    80.000000    75.000000  2034.000000  2046.000000  1809.000000   608.000000  1031.000000   133.000000   166.000000   226.000000   271.000000   223.000000   202.000000   102.000000    56.000000    43.000000    58.000000    62.000000    62.000000    43.000000    94.000000    47.000000    58.000000   116.000000    30.000000    26.000000    41.000000    68.000000    58.000000    80.000000   112.000000   101.000000   117.000000    50.000000    44.000000    46.000000    54.000000    76.000000   118.000000   143.000000   132.000000   130.000000   452.000000   442.000000   445.000000   265.000000   409.000000   380.000000   699.000000   527.000000   453.000000   482.000000   502.000000   395.000000   438.000000   508.000000   748.000000  6374.000000  5260.000000  1746.000000  1631.000000  1484.000000  2285.000000  2221.000000  2386.000000  1132.000000  1884.000000   523.000000  1109.000000  1017.000000   718.000000   624.000000   969.000000   275.000000    39.000000  1192.000000
   683.710388   589.000000    78.000000   100.000000    96.000000  2079.000000  1826.000000  1854.000000   619.000000   973.000000   193.000000   159.000000   208.000000   258.000000   232.000000   182.000000    92.000000    65.000000    54.000000    49.000000    50.000000    74.000000    48.000000    99.000000    44.000000    24.000000    45.000000    39.000000    20.000000    54.000000    70.000000    50.000000    70.000000    85.000000    74.000000   141.000000    41.000000    51.000000    53.000000    56.000000    70.000000   129.000000   130.000000   134.000000   129.000000   435.000000   457.000000   412.000000   266.000000   363.000000   381.000000   622.000000   485.000000   482.000000   429.000000   497.000000   428.000000   431.000000   470.000000   703.000000  6596.000000  5164.000000  1987.000000  1565.000000  1475.000000  2480.000000  2250.000000  2396.000000  1165.000000  1771.000000   550.000000  1089.000000   982.000000   638.000000   623.000000   922.000000   276.000000    44.000000  1122.000000
   685.015320   562.000000    84.000000    77.000000   101.000000  2181.000000  1834.000000  1814.000000   587.000000  1018.000000   164.000000   174.000000   255.000000   248.000000   218.000000   153.000000   108.000000    47.000000    43.000000    48.000000    40.000000    50.000000    46.000000   123.000000    48.000000    33.000000    50.000000    41.000000    11.000000    50.000000    33.000000    39.000000    49.000000   116.000000   105.000000   118.000000    49.000000    56.000000    49.000000    59.000000    77.000000   120.000000   123.000000   122.000000   120.000000   422.000000   428.000000   421.000000   281.000000   373.000000   363.000000   647.000000   547.000000   499.000000   469.000000   507.000000   437.000000   390.000000   435.000000   717.000000  6253.000000  5040.000000  1845.000000  1645.000000  1397.000000  2307.000000  2283.000000  2246.000000  1096.000000  1802.000000   493.000000  1071.000000   925.000000   657.000000   587.000000   876.000000   268.000000    73.000000  1098.000000
   686.320679   594.000000   105.000000   105.000000    91.000000  2028.000000  1914.000000  1689.000000   602.000000   949.000000   176.000000   194.000000   233.000000   278.000000   186.000000   150.000000   102.000000    44.000000    55.000000    25.000000    43.000000    33.000000    61.000000   102.000000    34.000000    43.000000    49.000000    46.000000    10.000000    59.000000    66.000000    64.000000    70.000000    98.000000   111.000000   120.000000    43.000000    22.000000    51.000000    62.000000    33.000000   118.000000   137.000000   135.000000   139.000000   446.000000   418.000000   428.000000   242.000000   407.000000   379.000000   704.000000   482.000000   441.000000   441.000000   481.000000   420.000000   392.000000   446.000000   706.000000  6231.000000  4923.000000  1789.000000  1557.000000  1479.000000  2253.000000  2168.000000  2216.000000  1124.000000  1777.000000   518.000000  1006.000000   941.000000   650.000000   574.000000   884.000000   252.000000    50.000000  1160.000000
   687.626526   562.000000    99.000000    94.000000   103.000000  1944.000000  1764.000000  1722.000000   563.000000   925.000000   178.000000   201.000000   216.000000   262.000000   231.000000   154.000000    96.000000    60.000000    36.000000    59.000000    45.000000    56.000000    47.000000   107.000000    34.000000    33.000000    63.000000    45.000000    28.000000    36.000000    57.000000    46.000000    56.000000   112.000000    89.000000   110.000000    49.000000    41.000000    58.000000    58.000000    51.000000   106.000000   115.000000   157.000000    97.000000   425.000000   410.000000   442.000000   234.000000   327.000000   350.000000   623.000000   502.000000   406.000000   393.000000   459.000000   381.000000   448.000000   459.000000   687.000000  6059.000000  5065.000000  1849.000000  1596.000000  1420.000000  2169.000000  2045.000000  2182.000000  1052.000000  1711.000000   522.000000  1015.000000   944.000000   635.000000   590.000000   853.000000   265.000000    46.000000  1057.000000
   688.932800   524.000000    76.000000    93.000000    97.000000  1871.000000  1753.000000  1732.000000   508.000000   854.000000   174.000000   164.000000   238.000000   282.000000   192.000000   151.000000    99.000000    49.000000    51.000000    31.000000    38.000000    40.000000    62.000000   118.000000    38.000000    37.000000    61.000000    37.000000    29.000000    28.000000    65.000000    51.000000    87.000000    95.000000    89.000000    88.000000    25.000000    46.000000    44.000000    40.000000    26.000000   110.000000   106.000000   117.000000   133.000000   357.000000   413.000000   404.000000   244.000000   374.000000   358.000000   608.000000   463.000000   354.000000   430.000000   442.000000   415.000000   420.000000   414.000000   681.000000  6008.000000  4824.000000  1728.000000  1485.000000  1328.000000  2188.000000  2084.000000  2057.000000  1076.000000  1849.000000   528.000000  1037.000000   956.000000   617.000000   565.000000   931.000000   269.000000    34.000000  1020.000000
   690.239624   540.000000    86.000000    72.000000   100.000000  2045.000000  1647.000000  1612.000000   539.000000   913.000000   169.000000   150.000000   214.000000   259.000000   209.000000   174.000000   106.000000    14.000000    33.000000    64.000000    56.000000    49.000000    62.000000   120.000000    38.000000    47.000000    85.000000    51.000000    21.000000    67.000000    46.000000    39.000000    76.000000    85.000000    96.000000   105.000000    48.000000    53.000000    33.000000    32.000000    35.000000   106.000000   105.000000   145.000000    97.000000   371.000000   382.000000   419.000000   248.000000   366.000000   348.000000   600.000000   455.000000   377.000000   419.000000   430.000000   387.000000   413.000000   452.000000   695.000000  5851.000000  4652.000000  1761.000000  1398.000000  1322.000000  2046.000000  1979.000000  2032.000000  1040.000000  1672.000000   535.000000  1045.000000   900.000000   612.000000   536.000000   854.000000   222.000000    70.000000  1057.000000
   691.546875   483.000000    85.000000    79.000000    59.000000  1905.000000  1708.000000  1612.000000   538.000000   849.000000   160.000000   127.000000   206.000000   269.000000   236.000000   152.000000    93.000000    46.000000    42.000000    40.000000    27.000000    55.000000    45.000000   119.000000    21.000000    33.000000    77.000000    24.000000    17.000000    39.000000    55.000000    55.000000    58.000000    82.000000    73.000000    97.000000    48.000000    38.000000    49.000000    51.000000    53.000000   121.000000   113.000000   136.000000   127.000000   376.000000   382.000000   418.000000   214.000000   345.000000   322.000000   597.000000   474.000000   366.000000   427.000000   449.000000   429.000000   396.000000   428.000000   647.000000  5664.000000  4412.000000  1715.000000  1351.000000  1299.000000  2039.000000  2007.000000  2026.000000  1027.000000  1665.000000   499.000000   895.000000   877.000000   612.000000   521.000000   794.000000   221.000000    74.000000   938.000000
   692.854614   503.000000    93.000000    81.000000    91.000000  1862.000000  1613.000000  1557.000000   472.000000   877.000000   162.000000   165.000000   200.000000   235.000000   167.000000   141.000000    83.000000    59.000000    62.000000    43.000000    31.000000    39.000000    58.000000   122.000000    36.000000    37.000000    86.000000    40.000000    14.000000    55.000000    42.000000    29.000000    82.000000    93.000000    96.000000   111.000000    41.000000    12.000000    64.000000    41.000000    45.000000   130.000000   143.000000   107.000000    89.000000   389.000000   399.000000   388.000000   249.000000   364.000000   312.000000   597.000000   482.000000   404.000000   352.000000   428.000000   353.000000   391.000000   438.000000   646.000000  5518.000000  4495.000000  1738.000000  1327.000000  1386.000000  2004.000000  1899.000000  1995.000000   997.000000  1681.000000   522.000000   916.000000   856.000000   570.000000   551.000000   786.000000   203.000000    49.000000   992.000000
   694.162781   501.000000   107.000000    89.000000    65.000000  1783.000000  1666.000000  1537.000000   485.000000   847.000000   152.000000   158.000000   238.000000   214.000000   179.000000   145.000000    84.000000    71.000000    45.000000    45.000000    30.000000    53.000000    69.000000   116.000000    37.000000    45.000000    50.000000     8.000000    11.000000    49.000000    55.000000    27.000000    61.000000    80.000000    70.000000   108.000000    33.000000    39.000000    23.000000    33.000000    45.000000   114.000000    94.000000   112.000000   120.000000   389.000000   347.000000   347.000000   216.000000   349.000000   342.000000   522.000000   398.000000   422.000000   341.000000   432.000000   371.000000   409.000000   443.000000   557.000000  5517.000000  4296.000000  1680.000000  1308.000000  1269.000000  1933.000000  1867.000000  1961.000000   979.000000  1576.000000   494.000000   917.000000   887.000000   559.000000   536.000000   787.000000   229.000000    59.000000   895.000000
   695.471619   467.000000    69.000000    74.000000   116.000000  1717.000000  1557.000000  1561.000000   470.000000   839.000000   165.000000   161.000000   200.000000   208.000000   181.000000   144.000000    75.000000    24.000000    24.000000    40.000000    36.000000    46.000000    36.000000   103.000000    24.000000    57.000000    54.000000    35.000000    32.000000    56.000000    41.000000    29.000000    61.000000    71.000000    77.000000   108.000000    45.000000    45.000000    59.000000    46.000000    63.000000   118.000000   130.000000   103.000000   102.000000   343.000000   385.000000   354.000000   233.000000   294.000000   298.000000   530.000000   427.000000   359.000000   387.000000   402.000000   362.000000   337.000000   362.000000   625.000000  5435.000000  4115.000000  1624.000000  1352.000000  1267.000000  1891.000000  1842.000000  1960.000000   931.000000  1580.000000   447.000000   923.000000   816.000000   502.000000   478.000000   762.000000   257.000000    47.000000   919.000000
   696.780823   455.000000    80.000000    91.000000    92.000000  1821.000000  1592.000000  1537.000000   500.000000   872.000000   169.000000   129.000000   204.000000   209.000000   203.000000   149.000000    80.000000    31.000000    51.000000    38.000000    44.000000    44.000000    54.000000   108.000000    31.000000    58.000000    50.000000    30.000000    36.000000    42.000000    41.000000    11.000000    44.000000   113.000000   108.000000    83.000000    58.000000     0.000000    32.000000    16.000000    48.000000    97.000000   120.000000    90.000000    93.000000   334.000000   381.000000   371.000000   248.000000   332.000000   268.000000   561.000000   417.000000   348.000000   339.000000   402.000000   358.000000   346.000000   363.000000   601.000000  5214.000000  4133.000000  1618.000000  1297.000000  1154.000000  2029.000000  1758.000000  1813.000000   959.000000  1466.000000   480.000000   878.000000   795.000000   591.000000   481.000000   742.000000   230.000000    47.000000   872.000000
   698.090515   422.000000    73.000000    98.000000    88.000000  1711.000000  1584.000000  1503.000000   462.000000   836.000000   150.000000   183.000000   184.000000   222.000000   193.000000   155.000000    98.000000    27.000000    38.000000    21.000000    32.000000    41.000000    53.000000    97.000000    25.000000    43.000000    59.000000    11.000000    12.000000    51.000000    73.000000    70.000000    48.000000    81.000000    56.000000    91.000000     6.000000    59.000000    38.000000    42.000000    73.000000    87.000000   108.000000    81.000000    85.000000   324.000000   342.000000   354.000000   208.000000   342.000000   335.000000   544.000000   378.000000   356.000000   366.000000   385.000000   315.000000   366.000000   351.000000   606.000000  5234.000000  3928.000000  1661.000000  1341.000000  1181.000000  1892.000000  1725.000000  1834.000000   951.000000  1468.000000   530.000000   917.000000   764.000000   502.000000   511.000000   744.000000   208.000000    26.000000   813.000000
   699.400574   396.000000    79.000000    85.000000    86.000000  1701.000000  1566.000000  1473.000000   485.000000   864.000000   137.000000   132.000000   183.000000   211.000000   198.000000   140.000000    95.000000    37.000000    36.000000    59.000000    43.000000    43.000000    47.000000    99.000000    37.000000    40.000000    66.000000    49.000000    24.000000    52.000000    55.000000    57.000000    37.000000    81.000000    68.000000    82.000000    34.000000    24.000000    39.000000    26.000000    45.000000   108.000000   109.000000   137.000000    81.000000   321.000000   340.000000   329.000000   214.000000   308.000000   328.000000   572.000000   384.000000   359.000000   357.000000   394.000000   349.000000   398.000000   358.000000   587.000000  5072.000000  3861.000000  1576.000000  1183.000000  1121.000000  1736.000000  1674.000000  1792.000000   918.000000  1373.000000   514.000000   855.000000   701.000000   482.000000   457.000000   750.000000   192.000000    39.000000   799.000000
   700.711304   411.000000    83.000000    77.000000    66.000000  1665.000000  1454.000000  1461.000000   428.000000   749.000000   139.000000   135.000000   183.000000   190.000000   158.000000   140.000000    89.000000    39.000000    31.000000    31.000000    26.000000    54.000000    60.000000    81.000000    32.000000    36.000000    61.000000    32.000000    15.000000    45.000000    47.000000    49.000000    52.000000    61.000000    64.000000   102.000000    20.000000     8.000000    54.000000    39.000000    56.000000    98.000000    97.000000   102.000000    94.000000   310.000000   336.000000   358.000000   240.000000   336.000000   276.000000   524.000000   360.000000   331.000000   342.000000   429.000000   343.000000   337.000000   328.000000   571.000000  4870.000000  3800.000000  1541.000000  1194.000000  1142.000000  1803.000000  1650.000000  1746.000000   982.000000  1382.000000   497.000000   828.000000   705.000000   477.000000   465.000000   669.000000   205.000000    14.000000   815.000000
   702.022400   460.000000    83.000000    68.000000    62.000000  1622.000000  1510.000000  1434.000000   446.000000   821.000000   116.000000   123.000000   187.000000   197.000000   177.000000   149.000000    92.000000    42.000000    35.000000    36.000000    31.000000    53.000000    50.000000    87.000000    20.000000    39.000000    50.000000    31.000000     5.000000    49.000000    42.000000    40.000000    61.000000    76.000000    55.000000    89.000000    37.000000    31.000000    59.000000    51.000000    46.000000    89.000000   108.000000   107.000000    95.000000   291.000000   335.000000   314.000000   184.000000   329.000000   290.000000   476.000000   382.000000   358.000000   330.000000   359.000000   315.000000   328.000000   318.000000   603.000000  4831.000000  3668.000000  1546.000000  1174.000000  1111.000000  1745.000000  1637.000000  1664.000000   873.000000  1412.000000   454.000000   826.000000   717.000000   485.000000   434.000000   694.000000   200.000000    49.000000   756.000000
   703.333984   395.000000    87.000000    86.000000    67.000000  1569.000000  1408.000000  1350.000000   430.000000   757.000000   137.000000   133.000000   180.000000   186.000000   199.000000   164.000000    75.000000    34.000000    43.000000    34.000000    28.000000    48.000000    61.000000   107.000000    40.000000    46.000000    79.000000    39.000000    16.000000    54.000000    52.000000    47.000000    61.000000    53.000000    64.000000    80.000000    30.000000    18.000000    45.000000    20.000000    37.000000   118.000000   142.000000   104.000000    81.000000   324.000000   322.000000   327.000000   212.000000   322.000000   287.000000   470.000000   381.000000   302.000000   342.000000   333.000000   304.000000   330.000000   369.000000   558.000000  4747.000000  3606.000000  1459.000000  1134.000000  1071.000000  1649.000000  1612.000000  1697.000000   976.000000  1320.000000   469.000000   795.000000   786.000000   503.000000   381.000000   681.000000   208.000000    22.000000   742.000000
   704.646118   428.000000    81.000000    73.000000    93.000000  1621.000000  1410.000000  1344.000000   433.000000   751.000000   126.000000   111.000000   197.000000   212.000000   191.000000   126.000000    78.000000    52.000000    48.000000    34.000000    60.000000    30.000000    58.000000    75.000000    34.000000    30.000000    41.000000    27.000000    24.000000    51.000000    13.000000    10.000000    30.000000    87.000000    61.000000    82.000000    28.000000    11.000000    22.000000    48.000000    61.000000    96.000000    80.000000    82.000000    85.000000   304.000000   293.000000   332.000000   177.000000   291.000000   266.000000   475.000000   407.000000   305.000000   363.000000   375.000000   329.000000   315.000000   327.000000   592.000000  4629.000000  3620.000000  1425.000000  1118.000000  1045.000000  1711.000000  1469.000000  1650.000000   910.000000  1389.000000   437.000000   780.000000   677.000000   428.000000   432.000000   672.000000   195.000000    28.000000   742.000000
   705.958618   409.000000    76.000000    59.000000    93.000000  1493.000000  1371.000000  1350.000000   454.000000   767.000000   144.000000   124.000000   204.000000   206.000000   191.000000   142.000000    92.000000    51.000000    22.000000    48.000000    38.000000    53.000000    39.000000    66.000000    18.000000    36.000000    49.000000    13.000000    13.000000    42.000000    65.000000    57.000000    43.000000    93.000000    76.000000    92.000000    32.000000    40.000000    31.000000    47.000000    61.000000   109.000000    83.000000   105.000000    75.000000   351.000000   328.000000   280.000000   182.000000   308.000000   304.000000   490.000000   348.000000   349.000000   307.000000   348.000000   327.000000   330.000000   319.000000   538.000000  4612.000000  3480.000000  1447.000000  1092.000000  1055.000000  1634.000000  1627.000000  1785.000000   891.000000  1327.000000   445.000000   799.000000   715.000000   454.000000   384.000000   670.000000   207.000000    46.000000   725.000000
   707.271729   374.000000    62.000000    78.000000    80.000000  1511.000000  1397.000000  1328.000000   409.000000   734.000000   137.000000   134.000000   165.000000   204.000000   181.000000   148.000000    84.000000    45.000000    31.000000    43.000000    45.000000    35.000000    19.000000    70.000000    18.000000    37.000000    49.000000    37.000000    21.000000    44.000000    60.000000    69.000000    56.000000    87.000000    66.000000    71.000000    20.000000    23.000000    23.000000    35.000000    13.000000    84.000000    72.000000   101.000000    85.000000   302.000000   306.000000   311.000000   177.000000   304.000000   297.000000   499.000000   348.000000   321.000000   347.000000   321.000000   312.000000   326.000000   356.000000   537.000000  4497.000000  3350.000000  1298.000000  1102.000000  1002.000000  1571.000000  1494.000000  1550.000000   908.000000  1167.000000   473.000000   791.000000   663.000000   449.000000   375.000000   671.000000   194.000000    51.000000   651.000000
   708.585205   371.000000    67.000000    84.000000    82.000000  1531.000000  1366.000000  1349.000000   459.000000   686.000000   136.000000   121.000000   173.000000   218.000000   156.000000   147.000000    82.000000    34.000000    32.000000    44.000000    10.000000    57.000000    31.000000    74.000000    64.000000    36.000000    24.000000     7.000000    10.000000    36.000000    54.000000    14.000000    65.000000    75.000000    74.000000    55.000000    40.000000    36.000000    45.000000    38.000000    42.000000    72.000000    91.000000    93.000000    78.000000   305.000000   286.000000   321.000000   184.000000   289.000000   298.000000   494.000000   388.000000   305.000000   269.000000   291.000000   311.000000   343.000000   347.000000   575.000000  4448.000000  3300.000000  1307.000000  1100.000000  1005.000000  1630.000000  1425.000000  1541.000000   928.000000  1268.000000   466.000000   709.000000   723.000000   474.000000   382.000000   620.000000   221.000000    22.000000   638.000000
   709.899170   362.000000    51.000000    67.000000    44.000000  1437.000000  1301.000000  1263.000000   401.000000   663.000000   142.000000   105.000000   199.000000   207.000000   196.000000   102.000000   101.000000    30.000000    23.000000    33.000000    37.000000    58.000000    40.000000    77.000000    40.000000    31.000000    60.000000    38.000000    22.000000    27.000000    27.000000    42.000000    32.000000    68.000000    77.000000    69.000000    58.000000    38.000000    38.000000    46.000000    45.000000    84.000000   115.000000    99.000000    91.000000   326.000000   294.000000   318.000000   182.000000   298.000000   259.000000   492.000000   327.000000   316.000000   283.000000   283.000000   268.000000   326.000000   319.000000   534.000000  4415.000000  3259.000000  1347.000000  1067.000000  1052.000000  1615.000000  1461.000000  1529.000000   862.000000  1266.000000   476.000000   706.000000   671.000000   415.000000   372.000000   613.000000   194.000000    30.000000   696.000000
   711.213684   357.000000    77.000000    76.000000    72.000000  1414.000000  1306.000000  1255.000000   419.000000   689.000000   142.000000   140.000000   201.000000   199.000000   136.000000   140.000000    91.000000    38.000000    37.000000    26.000000    18.000000    23.000000    50.000000    86.000000    26.000000    15.000000    33.000000    25.000000    13.000000    49.000000    46.000000    52.000000    39.000000    60.000000    68.000000    74.000000    23.000000    19.000000    33.000000    38.000000    51.000000    76.000000   104.000000   103.000000    71.000000   299.000000   324.000000   288.000000   174.000000   339.000000   251.000000   440.000000   292.000000   288.000000   296.000000   287.000000   273.000000   303.000000   339.000000   558.000000  4404.000000  3191.000000  1250.000000  1100.000000   945.000000  1479.000000  1427.000000  1431.000000   895.000000  1240.000000   469.000000   681.000000   637.000000   426.000000   410.000000   624.000000   226.000000    30.000000   625.000000
   712.528625   370.000000    58.000000    68.000000    76.000000  1452.000000  1372.000000  1329.000000   383.000000   634.000000   122.000000   126.000000   191.000000   224.000000   184.000000   170.000000    99.000000    48.000000    42.000000    50.000000    23.000000    46.000000    39.000000    97.000000    16.000000    39.000000    50.000000    40.000000    15.000000    57.000000    44.000000    16.000000    52.000000    95.000000    65.000000    82.000000    36.000000    40.000000    11.000000    34.000000    38.000000    97.000000    81.000000    93.000000    67.000000   284.000000   258.000000   276.000000   153.000000   288.000000   270.000000   386.000000   308.000000   304.000000   305.000000   309.000000   277.000000   304.000000   354.000000   547.000000  4172.000000  3177.000000  1321.000000  1060.000000   958.000000  1427.000000  1366.000000  1566.000000   827.000000  1212.000000   470.000000   631.000000   645.000000   452.000000   412.000000   580.000000   188.000000    28.000000   661.000000
   713.844116   382.000000    72.000000    57.000000    67.000000  1420.000000  1253.000000  1243.000000   401.000000   607.000000   105.000000   120.000000   139.000000   208.000000   173.000000   119.000000    85.000000    61.000000    34.000000    47.000000    58.000000    50.000000    41.000000    71.000000     6.000000    33.000000    42.000000    21.000000    18.000000    33.000000    30.000000    39.000000    42.000000    88.000000    70.000000    72.000000    41.000000    37.000000    29.000000    43.000000    45.000000    92.000000    65.000000    77.000000    64.000000   286.000000   285.000000   286.000000   156.000000   256.000000   264.000000   412.000000   292.000000   342.000000   288.000000   330.000000   267.000000   315.000000   309.000000   524.000000  4319.000000  3035.000000  1275.000000   983.000000   979.000000  1448.000000  1327.000000  1445.000000   858.000000  1095.000000   467.000000   717.000000   607.000000   362.000000   355.000000   600.000000   162.000000    21.000000   703.000000
   715.159973   361.000000    55.000000    76.000000    69.000000  1428.000000  1236.000000  1187.000000   396.000000   636.000000   115.000000   119.000000   170.000000   184.000000   157.000000   106.000000    67.000000    47.000000    22.000000    50.000000    56.000000    44.000000    30.000000    74.000000    42.000000    41.000000    28.000000    36.000000    -4.000000    29.000000    44.000000    42.000000    63.000000    93.000000    61.000000    70.000000    29.000000    46.000000    38.000000    42.000000    46.000000    96.000000    79.000000    90.000000    97.000000   286.000000   314.000000   295.000000   171.000000   305.000000   236.000000   434.000000   315.000000   303.000000   324.000000   308.000000   239.000000   302.000000   323.000000   530.000000  4216.000000  2923.000000  1196.000000  1000.000000   930.000000  1424.000000  1326.000000  1383.000000   816.000000  1118.000000   434.000000   672.000000   625.000000   405.000000   397.000000   537.000000   184.000000    39.000000   600.000000
   716.476379   351.000000    58.000000    75.000000    54.000000  1367.000000  1198.000000  1234.000000   367.000000   598.000000   115.000000   113.000000   177.000000   192.000000   166.000000   134.000000    86.000000    14.000000    25.000000    30.000000    12.000000    22.000000    35.000000    80.000000    17.000000    45.000000    53.000000    24.000000     3.000000    33.000000    25.000000    29.000000    49.000000    91.000000    28.000000    75.000000    25.000000    55.000000    38.000000    41.000000    34.000000    98.000000    73.000000    82.000000    72.000000   273.000000   290.000000   256.000000   163.000000   269.000000   258.000000   430.000000   310.000000   255.000000   266.000000   338.000000   240.000000   304.000000   321.000000   480.000000  4090.000000  2886.000000  1181.000000   910.000000   803.000000  1306.000000  1268.000000  1408.000000   783.000000  1138.000000   411.000000   635.000000   618.000000   411.000000   357.000000   529.000000   182.000000    24.000000   570.000000
   717.793274   357.000000    61.000000    70.000000    59.000000  1326.000000  1190.000000  1223.000000   372.000000   566.000000   102.000000   119.000000   180.000000   171.000000   160.000000   102.000000    74.000000    24.000000    16.000000    23.000000    22.000000    32.000000    26.000000    69.000000    27.000000    29.000000    56.000000    50.000000    19.000000    64.000000    36.000000    38.000000    37.000000    55.000000    74.000000    76.000000    32.000000    29.000000    30.000000    26.000000    35.000000    69.000000    85.000000    89.000000    58.000000   278.000000   277.000000   277.000000   150.000000   271.000000   261.000000   431.000000   312.000000   290.000000   269.000000   312.000000   302.000000   328.000000   310.000000   482.000000  3945.000000  2759.000000  1201.000000   931.000000   854.000000  1320.000000  1330.000000  1389.000000   820.000000  1052.000000   390.000000   587.000000   573.000000   398.000000   328.000000   523.000000   181.000000    39.000000   549.000000
   719.110718   342.000000    49.000000    57.000000    90.000000  1368.000000  1137.000000  1109.000000   364.000000   604.000000    98.000000   124.000000   148.000000   195.000000   122.000000    99.000000    59.000000    45.000000    23.000000    36.000000    27.000000    37.000000    42.000000    51.000000    32.000000    34.000000    40.000000    16.000000    11.000000    47.000000    47.000000    58.000000    44.000000    50.000000    84.000000    62.000000    38.000000    39.000000    42.000000    29.000000    37.000000    64.000000    73.000000    76.000000    58.000000   243.000000   284.000000   264.000000   155.000000   245.000000   218.000000   409.000000   285.000000   303.000000   254.000000   317.000000   287.000000   275.000000   318.000000   471.000000  3866.000000  2629.000000  1178.000000   940.000000   808.000000  1295.000000  1192.000000  1306.000000   736.000000  1068.000000   435.000000   570.000000   599.000000   358.000000   334.000000   545.000000   144.000000    36.000000   627.000000
   720.428528   322.000000    51.000000    72.000000    44.000000  1273.000000  1158.000000  1063.000000   357.000000   595.000000   121.000000   117.000000   148.000000   190.000000   133.000000    87.000000    46.000000    28.000000    30.000000    36.000000    44.000000    27.000000    26.000000    66.000000    30.000000    30.000000    47.000000    24.000000     0.000000    20.000000    33.000000    45.000000    50.000000    70.000000    62.000000    77.000000    37.000000    29.000000    57.000000    34.000000    37.000000    94.000000    82.000000    86.000000    87.000000   251.000000   233.000000   239.000000   126.000000   284.000000   259.000000   434.000000   277.000000   246.000000   264.000000   272.000000   279.000000   297.000000   262.000000   503.000000  3706.000000  2597.000000  1136.000000   895.000000   853.000000  1247.000000  1250.000000  1236.000000   774.000000   955.000000   414.000000   595.000000   545.000000   323.000000   348.000000   514.000000   192.000000    29.000000   512.000000
   721.746826   319.000000    60.000000    61.000000    54.000000  1288.000000  1203.000000  1124.000000   326.000000   576.000000   114.000000    96.000000   127.000000   167.000000   135.000000   106.000000    69.000000    16.000000    30.000000    29.000000    24.000000    26.000000    24.000000    64.000000    16.000000    25.000000    56.000000    24.000000    21.000000    33.000000    42.000000    44.000000    39.000000    72.000000    41.000000    56.000000    24.000000    30.000000    24.000000    33.000000    42.000000    96.000000    82.000000    81.000000    51.000000   268.000000   279.000000   260.000000   156.000000   251.000000   205.000000   380.000000   281.000000   271.000000   249.000000   306.000000   214.000000   302.000000   268.000000   501.000000  3653.000000  2571.000000  1111.000000   863.000000   754.000000  1228.000000  1184.000000  1213.000000   836.000000   982.000000   438.000000   581.000000   510.000000   345.000000   327.000000   479.000000   170.000000    40.000000   559.000000
   723.065613   328.000000    69.000000    39.000000    66.000000  1259.000000  1082.000000  1020.000000   365.000000   565.000000    81.000000   102.000000   141.000000   163.000000   144.000000   116.000000    64.000000    31.000000    33.000000    17.000000    23.000000    34.000000    37.000000    72.000000    14.000000    39.000000    65.000000     5.000000     6.000000    35.000000    27.000000    25.000000    44.000000    96.000000    55.000000    64.000000    27.000000    34.000000    36.000000    35.000000    56.000000    81.000000    69.000000    89.000000    78.000000   253.000000   226.000000   242.000000   146.000000   256.000000   203.000000   358.000000   267.000000   227.000000   240.000000   249.000000   230.000000   258.000000   267.000000   505.000000  3659.000000  2548.000000  1033.000000   815.000000   762.000000  1246.000000  1141.000000  1225.000000   739.000000   932.000000   387.000000   536.000000   513.000000   339.000000   327.000000   477.000000   181.000000    26.000000   526.000000
   724.384888   290.000000    59.000000    71.000000    59.000000  1202.000000  1097.000000  1099.000000   358.000000   548.000000   119.000000   126.000000   137.000000   158.000000   130.000000   130.000000    78.000000    30.000000    29.000000    28.000000    26.000000    48.000000    31.000000    78.000000    30.000000    18.000000    41.000000    38.000000     5.000000    33.000000    43.000000    51.000000    42.000000    55.000000    50.000000    49.000000    21.000000    22.000000    39.000000    40.000000    36.000000   113.000000    63.000000    74.000000    70.000000   292.000000   244.000000   233.000000   185.000000   241.000000   249.000000   393.000000   279.000000   245.000000   240.000000   261.000000   250.000000   295.000000   259.000000   459.000000  3506.000000  2467.000000  1098.000000   835.000000   768.000000  1203.000000  1042.000000  1164.000000   707.000000   955.000000   387.000000   567.000000   523.000000   340.000000   313.000000   527.000000   181.000000    43.000000   510.000000
   725.704712   300.000000    68.000000    51.000000    65.000000  1262.000000  1113.000000  1033.000000   339.000000   541.000000   132.000000   119.000000   174.000000   192.000000   133.000000   117.000000   103.000000    30.000000    38.000000     4.000000    24.000000    30.000000    47.000000    74.000000    36.000000    17.000000    16.000000    15.000000     4.000000    48.000000    35.000000    25.000000    42.000000    74.000000    62.000000    71.000000    19.000000    24.000000    27.000000    43.000000    43.000000    84.000000    67.000000    65.000000    67.000000   260.000000   216.000000   234.000000   120.000000   263.000000   270.000000   410.000000   256.000000   239.000000   268.000000   264.000000   204.000000   277.000000   284.000000   465.000000  3432.000000  2464.000000  1012.000000   786.000000   735.000000  1177.000000  1103.000000  1154.000000   733.000000   910.000000   367.000000   576.000000   506.000000   356.000000   283.000000   446.000000   176.000000    44.000000   545.000000
   727.024902   302.000000    70.000000    38.000000    47.000000  1234.000000  1076.000000  1032.000000   350.000000   512.000000   126.000000   101.000000   154.000000   164.000000   148.000000   106.000000    86.000000    18.000000    23.000000    35.000000    24.000000    23.000000    45.000000    69.000000    28.000000    32.000000    23.000000    18.000000     3.000000    44.000000    38.000000    19.000000    55.000000    65.000000    58.000000    65.000000    16.000000    24.000000    29.000000    27.000000    26.000000    80.000000    93.000000    84.000000    80.000000   245.000000   298.000000   251.000000   156.000000   263.000000   206.000000   377.000000   282.000000   267.000000   231.000000   277.000000   270.000000   304.000000   241.000000   396.000000  3403.000000  2380.000000   973.000000   836.000000   734.000000  1230.000000  1094.000000  1070.000000   737.000000   929.000000   416.000000   507.000000   461.000000   296.000000   322.000000   467.000000   180.000000    26.000000   518.000000
   728.345581   308.000000    69.000000    50.000000    56.000000  1168.000000  1046.000000  1041.000000   355.000000   526.000000   134.000000   104.000000   148.000000   163.000000   139.000000   116.000000    98.000000    50.000000    26.000000    32.000000    20.000000    45.000000    43.000000    58.000000    10.000000    30.000000    43.000000    34.000000    10.000000    25.000000    28.000000    35.000000    40.000000    70.000000    44.000000    54.000000    19.000000    23.000000     5.000000    10.000000    27.000000    81.000000    62.000000    77.000000    45.000000   263.000000   223.000000   220.000000   113.000000   281.000000   216.000000   338.000000   258.000000   275.000000   246.000000   268.000000   248.000000   278.000000   262.000000   422.000000  3495.000000  2479.000000   922.000000   819.000000   712.000000  1161.000000   998.000000  1200.000000   730.000000   871.000000   352.000000   541.000000   530.000000   313.000000   281.000000   480.000000   165.000000    44.000000   522.000000
   729.666687   279.000000    47.000000    68.000000    53.000000  1185.000000  1040.000000   975.000000   334.000000   520.000000    97.000000    88.000000   128.000000   164.000000   122.000000   101.000000    42.000000    29.000000    37.000000    19.000000    29.000000    23.000000    27.000000    40.000000    23.000000    30.000000    37.000000    34.000000    15.000000    29.000000    47.000000    38.000000    49.000000    28.000000    64.000000    57.000000    25.000000    20.000000    17.000000    14.000000     9.000000    42.000000    73.000000    70.000000    70.000000   257.000000   216.000000   213.000000   169.000000   223.000000   219.000000   378.000000   229.000000   233.000000   266.000000   269.000000   230.000000   268.000000   277.000000   430.000000  3396.000000  2372.000000  1018.000000   841.000000   678.000000  1176.000000  1027.000000  1078.000000   650.000000   961.000000   428.000000   471.000000   496.000000   293.000000   288.000000   527.000000   188.000000    34.000000   473.000000
   730.988525   304.000000    46.000000    33.000000    80.000000  1124.000000   986.000000  1020.000000   340.000000   457.000000   102.000000    95.000000   159.000000   150.000000   142.000000   113.000000    76.000000    16.000000    30.000000    32.000000    23.000000    23.000000    49.000000    70.000000    39.000000    31.000000    26.000000    35.000000     2.000000    41.000000    24.000000    33.000000    41.000000    51.000000    45.000000    55.000000    17.000000    28.000000    36.000000    21.000000    28.000000    78.000000    63.000000    62.000000    56.000000   226.000000   219.000000   240.000000   124.000000   219.000000   209.000000   365.000000   283.000000   254.000000   207.000000   264.000000   246.000000   251.000000   272.000000   410.000000  3280.000000  2318.000000   960.000000   800.000000   684.000000  1095.000000  1055.000000  1064.000000   682.000000   904.000000   378.000000   468.000000   455.000000   275.000000   288.000000   465.000000   183.000000    22.000000   474.000000
   732.310730   268.000000    56.000000    38.000000    70.000000  1116.000000   974.000000   983.000000   311.000000   478.000000   119.000000   117.000000   132.000000   161.000000   144.000000   103.000000    60.000000    25.000000    26.000000    13.000000    17.000000    31.000000    36.000000    43.000000    11.000000     7.000000    30.000000    14.000000    25.000000    14.000000    40.000000    24.000000    38.000000    66.000000    36.000000    62.000000    29.000000    28.000000    31.000000    37.000000    27.000000    68.000000    61.000000    75.000000    46.000000   190.000000   209.000000   224.000000   125.000000   234.000000   193.000000   350.000000   238.000000   188.000000   229.000000   253.000000   210.000000   238.000000   255.000000   427.000000  3185.000000  2256.000000   885.000000   750.000000   667.000000  1043.000000   950.000000  1030.000000   695.000000   878.000000   391.000000   452.000000   419.000000   326.000000   255.000000   421.000000   169.000000     0.000000   460.000000
   733.633301   287.000000    50.000000    50.000000    40.000000  1094.000000   991.000000   960.000000   342.000000   495.000000   100.000000    87.000000   161.000000   163.000000   132.000000   115.000000    99.000000    41.000000    26.000000    38.000000    25.000000    31.000000    27.000000    53.000000    28.000000    30.000000    42.000000    26.000000    20.000000    30.000000    37.000000    36.000000    38.000000    38.000000    24.000000    52.000000    26.000000    43.000000    42.000000    30.000000    48.000000    69.000000    66.000000    43.000000    46.000000   196.000000   251.000000   220.000000    99.000000   240.000000   222.000000   340.000000   214.000000   235.000000   219.000000   248.000000   242.000000   253.000000   270.000000   435.000000  3019.000000  2186.000000   907.000000   743.000000   668.000000  1011.000000   924.000000  1025.000000   613.000000   838.000000   387.000000   487.000000   444.000000   283.000000   270.000000   473.000000   180.000000    57.000000   419.000000
   734.956421   289.000000    32.000000    52.000000    42.000000  1077.000000   891.000000   991.000000   337.000000   456.000000    72.000000    81.000000   131.000000   151.000000   127.000000    93.000000    71.000000    38.000000    28.000000    39.000000    31.000000    37.000000    35.000000    53.000000    19.000000    12.000000    21.000000    16.000000     8.000000    32.000000    42.000000    42.000000    50.000000    55.000000    49.000000    48.000000    24.000000    33.000000    40.000000    27.000000    16.000000    85.000000    63.000000    77.000000    47.000000   220.000000   251.000000   238.000000    83.000000   221.000000   216.000000   335.000000   242.000000   217.000000   224.000000   248.000000   224.000000   245.000000   265.000000   412.000000  3156.000000  2237.000000   874.000000   731.000000   634.000000  1000.000000   916.000000   946.000000   653.000000   788.000000   342.000000   419.000000   439.000000   345.000000   236.000000   375.000000   177.000000    24.000000   414.000000
   736.280029   290.000000    52.000000    59.000000    64.000000  1006.000000   916.000000   911.000000   299.000000   455.000000    70.000000    94.000000   142.000000   124.000000   103.000000   100.000000    61.000000    21.000000    31.000000    32.000000    25.000000    37.000000    31.000000    54.000000    17.000000    27.000000    35.000000    27.000000     1.000000    23.000000    31.000000    32.000000    30.000000    58.000000    30.000000    55.000000    16.000000    12.000000    16.000000    36.000000    48.000000    68.000000    59.000000    77.000000    56.000000   204.000000   205.000000   235.000000   113.000000   229.000000   200.000000   293.000000   225.000000   198.000000   211.000000   244.000000   201.000000   246.000000   283.000000   439.000000  3037.000000  2060.000000   857.000000   708.000000   622.000000  1016.000000   900.000000   987.000000   630.000000   745.000000   347.000000   437.000000   394.000000   289.000000   274.000000   432.000000   132.000000     6.000000   413.000000
   737.604126   245.000000    57.000000    27.000000    69.000000   997.000000   949.000000   810.000000   284.000000   437.000000    75.000000    74.000000   126.000000   147.000000   130.000000   107.000000    56.000000    32.000000    32.000000    33.000000    22.000000    29.000000    46.000000    50.000000    20.000000    19.000000    29.000000    22.000000    20.000000    25.000000    33.000000    26.000000    31.000000    49.000000    36.000000    68.000000    13.000000    15.000000    16.000000    33.000000    25.000000    52.000000    68.000000    62.000000    55.000000   226.000000   224.000000   203.000000    95.000000   210.000000   230.000000   311.000000   214.000000   180.000000   211.000000   230.000000   204.000000   238.000000   236.000000   398.000000  2917.000000  2079.000000   814.000000   671.000000   650.000000   972.000000   843.000000   854.000000   595.000000   763.000000   302.000000   416.000000   399.000000   294.000000   257.000000   391.000000   151.000000    43.000000   416.000000
   738.928589   268.000000    66.000000    61.000000    49.000000  1007.000000   878.000000   839.000000   342.000000   429.000000   100.000000   101.000000   131.000000   152.000000   138.000000    92.000000    51.000000    24.000000    35.000000     9.000000    35.000000     8.000000    10.000000    60.000000     8.000000    34.000000    29.000000    15.000000    17.000000     6.000000    39.000000    33.000000    38.000000    50.000000    40.000000    47.000000    19.000000    32.000000    16.000000    29.000000    38.000000    52.000000    74.000000    73.000000    48.000000   202.000000   209.000000   160.000000   118.000000   207.000000   229.000000   316.000000   209.000000   216.000000   181.000000   221.000000   214.000000   227.000000   265.000000   369.000000  2849.000000  2020.000000   802.000000   687.000000   545.000000   916.000000   833.000000   850.000000   568.000000   703.000000   330.000000   389.000000   424.000000   285.000000   250.000000   380.000000   152.000000    25.000000   387.000000
   740.253723   230.000000    52.000000    45.000000    62.000000   939.000000   860.000000   790.000000   312.000000   446.000000    79.000000    82.000000   145.000000   147.000000   118.000000    95.000000    68.000000    33.000000    23.000000    29.000000    16.000000    50.000000    16.000000    66.000000    40.000000    36.000000    28.000000    17.000000     4.000000    40.000000    40.000000    50.000000    34.000000    50.000000    35.000000    39.000000    18.000000    17.000000    17.000000     7.000000    36.000000    50.000000    63.000000    58.000000    51.000000   202.000000   206.000000   200.000000   121.000000   227.000000   192.000000   313.000000   204.000000   192.000000   201.000000   216.000000   217.000000   219.000000   240.000000   393.000000  2708.000000  1940.000000   765.000000   666.000000   587.000000   903.000000   828.000000   914.000000   607.000000   709.000000   334.000000   449.000000   349.000000   256.000000   268.000000   359.000000   118.000000    13.000000   401.000000
   741.579224   236.000000    66.000000    49.000000    46.000000   939.000000   861.000000   803.000000   261.000000   442.000000    57.000000    71.000000   119.000000   146.000000   118.000000    85.000000    63.000000    42.000000    27.000000    26.000000    19.000000    19.000000    42.000000    41.000000    16.000000    15.000000    37.000000    30.000000     5.000000    41.000000    28.000000    18.000000    25.000000    49.000000    48.000000    47.000000    13.000000    31.000000    20.000000    36.000000    26.000000    79.000000    70.000000    54.000000    58.000000   198.000000   212.000000   178.000000   115.000000   191.000000   201.000000   326.000000   199.000000   177.000000   175.000000   243.000000   189.000000   255.000000   256.000000   368.000000  2690.000000  1872.000000   743.000000   620.000000   518.000000   896.000000   819.000000   821.000000   574.000000   690.000000   300.000000   417.000000   391.000000   305.000000   318.000000   360.000000   158.000000    17.000000   390.000000
   742.905212   226.000000    51.000000    48.000000    35.000000   887.000000   780.000000   806.000000   262.000000   407.000000    69.000000    86.000000   124.000000   155.000000   124.000000   115.000000    65.000000    33.000000    18.000000    38.000000    39.000000    23.000000    20.000000    58.000000    14.000000    20.000000    31.000000    26.000000     5.000000    17.000000    32.000000    35.000000    44.000000    48.000000    43.000000    73.000000    14.000000    15.000000    41.000000    27.000000    17.000000    52.000000    59.000000    58.000000    54.000000   191.000000   208.000000   195.000000   104.000000   182.000000   195.000000   303.000000   236.000000   184.000000   185.000000   230.000000   239.000000   239.000000   224.000000   371.000000  2501.000000  1763.000000   709.000000   585.000000   499.000000   795.000000   741.000000   858.000000   531.000000   666.000000   255.000000   374.000000   343.000000   262.000000   262.000000   329.000000   118.000000    24.000000   344.000000
   744.231689   188.000000    51.000000    59.000000    40.000000   853.000000   813.000000   787.000000   273.000000   397.000000    81.000000    92.000000   128.000000   155.000000   119.000000    96.000000    56.000000     3.000000    21.000000    18.000000    27.000000     5.000000    43.000000    42.000000    20.000000    18.000000    29.000000    26.000000    20.000000    22.000000     9.000000    30.000000    32.000000    47.000000    56.000000    66.000000    15.000000    29.000000    29.000000    25.000000    34.000000    67.000000    62.000000    49.000000    34.000000   184.000000   208.000000   184.000000    90.000000   174.000000   173.000000   242.000000   211.000000   155.000000   190.000000   229.000000   184.000000   241.000000   214.000000   362.000000  2417.000000  1777.000000   709.000000   613.000000   437.000000   823.000000   801.000000   819.000000   524.000000   648.000000   266.000000   375.000000   302.000000   248.000000   258.000000   365.000000   134.000000    34.000000   308.000000
   745.558716   218.000000    33.000000    54.000000    33.000000   864.000000   806.000000   750.000000   305.000000   350.000000    86.000000    91.000000   123.000000   132.000000   114.000000    94.000000    36.000000    26.000000    13.000000    20.000000    16.000000    12.000000    23.000000    33.000000    40.000000    38.000000    20.000000    41.000000    15.000000    37.000000    24.000000    26.000000    43.000000    47.000000    43.000000    50.000000    22.000000    19.000000    30.000000    46.000000    58.000000    57.000000    63.000000    43.000000    38.000000   186.000000   177.000000   199.000000   122.000000   175.000000   211.000000   285.000000   207.000000   172.000000   190.000000   190.000000   183.000000   205.000000   213.000000   356.000000  2379.000000  1678.000000   709.000000   574.000000   501.000000   787.000000   697.000000   772.000000   529.000000   698.000000   261.000000   372.000000   324.000000   285.000000   232.000000   343.000000   126.000000    13.000000   327.000000
   746.886108   197.000000    38.000000    40.000000    39.000000   837.000000   764.000000   734.000000   287.000000   402.000000    76.000000    85.000000   124.000000    86.000000    87.000000    69.000000    20.000000    26.000000    26.000000    24.000000    31.000000     9.000000    29.000000    38.000000    21.000000    19.000000    19.000000    36.000000    29.000000    19.000000    34.000000    41.000000    14.000000    41.000000    29.000000    51.000000    18.000000    10.000000    21.000000    15.000000    18.000000    59.000000    76.000000    52.000000    54.000000   199.000000   197.000000   173.000000    71.000000   184.000000   204.000000   267.000000   164.000000   179.000000   188.000000   204.000000   175.000000   185.000000   206.000000   338.000000  2233.000000  1682.000000   639.000000   573.000000   476.000000   810.000000   715.000000   754.000000   486.000000   579.000000   247.000000   354.000000   310.000000   271.000000   222.000000   359.000000   139.000000    24.000000   289.000000
   748.213989   233.000000    40.000000    40.000000    49.000000   778.000000   693.000000   701.000000   292.000000   357.000000    62.000000    95.000000   119.000000    82.000000    75.000000    79.000000    41.000000    22.000000    28.000000    30.000000     4.000000    13.000000    14.000000    37.000000    33.000000    15.000000    38.000000    13.000000    15.000000     6.000000    26.000000    17.000000    45.000000    69.000000    46.000000    52.000000    13.000000    26.000000    36.000000    38.000000    40.000000    55.000000    59.000000    49.000000    26.000000   172.000000   156.000000   167.000000   105.000000   175.000000   160.000000   244.000000   192.000000   160.000000   153.000000   205.000000   172.000000   223.000000   229.000000   370.000000  2259.000000  1542.000000   677.000000   588.000000   438.000000   785.000000   682.000000   687.000000   453.000000   602.000000   263.000000   363.000000   293.000000   263.000000   251.000000   345.000000   135.000000    18.000000   316.000000
   749.542419   212.000000    54.000000    49.000000    55.000000   848.000000   686.000000   704.000000   271.000000   340.000000    90.000000    66.000000   109.000000   116.000000   112.000000    85.000000    63.000000    21.000000    14.000000     3.000000     7.000000     6.000000    39.000000    64.000000    22.000000     7.000000    38.000000    23.000000    31.000000    13.000000    22.000000    20.000000    15.000000    50.000000    33.000000    45.000000    13.000000    44.000000    25.000000     1.000000    23.000000    56.000000    44.000000    50.000000    33.000000   153.000000   163.000000   162.000000   110.000000   199.000000   162.000000   231.000000   156.000000   202.000000   169.000000   227.000000   128.000000   210.000000   225.000000   356.000000  2211.000000  1606.000000   632.000000   509.000000   442.000000   720.000000   643.000000   719.000000   442.000000   604.000000   277.000000   321.000000   300.000000   226.000000   216.000000   317.000000   136.000000    32.000000   318.000000
   750.871277   175.000000    62.000000    41.000000    36.000000   812.000000   720.000000   688.000000   264.000000   327.000000    76.000000    87.000000   128.000000   119.000000   126.000000    85.000000    56.000000    12.000000     8.000000    35.000000    36.000000     3.000000    30.000000    54.000000    23.000000    22.000000    33.000000    27.000000    17.000000    16.000000    14.000000    14.000000    29.000000    65.000000    15.000000    27.000000    13.000000    26.000000    27.000000    47.000000    47.000000    89.000000    42.000000    53.000000    61.000000   175.000000   193.000000   174.000000    95.000000   150.000000   181.000000   221.000000   167.000000   118.000000   159.000000   173.000000   154.000000   201.000000   199.000000   331.000000  2181.000000  1469.000000   636.000000   508.000000   452.000000   738.000000   658.000000   692.000000   429.000000   589.000000   269.000000   325.000000   248.000000   219.000000   220.000000   301.000000   138.000000    11.000000   325.000000
   752.200623   202.000000    44.000000    68.000000    33.000000   774.000000   641.000000   612.000000   234.000000   328.000000    54.000000    97.000000   107.000000    95.000000   102.000000    76.000000    40.000000    17.000000    21.000000    21.000000    14.000000    11.000000    37.000000    52.000000    15.000000    11.000000    26.000000    11.000000    13.000000    31.000000     7.000000     7.000000    27.000000    60.000000    29.000000    47.000000     8.000000     0.000000    31.000000    44.000000    38.000000    50.000000    48.000000    61.000000    35.000000   161.000000   155.000000   167.000000   101.000000   184.000000   173.000000   240.000000   162.000000   164.000000   139.000000   195.000000   172.000000   252.000000   189.000000   319.000000  2104.000000  1418.000000   579.000000   443.000000   426.000000   673.000000   622.000000   597.000000   449.000000   559.000000   246.000000   257.000000   280.000000   238.000000   201.000000   272.000000   126.000000    24.000000   279.000000
   753.530518   171.000000    51.000000    45.000000    52.000000   705.000000   695.000000   623.000000   237.000000   325.000000    62.000000    72.000000   106.000000    94.000000    89.000000    80.000000    46.000000    34.000000    25.000000    28.000000    25.000000    40.000000    21.000000    45.000000    20.000000    13.000000    24.000000    22.000000    10.000000    40.000000    30.000000    22.000000    62.000000    48.000000    44.000000    50.000000    10.000000    22.000000    29.000000    28.000000    33.000000    48.000000    51.000000    48.000000    36.000000   172.000000   173.000000   176.000000   117.000000   174.000000   172.000000   262.000000   188.000000   182.000000   166.000000   175.000000   158.000000   189.000000   190.000000   309.000000  2125.000000  1450.000000   610.000000   476.000000   398.000000   631.000000   586.000000   610.000000   448.000000   576.000000   225.000000   308.000000   282.000000   224.000000   185.000000   292.000000    83.000000    23.000000   305.000000
   754.860779   205.000000    46.000000    42.000000    35.000000   715.000000   624.000000   636.000000   224.000000   305.000000    71.000000    60.000000   110.000000   113.000000   104.000000    82.000000    30.000000    29.000000    13.000000    26.000000    22.000000    30.000000    14.000000    28.000000    27.000000     7.000000    39.000000     7.000000     6.000000    29.000000    10.000000    25.000000    33.000000    46.000000    31.000000    42.000000    18.000000    15.000000    22.000000    27.000000    23.000000    43.000000    38.000000    57.000000    46.000000   142.000000   169.000000   183.000000    73.000000   158.000000   139.000000   241.000000   147.000000   158.000000   149.000000   182.000000   164.000000   200.000000   192.000000   330.000000  2127.000000  1444.000000   531.000000   426.000000   412.000000   654.000000   556.000000   602.000000   434.000000   526.000000   240.000000   327.000000   268.000000   206.000000   183.000000   273.000000   108.000000    32.000000   287.000000
   756.191589   169.000000    50.000000    29.000000    33.000000   653.000000   589.000000   578.000000   233.000000   287.000000    61.000000    69.000000   104.000000    93.000000    86.000000    53.000000    44.000000    32.000000    12.000000    21.000000     8.000000    16.000000    26.000000    32.000000    -1.000000     9.000000    37.000000     9.000000   -13.000000    13.000000    11.000000    27.000000    30.000000    50.000000    31.000000    42.000000    18.000000    10.000000     8.000000    16.000000    20.000000    56.000000    39.000000    63.000000    24.000000   179.000000   163.000000   172.000000    95.000000   148.000000   151.000000   248.000000   164.000000   136.000000   153.000000   172.000000   167.000000   183.000000   186.000000   315.000000  2020.000000  1315.000000   584.000000   429.000000   381.000000   620.000000   532.000000   589.000000   477.000000   513.000000   236.000000   289.000000   245.000000   231.000000   195.000000   223.000000   102.000000    33.000000   293.000000
   757.522888   186.000000    44.000000    45.000000    30.000000   719.000000   605.000000   629.000000   205.000000   273.000000    72.000000    80.000000   117.000000   102.000000   116.000000    89.000000    50.000000    14.000000     4.000000     7.000000    15.000000    25.000000    29.000000    45.000000    16.000000    34.000000    38.000000    16.000000    18.000000    30.000000    29.000000    33.000000    31.000000    49.000000    46.000000    51.000000    12.000000    21.000000    37.000000     5.000000    25.000000    45.000000    14.000000    42.000000    51.000000   131.000000   163.000000   140.000000    81.000000   148.000000   146.000000   220.000000   144.000000   154.000000   136.000000   163.000000   157.000000   198.000000   179.000000   267.000000  1991.000000  1348.000000   520.000000   436.000000   385.000000   638.000000   551.000000   543.000000   434.000000   488.000000   202.000000   297.000000   244.000000   212.000000   179.000000   232.000000   120.000000    19.000000   259.000000
   758.854614   176.000000    46.000000    42.000000    44.000000   720.000000   580.000000   528.000000   220.000000   277.000000    64.000000    66.000000    96.000000   113.000000   110.000000    34.000000    51.000000    41.000000    15.000000    -3.000000    17.000000    24.000000     8.000000    47.000000    14.000000    16.000000    33.000000    17.000000    23.000000    11.000000    25.000000    24.000000    35.000000    40.000000    40.000000    38.000000    17.000000    17.000000    33.000000     7.000000     6.000000    51.000000    42.000000    36.000000    53.000000   148.000000   165.000000   148.000000    72.000000   147.000000   153.000000   212.000000   137.000000   146.000000   137.000000   184.000000   156.000000   182.000000   184.000000   274.000000  1912.000000  1284.000000   575.000000   423.000000   343.000000   584.000000   514.000000   568.000000   414.000000   509.000000   239.000000   298.000000   237.000000   230.000000   202.000000   278.000000    98.000000    12.000000   248.000000
   760.186890   156.000000    61.000000    24.000000    62.000000   625.000000   570.000000   608.000000   207.000000   245.000000    76.000000    93.000000   123.000000   113.000000    72.000000    68.000000    50.000000    24.000000    35.000000    19.000000    33.000000    24.000000    15.000000    57.000000    12.000000    31.000000    18.000000     5.000000     4.000000    26.000000    30.000000    27.000000    30.000000    36.000000    36.000000    66.000000    19.000000    28.000000     3.000000    19.000000    21.000000    45.000000    50.000000    49.000000    27.000000   125.000000   154.000000   119.000000    78.000000   136.000000   137.000000   225.000000   145.000000   123.000000   157.000000   160.000000   164.000000   178.000000   214.000000   265.000000  1918.000000  1225.000000   544.000000   365.000000   345.000000   599.000000   532.000000   565.000000   417.000000   495.000000   207.000000   265.000000   206.000000   198.000000   197.000000   233.000000   109.000000    20.000000   259.000000
   761.519592   162.000000    26.000000    47.000000    49.000000   632.000000   577.000000   574.000000   183.000000   252.000000    91.000000    57.000000    76.000000    85.000000   100.000000    93.000000    46.000000     0.000000    10.000000    17.000000    -5.000000    17.000000     5.000000    40.000000    23.000000    -8.000000    13.000000    19.000000    10.000000    23.000000    20.000000    20.000000    34.000000    33.000000    22.000000    49.000000    10.000000    20.000000    20.000000     4.000000    25.000000    36.000000    50.000000    57.000000    35.000000   150.000000   178.000000   152.000000    64.000000   140.000000   127.000000   226.000000   153.000000   127.000000   137.000000   165.000000   137.000000   160.000000   164.000000   271.000000  1903.000000  1226.000000   528.000000   401.000000   350.000000   575.000000   553.000000   502.000000   386.000000   452.000000   229.000000   263.000000   211.000000   187.000000   169.000000   280.000000   125.000000     7.000000   211.000000
   762.852783   147.000000    43.000000    30.000000    35.000000   576.000000   560.000000   532.000000   224.000000   261.000000    64.000000    63.000000    96.000000   101.000000    72.000000    70.000000    49.000000    27.000000    14.000000    17.000000    26.000000    21.000000    10.000000    26.000000    11.000000     5.000000    12.000000    22.000000     5.000000     8.000000    39.000000    36.000000    11.000000    24.000000    40.000000    45.000000    25.000000    13.000000    21.000000     9.000000     5.000000    60.000000    52.000000    44.000000     5.000000   121.000000   114.000000   127.000000    80.000000   153.000000   130.000000   212.000000   144.000000   130.000000   162.000000   140.000000   156.000000   157.000000   200.000000   281.000000  1808.000000  1172.000000   499.000000   390.000000   321.000000   553.000000   501.000000   527.000000   392.000000   505.000000   209.000000   276.000000   233.000000   180.000000   173.000000   254.000000   112.000000    21.000000   253.000000
   764.186523   177.000000    33.000000    30.000000    35.000000   618.000000   540.000000   498.000000   167.000000   272.000000    35.000000    62.000000    92.000000    72.000000    63.000000    69.000000    35.000000    23.000000    19.000000    12.000000     9.000000     7.000000    25.000000    33.000000    20.000000    12.000000    21.000000    19.000000    -8.000000    10.000000    22.000000    23.000000    39.000000    49.000000    47.000000    46.000000    15.000000     8.000000    25.000000    19.000000    23.000000    30.000000    46.000000    68.000000    47.000000   154.000000   168.000000   133.000000    69.000000   138.000000   136.000000   213.000000   154.000000   145.000000   124.000000   203.000000   156.000000   185.000000   144.000000   271.000000  1723.000000  1146.000000   484.000000   380.000000   348.000000   507.000000   461.000000   509.000000   329.000000   462.000000   237.000000   295.000000   193.000000   168.000000   172.000000   216.000000    99.000000    39.000000   273.000000
   765.520630   144.000000    40.000000    34.000000    32.000000   595.000000   566.000000   543.000000   199.000000   269.000000    68.000000    56.000000    93.000000    97.000000   103.000000    71.000000    45.000000    16.000000    36.000000    15.000000    11.000000    30.000000    26.000000    45.000000    19.000000    10.000000    11.000000     3.000000    -7.000000    40.000000    30.000000    27.000000    26.000000    49.000000    50.000000    34.000000    18.000000    14.000000    13.000000    23.000000    17.000000    54.000000    55.000000    57.000000    38.000000   147.000000   119.000000   120.000000    73.000000   153.000000   155.000000   187.000000   134.000000   100.000000   137.000000   161.000000   156.000000   172.000000   181.000000   247.000000  1745.000000  1169.000000   482.000000   389.000000   346.000000   551.000000   465.000000   550.000000   353.000000   407.000000   215.000000   237.000000   239.000000   184.000000   149.000000   241.000000   113.000000    33.000000   246.000000
   766.855286   119.000000    29.000000    30.000000    40.000000   587.000000   493.000000   512.000000   217.000000   250.000000    82.000000    75.000000    94.000000   117.000000    76.000000    85.000000    48.000000    16.000000    28.000000    30.000000    31.000000    32.000000    25.000000    28.000000     9.000000    26.000000    30.000000    22.000000    17.000000    14.000000     4.000000    -7.000000    23.000000    36.000000    47.000000    47.000000    25.000000    16.000000    36.000000    33.000000    22.000000    66.000000    17.000000    26.000000    36.000000   139.000000   123.000000   129.000000    81.000000   161.000000   151.000000   193.000000   134.000000   165.000000   137.000000   165.000000   142.000000   171.000000   183.000000   233.000000  1746.000000  1141.000000   498.000000   382.000000   342.000000   530.000000   467.000000   479.000000   345.000000   427.000000   191.000000   244.000000   188.000000   188.000000   165.000000   186.000000   106.000000    27.000000   209.000000
   768.190430   130.000000    29.000000    27.000000    37.000000   570.000000   537.000000   533.000000   176.000000   232.000000    75.000000    48.000000    72.000000   108.000000    79.000000    85.000000    52.000000    -1.000000    11.000000    16.000000    33.000000    31.000000    11.000000    18.000000    36.000000     9.000000    24.000000    18.000000    -5.000000    33.000000    19.000000    26.000000    24.000000    36.000000    29.000000    52.000000    37.000000     9.000000    20.000000    23.000000    17.000000    67.000000    56.000000    69.000000    38.000000   126.000000   120.000000   123.000000    75.000000   144.000000   172.000000   189.000000   134.000000   137.000000   117.000000   149.000000   151.000000   164.000000   179.000000   242.000000  1726.000000  1068.000000   488.000000   310.000000   298.000000   466.000000   488.000000   539.000000   369.000000   459.000000   193.000000   290.000000   220.000000   158.000000   167.000000   200.000000   114.000000    27.000000   227.000000
   769.526001   125.000000    56.000000    31.000000    36.000000   521.000000   495.000000   495.000000   175.000000   226.000000    78.000000    67.000000    83.000000   115.000000    78.000000    59.000000    42.000000    25.000000     3.000000    24.000000     2.000000   -12.000000    15.000000     2.000000    11.000000    19.000000    28.000000    13.000000     9.000000    20.000000    12.000000    15.000000    31.000000    44.000000    22.000000    16.000000    -3.000000    22.000000    26.000000    40.000000    33.000000    45.000000    38.000000    34.000000    38.000000   112.000000   116.000000   134.000000    64.000000   138.000000   149.000000   179.000000   138.000000   128.000000   118.000000   128.000000   157.000000   157.000000   186.000000   259.000000  1660.000000  1051.000000   468.000000   342.000000   312.000000   504.000000   458.000000   462.000000   359.000000   449.000000   200.000000   234.000000   190.000000   153.000000   170.000000   211.000000    84.000000    11.000000   186.000000
   770.862122   128.000000    40.000000    42.000000    44.000000   577.000000   514.000000   508.000000   187.000000   195.000000    80.000000    58.000000    78.000000    80.000000    59.000000    55.000000    49.000000    18.000000    10.000000    18.000000    29.000000    23.000000    14.000000    37.000000    14.000000     7.000000    20.000000    20.000000    16.000000    15.000000    40.000000    27.000000    27.000000    40.000000    36.000000    14.000000     4.000000     6.000000    31.000000    26.000000    17.000000    42.000000    31.000000    40.000000    27.000000   136.000000   125.000000   128.000000    89.000000   156.000000   117.000000   195.000000   125.000000   122.000000   119.000000   160.000000   123.000000   154.000000   159.000000   265.000000  1657.000000  1088.000000   460.000000   326.000000   344.000000   454.000000   430.000000   473.000000   337.000000   430.000000   185.000000   257.000000   197.000000   177.000000   180.000000   249.000000    88.000000    14.000000   185.000000
   772.198608   151.000000    35.000000    26.000000    21.000000   546.000000   514.000000   475.000000   171.000000   218.000000    78.000000    64.000000    69.000000    62.000000    81.000000    59.000000    33.000000     9.000000    31.000000    14.000000    -7.000000    28.000000    26.000000    36.000000     8.000000    34.000000    -9.000000     9.000000     4.000000    21.000000    14.000000    21.000000    13.000000    39.000000    16.000000    43.000000    15.000000    13.000000    23.000000    20.000000    13.000000    49.000000    41.000000    33.000000    25.000000   112.000000   133.000000   124.000000    60.000000   146.000000   146.000000   203.000000   139.000000   118.000000   122.000000   138.000000   145.000000   144.000000   163.000000   269.000000  1537.000000  1011.000000   466.000000   301.000000   284.000000   439.000000   410.000000   422.000000   343.000000   393.000000   174.000000   256.000000   193.000000   158.000000   145.000000   221.000000    82.000000    12.000000   211.000000
   773.535583   110.000000    36.000000     9.000000    25.000000   545.000000   480.000000   451.000000   163.000000   228.000000    43.000000    55.000000    73.000000    91.000000    96.000000    76.000000    37.000000    12.000000     8.000000    -5.000000    32.000000    28.000000    16.000000    45.000000    -3.000000     6.000000    18.000000     3.000000    12.000000     4.000000    -4.000000    20.000000    42.000000    33.000000    38.000000    34.000000     8.000000    14.000000    26.000000    43.000000    43.000000    45.000000    18.000000    38.000000    35.000000   105.000000   135.000000   120.000000    73.000000   151.000000   140.000000   189.000000   139.000000    98.000000   121.000000   132.000000   143.000000   182.000000   157.000000   242.000000  1565.000000   974.000000   431.000000   276.000000   293.000000   445.000000   368.000000   435.000000   356.000000   363.000000   183.000000   238.000000   193.000000   183.000000   152.000000   199.000000    95.000000    30.000000   236.000000
   774.873230   136.000000    28.000000    18.000000    12.000000   514.000000   444.000000   463.000000   226.000000   246.000000    52.000000    49.000000    74.000000    74.000000    69.000000    50.000000    31.000000    11.000000    26.000000    11.000000    11.000000    35.000000    19.000000    28.000000    23.000000    18.000000    22.000000     6.000000    12.000000     9.000000     8.000000    11.000000     7.000000    32.000000    20.000000    24.000000    15.000000    21.000000    10.000000     4.000000    22.000000    32.000000    25.000000    31.000000    17.000000   158.000000   127.000000   117.000000    79.000000   138.000000   130.000000   154.000000   107.000000   109.000000   106.000000   131.000000   132.000000   155.000000   127.000000   263.000000  1511.000000   973.000000   441.000000   309.000000   280.000000   498.000000   347.000000   424.000000   318.000000   350.000000   189.000000   276.000000   189.000000   141.000000   138.000000   238.000000    88.000000     9.000000   184.000000
   776.211182    91.000000    12.000000    15.000000    24.000000   482.000000   501.000000   418.000000   133.000000   212.000000    91.000000    55.000000    61.000000    95.000000    92.000000    56.000000    37.000000    15.000000    26.000000    -8.000000    19.000000    16.000000    32.000000    30.000000    17.000000    17.000000    32.000000    18.000000    -1.000000    -5.000000    13.000000    13.000000    19.000000    32.000000    25.000000    42.000000    31.000000    21.000000    19.000000    22.000000    15.000000    39.000000    39.000000    43.000000    37.000000   130.000000   126.000000   115.000000    83.000000   122.000000   118.000000   170.000000   108.000000   123.000000   124.000000   123.000000   134.000000   162.000000   139.000000   216.000000  1530.000000   955.000000   410.000000   287.000000   291.000000   397.000000   379.000000   408.000000   338.000000   375.000000   152.000000   249.000000   196.000000   145.000000   141.000000   215.000000    86.000000    13.000000   170.000000
   777.549683    99.000000    43.000000    35.000000    14.000000   459.000000   427.000000   448.000000   161.000000   219.000000    61.000000    54.000000    73.000000    68.000000    70.000000    43.000000    34.000000    29.000000    11.000000    12.000000    24.000000    29.000000    13.000000    23.000000    17.000000    11.000000    24.000000    15.000000    -2.000000    17.000000    24.000000    25.000000    29.000000    42.000000    47.000000    34.000000    13.000000    30.000000    18.000000    15.000000    28.000000    42.000000    54.000000    42.000000    34.000000   130.000000   125.000000   140.000000    76.000000   104.000000   110.000000   177.000000   121.000000   130.000000   115.000000   125.000000   124.000000   139.000000   157.000000   197.000000  1496.000000   957.000000   390.000000   300.000000   245.000000   422.000000   379.000000   397.000000   291.000000   397.000000   174.000000   257.000000   188.000000   160.000000   125.000000   192.000000    66.000000    39.000000   200.000000
   778.888672   105.000000    35.000000    17.000000    54.000000   416.000000   433.000000   480.000000   151.000000   168.000000    41.000000    60.000000    82.000000    78.000000    74.000000    68.000000    34.000000     5.000000    15.000000    23.000000    15.000000    10.000000    36.000000    39.000000    29.000000    16.000000    20.000000     5.000000     6.000000     7.000000    19.000000    49.000000    -1.000000    51.000000    34.000000    25.000000    -2.000000    12.000000    17.000000    22.000000    23.000000    52.000000    29.000000    32.000000    37.000000    86.000000    96.000000    89.000000    75.000000   129.000000    97.000000   161.000000   126.000000   103.000000   129.000000   128.000000   110.000000   145.000000   138.000000   240.000000  1418.000000   897.000000   391.000000   253.000000   261.000000   410.000000   365.000000   412.000000   287.000000   394.000000   150.000000   257.000000   183.000000   165.000000   154.000000   186.000000    74.000000    19.000000   171.000000
   780.228088   104.000000    20.000000    21.000000    40.000000   434.000000   420.000000   430.000000   165.000000   182.000000    45.000000    60.000000    63.000000    80.000000    77.000000    58.000000    33.000000    14.000000    19.000000    21.000000    -1.000000    13.000000     6.000000    29.000000     6.000000     3.000000    41.000000    10.000000    21.000000    16.000000    19.000000    32.000000    13.000000    49.000000    27.000000    28.000000    -3.000000    44.000000    35.000000    10.000000    10.000000    51.000000    12.000000    22.000000    44.000000    98.000000    95.000000   123.000000    52.000000   129.000000    98.000000   176.000000   131.000000    96.000000   109.000000   148.000000   122.000000   157.000000   158.000000   207.000000  1347.000000   824.000000   419.000000   277.000000   238.000000   373.000000   388.000000   339.000000   297.000000   350.000000   199.000000   239.000000   199.000000   169.000000   165.000000   181.000000    64.000000    17.000000   154.000000
   781.567993   112.000000    10.000000    35.000000    26.000000   399.000000   398.000000   434.000000   161.000000   164.000000    40.000000    38.000000    80.000000    77.000000    65.000000    58.000000    52.000000    19.000000    12.000000    -9.000000    -1.000000    -5.000000    34.000000     4.000000     6.000000    10.000000    20.000000    20.000000     9.000000    31.000000     0.000000     3.000000    15.000000    34.000000    32.000000    43.000000    13.000000    18.000000    24.000000    29.000000    22.000000    38.000000    17.000000    33.000000    42.000000   101.000000    99.000000    82.000000    39.000000   143.000000   119.000000   135.000000    91.000000   101.000000   108.000000   104.000000   130.000000   122.000000   168.000000   203.000000  1360.000000   864.000000   400.000000   325.000000   236.000000   397.000000   328.000000   341.000000   272.000000   346.000000   149.000000   214.000000   196.000000   166.000000   140.000000   204.000000    94.000000    26.000000   151.000000
   782.908386    88.000000     9.000000    12.000000    24.000000   393.000000   354.000000   424.000000   142.000000   211.000000    69.000000    47.000000    85.000000    71.000000    70.000000    45.000000    50.000000     2.000000    10.000000    18.000000    12.000000    18.000000    26.000000    32.000000    14.000000    32.000000    12.000000     7.000000    22.000000    21.000000     3.000000    21.000000    10.000000    44.000000    31.000000    39.000000     9.000000    19.000000     8.000000    19.000000    20.000000    45.000000    18.000000    52.000000    41.000000   130.000000    90.000000   119.000000    59.000000   118.000000    96.000000   161.000000   117.000000   127.000000   112.000000   149.000000   111.000000   160.000000   126.000000   196.000000  1356.000000   810.000000   397.000000   220.000000   199.000000   384.000000   334.000000   351.000000   266.000000   302.000000   141.000000   245.000000   168.000000   137.000000   124.000000   185.000000    75.000000    25.000000   153.000000
   784.249329    91.000000    21.000000     7.000000    32.000000   381.000000   392.000000   396.000000   143.000000   170.000000    44.000000    56.000000    78.000000    81.000000    76.000000    61.000000    34.000000     9.000000    11.000000    -8.000000    15.000000    18.000000    13.000000    34.000000     1.000000    21.000000    37.000000    11.000000     7.000000    20.000000    12.000000    20.000000     8.000000    27.000000    27.000000    34.000000    19.000000    23.000000    30.000000     4.000000    10.000000    21.000000    38.000000    50.000000    25.000000   112.000000    87.000000   109.000000    57.000000   102.000000    98.000000   151.000000   118.000000   122.000000    98.000000   116.000000   131.000000   134.000000   121.000000   217.000000  1289.000000   785.000000   370.000000   274.000000   228.000000   348.000000   362.000000   336.000000   247.000000   304.000000   145.000000   233.000000   175.000000   144.000000   111.000000   167.000000    76.000000    14.000000   144.000000
   785.590576   117.000000    27.000000    28.000000    20.000000   408.000000   392.000000   363.000000   154.000000   178.000000    63.000000    80.000000    62.000000    86.000000    73.000000    56.000000    22.000000    11.000000    12.000000     8.000000    11.000000    -5.000000     2.000000    30.000000     2.000000    16.000000    -2.000000    15.000000    20.000000    27.000000    27.000000    31.000000     9.000000    35.000000    13.000000    27.000000    27.000000    14.000000    37.000000    12.000000     6.000000    37.000000    25.000000    33.000000    35.000000    96.000000   106.000000   116.000000    43.000000   144.000000   111.000000   150.000000    92.000000    87.000000    90.000000   105.000000   120.000000   151.000000   118.000000   189.000000  1202.000000   749.000000   375.000000   263.000000   253.000000   360.000000   301.000000   334.000000   258.000000   334.000000   138.000000   222.000000   191.000000   149.000000   121.000000   175.000000    93.000000    -3.000000   117.000000
   786.932495   105.000000    35.000000    26.000000    10.000000   355.000000   383.000000   349.000000   132.000000   154.000000    25.000000    57.000000    68.000000    83.000000    80.000000    61.000000    50.000000    23.000000    18.000000    -5.000000    14.000000    27.000000     9.000000    33.000000    17.000000    22.000000    -2.000000    13.000000     8.000000    20.000000    25.000000    22.000000    37.000000    42.000000    38.000000    22.000000    18.000000    12.000000    31.000000    13.000000    22.000000    51.000000    31.000000    25.000000    47.000000    97.000000   124.000000    93.000000    64.000000   106.000000   105.000000   127.000000   107.000000    98.000000   111.000000   137.000000   107.000000   153.000000   140.000000   238.000000  1154.000000   779.000000   337.000000   242.000000   229.000000   362.000000   294.000000   345.000000   246.000000   286.000000   159.000000   219.000000   182.000000   115.000000   152.000000   182.000000    59.000000    24.000000   152.000000
   788.274780    65.000000    24.000000    35.000000    17.000000   367.000000   318.000000   359.000000   136.000000   153.000000    45.000000    46.000000    79.000000    78.000000    48.000000    68.000000    37.000000     4.000000    20.000000    26.000000    -4.000000     2.000000     9.000000    38.000000    17.000000    17.000000     8.000000     6.000000     2.000000     8.000000    18.000000    12.000000    36.000000    34.000000    25.000000    15.000000    18.000000    16.000000    33.000000    21.000000    20.000000    31.000000    55.000000    39.000000    15.000000   116.000000    86.000000   110.000000    44.000000   113.000000    91.000000   132.000000   116.000000    90.000000    80.000000   109.000000    97.000000   137.000000   138.000000   178.000000  1137.000000   770.000000   377.000000   239.000000   196.000000   336.000000   319.000000   316.000000   210.000000   309.000000   154.000000   205.000000   151.000000   136.000000   104.000000   171.000000    68.000000    13.000000   158.000000
   789.617615    94.000000    36.000000    22.000000     9.000000   359.000000   334.000000   336.000000   106.000000   164.000000    31.000000    58.000000    79.000000    63.000000    60.000000    65.000000    36.000000     5.000000    -4.000000    18.000000     0.000000     8.000000    -5.000000    33.000000    19.000000     5.000000    13.000000    17.000000     0.000000     8.000000    14.000000    30.000000    10.000000    37.000000    24.000000    32.000000    26.000000    27.000000    29.000000    26.000000    35.000000    25.000000    42.000000    41.000000    36.000000   106.000000   123.000000   108.000000    45.000000   122.000000   102.000000   139.000000   114.000000   100.000000    91.000000   101.000000   107.000000   108.000000   129.000000   152.000000  1018.000000   712.000000   327.000000   207.000000   192.000000   345.000000   249.000000   301.000000   220.000000   276.000000   124.000000   180.000000   161.000000   150.000000   147.000000   183.000000    68.000000    12.000000   139.000000
   790.960876   101.000000    28.000000    26.000000    19.000000   351.000000   328.000000   310.000000   115.000000   153.000000    59.000000    58.000000    50.000000    67.000000    66.000000    63.000000    53.000000     9.000000    11.000000    11.000000     1.000000     1.000000    23.000000    20.000000    20.000000    15.000000    -5.000000    -1.000000     4.000000    10.000000    21.000000    27.000000    13.000000    38.000000    35.000000    -5.000000    14.000000   -10.000000     2.000000     6.000000    22.000000    56.000000    39.000000    31.000000    21.000000    77.000000   112.000000    93.000000    47.000000    82.000000    82.000000   117.000000   104.000000    94.000000    91.000000    95.000000    82.000000   144.000000   149.000000   180.000000  1075.000000   707.000000   336.000000   204.000000   182.000000   287.000000   262.000000   286.000000   230.000000   292.000000   136.000000   207.000000   176.000000   127.000000   126.000000   126.000000    58.000000     0.000000   119.000000
   792.304626    81.000000    28.000000    18.000000    14.000000   336.000000   325.000000   296.000000   130.000000   109.000000    43.000000    45.000000    59.000000    59.000000    55.000000    52.000000    26.000000     9.000000    23.000000     3.000000    -1.000000     7.000000    18.000000     3.000000    17.000000    20.000000    25.000000    -8.000000     9.000000    13.000000    12.000000    11.000000    26.000000    30.000000    25.000000     5.000000    15.000000    14.000000    28.000000    14.000000    22.000000    30.000000    34.000000    39.000000    11.000000    96.000000    86.000000   105.000000    65.000000    89.000000    82.000000   144.000000    96.000000    97.000000    75.000000    95.000000   111.000000   103.000000   132.000000   147.000000   979.000000   684.000000   296.000000   228.000000   187.000000   282.000000   263.000000   290.000000   227.000000   285.000000    92.000000   212.000000   183.000000   127.000000   112.000000   147.000000    50.000000    30.000000   128.000000
   793.648926    67.000000    15.000000    10.000000    21.000000   342.000000   305.000000   276.000000   136.000000   136.000000    28.000000    56.000000    71.000000    61.000000    51.000000    45.000000    41.000000    21.000000    10.000000    24.000000    -8.000000     0.000000    11.000000    13.000000     7.000000     6.000000     4.000000     5.000000     0.000000    11.000000     9.000000     6.000000    17.000000    38.000000    22.000000    22.000000    11.000000     7.000000     5.000000    14.000000    11.000000    27.000000    18.000000    27.000000    10.000000    78.000000    89.000000    78.000000    71.000000    95.000000    87.000000   147.000000   100.000000    85.000000    76.000000   105.000000    93.000000   139.000000   106.000000   190.000000   943.000000   692.000000   322.000000   204.000000   166.000000   350.000000   272.000000   287.000000   218.000000   288.000000   126.000000   197.000000   212.000000   133.000000    95.000000   145.000000   100.000000    20.000000   135.000000
   794.993591    84.000000    37.000000    28.000000    10.000000   345.000000   287.000000   278.000000   117.000000   129.000000    61.000000    34.000000    70.000000    60.000000    53.000000    44.000000    37.000000    15.000000     7.000000    16.000000    -4.000000    23.000000     9.000000    14.000000    16.000000    16.000000    10.000000     9.000000    -1.000000    10.000000    22.000000    25.000000    24.000000    18.000000    22.000000    31.000000    11.000000     2.000000    16.000000    19.000000    19.000000    31.000000    31.000000    12.000000    21.000000   109.000000    89.000000    64.000000    65.000000    95.000000   105.000000   121.000000    72.000000    67.000000    99.000000   113.000000    57.000000   111.000000   119.000000   183.000000   903.000000   619.000000   323.000000   189.000000   218.000000   267.000000   255.000000   265.000000   211.000000   253.000000   141.000000   217.000000   154.000000   104.000000    88.000000   139.000000    43.000000    17.000000   137.000000
   796.338806    69.000000    19.000000    20.000000    14.000000   331.000000   250.000000   288.000000   118.000000   148.000000    40.000000    42.000000    62.000000    76.000000    53.000000    50.000000    35.000000    16.000000     9.000000     6.000000     8.000000    20.000000    26.000000    17.000000    10.000000    21.000000    11.000000     7.000000    10.000000    17.000000    25.000000    21.000000    17.000000    21.000000    33.000000    36.000000    14.000000     7.000000    16.000000    25.000000    18.000000    26.000000    23.000000    37.000000    19.000000   105.000000    82.000000    91.000000    43.000000    91.000000    87.000000   150.000000    73.000000    65.000000    71.000000    85.000000    99.000000   115.000000   127.000000   174.000000   899.000000   633.000000   285.000000   185.000000   184.000000   289.000000   282.000000   322.000000   221.000000   214.000000   135.000000   211.000000   154.000000   139.000000    90.000000   130.000000    53.000000    19.000000   139.000000
   797.684387    71.000000    11.000000    16.000000    21.000000   329.000000   316.000000   317.000000   126.000000   117.000000    49.000000    37.000000    66.000000    77.000000    44.000000    29.000000    21.000000    23.000000    21.000000    18.000000    18.000000    14.000000     6.000000    19.000000    27.000000    17.000000    15.000000     6.000000    10.000000    -6.000000    23.000000    15.000000    16.000000    11.000000    28.000000    15.000000    -5.000000     6.000000    22.000000    28.000000    21.000000    41.000000    29.000000    -2.000000     7.000000   105.000000    87.000000    87.000000    49.000000    93.000000    71.000000    99.000000    95.000000    86.000000    83.000000    96.000000    79.000000   111.000000   123.000000   169.000000   906.000000   581.000000   287.000000   208.000000   145.000000   244.000000   271.000000   285.000000   212.000000   221.000000   134.000000   162.000000   149.000000   100.000000    97.000000   118.000000    60.000000     0.000000   142.000000
   799.030579    59.000000     8.000000    22.000000    21.000000   329.000000   299.000000   251.000000   124.000000   110.000000    27.000000    37.000000    71.000000    53.000000    56.000000    42.000000    25.000000     6.000000     3.000000    22.000000    23.000000    12.000000     5.000000    17.000000     5.000000     9.000000    12.000000   -13.000000     9.000000    30.000000     5.000000    10.000000    -1.000000    24.000000    26.000000    13.000000     7.000000    25.000000     9.000000     8.000000     6.000000    27.000000    35.000000    29.000000    19.000000    81.000000    95.000000    79.000000    43.000000   104.000000    69.000000   144.000000    83.000000    71.000000    72.000000   121.000000    75.000000    90.000000    94.000000   159.000000   899.000000   596.000000   274.000000   193.000000   157.000000   239.000000   204.000000   275.000000   214.000000   234.000000   116.000000   165.000000   125.000000    86.000000    85.000000   164.000000    85.000000    17.000000   116.000000
   800.377319    79.000000    34.000000    18.000000    37.000000   296.000000   276.000000   296.000000   132.000000   115.000000    30.000000    38.000000    52.000000    71.000000    52.000000    52.000000    25.000000    13.000000     6.000000    22.000000    18.000000    10.000000     3.000000    14.000000    13.000000     6.000000    36.000000    19.000000     1.000000     8.000000     4.000000     2.000000    34.000000    25.000000    47.000000    34.000000    15.000000    -4.000000   -11.000000    10.000000    19.000000    42.000000    38.000000    28.000000    23.000000   101.000000    88.000000    75.000000    42.000000    90.000000   108.000000   108.000000    94.000000    98.000000    94.000000   110.000000    87.000000    89.000000   135.000000   193.000000   903.000000   616.000000   286.000000   194.000000   164.000000   255.000000   240.000000   240.000000   167.000000   237.000000   118.000000   177.000000   158.000000   115.000000    89.000000   110.000000    47.000000    32.000000   106.000000
   801.724426    56.000000    23.000000    14.000000    26.000000   328.000000   292.000000   278.000000   105.000000   102.000000    49.000000    22.000000    64.000000    95.000000    61.000000    46.000000    31.000000     3.000000    28.000000     4.000000     1.000000    30.000000     6.000000    17.000000    -2.000000    20.000000    22.000000    23.000000    -4.000000    13.000000     8.000000    11.000000    26.000000    32.000000    15.000000    38.000000     4.000000     4.000000    17.000000     9.000000    15.000000    24.000000    16.000000    24.000000    22.000000    93.000000    65.000000    65.000000    51.000000    93.000000    95.000000   130.000000    67.000000    77.000000    58.000000    98.000000    99.000000    99.000000   126.000000   185.000000   873.000000   592.000000   254.000000   179.000000   181.000000   249.000000   264.000000   247.000000   207.000000   198.000000   148.000000   152.000000   131.000000   130.000000    94.000000   159.000000    56.000000     9.000000   140.000000
   803.072021    58.000000    12.000000    25.000000    36.000000   306.000000   300.000000   312.000000    88.000000   112.000000    36.000000    48.000000    65.000000    88.000000    64.000000    58.000000    44.000000    14.000000    16.000000   -16.000000     5.000000    27.000000     2.000000    22.000000    20.000000    19.000000    15.000000     9.000000    -6.000000    12.000000    16.000000    17.000000    29.000000     2.000000    15.000000    29.000000     3.000000    19.000000    11.000000    -7.000000     1.000000    28.000000    25.000000    26.000000    20.000000    75.000000    76.000000    85.000000    53.000000   124.000000    99.000000   117.000000    87.000000    73.000000    88.000000    97.000000    83.000000    99.000000    92.000000   158.000000   906.000000   647.000000   279.000000   167.000000   163.000000   229.000000   231.000000   221.000000   186.000000   249.000000   126.000000   193.000000   131.000000   120.000000    81.000000   130.000000    70.000000    19.000000   103.000000
   804.419983    82.000000    29.000000    11.000000     6.000000   307.000000   281.000000   288.000000    92.000000   127.000000    26.000000    48.000000    66.000000    75.000000    52.000000    38.000000    20.000000    15.000000    22.000000     1.000000    18.000000     6.000000    13.000000    32.000000     8.000000    29.000000    29.000000    17.000000     4.000000     9.000000    18.000000    17.000000     8.000000    17.000000     4.000000    15.000000     1.000000    10.000000    -8.000000    17.000000    22.000000    31.000000    25.000000    39.000000    10.000000    74.000000    72.000000    53.000000    44.000000   111.000000    89.000000    90.000000    82.000000    66.000000    83.000000    76.000000    60.000000   113.000000   125.000000   167.000000   881.000000   540.000000   263.000000   139.000000   134.000000   213.000000   224.000000   229.000000   189.000000   215.000000   124.000000   198.000000   143.000000   118.000000   113.000000   113.000000    61.000000    26.000000   138.000000
   805.768677    80.000000    24.000000    14.000000    10.000000   293.000000   274.000000   277.000000    86.000000    99.000000    26.000000    33.000000    49.000000    54.000000    40.000000    48.000000    12.000000    13.000000    -2.000000     8.000000     2.000000     3.000000     3.000000    12.000000    16.000000    32.000000    15.000000     4.000000     2.000000    13.000000    27.000000    20.000000    13.000000     5.000000    37.000000    28.000000    20.000000    18.000000    14.000000    21.000000    12.000000    37.000000    19.000000    33.000000    28.000000   111.000000    93.000000    88.000000    37.000000    88.000000    94.000000   100.000000    76.000000    75.000000    88.000000    71.000000    59.000000   100.000000   116.000000   160.000000   942.000000   493.000000   224.000000   173.000000   143.000000   225.000000   194.000000   196.000000   146.000000   259.000000   113.000000   208.000000   160.000000   109.000000    77.000000   114.000000    43.000000    31.000000   108.000000
   807.117676    75.000000    14.000000    15.000000    12.000000   284.000000   284.000000   291.000000    86.000000   110.000000    47.000000    28.000000    35.000000    51.000000    48.000000    29.000000    18.000000    20.000000    21.000000    -3.000000    10.000000    11.000000     9.000000    14.000000    17.000000    27.000000    20.000000    10.000000     5.000000     2.000000     7.000000    18.000000    28.000000    25.000000    23.000000    14.000000    16.000000     4.000000    19.000000    21.000000    27.000000    22.000000    16.000000    43.000000    12.000000    75.000000    89.000000    84.000000    33.000000    92.000000    87.000000   100.000000    81.000000    78.000000    84.000000    81.000000    64.000000    95.000000   101.000000   159.000000   806.000000   578.000000   228.000000   153.000000   118.000000   196.000000   234.000000   227.000000   159.000000   218.000000   101.000000   176.000000   150.000000   117.000000    93.000000   140.000000    53.000000    19.000000   122.000000
   808.467224    67.000000     5.000000    16.000000    23.000000   255.000000   266.000000   279.000000   103.000000   120.000000    42.000000    34.000000    42.000000    36.000000    23.000000    32.000000    35.000000    14.000000    15.000000     7.000000     2.000000    -3.000000    17.000000    14.000000    12.000000    19.000000    12.000000     8.000000    21.000000    -2.000000     0.000000    17.000000    17.000000    22.000000    20.000000    19.000000    18.000000    21.000000    15.000000    16.000000     9.000000    34.000000    25.000000    30.000000    15.000000    59.000000    75.000000    91.000000    33.000000    87.000000    82.000000    83.000000    92.000000    77.000000    60.000000   101.000000    90.000000   107.000000    87.000000   158.000000   852.000000   543.000000   232.000000   151.000000   148.000000   224.000000   208.000000   218.000000   169.000000   223.000000   111.000000   189.000000   135.000000   102.000000   106.000000   113.000000    31.000000    33.000000   104.000000
   809.817200    83.000000     3.000000     6.000000     3.000000   255.000000   241.000000   240.000000   107.000000   132.000000    42.000000    26.000000    50.000000    57.000000    56.000000    38.000000    26.000000    16.000000    19.000000    12.000000     6.000000    -5.000000    -4.000000    11.000000     3.000000    -5.000000     8.000000    21.000000    -1.000000    20.000000     9.000000     1.000000    24.000000    34.000000    14.000000    15.000000     7.000000    12.000000    10.000000    14.000000    36.000000    11.000000    17.000000    27.000000    18.000000    67.000000    94.000000    77.000000    43.000000    71.000000    80.000000   107.000000    34.000000    80.000000    68.000000    87.000000    66.000000    87.000000    96.000000   160.000000   838.000000   492.000000   218.000000   153.000000   173.000000   195.000000   205.000000   201.000000   166.000000   196.000000   119.000000   157.000000   157.000000   119.000000    79.000000   108.000000    39.000000    24.000000   118.000000
   811.167725    62.000000     4.000000    16.000000    14.000000   242.000000   232.000000   264.000000    94.000000    96.000000    34.000000    44.000000    53.000000    58.000000    47.000000    37.000000    20.000000     5.000000     8.000000    24.000000    19.000000   -12.000000    19.000000    24.000000    -5.000000    14.000000    -5.000000    23.000000    -4.000000    17.000000    14.000000    25.000000   -13.000000    18.000000    31.000000    21.000000    -2.000000    10.000000     9.000000     6.000000    -4.000000    40.000000    12.000000     5.000000    11.000000    83.000000    46.000000    15.000000    26.000000    84.000000    82.000000   110.000000    94.000000    57.000000    51.000000    93.000000    79.000000    86.000000   130.000000   148.000000   766.000000   449.000000   246.000000   156.000000   140.000000   218.000000   181.000000   218.000000   170.000000   185.000000   119.000000   148.000000   116.000000    86.000000    93.000000   115.000000    36.000000    32.000000   104.000000
   812.518677    61.000000    28.000000    15.000000     3.000000   266.000000   236.000000   210.000000    77.000000   101.000000    21.000000    36.000000    40.000000    54.000000    37.000000    31.000000    19.000000    17.000000    19.000000    12.000000     5.000000    15.000000    23.000000    27.000000    25.000000     7.000000    33.000000    20.000000    -3.000000    41.000000    17.000000    20.000000    15.000000     9.000000    27.000000    16.000000    16.000000    18.000000     3.000000    -5.000000     1.000000    27.000000     4.000000    13.000000    18.000000    88.000000    50.000000    72.000000    42.000000    91.000000    86.000000   137.000000    80.000000    69.000000    78.000000    56.000000    67.000000   102.000000    90.000000   145.000000   790.000000   440.000000   192.000000   125.000000   110.000000   174.000000   139.000000   186.000000   138.000000   180.000000    98.000000   159.000000   142.000000    80.000000   100.000000    87.000000    38.000000    -6.000000    90.000000
   813.870117    70.000000    29.000000    22.000000    20.000000   256.000000   276.000000   249.000000    87.000000    90.000000    23.000000    39.000000    73.000000    69.000000    60.000000    50.000000    44.000000    17.000000     8.000000   -15.000000     2.000000    22.000000     1.000000    23.000000    19.000000     5.000000    17.000000    10.000000     2.000000    -6.000000     8.000000     9.000000    24.000000    13.000000     8.000000    36.000000    20.000000     1.000000    12.000000    10.000000    16.000000    40.000000    27.000000    25.000000     7.000000    58.000000    65.000000    61.000000    37.000000    89.000000    79.000000    71.000000    86.000000    77.000000    78.000000    85.000000    42.000000   108.000000   101.000000   178.000000   676.000000   467.000000   177.000000   140.000000   151.000000   185.000000   195.000000   181.000000   152.000000   175.000000    95.000000   149.000000   107.000000    95.000000    94.000000   110.000000    55.000000    -3.000000   113.000000
   815.221985    80.000000     3.000000     1.000000    15.000000   251.000000   233.000000   231.000000    66.000000   100.000000    16.000000     6.000000    53.000000    26.000000    59.000000    45.000000    35.000000   -11.000000    32.000000    12.000000    15.000000    17.000000    -2.000000    27.000000     9.000000   -18.000000    18.000000    10.000000     9.000000    13.000000    20.000000     4.000000    19.000000    19.000000    19.000000    26.000000    22.000000     5.000000    18.000000    20.000000    31.000000    30.000000    -1.000000    38.000000    26.000000    80.000000    77.000000    63.000000    42.000000    83.000000    75.000000    66.000000    60.000000    56.000000    64.000000    96.000000    65.000000   100.000000    97.000000    99.000000   713.000000   455.000000   179.000000   151.000000   124.000000   162.000000   161.000000   183.000000   139.000000   180.000000    61.000000   162.000000   119.000000    92.000000    89.000000    87.000000    44.000000    10.000000   115.000000
   816.574402    50.000000     2.000000    17.000000    16.000000   212.000000   213.000000   200.000000    48.000000    85.000000    49.000000    26.000000    52.000000    34.000000    27.000000    30.000000    38.000000    13.000000     7.000000    -1.000000    21.000000    10.000000    12.000000    36.000000     6.000000    10.000000     4.000000     1.000000     0.000000     3.000000    25.000000     9.000000     2.000000    29.000000    12.000000    27.000000    19.000000   -10.000000     3.000000    11.000000    21.000000    31.000000    24.000000    13.000000    14.000000    72.000000    78.000000    75.000000    39.000000    63.000000    86.000000    51.000000    60.000000    50.000000    62.000000    91.000000    66.000000    99.000000    91.000000   148.000000   669.000000   402.000000   215.000000   131.000000   114.000000   169.000000   168.000000   176.000000   142.000000   161.000000   103.000000   147.000000   135.000000    95.000000    68.000000    72.000000    54.000000     3.000000   101.000000
   817.927185    48.000000    17.000000   -13.000000     3.000000   212.000000   183.000000   188.000000    60.000000   101.000000    50.000000    17.000000    35.000000    68.000000    55.000000    22.000000    27.000000     5.000000    -8.000000     0.000000     9.000000    13.000000    12.000000    10.000000    -2.000000     0.000000     2.000000     8.000000    10.000000     7.000000    24.000000    18.000000    16.000000     7.000000    19.000000    14.000000     0.000000    18.000000    26.000000     7.000000    13.000000    30.000000    33.000000    14.000000     3.000000    42.000000    67.000000    46.000000    37.000000    82.000000    63.000000    77.000000    44.000000    62.000000    54.000000    87.000000    62.000000    64.000000    86.000000   102.000000   701.000000   413.000000   167.000000   135.000000   116.000000   162.000000   157.000000   172.000000   136.000000   151.000000    72.000000   132.000000   116.000000    82.000000    71.000000    82.000000    54.000000    13.000000    90.000000
   819.280579    42.000000    13.000000     6.000000     1.000000   241.000000   203.000000   193.000000    53.000000    71.000000    31.000000    19.000000    43.000000    51.000000    46.000000    26.000000    26.000000    17.000000    15.000000    20.000000     2.000000    -2.000000    14.000000    14.000000     0.000000    -6.000000    20.000000     7.000000    12.000000    16.000000    24.000000    11.000000     3.000000    11.000000    24.000000    22.000000     8.000000     2.000000     8.000000     7.000000     3.000000    25.000000    28.000000    40.000000    12.000000    44.000000    60.000000    59.000000    32.000000    70.000000    80.000000    94.000000    62.000000    64.000000    48.000000    91.000000    61.000000    52.000000    79.000000   146.000000   683.000000   387.000000   168.000000   118.000000    94.000000   141.000000   167.000000   153.000000   136.000000   125.000000    85.000000   130.000000   107.000000    52.000000    79.000000    97.000000    36.000000    15.000000    93.000000
   820.634521    76.000000     9.000000     4.000000    25.000000   231.000000   208.000000   174.000000    55.000000    89.000000    40.000000    26.000000    49.000000    66.000000    42.000000    41.000000    34.000000     6.000000    10.000000     4.000000     9.000000    20.000000    18.000000    16.000000     5.000000     6.000000    10.000000    12.000000   -13.000000    -1.000000    16.000000    11.000000   -11.000000    22.000000    14.000000     5.000000     9.000000     4.000000    19.000000    18.000000    18.000000    11.000000     0.000000    20.000000    24.000000    56.000000    59.000000    47.000000    33.000000    61.000000    56.000000    78.000000    76.000000    49.000000    60.000000    79.000000    72.000000    84.000000    58.000000   110.000000   676.000000   404.000000   176.000000   138.000000   113.000000   151.000000   171.000000   159.000000   157.000000   149.000000    84.000000   138.000000   117.000000    84.000000    76.000000    77.000000    42.000000     5.000000    91.000000
   821.988770    49.000000    22.000000     4.000000    20.000000   249.000000   198.000000   215.000000    73.000000    86.000000    46.000000    29.000000    42.000000    33.000000    41.000000    15.000000    31.000000     6.000000    10.000000     7.000000     8.000000     2.000000    13.000000    23.000000    11.000000    -5.000000     1.000000     7.000000    16.000000    26.000000    13.000000    19.000000     6.000000    26.000000    21.000000    38.000000    17.000000   -10.000000    15.000000    -1.000000    12.000000    21.000000    23.000000    20.000000    40.000000    65.000000    85.000000    74.000000    35.000000    81.000000    46.000000   103.000000    75.000000    67.000000    46.000000    62.000000    58.000000    73.000000    88.000000   116.000000   654.000000   376.000000   163.000000   114.000000    98.000000   158.000000   164.000000   171.000000   106.000000   151.000000    68.000000    91.000000   120.000000    85.000000    68.000000    77.000000    28.000000    11.000000    73.000000
   823.343628    38.000000    22.000000    22.000000    22.000000   207.000000   177.000000   179.000000    71.000000    69.000000    21.000000    46.000000    27.000000    46.000000    44.000000    24.000000    14.000000     8.000000    16.000000     7.000000     4.000000    -2.000000     9.000000     9.000000     1.000000    16.000000     7.000000     9.000000     0.000000    -1.000000    17.000000    22.000000    14.000000    15.000000    27.000000    16.000000     7.000000    18.000000    -1.000000    24.000000    16.000000     9.000000     8.000000    20.000000    13.000000    60.000000    64.000000    62.000000    33.000000    72.000000    65.000000    62.000000    53.000000    49.000000    64.000000    55.000000    77.000000    81.000000    90.000000   116.000000   587.000000   382.000000   167.000000   126.000000   127.000000   172.000000   152.000000   161.000000   176.000000   178.000000    85.000000   126.000000   125.000000    75.000000    76.000000    70.000000    47.000000   -11.000000    82.000000
   824.698914    46.000000    26.000000    20.000000    15.000000   198.000000   189.000000   183.000000    45.000000    56.000000    19.000000    20.000000    45.000000    38.000000    41.000000    37.000000    13.000000    15.000000   -11.000000   -11.000000     8.000000    33.000000    13.000000    16.000000    34.000000     0.000000    -2.000000    19.000000     0.000000    19.000000    -4.000000   -11.000000    21.000000    26.000000    23.000000    12.000000     3.000000    26.000000    28.000000    16.000000     6.000000    27.000000     7.000000    35.000000    17.000000    62.000000    68.000000    66.000000    11.000000    61.000000    61.000000    74.000000    36.000000    52.000000    61.000000    66.000000    61.000000   100.000000    83.000000   109.000000   607.000000   381.000000   204.000000    96.000000    95.000000   155.000000   173.000000   139.000000   145.000000   145.000000    91.000000   132.000000    85.000000    69.000000    85.000000    62.000000    42.000000     4.000000    93.000000
   826.054626    44.000000    18.000000    -2.000000    27.000000   198.000000   191.000000   184.000000    58.000000    90.000000     9.000000    32.000000    37.000000    31.000000    25.000000    46.000000    14.000000    16.000000   -16.000000    -5.000000    -6.000000    18.000000    14.000000     7.000000    12.000000    15.000000    19.000000     0.000000     7.000000    11.000000    10.000000    14.000000     9.000000    20.000000     5.000000    20.000000    12.000000     8.000000    12.000000    18.000000     8.000000    27.000000     8.000000    12.000000    13.000000    40.000000    49.000000    55.000000    16.000000    68.000000    63.000000    84.000000    54.000000    70.000000    46.000000    55.000000    44.000000    88.000000    82.000000    97.000000   575.000000   345.000000   196.000000    94.000000    85.000000   126.000000   157.000000   174.000000   141.000000   131.000000    81.000000   110.000000   111.000000    65.000000    73.000000    72.000000    23.000000    -1.000000    96.000000
   827.410889    40.000000    15.000000    24.000000    30.000000   202.000000   188.000000   198.000000    47.000000    67.000000    15.000000    31.000000    45.000000    50.000000    32.000000    34.000000    21.000000     4.000000    11.000000     5.000000    16.000000    27.000000     4.000000     6.000000    14.000000    12.000000     2.000000    23.000000   -10.000000    18.000000    11.000000    11.000000    11.000000    12.000000    27.000000    17.000000    12.000000    -4.000000     5.000000    -1.000000    13.000000    32.000000    14.000000    14.000000    12.000000    69.000000    58.000000    68.000000    18.000000    71.000000    56.000000    55.000000    53.000000    60.000000    47.000000    53.000000    50.000000    71.000000    78.000000   115.000000   544.000000   377.000000   174.000000   131.000000    86.000000   154.000000   144.000000   170.000000   122.000000   136.000000    77.000000   120.000000   124.000000    88.000000    73.000000    97.000000    17.000000    16.000000    87.000000
   828.767578    40.000000     5.000000     7.000000    15.000000   211.000000   193.000000   171.000000    72.000000    88.000000    16.000000    16.000000    52.000000    41.000000    36.000000    41.000000    29.000000    -1.000000    -9.000000    -4.000000   -16.000000    10.000000    12.000000    21.000000    11.000000     2.000000    -2.000000     8.000000     0.000000    -8.000000    15.000000    25.000000    16.000000    10.000000    12.000000     4.000000    -2.000000     1.000000   -12.000000     9.000000    14.000000    19.000000    17.000000    15.000000    20.000000    84.000000    64.000000    83.000000    26.000000    65.000000    75.000000    64.000000    69.000000    45.000000    36.000000    51.000000    49.000000    72.000000    81.000000   136.000000   561.000000   335.000000   128.000000    81.000000    95.000000   137.000000   139.000000   159.000000   102.000000   141.000000    54.000000   112.000000   105.000000    64.000000    63.000000    86.000000    28.000000    13.000000    58.000000
   830.124817    37.000000    13.000000    23.000000    21.000000   221.000000   180.000000   202.000000    54.000000    49.000000    24.000000    23.000000    58.000000    43.000000    41.000000    27.000000    29.000000    -5.000000     2.000000    -3.000000    15.000000     5.000000     1.000000    12.000000    -5.000000     4.000000     5.000000     8.000000    24.000000    18.000000     6.000000    11.000000     0.000000    16.000000    22.000000    31.000000     3.000000    25.000000    22.000000    21.000000    10.000000    25.000000    20.000000    10.000000    22.000000    63.000000    49.000000    52.000000    26.000000    69.000000    69.000000    69.000000    52.000000    52.000000    42.000000    44.000000    57.000000    73.000000    91.000000   115.000000   581.000000   339.000000   164.000000   109.000000    85.000000   127.000000   159.000000   129.000000   153.000000   134.000000    67.000000   121.000000   119.000000    86.000000    88.000000    76.000000    45.000000     6.000000    88.000000
   831.482483    54.000000     6.000000    14.000000    20.000000   171.000000   154.000000   181.000000    56.000000    69.000000    41.000000    31.000000    21.000000    40.000000    29.000000    37.000000    15.000000     6.000000    14.000000     6.000000    -5.000000     3.000000     5.000000     2.000000     4.000000     5.000000    17.000000    -3.000000    -7.000000    31.000000    13.000000    19.000000    21.000000    21.000000    28.000000    26.000000    -2.000000   -11.000000    18.000000    13.000000    15.000000    17.000000    15.000000    25.000000     4.000000    42.000000    77.000000    43.000000    32.000000    53.000000    71.000000    79.000000    51.000000    65.000000    57.000000    69.000000    68.000000    63.000000    71.000000   125.000000   571.000000   352.000000   158.000000   109.000000   101.000000   141.000000   131.000000   128.000000   117.000000   135.000000    75.000000   125.000000   131.000000    93.000000    50.000000    78.000000    44.000000    17.000000    88.000000
   832.840576    44.000000    18.000000    24.000000    14.000000   179.000000   187.000000   163.000000    56.000000    72.000000    21.000000    34.000000    41.000000    43.000000    32.000000    23.000000    18.000000    14.000000     4.000000   -11.000000    -2.000000    11.000000    22.000000    11.000000    -8.000000    15.000000    18.000000    -5.000000    -6.000000    19.000000    -4.000000     0.000000    28.000000    21.000000    27.000000    -4.000000     1.000000    17.000000     1.000000     5.000000    12.000000     2.000000    25.000000    25.000000     0.000000    79.000000    69.000000    46.000000     8.000000    56.000000    48.000000    74.000000    71.000000    56.000000    61.000000    48.000000    62.000000    68.000000    45.000000    95.000000   495.000000   284.000000   158.000000    77.000000   102.000000   126.000000    94.000000   122.000000   120.000000   108.000000    69.000000   127.000000   102.000000    81.000000    62.000000    71.000000    31.000000     6.000000    73.000000
   834.199280    32.000000     8.000000    14.000000    13.000000   174.000000   185.000000   134.000000    46.000000    58.000000    29.000000    28.000000    39.000000    33.000000    39.000000    21.000000    25.000000    -9.000000    -1.000000    12.000000    18.000000    19.000000    -8.000000    15.000000    23.000000     5.000000     7.000000    26.000000     1.000000     3.000000     5.000000     3.000000     4.000000     6.000000    33.000000     7.000000     7.000000    -1.000000     1.000000    25.000000    13.000000    13.000000    -3.000000    21.000000     4.000000    36.000000    63.000000    57.000000    23.000000    58.000000    48.000000    66.000000    50.000000    45.000000    28.000000    59.000000    63.000000    56.000000    80.000000    93.000000   494.000000   340.000000   142.000000    83.000000    68.000000   142.000000   128.000000   137.000000   121.000000   121.000000    65.000000    93.000000    91.000000    90.000000    71.000000    90.000000    33.000000     5.000000    66.000000
   835.558411    42.000000     7.000000    11.000000    10.000000   191.000000   178.000000   156.000000    47.000000    57.000000    14.000000    16.000000    41.000000    48.000000    38.000000    38.000000    34.000000    17.000000    13.000000    12.000000     0.000000    11.000000    17.000000    -4.000000     1.000000     3.000000    21.000000    13.000000     3.000000     3.000000    14.000000    24.000000     5.000000     0.000000     7.000000    12.000000    22.000000     8.000000     2.000000    31.000000    12.000000    14.000000    29.000000    21.000000    13.000000    68.000000    54.000000    64.000000    27.000000    63.000000    61.000000    61.000000    38.000000    33.000000    45.000000    76.000000    73.000000    61.000000    63.000000   117.000000   518.000000   303.000000   145.000000    72.000000    90.000000   143.000000   128.000000   154.000000   124.000000    99.000000    88.000000   115.000000    94.000000    60.000000    62.000000    70.000000    30.000000    14.000000    64.000000
   836.918030    50.000000    -5.000000     0.000000    14.000000   165.000000   177.000000   155.000000    34.000000    84.000000    25.000000    11.000000    41.000000    53.000000    35.000000    24.000000    29.000000     7.000000     2.000000    -4.000000    -1.000000     1.000000     2.000000    19.000000    13.000000     4.000000    10.000000   -10.000000    -2.000000     2.000000     7.000000     0.000000    21.000000    25.000000    27.000000    13.000000    11.000000    -1.000000    22.000000     5.000000    -4.000000    18.000000    18.000000    26.000000    13.000000    69.000000    62.000000    33.000000    14.000000    62.000000    49.000000    76.000000    40.000000    27.000000    40.000000    53.000000    65.000000    69.000000    71.000000    99.000000   501.000000   290.000000   113.000000   105.000000   102.000000   119.000000   128.000000   160.000000   113.000000    87.000000    67.000000   128.000000    97.000000    65.000000    64.000000    56.000000    28.000000    10.000000    68.000000
   838.278076    32.000000    15.000000    13.000000    10.000000   163.000000   221.000000   185.000000    52.000000    68.000000    26.000000    31.000000    44.000000    51.000000    39.000000    35.000000    38.000000    -9.000000     8.000000     1.000000    10.000000    22.000000     8.000000    18.000000    17.000000     3.000000     3.000000     3.000000     7.000000    17.000000    -2.000000    19.000000    14.000000    13.000000    18.000000    24.000000    14.000000     6.000000    18.000000    17.000000     2.000000    17.000000     5.000000    23.000000    16.000000    34.000000    51.000000    51.000000    43.000000    57.000000    57.000000    78.000000    37.000000    50.000000    42.000000    54.000000    55.000000    64.000000    74.000000    88.000000   508.000000   321.000000   126.000000    95.000000    71.000000   100.000000   134.000000   128.000000   121.000000   111.000000    82.000000   102.000000    87.000000    64.000000    42.000000    64.000000    33.000000     9.000000    88.000000
   839.638672    41.000000    -1.000000    10.000000    15.000000   163.000000   135.000000   154.000000    56.000000    89.000000    35.000000    33.000000    19.000000    41.000000    33.000000    25.000000    21.000000     3.000000     1.000000    -9.000000    15.000000    14.000000    17.000000    25.000000    21.000000    30.000000    -7.000000    19.000000     2.000000    17.000000     6.000000     9.000000    18.000000    13.000000    26.000000    31.000000    11.000000    10.000000    20.000000     4.000000    17.000000     7.000000    38.000000    14.000000    12.000000    38.000000    77.000000    69.000000    20.000000    62.000000    55.000000    43.000000    46.000000    39.000000    44.000000    47.000000    54.000000    66.000000    74.000000    98.000000   461.000000   313.000000   105.000000    58.000000    72.000000   115.000000   139.000000    99.000000   103.000000    99.000000    50.000000    90.000000    87.000000    58.000000    59.000000    54.000000    28.000000     4.000000    82.000000
   840.999695    47.000000    13.000000    -6.000000    19.000000   140.000000   148.000000   138.000000    34.000000    55.000000    29.000000    25.000000    26.000000    30.000000    11.000000    33.000000     7.000000    13.000000   -16.000000     3.000000     7.000000     8.000000     1.000000    16.000000    19.000000    13.000000    19.000000    17.000000     0.000000     3.000000     5.000000     6.000000    11.000000    22.000000    19.000000   -10.000000    -1.000000    11.000000    27.000000    12.000000    16.000000    31.000000    29.000000    -2.000000     8.000000    37.000000    58.000000    59.000000    29.000000    73.000000    60.000000    69.000000    54.000000    51.000000    48.000000    32.000000    27.000000    53.000000    72.000000    90.000000   521.000000   263.000000   112.000000    99.000000    79.000000   101.000000   116.000000   102.000000   102.000000    91.000000    71.000000    92.000000    92.000000    67.000000    74.000000    65.000000    27.000000    -8.000000    40.000000
   842.361206    37.000000     6.000000     8.000000     5.000000   157.000000   130.000000   150.000000    45.000000    62.000000    21.000000    25.000000    39.000000    34.000000    30.000000    31.000000    17.000000   -13.000000    19.000000     2.000000     4.000000    17.000000    14.000000     0.000000    23.000000     0.000000     5.000000     9.000000    12.000000    11.000000    16.000000     4.000000    14.000000     2.000000    16.000000     8.000000     3.000000     2.000000     0.000000    23.000000    15.000000    18.000000    14.000000     0.000000     4.000000    39.000000    52.000000    50.000000    19.000000    41.000000    55.000000    48.000000    41.000000    41.000000    50.000000    60.000000    24.000000    86.000000    54.000000    99.000000   470.000000   220.000000   126.000000   105.000000    98.000000   102.000000   106.000000   114.000000   109.000000   115.000000    72.000000    72.000000    71.000000    49.000000    58.000000    61.000000    28.000000    20.000000    75.000000
   843.723206    55.000000     5.000000    15.000000     9.000000   122.000000   128.000000   134.000000    41.000000    51.000000    31.000000    12.000000    20.000000     5.000000    17.000000     2.000000     4.000000     2.000000    -4.000000    14.000000     7.000000    -3.000000     9.000000     4.000000     7.000000    -6.000000    -5.000000    21.000000     6.000000     1.000000     8.000000    17.000000     9.000000    11.000000     4.000000     2.000000    12.000000     2.000000    -2.000000     1.000000    14.000000    11.000000    19.000000    27.000000    -6.000000    43.000000    53.000000    52.000000    26.000000    58.000000    54.000000    55.000000    57.000000    39.000000    21.000000    25.000000    51.000000    69.000000    54.000000    87.000000   448.000000   279.000000   131.000000   101.000000    69.000000   110.000000   112.000000   111.000000    92.000000    95.000000    57.000000    98.000000    75.000000    44.000000    47.000000    68.000000    45.000000    -3.000000    53.000000
   845.085693    31.000000    22.000000    15.000000    14.000000   152.000000   129.000000   110.000000    59.000000    66.000000    35.000000    20.000000    54.000000    48.000000    24.000000    24.000000    25.000000    42.000000    13.000000    24.000000    14.000000    19.000000     8.000000    -2.000000     7.000000    11.000000    -6.000000     5.000000   -11.000000   -12.000000    -5.000000    11.000000    -5.000000     6.000000    16.000000    15.000000    11.000000    11.000000    10.000000   -30.000000    10.000000    20.000000    27.000000    18.000000    18.000000    56.000000    37.000000    45.000000    30.000000    58.000000    47.000000    45.000000    38.000000    44.000000    41.000000    56.000000    36.000000    55.000000    65.000000   101.000000   420.000000   219.000000   111.000000    77.000000    81.000000    88.000000    83.000000   124.000000   123.000000    88.000000    40.000000   141.000000    80.000000    61.000000    65.000000    39.000000    31.000000    -2.000000    60.000000
   846.448608    41.000000     0.000000    16.000000    -3.000000   125.000000   103.000000   124.000000    50.000000    71.000000    16.000000     1.000000    48.000000    26.000000    40.000000    24.000000    22.000000     2.000000     6.000000     9.000000    15.000000    12.000000     0.000000     5.000000    29.000000    16.000000     6.000000    -3.000000   -12.000000     1.000000    22.000000    16.000000     5.000000     2.000000     9.000000     6.000000     2.000000    11.000000    16.000000     8.000000    10.000000    20.000000    18.000000    -5.000000    15.000000    35.000000    52.000000    45.000000    29.000000    39.000000    62.000000    55.000000    45.000000    46.000000    41.000000    28.000000    37.000000    76.000000    56.000000   100.000000   386.000000   278.000000   122.000000    91.000000    95.000000    86.000000   113.000000   124.000000    87.000000    93.000000    49.000000    91.000000    83.000000    56.000000    53.000000    62.000000    27.000000    11.000000    38.000000
   847.812073    26.000000     4.000000     4.000000     7.000000   147.000000   145.000000   141.000000    54.000000    67.000000    16.000000    11.000000    34.000000    35.000000    33.000000    28.000000    22.000000    11.000000     9.000000    -3.000000     4.000000     9.000000    16.000000    10.000000     9.000000    -2.000000     5.000000     5.000000    -5.000000     5.000000    11.000000    15.000000     8.000000     9.000000    14.000000    16.000000    13.000000     9.000000    -3.000000    -1.000000     8.000000     3.000000    26.000000    28.000000    10.000000    46.000000    62.000000    56.000000    12.000000    48.000000    28.000000    51.000000    41.000000    46.000000    47.000000    44.000000    41.000000    63.000000    73.000000    91.000000   437.000000   230.000000   100.000000    65.000000    77.000000    83.000000   117.000000   104.000000    95.000000   102.000000    40.000000   119.000000    95.000000    61.000000    56.000000    56.000000    32.000000    22.000000    53.000000
   849.176025    42.000000     3.000000     7.000000     1.000000   109.000000   142.000000   118.000000    22.000000    43.000000    18.000000     3.000000    29.000000    39.000000    47.000000    32.000000    31.000000    -7.000000    16.000000     7.000000    13.000000    26.000000     2.000000    12.000000     7.000000     9.000000     0.000000     4.000000    11.000000    15.000000    14.000000    11.000000    14.000000    17.000000     0.000000    14.000000     1.000000    24.000000    -8.000000    30.000000    17.000000    28.000000    -8.000000     2.000000    -2.000000    31.000000    39.000000    38.000000    23.000000    51.000000    49.000000    59.000000    62.000000    39.000000    22.000000    23.000000    21.000000    62.000000    49.000000    81.000000   355.000000   218.000000    92.000000    70.000000    69.000000    61.000000    96.000000    93.000000   106.000000    83.000000    45.000000    95.000000    85.000000    61.000000    38.000000    49.000000    30.000000    21.000000    58.000000
   850.540405    38.000000    31.000000    18.000000    15.000000   103.000000   116.000000   114.000000    33.000000    38.000000    43.000000    22.000000    41.000000    36.000000    10.000000    28.000000    15.000000     9.000000    14.000000    11.000000    -9.000000     8.000000     0.000000    10.000000     6.000000     1.000000    13.000000   -11.000000    15.000000    11.000000   -10.000000    -6.000000     9.000000    26.000000     4.000000    13.000000     7.000000    10.000000    18.000000     3.000000    -5.000000    20.000000    26.000000    24.000000    22.000000    33.000000    43.000000    43.000000    27.000000    52.000000    42.000000    35.000000    36.000000    42.000000    35.000000    47.000000    43.000000    51.000000    50.000000   101.000000   376.000000   210.000000   105.000000    73.000000    61.000000    93.000000    91.000000   104.000000    94.000000    75.000000    74.000000   102.000000    82.000000    68.000000    41.000000    48.000000    15.000000    13.000000    57.000000
   851.905273    43.000000    11.000000     2.000000    10.000000   138.000000   139.000000   121.000000    36.000000    72.000000     3.000000    15.000000    26.000000    35.000000    20.000000    14.000000    45.000000    -4.000000    16.000000    -1.000000    26.000000    21.000000    11.000000     7.000000    12.000000    13.000000     2.000000    16.000000    13.000000    23.000000     4.000000    16.000000     7.000000    12.000000     9.000000    10.000000    16.000000     0.000000   -17.000000     8.000000    11.000000    11.000000    11.000000    20.000000    -2.000000    36.000000    36.000000    47.000000    20.000000    49.000000    46.000000    32.000000    37.000000    29.000000    40.000000    31.000000    22.000000    58.000000    42.000000   113.000000   394.000000   209.000000    88.000000    64.000000    79.000000    76.000000    82.000000    86.000000    88.000000    72.000000    69.000000    87.000000    54.000000    72.000000    50.000000    59.000000    51.000000     7.000000    43.000000
   853.270630    36.000000    -3.000000    29.000000    21.000000   151.000000    95.000000   132.000000    35.000000    53.000000    14.000000    25.000000    18.000000    30.000000    26.000000     7.000000    -8.000000    -8.000000     6.000000    13.000000    26.000000    10.000000    10.000000     8.000000    -1.000000     5.000000    25.000000     9.000000     8.000000    14.000000     7.000000    21.000000   -12.000000    21.000000     8.000000    20.000000     6.000000   -18.000000     5.000000    16.000000    11.000000     6.000000     1.000000     4.000000     2.000000    31.000000    58.000000    28.000000    27.000000    46.000000    24.000000    46.000000    53.000000    29.000000    37.000000    45.000000    55.000000    51.000000    40.000000    84.000000   395.000000   224.000000   104.000000    83.000000    74.000000    64.000000    85.000000    97.000000    74.000000    54.000000    45.000000    80.000000    53.000000    40.000000    54.000000    61.000000    32.000000     4.000000    33.000000
   854.636475    34.000000     1.000000    10.000000     5.000000   103.000000    98.000000    89.000000    34.000000    48.000000    14.000000    22.000000    23.000000    36.000000     9.000000    35.000000    17.000000     4.000000     2.000000    -1.000000    -7.000000     1.000000   -10.000000     5.000000     3.000000    24.000000    -7.000000    14.000000    -7.000000    10.000000    -5.000000    12.000000     3.000000     4.000000    15.000000     7.000000     9.000000    16.000000     3.000000     5.000000    16.000000    12.000000    15.000000     6.000000     3.000000    42.000000    47.000000    47.000000    27.000000    48.000000    46.000000    41.000000    38.000000    34.000000    28.000000    45.000000    42.000000    39.000000    35.000000    65.000000   342.000000   223.000000   109.000000    80.000000    62.000000    88.000000    81.000000    82.000000    81.000000    65.000000    51.000000   106.000000    69.000000    58.000000    46.000000    41.000000    32.000000   -11.000000    54.000000
   856.002808    33.000000     1.000000    12.000000    17.000000   110.000000   135.000000   108.000000    23.000000    54.000000    12.000000    26.000000    40.000000    38.000000    44.000000    42.000000    42.000000    -2.000000     9.000000   -14.000000    11.000000    -1.000000    13.000000     0.000000   -10.000000    12.000000     5.000000     8.000000   -11.000000    -1.000000     8.000000     9.000000    17.000000     7.000000     4.000000    11.000000     0.000000   -12.000000    -1.000000     9.000000    10.000000    11.000000    15.000000    10.000000    11.000000    44.000000    39.000000    31.000000    25.000000    58.000000    58.000000    46.000000    35.000000    23.000000    35.000000    38.000000    52.000000    41.000000    56.000000    65.000000   315.000000   226.000000    61.000000    76.000000    52.000000   105.000000    72.000000    86.000000    92.000000    89.000000    62.000000    78.000000    64.000000    62.000000    31.000000    53.000000    52.000000    12.000000    71.000000
   857.369629    44.000000    19.000000     5.000000    20.000000    92.000000   129.000000   111.000000    34.000000    41.000000    27.000000     7.000000    38.000000    35.000000    62.000000    22.000000    29.000000    -3.000000     0.000000     4.000000     7.000000    12.000000    15.000000     8.000000     1.000000     4.000000     4.000000   -13.000000     5.000000     3.000000     5.000000    21.000000    22.000000     9.000000     3.000000    15.000000     0.000000     8.000000     3.000000    -2.000000    -3.000000    -2.000000    26.000000    23.000000    20.000000    31.000000    38.000000    41.000000    15.000000    52.000000    54.000000    38.000000    43.000000    42.000000    24.000000    21.000000    45.000000    54.000000    57.000000    80.000000   372.000000   202.000000    65.000000    70.000000    60.000000    67.000000    50.000000    93.000000    86.000000    72.000000    35.000000    87.000000    62.000000    57.000000    26.000000    66.000000    15.000000     9.000000    49.000000
   858.736877    29.000000    10.000000     5.000000    24.000000   132.000000   118.000000   103.000000    41.000000    72.000000    36.000000    32.000000    28.000000    26.000000    23.000000     5.000000    15.000000   -20.000000     7.000000    12.000000     2.000000    -5.000000     9.000000     2.000000    -3.000000    25.000000    17.000000     8.000000     0.000000   -14.000000   -14.000000   -13.000000    26.000000    14.000000    13.000000    22.000000    20.000000     3.000000     6.000000     5.000000     6.000000     6.000000    10.000000    10.000000    18.000000    35.000000    55.000000    18.000000     8.000000    28.000000    33.000000    41.000000    25.000000    38.000000    18.000000    49.000000    38.000000    47.000000    72.000000    86.000000   328.000000   221.000000   106.000000    63.000000    62.000000    61.000000    62.000000    92.000000   101.000000    61.000000    56.000000    80.000000    75.000000    44.000000    49.000000    47.000000    50.000000     5.000000    42.000000
   860.104614    32.000000   -13.000000     5.000000    14.000000   107.000000    86.000000   108.000000    44.000000    63.000000    21.000000    34.000000    27.000000    32.000000    27.000000    37.000000    -5.000000     9.000000     1.000000    20.000000    -3.000000    14.000000    -3.000000     8.000000    -3.000000    15.000000    26.000000     0.000000    -5.000000     6.000000    16.000000    14.000000    -4.000000    36.000000     6.000000    28.000000    20.000000     3.000000    18.000000     5.000000     6.000000     7.000000     5.000000     2.000000    13.000000    38.000000    41.000000    27.000000    17.000000    39.000000    74.000000    47.000000    39.000000    31.000000    40.000000    42.000000    61.000000    36.000000    38.000000    50.000000   313.000000   170.000000    85.000000    67.000000    52.000000    66.000000    99.000000    82.000000    80.000000    67.000000    47.000000    73.000000    76.000000    46.000000    27.000000    24.000000    12.000000     0.000000    46.000000
   861.472900    34.000000    11.000000     0.000000    16.000000   122.000000   101.000000   113.000000    27.000000    36.000000     0.000000    27.000000    25.000000    18.000000    23.000000    31.000000    11.000000    11.000000     9.000000    13.000000    -7.000000    13.000000     5.000000    -7.000000    -4.000000    20.000000    32.000000    -1.000000    -6.000000    -6.000000    18.000000    16.000000    -1.000000    13.000000     3.000000    17.000000    14.000000     4.000000    11.000000    -2.000000    -7.000000    28.000000    24.000000     0.000000     6.000000    34.000000    45.000000    20.000000    34.000000    50.000000    40.000000    44.000000    34.000000    29.000000    46.000000    49.000000    26.000000    32.000000    43.000000    67.000000   306.000000   203.000000    85.000000    67.000000    73.000000    86.000000    70.000000    88.000000    84.000000    74.000000    37.000000    72.000000    65.000000    54.000000    52.000000    34.000000    10.000000     4.000000    30.000000
   862.841614    39.000000    24.000000    18.000000    22.000000   114.000000   106.000000   108.000000    21.000000    35.000000    25.000000    35.000000    33.000000    46.000000    29.000000    40.000000    15.000000    -7.000000    -6.000000     4.000000     3.000000     3.000000     1.000000     8.000000     5.000000    -9.000000     1.000000    -6.000000     4.000000    20.000000     5.000000     7.000000    13.000000    -2.000000     6.000000     4.000000     1.000000     5.000000    22.000000    16.000000     5.000000    30.000000    12.000000    19.000000    14.000000    30.000000    48.000000    37.000000    20.000000    52.000000    26.000000    42.000000    26.000000    16.000000    27.000000    37.000000    18.000000    40.000000    38.000000    58.000000   316.000000   183.000000    90.000000    62.000000    61.000000    40.000000    63.000000    71.000000    82.000000    81.000000    44.000000    73.000000    72.000000    50.000000    52.000000    51.000000    28.000000    16.000000    34.000000
   864.210815    39.000000    -7.000000     7.000000     5.000000    85.000000    94.000000    86.000000    29.000000    72.000000    27.000000    18.000000    10.000000    30.000000     5.000000    32.000000     6.000000    13.000000     0.000000     7.000000    10.000000   -11.000000    18.000000    13.000000     0.000000     4.000000     2.000000     6.000000    13.000000     3.000000     2.000000     5.000000    17.000000    -7.000000     3.000000     6.000000    -5.000000    13.000000     6.000000     9.000000    -4.000000    19.000000    -5.000000     8.000000    12.000000    35.000000    49.000000    37.000000    19.000000    41.000000    40.000000    28.000000    26.000000    38.000000    32.000000    38.000000    21.000000    36.000000    45.000000    56.000000   291.000000   176.000000    49.000000    76.000000    79.000000    74.000000    83.000000    66.000000    84.000000    85.000000    37.000000    66.000000    67.000000    53.000000    37.000000    46.000000    15.000000    14.000000    28.000000
   865.580383    36.000000     7.000000    19.000000    10.000000   102.000000    94.000000    73.000000    26.000000    46.000000     7.000000    23.000000    24.000000    15.000000    34.000000    22.000000    14.000000    10.000000     4.000000    10.000000    -2.000000    -2.000000    12.000000     0.000000    -1.000000     4.000000     2.000000    17.000000     1.000000    -4.000000     7.000000    13.000000    31.000000    22.000000     4.000000    -2.000000    -4.000000     0.000000    18.000000    -9.000000   -11.000000    34.000000    -1.000000     0.000000    28.000000    27.000000    35.000000    49.000000    19.000000    36.000000    33.000000    25.000000    41.000000    14.000000    30.000000    49.000000    39.000000    44.000000    65.000000    68.000000   300.000000   167.000000    71.000000    47.000000    48.000000    81.000000    81.000000    93.000000    91.000000    67.000000    49.000000    37.000000    40.000000    43.000000    35.000000    52.000000    11.000000   -12.000000    26.000000
   866.950623    34.000000    -4.000000     3.000000     5.000000   126.000000   105.000000    93.000000    43.000000    66.000000     7.000000    20.000000    22.000000    14.000000    36.000000    11.000000     9.000000    10.000000     6.000000     1.000000     1.000000     9.000000    21.000000     3.000000     5.000000     5.000000    14.000000     5.000000    20.000000     8.000000    12.000000    15.000000     5.000000    18.000000     3.000000    27.000000     7.000000    -6.000000     9.000000    -4.000000    -2.000000   -14.000000     4.000000    15.000000    10.000000    47.000000    36.000000    35.000000    12.000000    31.000000    32.000000    41.000000    38.000000    32.000000    46.000000    31.000000    55.000000    49.000000    39.000000    40.000000   246.000000   186.000000    62.000000    60.000000    61.000000    57.000000    77.000000    90.000000    87.000000    52.000000    50.000000    64.000000    81.000000    41.000000    42.000000    34.000000     4.000000    14.000000    38.000000
   868.321289    38.000000    13.000000     9.000000    18.000000   108.000000   104.000000   107.000000    19.000000    75.000000     7.000000    23.000000    17.000000    34.000000    34.000000    32.000000    28.000000    -2.000000     7.000000     3.000000     0.000000     9.000000    -3.000000    -1.000000    14.000000    15.000000     2.000000    -5.000000     0.000000    15.000000     1.000000     5.000000     7.000000    14.000000    27.000000     8.000000     9.000000    -6.000000    21.000000    10.000000     9.000000    13.000000    21.000000     7.000000     2.000000    40.000000    44.000000    38.000000     5.000000    46.000000    34.000000    42.000000    33.000000    36.000000    28.000000    53.000000    36.000000    21.000000    42.000000    54.000000   256.000000   157.000000    70.000000    58.000000    67.000000    42.000000    58.000000    79.000000    89.000000    62.000000    57.000000    79.000000    65.000000    42.000000    39.000000    30.000000    10.000000     3.000000    57.000000
   869.692383    28.000000    18.000000    10.000000     8.000000   109.000000    97.000000    81.000000    25.000000    59.000000     5.000000    21.000000    28.000000    15.000000    19.000000    23.000000    14.000000     1.000000     7.000000     4.000000     0.000000     7.000000    -1.000000     1.000000     8.000000   -15.000000    12.000000    17.000000     9.000000    13.000000     8.000000    -1.000000    11.000000    15.000000    18.000000    -5.000000     7.000000    11.000000    12.000000    10.000000     3.000000    33.000000    22.000000    13.000000    13.000000    16.000000    23.000000    21.000000    -1.000000    33.000000    16.000000    47.000000    35.000000    36.000000    34.000000    26.000000    27.000000    64.000000    40.000000    65.000000   238.000000   166.000000    95.000000    60.000000    59.000000    71.000000    70.000000    71.000000    77.000000    64.000000    50.000000    87.000000    64.000000    60.000000    35.000000    30.000000    23.000000     0.000000    34.000000
   871.064026    30.000000     0.000000    15.000000    10.000000    93.000000   106.000000    79.000000    26.000000    44.000000    12.000000     5.000000    36.000000    18.000000    26.000000    11.000000    21.000000    12.000000     3.000000    10.000000    -1.000000    17.000000    23.000000     0.000000    -6.000000     5.000000    -7.000000     6.000000    -1.000000    13.000000    -6.000000     1.000000     1.000000    -7.000000    -2.000000     0.000000    10.000000    13.000000   -13.000000    12.000000    22.000000    32.000000     7.000000     8.000000    20.000000    32.000000    32.000000    18.000000    -6.000000    21.000000    28.000000    31.000000    23.000000    19.000000    44.000000    20.000000    26.000000    31.000000    50.000000    72.000000   274.000000   124.000000    45.000000    42.000000    65.000000    74.000000    72.000000    84.000000    69.000000    65.000000    39.000000    55.000000    66.000000    34.000000    37.000000    27.000000    30.000000     2.000000    47.000000
   872.436096    41.000000     9.000000    -4.000000     6.000000    96.000000    78.000000    85.000000    20.000000    42.000000    15.000000    16.000000    33.000000    31.000000    18.000000    28.000000    25.000000     1.000000    -1.000000    -6.000000    14.000000    -3.000000     7.000000     6.000000     8.000000     3.000000     6.000000     6.000000   -15.000000    -2.000000    -1.000000     1.000000     8.000000    23.000000    12.000000     4.000000    -9.000000    -1.000000    15.000000     6.000000     6.000000     6.000000     4.000000     3.000000    10.000000    46.000000    33.000000    21.000000     1.000000    31.000000    33.000000    37.000000    10.000000    12.000000    39.000000    39.000000    12.000000    36.000000    43.000000    65.000000   272.000000   152.000000    78.000000    67.000000    57.000000    87.000000    52.000000    57.000000    75.000000    70.000000    46.000000    66.000000    62.000000    31.000000    32.000000    61.000000    18.000000     1.000000    37.000000
   873.808716    32.000000    15.000000    12.000000    -3.000000    59.000000   115.000000    92.000000    34.000000    48.000000    23.000000     5.000000    30.000000    38.000000    35.000000    41.000000    41.000000     0.000000     9.000000     3.000000    -6.000000   -14.000000     6.000000     3.000000    11.000000    11.000000    13.000000     7.000000   -11.000000    11.000000    20.000000    12.000000     3.000000     4.000000    25.000000     5.000000    -9.000000    -3.000000     6.000000    10.000000     6.000000    15.000000    11.000000    17.000000    13.000000    43.000000    25.000000    18.000000    23.000000    47.000000    23.000000    24.000000    30.000000    23.000000    25.000000    32.000000    27.000000    33.000000    54.000000    42.000000   296.000000   118.000000    74.000000    54.000000    60.000000    64.000000    87.000000    69.000000    81.000000    56.000000    32.000000    64.000000    70.000000    54.000000    47.000000    30.000000    28.000000    11.000000    37.000000
   875.181702    39.000000   -31.000000     5.000000    19.000000    91.000000   102.000000    61.000000    25.000000    62.000000    15.000000    20.000000    29.000000    33.000000    25.000000    12.000000    21.000000    11.000000    17.000000   -16.000000    -4.000000     2.000000    15.000000     8.000000     8.000000     3.000000    10.000000     9.000000     7.000000     8.000000    11.000000    11.000000    22.000000     8.000000     6.000000     6.000000   -18.000000   -11.000000    -4.000000    20.000000    19.000000    21.000000     1.000000    10.000000    16.000000    19.000000    34.000000    21.000000    26.000000    41.000000    33.000000    32.000000    34.000000    36.000000    30.000000    13.000000     7.000000    53.000000    53.000000    63.000000   271.000000   114.000000    47.000000    56.000000    22.000000    54.000000    66.000000    71.000000    53.000000    52.000000    12.000000    51.000000    50.000000    32.000000    32.000000    36.000000    20.000000    20.000000    43.000000
   876.555176    54.000000     9.000000     4.000000     1.000000    41.000000   103.000000    81.000000    51.000000    60.000000     1.000000    18.000000     9.000000    25.000000     5.000000    10.000000    -2.000000     6.000000     1.000000     1.000000    -8.000000    18.000000     1.000000     7.000000     9.000000   -16.000000   -10.000000    18.000000     6.000000     9.000000    -8.000000    -1.000000     0.000000    17.000000    -1.000000    13.000000    -9.000000     4.000000    16.000000    -2.000000    -6.000000    19.000000    10.000000    17.000000   -11.000000    18.000000    41.000000    35.000000    15.000000    48.000000    45.000000    30.000000    14.000000    32.000000    41.000000    34.000000    17.000000    47.000000    45.000000    52.000000   246.000000   161.000000    57.000000    63.000000    33.000000    50.000000    74.000000    76.000000    92.000000    57.000000    37.000000    65.000000    56.000000    50.000000    34.000000    33.000000    16.000000     5.000000    29.000000
   877.929199    19.000000    13.000000   -12.000000     1.000000    91.000000    62.000000   102.000000    25.000000    38.000000    21.000000    26.000000    30.000000    34.000000    27.000000    39.000000    23.000000     6.000000    13.000000     6.000000     8.000000   -16.000000    16.000000    -2.000000   -10.000000    -7.000000    -5.000000    12.000000     0.000000    -5.000000    -4.000000    16.000000    -3.000000    17.000000    13.000000     2.000000    20.000000     1.000000    11.000000    -6.000000    -6.000000    10.000000    11.000000    30.000000     7.000000    18.000000    19.000000    28.000000    15.000000    30.000000    34.000000    35.000000    23.000000    24.000000    38.000000    32.000000    26.000000    36.000000    40.000000    45.000000   255.000000   140.000000    71.000000    48.000000    60.000000    57.000000    73.000000    92.000000    64.000000    53.000000    41.000000    48.000000    66.000000    47.000000    42.000000    30.000000    26.000000     2.000000    33.000000
   879.303711    43.000000    -5.000000    15.000000     1.000000    79.000000    83.000000    92.000000    18.000000    39.000000    26.000000    36.000000    41.000000    38.000000    28.000000    25.000000    25.000000     5.000000    -4.000000   -13.000000     4.000000    29.000000    -8.000000     0.000000    23.000000    -5.000000    -9.000000     7.000000    -1.000000    21.000000    26.000000    21.000000     5.000000     3.000000    23.000000     4.000000     7.000000     4.000000    -2.000000    -1.000000     0.000000     1.000000     9.000000    15.000000     5.000000    49.000000    28.000000    25.000000     8.000000    29.000000    46.000000    56.000000    31.000000    20.000000    38.000000    40.000000    39.000000    33.000000    53.000000    40.000000   251.000000   153.000000    50.000000    70.000000    43.000000    67.000000    49.000000    45.000000    76.000000    62.000000    39.000000    55.000000    49.000000    44.000000    23.000000    45.000000    15.000000     6.000000    34.000000
   880.678589    32.000000     2.000000    16.000000     8.000000    80.000000    70.000000    62.000000    27.000000    54.000000    12.000000    21.000000    14.000000    10.000000    19.000000    24.000000    11.000000    13.000000     1.000000    10.000000     0.000000     0.000000    -1.000000    10.000000    14.000000    -7.000000   -12.000000     0.000000     0.000000     0.000000    23.000000    21.000000     3.000000    15.000000     8.000000    21.000000    -3.000000    -5.000000     5.000000    16.000000     9.000000    20.000000     0.000000    24.000000     1.000000    53.000000    15.000000    27.000000    -1.000000    25.000000    24.000000    10.000000    17.000000    16.000000    20.000000    36.000000    32.000000    56.000000    35.000000    63.000000   208.000000   114.000000    68.000000    56.000000    41.000000    73.000000    78.000000    74.000000    81.000000    35.000000    42.000000    50.000000    51.000000    24.000000    40.000000    29.000000    20.000000    -9.000000    22.000000
   882.054077    29.000000    -9.000000    17.000000     5.000000    77.000000    74.000000    67.000000    22.000000    44.000000    18.000000    16.000000    17.000000    33.000000    29.000000    24.000000    18.000000    -5.000000    12.000000    11.000000     8.000000    10.000000    -6.000000     4.000000    11.000000    10.000000    -4.000000    10.000000     7.000000    17.000000    -7.000000    -8.000000    24.000000     7.000000    11.000000     3.000000     3.000000    -2.000000    13.000000    -6.000000    -3.000000     7.000000    10.000000    -4.000000    17.000000    33.000000    51.000000    30.000000    25.000000    26.000000     8.000000    32.000000    41.000000    30.000000    16.000000    28.000000    41.000000    54.000000    55.000000    47.000000   256.000000   126.000000    77.000000    63.000000    34.000000    44.000000    52.000000    69.000000    56.000000    73.000000    46.000000    60.000000    56.000000    32.000000    37.000000    39.000000    21.000000     9.000000     9.000000
   883.429993    23.000000     8.000000    11.000000    23.000000    79.000000    63.000000   100.000000    16.000000    59.000000     5.000000     6.000000     5.000000    25.000000    12.000000    14.000000    20.000000    10.000000    -8.000000    17.000000     2.000000    -9.000000     2.000000    21.000000    11.000000     4.000000    22.000000     7.000000     0.000000    17.000000     7.000000     6.000000    -1.000000    18.000000     9.000000     1.000000     7.000000    16.000000     5.000000    -1.000000     3.000000    24.000000     4.000000   -18.000000    13.000000    29.000000    38.000000    34.000000    32.000000    20.000000    38.000000    32.000000    34.000000    23.000000     0.000000    24.000000     8.000000    28.000000    62.000000    52.000000   207.000000   113.000000    52.000000    43.000000    22.000000    69.000000    55.000000    44.000000    63.000000    57.000000    23.000000    53.000000    44.000000    33.000000    34.000000    25.000000    31.000000    15.000000    43.000000
   884.806396    23.000000     9.000000   -14.000000    14.000000    92.000000    64.000000    67.000000    47.000000    43.000000    14.000000     9.000000    10.000000    21.000000    16.000000     7.000000    16.000000     2.000000     7.000000     7.000000     9.000000    10.000000     6.000000     9.000000    17.000000    12.000000    -4.000000    12.000000    17.000000     7.000000     9.000000    -1.000000    17.000000     4.000000     9.000000    -5.000000     8.000000    15.000000    -4.000000     4.000000     8.000000    13.000000    -6.000000    28.000000     9.000000    45.000000    30.000000    36.000000    19.000000    34.000000    34.000000    37.000000    25.000000    -1.000000    26.000000    20.000000    29.000000    51.000000    52.000000    65.000000   219.000000   127.000000    45.000000    32.000000    20.000000    61.000000    51.000000    56.000000    67.000000    46.000000    36.000000    47.000000    53.000000    29.000000    29.000000    25.000000    10.000000    12.000000    33.000000
   886.183289    49.000000     8.000000     5.000000     6.000000    71.000000    67.000000    81.000000    32.000000    41.000000     5.000000     8.000000    14.000000    17.000000    22.000000     0.000000    -9.000000    11.000000    -4.000000     7.000000     8.000000    12.000000    -4.000000    -1.000000    16.000000     4.000000    17.000000    12.000000     3.000000    17.000000     6.000000     6.000000    21.000000    15.000000    10.000000     3.000000     0.000000    12.000000     6.000000     4.000000    -1.000000    16.000000   -10.000000    17.000000     2.000000    45.000000    27.000000    28.000000    10.000000     8.000000    26.000000    44.000000    13.000000    26.000000    19.000000    32.000000    28.000000    28.000000    40.000000    54.000000   225.000000   105.000000    74.000000    62.000000    62.000000    45.000000    45.000000    66.000000    37.000000    40.000000    26.000000    62.000000    42.000000    39.000000    30.000000    33.000000    32.000000     7.000000    43.000000
   887.560730    26.000000    18.000000    15.000000     2.000000    84.000000    73.000000    58.000000    24.000000    25.000000    26.000000    36.000000    20.000000    37.000000    24.000000    14.000000    -4.000000     6.000000    17.000000    11.000000    13.000000    10.000000    22.000000     9.000000    12.000000     2.000000     2.000000     5.000000     3.000000     0.000000    14.000000    -2.000000     7.000000     0.000000     7.000000    -2.000000     1.000000    17.000000    -1.000000    12.000000    11.000000    15.000000     6.000000    19.000000   -13.000000    33.000000    26.000000    26.000000    10.000000    37.000000    17.000000    23.000000    15.000000    16.000000    42.000000     9.000000    22.000000    43.000000    55.000000    35.000000   210.000000   157.000000    49.000000    35.000000    44.000000    51.000000    46.000000    55.000000    64.000000    33.000000    16.000000    52.000000    35.000000    46.000000    23.000000    47.000000    23.000000    11.000000    32.000000
   888.938477    27.000000    11.000000     1.000000    10.000000    69.000000    64.000000    58.000000     5.000000    44.000000    14.000000    17.000000    16.000000    22.000000    29.000000     8.000000     5.000000   -12.000000     4.000000    -4.000000    -2.000000     1.000000    10.000000    12.000000    12.000000    12.000000    11.000000    16.000000    -5.000000    -6.000000    13.000000     7.000000    -7.000000     5.000000     7.000000     8.000000     0.000000    -1.000000    12.000000    11.000000    15.000000    16.000000    11.000000    16.000000     7.000000    43.000000    29.000000    30.000000    22.000000    12.000000    39.000000    17.000000    23.000000     5.000000    27.000000     8.000000    34.000000    42.000000    23.000000    55.000000   194.000000   120.000000    49.000000    49.000000    46.000000    69.000000    53.000000    65.000000    60.000000    58.000000    35.000000    52.000000    61.000000    38.000000    26.000000    29.000000    25.000000    17.000000    23.000000
   890.316772     7.000000     4.000000     7.000000    19.000000    69.000000    58.000000    69.000000    14.000000    34.000000     2.000000    11.000000    21.000000    32.000000    36.000000    23.000000     6.000000    22.000000     2.000000     6.000000    -2.000000    13.000000    -1.000000    -1.000000    11.000000     2.000000    12.000000    23.000000    -4.000000     2.000000    22.000000    27.000000    -8.000000     3.000000    12.000000     7.000000   -12.000000     5.000000    -3.000000     8.000000    18.000000     9.000000     7.000000     5.000000    17.000000    45.000000    26.000000    41.000000    34.000000    30.000000    48.000000    19.000000    15.000000    28.000000    17.000000    18.000000    34.000000    24.000000    30.000000    42.000000   187.000000   103.000000    48.000000    34.000000    54.000000    45.000000    46.000000    54.000000    56.000000    62.000000    34.000000    46.000000    37.000000    37.000000    32.000000    42.000000    16.000000    18.000000    34.000000
   891.695618    28.000000    19.000000    22.000000     1.000000    55.000000    65.000000    51.000000    29.000000    44.000000     8.000000    13.000000    22.000000    25.000000    18.000000    10.000000    18.000000     4.000000     4.000000     7.000000    11.000000     5.000000    -1.000000    19.000000    -9.000000    -1.000000    12.000000    28.000000    10.000000     4.000000     2.000000     0.000000     8.000000    -5.000000     6.000000    -4.000000    -5.000000    -2.000000     2.000000     9.000000     9.000000    11.000000     0.000000    -1.000000     4.000000    16.000000    19.000000    26.000000     4.000000    32.000000    31.000000    31.000000    18.000000    14.000000    11.000000    23.000000    24.000000    33.000000    35.000000    35.000000   199.000000    98.000000    30.000000    55.000000    47.000000    59.000000    56.000000    70.000000    24.000000    38.000000    12.000000    50.000000    46.000000    30.000000    30.000000    33.000000    19.000000    19.000000    29.000000
   893.074829     6.000000     6.000000     8.000000    17.000000    72.000000    64.000000    61.000000    10.000000    25.000000    25.000000    16.000000    21.000000    20.000000    18.000000    12.000000    13.000000    10.000000    -3.000000    -2.000000     6.000000    -6.000000    13.000000    14.000000    -4.000000     4.000000    -8.000000     6.000000     0.000000    14.000000     5.000000   -11.000000    -2.000000    11.000000    11.000000     8.000000    -3.000000    12.000000     0.000000     6.000000    15.000000     7.000000     8.000000     0.000000     7.000000    30.000000     9.000000    30.000000     5.000000    43.000000    27.000000    38.000000    12.000000    47.000000    21.000000    11.000000     9.000000    39.000000    53.000000    48.000000   194.000000   114.000000    35.000000    52.000000    46.000000    52.000000    48.000000    49.000000    41.000000    33.000000    28.000000    42.000000    54.000000    39.000000    28.000000    34.000000    18.000000    12.000000    22.000000
   894.454590    17.000000    14.000000     9.000000    13.000000    77.000000    74.000000    75.000000    22.000000    65.000000    -4.000000    21.000000    18.000000     6.000000     5.000000     0.000000    -2.000000     3.000000    -6.000000    19.000000    -4.000000     4.000000    21.000000     0.000000     6.000000    15.000000    11.000000     5.000000     4.000000     5.000000     0.000000    -8.000000     1.000000    13.000000    16.000000   -12.000000     9.000000    14.000000    10.000000     8.000000    13.000000     8.000000     7.000000     1.000000     9.000000    18.000000    14.000000    13.000000    15.000000    48.000000    37.000000     1.000000    46.000000    15.000000    15.000000    12.000000    29.000000    30.000000    42.000000    46.000000   198.000000   114.000000    53.000000    37.000000    29.000000    53.000000    56.000000    66.000000    55.000000    21.000000    34.000000    29.000000    27.000000    53.000000    20.000000    25.000000    14.000000     7.000000    44.000000
   895.834778    26.000000     3.000000    -3.000000    -3.000000    72.000000    78.000000    64.000000    13.000000    44.000000     7.000000    23.000000    27.000000    12.000000    20.000000    30.000000     4.000000     1.000000     5.000000    -1.000000     8.000000     4.000000    16.000000     3.000000     3.000000     6.000000   -20.000000     3.000000     4.000000     8.000000    15.000000    10.000000    10.000000    13.000000     8.000000     3.000000     5.000000    -9.000000    12.000000     7.000000     4.000000     8.000000    -2.000000     2.000000     8.000000    15.000000     8.000000    15.000000    22.000000    19.000000    24.000000    32.000000    18.000000    16.000000    30.000000    21.000000    25.000000    29.000000    32.000000    51.000000   236.000000   114.000000    38.000000    49.000000    18.000000    40.000000    42.000000    46.000000    54.000000    23.000000    12.000000    48.000000    37.000000    54.000000    31.000000    35.000000    12.000000     7.000000    44.000000
   897.215576    20.000000    16.000000    12.000000    17.000000    56.000000    58.000000    63.000000    13.000000    26.000000     7.000000    17.000000    17.000000    16.000000     7.000000    14.000000    23.000000    13.000000     0.000000    14.000000     6.000000    13.000000     2.000000    -2.000000    -2.000000     7.000000   -12.000000    -3.000000     5.000000    -6.000000    18.000000    19.000000    -2.000000    10.000000    13.000000    14.000000    14.000000    -1.000000     0.000000   -15.000000    -8.000000    10.000000    11.000000    14.000000     2.000000    36.000000    25.000000    24.000000    17.000000    37.000000    23.000000     9.000000    17.000000    10.000000    12.000000    15.000000    25.000000    26.000000    36.000000    52.000000   162.000000   109.000000    54.000000    37.000000    40.000000    33.000000    66.000000    65.000000    52.000000    34.000000    23.000000    32.000000    19.000000    49.000000    31.000000    24.000000    11.000000     3.000000    31.000000
   898.596802    43.000000     4.000000     7.000000     3.000000    66.000000    81.000000    64.000000    14.000000    12.000000    12.000000    -3.000000    27.000000    24.000000    28.000000    28.000000    20.000000    12.000000    20.000000    -3.000000    18.000000    -1.000000    -3.000000     5.000000    17.000000    10.000000    25.000000    -6.000000    -4.000000     1.000000    -8.000000    -7.000000    12.000000     3.000000    -4.000000    20.000000    22.000000    -3.000000     0.000000    -7.000000    -8.000000    15.000000    17.000000     8.000000    17.000000    20.000000    44.000000    38.000000     4.000000    10.000000    37.000000    45.000000    19.000000     9.000000    19.000000    23.000000    21.000000    35.000000    29.000000    48.000000   184.000000   108.000000    40.000000    35.000000    46.000000    42.000000    34.000000    36.000000    48.000000    42.000000    20.000000    27.000000    27.000000    32.000000    28.000000    29.000000    45.000000     6.000000    37.000000
   899.978516    27.000000    -5.000000    11.000000     5.000000    74.000000    56.000000    65.000000    27.000000    27.000000    31.000000    16.000000    17.000000    28.000000    30.000000    32.000000    31.000000    -2.000000    -3.000000    -3.000000    23.000000    13.000000    10.000000    -5.000000     1.000000    -4.000000     7.000000    -3.000000    -4.000000     5.000000     5.000000     0.000000     3.000000    17.000000     0.000000    11.000000     2.000000     5.000000    -6.000000     5.000000     5.000000     4.000000     4.000000    -2.000000    -2.000000    22.000000    18.000000    18.000000    21.000000    30.000000    25.000000    26.000000    20.000000    13.000000    -3.000000    20.000000    19.000000    25.000000    27.000000    45.000000   188.000000   109.000000    49.000000    44.000000    45.000000    52.000000    56.000000    30.000000    45.000000    49.000000    36.000000    45.000000    43.000000    36.000000    12.000000    25.000000    10.000000     2.000000    21.000000
   901.360596    19.000000     9.000000    16.000000    20.000000    60.000000    53.000000    48.000000    33.000000    40.000000    18.000000    12.000000    14.000000    11.000000    46.000000    11.000000    16.000000    -2.000000   -10.000000     0.000000     4.000000    -1.000000     2.000000    14.000000    -1.000000     2.000000     2.000000    -3.000000     4.000000     5.000000     1.000000    -4.000000    13.000000    12.000000    12.000000    14.000000    -2.000000    -5.000000    22.000000    21.000000     9.000000     1.000000     7.000000    12.000000    12.000000    29.000000    11.000000    24.000000    -2.000000    38.000000    24.000000    34.000000    27.000000     8.000000    23.000000    21.000000    17.000000    39.000000    31.000000    37.000000   175.000000   106.000000    36.000000    57.000000    35.000000    48.000000    51.000000    48.000000    67.000000    48.000000    19.000000    32.000000    31.000000    32.000000    34.000000    29.000000    14.000000    19.000000    16.000000
   902.743286    19.000000    18.000000     8.000000    30.000000    50.000000    54.000000    58.000000    25.000000    36.000000    22.000000    11.000000    19.000000    17.000000    23.000000    23.000000    18.000000    -4.000000     4.000000    12.000000     1.000000     0.000000     8.000000    12.000000   -11.000000   -12.000000    -2.000000    11.000000    -6.000000     9.000000    -5.000000     0.000000    17.000000    16.000000     3.000000    -4.000000     0.000000     5.000000    12.000000     0.000000   -12.000000    18.000000     7.000000    40.000000    29.000000    21.000000    35.000000    36.000000    13.000000    -2.000000    28.000000    31.000000     1.000000    16.000000    26.000000    21.000000    13.000000    14.000000    14.000000    22.000000   157.000000    91.000000    55.000000    40.000000    50.000000    40.000000    32.000000    42.000000    67.000000    26.000000    25.000000    34.000000    46.000000    25.000000    27.000000    23.000000    24.000000    12.000000    21.000000
   904.126404    14.000000     5.000000     9.000000     2.000000    86.000000    50.000000    62.000000    20.000000    32.000000    17.000000    19.000000    15.000000    24.000000    21.000000    19.000000    12.000000    -5.000000   -11.000000     2.000000     3.000000     8.000000    14.000000     1.000000     7.000000    -9.000000     4.000000    10.000000     1.000000     8.000000    11.000000     3.000000    12.000000     4.000000   -10.000000     8.000000     6.000000     2.000000     0.000000    19.000000    -1.000000    -1.000000    13.000000    17.000000    16.000000    21.000000    28.000000    34.000000    12.000000    13.000000    40.000000    28.000000     6.000000    24.000000    17.000000     6.000000     4.000000    23.000000    30.000000    57.000000   151.000000    96.000000    47.000000    35.000000    28.000000    45.000000    37.000000    46.000000    65.000000    32.000000    26.000000    25.000000    34.000000    32.000000    11.000000    23.000000     1.000000    11.000000    27.000000
   905.510010    21.000000     2.000000    14.000000     4.000000    55.000000    58.000000    65.000000     5.000000    24.000000     8.000000     5.000000    33.000000    20.000000    30.000000    10.000000    12.000000     7.000000    -6.000000   -14.000000     3.000000    18.000000    -5.000000    -5.000000    22.000000    10.000000    16.000000     3.000000    -7.000000    10.000000    -4.000000    13.000000     8.000000     4.000000    15.000000    -6.000000   -14.000000     6.000000     7.000000    -2.000000   -12.000000     7.000000    13.000000     7.000000    -6.000000    14.000000    33.000000    14.000000    11.000000    28.000000    33.000000    37.000000    19.000000    13.000000    25.000000     9.000000    22.000000    30.000000    23.000000    38.000000   189.000000    86.000000    49.000000    54.000000    51.000000    40.000000    30.000000    30.000000    48.000000    25.000000    17.000000    38.000000    24.000000    23.000000    16.000000    19.000000    10.000000    -4.000000    28.000000
   906.893982    25.000000    13.000000    -9.000000     0.000000    66.000000    70.000000    63.000000    17.000000    28.000000     4.000000    12.000000    15.000000    29.000000    34.000000    18.000000    11.000000     9.000000     5.000000    -3.000000     6.000000    24.000000     6.000000   -10.000000   -10.000000     0.000000    10.000000    -1.000000    -4.000000    -8.000000    10.000000    12.000000     6.000000    15.000000    21.000000     0.000000    24.000000    16.000000   -15.000000    10.000000     2.000000     8.000000     8.000000    -3.000000     1.000000    35.000000    27.000000    10.000000     6.000000    32.000000    21.000000    36.000000    17.000000    32.000000    16.000000     9.000000    21.000000    44.000000    29.000000    40.000000   161.000000    82.000000    37.000000    30.000000    26.000000    21.000000    12.000000    34.000000    50.000000    51.000000    29.000000    30.000000    39.000000    32.000000    27.000000    25.000000    23.000000     0.000000    27.000000
   908.278625    29.000000    12.000000     5.000000     5.000000    41.000000    63.000000    47.000000    29.000000    39.000000    18.000000    14.000000    29.000000    22.000000    25.000000    14.000000    18.000000     9.000000     7.000000     9.000000     2.000000    12.000000   -12.000000     2.000000    -6.000000     8.000000     1.000000     3.000000    -7.000000    11.000000    -4.000000     2.000000    15.000000    -4.000000    26.000000     1.000000     9.000000    12.000000     2.000000    -8.000000    10.000000    11.000000     8.000000    -2.000000    15.000000    24.000000    28.000000    10.000000    13.000000    17.000000    10.000000    23.000000    34.000000     9.000000    24.000000    19.000000     7.000000    29.000000    44.000000    26.000000   138.000000    70.000000    37.000000    22.000000    17.000000    46.000000    43.000000    45.000000    55.000000    22.000000    -5.000000    20.000000    50.000000    32.000000    45.000000    53.000000    11.000000    11.000000    41.000000
   909.663696     9.000000     3.000000    11.000000     8.000000    35.000000    43.000000    53.000000    20.000000    24.000000     6.000000    11.000000    11.000000     1.000000    20.000000    18.000000    10.000000     8.000000    12.000000    -3.000000    26.000000    11.000000    12.000000     9.000000     7.000000    20.000000    11.000000     0.000000   -15.000000    -2.000000    -1.000000     7.000000    20.000000     2.000000    12.000000     0.000000    14.000000    11.000000    18.000000   -10.000000     8.000000    12.000000    -4.000000     2.000000    12.000000    15.000000    16.000000    12.000000    21.000000    27.000000    16.000000    31.000000    13.000000    26.000000    -3.000000    21.000000    24.000000    17.000000    25.000000    22.000000   130.000000    64.000000    35.000000    29.000000    14.000000    39.000000    26.000000    38.000000    43.000000    20.000000    42.000000    43.000000    32.000000    24.000000    15.000000    24.000000     9.000000     4.000000    14.000000
   911.049194     7.000000    20.000000    24.000000   -14.000000    26.000000    35.000000    36.000000     6.000000     6.000000     5.000000    17.000000    33.000000    12.000000    35.000000    17.000000    15.000000     5.000000    -8.000000     4.000000     1.000000    -6.000000     8.000000     9.000000    15.000000    13.000000     7.000000   -11.000000     4.000000     1.000000     6.000000    -2.000000     3.000000     7.000000    31.000000    11.000000     7.000000    -6.000000    13.000000   -13.000000    -9.000000    14.000000    -7.000000    11.000000     3.000000    31.000000    18.000000    12.000000     3.000000    24.000000    14.000000    20.000000    18.000000    20.000000    27.000000     9.000000     2.000000    22.000000     9.000000    38.000000   122.000000    77.000000    28.000000    58.000000    38.000000    25.000000    30.000000    38.000000    54.000000    15.000000    22.000000    29.000000    33.000000    26.000000    28.000000    16.000000     9.000000     7.000000     8.000000
   912.435181    -1.000000    -2.000000    -2.000000    -6.000000    63.000000    68.000000    77.000000    19.000000    11.000000     8.000000    -7.000000     4.000000    15.000000    12.000000     4.000000     1.000000     8.000000    19.000000     7.000000    25.000000     1.000000     0.000000     6.000000     6.000000     1.000000     3.000000    18.000000     5.000000     2.000000    12.000000    14.000000     0.000000    -3.000000    -5.000000     9.000000    -5.000000    13.000000    18.000000    21.000000    21.000000     1.000000     8.000000     2.000000     2.000000    14.000000    17.000000    23.000000     4.000000    20.000000    25.000000    13.000000     7.000000    13.000000    10.000000    26.000000    18.000000    20.000000    24.000000    50.000000   142.000000    85.000000    26.000000    25.000000    41.000000    42.000000    47.000000    55.000000    50.000000    33.000000    26.000000    26.000000    30.000000    21.000000    24.000000    20.000000    22.000000     8.000000    22.000000
   913.821716    25.000000    -3.000000     7.000000    21.000000    44.000000    52.000000    42.000000    17.000000    24.000000     5.000000     3.000000    12.000000    12.000000    18.000000    -5.000000    11.000000     8.000000   -27.000000    13.000000    10.000000     8.000000     1.000000    11.000000   -10.000000   -15.000000   -12.000000    -7.000000   -17.000000    14.000000    14.000000    11.000000    -5.000000     3.000000     0.000000     5.000000    22.000000     5.000000     6.000000    -4.000000    15.000000     9.000000    -7.000000     2.000000    -5.000000     4.000000   -13.000000     2.000000    16.000000    25.000000    31.000000    18.000000    14.000000    19.000000    17.000000    12.000000    13.000000     9.000000    11.000000    23.000000   121.000000    83.000000    36.000000    36.000000    38.000000    28.000000    23.000000    25.000000    41.000000    21.000000    25.000000    21.000000    17.000000    -3.000000     8.000000    38.000000    16.000000    11.000000    47.000000
   915.208618    25.000000     4.000000    12.000000     9.000000    30.000000    66.000000    69.000000    30.000000    19.000000     7.000000     7.000000    25.000000    13.000000    32.000000     9.000000     6.000000    -5.000000     0.000000     3.000000     1.000000     8.000000    -6.000000    -2.000000   -11.000000     8.000000     4.000000    -8.000000   -13.000000     5.000000   -15.000000     3.000000    -3.000000     1.000000    -5.000000    12.000000     6.000000     4.000000     7.000000     4.000000     5.000000    15.000000    17.000000    11.000000    -9.000000    12.000000     9.000000    12.000000    13.000000    33.000000    17.000000    25.000000    23.000000    13.000000    17.000000    12.000000    20.000000     9.000000     6.000000    26.000000   137.000000    92.000000    41.000000    44.000000    39.000000    27.000000    53.000000    48.000000    35.000000    26.000000    12.000000    36.000000    28.000000    25.000000    30.000000    32.000000    12.000000     8.000000    11.000000
   916.596130    17.000000    -8.000000    -8.000000     5.000000    46.000000    50.000000    61.000000     6.000000    12.000000    -5.000000     6.000000     1.000000     1.000000     4.000000    11.000000    -8.000000   -15.000000    21.000000    17.000000     2.000000    12.000000     5.000000     5.000000    -6.000000     5.000000    -1.000000     5.000000     2.000000     8.000000    21.000000    17.000000   -10.000000    -1.000000     5.000000     5.000000    11.000000    -8.000000    -3.000000     9.000000     9.000000    16.000000    12.000000     8.000000    -3.000000     5.000000    14.000000    11.000000     7.000000    27.000000    14.000000    13.000000    14.000000    18.000000     8.000000     4.000000    14.000000    32.000000    22.000000    39.000000   116.000000    47.000000    22.000000    39.000000    41.000000    34.000000    46.000000    38.000000    43.000000    15.000000    21.000000    23.000000    26.000000    12.000000    15.000000    30.000000    13.000000     0.000000    41.000000
   917.984009    16.000000    -7.000000     5.000000     2.000000    47.000000    55.000000    44.000000     7.000000    21.000000    16.000000     6.000000    18.000000     6.000000    14.000000    13.000000     2.000000     2.000000     3.000000    -8.000000    -7.000000     9.000000    -1.000000     6.000000    -2.000000     5.000000    11.000000    11.000000    -1.000000    10.000000     7.000000    20.000000    10.000000    -3.000000     0.000000     9.000000     9.000000   -10.000000     5.000000    -1.000000    -2.000000     3.000000    20.000000    10.000000    11.000000    15.000000    21.000000    10.000000     2.000000    22.000000     8.000000    36.000000     6.000000    21.000000    18.000000    13.000000    26.000000    31.000000    26.000000    19.000000   121.000000    86.000000    25.000000    35.000000    26.000000    28.000000    24.000000    39.000000    38.000000    38.000000    25.000000    27.000000    23.000000    13.000000    17.000000    10.000000    37.000000    18.000000    14.000000
   919.372375     0.000000    18.000000     2.000000    14.000000    51.000000    50.000000    52.000000   -17.000000    10.000000    14.000000     3.000000    19.000000    15.000000    18.000000     4.000000    15.000000     8.000000    -5.000000    -4.000000    -7.000000     0.000000   -11.000000     0.000000     9.000000    -3.000000    10.000000     7.000000    -4.000000    15.000000     1.000000    19.000000    -6.000000    14.000000    -1.000000     1.000000     9.000000    10.000000    23.000000    -1.000000    15.000000    15.000000     8.000000    11.000000    -3.000000    15.000000    29.000000    26.000000    10.000000    10.000000    21.000000    37.000000     4.000000    27.000000     5.000000    26.000000    32.000000    26.000000     1.000000    18.000000   113.000000    64.000000    32.000000    19.000000    31.000000    27.000000    29.000000    25.000000    23.000000    10.000000    13.000000    33.000000    28.000000    16.000000    35.000000    19.000000    24.000000     6.000000    30.000000
   920.761292    22.000000    -6.000000     5.000000    17.000000    50.000000    42.000000    43.000000     7.000000    26.000000    26.000000    21.000000    20.000000     6.000000    18.000000    13.000000     7.000000    12.000000     6.000000    -6.000000     5.000000   -11.000000   -11.000000    21.000000     4.000000     4.000000     9.000000     0.000000   -10.000000    17.000000     3.000000    -7.000000    -3.000000    -3.000000     3.000000    -1.000000     7.000000     1.000000    -2.000000     3.000000     8.000000    12.000000    11.000000     9.000000    13.000000     4.000000     8.000000    14.000000    11.000000    12.000000    13.000000    32.000000    24.000000     0.000000     5.000000    23.000000    31.000000    27.000000    24.000000    41.000000   113.000000    46.000000     8.000000    37.000000    28.000000    28.000000    15.000000    24.000000    25.000000    20.000000    18.000000    28.000000    31.000000    17.000000    22.000000     7.000000     4.000000    15.000000    29.000000
   922.150574    19.000000     2.000000    18.000000    -1.000000    20.000000    42.000000    48.000000    14.000000    23.000000    14.000000    17.000000    10.000000    12.000000    15.000000     1.000000     5.000000    10.000000    -1.000000    -7.000000    -4.000000     4.000000    -5.000000   -15.000000    11.000000    -1.000000    -2.000000     6.000000    12.000000     2.000000   -10.000000   -26.000000    16.000000     8.000000    12.000000    10.000000     7.000000     4.000000    -1.000000     9.000000     5.000000    -6.000000     5.000000    14.000000    -1.000000    16.000000    22.000000    12.000000    13.000000     4.000000    14.000000    16.000000     7.000000    12.000000    13.000000     8.000000     0.000000    19.000000    21.000000    19.000000   113.000000    67.000000    62.000000    27.000000    20.000000    25.000000    20.000000    24.000000    27.000000    31.000000    43.000000    34.000000    23.000000    43.000000    20.000000    35.000000    -8.000000     6.000000    28.000000
   923.540527    28.000000    18.000000    17.000000     2.000000    54.000000    29.000000    48.000000    22.000000    25.000000    -1.000000    10.000000     7.000000     0.000000    -1.000000    -9.000000    -7.000000    12.000000    30.000000    -1.000000     0.000000    -8.000000    12.000000    -9.000000     7.000000    -8.000000     0.000000     4.000000     8.000000     1.000000    -6.000000    -3.000000     3.000000    12.000000    -9.000000    -9.000000     7.000000     8.000000     8.000000     2.000000    -2.000000    10.000000   -11.000000     7.000000    13.000000    30.000000    26.000000    17.000000    23.000000     8.000000    28.000000    26.000000    10.000000    18.000000    13.000000     9.000000    -2.000000     6.000000    28.000000    26.000000   104.000000    62.000000    27.000000    48.000000    16.000000    32.000000    39.000000    38.000000    38.000000     7.000000    10.000000    12.000000    25.000000    23.000000    26.000000    28.000000     6.000000    18.000000    13.000000
   924.930786    19.000000    12.000000    20.000000    13.000000    42.000000    38.000000    56.000000    34.000000    31.000000     2.000000    25.000000    16.000000    18.000000    15.000000     7.000000     3.000000     1.000000    18.000000     5.000000     9.000000    10.000000   -14.000000    -5.000000    -9.000000    -2.000000    -6.000000     5.000000    13.000000     6.000000     6.000000    -6.000000     3.000000     1.000000    -2.000000    -6.000000     0.000000     1.000000    21.000000    15.000000    -1.000000     8.000000    -5.000000    11.000000     9.000000    24.000000    18.000000    12.000000     8.000000     0.000000     6.000000     6.000000    16.000000    18.000000    10.000000     7.000000    25.000000    46.000000    41.000000    24.000000   125.000000    70.000000    43.000000    19.000000    10.000000    29.000000    22.000000    32.000000    47.000000    35.000000     5.000000    32.000000    39.000000    19.000000    14.000000    -3.000000    19.000000     5.000000     6.000000
   926.321594    21.000000    10.000000     1.000000    24.000000    60.000000    42.000000    52.000000    26.000000    42.000000    -4.000000    19.000000    18.000000    17.000000     4.000000    10.000000    15.000000     5.000000    13.000000     3.000000    -4.000000     3.000000     4.000000     6.000000     7.000000    -3.000000    -8.000000     6.000000     4.000000     8.000000    -6.000000     3.000000    18.000000     8.000000     9.000000     6.000000     5.000000    23.000000    24.000000     3.000000   -22.000000    -2.000000    -2.000000    -1.000000     8.000000    24.000000    19.000000     2.000000    32.000000    25.000000     5.000000    12.000000    16.000000    23.000000    -2.000000    -8.000000    26.000000    12.000000    20.000000    45.000000    98.000000    70.000000    16.000000    25.000000    52.000000    33.000000    39.000000    39.000000    43.000000    18.000000    16.000000    15.000000    13.000000    13.000000    28.000000    21.000000    30.000000    -6.000000    21.000000
   927.712891    23.000000     4.000000    10.000000    10.000000    37.000000    25.000000    31.000000    13.000000     3.000000     6.000000    22.000000    29.000000    19.000000    23.000000    19.000000    13.000000     9.000000    -8.000000    -1.000000     2.000000     0.000000     0.000000    -1.000000     0.000000     6.000000     7.000000     0.000000    -5.000000    10.000000     7.000000     4.000000   -15.000000     6.000000    -9.000000    17.000000     2.000000    14.000000     6.000000   -11.000000     5.000000    -5.000000   -13.000000   -16.000000    19.000000    -5.000000     0.000000    -7.000000    10.000000    17.000000     9.000000    18.000000    20.000000    -4.000000    15.000000    14.000000    39.000000    18.000000    31.000000    14.000000    85.000000    51.000000    29.000000     5.000000    22.000000    45.000000    37.000000    27.000000    33.000000    17.000000    24.000000    20.000000     0.000000    23.000000    23.000000    22.000000     7.000000    -4.000000     5.000000
   929.104614     8.000000     5.000000     9.000000    13.000000    49.000000    49.000000    42.000000    13.000000    24.000000    13.000000     8.000000    24.000000     6.000000    17.000000    14.000000    23.000000     2.000000     0.000000    -9.000000    18.000000    14.000000     2.000000    -9.000000     5.000000     7.000000    -4.000000    13.000000     0.000000     6.000000     3.000000     7.000000     3.000000     3.000000     2.000000    -5.000000    10.000000     3.000000     3.000000     5.000000    14.000000     1.000000     8.000000     6.000000     9.000000    10.000000    -2.000000     3.000000    11.000000     7.000000    29.000000    15.000000     1.000000    13.000000    18.000000     4.000000    17.000000    20.000000    29.000000    60.000000   110.000000    45.000000    42.000000    28.000000    27.000000    31.000000     3.000000    11.000000    33.000000    31.000000    25.000000    13.000000    13.000000    23.000000    12.000000    16.000000    12.000000     3.000000    30.000000
   930.496826    15.000000     9.000000    -1.000000     7.000000    38.000000    46.000000    37.000000    21.000000    26.000000     4.000000    18.000000     4.000000     8.000000     7.000000     6.000000     7.000000     3.000000     1.000000     3.000000   -11.000000   -16.000000    -1.000000     1.000000    11.000000    -5.000000    -2.000000    -9.000000     3.000000     6.000000     2.000000     9.000000    10.000000     9.000000    12.000000    -7.000000    11.000000    17.000000    14.000000    10.000000     5.000000     0.000000     1.000000    11.000000     0.000000    19.000000    18.000000    11.000000     9.000000    24.000000    21.000000    37.000000    16.000000     5.000000    14.000000     9.000000    13.000000    34.000000    21.000000    35.000000   108.000000    42.000000    20.000000    35.000000    25.000000    30.000000    30.000000    24.000000    33.000000    10.000000    17.000000    23.000000    18.000000    26.000000    -3.000000    25.000000    17.000000     8.000000    22.000000
   931.889587    19.000000   -11.000000    -3.000000     0.000000    43.000000    41.000000    33.000000     6.000000    21.000000     8.000000    15.000000    14.000000     4.000000    13.000000    -2.000000   -18.000000    11.000000    -9.000000    -4.000000     0.000000    11.000000     1.000000     5.000000   -13.000000     6.000000    -4.000000     6.000000    -1.000000     4.000000     0.000000    -2.000000     8.000000     8.000000    15.000000    16.000000     1.000000   -14.000000     7.000000     7.000000    13.000000     7.000000     8.000000     5.000000     6.000000    21.000000    16.000000    -1.000000     3.000000    20.000000    12.000000    18.000000    11.000000     9.000000     6.000000     4.000000     1.000000    21.000000     4.000000    20.000000    79.000000    43.000000    38.000000    16.000000    34.000000    21.000000    17.000000    16.000000    41.000000    16.000000    15.000000    11.000000    26.000000    20.000000    16.000000    10.000000    18.000000    12.000000    32.000000
   933.282776     3.000000    17.000000     4.000000     7.000000    50.000000    32.000000    17.000000    25.000000    18.000000     8.000000    12.000000    12.000000    10.000000     1.000000    -3.000000     8.000000     7.000000    -3.000000    12.000000    -1.000000    -8.000000    -6.000000     3.000000    -7.000000    10.000000   -10.000000     6.000000     0.000000     7.000000     8.000000     1.000000     4.000000    23.000000     8.000000    -1.000000   -12.000000    -2.000000     6.000000    10.000000     7.000000     5.000000     4.000000    11.000000   -10.000000     3.000000    10.000000    -8.000000     5.000000     5.000000    36.000000    31.000000    13.000000    16.000000     9.000000    11.000000    15.000000    21.000000    24.000000    18.000000   106.000000    59.000000    54.000000    33.000000    26.000000    24.000000    25.000000    39.000000    23.000000    12.000000    43.000000    17.000000    18.000000     9.000000    14.000000    20.000000    21.000000     9.000000    11.000000
   934.676514    24.000000     8.000000    -3.000000     5.000000    27.000000    33.000000    42.000000    11.000000    13.000000   -14.000000    -1.000000     0.000000    -5.000000    -3.000000     2.000000    -1.000000    -3.000000    -6.000000    -6.000000    14.000000    15.000000    -8.000000    -3.000000    -2.000000     9.000000    -2.000000    12.000000     4.000000    -7.000000     8.000000    -1.000000    -4.000000    17.000000     8.000000     2.000000    -1.000000     2.000000     3.000000    10.000000     3.000000    12.000000     2.000000   -11.000000    -5.000000    13.000000    13.000000    -3.000000    21.000000    29.000000    21.000000    10.000000    18.000000    16.000000     7.000000    -7.000000    20.000000     4.000000     8.000000    34.000000    55.000000    62.000000    22.000000     3.000000    16.000000    33.000000    15.000000     7.000000    25.000000    16.000000     9.000000    23.000000    16.000000     4.000000    13.000000    20.000000     8.000000    16.000000    23.000000
   936.070679     1.000000     8.000000     6.000000     8.000000    42.000000    40.000000    59.000000     7.000000    30.000000    13.000000   -10.000000    10.000000    15.000000    14.000000    12.000000    28.000000    25.000000     3.000000    11.000000    15.000000     0.000000   -12.000000     1.000000    -8.000000     4.000000     7.000000     4.000000     0.000000     6.000000     4.000000     4.000000     4.000000    -9.000000     2.000000    17.000000   -14.000000     3.000000     5.000000   -18.000000   -15.000000    15.000000     2.000000     9.000000    13.000000    25.000000    14.000000     8.000000    14.000000    32.000000     9.000000    26.000000    11.000000     7.000000     9.000000     7.000000    12.000000    18.000000    18.000000    38.000000   101.000000    46.000000    26.000000     8.000000    35.000000    39.000000    25.000000    30.000000    24.000000    38.000000    17.000000     8.000000     6.000000    39.000000    18.000000     5.000000     6.000000     7.000000    21.000000
   937.465271     9.000000    -6.000000   -15.000000   -11.000000    33.000000    33.000000    21.000000     5.000000    24.000000    16.000000     9.000000    24.000000    29.000000    22.000000    10.000000    22.000000     0.000000     8.000000   -14.000000     7.000000     8.000000    -5.000000     3.000000    -9.000000     0.000000    -1.000000    14.000000   -14.000000    -3.000000    13.000000     8.000000     4.000000     3.000000   -13.000000    13.000000    -9.000000     6.000000   -10.000000    10.000000    -3.000000     6.000000    -3.000000     2.000000    10.000000     0.000000     6.000000    19.000000     8.000000     9.000000    26.000000    16.000000    26.000000    12.000000    17.000000     4.000000     9.000000     4.000000    13.000000    23.000000    90.000000    50.000000    12.000000    11.000000    12.000000    27.000000    12.000000    16.000000    13.000000    24.000000     0.000000    17.000000    22.000000    -9.000000     9.000000    12.000000    10.000000     5.000000    15.000000
   938.860413    11.000000    -5.000000   -12.000000    -6.000000    13.000000    41.000000    33.000000    11.000000    11.000000     3.000000     3.000000    17.000000    12.000000    19.000000    16.000000    10.000000     5.000000   -12.000000    14.000000     0.000000    -7.000000    -9.000000     0.000000     4.000000     2.000000    -3.000000    -4.000000    -1.000000    15.000000    -2.000000     9.000000     1.000000   -11.000000    13.000000     4.000000    -2.000000     7.000000     2.000000   -18.000000     1.000000     7.000000     0.000000    25.000000     9.000000    29.000000     9.000000    15.000000     3.000000     8.000000    13.000000    21.000000    21.000000     6.000000     3.000000     9.000000    25.000000    16.000000    16.000000    12.000000    72.000000    58.000000    29.000000     3.000000    21.000000    27.000000    20.000000     5.000000    18.000000    34.000000    31.000000    39.000000    29.000000    13.000000    20.000000    10.000000    19.000000    -1.000000    16.000000
   940.255981     8.000000     2.000000     2.000000    10.000000    36.000000    14.000000    35.000000    -4.000000    12.000000    -6.000000    17.000000    16.000000     8.000000    11.000000    17.000000     1.000000     1.000000     6.000000    -9.000000    -8.000000    -1.000000     0.000000     3.000000     3.000000    -3.000000     6.000000   -17.000000     4.000000    14.000000    25.000000    25.000000    -6.000000    16.000000    22.000000    19.000000     0.000000    -3.000000     7.000000     3.000000    20.000000     7.000000    -1.000000    -1.000000     2.000000    23.000000     4.000000    12.000000    11.000000    30.000000    31.000000    29.000000    16.000000    20.000000    16.000000    14.000000    13.000000     8.000000    18.000000    14.000000    75.000000    43.000000    21.000000    10.000000    -1.000000    12.000000    32.000000    23.000000    12.000000    26.000000    16.000000    18.000000    26.000000    11.000000     2.000000    15.000000     5.000000    -4.000000    -1.000000
   941.652100     4.000000    -4.000000     2.000000     3.000000    15.000000    45.000000    33.000000     2.000000    18.000000    -6.000000    10.000000     5.000000    22.000000    10.000000    14.000000    18.000000   -12.000000     4.000000     0.000000    -5.000000     2.000000    -3.000000    10.000000    11.000000     1.000000    -7.000000     3.000000    -7.000000    20.000000     5.000000    -3.000000    15.000000     1.000000    25.000000    14.000000   -11.000000     6.000000     3.000000    -3.000000     0.000000    -2.000000    -1.000000    -7.000000     8.000000    -3.000000    10.000000     9.000000     7.000000     9.000000    20.000000    28.000000    20.000000     4.000000    14.000000    14.000000    -1.000000     6.000000    32.000000     9.000000    78.000000    38.000000    24.000000    13.000000    26.000000    15.000000    40.000000    34.000000    27.000000    11.000000    -3.000000    33.000000    26.000000    16.000000   -21.000000    -5.000000    18.000000    11.000000    24.000000
   943.048584     3.000000    17.000000    18.000000     7.000000    32.000000    41.000000    38.000000    16.000000    11.000000    10.000000     3.000000     9.000000     8.000000     6.000000     2.000000    16.000000   -11.000000     8.000000     3.000000    -2.000000    12.000000     2.000000    24.000000    -2.000000    16.000000     8.000000   -16.000000     2.000000     2.000000    20.000000    12.000000    -6.000000    -2.000000     8.000000    -3.000000     8.000000    18.000000     1.000000    -2.000000     3.000000    -1.000000     9.000000    -3.000000    -1.000000    -3.000000    12.000000    15.000000    13.000000    21.000000    17.000000     1.000000     5.000000    26.000000     8.000000     8.000000    12.000000     4.000000    28.000000    22.000000    68.000000    40.000000    24.000000    27.000000     7.000000    24.000000    14.000000    25.000000    10.000000    22.000000    17.000000    22.000000    22.000000    20.000000     8.000000    18.000000    14.000000     4.000000    19.000000
   944.445679    15.000000     1.000000     4.000000    -6.000000    32.000000    15.000000    44.000000    17.000000    13.000000     3.000000     5.000000    -8.000000    -2.000000     2.000000     6.000000    -8.000000     4.000000    26.000000    -4.000000    11.000000     8.000000   -10.000000    -7.000000     5.000000    19.000000    10.000000    -4.000000     3.000000     9.000000     5.000000     7.000000   -10.000000    17.000000    11.000000     6.000000    11.000000     0.000000     6.000000    -8.000000    -9.000000     7.000000     5.000000     6.000000   -11.000000    16.000000    21.000000    28.000000     6.000000    -9.000000     9.000000    32.000000    21.000000    -2.000000     1.000000    15.000000    14.000000    25.000000    17.000000    22.000000    89.000000    38.000000    20.000000    22.000000    11.000000    24.000000     7.000000    23.000000    39.000000    21.000000    16.000000    29.000000    15.000000    10.000000    16.000000    24.000000    -6.000000     9.000000    -3.000000
   945.843201    13.000000    -3.000000     2.000000     5.000000    24.000000    19.000000    33.000000     5.000000     9.000000     9.000000     2.000000     2.000000    16.000000    -5.000000     2.000000    -5.000000    15.000000     5.000000    -3.000000    16.000000     9.000000     2.000000   -17.000000    12.000000    11.000000    16.000000     1.000000    -1.000000    22.000000     6.000000    14.000000   -16.000000     4.000000    -6.000000    17.000000    -7.000000     9.000000     4.000000    13.000000    12.000000    17.000000    17.000000     2.000000     1.000000    16.000000    -7.000000    11.000000     1.000000    26.000000    11.000000    14.000000    12.000000     5.000000    10.000000     8.000000    -6.000000    19.000000    23.000000    28.000000    70.000000    44.000000     7.000000     3.000000     9.000000    16.000000    -5.000000    -1.000000    17.000000    32.000000    12.000000    15.000000     3.000000    15.000000    15.000000     1.000000    15.000000     4.000000    14.000000
   947.241211     0.000000     5.000000     6.000000    12.000000    26.000000    18.000000    13.000000    12.000000    14.000000    18.000000     7.000000    10.000000    13.000000     7.000000    18.000000    -5.000000     9.000000     4.000000    -7.000000     5.000000     1.000000     6.000000     9.000000    -6.000000     8.000000    22.000000     2.000000     7.000000    -1.000000     4.000000    -7.000000   -22.000000    20.000000     0.000000     8.000000    12.000000    -1.000000     0.000000    11.000000    -4.000000     5.000000     7.000000    13.000000    20.000000    19.000000    26.000000    16.000000    14.000000     7.000000    -5.000000    23.000000     4.000000    20.000000    -7.000000    -5.000000    14.000000    28.000000    15.000000     9.000000    70.000000    35.000000    25.000000     1.000000    13.000000    16.000000    17.000000    14.000000    25.000000    12.000000    35.000000    12.000000    12.000000    19.000000     2.000000     7.000000     9.000000    -2.000000     8.000000
   948.639587     1.000000     4.000000    -5.000000     0.000000    17.000000    22.000000    39.000000    25.000000    30.000000     1.000000     1.000000     2.000000     6.000000    -5.000000    -9.000000    -8.000000     5.000000    -8.000000    11.000000    -2.000000    11.000000    -6.000000    11.000000    -1.000000     7.000000     7.000000    -5.000000    16.000000     0.000000     1.000000    11.000000     4.000000     0.000000     5.000000    -3.000000     5.000000    16.000000     3.000000    -3.000000     4.000000     6.000000     7.000000    12.000000     3.000000     2.000000    16.000000    12.000000     4.000000    16.000000    33.000000     7.000000    10.000000    10.000000    13.000000     5.000000    23.000000    12.000000    25.000000    16.000000    94.000000    42.000000     1.000000    23.000000    17.000000    -2.000000     2.000000     9.000000    17.000000     9.000000    14.000000     0.000000     7.000000    27.000000    18.000000    32.000000    12.000000   -12.000000     3.000000
   950.038574    18.000000    -1.000000     7.000000     0.000000    42.000000    30.000000    21.000000    10.000000    15.000000     8.000000    13.000000     5.000000     2.000000     4.000000    -1.000000    11.000000     1.000000     1.000000     9.000000    10.000000     4.000000     1.000000    -5.000000     5.000000    -6.000000   -10.000000    -5.000000     2.000000     6.000000    -3.000000    -7.000000    12.000000    -9.000000   -10.000000    -7.000000    -6.000000    -8.000000    -9.000000    -5.000000    -9.000000     6.000000    16.000000     6.000000    11.000000    18.000000     6.000000     1.000000     5.000000     5.000000    11.000000    11.000000    13.000000     9.000000    23.000000     3.000000    -2.000000     2.000000    28.000000    18.000000    56.000000    37.000000    23.000000    18.000000    15.000000    14.000000    29.000000    26.000000    33.000000    -5.000000    18.000000     9.000000    25.000000     4.000000     6.000000     2.000000    14.000000    -4.000000     1.000000
   951.438110    -2.000000    -9.000000     4.000000    -5.000000    22.000000    24.000000    22.000000     9.000000    19.000000    -1.000000   -11.000000     4.000000     5.000000    11.000000    -2.000000    -6.000000    -3.000000    11.000000     9.000000   -21.000000     7.000000    17.000000    -1.000000     5.000000    -2.000000    10.000000    -3.000000    -1.000000    12.000000    16.000000    14.000000    11.000000    17.000000   -13.000000     0.000000    -1.000000     0.000000    10.000000    11.000000     2.000000     6.000000     6.000000    11.000000     6.000000    28.000000    14.000000     7.000000     8.000000    -8.000000     5.000000    24.000000     8.000000    -3.000000    10.000000     7.000000    -2.000000     9.000000    29.000000    20.000000    73.000000    36.000000    -4.000000    13.000000    29.000000     4.000000    24.000000     4.000000    44.000000     9.000000    10.000000    11.000000    27.000000    14.000000     6.000000     1.000000     9.000000     0.000000    19.000000
   952.838013     8.000000    -1.000000     4.000000    -8.000000    14.000000     9.000000    19.000000     4.000000    15.000000     8.000000    10.000000    12.000000     8.000000    -3.000000     8.000000    -1.000000     4.000000    -4.000000   -10.000000    -6.000000    -8.000000    18.000000     2.000000     0.000000     3.000000     8.000000    -7.000000     6.000000    15.000000     4.000000    11.000000     6.000000     7.000000     8.000000    12.000000     5.000000   -14.000000    -8.000000    -8.000000   -16.000000    -9.000000     8.000000    -1.000000   -11.000000    -2.000000    16.000000     4.000000    -1.000000    -1.000000    12.000000    12.000000     6.000000    11.000000     3.000000    14.000000     8.000000     1.000000    15.000000    33.000000    56.000000    37.000000     7.000000    24.000000    14.000000    25.000000    19.000000     4.000000    15.000000    22.000000     5.000000    14.000000    14.000000    13.000000     8.000000    15.000000    14.000000    -3.000000     0.000000
   954.238403    20.000000     7.000000    -8.000000    18.000000    25.000000    23.000000    34.000000    21.000000    10.000000     4.000000    -1.000000    -1.000000    14.000000    -4.000000    12.000000     7.000000     2.000000    14.000000    -3.000000    -3.000000     7.000000    -9.000000    10.000000     4.000000    -5.000000   -22.000000    14.000000     5.000000     3.000000     3.000000    -3.000000     6.000000    11.000000    -2.000000    22.000000     3.000000     2.000000     3.000000    -4.000000    -4.000000     2.000000     5.000000    -4.000000    14.000000    13.000000    15.000000    15.000000     7.000000    -3.000000    17.000000    18.000000    18.000000    -6.000000   -14.000000    26.000000    21.000000    -7.000000    -5.000000    14.000000    65.000000    33.000000     4.000000    13.000000    13.000000    14.000000    10.000000    16.000000    21.000000     8.000000    -9.000000    11.000000    13.000000    13.000000    21.000000     8.000000    -5.000000    15.000000    14.000000
   955.639282    12.000000     9.000000     2.000000     1.000000    36.000000     2.000000     3.000000    13.000000    16.000000    -3.000000    10.000000    -1.000000     9.000000    -1.000000     8.000000    -3.000000     5.000000    -4.000000     2.000000    -3.000000     2.000000    10.000000   -15.000000    -2.000000     0.000000     8.000000    -1.000000    -7.000000    -3.000000    12.000000     4.000000    10.000000    -3.000000   -15.000000    -9.000000   -10.000000    -7.000000   -12.000000    12.000000    -1.000000    11.000000     1.000000     1.000000     2.000000    10.000000     8.000000    -1.000000    -3.000000    20.000000    16.000000    12.000000     7.000000     7.000000     0.000000    -5.000000    12.000000    16.000000    25.000000    38.000000    62.000000    36.000000    17.000000     7.000000    17.000000     7.000000    10.000000     2.000000    33.000000    10.000000    13.000000    13.000000     5.000000    11.000000    18.000000    20.000000    -1.000000   -10.000000    -7.000000
   957.040588    -5.000000    17.000000     4.000000     3.000000    38.000000     8.000000    31.000000    19.000000    15.000000    12.000000    16.000000    19.000000    20.000000    34.000000    16.000000    21.000000    -5.000000     1.000000    12.000000    -3.000000   -10.000000     5.000000     2.000000     8.000000    -1.000000   -11.000000     3.000000    -4.000000    -8.000000     4.000000     2.000000     5.000000     3.000000     3.000000     2.000000   -10.000000     2.000000    19.000000     0.000000     6.000000    -6.000000    -7.000000     8.000000    22.000000    13.000000    12.000000     6.000000     1.000000     3.000000     7.000000    -8.000000    -5.000000     4.000000    15.000000   -19.000000    12.000000    16.000000    19.000000     4.000000    60.000000    32.000000    22.000000     5.000000    -8.000000    23.000000    14.000000     7.000000    39.000000    12.000000    -2.000000     5.000000     2.000000    15.000000    25.000000    14.000000    -4.000000     0.000000     1.000000
   958.442505     7.000000     2.000000     1.000000     2.000000     5.000000    41.000000    11.000000     7.000000    11.000000    10.000000     6.000000    12.000000    21.000000    24.000000    19.000000    20.000000    -3.000000    -1.000000    14.000000    -3.000000    -8.000000    -4.000000     0.000000    -7.000000    14.000000   -16.000000    17.000000    20.000000     7.000000     9.000000    12.000000    11.000000    16.000000    11.000000     9.000000    18.000000     0.000000    10.000000     3.000000    -6.000000    -2.000000     3.000000    14.000000    27.000000    32.000000    -3.000000    21.000000     9.000000     7.000000     6.000000    19.000000   -14.000000    14.000000    11.000000    13.000000     6.000000     9.000000    20.000000    33.000000    82.000000    39.000000    12.000000    13.000000     8.000000    19.000000    25.000000    21.000000    28.000000     2.000000    -4.000000     1.000000    13.000000    18.000000     9.000000    14.000000    -5.000000    13.000000    17.000000
   959.844788     6.000000     9.000000     8.000000    -8.000000    31.000000    10.000000     8.000000     8.000000     8.000000    -8.000000     7.000000    18.000000    22.000000    17.000000    15.000000    14.000000     9.000000    -1.000000   -13.000000    10.000000   -12.000000    15.000000    -2.000000    -8.000000   -10.000000   -17.000000     1.000000    -1.000000    -9.000000     2.000000     3.000000     7.000000    -2.000000    -3.000000    -7.000000   -14.000000    -7.000000   -10.000000     8.000000     3.000000    -3.000000    -3.000000    -5.000000     9.000000     3.000000     8.000000     2.000000    25.000000     6.000000    10.000000     8.000000    -1.000000    -8.000000    11.000000     8.000000    -6.000000     8.000000    19.000000    18.000000    51.000000    30.000000    25.000000    12.000000    20.000000     4.000000    14.000000    33.000000    16.000000     3.000000    27.000000     7.000000    -2.000000    17.000000    -1.000000    11.000000     9.000000    15.000000     9.000000
   961.247620    12.000000   -15.000000    12.000000   -10.000000    22.000000    19.000000    37.000000    14.000000    21.000000   -18.000000   -10.000000    12.000000     7.000000     1.000000    19.000000     0.000000    -3.000000     8.000000     7.000000     2.000000     0.000000     1.000000    -6.000000   -12.000000     6.000000    -6.000000     8.000000     1.000000     6.000000    10.000000    -3.000000     0.000000    16.000000    -4.000000     0.000000     1.000000   -24.000000     1.000000    -2.000000    -4.000000    -3.000000    -2.000000    -3.000000     9.000000     2.000000    15.000000    19.000000    18.000000     0.000000    14.000000    18.000000   -10.000000     6.000000    12.000000     8.000000   -19.000000    -3.000000     8.000000     8.000000    66.000000    29.000000    11.000000     0.000000     2.000000    29.000000     5.000000    15.000000    23.000000    11.000000     5.000000     6.000000     4.000000    15.000000     4.000000     1.000000    -6.000000     5.000000     2.000000
   962.650879   -17.000000    12.000000    -2.000000     9.000000    22.000000    28.000000     9.000000    29.000000    19.000000    10.000000    23.000000   -13.000000    -6.000000   -10.000000    -3.000000   -11.000000    14.000000    -4.000000    20.000000    -8.000000     7.000000     4.000000   -13.000000    -7.000000    20.000000     6.000000    10.000000     2.000000     9.000000    11.000000    14.000000    -3.000000     7.000000    -8.000000    -6.000000    -4.000000     2.000000    -4.000000    -2.000000     6.000000    -5.000000    21.000000     1.000000    11.000000     4.000000    15.000000    -2.000000   -12.000000    38.000000    -3.000000     4.000000    -1.000000     6.000000    19.000000    -3.000000     3.000000    18.000000    23.000000    -3.000000    55.000000    20.000000     8.000000    21.000000    11.000000    11.000000     9.000000    -3.000000    32.000000     7.000000     3.000000    -1.000000    13.000000    12.000000    16.000000    22.000000    23.000000    -8.000000    14.000000
   964.054626    -2.000000     7.000000     3.000000    -4.000000    27.000000    23.000000    13.000000    11.000000     7.000000     8.000000    -1.000000     2.000000    15.000000     2.000000     1.000000    -9.000000   -10.000000    -1.000000     4.000000    -6.000000    12.000000    -4.000000    -4.000000     4.000000     1.000000     2.000000    12.000000    -7.000000     2.000000     8.000000    14.000000    17.000000     8.000000     8.000000     5.000000    -3.000000    14.000000    16.000000     4.000000     1.000000     6.000000   -18.000000     3.000000    11.000000     3.000000    11.000000    15.000000    -4.000000     2.000000     0.000000    13.000000    19.000000    13.000000    19.000000     0.000000     6.000000    14.000000     7.000000    -4.000000    29.000000    26.000000    26.000000     4.000000    -1.000000     1.000000    18.000000    27.000000    10.000000    40.000000    19.000000    12.000000    10.000000    13.000000    11.000000     9.000000    15.000000    -4.000000   -10.000000
   965.458923    25.000000    -9.000000     3.000000    -4.000000    30.000000    27.000000    20.000000     2.000000     2.000000    -4.000000     5.000000    -3.000000    -4.000000    -8.000000    -6.000000    -4.000000   -16.000000     3.000000    10.000000    -9.000000   -10.000000    -3.000000   -10.000000     5.000000     4.000000   -15.000000     4.000000     9.000000    -9.000000     5.000000     0.000000     1.000000    -4.000000     4.000000    -1.000000    -3.000000    -5.000000    11.000000    16.000000    13.000000     3.000000    -2.000000    14.000000     1.000000     9.000000     0.000000    12.000000    10.000000     7.000000    10.000000    -5.000000    16.000000     3.000000     0.000000    -2.000000     5.000000     6.000000     8.000000     6.000000    38.000000     4.000000     2.000000    19.000000    17.000000     6.000000    26.000000     5.000000    12.000000    12.000000     1.000000     0.000000     6.000000     4.000000     3.000000     3.000000     4.000000     1.000000     7.000000
   966.863586    -2.000000     1.000000    -4.000000   -20.000000    27.000000    21.000000    26.000000    -2.000000     0.000000    -5.000000     4.000000    23.000000     4.000000     9.000000     0.000000    14.000000    -1.000000    20.000000    -7.000000    -3.000000    10.000000    10.000000     0.000000     8.000000    -8.000000     3.000000    10.000000    -4.000000    -1.000000    10.000000    -2.000000     6.000000     3.000000    -6.000000   -10.000000     3.000000    -9.000000     8.000000     6.000000    10.000000     8.000000    -1.000000   -19.000000     8.000000    14.000000    10.000000     4.000000    -5.000000    13.000000     5.000000    -6.000000     7.000000    10.000000   -16.000000     6.000000    12.000000    12.000000    20.000000     7.000000    64.000000    38.000000     6.000000     4.000000    21.000000    26.000000    -1.000000    -7.000000    13.000000    25.000000    -6.000000     1.000000    18.000000    18.000000     6.000000    28.000000    10.000000     6.000000     4.000000
   968.268799     0.000000     5.000000    13.000000     7.000000    17.000000    16.000000    28.000000    12.000000    14.000000     0.000000    17.000000    -5.000000     5.000000     8.000000     8.000000    -3.000000   -15.000000     7.000000    -9.000000    -8.000000   -19.000000    -5.000000    -6.000000    11.000000    -2.000000     5.000000    -7.000000    10.000000     5.000000    -1.000000    -5.000000     7.000000   -15.000000    -9.000000    -8.000000     5.000000    14.000000     8.000000     7.000000     8.000000   -11.000000     9.000000     7.000000    15.000000    16.000000     7.000000    19.000000    12.000000    30.000000     4.000000     4.000000    -1.000000    16.000000    11.000000     6.000000   -12.000000     7.000000    11.000000    11.000000    45.000000    34.000000    15.000000     5.000000    19.000000    22.000000    11.000000    -3.000000     6.000000     9.000000     8.000000    28.000000    18.000000    -6.000000   -15.000000    15.000000    22.000000    -3.000000     9.000000
   969.674377     1.000000    14.000000    19.000000     0.000000    26.000000    27.000000    17.000000    12.000000     4.000000    -5.000000   -11.000000     0.000000    -2.000000   -10.000000    -4.000000    -8.000000     3.000000     5.000000    18.000000     3.000000    11.000000    -1.000000     6.000000     8.000000    -7.000000    -3.000000    -5.000000   -11.000000   -12.000000    -6.000000    -8.000000     8.000000    -5.000000    11.000000   -18.000000     9.000000     3.000000     0.000000    16.000000    -3.000000   -10.000000    -5.000000     2.000000     7.000000     9.000000    18.000000     3.000000     3.000000     9.000000     8.000000     2.000000    -8.000000    21.000000     9.000000     1.000000    -4.000000     6.000000    19.000000    26.000000    54.000000    36.000000    17.000000    17.000000    13.000000    -6.000000     9.000000     6.000000    10.000000    15.000000     9.000000    -6.000000     2.000000    16.000000    13.000000   -14.000000     6.000000   -16.000000    13.000000
   971.080688    16.000000     9.000000     1.000000     4.000000     5.000000     0.000000     5.000000    12.000000    26.000000     5.000000     5.000000    30.000000     9.000000     6.000000    11.000000     5.000000     1.000000     4.000000    11.000000    -1.000000     6.000000    -4.000000    -4.000000    -5.000000    24.000000    22.000000   -15.000000    -1.000000     4.000000     8.000000     8.000000     9.000000     2.000000     8.000000    -7.000000     6.000000    -3.000000    14.000000    11.000000     6.000000     3.000000    -1.000000     1.000000    -1.000000     1.000000    -1.000000     8.000000    11.000000    14.000000    13.000000     7.000000     3.000000    20.000000    15.000000     0.000000     6.000000     7.000000     7.000000    11.000000    48.000000    48.000000    15.000000    20.000000     6.000000     4.000000    14.000000    20.000000     2.000000    29.000000     7.000000    36.000000    25.000000    19.000000     6.000000    -1.000000    11.000000     8.000000    -3.000000
   972.487305    -7.000000     7.000000    10.000000     6.000000     8.000000    51.000000    19.000000    14.000000    31.000000    16.000000    -2.000000    -1.000000    -2.000000     7.000000    -5.000000     7.000000     9.000000    -5.000000     2.000000    -7.000000    -1.000000    -8.000000   -29.000000     0.000000     6.000000     7.000000     3.000000    13.000000     6.000000    14.000000    16.000000    -1.000000     2.000000    -4.000000     8.000000    -4.000000    -9.000000    14.000000     9.000000    17.000000    -1.000000     4.000000    21.000000    -6.000000    -4.000000     9.000000    22.000000    -6.000000    10.000000    16.000000    22.000000     5.000000    10.000000     7.000000    -3.000000    18.000000     2.000000     8.000000    25.000000    42.000000    19.000000    11.000000    24.000000    28.000000     7.000000    10.000000    16.000000    16.000000     1.000000    20.000000     7.000000     2.000000    -8.000000    -1.000000     3.000000    13.000000    -9.000000    24.000000
   973.894409     3.000000    20.000000    -6.000000    -3.000000     9.000000    18.000000    28.000000     5.000000    10.000000     6.000000    14.000000    11.000000    -3.000000     9.000000     5.000000    -2.000000     0.000000    -1.000000     1.000000     6.000000    16.000000     2.000000   -11.000000     8.000000    -2.000000     5.000000     4.000000     0.000000    -6.000000     2.000000     7.000000    -7.000000     3.000000    -2.000000     6.000000     8.000000    10.000000    -5.000000   -11.000000   -16.000000    -6.000000     6.000000     2.000000     4.000000     7.000000     9.000000    14.000000    -8.000000     1.000000    20.000000    11.000000    10.000000    10.000000    13.000000     4.000000    -8.000000     3.000000    20.000000    17.000000    53.000000    16.000000    12.000000     3.000000    18.000000     9.000000    18.000000     7.000000    19.000000    14.000000    16.000000    20.000000    13.000000    -5.000000    -1.000000     1.000000     4.000000     4.000000    15.000000
   975.302002    13.000000    -2.000000     4.000000     6.000000     8.000000    25.000000    15.000000    -9.000000    -2.000000    -1.000000    12.000000    -3.000000     4.000000    -1.000000    12.000000    10.000000     9.000000   -12.000000     2.000000    -5.000000    -5.000000     4.000000     8.000000     7.000000    -9.000000     4.000000    -1.000000     5.000000     4.000000     6.000000    -6.000000     5.000000    -5.000000     9.000000    -2.000000     0.000000    -4.000000    -1.000000    18.000000    13.000000    11.000000    14.000000     4.000000     9.000000    -5.000000    -5.000000     7.000000    20.000000    18.000000    -4.000000    16.000000     2.000000     8.000000    -6.000000    10.000000   -10.000000    17.000000     8.000000    26.000000    59.000000    46.000000    20.000000    16.000000    16.000000     0.000000    12.000000    13.000000    22.000000    11.000000    12.000000    16.000000     9.000000    13.000000     3.000000   -15.000000     3.000000    -9.000000    30.000000
   976.710083     2.000000     2.000000     3.000000    -1.000000     6.000000    11.000000     8.000000    -3.000000     7.000000    -4.000000    12.000000    16.000000    23.000000    15.000000    15.000000    20.000000     6.000000     8.000000     2.000000    -7.000000     3.000000    11.000000    -1.000000     5.000000    -7.000000     6.000000     1.000000     9.000000     4.000000     5.000000    -9.000000     8.000000     6.000000     6.000000   -10.000000     7.000000    26.000000     3.000000     6.000000     4.000000     3.000000    -4.000000    -2.000000    -4.000000     7.000000     2.000000     3.000000     0.000000    11.000000    33.000000    15.000000    12.000000     6.000000    11.000000     6.000000    -5.000000    25.000000    22.000000     6.000000    45.000000    10.000000     6.000000     6.000000     9.000000    17.000000     1.000000     6.000000     4.000000    23.000000     0.000000     7.000000    11.000000    21.000000    17.000000     3.000000     7.000000     1.000000    14.000000
   978.118713     7.000000     2.000000     6.000000     3.000000     5.000000    32.000000    13.000000     6.000000    10.000000    19.000000    26.000000    21.000000     5.000000    21.000000     6.000000     4.000000    -4.000000    -3.000000    -5.000000     9.000000   -20.000000    -3.000000     6.000000     8.000000    -6.000000    -4.000000     0.000000    15.000000    11.000000    -7.000000   -13.000000    -2.000000     5.000000    -9.000000    -8.000000    18.000000     0.000000    15.000000    17.000000     7.000000     1.000000     5.000000    14.000000    21.000000    -4.000000    -1.000000     4.000000     4.000000     6.000000     8.000000    23.000000     4.000000    14.000000     0.000000     9.000000     1.000000    -1.000000     0.000000    -1.000000    36.000000    21.000000    13.000000    -1.000000    14.000000    18.000000     5.000000     1.000000     7.000000    17.000000    -4.000000    16.000000    12.000000     0.000000     3.000000    14.000000    21.000000     1.000000    17.000000
   979.527710    16.000000     6.000000     6.000000    11.000000    17.000000    26.000000     5.000000    -1.000000   -16.000000     8.000000    14.000000    14.000000     7.000000    13.000000     8.000000    16.000000    15.000000    12.000000    -2.000000    -9.000000    -9.000000   -11.000000    16.000000     1.000000    -1.000000     4.000000   -15.000000    -4.000000    -2.000000    -2.000000   -15.000000    16.000000    -6.000000    18.000000   -17.000000   -13.000000    -1.000000     0.000000    12.000000     9.000000     1.000000   -21.000000     8.000000    -5.000000    34.000000     6.000000    10.000000    15.000000    13.000000    21.000000    -1.000000    10.000000    15.000000    10.000000     3.000000     0.000000    -4.000000    26.000000     8.000000    20.000000    18.000000    12.000000    -1.000000    -1.000000    11.000000    29.000000    -5.000000     9.000000     5.000000     9.000000    19.000000    10.000000     6.000000    16.000000    23.000000     0.000000    -4.000000     1.000000
   980.937195    14.000000     1.000000     0.000000     0.000000     9.000000    21.000000    15.000000     7.000000     1.000000     4.000000     5.000000     9.000000    14.000000     3.000000     2.000000     6.000000    18.000000    -9.000000     6.000000    -3.000000   -12.000000    12.000000     0.000000     4.000000    10.000000     8.000000    -3.000000   -12.000000    -1.000000    -1.000000     5.000000     0.000000    -9.000000    -8.000000     4.000000   -28.000000    -2.000000     3.000000    13.000000     7.000000     8.000000     4.000000    16.000000    11.000000     9.000000     4.000000     2.000000     4.000000    11.000000    10.000000    10.000000    -7.000000    -1.000000     6.000000     1.000000     2.000000     4.000000     6.000000    23.000000    40.000000    42.000000    20.000000    16.000000     7.000000     9.000000    19.000000    19.000000    11.000000    11.000000    13.000000    18.000000    22.000000    16.000000     5.000000    22.000000    11.000000    -4.000000    12.000000
   982.347229    12.000000    -2.000000   -15.000000     7.000000    21.000000    23.000000    18.000000     2.000000    -4.000000   -21.000000    -2.000000     3.000000     5.000000     6.000000    -3.000000    -5.000000    20.000000    14.000000    18.000000     7.000000     3.000000     0.000000    -4.000000     9.000000     6.000000     6.000000     3.000000    10.000000    -9.000000     4.000000    16.000000     4.000000    -7.000000    -1.000000    -2.000000    14.000000    -6.000000   -26.000000   -10.000000     0.000000    12.000000    -6.000000     4.000000    -1.000000     4.000000    -2.000000    -9.000000     1.000000     9.000000    12.000000     4.000000    12.000000    15.000000     6.000000    -8.000000    -5.000000     5.000000    13.000000    19.000000    32.000000    31.000000    -6.000000     4.000000    13.000000    37.000000    18.000000    19.000000    15.000000     3.000000    -4.000000     8.000000    10.000000     0.000000    13.000000     1.000000     5.000000    -4.000000    17.000000
   983.757690    10.000000     6.000000    -2.000000   -15.000000    29.000000     3.000000    19.000000    -1.000000    -3.000000    -7.000000    -3.000000    -4.000000    12.000000     7.000000   -14.000000     1.000000     4.000000    -7.000000     3.000000    -9.000000    -6.000000     7.000000    -7.000000    -7.000000    18.000000    14.000000   -10.000000    -6.000000    -3.000000   -10.000000    -5.000000     2.000000    -2.000000    -1.000000     2.000000    -1.000000    -1.000000    -5.000000     6.000000    11.000000    14.000000    -7.000000    12.000000     3.000000    -5.000000     2.000000    -8.000000    13.000000     2.000000    -2.000000    14.000000    14.000000    -9.000000    12.000000    10.000000    13.000000    -3.000000    12.000000    12.000000    35.000000    21.000000     1.000000     8.000000    17.000000     4.000000    20.000000    25.000000    11.000000    -4.000000    -3.000000     6.000000     2.000000     6.000000     4.000000    -2.000000     2.000000    -6.000000     7.000000
   985.168579     2.000000     0.000000    -3.000000     9.000000    21.000000    12.000000    15.000000    13.000000    16.000000     7.000000    -5.000000     0.000000     7.000000    10.000000     6.000000     5.000000     3.000000    10.000000     2.000000     4.000000     9.000000    -6.000000     0.000000     0.000000    -9.000000     3.000000     4.000000    -4.000000     6.000000    -7.000000     1.000000     6.000000     4.000000    10.000000    -2.000000     8.000000   -12.000000    -1.000000    12.000000    -1.000000    15.000000    -2.000000     5.000000    -5.000000    13.000000    -3.000000     8.000000    10.000000    29.000000    -1.000000    28.000000    -4.000000     5.000000   -20.000000    -2.000000   -11.000000    10.000000    10.000000    22.000000    41.000000    41.000000     5.000000    10.000000    14.000000    15.000000     7.000000     5.000000     6.000000     3.000000     6.000000     3.000000     3.000000     7.000000     7.000000    21.000000     5.000000     5.000000     4.000000
   986.580078     6.000000     3.000000    -3.000000    -1.000000    31.000000    15.000000    11.000000     7.000000     6.000000     8.000000    15.000000   -13.000000   -10.000000   -10.000000   -10.000000   -11.000000    12.000000    12.000000    -1.000000     8.000000    23.000000     2.000000     7.000000    -4.000000     3.000000    11.000000     2.000000   -17.000000   -13.000000    -1.000000     3.000000     7.000000     2.000000     7.000000     5.000000     3.000000     2.000000     2.000000     4.000000    -5.000000    -1.000000    -3.000000    -6.000000    12.000000    -9.000000     2.000000    -3.000000    13.000000     8.000000   -11.000000     3.000000     2.000000     6.000000    -9.000000     5.000000    14.000000    11.000000     4.000000    35.000000    48.000000    36.000000     9.000000    10.000000    -2.000000     9.000000     7.000000     5.000000    -4.000000     8.000000     7.000000    11.000000    -8.000000     2.000000    -1.000000    20.000000    -9.000000    -9.000000     2.000000
   987.992004   -13.000000    -6.000000    12.000000    -1.000000     5.000000    18.000000    12.000000     5.000000    10.000000    18.000000    -2.000000     9.000000    -3.000000     0.000000    -1.000000     3.000000   -11.000000    -9.000000    15.000000    -2.000000    12.000000     3.000000     4.000000     1.000000    -4.000000    -6.000000     9.000000     0.000000     3.000000    12.000000    -2.000000    13.000000    -7.000000     1.000000     5.000000    12.000000    -6.000000    -1.000000    -4.000000     0.000000     2.000000    13.000000     2.000000     5.000000    10.000000    -1.000000     1.000000    13.000000     5.000000    14.000000     9.000000    10.000000     2.000000     6.000000    -7.000000    -6.000000    12.000000     9.000000    22.000000    40.000000    21.000000    -6.000000     0.000000    17.000000    11.000000    10.000000    26.000000     5.000000     2.000000    15.000000    16.000000    -1.000000    -1.000000    -2.000000    13.000000    11.000000    -4.000000    18.000000
   989.404419     9.000000     1.000000    19.000000    15.000000    10.000000    17.000000     9.000000    -2.000000    -2.000000    -6.000000    -6.000000     6.000000    14.000000    22.000000     9.000000    22.000000    -2.000000     3.000000    -1.000000     3.000000   -10.000000     1.000000   -19.000000     0.000000     4.000000     1.000000     1.000000    -8.000000    -7.000000     7.000000    -5.000000     8.000000     1.000000     8.000000   -12.000000     5.000000    -1.000000     4.000000     2.000000    13.000000    -7.000000    -7.000000    -1.000000    -3.000000    -5.000000    -9.000000     1.000000    -5.000000    11.000000     0.000000     2.000000   -12.000000     7.000000    -6.000000    12.000000     7.000000    11.000000    14.000000     7.000000    43.000000    25.000000     7.000000    27.000000     6.000000    11.000000    19.000000    10.000000    13.000000     8.000000    -3.000000    10.000000    10.000000     9.000000    -4.000000     6.000000     2.000000    -1.000000     8.000000
   990.817322    23.000000     9.000000     5.000000     3.000000     9.000000    13.000000     4.000000     2.000000     8.000000     6.000000    -7.000000     7.000000    -2.000000     3.000000    11.000000    -1.000000    -1.000000   -21.000000    14.000000    -5.000000     3.000000   -10.000000    -2.000000    10.000000     7.000000    -9.000000     6.000000     6.000000    -5.000000     5.000000     9.000000    14.000000    -8.000000     2.000000     7.000000    15.000000   -12.000000    -9.000000     2.000000     7.000000     4.000000     8.000000     5.000000     2.000000    -4.000000    16.000000    11.000000    -6.000000    16.000000    -3.000000    -2.000000    -2.000000   -11.000000     6.000000    14.000000     4.000000     6.000000    -3.000000    -4.000000    28.000000    25.000000    21.000000    11.000000     7.000000    22.000000     8.000000    16.000000    16.000000    -1.000000    19.000000     9.000000     8.000000    -5.000000     7.000000     6.000000   -16.000000     9.000000    10.000000
   992.230713     0.000000     2.000000   -13.000000   -26.000000    14.000000    36.000000    16.000000    27.000000    32.000000     6.000000    -3.000000     1.000000     6.000000     2.000000    12.000000    12.000000     0.000000     7.000000   -14.000000    16.000000    10.000000     7.000000    -5.000000    -4.000000     5.000000    -2.000000   -12.000000     0.000000    -1.000000    12.000000    16.000000   -17.000000   -11.000000    14.000000     2.000000    20.000000     1.000000     2.000000     9.000000    13.000000     4.000000     7.000000   -13.000000     8.000000    15.000000    13.000000    18.000000    -3.000000     9.000000     2.000000    26.000000     1.000000    14.000000     7.000000     8.000000    16.000000    -1.000000     4.000000    11.000000    38.000000    19.000000    19.000000    12.000000     3.000000     9.000000   -16.000000   -11.000000    15.000000     5.000000    20.000000     9.000000     2.000000     8.000000     3.000000   -12.000000    -5.000000    23.000000    12.000000
   993.644470     0.000000    -5.000000     7.000000    -6.000000    12.000000    15.000000    16.000000    -3.000000    -2.000000    -3.000000     6.000000     7.000000    17.000000    -2.000000    -1.000000    16.000000     7.000000     5.000000    -4.000000     6.000000    10.000000     9.000000   -12.000000     6.000000    -3.000000   -13.000000     0.000000     4.000000    -6.000000     1.000000    -2.000000     3.000000     2.000000     5.000000    -2.000000     3.000000    -4.000000     9.000000    10.000000    17.000000   -11.000000    -9.000000     4.000000     7.000000     4.000000    13.000000    17.000000    -4.000000    -8.000000    10.000000    28.000000    -1.000000    11.000000    12.000000     2.000000     1.000000    21.000000     4.000000    -2.000000    40.000000    33.000000    -2.000000    24.000000     9.000000    15.000000     7.000000     2.000000     2.000000    11.000000     7.000000     3.000000     2.000000   -18.000000     3.000000    -3.000000     3.000000     3.000000    29.000000
   995.058777    24.000000   -10.000000     7.000000     5.000000    19.000000    17.000000     6.000000    10.000000    11.000000     8.000000    -2.000000   -14.000000    -7.000000     1.000000    12.000000     0.000000     8.000000   -12.000000    -9.000000     7.000000    -7.000000     3.000000     8.000000    22.000000   -14.000000     7.000000    -3.000000     9.000000    -1.000000     0.000000    -9.000000   -18.000000     6.000000     3.000000     3.000000   -11.000000    -7.000000     9.000000    -6.000000    -7.000000    12.000000    -4.000000    15.000000     9.000000    12.000000    13.000000     8.000000     8.000000    24.000000     7.000000    -4.000000    -3.000000    12.000000    10.000000    -7.000000     8.000000    15.000000   -14.000000    11.000000    39.000000    30.000000    11.000000    15.000000    17.000000    10.000000     4.000000    12.000000    -2.000000     9.000000    10.000000     0.000000     0.000000    -2.000000     9.000000     4.000000     2.000000   -10.000000    14.000000
   996.473572    -4.000000    -6.000000   -12.000000    13.000000    25.000000    17.000000     6.000000    -5.000000    13.000000    -6.000000     6.000000   -13.000000    -8.000000    -3.000000    -2.000000     1.000000    20.000000   -12.000000     3.000000     6.000000    -6.000000    -7.000000    10.000000     3.000000    22.000000    12.000000    -8.000000    -3.000000     3.000000     4.000000     2.000000     9.000000     2.000000     7.000000    -7.000000    -2.000000    -7.000000    -1.000000   -16.000000    -6.000000     6.000000    11.000000     8.000000    10.000000    23.000000    11.000000     9.000000    -9.000000     6.000000     3.000000    14.000000     2.000000     1.000000     7.000000     6.000000     2.000000     5.000000    13.000000    14.000000    40.000000    12.000000    11.000000    22.000000    25.000000    14.000000    13.000000    18.000000    15.000000     4.000000     3.000000    -2.000000     0.000000     5.000000    -8.000000     7.000000     9.000000    -2.000000    23.000000
   997.888916     1.000000     6.000000     9.000000    22.000000    11.000000    20.000000    16.000000    19.000000     6.000000   -10.000000    13.000000     8.000000    -2.000000    -7.000000   -20.000000   -18.000000   -10.000000     6.000000     4.000000    -3.000000     4.000000    -8.000000    -1.000000    -8.000000    -2.000000     0.000000    12.000000    13.000000    -8.000000     1.000000    -1.000000     9.000000     1.000000     1.000000    -3.000000    -7.000000    17.000000     2.000000   -13.000000    -3.000000   -10.000000     6.000000     7.000000     6.000000    -2.000000     9.000000    -3.000000    -7.000000    23.000000     9.000000    14.000000   -12.000000   -12.000000    -3.000000     5.000000     7.000000    -2.000000     7.000000    -3.000000    26.000000     6.000000    12.000000    12.000000    -1.000000    34.000000    18.000000    11.000000    18.000000    16.000000    -5.000000     0.000000     2.000000    18.000000     3.000000    -4.000000    15.000000     6.000000    13.000000
   999.304626     4.000000    -2.000000    14.000000    18.000000     5.000000    16.000000     1.000000    -4.000000     1.000000    -3.000000    -6.000000     8.000000    -4.000000     0.000000    13.000000     8.000000     6.000000    -1.000000     5.000000    -8.000000     3.000000     3.000000    -4.000000     7.000000    -6.000000    -6.000000     1.000000    -7.000000     6.000000     3.000000     0.000000    11.000000    -6.000000     0.000000   -10.000000    11.000000     4.000000   -16.000000   -12.000000    -1.000000    -3.000000    -3.000000   -18.000000   -18.000000   -16.000000     5.000000     8.000000    17.000000    -2.000000    -4.000000    12.000000    -2.000000    -6.000000     4.000000    18.000000     7.000000    24.000000    24.000000    13.000000    13.000000    41.000000     9.000000     9.000000    22.000000    21.000000     5.000000    14.000000     8.000000    14.000000     5.000000     0.000000     8.000000     5.000000    -5.000000    38.000000    10.000000     0.000000    10.000000
   999.658630    14.000000     1.000000   -10.000000    -6.000000    13.000000     9.000000    27.000000    -1.000000     1.000000     7.000000    29.000000     2.000000    17.000000    11.000000     9.000000    -5.000000     1.000000    10.000000     0.000000    -3.000000     0.000000    -5.000000    20.000000     1.000000     0.000000     1.000000    -4.000000     7.000000    10.000000    -8.000000   -11.000000    12.000000     2.000000     7.000000     4.000000   -17.000000     8.000000    -7.000000     7.000000    -3.000000     4.000000     0.000000    -7.000000     1.000000    -7.000000    -7.000000     0.000000    19.000000    20.000000    17.000000    14.000000     5.000000   -10.000000     5.000000     5.000000    -1.000000     8.000000     3.000000     8.000000    36.000000    18.000000    12.000000     7.000000     8.000000    27.000000     1.000000    -5.000000    17.000000    14.000000    10.000000    -2.000000    12.000000    13.000000    -8.000000    -2.000000    -2.000000     6.000000     1.000000
