ENVI ASCII Plot File [Tue Dec 09 14:00:38 2025]																																																													
Column 1: Wavelength																																																													
Column 2: X:192 Y:248~~1																																																													
Column 3: X:197 Y:260~~2																																																													
Column 4: X:183 Y:261~~3																																																													
Column 5: X:175 Y:264~~4																																																													
Column 6: X:168 Y:267~~5																																																													
Column 7: X:170 Y:272~~6																																																													
Column 8: X:163 Y:273~~7																																																													
Column 9: X:156 Y:274~~8																																																													
Column 10: X:149 Y:275~~9																																																													
Column 11: X:150 Y:267~~10																																																													
Column 12: X:151 Y:268~~11																																																													
Column 13: X:153 Y:270~~12																																																													
Column 14: X:155 Y:272~~13																																																													
Column 15: X:154 Y:283~~14																																																													
Column 16: X:169 Y:290~~15																																																													
Column 17: X:184 Y:297~~16																																																													
Column 18: X:199 Y:304~~17																																																													
Column 19: X:206 Y:311~~18																																																													
Column 20: X:212 Y:299~~19																																																													
Column 21: X:218 Y:287~~20																																																													
Column 22: X:225 Y:285~~21																																																													
Column 23: X:232 Y:283~~22																																																													
Column 24: X:236 Y:280~~23																																																													
Column 25: X:240 Y:277~~24																																																													
Column 26: X:242 Y:285~~25																																																													
Column 27: X:248 Y:289~~26																																																													
Column 28: X:270 Y:304~~27																																																													
Column 29: X:418 Y:151~~28																																																													
Column 30: X:440 Y:140~~29																																																													
Column 31: X:462 Y:130~~30																																																													
Column 32: X:450 Y:125~~31																																																													
Column 33: X:452 Y:134~~32																																																													
Column 34: X:452 Y:142~~33																																																													
Column 35: X:447 Y:142~~34																																																													
Column 36: X:443 Y:144~~35																																																													
Column 37: X:447 Y:147~~36																																																													
Column 38: X:449 Y:152~~37																																																													
Column 39: X:449 Y:158~~38																																																													
Column 40: X:465 Y:164~~39																																																													
Column 41: X:623 Y:127~~40																																																													
Column 42: X:544 Y:82~~41																																																													
Column 43: X:555 Y:78~~42																																																													
Column 44: X:553 Y:87~~43																																																													
Column 45: X:549 Y:87~~44																																																													
Column 46: X:545 Y:87~~45																																																													
Column 47: X:543 Y:92~~46																																																													
Column 48: X:43 Y:648~~47																																																													
Column 49: X:35 Y:646~~48																																																													
Column 50: X:635 Y:335~~49																																																													
Column 51: X:630 Y:335~~1																																																													
Column 52: X:188 Y:586~~2																																																													
Column 53: X:183 Y:583~~3																																																													
Column 54: X:178 Y:588~~4																																																													
Column 55: X:173 Y:589~~5																																																													
Column 56: X:168 Y:584~~6																																																													
Column 57: X:173 Y:582~~7																																																													
Column 58: X:109 Y:47~~8																																																													
Column 59: X:113 Y:48~~9																																																													
Column 60: X:115 Y:54~~10																																																													
Column 61: X:112 Y:61~~11																																																													
	399.924103	9	-7	5	13	11	15	24	14	9	12	-5	-1	-15	9	4	0	-13	8	13	16	25	2	-1	-8	2	5	-4	6	12	9	1	13	14	-5	12	3	7	13	11	9	16	-3	8	16	14	-8	-2	-5	8	10	1	9	-8	3	5	16	13	-4	8	-8
	401.119995	14	-4	3	-21	-3	12	3	6	1	10	14	-2	1	10	11	-2	5	2	3	-1	12	1	-3	2	4	1	-1	-9	11	5	10	10	-6	10	0	-13	5	0	11	7	-2	-11	5	4	-5	-3	-1	-2	8	10	6	5	16	8	-5	15	-12	5	6	-7
	402.316406	8	-7	-18	11	-13	7	19	1	11	11	-18	-2	-11	-11	-1	-2	-9	-1	-12	2	7	-6	-7	4	9	5	2	18	1	7	-2	-4	4	13	9	-4	4	-5	12	10	10	16	11	-5	3	14	8	8	-3	-1	9	-1	-10	-11	-7	-7	-5	10	0	5
	403.513306	5	-1	-10	1	18	0	2	-2	5	-6	0	0	12	-5	-13	-14	-4	8	-7	-15	-18	3	13	11	-7	11	0	4	-1	-2	5	-1	2	-1	-1	7	6	2	4	0	-7	-3	8	9	12	8	1	-3	-3	9	-1	-6	3	-2	15	7	6	2	-1	4
	404.710602	11	17	-8	-7	0	-1	6	-6	3	23	11	8	-12	14	-6	-6	-6	-10	6	-2	-3	15	9	20	2	14	-4	8	1	-14	3	3	5	9	-5	8	7	-1	10	12	-2	1	5	6	0	-10	-2	-12	2	6	8	-9	11	-5	-1	3	17	23	4	18
	405.908508	2	-8	1	-1	-4	11	8	2	7	13	-7	-12	-4	-6	-4	-15	-11	17	2	4	-6	-2	-1	10	-8	-14	13	7	0	5	13	18	7	5	-6	-2	6	5	0	8	-6	2	5	11	6	7	3	-12	-12	13	6	-13	2	10	11	9	-4	15	22	14
	407.106812	1	-14	8	13	-7	5	6	-8	6	6	11	6	-3	1	18	3	7	-17	9	2	2	-8	-12	-5	-4	8	-5	0	6	-1	5	11	5	-5	-3	0	5	-1	8	-3	1	-5	2	13	11	6	-15	-1	12	-10	7	-6	-6	7	-7	5	1	-14	11	-8
	408.305603	3	18	-20	8	12	15	0	7	-3	6	4	-9	10	-15	2	10	1	31	0	-3	-1	14	8	2	-2	0	5	4	5	9	7	17	2	-9	7	-2	-7	2	12	3	16	10	-14	7	-12	-4	5	9	3	13	-7	-7	14	27	5	16	-5	-8	-9	-8
	409.504913	10	14	6	31	-5	17	-2	7	17	3	17	-5	11	3	0	11	15	17	-16	10	-2	-2	11	-9	3	-2	11	-15	5	3	-1	12	11	-10	-3	-8	12	19	2	4	15	-2	4	2	5	1	-6	12	-7	11	-8	20	9	-6	3	3	-7	17	0	-3
	410.704712	19	17	16	-3	-4	2	8	-1	9	9	12	0	1	3	-4	8	18	6	11	10	8	11	6	21	4	-9	-19	5	5	-4	2	19	13	11	2	14	4	11	-14	10	16	3	17	7	11	8	-3	15	7	-9	-5	-9	-12	-5	7	5	0	7	5	16
	411.904907	-5	12	3	0	-9	1	13	7	0	19	14	1	5	-10	-9	4	2	6	-5	-1	2	1	14	4	-2	0	0	4	15	8	-3	-4	1	-2	-16	0	8	10	-2	-10	0	-6	-1	3	-21	15	4	-18	-7	19	8	-3	4	-16	5	5	-4	16	-11	9
	413.105591	5	8	0	24	-15	3	-1	7	13	7	0	19	4	-3	5	-6	16	-5	3	6	-1	6	13	7	3	16	-2	5	0	7	-12	7	14	14	4	14	5	3	6	6	9	3	22	7	1	-4	21	17	-1	-22	-2	1	7	2	-18	14	1	7	-2	2
	414.306793	2	-10	14	11	10	-9	0	7	3	-14	11	20	9	-1	5	6	-7	-3	7	4	8	9	-9	5	6	7	-9	2	-11	5	16	17	22	-4	17	1	13	3	4	-13	5	6	4	10	21	8	-5	2	-1	0	-7	8	-1	-2	2	16	-1	17	3	14
	415.508514	-3	23	-2	12	12	10	-1	4	-6	2	13	16	2	13	7	0	15	-3	-11	5	4	-7	12	-3	0	13	-12	-3	12	1	5	-7	0	0	-2	7	-11	-6	8	3	-7	-3	-1	4	5	-2	6	3	14	1	-5	3	7	11	8	1	-2	5	2	10
	416.710602	-11	14	14	11	0	-4	16	19	3	0	6	12	11	23	7	8	29	4	1	6	17	-6	13	-5	-6	3	13	26	-1	9	-9	0	-6	11	20	6	0	1	-1	-12	-7	5	9	14	-21	5	8	3	14	2	0	9	7	14	2	-6	1	6	-6	-11
	417.9133	3	16	11	-6	5	-2	-6	19	5	9	23	4	15	27	1	13	21	31	-8	-1	21	0	4	1	5	5	0	11	-2	13	16	-11	-3	13	-13	25	4	11	2	2	-1	-6	12	11	13	9	-2	19	16	-1	-6	24	23	11	7	-3	17	2	-16	12
	419.116394	5	5	11	-5	23	14	9	-1	10	3	4	3	-2	17	-2	12	30	26	12	13	15	-2	0	15	6	9	5	0	10	-1	12	8	17	17	12	4	11	3	6	-8	1	11	-10	12	-2	-10	15	25	3	0	3	12	2	0	13	4	10	-8	10	5
	420.320007	-1	8	8	0	13	-3	1	5	24	10	8	4	8	14	26	8	10	17	13	8	7	-12	14	6	6	22	13	9	2	7	2	5	5	17	-14	16	18	23	9	4	-10	1	12	-1	2	-4	4	13	-4	10	-9	3	5	-12	2	-4	8	-3	-5	-10
	421.524109	4	10	5	2	9	10	15	3	2	9	8	24	2	1	6	0	23	23	8	9	6	-1	0	9	1	-2	4	6	-5	7	13	4	-2	20	15	10	17	15	-3	-5	15	11	5	12	9	3	2	6	7	-8	3	16	-7	3	11	9	23	5	-1	11
	422.728607	4	-4	5	3	10	-1	15	10	3	-6	15	9	11	8	9	7	-1	8	-10	6	2	15	-12	7	0	5	17	5	3	19	19	-9	4	-7	1	4	13	1	4	18	16	10	5	10	3	-12	13	3	3	11	-8	1	12	1	3	-6	17	3	-6	5
	423.933685	16	22	7	8	-2	2	7	24	13	16	0	1	11	21	10	2	10	19	-7	2	7	-12	2	-3	6	9	5	0	2	0	3	15	4	2	7	14	-4	10	-9	3	11	-2	4	17	8	20	-3	17	4	9	-6	15	9	20	6	10	33	7	-4	2
	425.139191	14	-11	9	-1	30	8	20	23	3	3	11	12	19	17	-4	-10	3	17	23	-13	3	9	16	8	11	19	2	19	3	4	18	15	16	-9	18	-1	4	5	-1	5	16	-4	9	14	3	15	14	9	15	-2	9	6	28	-1	14	25	1	-1	1	13
	426.345215	10	9	4	5	11	25	10	4	9	7	12	10	10	8	30	13	4	5	15	0	-5	17	-6	11	25	7	12	24	15	6	8	6	10	11	2	19	18	31	2	6	5	1	9	7	16	10	19	14	7	-10	7	1	6	18	7	10	6	10	38	5
	427.551697	-10	23	13	10	7	17	22	19	13	-3	14	10	29	18	0	12	11	28	21	14	-6	-5	2	14	17	-2	14	12	2	12	14	21	26	22	-4	21	8	13	16	-1	10	7	9	18	11	31	23	16	5	6	7	0	5	9	18	5	16	29	24	1
	428.758606	31	24	34	0	8	12	24	20	5	33	35	12	25	3	26	4	2	18	-2	17	14	12	26	2	2	12	-7	22	3	5	23	-4	3	12	26	13	12	16	-3	11	13	15	26	12	1	22	9	27	5	2	11	28	11	17	25	1	27	16	9	27
	429.966095	9	20	10	23	19	20	30	22	19	35	19	15	31	24	10	5	22	15	23	10	7	15	21	15	29	9	11	20	21	19	12	9	26	31	26	34	22	22	23	17	14	9	-1	31	22	15	15	26	-2	6	11	12	16	10	42	30	33	30	24	30
	431.174011	-6	-5	-2	7	20	23	20	40	11	24	17	17	45	9	13	8	71	46	10	9	19	18	13	25	14	-2	22	21	15	16	25	29	45	39	18	59	31	58	15	5	21	26	13	24	41	31	22	40	-12	3	13	16	-4	23	36	26	61	40	43	32
	432.382385	32	31	18	19	4	1	15	41	28	19	40	32	44	18	24	4	12	44	10	21	28	31	21	20	27	40	19	34	14	16	22	25	45	39	20	41	51	51	29	6	46	43	25	24	37	48	48	21	18	3	14	32	26	10	33	6	95	29	37	35
	433.591309	19	31	16	18	31	21	21	34	38	27	22	49	37	47	41	16	55	68	45	26	25	48	11	26	49	37	45	43	38	31	31	40	63	57	35	65	53	77	26	13	30	20	47	28	66	37	45	76	28	14	25	41	52	40	74	45	109	46	14	45
	434.800598	34	14	22	30	24	42	48	69	24	26	32	85	55	64	37	52	58	88	18	36	27	35	66	45	56	60	59	30	38	35	51	47	79	88	46	78	51	77	35	23	53	29	53	47	95	60	41	66	17	22	44	42	60	46	95	59	120	50	45	46
	436.010498	51	28	45	35	41	40	31	84	42	69	84	86	63	72	50	27	77	112	38	45	27	51	59	58	47	67	65	53	52	45	48	76	87	77	67	110	94	83	56	28	62	46	83	51	115	59	73	112	19	28	73	55	61	71	131	88	178	85	64	77
	437.220795	62	48	45	35	55	73	44	120	64	82	91	82	98	90	61	55	108	155	48	64	33	48	81	91	45	80	85	51	62	61	71	68	92	102	84	101	122	120	53	33	74	88	83	62	87	103	72	127	28	28	67	53	96	68	130	100	217	91	108	94
	438.43161	31	55	63	44	72	64	75	123	74	96	106	103	106	71	79	51	97	164	52	63	61	81	88	82	88	118	97	74	87	64	100	97	109	93	98	137	137	187	61	24	100	82	105	96	91	112	106	128	33	26	71	93	93	80	170	91	275	151	93	144
	439.642914	68	53	73	77	65	69	63	129	72	96	124	114	138	91	75	100	93	188	48	72	61	97	89	98	89	106	127	100	87	67	104	128	128	109	108	127	177	162	91	28	98	62	99	98	151	112	108	172	34	22	75	117	114	103	183	132	315	122	97	167
	440.854614	63	68	69	59	58	86	70	125	96	101	84	85	128	99	82	84	111	167	69	81	67	111	123	100	99	96	106	75	103	68	94	91	179	157	130	196	159	168	80	36	119	86	129	105	181	102	142	201	17	33	67	107	107	118	193	152	362	131	98	128
	442.066895	68	58	73	73	80	91	69	166	78	112	136	119	146	99	96	123	140	188	86	81	76	123	130	105	104	139	108	110	129	105	135	108	134	128	133	204	196	237	101	49	126	103	131	115	159	158	147	199	75	40	104	139	146	116	217	134	387	176	97	173
	443.279602	80	91	76	65	108	92	83	193	83	106	131	161	128	105	80	106	145	196	86	93	75	141	126	133	100	137	109	121	135	83	107	108	176	154	147	240	178	244	99	52	133	80	144	119	148	160	109	214	42	72	123	121	149	119	207	140	457	174	99	175
	444.492798	64	87	99	88	68	89	77	148	84	118	142	131	124	108	107	95	143	247	79	91	68	128	143	117	116	139	134	88	135	110	152	128	178	182	139	246	210	249	113	44	152	106	150	114	170	133	168	214	49	61	95	137	153	127	227	179	441	189	101	181
	445.706512	65	79	73	90	88	109	93	170	100	130	131	131	136	124	114	85	182	259	62	99	91	129	165	124	135	158	127	117	152	108	172	135	208	190	152	255	208	275	84	12	170	108	174	141	165	140	112	220	52	18	133	125	145	128	228	160	473	158	131	168
	446.920685	68	74	68	100	75	87	76	173	50	106	142	116	136	127	86	103	186	272	82	105	83	129	168	183	120	173	159	88	128	114	162	129	201	205	184	263	197	260	92	55	179	105	164	134	195	168	134	218	61	32	111	143	174	120	233	176	485	163	93	164
	448.135315	76	91	92	85	96	104	95	190	119	96	146	145	176	126	119	143	148	266	127	106	85	130	156	186	138	162	166	92	145	99	146	120	211	213	132	264	217	267	112	53	183	121	163	128	205	139	176	231	47	56	116	154	139	124	220	185	437	191	120	170
	449.350403	82	96	83	81	73	106	85	175	93	128	144	162	161	104	121	120	167	287	82	146	86	161	171	180	136	161	171	127	160	90	180	141	195	238	181	307	243	321	124	53	153	164	182	137	210	182	174	232	43	39	103	143	143	151	212	175	467	183	131	182
	450.56601	90	113	101	86	100	112	96	195	117	114	145	166	169	126	138	137	158	310	93	121	77	150	188	184	128	167	155	98	169	115	158	153	222	242	176	295	263	307	124	61	169	111	162	156	219	183	162	265	60	45	138	147	162	171	239	166	474	190	122	183
	451.782104	76	92	108	101	120	108	95	212	116	123	165	148	202	123	156	118	174	285	123	93	84	148	184	231	150	190	164	115	121	117	163	144	233	215	179	340	238	305	134	46	174	141	223	130	207	185	159	255	37	60	109	158	191	187	254	202	547	204	126	218
	452.998596	82	85	102	89	107	131	75	204	102	136	147	151	192	131	118	111	173	295	105	110	83	155	201	189	161	213	216	126	182	120	203	158	253	249	183	308	260	324	134	30	208	127	207	172	225	206	182	246	70	69	114	159	180	176	250	186	497	197	104	195
	454.215698	73	83	93	93	110	114	90	196	116	127	181	163	196	164	122	129	214	339	89	103	95	169	210	199	186	201	179	141	181	137	186	152	238	259	211	364	259	349	143	70	191	120	192	154	214	182	167	265	77	56	123	144	195	173	241	212	543	235	187	188
	455.433197	112	99	88	145	89	103	80	221	121	140	163	158	186	131	140	130	189	304	100	116	83	147	225	212	170	230	196	141	194	130	188	137	216	334	210	378	269	369	161	38	194	139	237	170	200	187	181	338	46	61	142	133	213	184	269	240	513	203	182	216
	456.651215	78	96	112	114	92	128	75	220	116	126	159	211	183	132	163	107	190	346	132	125	75	181	196	197	182	258	185	153	189	136	205	143	229	284	249	427	292	360	160	80	215	139	247	198	196	195	232	304	37	54	134	175	243	180	259	229	574	205	143	186
	457.86969	81	107	116	113	108	140	121	189	138	138	186	160	190	122	114	137	184	340	126	144	116	180	208	207	179	279	187	117	193	133	162	182	269	295	257	390	290	410	175	49	246	138	214	188	238	200	189	296	55	51	149	177	207	182	311	244	606	223	144	197
	459.088593	98	85	124	145	102	138	122	232	92	138	133	149	204	131	178	147	208	377	144	143	114	183	247	197	167	271	179	130	200	151	223	177	290	273	255	387	319	400	163	66	242	130	228	162	237	194	211	282	58	80	140	183	185	183	276	245	605	227	159	253
	460.308105	102	111	128	138	122	139	102	226	84	137	162	162	170	187	142	114	196	367	118	135	124	199	223	234	186	291	248	109	203	128	210	191	244	281	281	397	271	413	163	64	237	141	213	186	231	204	238	283	71	65	139	199	182	184	294	247	606	238	146	239
	461.528015	109	87	112	134	113	158	99	263	105	150	161	161	193	153	158	133	251	380	119	157	120	188	206	254	181	252	190	150	201	115	232	170	279	304	288	396	279	406	189	60	228	160	249	213	238	195	234	320	56	77	151	181	212	184	254	237	571	214	173	206
	462.748413	106	126	117	130	98	164	130	239	141	130	200	169	196	151	164	163	226	402	157	140	131	209	233	262	180	283	230	121	172	126	187	176	257	297	281	407	295	445	179	73	274	160	247	161	236	230	244	300	72	53	167	183	192	183	287	225	566	240	142	238
	463.969299	78	107	114	110	102	146	86	257	138	138	153	174	194	142	183	179	205	409	172	180	110	173	265	234	200	290	226	144	166	156	244	189	266	281	276	472	307	469	166	67	247	168	236	169	306	205	222	347	53	76	168	198	206	207	289	262	631	231	182	216
	465.190613	104	121	135	134	135	168	131	256	137	145	130	182	195	161	184	161	222	421	127	177	111	204	258	254	195	301	244	135	222	125	233	222	307	319	303	438	309	495	213	80	256	135	230	208	284	235	216	331	75	60	144	195	224	234	270	242	672	237	177	215
	466.412506	125	125	120	123	130	168	113	242	120	166	167	217	229	180	153	140	234	433	169	161	140	243	264	267	202	290	232	145	216	153	228	169	295	330	333	474	311	489	204	75	265	196	242	220	261	215	280	369	65	67	155	160	232	208	319	260	657	243	168	257
	467.634796	129	110	105	147	102	182	120	231	141	160	190	177	228	192	187	189	250	403	155	204	131	225	255	243	258	283	232	179	224	149	263	209	292	323	344	472	353	429	206	69	285	153	257	219	257	206	229	334	67	80	137	186	267	216	307	235	700	216	173	250
	468.857605	128	106	113	113	113	122	112	260	133	162	221	212	220	165	170	158	289	464	165	167	130	232	315	303	192	311	257	142	226	133	219	213	342	369	355	541	331	541	219	75	276	176	263	232	268	244	243	368	84	86	150	216	261	212	310	274	739	265	215	258
	470.080902	123	129	142	119	124	184	147	253	142	165	171	241	203	185	193	168	296	535	190	146	142	272	314	314	224	313	256	160	239	170	248	225	332	365	378	478	376	491	209	45	299	169	290	204	276	254	302	367	72	75	161	221	263	225	307	245	765	225	196	262
	471.304596	122	134	139	157	154	177	142	245	134	166	205	243	213	175	241	175	246	510	172	180	131	279	292	299	223	350	256	144	223	143	232	196	341	381	395	506	352	503	217	92	285	179	273	211	274	250	251	371	90	76	178	215	253	256	306	285	799	262	197	278
	472.5289	107	128	153	134	138	175	127	251	118	152	199	235	236	163	213	161	265	457	211	174	126	246	324	285	222	351	234	182	222	167	292	232	301	381	405	529	340	531	211	61	301	183	262	220	297	233	265	398	68	78	163	226	291	229	323	222	741	229	183	190
	473.753601	146	105	112	155	124	196	136	286	154	170	184	198	252	185	214	148	272	518	180	195	153	283	312	281	234	346	268	154	225	139	270	218	330	387	450	571	349	519	239	73	287	163	275	221	259	228	225	364	66	90	170	223	240	235	359	284	805	250	155	272
	474.97879	128	149	143	149	152	170	132	244	114	163	175	227	220	194	189	168	276	492	167	183	135	254	289	261	225	326	266	177	247	189	228	257	337	400	463	520	393	522	233	72	293	161	298	242	261	242	281	361	90	74	158	230	236	235	336	292	785	241	174	261
	476.204498	122	121	156	131	131	203	129	269	137	177	190	193	237	200	250	221	254	469	176	186	129	268	341	313	228	370	252	164	218	171	260	248	329	393	458	525	373	575	220	66	306	189	282	254	304	240	241	384	73	102	147	222	261	242	331	271	791	268	197	235
	477.430695	102	121	159	155	121	193	147	311	156	156	210	210	238	172	202	170	291	538	217	183	146	276	300	330	209	347	300	193	244	161	269	239	327	403	442	538	426	560	282	78	303	208	290	213	327	255	284	423	76	86	199	214	279	225	316	282	799	257	195	263
	478.657288	116	150	157	162	144	189	134	322	136	168	221	236	244	176	218	192	288	507	230	196	126	281	294	325	247	395	272	191	248	174	267	231	338	394	478	524	402	593	260	75	280	174	283	215	267	266	293	392	74	95	161	195	278	285	307	296	816	298	188	290
	479.884399	114	125	138	150	126	193	161	277	164	159	175	236	227	201	242	214	297	542	202	180	135	265	305	362	242	381	237	172	218	179	298	211	356	401	426	602	388	575	257	68	325	197	273	231	290	234	343	384	87	89	182	263	258	249	337	285	820	256	217	275
	481.112	145	98	142	141	129	202	133	287	156	177	194	191	224	198	213	176	308	521	190	197	139	280	331	336	219	376	284	167	237	169	291	219	357	417	505	578	418	607	253	73	343	184	281	236	256	267	301	376	107	100	189	205	264	242	296	310	845	246	205	287
	482.340088	123	141	161	126	171	177	117	278	145	178	215	247	260	213	255	172	315	576	199	184	155	305	317	367	243	365	278	171	234	183	260	229	334	460	500	582	376	620	257	69	312	182	301	226	276	249	340	396	84	72	182	220	285	246	348	309	816	266	229	300
	483.568695	146	149	159	169	136	215	159	291	139	187	240	217	252	177	241	195	295	579	226	196	158	257	325	362	280	337	316	177	257	175	267	239	434	454	521	581	391	587	240	81	330	188	297	226	284	256	342	395	80	96	164	228	308	275	339	307	852	261	171	272
	484.797699	126	142	162	134	153	222	134	303	132	182	210	213	253	170	262	195	295	563	248	174	155	344	345	402	248	384	281	190	256	183	258	229	363	460	592	570	403	650	284	81	349	209	319	229	308	262	293	418	99	93	135	244	277	283	309	306	889	280	204	265
	486.027191	137	150	147	182	147	187	140	295	152	199	236	220	251	178	258	181	300	565	234	211	147	261	323	326	278	363	263	151	233	155	263	256	334	446	564	522	452	640	285	65	356	213	311	246	298	286	319	364	95	95	171	226	303	263	355	312	920	237	172	308
	487.257202	131	131	178	132	173	203	160	281	159	197	207	247	269	215	293	204	323	587	240	207	171	303	339	318	290	372	297	195	243	194	272	272	421	447	555	595	391	623	292	92	375	180	305	236	298	280	336	447	78	112	176	255	296	262	383	340	867	225	224	287
	488.487701	157	140	171	154	172	222	152	281	151	160	213	223	265	207	274	187	323	594	232	198	181	299	392	355	338	373	282	192	257	182	309	296	404	441	580	580	417	703	268	88	349	169	298	266	302	263	317	389	89	88	180	249	295	286	362	310	932	271	245	290
	489.718597	129	157	185	169	168	246	174	320	137	190	266	189	228	184	259	208	345	619	239	219	169	341	386	334	308	405	309	200	273	214	309	265	404	470	587	630	414	688	297	67	355	180	339	277	303	313	320	423	90	76	171	264	282	277	327	330	951	310	234	266
	490.950104	158	151	193	149	160	255	177	303	139	211	211	231	233	222	290	218	348	620	268	216	172	349	367	370	319	483	309	188	268	194	298	264	420	480	614	663	435	679	322	81	374	209	345	244	320	261	363	404	86	97	178	271	302	299	354	309	945	285	240	307
	492.182007	147	139	171	155	163	221	181	343	154	227	260	206	259	213	247	219	340	600	214	208	169	342	376	381	318	413	324	187	244	197	316	279	448	512	644	682	464	748	268	82	321	190	360	269	273	281	371	437	106	99	198	259	289	255	341	343	977	281	209	291
	493.414398	146	153	179	151	131	242	171	325	144	197	227	272	263	193	288	223	328	622	283	243	151	307	385	360	305	461	307	191	216	195	348	307	417	523	635	650	460	716	294	90	366	188	317	249	265	299	344	408	86	94	188	247	294	289	385	338	933	257	188	290
	494.647308	161	147	145	173	158	247	147	295	147	183	234	225	262	193	297	165	304	646	207	207	208	314	437	380	284	446	313	180	268	174	308	269	458	558	595	652	483	737	278	80	419	180	325	283	294	274	339	487	93	75	188	264	349	306	361	294	984	312	209	293
	495.880615	135	149	148	149	174	236	187	293	155	197	226	217	284	236	287	207	332	614	200	219	186	312	392	377	311	442	340	174	217	202	329	267	417	474	642	616	476	688	309	82	311	218	332	291	272	317	338	443	97	84	205	253	309	275	354	320	985	291	186	298
	497.114502	154	136	182	127	165	209	162	314	180	190	228	241	254	205	294	193	332	611	192	247	170	335	406	332	318	432	321	211	257	182	310	263	425	538	624	667	448	752	296	83	373	213	338	270	277	289	370	412	100	75	214	291	292	273	372	309	973	286	199	326
	498.348785	152	153	149	130	165	212	175	304	157	193	214	227	237	233	310	189	332	607	227	243	129	310	373	342	248	457	320	204	241	182	307	256	417	516	640	671	459	728	307	75	390	239	344	319	306	301	362	417	95	99	190	286	302	254	332	275	965	248	192	303
	499.583588	163	173	145	147	150	268	180	305	163	191	223	268	267	206	329	195	345	609	233	224	178	293	354	376	278	475	255	177	224	210	306	270	401	479	638	665	509	728	338	73	332	182	346	259	312	301	350	438	91	92	179	256	324	292	326	283	992	293	217	294
	500.818909	179	141	150	143	151	238	168	325	127	190	215	249	231	208	295	205	337	628	238	231	181	336	422	360	296	431	351	198	295	190	306	282	435	481	651	632	446	703	277	89	360	211	354	259	301	325	335	403	97	97	190	253	299	291	341	309	1006	296	211	307
	502.054596	142	152	159	143	158	231	178	312	166	176	178	227	263	182	303	219	364	614	252	229	184	306	402	376	291	458	337	206	228	179	324	226	427	508	660	676	465	780	316	96	389	211	334	263	297	309	328	446	103	101	179	275	326	289	338	319	954	294	225	316
	503.290894	148	148	164	168	140	230	179	307	183	206	238	231	270	225	273	214	338	675	240	250	190	295	404	391	266	452	355	213	242	186	292	250	450	614	710	660	485	732	308	86	362	205	286	253	283	322	324	479	94	98	168	264	308	349	386	339	951	318	225	315
	504.527588	170	126	188	167	178	256	176	298	147	201	240	231	266	207	318	230	319	660	253	211	205	312	358	353	297	459	361	178	235	204	308	301	423	540	772	637	468	740	337	74	395	213	339	258	285	314	329	460	92	95	190	283	289	290	362	332	1076	308	234	316
	505.764801	137	139	168	156	172	220	175	327	173	215	260	213	240	227	302	201	339	642	203	229	190	348	414	372	272	471	360	180	237	193	337	289	488	511	744	723	476	780	348	83	369	212	293	293	323	308	374	488	68	94	196	283	310	322	374	298	1033	305	222	285
	507.002502	173	148	197	168	161	240	214	330	171	213	205	234	259	179	314	246	356	706	237	278	201	341	399	388	301	477	348	196	272	220	286	266	427	555	756	703	498	779	330	57	358	189	338	292	311	318	353	566	123	80	185	310	284	298	325	290	1068	299	227	350
	508.240601	172	133	144	173	151	212	176	304	175	211	201	252	289	243	316	214	353	617	259	241	194	313	401	398	302	435	326	188	234	217	304	272	438	568	804	744	484	812	365	91	333	214	313	253	305	343	329	451	78	107	181	290	292	300	382	327	1097	318	220	342
	509.479309	167	148	146	158	173	239	193	303	150	222	261	244	275	215	308	213	364	694	257	226	196	322	403	364	279	472	358	177	294	202	354	294	446	562	837	690	460	788	296	74	374	193	323	274	281	330	358	455	95	108	184	287	353	328	395	317	1065	318	229	314
	510.718414	155	127	163	158	152	247	200	332	144	228	258	216	272	278	302	216	379	694	248	232	218	341	388	375	324	453	361	184	294	194	306	277	431	528	801	730	518	847	312	77	356	188	341	266	319	283	373	496	85	81	181	291	272	298	352	336	1159	318	218	337
	511.958008	154	160	171	170	160	253	198	325	146	236	259	275	274	256	329	227	401	625	251	243	207	310	422	351	300	467	360	199	275	184	348	269	489	531	844	684	547	808	349	87	357	218	313	264	274	358	389	419	126	99	205	259	290	321	374	311	1144	321	219	342
	513.19812	172	162	174	140	168	238	208	362	177	230	265	271	301	266	324	221	366	616	265	247	222	314	444	333	367	484	365	200	239	189	342	277	491	592	940	799	517	863	345	94	322	226	345	252	300	303	394	494	92	112	197	296	304	323	403	304	1162	345	218	369
	514.438599	168	162	148	148	155	236	171	327	159	217	262	249	308	231	310	246	337	669	271	260	254	364	472	381	296	538	357	255	323	201	321	312	512	616	925	766	578	840	320	91	452	240	387	308	307	349	376	489	88	109	185	299	256	303	399	339	1222	325	229	291
	515.679688	144	171	184	138	195	262	206	350	171	243	248	302	325	287	370	199	320	631	305	249	212	325	466	386	330	488	352	193	274	218	321	345	497	596	951	790	567	840	359	81	384	187	375	270	317	352	362	512	108	107	177	288	219	313	431	319	1203	335	234	351
	516.921204	150	161	157	155	181	283	206	351	196	227	247	276	319	222	366	215	315	671	304	243	224	357	417	394	332	558	370	169	339	180	314	307	499	628	913	752	538	907	349	110	438	206	307	308	338	354	370	510	136	91	167	248	214	330	423	294	1237	319	219	342
	518.163208	104	136	161	162	173	239	183	342	212	229	246	296	332	240	371	196	351	682	280	257	228	315	425	374	348	503	381	203	291	227	338	303	500	630	934	779	546	878	345	82	418	251	339	292	321	360	361	582	110	102	186	278	192	313	412	322	1163	318	221	328
	519.405579	164	113	150	148	143	256	201	330	170	201	241	267	316	205	321	206	291	714	256	202	250	335	400	392	340	525	416	210	289	199	348	305	441	597	911	751	529	904	328	106	377	207	340	320	358	330	386	536	89	109	171	230	167	312	421	303	1237	319	231	297
	520.648621	154	102	138	159	163	257	143	374	175	239	255	267	303	234	348	210	315	680	282	228	186	377	438	353	308	485	389	231	274	211	306	296	490	608	942	785	543	887	346	74	380	215	332	298	309	365	371	582	108	104	202	237	244	303	418	333	1271	307	230	324
	521.89209	141	132	172	154	172	234	189	396	203	225	236	273	315	239	370	226	336	712	273	268	222	314	415	383	343	480	342	202	304	258	326	320	558	613	961	796	515	920	314	87	398	251	302	304	317	370	373	510	101	121	176	260	216	300	356	345	1213	292	265	305
	523.135986	139	152	147	154	173	250	184	372	175	224	259	277	336	239	371	242	347	732	292	242	247	373	452	372	297	460	301	230	308	214	386	365	506	645	956	738	536	847	349	93	413	237	337	307	339	323	386	566	104	84	204	247	231	333	434	309	1140	302	272	320
	524.380371	134	157	206	158	176	257	212	344	187	241	249	261	315	243	336	244	363	659	285	239	194	309	432	331	355	601	331	211	292	207	356	323	458	576	976	792	520	907	340	102	427	197	334	294	318	387	375	586	111	87	165	279	245	310	366	331	1290	304	244	291
	525.625305	185	151	180	124	185	222	193	310	159	246	284	274	265	276	321	253	389	664	268	278	214	374	390	399	329	517	376	239	299	181	336	349	515	647	968	851	524	847	350	121	384	260	292	314	351	377	379	520	101	110	213	287	256	307	419	317	1253	305	265	301
	526.870728	198	180	185	182	212	221	209	375	169	237	284	262	304	265	363	236	395	682	281	293	216	363	450	343	316	510	350	200	332	230	327	315	516	552	986	800	560	880	373	130	428	241	328	326	320	426	396	519	103	105	175	316	290	312	436	328	1284	338	263	381
	528.116516	170	184	175	197	195	223	214	410	202	248	258	281	311	262	320	217	371	743	296	270	215	334	429	394	351	562	358	238	296	243	324	323	503	608	1014	811	530	877	344	108	375	256	325	330	329	382	398	566	107	122	199	246	279	350	435	316	1363	338	239	382
	529.362793	184	182	199	186	175	225	212	347	181	229	273	305	323	276	357	265	405	737	342	298	231	308	390	429	373	493	384	240	306	248	325	421	544	639	1022	818	562	951	397	122	421	245	331	321	350	375	395	586	129	128	204	296	298	325	423	327	1428	372	261	389
	530.609619	192	239	237	186	211	241	201	368	189	198	277	280	318	262	376	285	391	746	290	272	278	367	428	459	357	543	416	202	291	225	372	333	549	683	1100	858	514	878	371	123	424	242	336	298	339	432	433	589	125	129	197	311	313	351	414	337	1433	415	248	344
	531.856873	205	227	228	212	211	257	213	359	210	234	285	289	319	272	362	225	442	758	346	313	268	386	513	411	362	564	419	212	356	237	344	394	597	665	1132	872	535	895	392	112	431	240	338	334	326	418	430	636	110	121	207	294	343	354	418	333	1440	391	275	393
	533.104614	208	219	262	210	218	277	227	366	196	288	289	257	372	276	401	281	453	800	346	325	258	396	459	392	398	545	425	197	342	251	344	352	572	723	1147	863	550	929	398	125	427	253	349	299	352	390	434	639	133	111	214	317	362	378	478	341	1457	387	264	412
	534.352905	240	236	255	246	236	330	234	412	197	276	304	330	334	327	389	278	487	822	343	343	271	424	537	470	440	520	385	215	352	220	327	388	529	644	1169	897	615	913	417	135	418	273	336	365	365	431	449	650	144	121	199	326	352	355	448	358	1484	403	251	376
	535.601624	238	297	318	221	223	303	223	386	187	262	288	295	340	265	407	285	451	871	352	353	303	407	535	440	417	563	457	222	323	240	344	375	577	712	1119	901	595	1001	434	156	426	226	376	341	386	426	435	586	111	148	259	301	361	335	517	340	1516	390	275	413
	536.85083	235	291	291	226	260	339	237	406	184	262	326	314	329	300	423	275	481	844	404	343	301	415	501	456	414	563	409	213	379	248	358	376	573	812	1154	924	632	1020	459	145	447	253	362	335	368	435	426	673	105	126	222	326	353	363	474	412	1527	373	225	416
	538.100525	285	276	335	272	229	368	276	408	190	277	331	304	357	284	453	332	499	844	367	364	321	428	506	494	462	588	440	261	339	287	397	344	575	677	1119	894	610	1039	477	165	442	233	346	371	365	449	426	615	125	119	245	329	361	329	495	401	1567	448	278	440
	539.350586	300	292	317	269	267	364	277	395	210	254	293	312	387	254	424	329	463	923	396	423	367	468	482	528	474	528	408	263	298	248	430	346	592	702	1206	980	610	1062	503	179	465	297	360	369	389	464	461	656	122	139	260	323	394	408	483	383	1650	422	239	466
	540.601318	321	299	335	288	257	368	311	403	207	293	336	330	363	314	422	352	506	890	416	417	361	556	575	483	480	591	425	288	378	267	357	415	640	761	1206	943	621	1063	474	150	494	231	354	324	403	489	472	640	114	131	254	312	331	392	511	407	1583	448	241	465
	541.852417	323	344	340	277	290	335	303	409	191	292	324	299	377	315	430	352	504	942	408	422	374	530	558	454	497	628	454	268	371	266	402	394	655	765	1230	1004	662	1093	501	205	473	258	349	366	431	455	453	688	134	134	230	351	360	419	483	412	1710	431	254	461
	543.104004	373	369	391	300	249	361	285	397	208	292	351	303	301	301	401	332	573	1008	449	403	346	479	556	512	507	628	427	265	378	251	407	463	604	784	1245	1006	697	1047	491	183	467	277	406	367	392	486	497	715	131	132	256	383	394	393	539	403	1674	431	284	469
	544.356079	370	368	393	295	258	390	302	422	237	282	329	366	361	334	444	330	543	956	466	431	413	481	574	505	523	659	445	276	397	265	420	418	608	803	1308	1030	657	1149	498	181	493	315	364	371	360	504	474	713	149	136	262	367	401	407	563	490	1755	473	278	471
	545.608582	384	379	385	283	270	398	302	419	210	256	344	357	354	354	444	377	542	961	472	470	417	535	542	464	528	704	476	253	391	307	418	441	625	756	1334	992	713	1063	524	207	517	274	370	361	398	468	425	703	115	117	309	362	350	410	548	427	1745	430	277	455
	546.861694	343	393	419	297	300	402	301	436	211	310	367	326	401	345	484	351	577	1021	508	454	469	577	574	481	569	708	447	260	379	296	462	419	632	834	1230	1044	717	1147	505	195	502	252	360	325	435	526	478	708	114	125	255	369	390	465	526	449	1765	469	259	530
	548.115173	368	395	378	313	330	418	319	401	206	270	330	383	406	328	457	361	563	1026	487	497	415	556	584	500	581	662	485	260	362	291	481	464	626	827	1291	981	699	1164	576	237	460	289	373	360	406	517	507	717	157	127	239	377	367	416	546	427	1907	486	264	505
	549.369202	398	415	415	316	320	398	336	432	231	295	374	371	412	336	470	410	572	1022	531	494	399	586	558	509	547	746	564	237	387	277	435	465	716	847	1332	1039	672	1140	531	234	503	265	411	376	382	540	506	706	106	117	256	421	396	436	581	448	1810	447	323	516
	550.623718	387	404	399	283	284	413	298	463	220	282	361	347	427	315	467	380	576	1039	509	494	432	555	589	560	559	711	461	249	413	270	399	469	722	869	1361	1079	666	1187	553	230	493	335	411	374	384	548	495	756	120	131	255	387	386	432	563	434	1891	498	293	483
	551.878723	401	423	421	301	308	412	352	491	224	306	368	402	415	326	444	405	619	1086	560	505	431	598	670	572	636	710	527	284	434	290	424	470	662	765	1433	1021	713	1212	562	241	493	291	392	406	419	539	532	736	142	145	265	416	419	480	619	447	1915	508	321	522
	553.134094	424	408	420	301	317	444	318	462	206	281	360	404	392	333	473	355	628	1054	522	517	399	552	600	587	560	724	527	265	345	305	443	465	705	867	1369	1061	734	1209	571	223	520	282	354	371	414	548	502	779	144	148	279	417	427	415	613	428	1950	527	319	494
	554.390015	376	423	403	321	289	431	334	506	262	286	336	342	430	352	471	367	614	1022	524	491	451	574	658	588	597	741	534	288	424	313	436	494	687	857	1436	1010	743	1211	537	217	528	332	388	380	446	545	507	739	155	145	257	433	404	439	564	399	1996	498	295	504
	555.646423	390	395	431	290	313	388	330	470	256	332	374	388	411	369	533	356	607	1154	488	508	425	539	702	537	640	764	499	247	414	290	444	427	642	861	1475	1063	744	1264	596	242	482	308	374	421	454	539	472	798	162	173	294	434	392	458	553	421	1975	515	292	531
	556.90332	409	394	395	306	343	393	324	444	250	302	407	415	431	434	496	388	603	1146	541	500	416	578	733	547	595	707	524	249	405	289	475	492	701	848	1426	1148	714	1257	557	219	533	327	339	389	453	585	491	771	147	132	288	384	412	453	589	431	2036	480	283	552
	558.160583	392	406	441	311	322	445	345	500	261	359	387	403	446	364	466	404	602	1164	519	516	467	594	713	598	639	822	527	245	380	269	421	471	662	932	1521	1130	747	1241	617	201	566	333	361	405	450	611	524	769	138	172	253	414	416	447	585	408	2116	536	318	619
	559.418518	388	442	401	341	320	459	357	425	245	331	387	435	459	400	451	382	638	1102	508	502	435	645	673	563	591	752	555	264	392	261	433	493	720	909	1540	1184	798	1235	590	237	586	324	420	394	478	562	531	862	137	152	277	404	394	447	652	447	2182	623	322	582
	560.676819	418	389	426	339	317	401	333	491	259	344	371	426	429	374	477	388	599	1163	536	537	466	671	824	580	652	813	525	277	403	256	455	458	701	921	1547	1156	798	1270	602	220	523	320	427	412	478	602	534	801	163	157	320	453	443	498	563	478	2279	527	324	584
	561.935608	376	350	421	315	308	408	371	470	242	330	417	420	444	374	480	386	665	1221	546	494	472	630	765	585	603	799	541	279	402	266	439	503	709	900	1512	1203	811	1263	606	220	528	315	400	387	463	565	534	817	154	144	292	444	494	503	582	446	2263	565	326	594
	563.194885	373	379	454	299	334	456	343	486	249	360	405	455	499	370	490	368	645	1225	544	480	442	668	783	557	589	802	569	274	469	299	414	466	693	949	1589	1092	771	1331	583	196	585	334	428	407	427	594	543	807	160	169	301	441	434	431	593	455	2240	614	311	563
	564.454712	377	347	402	340	295	421	316	512	259	384	418	407	442	392	489	359	650	1147	512	516	433	630	703	628	629	789	576	241	420	286	481	468	671	972	1496	1155	799	1303	602	198	586	346	415	359	450	621	587	844	154	134	276	424	401	531	618	445	2101	566	324	574
	565.714905	347	346	386	326	303	404	282	474	238	369	416	419	431	390	437	371	647	1172	542	465	434	608	754	600	655	795	551	231	446	306	420	490	679	914	1490	1212	799	1270	589	191	489	344	398	376	502	626	548	868	133	137	292	378	410	501	616	430	2307	653	315	555
	566.975586	347	344	351	321	254	384	343	489	300	343	453	421	434	445	437	376	664	1180	535	497	416	678	733	592	616	789	534	271	414	296	410	484	738	977	1555	1246	806	1317	610	200	511	348	399	399	434	640	543	828	149	169	280	450	395	459	608	470	2247	648	324	598
	568.236816	376	342	371	291	310	395	334	499	260	408	393	439	446	392	474	380	600	1136	481	538	464	665	729	584	610	819	521	273	476	323	441	517	696	968	1614	1152	768	1284	618	181	573	312	385	394	443	636	557	865	142	138	285	411	434	511	630	492	2423	616	295	588
	569.498474	348	352	366	320	288	399	320	459	275	371	407	417	454	401	406	375	651	1152	564	476	404	624	760	567	619	818	596	258	424	304	438	537	716	974	1621	1176	753	1277	586	178	611	349	421	452	508	674	570	900	144	192	334	376	407	498	623	456	2351	632	340	644
	570.76062	351	317	387	293	281	406	294	478	278	385	417	470	454	448	420	381	678	1117	462	522	434	646	688	584	592	790	526	268	432	295	445	535	734	957	1540	1209	711	1264	575	165	560	327	396	399	461	615	562	872	160	165	255	451	402	476	607	443	2349	579	354	655
	572.023315	347	297	353	322	299	401	333	535	284	373	438	425	432	437	423	393	596	1181	547	499	422	660	716	580	613	845	571	274	450	314	469	493	746	905	1545	1114	793	1193	619	168	586	342	415	415	463	633	514	869	142	158	312	402	416	527	680	440	2498	620	297	600
	573.286377	373	322	360	263	333	376	339	515	237	391	449	444	514	428	451	373	641	1118	544	432	407	610	758	550	633	780	543	262	434	321	453	524	739	935	1643	1235	784	1285	564	185	589	348	426	446	471	643	606	919	138	155	270	463	447	513	707	465	2481	634	312	679
	574.549988	387	325	383	286	328	408	308	534	291	414	449	480	423	404	454	402	655	1129	511	468	468	627	719	544	647	797	587	290	421	315	441	542	710	976	1661	1239	807	1245	565	184	611	359	411	444	541	643	565	961	154	179	286	413	434	548	652	461	2501	681	394	641
	575.814087	362	291	392	266	314	415	352	529	268	379	395	497	481	431	460	406	601	1261	500	478	400	650	771	605	749	832	554	278	398	302	483	541	757	1007	1689	1197	833	1266	613	170	586	358	447	451	503	729	577	913	155	176	280	414	434	523	636	497	2630	693	347	666
	577.078613	351	309	351	308	311	421	380	581	272	408	514	485	517	450	434	392	632	1266	558	483	435	658	712	589	664	859	557	266	431	314	515	565	774	1071	1666	1280	818	1342	653	158	572	352	421	370	519	635	569	961	150	176	300	417	461	541	693	508	2602	680	389	665
	578.343628	361	318	347	301	348	381	317	575	312	425	504	525	499	462	533	410	654	1252	505	472	446	666	776	563	725	867	616	260	443	305	462	547	742	1067	1699	1281	881	1309	645	196	574	365	457	488	510	699	617	954	185	157	338	494	455	527	696	532	2587	683	362	733
	579.609314	365	334	386	283	364	444	381	623	279	376	477	473	541	417	492	391	644	1221	558	457	462	649	760	604	685	840	571	233	450	304	444	595	799	1133	1744	1368	872	1382	643	176	599	430	410	421	536	697	629	959	168	152	303	463	442	531	637	531	2622	668	393	678
	580.875183	347	340	360	261	326	435	350	556	334	431	512	492	497	426	517	365	628	1212	555	527	482	644	800	620	662	835	625	263	469	346	473	589	822	1056	1726	1231	861	1407	683	162	580	369	432	429	538	697	626	923	164	198	302	494	474	528	694	469	2854	688	387	714
	582.141724	378	300	344	293	327	417	358	550	312	426	439	490	550	489	531	399	668	1133	574	508	456	698	809	548	699	831	576	286	484	311	483	567	802	1113	1688	1313	880	1480	654	186	586	364	481	435	537	760	580	963	175	154	330	494	494	533	712	486	2868	733	399	714
	583.408691	372	298	360	324	346	434	373	640	305	469	497	494	502	514	494	442	615	1204	544	513	376	664	747	605	705	882	544	285	491	332	509	575	787	1177	1778	1363	881	1435	638	195	648	388	421	472	547	719	578	928	189	172	301	474	475	553	657	545	2850	780	354	750
	584.676025	341	297	366	283	317	434	420	587	301	443	491	492	545	460	513	398	658	1260	535	482	405	694	743	611	703	915	547	270	504	288	455	582	753	1174	1777	1316	858	1380	651	175	599	389	423	417	539	684	668	940	179	181	325	490	473	570	672	483	2903	752	399	694
	585.94397	350	256	369	275	343	425	375	573	362	511	497	508	533	496	561	428	640	1291	555	461	456	678	819	567	698	861	567	273	467	300	490	593	821	1144	1802	1379	919	1447	604	157	659	440	467	459	597	709	552	928	170	167	317	500	464	547	747	557	2915	778	420	746
	587.212402	314	279	360	281	356	422	444	569	327	455	532	539	510	492	536	387	704	1283	560	512	412	660	787	572	738	827	637	301	496	311	489	605	799	1136	1825	1342	973	1382	639	180	597	384	465	478	545	781	601	959	192	170	295	511	441	521	722	522	2877	777	388	758
	588.481323	353	269	343	279	337	452	397	653	321	489	527	534	526	502	544	380	740	1288	557	509	403	713	770	555	701	907	608	218	476	298	479	617	832	1138	1811	1402	885	1379	635	193	680	380	442	468	560	734	653	915	177	210	321	471	476	521	706	528	2959	825	396	735
	589.75061	347	275	383	282	375	390	398	627	349	433	553	557	558	481	563	379	741	1323	633	550	405	696	760	615	737	983	611	259	507	297	458	634	810	1188	1771	1324	881	1364	618	152	662	406	480	480	588	752	640	966	159	185	343	488	462	621	722	577	2997	832	440	794
	591.020508	351	333	337	297	366	476	390	607	296	492	555	598	579	535	562	442	719	1231	556	478	419	661	800	633	759	882	600	255	474	303	505	648	863	1177	1884	1369	921	1435	654	153	665	376	480	468	589	742	701	1049	160	204	365	470	469	578	691	556	3011	800	384	710
	592.290771	358	331	342	328	356	433	377	608	310	467	528	557	550	526	551	404	809	1348	553	513	392	631	769	604	806	897	589	231	502	337	496	653	751	1135	1875	1435	858	1362	686	137	672	438	484	502	595	747	608	1050	166	167	342	431	470	580	712	556	3131	895	425	786
	593.561584	342	315	341	313	378	469	405	680	344	500	555	519	577	563	527	370	782	1313	632	487	463	680	812	618	757	962	560	274	531	355	499	615	834	1128	1926	1403	898	1409	646	157	686	431	526	518	627	772	638	1095	185	210	332	526	510	642	774	543	3104	855	427	824
	594.832886	355	321	347	281	371	449	457	647	351	513	534	553	572	523	500	461	800	1329	544	506	414	616	800	632	777	983	596	294	510	348	530	637	883	1237	1907	1393	981	1404	681	157	647	445	482	540	596	746	612	1129	178	225	329	529	506	590	804	543	3108	861	436	787
	596.104614	340	332	398	318	431	430	421	657	386	492	600	572	574	543	547	430	772	1356	560	496	461	653	766	652	784	933	651	270	536	348	465	602	780	1225	1916	1433	938	1430	639	176	749	415	486	495	630	823	662	1176	192	201	339	520	496	632	835	562	3215	910	492	775
	597.376892	377	325	373	313	359	452	395	624	380	477	571	624	551	498	595	458	840	1381	558	504	462	679	848	663	753	988	615	273	509	358	505	673	822	1217	2061	1456	910	1498	641	154	720	429	517	472	649	843	718	1173	195	196	346	528	508	636	770	570	3128	963	510	805
	598.649597	358	299	386	293	357	469	436	688	363	553	605	580	599	507	584	464	809	1342	565	523	489	735	795	659	789	976	654	288	537	376	530	722	844	1255	2064	1523	988	1372	732	211	669	467	481	502	629	834	681	1272	155	175	380	530	503	593	828	574	3235	925	450	807
	599.922791	350	307	370	302	378	470	396	594	379	553	634	603	597	524	545	435	775	1409	488	526	480	661	863	663	851	1004	626	265	502	357	512	716	881	1205	1947	1445	996	1534	743	176	638	469	490	531	623	850	678	1319	197	239	348	487	561	616	782	559	3305	936	453	806
	601.196472	345	305	357	321	386	436	411	608	339	506	649	575	567	582	554	416	838	1435	597	497	458	667	847	632	790	966	640	271	471	369	528	647	881	1289	1951	1544	944	1527	656	167	692	427	485	514	627	810	675	1303	180	201	373	475	530	603	859	569	3312	888	491	820
	602.470581	385	338	356	296	392	468	451	662	347	548	550	675	647	580	556	418	775	1435	547	531	458	735	852	665	800	942	616	296	525	360	537	696	999	1256	2004	1545	990	1493	685	157	689	459	533	507	654	831	681	1301	220	196	350	522	525	624	807	597	3385	918	438	813
	603.7453	324	312	383	322	382	486	470	675	358	498	632	634	583	555	538	471	761	1334	543	497	457	729	817	701	813	968	598	293	557	339	527	746	893	1246	1926	1583	997	1458	660	183	705	445	493	475	637	852	669	1292	186	220	347	595	527	607	836	618	3351	960	454	827
	605.020386	325	305	369	305	371	467	443	661	423	517	587	654	582	544	536	430	829	1355	614	537	435	713	857	667	755	1024	627	309	488	364	497	746	896	1293	1993	1487	999	1441	703	201	729	470	536	511	662	864	707	1223	184	195	388	507	525	592	811	549	3481	912	499	853
	606.296021	353	300	306	283	388	471	434	712	411	528	644	678	626	602	582	471	744	1369	577	522	473	762	821	612	747	1031	605	302	526	370	578	748	1015	1251	1965	1494	1074	1544	682	179	757	465	487	566	689	879	691	1198	217	195	350	523	533	587	853	598	3332	944	549	880
	607.572083	357	328	368	307	401	494	448	706	422	540	595	697	636	550	543	434	877	1323	592	540	481	735	869	694	820	957	648	293	488	388	542	684	901	1263	1955	1501	958	1533	754	179	771	455	561	560	687	847	671	1226	216	222	367	578	517	600	802	555	3297	987	483	780
	608.848572	330	328	339	322	377	458	403	737	427	556	622	659	597	613	541	452	785	1437	576	545	441	798	875	704	814	957	606	278	518	332	525	698	894	1339	2002	1567	992	1492	706	172	711	511	605	515	609	877	681	1318	192	176	413	543	574	605	840	623	3467	915	516	812
	610.125671	346	289	357	348	417	515	448	732	409	537	594	656	594	591	562	436	844	1411	584	550	483	792	858	676	751	989	614	288	538	365	495	804	875	1342	1971	1478	979	1513	732	173	761	471	589	543	753	876	710	1256	210	227	403	553	544	657	870	640	3533	1006	549	844
	611.403198	338	325	372	331	426	531	452	730	432	512	629	679	644	621	580	494	809	1401	627	574	485	743	837	677	787	1059	619	264	492	403	566	735	959	1310	2037	1506	1021	1535	689	148	759	500	566	545	729	891	704	1214	203	202	402	530	567	660	904	598	3524	1022	539	823
	612.681213	363	323	360	295	413	455	442	753	429	587	589	700	703	577	571	472	818	1379	644	539	466	710	883	688	828	981	721	274	552	385	511	780	920	1342	2061	1504	1096	1535	686	160	754	445	529	576	742	892	711	1325	208	226	415	549	553	673	893	705	3468	1089	564	878
	613.959717	392	311	354	299	455	537	456	761	435	564	683	705	675	611	594	456	830	1377	650	540	474	785	964	714	828	983	604	276	545	387	533	750	964	1356	2119	1545	1039	1522	716	192	787	449	569	615	726	930	655	1271	212	235	450	570	603	665	945	643	3607	1043	525	855
	615.238586	384	320	348	327	419	539	467	755	425	600	669	705	712	625	590	491	928	1526	653	530	464	820	823	730	851	1092	637	271	597	383	517	789	956	1326	2058	1529	1045	1505	798	182	814	506	567	590	739	912	688	1295	252	213	416	516	581	648	954	657	3560	1070	597	831
	616.518127	339	314	402	330	455	551	466	781	450	572	662	765	680	594	560	483	899	1417	648	567	472	804	929	707	902	1062	611	280	583	379	527	827	941	1300	2163	1515	1012	1503	730	163	810	504	620	569	726	870	686	1310	237	201	456	640	568	682	992	726	3594	1053	551	872
	617.797974	337	304	360	289	408	538	490	754	444	590	742	669	664	630	595	455	863	1433	663	585	484	785	919	753	884	1069	615	292	585	371	516	758	992	1306	2174	1610	1099	1469	716	138	745	495	588	569	738	889	696	1340	214	227	411	569	591	644	959	662	3765	1028	595	842
	619.07843	379	305	338	340	442	503	457	828	451	624	671	732	672	644	547	485	829	1489	647	559	451	790	928	724	815	1111	595	253	516	366	518	836	1020	1325	2074	1502	984	1503	707	159	720	494	595	611	723	930	605	1303	203	183	420	606	646	635	996	676	3514	1043	545	848
	620.359314	379	329	336	351	436	527	429	722	445	625	736	732	721	622	562	472	863	1384	655	531	431	776	915	773	896	1026	618	285	555	373	553	788	937	1324	2077	1512	997	1501	745	170	790	506	619	609	683	930	664	1390	223	232	460	577	566	664	958	639	3490	1014	567	868
	621.640625	360	305	340	355	447	514	426	732	479	621	724	688	668	663	579	469	787	1458	654	510	456	814	930	739	904	1072	591	306	551	383	565	867	936	1299	2055	1493	1060	1453	744	150	765	452	621	592	674	973	690	1360	214	207	414	588	594	661	975	733	3452	1056	538	832
	622.922485	371	338	344	318	414	530	448	796	498	661	737	724	682	598	568	476	882	1456	682	534	475	784	904	722	830	1036	581	308	564	368	576	810	968	1380	2043	1510	1078	1452	719	163	774	476	641	583	722	949	655	1316	223	198	463	585	648	650	961	677	3593	1021	602	855
	624.204773	337	281	368	377	441	517	449	824	478	611	679	751	666	631	572	520	869	1395	693	552	440	793	978	715	812	1096	574	287	537	393	573	838	928	1321	2135	1541	1010	1460	751	166	792	499	589	592	747	906	650	1307	243	195	458	563	593	692	921	702	3513	995	567	867
	625.48761	369	314	358	348	458	514	427	769	471	646	714	751	729	652	562	497	851	1409	606	515	474	764	894	723	866	1042	592	257	540	373	558	777	898	1361	2158	1515	1064	1492	724	211	767	546	631	544	683	902	652	1292	224	211	408	576	625	650	955	678	3550	1069	579	850
	626.770874	340	321	344	316	415	478	473	760	494	658	724	742	691	643	548	448	835	1421	669	550	443	759	923	758	903	1047	586	264	525	399	527	776	879	1341	1983	1517	1087	1468	723	153	760	488	600	609	802	849	603	1299	213	218	405	605	622	622	987	652	3494	1069	585	874
	628.054626	313	337	334	319	396	513	443	765	497	622	743	720	696	568	561	480	872	1379	620	553	438	776	866	701	839	1020	614	273	549	390	519	854	911	1320	1979	1569	1058	1554	677	160	768	559	604	622	736	945	662	1214	183	207	485	596	621	665	918	722	3490	1000	541	819
	629.338928	326	320	336	364	474	495	483	765	475	611	688	776	720	605	537	468	879	1449	655	511	419	741	851	765	790	1000	540	254	540	375	579	768	867	1342	1954	1619	1062	1447	713	142	777	479	626	589	728	886	689	1250	196	200	403	569	641	690	980	708	3388	1092	547	791
	630.623596	321	299	345	335	428	514	475	778	449	601	733	767	701	671	523	447	857	1369	635	540	488	788	884	739	796	986	542	240	536	359	551	787	917	1346	1976	1475	994	1394	695	147	693	494	613	585	690	933	623	1135	198	200	430	592	650	606	1010	684	3446	985	583	893
	631.908813	356	321	308	280	433	481	416	850	489	600	698	738	730	639	553	435	842	1382	557	514	446	794	892	745	831	986	564	278	525	425	544	801	926	1347	1923	1529	1060	1456	666	153	779	454	596	640	728	872	589	1153	212	215	467	577	624	602	998	660	3446	1010	585	830
	633.194519	359	296	311	342	402	504	470	838	483	639	713	778	671	601	571	469	887	1393	634	563	438	789	893	751	791	982	530	258	541	425	564	770	860	1373	1968	1512	1070	1443	735	154	800	460	628	630	757	901	668	1034	214	211	425	600	574	658	978	746	3343	1031	606	824
	634.480713	355	332	328	331	399	522	490	826	475	617	675	760	710	662	536	472	790	1358	685	541	469	823	894	796	825	965	593	250	519	395	531	730	895	1366	1905	1509	1026	1466	685	153	782	512	628	614	699	949	583	1135	247	220	434	584	641	629	1050	732	3315	1022	579	871
	635.767273	295	313	380	357	441	549	457	771	476	621	673	700	716	647	539	468	824	1378	687	555	455	701	956	802	700	931	526	245	549	391	485	758	874	1337	1953	1585	1060	1388	677	189	798	439	606	616	769	833	606	1181	218	224	469	623	653	615	1054	757	3224	1054	623	821
	637.054382	312	280	348	322	486	589	469	865	490	577	728	747	695	658	523	468	849	1400	650	549	477	821	933	765	691	957	590	275	520	396	500	729	828	1343	1923	1583	1033	1393	679	165	739	471	637	589	707	858	602	1163	217	252	399	625	686	636	1026	698	3293	1011	673	813
	638.34198	320	340	353	328	409	560	408	809	484	668	696	809	731	673	563	513	881	1378	730	554	469	744	901	822	824	946	537	260	522	412	460	750	813	1364	1884	1565	1131	1461	690	147	792	467	600	657	737	843	631	1226	208	184	446	640	625	639	1123	743	3265	1049	621	807
	639.630127	343	318	349	344	472	529	509	870	474	615	755	694	735	620	533	501	852	1423	653	605	470	749	879	781	727	973	526	247	527	405	496	767	835	1322	1883	1520	1019	1417	706	138	711	509	616	637	721	899	623	1257	230	214	445	557	589	666	1067	753	3257	1012	635	806
	640.918579	342	312	325	313	491	546	457	816	481	641	729	803	719	632	528	504	848	1320	644	569	431	753	897	747	752	970	569	263	530	398	466	807	821	1320	1859	1483	1093	1414	588	184	761	485	605	618	733	893	647	1233	215	216	480	622	662	635	1051	756	3364	1011	670	764
	642.207703	309	336	369	349	422	526	462	853	483	617	718	675	711	644	520	441	804	1413	653	539	401	717	879	775	832	984	527	259	505	393	525	804	762	1356	1777	1447	1049	1417	673	171	704	463	576	625	762	920	637	1277	216	234	465	609	611	658	1016	764	3222	979	593	857
	643.497192	319	306	315	324	420	484	468	853	435	643	705	751	744	607	515	491	749	1303	617	487	471	746	941	812	817	975	516	280	479	395	500	812	876	1254	1828	1464	991	1376	622	171	729	490	571	644	715	901	565	1259	193	204	404	537	631	655	1075	770	3201	943	641	785
	644.78717	385	298	296	302	421	562	428	821	523	611	698	794	743	655	526	474	877	1301	648	523	419	711	933	796	776	1005	579	230	543	430	529	806	824	1318	1894	1462	996	1344	607	157	734	446	616	594	671	854	566	1265	229	247	395	595	632	637	1009	777	3338	964	575	816
	646.077576	313	298	342	326	409	484	442	913	494	616	709	757	721	677	492	481	826	1356	634	535	443	738	838	730	776	989	512	243	511	424	495	794	778	1332	1777	1429	1000	1343	619	165	756	480	594	608	712	860	614	1349	254	209	476	601	620	666	970	736	3163	947	623	811
	647.368713	369	288	352	297	415	527	404	837	490	681	725	720	741	626	487	453	774	1284	658	485	402	692	840	794	834	986	502	234	527	386	545	749	819	1279	1772	1470	1064	1294	636	171	732	454	638	636	731	858	568	1279	188	236	461	549	612	593	1048	757	3171	963	648	855
	648.659973	315	321	345	349	420	529	398	768	501	682	653	779	750	643	503	444	808	1314	577	502	466	689	860	796	783	949	493	250	502	424	517	748	758	1316	1831	1387	1074	1275	647	128	715	508	612	652	648	892	546	1230	210	218	473	575	615	621	1018	723	3020	966	583	843
	649.952026	309	298	319	320	399	557	434	803	521	642	713	784	748	636	475	460	774	1283	651	515	420	720	807	788	780	996	529	252	483	383	511	794	746	1257	1773	1418	979	1228	633	127	657	444	620	587	709	860	511	1228	188	227	486	606	627	604	1054	703	3012	912	602	762
	651.244385	329	273	324	311	408	481	411	878	493	576	726	777	728	614	508	438	736	1308	641	494	415	710	847	770	747	926	486	269	518	366	520	783	849	1316	1678	1374	970	1344	627	150	758	449	614	636	703	846	519	1253	201	211	447	615	633	573	1069	689	3061	938	596	755
	652.53717	322	300	331	315	417	503	440	799	478	671	694	783	744	635	429	463	716	1325	652	484	457	731	843	695	844	902	447	272	481	403	503	777	848	1210	1773	1409	1034	1266	619	143	717	470	615	619	708	930	529	1156	207	201	434	591	664	588	1053	719	2929	896	580	756
	653.830688	299	309	300	297	402	516	419	825	499	664	723	747	725	639	459	420	761	1323	606	457	440	637	917	712	779	942	458	251	479	395	501	747	814	1209	1726	1372	981	1213	582	116	708	410	639	652	677	852	478	1163	206	218	424	564	595	578	1008	729	2884	957	582	730
	655.124512	334	264	332	326	362	504	423	817	463	602	722	760	685	612	457	389	777	1287	585	505	439	648	841	721	762	903	485	256	476	387	504	822	819	1214	1749	1306	969	1229	641	149	670	414	602	639	667	838	433	1112	199	225	424	539	628	557	997	727	2777	895	607	777
	656.418823	314	293	295	314	373	517	406	845	515	628	717	739	730	627	476	376	714	1245	638	531	414	690	884	806	784	900	468	279	487	375	504	827	819	1287	1685	1312	957	1241	607	141	715	480	614	601	607	795	454	1170	202	203	428	510	627	550	994	749	2752	915	593	742
	657.713623	307	255	272	306	407	508	444	775	501	662	631	720	727	652	470	382	769	1234	603	468	448	694	861	703	756	859	459	211	476	384	571	826	844	1263	1770	1314	952	1254	565	129	697	416	608	581	667	857	435	1121	255	203	390	492	596	543	1021	738	2655	874	571	737
	659.008911	339	293	298	330	428	509	407	797	540	614	707	757	676	613	465	337	710	1135	584	466	418	701	839	699	725	879	463	237	478	407	507	840	810	1305	1608	1330	991	1254	581	127	659	440	555	663	731	834	429	1108	209	188	379	474	626	522	1006	735	2797	892	580	782
	660.304688	255	299	285	329	397	540	399	867	541	590	688	749	725	627	442	298	704	1176	594	453	401	657	828	693	778	857	469	229	491	341	518	766	791	1266	1684	1330	926	1218	583	167	664	445	601	631	661	751	480	1092	210	225	341	436	583	524	976	747	2814	889	549	704
	661.60083	273	262	267	286	409	508	433	849	466	585	663	733	685	635	409	293	673	1155	609	459	373	689	806	722	770	919	452	258	451	368	494	749	777	1224	1520	1347	1017	1253	575	134	642	407	546	632	646	806	493	1079	215	203	337	430	586	535	1069	777	2625	943	590	756
	662.897583	262	269	255	316	385	531	377	761	458	599	625	767	658	628	458	323	660	1215	572	433	387	685	800	724	729	922	487	192	475	413	504	738	801	1166	1537	1243	914	1274	602	131	682	402	568	543	623	759	509	1047	230	223	353	412	617	603	1044	718	2516	838	614	705
	664.194824	266	298	242	279	375	488	425	773	454	624	614	725	656	569	460	314	668	1196	565	472	426	674	806	702	747	858	452	232	473	382	506	752	790	1165	1530	1226	884	1157	562	147	642	416	554	574	583	795	517	941	205	220	367	432	560	522	1011	698	2533	867	574	646
	665.492493	233	291	222	291	387	485	390	746	471	608	637	680	694	554	474	324	617	1191	539	467	374	638	773	688	699	780	401	254	400	361	498	766	748	1138	1474	1220	912	1286	516	119	659	415	573	640	588	778	554	868	192	212	345	437	561	531	1050	669	2422	851	598	711
	666.790588	294	265	268	266	371	522	416	790	455	590	559	696	701	594	495	318	689	1129	520	442	385	625	775	701	729	868	391	230	417	398	499	730	679	1131	1503	1182	901	1111	539	150	629	426	600	602	628	786	514	804	219	168	347	416	574	538	949	665	2485	835	574	713
	668.089294	230	232	273	282	372	479	410	787	443	569	601	679	693	605	427	349	697	1147	575	458	366	631	772	681	660	833	436	231	433	369	535	764	707	1203	1434	1223	916	1167	532	143	688	416	543	604	622	722	540	806	173	190	365	501	571	553	1027	667	2399	850	563	706
	669.388428	267	219	270	277	356	444	389	775	469	569	575	735	677	555	460	340	653	1072	535	441	399	625	722	701	713	815	411	261	414	344	516	757	708	1119	1432	1161	872	1072	502	141	598	389	577	563	583	769	524	739	171	203	363	467	539	538	944	706	2315	854	536	670
	670.687988	292	290	277	291	339	485	390	750	404	548	592	629	680	567	467	372	639	1080	542	429	357	612	728	700	615	843	390	206	432	336	531	738	664	1160	1392	1207	880	1121	534	119	584	395	532	577	534	755	508	740	185	175	397	516	537	535	1014	715	2319	861	565	648
	671.988098	270	256	297	258	373	449	328	710	390	572	619	676	654	546	435	393	595	1075	517	458	363	639	763	654	693	755	396	252	408	371	505	723	690	1137	1368	1144	859	1089	507	128	645	389	588	519	619	694	495	693	215	188	389	558	531	568	924	681	2218	813	519	609
	673.288574	263	278	260	288	349	462	321	717	400	555	576	670	632	482	372	374	617	1110	495	444	358	623	783	671	647	765	388	223	432	371	490	756	686	1116	1365	1106	828	1094	520	110	551	378	537	597	552	715	438	725	173	182	376	489	559	470	909	684	2124	846	501	666
	674.589722	280	258	273	278	346	430	374	739	415	586	564	657	626	534	433	379	615	1019	491	422	338	612	690	620	646	777	371	215	376	389	476	745	776	1067	1350	1110	867	1065	478	115	576	382	536	579	651	737	497	731	175	175	386	504	574	499	914	708	2013	770	541	623
	675.891174	265	280	292	290	345	403	357	731	473	527	615	614	624	551	404	346	598	1073	480	395	385	532	687	641	642	728	351	226	411	337	449	682	722	1031	1317	1106	830	1020	478	117	547	398	521	587	583	770	441	820	155	162	373	591	550	496	878	697	2113	789	507	699
	677.193176	279	264	281	291	347	447	325	676	392	561	565	636	623	499	403	338	597	1106	520	421	382	582	739	653	681	695	348	202	414	372	486	720	690	1025	1285	1127	810	1052	476	114	563	371	514	546	590	740	470	827	167	170	384	517	555	494	936	649	2029	763	505	635
	678.495728	258	262	264	270	322	392	361	670	423	551	597	641	628	502	408	318	569	1036	499	422	372	572	702	635	628	818	358	233	371	301	483	751	662	1064	1288	1036	812	985	446	107	571	356	484	579	578	705	458	836	157	198	374	474	526	498	954	622	2053	796	488	631
	679.798584	229	260	238	273	344	431	342	688	438	555	586	590	648	499	370	321	576	1032	433	386	359	535	698	631	610	756	361	193	417	322	487	732	663	997	1262	1025	815	925	470	160	602	379	472	528	598	722	398	776	194	165	341	499	519	460	902	672	1897	789	510	613
	681.102112	233	249	286	256	325	430	348	769	422	479	556	650	610	464	401	320	582	969	490	375	324	506	698	669	666	689	317	197	363	350	463	685	624	956	1246	981	756	942	492	96	587	391	514	554	551	747	412	824	181	212	343	484	504	445	914	678	1892	777	465	644
	682.406006	226	223	267	269	311	430	335	677	376	538	604	604	635	526	387	326	598	1005	506	446	341	553	668	621	590	682	348	225	367	329	468	703	668	968	1205	1022	789	908	457	112	581	362	447	499	601	701	431	864	172	188	352	453	487	487	886	585	1950	718	512	616
	683.710388	225	261	272	235	314	409	315	675	427	488	530	589	660	507	433	368	584	1037	472	378	339	541	678	609	583	697	326	212	368	318	420	650	667	966	1200	1080	755	898	421	118	552	353	489	529	591	696	405	824	168	157	379	482	515	448	793	627	1850	789	514	584
	685.01532	232	253	222	242	299	418	344	651	396	473	525	597	569	452	369	298	551	1019	487	363	311	540	625	596	550	701	297	225	390	346	405	607	666	965	1209	1012	721	902	420	109	532	346	462	543	471	654	362	783	165	186	367	475	500	441	841	636	1816	756	522	627
	686.320679	237	234	241	261	296	455	338	744	402	487	481	555	541	458	375	292	575	932	466	356	310	510	597	591	587	696	308	203	386	343	424	665	573	1008	1167	1021	704	930	448	126	524	333	458	598	513	688	327	763	146	157	364	443	532	423	901	599	1772	750	450	611
	687.626526	245	200	249	243	310	381	327	697	372	464	493	615	590	510	359	290	589	966	470	385	304	484	585	539	537	684	309	162	358	276	422	626	630	933	1180	955	665	919	437	132	499	324	451	542	487	698	396	715	140	157	348	450	528	460	848	641	1769	700	451	537
	688.9328	222	244	247	230	320	392	295	628	347	484	520	519	518	430	351	297	512	969	433	357	341	509	635	566	546	668	286	172	346	343	430	624	606	957	1149	992	746	853	431	103	525	304	474	569	501	648	394	754	124	181	325	392	497	405	820	638	1736	713	480	566
	690.239624	257	246	213	229	254	380	298	627	382	463	502	604	507	457	387	269	530	909	408	333	349	449	643	525	550	655	276	206	342	285	387	646	581	913	1168	989	700	887	407	80	566	325	428	503	534	649	349	710	148	136	320	386	532	441	844	566	1682	739	449	590
	691.546875	211	212	230	256	286	378	292	626	366	484	503	564	490	436	305	246	493	938	441	350	321	497	609	502	528	608	256	170	338	295	423	637	574	854	1033	911	732	835	368	95	479	332	393	563	502	627	357	713	155	142	351	441	494	407	784	544	1617	668	455	563
	692.854614	222	232	235	224	266	401	320	604	342	441	448	494	539	422	323	275	493	900	408	329	275	462	548	493	563	627	257	183	340	300	362	611	553	878	1010	914	674	818	349	72	485	289	428	497	511	615	361	720	134	151	325	438	497	400	811	541	1640	662	418	565
	694.162781	192	223	222	275	282	385	311	576	330	439	477	505	503	394	328	286	523	876	421	316	289	462	551	498	474	584	265	173	326	313	385	591	534	851	981	838	635	769	337	72	467	295	415	509	460	620	365	717	132	134	313	405	459	368	760	527	1543	642	425	559
	695.471619	193	197	235	228	251	377	264	604	354	463	474	547	508	432	327	269	495	864	431	337	305	420	520	554	543	542	269	194	305	280	356	589	505	901	1014	847	627	738	385	89	522	272	421	455	501	622	335	706	116	142	320	326	432	389	782	541	1537	633	471	513
	696.780823	215	180	207	212	282	379	267	581	317	444	457	559	531	379	320	233	471	862	384	328	275	460	548	454	456	582	243	190	317	250	404	614	538	794	917	778	649	742	384	96	441	294	401	492	423	612	286	725	157	172	253	394	478	396	738	527	1493	624	388	517
	698.090515	207	212	207	200	271	352	257	546	343	443	439	512	540	391	305	232	438	796	409	322	240	416	505	501	444	589	236	183	282	299	390	547	529	911	918	839	602	795	340	109	447	277	428	478	403	604	299	720	130	147	315	396	449	375	752	510	1399	536	399	515
	699.400574	185	188	189	205	256	304	268	524	343	422	426	494	532	371	297	221	401	794	373	310	295	435	520	452	471	556	231	178	280	315	373	557	531	747	924	822	630	751	316	102	457	285	379	430	440	599	273	683	112	117	322	340	448	327	728	518	1341	630	367	514
	700.711304	200	183	184	199	250	340	259	582	291	446	438	543	478	405	275	220	423	777	372	297	221	410	505	479	443	542	220	146	284	307	363	516	478	784	905	787	616	701	306	69	460	226	362	413	409	570	277	705	140	96	300	305	377	367	680	509	1365	543	400	464
	702.0224	186	157	184	202	251	319	274	563	310	384	432	490	441	381	293	222	389	752	351	254	283	396	440	542	453	519	215	171	318	312	356	559	484	776	819	751	642	728	336	91	428	251	360	444	428	547	232	633	131	142	277	341	445	357	687	476	1296	531	380	544
	703.333984	181	211	172	197	260	345	218	502	328	373	403	461	454	333	309	245	426	734	319	255	282	414	472	490	408	564	225	142	311	269	355	526	511	806	845	779	587	717	333	78	420	254	387	399	446	523	235	635	105	152	245	329	399	337	683	500	1350	552	378	459
	704.646118	175	177	233	226	253	314	236	508	324	377	421	496	499	393	315	242	390	729	304	270	247	419	480	458	345	512	246	140	293	285	372	516	457	762	813	807	624	704	347	79	429	237	337	455	410	514	244	628	130	92	265	351	428	341	680	442	1268	551	387	482
	705.958618	177	172	173	167	224	322	255	556	292	368	416	486	436	359	293	235	416	748	322	226	268	351	507	474	416	541	254	134	295	263	365	463	501	746	834	765	549	687	328	88	434	238	398	441	394	487	239	661	161	122	273	383	394	313	674	467	1257	534	404	519
	707.271729	191	177	202	195	230	296	216	488	305	375	393	419	421	338	276	232	397	742	312	247	241	379	474	437	429	527	222	152	294	281	343	515	452	734	839	719	565	647	315	56	438	223	344	419	399	530	263	621	102	125	302	360	416	330	687	483	1239	492	389	483
	708.585205	195	187	201	188	196	338	231	504	287	365	398	451	465	371	288	190	383	759	279	267	276	391	467	431	365	479	199	148	237	258	336	530	428	738	835	719	556	621	267	86	374	241	327	389	383	511	273	629	117	139	254	362	417	327	635	482	1324	520	293	554
	709.89917	167	188	195	175	245	296	219	458	275	391	368	466	474	346	297	202	415	653	291	217	251	396	466	453	382	484	211	143	288	265	328	526	463	703	753	739	544	640	279	72	415	223	331	400	396	526	251	613	124	89	237	315	411	343	634	510	1168	524	346	498
	711.213684	184	161	203	178	237	287	185	515	277	322	400	459	471	356	269	210	363	680	301	254	207	384	473	414	391	487	183	140	267	272	332	476	458	733	761	719	527	650	283	60	438	239	337	444	394	520	270	586	134	133	232	354	396	335	634	475	1239	562	326	530
	712.528625	179	178	204	187	207	287	239	481	294	371	359	442	432	330	236	199	365	648	330	222	253	350	442	402	370	439	238	140	266	267	328	521	445	692	732	724	532	629	255	84	370	225	349	412	367	517	252	575	108	111	262	338	405	323	621	483	1161	502	311	507
	713.844116	164	174	193	161	221	318	151	444	303	358	364	475	422	335	276	247	372	703	287	227	258	358	456	441	357	451	169	150	298	240	363	475	463	666	733	713	490	612	267	83	356	219	324	411	394	463	249	582	113	124	246	342	331	330	617	476	1127	465	324	485
	715.159973	148	140	162	172	195	275	227	478	258	346	354	415	405	346	273	209	360	641	315	248	223	332	433	363	343	487	191	138	228	234	317	469	448	761	705	736	513	596	283	91	367	234	304	378	364	481	241	570	97	105	231	373	369	326	642	494	1194	456	319	461
	716.476379	150	161	184	163	217	284	230	451	266	363	370	411	392	346	296	181	320	669	290	241	231	335	418	406	383	439	198	151	227	272	259	460	370	710	677	692	507	579	242	54	388	185	328	360	359	479	209	518	85	105	250	309	357	294	624	403	1145	501	330	470
	717.793274	190	161	171	156	199	281	195	429	298	372	381	416	396	313	231	185	390	634	290	221	239	322	384	428	398	471	172	138	267	242	325	424	401	703	742	641	481	581	254	76	379	221	313	365	357	465	236	535	126	122	245	293	359	283	654	472	1119	497	375	482
	719.110718	154	163	156	168	206	269	160	468	285	379	355	387	397	292	250	196	321	685	294	218	199	339	400	360	359	452	192	128	225	255	285	446	429	642	624	637	472	581	253	75	341	222	293	360	356	480	258	544	116	106	244	341	393	278	640	408	1136	561	303	470
	720.428528	170	140	164	166	207	271	218	410	256	357	317	404	354	339	254	184	361	610	278	251	235	291	402	377	354	406	182	132	217	239	300	469	388	654	599	663	517	565	251	63	366	184	293	343	324	520	257	541	114	114	222	328	336	300	617	398	1046	509	301	525
	721.746826	144	177	160	162	207	283	189	418	253	357	360	421	384	312	256	185	333	688	295	286	184	296	404	381	348	381	156	134	225	216	295	430	387	649	635	664	505	539	244	101	365	219	279	384	324	416	216	523	62	109	239	299	346	306	558	439	1058	499	317	464
	723.065613	142	129	162	182	175	265	130	446	219	380	331	322	368	306	266	190	300	579	270	247	185	290	398	365	367	419	149	149	239	243	285	435	406	633	600	649	516	577	243	59	394	235	282	389	334	474	255	528	68	101	212	345	317	275	564	407	1004	457	322	461
	724.384888	142	144	149	187	192	236	207	446	267	318	363	396	360	251	235	204	322	606	278	273	199	265	355	388	316	412	184	124	255	248	336	447	399	656	584	598	457	479	224	59	350	195	292	366	305	439	200	476	91	88	253	290	279	320	637	430	953	470	274	452
	725.704712	151	165	138	140	184	267	189	412	245	340	312	391	404	315	230	190	309	615	264	243	214	282	376	389	339	410	177	106	227	194	284	456	335	618	598	563	460	602	245	69	315	169	255	369	348	476	256	479	94	89	227	325	300	296	568	393	1034	472	292	490
	727.024902	144	142	125	188	190	241	180	366	260	278	321	339	387	282	234	149	319	570	267	262	189	307	371	375	335	397	161	145	237	198	254	388	394	625	583	585	487	505	219	41	323	204	265	344	335	486	218	473	91	89	219	287	358	286	575	386	996	496	277	469
	728.345581	147	139	137	138	189	265	187	410	253	360	342	368	347	306	214	193	294	570	264	273	204	309	382	341	350	396	186	138	242	221	228	401	366	647	549	546	502	492	199	60	317	188	235	370	344	453	246	443	79	76	222	288	322	307	545	395	969	435	307	452
	729.666687	157	138	156	182	182	234	170	400	276	284	315	341	375	276	227	183	286	569	254	221	201	277	380	368	336	361	153	123	216	218	281	438	390	601	580	574	514	502	170	47	310	211	246	349	325	413	217	424	90	117	227	297	347	245	528	372	978	450	313	492
	730.988525	138	122	135	156	172	260	176	396	270	320	330	334	336	260	278	160	306	559	274	246	173	262	371	332	282	405	148	122	210	204	245	421	374	585	604	622	459	472	209	52	333	186	231	350	319	447	209	432	108	118	232	267	334	305	553	386	949	440	284	410
	732.31073	141	135	125	118	153	259	179	444	232	290	346	331	340	308	230	169	288	568	233	243	205	292	346	322	302	416	164	106	237	198	308	457	346	576	582	544	462	468	213	42	322	199	234	348	330	493	211	413	104	96	221	273	298	278	504	331	944	463	295	462
	733.633301	135	148	126	157	176	236	171	391	198	314	278	396	348	257	243	197	304	536	237	215	167	240	404	316	323	404	181	90	176	201	249	377	333	558	585	546	428	469	194	72	350	218	253	337	281	421	201	437	78	94	225	278	253	244	481	370	896	451	254	429
	734.956421	130	146	124	111	160	210	147	393	246	265	288	348	341	269	215	172	294	521	236	210	165	243	355	363	328	353	174	114	206	197	276	404	368	597	562	551	481	516	196	45	324	190	269	313	288	436	201	382	98	113	194	310	290	249	523	385	847	465	228	475
	736.280029	143	119	100	116	153	233	158	355	242	323	297	334	346	263	211	156	300	498	233	205	212	247	332	330	318	344	160	129	183	221	257	418	338	575	540	558	450	489	190	53	324	184	239	298	302	428	208	389	86	94	171	249	301	246	503	361	888	449	280	429
	737.604126	138	126	130	138	157	214	182	378	261	330	324	326	315	262	224	147	310	484	271	224	177	285	312	326	277	389	152	114	203	175	265	388	327	502	461	529	395	436	174	66	299	164	233	320	305	362	176	405	77	88	202	239	276	239	501	358	802	414	239	476
	738.928589	125	121	146	147	125	216	163	333	217	317	328	339	332	263	256	165	259	492	215	233	156	262	327	331	251	322	148	111	190	219	229	348	330	520	546	469	360	470	175	39	297	156	242	310	265	405	178	412	75	96	224	256	285	239	455	319	841	400	230	450
	740.253723	112	121	119	138	162	204	182	357	225	262	328	327	294	228	214	139	271	521	192	226	165	216	326	308	288	346	124	117	174	202	209	344	321	514	483	556	370	405	163	46	304	148	240	291	232	410	212	387	72	126	197	242	276	212	491	317	812	384	238	472
	741.579224	121	95	101	116	161	193	155	374	242	295	266	322	302	245	189	156	266	508	210	222	168	231	284	300	295	356	133	105	191	186	223	342	322	502	502	478	395	425	157	55	297	173	236	321	256	410	191	401	78	100	207	254	289	235	439	303	814	425	251	404
	742.905212	103	105	117	96	150	182	164	344	176	249	263	308	287	268	188	160	258	446	217	197	183	245	319	272	252	342	132	134	152	188	254	350	315	475	469	441	390	422	155	54	297	141	238	321	261	385	203	341	91	92	193	252	240	228	453	334	789	360	236	373
	744.231689	111	93	119	98	118	206	140	319	198	269	240	287	290	267	189	154	233	429	206	230	175	242	281	266	282	344	121	108	150	166	214	348	312	486	425	496	386	425	140	57	277	152	209	289	245	401	174	376	107	88	170	300	265	232	427	315	778	413	234	394
	745.558716	116	113	73	121	112	180	158	337	190	257	264	293	271	217	201	128	220	409	183	178	152	219	338	279	249	310	121	100	134	154	244	353	331	473	455	504	379	381	153	75	289	156	188	294	263	373	141	373	73	58	174	243	272	245	403	300	752	353	222	411
	746.886108	125	98	102	119	130	185	128	343	181	309	280	274	292	251	177	115	210	486	189	170	139	246	272	259	258	322	114	91	166	190	211	318	289	414	430	436	373	371	177	55	295	132	205	280	226	405	190	333	74	64	157	221	259	204	427	266	717	387	201	413
	748.213989	122	98	100	117	130	181	117	344	165	266	262	272	248	191	179	130	210	438	208	217	118	212	295	307	244	301	119	94	179	159	239	359	311	432	438	429	361	372	150	43	257	118	179	263	268	336	146	338	53	75	163	235	220	253	410	289	694	429	211	353
	749.542419	118	121	88	128	124	162	150	300	172	239	263	258	266	242	199	117	237	476	181	174	133	204	249	265	236	317	98	98	165	159	198	301	315	455	410	406	316	396	122	64	263	127	168	231	241	336	148	290	73	82	122	231	270	209	402	303	664	339	235	370
	750.871277	102	113	94	91	153	211	134	323	168	223	209	265	262	211	187	108	217	432	198	157	144	201	260	248	238	249	83	84	168	185	220	317	306	416	410	401	326	356	148	39	244	143	177	243	223	315	162	337	76	77	186	238	245	216	399	264	646	401	217	414
	752.200623	98	113	86	85	142	193	120	309	157	258	249	271	256	227	190	111	209	431	197	165	141	206	223	244	217	270	97	84	128	175	174	322	263	440	382	408	328	326	138	50	211	113	180	292	206	332	170	293	49	73	155	180	220	205	389	245	675	341	208	363
	753.530518	83	101	74	121	119	163	125	324	161	220	247	290	244	214	135	136	205	393	178	171	101	209	282	253	233	299	98	103	134	166	207	302	237	404	374	416	317	341	147	39	244	161	165	232	210	352	131	309	54	88	162	206	232	170	408	295	620	372	228	399
	754.860779	77	101	79	98	98	174	135	278	184	213	237	278	267	215	149	98	210	397	176	161	110	212	265	246	199	253	112	102	141	164	184	296	278	432	382	390	311	376	152	46	241	106	171	272	212	329	152	292	61	56	119	210	224	158	394	250	632	392	171	376
	756.191589	104	85	94	105	111	152	133	270	156	242	220	215	254	211	161	102	208	349	161	162	97	190	267	242	187	271	101	96	174	143	189	331	248	417	379	367	318	333	136	56	211	135	153	239	236	269	149	320	61	65	153	240	232	188	351	236	547	326	193	367
	757.522888	100	90	90	102	132	185	127	266	173	209	229	234	258	177	167	80	204	325	159	153	116	181	254	240	239	267	95	69	149	156	197	284	226	399	355	354	290	299	139	44	232	116	166	223	228	287	160	321	46	69	131	178	190	160	325	237	591	298	201	375
	758.854614	93	115	102	101	133	167	104	310	131	224	227	247	203	187	168	113	177	362	142	144	137	199	208	220	187	221	103	81	149	128	179	266	227	361	351	398	297	341	131	40	209	130	165	223	215	285	135	266	59	43	120	184	240	149	359	250	589	359	203	400
	760.18689	99	85	83	112	110	151	117	275	148	211	218	247	231	221	140	112	165	330	167	147	137	183	217	210	185	232	98	87	130	160	179	249	268	364	357	390	272	303	133	34	243	110	136	219	217	309	147	277	49	42	143	189	197	184	375	244	564	306	174	379
	761.519592	66	81	77	120	122	144	108	253	167	194	245	228	227	196	153	109	210	340	183	177	134	188	204	201	198	240	93	62	127	137	158	287	243	372	352	354	273	289	123	35	205	106	141	250	228	302	151	300	58	61	127	152	206	167	384	243	586	337	176	383
	762.852783	77	81	90	96	120	162	117	241	155	232	204	234	227	167	160	128	172	342	143	151	144	204	232	242	188	229	94	69	128	134	149	266	207	353	344	368	300	319	133	52	224	126	152	249	191	272	157	300	66	77	139	182	236	165	304	232	530	316	193	394
	764.186523	85	57	77	86	115	133	91	223	152	234	224	222	233	171	150	110	181	342	176	113	101	201	211	242	200	217	95	88	126	133	177	268	242	363	343	362	285	317	127	40	233	112	163	229	213	273	137	247	55	46	140	180	185	157	337	237	521	329	212	368
	765.52063	85	84	78	99	106	162	109	233	165	166	210	226	213	172	144	113	217	353	135	132	98	171	205	227	181	233	66	66	133	155	182	249	237	364	307	373	270	303	119	55	213	145	161	232	173	319	112	256	67	54	149	178	204	165	336	235	530	330	181	345
	766.855286	91	99	70	67	109	165	97	240	159	198	231	210	185	165	157	116	186	338	131	162	86	202	209	227	177	198	78	64	152	138	180	274	222	370	346	361	288	287	129	22	204	95	118	207	193	294	140	220	58	60	153	153	199	163	319	239	472	317	207	319
	768.19043	75	92	64	104	91	165	102	213	159	202	204	148	214	156	134	93	156	329	132	134	135	189	235	213	186	286	86	77	141	118	179	272	217	367	271	366	248	264	122	44	229	101	157	215	186	275	114	245	50	70	116	161	198	162	332	250	519	292	166	360
	769.526001	81	92	66	100	93	148	97	237	146	209	181	236	211	172	140	102	141	327	180	131	109	182	213	203	163	195	82	77	112	159	164	269	212	400	286	335	250	280	150	50	206	118	121	238	197	257	130	234	58	70	135	160	205	148	307	259	508	324	199	347
	770.862122	93	83	87	84	108	138	106	231	127	161	221	216	204	158	123	72	169	370	146	145	117	185	183	192	156	238	115	43	141	140	157	240	229	331	313	363	263	320	126	42	211	88	129	193	190	266	165	225	57	67	119	180	199	147	335	187	490	299	191	340
	772.198608	75	66	64	81	118	134	85	224	139	185	199	207	223	145	126	109	156	305	115	140	121	151	209	198	167	211	94	74	130	127	154	258	207	338	315	316	283	273	135	50	214	121	133	213	192	278	136	203	59	51	138	182	192	177	321	207	468	300	158	365
	773.535583	74	88	67	89	95	156	104	250	144	183	194	170	203	164	151	91	172	321	110	142	101	156	186	211	177	214	57	77	127	135	183	260	196	341	294	324	261	316	119	39	180	100	154	194	179	274	136	208	37	70	121	160	166	166	304	225	470	324	181	360
	774.87323	77	73	61	91	90	149	99	194	142	190	189	153	218	162	151	93	168	345	111	153	105	159	197	232	173	186	88	74	104	120	145	251	190	308	264	323	289	294	119	36	220	122	136	228	196	276	118	207	57	63	139	193	168	135	356	200	459	287	176	374
	776.211182	58	68	60	114	98	153	95	225	156	172	192	242	196	162	117	100	169	327	118	142	100	153	188	210	179	220	73	65	97	123	165	232	192	301	304	313	236	274	121	43	208	98	128	189	139	236	86	189	28	54	145	150	172	170	332	214	459	325	171	383
	777.549683	83	57	91	72	70	151	92	230	128	201	174	196	211	153	150	89	155	331	121	144	103	151	189	237	201	152	89	62	109	139	141	240	194	334	299	282	266	267	114	20	161	117	123	189	187	269	138	197	42	64	106	153	147	139	308	197	451	292	194	348
	778.888672	78	71	92	71	130	159	81	196	146	158	160	208	160	144	140	97	132	295	117	135	110	128	163	176	193	193	52	73	99	121	127	206	199	332	264	289	257	285	76	25	186	97	120	189	165	264	131	174	52	38	108	153	155	184	274	204	424	300	160	317
	780.228088	49	62	61	82	112	100	95	216	149	198	204	189	214	169	134	82	123	264	103	133	101	136	202	180	177	172	87	52	113	133	152	254	193	296	267	297	230	255	85	39	149	87	97	164	189	234	112	199	49	57	104	170	169	155	281	191	429	304	140	338
	781.567993	46	68	64	60	97	139	99	200	104	180	178	219	178	190	103	76	126	274	115	90	115	106	193	165	130	143	57	56	80	100	151	205	187	289	271	275	222	258	95	44	178	99	122	195	144	237	107	169	46	33	104	161	166	163	278	191	406	279	168	311
	782.908386	72	65	55	70	80	141	90	215	116	162	168	152	181	165	100	81	124	280	119	102	96	119	151	184	158	181	57	62	84	127	147	196	181	301	260	236	223	246	76	32	180	89	108	171	158	228	109	168	52	53	103	160	173	124	291	195	351	308	140	327
	784.249329	99	76	55	77	73	98	84	206	152	169	174	164	200	134	98	80	150	276	106	127	73	135	157	163	166	149	83	43	105	112	131	208	192	287	255	255	187	251	120	33	146	94	99	190	144	253	81	187	30	49	84	133	156	138	279	168	428	272	128	297
	785.590576	61	64	62	56	99	129	86	173	117	158	137	178	209	143	127	80	120	238	114	155	67	130	158	189	141	169	61	65	135	119	140	199	175	288	235	263	227	230	78	17	172	76	98	159	136	222	99	186	53	57	76	131	150	121	282	173	396	311	147	271
	786.932495	46	84	64	61	74	114	81	197	110	146	158	189	153	121	128	74	131	265	107	124	87	121	180	164	142	169	63	57	75	86	117	234	186	282	227	274	213	226	84	31	159	82	87	175	139	210	102	210	36	62	107	150	161	124	220	171	349	261	134	308
	788.27478	56	51	54	68	81	114	90	195	111	154	150	152	163	157	103	57	126	243	96	103	46	127	185	181	122	158	66	57	82	126	143	169	182	274	210	291	214	222	103	29	170	71	107	155	165	209	113	180	44	49	112	134	170	129	210	166	408	272	164	362
	789.617615	54	48	57	64	116	104	83	192	118	161	150	151	149	106	105	49	134	254	104	93	80	114	145	167	129	165	67	60	89	95	120	200	151	260	209	284	172	228	83	26	143	67	87	146	157	233	110	180	65	42	89	134	171	92	252	149	326	280	160	271
	790.960876	47	64	54	85	67	130	66	185	82	134	170	185	170	119	105	74	128	246	81	118	90	133	154	137	156	144	56	67	99	109	104	184	183	255	199	257	206	223	106	23	152	58	82	152	144	230	91	165	59	29	78	124	132	105	233	152	352	268	117	266
	792.304626	32	52	26	73	70	105	85	163	98	152	135	160	134	134	80	52	107	225	96	106	83	112	145	142	112	135	60	71	122	115	108	164	178	260	226	245	210	188	82	33	157	80	79	155	152	198	89	145	48	56	106	138	119	140	219	191	315	249	121	316
	793.648926	45	52	56	73	66	76	64	153	128	137	133	133	126	139	82	98	132	237	95	123	61	114	194	136	108	136	46	68	67	115	115	168	140	225	240	267	200	220	91	24	149	94	94	166	139	189	80	170	34	47	80	107	130	124	194	159	311	267	129	282
	794.993591	47	62	55	70	71	82	54	192	106	147	137	140	130	123	90	54	98	238	104	86	64	114	115	156	131	102	60	50	92	110	120	197	142	225	181	235	204	208	74	29	152	79	99	149	123	190	89	140	36	27	94	130	129	109	234	146	348	238	132	266
	796.338806	36	57	72	53	73	74	69	190	122	148	158	165	161	135	96	52	97	196	98	101	82	114	160	143	104	142	56	47	79	95	125	165	160	248	185	233	206	198	74	29	136	58	109	139	119	185	96	191	24	26	94	139	130	122	204	173	342	243	134	266
	797.684387	60	37	7	48	55	77	76	169	105	136	130	142	147	113	106	33	112	227	76	116	74	115	147	150	113	154	67	40	82	110	120	161	148	265	166	222	209	186	73	32	165	69	89	126	137	197	97	142	33	30	99	100	134	149	205	142	340	229	132	276
	799.030579	39	69	43	38	67	114	55	154	112	145	114	153	142	114	95	62	109	213	111	91	61	116	150	117	116	171	58	48	77	96	137	180	153	229	211	223	180	195	71	8	140	69	82	145	136	189	79	131	38	38	92	160	106	117	234	147	298	212	130	273
	800.377319	32	68	60	64	86	121	58	145	87	140	141	145	154	117	85	71	105	232	85	121	60	128	133	132	114	112	36	36	77	87	102	183	173	233	175	223	160	185	70	28	153	75	83	143	128	191	66	137	33	42	111	99	129	108	205	126	283	234	158	267
	801.724426	69	57	40	41	78	113	72	152	97	122	144	139	141	113	75	78	113	200	86	92	69	105	138	107	122	113	63	47	94	87	106	180	161	196	191	204	138	200	55	22	155	90	69	137	122	167	73	140	33	53	83	96	98	112	205	179	278	209	145	244
	803.072021	54	72	30	61	68	78	50	142	90	118	132	127	135	110	77	69	96	214	103	76	57	123	120	112	84	184	53	39	71	94	75	151	147	222	209	192	173	190	67	19	162	95	67	144	114	163	98	124	44	40	91	105	98	118	212	100	315	237	94	239
	804.419983	37	56	65	48	70	66	77	162	96	125	124	142	123	107	81	76	106	226	93	108	74	95	116	134	122	121	47	38	74	108	120	142	143	219	179	191	158	199	77	15	151	74	67	162	122	196	107	114	35	44	66	131	121	101	212	106	302	205	147	263
	805.768677	39	66	39	61	59	80	52	123	105	122	145	149	117	99	67	64	111	172	83	95	57	120	148	126	105	135	48	43	67	95	96	151	145	211	203	223	137	176	74	29	122	61	74	109	102	174	70	141	49	30	77	115	95	86	174	127	281	221	112	246
	807.117676	43	48	27	58	66	88	67	121	90	134	119	133	123	101	80	49	101	186	80	94	70	101	107	150	90	137	54	37	84	96	113	165	139	217	181	219	185	171	69	28	121	67	74	121	123	204	84	121	26	28	66	87	106	142	159	130	252	224	122	248
	808.467224	24	40	45	67	54	86	71	123	80	122	87	119	124	99	97	46	117	204	79	110	67	119	106	108	111	136	54	36	79	78	86	168	146	241	183	203	149	193	88	39	137	56	60	118	107	122	79	133	30	30	89	111	89	106	198	119	268	182	117	235
	809.8172	41	41	14	74	70	81	77	139	108	123	136	112	120	103	78	54	93	173	70	111	61	94	98	139	100	153	62	46	69	88	115	179	118	227	172	215	177	179	64	14	144	57	58	142	99	179	79	134	29	40	85	99	86	48	163	111	254	203	115	229
	811.167725	31	48	29	51	87	94	77	124	69	136	128	143	113	102	88	53	60	199	73	81	75	130	114	92	73	115	38	32	71	72	95	169	156	214	166	171	125	165	53	17	116	51	65	114	118	139	65	137	28	29	78	88	102	72	176	124	251	185	120	253
	812.518677	45	24	39	43	50	70	55	128	88	114	119	131	138	98	85	39	100	198	80	107	70	96	105	110	86	107	60	36	88	85	100	133	85	204	155	176	144	153	50	10	135	61	72	120	117	158	83	116	30	50	88	81	90	100	147	112	251	232	106	262
	813.870117	49	23	13	34	77	83	66	112	106	124	122	107	105	105	86	29	96	170	88	91	37	89	101	108	85	125	41	48	79	74	85	144	117	222	157	177	139	159	81	7	119	54	62	111	87	129	56	139	16	35	56	91	120	96	156	108	268	166	110	219
	815.221985	47	22	49	35	59	90	56	123	69	95	111	116	125	98	72	50	69	178	59	84	43	83	127	92	102	122	44	24	54	72	93	130	136	149	167	170	138	140	54	22	113	47	55	101	103	132	74	137	26	46	60	94	101	90	147	111	259	178	69	238
	816.574402	50	46	30	13	66	58	47	115	82	119	113	107	139	90	61	51	79	147	65	84	65	77	93	92	75	100	43	43	56	56	94	129	127	184	167	165	137	166	51	4	116	61	68	113	109	135	73	134	19	40	59	89	89	93	183	100	232	189	98	209
	817.927185	28	39	43	38	55	43	70	125	76	97	82	114	122	96	61	59	55	170	67	65	54	89	98	93	88	97	44	48	57	62	95	141	112	192	178	150	150	162	66	22	100	48	46	106	114	132	65	118	27	28	99	104	111	84	183	100	193	194	101	213
	819.280579	45	28	20	34	49	79	43	118	70	115	104	114	125	97	70	40	81	159	47	67	26	83	98	123	76	109	32	50	54	67	89	143	118	171	160	167	132	149	60	14	123	43	36	98	77	142	67	94	26	35	52	84	91	84	146	107	226	185	109	240
	820.634521	24	43	25	22	60	73	61	107	58	109	104	106	97	94	80	58	76	162	65	70	70	66	91	96	81	119	37	32	56	76	78	93	99	181	155	174	132	141	56	25	106	64	52	82	88	143	70	105	29	26	62	89	89	68	177	99	196	193	120	195
	821.98877	26	34	33	48	46	52	41	111	61	97	105	77	139	87	74	44	73	140	67	94	67	81	74	93	77	99	41	24	40	53	84	100	99	173	137	154	142	144	60	2	101	68	72	118	72	112	53	78	15	46	48	82	120	68	159	95	211	156	94	190
	823.343628	47	49	25	37	47	53	59	112	47	99	103	101	96	95	76	50	96	146	56	89	59	81	96	90	75	119	66	18	58	70	88	112	95	174	129	147	125	148	70	10	95	50	49	87	84	139	52	86	41	25	37	84	83	81	125	112	206	162	134	234
	824.698914	30	38	38	51	54	61	56	123	79	78	105	106	116	82	75	32	56	168	65	50	45	60	91	97	65	63	56	37	52	80	89	114	87	165	150	148	99	124	54	6	100	63	33	98	83	150	40	92	28	33	56	109	103	67	140	96	152	141	111	164
	826.054626	33	33	33	51	54	75	59	88	65	92	100	87	108	60	73	44	61	122	62	86	38	87	62	80	76	94	46	52	45	70	50	121	113	163	113	180	107	124	56	13	94	67	73	97	91	148	68	90	3	29	67	78	90	55	137	78	184	134	112	132
	827.410889	15	33	34	33	50	62	64	85	72	98	98	84	96	85	58	32	72	138	45	69	39	59	83	73	71	93	31	46	54	60	42	125	104	149	120	149	110	153	57	22	92	40	38	82	90	123	67	84	19	42	49	79	96	93	117	88	140	108	109	144
	828.767578	35	33	38	24	50	78	49	96	65	100	94	94	76	99	84	44	45	117	87	75	36	96	84	92	69	90	41	40	43	55	82	130	99	184	131	162	129	141	60	23	112	39	50	93	83	128	64	70	5	11	60	65	102	82	109	75	155	160	97	159
	830.124817	46	39	48	36	43	60	36	89	70	111	95	97	99	52	67	27	63	156	61	82	44	101	72	68	73	79	39	46	54	59	74	130	120	147	119	117	112	125	63	27	106	44	70	102	71	134	43	68	28	27	52	107	71	79	132	103	142	126	111	136
	831.482483	37	46	27	34	38	73	50	110	57	93	89	131	103	67	52	38	71	136	77	59	40	69	82	63	63	86	50	34	48	41	73	121	90	127	141	165	129	126	45	3	78	50	37	97	85	146	61	81	17	19	60	71	92	103	144	88	120	125	89	158
	832.840576	59	22	22	21	37	52	54	100	60	96	91	83	99	64	43	31	62	133	52	76	51	77	75	56	65	59	43	33	51	68	79	85	98	154	96	108	89	120	57	7	111	56	42	82	81	112	55	87	20	31	63	73	82	70	128	95	108	86	121	165
	834.19928	28	30	30	29	43	48	34	83	68	82	94	73	95	78	71	30	71	115	51	51	41	47	85	63	66	58	18	16	37	56	69	88	104	161	130	145	138	107	58	7	91	38	45	84	86	110	65	97	16	17	55	70	90	106	141	96	133	86	77	152
	835.558411	32	16	17	19	59	66	50	88	63	90	103	78	92	79	61	41	48	121	45	61	32	81	94	73	55	89	19	27	61	55	55	97	93	146	99	135	110	129	45	29	92	51	40	85	98	108	64	70	12	18	60	103	78	55	134	80	116	104	76	134
	836.91803	38	37	40	32	62	36	28	75	60	90	70	85	102	55	47	38	51	124	54	55	53	73	65	84	72	74	28	23	41	56	71	94	65	144	92	138	98	107	39	20	89	53	37	98	70	117	54	69	39	21	50	77	91	72	131	76	109	99	88	133
	838.278076	20	42	39	14	50	58	55	86	53	73	82	67	87	82	62	36	66	118	30	61	52	42	91	89	73	57	27	12	31	63	41	99	97	127	123	138	133	133	27	16	121	52	34	88	59	114	39	65	24	24	56	93	82	71	124	102	142	88	91	139
	839.638672	30	39	42	28	28	42	36	76	58	96	82	97	72	67	67	46	72	113	49	70	40	64	59	78	56	69	31	25	49	49	51	111	127	120	103	126	107	127	61	40	92	47	19	83	76	107	47	68	8	21	66	83	84	64	105	91	138	116	70	120
	840.999695	25	22	22	50	36	60	23	85	59	52	53	98	61	65	57	29	48	95	44	49	48	61	80	80	52	55	23	2	33	53	59	110	97	151	92	110	109	139	51	14	83	41	24	99	77	131	37	66	19	25	54	68	85	53	139	79	150	117	100	132
	842.361206	25	27	18	32	46	77	45	95	59	78	77	86	59	64	63	46	35	131	37	78	47	76	87	67	59	89	31	36	32	51	58	100	85	130	96	110	93	89	44	20	82	51	38	87	49	107	43	71	14	0	49	66	81	87	142	65	144	141	84	163
	843.723206	15	20	22	39	47	54	43	59	60	78	74	103	71	83	42	37	86	93	47	52	49	64	75	74	64	65	41	32	29	41	67	99	87	122	110	126	86	109	43	0	99	38	35	57	61	104	40	64	18	29	45	56	80	48	132	85	125	155	76	162
	845.085693	21	30	5	38	54	39	39	117	44	59	72	68	68	39	73	38	46	108	46	34	28	67	62	69	42	63	7	50	28	41	62	95	68	125	89	107	104	119	55	17	85	30	25	91	90	114	41	77	6	13	31	55	58	52	122	78	125	122	96	158
	846.448608	22	41	23	22	43	43	52	69	45	68	82	80	54	54	66	39	39	102	54	43	15	63	56	66	49	60	30	30	34	36	55	102	91	122	96	90	111	98	42	32	68	36	30	72	65	62	45	88	24	13	43	73	82	56	118	69	143	133	60	183
	847.812073	24	30	26	25	45	63	44	82	36	66	69	65	79	60	48	27	29	104	52	40	35	59	59	69	33	58	22	18	42	61	44	98	89	130	98	133	91	92	49	26	80	48	34	86	49	99	38	70	26	6	40	68	78	57	128	63	137	140	50	156
	849.176025	38	29	32	21	27	34	27	60	48	90	90	86	82	62	60	41	59	92	63	56	30	74	64	59	53	65	39	19	33	44	49	73	58	128	114	109	109	97	48	25	66	28	38	78	74	90	30	59	36	16	60	89	61	54	94	73	146	152	81	172
	850.540405	15	38	25	14	15	42	31	75	68	63	67	58	66	62	59	37	60	72	66	67	25	58	63	73	57	79	17	33	15	46	58	76	60	139	105	103	63	95	38	2	62	37	35	47	42	84	39	63	9	18	39	62	62	70	119	79	142	168	93	157
	851.905273	26	27	39	41	38	42	41	83	46	71	53	71	61	49	57	34	57	114	50	63	14	56	77	57	45	66	16	25	29	40	67	55	62	112	93	107	92	80	36	21	63	37	21	62	51	80	37	52	14	27	21	82	55	56	113	73	134	138	80	133
	853.27063	16	19	25	21	41	42	31	76	57	47	67	96	61	49	61	47	46	81	45	46	38	47	25	73	62	64	44	16	23	57	73	73	74	117	99	101	95	91	52	2	61	20	27	65	39	63	27	61	22	19	46	65	48	59	85	62	126	139	89	143
	854.636475	30	9	0	17	42	27	52	63	31	58	58	59	69	62	58	-3	32	94	31	47	30	74	72	82	49	64	35	28	37	62	37	70	84	111	80	70	80	80	53	1	98	44	40	68	76	80	30	58	15	17	39	68	70	49	92	54	128	128	56	157
	856.002808	9	30	21	40	25	41	20	71	64	83	67	76	80	61	17	28	62	87	34	63	30	60	51	59	37	75	25	25	34	62	52	93	59	99	81	109	103	92	29	5	70	40	24	46	37	82	22	74	38	25	44	56	45	33	106	34	121	108	90	154
	857.369629	16	29	24	37	38	39	32	70	43	60	80	64	67	56	40	35	33	89	25	57	17	72	62	64	35	43	28	26	31	35	42	108	78	114	80	74	84	95	35	4	68	38	22	57	58	96	40	61	12	12	41	65	56	63	78	67	132	143	70	173
	858.736877	25	22	24	30	18	38	28	70	64	64	83	53	65	51	50	8	43	83	35	46	12	78	67	67	65	50	29	23	28	43	69	80	53	87	75	80	90	115	33	4	69	20	29	50	53	79	20	71	9	14	56	69	61	56	85	56	111	121	45	163
	860.104614	15	20	20	31	25	48	37	69	37	45	60	78	76	49	59	13	3	57	56	54	31	57	50	64	47	47	29	9	20	40	61	85	74	108	75	96	82	86	35	11	45	26	35	58	51	75	24	58	17	7	51	39	56	40	111	52	124	134	75	142
	861.4729	1	16	18	24	40	57	39	75	21	86	49	87	45	40	31	26	55	88	43	45	32	42	61	72	73	45	29	9	30	46	62	58	66	111	57	54	81	98	43	21	70	33	21	77	56	71	18	59	23	25	43	42	62	66	94	82	121	146	80	160
	862.841614	23	-3	19	45	17	22	33	53	44	49	74	69	55	45	39	35	58	105	28	51	27	41	57	57	12	43	31	12	21	51	55	63	66	132	53	82	72	82	23	10	80	11	20	67	70	94	24	54	17	23	17	49	68	56	115	46	133	93	55	131
	864.210815	13	11	29	23	36	30	26	88	24	68	49	52	75	30	38	36	58	73	36	50	21	41	43	61	34	45	34	12	37	42	54	81	92	117	67	75	76	83	33	6	59	37	18	60	36	78	25	61	10	25	44	53	65	64	79	55	95	120	64	123
	865.580383	5	10	11	21	42	46	13	63	46	61	63	70	56	35	41	28	37	90	23	23	40	54	51	44	27	40	2	12	51	21	39	59	80	64	74	87	64	64	34	18	59	20	20	59	78	70	14	46	3	21	52	50	56	54	87	42	105	123	80	130
	866.950623	25	19	17	4	28	36	10	49	32	57	68	67	38	48	49	29	60	83	46	52	20	58	49	52	49	51	9	5	43	32	59	81	59	86	71	80	84	78	45	11	82	35	44	46	27	80	35	45	8	36	48	54	40	32	83	58	88	130	50	130
	868.321289	25	20	27	32	24	31	37	57	51	96	62	41	46	56	19	27	51	79	36	19	34	36	35	45	24	47	34	19	35	10	32	61	62	79	66	55	75	74	44	8	66	32	29	68	38	69	32	54	4	25	23	58	66	70	100	69	84	106	61	102
	869.692383	15	26	14	17	58	34	25	76	32	59	52	63	53	44	27	22	33	48	61	31	27	21	55	40	30	57	12	25	21	33	41	75	73	93	60	88	82	82	19	6	71	34	25	63	54	59	38	41	-4	6	33	45	53	55	99	43	107	121	72	107
	871.064026	19	16	10	31	26	40	34	68	36	44	64	51	54	52	26	14	54	67	27	37	34	63	49	73	41	58	-5	19	14	24	40	69	75	102	54	79	77	83	39	15	65	47	29	44	33	58	51	48	18	3	27	15	54	48	58	54	103	107	62	125
	872.436096	20	21	22	23	24	30	36	34	36	47	42	59	45	51	49	19	26	85	31	26	27	39	73	59	36	36	5	24	7	45	26	88	69	90	86	92	42	58	25	9	39	26	36	40	38	83	49	52	15	9	41	42	58	51	99	33	93	98	64	108
	873.808716	17	19	13	18	25	31	36	73	43	75	57	41	27	46	37	24	30	70	31	49	26	47	45	58	45	38	21	3	32	49	30	74	67	95	62	77	62	56	18	7	65	42	25	59	40	72	32	33	6	16	37	48	70	46	77	52	78	104	53	86
	875.181702	31	4	22	34	20	38	19	42	40	47	44	45	40	26	47	25	20	64	35	60	21	59	40	70	29	46	29	23	12	51	39	81	58	90	59	61	80	72	39	-1	54	31	19	45	27	72	33	59	14	29	42	57	42	63	81	42	98	94	59	90
	876.555176	13	4	7	28	31	15	34	66	44	52	76	41	52	33	33	25	24	79	17	47	27	43	53	35	29	46	12	13	28	22	44	63	66	58	53	66	57	52	20	-5	65	32	19	39	68	69	41	28	14	20	41	37	46	56	83	32	102	83	75	104
	877.929199	12	18	0	30	32	33	15	74	52	61	57	53	42	56	34	33	31	73	10	45	10	38	44	47	26	45	18	14	25	36	56	48	49	74	52	88	75	60	34	16	59	27	32	59	69	70	49	65	12	14	30	36	56	24	94	45	94	107	71	138
	879.303711	24	10	3	24	31	30	45	73	26	34	54	45	41	30	40	24	0	77	34	31	5	61	58	49	50	39	20	14	16	42	45	74	55	84	59	65	75	75	19	10	59	19	17	51	48	69	43	39	1	16	40	43	48	48	99	39	78	107	68	89
	880.678589	7	15	27	10	30	34	23	68	24	59	67	62	50	30	20	37	47	76	44	44	22	36	60	52	37	54	19	6	36	18	43	56	77	91	54	80	67	76	37	7	48	24	21	51	53	64	27	64	16	14	30	53	65	46	87	55	111	106	65	122
	882.054077	24	23	16	20	26	21	38	63	42	44	38	65	32	42	13	36	38	81	45	31	27	52	24	34	36	65	24	13	45	34	38	45	35	79	78	72	72	54	23	19	57	19	15	41	48	69	19	46	10	-1	53	39	52	38	78	44	80	108	73	98
	883.429993	19	21	34	17	30	12	19	68	27	45	48	53	53	47	53	14	27	66	60	43	19	45	44	32	57	59	34	31	22	18	66	43	60	85	46	89	59	69	30	6	51	39	11	55	43	60	34	36	13	13	43	52	49	36	83	31	78	98	67	125
	884.806396	19	17	33	11	30	41	37	69	49	43	56	60	52	51	53	24	19	44	34	18	17	37	32	54	18	51	26	30	27	40	51	68	55	82	52	70	54	70	27	-5	59	44	33	45	54	62	37	55	6	0	39	48	53	36	78	36	101	72	74	112
	886.183289	45	11	24	21	31	23	33	60	50	28	50	48	61	23	21	35	33	84	14	28	12	26	70	46	10	56	22	16	29	42	43	52	49	119	68	85	44	79	24	-2	57	37	6	47	36	50	41	53	15	11	39	48	56	37	74	41	101	104	64	115
	887.56073	21	11	18	29	15	30	33	64	29	56	30	53	67	46	49	17	46	63	37	41	26	23	48	40	36	6	22	7	15	45	26	70	59	87	52	71	48	43	32	17	75	26	17	15	63	74	23	44	23	7	34	59	61	52	53	56	69	104	75	116
	888.938477	13	20	5	12	35	37	30	49	25	22	67	45	41	35	46	15	36	72	32	13	27	34	53	40	18	46	11	27	34	17	19	67	70	61	64	53	61	59	37	-5	52	27	24	38	48	69	32	41	2	14	23	42	54	47	70	54	93	91	81	113
	890.316772	26	22	27	14	23	25	9	56	40	36	41	30	46	14	40	16	28	61	22	52	22	45	43	20	39	53	19	-3	15	27	37	50	57	69	56	46	56	77	24	14	56	24	15	27	47	71	48	28	6	-2	27	39	57	62	76	44	84	99	48	120
	891.695618	42	10	9	23	28	33	17	67	30	33	35	48	50	48	14	14	29	62	44	54	28	58	49	52	56	15	30	3	13	40	41	51	56	66	47	87	70	74	43	5	57	17	26	59	34	69	22	34	1	22	31	37	56	38	83	59	90	116	57	104
	893.074829	17	26	27	-7	14	27	25	62	46	41	45	39	70	45	45	26	26	60	24	28	12	27	34	54	32	43	18	10	15	27	28	44	51	97	60	74	45	66	22	14	59	22	15	48	55	46	22	45	7	32	32	43	44	50	63	37	80	75	57	92
	894.45459	13	14	13	19	25	20	23	65	26	54	45	50	37	34	32	17	25	62	9	33	14	22	31	35	14	50	16	10	16	42	33	77	50	74	66	53	59	69	23	21	50	41	45	68	37	53	46	34	13	-1	29	29	32	41	69	31	66	101	62	85
	895.834778	26	29	12	37	23	18	33	53	23	49	38	47	39	20	35	11	42	51	7	35	7	48	28	41	38	43	21	6	29	15	49	46	46	88	50	68	74	64	36	29	53	22	29	36	52	53	22	25	18	4	27	46	50	45	48	38	81	85	69	116
	897.215576	20	6	13	31	1	28	6	47	15	40	37	45	37	36	25	11	22	19	15	28	6	23	24	43	27	29	19	16	12	38	23	58	56	56	36	67	68	47	34	-1	42	27	4	41	38	40	37	47	16	17	28	38	44	53	50	62	68	85	49	89
	898.596802	18	11	11	9	21	16	36	30	19	32	46	41	39	36	22	16	30	69	6	30	25	21	34	9	38	17	5	10	8	35	19	74	48	100	44	76	42	63	15	2	42	19	31	36	32	51	28	34	5	26	30	53	55	55	75	14	69	113	69	88
	899.978516	13	24	12	23	25	3	22	40	3	39	48	46	45	38	13	30	28	56	37	20	6	26	58	41	18	54	11	17	10	39	33	40	10	65	56	48	51	52	44	14	42	13	15	25	34	64	24	25	16	14	14	36	38	21	49	26	41	68	54	90
	901.360596	8	25	12	16	25	14	23	39	16	45	41	47	19	40	20	4	22	44	35	11	16	38	32	48	55	34	34	8	10	27	22	53	58	66	45	75	46	69	9	13	55	14	20	56	31	49	19	22	15	24	33	36	41	40	48	20	66	103	39	59
	902.743286	35	13	9	4	20	35	16	42	31	64	48	50	34	39	7	23	52	44	21	26	19	34	35	39	32	47	11	15	27	26	40	44	58	72	28	43	59	70	27	14	49	21	31	49	43	63	26	34	1	8	34	35	43	25	45	30	63	73	39	80
	904.126404	6	10	10	2	11	26	10	41	23	53	39	49	47	41	40	25	27	36	21	24	0	29	54	52	34	43	2	23	17	42	46	38	46	52	23	63	52	50	17	16	52	32	20	46	35	45	32	36	7	26	26	41	34	41	55	28	72	76	79	110
	905.51001	14	11	16	10	15	29	28	51	29	52	23	51	31	24	20	18	24	62	29	18	31	28	21	18	32	35	23	34	5	35	41	48	43	57	48	51	48	39	15	4	33	25	7	46	33	54	22	43	10	17	34	21	31	31	46	29	50	78	35	74
	906.893982	8	11	12	32	3	24	1	44	39	44	49	36	38	46	17	26	35	14	29	9	32	29	24	39	21	21	31	13	22	15	33	38	45	68	47	53	67	34	31	4	42	18	40	22	25	61	11	36	11	19	6	41	49	50	50	32	57	64	48	83
	908.278625	-5	3	17	1	11	27	30	43	1	61	45	26	44	11	28	18	36	46	37	21	13	31	24	56	16	28	13	26	16	40	33	48	54	65	56	51	33	51	31	6	63	17	22	34	33	44	31	22	17	20	24	48	26	31	35	45	67	69	47	81
	909.663696	14	5	12	9	-2	19	24	41	18	38	26	39	43	34	36	10	23	33	27	27	18	21	47	29	39	50	43	9	27	28	37	39	51	78	48	55	51	66	27	4	32	11	27	53	30	47	22	36	6	14	32	39	31	33	52	37	54	89	58	78
	911.049194	8	4	17	12	28	51	24	31	13	34	51	42	34	31	27	14	19	43	12	30	26	41	46	43	28	34	8	36	26	20	11	50	38	55	43	48	41	55	19	9	57	18	22	48	51	50	48	28	-10	9	17	54	46	43	58	33	50	105	59	65
	912.435181	13	8	8	22	21	28	20	50	32	56	29	32	39	33	12	10	19	36	19	18	11	22	36	42	41	10	21	2	-6	45	31	19	27	57	43	42	58	46	14	2	26	26	26	45	26	51	47	45	-1	25	14	50	27	30	61	23	54	67	49	77
	913.821716	-3	33	7	20	11	24	31	9	31	50	30	42	34	14	34	0	25	22	33	11	32	21	20	20	40	20	26	11	32	25	25	56	64	52	29	61	37	52	23	16	50	21	36	43	28	52	10	52	12	7	26	21	36	51	44	43	59	56	42	68
	915.208618	13	9	25	6	-5	17	28	41	17	36	29	42	47	29	20	41	35	39	25	7	10	50	35	23	42	30	21	2	36	9	27	45	46	65	47	59	46	50	25	21	35	22	19	44	36	26	29	14	11	11	22	62	14	19	28	-1	70	67	23	62
	916.59613	13	25	14	19	15	16	9	31	25	22	25	52	40	32	28	11	37	25	27	27	20	28	26	33	3	14	10	1	21	37	17	25	41	56	25	69	40	24	11	-19	26	32	43	12	41	44	37	25	7	17	14	27	30	41	51	28	54	65	50	65
	917.984009	3	11	20	21	16	21	14	50	25	42	34	34	30	19	13	17	18	27	14	8	15	25	28	28	17	28	5	17	11	30	23	10	24	59	41	44	45	40	17	-7	32	25	9	34	42	33	7	22	18	11	13	49	25	20	53	47	57	53	40	70
	919.372375	22	20	10	18	13	10	-3	29	25	38	42	23	34	41	29	6	28	26	14	15	10	37	34	21	12	31	21	9	4	12	16	50	43	70	34	46	55	32	13	-2	42	16	-5	15	40	42	4	42	-4	6	32	23	29	39	38	38	46	56	33	65
	920.761292	11	-4	5	11	31	26	3	33	-10	12	40	30	28	16	15	20	22	21	35	31	24	17	32	27	14	1	21	5	-5	36	40	33	38	61	20	66	36	19	5	7	55	-1	0	16	23	42	24	14	2	15	32	24	33	22	41	37	37	53	33	62
	922.150574	12	13	10	15	18	16	7	30	7	36	23	38	34	26	18	33	15	30	38	13	10	14	42	29	19	34	4	19	4	10	27	30	29	55	43	34	42	38	16	5	38	10	16	25	17	38	41	35	7	4	12	35	17	29	42	41	38	67	24	74
	923.540527	-9	30	6	12	21	18	9	29	4	75	48	21	11	21	26	11	4	53	18	20	10	22	30	24	24	32	10	2	22	26	30	38	29	59	14	60	40	38	27	1	37	4	17	25	16	37	29	21	1	-1	12	15	20	37	49	38	47	88	49	76
	924.930786	10	15	16	6	12	17	20	24	20	23	36	13	44	28	21	18	40	36	18	12	23	21	40	22	20	35	17	14	19	15	24	44	44	52	24	34	25	34	12	11	20	29	27	20	30	23	22	28	-4	14	14	24	12	12	58	0	57	64	30	55
	926.321594	-6	14	0	-1	-5	17	22	12	10	28	42	24	32	31	16	-5	24	18	13	20	23	13	0	22	3	23	12	2	21	9	8	42	41	38	1	29	37	35	14	9	52	18	18	14	20	27	20	24	13	-3	15	4	16	33	38	32	49	70	32	41
	927.712891	21	5	18	10	30	9	12	38	26	31	35	12	28	15	8	22	29	44	33	20	7	22	24	8	41	14	16	10	17	-6	20	28	35	48	33	43	43	57	38	19	22	13	16	25	18	20	25	32	5	12	30	33	2	31	48	36	43	59	33	73
	929.104614	12	17	11	17	15	17	22	22	9	21	42	14	14	13	15	5	34	25	40	22	20	20	2	34	9	8	20	-2	24	17	18	25	17	60	6	50	43	29	21	9	44	0	25	17	31	28	16	21	-1	7	12	38	27	19	14	28	51	53	54	90
	930.496826	18	7	16	12	36	10	24	58	22	3	39	17	18	31	-2	3	19	21	21	26	18	13	13	33	16	27	19	4	25	16	12	34	53	55	25	39	33	29	25	-1	29	15	13	15	34	23	23	32	18	10	15	18	31	22	55	14	52	43	42	40
	931.889587	7	21	14	9	16	35	24	14	34	25	30	17	8	23	19	12	15	57	19	30	7	14	31	20	-5	35	20	17	45	21	14	32	25	36	23	24	29	33	-1	10	36	-8	5	38	23	36	12	27	18	10	21	21	22	49	37	32	24	36	24	49
	933.282776	22	13	14	15	21	12	13	20	23	18	30	17	27	18	12	11	5	32	29	18	13	33	17	21	10	19	15	11	23	11	27	24	40	42	7	38	24	40	10	7	28	15	1	21	52	30	29	8	13	9	19	12	11	27	27	22	40	53	45	42
	934.676514	17	4	-1	9	14	-1	8	16	16	26	20	18	24	30	23	7	26	30	2	11	16	13	26	13	20	38	8	11	32	34	4	22	28	46	35	24	37	37	24	22	20	8	5	32	18	16	-2	11	8	11	22	36	5	24	36	23	44	51	27	59
	936.070679	17	12	31	9	11	19	19	19	9	12	31	20	38	33	0	18	5	46	30	5	15	12	20	21	16	34	4	11	21	15	19	27	20	34	33	12	52	25	6	-1	46	27	7	22	13	20	18	45	7	-2	14	28	15	41	36	1	39	71	42	55
	937.465271	15	-1	7	9	21	30	10	28	34	28	42	31	27	41	21	27	17	25	-7	37	3	14	25	-3	28	28	13	-6	19	18	10	26	27	14	23	32	24	27	0	19	31	12	21	16	32	35	18	13	1	9	26	37	23	21	14	17	30	51	15	48
	938.860413	21	4	19	16	4	13	22	42	22	23	22	22	24	21	21	17	5	25	16	35	16	15	30	35	15	13	22	-7	12	19	22	41	35	53	16	44	52	26	18	4	19	6	9	15	24	34	21	17	9	15	30	28	38	12	22	17	39	49	51	45
	940.255981	14	-7	22	19	7	22	6	45	-1	19	19	13	19	22	17	9	19	9	4	1	2	38	6	11	7	14	11	18	20	-5	49	27	29	32	23	26	30	25	29	-12	34	19	8	31	14	23	27	20	-14	17	7	40	30	2	41	-4	47	42	17	44
	941.6521	2	2	14	21	16	20	1	9	39	41	12	30	24	40	15	1	17	34	5	23	8	-1	11	10	15	9	6	16	9	20	23	32	15	51	19	34	44	27	24	23	13	19	6	-2	27	20	11	11	-2	9	17	30	31	8	42	5	28	53	37	63
	943.048584	10	-1	17	32	21	30	9	29	15	19	26	13	11	35	38	21	12	17	34	21	16	23	17	38	20	12	-9	6	27	22	7	25	41	57	40	36	30	34	17	13	13	10	9	8	21	43	10	8	-5	7	9	25	38	37	36	33	39	40	33	35
	944.445679	23	1	10	23	13	26	-3	19	18	28	27	28	29	9	4	6	17	27	26	20	13	23	40	14	33	1	21	16	5	33	50	21	21	57	15	28	36	38	23	-3	31	2	5	33	11	19	4	19	-7	13	22	24	17	25	29	19	34	37	29	38
	945.843201	6	-5	6	28	29	13	5	26	14	17	15	32	15	24	-8	17	12	33	13	14	6	21	22	21	12	23	-12	10	7	27	28	16	34	37	27	35	23	39	-3	-7	23	10	21	22	-2	25	-1	15	9	13	19	16	15	23	14	11	37	45	30	33
	947.241211	10	14	0	11	2	-12	22	34	24	15	16	11	15	27	4	1	17	34	12	9	12	12	37	14	6	24	23	5	5	15	18	5	28	26	21	39	24	27	12	23	26	13	19	31	13	21	16	22	12	3	18	19	5	15	26	33	37	36	23	60
	948.639587	-1	0	15	19	18	23	14	31	22	19	21	37	6	13	16	3	9	44	34	14	39	12	16	20	25	8	1	7	-13	22	17	30	28	33	39	31	26	20	20	13	38	13	15	29	16	16	13	5	-13	19	9	14	19	25	41	9	32	51	38	48
	950.038574	6	12	6	8	20	17	0	14	10	5	18	29	21	14	7	29	20	36	17	15	34	17	7	37	25	-4	10	20	3	21	20	25	32	37	30	33	27	36	22	6	26	9	7	10	35	8	26	27	8	-3	18	16	38	33	30	15	34	28	10	36
	951.43811	-2	15	12	12	6	16	0	13	19	9	11	22	27	16	12	4	16	28	14	41	1	13	-6	30	4	16	20	14	17	6	15	28	18	28	12	24	24	14	6	2	24	23	8	11	-13	17	20	-12	7	-9	-1	22	5	8	26	20	34	52	21	70
	952.838013	11	15	8	14	20	25	14	22	13	14	21	12	7	19	16	4	8	12	4	7	4	31	7	1	16	14	15	-1	22	-4	13	27	14	40	13	32	29	20	18	-1	17	9	10	18	33	22	20	16	6	4	1	32	14	8	19	3	29	61	42	34
	954.238403	15	9	17	20	-6	22	-11	28	9	11	13	22	28	14	10	6	24	23	21	11	23	15	20	19	23	12	4	16	11	4	7	16	18	50	28	25	17	15	11	4	25	4	7	-2	14	21	27	20	6	-8	24	32	26	14	11	33	23	39	43	40
	955.639282	2	14	6	-5	-4	4	1	20	9	10	18	15	25	18	25	8	29	19	27	19	3	34	38	30	19	30	5	18	5	9	23	-2	19	31	29	21	27	26	10	5	34	14	7	12	30	25	21	6	-5	8	12	14	20	1	4	4	36	43	33	45
	957.040588	14	13	5	4	22	18	27	4	21	7	21	18	19	25	8	7	2	19	-8	19	17	27	31	11	-6	33	24	13	11	-11	26	41	21	37	3	22	1	13	10	0	44	19	9	33	25	28	8	-3	4	15	13	6	20	22	21	27	29	56	24	49
	958.442505	-1	8	2	1	3	22	12	4	28	-1	29	26	-5	5	26	-1	19	31	1	16	22	10	30	-9	17	5	4	6	6	26	21	31	28	38	46	22	26	26	-1	4	19	1	2	21	12	33	19	2	7	-7	6	8	27	19	28	14	46	38	9	24
	959.844788	12	10	15	0	17	26	11	20	7	21	33	9	18	21	17	2	23	7	10	3	2	30	17	4	29	21	7	3	24	9	11	17	23	25	33	31	22	33	4	-6	27	5	6	27	9	10	11	28	16	1	3	23	18	34	12	36	22	29	14	48
	961.24762	5	2	7	6	-8	19	8	3	20	-2	28	-3	11	33	22	5	22	10	21	18	1	11	17	16	15	15	9	24	14	15	18	20	20	41	17	31	20	21	15	-18	4	9	5	28	10	0	2	17	-2	6	7	8	26	2	29	10	37	22	24	38
	962.650879	22	-1	6	1	14	-1	5	12	15	27	9	6	18	13	3	-4	15	24	2	4	14	13	16	7	32	11	3	4	21	1	28	20	1	26	27	26	11	16	6	2	23	19	5	30	9	19	12	13	2	15	11	9	32	9	17	14	46	15	33	41
	964.054626	16	-3	14	4	-4	15	-9	4	11	30	16	29	33	10	1	-9	16	8	11	9	-5	8	15	16	8	15	13	5	2	16	19	16	4	36	19	28	35	20	9	16	8	18	19	19	14	26	7	8	-1	23	18	-1	21	11	28	16	27	21	41	47
	965.458923	12	-1	6	18	4	13	12	24	-2	24	30	13	24	-7	4	7	4	33	14	6	-15	14	8	22	-4	16	10	3	0	44	26	25	38	26	11	27	22	18	11	-2	22	38	4	12	17	26	19	6	-8	4	5	24	19	21	21	26	24	7	6	23
	966.863586	-5	13	15	-7	4	21	3	8	12	22	15	23	28	34	-1	17	14	20	5	14	7	8	9	9	0	14	11	7	8	9	20	25	33	16	12	26	9	27	20	8	26	-7	-7	21	13	22	11	24	5	7	15	19	25	11	27	14	34	23	32	38
	968.268799	15	4	7	9	7	10	6	9	8	10	11	10	41	18	17	21	-5	13	13	1	7	16	1	26	3	-2	13	28	-8	12	-5	15	17	37	17	21	20	28	14	5	-3	13	18	13	26	11	15	7	11	17	6	19	24	10	26	1	25	40	17	37
	969.674377	21	16	12	-15	2	21	21	5	26	7	15	36	12	8	25	10	13	8	15	-6	8	7	2	20	21	9	12	24	10	8	6	7	21	38	19	19	15	17	20	-6	10	1	15	2	16	25	21	16	11	7	7	24	27	16	15	16	13	50	7	39
	971.080688	3	25	8	2	4	3	22	19	10	-9	21	22	14	22	23	7	6	20	-3	1	-3	-3	17	6	11	20	13	7	18	25	21	7	19	23	12	43	29	26	19	6	19	11	5	24	27	27	8	24	-8	23	7	9	18	23	22	17	21	38	14	22
	972.487305	-6	15	10	-1	9	5	-11	18	6	10	8	8	28	24	5	22	0	19	9	6	25	10	30	25	1	9	3	16	-3	20	15	18	17	23	27	30	15	34	5	23	22	22	3	16	19	21	2	9	-9	3	18	12	39	26	22	8	36	33	18	33
	973.894409	13	6	-1	-12	9	11	17	-2	11	10	2	22	13	25	9	-1	15	21	8	15	16	10	-9	2	18	19	17	10	11	23	19	28	39	18	6	32	7	10	8	2	24	5	10	39	10	18	13	16	3	4	17	9	21	3	24	19	33	27	33	24
	975.302002	-8	14	15	4	7	20	9	19	12	16	24	4	35	25	15	1	6	29	20	1	10	28	34	2	15	11	20	4	4	15	18	18	27	19	21	31	35	21	7	1	19	10	6	5	25	6	2	8	12	12	8	23	12	24	19	26	10	30	34	43
	976.710083	13	7	2	24	-3	14	29	15	12	33	31	21	15	12	3	10	15	17	-2	17	22	11	17	14	1	19	11	-2	14	15	18	39	35	17	21	20	26	28	13	-3	4	15	-4	22	26	14	13	18	1	4	5	5	31	16	13	19	25	28	19	35
	978.118713	2	7	3	2	4	27	1	3	5	-2	10	-4	6	2	4	10	20	30	21	21	21	2	19	12	25	1	14	1	-4	0	10	22	19	12	18	27	23	28	8	16	2	14	18	19	33	30	6	26	3	5	8	3	35	12	19	2	1	32	19	41
	979.52771	14	6	-2	-2	1	10	23	13	13	1	9	26	14	25	18	17	9	15	14	17	19	11	-1	11	-3	13	10	13	-1	1	12	24	16	12	19	24	23	27	19	4	4	-2	21	14	13	34	12	4	7	-3	11	7	-5	13	15	21	28	31	16	27
	980.937195	15	10	-4	-1	18	8	18	9	3	8	16	7	14	16	21	-1	-1	17	9	12	16	14	17	24	6	9	12	12	12	16	10	25	26	17	11	17	13	25	-6	7	33	-3	-2	11	27	-8	15	12	-6	19	2	4	19	10	22	16	22	42	19	36
	982.347229	-13	5	5	2	15	10	13	9	-6	10	9	16	25	12	11	-17	11	18	13	10	13	7	13	11	8	20	1	1	13	4	14	28	21	46	17	29	12	29	8	2	15	7	-7	10	24	12	23	-4	-17	4	19	5	3	8	29	9	26	25	12	39
	983.75769	2	16	5	19	18	7	2	7	-1	11	1	1	-2	20	14	11	5	15	17	1	18	14	5	26	5	5	11	-4	4	19	0	16	6	28	12	18	12	25	15	0	24	9	13	8	26	0	20	14	12	1	23	5	-1	11	7	8	33	13	26	-7
	985.168579	5	4	17	23	18	-5	-1	-9	13	10	9	8	-3	6	-8	10	18	15	6	10	-7	21	2	-13	9	0	23	-3	8	5	13	11	13	9	37	13	17	9	4	-3	14	20	13	2	14	2	-4	10	-16	13	12	5	27	4	21	14	23	16	9	33
	986.580078	2	-5	-8	7	9	16	10	4	9	-7	10	37	10	-3	17	22	11	3	7	23	3	27	1	-4	2	27	1	4	-6	-1	11	7	16	12	7	6	7	17	0	2	6	13	-3	12	-2	12	12	-2	-1	-7	2	17	3	-6	11	6	31	15	19	17
	987.992004	9	1	6	-9	-12	16	11	12	13	4	7	20	11	1	1	12	13	1	19	22	-5	18	11	9	-5	26	9	6	11	38	17	22	19	23	4	18	30	39	0	9	21	3	5	13	22	9	0	12	23	19	-4	17	-2	9	9	20	10	21	40	11
	989.404419	21	20	5	6	4	21	1	-9	14	3	23	9	8	4	15	5	10	12	1	5	20	17	18	9	2	12	19	-1	12	12	8	47	24	33	25	20	22	12	8	2	16	8	15	25	5	14	4	6	-8	-15	3	8	5	10	0	8	8	16	25	34
	990.817322	19	-2	11	11	8	10	-1	6	14	1	20	19	4	7	15	4	9	28	19	6	-12	8	-13	21	-7	16	-6	-14	-10	17	39	14	17	14	12	8	1	12	3	-1	27	-1	3	4	22	25	5	17	9	4	-1	10	-5	19	10	19	27	27	3	39
	992.230713	4	2	13	3	4	14	29	6	-5	13	13	4	-3	-5	10	15	13	34	16	9	-12	10	18	18	-7	4	6	-3	1	7	10	23	14	19	21	11	7	2	12	15	12	6	14	3	5	14	4	11	10	-21	13	4	8	16	12	16	7	22	27	15
	993.64447	3	11	-14	8	15	12	8	4	4	9	7	13	9	6	10	10	20	15	13	13	4	3	24	7	7	19	-13	-12	21	14	10	21	12	17	13	14	14	15	18	-2	19	1	5	8	8	24	18	11	13	17	3	-12	21	27	13	5	41	46	6	27
	995.058777	10	-11	11	16	8	3	11	17	10	5	8	0	8	3	8	13	18	15	-4	11	6	11	17	16	16	5	-4	-6	8	-4	9	25	23	19	12	19	18	29	9	12	-1	-7	8	19	5	14	12	11	6	9	8	6	14	35	24	20	27	22	8	8
	996.473572	8	15	-14	-6	14	4	-10	15	10	14	6	1	16	7	15	9	9	11	2	7	0	4	19	11	13	-1	2	0	-1	9	24	8	8	20	11	22	4	16	26	6	14	7	3	1	22	22	17	6	-1	6	15	5	14	6	2	16	29	23	17	30
	997.888916	-5	6	9	-7	18	6	-13	10	8	18	13	31	5	6	8	-11	4	16	4	17	11	-2	10	22	-7	21	-7	3	-10	-5	14	23	32	34	19	10	-6	9	7	13	14	6	-2	15	21	22	12	-1	22	1	9	23	11	27	29	28	29	29	21	26
	999.304626	-1	11	15	-4	5	-2	0	21	9	7	18	28	21	5	11	0	12	25	0	16	22	3	6	15	10	12	1	10	-7	0	17	31	22	13	14	16	8	16	11	3	17	1	3	11	11	17	-10	-9	-5	3	4	23	8	16	18	12	11	19	9	29
	999.65863	0	2	6	3	5	14	27	24	3	21	16	2	10	-14	11	-11	17	16	4	9	8	5	4	2	-11	8	0	5	-7	5	19	14	29	19	5	14	7	12	11	-3	12	2	10	10	16	13	15	18	1	19	3	-8	10	13	21	12	3	9	36	29