ENVI ASCII Plot File [Tue Dec 09 10:03:08 2025]																																																																																					
Column 1: Wavelength																																																																																					
Column 2: X:235 Y:218~~1																																																																																					
Column 3: X:265 Y:177~~2																																																																																					
Column 4: X:294 Y:115~~3																																																																																					
Column 5: X:361 Y:103~~4																																																																																					
Column 6: X:450 Y:102~~5																																																																																					
Column 7: X:458 Y:102~~6																																																																																					
Column 8: X:539 Y:103~~7																																																																																					
Column 9: X:561 Y:66~~8																																																																																					
Column 10: X:577 Y:60~~9																																																																																					
Column 11: X:630 Y:61~~10																																																																																					
Column 12: X:632 Y:61~~11																																																																																					
Column 13: X:674 Y:59~~12																																																																																					
Column 14: X:663 Y:187~~13																																																																																					
Column 15: X:605 Y:228~~14																																																																																					
Column 16: X:613 Y:249~~15																																																																																					
Column 17: X:614 Y:251~~16																																																																																					
Column 18: X:626 Y:268~~17																																																																																					
Column 19: X:627 Y:268~~18																																																																																					
Column 20: X:630 Y:293~~19																																																																																					
Column 21: X:630 Y:294~~20																																																																																					
Column 22: X:630 Y:296~~21																																																																																					
Column 23: X:614 Y:308~~22																																																																																					
Column 24: X:613 Y:308~~23																																																																																					
Column 25: X:591 Y:312~~24																																																																																					
Column 26: X:363 Y:670~~25																																																																																					
Column 27: X:283 Y:638~~26																																																																																					
Column 28: X:282 Y:638~~27																																																																																					
Column 29: X:279 Y:638~~28																																																																																					
Column 30: X:214 Y:611~~29																																																																																					
Column 31: X:171 Y:593~~30																																																																																					
Column 32: X:169 Y:593~~31																																																																																					
Column 33: X:158 Y:592~~32																																																																																					
Column 34: X:93 Y:573~~33																																																																																					
Column 35: X:92 Y:573~~34																																																																																					
Column 36: X:59 Y:564~~35																																																																																					
Column 37: X:154 Y:264~~36																																																																																					
Column 38: X:155 Y:264~~37																																																																																					
Column 39: X:172 Y:219~~38																																																																																					
Column 40: X:106 Y:201~~39																																																																																					
Column 41: X:105 Y:201~~40																																																																																					
Column 42: X:1 Y:202~~41																																																																																					
Column 43: X:3 Y:202~~42																																																																																					
Column 44: X:53 Y:178~~43																																																																																					
Column 45: X:53 Y:174~~44																																																																																					
Column 46: X:36 Y:98~~45																																																																																					
Column 47: X:36 Y:96~~46																																																																																					
Column 48: X:40 Y:62~~47																																																																																					
Column 49: X:40 Y:59~~48																																																																																					
Column 50: X:68 Y:32~~49																																																																																					
Column 51: X:72 Y:32~~1																																																																																					
Column 52: X:136 Y:32~~2																																																																																					
Column 53: X:137 Y:32~~3																																																																																					
Column 54: X:173 Y:55~~4																																																																																					
Column 55: X:174 Y:55~~5																																																																																					
Column 56: X:175 Y:65~~6																																																																																					
Column 57: X:196 Y:112~~7																																																																																					
Column 58: X:196 Y:114~~8																																																																																					
Column 59: X:198 Y:148~~9																																																																																					
Column 60: X:198 Y:152~~10																																																																																					
Column 61: X:198 Y:164~~11																																																																																					
Column 62: X:205 Y:243~~12																																																																																					
Column 63: X:209 Y:256~~13																																																																																					
Column 64: X:355 Y:413~~14																																																																																					
Column 65: X:369 Y:433~~15																																																																																					
Column 66: X:386 Y:430~~16																																																																																					
Column 67: X:362 Y:531~~17																																																																																					
Column 68: X:526 Y:487~~18																																																																																					
Column 69: X:668 Y:509~~19																																																																																					
Column 70: X:657 Y:466~~20																																																																																					
Column 71: X:76 Y:470~~21																																																																																					
Column 72: X:75 Y:548~~22																																																																																					
Column 73: X:103 Y:613~~23																																																																																					
Column 74: X:248 Y:663~~24																																																																																					
Column 75: X:372 Y:664~~25																																																																																					
Column 76: X:395 Y:671~~26																																																																																					
Column 77: X:406 Y:676~~27																																																																																					
Column 78: X:453 Y:688~~28																																																																																					
Column 79: X:43 Y:359~~29																																																																																					
Column 80: X:437 Y:489~~30																																																																																					
Column 81: X:359 Y:362~~31																																																																																					
Column 82: X:522 Y:136~~32																																																																																					
Column 83: X:657 Y:57~~33																																																																																					
Column 84: X:695 Y:66~~34																																																																																					
Column 85: X:685 Y:65~~35																																																																																					
	399.924103	13	0	22	7	15	7	9	9	-13	12	-1	11	-11	13	-1	11	15	12	9	22	7	12	-5	9	1	2	16	23	18	5	14	16	24	8	-1	4	18	15	10	19	15	6	16	28	2	5	13	2	7	-8	-4	12	16	15	-2	13	11	21	6	2	0	5	-7	6	4	2	-2	10	16	1	11	-5	-6	15	2	15	11	15	28	7	6	7	3	11
	401.119995	9	13	17	15	8	-3	7	-1	14	13	4	0	9	3	-2	-18	13	4	12	15	19	-10	-12	-6	15	8	4	10	14	25	-8	3	9	5	1	2	2	10	11	0	6	3	13	10	14	13	18	17	10	-5	2	-13	-13	6	17	27	6	12	13	6	0	12	-9	2	4	8	11	-3	8	7	0	8	4	3	-3	11	7	13	8	1	0	16	9	7
	402.316406	5	14	6	23	3	13	6	14	4	9	1	-3	13	10	16	-7	7	-7	-6	-3	1	-1	12	14	16	-5	13	6	9	4	-1	4	7	-5	-6	4	8	-1	2	6	6	4	9	11	1	0	5	8	1	7	7	-4	27	-6	23	31	33	1	24	10	0	12	2	6	-8	9	8	16	-7	2	-7	9	9	9	3	11	-5	20	15	14	20	2	4	0
	403.513306	13	3	4	19	9	5	21	0	-19	14	-5	9	5	11	20	1	-14	7	-2	-4	3	5	23	11	23	6	-14	13	17	23	14	13	10	4	-1	6	5	-6	8	3	10	17	9	18	-3	-6	-4	14	0	0	4	-4	9	10	19	11	5	18	19	19	-3	8	19	-2	-13	3	4	21	20	12	12	7	13	38	10	21	0	34	0	15	11	13	4	8
	404.710602	13	8	11	13	-1	-10	16	-1	23	-8	-7	4	4	18	-3	14	24	9	-5	-1	-3	3	14	6	19	15	30	12	26	23	14	8	5	0	21	6	10	10	-3	-8	-1	10	18	10	3	7	12	3	5	12	22	-8	21	18	-9	10	7	14	18	8	7	19	-5	0	16	1	3	17	10	12	10	9	-2	11	9	8	11	5	-8	-12	-2	-1	-6	9
	405.908508	0	18	-11	15	20	16	5	3	1	16	5	-7	6	14	-4	16	-7	8	-3	-7	0	19	-1	0	1	1	-3	24	21	10	15	1	3	25	-3	-2	-6	15	23	8	8	-1	20	19	3	-3	15	6	3	-6	11	11	22	7	27	6	-3	5	10	3	12	12	10	9	-3	17	9	16	9	2	14	8	0	11	14	4	9	37	3	21	18	5	19	10
	407.106812	2	13	6	11	-2	13	7	4	9	-8	7	2	2	-1	6	6	22	16	-11	16	-4	2	2	-2	11	13	23	16	-1	8	4	-4	7	10	13	-5	6	0	6	12	-8	-4	16	26	5	2	3	-2	26	-6	-6	8	6	-9	5	15	2	14	19	18	-2	15	6	4	-7	3	10	5	5	-3	9	12	11	22	1	10	6	21	-4	0	6	-2	1	2
	408.305603	9	17	10	6	2	21	11	10	-6	1	-12	11	9	12	3	-1	11	-1	0	0	-6	2	2	3	-2	2	18	28	-8	-4	-7	-8	10	-12	-9	26	-1	10	8	2	4	3	22	9	2	7	15	11	-7	21	10	5	8	-10	16	22	23	16	23	17	4	25	17	10	24	4	12	26	1	7	7	19	25	26	25	6	17	9	4	18	13	10	-6	1
	409.504913	12	13	-2	6	-4	22	2	5	9	14	-7	6	8	19	-3	16	-3	7	-4	-4	6	6	6	-8	15	15	8	11	-12	5	8	24	-1	20	-2	18	11	-18	6	2	15	8	21	14	1	17	1	4	19	8	9	16	7	14	4	16	13	12	12	2	15	26	7	2	31	12	16	6	12	5	6	14	5	18	13	12	-1	9	9	7	20	6	13	9
	410.704712	-2	20	18	10	-5	23	11	9	-10	7	4	6	18	13	8	12	-3	5	-6	-1	5	1	0	-1	19	6	7	-2	16	13	12	4	15	24	-19	-3	6	20	18	8	11	10	8	6	17	-2	4	-2	30	15	22	-3	25	3	10	8	23	-1	11	12	7	1	3	8	-2	-1	-2	22	1	13	3	11	11	13	6	19	1	8	8	14	13	-2	0	-3
	411.904907	-3	-1	6	6	16	20	16	13	4	1	4	-4	-10	10	-4	18	-2	-6	-4	0	-1	11	3	0	15	5	6	23	10	12	20	-10	4	14	16	12	9	-8	10	5	13	14	12	2	2	14	-5	0	8	13	10	6	25	14	2	36	25	25	27	19	10	20	7	12	19	0	2	33	3	6	10	24	22	-4	23	24	26	25	-3	3	15	0	15	-6
	413.105591	7	1	3	4	12	20	-5	7	3	5	13	0	6	21	21	7	16	28	-7	15	13	17	11	4	27	20	1	8	9	11	4	-4	-11	17	8	11	5	14	22	25	-2	20	28	14	6	5	2	14	3	-7	6	13	14	15	11	22	19	15	14	14	1	0	3	12	7	-10	7	28	16	4	19	6	15	41	10	13	18	26	12	12	33	6	-8	11
	414.306793	18	-2	5	-1	10	-2	6	1	28	2	7	0	3	7	14	5	13	19	-2	-6	-1	19	13	18	6	8	14	28	2	12	21	13	20	21	26	13	21	19	3	3	15	0	15	14	9	7	16	6	-1	6	4	10	18	5	11	18	16	12	9	13	7	-5	-14	5	5	12	20	21	1	16	8	18	5	24	1	21	22	24	2	-6	21	-3	-6	15
	415.508514	18	1	6	9	16	18	4	-1	-8	18	12	5	22	17	14	6	27	15	9	17	4	10	16	14	20	30	8	15	8	17	6	3	13	2	17	17	8	4	22	18	15	16	11	9	8	16	21	0	3	10	13	26	4	4	17	21	29	14	18	21	8	15	6	9	8	-2	19	21	31	13	25	23	8	16	7	29	19	20	-4	5	18	27	11	16
	416.710602	12	7	8	18	5	17	9	-12	4	19	1	4	26	21	6	26	14	15	22	15	20	10	13	8	28	3	16	20	3	17	1	0	0	1	11	12	3	6	14	-3	0	17	15	16	2	19	19	14	3	-2	16	27	1	8	13	18	13	24	12	27	27	4	4	2	18	12	15	32	28	19	20	21	18	23	2	16	-2	38	25	3	22	27	0	11
	417.9133	15	17	24	16	9	15	-5	11	5	13	8	2	37	12	25	19	20	8	1	2	31	14	31	16	32	29	20	27	18	15	18	9	6	17	17	-5	22	24	0	17	21	12	12	19	1	14	-5	10	3	-1	7	5	22	22	10	6	6	5	10	3	-3	-4	0	13	23	-6	19	22	17	17	4	24	17	15	20	22	29	22	27	7	15	9	31	16
	419.116394	19	5	17	1	4	-1	5	5	5	14	10	1	11	6	2	-8	-5	8	4	13	21	1	2	31	22	12	31	4	2	13	-6	14	15	10	2	27	15	10	19	1	19	10	34	15	4	5	11	14	2	0	23	5	17	15	32	12	15	5	7	15	19	9	13	15	-6	-5	12	36	21	21	8	10	5	28	18	21	27	18	7	8	15	5	-8	12
	420.320007	12	18	6	14	14	26	5	11	15	15	4	30	12	12	4	-2	6	9	14	1	12	-5	6	12	25	24	-2	16	8	26	33	5	-4	4	1	7	7	26	32	18	14	14	25	35	23	13	11	16	6	14	13	23	4	12	26	19	23	20	17	31	18	6	10	17	-7	-5	9	18	32	14	16	3	40	29	27	18	27	22	10	11	10	22	11	16
	421.524109	5	15	13	-4	19	24	15	27	2	14	4	23	12	22	12	15	15	9	2	14	12	9	15	21	33	14	34	17	12	20	16	17	15	21	22	2	4	1	41	12	-2	15	13	23	6	17	9	18	9	9	-12	29	-9	15	32	34	35	17	10	4	8	24	-1	11	19	2	22	28	-9	8	16	7	12	36	21	26	19	33	4	10	25	24	-6	10
	422.728607	11	13	32	21	32	21	17	15	11	12	12	17	15	4	20	4	14	14	14	8	26	14	41	16	38	11	17	16	15	23	28	5	-4	12	-2	11	19	15	30	8	16	28	49	39	-6	6	22	8	14	1	18	27	9	2	20	18	8	24	14	21	-1	29	18	11	16	3	14	32	9	13	6	18	28	44	29	17	26	30	44	7	17	28	26	9
	423.933685	16	26	22	27	17	46	-3	18	5	3	19	13	7	33	18	28	15	14	16	3	20	2	17	23	30	25	44	37	18	-1	24	13	18	16	19	11	11	14	7	49	27	15	31	41	23	18	24	8	14	18	34	12	-13	17	38	39	31	14	14	14	8	7	14	1	4	26	37	11	15	28	17	17	-3	24	25	23	46	20	22	11	34	11	18	35
	425.139191	15	7	29	13	21	51	14	7	10	12	10	17	11	42	26	7	5	5	16	8	24	9	19	6	61	20	11	27	29	16	11	19	12	7	21	19	22	29	33	27	27	23	38	18	17	18	18	16	8	26	-2	50	16	29	43	36	34	13	14	20	24	7	14	22	7	-8	36	25	20	25	32	29	24	51	33	40	33	40	31	18	23	16	17	3
	426.345215	24	22	55	20	40	64	11	8	6	12	30	19	35	49	36	22	25	15	18	16	11	17	30	9	41	16	42	29	16	21	41	14	18	21	23	21	10	29	29	45	32	14	50	26	12	13	21	27	14	22	21	47	9	35	45	51	48	28	26	7	28	17	14	17	6	10	29	22	26	26	19	13	25	38	38	33	39	57	38	-1	49	24	36	18
	427.551697	20	12	47	14	19	48	28	10	25	22	9	-2	38	51	20	14	30	27	27	42	17	25	12	26	56	55	47	56	33	19	21	5	6	18	8	28	12	14	51	26	21	15	64	33	17	20	43	16	18	15	21	33	22	26	63	42	51	27	32	31	25	29	46	16	7	8	37	58	35	14	37	5	24	87	66	36	39	48	9	24	34	15	17	29
	428.758606	23	42	71	16	41	31	41	21	31	39	21	19	48	44	19	39	35	43	19	35	45	40	30	22	66	58	74	34	30	6	20	19	24	30	22	16	21	31	46	19	34	30	79	79	20	30	14	26	23	21	22	49	44	28	66	51	42	20	14	11	18	20	18	8	16	-1	47	68	28	21	39	24	20	81	64	23	49	70	26	18	53	19	30	39
	429.966095	17	19	63	37	61	52	24	10	3	37	32	37	50	44	38	21	28	23	29	47	32	55	61	53	86	75	55	52	54	21	45	33	29	23	26	23	8	43	88	69	24	50	58	81	43	29	56	41	44	40	20	65	46	54	74	65	79	22	20	37	18	34	33	33	15	19	59	86	44	36	40	32	51	99	60	79	69	71	37	33	63	58	32	53
	431.174011	49	33	101	39	61	106	19	36	32	53	40	44	40	93	41	26	48	50	51	55	34	37	51	36	101	69	65	87	65	33	49	48	35	43	59	36	57	76	68	62	40	36	115	96	41	47	47	41	59	46	65	95	31	57	110	103	110	27	35	44	52	45	40	20	23	16	76	85	65	49	45	32	35	110	74	48	86	80	43	28	73	53	48	48
	432.382385	40	37	148	49	90	124	54	50	26	59	45	43	74	105	35	50	42	42	50	66	63	60	45	43	140	107	109	89	91	56	74	39	62	47	47	33	49	79	120	97	48	51	173	146	60	50	59	66	45	41	94	107	77	65	146	134	149	47	54	52	66	30	53	30	27	33	131	117	66	61	71	57	75	127	111	108	126	122	33	31	84	61	56	30
	433.591309	67	46	167	75	122	139	63	62	34	51	54	58	77	149	43	48	73	72	64	61	73	59	59	87	163	121	119	112	100	61	83	76	61	87	67	46	73	110	162	105	52	95	172	149	53	54	65	75	73	65	117	118	69	64	198	239	231	55	55	70	60	65	56	33	53	49	142	175	96	54	85	77	95	156	153	117	148	140	63	52	120	111	72	64
	434.800598	79	76	219	72	151	219	65	51	66	72	92	60	125	211	71	73	75	98	58	82	81	85	85	87	229	177	152	157	131	85	118	93	72	81	105	74	73	166	231	145	77	90	258	212	102	87	117	91	69	59	147	182	129	108	228	294	300	68	93	85	119	60	114	55	99	64	182	232	99	96	106	63	107	228	218	158	211	227	87	66	162	97	99	82
	436.010498	79	98	275	77	184	269	111	106	72	108	97	111	130	244	88	93	139	98	82	108	163	105	104	125	283	242	218	185	179	108	129	110	96	96	114	100	90	202	293	203	126	117	267	225	103	113	109	105	113	98	206	248	110	153	333	431	416	97	88	124	127	93	117	65	70	92	253	257	188	130	174	78	139	258	225	187	222	253	81	97	227	135	91	122
	437.220795	115	142	407	125	232	345	115	103	95	112	111	139	187	320	148	134	138	161	143	141	171	170	170	119	403	289	290	256	197	150	150	142	117	114	164	100	108	220	372	263	152	146	354	323	155	148	171	145	134	106	285	291	164	134	415	506	472	127	118	155	136	130	132	58	129	123	362	365	200	185	176	98	187	375	346	224	303	376	101	117	268	205	116	124
	438.43161	142	160	458	130	296	472	149	157	129	143	160	147	201	372	140	147	152	198	173	193	185	163	145	162	417	369	342	297	237	150	202	193	165	141	166	143	125	264	407	300	178	156	428	394	147	152	208	183	134	134	361	348	195	172	425	640	681	146	135	201	188	163	155	76	128	124	395	435	281	203	234	123	188	409	418	275	408	466	142	160	348	260	171	187
	439.642914	144	128	512	175	302	486	157	168	151	133	184	191	284	471	198	177	183	196	174	194	252	177	183	238	577	397	380	349	308	171	203	212	138	153	148	149	115	310	487	393	196	231	444	437	186	173	247	161	158	155	387	391	253	192	522	682	768	154	120	187	180	154	178	96	165	191	452	525	331	241	274	134	264	497	466	316	442	517	163	187	425	280	197	203
	440.854614	190	164	601	187	329	585	150	175	158	189	159	180	254	464	162	206	235	196	209	245	290	268	194	220	600	504	423	404	313	193	221	252	199	196	183	165	143	347	571	377	201	283	465	483	184	179	255	202	203	195	412	448	264	267	575	866	918	155	174	213	225	228	195	117	160	230	534	558	357	280	318	123	285	541	471	356	486	567	171	193	427	324	223	212
	442.066895	200	193	642	187	351	678	199	195	167	161	203	197	295	518	208	190	226	252	232	291	296	237	244	249	621	492	466	439	327	225	234	261	198	201	218	180	170	366	581	454	229	280	488	482	190	144	277	188	197	167	453	409	260	272	608	875	979	181	174	259	243	207	237	99	190	228	522	638	368	276	282	132	270	540	536	397	476	669	187	211	474	363	237	237
	443.279602	186	189	667	193	410	684	225	198	222	202	185	185	314	530	217	194	249	219	223	292	316	246	259	285	691	594	460	470	360	245	231	298	190	182	220	174	154	382	582	479	250	270	474	577	213	167	283	243	184	148	434	428	297	258	676	931	1024	195	191	212	234	215	208	133	172	255	547	694	394	329	305	153	277	634	541	395	516	681	177	232	449	385	239	251
	444.492798	209	156	699	179	411	723	193	206	194	183	191	226	318	526	227	204	278	261	249	274	328	278	262	294	649	540	570	460	343	249	260	284	173	240	210	184	164	398	649	513	288	290	510	537	249	217	279	228	202	164	484	428	262	267	637	1043	1109	202	194	269	215	214	283	128	204	268	567	660	452	334	347	195	333	613	544	442	535	693	188	271	471	422	223	262
	445.706512	232	181	684	219	436	743	234	192	207	182	210	236	342	552	238	180	266	276	271	284	334	249	268	272	707	569	560	513	362	250	271	304	224	204	228	203	167	418	644	560	286	321	549	508	245	195	307	217	209	177	456	378	287	261	703	1070	1203	214	191	247	230	234	253	136	236	319	624	716	480	361	316	175	339	643	629	396	597	711	202	238	529	421	254	260
	446.920685	187	226	611	216	426	743	214	179	215	175	209	218	325	537	232	194	270	289	279	306	316	311	279	269	647	600	593	539	399	279	255	324	184	228	233	229	179	420	672	573	327	327	555	563	254	198	313	228	186	182	494	383	330	265	666	1051	1187	190	225	237	285	228	258	130	245	292	680	727	528	359	360	181	344	659	613	460	604	785	173	250	544	404	268	281
	448.135315	197	186	708	207	489	762	218	196	206	198	199	233	363	583	223	253	285	298	276	274	348	323	310	258	701	625	611	518	357	269	285	321	213	243	260	233	181	438	664	576	289	321	517	578	273	244	397	250	194	178	494	377	303	279	682	1112	1325	222	201	263	248	269	277	136	224	288	683	754	513	380	333	166	362	663	594	482	596	796	213	286	540	431	264	276
	449.350403	248	212	740	219	470	824	220	219	219	196	180	232	365	598	246	235	281	296	299	324	365	357	307	278	700	598	619	551	402	266	271	361	198	190	242	203	221	422	711	699	359	365	589	642	248	233	300	251	213	212	496	418	325	320	704	1151	1432	217	200	261	256	245	270	193	219	342	716	811	531	429	383	161	362	693	604	483	625	832	252	309	607	425	284	258
	450.56601	245	201	705	243	470	853	239	212	258	165	183	221	359	625	230	225	271	324	273	311	366	318	296	343	739	682	681	555	371	277	291	379	238	238	298	217	231	472	720	617	295	371	589	637	296	217	384	244	229	254	521	373	293	305	729	1142	1524	229	186	241	295	276	280	176	297	387	716	852	522	421	424	169	382	742	674	538	723	923	215	337	614	443	262	344
	451.782104	227	246	736	202	488	866	221	201	270	193	197	233	328	651	239	274	352	289	305	319	359	339	341	319	762	735	688	602	412	332	281	378	229	225	294	227	220	443	674	638	340	354	646	627	269	231	380	256	221	229	519	455	329	324	756	1172	1547	208	185	275	283	268	267	135	315	395	768	868	586	497	383	169	382	752	642	480	638	940	248	338	620	449	265	301
	452.998596	213	239	709	259	530	923	207	194	267	198	199	248	409	696	276	238	311	332	320	336	397	369	326	296	778	756	745	630	458	316	287	366	273	231	283	216	256	479	767	711	374	366	631	735	262	197	329	269	226	240	549	365	315	340	724	1136	1576	205	190	254	224	282	315	172	273	410	782	890	626	520	405	156	408	753	621	503	627	928	269	323	650	408	289	300
	454.215698	285	256	734	247	516	979	237	202	293	190	188	246	369	669	263	254	306	353	374	370	401	347	367	340	804	791	729	612	454	282	302	415	241	238	308	240	234	483	809	671	341	361	626	661	300	219	335	269	202	242	532	386	313	357	739	1194	1545	196	182	214	264	255	303	185	296	442	804	919	680	481	406	200	437	805	683	565	703	955	269	338	730	439	310	326
	455.433197	283	279	805	244	580	930	219	207	313	217	198	213	349	698	250	241	348	335	364	392	446	361	368	303	801	805	794	665	461	320	332	434	257	235	304	247	248	445	780	725	413	365	670	722	291	232	359	260	251	252	578	401	332	343	759	1255	1687	219	200	276	270	277	360	186	330	454	808	939	675	574	416	211	441	817	693	565	680	1086	266	377	701	454	283	350
	456.651215	273	295	717	253	542	1044	237	171	313	201	203	263	316	701	291	263	326	367	382	378	415	396	376	348	833	776	845	648	419	323	305	452	304	247	271	259	258	456	768	776	427	391	623	695	304	245	366	283	224	233	562	391	330	351	781	1279	1610	214	199	250	267	326	315	185	332	538	929	990	742	546	401	190	458	837	693	611	684	1110	263	440	728	522	332	365
	457.86969	271	275	736	225	549	1005	298	190	295	178	210	258	364	689	268	241	327	351	344	392	481	381	391	340	847	793	827	730	424	341	302	408	271	259	311	271	283	457	822	850	433	399	614	700	282	260	353	301	217	276	564	422	375	319	821	1285	1726	220	181	276	279	314	317	186	382	507	915	1050	803	651	416	201	453	745	684	576	709	1092	290	445	820	522	300	359
	459.088593	289	286	731	238	592	1104	252	209	349	183	221	251	374	718	276	277	388	361	361	359	425	377	351	372	841	847	824	665	432	325	314	447	234	264	309	261	301	424	788	825	428	414	610	654	358	258	374	264	214	272	585	376	358	358	810	1260	1646	205	174	262	277	328	316	204	361	575	921	1194	824	666	406	188	465	745	703	575	689	1111	308	454	765	493	282	362
	460.308105	255	313	715	219	574	1077	246	205	335	227	198	270	377	771	269	284	371	388	346	373	393	410	368	396	843	965	855	752	516	323	355	447	279	223	267	306	288	487	759	880	421	440	629	666	285	264	390	256	221	298	590	412	359	342	794	1254	1732	204	182	258	326	299	336	244	354	579	990	1209	872	748	483	212	529	795	722	646	738	1169	330	468	803	548	352	403
	461.528015	287	308	751	256	535	1001	258	197	342	236	230	272	360	757	260	245	375	386	353	360	422	418	399	348	833	960	898	802	508	367	321	487	285	219	362	285	304	401	784	782	380	447	608	692	316	245	383	267	270	264	552	381	343	345	782	1263	1793	224	190	235	289	337	285	220	341	621	1020	1255	930	709	446	168	495	830	753	590	792	1194	329	461	730	491	344	376
	462.748413	290	308	708	263	569	1148	210	177	347	165	236	306	368	799	297	240	385	375	371	340	460	407	382	381	897	929	931	716	460	343	297	480	311	254	284	283	300	446	748	863	455	418	594	687	300	248	406	267	244	284	569	407	382	424	813	1208	1772	192	212	259	321	338	351	220	415	648	992	1303	935	793	469	212	513	743	718	663	769	1196	318	495	873	532	337	415
	463.969299	312	273	682	285	627	1235	229	190	381	201	188	261	372	757	300	268	363	382	407	396	506	468	394	396	876	937	981	769	531	382	304	486	315	266	300	287	343	450	738	795	436	431	683	703	324	271	378	289	252	312	581	352	379	418	821	1281	1814	221	216	271	278	324	368	240	432	649	1110	1482	960	830	503	176	512	834	736	639	783	1247	370	522	856	513	359	450
	465.190613	275	320	682	272	584	1185	257	220	378	207	168	277	372	767	287	285	374	415	410	392	465	454	427	404	891	973	944	804	519	393	359	489	331	282	288	268	325	446	749	860	428	449	687	679	332	300	430	314	234	303	526	369	397	416	874	1290	1859	223	211	281	296	313	384	294	430	736	1155	1427	1052	859	473	192	552	843	712	620	792	1291	381	503	885	555	344	428
	466.412506	314	341	712	288	609	1279	256	200	370	191	208	287	431	748	276	274	454	392	435	402	483	464	420	392	930	1036	955	808	533	377	306	501	294	269	329	270	346	433	771	871	458	429	770	689	316	279	425	302	266	325	521	351	393	402	781	1264	1963	242	196	274	310	287	407	265	459	776	1101	1463	1112	923	508	187	538	836	744	610	812	1361	404	546	947	562	355	451
	467.634796	312	353	710	293	627	1193	251	228	379	239	215	272	371	802	322	279	431	396	456	412	498	498	432	428	954	1041	971	817	548	389	265	521	334	277	334	332	324	436	799	846	460	472	713	686	325	275	390	303	269	293	508	415	391	447	827	1279	2023	230	192	279	323	366	376	290	441	765	1113	1536	1128	981	488	173	598	810	754	651	826	1338	430	569	1012	553	336	462
	468.857605	298	339	757	250	660	1204	262	226	395	193	202	294	365	801	311	301	404	393	398	476	499	505	425	430	900	1044	1028	850	552	417	348	514	333	285	290	337	330	406	755	934	484	439	743	770	354	302	478	333	244	303	559	398	359	447	814	1338	1911	218	223	296	338	317	418	323	502	843	1261	1591	1164	1015	556	185	582	835	800	680	830	1392	487	599	956	573	387	426
	470.080902	340	377	736	247	706	1310	274	211	423	201	219	310	383	848	337	279	444	440	475	457	533	484	423	435	941	1049	1060	879	621	408	363	526	321	286	319	335	360	471	824	957	490	473	768	759	328	276	491	340	254	277	498	385	423	416	829	1325	1910	196	200	295	360	357	417	325	524	877	1226	1650	1184	1072	520	178	567	845	767	697	917	1400	469	626	1057	596	382	511
	471.304596	363	337	702	278	645	1387	270	210	402	200	191	282	411	848	349	280	434	406	432	474	484	456	454	430	886	1063	1092	900	545	402	323	463	328	308	336	364	373	425	851	975	468	496	723	728	361	306	439	317	278	322	474	398	438	426	869	1305	1954	214	193	262	339	357	399	299	542	968	1380	1720	1249	1079	482	168	600	865	817	723	901	1426	532	663	1011	569	380	525
	472.5289	315	362	664	262	737	1261	296	207	408	198	207	279	373	832	295	252	412	443	428	451	559	471	419	469	990	1043	1042	925	614	390	340	476	335	283	314	347	339	401	786	998	489	475	816	723	365	279	426	333	241	310	504	381	408	398	810	1271	1951	222	198	313	385	360	370	349	567	940	1332	1818	1348	1084	488	179	571	806	781	669	835	1422	517	651	1079	575	376	542
	473.753601	301	369	661	256	634	1286	270	178	383	190	197	299	331	868	304	263	449	411	475	443	520	466	456	416	938	1034	971	878	647	389	331	477	322	284	268	365	413	413	857	987	456	518	787	741	333	291	482	344	251	288	486	349	394	396	812	1211	1902	209	203	289	384	341	400	338	575	934	1349	1870	1403	1122	479	229	651	794	825	714	867	1486	498	668	1071	541	360	510
	474.97879	281	381	608	264	662	1270	276	164	406	195	221	310	403	834	293	324	446	439	421	477	489	506	473	429	915	930	930	900	588	403	330	459	313	318	286	399	349	406	847	969	457	456	786	698	305	273	431	344	230	340	456	378	407	414	796	1120	1861	224	218	258	384	349	437	324	614	988	1473	1871	1403	1208	517	226	624	768	783	714	797	1452	516	697	1094	574	393	470
	476.204498	330	365	656	267	666	1330	284	181	431	184	168	321	362	868	313	315	407	394	409	419	492	535	451	452	921	905	931	970	568	403	304	490	330	286	302	351	374	394	761	1049	429	447	716	665	352	245	413	305	250	303	417	415	402	454	820	1137	1789	207	225	302	350	384	407	376	604	1013	1493	1955	1485	1291	474	202	623	735	728	705	859	1476	592	739	1101	596	413	507
	477.430695	324	370	665	278	638	1244	286	181	395	180	149	309	318	806	351	263	410	393	426	442	455	511	509	443	863	872	801	849	629	383	281	466	313	275	311	351	354	391	790	1055	442	477	703	675	311	273	429	343	196	311	405	382	389	416	772	1144	1695	176	213	304	356	354	424	419	598	1038	1500	2059	1583	1365	507	197	579	764	744	702	964	1462	559	796	1099	601	367	528
	478.657288	295	369	610	243	614	1273	239	202	368	190	166	324	366	800	332	271	423	449	434	446	476	513	493	491	898	870	838	861	533	373	317	456	293	299	291	326	360	358	814	967	436	422	678	643	363	274	453	298	241	297	426	385	377	409	794	1100	1716	243	223	280	346	356	455	386	642	1031	1557	2136	1635	1337	458	201	643	766	793	714	899	1530	582	719	1153	608	414	484
	479.884399	291	379	642	257	625	1260	233	172	407	180	170	344	341	818	296	253	440	379	385	421	557	496	508	458	843	867	902	791	579	374	319	463	286	281	302	362	362	394	767	984	411	409	772	662	331	276	433	321	237	253	416	367	391	385	724	1073	1668	192	229	271	313	367	447	389	687	1077	1661	2063	1638	1429	475	205	636	722	722	722	872	1494	634	745	1156	541	401	554
	481.112	300	335	577	259	613	1244	245	145	470	186	169	360	325	769	273	262	396	468	453	452	515	530	496	418	778	926	843	805	605	362	336	394	280	286	297	379	356	375	770	942	378	378	712	613	355	285	417	329	229	250	388	377	439	425	764	1041	1561	197	188	276	361	352	448	432	625	1107	1678	2202	1726	1447	550	191	637	699	737	688	868	1499	644	773	1131	575	368	546
	482.340088	285	401	618	203	625	1235	260	163	370	185	167	308	353	751	312	253	499	393	377	383	493	469	468	413	812	995	952	818	621	368	298	438	315	272	273	352	348	333	774	919	364	380	773	610	382	293	412	336	229	317	393	328	381	361	726	970	1492	231	206	265	319	328	472	411	735	1171	1737	2195	1636	1505	479	194	638	700	752	659	872	1513	649	714	1181	607	442	544
	483.568695	291	382	554	251	602	1230	256	161	428	171	168	304	353	751	306	262	385	389	381	412	507	495	476	451	802	959	964	831	543	354	321	416	286	264	275	330	341	362	743	929	392	310	773	573	322	303	426	308	213	309	360	368	406	388	751	977	1458	219	236	288	317	352	483	421	677	1107	1693	2235	1745	1556	473	215	620	617	707	626	873	1448	641	784	1258	542	400	536
	484.797699	312	382	551	246	617	1238	239	190	401	194	202	347	319	743	293	242	384	419	408	456	518	530	519	435	758	1017	966	798	539	351	265	394	258	265	298	346	347	369	780	936	366	347	730	567	321	276	381	297	205	298	382	334	357	390	662	907	1333	189	210	261	370	340	463	427	696	1133	1779	2391	1852	1609	524	201	623	638	711	655	787	1523	692	848	1239	548	402	568
	486.027191	264	357	552	224	573	1113	236	175	390	175	159	361	321	769	273	238	379	408	414	426	473	448	440	453	754	1031	983	808	574	399	294	422	264	241	238	338	350	317	673	908	379	381	737	537	276	242	383	261	210	290	321	363	382	373	651	796	1281	174	203	241	331	309	472	464	668	1183	1814	2382	1846	1636	465	188	642	621	642	606	876	1530	774	819	1181	584	408	598
	487.257202	285	391	540	261	544	1104	265	169	408	170	183	401	322	698	303	257	383	384	439	420	518	523	481	437	717	948	954	762	505	322	283	394	266	258	257	321	297	325	683	848	383	415	767	521	317	265	378	287	184	272	325	326	378	375	591	820	1226	191	198	246	319	349	477	500	742	1125	1829	2444	1880	1726	462	225	655	574	693	636	830	1454	785	798	1275	628	403	558
	488.487701	277	360	517	230	594	1161	240	127	395	181	178	357	314	705	261	245	417	379	427	447	525	490	462	384	817	918	916	795	512	354	301	372	270	254	254	338	381	289	673	849	375	393	676	518	328	254	394	334	206	268	328	323	367	326	650	829	1145	181	202	249	348	354	502	515	765	1229	1821	2529	2030	1739	503	206	624	595	670	681	772	1512	740	824	1265	566	392	564
	489.718597	239	367	489	210	580	1095	263	169	389	166	219	373	283	725	263	264	400	417	406	387	475	513	489	442	709	935	945	754	536	325	288	313	259	250	263	335	347	307	640	884	393	354	674	498	306	249	369	273	189	247	296	363	356	357	651	770	1169	165	192	245	360	347	521	528	743	1333	1948	2625	1926	1889	466	196	655	563	654	614	847	1561	876	808	1280	571	433	589
	490.950104	268	374	470	262	579	1081	257	155	397	194	188	325	292	687	209	275	363	360	424	440	521	502	468	480	714	993	898	791	513	326	288	358	286	263	238	335	325	308	641	817	365	433	731	503	286	258	326	284	185	236	329	335	377	321	613	727	1044	162	204	256	295	371	529	539	768	1347	2078	2653	2034	1828	520	195	687	556	661	618	855	1494	826	913	1224	599	411	617
	492.182007	287	346	457	229	537	1052	239	158	376	162	186	395	293	709	252	265	397	336	409	433	492	523	481	428	676	907	859	716	489	331	292	341	241	261	232	335	302	277	593	854	361	392	642	462	275	245	375	285	225	233	273	346	338	408	570	720	984	164	174	240	314	374	522	545	797	1378	2074	2741	2103	1878	491	215	734	551	644	567	821	1563	902	908	1313	650	435	671
	493.414398	253	347	461	201	546	1004	236	167	405	181	177	358	282	695	249	228	381	356	427	386	481	523	481	440	707	849	840	748	476	315	281	311	262	209	221	336	327	295	581	743	347	401	587	444	273	231	332	249	188	245	284	322	324	348	614	672	990	180	163	201	301	323	478	560	820	1347	2086	2718	2148	1922	512	201	689	567	629	542	813	1527	865	858	1354	612	443	642
	494.647308	251	345	431	198	488	972	259	150	341	161	153	370	282	600	239	229	323	338	374	382	465	503	474	422	680	831	804	687	450	311	249	310	245	188	235	323	327	265	631	767	346	396	576	398	281	219	326	245	183	228	258	324	292	315	584	658	976	165	193	273	328	306	528	578	789	1356	2059	2807	2178	1993	487	198	664	528	610	564	811	1564	891	913	1316	573	459	651
	495.880615	255	330	405	182	468	906	221	135	378	184	168	381	246	627	235	210	331	397	370	397	464	485	476	440	662	831	759	680	477	292	264	338	255	267	206	277	293	242	584	760	341	406	586	380	236	223	317	224	186	234	259	359	311	330	597	617	878	158	166	177	286	305	527	508	783	1349	2093	2748	2123	1955	455	197	700	562	596	558	771	1517	871	821	1295	658	402	650
	497.114502	264	288	384	194	483	952	214	166	372	163	172	374	234	612	212	179	348	355	362	380	433	470	430	457	621	790	714	653	451	275	252	271	222	192	237	308	295	278	531	697	360	361	542	356	235	217	352	257	189	236	212	291	292	311	552	607	809	169	171	211	314	315	559	583	816	1417	2132	2833	2148	2057	464	204	745	504	538	575	741	1388	828	891	1242	644	444	690
	498.348785	224	311	398	213	516	939	268	140	361	148	199	406	237	538	203	209	326	329	348	424	442	532	482	411	596	806	729	631	444	274	236	305	221	202	211	274	299	248	520	635	357	328	630	360	289	241	333	233	195	234	231	344	317	284	553	613	808	165	169	209	301	303	505	561	777	1360	2058	2766	2154	1969	448	180	694	488	616	537	736	1462	847	925	1276	614	403	636
	499.583588	230	315	362	170	526	936	219	146	362	160	159	390	240	571	227	192	343	319	342	405	449	505	414	419	586	766	678	563	432	290	220	275	224	206	200	308	291	235	558	636	313	328	577	370	257	222	272	259	179	178	241	274	278	290	515	607	820	160	182	228	297	301	575	611	834	1380	2090	2816	2148	2030	435	210	712	466	580	491	744	1467	918	908	1268	645	461	628
	500.818909	260	310	390	179	449	904	216	132	358	167	154	369	195	516	233	193	316	315	339	342	442	450	467	380	636	687	636	546	407	300	262	260	224	207	195	312	313	266	492	721	307	266	523	329	224	212	298	233	194	248	235	315	318	349	550	562	707	167	182	240	308	328	563	589	782	1444	2093	2875	2185	1967	448	211	729	505	587	521	739	1310	911	853	1330	614	421	634
	502.054596	225	300	397	175	470	880	212	150	406	164	144	400	260	555	217	207	306	354	343	366	425	486	438	376	571	742	610	563	447	281	266	280	193	184	203	296	279	281	512	654	294	356	509	339	233	217	292	263	167	190	224	278	306	298	470	544	729	150	172	213	300	330	554	579	826	1392	2141	2780	2231	2192	376	193	753	455	589	463	767	1353	970	863	1314	663	429	705
	503.290894	225	299	395	196	439	836	201	125	373	160	169	389	237	560	228	206	267	322	350	351	435	417	448	404	591	692	620	534	423	253	256	308	203	181	208	282	298	246	438	618	270	316	525	340	252	184	315	236	160	203	221	301	325	291	513	526	695	150	161	211	312	304	519	632	791	1387	2263	2942	2251	2105	464	226	833	431	593	509	724	1320	918	855	1368	651	435	628
	504.527588	230	299	386	157	415	816	228	147	366	140	176	356	281	506	208	168	304	326	313	360	403	419	434	410	518	622	629	527	443	270	226	269	210	197	240	276	287	193	483	661	319	333	512	335	266	234	334	256	170	215	233	302	327	318	491	528	712	143	161	226	305	313	519	630	803	1395	2174	2969	2208	2104	435	213	747	435	546	512	669	1398	947	882	1413	680	428	700
	505.764801	233	363	375	179	451	859	225	162	339	159	151	401	207	507	231	205	344	298	344	337	400	461	453	382	516	656	616	507	407	251	259	293	209	207	189	260	234	188	471	633	284	329	539	324	254	192	288	220	157	210	231	254	281	328	552	496	656	149	160	175	285	304	524	614	803	1389	2287	3055	2191	2214	427	237	766	475	575	474	652	1441	1024	873	1298	690	513	627
	507.002502	194	320	371	145	466	771	201	145	385	156	159	385	247	517	203	202	292	279	302	320	403	456	431	355	531	613	568	500	453	243	246	273	185	181	193	286	256	204	444	558	322	337	542	305	215	180	278	218	178	181	209	259	312	286	455	509	626	144	184	214	279	338	533	622	871	1386	2191	3052	2311	2318	439	244	715	454	549	478	658	1324	988	916	1370	679	405	612
	508.240601	212	286	352	141	403	807	221	112	376	151	203	383	237	497	187	185	313	287	341	347	412	461	420	377	502	642	605	462	440	240	245	212	185	155	181	258	299	215	440	582	287	297	523	271	215	190	237	244	189	188	220	266	229	275	474	458	543	132	168	165	332	282	558	597	779	1423	2327	3002	2173	2231	438	216	790	399	551	466	642	1360	1051	935	1366	662	438	746
	509.479309	198	314	326	180	402	781	209	131	343	169	166	353	201	475	216	189	297	264	309	381	401	439	409	361	547	622	571	483	378	218	218	232	178	197	207	235	276	173	414	536	303	298	449	302	243	192	269	196	152	202	218	245	216	246	448	477	530	146	150	198	275	282	559	648	859	1454	2341	2993	2357	2270	423	191	769	407	553	436	623	1342	1059	881	1337	666	435	727
	510.718414	216	269	315	156	347	733	192	142	356	155	193	398	218	513	201	186	282	250	330	347	423	445	450	339	537	669	599	506	359	220	200	250	193	170	192	266	220	186	380	504	260	275	425	237	204	186	233	230	134	237	218	257	279	241	420	419	499	120	147	178	266	278	543	684	875	1384	2276	2978	2269	2232	428	197	771	391	528	435	627	1267	1105	847	1359	708	421	726
	511.958008	211	318	326	144	390	677	184	128	383	152	159	411	215	469	177	192	261	280	295	311	346	459	438	349	467	618	544	480	372	233	219	227	184	167	160	277	258	183	407	543	268	233	457	259	220	219	188	170	134	135	175	227	258	257	373	365	491	126	135	180	259	268	556	627	867	1376	2508	2911	2303	2275	387	235	829	427	510	465	638	1363	1102	907	1478	686	420	694
	513.19812	187	316	299	175	327	668	213	135	331	149	183	357	204	440	156	140	285	269	303	323	332	413	456	374	466	620	561	494	368	204	188	242	198	157	152	243	221	161	387	508	236	240	401	248	197	177	202	220	148	168	171	235	284	239	401	380	409	114	143	162	209	279	567	705	861	1338	2455	2871	2394	2404	411	233	842	402	492	396	669	1324	1101	889	1432	699	426	712
	514.438599	195	265	257	170	333	666	188	148	383	144	187	420	216	423	162	161	278	249	308	327	318	467	432	330	477	600	562	485	337	240	194	225	148	162	167	222	242	193	338	422	251	268	378	230	205	196	223	197	133	144	166	259	249	184	328	370	409	120	135	182	267	298	550	690	882	1414	2551	2897	2362	2322	412	226	783	430	437	388	614	1294	1155	880	1305	732	373	737
	515.679688	179	222	258	152	287	619	215	152	336	141	186	432	203	416	175	146	237	287	270	328	318	432	399	334	429	581	567	450	348	151	195	219	140	151	174	235	223	196	280	425	219	218	360	203	180	181	224	176	128	112	164	185	207	208	357	288	335	127	132	151	249	280	602	739	890	1450	2570	2766	2418	2321	400	213	834	343	439	393	547	1274	1099	922	1442	755	462	755
	516.921204	160	231	259	178	287	528	178	111	331	135	157	396	204	385	190	138	269	226	282	333	353	426	457	324	421	538	517	435	325	179	197	218	154	176	148	191	193	156	290	395	231	222	328	196	181	166	185	156	137	100	143	189	217	184	284	237	285	107	87	138	221	260	564	709	889	1415	2545	2715	2328	2390	357	158	856	348	410	411	538	1273	1158	943	1379	798	463	754
	518.163208	142	238	209	110	269	447	177	108	328	157	164	397	196	368	139	171	240	223	288	295	298	403	412	304	440	544	516	406	321	165	154	201	174	145	155	195	181	147	290	406	220	208	307	180	154	145	148	165	90	108	158	161	197	167	311	239	242	94	106	112	247	213	623	696	836	1492	2552	2653	2344	2317	368	203	809	346	381	383	558	1175	1156	902	1423	798	447	782
	519.405579	164	269	195	116	228	413	182	101	348	184	158	435	191	347	149	140	234	211	268	292	368	384	392	348	422	531	426	390	277	167	218	169	129	132	150	184	177	153	274	319	206	188	323	176	175	163	156	168	110	109	130	118	160	115	258	203	253	89	110	105	241	212	601	649	871	1469	2684	2709	2404	2380	372	224	853	298	388	337	489	1271	1222	906	1325	849	468	881
	520.648621	153	248	200	131	260	397	188	108	286	165	141	415	190	305	135	153	239	201	265	271	338	463	362	298	344	496	444	360	255	204	152	169	168	134	160	192	187	160	279	300	188	178	274	154	157	165	128	141	131	94	158	148	149	126	244	173	204	70	102	111	217	210	577	657	825	1407	2627	2794	2377	2406	381	215	870	279	388	341	436	1245	1155	958	1352	890	493	843
	521.89209	166	237	195	120	220	391	176	151	298	150	148	441	127	326	116	116	215	201	238	262	306	348	374	287	339	465	406	352	236	188	167	185	139	114	169	165	170	120	248	280	172	183	248	164	155	157	130	123	90	114	114	122	160	145	190	216	212	67	81	109	216	214	545	643	868	1458	2522	2872	2346	2317	376	206	857	260	360	293	448	1230	1141	1008	1278	892	499	832
	523.135986	141	189	157	130	208	369	174	125	300	152	181	433	137	322	133	163	192	201	234	249	317	436	415	303	317	452	452	372	273	165	142	160	147	129	131	141	136	141	221	303	160	162	236	132	163	128	114	112	89	101	123	125	168	133	218	147	169	90	103	84	177	229	558	652	853	1444	2476	2999	2300	2332	390	220	907	278	342	326	453	1246	1113	951	1308	1001	468	835
	524.380371	180	242	181	112	164	338	172	122	277	144	177	454	144	272	128	136	190	199	193	228	270	368	359	287	348	428	372	387	254	171	168	138	120	105	138	140	127	149	213	278	142	147	222	135	125	135	122	117	97	118	93	97	141	146	226	156	199	95	93	97	178	174	584	609	860	1449	2494	3057	2261	2389	326	210	938	237	320	313	391	1197	1222	906	1292	968	470	865
	525.625305	130	184	141	128	187	342	183	138	275	168	169	473	138	268	126	102	191	195	230	271	292	333	353	307	317	413	357	325	247	140	163	171	115	90	136	141	158	107	196	249	138	132	213	121	147	122	112	99	93	72	106	96	123	166	246	159	182	71	96	108	161	200	594	706	844	1433	2622	3019	2244	2390	412	211	926	247	283	306	424	1154	1202	918	1374	1062	475	864
	526.870728	159	212	176	101	161	324	152	124	257	180	214	468	169	223	100	115	181	156	228	289	275	379	372	294	310	391	385	314	254	154	138	182	86	112	129	138	117	106	191	246	137	130	224	142	122	144	118	95	94	101	100	99	119	107	239	132	165	66	103	125	199	174	536	665	841	1412	2616	2995	2237	2411	349	235	934	213	271	260	386	1181	1190	957	1409	1171	514	905
	528.116516	118	223	166	102	186	322	157	129	261	177	189	453	142	257	112	156	188	169	232	252	297	378	385	294	296	371	384	335	221	161	132	158	124	98	100	151	139	109	172	209	138	157	199	129	123	135	101	124	97	99	120	123	153	107	246	162	148	104	103	111	186	182	574	751	845	1406	2587	3083	2349	2463	382	212	1005	233	277	249	405	1232	1180	900	1404	1200	538	952
	529.362793	145	198	158	137	165	290	168	164	285	196	197	529	166	273	118	121	203	183	199	261	301	383	333	311	301	368	346	380	265	121	119	171	101	116	161	135	133	117	172	208	165	140	192	134	129	120	121	91	118	104	121	126	130	146	247	172	151	87	102	118	158	217	554	708	891	1408	2630	2995	2219	2452	351	219	1047	253	307	253	402	1203	1186	958	1423	1299	563	1007
	530.609619	137	189	171	134	194	308	155	146	289	211	199	557	140	278	152	136	222	173	233	261	292	393	344	314	298	371	351	336	231	152	135	178	113	123	162	150	149	104	183	224	172	148	175	143	119	139	97	80	90	94	119	133	143	129	276	167	158	113	120	129	177	191	605	728	835	1311	2629	3041	2308	2538	372	254	1065	264	268	309	368	1246	1156	966	1422	1386	570	999
	531.856873	159	222	162	138	125	296	172	133	300	224	235	578	144	287	139	140	198	198	233	243	286	415	383	318	309	390	342	342	284	155	186	177	103	126	144	166	134	126	212	258	167	148	160	131	145	129	130	91	104	97	128	146	135	108	269	157	193	73	107	113	182	230	561	743	870	1336	2641	3037	2382	2541	327	262	1101	272	315	274	416	1216	1228	930	1395	1481	529	1109
	533.104614	159	197	156	117	183	311	149	167	305	257	233	605	154	278	134	160	178	190	231	236	287	392	397	308	302	374	345	325	240	201	147	196	155	117	154	155	165	119	176	242	135	158	174	119	130	136	132	96	125	106	101	127	139	136	286	190	196	118	111	124	176	211	613	781	834	1433	2791	3061	2296	2520	366	257	1073	280	326	293	402	1167	1276	974	1490	1584	609	1106
	534.352905	156	218	204	134	176	355	148	163	303	258	291	636	144	258	151	144	211	223	266	283	294	391	403	319	334	386	363	308	268	189	155	201	157	148	151	188	164	133	180	260	150	131	176	168	166	171	127	117	125	123	154	151	175	171	312	159	188	113	116	122	187	220	555	777	812	1462	2651	3071	2349	2439	394	253	1175	254	353	259	403	1209	1295	894	1541	1641	694	1231
	535.601624	146	239	206	136	200	349	217	195	348	240	287	645	145	323	167	134	208	199	250	250	297	379	407	302	334	381	379	367	315	180	167	203	126	104	192	159	148	137	240	253	185	158	218	157	177	167	150	116	104	148	136	140	186	143	331	194	220	98	98	140	191	231	598	736	862	1348	2760	3086	2406	2480	385	257	1260	267	347	297	416	1183	1287	989	1648	1843	639	1315
	536.85083	188	208	197	149	222	407	187	208	367	270	308	673	173	310	154	166	231	189	273	255	300	402	416	328	331	381	413	354	318	183	181	201	131	153	200	179	193	147	237	290	152	161	212	174	129	154	154	119	121	143	136	159	192	177	330	192	227	109	103	136	229	233	583	806	777	1416	2742	2977	2385	2455	396	274	1292	267	347	321	422	1182	1286	960	1663	1841	640	1383
	538.100525	168	221	247	144	213	472	198	245	374	322	346	672	206	316	160	158	210	211	278	309	333	448	448	307	357	415	430	371	348	177	191	207	134	158	197	194	195	121	225	322	203	168	220	158	144	149	155	116	154	147	170	157	213	200	381	217	210	130	169	154	240	257	573	821	832	1409	2830	3030	2336	2543	391	268	1291	297	357	367	471	1199	1324	953	1681	1975	716	1374
	539.350586	218	260	239	196	277	440	233	219	446	343	342	695	214	330	175	167	266	247	290	317	352	402	429	336	404	443	424	411	371	205	193	188	156	161	187	182	184	159	266	329	204	215	245	175	175	179	207	152	169	182	162	184	241	201	388	260	251	162	152	107	261	264	623	798	758	1479	2764	2911	2428	2586	341	284	1287	296	355	336	524	1146	1384	957	1842	2178	757	1363
	540.601318	203	266	292	189	289	515	223	285	484	368	401	685	236	397	180	173	219	238	296	326	373	481	473	370	423	459	393	407	370	187	199	243	167	169	214	227	204	170	274	348	194	205	216	188	196	183	197	159	194	236	193	194	245	214	467	243	261	152	135	141	268	281	611	749	755	1406	2873	3042	2520	2584	383	282	1345	368	395	351	522	1175	1320	880	1782	2198	772	1423
	541.852417	218	246	322	195	304	619	249	294	469	370	463	763	282	440	211	174	229	234	284	317	372	448	471	379	430	468	445	415	381	212	239	241	195	187	252	234	213	183	318	405	243	201	294	236	235	209	219	166	191	279	240	262	283	261	498	270	290	141	167	177	333	316	587	795	741	1349	2798	3148	2584	2599	356	287	1411	356	446	390	513	1186	1346	1004	2002	2305	773	1504
	543.104004	245	349	346	189	357	648	249	301	516	405	526	813	281	457	190	235	311	221	332	360	419	512	472	381	467	508	506	483	422	217	273	255	230	214	274	284	242	183	322	390	206	228	282	273	218	225	232	213	259	256	267	264	313	262	573	346	346	169	182	181	287	301	590	753	751	1422	3008	3074	2515	2616	390	284	1421	422	470	436	605	1267	1352	1018	2029	2375	881	1581
	544.356079	262	324	371	228	386	700	270	330	607	456	516	854	318	503	204	220	295	283	381	366	473	494	568	360	501	497	522	459	488	226	257	247	197	232	281	255	271	213	348	419	225	251	327	248	293	260	263	243	264	377	269	305	324	324	686	376	381	178	175	204	320	355	644	805	802	1379	3013	3214	2550	2628	419	270	1519	445	525	491	603	1211	1353	994	2118	2465	753	1570
	545.608582	272	315	414	235	468	814	270	335	604	457	616	810	359	501	208	240	305	283	350	392	500	562	563	421	564	516	574	466	469	283	293	259	244	236	326	297	329	238	379	496	273	298	336	276	292	294	302	282	325	362	344	334	361	333	698	413	377	210	229	217	360	370	612	869	912	1440	2926	3141	2712	2618	402	300	1471	409	640	524	599	1257	1383	984	2097	2523	842	1581
	546.861694	271	324	417	242	495	894	345	341	692	533	657	865	360	532	245	242	350	348	388	354	518	551	519	419	634	602	542	578	611	293	283	274	240	202	306	302	313	246	395	532	300	282	398	308	341	319	359	295	322	400	374	417	416	370	835	435	441	218	243	274	407	386	647	756	904	1455	2952	3173	2573	2619	418	339	1523	500	639	513	757	1268	1527	986	2258	2639	803	1742
	548.115173	283	379	533	254	549	999	341	385	689	536	648	858	354	557	232	259	378	356	393	420	523	558	541	410	603	582	554	524	615	337	304	239	261	283	338	361	333	239	473	626	307	318	427	357	303	304	417	335	408	425	399	425	451	467	886	448	471	236	248	260	403	414	640	814	912	1434	3128	3130	2718	2635	469	327	1499	549	728	566	690	1298	1471	1025	2324	2500	868	1744
	549.369202	286	356	560	304	618	1103	344	391	751	550	674	936	415	549	281	308	365	352	388	437	474	570	604	414	706	590	639	554	633	302	369	313	279	287	338	375	391	235	565	655	354	342	453	378	370	313	487	362	433	487	432	398	506	502	993	477	511	227	285	271	430	432	626	822	990	1471	3080	3121	2750	2632	450	353	1550	595	743	556	795	1297	1451	947	2399	2562	869	1715
	550.623718	320	407	614	291	650	1154	349	375	740	575	738	902	407	644	274	276	373	374	410	452	547	589	597	392	724	633	637	529	651	351	315	324	252	265	348	411	417	291	585	704	386	358	477	457	352	325	507	401	449	523	491	503	495	533	1092	527	600	265	246	277	478	447	607	867	970	1505	3064	3101	2800	2669	485	338	1567	575	836	621	782	1311	1421	1078	2362	2531	810	1878
	551.878723	321	367	611	276	694	1334	406	418	728	593	802	834	466	638	236	283	385	398	459	455	585	607	601	433	772	656	660	601	716	320	366	300	279	328	369	449	393	261	585	773	384	391	551	437	393	354	563	416	514	552	466	477	582	555	1144	588	606	269	278	289	501	494	632	862	978	1513	3089	3156	2791	2712	430	327	1604	644	788	655	812	1287	1562	992	2385	2567	877	1685
	553.134094	357	360	662	313	741	1394	358	388	770	585	838	934	506	689	256	284	427	401	438	487	581	621	593	437	800	748	699	574	784	325	400	306	272	323	336	458	441	293	637	761	390	384	570	468	430	358	568	458	478	618	520	541	651	581	1222	637	708	278	296	322	474	499	642	829	946	1452	3185	3002	2681	2822	412	334	1561	706	895	658	881	1265	1468	1028	2540	2505	853	1753
	554.390015	367	414	648	308	819	1424	368	394	819	618	815	873	490	686	300	282	415	420	481	515	611	606	607	478	798	644	685	602	825	331	369	337	294	317	387	415	467	337	691	752	425	389	581	467	411	398	645	463	563	619	522	522	669	606	1236	632	675	319	273	315	510	483	645	844	956	1468	3200	3027	2732	2727	442	330	1531	717	926	692	894	1264	1469	1030	2560	2562	903	1690
	555.646423	371	443	703	310	858	1546	408	390	811	664	829	889	501	754	279	279	403	412	475	548	617	656	610	371	949	735	728	618	873	340	371	349	332	320	385	425	450	351	744	864	413	427	645	551	438	363	702	548	583	695	583	627	699	641	1195	644	717	294	300	324	535	501	642	833	952	1508	3253	3129	2664	2909	435	296	1522	719	954	669	837	1332	1517	1070	2608	2496	860	1796
	556.90332	402	429	746	375	910	1535	329	418	825	655	843	853	534	711	306	314	418	480	439	523	589	677	654	458	885	765	742	610	931	385	381	304	273	358	381	479	437	319	749	864	473	430	620	576	490	376	744	529	578	696	629	641	712	691	1270	718	718	351	301	315	595	504	632	834	1002	1466	3296	3195	2841	2918	432	335	1571	810	987	696	888	1314	1546	1101	2762	2451	855	1578
	558.160583	449	473	774	318	920	1611	411	409	855	668	932	860	541	729	296	332	414	436	493	524	658	669	650	416	967	760	718	652	1002	362	397	361	334	324	355	484	465	346	765	967	424	457	692	614	489	431	797	628	633	727	634	698	775	748	1376	691	789	339	325	311	544	552	674	926	1030	1489	3354	3100	2749	2933	422	383	1592	844	1089	716	926	1344	1534	1090	2697	2413	840	1782
	559.418518	406	485	843	368	1044	1780	413	438	841	709	933	869	557	771	329	316	457	446	482	555	632	681	636	435	1017	772	816	708	1022	365	423	345	365	364	388	522	496	316	834	902	431	444	709	640	497	442	803	582	634	736	741	719	797	765	1425	717	764	342	313	319	579	542	711	861	1012	1592	3361	3134	2799	2934	463	318	1535	800	1126	762	947	1279	1529	1125	2792	2261	822	1688
	560.676819	445	484	836	410	1062	1798	447	487	814	701	968	858	535	785	295	356	442	409	494	553	616	665	623	447	957	710	735	698	1055	413	406	373	360	346	410	506	522	319	816	974	495	487	683	621	512	444	860	689	690	829	719	825	793	802	1335	711	775	301	333	360	572	530	730	933	1002	1628	3415	3106	2872	2936	452	373	1679	856	1168	748	968	1325	1617	1093	2789	2394	823	1695
	561.935608	421	504	804	363	1072	1777	413	435	874	685	929	844	520	807	320	344	453	440	500	557	679	626	627	456	1031	767	731	691	1016	376	403	343	329	379	400	505	507	359	823	1009	437	471	760	672	479	396	837	645	688	791	775	800	862	834	1385	705	851	365	359	367	641	583	699	836	1021	1547	3384	3229	2924	3057	489	361	1633	890	1070	719	990	1424	1652	1155	2861	2346	820	1592
	563.194885	441	504	812	381	1046	1799	397	447	794	653	923	833	576	763	285	315	439	398	521	562	615	617	656	449	962	775	772	658	1051	366	470	321	350	338	404	567	485	315	800	957	517	467	817	678	525	442	801	670	703	743	833	839	851	809	1398	771	852	396	350	359	617	534	680	880	1090	1546	3474	3183	2905	2946	457	347	1557	890	1170	759	915	1382	1585	1171	2867	2236	833	1668
	564.454712	451	473	847	390	1035	1845	431	444	838	690	901	868	595	779	331	333	517	443	534	608	620	639	650	453	1030	784	790	689	1084	357	422	350	307	354	426	528	490	356	862	968	513	513	738	689	514	446	872	633	739	794	794	825	844	812	1346	721	846	340	355	322	573	581	713	925	1112	1594	3433	3302	2899	3076	472	341	1587	928	1149	748	999	1356	1628	1158	2815	2223	829	1724
	565.714905	442	517	878	379	1013	1813	387	465	811	697	945	816	552	811	286	357	435	439	469	567	642	645	606	464	1011	780	759	629	1038	394	441	331	317	326	379	533	521	382	788	1042	530	474	783	679	512	420	856	708	751	749	847	800	824	755	1377	771	854	356	348	353	671	638	610	933	1095	1574	3458	3176	2974	2976	461	344	1586	853	1106	758	954	1370	1654	1154	2750	2217	829	1728
	566.975586	455	552	782	343	1057	1869	419	420	786	698	926	795	589	778	284	373	471	481	453	555	643	621	624	452	1041	792	715	674	1003	375	411	377	339	351	392	572	511	346	806	1066	488	517	803	697	522	441	853	662	733	799	785	818	837	823	1349	767	835	351	291	384	621	544	695	945	1064	1531	3525	3230	2870	3125	490	355	1643	913	1288	753	962	1300	1713	1074	2812	2205	797	1739
	568.236816	417	517	889	373	1074	1863	382	417	804	672	904	859	596	788	303	300	448	461	492	584	642	582	621	414	1028	712	758	716	1015	368	412	363	370	325	389	538	529	329	884	1040	524	467	809	679	523	403	822	737	741	826	819	795	905	855	1294	692	888	364	334	375	654	591	683	890	1090	1642	3501	3212	2952	3068	466	334	1639	891	1133	769	967	1384	1651	1124	2919	2109	830	1719
	569.498474	474	523	829	390	1080	1811	371	424	787	627	864	855	524	809	321	348	436	424	511	590	637	632	637	409	1029	794	797	628	1111	358	424	355	347	343	382	552	502	376	871	1015	520	471	806	708	521	433	848	694	743	805	795	846	885	812	1352	766	919	342	353	376	571	583	676	953	1119	1555	3409	3285	3068	3059	462	374	1622	897	1122	733	946	1426	1705	1172	2922	2134	783	1628
	570.76062	466	508	874	370	1081	1902	411	440	732	671	936	783	568	775	287	352	449	428	521	506	604	669	609	403	1071	746	708	650	1063	414	439	352	321	372	349	470	596	300	877	1075	506	508	729	694	541	415	866	645	666	798	791	812	840	837	1299	718	831	332	348	320	620	600	668	965	1068	1575	3599	3236	3079	3051	439	336	1614	908	1151	791	922	1382	1765	1131	2822	2180	919	1730
	572.023315	430	617	847	382	1123	1824	387	419	755	666	823	799	598	876	339	293	478	469	480	556	675	625	619	403	1095	794	725	653	1114	379	422	391	316	312	377	558	515	347	877	1069	469	488	754	666	518	461	915	692	681	819	820	824	890	863	1315	721	869	347	301	378	624	556	679	940	1179	1560	3613	3191	3078	3141	419	344	1572	953	1265	786	925	1383	1789	1120	2954	2083	850	1694
	573.286377	445	556	844	393	1053	1926	395	388	714	662	899	867	542	832	312	347	484	400	542	580	613	632	634	397	957	721	771	658	1077	400	396	358	350	386	382	561	560	366	892	1056	496	526	757	677	500	448	890	679	718	811	782	821	847	815	1356	755	871	366	312	379	611	584	656	924	1094	1576	3628	3212	3071	3076	449	356	1661	876	1197	765	905	1421	1778	1157	3004	2156	859	1630
	574.549988	434	505	844	361	1040	2011	397	398	768	651	854	809	578	820	327	354	534	457	531	541	633	642	659	404	1032	723	758	670	1051	399	414	398	320	348	381	590	564	316	867	1065	560	519	747	640	545	427	938	749	811	784	744	835	843	828	1411	816	862	337	380	352	607	578	720	943	1138	1655	3753	3198	3044	3138	470	389	1610	941	1140	804	875	1446	1777	1119	2990	1986	783	1569
	575.814087	455	562	863	380	1148	1990	363	451	776	657	832	824	551	849	304	336	457	472	536	566	594	684	664	450	1066	763	778	681	978	368	469	372	351	366	385	605	587	337	968	1064	509	483	760	714	501	409	944	727	747	748	892	802	846	815	1235	721	829	332	312	319	658	601	769	946	1110	1629	3723	3326	3149	3143	453	377	1678	926	1195	794	954	1433	1870	1137	3067	2077	784	1688
	577.078613	479	525	819	355	1085	1989	359	429	768	653	883	842	563	797	318	350	452	475	475	541	632	691	619	456	984	821	712	674	1016	360	405	370	384	353	335	599	539	356	1005	1159	532	535	812	704	547	417	930	760	767	792	824	788	896	861	1233	700	842	347	374	379	663	601	690	907	1126	1559	3815	3194	2995	3236	487	400	1679	941	1199	798	933	1434	1818	1195	3042	1982	828	1577
	578.343628	458	560	858	344	1084	1931	374	461	724	613	884	851	531	840	328	366	465	459	507	539	614	655	657	403	1102	765	770	690	1066	409	397	379	343	333	374	556	546	317	955	1175	522	533	807	713	504	350	989	754	743	803	847	819	860	862	1278	733	835	316	385	345	670	618	807	991	1084	1654	3895	3196	3042	3257	490	359	1651	902	1208	807	933	1554	1868	1183	3088	2024	764	1571
	579.609314	488	568	969	424	1168	1927	390	404	749	629	882	812	554	853	305	321	483	474	559	605	613	647	621	411	1015	751	702	671	1090	376	426	408	306	335	439	609	569	366	1026	1220	559	540	791	695	566	423	963	769	817	814	898	775	872	891	1313	765	876	334	343	369	640	619	740	1002	1177	1656	3911	3259	3104	3298	434	366	1699	978	1203	732	964	1606	1945	1302	3138	2065	813	1534
	580.875183	465	551	870	333	1126	2042	381	403	763	681	878	822	521	846	302	365	458	451	602	602	635	721	618	437	1078	748	802	648	1067	393	432	420	331	348	385	607	626	318	1096	1179	550	523	821	722	534	423	952	741	787	800	881	790	878	841	1377	745	816	335	349	361	689	633	748	891	1294	1721	3898	3312	3104	3270	495	422	1724	917	1200	817	973	1619	1931	1246	3058	2110	827	1529
	582.141724	539	551	884	396	1128	1902	389	397	755	665	904	821	550	826	334	358	489	450	556	547	651	689	665	427	994	771	774	685	1009	357	443	378	345	359	324	616	593	310	1041	1242	556	471	797	787	471	407	1007	768	744	759	849	793	963	872	1268	665	785	336	328	388	658	679	747	990	1299	1668	3875	3199	3215	3404	491	391	1794	971	1233	816	973	1576	1918	1278	3206	1983	835	1568
	583.408691	491	581	887	388	1141	1949	370	422	732	674	822	863	482	870	303	346	439	454	578	557	647	655	697	454	1066	735	755	686	1082	417	411	417	362	319	371	587	547	349	1051	1304	548	472	839	818	468	404	943	800	809	809	845	815	1012	837	1217	677	795	311	317	331	708	700	806	1002	1269	1780	3975	3127	3216	3364	488	391	1778	974	1260	783	898	1659	1913	1320	3226	2070	764	1622
	584.676025	506	569	832	388	1164	2058	392	385	728	658	854	882	506	889	319	339	466	443	517	600	616	643	684	435	1109	793	727	705	1015	362	424	428	279	328	371	671	597	331	1011	1251	549	562	773	747	525	397	999	789	775	843	908	713	973	857	1253	759	800	331	311	373	710	599	779	937	1288	1712	4053	3108	3258	3434	504	356	1691	1013	1219	781	933	1635	2052	1287	3309	2049	831	1684
	585.94397	445	559	937	377	1139	1928	394	409	747	638	897	831	524	888	312	374	488	467	581	606	626	680	708	454	1171	873	751	723	1078	405	441	427	339	356	376	586	603	331	1101	1365	642	570	810	811	516	419	946	779	793	817	840	839	966	889	1228	686	812	325	321	349	676	629	793	1068	1229	1812	4154	3194	3298	3563	521	414	1677	1006	1192	778	952	1659	1966	1325	3238	2098	848	1710
	587.212402	460	548	847	351	1159	1976	369	415	719	663	853	821	537	876	304	355	495	441	587	591	654	712	673	480	1206	775	751	680	1051	380	444	424	364	374	405	679	565	315	1086	1395	595	546	798	796	443	373	998	774	790	851	862	781	937	852	1211	738	781	314	328	330	740	660	856	979	1333	1774	4312	3259	3331	3509	487	373	1725	1039	1223	801	941	1647	2049	1316	3261	2019	814	1698
	588.481323	499	562	851	401	1234	2059	368	399	699	664	855	880	547	877	343	366	496	476	563	567	646	713	695	479	1140	804	779	673	1099	371	428	404	359	325	365	660	585	352	1031	1385	624	557	856	800	497	408	1046	764	815	841	877	817	921	946	1283	674	810	326	332	375	764	691	813	962	1262	1729	4276	3381	3282	3579	476	380	1792	981	1235	811	957	1725	2105	1347	3398	2069	824	1719
	589.75061	474	618	863	396	1157	2004	404	433	752	665	860	832	473	857	349	367	477	473	519	586	631	638	658	435	1173	850	827	671	1162	410	453	426	338	381	392	653	595	321	1061	1423	608	563	862	788	468	427	1052	788	765	834	853	808	928	904	1186	708	832	351	361	386	708	651	838	1022	1218	1760	4344	3362	3385	3468	512	377	1778	1084	1272	808	993	1651	2126	1331	3434	2069	834	1730
	591.020508	461	601	934	385	1135	2031	408	393	784	670	834	857	486	904	333	354	515	468	605	582	735	696	704	427	1138	755	751	694	1113	400	431	392	333	385	328	647	574	314	1201	1387	578	540	774	833	540	436	1019	794	784	747	862	832	928	922	1197	701	832	318	357	398	713	613	791	1041	1314	1768	4385	3301	3486	3529	498	390	1855	1065	1251	800	961	1720	2213	1349	3509	2083	848	1775
	592.290771	542	626	841	409	1182	2126	373	409	767	702	794	840	536	899	316	389	524	447	589	634	664	747	714	428	1147	813	796	751	1151	403	478	426	353	386	356	613	618	350	1222	1386	565	557	785	750	547	423	1025	785	750	842	831	808	968	869	1207	711	798	313	363	326	665	660	854	1069	1350	1896	4339	3268	3411	3491	487	451	1779	1070	1264	814	949	1706	2175	1434	3533	2069	866	1769
	593.561584	528	670	900	368	1194	2109	356	421	761	640	841	853	481	895	355	372	478	435	554	666	688	724	708	455	1156	794	779	700	1099	381	470	458	347	346	392	614	668	338	1192	1464	633	593	805	786	559	432	1022	789	846	761	839	819	960	962	1212	698	810	375	374	396	697	664	823	1067	1414	1973	4470	3348	3442	3493	495	393	1888	1038	1337	828	893	1667	2119	1470	3598	1987	891	1728
	594.832886	549	649	936	404	1178	2056	367	405	757	672	900	919	506	977	342	362	444	481	565	651	655	745	719	487	1154	784	795	750	1090	415	427	428	339	402	392	667	645	332	1205	1467	628	614	827	798	566	407	1076	836	861	807	916	831	964	938	1189	755	750	394	377	402	772	665	837	1052	1369	1998	4467	3368	3471	3577	531	395	1929	1044	1346	859	946	1783	2208	1422	3750	2019	812	1774
	596.104614	525	684	958	409	1167	2135	397	456	834	629	884	904	538	904	332	400	477	452	570	692	678	707	689	477	1221	827	808	685	1125	421	476	406	377	418	407	652	616	357	1290	1510	610	567	791	820	554	402	1018	809	853	828	873	840	977	919	1184	706	793	330	365	430	755	660	886	1095	1460	1939	4548	3484	3589	3701	495	465	1875	1021	1361	805	950	1722	2279	1490	3737	2040	803	1793
	597.376892	523	695	932	401	1175	2063	390	367	725	701	819	871	539	958	326	405	534	475	606	623	735	769	663	480	1218	816	822	760	1116	359	470	436	396	385	405	658	664	343	1256	1483	653	701	819	807	616	462	1126	869	871	846	884	853	965	918	1180	707	842	407	334	376	803	691	884	968	1433	1992	4727	3337	3598	3726	462	476	1898	1053	1390	824	938	1840	2332	1479	3643	2119	822	1798
	598.649597	531	655	953	407	1239	2093	372	406	795	689	848	864	553	893	366	401	504	512	630	638	742	755	738	446	1259	800	843	744	1119	430	534	489	394	378	415	628	618	357	1285	1579	595	664	851	838	650	435	1142	807	811	837	884	832	1025	956	1171	760	875	382	421	365	781	684	924	1108	1481	2033	4509	3495	3584	3804	500	479	1803	1078	1362	900	993	1725	2277	1528	3587	2115	812	1880
	599.922791	575	669	906	408	1193	2141	379	448	826	679	880	813	547	999	299	381	525	514	615	642	742	767	725	511	1194	807	826	778	1207	404	456	453	383	382	408	629	643	394	1341	1581	607	661	851	882	603	480	1098	830	861	909	882	848	999	889	1165	742	854	346	370	407	831	675	894	1069	1452	1915	4395	3553	3624	3798	531	510	1915	1153	1333	901	937	1882	2361	1543	3723	2160	786	1890
	601.196472	588	681	963	386	1155	2194	351	407	801	706	851	863	541	988	312	350	489	469	633	741	710	757	741	496	1259	847	865	791	1068	453	445	429	388	371	404	726	566	335	1375	1668	660	620	841	847	596	441	1187	838	821	848	889	832	979	971	1199	789	856	383	387	422	824	699	854	1041	1427	1925	4626	3528	3479	3882	574	454	1986	1099	1401	865	1016	1889	2347	1512	3844	1950	804	1840
	602.470581	596	699	975	469	1227	2038	414	406	796	654	858	930	488	937	332	402	482	503	655	634	711	781	719	503	1276	850	784	736	1112	450	476	473	396	367	419	680	654	352	1411	1584	665	679	767	875	663	473	1118	864	855	852	893	838	1038	934	1233	747	855	411	375	390	822	723	935	1048	1495	1991	4538	3520	3575	3926	568	434	1932	1157	1429	866	990	1943	2330	1494	3875	1974	815	1894
	603.7453	542	655	1032	429	1215	2186	358	437	833	696	873	896	504	999	378	362	498	509	624	703	733	802	744	484	1299	843	840	756	1059	421	483	446	395	379	443	688	656	353	1426	1659	689	596	832	902	608	445	1148	877	828	807	981	823	963	969	1235	769	910	386	363	398	825	703	854	1060	1486	2032	4579	3554	3573	4016	577	477	1987	1160	1306	865	949	1835	2309	1499	3768	2077	797	1934
	605.020386	606	744	970	445	1283	2179	382	465	780	662	909	811	528	1028	327	426	509	461	638	704	757	781	775	503	1265	819	802	790	1135	476	482	475	395	434	430	734	701	352	1431	1715	695	629	797	891	682	443	1156	855	864	800	902	870	979	955	1190	800	890	397	411	438	753	748	903	1077	1449	2072	4653	3457	3572	4139	583	460	1955	1166	1399	867	992	1938	2314	1565	3718	1995	803	1905
	606.296021	590	791	1022	455	1312	2140	381	422	791	690	854	922	478	1022	372	414	535	504	683	695	770	787	840	545	1346	834	832	749	1145	459	518	508	406	386	448	763	656	391	1495	1724	709	624	785	900	603	441	1120	881	921	826	880	847	977	968	1193	768	904	386	337	416	819	744	920	1067	1488	2121	4623	3472	3640	4106	574	483	1860	1191	1439	928	1005	1960	2375	1573	3750	1942	869	1940
	607.572083	590	808	1047	426	1250	2175	386	433	825	726	863	824	542	1012	367	365	510	557	735	746	782	771	809	539	1299	901	816	788	1154	462	488	478	427	387	420	748	700	334	1476	1757	756	644	788	953	660	437	1255	872	889	892	971	864	967	987	1146	775	906	400	373	410	796	738	901	1118	1510	2135	4625	3572	3705	4179	633	464	1915	1235	1454	935	1098	1968	2380	1573	4023	2028	838	1881
	608.848572	588	718	944	497	1306	2143	392	435	903	733	860	811	531	1031	419	370	531	508	643	746	765	809	899	496	1325	863	877	857	1137	464	498	507	383	444	430	756	715	359	1583	1759	723	621	796	896	632	460	1167	941	835	850	906	850	982	998	1194	847	879	351	369	474	883	831	926	1100	1578	2161	4853	3591	3720	4072	597	497	2004	1264	1407	958	1050	2004	2333	1618	4165	1994	830	1899
	610.125671	617	803	1054	484	1288	2194	409	417	819	738	923	914	501	1055	370	417	499	560	694	787	813	887	837	548	1405	892	876	811	1294	441	515	524	444	431	494	813	684	332	1559	1853	768	668	800	857	678	501	1205	961	903	885	930	885	1057	963	1178	806	965	392	363	452	859	821	1018	1076	1645	2192	4842	3754	3757	4191	643	499	1950	1196	1434	950	1040	2111	2504	1719	4158	2071	841	1791
	611.403198	620	833	1026	470	1245	2311	339	455	873	714	864	854	526	1053	371	411	543	539	726	749	772	821	839	498	1461	955	930	825	1308	467	492	494	465	430	408	789	722	394	1643	1815	749	705	821	959	657	492	1247	897	867	893	944	895	1071	1015	1134	813	930	381	442	419	876	787	1059	1132	1689	2189	4909	3545	3828	4349	610	557	2036	1254	1528	1061	1131	2135	2607	1668	4107	2074	854	1907
	612.681213	644	862	1068	491	1325	2377	416	412	899	695	848	817	500	1095	392	408	545	555	741	797	843	874	831	562	1517	952	931	872	1359	474	516	548	444	444	507	832	716	378	1712	1949	771	707	773	944	694	489	1265	962	877	905	965	881	1099	1025	1274	846	896	385	463	404	889	816	1052	1160	1736	2245	4965	3570	3899	4447	637	511	1989	1266	1489	1035	1167	2119	2567	1686	4151	2035	913	1909
	613.959717	664	863	1090	489	1361	2350	457	436	879	695	954	831	555	1181	367	418	603	547	774	820	850	924	880	605	1534	964	1015	909	1376	486	551	544	452	464	501	860	815	405	1678	1971	834	703	895	1039	689	487	1273	1011	973	889	963	916	1093	1062	1199	874	928	433	442	483	871	845	965	1218	1669	2331	5027	3741	3801	4372	603	562	1976	1316	1540	1032	1110	2169	2559	1726	4212	2067	867	1906
	615.238586	756	849	1086	499	1400	2369	393	465	905	764	911	931	506	1154	442	452	551	577	740	751	881	871	859	595	1546	975	957	889	1378	544	599	600	501	507	550	826	707	368	1739	1967	836	789	863	1039	666	456	1317	987	857	866	967	927	1150	1103	1226	835	998	422	428	459	850	921	1034	1157	1699	2300	4943	3716	4004	4490	646	546	2111	1374	1542	1122	1134	2153	2620	1736	4367	2137	877	1831
	616.518127	718	898	1067	490	1407	2369	363	434	978	781	915	939	527	1133	417	467	556	552	822	833	845	987	921	604	1651	1032	1066	936	1462	523	583	603	467	467	511	826	756	370	1695	2051	874	819	899	994	705	506	1309	982	957	855	952	926	1101	1107	1328	870	1035	431	417	477	892	876	1117	1108	1726	2375	5031	3804	3974	4443	688	547	2018	1446	1600	1083	1195	2187	2681	1801	4438	2089	866	1899
	617.797974	637	902	1195	568	1363	2430	405	415	901	728	911	859	565	1172	442	418	619	554	796	841	932	937	860	600	1601	1040	1088	905	1466	516	595	586	533	494	479	918	837	428	1867	2133	942	750	825	1079	733	531	1343	959	961	861	958	899	1121	1077	1304	855	961	481	424	492	938	904	1044	1187	1750	2432	5079	3977	4030	4410	651	560	1998	1406	1587	1077	1179	2248	2633	1749	4453	2074	858	1949
	619.07843	660	917	1145	568	1370	2358	382	470	886	791	939	905	539	1234	398	446	617	610	790	848	915	893	862	594	1595	1051	1113	998	1438	557	600	620	510	514	477	831	812	403	1885	2152	918	826	890	987	721	510	1322	981	973	864	962	847	1172	1078	1270	848	1018	410	450	457	938	867	1068	1113	1757	2287	5025	3859	3976	4470	682	542	2042	1387	1597	1168	1199	2318	2708	1852	4472	2087	875	1951
	620.359314	675	908	1146	554	1437	2465	408	462	917	833	918	886	509	1244	427	435	609	609	821	901	916	903	970	585	1714	1045	1098	931	1521	520	577	605	510	517	543	901	793	405	1944	2149	871	800	897	1055	693	515	1347	986	1033	883	1012	944	1124	1081	1303	859	996	485	411	467	939	972	1080	1171	1777	2324	4972	3872	3881	4492	657	556	2014	1412	1543	1210	1223	2346	2678	1804	4301	2095	761	1908
	621.640625	744	867	1150	584	1483	2544	379	486	935	778	945	902	541	1184	363	481	609	583	826	822	899	928	971	617	1769	1095	1105	958	1603	515	581	649	538	539	516	955	851	406	2050	2290	908	838	834	1118	712	509	1289	976	958	896	849	901	1115	1039	1249	890	1060	451	497	465	960	957	1108	1145	1757	2344	5227	3867	3910	4508	723	611	2009	1518	1689	1222	1194	2436	2749	1785	4428	2128	832	1948
	622.922485	753	998	1210	537	1563	2391	476	482	911	762	944	880	549	1258	439	448	604	645	869	932	952	926	931	627	1672	1084	1101	999	1573	557	635	628	516	519	490	890	899	420	2152	2322	977	833	916	996	727	570	1360	1036	975	868	870	901	1078	1135	1220	955	1032	438	454	464	897	972	1126	1099	1837	2371	5125	3787	3849	4419	768	606	1908	1531	1687	1190	1328	2456	2780	1756	4404	2043	842	1919
	624.204773	743	946	1171	624	1499	2546	405	468	959	832	925	914	543	1200	427	492	609	621	889	862	953	922	1005	586	1684	1073	1108	972	1551	579	603	672	557	529	576	961	850	396	2115	2457	1015	857	866	1083	727	538	1371	1024	919	828	1017	905	1179	1125	1292	925	1031	467	478	460	991	924	1068	1094	1817	2359	5196	3837	3905	4310	634	593	2071	1548	1651	1263	1198	2353	2828	1801	4473	2083	834	1929
	625.48761	789	942	1188	560	1532	2677	417	456	942	735	918	957	569	1227	431	438	651	641	810	948	960	956	941	653	1841	1174	1201	1077	1657	593	680	637	532	543	573	994	856	419	2158	2460	991	909	879	1099	758	497	1342	985	959	827	1003	838	1123	1071	1248	916	1033	502	431	500	906	997	1130	1123	1879	2485	5017	3878	3968	4364	741	592	1990	1621	1773	1265	1313	2436	2862	1878	4492	2116	905	1894
	626.770874	723	928	1247	610	1512	2583	444	496	954	798	926	842	592	1262	400	476	634	619	893	956	963	1006	946	695	1859	1111	1177	1117	1668	608	687	698	541	589	529	914	883	377	2214	2459	989	804	873	1053	669	502	1361	1020	954	810	958	857	1140	1120	1242	900	1052	486	456	480	949	924	1104	1081	1888	2495	5184	3870	3918	4380	774	651	1927	1650	1740	1393	1321	2415	2774	1806	4470	2055	896	1840
	628.054626	724	940	1256	597	1572	2540	405	456	994	799	927	865	537	1335	421	458	563	595	915	940	931	965	993	684	1831	1223	1279	1023	1579	621	694	735	560	615	583	963	863	441	2267	2464	1060	860	883	1055	631	464	1398	1028	984	821	999	948	1132	1137	1275	844	1061	478	460	502	1002	993	1108	1023	1919	2460	4895	3958	3936	4266	742	630	1964	1579	1816	1231	1220	2447	2940	1827	4482	2019	853	1881
	629.338928	831	1033	1295	584	1566	2649	432	473	1042	801	971	919	534	1244	475	447	626	654	878	1002	950	1061	1034	638	1917	1212	1257	1134	1805	659	690	734	627	568	536	979	834	439	2343	2546	1068	902	881	1062	651	455	1378	1013	932	889	1008	948	1208	1153	1228	914	1119	488	474	537	964	960	1113	1049	2020	2517	5084	3982	4017	4531	767	635	1968	1729	1810	1313	1308	2339	2964	1848	4534	2066	841	1834
	630.623596	787	981	1301	596	1654	2703	416	494	1014	794	966	875	551	1288	457	487	613	646	967	947	1035	1067	1074	640	1918	1255	1220	1115	1842	663	697	691	635	625	546	969	814	413	2316	2573	1087	944	864	1082	638	473	1308	1035	930	853	1007	900	1155	1169	1304	915	1068	509	474	533	956	969	1147	1051	1978	2456	5046	3883	3944	4448	773	670	1928	1749	1881	1355	1374	2486	2964	1901	4507	2108	879	1880
	631.908813	735	1016	1249	583	1617	2655	443	438	1067	836	975	869	531	1306	464	504	656	645	924	1004	953	1082	1045	723	2034	1197	1278	1109	1920	702	753	705	620	632	623	988	797	442	2403	2604	1060	902	902	1127	599	412	1331	973	957	836	1089	956	1156	1176	1257	970	1058	521	507	497	938	964	1093	1048	1921	2563	5015	3971	3945	4485	788	706	1937	1763	1950	1493	1339	2422	2942	1850	4497	2027	868	1901
	633.194519	871	1041	1261	609	1658	2558	414	518	1066	822	985	888	535	1388	466	496	616	656	951	1046	1042	1048	1060	720	2034	1286	1293	1197	1934	653	768	718	615	587	566	1062	820	460	2426	2604	1079	895	948	1176	604	478	1336	1087	945	889	1089	959	1203	1152	1261	917	1100	490	459	509	953	1006	1129	1099	2004	2526	5142	3915	3849	4504	836	712	2057	1860	2045	1412	1330	2519	2946	1994	4672	2064	876	1772
	634.480713	771	1041	1314	697	1668	2696	394	473	1026	874	1013	857	553	1306	454	502	658	665	988	1075	1030	1117	1071	746	2141	1377	1409	1302	2036	654	735	824	709	655	628	987	932	446	2509	2655	1081	899	991	1178	646	482	1344	1031	1017	947	1082	1023	1206	1140	1266	928	1151	477	541	533	979	1021	1222	1100	2021	2512	5007	3971	3907	4543	860	717	1988	1877	2091	1532	1332	2477	2924	1989	4643	2137	878	1810
	635.767273	860	1112	1370	689	1603	2654	432	505	1076	837	1029	940	565	1394	470	501	702	617	993	1087	1071	1129	1140	724	2151	1349	1441	1312	2053	718	818	775	660	740	665	1060	858	444	2564	2778	1107	970	944	1180	719	509	1391	1066	959	856	1091	1024	1195	1159	1358	983	1136	533	489	524	973	1005	1148	1041	1977	2600	5075	3970	3892	4524	817	724	1947	1912	2129	1546	1376	2474	2864	1889	4606	2109	777	1829
	637.054382	917	1124	1321	715	1633	2663	417	463	1100	852	953	909	577	1348	455	492	701	673	988	1064	1077	1118	1088	653	2191	1437	1473	1354	2132	758	762	833	670	670	695	1060	961	436	2638	2864	1194	957	975	1227	693	477	1412	1074	978	876	1076	968	1186	1177	1299	984	1219	519	474	529	1021	1111	1128	1050	2026	2489	5010	3983	3927	4618	860	730	2055	2000	2160	1542	1424	2529	2940	1934	4645	2072	803	1825
	638.34198	858	1125	1299	722	1660	2793	451	477	1070	840	939	892	569	1355	517	507	617	698	1052	1126	1128	1142	1095	780	2255	1523	1498	1311	2218	767	864	884	724	698	693	1132	916	429	2682	2953	1216	1077	960	1269	761	508	1373	1063	1004	900	1148	1054	1177	1194	1320	953	1192	550	524	580	1004	1097	1129	1061	2062	2557	4960	3931	3725	4694	890	745	2021	2005	2250	1647	1472	2657	2942	1996	4720	2072	789	1823
	639.630127	876	1140	1369	725	1728	2783	413	500	1065	840	1067	857	571	1405	475	551	699	670	1035	1119	1053	1079	1150	707	2249	1516	1528	1420	2292	806	883	895	748	763	718	1093	982	434	2632	2790	1197	1016	1010	1307	772	600	1527	1119	1008	901	1118	993	1229	1145	1374	1000	1229	549	527	530	1026	992	1127	1078	2015	2529	4913	3995	4042	4532	931	755	2003	2166	2160	1718	1430	2653	2840	1959	4688	1957	782	1802
	640.918579	894	1125	1381	696	1679	2702	448	489	1126	842	1044	864	531	1340	517	507	677	730	1030	1116	1073	1142	1187	765	2426	1444	1538	1345	2385	796	867	890	769	724	705	1215	994	402	2701	2875	1341	1091	990	1248	811	531	1368	1097	961	872	1208	1053	1229	1153	1301	1013	1205	549	533	522	1033	987	1157	1047	2041	2493	4874	4023	3921	4361	856	893	1946	2071	2226	1666	1493	2588	2917	1930	4637	2125	796	1792
	642.207703	836	1210	1359	684	1625	2930	416	519	1145	927	1085	858	515	1401	454	497	703	692	1070	1120	1161	1194	1223	755	2320	1560	1640	1424	2430	830	842	931	770	769	702	1103	956	435	2609	2860	1181	1102	952	1360	757	580	1470	1142	1008	884	1193	999	1145	1155	1255	1014	1219	595	536	552	969	1092	1133	1036	2034	2469	4858	4034	3879	4365	960	800	2035	2161	2309	1727	1563	2627	2918	1886	4502	2033	797	1828
	643.497192	924	1148	1309	709	1708	2879	468	493	1094	946	1065	829	529	1452	443	512	612	723	1075	1136	1123	1202	1241	764	2418	1568	1585	1411	2512	824	925	961	771	782	797	1035	969	421	2658	2779	1282	1077	1055	1303	794	595	1473	1135	986	866	1208	978	1111	1134	1349	1019	1255	615	502	524	1006	1012	1141	1063	2051	2508	4719	3973	3753	4288	936	818	1956	2038	2288	1833	1607	2670	2896	1785	4570	1988	803	1793
	644.78717	892	1138	1376	748	1783	2904	432	474	1101	876	1062	827	537	1412	514	534	715	685	1037	1166	1107	1205	1178	757	2530	1591	1768	1597	2597	841	856	943	836	845	740	1122	970	458	2639	2962	1222	974	1031	1250	825	591	1417	1098	1014	856	1108	1017	1168	1190	1357	1031	1243	567	565	576	1129	1091	1111	1049	2124	2464	4738	3925	3714	4330	1009	835	2026	2176	2145	1895	1641	2536	2824	1849	4569	2032	797	1771
	646.077576	898	1171	1330	780	1772	2984	428	489	1173	854	934	852	600	1460	492	550	689	649	1055	1184	1111	1222	1176	754	2612	1656	1773	1606	2567	826	886	912	865	844	757	1126	1003	424	2576	2920	1237	1022	1110	1369	830	560	1381	1098	927	862	1128	1022	1123	1102	1337	1010	1327	534	511	575	1038	1080	1119	1027	2089	2537	4724	3898	3618	4187	944	818	1919	2234	2092	1928	1658	2607	2784	1939	4617	2035	796	1782
	647.368713	932	1102	1279	715	1635	2989	418	491	1186	847	1040	876	602	1371	479	546	671	716	1026	1143	1152	1179	1176	701	2547	1770	1766	1612	2812	856	1017	1048	882	815	753	1143	1006	416	2650	2894	1189	1034	971	1297	798	535	1364	1101	842	894	1093	1033	1199	1167	1433	982	1331	541	553	578	1021	1080	1088	961	2019	2393	4768	3877	3659	4157	954	819	1981	2306	2163	1973	1633	2534	2783	1815	4669	1979	781	1771
	648.659973	858	1120	1378	774	1737	2908	467	468	1150	921	983	841	540	1415	496	558	637	712	1090	1162	1171	1139	1250	782	2683	1760	1840	1606	2738	920	961	970	902	891	774	1114	960	454	2625	2978	1239	1075	1052	1337	745	561	1432	1144	858	793	1103	1004	1194	1106	1292	969	1252	537	540	573	999	1045	1098	873	1933	2347	4461	3953	3489	4210	947	964	1841	2284	2075	1971	1591	2433	2754	1887	4497	1971	821	1657
	649.952026	845	1185	1338	746	1736	2958	450	511	1171	959	1015	822	588	1471	536	497	652	663	1072	1083	1119	1217	1244	779	2707	1690	1911	1726	2744	885	945	970	910	902	748	1210	1058	475	2582	2947	1181	1085	984	1432	785	640	1352	1125	937	880	1100	983	1080	1141	1288	958	1263	557	562	553	1038	1117	1063	912	1913	2389	4665	3834	3460	4158	1001	909	1944	2399	2123	1905	1628	2408	2637	1853	4520	2029	788	1650
	651.244385	900	1164	1376	781	1755	2974	434	513	1213	847	980	817	596	1499	510	578	697	671	1079	1183	1176	1243	1248	784	2748	1826	1783	1704	2941	963	1008	1026	917	899	745	1183	969	387	2680	2926	1259	1028	1063	1452	763	556	1292	1031	941	819	1183	1030	1141	1104	1283	1069	1310	573	552	566	1053	1089	1146	942	1994	2370	4604	3894	3417	4072	1004	939	1873	2362	2131	2184	1677	2338	2680	1910	4508	1978	746	1709
	652.53717	932	1171	1348	746	1756	2969	422	448	1152	914	1007	822	553	1485	528	579	664	659	1123	1177	1132	1217	1211	851	2831	1804	2009	1718	3087	957	987	1032	928	976	767	1139	991	417	2745	2904	1228	1021	1068	1337	804	613	1244	1035	967	866	1051	956	1099	1122	1292	1033	1283	570	516	601	977	1092	1131	887	1956	2359	4621	3804	3429	4018	944	924	1975	2428	2235	2173	1742	2245	2753	1848	4432	1916	760	1734
	653.830688	885	1162	1362	800	1799	3030	425	545	1203	893	1046	824	561	1416	512	557	652	728	1172	1228	1147	1237	1286	749	2735	1851	1925	1727	3075	955	1015	1137	964	880	798	1118	995	439	2715	3010	1206	1047	1066	1436	770	518	1145	1008	914	796	1073	947	1124	1120	1315	1027	1333	606	568	612	1033	1047	1135	923	1995	2381	4475	3821	3478	3907	1037	1044	1927	2516	2271	2197	1730	2101	2627	1907	4413	1917	762	1618
	655.124512	933	1154	1361	755	1769	2986	421	482	1215	908	1039	804	553	1468	519	547	653	685	1094	1199	1185	1239	1214	746	2753	1864	1960	1772	3198	944	988	1107	940	981	802	1167	896	450	2796	3020	1276	1059	1072	1400	857	612	1158	972	965	886	1144	897	1021	1087	1328	1062	1247	558	599	633	969	1054	1083	857	1993	2302	4546	3629	3345	3897	1059	1076	1839	2508	2360	2338	1802	2005	2606	1795	4377	1943	803	1579
	656.418823	884	1124	1329	803	1772	3099	433	565	1195	915	1052	835	585	1491	475	581	683	612	1164	1207	1115	1274	1255	779	2946	1944	2025	1823	3348	991	1132	1133	973	1011	839	1149	985	484	2788	3077	1277	1114	1033	1363	769	525	1154	959	950	915	1103	984	1093	999	1369	1029	1341	559	550	571	968	1056	1051	820	1921	2352	4514	3763	3396	3828	947	1018	1773	2608	2430	2244	1801	1921	2589	1804	4268	1862	786	1618
	657.713623	902	1146	1380	829	1747	3062	397	487	1288	846	959	812	549	1483	494	646	743	690	1148	1188	1129	1300	1261	786	2991	1912	2010	1950	3340	960	1078	1171	1040	1083	893	1118	961	466	2891	2930	1315	1116	1101	1381	789	557	1118	944	922	863	1052	913	1116	1084	1327	1044	1376	540	558	551	993	1107	1024	853	1917	2383	4513	3754	3236	3864	1028	1127	1798	2608	2567	2360	1852	1893	2602	1896	4375	1803	745	1624
	659.008911	923	1124	1220	795	1783	3108	464	489	1167	899	1029	769	546	1444	531	550	678	704	1130	1169	1109	1205	1260	789	3060	2038	2056	1905	3521	997	1071	1181	1011	1063	897	1176	948	453	2798	3070	1339	1094	1080	1355	801	555	1076	906	948	826	1073	975	1101	1063	1299	1029	1291	542	501	579	956	1108	1037	809	1914	2377	4471	3776	3179	3757	1065	1116	1858	2564	2606	2271	1847	1993	2527	1799	4319	1930	696	1596
	660.304688	923	1118	1333	782	1820	3011	453	480	1211	818	1023	811	515	1421	503	533	643	740	1084	1162	1143	1259	1276	740	2936	2040	2148	2023	3422	1064	1101	1246	1059	1026	901	1152	994	397	2674	2954	1319	1092	1040	1368	741	574	1114	945	965	854	1059	953	1061	1137	1225	1043	1363	592	560	582	987	1098	1100	758	1855	2317	4304	3673	3239	3644	1066	1197	1816	2573	2749	2380	1879	1992	2542	1730	4159	1899	691	1651
	661.60083	920	1001	1297	730	1751	3154	394	486	1228	880	953	747	542	1439	489	583	646	648	1128	1124	1179	1221	1172	741	3007	2015	2075	2007	3686	1069	1143	1191	1063	1022	909	1160	954	402	2779	2937	1348	1100	1060	1450	785	553	1149	1002	925	902	1075	904	1081	1013	1294	1023	1335	565	549	521	910	1120	997	793	1783	2173	4194	3593	3113	3451	1101	1225	1759	2574	2657	2441	1857	2224	2454	1735	4096	1901	690	1559
	662.897583	914	1064	1248	841	1656	3014	390	493	1169	851	977	759	536	1459	548	555	679	669	1051	1177	1032	1266	1240	752	2951	2031	2142	1971	3693	1081	1145	1163	1077	1047	935	1096	959	434	2764	3044	1294	1140	1056	1423	730	516	1155	990	899	894	1068	898	1090	1054	1231	1062	1378	567	582	633	878	1110	966	753	1843	2201	4210	3460	2936	3460	1106	1170	1875	2628	2754	2483	1865	2206	2384	1741	4128	1802	669	1632
	664.194824	854	1061	1213	739	1668	3003	388	501	1242	853	935	733	568	1366	474	505	628	640	1062	1093	1143	1205	1265	698	3073	2063	2201	2058	3631	1052	1093	1115	1039	1041	903	1142	896	425	2746	2954	1383	1117	1106	1372	683	455	1218	1059	895	880	997	875	1032	1059	1190	1011	1373	574	549	593	1003	1061	951	764	1758	2168	4048	3458	2982	3361	1116	1170	1701	2743	2739	2481	1802	2170	2349	1684	3947	1773	724	1533
	665.492493	854	1035	1273	830	1716	3052	363	482	1164	859	1016	753	521	1348	464	556	613	631	1092	1171	1106	1210	1258	738	3079	2176	2191	2032	3713	1023	1066	1198	1069	1099	924	1094	919	408	2723	2932	1365	1083	1057	1366	635	461	1283	1093	925	880	1027	862	1040	1036	1261	999	1375	597	548	625	930	958	959	755	1757	2006	4088	3359	2902	3308	1084	1297	1678	2717	2835	2544	1815	2246	2251	1712	3877	1777	715	1520
	666.790588	820	1001	1277	688	1692	3023	417	489	1118	854	923	718	464	1437	472	519	595	634	1042	1109	1049	1251	1182	719	3078	2117	2198	2059	3664	1021	1199	1165	1075	1070	987	1142	880	451	2659	2839	1391	1158	1021	1397	646	475	1304	1096	916	814	993	832	1010	1010	1179	947	1344	558	589	563	881	1023	963	731	1778	2066	3901	3437	2775	3268	1062	1280	1706	2766	2680	2555	1817	2291	2338	1711	3936	1773	677	1535
	668.089294	852	1012	1261	738	1667	2865	386	520	1187	837	972	709	514	1371	447	518	575	637	985	1140	1080	1260	1238	631	3096	2233	2250	2059	3795	1056	1082	1232	1073	1017	921	1143	846	419	2653	2955	1390	1112	1077	1401	610	425	1227	1072	890	829	953	835	1030	1011	1309	1002	1333	572	604	581	920	1024	920	686	1771	1966	3978	3222	2758	3162	1088	1260	1698	2819	2728	2523	1799	2164	2168	1696	3804	1674	742	1399
	669.388428	808	1016	1201	801	1688	2977	444	471	1190	872	937	763	485	1370	471	472	626	574	1064	1126	1088	1159	1186	689	3098	2147	2212	2209	3950	1061	1130	1252	1124	1071	965	1105	911	439	2641	2887	1298	1166	1064	1352	545	409	1269	1005	965	827	991	889	1015	997	1225	1029	1375	593	544	591	848	1041	944	672	1721	1912	3959	3341	2611	3073	1114	1305	1706	2694	2787	2595	1848	2226	2170	1605	3740	1744	663	1460
	670.687988	834	1024	1288	751	1653	2976	388	486	1186	883	913	793	564	1387	492	460	583	619	1017	1057	1000	1303	1239	712	3238	2275	2332	2215	4033	1112	1096	1282	1133	1115	940	1000	867	444	2714	2894	1399	1109	1032	1374	611	433	1259	1074	924	814	944	792	995	999	1207	988	1327	531	547	531	871	1040	937	702	1647	1995	3856	3242	2660	3019	1132	1319	1695	2767	2859	2613	1879	2160	2197	1682	3798	1729	607	1426
	671.988098	803	1008	1140	707	1624	2963	428	501	1168	841	957	668	511	1368	491	441	628	586	1089	1047	1059	1141	1165	718	3166	2242	2223	2148	3903	1098	1182	1238	1085	1096	941	996	901	407	2547	2785	1377	1031	980	1347	548	438	1230	1002	839	774	1005	811	988	1003	1319	996	1337	525	562	542	867	1029	920	695	1597	1991	3774	3221	2481	2993	1090	1360	1622	2703	2657	2615	1796	2124	2075	1552	3663	1647	680	1368
	673.288574	803	999	1149	740	1547	2861	397	485	1204	783	893	680	491	1429	476	502	617	557	1031	1034	1044	1201	1171	668	3155	2251	2353	2213	3931	1106	1213	1281	1140	1051	951	1036	862	419	2490	2744	1360	1091	1043	1296	583	414	1305	970	866	750	939	780	920	970	1189	985	1353	552	545	588	835	972	853	637	1665	1869	3666	3090	2443	2874	1126	1305	1585	2735	2744	2689	1789	2036	2032	1568	3558	1568	641	1348
	674.589722	805	992	1175	696	1631	2787	419	522	1150	874	900	671	485	1369	450	532	628	565	987	1049	1005	1231	1180	666	3073	2201	2234	2163	4030	1096	1164	1223	1158	1015	911	1066	832	412	2471	2705	1281	1039	1071	1277	596	421	1197	1016	832	769	979	741	959	1011	1193	997	1321	530	537	549	768	989	858	580	1642	1815	3605	3009	2382	2756	1060	1268	1504	2741	2739	2521	1810	2099	1946	1620	3559	1585	594	1339
	675.891174	800	909	1138	673	1594	2731	378	489	1117	787	914	688	495	1346	450	517	605	567	996	1046	1019	1183	1099	695	3190	2349	2338	2203	4136	1047	1102	1177	1142	1030	908	1012	799	369	2440	2586	1332	1122	1029	1271	585	472	1181	896	846	849	879	801	906	943	1157	978	1315	574	513	529	785	1009	878	634	1625	1741	3536	3011	2319	2636	1101	1318	1570	2692	2764	2664	1833	1961	2035	1546	3548	1533	651	1353
	677.193176	755	866	1189	696	1488	2569	376	459	1186	850	934	630	490	1344	433	475	579	531	962	1018	987	1165	1095	706	3116	2198	2356	2182	3963	1093	1120	1176	1192	1061	936	967	793	381	2413	2583	1318	1029	978	1257	642	457	1182	911	824	717	912	815	915	975	1145	960	1301	527	537	522	767	894	823	587	1515	1774	3502	2892	2312	2583	1116	1285	1546	2639	2753	2747	1812	1974	1807	1472	3487	1529	629	1301
	678.495728	802	867	1071	711	1512	2572	379	501	1133	801	858	632	503	1322	443	441	521	580	933	1036	977	1112	1118	696	3004	2353	2362	2265	4043	1099	1193	1248	1138	1086	843	975	758	377	2313	2569	1269	1071	967	1217	654	434	1206	996	821	753	891	840	930	936	1146	912	1295	564	574	545	752	915	795	539	1523	1767	3396	2930	2254	2460	1111	1205	1585	2767	2724	2670	1826	1824	1909	1536	3470	1498	560	1262
	679.798584	750	903	1163	697	1415	2609	399	461	1084	768	860	636	479	1307	423	483	586	543	982	989	919	1239	1080	622	3092	2174	2337	2197	4033	1064	1103	1244	1107	1079	947	974	830	397	2355	2465	1308	1008	1011	1275	643	445	1052	951	852	717	899	739	901	899	1204	933	1288	531	520	550	802	904	766	613	1460	1701	3421	2835	2189	2483	1010	1152	1539	2775	2768	2779	1797	1823	1791	1417	3435	1585	540	1267
	681.102112	713	907	1146	664	1527	2712	365	453	1133	831	871	598	497	1239	418	505	546	549	908	957	941	1178	1189	632	3149	2267	2263	2249	4201	1143	1102	1238	1079	1019	901	963	775	355	2274	2264	1294	1028	1021	1284	582	469	1068	901	846	716	897	787	942	899	1192	937	1294	542	501	508	795	953	806	508	1554	1648	3299	2698	2190	2368	1016	1166	1546	2731	2779	2669	1770	1789	1850	1489	3369	1457	583	1161
	682.406006	764	893	1077	684	1519	2558	360	468	1066	823	926	634	485	1242	437	447	580	543	933	928	970	1091	1114	689	3101	2233	2378	2367	4232	1066	1108	1244	1121	1071	869	959	792	380	2242	2084	1341	972	993	1229	610	444	1125	932	825	674	945	711	898	894	1152	1007	1310	491	516	491	773	909	741	557	1431	1715	3311	2719	2098	2238	1041	1062	1488	2703	2745	2768	1759	1776	1827	1433	3186	1491	582	1163
	683.710388	750	840	1111	703	1435	2600	347	459	1153	777	929	596	472	1238	438	451	571	562	898	993	923	1153	1088	615	3111	2289	2277	2136	4257	1101	1126	1207	1162	1102	883	902	784	347	2164	1962	1230	988	1008	1298	638	444	1104	883	742	708	890	730	935	853	1106	898	1296	488	535	530	750	884	709	508	1396	1622	3384	2540	2043	2173	1086	998	1512	2719	2748	2775	1725	1641	1802	1422	3159	1453	508	1230
	685.01532	663	828	1006	696	1401	2657	368	450	1103	701	842	601	467	1223	410	484	486	509	889	962	913	1109	1079	626	2985	2289	2310	2258	4198	1066	1098	1216	1120	1029	892	888	726	364	2108	1845	1201	937	935	1212	599	433	1069	868	798	685	871	806	854	895	1080	955	1325	511	490	516	738	871	727	478	1350	1476	3154	2669	1949	2210	1099	939	1425	2710	2606	2673	1726	1671	1749	1327	3120	1384	514	1225
	686.320679	696	786	1002	636	1404	2642	329	437	1158	713	829	609	451	1228	407	414	513	527	878	839	915	1081	1031	649	2966	2263	2293	2181	4209	965	1083	1190	1152	1040	895	851	759	372	2064	1764	1257	883	981	1247	609	434	1049	913	782	678	842	731	824	902	1060	850	1335	529	475	489	743	868	742	517	1374	1490	3089	2641	1979	2098	1040	895	1474	2687	2566	2662	1780	1641	1728	1355	2986	1384	493	1143
	687.626526	667	797	1027	661	1363	2543	321	462	1077	754	858	572	448	1149	375	430	485	519	839	889	895	1091	1011	607	3044	2150	2275	2129	4223	1052	1152	1133	1123	1018	810	842	705	368	1998	1766	1299	1025	967	1273	582	430	977	892	792	652	852	729	847	834	1066	826	1305	503	538	500	718	881	671	442	1360	1455	3129	2602	1846	2144	1116	995	1419	2681	2608	2751	1691	1533	1622	1331	2911	1393	479	1105
	688.9328	696	750	1003	654	1302	2566	323	429	1027	710	796	580	443	1160	406	405	515	475	795	835	868	1048	969	609	2940	2190	2229	2030	4185	1006	1032	1177	1107	994	866	850	699	357	1961	1791	1260	910	932	1172	596	454	976	958	750	683	820	757	801	839	1035	897	1249	476	470	530	655	786	674	418	1324	1434	3059	2542	1822	2065	1064	967	1427	2657	2583	2690	1678	1515	1584	1248	2972	1398	504	1084
	690.239624	658	761	986	616	1257	2519	305	434	1121	700	797	582	388	1169	407	420	524	507	824	854	886	1031	948	642	2942	2213	2099	2132	4057	1019	958	1172	1134	934	838	807	703	328	1996	1792	1158	933	935	1154	540	430	913	900	720	639	799	667	829	855	1028	864	1233	500	498	493	686	788	675	424	1274	1407	2870	2411	1788	1990	1033	979	1379	2576	2528	2639	1707	1479	1561	1298	2839	1371	484	1073
	691.546875	622	722	952	629	1264	2441	315	443	990	727	737	541	425	1079	341	411	525	456	796	814	859	1000	867	582	2814	2186	2191	2059	3977	1114	1063	1204	1115	1043	840	762	629	326	1921	1929	1142	903	898	1151	588	450	1006	937	741	637	791	654	825	818	1014	823	1230	481	481	491	636	782	624	414	1283	1388	2904	2338	1715	1827	1034	1122	1390	2508	2476	2737	1748	1383	1489	1205	2711	1429	431	1017
	692.854614	643	732	944	560	1264	2518	311	380	981	740	788	551	442	1072	405	354	460	442	758	861	786	994	926	539	2817	2092	2136	2056	3917	973	982	1093	1029	1049	835	723	631	335	1948	1911	1204	867	952	1069	609	414	975	858	749	606	760	572	796	764	1012	872	1243	487	461	427	659	801	601	349	1189	1310	2666	2238	1672	1812	976	1138	1353	2554	2455	2681	1697	1366	1588	1247	2613	1352	469	1051
	694.162781	563	665	924	564	1220	2407	290	437	954	659	766	529	389	1065	352	360	522	415	760	743	851	970	884	511	2664	2072	2057	2115	3969	1005	1007	1089	1017	994	746	778	593	365	1843	1944	1150	819	906	1102	539	411	947	818	695	594	760	651	724	741	1021	790	1193	476	446	444	577	745	596	394	1230	1253	2684	2266	1620	1738	974	1137	1314	2487	2503	2606	1642	1245	1365	1171	2649	1233	496	963
	695.471619	597	684	927	607	1168	2336	278	400	919	613	708	500	374	1030	343	342	462	414	709	736	768	953	823	526	2731	2154	2097	1992	3857	1005	1012	1048	1047	974	811	740	619	303	1881	1987	1033	804	903	1159	607	403	908	850	683	584	771	593	745	790	970	839	1156	423	477	415	559	755	547	375	1135	1230	2683	2205	1546	1620	981	1159	1269	2565	2407	2481	1532	1239	1374	1134	2427	1256	477	985
	696.780823	636	663	928	559	1188	2335	275	417	957	692	694	507	396	981	343	344	440	457	689	700	753	898	832	548	2585	2047	2015	2016	3802	966	968	1071	1038	927	739	747	603	303	1837	1971	1056	805	851	1149	552	425	928	755	676	589	706	623	737	720	886	806	1209	441	447	453	558	746	572	390	1131	1233	2473	2082	1504	1598	958	1220	1212	2410	2377	2457	1622	1146	1311	1140	2417	1172	445	980
	698.090515	604	594	862	577	1111	2312	270	410	915	657	752	464	369	1005	342	355	441	385	637	649	728	889	852	488	2598	1969	2040	2042	3803	934	897	1086	949	895	739	672	585	316	1723	1928	1033	795	849	1096	511	387	835	759	640	555	719	610	713	736	905	826	1198	428	417	364	582	680	523	358	1095	1225	2490	2082	1433	1495	973	1227	1133	2424	2250	2408	1533	1104	1284	1153	2395	1108	410	960
	699.400574	600	619	867	456	1061	2283	313	422	947	650	735	464	409	994	309	298	422	398	726	719	704	857	777	488	2672	1946	2052	1953	3790	976	837	1053	862	869	693	650	577	310	1755	1890	969	729	844	1072	527	380	836	721	615	510	713	572	738	723	896	793	1163	448	416	388	547	692	524	393	1041	1128	2414	2041	1428	1389	891	1163	1189	2373	2277	2320	1524	1061	1320	1086	2343	1171	385	901
	700.711304	574	598	817	501	1076	2231	280	386	952	636	616	467	377	889	315	314	423	370	610	678	646	807	790	466	2393	1972	2029	1867	3654	892	890	1016	961	870	701	694	533	326	1688	1823	928	697	791	1020	597	414	810	797	593	550	653	537	681	696	888	777	1137	410	419	414	561	679	530	363	976	1100	2383	1907	1374	1322	917	1207	1165	2351	2245	2354	1532	944	1219	1046	2386	1175	381	896
	702.0224	494	585	708	514	1067	2049	292	398	870	602	628	463	337	853	286	345	375	386	666	633	635	819	756	469	2438	1905	1969	1884	3629	957	852	978	894	897	679	634	539	311	1620	1856	895	738	760	1008	531	337	732	720	602	529	690	532	675	698	864	771	1068	430	418	410	581	681	503	331	1036	1051	2302	1940	1323	1275	903	1224	1147	2322	2150	2356	1506	928	1197	1030	2194	1122	403	836
	703.333984	513	580	799	449	1020	2041	264	389	825	606	611	484	371	913	329	295	375	414	633	671	622	820	731	442	2460	1913	1842	1847	3496	821	843	898	942	818	681	637	492	307	1627	1858	863	726	764	998	498	388	766	701	610	504	636	557	646	615	803	765	1111	390	398	407	498	635	483	317	1015	1007	2277	1860	1328	1269	864	1139	1126	2285	2238	2290	1426	917	1155	938	2205	1100	388	869
	704.646118	545	553	817	463	1006	2119	272	378	862	542	614	431	344	890	275	295	430	417	590	680	634	755	718	449	2512	1855	1877	1845	3256	882	798	988	863	772	646	616	532	276	1543	1747	847	618	814	997	493	420	776	670	599	548	645	564	675	635	833	708	1078	398	373	405	535	644	493	328	977	1003	2284	1836	1209	1342	903	1229	1051	2293	2234	2293	1452	912	1140	958	2126	1029	361	833
	705.958618	494	594	810	487	1022	1976	301	399	900	540	655	420	339	881	317	305	364	358	596	654	656	795	737	483	2450	1867	1967	1878	3191	947	838	999	836	833	681	624	468	304	1518	1661	945	756	774	1047	499	374	785	694	533	563	625	574	614	687	820	795	1115	340	429	424	494	618	499	314	978	951	2064	1738	1226	1224	904	1176	1104	2270	2168	2302	1362	836	1090	906	2079	1074	334	847
	707.271729	491	506	789	461	969	2091	254	385	863	587	591	454	360	861	258	281	369	379	614	605	636	712	720	400	2351	1901	1894	1797	2932	815	770	966	862	778	724	537	550	285	1562	1650	894	675	777	985	446	381	774	687	530	474	593	518	609	651	781	752	1116	385	393	402	456	604	452	321	983	966	2125	1777	1229	1233	896	1162	1048	2259	2141	2178	1423	789	1119	981	2057	1066	346	812
	708.585205	459	484	797	427	993	1963	238	364	845	564	665	398	300	874	298	277	361	379	603	606	657	705	694	448	2276	1799	1802	1778	2933	836	778	981	839	813	650	585	457	247	1520	1658	873	654	796	1028	431	369	759	628	574	503	575	535	586	610	809	794	1012	368	332	392	467	631	452	275	990	941	2118	1744	1164	1132	827	1185	1016	2218	2056	2192	1478	841	1016	893	1916	1073	365	729
	709.89917	516	512	722	423	937	1981	242	386	809	567	607	448	295	821	262	299	394	346	583	580	582	740	664	396	2280	1878	1741	1831	2768	842	792	971	851	829	678	532	445	291	1464	1636	863	686	728	974	434	375	723	624	545	488	579	529	628	623	811	699	1055	326	405	386	429	610	449	299	858	922	2067	1753	1141	1184	856	1196	1014	2242	2061	2179	1381	931	1077	912	1947	948	352	706
	711.213684	502	484	690	418	927	2030	254	365	825	568	626	423	301	859	262	261	375	380	559	570	597	704	666	399	2243	1767	1711	1761	2615	832	782	964	832	787	619	555	478	265	1477	1564	896	616	711	933	405	345	741	642	579	489	548	569	596	628	774	712	1030	392	399	374	467	565	435	243	905	894	2091	1707	1101	1139	865	1200	1020	2125	2023	2187	1393	864	984	896	1976	997	332	698
	712.528625	465	449	734	429	886	1966	230	386	849	559	613	430	322	767	297	261	350	356	541	546	570	671	700	398	2217	1761	1714	1680	2673	885	747	859	819	804	606	501	430	264	1405	1539	886	691	744	914	431	332	739	615	554	503	558	549	592	655	784	725	985	357	360	380	485	594	406	263	866	940	1953	1637	1069	1116	850	1232	1048	2194	1973	2119	1326	822	970	875	1992	986	355	744
	713.844116	422	494	721	415	909	1904	245	340	769	520	605	397	291	770	299	267	360	321	489	583	537	662	639	358	2290	1686	1732	1689	2562	893	752	925	787	762	679	571	444	252	1348	1555	821	645	728	947	419	342	787	659	560	509	531	499	632	574	751	765	993	373	359	352	448	593	407	275	858	842	1948	1620	1095	1076	803	1124	1053	2119	1968	2064	1340	813	948	797	1912	918	332	706
	715.159973	412	456	697	471	829	1799	268	342	798	553	605	428	290	816	264	263	348	311	512	521	533	714	654	390	2256	1648	1617	1613	2784	794	760	917	819	765	648	500	460	228	1414	1559	813	632	660	991	424	358	692	612	551	517	485	537	614	626	715	719	1003	343	390	361	452	572	415	259	852	886	1882	1523	1066	1040	881	1162	1058	2085	1955	2102	1295	822	924	760	1754	989	299	675
	716.476379	432	468	656	428	874	1829	214	327	855	565	574	390	281	759	260	262	350	312	570	534	539	679	639	382	2262	1583	1562	1703	2807	798	710	921	764	686	606	525	466	239	1379	1514	788	654	672	910	381	345	687	660	565	480	582	481	556	548	777	739	927	361	370	320	449	577	377	288	810	835	1817	1485	951	961	804	1119	1002	2008	1911	2007	1286	845	864	785	1774	979	297	651
	717.793274	411	436	656	397	797	1938	205	419	798	539	536	404	303	724	236	263	296	314	502	519	513	645	634	385	2167	1502	1499	1524	2901	838	757	904	787	743	607	508	418	236	1246	1526	785	618	694	946	407	275	694	640	536	481	513	447	521	554	727	673	954	343	350	349	434	552	370	223	797	836	1715	1489	1004	949	816	1136	1007	1973	1823	1925	1279	808	908	757	1720	935	293	706
	719.110718	384	425	634	377	790	1771	220	299	726	497	577	396	268	692	236	264	292	322	475	510	542	594	631	325	2152	1559	1542	1518	3022	822	688	868	776	708	564	499	458	245	1305	1408	799	658	704	904	411	304	698	615	539	477	558	465	542	560	742	624	924	345	355	313	410	533	397	238	835	822	1728	1437	954	931	790	1079	974	2009	1809	1960	1275	771	917	719	1618	935	305	666
	720.428528	370	406	557	368	792	1725	221	380	728	503	552	345	300	715	213	264	311	296	491	488	498	573	586	320	2041	1487	1419	1564	3167	806	710	871	778	730	629	520	426	245	1307	1417	750	637	689	858	397	287	697	546	533	494	513	459	579	504	664	725	959	372	308	351	387	539	348	224	765	815	1697	1468	898	852	814	1032	926	1964	1671	1856	1182	732	880	712	1619	857	295	625
	721.746826	356	410	618	417	790	1697	213	350	737	505	514	372	277	718	238	271	310	341	470	477	498	635	572	334	2189	1420	1434	1426	2988	813	699	852	743	660	566	452	430	249	1282	1351	770	558	638	883	421	327	606	587	509	423	503	474	532	543	659	632	921	328	313	326	403	488	361	190	727	742	1596	1380	875	838	748	1040	896	1909	1784	1831	1168	715	874	716	1656	891	265	585
	723.065613	358	382	617	399	775	1666	204	340	738	478	494	317	257	735	221	231	301	308	494	425	487	568	597	329	2083	1517	1415	1451	3004	742	707	870	746	651	529	449	383	264	1176	1390	765	575	642	885	360	310	680	591	469	430	483	444	521	512	680	640	882	329	306	321	348	482	352	205	745	747	1603	1388	801	787	753	1037	864	1862	1736	1751	1169	692	837	656	1552	825	311	622
	724.384888	356	396	656	369	729	1631	174	332	711	479	508	355	280	669	243	224	329	288	413	433	477	543	519	335	2038	1439	1539	1531	2961	739	605	839	688	686	570	429	398	231	1159	1281	700	567	624	862	372	293	659	546	467	424	464	415	534	534	646	626	830	325	335	308	356	519	331	236	726	728	1629	1288	852	789	741	1052	871	1962	1703	1843	1279	675	801	691	1581	902	298	598
	725.704712	392	361	589	376	787	1628	186	344	698	423	513	347	275	683	276	216	281	258	444	434	435	602	525	362	1993	1461	1394	1485	2912	760	650	824	709	665	550	401	387	223	1104	1327	725	578	653	862	403	288	667	546	456	384	498	391	462	535	677	634	924	349	333	327	350	519	317	232	721	732	1562	1274	835	775	683	1014	819	1934	1712	1768	1205	694	771	710	1460	825	323	609
	727.024902	343	382	596	347	737	1587	207	338	676	463	480	333	261	643	235	223	308	276	411	409	413	578	550	316	2011	1498	1547	1432	2952	729	603	789	696	612	495	426	382	223	1125	1221	741	587	677	853	368	270	627	524	486	428	449	393	524	501	550	641	902	336	312	331	359	468	346	241	694	680	1624	1223	733	758	696	1003	872	1969	1768	1708	1133	625	814	661	1455	815	268	572
	728.345581	347	340	593	296	753	1549	193	286	704	472	469	346	273	706	223	235	315	298	383	417	419	521	533	297	1967	1538	1536	1386	2917	705	647	799	671	612	525	435	391	234	1098	1212	679	553	607	849	380	289	589	526	525	417	463	405	521	495	617	594	855	332	320	268	338	472	311	200	643	680	1510	1199	827	724	698	1011	839	1821	1611	1669	1137	595	784	662	1519	828	275	582
	729.666687	369	350	549	355	681	1580	179	303	661	441	413	316	276	670	217	234	263	278	428	427	411	585	456	321	2000	1537	1505	1461	2799	707	617	757	661	612	505	413	336	204	1140	1250	667	575	653	881	359	317	636	513	456	396	453	361	506	467	624	557	823	292	288	315	335	451	278	218	699	713	1578	1207	807	673	666	1019	810	1868	1612	1758	1107	649	705	600	1531	777	234	538
	730.988525	340	342	581	335	663	1543	160	318	642	450	482	320	254	630	197	209	271	293	378	408	404	497	471	271	1954	1495	1399	1412	2790	626	590	769	690	621	475	410	363	217	1055	1175	677	578	550	822	382	285	585	542	438	398	484	356	461	465	593	576	844	288	342	277	388	454	319	198	676	633	1518	1184	730	665	743	866	753	1894	1595	1753	1191	610	749	662	1502	798	247	587
	732.31073	343	316	528	328	674	1513	179	322	679	426	497	326	282	640	228	213	273	265	418	406	370	548	533	329	1970	1462	1433	1442	2648	727	583	740	635	590	541	397	371	221	997	1137	668	535	588	808	348	291	617	522	471	390	431	386	468	453	596	581	824	319	306	278	363	427	303	218	669	618	1536	1162	738	636	674	889	766	1750	1544	1701	1103	656	709	567	1408	850	265	602
	733.633301	328	294	520	330	684	1529	220	295	628	469	459	350	260	621	257	202	286	249	392	405	429	531	516	297	1804	1439	1434	1364	2671	660	575	781	622	587	460	420	350	198	984	1142	666	590	562	819	319	221	601	498	475	387	497	399	480	494	602	576	811	286	243	271	366	421	287	177	628	620	1495	1159	699	631	685	912	807	1749	1548	1577	1102	584	679	594	1352	707	278	567
	734.956421	359	284	546	329	629	1444	174	295	691	424	455	329	235	592	202	210	246	257	418	383	425	494	533	307	1864	1465	1449	1282	2593	688	547	717	633	533	478	363	341	211	1019	1044	694	546	559	759	319	275	580	524	406	387	400	387	428	436	547	574	854	292	285	269	304	439	285	196	604	601	1410	1142	736	594	688	906	783	1700	1605	1620	1073	618	671	589	1394	735	259	476
	736.280029	318	293	514	321	586	1437	171	292	647	422	455	286	262	624	193	174	262	276	352	340	387	483	448	275	1870	1342	1409	1403	2560	637	597	705	622	573	424	332	285	200	892	1060	690	544	542	824	320	267	551	458	423	329	410	381	439	479	586	586	899	287	289	271	297	401	316	167	617	610	1347	1083	665	581	658	846	770	1734	1475	1542	1049	523	646	613	1323	738	228	523
	737.604126	305	277	508	330	637	1358	173	312	602	443	419	329	241	546	204	208	248	233	388	367	370	490	465	323	1798	1396	1291	1301	2529	658	553	692	594	540	492	392	318	218	991	1072	685	556	562	775	328	291	555	451	446	347	418	328	390	434	561	553	779	283	260	260	285	411	271	178	566	578	1392	1093	680	599	609	927	739	1666	1447	1490	1019	481	605	545	1285	700	220	517
	738.928589	338	290	492	291	619	1308	157	300	646	400	419	289	225	621	174	192	260	242	347	385	396	485	450	269	1768	1450	1343	1349	2522	680	530	699	543	527	485	377	295	205	965	1033	653	545	554	815	321	278	565	472	461	339	381	335	456	435	547	560	758	270	268	302	317	437	251	191	595	607	1372	1033	636	536	639	854	737	1648	1439	1505	1056	570	589	515	1279	751	221	511
	740.253723	254	273	517	290	624	1288	163	263	628	414	415	312	239	528	208	212	243	244	377	368	349	430	460	299	1800	1359	1308	1272	2419	638	486	658	551	531	464	353	317	180	936	961	654	527	508	792	324	230	548	464	382	314	414	363	400	418	509	563	787	310	260	293	320	373	257	169	524	546	1293	984	610	495	601	848	699	1593	1389	1472	962	495	590	547	1317	723	210	501
	741.579224	246	246	464	295	593	1277	156	329	573	406	401	276	222	529	172	204	253	244	364	358	353	478	411	270	1823	1323	1314	1248	2475	560	495	629	567	463	433	320	323	188	936	1026	619	501	579	747	306	242	547	459	392	363	406	310	404	414	553	613	736	261	259	280	281	406	213	161	559	528	1192	1026	551	518	646	822	701	1573	1391	1408	927	474	608	532	1266	665	218	489
	742.905212	274	237	498	271	544	1341	142	258	589	374	410	274	211	487	178	171	223	232	314	339	329	407	433	250	1702	1326	1285	1239	2377	564	512	650	514	454	452	320	297	195	875	953	589	486	542	742	307	246	488	425	412	330	392	339	347	406	500	585	743	248	252	238	279	394	272	160	520	499	1186	896	561	503	567	799	651	1560	1353	1319	956	525	566	460	1172	692	221	468
	744.231689	319	261	472	297	573	1203	167	287	509	351	402	268	223	477	159	197	233	213	335	357	312	409	387	276	1613	1234	1227	1162	2463	553	523	631	546	510	411	318	292	167	871	956	547	532	503	697	295	190	499	423	407	321	411	341	391	394	504	525	758	295	249	252	276	342	195	158	449	508	1140	942	553	504	631	808	668	1493	1392	1262	956	455	542	473	1152	637	182	419
	745.558716	277	261	415	274	543	1158	149	264	522	367	350	266	211	526	184	166	239	171	299	322	346	410	382	278	1633	1262	1218	1085	2325	531	543	591	546	490	448	284	285	165	816	932	590	470	496	764	274	244	493	419	372	293	350	348	357	406	522	520	745	243	231	258	293	355	226	125	516	478	1174	903	564	470	581	781	647	1487	1299	1303	852	447	561	483	1099	646	199	447
	746.886108	266	228	420	279	495	1168	151	269	506	388	427	266	236	441	167	182	213	213	294	324	315	461	389	264	1603	1213	1227	1068	2344	573	502	593	562	485	412	303	318	182	772	832	577	480	508	707	290	258	484	415	366	316	360	305	394	381	448	487	748	236	255	229	264	351	215	147	500	458	1108	846	512	438	591	719	649	1419	1238	1282	934	403	533	470	1086	631	249	501
	748.213989	256	226	412	251	541	1148	133	287	541	374	389	223	218	471	164	134	214	219	314	341	336	384	407	278	1534	1149	1153	1103	2200	530	477	587	433	462	397	296	223	193	820	859	553	448	506	733	263	232	485	401	316	312	288	313	366	326	524	423	740	232	238	267	236	349	213	112	488	467	1099	921	541	430	528	744	602	1308	1203	1199	826	420	495	418	1023	589	210	459
	749.542419	254	226	419	249	460	1177	141	285	499	299	362	274	224	431	170	140	213	191	290	307	293	377	327	242	1477	1144	1138	1027	2164	528	467	589	499	472	361	327	265	192	744	828	519	431	460	642	260	214	473	382	339	300	323	320	346	389	462	536	728	244	236	227	224	360	210	149	456	414	992	800	486	388	549	756	573	1266	1179	1140	827	390	467	424	1010	561	189	410
	750.871277	238	231	366	242	484	1078	142	263	549	369	334	276	188	438	144	138	232	170	288	287	282	385	325	244	1451	1133	1118	976	1973	498	441	591	474	450	369	267	254	141	714	802	501	427	462	665	274	233	478	377	355	280	299	275	303	346	424	449	708	226	221	227	264	345	221	127	447	423	1023	854	494	395	511	715	513	1355	1182	1136	792	380	476	373	1034	574	194	407
	752.200623	228	227	404	202	467	994	140	267	489	355	337	244	178	409	165	163	186	203	278	299	267	349	324	220	1401	1107	1089	1036	2022	522	436	542	438	429	404	260	220	148	715	811	492	427	436	622	285	217	405	360	296	290	326	300	351	352	452	470	657	271	243	233	211	297	189	127	428	380	975	805	470	364	559	674	601	1317	1072	1126	783	330	492	398	934	563	187	404
	753.530518	200	201	386	202	456	1066	125	224	486	328	327	244	183	406	148	149	155	198	252	321	271	335	328	252	1390	1145	1006	966	1932	445	448	506	475	394	342	273	200	149	710	814	467	426	434	640	239	211	434	351	329	280	302	294	327	333	444	455	666	239	203	205	240	306	191	121	422	403	988	735	450	389	554	681	570	1224	1123	1075	751	334	491	369	981	559	157	348
	754.860779	215	184	370	216	371	1014	138	261	394	337	289	226	158	417	134	149	217	184	267	281	264	331	326	200	1334	1043	1043	946	1964	466	426	548	448	452	373	245	225	142	649	700	487	405	432	604	239	204	393	316	296	243	317	301	326	317	417	497	625	234	214	209	240	302	172	110	436	397	862	732	458	308	495	633	499	1240	974	1047	774	345	435	403	934	523	217	344
	756.191589	236	216	384	213	413	930	137	213	477	289	351	206	186	403	150	149	193	163	217	255	254	344	372	208	1380	1041	990	894	1976	467	419	487	412	359	358	244	244	146	616	726	433	371	454	521	243	227	406	326	294	274	278	271	311	309	411	436	670	201	207	210	250	294	198	153	403	370	921	715	454	371	521	703	481	1223	1013	1093	756	323	472	387	929	542	160	326
	757.522888	234	226	399	194	445	943	129	227	425	310	332	229	155	392	143	146	185	187	284	244	253	311	331	224	1280	995	947	903	1874	447	429	503	435	374	326	282	244	127	661	702	468	351	399	522	220	190	381	364	322	263	340	264	294	337	406	465	631	223	245	216	203	298	165	111	427	364	953	704	419	323	469	632	531	1206	1035	1010	753	332	407	334	901	535	175	330
	758.854614	197	218	380	236	419	977	110	254	513	305	287	223	162	414	124	146	174	181	228	258	220	321	302	185	1314	1035	981	907	1868	443	427	493	403	389	319	247	241	166	661	681	439	368	368	524	213	184	370	342	259	258	306	271	314	317	413	456	667	220	182	207	201	315	191	102	423	360	917	719	417	293	437	565	475	1186	1016	987	693	307	409	346	824	522	156	308
	760.18689	222	222	354	168	419	957	136	268	475	323	335	220	207	410	125	141	164	179	270	267	269	336	329	205	1302	960	961	864	1785	471	347	488	359	358	306	242	229	149	567	656	416	382	385	542	223	182	372	312	229	251	302	257	339	307	422	418	656	226	185	218	195	269	172	118	344	326	870	726	401	319	472	583	541	1107	928	992	696	293	423	342	897	495	151	282
	761.519592	204	216	344	164	403	921	129	236	421	262	314	202	174	367	127	129	187	173	217	255	255	330	299	201	1259	922	925	826	1663	427	414	506	370	336	299	237	210	119	610	671	417	378	334	521	203	173	376	295	279	261	245	236	282	326	449	432	643	227	199	193	205	255	146	105	364	337	858	655	376	276	436	596	525	1146	914	939	628	315	366	339	797	457	151	295
	762.852783	204	195	360	206	403	823	89	237	421	322	299	202	160	373	134	127	174	159	204	257	225	312	287	199	1271	963	916	795	1718	419	405	468	374	363	283	256	211	142	646	639	398	368	380	524	196	176	369	317	263	245	264	276	276	295	394	446	549	213	198	196	198	247	144	94	357	344	876	649	359	256	472	625	505	1074	949	866	665	327	382	311	807	471	148	318
	764.186523	204	177	321	228	361	813	118	212	406	271	307	173	183	342	128	106	150	180	240	245	241	302	284	185	1248	904	928	798	1765	469	372	458	377	329	327	224	244	142	570	664	388	368	369	486	189	190	374	319	279	271	273	235	287	293	401	372	570	185	184	168	209	241	161	102	338	319	821	677	356	307	429	574	493	1143	930	886	641	308	371	322	716	494	125	299
	765.52063	189	208	330	151	391	884	105	197	385	289	319	206	186	334	126	126	168	151	226	241	222	278	271	176	1232	864	867	802	1612	423	384	469	415	326	264	278	198	132	568	655	418	344	355	482	204	181	362	323	274	269	295	277	298	300	345	453	601	200	194	153	173	274	150	125	374	306	850	639	369	271	451	589	479	1036	881	867	711	264	371	296	782	494	143	298
	766.855286	180	153	340	193	348	889	106	240	423	291	292	180	142	362	133	111	192	155	211	224	232	321	298	202	1176	867	882	825	1621	399	380	511	340	302	270	206	197	120	532	604	395	332	345	497	181	180	345	288	247	233	281	267	276	276	362	400	605	190	183	178	153	244	166	109	354	325	848	612	348	256	397	587	515	1135	874	889	659	283	331	333	798	477	143	299
	768.19043	199	178	326	180	391	818	108	238	399	308	331	176	158	348	134	99	185	152	205	221	187	284	277	191	1247	897	871	723	1611	443	385	455	312	348	284	249	199	143	525	613	402	341	379	533	222	178	356	287	281	241	283	254	280	282	417	450	521	188	195	170	186	242	153	113	323	289	841	606	325	225	432	594	485	1115	816	817	636	297	346	293	806	438	135	310
	769.526001	163	174	329	195	324	806	115	202	326	258	269	187	153	346	153	98	149	143	195	211	202	293	280	159	1265	898	893	793	1624	453	371	488	350	314	258	215	199	142	557	570	373	337	366	498	188	150	373	316	276	231	234	211	276	252	411	421	595	192	183	171	173	273	144	63	303	298	788	581	326	214	421	596	439	1058	865	803	642	280	352	306	805	393	144	315
	770.862122	223	182	313	204	375	819	119	227	407	267	287	225	133	377	145	157	142	132	220	228	224	291	284	189	1196	849	853	785	1476	400	337	460	322	309	265	222	183	130	519	607	401	347	392	516	163	167	329	263	252	199	266	232	262	286	417	371	567	201	194	155	185	258	168	88	308	303	778	571	308	282	395	597	457	1020	780	801	589	291	289	281	752	420	128	296
	772.198608	151	130	290	176	351	765	109	227	393	274	274	168	134	329	131	127	180	133	173	189	187	293	274	196	1181	842	765	759	1580	410	356	474	346	290	274	219	187	144	516	585	408	305	358	490	162	159	348	285	264	243	243	233	263	267	378	402	542	175	147	187	191	255	129	80	277	280	770	573	311	246	431	552	466	954	799	815	573	240	373	296	747	407	118	259
	773.535583	160	151	305	167	339	730	108	195	359	268	288	193	139	303	120	132	126	166	198	185	198	284	256	190	1188	801	775	749	1508	386	345	406	314	286	230	194	175	136	525	579	435	347	407	523	150	142	319	230	222	195	247	259	265	269	356	368	514	201	175	178	161	225	143	97	318	278	783	503	303	224	432	550	445	982	758	791	587	217	366	262	744	406	129	257
	774.87323	191	171	305	167	373	742	115	214	366	235	273	185	150	279	110	106	155	115	188	174	201	239	224	138	1204	764	708	675	1401	367	340	439	285	285	302	199	188	125	530	571	353	339	333	514	189	133	328	229	247	215	235	201	253	272	356	348	526	155	179	168	190	226	123	98	271	290	713	578	282	199	410	507	428	1000	798	764	568	232	298	263	692	387	119	276
	776.211182	185	181	291	146	341	755	84	177	329	258	266	173	125	314	115	93	146	144	195	224	200	239	226	167	1093	743	757	717	1329	378	298	410	343	264	234	193	181	118	475	566	386	327	337	519	151	100	273	244	249	189	222	198	243	266	333	340	527	155	188	169	180	207	155	105	262	240	700	566	297	216	337	537	381	923	688	702	582	211	280	273	685	391	115	237
	777.549683	155	165	279	183	327	708	109	170	364	246	251	194	145	318	93	76	131	134	176	193	195	234	188	165	1104	735	750	663	1306	390	318	404	295	268	264	196	175	138	471	514	374	307	363	547	187	155	299	283	266	232	236	209	288	245	357	326	492	179	146	168	174	232	119	74	293	271	631	518	295	180	380	537	412	894	682	732	556	250	321	245	691	346	133	285
	778.888672	169	156	281	158	334	698	122	166	373	239	227	162	119	266	102	109	153	127	204	160	164	222	225	157	1073	701	733	634	1248	384	279	423	311	273	253	165	177	117	486	499	401	308	336	479	163	132	302	254	243	164	219	186	236	243	343	359	483	158	159	145	140	199	117	87	286	269	634	509	274	171	370	527	344	885	631	662	529	234	253	274	640	366	115	219
	780.228088	165	160	271	163	287	702	92	214	330	247	225	196	131	262	117	84	108	150	172	170	198	250	238	166	1027	717	728	624	1253	318	297	363	293	264	249	169	144	115	445	514	391	300	282	482	158	151	300	287	225	234	215	204	239	235	298	312	436	179	164	150	169	191	88	85	268	223	662	508	268	185	331	492	344	877	709	644	496	226	279	274	625	344	136	282
	781.567993	175	160	245	107	271	681	75	204	319	227	243	155	156	254	92	94	147	125	157	189	183	234	216	151	1054	674	647	633	1223	341	295	364	271	265	223	191	162	89	464	489	320	307	332	475	147	114	271	212	200	192	232	207	211	257	297	350	498	173	144	144	149	190	118	84	260	200	629	459	246	182	365	505	359	875	670	675	485	198	261	196	641	369	93	272
	782.908386	173	120	278	146	299	662	90	211	342	215	253	158	129	250	92	85	120	129	179	170	140	220	212	169	1021	683	681	570	1223	343	296	364	290	251	221	180	140	118	440	447	295	300	342	446	157	147	316	214	208	203	238	208	197	208	323	315	494	177	152	144	122	194	139	64	264	209	674	536	242	184	360	498	378	857	679	597	519	222	268	225	611	351	112	218
	784.249329	138	112	236	138	303	632	87	169	278	213	233	150	111	271	100	106	109	138	140	154	174	234	208	152	1065	640	679	587	1210	333	295	385	268	209	241	181	151	125	431	486	338	268	350	488	155	149	264	208	223	177	244	172	206	235	309	349	513	175	132	154	115	189	98	83	239	222	562	471	243	179	338	493	355	808	652	597	419	164	249	199	588	369	121	225
	785.590576	125	106	244	147	283	629	87	172	280	231	192	155	131	246	100	85	118	121	186	156	160	196	219	133	1010	635	671	582	1215	299	246	370	302	240	222	168	146	99	366	415	341	261	321	431	133	158	290	240	208	161	228	168	229	199	305	352	465	166	144	131	143	188	80	57	219	201	575	433	238	138	339	438	329	835	659	586	497	199	250	220	555	334	117	197
	786.932495	126	112	259	139	291	618	94	143	288	222	240	131	127	248	94	90	101	124	128	160	136	196	183	165	982	675	612	526	1130	300	262	367	278	231	220	182	172	120	368	491	336	279	304	409	124	140	269	220	212	179	193	161	205	223	300	308	438	144	135	128	151	176	130	71	245	180	582	447	222	161	338	448	325	781	597	578	463	210	242	213	629	306	100	203
	788.27478	142	96	236	133	259	561	84	212	322	207	220	167	104	262	95	101	109	147	144	146	169	221	189	143	935	625	604	516	1119	315	263	388	274	240	179	179	162	102	356	381	327	232	287	376	155	145	271	239	230	190	178	190	218	216	320	273	407	153	130	142	122	173	83	56	214	206	606	372	206	160	357	467	277	813	584	553	496	156	239	172	600	363	85	206
	789.617615	145	107	238	108	265	654	87	152	313	219	215	126	108	247	93	88	114	108	160	197	169	194	205	141	821	573	616	514	1107	290	262	353	250	265	218	196	141	94	375	384	289	242	303	419	136	124	268	224	206	166	173	179	187	173	308	342	427	131	141	151	144	182	62	68	225	198	557	428	222	142	306	404	311	746	592	588	483	228	224	189	557	324	91	194
	790.960876	121	116	212	110	281	567	97	154	269	195	221	153	100	219	101	105	87	119	175	140	134	198	165	137	887	610	618	500	1056	289	259	301	245	214	205	176	144	97	416	409	303	277	272	377	146	126	245	186	220	179	204	161	154	203	269	293	463	148	153	121	111	159	72	51	214	166	507	393	239	164	302	424	304	726	588	502	404	207	248	207	538	281	94	169
	792.304626	136	117	251	94	265	580	76	179	266	198	184	135	106	210	93	80	111	102	142	136	150	233	184	139	883	636	571	504	1099	295	252	333	236	220	206	145	132	104	324	387	299	228	291	416	113	125	289	201	202	169	179	122	200	192	271	278	427	117	148	127	122	174	77	61	234	166	496	385	180	126	283	415	331	766	524	510	435	169	211	187	521	301	81	164
	793.648926	126	113	210	149	263	553	80	168	252	162	192	139	96	237	86	82	95	110	114	121	130	175	204	127	809	532	552	533	1039	319	234	323	255	228	206	138	143	103	358	395	264	283	277	383	149	139	247	177	193	163	156	137	177	181	265	291	439	119	156	124	101	169	92	64	180	184	526	407	235	109	289	399	317	700	537	529	446	171	193	193	513	279	100	217
	794.993591	132	99	194	99	265	502	91	183	258	203	180	137	100	212	102	77	118	111	136	126	141	166	167	121	880	567	543	495	1107	237	227	348	204	234	194	153	135	120	327	356	278	254	250	364	135	119	226	210	170	196	184	144	158	146	278	264	390	144	143	135	125	174	71	63	221	175	465	353	224	123	285	398	284	764	485	509	416	182	189	193	461	273	92	159
	796.338806	133	91	231	121	236	521	73	164	251	196	216	119	128	184	75	92	95	110	161	125	146	199	173	130	849	554	517	509	964	282	261	376	218	168	177	164	139	78	339	355	285	239	263	372	135	109	241	205	156	138	181	179	196	214	259	319	394	159	119	112	109	165	81	50	202	183	528	377	188	119	248	410	288	675	521	524	407	174	203	176	486	282	82	169
	797.684387	106	127	224	125	228	493	57	155	232	167	209	151	120	206	96	93	106	96	168	155	127	189	174	110	789	583	523	462	936	226	241	344	239	201	176	115	116	96	333	371	259	248	269	379	112	106	246	209	198	135	150	119	157	184	249	246	393	144	127	136	123	157	77	56	227	159	501	415	181	93	271	399	281	636	503	501	413	186	176	177	423	258	93	182
	799.030579	77	112	183	134	221	499	80	133	257	170	188	126	98	183	83	79	79	86	103	139	124	168	175	137	854	492	520	456	909	276	235	312	209	210	197	133	104	86	334	367	225	240	236	372	155	126	241	203	191	165	146	165	193	180	269	278	345	124	137	86	112	150	82	45	204	173	517	383	170	113	251	392	321	712	500	504	372	170	227	164	442	217	109	180
	800.377319	117	102	183	129	218	468	66	142	238	167	183	130	107	224	82	62	105	67	95	105	122	171	132	122	847	539	446	447	952	222	228	286	227	202	173	124	117	84	308	354	262	270	248	350	130	120	238	186	184	152	191	172	141	164	217	263	354	152	108	125	99	183	97	55	186	148	466	368	182	100	295	369	280	636	484	475	390	120	184	146	435	265	97	153
	801.724426	128	95	194	114	220	537	61	146	280	161	167	118	92	208	101	79	101	99	119	132	118	185	162	128	832	479	548	411	977	268	223	268	239	215	164	121	107	82	361	343	212	236	229	344	125	111	198	164	149	137	140	146	159	161	232	250	391	140	126	112	95	147	55	60	181	138	442	346	192	103	267	340	275	707	489	480	351	130	216	146	486	247	87	154
	803.072021	98	104	174	95	214	478	70	154	226	160	160	111	97	216	105	72	92	107	96	111	107	151	178	93	788	530	506	450	900	272	206	286	195	193	190	122	103	98	312	344	250	229	240	343	117	106	201	175	170	132	132	153	168	163	254	274	321	139	98	132	106	134	78	62	155	153	437	341	168	101	263	349	267	633	497	489	360	123	198	151	444	253	74	150
	804.419983	104	94	199	126	219	474	53	163	223	177	185	125	90	209	78	68	72	106	116	107	136	163	145	122	809	474	434	427	887	202	225	281	229	168	166	148	128	101	304	355	255	198	271	364	117	112	180	184	157	140	137	172	149	153	230	262	346	139	118	109	95	175	75	41	186	148	399	315	174	98	256	364	243	605	484	417	383	168	205	154	453	232	79	155
	805.768677	108	89	173	114	190	440	45	154	218	168	159	111	104	172	86	78	100	81	119	108	99	173	146	105	749	473	464	403	900	215	213	263	206	189	190	151	99	88	279	324	223	204	240	308	120	90	209	158	150	150	154	137	172	170	234	275	383	128	115	127	116	142	68	52	153	152	440	353	142	106	253	305	284	581	444	408	350	143	163	152	425	233	74	190
	807.117676	109	84	197	123	157	413	44	152	211	146	185	136	108	186	63	91	68	90	98	115	118	185	175	106	777	429	464	367	841	228	220	297	211	197	146	123	123	58	281	281	233	223	246	401	107	104	195	152	156	164	147	132	155	145	244	255	343	130	109	100	82	133	71	46	194	117	438	323	163	96	248	338	282	612	455	435	344	131	157	137	396	210	94	137
	808.467224	102	92	204	102	214	380	58	148	216	150	182	122	98	196	79	67	129	74	113	114	113	195	159	107	787	454	432	395	836	228	233	286	198	176	146	133	128	95	300	324	221	232	243	325	114	105	208	171	169	122	143	129	155	148	225	249	328	135	97	103	71	129	63	57	168	118	388	326	152	89	241	283	255	621	442	402	328	131	148	107	408	240	116	138
	809.8172	105	80	186	105	172	434	76	129	233	177	185	93	64	177	66	69	102	94	119	109	106	159	152	114	702	426	421	423	841	236	178	263	207	158	180	146	123	64	271	291	239	203	239	314	139	100	218	164	142	136	144	162	140	136	207	234	337	136	116	112	75	118	61	46	149	146	437	315	163	104	264	323	279	618	403	403	335	115	162	158	382	222	68	163
	811.167725	90	98	199	70	172	397	67	154	186	133	158	106	70	159	69	89	102	86	95	81	99	154	161	89	750	440	434	341	804	244	220	218	215	170	141	127	121	72	258	282	238	190	235	284	114	95	173	187	155	140	101	131	165	140	191	241	304	117	105	109	98	138	62	49	135	112	354	323	128	97	219	292	231	570	413	405	350	130	151	146	377	236	74	115
	812.518677	106	74	141	98	202	384	36	127	187	123	166	120	84	177	76	73	82	74	75	110	103	126	153	87	749	425	468	335	771	191	184	259	174	155	126	104	109	91	288	290	227	230	231	326	95	97	223	190	138	137	127	100	168	141	220	225	312	134	92	106	72	136	65	38	120	130	382	242	140	80	243	339	241	545	392	376	293	122	148	127	391	246	63	145
	813.870117	112	86	148	105	143	402	53	120	201	171	141	138	96	151	61	88	73	85	110	128	126	123	139	98	705	403	416	373	726	187	186	246	178	154	117	107	104	71	255	285	226	178	195	323	92	79	177	128	141	123	124	109	151	148	218	216	309	114	69	92	72	102	69	50	119	100	359	268	133	70	218	343	212	558	322	369	322	127	137	144	362	191	55	114
	815.221985	92	77	165	61	173	363	64	119	207	146	126	106	78	139	79	87	91	87	99	117	90	174	133	97	726	397	365	340	732	185	174	228	197	150	143	94	102	67	253	282	194	197	208	268	110	90	168	139	144	107	121	135	112	154	223	203	260	81	81	88	65	102	57	33	134	115	373	253	101	66	208	270	220	522	377	327	261	101	156	112	354	188	69	133
	816.574402	105	80	150	78	138	366	52	119	214	137	151	95	57	158	64	75	76	63	83	100	107	166	117	83	636	415	377	324	726	190	196	226	173	140	143	106	98	61	237	253	189	177	235	309	123	81	167	152	132	121	130	123	115	143	207	229	296	77	61	91	90	108	83	53	152	107	370	260	133	72	193	301	200	496	307	330	309	125	112	102	335	204	77	132
	817.927185	84	64	164	86	195	382	56	103	168	133	154	70	77	170	32	66	91	70	83	112	100	137	119	83	675	381	321	314	716	223	189	235	151	133	124	104	90	65	231	252	204	165	202	279	105	102	153	118	131	122	112	119	100	139	217	166	318	123	81	90	51	115	58	23	114	122	351	257	165	60	197	308	235	539	349	360	255	112	142	105	346	191	67	143
	819.280579	91	73	158	68	158	306	62	141	164	116	124	117	45	160	64	50	69	67	97	87	88	147	96	71	696	394	332	331	705	195	168	217	160	150	95	113	84	64	242	225	192	151	194	304	106	52	139	112	125	95	102	127	142	109	198	205	285	81	79	84	93	102	56	39	131	87	323	236	105	62	226	273	228	491	344	331	285	116	138	141	318	168	80	86
	820.634521	99	49	161	82	152	323	32	94	174	129	130	99	77	135	73	36	69	59	71	90	89	129	124	75	622	334	390	312	676	175	159	214	169	124	150	104	86	81	209	222	203	161	194	265	65	80	166	146	146	121	104	117	144	128	168	195	287	80	63	64	42	119	59	39	128	120	331	251	129	72	232	281	168	449	321	319	273	91	146	102	313	200	51	128
	821.98877	79	67	148	68	141	342	48	132	165	96	113	99	65	126	53	54	65	71	74	69	52	138	117	72	626	363	350	272	660	171	203	218	131	132	95	104	83	49	227	246	162	182	195	267	95	81	161	123	122	108	112	89	92	141	182	200	248	104	73	70	66	113	61	27	117	95	300	252	126	45	155	269	178	521	317	327	263	102	127	111	353	171	59	132
	823.343628	86	79	131	70	141	299	42	122	148	105	123	79	69	139	52	40	55	79	86	97	77	133	115	71	614	360	311	323	621	181	149	219	164	126	125	108	82	41	211	221	186	173	182	261	95	94	150	124	108	126	128	114	130	122	184	188	268	99	94	69	59	119	62	28	127	105	327	226	130	60	205	254	193	506	325	295	249	78	141	93	355	168	79	110
	824.698914	72	55	140	62	127	317	38	121	183	118	126	78	56	132	47	36	53	77	105	77	77	109	109	88	594	327	303	281	656	176	144	206	137	168	114	89	87	55	224	239	168	138	182	266	86	86	152	117	125	112	108	113	106	138	191	208	254	83	88	97	56	66	56	31	151	97	297	205	113	67	195	274	183	461	321	280	237	63	115	82	298	186	53	83
	826.054626	70	63	143	62	148	323	78	122	189	104	111	48	73	157	47	46	55	47	73	71	84	105	105	80	570	335	324	230	579	184	155	189	136	151	104	83	76	56	212	228	170	146	178	237	67	72	142	101	109	104	128	91	107	119	166	207	241	93	87	77	69	88	60	46	99	110	270	188	116	50	188	281	211	473	294	282	230	102	117	87	278	173	47	82
	827.410889	60	67	155	71	131	273	29	93	158	123	116	67	95	124	40	65	57	54	65	71	81	126	88	73	602	331	314	298	590	162	150	219	159	127	107	90	74	54	211	229	152	165	181	277	51	89	142	106	123	85	122	108	107	103	183	174	227	75	50	75	53	79	47	39	102	71	311	230	115	34	159	248	209	457	298	283	263	135	112	113	315	178	52	76
	828.767578	86	45	131	56	124	268	31	103	151	118	117	73	61	107	49	58	57	56	54	66	74	104	100	102	565	294	303	254	598	179	164	201	157	122	140	72	89	65	203	237	162	144	189	267	65	77	144	151	127	106	92	113	116	114	202	153	258	69	101	66	76	82	47	46	74	105	294	219	133	66	172	258	180	465	293	229	221	94	105	90	276	132	60	96
	830.124817	48	68	117	57	140	305	45	109	154	104	153	84	86	140	39	53	45	55	73	71	65	98	115	61	605	298	297	297	602	168	157	189	117	129	106	88	84	81	188	217	167	167	186	271	88	85	133	118	148	89	111	74	119	94	156	189	301	98	76	78	83	82	52	42	79	93	272	230	93	41	163	221	155	425	274	243	220	90	127	87	302	146	45	103
	831.482483	73	62	128	56	123	323	33	94	141	98	107	87	64	132	55	47	38	73	42	65	71	94	121	69	616	309	312	276	606	158	147	222	126	136	107	76	99	57	202	227	171	167	180	270	85	69	132	132	116	92	89	90	111	142	156	194	217	106	94	92	53	88	44	32	99	76	271	217	106	47	153	222	192	478	298	240	249	89	100	63	255	161	66	85
	832.840576	61	55	136	72	138	282	37	100	152	98	108	55	47	137	37	59	72	62	65	79	65	116	87	84	593	285	288	243	571	134	151	171	177	135	122	78	83	51	167	202	172	150	168	236	63	69	129	104	136	102	101	103	102	126	160	174	253	93	80	61	68	85	38	27	112	75	255	212	113	48	153	253	184	435	268	255	239	84	116	94	313	144	61	93
	834.19928	85	49	137	63	131	276	42	104	140	87	113	79	62	156	38	55	42	38	53	82	71	116	82	82	612	259	268	261	541	153	146	174	122	107	84	91	89	50	204	193	180	160	147	261	57	64	125	106	86	104	81	97	121	103	155	158	275	92	75	67	60	90	43	27	104	111	270	210	111	36	151	217	193	424	254	251	241	78	117	49	256	143	47	77
	835.558411	62	59	100	88	118	250	39	113	128	106	138	85	57	116	55	56	50	45	84	66	71	112	102	73	552	313	274	254	545	171	138	203	123	116	100	86	63	45	201	181	174	124	184	242	71	64	130	122	100	74	63	100	82	110	172	169	202	84	79	75	54	81	61	42	98	78	246	187	109	34	164	205	164	455	280	279	171	95	131	92	265	157	41	77
	836.91803	60	36	107	77	111	266	26	93	135	75	132	89	28	99	41	27	62	59	51	74	61	77	103	62	514	315	252	213	553	165	149	181	138	123	74	103	66	54	208	190	162	154	194	244	79	62	122	128	110	85	88	100	102	109	161	175	233	43	83	73	68	99	31	27	107	75	265	190	101	44	133	195	172	432	282	230	230	91	116	74	264	145	42	79
	838.278076	53	69	110	66	135	280	29	125	182	108	103	76	39	115	60	48	64	46	86	83	86	95	93	57	557	282	301	238	496	150	128	181	124	122	102	99	84	64	220	212	116	124	174	218	78	50	137	118	102	69	86	97	121	100	149	177	247	88	64	59	66	93	44	27	98	78	244	188	103	37	147	193	157	412	240	260	235	74	101	79	258	142	57	83
	839.638672	81	56	127	62	123	239	31	82	123	119	94	69	42	93	46	45	59	45	50	69	52	83	86	65	528	250	274	246	500	143	157	181	84	103	105	88	63	62	186	185	123	146	149	227	70	44	131	146	95	88	91	103	99	108	172	151	206	89	60	84	66	83	37	6	76	71	291	149	65	44	138	198	173	409	284	240	234	74	95	75	262	135	41	92
	840.999695	56	56	95	64	121	228	39	77	126	83	137	75	50	132	55	476	38	63	66	69	50	525	72	70	517	254	255	182	512	154	125	167	117	87	82	92	49	66	209	134	133	115	148	231	84	75	120	106	95	67	92	87	99	99	158	126	225	97	85	75	53	84	51	33	103	71	263	172	76	42	127	221	168	446	272	231	188	83	101	81	248	140	52	84
	842.361206	63	39	113	64	113	234	41	77	138	89	88	77	42	113	45	59	38	59	58	69	57	96	83	82	526	249	251	220	526	167	140	161	125	103	105	105	72	48	190	182	135	133	153	202	84	54	133	108	87	92	78	74	103	94	134	137	211	93	80	74	62	81	43	21	90	73	229	172	90	45	130	193	156	386	231	216	202	94	89	76	220	145	53	52
	843.723206	50	51	106	60	97	229	24	77	103	113	77	76	27	97	36	35	55	61	80	70	60	110	128	77	552	250	253	200	499	131	131	160	98	112	94	73	52	56	182	161	124	86	146	225	63	57	96	95	91	54	99	80	100	109	148	173	208	84	57	64	51	102	28	13	90	60	208	180	95	53	118	208	134	409	233	202	178	75	100	51	229	137	37	113
	845.085693	81	32	105	51	116	225	23	78	129	83	119	73	44	105	31	40	47	42	55	55	39	100	80	62	502	271	230	190	435	147	104	149	140	103	80	71	79	41	196	174	129	138	138	188	57	55	115	80	96	58	93	98	101	136	150	167	179	97	74	69	37	84	40	10	90	52	233	144	88	41	104	189	143	355	208	212	204	74	79	66	201	147	66	52
	846.448608	66	49	109	43	105	209	14	77	106	68	104	66	53	86	35	46	52	29	59	56	61	104	69	68	545	243	217	164	464	118	117	174	114	111	77	64	66	65	160	188	125	129	135	169	55	57	98	84	93	50	84	91	75	89	148	161	209	80	47	49	47	51	52	12	83	66	227	154	89	22	116	195	142	307	224	218	156	60	94	57	204	155	27	49
	847.812073	66	46	91	37	93	207	39	69	105	89	97	65	19	90	49	27	83	44	52	61	61	88	77	66	462	215	212	184	412	132	125	159	130	98	75	72	70	52	176	135	126	114	128	186	52	45	100	107	76	69	87	78	81	79	135	161	199	77	65	61	31	78	37	37	66	74	234	163	69	30	120	196	146	333	239	196	176	54	86	41	224	94	51	62
	849.176025	82	33	95	46	95	220	4	83	111	54	105	60	65	91	29	29	31	38	43	46	28	79	64	60	475	213	223	183	401	111	125	142	85	73	67	63	58	47	163	138	137	136	137	196	65	80	102	110	81	75	79	79	95	81	132	110	175	66	69	66	36	71	30	28	105	84	200	123	80	41	106	210	142	355	228	180	183	68	69	81	233	98	28	83
	850.540405	45	48	112	39	80	207	24	90	97	76	82	54	56	94	26	29	56	39	29	36	49	62	92	67	412	192	192	181	371	143	127	145	109	90	89	92	74	45	177	182	128	65	134	168	77	58	77	75	55	73	92	78	91	86	141	104	169	77	66	76	46	49	33	14	74	46	208	135	97	53	107	190	139	339	227	221	180	61	63	47	206	118	46	88
	851.905273	63	21	81	49	110	177	26	39	110	67	93	61	46	79	42	57	45	47	67	59	22	93	68	48	471	256	198	152	404	126	119	116	85	79	57	82	58	45	154	126	130	112	129	175	71	52	81	87	54	83	72	67	90	75	122	161	202	75	53	61	59	78	43	38	68	57	217	167	55	45	122	171	143	314	208	193	163	71	82	61	196	80	39	78
	853.27063	51	46	76	29	88	201	26	88	109	83	112	55	41	94	46	36	45	43	37	39	46	72	58	76	440	214	169	165	388	114	94	152	134	106	70	59	70	26	116	162	110	95	135	171	73	66	88	74	69	71	73	61	87	70	138	123	184	59	69	64	46	52	47	20	68	61	196	145	53	43	126	176	141	311	211	193	162	65	58	86	233	102	42	46
	854.636475	47	44	89	45	77	221	46	72	127	86	102	47	17	61	38	42	48	47	46	51	55	60	68	64	437	202	169	172	371	141	107	162	100	92	66	82	58	64	154	143	133	92	132	176	47	46	69	84	97	63	71	82	46	84	121	126	194	45	47	44	36	55	46	11	67	61	183	161	96	26	119	179	111	344	217	175	145	57	59	81	224	107	51	52
	856.002808	48	32	79	45	74	184	44	55	120	52	102	53	56	68	48	38	39	43	47	43	56	83	76	75	464	211	172	187	372	121	106	148	103	88	74	74	79	33	141	138	102	95	135	164	55	42	78	72	83	77	82	83	73	81	124	112	168	69	67	74	46	56	36	10	91	50	154	136	67	37	111	179	106	346	196	200	151	52	72	54	178	100	44	54
	857.369629	47	38	78	25	61	189	30	68	106	62	89	87	46	88	44	61	43	26	46	55	45	81	81	63	426	199	187	167	331	115	119	132	87	91	80	78	43	51	174	126	100	106	120	141	63	43	103	66	59	76	50	71	80	73	127	142	135	72	60	66	46	65	32	28	67	55	145	146	82	15	98	173	134	312	184	182	155	49	89	70	191	92	46	66
	858.736877	57	31	110	24	86	173	29	73	113	66	83	50	30	86	46	40	41	23	45	36	45	86	70	64	454	191	160	146	376	96	135	94	90	93	65	43	57	46	125	151	109	70	123	188	41	43	93	72	74	68	55	55	57	70	132	135	155	61	68	66	50	74	28	19	69	70	179	147	78	42	101	172	102	285	165	159	161	42	76	51	217	101	36	72
	860.104614	43	48	83	60	73	168	35	71	81	55	92	42	47	96	31	35	26	52	36	37	44	91	51	50	394	174	164	162	342	114	118	92	102	71	62	65	54	61	141	126	90	105	132	179	54	56	90	86	63	65	65	69	70	72	116	110	135	73	83	89	54	48	13	33	68	46	182	126	80	6	104	152	95	299	178	180	153	59	87	41	212	122	56	71
	861.4729	47	30	74	39	79	174	29	60	94	60	88	43	33	106	34	22	46	34	26	38	48	58	59	55	422	173	174	138	359	66	123	146	90	98	88	67	55	55	106	117	100	104	97	129	60	53	59	48	69	52	75	85	77	94	98	120	163	56	50	45	47	57	25	31	48	41	172	129	80	15	108	171	103	288	186	159	152	54	70	59	159	81	46	59
	862.841614	51	60	81	28	91	200	39	71	85	68	73	37	49	87	34	28	14	52	48	50	48	62	66	49	427	191	156	143	320	106	100	138	74	55	60	64	66	51	135	108	132	102	116	185	41	34	71	70	91	68	56	74	70	64	109	141	181	65	48	47	57	64	21	13	50	58	169	123	66	34	104	149	110	279	198	166	159	68	38	44	191	105	41	73
	864.210815	20	23	114	45	86	189	36	60	120	57	69	42	34	72	25	24	46	49	39	37	42	63	60	53	425	162	141	158	324	89	111	133	92	67	65	73	53	54	108	109	83	106	123	148	54	36	57	61	60	78	62	54	72	74	101	108	160	53	55	44	30	70	25	27	65	60	189	118	56	40	114	121	133	277	147	171	168	55	60	45	170	102	30	39
	865.580383	42	30	82	48	75	168	4	73	83	65	72	51	36	75	29	31	44	28	38	15	42	97	67	65	387	153	189	149	337	89	97	134	76	72	21	67	58	43	120	119	118	96	119	164	56	43	85	58	73	71	67	73	76	89	94	129	136	63	46	54	53	41	27	15	56	45	169	126	43	32	99	130	132	243	153	161	140	65	53	41	179	56	37	62
	866.950623	42	23	77	36	67	160	21	86	109	73	76	59	28	96	41	31	25	33	48	58	51	82	55	39	383	131	156	129	339	97	115	117	65	95	61	65	60	43	91	135	93	96	114	181	59	34	81	61	68	61	92	70	65	60	120	120	146	54	59	45	42	58	29	17	46	49	161	136	43	36	83	143	100	266	169	169	107	51	49	41	178	101	34	47
	868.321289	44	47	70	39	73	175	17	81	109	66	56	49	42	64	38	53	39	29	38	36	51	82	69	70	351	146	144	165	307	108	83	117	92	81	74	52	54	32	115	132	94	93	116	151	48	42	105	81	74	38	73	57	52	59	128	149	152	48	64	36	42	25	8	42	49	46	153	129	75	13	101	151	103	298	176	131	147	55	46	54	160	98	45	59
	869.692383	52	21	81	38	84	117	23	78	104	48	72	31	22	58	31	33	35	43	29	32	40	58	57	51	365	166	128	146	339	103	71	109	76	76	55	67	55	34	130	142	126	82	139	176	34	33	81	81	78	68	70	75	65	82	117	116	160	60	69	56	24	36	21	17	47	44	171	134	64	14	68	135	96	246	162	145	145	57	49	53	154	85	33	31
	871.064026	54	51	98	55	69	152	42	78	97	63	65	67	52	90	34	30	38	31	48	50	44	67	58	42	399	151	138	129	300	101	85	118	79	63	59	58	50	49	83	107	93	91	123	145	68	61	94	84	53	63	56	51	77	90	110	98	131	60	63	61	33	49	33	27	62	82	161	133	52	46	89	146	129	249	164	125	119	45	49	63	150	76	28	46
	872.436096	46	33	88	50	61	142	32	66	104	65	74	49	28	83	37	48	46	24	22	30	25	85	55	35	385	118	139	133	337	101	66	125	86	73	74	64	50	70	93	118	91	97	101	163	43	48	79	72	56	30	54	58	54	52	96	101	170	60	56	43	53	52	44	19	57	48	116	108	61	17	97	156	107	247	156	118	122	72	52	42	154	82	55	51
	873.808716	32	43	69	37	60	149	27	77	95	66	54	33	33	61	40	29	36	25	63	32	34	70	70	30	373	115	139	156	322	113	82	111	91	68	52	56	57	49	124	129	84	70	87	114	82	65	88	66	71	61	60	67	95	75	105	124	158	65	45	50	31	48	41	26	43	45	154	119	65	38	96	123	126	248	141	126	112	57	70	37	130	104	43	68
	875.181702	37	35	83	39	82	136	34	79	91	62	81	49	43	84	38	19	32	20	38	30	32	48	72	50	326	163	123	144	291	91	94	122	73	74	69	81	50	39	96	117	87	82	111	107	31	23	58	53	65	59	73	72	54	81	85	102	154	72	59	43	26	44	27	8	53	37	132	110	48	39	88	137	108	248	141	131	125	51	55	67	162	75	40	44
	876.555176	40	41	69	49	86	148	37	62	95	48	76	40	39	72	45	30	31	32	44	42	42	79	62	34	404	135	146	142	287	97	107	118	89	51	58	71	58	55	101	103	88	90	119	125	36	52	77	60	73	56	52	56	60	83	100	126	150	63	62	65	43	51	24	11	52	46	117	108	52	31	74	141	89	217	162	134	106	58	59	63	133	89	57	41
	877.929199	62	38	71	30	73	112	33	83	104	69	64	39	29	70	29	26	24	40	55	46	36	72	59	50	384	147	114	139	263	61	76	124	70	90	58	63	58	46	104	98	85	93	114	129	44	34	66	57	53	56	66	71	51	86	112	127	144	56	73	56	24	49	15	14	57	37	108	129	37	26	60	131	118	260	142	143	119	59	36	32	141	66	34	27
	879.303711	51	32	81	42	75	131	37	63	82	54	75	32	52	68	22	21	47	30	35	48	30	58	46	42	356	140	139	116	279	76	90	90	95	62	59	60	50	49	96	135	82	89	91	165	37	37	68	59	75	48	92	72	52	68	103	110	140	27	50	50	42	65	39	23	66	16	87	138	69	14	99	117	112	240	164	121	119	54	56	43	130	63	52	59
	880.678589	44	26	94	37	55	124	28	52	89	70	83	54	28	86	20	33	52	23	22	34	29	69	54	28	378	163	140	101	277	88	105	121	59	61	51	62	45	55	94	108	88	70	122	145	54	20	80	59	55	61	71	78	73	62	89	83	162	56	50	47	26	69	31	9	47	48	106	122	59	20	100	148	98	238	183	152	128	64	33	46	124	92	32	54
	882.054077	34	32	96	48	102	109	25	67	62	45	67	47	34	57	19	33	31	30	22	31	27	72	40	64	329	116	135	150	247	77	82	100	90	48	78	67	60	48	106	103	88	80	105	128	31	37	69	57	62	59	64	71	70	61	85	108	163	63	50	45	25	57	19	16	50	41	111	101	58	23	84	150	109	256	140	153	127	46	40	44	147	91	42	49
	883.429993	67	33	87	54	60	137	36	55	60	59	73	44	46	30	53	30	41	36	34	38	36	52	66	50	354	163	129	170	291	79	101	99	71	83	62	55	63	27	101	122	76	64	84	126	56	40	52	56	40	46	71	63	64	58	100	99	144	57	48	46	18	55	19	30	50	36	99	114	57	34	122	135	91	242	153	116	126	47	37	52	161	74	27	41
	884.806396	34	36	67	29	59	117	21	54	81	69	81	47	42	68	23	35	39	16	41	56	43	67	50	52	362	157	120	104	247	80	100	97	72	73	70	45	44	31	106	102	77	76	88	109	30	34	63	57	55	48	58	61	69	79	109	94	133	59	69	50	39	55	36	16	40	45	107	114	72	34	88	113	73	243	141	151	77	53	39	43	163	63	20	38
	886.183289	59	32	50	33	52	141	35	47	75	50	67	58	33	85	38	37	27	32	43	47	45	75	61	52	364	151	153	121	281	100	75	83	88	79	46	51	48	33	115	111	76	58	106	115	42	32	85	50	46	56	60	69	51	35	100	111	119	69	59	65	25	52	42	13	41	43	113	113	49	25	96	111	95	247	149	121	121	58	48	51	126	58	30	40
	887.56073	37	22	70	35	80	114	28	64	67	59	77	44	30	75	26	50	30	40	45	52	23	72	44	59	337	165	151	112	218	90	69	114	82	79	55	65	57	20	106	89	71	90	100	130	28	35	90	61	80	64	54	58	61	58	90	110	135	57	54	30	57	35	29	21	30	46	113	84	52	37	94	119	102	243	146	121	111	49	58	47	144	90	27	54
	888.938477	41	33	99	34	78	116	22	56	53	52	67	55	35	57	29	30	29	38	28	38	27	59	57	24	360	161	135	145	233	91	102	97	56	51	55	60	52	23	114	102	92	74	103	122	39	20	75	61	49	85	72	39	44	80	107	96	117	60	25	42	34	46	21	20	54	43	119	91	66	19	68	128	90	236	131	110	110	57	26	46	117	75	34	54
	890.316772	46	41	58	45	73	112	16	69	59	55	38	30	44	52	25	25	35	26	36	35	37	55	53	38	339	128	168	115	245	92	85	79	40	65	56	43	59	43	95	97	86	79	82	131	26	29	82	53	71	34	39	62	42	52	101	130	131	53	41	41	31	30	20	15	39	39	119	101	48	33	66	127	116	198	127	122	83	31	59	42	143	50	36	36
	891.695618	33	53	62	34	50	118	34	66	76	58	66	56	31	55	39	43	51	17	29	27	29	76	56	41	328	138	145	111	256	65	70	84	103	65	49	66	47	29	71	90	92	62	84	108	45	33	84	83	56	51	60	49	83	91	95	110	138	50	28	43	20	45	20	4	42	43	100	101	52	36	74	106	69	198	125	105	86	79	34	32	141	80	31	61
	893.074829	12	56	81	23	79	123	52	47	56	32	58	18	30	43	38	27	35	16	32	34	33	51	57	30	338	119	98	144	196	83	83	77	61	65	48	30	44	37	100	85	52	67	71	107	41	31	57	49	61	62	48	50	69	56	82	108	147	48	40	34	24	45	38	6	61	36	97	102	28	26	90	95	94	193	119	90	98	53	38	42	134	70	33	37
	894.45459	29	11	84	37	60	119	38	60	62	59	50	24	44	23	22	16	43	20	40	30	29	40	42	43	292	113	111	113	222	80	49	108	57	70	52	53	42	28	82	94	83	69	91	110	48	46	72	60	67	46	35	52	58	52	107	108	133	45	42	37	22	28	31	11	51	47	89	92	43	32	67	97	88	205	113	79	108	44	17	29	119	63	32	49
	895.834778	33	39	66	26	63	92	32	59	106	59	46	60	5	60	23	27	48	20	41	48	39	57	44	47	296	87	108	80	228	52	67	84	47	73	54	50	38	32	82	75	86	64	86	115	31	38	62	52	51	41	60	64	39	46	66	100	131	61	32	45	35	61	8	23	50	37	93	112	45	21	64	104	115	208	111	105	87	37	54	36	135	54	37	44
	897.215576	49	43	71	30	66	94	18	57	66	43	44	49	33	52	17	43	32	28	24	36	28	70	35	21	290	109	108	88	216	45	46	85	59	64	59	71	33	42	92	107	75	74	77	119	36	38	74	59	64	29	56	55	24	41	102	100	112	40	35	38	25	25	38	16	43	36	130	96	43	31	72	77	94	199	98	108	104	62	59	28	153	63	28	40
	898.596802	44	8	72	55	69	78	27	39	62	45	53	49	25	57	31	21	23	31	37	33	25	48	47	24	320	100	107	94	175	77	47	81	56	44	39	36	29	34	66	89	72	69	71	86	50	23	54	59	62	28	63	43	37	44	67	82	98	62	43	43	52	48	11	23	37	39	111	100	64	22	59	91	69	214	97	105	96	26	45	9	141	71	14	43
	899.978516	55	42	86	36	51	118	24	41	47	32	57	50	31	36	33	35	20	18	26	26	29	65	57	42	271	110	109	96	228	68	67	79	64	69	64	30	7	36	76	83	66	46	89	117	26	12	73	52	65	28	55	43	42	49	73	108	78	43	39	27	6	30	14	24	34	22	102	102	28	7	65	88	83	206	93	88	113	47	56	41	111	63	20	36
	901.360596	31	26	60	21	83	101	15	43	78	38	55	37	16	52	36	26	16	12	33	22	30	60	46	57	307	115	113	91	204	56	62	72	48	56	55	41	39	12	83	82	77	55	57	73	46	31	40	50	49	42	38	45	56	59	57	68	105	43	61	28	25	31	21	21	47	31	79	79	45	7	47	84	58	187	111	88	109	49	51	39	120	51	21	33
	902.743286	50	37	49	33	49	101	27	52	46	55	67	45	31	51	31	28	34	19	32	30	19	43	41	36	325	120	115	99	174	56	62	98	49	87	53	38	38	27	56	66	103	76	85	103	25	14	55	64	42	35	52	48	52	31	95	74	111	32	26	28	13	33	8	19	31	30	104	91	33	40	69	92	55	175	89	80	104	50	24	25	96	63	28	46
	904.126404	21	29	46	52	63	87	26	52	43	36	43	46	11	59	21	23	27	8	26	50	41	41	55	33	282	102	106	71	189	72	71	61	59	59	31	50	54	53	79	74	75	61	97	116	28	30	61	55	48	26	41	32	49	27	71	89	111	53	40	56	32	31	21	6	33	39	114	97	41	28	75	92	91	178	94	82	91	53	50	38	106	72	32	20
	905.51001	31	23	69	17	49	101	23	63	45	31	56	39	27	52	9	35	23	19	29	32	25	44	17	40	292	96	121	90	175	56	63	77	39	42	32	46	43	40	61	79	76	58	84	104	26	35	58	47	42	35	65	39	39	30	74	107	109	50	52	30	27	24	26	15	46	32	90	91	37	21	55	102	81	163	123	86	62	44	55	32	118	60	35	30
	906.893982	35	7	59	31	62	83	9	41	77	45	49	29	21	69	24	22	16	7	29	16	28	46	46	51	262	117	116	86	191	69	56	77	57	40	33	45	40	44	72	81	70	56	78	80	44	30	62	52	53	37	40	47	36	45	53	90	111	42	44	11	25	31	6	13	25	16	99	91	47	30	48	100	58	176	126	71	82	51	30	18	105	50	9	32
	908.278625	17	35	47	32	67	85	8	52	71	69	33	36	41	35	34	20	1	36	41	50	24	43	39	41	278	99	108	114	172	48	70	68	52	64	43	31	21	32	54	83	80	58	67	108	24	25	58	44	45	18	49	47	46	38	82	83	93	32	34	9	21	41	26	17	28	18	85	92	28	19	50	74	63	179	142	90	80	20	37	40	98	51	17	30
	909.663696	15	22	72	27	53	102	9	43	49	27	56	41	23	37	38	22	33	10	27	30	19	49	37	47	280	102	90	64	205	75	71	80	50	67	41	43	54	34	74	82	59	59	66	94	25	33	29	42	31	43	47	33	33	33	92	69	87	43	33	29	21	47	25	8	38	30	91	69	50	32	65	82	93	147	91	60	76	32	53	44	103	58	33	23
	911.049194	37	26	83	18	66	91	23	35	50	42	44	29	37	27	17	29	39	22	22	12	7	59	51	28	268	91	94	94	158	44	43	64	33	67	37	28	39	37	60	50	73	62	66	107	32	40	82	46	38	42	21	52	51	34	71	78	108	32	30	33	28	26	24	23	37	27	86	82	62	26	65	73	68	156	85	88	74	43	44	30	100	65	19	27
	912.435181	33	7	55	43	58	91	29	65	58	48	41	49	15	42	37	18	39	16	21	40	37	47	51	37	254	95	105	90	146	37	73	78	42	74	37	38	48	12	86	67	77	64	61	85	41	39	56	48	45	22	21	29	56	34	73	87	91	51	40	30	14	28	22	6	51	30	99	77	53	6	23	68	64	144	97	56	95	24	31	38	115	52	9	45
	913.821716	27	33	45	10	52	81	22	30	41	52	39	41	24	57	37	21	35	36	28	24	30	48	64	23	274	104	94	64	144	57	65	58	24	42	51	15	26	10	94	64	77	70	51	60	24	28	45	38	28	34	42	30	44	63	74	75	104	41	41	25	29	26	25	-3	49	39	106	69	26	35	65	88	81	166	66	90	66	48	17	7	92	48	25	23
	915.208618	41	21	58	21	47	104	12	34	67	51	50	33	30	49	29	33	27	22	50	30	13	30	44	45	251	89	93	71	162	38	45	76	53	48	29	41	21	41	76	68	61	65	60	64	50	37	66	52	36	36	39	38	32	46	67	68	98	21	28	27	40	48	33	8	50	34	95	82	14	30	32	86	48	159	76	81	79	32	41	35	94	44	32	28
	916.59613	37	28	50	32	48	79	8	45	66	42	42	51	28	33	34	22	16	16	24	21	14	47	49	41	258	95	96	75	151	42	67	76	55	29	49	12	19	42	63	64	69	62	65	65	22	34	34	35	19	22	46	39	35	39	68	55	69	41	19	16	15	47	6	10	13	22	64	69	39	16	87	63	76	142	86	87	81	51	35	30	82	41	36	36
	917.984009	46	21	47	20	40	69	24	41	26	39	51	25	18	34	28	19	27	17	15	30	17	40	47	22	242	67	88	78	143	53	57	61	56	39	33	35	35	37	67	62	59	73	62	79	21	20	51	51	37	27	35	46	30	44	68	80	97	38	52	39	26	62	13	9	34	30	75	77	46	22	65	67	49	152	95	78	68	32	32	21	104	33	22	34
	919.372375	23	23	53	5	47	66	13	39	60	64	37	32	17	23	31	25	13	33	42	23	30	47	33	32	264	95	99	88	141	43	55	43	42	49	50	25	13	26	69	76	41	60	61	110	29	29	58	56	32	24	42	35	41	50	66	76	64	48	30	58	23	8	20	14	24	25	87	67	44	17	60	69	27	149	101	55	67	40	35	23	78	43	12	34
	920.761292	33	10	32	27	36	110	33	40	41	39	50	28	23	71	22	25	22	25	28	33	27	23	24	25	233	83	95	79	135	56	40	53	41	51	19	56	45	39	83	67	56	46	52	81	41	34	42	37	41	18	26	36	45	24	68	77	86	54	34	24	7	29	18	3	21	25	78	75	54	13	44	87	65	158	64	78	67	42	48	31	87	31	16	21
	922.150574	13	28	55	27	82	76	25	41	51	53	34	29	38	61	15	22	53	31	31	36	15	31	42	16	239	87	84	77	127	45	63	56	37	56	44	39	25	24	45	59	57	55	57	77	22	20	39	44	48	28	29	38	52	30	55	74	111	37	35	37	24	34	4	-2	15	24	72	71	32	15	39	63	45	155	66	55	59	55	18	30	73	47	19	30
	923.540527	28	26	43	10	53	85	31	63	49	28	37	17	32	34	18	31	23	31	33	16	9	62	24	31	211	98	83	86	151	33	57	79	40	78	29	37	36	31	50	55	63	42	84	85	23	31	49	23	36	26	36	29	25	22	49	61	71	27	30	46	8	57	16	13	34	28	72	71	30	8	46	56	56	166	91	71	65	40	34	22	72	32	42	11
	924.930786	36	6	47	25	56	75	7	35	58	25	44	13	7	18	35	33	31	17	15	14	8	30	41	32	220	80	89	106	143	51	46	52	28	46	37	29	34	19	52	49	57	37	50	87	36	26	23	43	20	34	44	29	45	30	65	75	73	36	34	45	19	43	20	-2	2	29	69	45	56	7	55	71	52	149	79	77	63	31	39	17	85	43	21	37
	926.321594	20	15	59	16	15	78	16	44	47	33	43	25	1	37	8	33	30	17	32	20	26	38	26	18	212	77	68	69	131	43	46	55	55	13	37	28	38	13	63	44	53	38	66	71	16	26	48	34	34	27	34	46	44	21	66	55	87	30	23	35	23	7	16	6	14	30	68	59	32	6	36	73	58	116	75	52	70	49	9	18	75	33	21	32
	927.712891	38	22	55	14	31	69	15	29	55	41	23	24	40	34	25	35	23	10	31	26	27	31	24	10	227	87	97	68	142	48	52	79	27	17	32	31	28	34	52	55	46	49	68	97	21	24	43	59	36	30	24	28	33	26	43	64	67	35	33	36	19	20	12	-2	23	30	87	72	30	9	36	75	72	110	73	83	50	40	24	33	68	41	26	16
	929.104614	25	8	34	18	58	51	30	45	23	4	37	30	23	59	24	11	16	18	18	17	15	42	41	21	230	80	74	59	127	33	40	48	44	15	5	14	24	20	59	61	36	39	56	67	24	31	39	30	51	15	29	36	35	31	62	46	74	29	25	23	19	34	2	-5	39	26	66	62	34	10	38	60	46	114	58	66	70	7	39	12	81	24	7	21
	930.496826	14	15	54	15	57	50	17	35	30	33	36	18	18	27	19	45	14	15	4	19	15	54	32	30	246	78	78	62	142	36	55	61	47	53	39	23	23	19	44	51	56	42	52	87	20	15	50	41	40	17	24	27	22	42	52	56	73	16	34	22	28	39	14	13	35	34	78	67	27	20	43	71	59	143	77	77	66	32	15	-1	78	42	10	25
	931.889587	28	24	61	14	33	62	17	33	54	43	41	35	15	44	18	28	21	5	17	19	12	25	15	15	172	71	58	63	133	47	52	65	34	33	35	36	36	13	56	49	59	52	44	77	23	15	21	-10	21	24	9	38	33	6	44	54	88	30	13	32	29	11	13	8	29	31	69	51	15	10	29	36	50	134	57	68	78	54	26	33	71	32	35	10
	933.282776	15	25	36	3	35	46	9	48	22	21	34	22	10	48	19	31	41	39	31	35	26	37	20	41	208	75	56	71	103	58	52	55	28	51	6	17	32	38	48	72	39	52	51	78	34	10	33	33	26	16	44	29	33	31	45	79	87	18	27	29	14	23	34	11	37	32	68	60	50	25	46	64	67	113	82	66	43	11	15	26	70	52	8	19
	934.676514	17	9	53	12	23	85	10	29	46	35	20	13	20	25	21	11	17	26	23	32	20	29	25	39	220	73	65	90	116	80	53	55	44	33	14	12	40	17	56	50	73	70	45	68	33	13	37	45	51	39	22	50	10	28	55	62	77	18	16	13	29	29	22	8	23	44	79	61	38	19	36	62	52	134	74	42	61	27	15	24	74	23	13	25
	936.070679	8	4	35	24	31	53	11	21	43	20	23	24	11	22	28	30	28	19	27	8	30	35	35	29	186	69	60	64	109	34	58	73	38	19	6	24	21	40	38	48	48	44	60	67	38	36	30	38	20	26	34	28	27	42	61	55	66	19	4	21	23	15	24	23	39	25	64	59	44	-10	25	56	39	132	65	55	65	37	14	22	84	24	20	17
	937.465271	30	7	31	21	25	52	4	27	31	49	29	13	20	33	18	13	27	35	37	33	42	50	38	27	192	69	75	76	108	56	30	59	29	33	14	25	12	13	40	49	43	51	61	66	9	-3	45	24	30	36	19	8	50	38	53	55	85	45	34	40	25	24	23	14	57	22	76	34	55	23	46	41	39	115	64	59	55	38	44	39	76	32	23	25
	938.860413	21	39	32	15	30	63	10	30	37	35	22	8	-5	35	31	37	25	35	26	2	12	28	36	22	194	87	62	63	121	49	60	52	33	23	18	35	33	4	27	50	30	49	50	63	42	13	65	36	28	36	42	48	18	22	52	58	65	13	17	25	28	23	18	14	9	25	65	46	44	-1	61	47	62	94	64	73	54	27	14	30	70	36	28	24
	940.255981	23	36	32	22	46	64	16	30	49	40	29	17	15	36	3	19	26	11	37	34	18	29	25	24	174	75	72	41	86	39	42	30	28	25	19	34	46	41	35	50	41	37	44	61	28	25	14	-1	24	14	31	47	23	28	59	34	60	6	14	24	24	36	19	8	18	31	59	53	28	11	47	41	44	124	75	67	49	52	32	44	55	23	13	18
	941.6521	21	37	40	11	43	59	17	23	30	30	22	13	12	32	-6	44	33	12	30	18	41	48	18	30	164	59	69	63	99	44	40	45	26	34	1	7	23	31	60	24	32	38	65	89	26	38	36	26	21	18	47	29	34	29	47	58	34	22	25	35	30	32	2	2	30	33	48	49	42	42	29	56	43	141	49	60	56	40	25	31	61	40	16	32
	943.048584	16	22	33	16	32	60	4	37	43	47	26	10	23	51	8	18	-3	23	46	28	37	34	18	14	186	60	50	55	93	39	30	41	27	26	15	35	34	21	40	45	15	48	49	55	34	22	21	21	14	23	20	33	33	25	32	33	89	29	24	37	24	7	5	-3	41	20	51	48	34	14	41	43	31	108	60	53	49	14	24	14	65	36	20	1
	944.445679	7	18	9	21	28	35	1	8	23	29	14	25	25	29	27	14	22	21	29	32	32	27	31	21	178	53	79	38	64	34	24	45	14	27	14	3	39	8	35	36	56	45	48	56	6	15	40	23	25	22	41	26	32	13	41	62	55	29	15	33	22	46	5	5	26	7	58	57	33	13	45	60	32	122	38	55	45	43	30	10	68	18	7	6
	945.843201	8	25	35	18	19	39	11	29	39	46	45	20	11	43	27	8	10	20	37	31	40	28	29	19	156	47	51	61	77	44	30	39	46	45	28	20	22	5	59	57	27	39	46	43	14	4	51	35	11	20	33	24	6	32	56	55	74	7	18	15	11	9	15	6	23	19	66	46	9	20	46	55	38	120	48	47	53	29	7	33	59	17	15	13
	947.241211	17	26	21	8	32	31	-9	16	41	47	10	22	13	22	27	20	5	34	28	34	32	25	28	11	176	59	56	39	106	18	23	54	30	10	9	20	17	14	52	39	25	42	43	36	9	7	43	33	21	6	35	4	28	35	39	41	47	26	1	20	17	28	16	6	40	15	45	57	43	34	35	72	43	120	43	51	69	25	15	26	67	34	19	5
	948.639587	12	18	23	5	39	40	3	32	37	45	33	20	12	26	26	-2	10	10	27	29	29	23	21	15	137	51	33	50	75	39	48	45	26	24	18	30	14	20	39	45	27	27	56	57	22	11	25	12	22	20	29	32	28	40	43	50	48	6	15	10	12	28	7	4	35	39	74	45	44	25	31	47	36	77	55	58	78	17	14	20	66	43	27	7
	950.038574	7	20	15	5	45	46	11	28	32	34	38	22	32	20	20	11	16	27	22	19	29	27	29	39	153	61	55	32	72	23	37	65	12	20	17	10	6	34	46	47	39	13	60	55	19	34	31	34	27	26	26	22	26	24	34	52	36	27	14	7	21	19	10	18	44	29	68	52	46	34	51	43	47	102	60	62	26	10	24	10	62	33	32	19
	951.43811	35	7	21	18	25	63	19	26	42	12	28	20	10	37	16	14	24	9	12	26	12	28	22	18	158	56	53	54	78	25	21	25	17	31	18	12	21	35	36	49	38	40	44	56	35	16	35	31	5	27	25	17	33	24	48	52	58	38	43	26	23	32	9	0	9	25	50	18	30	23	41	50	62	90	42	54	55	23	24	32	62	18	5	29
	952.838013	10	19	27	-5	25	46	10	25	28	35	29	25	12	21	6	10	3	12	17	7	16	4	31	20	139	49	40	30	68	13	43	33	26	35	40	15	28	16	17	37	18	24	20	35	25	27	42	18	16	3	23	10	18	29	37	27	49	30	25	29	15	34	11	20	31	12	56	48	26	20	47	46	40	62	33	56	44	32	5	20	64	28	12	24
	954.238403	-18	7	47	3	27	59	24	26	19	34	22	38	11	49	11	0	7	21	10	14	14	24	22	24	126	68	49	60	82	36	35	30	13	23	19	14	17	22	26	34	21	34	67	49	18	28	26	13	15	11	37	18	21	14	29	26	47	25	35	28	14	27	11	12	16	20	47	62	30	26	37	35	42	88	56	49	35	13	21	17	64	38	18	12
	955.639282	11	15	22	6	41	37	9	33	28	28	29	11	20	21	-10	5	16	24	17	22	23	4	22	40	137	45	65	64	63	21	25	45	13	35	31	28	18	14	41	15	30	37	48	35	23	23	29	25	18	10	33	19	12	18	32	56	41	15	26	11	17	38	12	15	26	36	49	60	22	20	35	31	43	85	30	34	44	32	21	27	59	19	18	2
	957.040588	10	2	30	15	48	33	14	32	14	18	22	14	20	61	8	-4	6	11	5	17	13	4	28	17	137	43	50	55	66	22	59	34	43	34	7	20	30	24	40	55	16	28	39	42	1	10	40	26	14	12	18	26	11	23	43	44	46	15	14	22	-3	8	13	-5	16	9	42	30	37	37	38	59	26	76	32	27	60	32	40	15	48	13	6	-9
	958.442505	21	19	22	21	25	37	17	25	21	24	23	25	12	38	17	25	3	23	19	48	39	19	26	13	145	45	54	46	82	31	47	38	53	20	24	15	12	7	38	49	32	15	54	33	23	19	34	22	18	5	7	11	2	15	35	42	58	29	20	27	6	28	12	11	22	26	48	47	21	11	14	50	21	76	55	49	30	27	38	11	77	20	15	27
	959.844788	20	20	36	11	38	52	14	37	12	31	21	14	17	32	15	4	12	26	10	14	13	9	-2	19	138	46	42	52	77	33	28	55	11	15	16	26	19	35	29	57	47	46	21	30	13	-8	24	16	21	22	36	31	22	12	37	54	47	20	20	18	22	18	18	14	14	41	39	38	43	9	20	38	21	69	40	31	23	18	16	20	68	21	14	18
	961.24762	16	8	-1	6	38	54	-10	22	13	23	26	12	13	31	22	12	8	11	12	2	12	21	28	5	126	49	36	24	61	47	14	30	20	28	23	10	13	-5	33	32	36	35	33	33	15	16	20	11	21	-3	31	17	21	18	35	52	35	19	7	34	8	17	13	7	-2	35	55	53	15	34	28	49	44	72	51	22	23	28	14	3	36	17	13	23
	962.650879	-2	5	14	10	39	28	12	17	38	14	-2	15	24	34	7	6	-4	12	9	8	19	13	30	18	106	51	30	38	78	20	33	34	30	24	31	31	26	3	34	40	29	42	14	42	31	9	15	25	15	36	7	31	18	16	31	38	57	22	21	22	3	37	9	5	32	11	53	32	31	32	26	43	21	60	33	15	48	41	24	17	47	2	16	0
	964.054626	-4	23	28	10	22	46	8	32	37	20	18	-5	26	24	21	34	9	13	21	17	12	16	16	23	116	47	43	38	69	33	39	32	15	26	20	17	14	25	30	28	25	31	32	25	8	17	39	23	21	5	5	27	25	16	30	34	52	25	21	25	13	22	-4	-1	9	18	40	31	16	27	21	32	35	81	59	49	35	21	1	17	44	10	21	13
	965.458923	-6	-1	13	-5	25	32	13	23	39	10	26	16	15	34	5	13	6	0	16	12	12	11	16	18	115	34	48	29	69	16	46	15	18	9	23	10	28	7	20	27	24	36	8	33	9	-2	22	27	15	10	16	28	15	16	25	43	38	15	20	12	7	33	7	2	18	22	47	27	23	20	21	40	30	88	48	41	34	6	24	18	52	25	12	8
	966.863586	16	7	21	10	28	45	6	6	17	15	13	11	8	22	-2	15	14	14	26	14	15	37	16	23	133	27	42	19	75	27	28	31	9	6	18	16	21	27	28	42	31	22	38	23	31	18	20	23	27	8	1	27	9	0	27	22	32	26	1	23	12	14	-6	6	23	14	49	49	13	15	26	50	37	91	34	39	33	17	2	15	43	22	11	-2
	968.268799	0	7	30	-2	19	20	16	10	15	7	19	5	13	31	34	11	7	8	-3	9	12	16	22	14	92	44	27	30	80	22	37	37	28	15	14	29	16	16	44	34	8	16	25	31	11	-1	10	-1	13	26	5	18	12	14	31	36	34	29	36	26	1	11	16	18	36	7	18	30	18	33	29	34	41	71	40	38	24	-1	9	9	57	15	11	4
	969.674377	2	-1	27	33	31	25	7	22	33	25	30	16	-4	16	12	27	5	3	17	16	23	8	12	27	103	47	40	33	77	35	39	43	2	35	19	11	8	9	31	32	32	24	36	43	14	6	31	21	15	5	17	-13	12	9	19	23	25	8	3	14	27	21	22	15	32	24	35	45	27	36	15	40	24	37	35	60	37	9	11	14	31	18	2	26
	971.080688	23	0	15	8	24	41	9	33	30	-6	31	7	24	11	3	15	14	12	5	-3	5	16	14	22	116	46	38	43	52	31	31	8	35	28	19	17	16	1	27	34	28	31	35	32	18	4	34	27	3	9	8	22	29	-2	20	46	21	13	20	24	2	15	16	19	17	17	47	19	14	13	20	16	31	74	35	42	37	40	9	26	61	12	24	11
	972.487305	8	13	10	15	14	28	19	13	9	12	7	29	15	19	8	-4	4	15	11	17	0	14	33	8	123	38	39	46	48	26	35	30	31	22	12	23	7	13	15	28	41	14	25	34	2	12	26	32	17	21	15	23	14	10	23	25	30	28	2	-6	10	26	-16	10	14	17	49	42	43	10	30	36	33	66	61	49	35	32	16	4	47	10	2	14
	973.894409	12	14	8	18	19	33	-7	11	19	21	18	27	14	20	15	26	15	10	17	10	5	26	22	15	110	36	49	49	19	27	14	36	11	13	16	20	11	3	13	37	10	13	40	41	8	2	24	34	18	12	1	34	11	20	19	51	55	12	5	3	12	8	3	11	13	20	20	42	41	19	22	42	25	48	47	30	40	29	31	11	47	30	13	15
	975.302002	18	22	32	18	14	60	10	4	31	27	23	17	8	4	12	23	21	17	25	30	32	30	27	21	101	40	25	26	82	28	27	29	19	33	12	34	17	17	18	19	20	6	29	33	7	5	23	21	8	15	-5	14	5	17	28	30	38	14	3	29	8	6	11	2	8	18	52	26	33	21	19	30	34	64	46	41	11	24	18	18	35	26	11	8
	976.710083	22	-4	17	14	26	32	18	5	35	37	25	34	1	33	15	17	21	7	17	16	6	24	15	21	114	36	37	29	67	17	19	13	29	29	16	25	13	6	17	34	23	6	45	35	2	19	32	12	26	22	20	-5	17	11	36	19	30	12	11	15	21	12	10	4	6	17	37	29	26	16	13	32	10	82	29	14	31	40	17	5	36	19	24	28
	978.118713	23	5	6	11	29	11	1	5	26	6	9	23	-7	23	14	-7	-2	0	7	2	5	-3	19	21	107	33	26	23	56	27	24	20	13	22	37	4	3	24	24	26	27	36	38	40	8	26	25	8	10	18	15	22	15	33	15	33	25	19	32	17	19	22	17	8	19	1	60	35	41	36	28	35	14	50	13	30	20	26	10	11	38	17	16	21
	979.52771	21	7	21	15	42	44	-7	6	14	22	9	17	-5	17	3	22	9	11	21	34	26	20	3	10	92	45	29	31	70	38	10	40	16	34	10	18	23	24	25	19	27	38	24	37	2	-3	24	13	4	6	16	15	23	16	30	33	31	19	21	17	15	11	20	10	-12	9	12	29	40	19	31	29	42	35	51	22	27	26	3	13	40	23	11	22
	980.937195	14	15	19	25	32	33	9	3	17	19	7	-10	13	19	12	17	25	39	19	-6	-1	17	30	1	108	32	21	38	43	24	25	51	29	26	25	16	22	11	37	33	24	26	20	25	24	17	15	3	3	11	4	-4	15	15	20	18	38	25	24	-5	9	15	-5	14	5	16	35	34	29	10	18	20	34	75	43	21	48	18	6	8	41	-1	22	32
	982.347229	21	5	10	9	26	43	-3	-6	32	24	8	1	19	29	8	19	9	30	15	10	14	22	13	11	105	47	32	20	58	26	1	23	21	14	16	-4	28	15	20	23	13	16	13	33	13	17	21	24	20	9	22	13	21	16	16	31	29	20	10	2	23	0	12	11	7	24	17	56	38	4	17	33	14	45	30	31	21	23	1	17	59	17	6	17
	983.75769	4	24	14	20	14	21	10	20	13	10	-4	14	13	6	11	14	26	-7	3	1	7	25	23	13	90	18	25	38	41	21	10	40	17	19	2	10	13	0	25	26	19	14	3	25	21	25	20	6	13	17	0	3	21	16	21	42	49	21	20	17	17	16	-2	5	16	24	26	46	25	19	7	38	18	56	21	8	27	42	31	28	21	8	5	-16
	985.168579	9	15	6	16	27	17	-2	4	15	9	6	-3	13	23	7	8	9	25	6	5	1	22	1	7	100	44	29	24	53	4	44	33	9	25	19	19	14	13	20	27	22	14	27	54	25	14	17	31	13	21	9	9	25	12	29	25	30	9	-2	12	15	5	18	5	22	9	43	26	31	19	11	17	30	43	41	34	28	29	17	20	42	32	-2	8
	986.580078	27	0	-4	5	13	38	17	19	31	-1	10	7	13	19	0	4	2	6	9	-3	2	17	8	14	73	32	18	28	62	19	31	17	11	14	11	25	8	11	15	23	32	12	30	34	25	31	27	16	12	-7	3	9	7	9	20	20	26	3	-1	11	5	8	29	10	13	19	38	36	18	10	21	39	33	70	49	26	24	42	28	10	27	10	-2	22
	987.992004	2	9	20	12	28	41	4	25	33	18	11	5	12	21	7	6	13	30	18	9	17	15	20	16	97	27	37	37	56	26	16	21	45	28	15	20	20	8	30	19	18	9	29	35	7	-1	16	9	16	-1	6	12	18	12	6	16	30	21	21	24	-3	5	29	0	14	41	31	34	3	13	24	20	29	37	27	28	19	38	8	17	40	12	6	10
	989.404419	9	9	14	15	17	34	15	11	23	-4	10	14	2	24	3	2	-7	4	-3	-7	-1	8	19	9	73	45	44	17	40	36	-1	18	1	4	21	5	-9	15	6	10	11	16	27	24	17	33	31	23	10	2	9	18	5	35	15	30	41	21	26	15	4	14	25	-2	22	18	33	49	28	15	24	28	41	62	12	43	24	18	10	3	38	6	11	9
	990.817322	6	6	9	9	22	35	0	13	14	20	12	13	17	16	8	10	17	-6	8	8	-1	32	31	15	80	55	30	35	47	30	10	30	31	12	8	18	17	18	4	28	17	5	34	50	7	8	9	5	22	7	5	18	31	13	11	1	2	10	14	9	15	10	14	12	23	17	19	19	22	29	20	25	29	34	2	26	17	32	14	15	29	11	26	14
	992.230713	2	11	10	7	29	9	19	20	38	9	-4	2	12	2	5	0	8	3	3	3	18	10	28	14	84	23	23	30	26	34	3	16	20	12	11	12	13	-5	0	26	11	19	24	24	14	15	14	21	14	-3	19	19	5	16	16	12	35	14	7	8	20	5	12	11	0	26	47	40	16	12	11	40	22	44	29	18	19	6	15	4	30	7	10	20
	993.64447	13	26	12	1	16	9	21	3	21	-1	12	7	8	10	-7	11	-18	17	7	1	7	19	17	-7	82	24	24	35	33	40	25	23	27	31	19	8	-1	12	26	32	28	15	41	24	7	3	-10	0	25	15	11	8	21	23	22	25	35	28	2	18	6	9	7	-4	6	9	37	47	21	4	16	14	35	44	12	7	24	23	19	13	27	5	2	19
	995.058777	6	10	26	-1	22	37	-3	31	17	9	12	1	9	0	16	9	30	-3	8	13	16	20	20	5	75	22	18	6	39	9	7	21	13	-6	18	24	18	20	35	21	26	21	26	22	13	17	21	22	5	-6	6	11	13	6	14	14	35	10	5	-3	10	28	5	9	16	18	30	34	24	16	18	35	11	57	12	21	12	24	22	13	19	3	18	9
	996.473572	15	11	22	-6	15	13	0	16	-1	4	9	-12	29	7	16	21	16	25	1	12	20	25	15	8	77	27	39	26	35	18	30	1	18	13	-5	2	-5	8	21	24	16	6	45	41	24	1	26	19	13	19	9	13	-2	10	23	18	11	2	1	9	5	10	-1	10	13	8	43	24	38	8	14	43	6	26	20	12	22	30	6	20	48	9	8	-5
	997.888916	13	-13	18	1	14	28	13	-7	0	1	-9	-1	-2	18	13	15	16	11	-1	3	13	33	12	10	96	23	29	31	40	11	28	20	17	7	8	17	-4	7	17	23	19	11	49	18	6	7	21	6	12	2	0	11	5	10	10	13	8	5	19	5	-5	13	16	8	21	20	45	31	23	10	13	27	12	44	21	35	19	10	14	7	28	9	3	7
	999.304626	16	13	21	0	11	20	4	7	17	16	19	-6	22	27	-2	9	21	10	24	27	31	24	9	19	61	29	33	29	22	13	20	19	16	35	12	9	7	2	15	6	-1	42	28	30	10	5	9	8	16	6	13	-8	13	-7	20	3	10	15	15	11	5	24	-1	5	13	11	13	35	32	20	13	19	22	38	22	29	19	16	14	13	7	8	-6	12
	999.65863	16	15	24	-1	24	28	-2	6	20	1	8	1	4	8	20	12	28	11	13	5	7	26	30	17	63	31	21	21	40	18	33	22	11	14	9	8	3	-3	15	20	17	13	29	13	19	11	-1	5	5	-3	6	-5	16	16	17	32	20	3	16	13	9	7	2	-5	13	30	37	35	14	19	33	16	30	32	31	31	33	9	36	6	21	12	-1	26