ENVI ASCII Plot File [Tue Dec 09 10:01:34 2025]																																																																																			
Column 1: Wavelength																																																																																			
Column 2: X:504 Y:354~~1																																																																																			
Column 3: X:490 Y:293~~2																																																																																			
Column 4: X:482 Y:214~~3																																																																																			
Column 5: X:503 Y:130~~4																																																																																			
Column 6: X:393 Y:67~~5																																																																																			
Column 7: X:383 Y:128~~6																																																																																			
Column 8: X:371 Y:181~~7																																																																																			
Column 9: X:90 Y:175~~8																																																																																			
Column 10: X:76 Y:258~~9																																																																																			
Column 11: X:92 Y:319~~10																																																																																			
Column 12: X:92 Y:323~~11																																																																																			
Column 13: X:92 Y:326~~12																																																																																			
Column 14: X:92 Y:330~~13																																																																																			
Column 15: X:92 Y:336~~14																																																																																			
Column 16: X:97 Y:389~~15																																																																																			
Column 17: X:97 Y:391~~16																																																																																			
Column 18: X:97 Y:396~~17																																																																																			
Column 19: X:96 Y:456~~18																																																																																			
Column 20: X:95 Y:457~~19																																																																																			
Column 21: X:94 Y:459~~20																																																																																			
Column 22: X:93 Y:465~~21																																																																																			
Column 23: X:77 Y:497~~22																																																																																			
Column 24: X:77 Y:498~~23																																																																																			
Column 25: X:77 Y:502~~24																																																																																			
Column 26: X:77 Y:513~~25																																																																																			
Column 27: X:69 Y:563~~26																																																																																			
Column 28: X:68 Y:566~~27																																																																																			
Column 29: X:67 Y:567~~28																																																																																			
Column 30: X:60 Y:597~~29																																																																																			
Column 31: X:60 Y:598~~30																																																																																			
Column 32: X:106 Y:638~~31																																																																																			
Column 33: X:106 Y:639~~32																																																																																			
Column 34: X:63 Y:672~~33																																																																																			
Column 35: X:66 Y:628~~34																																																																																			
Column 36: X:67 Y:628~~35																																																																																			
Column 37: X:436 Y:647~~36																																																																																			
Column 38: X:440 Y:588~~37																																																																																			
Column 39: X:447 Y:546~~38																																																																																			
Column 40: X:633 Y:228~~39																																																																																			
Column 41: X:630 Y:120~~40																																																																																			
Column 42: X:637 Y:110~~41																																																																																			
Column 43: X:631 Y:103~~42																																																																																			
Column 44: X:619 Y:99~~43																																																																																			
Column 45: X:613 Y:109~~44																																																																																			
Column 46: X:596 Y:112~~45																																																																																			
Column 47: X:586 Y:121~~46																																																																																			
Column 48: X:575 Y:131~~47																																																																																			
Column 49: X:565 Y:140~~48																																																																																			
Column 50: X:552 Y:153~~49																																																																																			
Column 51: X:545 Y:159~~1																																																																																			
Column 52: X:529 Y:164~~2																																																																																			
Column 53: X:523 Y:173~~3																																																																																			
Column 54: X:511 Y:180~~4																																																																																			
Column 55: X:499 Y:187~~5																																																																																			
Column 56: X:487 Y:194~~6																																																																																			
Column 57: X:483 Y:202~~7																																																																																			
Column 58: X:475 Y:208~~8																																																																																			
Column 59: X:467 Y:214~~9																																																																																			
Column 60: X:458 Y:216~~10																																																																																			
Column 61: X:444 Y:230~~11																																																																																			
Column 62: X:440 Y:241~~12																																																																																			
Column 63: X:433 Y:256~~13																																																																																			
Column 64: X:231 Y:65~~14																																																																																			
Column 65: X:232 Y:64~~15																																																																																			
Column 66: X:234 Y:63~~16																																																																																			
Column 67: X:235 Y:67~~17																																																																																			
Column 68: X:218 Y:80~~18																																																																																			
Column 69: X:208 Y:88~~19																																																																																			
Column 70: X:196 Y:94~~20																																																																																			
Column 71: X:191 Y:87~~21																																																																																			
Column 72: X:184 Y:105~~22																																																																																			
Column 73: X:189 Y:113~~23																																																																																			
Column 74: X:202 Y:131~~24																																																																																			
Column 75: X:528 Y:614~~25																																																																																			
Column 76: X:531 Y:611~~26																																																																																			
Column 77: X:530 Y:618~~27																																																																																			
Column 78: X:520 Y:618~~28																																																																																			
Column 79: X:504 Y:617~~29																																																																																			
Column 80: X:492 Y:611~~30																																																																																			
Column 81: X:278 Y:570~~31																																																																																			
Column 82: X:280 Y:564~~32																																																																																			
Column 83: X:278 Y:565~~33																																																																																			
	399.924103	9	10	1	15	29	12	22	15	3	7	9	-3	1	1	-5	-11	-3	4	15	5	13	-2	14	16	6	6	5	17	10	-10	8	-12	1	-3	13	20	1	-3	0	-2	4	2	0	9	6	5	16	10	11	8	9	8	0	0	9	3	7	0	5	5	9	3	21	9	25	3	13	2	9	6	19	8	11	12	9	-1	2	-2	18	17	0	8
	401.119995	-8	8	7	1	2	3	2	-4	3	1	10	0	-16	16	-4	-3	-1	-12	19	1	19	-12	-10	-10	-5	-4	14	-1	-3	2	5	-3	-11	18	1	8	2	7	4	-2	11	1	11	7	12	4	31	22	3	-5	4	10	8	-2	7	-8	-13	0	13	11	0	-12	-5	-3	0	1	19	8	9	7	11	13	18	5	-2	-3	17	-1	20	24	9	12
	402.316406	-12	3	-13	-5	1	20	13	33	10	5	13	2	22	23	1	13	11	-2	10	-2	9	37	10	30	10	-5	3	23	1	4	11	3	12	15	-1	12	-13	8	11	-4	3	17	21	-9	18	4	16	9	8	3	0	-9	-4	11	10	7	2	16	-1	11	-3	13	9	16	2	10	22	4	9	4	2	9	8	2	14	12	19	3	9	17	9	17
	403.513306	-16	8	6	-8	8	-2	1	13	0	17	15	-8	20	-3	-2	-4	17	4	-10	8	15	-7	6	-2	17	4	-3	0	9	10	-9	8	0	12	11	0	3	-6	-8	12	0	-1	-7	-11	10	4	5	12	15	9	8	9	13	-3	11	22	-11	11	7	5	-8	-2	2	-1	16	7	13	7	5	2	-6	11	11	28	22	3	13	3	8	20	7	25
	404.710602	12	19	-4	6	6	5	0	1	13	12	1	1	15	9	4	5	4	9	5	8	1	-1	18	5	5	8	12	12	-5	11	14	2	-9	9	21	6	14	-12	16	8	12	1	8	15	4	1	11	21	10	5	-3	-10	-3	-8	8	11	11	5	-17	-3	-4	15	10	8	12	-8	12	-4	2	8	4	13	14	19	9	3	23	10	30	-14	7	4
	405.908508	3	14	-5	7	21	6	10	-3	10	16	6	39	14	36	4	7	-4	4	0	-17	8	-1	10	2	4	-3	7	11	8	0	6	-9	1	11	-2	-4	0	2	10	2	18	3	19	3	12	20	6	9	8	7	11	-4	8	0	0	-11	6	7	18	-1	0	10	6	2	5	-1	7	18	12	22	16	-5	11	0	9	17	7	17	36	7	10	-10
	407.106812	15	-6	-3	15	13	9	4	20	6	27	23	18	24	13	1	6	-4	0	9	9	14	-5	-6	-1	7	16	-2	3	1	-11	9	0	20	17	7	10	4	5	9	-5	8	0	13	9	9	22	6	18	9	5	12	0	6	22	2	9	4	8	8	-3	-3	17	7	5	15	2	7	6	14	3	22	9	12	14	9	23	29	20	27	19	18	17
	408.305603	8	4	15	7	14	11	2	19	18	24	15	19	31	9	4	4	-7	-9	-5	10	8	-20	-1	-5	-10	9	14	13	25	6	-12	-8	7	14	3	16	11	15	18	2	23	5	13	-1	-19	16	11	14	21	14	6	10	1	9	-5	9	0	11	13	-3	12	-1	1	18	17	7	13	-3	14	13	19	8	7	28	10	-2	11	19	28	16	16	21
	409.504913	13	17	17	19	15	9	4	13	-3	21	16	7	9	21	12	-2	-8	6	8	17	-8	26	29	12	27	15	11	-1	6	0	23	10	3	-5	-10	16	3	6	6	3	-6	7	-6	17	17	8	3	16	17	5	13	5	-1	2	1	-5	16	10	10	-3	11	16	1	0	-11	-2	2	-3	2	1	-1	-1	6	18	27	9	-1	38	11	5	3	11
	410.704712	-7	2	15	22	21	1	-5	21	17	16	15	11	23	12	26	17	29	-2	16	25	11	7	5	-8	4	-1	1	9	6	7	7	8	5	15	9	20	16	15	17	2	6	15	6	-14	16	15	14	5	-2	17	5	2	10	4	21	12	6	5	19	8	0	34	7	-3	17	4	29	4	24	15	11	4	16	11	12	-6	13	-3	14	12	9	15
	411.904907	9	14	9	4	-3	12	12	25	-8	4	10	4	8	7	17	19	10	17	19	2	3	-4	2	-4	-9	4	4	0	10	0	7	-7	-3	-2	0	15	18	14	15	-4	-4	-6	9	-10	13	13	12	17	11	-3	20	12	11	11	7	11	2	-2	4	0	25	14	31	26	5	17	8	9	10	4	7	3	2	20	-4	22	17	24	32	4	8	-1
	413.105591	5	10	-7	15	10	14	19	24	14	16	3	9	9	10	16	11	6	0	4	2	9	5	14	3	-4	8	26	15	6	-2	7	3	17	13	17	17	17	18	14	2	11	5	7	27	16	9	7	11	4	7	12	-2	23	14	8	4	21	13	10	1	10	-10	-1	7	31	8	24	18	15	20	3	8	26	16	17	15	26	23	29	2	8	16
	414.306793	14	-4	-13	9	31	5	9	9	16	29	13	18	22	5	-12	-8	-4	-10	21	-7	12	8	9	6	4	11	12	-4	3	-9	21	8	10	10	0	2	6	24	17	-1	0	-1	16	12	20	20	17	12	28	8	4	5	20	10	14	6	8	10	16	10	10	17	18	4	16	12	16	22	10	17	26	16	10	20	17	17	33	27	25	15	21	15
	415.508514	0	10	18	2	19	5	5	5	3	8	19	19	18	16	0	7	9	-2	-3	7	17	13	6	1	-6	-1	10	5	15	5	10	3	20	8	-5	16	12	17	6	6	9	-1	3	9	-1	38	6	9	11	12	-12	1	25	23	-4	19	2	25	9	15	28	17	-3	-6	16	8	4	22	13	8	14	-6	6	38	21	13	17	4	31	4	-6	-2
	416.710602	0	20	22	11	38	1	13	30	12	26	25	7	20	18	3	0	22	17	-8	10	8	2	19	10	13	0	15	5	2	6	27	4	24	5	5	18	8	37	6	1	4	6	1	1	19	20	9	14	13	16	0	-5	30	-2	6	4	13	17	18	7	9	16	11	27	9	12	18	14	13	-4	15	12	17	44	9	11	22	21	9	8	16	23
	417.9133	5	25	16	7	30	14	-12	21	9	17	21	2	23	13	4	4	30	20	18	9	17	3	3	0	-7	-1	-1	4	5	-1	6	10	10	6	13	22	25	9	21	1	12	6	17	12	18	40	16	19	14	-12	24	21	8	10	-4	25	21	19	3	21	22	-14	2	13	3	13	20	17	16	17	4	7	22	26	9	29	14	8	27	-3	18	15
	419.116394	19	10	33	0	35	7	14	23	27	12	10	21	18	6	-14	0	12	11	18	10	6	20	19	17	5	5	21	11	4	-7	1	-5	16	0	16	12	22	19	10	7	18	9	9	5	7	20	22	28	20	0	22	20	32	7	14	-12	18	6	14	20	12	2	18	7	3	14	9	12	13	1	29	5	-4	30	20	31	12	21	26	0	20	7
	420.320007	9	23	-1	14	17	14	16	11	31	19	23	43	12	20	-3	7	2	2	-4	10	0	19	36	24	26	14	13	10	1	2	17	4	10	5	21	36	20	28	19	10	6	14	14	0	9	19	11	21	10	18	27	26	21	19	7	18	21	4	25	12	10	7	28	-8	3	6	27	9	11	11	20	7	17	31	14	19	36	27	44	23	16	21
	421.524109	7	24	5	11	31	14	4	29	19	25	15	35	46	31	6	11	20	5	26	20	18	6	24	22	3	9	10	30	10	12	20	18	-1	13	17	12	11	26	22	0	-3	3	9	10	15	23	11	4	7	11	8	27	22	15	10	12	15	0	18	10	15	21	29	23	10	6	5	6	14	6	12	23	25	48	21	36	18	25	53	3	31	14
	422.728607	21	11	22	10	31	7	10	16	36	9	23	29	46	16	15	11	13	8	10	17	15	17	16	15	5	15	8	12	7	-2	24	3	7	16	4	2	41	47	18	8	4	14	6	-6	-1	35	6	41	16	17	13	18	3	12	17	9	15	34	14	14	39	9	21	11	26	9	17	20	13	24	12	6	0	28	37	43	22	36	51	26	36	38
	423.933685	23	20	14	14	38	9	-2	22	24	13	36	18	25	30	9	14	14	5	26	12	11	23	6	9	7	19	27	6	10	11	15	14	10	4	13	6	2	36	12	12	4	13	14	25	26	29	16	35	-2	17	12	21	9	18	41	19	28	17	24	8	10	30	10	12	22	16	14	17	18	28	12	15	26	26	23	37	18	35	74	18	25	36
	425.139191	15	36	19	17	54	9	27	49	59	31	-4	17	23	23	43	22	18	2	30	10	16	24	9	30	17	13	-11	-1	21	10	11	12	3	12	9	43	27	30	4	-3	23	9	6	7	27	41	36	43	19	13	32	21	10	9	21	23	9	24	7	22	29	19	14	22	18	2	21	19	27	24	11	19	24	53	27	41	41	41	90	9	44	11
	426.345215	26	27	17	19	37	15	30	53	32	18	18	44	46	23	15	34	39	17	21	21	20	18	16	19	12	13	11	18	11	6	22	29	13	22	18	31	23	29	27	7	13	6	19	16	22	36	44	54	31	3	11	19	15	35	20	27	12	18	36	40	48	5	17	10	13	9	42	17	35	12	4	29	21	73	35	46	37	66	99	33	46	18
	427.551697	15	24	29	20	41	27	10	35	68	41	23	40	39	36	53	33	44	28	27	34	21	25	25	30	15	27	9	8	22	9	15	23	12	36	17	33	63	41	24	15	29	24	-3	13	52	47	39	45	36	15	18	32	30	20	32	24	22	31	33	24	49	20	24	16	11	20	38	34	44	37	35	13	24	84	50	47	20	58	108	27	52	40
	428.758606	20	46	36	11	51	12	40	56	62	58	49	45	61	50	50	31	38	25	47	34	32	30	35	33	21	17	19	8	22	16	4	18	24	27	14	32	36	61	25	9	16	18	2	12	34	63	40	61	31	20	17	26	33	25	37	34	34	19	45	35	34	22	30	25	30	26	32	32	51	19	30	13	36	76	85	76	22	100	143	36	51	31
	429.966095	42	70	42	14	62	23	28	74	95	54	60	74	103	83	33	41	22	40	14	44	39	48	33	32	25	16	22	18	25	28	21	16	7	46	38	77	80	82	34	12	32	27	32	36	48	98	42	93	38	42	58	47	32	41	46	62	49	47	45	33	65	45	25	42	41	68	48	47	44	62	33	25	36	117	71	95	46	105	177	52	66	72
	431.174011	42	93	65	36	110	24	41	102	99	75	90	75	113	109	67	64	51	44	56	61	44	48	59	44	41	46	16	36	49	40	32	18	30	53	68	69	65	79	69	12	30	26	17	13	51	127	41	132	64	21	48	62	35	42	58	42	51	40	43	61	55	51	57	59	44	60	85	58	79	44	42	56	44	149	112	142	86	142	222	27	94	52
	432.382385	53	98	49	53	122	35	56	146	115	130	97	138	155	144	74	67	88	42	75	39	69	62	58	67	37	38	37	52	60	44	48	45	51	50	88	85	118	121	69	52	31	31	21	46	104	149	80	181	69	45	76	72	53	71	68	79	80	61	78	79	107	58	50	64	94	72	72	76	86	68	48	59	36	147	133	169	93	207	305	67	118	92
	433.591309	73	153	74	41	187	52	64	162	130	154	106	177	256	136	99	107	120	77	95	77	77	87	86	82	59	61	38	58	47	63	26	46	23	114	88	132	123	169	79	24	34	33	18	39	111	196	116	201	119	69	92	91	58	84	78	81	105	58	97	91	133	60	81	80	95	91	115	86	107	59	71	66	63	207	174	214	113	256	402	91	143	134
	434.800598	84	197	116	84	189	71	105	196	185	175	159	199	292	188	109	95	153	117	131	100	88	84	92	113	63	43	52	59	85	70	69	63	57	94	104	112	164	182	101	54	51	60	49	39	152	222	124	256	130	83	122	98	81	127	115	95	119	124	130	127	203	55	71	92	101	124	167	135	135	89	77	86	76	322	245	279	155	314	516	141	198	199
	436.010498	114	252	142	87	255	112	138	249	255	223	209	253	422	248	131	119	188	135	140	132	133	124	129	148	87	65	67	68	83	88	78	93	93	138	176	164	229	239	105	58	77	67	52	72	167	304	181	365	176	82	175	155	127	149	143	125	158	133	127	148	268	91	127	130	126	118	185	159	206	116	69	104	102	410	279	370	181	434	751	168	232	250
	437.220795	152	310	187	116	328	93	180	310	329	282	279	334	531	314	153	156	211	165	194	162	160	138	152	187	104	92	79	93	89	115	97	97	96	168	180	201	318	300	201	80	101	103	99	87	213	408	199	426	245	102	188	189	163	202	190	170	209	146	185	200	312	122	127	166	139	174	237	202	230	151	147	156	123	485	387	510	271	549	950	171	238	295
	438.43161	198	357	229	130	389	148	188	418	351	343	289	389	619	354	224	200	228	220	200	165	198	149	185	243	149	119	114	107	126	103	120	115	100	210	230	262	369	393	208	101	94	106	62	67	266	440	254	543	279	140	244	221	199	208	214	255	224	181	208	197	405	131	154	202	193	210	289	278	289	156	147	164	183	584	459	615	317	664	1152	216	332	366
	439.642914	188	422	263	136	434	159	189	482	363	392	361	487	772	387	207	259	286	221	260	224	221	221	201	261	149	108	118	142	114	113	149	100	108	228	241	262	400	448	243	110	122	75	106	89	299	492	253	650	320	178	303	236	190	241	251	240	282	203	264	304	434	151	196	252	209	206	364	251	325	204	176	171	154	682	536	703	349	821	1329	262	311	409
	440.854614	219	450	325	165	495	175	262	534	455	394	391	514	875	442	212	267	279	251	286	254	204	137	188	273	137	157	130	121	160	117	189	124	102	258	242	308	451	477	269	110	160	119	102	121	345	536	312	716	416	171	321	248	217	251	242	269	308	225	277	308	443	147	185	270	240	263	379	290	297	198	195	189	167	732	632	786	432	883	1557	258	379	474
	442.066895	250	453	352	167	498	198	234	550	460	451	418	552	874	480	224	305	284	232	281	269	220	211	236	289	168	160	132	138	153	143	136	151	142	278	256	338	484	487	316	134	136	146	112	125	341	607	323	785	393	175	343	317	197	277	280	277	349	270	255	321	534	192	234	281	226	263	434	351	391	285	245	217	185	820	664	866	439	920	1637	319	404	472
	443.279602	256	499	368	164	474	196	249	676	418	444	417	601	1037	478	277	279	329	308	291	255	247	246	266	332	188	124	122	152	141	151	192	164	136	289	304	359	511	431	278	129	133	149	114	135	364	627	325	752	419	188	393	344	227	311	316	359	367	270	289	332	572	195	232	295	262	297	460	326	357	226	224	240	189	816	695	922	429	947	1718	331	403	536
	444.492798	271	526	396	159	527	208	247	713	465	482	452	599	1032	482	286	284	348	291	296	275	256	230	220	320	185	123	109	122	137	154	184	171	152	319	271	371	490	504	377	150	155	151	117	169	401	612	322	780	442	188	381	321	259	303	320	333	358	268	257	320	565	196	226	295	276	298	519	342	395	270	273	267	187	872	753	973	427	933	1723	414	373	557
	445.706512	273	509	388	173	508	179	231	794	464	478	521	657	1165	541	295	290	322	274	309	283	265	253	266	332	177	158	148	134	151	165	190	175	179	340	299	385	528	458	331	124	140	132	115	161	415	628	336	798	493	198	352	326	258	337	332	338	376	280	316	383	546	209	266	315	300	333	543	408	363	298	253	264	166	865	795	983	421	991	1874	365	441	559
	446.920685	255	591	376	168	531	216	264	757	464	484	541	637	1191	561	309	316	403	312	317	272	298	259	288	344	184	143	138	143	165	158	198	151	195	274	293	417	536	517	332	145	156	120	137	160	444	618	333	819	475	210	395	365	256	330	311	367	380	293	281	359	601	182	269	358	318	334	621	402	411	288	295	264	215	972	718	1028	459	996	1842	355	400	592
	448.135315	276	599	408	211	561	235	245	826	456	480	495	664	1306	526	302	287	331	293	352	269	310	236	257	328	181	153	135	149	166	162	181	180	168	314	342	388	577	598	353	149	147	147	159	150	387	635	320	773	516	206	397	347	267	351	344	369	418	293	334	383	559	221	287	376	313	328	658	424	349	312	297	247	208	989	802	1077	481	1073	1979	390	401	572
	449.350403	290	603	426	162	565	219	308	942	484	537	541	735	1429	519	275	313	360	298	320	325	298	249	262	424	188	121	152	136	158	135	189	187	157	326	309	399	583	539	369	142	158	158	155	174	441	575	382	814	501	210	442	354	260	348	316	379	392	356	364	429	567	238	298	369	351	314	677	409	443	298	298	261	232	1002	869	1072	465	1049	1961	388	476	641
	450.56601	304	605	435	210	589	247	284	949	489	492	543	731	1580	602	311	343	415	333	323	331	276	275	290	374	180	164	134	131	141	140	219	170	173	325	286	426	627	578	377	162	154	141	155	155	458	613	363	841	483	199	447	349	255	385	401	400	483	330	307	423	653	200	297	366	337	333	752	460	432	323	328	271	259	1018	908	1203	462	1065	1995	459	459	665
	451.782104	311	645	488	205	556	225	287	1004	452	553	609	770	1634	605	335	364	444	387	346	336	333	252	257	370	178	160	115	136	145	161	216	184	210	289	348	414	634	598	347	178	137	136	138	122	465	616	349	888	525	256	449	408	302	387	360	418	452	334	266	465	663	205	315	325	320	366	763	404	408	318	349	310	227	1055	892	1199	490	1029	2080	449	451	735
	452.998596	285	641	469	200	578	242	327	1117	499	536	613	748	1634	601	316	355	463	323	371	358	303	228	256	404	184	154	144	138	151	162	204	195	160	344	332	403	616	571	365	169	162	136	150	139	455	615	360	851	587	214	438	401	282	374	404	420	461	357	361	397	640	248	274	378	378	357	777	446	440	355	371	350	267	1000	915	1169	433	1051	2128	450	460	732
	454.215698	310	654	499	182	597	244	336	1169	530	503	622	792	1788	606	368	343	444	348	384	349	333	275	257	392	180	147	128	128	157	162	245	214	163	380	321	431	620	621	371	146	163	142	162	182	491	611	380	930	591	239	479	401	276	442	454	447	518	391	300	395	631	225	320	364	420	381	771	453	440	354	384	336	237	1135	950	1203	471	1101	2120	511	447	699
	455.433197	337	698	532	247	627	216	317	1280	466	547	661	790	1931	657	350	341	435	414	373	367	297	241	255	440	176	168	156	110	146	146	235	191	155	385	303	419	647	634	389	170	177	157	183	147	499	642	408	892	589	265	474	413	314	397	441	416	561	384	360	379	676	221	302	432	375	362	868	466	444	367	351	315	259	1059	967	1363	541	1069	2200	487	454	741
	456.651215	349	733	511	229	670	284	368	1289	509	550	661	766	1960	650	355	353	508	391	391	368	348	253	264	485	171	177	129	117	157	151	214	211	158	383	356	407	653	666	424	156	189	161	178	178	481	586	422	919	620	266	535	440	310	423	433	469	505	398	349	490	685	259	340	457	441	410	940	454	449	386	406	332	255	1163	998	1378	503	1119	2292	508	502	726
	457.86969	359	710	539	248	641	286	368	1421	495	558	644	770	1926	693	359	386	506	367	389	392	346	230	261	445	199	169	165	132	156	152	249	200	166	336	358	485	647	659	429	159	177	122	170	170	454	659	411	882	614	220	499	384	320	420	517	444	578	384	369	484	677	271	327	441	433	450	1003	506	410	372	420	360	298	1139	1032	1301	544	1103	2325	516	513	784
	459.088593	377	762	535	241	641	279	337	1375	484	619	616	826	2021	657	375	364	499	407	351	370	315	249	264	409	202	151	136	143	157	143	233	222	195	357	377	438	699	662	406	192	162	169	161	142	490	627	395	853	615	232	468	464	337	474	472	425	535	423	359	456	678	267	322	398	430	450	952	507	400	383	410	380	285	1146	1047	1302	492	1127	2272	503	493	780
	460.308105	324	740	542	256	679	253	404	1452	515	621	627	833	2162	697	393	424	468	388	404	399	362	273	263	405	200	188	136	122	163	135	259	218	183	393	400	453	687	667	400	181	168	135	160	150	509	595	401	911	663	243	493	437	361	464	540	471	623	422	374	457	678	236	360	451	425	447	1085	513	462	402	433	381	262	1140	1056	1336	464	1079	2267	545	547	808
	461.528015	395	843	568	273	689	256	370	1592	505	587	670	805	2334	747	388	417	507	360	373	368	314	242	264	443	226	151	146	137	162	124	245	210	190	427	416	458	719	668	456	185	150	148	163	163	454	579	365	924	630	234	552	406	333	449	487	537	585	459	370	474	696	241	399	443	462	433	1161	556	450	396	434	376	300	1220	1076	1369	493	1070	2283	572	547	860
	462.748413	351	829	578	266	674	265	367	1602	474	622	654	804	2311	698	418	379	570	382	382	374	350	233	252	405	210	148	144	158	145	142	281	232	183	382	433	466	698	660	483	178	176	151	161	182	499	614	432	957	635	282	499	426	356	455	521	530	645	436	372	428	675	293	392	461	431	474	1165	509	475	453	502	413	310	1175	1099	1349	518	1065	2310	543	560	812
	463.969299	348	838	570	237	693	292	358	1603	512	617	714	795	2343	717	408	444	558	415	340	370	399	239	259	447	205	159	141	182	149	162	243	192	182	419	450	480	735	640	426	163	196	151	164	168	494	585	457	890	665	234	517	444	396	488	525	542	656	483	317	438	762	302	430	490	483	489	1284	599	461	393	462	418	316	1162	1148	1445	466	1071	2365	601	592	819
	465.190613	357	857	574	279	651	291	427	1715	502	611	729	823	2406	739	430	438	569	382	378	402	381	255	275	450	203	158	162	157	164	162	246	213	184	447	428	473	715	660	439	208	161	108	187	161	512	591	428	892	667	262	533	420	359	465	579	590	622	440	357	514	698	301	409	529	527	509	1260	615	528	463	494	428	317	1163	1177	1482	528	1084	2338	627	557	883
	466.412506	373	908	690	285	672	287	453	1738	524	652	701	805	2478	786	458	443	593	374	432	422	380	265	276	427	234	161	157	150	142	149	260	201	180	487	428	438	753	617	434	180	162	147	183	172	503	584	410	954	682	266	555	428	351	505	495	555	633	446	382	495	661	295	406	504	555	557	1340	688	503	446	516	452	299	1198	1166	1487	538	1019	2322	645	566	869
	467.634796	428	896	677	256	723	362	415	1757	507	632	686	823	2576	804	466	458	613	407	460	408	360	258	254	441	247	173	178	184	172	159	240	203	215	462	447	444	766	696	413	189	192	135	174	168	522	567	423	929	714	235	500	456	354	451	559	559	629	506	372	503	766	313	456	538	557	606	1416	661	549	481	551	461	344	1179	1275	1416	501	1023	2351	637	591	907
	468.857605	416	913	703	275	814	268	434	1839	516	624	702	796	2728	796	499	478	611	420	449	445	366	248	297	411	231	175	163	180	183	163	255	249	204	436	409	477	718	639	467	182	205	156	188	188	506	575	459	897	717	254	533	454	396	473	582	624	687	455	404	548	713	312	458	532	604	565	1452	705	573	527	533	499	322	1118	1304	1476	502	1088	2297	682	599	862
	470.080902	429	926	641	275	752	301	468	1968	530	675	720	840	2621	751	493	449	650	479	481	438	419	284	259	425	207	169	170	154	161	160	291	207	175	477	481	503	779	735	476	183	170	148	161	181	498	549	466	926	689	273	521	436	377	495	549	614	743	541	349	513	751	321	464	550	577	640	1504	689	572	501	603	481	330	1231	1270	1495	507	1092	2347	668	637	841
	471.304596	439	896	616	312	698	293	485	2015	512	636	725	811	2665	864	502	514	664	455	422	394	409	237	252	389	207	169	157	132	153	175	243	218	181	472	458	460	723	709	488	186	178	166	190	179	508	559	451	936	698	276	567	432	379	584	587	618	709	503	400	501	769	307	478	561	635	616	1579	689	604	525	590	473	370	1169	1236	1592	491	1035	2299	685	651	992
	472.5289	418	923	638	311	762	316	471	2005	485	704	790	792	2676	847	492	497	637	438	474	422	406	226	255	363	196	144	165	165	143	139	263	213	171	486	468	479	717	703	468	187	145	165	156	172	529	552	452	901	687	254	622	450	378	548	595	615	692	455	452	509	715	364	450	596	653	658	1625	689	588	489	582	501	372	1207	1253	1505	498	1076	2198	745	706	918
	473.753601	465	1004	705	286	742	315	483	2033	495	689	695	865	2722	788	511	506	631	433	475	432	368	227	241	389	213	173	152	139	155	150	249	173	169	509	453	477	687	717	464	172	186	135	190	160	489	538	465	903	648	247	622	446	408	522	591	598	685	547	365	535	763	337	487	555	651	649	1703	735	575	509	684	526	328	1191	1263	1533	444	1055	2289	759	666	967
	474.97879	435	900	728	318	756	354	457	1962	483	714	650	758	2616	800	531	465	656	444	464	450	402	208	214	388	223	144	162	134	181	157	253	245	182	554	520	472	656	679	489	176	174	159	147	177	478	517	456	917	691	285	560	413	418	464	581	624	720	517	393	525	720	374	446	613	669	676	1709	780	608	530	624	507	350	1228	1293	1678	447	991	2242	713	641	932
	476.204498	463	925	725	291	792	356	493	2038	437	698	638	800	2509	822	539	525	614	446	445	457	374	250	253	411	207	208	164	128	170	140	286	210	182	481	462	493	750	706	475	178	197	161	181	165	515	550	451	911	727	279	568	407	415	497	591	678	782	461	407	531	795	382	497	687	684	707	1640	746	596	580	697	545	368	1215	1214	1539	500	971	2209	820	701	922
	477.430695	427	946	728	295	782	358	531	1949	499	645	600	795	2493	805	565	480	647	386	420	424	360	229	212	378	220	125	164	166	147	189	211	229	174	467	497	437	679	708	438	163	167	160	156	161	510	516	441	812	697	273	576	398	377	519	623	673	728	493	359	540	749	355	508	658	702	730	1784	755	610	570	697	553	333	1127	1224	1520	459	938	2160	781	647	912
	478.657288	419	957	682	307	699	381	543	1896	457	699	651	764	2393	796	516	555	660	409	447	419	379	234	204	376	250	158	146	124	132	160	249	217	179	504	477	407	697	717	482	172	191	126	196	150	458	442	428	853	638	259	585	410	379	528	595	642	709	520	345	496	747	360	517	641	761	724	1730	772	631	570	727	642	374	1100	1206	1530	418	945	2074	822	675	853
	479.884399	454	915	706	277	737	306	511	1919	456	693	652	698	2290	851	525	510	642	475	426	461	351	198	197	346	220	179	156	153	163	162	239	233	174	520	478	388	644	643	494	201	155	127	205	164	472	439	428	802	685	231	561	379	377	465	556	641	714	488	365	552	777	380	498	698	759	773	1862	771	643	607	729	529	377	1127	1181	1453	431	881	1964	770	635	885
	481.112	417	904	725	278	713	326	501	1856	469	671	655	718	2284	789	490	488	600	436	432	441	362	183	199	305	221	138	146	135	151	151	257	206	158	501	509	391	608	642	476	170	168	146	181	176	483	455	432	773	645	246	490	423	386	500	602	653	742	456	362	516	733	377	552	735	753	817	1926	774	665	574	758	552	374	1061	1212	1525	429	839	1900	831	594	881
	482.340088	406	978	704	283	685	345	547	1815	479	680	655	683	2257	767	553	523	675	420	397	416	399	186	183	333	228	145	136	153	135	135	235	211	172	490	472	425	593	617	489	152	172	140	165	212	513	417	399	775	654	218	502	372	391	471	564	642	689	474	373	513	738	329	522	765	822	762	1863	780	700	570	789	612	406	1090	1192	1375	400	816	1845	849	636	835
	483.568695	388	899	691	282	701	309	517	1756	434	676	591	665	2195	736	573	492	648	398	419	447	351	181	201	279	202	140	145	141	145	121	249	205	160	496	487	341	596	659	507	163	173	111	160	186	522	408	436	765	663	239	530	401	401	471	566	639	691	518	334	452	751	401	581	805	830	849	1864	756	733	682	813	613	383	1045	1144	1383	391	746	1815	837	705	884
	484.797699	384	945	689	276	733	311	496	1688	437	631	600	635	2107	720	501	479	581	397	387	403	337	178	205	330	210	141	149	157	115	121	233	227	170	534	461	351	571	635	508	164	178	142	182	195	470	415	463	662	618	226	491	334	364	465	560	696	685	461	340	472	681	378	547	738	774	867	1956	773	682	679	829	648	386	1045	1157	1325	354	758	1723	860	671	887
	486.027191	403	918	741	282	646	316	528	1669	428	622	602	628	2042	749	490	507	587	394	439	393	352	166	166	280	184	134	154	137	133	135	219	197	152	482	419	373	597	638	481	177	163	139	163	182	503	426	478	715	653	234	495	326	376	425	555	709	685	465	310	460	735	399	562	809	877	856	2012	824	746	744	885	640	409	994	1066	1296	369	735	1649	853	740	853
	487.257202	365	852	715	260	655	317	527	1644	447	599	521	599	1921	723	499	523	575	411	421	375	337	169	147	288	191	141	152	146	146	144	213	178	152	454	463	308	539	601	511	146	162	150	184	170	430	344	446	722	611	238	449	336	411	501	581	659	695	377	340	442	695	386	561	869	854	946	2002	840	734	665	891	639	379	961	1133	1324	368	771	1641	874	819	964
	488.487701	401	857	688	292	618	317	501	1610	385	636	576	639	1872	728	521	501	573	412	375	381	315	162	167	263	197	143	168	141	127	143	196	220	172	463	437	312	452	632	507	150	166	142	183	200	494	418	454	664	649	255	476	336	364	451	547	689	697	431	312	518	740	453	565	887	927	1054	2047	860	763	742	930	654	438	946	1059	1312	402	703	1593	910	719	960
	489.718597	414	841	717	257	581	307	524	1488	385	543	517	569	1750	702	525	491	577	398	394	384	332	166	156	253	187	143	163	137	105	145	197	210	147	469	440	316	490	541	517	156	170	123	160	191	467	407	460	721	603	229	485	356	417	449	565	595	729	483	319	454	756	441	574	924	958	1017	2091	867	771	800	887	688	429	875	1050	1307	337	761	1566	931	768	985
	490.950104	397	922	705	297	584	307	512	1505	425	621	543	632	1723	729	518	551	566	350	384	370	295	132	144	221	177	140	163	160	132	117	197	214	169	466	441	293	484	546	505	151	159	125	179	188	417	399	475	731	608	234	415	331	379	391	497	643	630	428	341	453	731	456	564	953	973	1102	2176	894	770	813	939	779	449	933	1033	1208	363	679	1525	995	867	970
	492.182007	369	782	674	250	548	309	490	1458	384	533	503	526	1664	700	521	521	522	386	369	366	315	137	119	211	187	148	148	147	132	149	190	183	148	453	432	312	439	566	510	152	164	152	175	144	370	417	438	644	614	217	440	324	386	410	516	646	607	411	278	460	730	392	597	1003	973	1064	2262	945	760	769	965	770	469	879	1032	1207	370	684	1458	938	803	896
	493.414398	371	809	673	246	586	337	501	1335	394	549	507	540	1566	702	522	501	508	343	364	366	296	146	143	216	171	133	135	153	114	148	182	208	138	456	457	306	390	552	536	170	168	137	177	172	355	368	442	674	575	224	464	334	370	449	521	669	638	406	301	463	690	455	561	1018	984	1167	2171	857	919	829	1057	719	461	865	992	1133	291	656	1377	952	806	939
	494.647308	322	764	666	238	525	331	535	1305	383	514	458	595	1497	622	544	536	521	370	346	309	266	146	131	189	177	125	126	143	112	98	181	199	141	466	435	266	339	482	488	138	152	123	176	174	404	319	431	632	527	227	434	308	339	400	490	671	637	394	313	429	639	419	591	998	1039	1228	2151	909	847	846	986	767	436	829	977	1164	349	609	1343	899	782	903
	495.880615	335	772	692	212	489	277	449	1254	362	526	451	534	1424	606	541	461	501	356	317	296	275	121	155	235	174	124	120	133	86	102	165	163	144	433	407	246	359	484	507	141	162	157	155	179	380	344	414	624	538	196	400	274	343	399	485	684	625	367	307	461	649	433	550	1024	1036	1131	2116	923	860	801	1034	783	428	783	929	1143	346	548	1346	917	794	874
	497.114502	322	711	662	258	468	336	558	1259	383	520	406	492	1320	577	511	527	478	314	339	301	289	119	119	185	181	90	119	134	116	116	176	156	131	410	402	243	326	471	563	137	138	143	155	163	374	319	438	643	583	201	417	283	319	402	453	714	567	336	318	439	626	444	553	1066	1019	1193	2140	943	875	803	1028	800	413	760	948	1112	338	556	1188	897	748	833
	498.348785	304	725	667	221	500	302	487	1149	366	465	386	487	1306	569	487	461	484	342	307	283	265	111	108	166	168	120	148	137	102	105	169	191	92	401	430	259	334	500	545	124	158	159	179	136	411	324	441	629	521	200	390	249	389	366	432	632	622	351	278	436	617	448	572	1061	1015	1167	2062	901	857	841	1072	770	462	823	900	1098	308	519	1098	838	769	769
	499.583588	297	684	648	257	449	330	488	1144	364	463	394	524	1339	564	476	501	462	300	356	304	261	123	146	169	186	126	125	118	88	90	167	129	117	410	399	220	305	468	530	131	156	134	172	175	340	345	454	580	517	212	374	281	350	356	486	638	609	342	311	446	653	498	579	1137	1057	1210	2169	870	902	851	1135	881	432	848	887	1104	313	537	1183	828	747	811
	500.818909	285	654	628	228	449	281	524	1097	361	464	399	465	1194	573	477	456	424	350	283	299	253	90	96	141	160	135	127	127	104	109	168	150	102	396	346	262	311	466	482	145	174	134	164	152	408	334	451	637	509	190	367	263	314	348	467	630	583	337	286	421	648	508	538	1151	1102	1214	2054	911	924	839	1048	876	386	733	859	1092	325	514	1143	897	714	763
	502.054596	309	666	621	230	431	262	519	1042	330	415	375	451	1220	563	558	465	479	331	258	287	245	105	113	158	150	119	110	118	90	116	159	154	108	391	368	197	277	440	531	155	127	150	165	166	381	321	459	548	514	210	398	262	308	333	470	676	580	327	264	450	633	440	592	1143	1108	1262	2120	936	826	920	1095	935	458	770	917	1075	315	527	1057	847	750	698
	503.290894	304	664	660	195	411	304	511	996	362	446	385	423	1157	531	465	475	470	333	305	270	231	90	107	152	160	107	99	118	92	103	203	150	116	433	405	257	327	442	546	132	142	151	172	151	422	296	470	575	502	174	403	242	344	363	457	680	539	353	309	475	662	518	599	1244	1162	1263	2227	926	919	844	1157	911	472	791	911	1103	285	482	978	878	739	718
	504.527588	287	651	656	206	468	264	514	995	305	462	382	452	1207	542	444	463	428	305	304	258	248	109	124	152	172	109	123	120	119	106	110	150	147	422	392	225	329	446	550	152	156	119	140	149	416	366	475	503	503	211	391	259	301	360	451	622	543	330	335	456	663	534	630	1186	1154	1344	2256	914	956	874	1169	971	454	743	836	1143	314	500	958	850	776	723
	505.764801	285	586	678	232	413	325	506	994	353	489	356	453	1109	536	522	450	425	284	339	252	245	111	91	166	156	102	91	118	109	116	181	144	123	366	363	227	270	397	529	121	121	108	164	163	448	344	440	544	474	195	376	271	309	345	429	685	563	329	270	450	734	510	638	1258	1158	1353	2133	935	944	874	1164	967	505	733	858	1050	294	493	1022	869	691	701
	507.002502	282	574	628	221	435	289	501	980	340	417	349	399	1061	545	482	450	432	296	270	260	252	128	128	171	171	108	113	113	119	105	139	143	139	378	329	210	277	414	514	145	144	143	169	138	380	327	434	483	492	186	360	218	348	356	425	587	507	301	296	441	658	530	629	1268	1233	1427	2095	981	941	962	1190	947	479	702	839	964	279	474	973	850	735	710
	508.240601	271	580	604	209	453	304	520	949	352	415	342	416	1001	510	472	449	423	268	299	256	243	98	118	130	140	89	91	110	104	122	157	150	107	408	303	209	291	439	534	145	136	144	164	199	365	325	406	515	446	188	366	240	308	295	444	623	531	264	264	473	682	514	672	1280	1179	1485	2207	963	975	973	1231	975	468	670	836	972	275	468	854	918	713	798
	509.479309	265	540	575	219	385	318	473	932	299	422	357	409	950	505	455	512	433	283	299	258	263	132	109	143	136	74	103	109	111	125	199	149	112	384	336	222	273	373	589	128	115	131	160	171	447	281	373	461	461	177	324	212	250	323	440	595	524	275	264	432	699	514	607	1315	1203	1420	2231	861	981	1016	1192	946	457	688	760	1031	297	449	870	838	710	704
	510.718414	251	489	573	202	396	282	523	860	306	410	325	410	882	437	479	500	455	267	257	234	248	109	106	141	156	110	103	108	118	93	140	126	104	340	320	173	257	347	542	104	137	129	163	164	413	307	373	478	413	144	345	217	311	300	424	583	520	252	280	408	745	511	585	1356	1193	1346	2255	881	1051	999	1251	979	472	688	731	879	254	396	774	814	701	763
	511.958008	223	523	589	205	356	285	463	864	289	383	328	394	849	462	501	460	403	272	296	244	226	83	111	146	133	92	76	91	106	95	142	139	108	330	319	183	266	366	549	139	151	123	149	179	423	286	411	462	416	174	345	223	291	278	387	644	469	263	249	413	740	536	631	1408	1191	1372	2218	896	994	963	1309	1012	469	663	722	950	253	421	763	932	684	767
	513.19812	229	499	579	204	357	275	451	762	248	366	337	370	805	449	464	451	400	280	249	246	231	78	102	124	150	104	113	63	101	114	138	122	88	349	295	190	244	330	541	131	115	118	135	167	392	291	403	499	434	198	297	191	280	306	415	590	465	277	240	389	716	550	666	1403	1177	1461	2169	902	1013	941	1319	997	458	603	614	803	287	415	757	868	728	699
	514.438599	248	434	530	200	334	289	437	784	256	388	310	356	784	429	429	497	384	290	261	215	205	99	72	105	142	104	103	109	90	98	128	131	107	288	275	183	227	304	534	142	125	141	139	176	384	284	416	424	399	169	324	208	291	289	386	604	460	240	244	412	794	556	711	1405	1266	1592	2158	886	984	1009	1290	1062	492	599	654	870	288	411	709	862	785	784
	515.679688	226	448	543	184	293	254	464	723	268	360	319	421	707	468	530	492	402	275	270	227	253	96	104	111	135	100	74	76	99	88	115	138	103	265	266	163	253	308	527	144	115	179	155	168	316	241	337	451	355	172	309	222	259	260	379	499	439	250	201	373	806	607	695	1488	1189	1607	2138	879	962	985	1332	1098	463	562	676	759	229	347	645	920	712	782
	516.921204	189	439	529	169	303	214	445	739	261	361	288	395	649	408	438	445	372	263	274	220	214	119	85	127	135	99	113	89	107	91	108	111	100	276	218	164	209	283	517	133	114	119	156	171	370	239	378	444	360	156	287	189	223	260	338	561	368	207	287	343	773	620	694	1492	1292	1674	2075	947	911	1031	1309	1032	427	531	605	729	211	314	632	1029	717	731
	518.163208	227	406	484	154	276	238	439	676	284	357	278	342	666	403	438	448	366	266	251	188	211	106	85	129	127	77	76	89	104	104	135	115	96	237	208	129	198	260	499	137	114	122	144	160	312	300	381	409	339	172	264	176	231	274	336	482	389	238	231	392	792	605	728	1683	1348	1668	2059	926	859	1063	1334	1046	425	473	538	696	209	339	595	978	748	732
	519.405579	165	361	441	157	247	245	410	609	241	287	258	330	564	363	408	437	410	279	207	236	191	96	82	108	107	81	97	94	89	80	92	89	96	227	172	137	168	265	468	123	113	122	160	165	383	238	350	395	307	114	230	179	212	238	294	478	389	219	231	400	771	673	753	1692	1378	1756	2094	912	853	1032	1333	1090	404	500	492	709	187	315	504	915	749	726
	520.648621	175	299	408	106	226	235	405	651	221	307	285	314	522	352	408	440	379	245	201	191	214	105	107	108	107	89	118	89	102	108	103	90	103	177	195	113	201	271	444	129	71	135	158	181	347	249	389	345	309	142	277	146	164	244	281	471	343	198	195	395	785	637	717	1753	1390	1661	1939	893	863	1099	1383	1047	414	503	449	591	212	293	458	943	724	717
	521.89209	174	327	395	135	190	250	359	566	238	279	284	294	539	323	430	399	400	200	209	196	183	119	100	90	130	77	97	95	84	54	102	92	72	179	160	118	192	231	447	102	101	125	153	200	356	248	319	339	321	158	222	164	218	205	267	502	341	181	227	417	845	608	737	1611	1396	1716	2016	891	744	1147	1314	1147	425	437	432	548	195	250	416	920	674	756
	523.135986	149	324	406	117	211	237	352	487	233	282	242	255	463	342	384	404	395	221	210	174	192	81	104	138	87	81	89	113	94	74	100	95	100	191	160	125	184	212	454	108	108	131	121	151	372	250	289	305	296	131	211	126	191	208	276	454	325	204	237	400	864	662	758	1647	1423	1685	2017	862	873	1116	1291	1075	476	395	409	520	200	260	424	981	720	737
	524.380371	144	240	382	108	210	224	348	477	228	280	238	302	429	319	392	423	357	214	187	170	151	110	85	96	121	80	72	75	88	73	84	86	109	163	145	120	131	226	435	131	98	126	105	130	300	233	344	346	275	147	198	139	164	169	238	366	311	212	194	399	788	684	748	1769	1366	1738	2038	868	810	1127	1342	1128	472	368	416	550	182	221	383	905	643	695
	525.625305	134	273	345	148	190	217	366	467	225	244	197	267	432	295	323	417	347	204	228	170	174	92	117	107	112	85	88	74	66	72	111	103	81	161	141	115	124	196	363	108	113	133	133	161	308	230	365	328	249	140	175	108	182	224	212	405	265	194	230	387	882	693	770	1772	1438	1731	2138	876	860	1192	1337	1174	480	377	345	482	156	216	330	906	686	616
	526.870728	139	213	347	113	198	225	331	460	204	240	250	301	429	315	386	400	366	199	184	179	174	92	92	100	122	87	68	80	85	71	87	77	98	155	115	94	132	202	419	133	115	96	135	178	343	238	334	334	266	139	181	95	180	195	223	366	296	166	199	436	942	749	763	1878	1401	1797	2188	896	977	1239	1398	1241	489	362	341	504	197	211	308	888	643	663
	528.116516	130	225	344	131	201	206	339	421	213	249	237	295	414	292	376	380	370	212	196	178	146	95	98	96	108	115	65	79	85	64	87	97	85	136	101	137	139	195	426	150	118	126	130	173	376	216	328	291	241	137	177	150	166	205	252	367	297	177	231	477	903	737	764	1942	1462	1837	2179	886	1048	1248	1373	1234	470	369	328	517	176	228	335	865	680	654
	529.362793	153	218	344	140	162	220	335	465	245	223	240	284	439	315	367	404	383	205	144	143	178	106	107	108	94	72	83	79	96	80	119	100	97	162	139	127	157	195	427	143	103	123	142	199	368	211	342	294	277	130	181	122	174	199	262	394	283	182	210	482	919	749	873	1911	1487	1854	2231	923	1096	1277	1301	1261	503	328	354	517	172	192	304	924	668	680
	530.609619	172	181	383	111	180	223	328	436	256	296	287	320	466	304	354	365	329	215	192	209	166	111	117	120	96	82	75	85	92	81	99	81	72	162	149	110	152	166	436	128	124	151	140	197	356	206	329	319	283	127	194	125	173	217	245	401	295	206	297	486	1006	805	850	1912	1542	1944	2157	931	1192	1260	1393	1273	540	320	341	554	190	217	330	934	702	687
	531.856873	146	255	382	114	216	214	311	481	245	269	240	309	397	321	399	405	383	203	211	176	153	93	98	106	110	66	71	103	108	81	104	85	91	174	133	107	142	214	424	160	117	145	132	190	396	265	334	306	291	136	193	122	164	228	243	406	322	187	205	587	1058	785	858	2025	1453	1966	2179	917	1206	1359	1378	1307	581	374	360	570	200	205	310	951	709	705
	533.104614	144	230	320	153	183	241	345	563	255	263	281	313	444	310	381	418	412	225	205	184	157	121	110	127	109	90	109	95	74	71	87	94	101	152	150	107	142	211	515	158	126	131	173	182	412	270	389	349	277	188	187	128	211	235	260	423	269	228	259	554	1114	834	864	1925	1568	1975	2189	936	1335	1239	1303	1337	530	383	380	601	210	243	329	967	694	710
	534.352905	164	212	380	146	198	242	372	487	334	287	293	331	450	311	373	398	393	192	201	161	177	97	109	117	108	96	96	90	95	81	91	113	85	169	155	123	125	173	464	181	146	117	157	206	390	287	386	337	329	139	246	127	215	199	245	443	347	181	260	593	1179	916	901	2068	1499	2016	2241	972	1218	1255	1337	1375	498	381	381	609	234	217	317	916	687	695
	535.601624	181	233	387	174	214	240	354	507	279	308	252	357	500	320	392	455	390	196	196	159	165	113	76	115	108	102	97	117	99	81	100	91	87	157	148	122	153	219	511	187	131	156	148	177	428	263	361	363	263	192	243	168	196	270	275	450	359	232	298	607	1149	873	928	2140	1606	2036	2154	993	1284	1275	1319	1371	500	428	435	653	214	242	342	954	611	663
	536.85083	196	238	415	172	243	259	389	549	270	282	283	368	509	325	435	472	441	222	203	191	159	119	115	117	127	105	113	111	93	84	104	117	106	179	151	130	137	237	522	185	158	165	171	210	476	282	456	381	340	206	249	174	214	253	308	528	397	235	306	680	1172	944	864	2127	1588	2107	2211	1028	1335	1384	1372	1362	477	468	405	703	245	300	386	958	685	660
	538.100525	171	299	472	180	222	253	395	498	330	304	311	332	507	356	433	454	426	250	201	231	203	143	136	121	129	92	115	102	109	82	112	115	97	189	146	146	178	227	607	168	186	169	204	278	489	320	429	416	348	202	249	183	231	224	285	515	407	238	333	723	1310	962	931	2198	1602	2112	2160	1051	1386	1370	1474	1506	471	499	425	829	273	307	438	950	661	680
	539.350586	264	306	520	185	241	267	436	561	366	310	331	380	503	332	427	455	443	209	218	208	172	140	126	135	145	94	106	101	107	102	112	118	133	238	207	153	176	232	599	216	149	184	209	251	543	332	469	461	381	209	344	218	282	277	334	563	409	279	390	715	1264	970	923	2273	1646	2149	2266	1025	1365	1429	1503	1428	552	521	500	907	316	298	478	905	632	680
	540.601318	249	337	616	260	235	282	445	608	395	366	296	414	536	380	445	477	475	245	246	234	194	112	119	139	145	94	120	112	100	112	121	108	135	230	220	170	185	272	664	221	172	199	288	270	568	326	548	455	435	231	362	205	291	339	372	582	476	312	414	799	1317	998	881	2271	1640	2212	2295	1062	1355	1465	1516	1524	598	561	592	1057	336	415	534	908	712	629
	541.852417	280	356	614	269	320	257	402	652	456	334	332	391	601	376	463	469	469	210	204	218	175	139	133	178	162	99	125	117	117	141	140	122	155	240	229	195	170	300	733	272	199	200	257	344	623	367	549	509	456	251	376	255	339	338	372	591	494	307	411	870	1380	1096	966	2212	1693	2137	2262	1038	1377	1499	1536	1458	530	654	556	1124	346	396	573	967	673	662
	543.104004	300	449	662	272	303	353	475	701	510	421	378	439	692	427	472	529	478	255	221	240	210	140	164	189	153	92	157	132	128	126	159	128	129	321	254	198	224	331	760	265	203	216	307	357	655	391	622	543	535	303	482	259	367	376	409	711	542	333	433	894	1444	1127	1006	2361	1683	2279	2294	1087	1408	1478	1559	1499	570	735	656	1364	419	457	666	953	664	684
	544.356079	338	424	708	288	385	391	508	707	480	392	381	468	673	473	487	557	547	273	269	247	248	170	130	224	171	146	130	128	140	130	129	147	156	316	317	197	212	374	753	280	231	263	287	387	690	442	642	554	519	309	496	336	418	385	472	850	619	358	480	937	1444	1131	996	2256	1751	2173	2260	1099	1369	1545	1557	1522	564	791	755	1495	424	507	713	974	655	713
	545.608582	336	467	802	311	405	333	510	797	547	409	394	519	734	450	540	537	542	279	284	268	225	176	177	197	216	170	144	133	134	148	170	154	168	374	314	215	263	352	824	319	269	274	301	410	733	448	707	550	575	322	566	349	419	419	489	899	657	354	492	911	1512	1161	998	2250	1819	2235	2238	1123	1490	1538	1486	1554	583	871	809	1689	483	539	727	941	661	593
	546.861694	444	558	809	352	458	382	565	829	572	425	398	456	806	437	496	600	552	334	268	298	235	167	183	231	171	157	159	174	169	139	158	161	173	363	380	265	236	448	948	342	283	309	337	405	667	449	735	603	662	332	630	381	507	493	519	880	729	350	468	957	1459	1240	996	2270	1815	2144	2289	1111	1360	1606	1485	1603	570	896	831	1883	488	539	848	958	657	723
	548.115173	418	544	878	405	478	425	559	887	635	447	372	492	766	507	612	619	528	318	272	321	252	180	215	263	210	153	161	191	174	171	204	179	217	444	360	249	312	407	967	333	290	341	337	457	686	476	702	650	698	417	735	357	509	522	514	958	728	439	565	1027	1509	1227	976	2178	1683	2254	2379	1112	1484	1598	1548	1674	633	905	958	2019	561	618	863	971	640	660
	549.369202	456	629	951	423	540	429	594	934	628	459	481	510	910	523	576	616	633	315	362	296	255	204	202	249	246	203	162	184	125	153	206	180	194	498	479	263	308	482	1030	387	305	336	395	429	728	504	806	634	728	438	810	459	454	484	634	997	797	408	526	1027	1531	1197	1036	2237	1772	2313	2400	1130	1419	1579	1531	1729	559	1037	1008	2217	604	645	970	957	704	687
	550.623718	464	696	996	456	532	468	608	1012	631	502	491	533	958	506	661	691	632	320	309	296	270	223	226	250	207	152	204	180	169	164	200	176	216	560	475	299	343	504	1044	373	294	367	418	453	754	517	753	639	801	470	819	499	578	569	596	1135	818	424	566	1056	1565	1295	996	2295	1729	2316	2406	1081	1492	1647	1575	1602	576	1113	1091	2470	608	762	988	964	660	708
	551.878723	499	708	1053	489	603	469	676	1034	691	495	469	541	1005	497	627	690	618	345	343	332	263	260	199	280	238	175	189	188	173	182	211	184	210	601	529	302	386	542	1178	467	427	347	415	454	749	452	822	627	739	506	907	450	638	545	640	1171	782	470	558	961	1576	1254	1024	2267	1715	2440	2355	1145	1583	1651	1577	1680	586	1245	1205	2571	628	767	1091	943	678	676
	553.134094	542	817	1092	526	662	498	637	983	710	475	520	599	1045	551	664	706	683	334	327	285	280	236	223	255	231	177	200	228	190	170	216	199	237	595	526	334	384	551	1154	443	357	361	412	485	773	493	871	735	855	503	971	447	639	546	683	1153	960	528	577	1079	1561	1241	1093	2420	1866	2401	2338	1077	1620	1672	1521	1726	630	1282	1256	2667	724	809	1196	964	662	663
	554.390015	565	819	1186	484	711	530	672	1048	701	550	449	525	1128	565	674	693	672	348	341	277	305	240	239	279	240	179	212	222	170	192	249	232	244	641	585	338	408	594	1192	466	399	350	402	503	725	497	857	732	861	562	1037	484	721	595	677	1281	927	540	611	1097	1501	1243	1073	2503	1879	2500	2231	1131	1517	1685	1677	1629	588	1358	1281	2777	706	805	1188	971	662	675
	555.646423	652	834	1213	520	763	490	668	1086	782	504	534	596	1131	514	673	699	683	370	297	301	311	236	252	279	259	180	192	206	182	195	246	252	237	668	561	338	428	660	1229	498	397	378	423	508	793	508	873	705	940	550	1075	552	740	603	704	1340	1002	550	639	1077	1521	1252	1087	2580	1886	2605	2236	1136	1584	1702	1549	1662	558	1378	1397	3126	732	914	1261	911	670	656
	556.90332	584	929	1256	547	714	539	697	1083	739	537	526	614	1177	520	681	699	681	326	294	331	313	238	262	347	290	162	150	206	186	212	258	260	245	727	651	342	435	613	1265	478	385	374	459	552	790	524	925	722	935	533	1127	587	803	655	741	1441	1045	524	599	1083	1532	1353	1158	2700	1914	2661	2445	1083	1613	1725	1595	1768	665	1441	1373	3226	710	869	1392	993	686	656
	558.160583	589	942	1331	604	761	545	735	1074	783	546	546	620	1307	575	702	730	692	329	316	319	302	237	251	313	290	199	196	198	211	218	252	227	230	773	667	414	454	675	1300	471	381	414	479	536	757	531	889	762	934	619	1182	563	809	630	729	1447	1028	564	632	1122	1590	1298	1248	2719	2102	2913	2420	1162	1655	1803	1583	1733	635	1514	1441	3152	782	955	1349	1040	626	690
	559.418518	682	923	1369	566	829	558	739	1169	786	533	550	614	1398	554	754	757	693	376	315	317	300	223	256	330	293	184	208	212	196	219	280	271	219	743	697	370	451	703	1369	491	428	420	480	491	772	534	953	782	994	552	1229	625	833	659	833	1483	1052	573	658	1153	1425	1338	1164	2787	2100	2852	2311	1195	1704	1822	1650	1915	647	1432	1497	3354	753	1016	1474	970	706	738
	560.676819	638	1025	1418	590	722	579	731	1166	796	509	528	609	1344	539	722	758	644	357	310	331	279	250	249	317	272	194	207	196	153	245	291	275	250	797	716	371	458	691	1278	518	451	410	472	539	759	507	949	819	998	596	1316	645	836	661	836	1510	1104	538	642	1077	1549	1344	1194	3049	2153	2754	2442	1178	1700	1921	1573	1875	640	1564	1553	3404	800	1032	1474	975	694	688
	561.935608	594	1034	1446	599	776	564	803	1173	757	568	485	641	1359	574	732	704	713	354	320	290	277	264	227	321	282	190	220	230	205	213	285	287	284	741	688	420	475	692	1413	449	451	420	499	514	732	493	907	751	1038	576	1281	625	828	701	789	1536	1095	602	631	1105	1528	1379	1220	2899	2124	2865	2470	1228	1741	1833	1636	1891	611	1569	1549	3312	785	1027	1532	980	702	715
	563.194885	674	1042	1497	644	827	591	726	1101	795	536	465	582	1322	581	739	735	704	367	344	330	302	260	239	318	275	173	215	196	202	201	266	281	240	840	721	409	499	677	1391	502	482	404	414	526	735	501	904	765	996	574	1346	591	922	680	848	1566	1068	585	612	1040	1510	1345	1231	2987	2140	2936	2448	1224	1693	1891	1604	1986	652	1501	1531	3508	811	1053	1456	993	701	680
	564.454712	672	978	1475	629	881	597	733	1118	773	512	547	667	1415	598	735	721	618	344	322	310	291	286	287	281	290	196	207	206	216	182	268	278	229	825	738	392	474	713	1327	540	452	435	487	529	749	481	971	777	963	547	1281	633	883	670	875	1578	1141	571	585	1070	1432	1276	1263	2919	2146	2865	2476	1207	1672	1871	1533	1964	621	1568	1514	3469	754	1110	1528	975	709	667
	565.714905	645	1031	1562	620	828	589	808	1177	803	506	508	644	1378	533	695	706	605	345	301	299	251	273	247	308	266	182	198	202	211	194	301	262	237	769	723	385	477	700	1323	484	429	399	462	475	715	472	934	781	970	569	1235	626	866	661	857	1595	1051	541	643	1055	1512	1346	1242	3032	2181	2872	2447	1236	1848	1956	1590	1900	662	1553	1572	3541	766	1030	1455	973	661	704
	566.975586	681	1075	1489	593	745	592	743	1141	778	532	516	632	1499	526	626	670	653	338	360	308	307	261	242	352	279	193	160	202	224	231	277	297	264	888	758	410	509	676	1328	517	436	398	464	488	718	438	862	699	994	558	1220	613	860	695	868	1602	1088	575	617	1113	1437	1341	1260	3008	2159	2861	2558	1250	1726	1913	1644	1980	616	1543	1603	3449	799	1006	1417	1014	671	736
	568.236816	681	1056	1582	611	890	613	775	1182	751	483	529	629	1436	603	717	722	687	337	331	329	239	248	211	289	236	207	215	196	225	209	296	207	257	872	753	403	436	700	1283	504	498	399	434	456	637	479	891	718	1005	530	1305	625	850	777	834	1568	1156	596	588	1125	1486	1305	1276	3063	2288	2999	2582	1193	1875	1930	1599	1881	681	1491	1573	3543	747	1043	1464	1073	705	676
	569.498474	607	1070	1450	625	844	616	746	1121	812	533	547	626	1432	528	724	730	662	337	307	305	275	234	241	324	284	186	195	261	181	163	309	272	240	997	801	396	478	707	1351	452	487	423	478	450	734	439	896	664	943	611	1315	605	853	687	853	1630	1212	584	603	1039	1396	1300	1314	3088	2204	3042	2512	1287	1800	2009	1594	2038	658	1586	1537	3424	790	1067	1417	978	667	696
	570.76062	618	1068	1554	650	873	623	710	1165	778	534	527	621	1489	555	677	747	629	340	318	329	290	212	222	301	240	204	196	185	209	238	322	315	256	975	854	423	442	765	1243	505	407	447	485	464	721	417	863	706	987	596	1297	641	892	652	916	1643	1149	558	550	1033	1425	1357	1334	3127	2188	3074	2529	1229	1801	2009	1479	2034	639	1511	1527	3520	805	979	1383	999	666	703
	572.023315	665	1022	1491	595	791	596	788	1160	765	523	533	580	1461	541	671	666	687	337	328	340	279	221	222	301	257	222	195	211	195	206	276	299	274	961	802	396	453	709	1260	468	406	406	468	441	644	429	854	714	989	573	1274	637	903	711	797	1612	1152	565	596	1064	1443	1337	1397	3243	2193	3124	2555	1266	1823	2158	1594	2041	681	1556	1599	3433	765	1070	1478	1008	649	671
	573.286377	675	1145	1504	589	834	626	763	1216	743	552	515	645	1443	599	682	708	620	305	330	335	284	226	203	309	236	185	211	204	173	226	303	281	248	945	854	442	494	765	1295	472	413	403	442	469	668	458	841	709	971	558	1326	651	909	686	877	1562	1107	561	590	1040	1443	1339	1370	3177	2314	3128	2640	1279	1879	2049	1608	2132	647	1471	1534	3424	733	1041	1444	1025	662	683
	574.549988	653	1079	1564	596	853	604	781	1138	777	535	518	641	1445	588	731	723	675	339	320	322	270	221	251	339	275	187	186	236	181	199	313	266	254	931	874	379	537	705	1321	466	440	386	445	455	633	408	865	684	929	557	1335	607	947	656	844	1641	1196	579	595	1081	1449	1382	1426	3233	2229	3215	2684	1273	1879	2147	1622	2136	664	1512	1564	3575	780	1035	1376	1030	671	693
	575.814087	609	1125	1599	642	864	629	788	1167	803	557	585	635	1472	551	662	731	654	382	346	331	266	242	246	294	255	188	216	213	207	218	286	258	240	969	821	430	531	752	1294	495	404	367	463	438	627	432	884	670	943	540	1330	657	886	690	856	1668	1213	570	615	1063	1444	1359	1414	3435	2361	3275	2682	1306	1959	2196	1669	2172	683	1500	1564	3473	781	1141	1438	1011	701	697
	577.078613	633	1129	1597	668	816	603	790	1183	761	518	496	645	1396	560	687	711	728	351	381	349	293	249	240	346	253	198	183	202	218	225	322	299	269	1008	866	405	457	720	1313	494	458	377	476	454	657	431	888	681	973	551	1278	646	943	741	881	1688	1136	584	607	1057	1477	1397	1385	3448	2324	3258	2671	1300	2002	2299	1584	2249	721	1527	1599	3530	748	1098	1522	1011	666	744
	578.343628	636	1042	1688	657	795	620	820	1196	782	551	514	623	1462	608	718	741	681	368	368	357	278	223	241	298	282	220	185	194	220	224	296	286	298	1021	841	406	460	745	1207	485	453	370	447	507	656	436	846	712	890	574	1348	703	892	726	908	1597	1178	577	600	1038	1405	1342	1494	3518	2481	3313	2731	1412	2011	2315	1668	2296	739	1458	1582	3514	750	1094	1480	1036	662	677
	579.609314	678	1142	1651	629	854	611	821	1236	760	562	519	609	1502	580	713	783	708	354	331	368	279	230	238	341	257	224	201	222	226	210	309	266	260	1118	843	404	540	751	1321	469	431	393	440	467	651	401	847	671	939	527	1312	658	937	748	951	1746	1243	614	580	1039	1447	1445	1568	3518	2424	3327	2857	1324	1959	2306	1635	2342	728	1586	1585	3455	759	1051	1488	1041	713	746
	580.875183	642	1135	1625	635	843	633	817	1178	783	580	548	644	1556	604	770	752	669	375	335	354	320	214	236	335	290	190	213	190	214	215	314	269	280	1068	946	389	473	772	1322	536	432	385	383	436	616	437	852	668	930	518	1313	685	978	688	955	1715	1191	607	575	985	1439	1454	1478	3554	2464	3404	2746	1332	1974	2468	1646	2332	682	1466	1561	3533	695	1114	1356	1048	749	712
	582.141724	701	1110	1654	576	864	653	852	1234	790	596	583	647	1559	629	766	762	683	342	358	329	280	252	232	294	287	232	210	177	231	200	310	324	261	1098	866	435	521	742	1326	495	423	383	417	480	632	443	821	687	924	521	1372	624	865	755	961	1665	1289	596	597	1047	1411	1577	1608	3648	2355	3431	2878	1478	1986	2484	1800	2337	699	1472	1449	3432	766	1145	1459	1055	680	755
	583.408691	643	1065	1694	615	834	618	842	1263	761	581	523	610	1479	597	752	795	720	384	363	347	282	251	221	318	261	203	221	238	204	212	275	287	266	1081	879	396	480	772	1292	496	442	389	436	464	624	443	817	665	928	545	1307	652	954	697	935	1754	1230	628	562	1106	1412	1453	1607	3695	2561	3500	2854	1496	1981	2539	1710	2428	691	1462	1552	3596	744	1139	1382	1118	703	736
	584.676025	706	1159	1743	648	866	644	816	1194	831	593	522	705	1536	627	773	773	678	419	382	365	299	284	220	339	256	191	204	231	224	206	312	286	266	1025	919	380	560	696	1281	461	468	420	458	456	564	423	842	694	944	534	1300	597	960	724	968	1608	1282	605	542	1096	1445	1492	1603	3735	2596	3557	2790	1454	1921	2509	1676	2445	698	1421	1552	3394	781	1126	1470	1152	698	727
	585.94397	627	1124	1740	616	885	615	852	1225	831	609	529	633	1545	622	707	780	721	381	387	382	330	243	233	391	291	209	206	215	214	213	252	289	303	1079	822	408	538	780	1239	491	445	392	459	392	597	406	828	659	929	487	1273	683	952	702	982	1784	1272	573	534	1058	1504	1482	1698	3639	2536	3659	2910	1453	1973	2484	1621	2445	739	1462	1543	3533	719	1078	1444	1050	698	738
	587.212402	655	1128	1826	660	865	667	847	1266	793	580	572	665	1444	646	746	751	695	328	381	331	311	228	247	347	277	192	210	239	214	219	295	289	254	1073	907	411	550	830	1220	484	458	400	458	456	581	382	871	695	946	515	1317	685	911	792	963	1782	1292	637	555	1118	1500	1518	1676	3735	2636	3697	2996	1568	2020	2657	1677	2516	689	1363	1572	3516	750	1055	1554	1062	711	713
	588.481323	689	1121	1761	635	857	729	857	1246	793	573	528	676	1485	650	708	774	624	339	404	358	311	262	249	336	246	210	205	203	198	218	294	242	287	1087	909	390	563	790	1223	483	455	414	460	459	614	397	847	688	953	573	1361	613	903	689	961	1832	1304	651	581	1099	1555	1573	1616	3937	2667	3775	3046	1511	1974	2748	1666	2510	789	1415	1623	3600	723	1105	1393	1149	755	744
	589.75061	734	1168	1837	637	868	646	845	1304	764	607	543	680	1565	630	719	747	667	351	348	359	316	231	263	351	304	211	191	200	191	211	299	278	270	1167	972	407	582	783	1265	470	436	412	483	421	616	383	875	702	911	547	1366	715	937	720	1005	1839	1281	585	571	1132	1563	1564	1643	3911	2703	3719	3154	1536	2090	2752	1762	2599	756	1388	1615	3632	716	1103	1397	1139	748	746
	591.020508	684	1084	1886	667	940	703	838	1373	755	591	567	646	1611	669	798	750	696	395	409	353	319	231	254	353	259	214	202	190	212	244	295	293	268	1140	870	433	538	860	1244	502	467	406	503	462	623	373	832	647	908	508	1429	692	970	815	1061	1845	1306	587	591	1059	1578	1592	1683	3769	2784	3767	3097	1550	2221	2809	1756	2635	759	1440	1532	3635	755	1074	1387	1085	715	704
	592.290771	684	1092	1898	672	933	634	858	1369	810	574	532	660	1486	668	781	740	660	366	362	393	331	270	253	369	265	203	212	238	195	200	334	281	254	1136	934	426	580	865	1260	485	428	399	526	485	546	379	803	691	968	579	1379	708	974	732	951	1855	1261	653	587	1114	1647	1501	1554	3755	2728	3736	3161	1575	2263	2772	1697	2521	815	1432	1590	3405	748	1125	1441	1157	782	791
	593.561584	717	1178	1890	633	869	710	844	1367	824	608	554	672	1528	684	790	762	701	404	386	383	341	216	229	347	247	210	227	219	209	223	320	292	283	1128	940	467	542	820	1269	512	459	404	508	482	640	387	785	696	907	499	1387	684	982	794	1061	1849	1342	676	594	1084	1601	1553	1622	3739	2779	3804	3207	1538	2334	2733	1711	2644	796	1389	1634	3623	758	1069	1513	1221	737	822
	594.832886	710	1140	1945	673	936	698	901	1324	788	622	560	716	1518	721	748	783	714	409	365	409	365	235	258	370	256	203	185	268	217	208	331	262	282	1166	903	430	608	833	1246	514	416	371	468	463	579	404	780	712	913	514	1298	679	952	746	1094	1804	1331	647	609	1152	1682	1565	1616	3752	2656	3818	3284	1621	2439	2855	1775	2683	794	1463	1550	3588	723	1171	1527	1160	772	849
	596.104614	707	1196	1954	668	855	743	903	1362	833	664	616	684	1554	728	826	842	754	398	361	378	328	239	291	353	297	202	216	256	210	195	304	298	269	1188	946	444	556	868	1273	493	476	419	468	449	584	393	794	727	947	584	1350	733	1052	878	1098	1932	1285	661	603	1150	1653	1592	1639	3611	2738	3988	3234	1598	2436	2877	1734	2844	859	1414	1550	3631	746	1111	1465	1244	774	788
	597.376892	711	1197	2004	624	916	717	901	1454	763	615	657	707	1579	752	817	803	743	416	360	388	373	237	270	341	245	210	216	241	230	234	326	318	291	1273	987	458	597	886	1150	476	454	418	505	492	597	393	804	663	868	565	1375	688	1029	793	1067	1989	1326	629	631	1158	1648	1613	1600	3817	2757	3954	3285	1614	2405	3097	1744	2836	767	1388	1554	3622	698	1154	1420	1222	715	824
	598.649597	737	1179	2016	710	968	760	939	1445	876	626	572	642	1544	736	826	813	795	473	357	389	329	260	244	361	273	212	183	230	209	223	337	299	343	1195	964	419	630	925	1244	504	425	410	508	437	589	365	832	719	852	533	1371	753	1029	854	1109	1988	1333	656	611	1145	1688	1582	1799	3915	2830	4138	3272	1656	2473	3116	1812	2676	834	1359	1582	3567	740	1201	1479	1172	725	811
	599.922791	732	1221	2023	742	964	712	909	1439	923	667	649	743	1568	768	864	910	775	426	437	447	347	256	257	373	266	211	215	219	240	231	342	346	290	1202	944	438	631	863	1250	448	428	453	510	436	551	429	762	669	895	534	1386	678	1032	820	1050	1980	1375	721	575	1112	1656	1623	1719	4025	2902	4080	3247	1575	2554	3105	1791	2817	768	1362	1579	3654	742	1199	1444	1256	764	830
	601.196472	771	1183	2027	704	965	796	881	1468	936	657	606	746	1568	781	875	837	788	426	413	468	335	278	256	377	280	224	248	266	262	237	333	321	271	1264	1003	487	651	982	1279	486	444	407	477	410	592	378	761	692	860	529	1369	680	1015	863	1055	2005	1402	681	649	1092	1719	1607	1852	4114	2989	4283	3311	1600	2635	3150	1721	2868	826	1316	1581	3553	784	1128	1395	1248	727	897
	602.470581	703	1282	2059	739	990	779	1027	1513	907	673	591	709	1547	718	937	883	806	420	436	430	395	275	272	454	281	199	241	281	216	246	352	333	300	1280	1054	432	627	973	1242	476	421	425	515	473	580	373	752	670	852	555	1316	700	978	807	1131	1929	1400	669	571	1201	1697	1634	1830	4207	3050	4137	3325	1628	2666	3253	1694	2832	863	1304	1538	3558	752	1120	1421	1132	759	832
	603.7453	636	1203	1971	682	993	777	980	1445	901	674	611	728	1658	741	875	887	846	380	434	421	357	239	272	387	309	221	197	286	247	222	339	314	263	1301	1024	446	666	928	1248	433	454	397	526	453	545	388	813	693	831	567	1320	706	1008	879	1177	2070	1399	682	635	1147	1765	1648	1846	4164	3014	4368	3421	1660	2629	3255	1803	2875	792	1382	1516	3556	762	1140	1335	1230	771	866
	605.020386	736	1237	2186	712	939	771	946	1603	896	660	646	747	1565	870	890	925	824	390	395	445	405	271	292	405	302	215	210	264	232	233	402	347	266	1300	1035	455	717	1008	1203	484	457	394	467	474	539	384	790	697	880	540	1381	708	1027	865	1145	2088	1454	688	627	1202	1698	1653	1801	4384	3040	4335	3430	1680	2568	3367	1677	2896	796	1343	1478	3746	724	1143	1386	1249	790	815
	606.296021	739	1209	2148	744	1000	802	942	1591	987	641	669	769	1635	787	935	949	858	463	446	486	372	290	290	363	310	221	212	300	226	227	363	342	293	1304	1071	512	702	916	1278	514	450	420	534	448	556	357	700	674	902	568	1311	660	998	805	1120	2150	1459	677	653	1206	1651	1697	1827	4281	3161	4230	3473	1723	2613	3321	1724	2912	848	1324	1554	3600	693	1170	1465	1230	845	878
	607.572083	780	1223	2141	706	1001	812	972	1570	946	739	629	770	1657	825	934	933	849	451	455	475	404	262	288	378	322	236	228	275	206	247	365	349	273	1283	989	480	706	947	1219	492	429	427	501	441	619	391	772	715	853	580	1359	708	974	920	1170	2091	1578	771	665	1218	1619	1724	1874	4363	3160	4389	3575	1723	2636	3293	1733	2885	830	1342	1504	3617	690	1172	1360	1285	810	862
	608.848572	722	1339	2224	623	1013	806	1019	1702	951	675	629	718	1666	816	918	942	931	491	473	465	427	317	291	375	320	217	239	262	242	241	383	347	276	1384	1031	511	696	997	1183	492	462	381	565	527	520	370	789	729	885	535	1376	712	988	920	1121	2195	1424	735	644	1190	1652	1757	1925	4524	3128	4467	3619	1722	2679	3392	1720	2905	867	1326	1534	3720	760	1143	1352	1298	835	969
	610.125671	744	1368	2281	681	1068	806	1050	1723	1015	804	623	843	1739	848	967	999	896	508	432	492	423	275	292	416	322	179	228	287	278	258	406	356	327	1364	1087	483	684	1014	1176	498	509	416	549	514	525	350	758	703	890	524	1367	720	1058	1006	1255	2252	1513	728	636	1235	1746	1774	2036	4458	3167	4461	3646	1721	2805	3544	1730	2980	871	1291	1518	3545	754	1167	1443	1274	792	934
	611.403198	723	1377	2386	801	1097	834	1053	1716	970	750	698	806	1666	913	964	987	863	515	484	467	444	290	260	395	328	226	219	269	269	233	348	387	269	1424	1153	487	791	1079	1206	474	467	414	571	453	545	416	769	713	892	576	1445	747	1026	897	1138	2293	1604	807	625	1216	1773	1754	1965	4331	3309	4545	3723	1811	2822	3509	1751	3099	872	1379	1509	3814	695	1232	1440	1391	773	885
	612.681213	809	1310	2449	767	1140	830	1025	1766	995	830	728	839	1752	910	1020	1010	954	491	462	497	452	289	343	420	335	223	264	291	241	223	410	405	309	1412	1197	506	788	1031	1207	495	537	426	551	452	594	347	787	739	900	568	1448	798	1075	958	1272	2307	1688	759	660	1216	1826	1847	1982	4416	3237	4577	3711	1913	2837	3676	1835	3136	866	1319	1556	3843	715	1223	1469	1345	904	979
	613.959717	825	1379	2289	715	1107	891	1141	1869	1017	830	745	834	1730	980	1014	1087	992	500	503	497	432	311	301	411	344	203	220	271	256	309	411	344	358	1505	1143	568	818	1085	1182	519	527	445	594	455	543	402	831	719	945	610	1440	767	1098	955	1344	2473	1680	813	661	1292	1856	1807	2069	4491	3271	4658	3737	1915	2950	3713	1769	3103	953	1310	1540	3831	740	1197	1479	1309	930	1040
	615.238586	883	1413	2460	786	1193	876	1151	1843	1119	769	757	899	1815	1021	1047	1094	976	537	531	516	478	308	321	475	326	220	246	248	250	293	413	425	291	1490	1220	584	809	1132	1208	551	510	472	586	501	578	366	808	720	905	561	1393	778	1167	991	1320	2402	1691	806	657	1381	1838	1873	2042	4518	3282	4752	3845	1956	2834	3752	1837	3172	890	1246	1555	3997	738	1250	1484	1323	929	1058
	616.518127	807	1467	2542	861	1121	888	1096	1892	1152	811	739	873	1756	982	1078	1090	1019	532	526	509	438	310	312	434	333	264	284	286	279	278	454	362	332	1588	1242	547	881	1115	1205	561	516	421	628	496	593	317	874	743	919	593	1466	771	1115	991	1392	2415	1770	840	701	1321	1926	1792	2120	4552	3342	4658	3742	1988	2916	3845	1827	3159	896	1344	1545	3831	698	1260	1506	1365	1004	1021
	617.797974	821	1470	2573	771	1179	971	1151	2017	1078	826	774	903	1840	973	1101	1139	1030	528	528	514	473	314	338	406	300	239	245	287	248	266	486	401	316	1623	1287	500	905	1183	1309	540	523	452	553	453	589	382	771	737	873	571	1446	794	1081	1015	1391	2524	1716	830	701	1333	1857	1773	2065	4589	3328	4657	3960	2027	2860	3945	1769	3229	882	1295	1580	3781	747	1245	1523	1298	944	1049
	619.07843	802	1488	2598	734	1138	912	1128	2079	1161	835	784	874	1904	1026	1118	1112	1016	564	523	575	473	333	350	454	341	269	265	282	272	256	450	405	342	1575	1293	592	884	1182	1216	531	510	456	574	466	567	398	896	705	968	607	1423	784	1065	1020	1388	2547	1895	801	629	1337	1967	1905	2060	4500	3484	4761	3800	1938	2968	3910	1776	3319	936	1307	1564	3847	757	1253	1473	1370	971	1063
	620.359314	832	1577	2589	784	1137	918	1232	2117	1107	892	813	964	1996	1004	1179	1161	1048	553	560	556	482	311	332	517	386	248	228	292	260	286	488	411	337	1584	1266	555	923	1150	1219	564	535	435	560	505	546	432	919	744	924	542	1452	819	1148	1082	1380	2600	1755	904	734	1316	1941	1721	2046	4559	3282	4703	3952	2056	2956	3916	1796	3221	911	1303	1613	4027	772	1261	1532	1372	955	1082
	621.640625	807	1697	2547	817	1161	938	1194	2194	1092	947	767	913	1893	1010	1162	1216	1104	573	521	582	536	316	335	465	375	250	253	294	263	256	468	439	308	1668	1362	596	917	1270	1164	511	509	452	593	486	554	375	823	694	892	577	1370	770	1020	1075	1431	2692	1797	880	738	1360	2011	1838	2087	4570	3562	4682	3714	2061	2969	3944	1718	3275	909	1330	1486	3970	728	1289	1532	1470	1039	1122
	622.922485	784	1608	2683	770	1259	946	1182	2232	1106	927	838	971	1996	1093	1167	1184	1155	627	523	594	554	346	367	485	426	227	237	295	271	245	466	437	365	1694	1352	625	1013	1268	1158	557	520	435	636	504	536	386	797	728	952	560	1420	787	1107	1078	1367	2693	1859	863	747	1307	1903	1785	2113	4571	3410	4599	3930	2012	2971	4068	1773	3128	964	1276	1507	3989	724	1242	1526	1411	991	1065
	624.204773	915	1585	2729	758	1223	978	1259	2287	1075	982	880	943	2019	1107	1221	1261	1197	609	588	580	506	357	334	490	398	250	287	296	264	281	517	455	388	1729	1409	624	1053	1331	1136	518	544	460	590	539	543	379	814	709	855	556	1494	757	1139	1073	1494	2852	1955	910	711	1366	1950	1869	2159	4597	3379	4764	3917	1918	3029	4065	1666	3285	948	1319	1626	3813	748	1265	1527	1464	1024	1098
	625.48761	875	1651	2787	819	1258	1004	1297	2272	1089	1002	838	1012	2096	1148	1192	1336	1126	569	607	591	540	335	350	488	406	234	284	287	246	256	507	436	376	1836	1408	641	994	1374	1178	581	567	441	627	478	547	397	819	774	891	578	1491	809	1150	1131	1415	2860	1907	933	716	1440	1882	1815	2146	4422	3430	4697	3933	2019	2932	4051	1703	3181	960	1253	1545	4071	743	1361	1519	1451	1020	1111
	626.770874	853	1664	2820	895	1297	986	1305	2464	1117	962	868	976	2140	1147	1236	1329	1203	628	555	586	563	375	343	516	396	295	240	316	265	280	523	477	363	1783	1463	614	975	1347	1162	551	559	466	568	506	505	386	854	707	904	570	1372	830	1128	1125	1563	2810	2015	939	807	1355	1881	1760	2008	4499	3351	4626	3835	1994	2889	4072	1692	3078	897	1328	1534	3874	785	1281	1458	1476	982	1110
	628.054626	833	1671	2881	856	1246	1036	1375	2511	1174	940	832	1036	2145	1184	1317	1296	1294	688	586	609	528	358	406	500	437	287	253	317	307	307	511	472	385	1737	1386	610	1099	1396	1156	605	537	439	632	508	554	386	830	759	909	528	1436	762	1172	1121	1493	2925	1982	946	729	1298	1941	1786	2143	4486	3338	4561	3859	1956	2845	3995	1680	3143	949	1252	1546	3993	731	1319	1477	1442	1029	1226
	629.338928	907	1767	2926	867	1270	1035	1236	2497	1137	996	884	1054	2191	1224	1347	1282	1188	643	619	639	631	364	381	514	445	291	292	358	299	327	554	479	336	1787	1484	663	1080	1420	1179	575	553	467	653	510	533	408	815	788	903	568	1440	819	1111	1197	1537	3191	2022	972	746	1341	1943	1653	2031	4419	3350	4606	3888	2003	2971	4146	1647	3234	928	1264	1497	3875	734	1296	1534	1445	1026	1203
	630.623596	867	1720	3103	804	1326	1022	1295	2536	1127	1051	917	1178	2365	1301	1247	1359	1260	632	612	670	549	401	424	512	441	303	288	283	292	309	534	475	364	1854	1450	680	1083	1520	1197	566	544	449	656	493	521	367	855	763	948	591	1502	812	1153	1130	1561	3096	2048	986	716	1335	1923	1677	2019	4302	3399	4610	4053	2087	2893	4165	1657	3057	950	1254	1546	3946	765	1290	1604	1459	1058	1254
	631.908813	883	1851	3057	950	1497	1050	1426	2738	1175	1149	999	1115	2245	1271	1350	1398	1244	702	613	615	565	392	361	523	427	269	285	305	334	313	609	551	426	1852	1488	625	1157	1565	1097	509	576	467	651	496	481	404	842	754	901	636	1536	821	1149	1142	1644	3175	2246	1030	770	1332	1907	1721	2055	4393	3272	4656	3750	2058	2907	4047	1676	3084	895	1266	1521	3926	769	1339	1598	1426	1061	1186
	633.194519	825	1899	3159	881	1492	1095	1362	2763	1229	1168	1026	1159	2450	1400	1413	1321	1264	740	679	676	602	404	395	584	489	284	287	297	289	326	605	552	408	1925	1502	604	1182	1666	1151	593	586	528	676	508	564	402	854	766	992	609	1451	788	1139	1207	1668	3270	2159	1096	763	1385	2003	1793	2063	4377	3324	4474	3995	2021	2918	4186	1672	3196	920	1236	1550	4100	772	1335	1568	1424	1088	1361
	634.480713	847	1967	3341	862	1484	1158	1403	2955	1303	1199	1036	1219	2483	1459	1436	1401	1334	743	670	714	629	417	451	617	441	282	321	338	339	293	645	600	420	1903	1595	689	1219	1622	1208	614	581	471	633	512	572	381	876	738	954	586	1494	807	1197	1297	1686	3292	2224	1208	747	1388	1936	1680	2050	4247	3333	4412	3921	2087	3062	4218	1604	3165	919	1235	1540	4099	713	1289	1641	1504	1167	1305
	635.767273	891	1841	3279	929	1500	1106	1398	2994	1192	1166	1063	1220	2542	1342	1440	1453	1418	709	715	727	644	408	464	611	495	270	310	333	322	321	666	600	410	1956	1457	689	1215	1651	1149	561	628	483	710	496	561	413	900	747	869	605	1444	789	1174	1312	1688	3334	2301	1106	871	1420	1892	1713	1961	4248	3226	4454	4015	2153	3059	4268	1575	3101	965	1332	1579	4042	747	1326	1625	1493	1129	1375
	637.054382	934	1997	3364	864	1499	1119	1542	3015	1333	1196	1075	1262	2679	1510	1533	1544	1357	734	726	725	642	452	459	637	448	335	309	356	327	339	604	591	422	1994	1633	692	1306	1778	1184	566	594	477	710	498	557	398	824	724	870	570	1470	828	1227	1340	1750	3491	2271	1036	794	1455	2012	1790	1956	4293	3335	4495	3957	2159	2996	4280	1597	3190	888	1282	1490	4022	805	1420	1662	1442	1167	1320
	638.34198	943	1927	3457	916	1603	1177	1431	3131	1352	1321	1167	1295	2799	1569	1472	1446	1450	741	718	737	661	422	476	644	482	297	358	367	323	394	685	631	462	2021	1612	667	1269	1736	1158	628	620	464	691	523	578	367	852	757	889	584	1483	873	1175	1337	1859	3557	2302	1113	842	1402	1967	1795	2027	4229	3172	4541	3956	2174	3038	4465	1511	3218	953	1242	1566	4099	786	1395	1699	1411	1226	1404
	639.630127	921	2014	3583	906	1619	1172	1438	3286	1363	1274	1121	1316	2842	1539	1536	1513	1500	807	762	788	663	490	459	640	519	315	281	346	334	409	699	618	446	2011	1703	688	1361	1785	1188	574	582	458	673	464	549	382	831	797	926	570	1498	763	1192	1326	1716	3567	2456	1173	829	1371	1978	1779	2061	4169	3254	4497	3962	2112	3011	4313	1609	3164	949	1230	1572	3986	774	1296	1686	1483	1202	1396
	640.918579	991	2062	3552	916	1582	1163	1460	3509	1358	1310	1165	1315	2852	1635	1607	1652	1568	806	728	756	683	456	481	646	505	315	337	318	314	348	742	642	456	2073	1751	779	1365	1843	1113	583	598	521	715	525	546	442	857	801	884	601	1467	785	1211	1301	1778	3635	2511	1238	789	1349	2050	1731	1903	4072	3254	4402	3943	2258	3033	4381	1557	3162	952	1296	1592	4078	770	1365	1676	1417	1153	1415
	642.207703	910	2133	3561	916	1609	1191	1475	3620	1335	1333	1153	1371	2966	1616	1636	1651	1503	803	742	768	691	475	485	647	507	293	316	390	362	345	673	620	461	2084	1748	746	1370	1828	1117	610	651	486	723	517	543	423	872	822	898	579	1459	845	1181	1380	1732	3724	2439	1109	856	1375	1987	1770	1951	3992	3243	4246	3903	2147	2970	4262	1479	3096	897	1210	1578	4224	758	1372	1746	1479	1168	1385
	643.497192	914	2066	3694	911	1637	1228	1442	3732	1304	1385	1147	1369	3185	1695	1643	1639	1483	862	766	853	699	500	480	681	525	325	311	331	345	345	695	646	428	1993	1729	720	1394	1974	1105	590	601	450	711	532	533	422	819	752	963	569	1380	873	1156	1373	1841	3685	2543	1201	881	1382	1956	1730	1844	3956	3188	4175	3867	2041	2955	4383	1449	3040	863	1226	1573	4231	743	1405	1665	1454	1166	1438
	644.78717	957	2242	3749	903	1625	1204	1475	3748	1287	1473	1254	1504	3205	1762	1705	1681	1628	910	809	828	718	483	511	712	560	311	320	367	338	381	757	695	448	1966	1627	754	1396	2058	1161	601	640	514	761	490	513	411	931	756	911	518	1373	841	1170	1361	1798	3830	2582	1197	870	1419	2011	1765	1943	3943	3145	4100	3674	1951	2960	4336	1541	3062	916	1202	1580	3998	786	1401	1693	1453	1256	1400
	646.077576	970	2212	3736	982	1473	1189	1502	3935	1440	1490	1292	1478	3364	1817	1700	1686	1665	798	796	870	790	492	513	712	549	311	340	332	371	325	721	713	428	1981	1598	737	1411	2024	1102	633	615	509	734	584	563	393	872	807	946	644	1389	812	1220	1333	1852	3805	2597	1209	915	1459	1985	1720	1855	3848	3145	4145	3665	2084	2925	4304	1406	2969	889	1211	1489	4102	760	1404	1712	1449	1243	1401
	647.368713	936	2177	3696	977	1611	1151	1530	4007	1419	1611	1297	1533	3361	1851	1721	1781	1646	854	843	854	782	455	519	666	523	344	317	364	320	312	784	666	467	2001	1730	732	1426	2100	1169	603	600	544	733	551	524	412	841	779	858	605	1407	823	1152	1394	1866	3869	2564	1260	941	1382	1992	1720	1832	3628	3068	4178	3573	2045	2885	4131	1389	2921	848	1211	1496	4009	757	1311	1718	1521	1314	1471
	648.659973	984	2230	3807	938	1520	1211	1583	4240	1449	1648	1297	1591	3427	1858	1767	1778	1631	938	858	911	735	524	544	741	627	358	349	358	345	395	821	764	479	1898	1815	735	1507	2046	1087	599	602	454	797	519	530	376	906	788	853	685	1399	861	1116	1348	1929	3904	2594	1188	941	1340	1851	1711	1792	3665	2997	4012	3608	1988	2910	4298	1344	3000	877	1243	1525	4019	762	1330	1761	1428	1250	1524
	649.952026	933	2315	3949	939	1622	1208	1502	4261	1440	1634	1427	1603	3669	1981	1801	1683	1654	906	792	872	848	561	532	709	590	268	368	368	373	413	774	751	453	2003	1653	741	1399	2042	1056	598	692	498	747	479	510	416	860	796	866	616	1366	779	1172	1408	1854	4041	2617	1263	946	1393	2051	1750	1781	3676	2954	3825	3428	1956	2897	4062	1364	2919	858	1149	1544	4005	773	1335	1703	1390	1258	1510
	651.244385	974	2305	3979	916	1610	1172	1548	4363	1517	1685	1490	1603	3704	1863	1804	1831	1655	951	869	898	776	557	575	762	597	280	335	358	348	347	814	732	434	1951	1705	771	1373	2180	1122	656	672	512	769	499	520	426	822	734	899	555	1408	869	1187	1422	1941	4016	2676	1271	998	1395	1993	1631	1848	3497	2964	3788	3606	2075	2831	4215	1319	2929	826	1248	1540	4008	753	1348	1771	1370	1200	1385
	652.53717	937	2266	4041	919	1687	1237	1548	4609	1488	1778	1400	1710	3896	1993	1860	1874	1767	882	850	880	828	579	584	764	592	324	361	404	339	337	849	787	472	1910	1651	783	1523	2212	1015	594	636	549	779	467	562	410	840	776	890	626	1412	768	1123	1392	1981	4123	2846	1252	978	1347	1973	1674	1759	3542	2899	3842	3460	2081	2879	4121	1310	2816	810	1189	1521	4131	700	1402	1777	1368	1260	1431
	653.830688	969	2365	4086	931	1658	1205	1494	4366	1409	1684	1491	1692	3923	1985	1796	1874	1778	891	894	906	799	596	580	884	641	337	332	392	383	316	919	751	536	1841	1676	752	1508	2303	1066	583	640	484	756	543	537	436	812	787	879	582	1375	781	1113	1450	1979	4266	2697	1284	974	1393	1866	1661	1754	3464	2838	3816	3429	2047	2763	4100	1224	2834	839	1192	1511	4173	785	1347	1730	1346	1227	1564
	655.124512	946	2270	4015	910	1673	1243	1447	4572	1452	1804	1481	1687	4012	2170	1808	1888	1760	860	909	898	824	523	554	809	686	335	376	401	368	395	888	818	457	1910	1705	806	1525	2168	1077	614	633	509	812	534	520	443	877	760	868	592	1382	854	1096	1442	1995	4142	2790	1277	1009	1399	1974	1669	1689	3307	2853	3657	3455	1983	2748	4138	1222	2857	755	1231	1495	4160	747	1371	1782	1307	1191	1479
	656.418823	979	2420	4081	923	1798	1266	1548	4783	1517	1838	1506	1762	4067	2108	1893	1787	1812	909	870	968	842	568	555	770	646	302	373	385	374	378	928	862	458	1940	1655	807	1546	2218	970	600	617	479	787	545	514	402	887	772	852	615	1409	825	1111	1456	2023	4271	2928	1259	998	1359	1941	1630	1729	3241	2752	3615	3299	2012	2763	3864	1119	2757	747	1258	1533	4196	777	1350	1796	1343	1268	1475
	657.713623	893	2371	4180	898	1839	1122	1482	4747	1428	1840	1535	1843	4373	2189	1873	1877	1741	964	882	915	846	602	639	785	667	381	331	376	362	430	948	895	522	2044	1692	810	1455	2266	1020	612	670	538	819	558	571	416	866	804	938	613	1341	829	1138	1480	2053	4359	2947	1314	955	1458	1930	1567	1603	3266	2789	3579	3321	1983	2767	3951	1137	2720	774	1229	1500	4089	711	1362	1820	1324	1282	1512
	659.008911	934	2397	4307	892	1900	1279	1491	4699	1432	1930	1581	1789	4427	2152	1876	1881	1855	885	962	890	879	594	601	824	642	366	378	456	364	391	938	841	516	2062	1729	836	1574	2392	1005	652	639	552	813	526	522	408	894	739	844	607	1386	827	1160	1448	2092	4300	2833	1358	1028	1349	1980	1651	1626	3238	2700	3453	3233	1954	2611	3808	1092	2750	771	1196	1496	4206	789	1351	1829	1357	1200	1535
	660.304688	947	2376	4262	956	1874	1225	1479	5000	1491	1940	1601	1894	4520	2231	1959	1789	1853	947	921	950	910	654	625	849	681	336	365	383	416	429	913	861	578	2049	1741	858	1492	2382	1009	627	655	552	855	508	532	392	933	782	861	569	1261	819	1127	1551	1963	4231	2915	1271	1063	1395	1935	1420	1631	3056	2647	3640	3308	1843	2771	3931	941	2690	737	1217	1468	4003	747	1347	1771	1315	1241	1491
	661.60083	935	2350	4054	875	1901	1163	1409	4999	1493	1986	1600	1894	4535	2291	1945	1854	1933	938	920	951	783	559	643	834	693	344	357	381	393	400	1012	897	569	2028	1737	851	1386	2453	1008	604	649	506	838	530	541	419	828	773	818	628	1281	802	1002	1528	2002	4323	2879	1298	1032	1324	1817	1505	1633	3136	2668	3458	3160	1939	2826	3875	921	2563	787	1175	1484	4134	764	1313	1781	1252	1209	1460
	662.897583	928	2348	4137	876	1860	1271	1502	5260	1446	2007	1665	1843	4671	2331	1941	1903	1940	1002	874	951	861	573	639	783	690	354	334	384	390	410	1045	890	622	2120	1772	828	1452	2352	1028	604	664	540	777	520	493	420	866	733	849	550	1290	754	980	1428	1969	4310	2803	1310	1032	1297	1829	1487	1488	2930	2532	3395	3053	1850	2686	3651	817	2554	733	1183	1414	3977	754	1276	1722	1226	1207	1468
	664.194824	878	2396	4127	849	1855	1206	1432	5057	1450	1976	1672	1935	4859	2401	1941	1973	1910	932	899	985	883	563	661	786	680	342	362	380	442	467	986	899	561	2111	1752	807	1482	2413	990	573	659	475	814	509	520	366	749	729	862	555	1294	759	1051	1427	1973	4254	2927	1305	941	1296	1854	1497	1508	2976	2406	3277	3051	1765	2560	3772	707	2436	774	1132	1466	4051	765	1363	1807	1236	1237	1268
	665.492493	917	2351	4177	841	1891	1169	1437	5298	1468	2066	1635	1901	4711	2332	2026	1939	1954	909	855	945	839	604	650	820	674	348	408	388	442	455	1020	945	590	2090	1792	801	1539	2414	899	649	554	523	851	515	499	422	911	810	816	598	1303	804	1046	1395	2084	4332	2926	1295	1026	1304	1852	1455	1490	2791	2411	3102	3007	1780	2542	3704	758	2354	669	1141	1454	3965	745	1273	1770	1207	1229	1463
	666.790588	922	2346	4197	868	1926	1242	1485	5225	1479	2025	1705	1925	5033	2385	2010	1954	1896	953	916	965	896	618	604	894	698	387	379	369	384	461	1048	951	581	2098	1796	827	1450	2441	991	595	634	501	797	504	559	395	851	809	884	579	1184	718	1050	1434	2046	4174	2771	1343	960	1296	1724	1385	1394	2668	2380	3108	2959	1843	2469	3622	811	2343	737	1173	1393	3899	754	1264	1794	1162	1183	1474
	668.089294	859	2324	4097	894	1927	1176	1465	5230	1395	2003	1706	1976	5165	2504	1999	1912	1936	916	926	978	890	600	674	852	724	313	352	404	436	488	1004	979	597	2172	1751	832	1431	2570	902	601	637	501	852	507	434	381	842	730	866	579	1239	767	1022	1472	2024	4237	2873	1330	1026	1343	1794	1384	1407	2655	2409	3081	2963	1780	2510	3512	870	2376	649	1097	1344	3871	781	1262	1770	1153	1193	1462
	669.388428	932	2393	4131	829	1902	1215	1387	5377	1515	2159	1756	1959	5105	2437	1990	1896	2011	970	966	968	887	596	674	850	691	342	367	373	428	458	1041	999	622	2054	1814	792	1493	2409	898	581	625	473	796	491	494	423	821	733	832	515	1245	752	992	1482	2005	4198	2865	1278	963	1282	1788	1300	1351	2697	2287	3111	2874	1794	2512	3595	866	2325	663	1111	1414	4111	763	1306	1789	1113	1223	1525
	670.687988	872	2358	4091	830	1905	1137	1381	5414	1455	2124	1782	1948	5289	2432	2014	2019	1941	991	898	1000	918	635	680	853	685	325	367	392	381	439	1044	998	593	2064	1793	826	1491	2470	901	587	578	508	739	505	510	388	792	742	806	590	1253	751	952	1419	2059	4132	2808	1264	945	1265	1744	1315	1346	2588	2329	2851	2822	1719	2453	3538	900	2347	683	1106	1415	3909	749	1298	1768	1120	1172	1437
	671.988098	841	2391	4053	745	1898	1114	1285	5403	1446	2089	1765	2079	5309	2445	1892	1868	1927	956	902	957	861	549	680	793	661	327	382	370	401	428	1026	994	621	1972	1741	784	1409	2461	865	565	592	471	756	492	469	397	820	763	884	548	1204	718	951	1384	1931	4232	2863	1302	958	1271	1740	1351	1394	2554	2277	2921	2688	1731	2369	3396	871	2372	616	1119	1297	3862	751	1327	1760	1083	1129	1459
	673.288574	854	2306	3897	802	1908	1098	1320	5249	1434	2142	1731	1996	5456	2611	1987	1870	1874	965	888	978	869	642	649	838	673	365	336	396	442	411	1060	964	631	2005	1668	841	1445	2391	887	599	646	490	850	494	499	345	835	754	855	558	1156	711	951	1335	1970	4066	2783	1217	960	1214	1720	1298	1317	2341	2170	2895	2711	1629	2376	3281	905	2270	616	1055	1328	3757	687	1159	1743	1112	1130	1392
	674.589722	849	2241	4100	758	1843	1125	1318	5446	1343	2134	1664	2038	5580	2422	2025	1934	1878	953	929	947	820	609	638	836	722	361	336	349	424	443	1058	931	605	1887	1659	803	1379	2346	886	549	588	439	779	461	458	390	882	747	813	558	1224	700	993	1386	1926	4019	2835	1284	929	1194	1709	1281	1323	2395	2110	2705	2663	1606	2279	3271	929	2204	599	998	1327	3792	672	1193	1711	1120	1116	1423
	675.891174	806	2358	4100	758	1813	1057	1332	5243	1357	2177	1727	2003	5496	2432	1983	1847	1950	989	948	1001	820	611	675	801	648	354	311	361	434	453	1057	941	572	1823	1752	816	1354	2436	884	637	564	492	781	476	460	366	823	732	877	554	1150	768	914	1322	1994	4039	2814	1285	925	1178	1682	1223	1260	2301	2172	2753	2457	1575	2347	3125	944	2267	651	1035	1342	3817	748	1125	1756	1065	1106	1422
	677.193176	795	2284	4021	742	1895	1093	1278	5250	1400	2100	1849	1995	5544	2535	1997	2001	1896	946	918	947	846	634	660	811	683	325	340	365	441	436	1026	917	613	1821	1672	800	1287	2425	847	599	579	503	739	524	459	369	810	705	852	524	1098	704	868	1344	2000	3919	2765	1199	936	1268	1647	1196	1235	2269	2090	2788	2431	1643	2248	3166	923	2215	575	1123	1326	3924	730	1226	1746	1117	1015	1450
	678.495728	833	2286	4061	731	1760	1065	1300	5307	1382	2043	1810	2036	5471	2567	1995	1850	2004	963	927	994	848	617	666	722	646	346	328	348	400	412	1033	937	604	1856	1651	774	1290	2392	822	553	564	474	816	527	447	353	840	722	871	515	1133	668	922	1326	1999	4028	2788	1172	877	1213	1688	1196	1234	2164	2059	2556	2413	1494	2261	3068	891	2228	569	1050	1330	3735	713	1172	1674	1030	1069	1409
	679.798584	827	2266	3875	722	1830	1001	1196	5255	1247	2048	1788	2014	5698	2569	2098	2001	1992	922	894	937	860	606	699	840	670	338	336	388	394	437	1045	947	565	1868	1695	845	1394	2409	805	555	594	484	753	490	456	337	792	705	792	503	1121	678	939	1313	1958	3980	2708	1216	931	1212	1512	1240	1114	2081	1986	2562	2305	1592	2165	3074	893	2171	554	1033	1323	3744	721	1253	1841	995	1054	1342
	681.102112	830	2289	3878	706	1791	1028	1204	5263	1301	2150	1789	2102	5743	2509	2033	1995	2000	966	874	955	850	658	616	806	679	345	356	391	426	405	1054	932	606	1776	1514	787	1324	2345	814	549	546	468	782	452	446	377	813	741	863	499	1178	657	860	1313	1984	3891	2800	1193	846	1191	1609	1187	1140	2041	1914	2592	2234	1470	2208	3017	830	2210	564	1053	1303	3815	696	1150	1685	1016	1024	1318
	682.406006	777	2234	3803	734	1895	1066	1316	5343	1361	2161	1847	2113	5802	2624	2028	1954	2072	951	912	961	916	687	722	758	678	318	351	359	437	382	962	931	608	1821	1610	764	1322	2385	826	547	553	466	767	496	434	378	762	668	866	510	1116	687	830	1265	1935	3740	2774	1153	879	1182	1604	1071	1188	2112	1961	2417	2212	1426	2229	3001	859	2125	562	988	1333	3808	741	1182	1696	972	1000	1379
	683.710388	790	2153	3644	673	1844	964	1215	5174	1359	2139	1774	2047	6143	2561	2149	1929	2021	937	880	881	873	608	691	814	673	354	352	362	399	438	985	832	554	1761	1503	748	1312	2425	772	556	571	455	818	453	437	323	805	681	832	534	1093	653	855	1254	1976	3757	2727	1130	881	1159	1505	1139	1075	1960	1909	2424	2266	1419	2098	2849	856	2158	516	1010	1337	3689	718	1143	1742	943	981	1287
	685.01532	752	2113	3654	675	1877	954	1191	5269	1269	2081	1804	2111	5889	2476	2144	1966	2033	931	952	896	840	578	706	686	641	331	316	321	413	395	944	890	649	1755	1562	778	1310	2432	755	492	561	458	752	474	426	356	783	623	812	507	1032	640	846	1251	1884	3696	2680	1133	876	1152	1546	1046	1068	1907	1859	2306	2088	1396	2090	2859	748	2136	475	987	1237	3644	699	1113	1664	926	969	1075
	686.320679	755	2171	3573	672	1859	963	1229	5160	1335	2022	1773	2116	5791	2568	2017	1915	2005	919	846	877	798	564	637	777	684	324	328	348	373	407	921	879	578	1710	1480	762	1191	2357	778	587	581	376	717	465	443	317	770	715	826	472	1079	685	807	1252	1928	3785	2552	1150	842	1080	1478	1107	1070	1887	1811	2211	1972	1387	1993	2781	788	2020	520	941	1182	3720	649	1167	1600	932	990	1152
	687.626526	785	2135	3530	632	1753	924	1115	5174	1250	2053	1742	2087	5829	2471	1998	1936	1997	879	926	904	853	575	635	734	618	316	339	361	432	404	937	871	546	1580	1438	731	1152	2318	801	553	542	440	724	439	429	353	820	730	803	504	1078	643	744	1183	1784	3536	2520	1106	882	1106	1444	1002	1052	1848	1729	2264	2054	1312	1975	2662	764	1865	439	944	1243	3530	655	1117	1709	881	944	1169
	688.9328	732	2065	3333	645	1757	954	1084	5078	1246	1935	1747	1927	5875	2511	2041	1868	1986	894	860	833	852	599	701	756	671	293	334	343	376	364	942	891	582	1652	1463	735	1147	2182	747	522	531	407	733	486	444	339	749	666	788	480	947	573	778	1240	1784	3513	2446	1115	856	1065	1431	988	1000	1780	1685	2248	1914	1285	1946	2654	758	1926	502	995	1180	3478	665	1079	1672	761	938	1126
	690.239624	654	2020	3407	594	1617	945	1046	5038	1234	1977	1701	1973	5703	2530	1901	1736	1973	816	819	786	848	580	676	771	721	287	319	348	364	405	914	887	548	1562	1429	713	1124	2256	731	514	524	415	729	450	422	327	775	659	759	459	935	614	746	1190	1767	3492	2379	1028	843	1144	1391	999	1041	1760	1687	2190	1895	1239	1852	2412	666	1870	461	931	1112	3505	636	1073	1633	867	924	1151
	691.546875	636	1901	3217	593	1633	915	1055	5060	1217	1963	1638	1964	5803	2389	1863	1739	1904	844	808	874	754	572	623	756	630	310	291	295	423	423	906	885	580	1596	1395	734	1195	2191	707	485	452	449	688	457	400	338	672	620	688	456	992	594	736	1100	1750	3345	2363	991	838	1044	1434	959	958	1629	1692	2035	1813	1273	1903	2492	647	1836	445	820	1106	3365	651	1050	1599	788	917	1151
	692.854614	640	1876	3060	592	1638	895	987	4885	1214	1929	1658	2005	5818	2433	1864	1720	1867	829	771	888	802	604	570	722	620	268	293	334	374	393	903	909	530	1534	1295	721	1121	2175	658	527	494	391	667	415	354	334	682	619	730	471	960	627	716	1095	1622	3187	2424	1001	830	1129	1359	910	943	1647	1560	2087	1718	1184	1873	2494	615	1838	432	887	1102	3312	664	1033	1607	785	884	1130
	694.162781	640	1857	3077	552	1673	778	1088	4952	1178	1964	1634	1892	5647	2342	1793	1659	1865	802	770	786	757	542	648	689	620	297	302	323	309	355	921	851	495	1454	1300	706	1125	2127	688	474	479	419	728	410	394	272	667	566	665	453	949	560	698	1086	1681	3186	2370	1002	787	1004	1391	923	930	1602	1549	1977	1630	1254	1772	2371	639	1704	455	880	1089	3260	611	1035	1530	775	865	1086
	695.471619	584	1852	2945	537	1588	808	1077	4778	1106	1825	1566	1832	5635	2382	1777	1527	1762	808	789	821	769	520	594	667	634	331	269	334	392	405	925	901	530	1435	1234	694	1073	2120	645	465	485	385	708	378	375	275	708	568	757	481	866	530	644	1083	1665	3048	2174	998	785	1073	1291	906	936	1527	1474	1908	1618	1108	1861	2294	611	1597	453	914	1026	3274	612	996	1533	708	880	1078
	696.780823	578	1775	2988	554	1615	776	1005	4567	1075	1807	1560	1747	5483	2278	1664	1475	1689	763	778	786	696	550	642	630	576	259	290	303	339	366	923	850	495	1404	1199	685	1009	2028	623	473	437	403	650	415	368	318	677	572	728	485	915	505	664	961	1401	3073	2145	963	785	940	1354	850	873	1473	1456	1901	1521	1096	1679	2201	648	1629	384	801	1030	3174	580	943	1465	752	846	1055
	698.090515	564	1712	2908	501	1573	791	971	4398	1064	1751	1589	1773	5548	2300	1684	1561	1675	743	821	880	724	517	586	692	589	282	260	284	325	343	929	865	498	1376	1159	656	1012	1962	594	480	462	398	604	393	341	281	676	566	688	414	910	584	593	992	1499	2867	2149	982	810	1027	1213	814	844	1355	1399	1812	1575	1099	1775	2139	565	1628	420	829	985	3122	554	900	1463	679	787	1133
	699.400574	574	1670	2781	501	1526	778	956	4513	981	1813	1543	1804	5439	2294	1591	1530	1648	721	707	798	705	562	581	654	571	266	287	265	381	366	928	861	480	1303	1088	617	979	1892	602	458	456	324	605	402	382	272	710	524	605	423	817	467	601	963	1554	2858	2130	935	794	931	1206	804	795	1332	1326	1720	1495	1018	1603	2038	573	1604	390	799	968	3149	566	989	1365	677	778	1024
	700.711304	558	1742	2749	515	1474	694	915	4453	966	1715	1458	1732	5322	2158	1528	1508	1641	737	696	787	697	497	587	685	597	241	298	279	316	344	893	819	498	1212	1130	641	979	1911	590	475	427	351	619	359	328	303	652	565	661	390	831	506	587	909	1476	2844	2105	885	791	944	1228	744	781	1376	1323	1713	1494	1033	1609	1961	550	1471	396	754	935	3000	613	906	1454	672	757	1018
	702.0224	575	1627	2590	521	1448	753	916	4250	956	1714	1465	1691	5304	2136	1626	1503	1572	706	785	778	663	540	549	570	516	245	274	266	307	324	852	799	457	1259	1071	635	1015	1836	594	434	440	335	650	370	370	270	707	532	618	359	854	494	622	857	1414	2751	2052	877	726	910	1215	747	789	1249	1294	1602	1389	1024	1515	1952	585	1552	397	743	925	3027	571	939	1461	649	710	980
	703.333984	559	1646	2521	477	1461	704	871	4232	1042	1657	1463	1619	5300	2253	1532	1470	1595	679	724	733	686	559	553	651	529	262	233	271	338	319	865	780	427	1181	1085	609	899	1867	559	407	420	392	571	372	336	267	653	488	655	407	714	531	559	824	1391	2607	1962	836	736	890	1155	761	775	1269	1192	1666	1387	976	1568	1895	523	1514	359	733	955	2956	543	955	1404	649	730	1000
	704.646118	544	1609	2578	435	1421	694	855	4139	977	1625	1432	1598	5184	2163	1474	1491	1596	688	693	707	652	493	540	608	549	256	240	267	268	304	892	807	440	1180	1028	605	932	1896	537	444	437	359	585	321	309	234	720	519	631	437	722	497	600	881	1396	2667	1963	878	707	920	1253	724	751	1225	1256	1585	1293	958	1492	1888	544	1468	363	697	960	2905	568	972	1393	626	723	966
	705.958618	529	1671	2463	461	1388	708	879	4181	912	1532	1470	1585	5200	2142	1606	1418	1516	703	649	700	649	500	580	644	540	250	278	260	316	303	853	786	458	1135	982	625	906	1847	556	441	413	365	572	341	320	262	658	540	602	387	812	430	553	815	1351	2574	1894	876	756	882	1168	722	748	1176	1203	1562	1232	1049	1458	1835	561	1373	373	723	895	2996	548	849	1450	658	749	958
	707.271729	540	1562	2432	458	1412	633	821	4093	972	1595	1404	1647	5297	2065	1497	1442	1614	640	681	729	588	479	543	637	548	251	238	248	341	343	794	815	420	1139	919	597	907	1784	575	390	419	352	622	358	325	267	638	519	604	416	729	434	562	851	1390	2553	1906	867	723	884	1176	777	703	1257	1227	1594	1132	967	1491	1883	539	1396	318	645	915	2848	570	927	1353	653	705	920
	708.585205	513	1457	2420	466	1341	631	830	4120	923	1528	1427	1603	5058	2040	1563	1433	1573	659	688	724	622	545	589	614	493	250	249	228	345	326	796	765	436	1133	918	611	884	1799	541	452	412	324	577	350	348	233	600	475	608	427	725	436	557	827	1319	2480	1871	794	710	856	1114	725	652	1163	1215	1520	979	913	1432	1791	577	1437	334	689	924	2881	548	902	1364	550	653	913
	709.89917	510	1525	2394	461	1376	638	760	4042	919	1546	1460	1609	5326	2014	1451	1331	1614	652	645	679	620	450	540	610	523	283	261	269	288	303	826	793	449	1059	973	592	873	1790	533	425	387	326	588	396	314	309	625	487	577	351	741	456	533	830	1316	2476	1815	760	753	900	1066	673	653	1164	1123	1497	1003	928	1399	1752	557	1472	330	715	860	2756	587	907	1406	538	646	896
	711.213684	514	1473	2301	457	1384	611	803	3993	921	1504	1382	1583	5158	2069	1449	1373	1555	669	706	693	602	496	527	594	501	189	258	232	327	315	853	768	433	1070	923	562	904	1706	538	451	374	329	540	340	344	248	595	472	577	392	694	426	534	870	1256	2352	1765	796	700	792	1068	687	679	1113	1125	1484	892	938	1355	1753	501	1416	326	696	829	2739	542	911	1327	590	648	888
	712.528625	479	1588	2157	432	1319	599	834	3844	948	1572	1388	1541	5032	2030	1440	1314	1554	624	682	644	613	461	536	578	525	289	261	251	303	325	805	746	400	1066	890	574	863	1710	562	384	380	330	580	328	293	270	598	460	576	390	756	434	518	856	1278	2413	1746	761	656	838	1121	648	635	1141	1220	1439	907	966	1373	1656	523	1378	357	668	852	2712	541	886	1321	521	658	863
	713.844116	470	1407	2201	454	1314	565	772	3894	889	1399	1415	1607	5127	1972	1488	1366	1539	662	614	697	581	438	483	562	496	274	263	215	291	280	770	720	405	993	868	573	802	1583	518	391	417	306	532	343	309	238	565	472	536	373	674	443	527	832	1204	2338	1740	721	700	831	1025	654	627	1020	1062	1415	867	938	1377	1651	512	1286	316	672	839	2679	480	885	1346	505	619	867
	715.159973	481	1370	2192	419	1377	528	809	3909	917	1463	1348	1555	5073	1906	1372	1265	1521	584	653	675	581	464	550	579	480	258	266	247	261	257	815	762	410	988	875	525	780	1670	510	387	391	293	599	334	311	254	590	473	518	343	711	426	463	822	1176	2245	1703	702	619	787	998	615	612	1046	1106	1337	897	894	1395	1598	473	1304	309	589	818	2663	495	863	1280	548	600	910
	716.476379	435	1358	2060	401	1323	569	751	3794	899	1445	1309	1560	5052	1965	1365	1320	1448	621	649	635	551	471	508	587	517	249	229	229	293	260	781	732	394	1024	889	512	751	1618	485	404	374	284	572	312	306	218	562	437	533	366	673	406	466	798	1155	2219	1608	693	647	764	982	612	596	1016	1023	1351	883	870	1301	1595	516	1272	330	639	817	2603	560	858	1258	453	580	806
	717.793274	436	1317	2053	359	1288	490	708	3744	858	1402	1397	1488	4978	1881	1361	1279	1401	636	625	629	539	426	485	552	475	222	233	248	290	305	756	742	411	920	847	568	842	1578	502	423	344	290	543	339	278	232	580	452	528	339	609	408	528	778	1172	2191	1645	695	660	754	972	605	579	965	1056	1277	884	856	1301	1512	519	1289	285	687	815	2559	495	772	1230	492	564	783
	719.110718	460	1285	2011	438	1232	488	724	3498	862	1401	1302	1535	4848	1898	1343	1195	1469	551	655	637	562	455	519	588	471	228	192	259	280	270	802	758	402	908	885	541	780	1465	506	354	369	286	488	321	315	199	608	452	502	371	610	403	471	726	1115	2048	1597	698	612	755	1026	570	611	991	1022	1281	937	863	1253	1532	475	1232	312	592	766	2522	506	802	1195	452	539	619
	720.428528	417	1187	1872	403	1178	510	707	3623	829	1319	1210	1437	4769	1830	1368	1176	1434	609	557	616	521	442	483	521	437	230	207	213	262	268	748	747	430	929	816	519	769	1435	442	382	352	276	545	314	294	243	521	456	520	373	610	353	440	715	1083	2114	1549	632	604	773	967	611	564	872	962	1208	955	786	1241	1451	433	1261	299	586	749	2404	477	778	1207	412	526	654
	721.746826	395	1360	1884	370	1243	517	715	3552	798	1341	1237	1488	4710	1791	1282	1221	1410	602	570	605	507	459	488	550	465	185	214	218	296	286	747	674	390	868	804	560	721	1471	499	317	357	273	486	288	280	191	558	422	498	321	635	383	469	744	1051	2059	1497	660	600	743	933	588	528	868	957	1187	900	801	1161	1468	452	1266	292	653	794	2439	494	768	1153	405	550	692
	723.065613	394	1214	1760	383	1115	480	668	3524	807	1260	1240	1388	4640	1759	1279	1135	1370	587	622	570	477	389	482	516	447	205	223	214	224	243	725	705	351	836	784	483	758	1454	425	368	371	238	544	307	278	246	545	419	469	366	610	348	423	651	1088	1923	1457	616	579	728	951	561	518	840	906	1092	945	765	1116	1398	433	1192	323	614	722	2441	496	749	1175	438	509	738
	724.384888	413	1148	1792	359	1157	460	625	3327	871	1327	1196	1386	4561	1789	1300	1144	1380	594	612	569	463	461	501	514	449	187	205	208	267	227	718	653	398	818	776	497	732	1368	411	359	346	244	472	294	249	205	603	415	510	330	579	369	444	755	1031	1905	1471	630	583	711	911	555	536	812	894	1155	923	735	1125	1360	412	1149	296	592	755	2430	462	733	1106	394	508	717
	725.704712	369	1157	1699	336	1128	469	681	3361	795	1313	1159	1337	4545	1763	1220	1223	1327	562	561	543	524	417	455	511	465	206	210	208	257	238	712	677	383	838	766	483	752	1309	448	344	332	230	502	287	279	185	529	366	512	353	602	320	413	659	1043	1890	1491	584	615	723	924	521	521	825	884	1141	848	702	1158	1336	449	1148	285	587	735	2379	444	769	1065	432	518	755
	727.024902	416	1193	1660	339	1111	501	687	3290	747	1280	1165	1380	4448	1704	1269	1183	1430	581	519	551	519	422	469	515	433	227	207	200	226	258	690	707	387	766	756	511	750	1398	424	315	360	287	484	285	255	211	510	436	467	346	576	339	414	666	986	1822	1422	583	657	726	933	524	521	860	866	1103	852	704	1096	1300	418	1208	261	602	730	2411	482	729	1101	391	476	720
	728.345581	387	1120	1643	404	1097	504	580	3206	739	1300	1192	1330	4532	1667	1283	1168	1281	515	582	547	516	457	497	539	394	181	173	194	265	208	684	635	345	759	676	490	692	1303	414	324	330	268	506	286	285	210	530	418	490	340	566	354	429	624	990	1832	1361	585	577	659	924	501	488	827	836	1042	843	677	1088	1209	431	1069	275	606	763	2413	444	818	1087	399	472	697
	729.666687	379	1109	1683	362	1070	440	623	3189	730	1264	1147	1376	4526	1759	1142	1173	1344	537	546	575	501	395	422	500	451	207	184	221	266	239	684	675	343	751	697	504	727	1290	416	298	311	275	430	280	241	217	524	368	445	333	604	338	403	637	983	1806	1370	572	574	651	856	513	534	811	827	1033	853	676	1014	1296	429	1168	233	523	676	2264	458	733	1085	433	451	684
	730.988525	370	1168	1649	349	1019	468	602	3163	752	1187	1083	1267	4304	1654	1184	1078	1288	528	534	529	468	391	454	496	352	170	183	204	229	225	628	550	360	746	721	500	674	1235	375	299	286	244	492	304	274	184	541	392	431	303	564	326	409	561	920	1729	1357	593	552	653	852	503	455	798	842	1039	773	663	1084	1178	430	1054	262	545	717	2234	450	744	1094	358	488	649
	732.31073	330	1080	1503	294	1049	415	615	3146	706	1199	1029	1215	4201	1611	1215	1154	1336	500	558	563	459	374	473	502	385	177	178	213	244	244	684	616	323	728	699	471	703	1273	384	340	336	240	495	275	281	186	532	366	474	338	630	295	415	611	999	1818	1376	521	539	680	892	483	483	723	786	981	735	630	1077	1132	451	1094	267	514	636	2303	447	799	1064	395	512	663
	733.633301	364	1137	1580	331	1003	423	606	3093	719	1200	1068	1202	4135	1576	1134	1049	1277	479	512	514	410	373	433	502	354	170	228	193	215	221	642	591	351	736	680	464	638	1235	403	331	293	245	438	300	230	193	497	391	473	300	535	323	381	641	894	1696	1219	495	564	642	808	404	447	733	763	924	805	610	1005	1124	388	1028	245	539	680	2275	447	680	1057	348	440	623
	734.956421	379	1091	1514	303	1003	398	592	3039	679	1179	1068	1181	4104	1519	1130	1077	1325	503	520	522	433	383	443	482	391	202	216	212	214	218	613	631	339	726	682	457	689	1179	397	318	292	245	422	252	253	196	458	338	451	298	516	310	382	585	905	1640	1330	518	526	669	835	486	463	733	719	978	728	608	972	1085	401	991	241	497	665	2250	439	786	1052	372	476	696
	736.280029	325	1065	1462	324	972	390	548	2934	648	1121	1009	1172	4106	1561	1107	1008	1279	478	474	487	425	394	410	452	391	210	209	211	213	198	601	600	368	663	658	440	659	1145	379	291	286	247	439	301	226	196	454	320	470	299	504	300	393	543	925	1588	1251	477	532	670	838	450	452	704	755	925	717	589	992	1135	386	1043	229	530	618	2210	439	713	987	365	465	678
	737.604126	304	1008	1417	325	881	377	522	2870	712	1148	1026	1184	4020	1527	1077	1054	1207	477	489	509	395	395	404	401	365	180	154	192	231	227	576	599	340	637	643	439	638	1154	381	341	328	248	450	269	261	180	493	298	470	297	517	290	324	569	920	1580	1274	439	535	630	790	478	434	698	757	935	711	614	939	1064	374	1034	207	517	673	2175	477	722	974	372	477	627
	738.928589	365	990	1406	276	931	347	490	2817	682	1110	954	1143	3893	1472	998	948	1207	486	491	492	419	361	372	387	357	159	162	176	195	215	602	549	316	614	623	456	608	1145	371	302	259	222	438	250	276	205	427	299	426	344	531	306	390	516	815	1563	1188	441	524	633	827	416	453	634	725	929	640	567	939	1046	380	994	237	484	632	2013	452	738	1004	339	483	646
	740.253723	344	931	1376	272	904	366	501	2934	640	1088	937	1145	3900	1520	1058	1004	1174	487	475	411	410	364	404	414	364	173	181	154	255	200	600	589	315	625	642	429	616	1141	377	329	279	204	406	233	247	193	507	301	460	292	490	247	353	505	839	1456	1226	450	474	590	777	430	386	610	727	885	671	589	966	998	323	982	225	473	616	2028	462	686	1043	325	486	589
	741.579224	292	877	1247	278	880	352	493	2727	661	1047	951	1040	3763	1499	1032	978	1161	445	455	460	345	372	353	447	334	162	207	176	218	211	549	538	272	622	612	369	625	1078	335	290	241	239	400	260	247	187	494	333	420	288	485	287	346	516	794	1376	1175	411	528	590	796	437	416	576	715	883	678	583	1000	996	331	916	261	447	625	1995	412	689	963	329	453	571
	742.905212	295	911	1260	331	878	341	467	2650	650	1064	928	1071	3735	1438	1021	949	1129	446	456	457	409	371	374	412	352	175	217	177	201	204	540	522	275	578	622	425	584	1043	338	316	256	224	412	255	267	169	440	306	414	307	467	278	341	506	814	1428	1129	410	500	507	763	424	451	600	686	810	694	556	900	976	337	946	198	392	581	1941	440	691	980	305	447	571
	744.231689	364	880	1197	287	880	331	469	2709	566	1047	928	1043	3730	1428	966	972	1192	446	459	412	411	350	368	405	381	176	167	186	207	165	564	542	244	590	529	419	599	1025	338	322	246	258	397	237	218	157	472	310	424	294	427	310	400	523	728	1324	1115	419	428	575	738	411	380	566	658	785	609	557	907	945	344	848	218	415	586	1891	426	665	907	338	415	589
	745.558716	281	883	1163	242	820	332	411	2608	583	1019	866	1043	3501	1353	968	953	1143	439	443	440	364	340	382	361	335	159	179	138	193	195	559	502	303	582	579	396	533	981	265	294	257	208	382	238	196	158	415	280	422	241	431	270	358	431	760	1334	1090	425	492	574	796	398	392	584	616	803	618	528	879	944	334	851	226	419	531	1847	403	671	909	297	416	543
	746.886108	287	828	1087	319	792	291	439	2486	605	1074	842	1012	3478	1364	959	884	1130	397	436	437	357	329	341	367	329	147	164	136	182	177	517	487	290	585	523	381	581	957	325	256	246	199	360	217	216	160	436	277	382	271	485	250	324	472	703	1242	1030	394	445	551	709	415	357	555	657	759	603	521	836	857	276	833	234	450	600	1721	397	620	883	288	404	487
	748.213989	293	784	1042	248	799	276	438	2444	571	937	803	915	3383	1323	910	875	1130	393	413	416	355	316	370	413	293	188	171	139	168	191	509	531	275	549	563	380	577	1016	328	275	232	203	352	222	203	174	380	313	349	249	401	251	306	412	718	1176	996	447	402	522	645	395	366	581	633	778	573	476	760	859	262	740	190	403	547	1761	375	631	807	284	396	497
	749.542419	303	752	985	266	739	329	381	2377	531	975	848	983	3247	1208	856	841	1023	402	406	391	353	277	309	372	353	146	146	162	162	187	538	464	243	502	517	333	547	900	294	276	259	188	372	213	206	172	427	285	349	248	378	250	337	444	709	1162	962	414	445	549	664	356	322	532	592	701	579	464	821	857	325	795	176	407	534	1705	385	602	824	283	352	485
	750.871277	264	720	880	243	735	288	434	2321	553	925	786	899	3196	1257	872	866	1025	408	427	394	331	343	343	343	362	157	153	133	185	198	502	491	278	524	487	382	538	898	279	230	229	167	392	200	219	108	374	293	349	253	394	269	300	427	632	1158	967	417	377	494	667	366	332	528	537	675	563	475	811	835	284	752	171	385	488	1569	361	591	846	279	323	534
	752.200623	267	759	838	244	712	282	428	2172	508	896	769	842	3182	1239	869	830	1006	386	387	369	312	320	344	376	341	139	165	150	173	184	482	442	290	503	426	346	512	802	282	259	205	172	363	190	209	175	428	273	313	245	400	213	310	450	617	1003	980	384	408	460	588	336	290	510	512	635	461	439	775	795	311	743	167	387	487	1633	374	589	793	236	355	504
	753.530518	237	762	841	245	693	297	404	2195	510	886	759	817	3158	1109	843	872	1052	328	382	359	318	313	295	310	259	144	159	121	159	150	506	464	241	479	455	326	501	803	271	259	190	163	333	200	191	144	378	252	345	243	402	234	291	394	566	1006	849	392	371	438	695	345	289	420	549	671	465	443	792	757	289	796	158	378	492	1619	338	584	784	281	330	474
	754.860779	234	727	833	270	686	292	422	2174	510	900	732	887	3055	1141	819	832	942	367	366	366	344	264	281	344	311	106	119	130	144	143	462	447	245	449	437	351	451	785	283	227	202	189	311	169	194	159	369	270	343	210	403	242	298	376	546	940	870	387	384	514	608	322	298	422	559	644	486	433	748	769	322	727	150	372	498	1506	363	560	758	264	321	459
	756.191589	271	667	869	230	708	219	417	2176	540	887	736	848	2969	1150	846	774	989	368	373	374	298	307	320	324	310	133	113	128	149	167	430	445	271	406	467	339	448	813	241	225	221	176	314	180	167	155	365	247	334	243	373	216	306	416	589	945	854	362	386	520	598	324	283	477	512	627	430	380	712	670	253	722	175	313	477	1492	366	533	733	220	301	435
	757.522888	261	620	781	228	630	266	371	2101	491	861	717	824	2845	1116	798	742	1000	360	349	362	308	301	293	323	307	133	129	129	178	205	428	414	212	449	369	321	518	732	251	212	209	191	364	205	201	154	357	233	320	225	375	191	276	390	554	905	810	361	403	453	553	313	298	459	490	609	414	402	697	693	249	713	160	339	466	1496	326	594	761	239	323	465
	758.854614	242	690	838	229	697	234	368	2018	428	836	715	795	2804	1078	829	791	955	336	322	328	304	276	277	305	296	95	101	92	152	154	462	459	244	361	403	319	508	772	296	221	186	190	296	173	182	161	323	275	298	230	396	240	273	354	545	924	849	335	348	476	568	285	293	425	471	602	406	412	649	686	248	713	184	355	441	1420	322	555	704	252	304	432
	760.18689	218	672	756	238	593	247	345	2003	450	788	693	747	2703	996	721	736	941	342	345	347	254	255	278	323	268	155	120	100	166	146	428	412	223	399	327	323	478	815	271	221	190	183	275	188	186	142	387	284	320	247	316	199	261	361	526	862	836	338	340	446	573	314	277	392	466	617	388	363	710	691	278	670	170	334	399	1453	336	558	705	198	265	410
	761.519592	220	661	840	222	585	253	340	2028	447	785	714	760	2734	1081	756	730	944	289	340	347	254	252	263	297	285	129	105	112	132	151	453	401	199	356	347	342	400	738	249	204	219	154	294	164	195	155	329	239	308	221	331	171	261	358	535	862	782	332	323	438	602	291	292	427	478	560	389	415	699	592	233	613	139	379	392	1407	335	569	690	212	307	362
	762.852783	229	638	776	208	580	215	292	1995	425	765	661	727	2661	1040	804	696	880	329	349	310	266	243	260	284	265	118	122	120	148	140	386	380	183	354	336	301	417	732	253	204	198	161	299	191	172	128	348	235	346	250	294	217	255	379	563	897	820	332	323	479	600	248	261	414	492	530	317	384	719	638	284	646	137	367	427	1344	340	488	637	216	296	422
	764.186523	212	598	768	227	652	243	351	1902	441	762	663	725	2619	1003	736	721	898	327	327	310	250	251	239	275	263	113	129	113	130	142	422	384	206	357	347	315	397	716	234	201	182	162	299	180	146	119	333	216	360	211	325	207	287	332	536	909	768	350	349	457	558	295	286	413	428	553	322	351	642	647	253	619	130	345	428	1322	342	488	736	251	288	428
	765.52063	224	587	828	200	610	212	326	2018	406	781	630	730	2526	962	719	682	836	333	301	313	302	247	256	273	272	173	135	125	156	136	421	397	219	350	343	314	452	739	245	225	160	145	292	176	156	149	340	225	307	193	298	200	260	341	540	817	682	309	333	450	534	285	279	395	462	487	332	383	701	569	214	611	144	360	392	1301	368	471	631	199	292	390
	766.855286	221	625	753	196	578	208	344	1895	395	738	617	742	2554	967	729	738	871	296	307	306	289	242	247	257	205	115	124	114	123	157	381	436	232	331	347	309	446	729	202	224	160	161	298	154	168	144	331	218	273	258	298	174	246	300	475	841	726	327	350	413	519	283	257	429	472	514	312	408	636	571	238	635	122	343	378	1280	301	561	659	203	293	383
	768.19043	240	600	739	204	543	210	297	1890	425	780	612	678	2526	977	725	698	884	310	316	301	228	250	249	280	263	118	131	122	134	162	455	382	230	386	344	286	438	664	236	242	159	150	282	157	151	128	303	219	286	187	325	183	238	328	470	856	708	340	345	367	489	259	231	348	448	526	350	322	637	562	220	613	147	311	377	1322	310	523	690	211	285	374
	769.526001	198	582	697	194	569	201	313	1676	374	819	619	699	2537	976	701	644	945	315	286	314	256	240	245	290	240	123	119	122	137	130	410	366	216	350	383	317	428	690	242	191	182	172	293	129	154	147	315	231	281	228	313	163	229	268	512	835	727	286	283	409	532	250	269	398	453	517	345	342	630	555	264	592	134	317	377	1231	309	493	648	225	292	394
	770.862122	203	563	696	197	554	199	347	1758	383	805	605	671	2483	968	648	674	812	295	303	302	209	191	208	236	225	140	110	100	129	130	378	332	206	363	306	255	421	696	269	215	182	151	271	171	169	97	316	227	261	196	292	176	243	314	468	807	673	288	309	361	500	275	233	337	454	479	357	299	591	550	239	589	147	310	411	1315	300	490	591	218	278	363
	772.198608	202	535	666	175	526	228	315	1685	381	758	603	671	2348	939	718	663	818	302	270	260	233	223	237	285	255	116	92	93	126	128	374	386	208	348	351	305	416	610	210	204	199	150	270	158	152	123	321	204	262	203	288	171	215	293	453	725	651	288	310	381	477	270	259	339	422	479	313	289	593	524	226	548	134	295	359	1239	281	509	666	210	266	358
	773.535583	200	516	650	163	481	234	295	1677	379	691	559	611	2211	901	675	627	758	301	305	280	234	197	243	268	235	103	135	128	113	128	358	337	181	328	355	291	381	641	215	197	192	120	290	143	176	127	308	221	287	212	289	169	250	268	425	690	669	300	328	373	521	284	240	343	429	505	344	333	585	537	245	574	151	284	355	1183	296	505	586	191	270	366
	774.87323	204	510	655	195	460	195	320	1661	366	639	531	647	2086	889	590	618	792	294	273	261	240	216	229	269	213	108	100	128	132	135	399	388	190	321	335	273	383	614	209	182	173	134	288	152	139	100	295	200	225	210	250	214	231	271	467	723	664	275	305	382	449	247	239	297	386	462	357	286	539	509	200	528	126	303	355	1179	286	473	626	190	274	343
	776.211182	209	508	612	153	486	178	288	1589	326	662	556	616	2126	840	624	675	814	271	266	266	220	237	242	233	238	122	122	103	127	138	386	352	182	330	309	271	389	574	196	191	153	150	265	141	143	100	287	203	257	201	275	139	236	270	416	693	583	257	301	348	488	238	206	303	401	504	321	309	530	495	198	491	147	254	324	1089	276	425	575	188	229	319
	777.549683	187	485	676	169	463	141	275	1518	346	667	531	548	2129	812	661	614	748	275	251	263	205	225	198	218	207	135	92	93	130	125	349	321	165	339	304	261	396	568	171	210	153	145	231	143	154	99	329	199	259	166	253	148	228	245	409	698	565	281	299	378	497	250	224	339	330	437	300	281	507	514	223	499	99	263	365	1082	258	429	597	206	262	340
	778.888672	171	542	609	176	457	165	265	1476	364	641	505	561	1982	776	615	636	713	264	254	248	203	208	208	231	181	92	124	119	111	121	350	313	177	301	304	235	328	537	228	167	171	128	237	157	167	117	295	208	202	201	220	149	233	295	383	683	570	274	300	359	456	235	209	333	354	432	317	315	522	486	197	519	133	288	280	1105	276	398	599	180	236	292
	780.228088	195	514	557	156	448	193	273	1504	324	654	516	560	1982	804	566	602	745	282	317	271	213	249	241	252	210	97	99	100	113	125	336	364	193	286	319	263	350	558	183	172	153	134	258	144	168	109	245	195	240	197	258	167	231	267	400	612	568	244	267	368	444	229	236	272	347	413	292	249	531	426	205	514	128	266	287	1005	294	460	540	176	249	301
	781.567993	185	502	565	146	417	156	258	1451	347	576	461	560	1866	763	606	549	638	259	269	244	231	183	233	219	214	112	100	104	88	105	366	308	188	295	307	237	386	554	220	173	159	135	251	120	109	90	233	198	219	185	236	158	198	233	420	627	493	276	268	351	442	201	213	298	336	453	311	278	548	473	187	511	113	256	283	938	271	441	543	130	235	306
	782.908386	221	456	590	176	456	154	268	1421	329	592	419	496	1954	751	535	541	720	288	270	275	199	211	224	225	219	114	95	116	110	130	318	342	191	290	286	242	342	513	196	176	160	144	206	158	136	88	247	168	209	202	243	175	219	241	389	616	526	234	269	372	436	218	202	260	339	417	264	263	510	432	177	455	94	250	306	936	263	435	559	173	232	298
	784.249329	152	451	516	143	414	179	250	1421	358	602	425	520	1877	812	514	539	654	248	237	235	192	217	200	243	216	114	111	106	111	102	315	298	186	237	288	247	328	528	180	175	153	156	206	140	151	111	199	181	197	163	245	159	188	227	385	575	517	225	269	324	398	212	199	308	289	390	277	284	531	384	175	467	94	249	292	962	269	429	550	160	212	289
	785.590576	157	463	523	132	448	156	228	1364	264	647	464	535	1763	749	535	547	693	245	268	236	194	201	157	252	226	95	104	87	99	95	286	288	159	241	289	194	301	478	173	181	149	115	209	90	159	100	272	174	258	193	226	159	185	204	371	544	521	208	248	285	429	206	209	254	315	381	301	213	496	422	159	442	136	243	266	869	260	349	549	167	213	278
	786.932495	191	416	564	128	422	155	230	1363	286	554	433	476	1682	694	532	532	677	220	243	228	211	179	171	196	204	95	89	88	115	115	307	293	180	281	272	213	311	499	166	130	142	132	219	128	157	94	252	165	229	173	228	157	175	224	342	578	479	209	258	323	401	201	177	250	293	381	278	252	466	385	190	453	105	207	262	855	242	441	482	142	203	267
	788.27478	162	416	514	154	390	152	215	1323	315	573	419	500	1750	695	479	486	644	222	214	197	186	183	204	209	198	105	105	73	98	84	300	292	188	219	269	248	305	490	185	159	138	119	213	127	123	104	263	171	230	127	199	115	173	194	308	541	496	226	243	350	360	207	185	256	296	358	262	268	470	410	167	424	89	208	262	812	225	412	501	145	195	279
	789.617615	183	438	510	123	370	166	234	1171	296	545	458	512	1713	708	522	477	639	220	199	218	165	202	165	190	179	89	82	83	89	96	302	268	157	233	248	227	310	420	172	156	136	131	213	127	126	96	260	177	185	122	206	93	199	194	335	500	465	172	229	326	403	221	175	247	264	378	237	230	458	377	148	456	103	241	270	840	248	400	461	137	205	275
	790.960876	123	389	428	141	401	136	227	1206	302	527	385	477	1589	703	452	484	602	211	223	222	165	142	136	197	164	103	108	77	95	90	268	250	152	263	278	227	306	454	171	129	130	91	215	121	122	65	224	163	186	174	194	108	137	189	308	528	441	162	222	302	405	174	183	239	314	311	241	229	402	405	139	383	114	225	273	780	254	381	489	137	205	239
	792.304626	164	401	440	114	340	132	212	1268	306	548	413	455	1647	673	478	483	594	203	211	214	188	164	174	167	184	92	90	81	93	104	295	226	139	252	247	232	271	434	171	118	124	117	199	139	118	97	262	140	198	173	164	118	191	180	278	551	398	184	221	296	389	163	165	261	254	322	203	231	485	375	136	414	103	215	253	736	206	345	490	125	187	251
	793.648926	132	402	448	146	360	120	218	1218	268	497	371	415	1558	655	459	433	662	198	217	209	205	168	174	186	147	78	94	91	101	97	283	291	162	235	262	204	263	421	149	150	150	89	202	116	118	115	226	139	180	131	167	124	173	183	295	439	423	216	235	248	372	185	164	217	275	314	234	228	416	357	143	409	80	221	250	754	249	363	470	155	199	266
	794.993591	144	372	436	104	405	138	208	1230	270	510	448	431	1520	647	451	452	554	190	197	215	210	169	162	198	164	74	78	81	86	96	259	252	152	244	204	210	297	425	126	106	113	96	172	108	121	74	225	162	226	167	163	117	158	162	267	448	397	178	241	346	368	170	175	247	268	305	228	191	390	330	155	360	99	188	225	732	218	372	463	136	170	247
	796.338806	145	366	423	125	346	132	197	1181	273	530	396	422	1502	590	453	473	621	219	184	201	178	157	160	172	158	67	72	84	80	92	256	247	145	231	240	204	255	438	160	122	133	105	158	110	129	107	220	154	163	149	178	112	163	196	305	414	421	207	231	285	349	165	157	210	294	336	217	207	418	347	152	412	94	185	265	723	236	376	476	122	206	263
	797.684387	149	383	411	139	313	116	197	1161	242	501	361	464	1539	624	415	441	603	193	171	184	182	141	162	184	130	88	107	89	94	82	239	242	134	208	242	189	287	407	139	130	124	111	179	97	74	85	189	164	174	140	166	95	127	188	279	420	361	179	205	226	326	151	152	205	308	280	250	195	389	329	138	372	89	173	216	721	230	351	410	110	156	243
	799.030579	158	351	361	150	314	110	172	1107	243	466	386	459	1445	628	480	419	542	225	191	202	153	176	169	175	156	73	59	79	91	85	244	232	169	232	217	188	260	399	153	118	102	99	212	101	113	73	191	143	219	152	185	109	170	195	248	456	355	193	188	263	357	174	160	248	241	302	221	224	383	317	148	326	103	216	230	780	224	383	443	145	169	216
	800.377319	134	336	412	134	330	117	196	1138	238	483	393	415	1467	574	448	465	607	189	170	212	134	151	157	221	162	87	80	58	93	82	245	228	146	203	197	181	275	373	129	113	98	88	184	122	94	90	226	157	185	147	154	111	150	173	259	425	364	211	182	255	328	187	159	235	234	270	229	222	376	348	142	330	83	208	239	730	237	334	443	122	184	225
	801.724426	125	388	382	85	291	103	194	1131	217	495	358	423	1379	578	473	446	524	184	185	216	167	162	186	185	143	98	68	69	84	89	226	217	137	204	205	183	230	397	117	125	120	96	167	83	105	79	211	135	191	119	174	90	154	152	254	433	368	178	187	238	340	163	153	215	259	268	203	190	372	323	116	303	94	191	219	648	184	333	421	150	180	241
	803.072021	143	340	375	96	339	116	180	1086	204	493	355	413	1375	623	458	453	540	219	183	180	123	147	141	161	143	95	90	64	71	73	236	239	123	193	208	184	245	376	124	132	111	109	159	111	112	67	178	134	167	132	178	88	160	155	269	430	347	177	189	262	335	145	169	208	239	276	214	213	370	314	188	353	101	202	221	693	225	312	408	107	172	222
	804.419983	148	337	357	120	329	111	188	1093	203	457	354	397	1375	599	399	442	538	192	146	177	137	132	122	143	126	90	88	71	65	88	235	229	121	196	218	201	257	333	139	112	136	72	183	105	112	83	188	124	175	134	182	118	162	155	247	424	347	166	204	237	373	152	122	181	226	279	200	180	348	319	170	341	86	185	231	718	203	342	397	79	175	218
	805.768677	130	346	337	98	286	132	163	1102	231	469	345	403	1343	543	415	430	530	151	186	166	157	142	154	156	154	70	63	47	90	77	222	222	152	199	202	155	239	353	176	120	101	76	161	118	86	83	196	111	153	157	153	109	137	149	245	384	315	161	189	260	360	141	124	177	237	264	210	179	358	277	142	355	82	157	235	647	232	339	403	94	167	192
	807.117676	129	335	354	114	293	111	164	1003	227	439	350	374	1327	543	415	400	462	188	150	149	162	151	172	172	164	83	63	54	87	81	218	189	130	163	163	167	234	338	112	97	126	91	153	86	110	70	178	142	153	108	160	81	142	143	251	407	317	173	176	209	310	148	117	161	241	254	201	156	315	265	109	337	96	161	186	603	212	335	379	100	157	206
	808.467224	152	292	335	68	301	114	158	955	238	457	385	381	1358	514	325	425	496	192	106	170	170	139	155	172	142	71	69	74	115	69	187	195	141	202	184	160	244	321	112	112	107	100	154	96	86	69	149	104	155	133	136	83	145	167	272	358	328	164	218	211	296	143	120	166	175	270	204	183	335	270	133	307	76	173	245	626	254	291	398	109	161	212
	809.8172	142	279	354	94	241	105	153	1023	234	419	346	374	1259	513	333	392	479	142	177	186	137	123	144	145	120	48	70	32	57	63	223	221	145	152	162	188	216	333	134	87	105	91	160	101	97	65	174	145	171	136	153	94	151	128	207	391	320	153	174	252	301	156	152	184	210	203	189	185	332	265	123	336	92	181	223	654	179	328	374	105	182	205
	811.167725	94	273	330	114	296	67	160	962	188	444	317	345	1182	470	348	428	454	172	156	150	140	124	133	157	131	80	86	54	78	75	218	203	130	164	150	136	210	343	122	105	84	86	146	87	89	65	159	145	169	115	151	76	141	141	219	396	283	145	176	209	224	150	136	168	191	244	186	172	312	281	123	300	80	137	178	594	202	287	353	95	166	166
	812.518677	105	298	312	63	276	116	156	928	225	394	298	351	1139	525	362	380	439	139	164	150	129	110	130	157	119	47	56	65	80	85	213	200	130	177	172	184	224	322	106	106	74	81	117	103	74	74	161	133	168	123	184	85	111	127	198	360	299	144	173	218	262	130	108	132	203	229	160	180	291	279	121	314	75	151	203	539	150	246	374	85	153	183
	813.870117	119	286	309	85	253	92	138	968	194	437	288	390	1192	470	345	363	475	171	160	171	132	137	125	151	114	59	54	74	75	77	215	202	80	180	184	143	226	312	127	103	89	103	150	101	80	59	195	120	162	133	133	76	130	109	198	343	267	147	171	215	266	128	112	167	193	226	153	162	306	259	119	318	63	129	178	560	184	280	400	97	112	181
	815.221985	93	263	275	120	273	93	168	899	204	414	329	340	1098	455	358	327	395	138	147	167	174	151	127	154	117	41	47	65	60	67	205	174	95	132	172	161	191	299	112	88	71	63	129	88	89	55	163	98	162	135	142	97	98	118	210	306	251	135	162	244	248	159	104	159	204	209	158	158	272	260	118	329	99	162	164	561	155	281	358	87	133	180
	816.574402	96	256	245	68	244	90	162	820	201	413	310	328	1084	455	381	362	445	140	168	163	126	109	117	152	127	60	53	53	61	56	166	160	120	156	169	142	197	261	119	94	65	62	140	92	70	42	181	83	155	110	134	96	104	105	234	310	264	148	175	194	248	141	99	162	196	205	148	139	289	262	120	257	68	140	156	537	167	301	324	78	131	185
	817.927185	106	240	272	65	234	89	139	834	181	360	264	320	1056	465	373	334	370	143	121	170	123	119	109	130	108	53	40	51	70	69	196	183	117	166	135	141	178	283	96	84	80	91	144	80	81	67	147	99	184	109	154	62	105	105	200	284	269	123	147	196	235	154	88	131	189	204	184	127	281	236	113	294	69	133	175	545	165	257	359	129	140	191
	819.280579	99	278	272	70	215	89	131	761	161	349	290	297	985	397	384	334	383	146	120	131	138	82	87	116	83	59	46	63	46	82	184	161	85	146	139	125	217	225	99	81	83	62	113	67	56	49	140	130	140	112	140	90	150	112	186	274	252	141	130	241	265	149	136	147	157	186	147	144	277	243	112	288	67	133	179	452	183	252	317	76	125	168
	820.634521	112	249	254	74	226	102	121	734	192	366	270	331	924	403	318	315	369	134	140	106	138	126	130	126	134	64	37	65	44	48	170	157	100	143	176	144	213	259	78	79	73	59	136	91	79	43	136	89	172	127	127	78	111	104	170	228	242	123	153	187	260	116	105	135	155	180	147	148	236	231	81	226	71	158	156	489	175	237	313	69	152	165
	821.98877	97	231	249	90	204	69	136	751	167	367	279	323	916	401	277	323	392	116	128	131	107	99	95	116	99	51	45	42	53	55	153	143	101	117	136	129	174	274	82	101	82	76	123	106	82	63	154	94	128	92	118	66	99	92	179	282	212	112	164	166	248	89	127	162	191	177	139	138	249	178	118	270	64	159	152	539	208	255	323	87	127	167
	823.343628	88	238	233	67	230	80	124	754	156	339	264	309	992	357	314	299	358	135	135	135	115	111	144	143	119	47	51	70	30	55	179	162	86	156	150	122	184	254	113	82	75	59	98	66	72	49	150	112	139	100	115	90	104	123	168	250	220	108	142	184	208	126	89	165	184	171	137	146	243	221	106	239	74	103	166	452	179	224	329	70	109	142
	824.698914	87	228	248	71	232	65	128	738	171	342	267	275	923	404	280	294	374	125	140	101	78	101	128	132	95	36	53	29	51	57	180	174	98	137	136	123	172	250	89	71	80	62	129	80	49	65	149	106	140	125	124	79	111	100	190	292	237	137	138	167	218	105	125	125	144	176	137	131	263	203	104	242	52	113	150	457	158	247	289	48	110	154
	826.054626	99	224	221	85	211	60	131	707	174	340	257	245	794	382	282	284	377	146	124	112	125	113	99	126	102	44	56	48	41	55	160	166	84	142	124	136	150	241	86	88	76	66	114	69	113	45	121	102	145	95	115	71	124	95	186	239	228	122	127	194	205	110	119	132	158	171	171	129	242	218	74	224	73	126	154	487	136	240	323	88	131	135
	827.410889	100	215	195	31	191	90	93	701	176	309	237	269	871	337	289	281	373	124	141	135	86	82	81	115	93	44	43	36	55	60	183	162	89	133	106	130	131	242	73	75	69	53	113	75	72	61	124	93	120	94	137	67	79	105	166	234	231	138	123	168	226	126	99	130	153	171	143	126	211	182	100	218	59	102	98	411	160	251	319	79	121	114
	828.767578	82	214	235	78	212	85	126	710	133	306	213	234	841	334	284	332	393	104	114	110	84	75	118	149	83	39	42	75	76	64	132	147	90	122	162	129	179	247	87	66	72	64	113	52	62	74	123	85	159	112	134	59	106	68	190	250	236	101	138	171	263	123	98	116	148	168	141	125	203	164	89	231	54	133	138	384	159	252	326	88	113	143
	830.124817	94	226	204	67	198	71	92	659	151	324	215	269	853	351	263	290	362	117	128	105	140	95	102	138	100	62	64	41	57	35	140	138	65	117	122	115	163	251	66	90	72	53	124	73	65	65	142	94	143	101	142	84	79	113	162	238	219	116	128	171	247	94	111	121	171	147	122	150	254	214	106	224	85	138	148	417	149	206	290	89	124	128
	831.482483	97	230	215	98	182	76	119	652	149	348	194	270	758	342	273	270	322	125	115	114	120	78	107	131	82	64	60	59	50	29	135	125	93	131	140	121	174	225	83	74	69	77	108	83	77	70	115	101	127	77	105	51	87	100	168	216	202	93	136	175	180	89	98	111	140	133	120	109	234	218	105	240	72	132	131	374	172	255	292	74	114	128
	832.840576	79	222	183	44	157	59	128	594	140	326	217	241	867	337	282	307	369	140	112	117	118	106	104	121	79	53	44	48	54	52	154	122	83	124	128	141	140	217	79	53	116	70	89	86	62	39	122	106	103	84	107	53	113	86	165	266	175	100	122	208	191	116	115	141	144	155	123	123	247	201	87	233	50	140	135	407	142	224	276	65	136	140
	834.19928	58	221	235	41	222	87	123	618	109	340	203	254	798	343	257	308	361	143	93	100	115	94	108	115	84	60	38	46	63	59	132	167	80	124	106	119	141	210	79	70	60	57	122	65	78	44	109	98	98	89	96	74	84	86	177	259	206	92	140	168	207	109	96	115	125	162	122	132	234	203	97	198	41	133	127	402	146	200	291	109	92	158
	835.558411	94	208	186	55	191	72	136	621	144	332	224	239	815	295	264	308	351	123	129	116	143	93	83	109	86	38	56	39	51	43	124	132	80	114	91	126	143	172	73	77	84	57	92	69	77	75	105	74	128	101	126	64	95	89	147	236	171	96	128	161	213	103	92	109	96	166	124	123	225	165	102	198	46	105	135	382	144	217	298	69	104	147
	836.91803	88	209	223	45	177	59	84	684	118	276	203	208	805	337	241	272	338	116	134	101	120	69	102	100	90	40	45	56	40	65	152	130	79	147	131	133	143	205	82	94	67	96	103	50	52	54	120	96	117	90	119	57	103	87	129	230	201	85	119	149	195	85	83	95	160	157	127	97	241	207	104	216	45	107	135	361	162	237	266	85	116	132
	838.278076	71	181	189	47	163	66	108	618	127	271	218	238	731	337	308	266	333	120	99	103	99	82	84	90	68	27	40	59	39	48	155	121	99	119	126	113	139	191	65	86	98	79	79	55	67	42	134	92	94	76	108	71	94	116	125	218	180	89	119	160	188	103	74	120	145	132	118	136	183	179	100	252	70	110	118	375	187	237	272	86	96	142
	839.638672	61	204	179	57	178	73	123	598	126	253	176	239	727	284	229	281	344	120	105	82	109	85	72	82	88	47	42	45	44	57	134	136	69	129	96	98	123	198	76	83	66	41	118	73	57	41	97	104	120	89	119	50	67	73	118	232	177	92	126	128	199	87	91	99	138	134	116	114	218	160	94	211	24	106	127	354	142	187	275	73	130	109
	840.999695	72	151	181	46	185	56	112	602	131	283	199	235	729	322	236	269	324	114	96	98	85	81	74	101	95	39	30	48	35	51	128	124	65	92	95	109	148	215	78	96	63	65	109	46	56	52	105	79	126	94	107	69	84	87	138	194	198	63	119	157	192	106	63	106	118	145	96	105	191	178	95	213	53	106	118	318	140	172	257	69	108	102
	842.361206	89	195	180	62	151	72	102	524	134	256	197	244	693	328	227	238	289	103	98	104	92	79	83	109	112	28	44	29	25	41	123	121	94	108	74	90	144	151	76	83	50	65	99	49	60	37	105	73	126	66	68	54	76	61	111	225	169	79	107	177	171	109	59	136	152	165	110	123	175	167	57	210	61	93	123	317	135	184	262	82	128	134
	843.723206	60	162	179	39	177	43	88	556	122	268	184	219	667	298	225	226	293	87	106	84	96	74	74	92	87	38	41	16	54	56	112	102	78	106	79	103	135	160	65	101	57	48	123	59	61	49	102	71	118	53	91	52	106	60	139	194	151	114	119	174	202	84	73	95	121	113	103	71	192	99	111	174	20	107	121	322	145	193	224	48	89	123
	845.085693	82	163	180	62	170	69	91	601	126	245	187	217	656	311	251	230	274	102	91	66	87	94	83	110	100	41	46	29	48	55	118	108	85	97	91	101	136	167	63	66	84	52	74	29	46	46	97	89	97	101	101	54	72	74	142	179	162	66	121	137	167	89	94	95	126	115	89	89	194	142	82	224	61	88	124	356	121	171	218	64	117	113
	846.448608	63	151	161	49	133	51	80	528	145	208	166	219	694	236	224	223	292	105	89	87	106	81	100	94	92	32	12	50	52	36	106	134	78	81	77	99	132	137	71	61	70	57	100	53	44	45	132	90	92	70	91	43	112	61	118	194	152	84	127	141	173	83	73	104	106	113	113	92	176	145	75	189	75	81	125	332	119	164	267	64	85	77
	847.812073	74	173	152	48	153	49	102	535	98	230	178	206	597	234	205	222	257	99	94	68	85	67	76	103	63	15	42	37	39	43	97	119	67	100	90	100	126	199	70	61	37	56	74	56	92	28	99	65	118	71	93	62	72	75	134	155	145	95	118	119	160	78	83	99	121	107	77	94	162	126	66	177	43	108	93	282	136	181	248	61	118	123
	849.176025	85	155	146	58	161	55	85	496	105	255	175	211	608	285	211	188	296	97	105	72	85	78	85	70	73	18	27	45	42	45	130	112	60	74	87	73	119	170	63	57	49	42	88	69	50	28	103	63	92	79	72	78	74	81	108	167	133	75	115	128	178	64	67	99	113	112	94	91	152	149	80	191	52	94	101	276	143	171	220	65	76	113
	850.540405	63	153	177	50	152	51	114	467	117	226	190	179	567	258	212	188	230	100	82	102	89	82	107	75	90	24	35	34	31	25	115	135	68	93	84	95	90	191	89	61	31	46	106	47	72	37	103	63	89	80	85	47	62	72	107	172	124	67	101	130	142	91	71	91	110	132	96	97	202	141	63	167	60	101	79	297	136	150	235	60	105	103
	851.905273	63	146	144	41	137	48	66	448	104	259	171	188	535	224	206	206	244	94	79	92	74	72	68	116	77	25	39	48	62	73	112	95	83	92	83	79	140	159	84	73	51	54	83	59	31	44	84	72	105	84	82	64	83	73	95	184	113	107	97	127	145	51	74	79	100	113	92	106	158	144	82	143	61	110	66	275	109	184	224	54	87	109
	853.27063	69	144	179	51	127	51	80	448	109	235	162	167	555	243	198	210	247	82	69	59	79	73	48	80	67	25	60	45	41	47	80	92	72	104	90	66	120	143	59	49	49	46	93	43	65	43	99	47	122	76	80	55	72	56	97	165	162	60	87	126	149	72	69	68	88	120	84	104	144	147	53	175	38	91	106	252	112	157	262	51	80	125
	854.636475	68	121	138	53	135	62	84	449	119	241	149	171	538	230	167	222	227	79	57	98	72	80	81	87	86	33	55	35	41	54	96	110	80	93	81	80	114	133	66	73	48	39	88	70	54	48	91	57	83	82	115	34	75	86	103	169	131	80	119	127	130	79	60	85	86	115	89	78	190	146	56	140	53	88	95	255	126	161	200	81	99	107
	856.002808	74	132	150	40	136	81	73	413	114	223	135	162	514	201	202	196	238	73	57	84	62	63	80	76	62	24	35	36	21	37	96	104	90	89	93	74	111	164	74	69	43	35	76	48	45	54	78	66	99	77	65	83	77	40	102	163	146	74	99	100	136	59	95	83	103	130	88	86	113	143	58	161	37	74	85	231	140	144	218	47	98	96
	857.369629	82	134	145	45	138	43	55	403	95	211	152	167	492	237	192	198	240	86	83	106	89	66	83	86	69	23	42	33	30	25	107	97	66	79	78	71	114	151	60	74	35	38	81	38	47	36	72	75	94	80	62	41	49	62	91	149	127	69	94	99	141	62	60	76	58	101	76	62	159	111	82	154	56	84	77	274	141	181	173	64	107	100
	858.736877	82	123	123	51	154	34	81	429	111	219	146	163	513	187	206	227	228	75	76	117	68	65	63	78	85	29	37	38	42	49	103	99	38	73	74	66	121	157	52	28	43	22	86	42	30	30	80	47	85	77	72	42	64	62	93	145	122	62	104	116	157	40	57	63	104	109	87	72	154	127	69	148	42	80	68	240	122	148	184	69	73	109
	860.104614	82	117	115	48	122	35	67	402	104	194	142	154	485	198	177	160	194	70	60	62	67	45	53	73	71	44	26	31	33	41	95	103	62	80	79	80	100	137	58	69	41	66	74	67	37	47	98	73	100	56	67	32	55	61	112	136	117	63	101	115	140	72	67	54	95	93	94	76	158	102	62	123	40	82	96	248	113	153	200	57	56	77
	861.4729	53	120	133	33	129	69	92	463	99	200	125	179	459	188	179	180	209	65	87	65	84	65	64	67	75	39	31	27	38	41	87	87	51	92	94	79	85	104	56	31	40	55	71	39	58	48	92	58	82	74	86	35	54	42	81	128	132	57	100	125	117	59	70	80	96	75	81	79	175	118	61	127	49	99	72	243	99	159	196	46	93	103
	862.841614	58	136	118	38	141	43	50	395	103	237	130	155	473	210	187	163	210	71	76	47	87	49	40	87	54	33	19	38	37	34	68	97	45	87	84	98	116	138	38	58	50	51	79	50	39	47	73	54	74	62	82	27	64	68	104	158	93	86	88	110	130	63	52	58	79	117	59	96	155	108	61	127	42	98	76	208	94	150	207	59	94	111
	864.210815	69	131	92	38	154	45	104	404	78	194	154	154	433	213	181	177	202	81	86	67	72	58	63	88	73	30	46	29	33	20	91	73	75	81	78	72	117	133	56	43	51	49	72	55	53	43	86	43	84	74	68	44	66	62	69	148	119	58	107	90	137	76	47	56	103	98	94	65	150	147	53	130	47	75	71	218	117	128	215	51	102	81
	865.580383	61	132	120	29	114	61	68	395	94	163	134	111	445	206	166	165	201	76	76	62	82	63	68	73	61	39	25	40	58	38	94	72	64	82	85	75	115	119	65	55	42	22	61	58	43	45	64	70	92	44	90	42	47	67	97	151	106	68	89	114	124	65	73	69	66	88	58	68	108	87	56	121	47	84	85	211	106	134	199	55	76	80
	866.950623	41	118	110	46	117	52	90	399	87	184	132	158	420	178	168	169	210	77	91	53	68	60	80	81	89	27	23	25	48	45	84	62	62	60	82	71	93	104	65	48	29	39	70	64	35	18	93	76	109	56	64	47	61	52	75	143	120	64	106	124	144	61	37	80	100	101	71	82	136	116	50	115	33	85	98	191	96	134	176	53	83	74
	868.321289	48	89	95	28	109	45	73	388	111	182	145	172	427	182	158	192	203	82	58	66	67	64	34	67	66	47	20	32	44	29	112	87	54	77	55	64	74	113	44	52	41	30	62	53	44	38	85	81	95	72	90	54	51	60	92	136	126	65	60	99	123	57	77	64	99	99	66	88	116	126	70	118	39	97	70	189	91	105	216	45	81	94
	869.692383	58	116	130	17	114	54	87	389	61	184	142	169	418	213	144	179	200	89	68	65	71	50	48	66	68	34	33	28	16	18	90	61	61	77	90	75	106	147	50	72	41	49	67	38	47	30	72	61	115	74	59	34	57	62	67	119	105	70	116	84	157	55	45	75	76	99	79	65	127	123	57	117	61	81	70	200	103	122	227	36	61	89
	871.064026	62	135	119	28	98	53	73	352	70	209	151	146	415	202	174	138	164	56	67	55	77	39	36	54	44	23	30	22	31	44	89	82	25	55	50	55	86	138	51	74	46	47	70	39	53	29	70	61	68	71	60	20	67	70	73	135	81	76	85	145	146	37	49	65	77	87	58	66	119	109	62	140	38	80	91	177	95	113	197	40	77	85
	872.436096	43	125	122	30	110	76	63	383	87	166	98	138	414	196	163	164	204	84	87	76	65	54	50	63	61	19	46	32	42	51	85	78	30	51	58	64	78	107	61	51	58	23	55	46	42	30	91	32	95	69	49	50	60	41	84	131	90	63	85	80	143	52	65	57	91	102	82	88	107	122	63	123	39	81	62	203	113	98	194	48	78	91
	873.808716	67	120	112	15	96	41	85	382	57	191	127	151	411	208	173	170	194	75	72	47	63	63	72	77	70	18	16	37	21	31	81	74	58	81	91	102	94	135	45	43	38	27	69	14	40	41	74	62	105	67	75	32	72	68	80	106	103	56	59	89	136	73	44	54	79	71	60	77	110	91	72	121	37	92	77	204	118	143	173	34	61	89
	875.181702	54	117	91	48	110	71	65	378	81	163	134	156	445	180	146	160	182	77	80	85	63	41	41	67	42	41	21	33	39	38	57	64	40	76	83	51	111	118	63	40	42	32	76	53	40	41	62	81	106	79	61	29	54	56	87	126	91	65	87	99	136	73	69	67	82	73	102	79	125	118	58	119	43	97	64	173	93	112	205	43	94	59
	876.555176	42	83	101	34	136	31	76	367	74	181	142	157	400	168	152	149	175	74	70	60	93	57	59	66	49	30	37	25	45	56	75	59	32	66	67	68	83	117	53	63	46	31	70	31	56	30	94	89	104	52	80	70	69	68	89	93	82	75	72	71	111	45	51	73	84	68	44	81	108	104	55	130	30	66	57	186	103	132	197	42	68	110
	877.929199	54	105	118	34	114	41	89	346	70	189	133	153	414	194	176	156	202	70	69	66	71	73	81	77	89	28	26	24	37	30	91	81	53	73	63	59	80	120	68	53	41	46	66	44	28	14	87	57	92	78	70	32	46	55	94	120	103	64	77	95	113	64	57	54	79	82	69	60	110	115	44	116	25	68	82	176	111	139	206	60	71	73
	879.303711	59	136	118	38	101	42	62	334	60	176	143	156	402	164	160	169	205	65	64	59	60	35	40	53	28	45	29	37	41	34	58	47	67	73	70	60	74	149	50	49	43	48	66	52	27	29	84	76	79	71	78	41	49	64	99	111	124	61	73	94	110	44	63	72	80	91	83	92	113	83	74	127	33	68	69	167	91	138	204	35	85	101
	880.678589	63	109	130	21	108	35	73	336	64	177	109	153	365	188	154	164	183	49	73	56	56	72	60	100	72	33	13	21	31	35	73	87	46	55	55	61	80	113	54	44	34	28	61	30	33	53	83	62	89	55	54	34	34	51	107	128	98	47	97	65	130	55	44	56	54	75	58	80	112	93	71	119	36	104	76	171	101	169	184	65	83	85
	882.054077	57	108	76	24	117	32	79	337	64	184	131	149	361	137	149	171	194	65	74	62	66	62	46	62	62	9	22	19	35	31	85	80	52	72	36	55	104	106	47	52	42	43	72	42	40	43	76	91	92	57	58	20	47	61	103	114	86	53	76	102	138	36	37	68	91	91	62	59	99	91	70	90	24	94	68	160	107	140	183	31	70	82
	883.429993	41	102	112	26	123	49	61	272	72	170	92	122	363	214	149	154	171	60	73	64	71	50	70	67	60	29	28	24	29	44	84	87	43	72	52	69	96	117	44	49	40	56	39	51	52	43	63	50	88	63	76	19	38	60	89	117	114	65	77	113	133	58	49	43	81	70	73	63	131	89	58	110	36	73	69	175	102	148	184	36	82	85
	884.806396	43	117	116	18	98	44	65	328	80	152	128	136	361	158	145	160	167	52	64	65	68	61	60	55	58	34	28	24	48	37	59	72	55	52	31	79	95	103	55	51	48	43	63	27	54	32	66	41	63	54	85	46	49	59	69	106	98	63	92	95	126	42	36	52	73	61	71	49	105	103	66	102	39	77	83	178	86	138	190	39	92	84
	886.183289	41	85	80	15	126	49	80	334	62	157	90	133	347	155	149	119	165	76	70	81	68	43	54	43	45	21	28	29	38	34	67	64	40	72	53	65	73	106	68	54	29	32	61	55	36	34	71	58	92	46	61	15	49	66	89	100	74	76	71	94	130	49	44	81	76	80	62	77	102	93	54	87	44	89	60	172	75	144	220	57	81	103
	887.56073	50	108	92	39	104	48	65	317	63	122	87	114	341	156	140	132	141	50	40	51	65	50	48	72	38	45	24	31	45	31	98	80	54	62	70	55	102	78	51	41	28	47	52	27	44	32	69	43	81	60	47	37	32	52	96	98	80	74	52	94	118	57	41	39	72	64	45	67	101	88	58	112	42	106	62	166	74	145	206	40	74	78
	888.938477	63	93	89	25	82	41	93	257	56	127	93	112	294	152	106	122	168	67	64	59	66	38	39	59	40	31	15	37	33	27	60	42	58	75	71	69	103	109	48	25	53	30	45	51	69	36	79	57	79	62	62	31	43	48	74	91	83	68	71	71	106	53	46	53	78	89	99	63	108	74	75	104	37	98	42	157	141	119	179	37	63	68
	890.316772	17	125	91	12	107	46	55	264	82	148	116	117	319	146	153	131	140	58	65	64	63	35	43	45	37	43	13	16	31	23	81	87	43	65	54	57	101	115	54	36	34	21	43	40	34	33	57	48	68	43	60	34	38	44	61	81	113	45	101	91	139	28	47	72	67	77	75	69	108	65	47	95	32	84	57	153	74	117	184	44	70	80
	891.695618	48	93	80	28	82	40	58	269	77	150	111	116	270	171	113	107	133	47	62	65	54	73	68	61	70	4	22	13	18	35	72	51	50	63	53	45	66	99	44	22	32	18	53	37	31	39	57	63	71	49	73	33	52	41	42	91	81	54	91	66	93	58	42	58	79	63	64	58	81	69	65	89	34	75	67	163	84	100	194	50	75	54
	893.074829	46	91	83	9	78	46	57	313	65	154	116	116	292	112	125	125	126	59	54	37	71	45	37	55	28	31	18	11	44	42	59	66	54	29	35	57	85	89	33	43	33	20	60	30	52	13	57	50	72	54	68	34	67	36	76	75	85	53	56	83	99	47	55	70	64	82	54	74	118	81	50	109	34	80	80	149	76	119	170	27	64	66
	894.45459	62	82	96	17	78	33	58	278	57	145	87	107	253	144	107	122	128	41	69	44	58	35	33	39	45	27	16	24	23	33	70	59	79	44	36	69	67	82	28	68	30	20	55	35	45	16	53	65	74	47	40	39	56	45	69	80	76	55	50	74	86	46	42	48	77	72	76	85	93	65	63	92	49	39	44	168	68	115	156	42	49	92
	895.834778	43	95	76	25	103	39	55	255	81	124	94	124	307	155	119	115	158	72	48	57	53	32	47	19	34	56	29	32	16	23	47	58	51	63	78	48	63	80	29	46	49	36	55	41	41	34	53	47	71	65	44	33	35	45	60	77	91	57	60	103	86	31	41	51	67	83	59	46	79	73	55	95	32	60	74	159	78	109	188	43	46	90
	897.215576	58	93	61	18	83	17	37	275	68	130	78	110	290	127	118	93	149	74	34	53	51	33	36	65	41	22	13	25	19	9	59	50	39	52	55	47	75	50	50	45	27	33	40	39	36	24	56	36	79	56	66	50	35	36	54	82	85	48	52	62	104	49	39	53	46	65	84	48	100	72	46	94	46	77	48	123	79	126	160	43	47	73
	898.596802	55	83	93	19	82	34	44	276	66	144	131	130	281	152	112	104	139	60	59	52	58	44	37	40	43	19	1	35	39	31	68	51	59	24	45	69	60	74	40	41	35	27	35	41	43	18	59	66	58	53	49	28	37	55	63	109	58	44	55	95	116	38	26	53	80	72	58	60	75	66	39	94	23	76	50	145	89	108	146	37	24	69
	899.978516	66	81	85	30	84	35	60	261	61	156	104	108	312	149	98	87	121	58	51	34	81	48	39	49	35	23	5	34	26	20	36	53	44	56	57	28	65	113	35	49	43	25	36	16	29	22	34	77	82	54	58	39	42	39	42	60	87	36	52	74	91	32	25	46	77	54	55	60	63	62	36	81	27	78	54	134	60	116	154	44	80	78
	901.360596	37	79	69	21	111	30	21	280	61	137	118	117	306	127	107	130	129	60	14	47	60	50	46	49	53	35	25	23	23	34	57	58	58	48	53	57	69	65	42	51	31	42	42	42	37	26	62	53	62	50	35	48	43	46	71	78	76	35	61	80	106	44	34	46	63	63	57	50	103	68	54	71	45	71	53	132	73	89	163	36	49	55
	902.743286	46	85	79	22	60	33	63	260	71	121	86	117	269	112	91	131	144	67	53	54	47	33	42	55	63	13	18	27	23	35	56	48	28	50	51	53	86	73	26	51	34	19	36	29	28	28	45	61	66	49	38	33	52	47	68	81	89	29	61	98	115	31	41	56	36	64	71	53	80	100	41	86	29	44	66	138	86	113	175	38	62	55
	904.126404	38	90	78	33	92	23	48	283	54	129	79	126	237	145	112	117	122	43	54	51	47	40	34	45	33	25	17	43	43	19	26	27	44	28	55	49	65	73	45	42	18	43	33	26	31	21	52	55	71	45	49	37	28	36	73	80	49	51	63	104	98	36	41	55	55	57	45	47	56	89	54	54	13	46	62	149	64	105	153	43	38	62
	905.51001	52	86	80	41	98	25	40	233	52	137	77	95	275	129	124	135	118	60	41	55	50	50	54	48	54	26	8	9	16	14	52	54	25	38	32	52	39	93	49	32	7	5	35	23	42	39	56	48	75	44	46	27	27	30	53	50	75	55	39	66	93	52	35	38	44	67	46	58	62	74	48	58	48	73	40	154	83	108	151	35	60	58
	906.893982	41	82	84	37	94	35	21	213	55	123	79	112	246	102	99	108	119	45	31	44	34	40	42	42	17	16	24	20	21	12	44	45	61	43	46	63	91	57	40	34	34	22	47	31	44	37	55	47	54	46	60	35	45	27	60	76	82	50	59	68	76	32	25	40	34	42	50	57	78	78	50	108	32	66	46	154	58	96	180	43	56	54
	908.278625	41	84	77	20	75	34	53	213	61	132	73	119	256	147	118	110	99	55	43	63	56	45	29	40	52	10	27	15	32	25	53	51	33	64	42	54	71	69	38	28	14	21	49	53	14	31	33	53	79	49	32	29	48	32	59	62	94	72	63	60	105	60	34	38	57	41	52	61	80	67	38	62	27	60	46	125	104	89	136	16	65	65
	909.663696	27	69	65	19	75	30	50	233	54	129	104	151	271	158	86	93	84	58	33	42	40	43	35	54	32	24	12	16	33	29	51	57	31	22	25	51	70	71	55	18	40	24	48	35	16	25	55	47	71	65	41	19	34	38	63	87	48	49	64	76	108	28	32	40	51	45	47	45	88	55	48	71	9	66	54	109	51	95	144	38	57	81
	911.049194	29	86	87	31	87	35	33	209	46	115	79	80	224	97	113	95	107	48	48	51	58	47	44	61	45	14	13	28	30	32	58	53	31	27	47	62	67	83	36	13	32	-3	51	9	23	34	61	51	54	49	45	47	23	26	52	88	67	50	87	67	94	43	32	34	52	47	44	62	68	53	16	74	27	71	54	98	82	92	154	30	55	58
	912.435181	27	90	75	50	72	33	32	218	44	103	81	121	238	109	78	67	91	48	57	29	66	41	52	46	41	23	36	17	13	23	48	76	50	24	35	48	66	67	31	39	14	25	36	29	36	28	52	43	48	43	44	28	54	35	37	67	82	58	43	70	85	35	32	42	62	70	50	33	76	68	28	92	16	77	57	133	75	94	173	35	56	47
	913.821716	39	83	50	37	70	25	63	212	66	102	88	94	211	116	77	85	82	35	23	56	40	35	23	45	21	22	29	27	33	32	23	53	29	24	51	36	66	56	35	32	22	25	44	35	41	21	54	44	63	51	57	27	31	23	62	79	41	35	37	73	105	35	34	29	51	52	39	44	67	50	26	79	24	62	47	77	67	74	131	25	71	35
	915.208618	39	57	65	16	68	18	25	218	54	105	65	87	212	102	117	100	99	47	21	22	28	22	18	40	31	11	9	15	25	27	53	49	51	25	44	50	40	63	27	43	30	23	40	47	25	32	33	46	42	26	54	28	20	40	56	71	62	39	39	76	67	17	25	51	45	43	56	44	64	73	41	66	14	45	44	121	71	100	158	33	46	63
	916.59613	35	74	49	15	73	48	49	189	69	124	89	128	231	117	89	103	87	55	42	25	48	64	40	61	52	11	16	24	31	26	37	29	43	42	49	33	69	86	34	28	21	41	38	42	15	40	30	61	28	41	43	33	37	22	41	58	66	24	51	36	72	36	19	58	51	32	56	66	70	44	26	50	11	61	29	121	93	71	120	-1	35	55
	917.984009	35	54	67	30	52	36	37	232	43	73	92	116	232	109	64	92	79	43	32	49	55	31	36	33	47	22	5	11	17	28	58	44	41	42	43	23	78	64	19	30	21	21	39	30	22	18	45	29	47	30	44	23	14	30	28	44	51	29	49	86	93	46	21	39	68	40	51	25	51	71	43	77	43	52	54	110	52	82	150	43	52	45
	919.372375	20	64	78	10	77	34	63	198	47	97	77	76	207	135	109	91	79	27	41	56	43	59	66	57	61	19	29	12	25	9	51	59	30	47	42	49	53	68	41	29	23	21	35	20	34	11	68	62	62	38	36	47	10	29	22	83	56	36	44	60	87	35	15	32	51	29	61	47	69	66	31	66	39	61	39	117	70	75	138	29	69	51
	920.761292	44	57	81	17	70	11	58	202	48	90	68	91	200	68	71	88	90	45	38	23	41	41	36	30	40	13	15	31	17	23	50	53	26	37	26	30	59	32	38	31	31	34	35	24	28	26	50	45	65	49	35	25	30	19	26	59	57	46	56	72	65	28	30	31	42	60	43	48	75	28	21	56	19	62	56	88	64	84	110	36	31	38
	922.150574	28	68	52	26	82	20	43	185	61	123	59	63	196	92	67	65	53	41	31	28	32	27	31	27	20	17	14	-1	34	32	43	25	36	26	20	35	74	64	27	30	31	14	31	6	27	21	35	45	40	53	41	48	21	13	37	50	40	40	51	77	75	45	41	21	42	59	37	36	83	34	28	76	27	62	64	100	55	59	138	26	36	38
	923.540527	21	53	53	20	47	29	31	215	34	96	63	71	186	112	78	85	91	43	23	24	53	27	39	49	36	17	16	1	22	32	32	23	27	25	29	24	75	80	45	20	18	14	31	6	13	20	50	34	56	51	58	9	23	27	50	56	67	32	52	64	77	10	24	41	46	60	40	33	62	48	37	60	26	57	50	88	56	73	99	33	34	62
	924.930786	14	69	40	-13	65	16	42	191	42	93	59	71	219	91	82	89	88	26	33	38	41	40	39	41	44	26	19	19	20	0	32	15	13	42	47	40	65	60	34	23	30	15	26	14	47	19	52	38	49	34	46	18	26	32	57	53	50	32	52	54	77	31	23	49	29	36	20	52	61	44	33	41	21	57	49	95	40	59	135	17	57	60
	926.321594	27	45	54	17	58	18	35	204	50	106	88	83	197	68	78	90	77	47	43	36	46	21	20	47	28	12	5	25	10	19	28	47	28	40	33	46	50	61	27	39	20	23	23	37	29	37	35	42	56	33	46	20	33	23	46	54	57	31	26	83	68	41	41	31	42	25	22	25	58	63	55	55	24	60	56	98	34	64	103	39	60	56
	927.712891	28	39	49	26	61	24	31	153	36	70	67	80	156	102	60	82	86	24	41	47	49	47	48	50	44	10	3	6	21	32	40	41	24	33	26	7	48	74	26	33	22	-1	38	40	30	27	52	40	60	20	41	40	30	31	54	36	63	40	42	51	76	43	29	58	45	53	40	53	53	60	28	52	11	44	33	80	37	71	124	29	41	50
	929.104614	34	61	53	23	60	8	32	159	36	61	55	82	192	99	75	55	87	42	27	39	38	29	32	30	26	17	16	16	13	13	29	31	43	39	40	23	46	40	30	38	20	14	43	14	9	38	56	19	59	30	31	4	15	23	40	58	63	39	43	48	70	26	36	21	43	60	62	28	43	60	11	64	28	53	52	102	43	71	125	28	44	33
	930.496826	35	56	41	29	51	13	47	149	59	91	57	76	147	58	77	83	66	34	35	40	7	32	14	57	22	17	11	11	2	10	35	14	21	39	24	42	46	63	48	35	12	25	18	21	32	28	39	33	64	46	50	42	26	28	47	44	53	50	62	47	44	20	10	30	52	47	33	17	41	41	35	73	30	55	52	103	44	63	113	21	42	37
	931.889587	45	42	44	26	66	26	37	162	55	71	56	57	169	56	65	59	79	42	32	30	18	35	20	43	63	26	12	6	7	7	22	-1	25	28	21	41	44	44	40	30	18	22	44	7	12	22	45	57	42	43	23	16	40	20	38	29	69	26	36	56	66	19	38	26	35	44	41	37	65	60	16	61	25	60	32	90	16	85	113	23	46	30
	933.282776	38	75	73	22	50	32	46	148	62	71	52	81	169	80	54	58	65	41	39	53	29	29	13	33	26	20	13	2	0	7	30	42	26	45	28	38	48	49	21	22	11	14	22	16	16	19	33	40	43	37	21	28	24	24	42	15	43	21	53	43	79	25	14	33	64	42	57	39	52	51	33	49	15	48	35	85	49	82	112	37	40	46
	934.676514	40	51	44	14	58	17	45	130	39	76	48	57	167	82	60	78	83	34	21	28	23	36	37	42	28	31	8	1	20	10	11	26	22	34	20	32	53	25	28	19	26	26	29	36	22	16	38	19	43	32	54	22	26	25	19	46	51	37	31	56	56	29	27	14	42	38	36	25	68	31	43	69	35	58	51	78	66	46	128	28	51	26
	936.070679	25	85	50	11	41	23	41	157	38	109	58	62	158	103	62	63	84	34	40	31	43	43	34	43	28	5	24	15	12	6	40	26	18	33	32	37	34	63	27	24	20	-3	26	33	34	10	48	17	57	28	13	35	34	35	24	28	49	41	31	33	76	12	16	23	42	40	47	45	42	45	34	54	17	57	49	79	43	75	107	33	36	54
	937.465271	23	53	41	-4	56	20	52	162	36	66	55	65	137	48	62	58	62	15	35	30	36	33	31	44	35	9	3	14	9	22	34	30	18	35	34	36	60	56	33	32	43	16	8	25	22	41	47	61	46	36	13	27	40	10	30	50	43	55	39	51	57	31	20	54	52	30	60	26	65	41	59	50	11	42	51	84	28	34	119	30	27	53
	938.860413	23	58	36	26	53	9	37	144	28	71	61	59	120	70	52	84	55	29	24	38	35	25	42	40	41	24	14	25	2	2	27	26	28	44	26	28	63	49	15	14	25	24	22	22	16	22	26	40	48	29	41	22	32	30	36	69	47	40	48	61	57	20	23	37	27	55	56	41	66	45	39	59	20	51	36	96	33	60	97	25	44	34
	940.255981	38	58	56	8	41	25	48	147	46	78	55	53	117	66	68	91	80	38	25	45	54	34	28	34	37	33	8	19	8	7	22	31	2	30	32	38	50	54	4	32	23	22	35	19	-3	26	46	37	54	20	21	21	21	44	30	51	25	26	49	57	65	44	16	30	25	33	46	30	43	48	22	44	17	41	35	73	42	68	96	19	41	43
	941.6521	24	49	33	19	54	21	58	144	45	78	39	69	115	55	51	66	67	37	35	54	41	40	35	41	33	19	15	6	5	23	32	26	31	30	14	45	28	53	36	26	26	8	16	22	10	8	45	36	51	40	39	31	16	27	49	38	29	32	37	36	30	29	22	36	25	31	29	39	36	36	43	46	16	46	39	79	53	52	107	17	21	51
	943.048584	32	41	47	8	49	26	26	148	36	42	55	45	126	68	47	43	86	53	10	28	28	23	19	31	30	10	10	20	31	5	17	3	34	27	25	32	56	48	13	47	19	14	9	6	12	15	51	37	29	16	30	18	45	37	18	44	26	27	47	69	62	30	11	30	17	25	48	27	47	39	20	30	7	42	43	70	45	49	123	33	28	47
	944.445679	31	45	31	13	50	16	14	135	37	48	41	35	110	62	53	56	56	24	21	32	21	32	23	34	31	13	5	20	34	39	37	37	19	33	16	39	13	25	22	31	17	9	20	21	17	15	49	24	24	48	24	9	16	33	26	42	44	24	37	42	30	40	18	19	61	35	39	31	45	33	32	33	24	51	21	81	41	57	107	36	42	28
	945.843201	32	45	33	26	37	26	19	126	26	65	30	30	133	47	32	45	51	18	29	38	20	34	25	58	30	5	16	20	13	12	23	16	35	23	36	36	36	41	19	30	7	18	21	-3	25	19	28	58	37	29	27	9	33	23	-1	57	36	8	28	37	56	20	10	38	33	48	39	53	53	43	29	43	18	41	54	72	42	55	90	25	20	36
	947.241211	11	49	38	0	50	22	23	113	46	59	54	49	118	45	28	53	46	20	25	25	30	21	23	21	21	8	8	-16	2	9	27	38	34	10	6	37	35	68	21	40	24	1	16	31	30	11	25	27	40	25	30	5	32	41	38	27	21	16	44	53	29	43	15	44	31	42	33	31	40	34	41	32	9	41	32	45	27	35	92	29	25	36
	948.639587	32	42	25	-1	41	21	46	114	34	58	43	66	125	64	37	37	31	26	36	28	23	23	1	16	15	16	7	4	3	13	34	37	21	24	30	26	38	25	28	26	9	12	16	14	4	31	31	36	31	18	25	16	5	28	33	22	28	18	40	40	53	35	30	40	41	35	39	24	35	37	31	35	15	24	44	68	74	73	72	14	28	26
	950.038574	19	45	36	23	45	14	17	132	30	55	48	70	114	49	51	50	44	22	35	34	39	25	36	26	24	30	2	-2	18	7	37	42	23	15	28	44	33	32	27	36	24	8	19	33	24	2	17	27	41	40	22	5	31	11	27	36	37	28	56	46	38	44	29	30	24	28	45	58	40	44	14	45	14	28	43	66	34	50	97	16	32	27
	951.43811	25	25	32	17	38	10	15	109	34	58	30	65	130	62	66	34	54	45	30	18	44	17	22	15	16	4	16	10	5	-8	38	20	26	21	17	29	55	31	34	31	18	18	22	9	36	14	32	37	29	27	24	16	40	19	1	36	25	24	24	38	67	10	14	13	54	16	23	30	36	51	26	35	12	31	36	57	28	40	75	13	24	22
	952.838013	25	61	35	10	62	12	24	113	34	59	23	18	83	47	69	40	45	37	23	32	29	23	11	18	20	3	9	14	14	4	33	16	10	21	7	25	32	37	30	28	25	7	7	16	29	9	27	13	32	32	31	38	21	20	17	28	36	26	36	54	32	18	32	32	27	28	19	36	27	26	43	22	8	48	35	60	18	40	70	28	35	37
	954.238403	33	46	38	20	35	12	34	115	40	56	28	40	107	42	34	43	42	28	13	6	16	6	19	36	24	21	6	17	13	2	26	34	35	9	6	16	31	46	11	30	14	8	45	26	27	25	35	12	38	21	39	14	18	15	13	15	37	19	52	43	53	27	15	37	39	30	35	34	40	50	9	25	11	32	34	66	28	58	67	1	32	18
	955.639282	15	51	43	7	36	21	27	119	46	52	31	45	109	64	58	33	38	36	39	40	21	16	22	14	12	13	4	4	7	-2	52	51	10	21	33	20	22	40	22	19	15	18	9	20	17	6	20	31	47	13	29	23	13	28	37	31	31	7	19	37	40	55	24	18	27	30	46	27	40	30	34	42	6	31	26	61	64	48	74	7	34	39
	957.040588	39	58	16	22	44	9	32	118	29	66	51	53	110	63	41	37	49	39	36	21	28	24	13	15	26	16	8	15	-10	-2	10	9	18	11	19	27	33	18	26	26	18	24	33	21	-2	17	41	40	35	19	28	17	2	19	26	40	33	35	19	31	46	5	32	34	35	27	52	29	42	27	41	44	18	48	33	62	16	47	66	20	16	12
	958.442505	18	36	26	15	36	16	31	88	31	50	46	62	105	63	44	49	39	1	28	26	36	15	26	31	27	-3	7	6	12	3	25	25	22	18	39	23	21	70	23	41	28	21	2	20	34	5	27	23	45	42	22	19	8	24	19	31	35	29	16	34	47	19	27	17	25	20	42	35	41	29	24	29	21	40	33	51	34	29	71	5	18	25
	959.844788	14	30	35	16	25	15	33	117	13	52	44	45	67	46	61	38	66	31	19	26	29	33	26	40	31	17	11	17	14	13	25	25	26	21	24	23	38	23	17	34	25	13	46	16	27	19	40	20	33	30	24	9	11	4	16	36	52	25	14	24	49	10	2	25	24	22	35	12	23	44	34	42	28	43	39	51	22	39	67	29	25	23
	961.24762	24	18	32	3	72	4	19	108	30	56	23	30	108	57	31	28	52	19	21	20	26	26	30	33	17	9	15	12	7	13	36	20	25	12	22	26	4	23	20	13	18	7	6	-16	20	16	33	1	39	28	28	7	9	19	36	42	29	24	22	39	26	19	23	10	21	38	33	29	30	29	47	21	13	48	17	56	47	34	55	12	22	19
	962.650879	19	21	23	2	30	18	26	128	43	58	39	50	90	53	6	27	48	12	33	31	9	17	14	32	17	19	24	14	1	2	25	18	12	29	15	29	35	24	19	38	10	9	16	1	10	26	23	26	44	15	24	21	28	4	27	19	32	19	26	38	56	17	16	17	43	11	19	20	18	30	21	3	19	33	22	46	48	69	70	21	26	26
	964.054626	15	44	31	6	43	35	17	85	13	56	36	46	93	38	37	37	42	10	23	3	19	8	11	19	16	11	25	-4	17	10	13	18	9	44	3	10	31	26	23	26	22	29	22	8	17	-1	23	36	26	24	-3	40	29	20	19	39	27	6	29	31	32	33	37	29	18	19	33	30	38	38	5	28	24	35	47	46	41	41	80	32	10	23
	965.458923	8	52	39	-2	30	25	30	110	31	28	32	31	62	56	24	41	51	22	11	15	9	13	5	19	13	8	6	9	19	17	13	31	28	7	13	24	37	29	14	34	21	15	18	22	14	11	29	23	55	6	21	3	27	19	23	24	21	6	39	38	56	23	7	17	16	21	39	14	43	38	27	23	16	18	24	32	26	33	66	20	34	41
	966.863586	33	39	32	6	32	28	27	90	26	61	47	60	89	47	39	26	37	12	31	18	21	13	17	23	21	12	16	5	11	15	25	28	16	26	40	27	13	27	-5	34	17	2	19	18	18	19	15	28	15	13	22	20	13	16	1	16	34	5	25	13	44	19	8	26	39	20	18	17	40	33	40	32	7	39	24	48	20	48	79	43	29	29
	968.268799	11	40	12	22	25	2	26	101	20	45	36	26	64	49	16	39	29	29	31	26	24	-4	4	14	15	12	10	-4	6	16	8	13	27	8	22	29	28	26	17	35	18	30	15	11	6	18	39	19	28	24	17	13	27	27	5	39	23	29	27	29	57	6	11	22	3	14	32	27	32	16	37	18	6	33	17	43	30	31	54	24	22	12
	969.674377	-1	29	6	25	37	-5	33	102	30	62	33	43	89	51	40	29	45	-1	13	16	12	40	27	39	22	7	25	5	25	27	26	14	5	15	7	13	49	31	22	26	24	24	21	-5	18	6	18	21	31	51	25	19	9	15	26	12	10	4	49	41	33	27	8	45	19	18	56	6	40	10	29	10	11	31	28	39	34	32	52	21	52	44
	971.080688	8	45	20	17	19	14	-2	90	13	46	36	27	62	64	49	33	25	22	8	30	48	8	18	19	-2	17	12	-3	21	12	27	10	32	11	4	24	18	28	18	23	10	25	28	31	26	10	24	38	38	25	12	22	23	23	30	55	22	23	42	30	47	17	29	21	25	13	37	27	17	19	22	35	17	34	38	33	18	28	55	18	33	32
	972.487305	1	45	23	19	39	18	16	73	24	45	60	47	92	65	35	42	46	3	10	15	13	28	13	15	32	-1	4	4	1	-3	20	27	27	16	13	11	24	38	8	25	27	14	17	9	13	10	31	10	19	25	-2	33	14	22	28	36	28	22	14	37	29	21	22	12	44	29	41	28	22	18	23	41	8	32	15	54	38	25	53	3	24	19
	973.894409	30	28	14	-15	35	3	18	75	41	59	44	47	56	55	28	34	35	24	26	8	17	26	16	28	13	21	5	15	4	31	24	27	15	21	21	24	18	29	28	23	9	16	11	6	9	22	20	12	22	17	12	14	8	10	29	16	22	4	20	28	32	23	18	10	40	29	45	17	50	34	18	44	8	45	15	38	27	42	58	13	17	22
	975.302002	11	38	23	25	42	21	18	96	30	44	20	48	87	28	41	25	27	29	4	13	-2	22	12	25	22	11	23	16	11	16	19	19	7	7	14	24	5	43	30	29	20	13	5	13	10	4	18	9	22	8	20	23	12	4	28	28	27	34	15	9	28	-1	27	32	15	29	28	40	34	14	15	11	25	25	29	42	24	35	49	10	28	45
	976.710083	15	35	33	9	36	8	10	74	12	45	18	43	60	32	32	29	40	27	20	16	15	7	9	11	17	-6	13	10	-1	9	11	13	34	22	27	20	17	23	3	35	17	22	12	-3	2	3	36	12	26	22	15	18	16	10	15	27	38	15	18	25	30	26	14	14	33	21	31	42	26	33	19	29	21	36	19	34	28	24	48	12	21	16
	978.118713	4	28	31	22	33	8	0	62	20	42	27	35	59	31	13	16	14	19	8	14	12	28	22	25	9	15	14	12	-3	1	26	17	23	24	16	27	1	31	9	24	8	15	9	23	29	19	27	21	23	11	18	22	-4	14	22	8	24	-7	26	19	26	15	11	23	14	31	19	22	38	34	10	31	6	21	25	52	27	7	42	6	14	19
	979.52771	22	31	22	12	33	16	4	60	10	43	41	46	70	43	37	29	32	7	16	35	22	24	19	27	16	39	16	29	-6	19	13	7	15	17	23	21	32	27	15	8	-1	5	14	11	2	21	27	11	33	16	22	15	5	22	7	40	22	20	22	15	41	8	11	30	16	36	26	13	32	24	17	14	2	12	18	44	15	34	46	24	20	39
	980.937195	-1	33	14	24	37	18	18	81	21	44	29	28	70	37	26	34	19	13	22	20	14	18	5	4	1	-1	10	-4	11	6	4	12	16	3	0	19	30	19	18	29	14	-2	3	16	24	-3	23	25	23	9	14	10	18	19	7	34	30	6	13	10	16	5	30	24	41	27	27	10	31	25	24	42	12	20	19	37	6	-4	45	23	24	27
	982.347229	4	21	25	3	14	8	3	70	15	30	29	21	62	41	34	31	29	19	-2	14	17	13	-9	15	3	2	1	1	2	14	4	6	-3	0	13	8	20	23	20	21	27	4	10	14	23	12	37	15	18	29	14	15	11	22	19	27	23	26	34	22	49	14	2	32	34	27	22	5	26	9	19	19	3	25	22	31	27	32	47	18	22	32
	983.75769	21	26	24	20	28	7	11	67	11	42	34	40	49	18	24	25	20	37	6	19	28	11	16	6	12	13	17	8	3	15	24	24	5	10	18	26	16	26	15	6	16	11	7	1	23	5	30	5	26	14	9	29	4	21	14	27	32	4	46	25	23	9	9	16	11	18	20	15	27	50	35	11	19	39	20	45	30	37	43	17	16	32
	985.168579	24	22	30	8	13	22	5	68	27	27	29	32	58	34	25	28	25	27	17	3	28	19	26	39	13	4	4	19	6	21	15	7	14	20	23	19	15	40	8	7	19	37	15	23	16	-7	6	31	36	20	5	15	26	16	21	31	13	17	24	31	22	28	16	29	20	24	28	9	16	25	34	18	24	23	31	39	39	7	35	0	19	9
	986.580078	5	21	9	12	21	15	15	61	0	39	13	20	51	27	33	27	35	24	38	25	13	1	-7	12	3	-2	4	15	6	4	13	7	16	9	23	42	15	36	-2	11	5	13	8	14	29	14	42	18	16	12	10	20	12	19	24	29	31	14	18	21	30	27	15	18	19	27	27	11	20	37	18	26	8	29	20	36	24	31	30	8	23	6
	987.992004	21	16	29	15	14	5	25	83	27	35	13	26	43	31	23	22	20	24	18	9	-5	16	6	14	6	9	7	6	1	11	13	25	27	10	15	7	-3	15	13	15	4	1	11	6	11	12	5	12	18	1	8	17	16	32	17	26	18	23	15	15	14	10	-2	12	22	20	22	4	22	29	13	17	7	34	23	35	20	26	45	23	21	25
	989.404419	16	41	30	3	24	18	9	79	17	38	46	40	59	32	35	35	18	8	10	21	19	22	16	23	8	17	4	21	0	10	16	19	1	4	18	1	7	19	25	15	19	15	16	17	8	10	20	27	26	12	19	5	6	25	19	2	26	18	3	3	19	29	12	11	26	24	11	23	35	18	30	15	-5	26	21	29	-3	25	46	6	20	21
	990.817322	13	23	36	5	23	23	11	52	20	31	-1	31	41	28	33	25	24	7	1	10	10	5	7	15	22	2	11	6	6	21	13	19	4	6	15	28	4	31	9	31	5	19	23	12	12	14	36	25	20	19	0	1	12	24	11	16	11	19	20	39	29	17	10	22	27	10	12	20	46	24	20	14	1	14	11	36	26	31	37	2	17	6
	992.230713	2	8	15	12	44	25	12	52	11	24	5	6	37	9	28	16	35	8	11	18	14	11	16	19	14	14	-8	12	-11	5	13	4	17	-1	12	16	17	28	9	6	29	0	2	18	28	19	23	32	21	11	7	25	12	4	7	11	16	21	24	7	17	11	12	31	13	32	28	17	30	17	19	19	-4	19	19	26	15	11	31	3	15	12
	993.64447	18	28	12	4	19	6	8	54	16	14	-9	9	34	9	23	20	17	4	24	12	24	8	11	12	-4	8	1	-2	1	19	14	23	20	19	7	15	37	24	16	-9	4	6	9	-5	16	16	22	28	35	17	35	12	16	7	13	17	18	26	16	9	37	14	18	19	15	9	30	5	33	20	16	22	0	20	22	27	9	21	43	17	11	14
	995.058777	9	13	29	15	14	16	7	64	-8	33	9	25	43	38	12	13	13	36	16	-4	14	9	10	10	7	-2	-2	0	5	10	12	11	8	10	-2	17	23	18	12	16	-1	10	23	10	32	9	15	18	18	7	3	12	16	15	1	15	32	18	24	20	23	1	13	18	11	10	23	26	26	28	12	36	1	13	27	35	31	15	66	20	27	19
	996.473572	17	16	22	8	25	13	9	52	8	14	16	22	51	20	20	25	26	10	15	14	14	-11	-2	4	-2	-10	-2	13	21	25	3	9	16	-8	14	17	16	11	17	24	3	8	16	12	2	13	15	18	22	9	5	14	18	9	6	27	4	21	23	4	35	14	4	14	16	7	33	19	40	2	23	15	5	16	17	28	13	12	15	28	19	29
	997.888916	21	24	19	12	37	6	22	46	11	41	40	21	55	39	17	16	19	24	4	11	1	9	13	11	15	6	8	14	-5	6	19	17	7	11	6	7	11	10	14	12	18	12	-11	4	4	-1	25	8	16	34	12	7	-9	9	23	13	24	27	23	19	16	7	8	10	12	10	30	29	26	28	11	19	31	11	28	42	0	26	37	28	13	23
	999.304626	9	31	31	8	14	23	9	47	-4	23	19	22	34	22	23	25	33	17	22	3	6	3	15	16	11	-4	9	15	12	15	16	28	5	15	23	21	24	16	25	12	2	2	10	-2	15	16	23	22	12	13	10	17	6	28	15	29	9	9	18	8	29	16	26	12	20	3	15	16	10	4	28	12	8	19	-5	11	35	6	20	12	27	23
	999.65863	8	16	25	17	25	18	26	53	20	20	12	19	36	19	17	16	25	9	18	24	7	11	5	-1	2	0	5	14	7	-3	16	12	-9	6	13	36	16	8	23	9	6	3	0	-3	25	2	6	22	33	19	21	2	9	0	16	24	32	11	4	18	33	9	20	11	2	16	34	24	14	-1	10	21	23	12	29	3	14	23	29	3	18	17