X value [cm⁻¹],IR Spectrum 157/OPTIR (mV) [mV],IR Spectrum 158/OPTIR (mV) [mV],IR Spectrum 159/OPTIR (mV) [mV],IR Spectrum 160/OPTIR (mV) [mV],IR Spectrum 161/OPTIR (mV) [mV],IR Spectrum 162/OPTIR (mV) [mV],IR Spectrum 163/OPTIR (mV) [mV],IR Spectrum 164/OPTIR (mV) [mV],IR Spectrum 165/OPTIR (mV) [mV],IR Spectrum 166/OPTIR (mV) [mV],IR Spectrum 168/OPTIR (mV) [mV],IR Spectrum 169/OPTIR (mV) [mV],IR Spectrum 170/OPTIR (mV) [mV],IR Spectrum 174/OPTIR (mV) [mV]
940,0.444647642,0.654829615,0.122021741,0.425552103,0.289810555,0.38332487,0.554978561,0.7103724,0.802103156,0.332652396,0.878599584,0.17241056,0.26729088,-0.021313514
942,0.493155367,0.713413787,0.23115529,0.505775321,0.457536581,0.432252201,0.662104276,0.873270094,0.969652295,0.400894859,0.92757265,0.284797828,0.471118796,0.02112615
944,0.560318497,0.721214473,0.283452122,0.557453692,0.582403713,0.430766494,0.69256124,0.923956966,1.057264388,0.544080412,0.969556463,0.329796019,0.498353598,0.11716266
946,0.653293198,0.762254024,0.351283994,0.590040982,0.61093775,0.504133232,0.757834349,0.904033303,1.08977195,0.620256186,0.911343658,0.336478802,0.47978706,0.23796818
948,0.735829192,0.74142586,0.451885462,0.663495219,0.661986136,0.572987108,0.846876156,1.000535548,1.156686342,0.694012719,0.886255211,0.375004436,0.499182793,0.307254419
950,0.786132386,0.758354914,0.499567986,0.701869702,0.702175456,0.641654609,0.86454865,1.062905383,1.198388207,0.736086261,0.843862615,0.419370729,0.597126958,0.33139801
952,0.772406626,0.731029105,0.509083843,0.699099278,0.709631544,0.651554176,0.859761669,1.0269153,1.157636917,0.745997894,0.83224746,0.443049854,0.642323563,0.341162181
954,0.801562719,0.75829854,0.509981984,0.713053036,0.739451671,0.685237908,0.887715319,0.976231229,1.189519823,0.786585903,0.85729425,0.468194693,0.643973881,0.373284823
956,0.832742587,0.782305193,0.563142323,0.754173815,0.767968082,0.751891917,0.936184347,1.004782748,1.245044732,0.830097771,0.845536968,0.486775261,0.707815781,0.382306176
958,0.835779172,0.792695367,0.600393599,0.757940066,0.781622869,0.838071406,0.958191898,1.049107146,1.288767111,0.830684316,0.818860778,0.48903538,0.778872502,0.387806886
960,0.849415877,0.778781629,0.6447981,0.801947474,0.798185897,0.852660733,0.992005458,1.030160594,1.315101218,0.85952208,0.813190591,0.498098338,0.786497897,0.369590551
962,0.868294531,0.769563997,0.67712698,0.826323199,0.82867955,0.909114969,1.039272785,1.027084887,1.347817564,0.906639802,0.756117892,0.505159885,0.82139557,0.38022278
964,0.921307993,0.824438739,0.736357367,0.884630024,0.877759397,1.007791007,1.127538991,1.070252502,1.398674929,0.961981869,0.759113556,0.557447964,0.900663203,0.427840585
966,0.979112761,0.862406516,0.831856406,0.960332632,0.932011569,1.148927772,1.216153347,1.115738595,1.47116859,1.032672095,0.822435832,0.62170521,0.978765869,0.468851036
968,1.006904097,0.912571549,0.896542454,1.071825814,0.959363043,1.2845312,1.24171882,1.117121804,1.535498524,1.087596953,0.925786209,0.649445444,1.074051082,0.494685471
970,1.092310423,0.991669679,0.998831844,1.201302135,0.983260024,1.436915135,1.285484633,1.125849569,1.653148603,1.179157996,1.09666146,0.732476687,1.233164859,0.525309986
972,1.139325953,1.068568647,1.103823543,1.318453455,1.010756791,1.621892285,1.340992767,1.164691067,1.757732058,1.254045379,1.313560498,0.798720264,1.362071753,0.549052399
974,1.147485158,1.112133479,1.181465673,1.39004333,1.039862716,1.810338628,1.391260594,1.174273753,1.803402185,1.296367252,1.598987019,0.84174242,1.442977685,0.582919788
976,1.155062681,1.11547699,1.218245173,1.400100231,1.064147127,1.978616989,1.412469363,1.134190059,1.757999969,1.29344027,1.766164637,0.865786535,1.502950883,0.603103232
978,1.164410746,1.144925046,1.285168028,1.449911547,1.108619308,2.209356141,1.451278353,1.144676507,1.748283029,1.296076262,2.001106095,0.900445914,1.559466195,0.627785444
980,1.204773247,1.165974236,1.374073458,1.49512825,1.145758474,2.449252522,1.483387434,1.163891637,1.745721102,1.305248404,2.181307054,0.947930849,1.629421425,0.649100733
982,1.241345656,1.194003415,1.4791435,1.551080441,1.180927372,2.708403933,1.531950462,1.188789642,1.749649453,1.326793766,2.510662651,1.00030182,1.695023119,0.667197049
984,1.311851287,1.245675457,1.608840561,1.645022607,1.229868555,3.010901141,1.597266257,1.28260591,1.790118575,1.362431741,3.033293843,1.066631109,1.813429141,0.692642617
986,1.361305261,1.275159919,1.728952575,1.714072299,1.245693958,3.313784218,1.618397641,1.376014757,1.812089276,1.384131622,3.347648144,1.119337559,1.904578733,0.723805773
988,1.394679928,1.311879635,1.850506258,1.783503103,1.256253672,3.64271462,1.679416251,1.510715699,1.847167587,1.414043736,3.53004787,1.188714981,2.015536344,0.764526713
990,1.45441407,1.350735855,1.973266363,1.86657331,1.279964018,4.005373049,1.765051293,1.67474333,1.890487671,1.44250077,3.654137564,1.250644839,2.152929139,0.812451982
992,1.51792382,1.400045419,2.146762085,1.948099875,1.30834744,4.390615368,1.883139396,1.910310292,1.965529943,1.516461694,3.632425046,1.349657679,2.333333731,0.844340825
994,1.723570669,1.452511215,2.293607736,2.014166451,1.337030196,4.717246115,2.094750428,2.340733147,2.045398688,1.587433887,3.565068245,1.462667871,2.528637552,0.882328105
996,2.233032274,1.542224932,2.408658862,2.137309837,1.390877199,4.991137838,2.484974277,2.964028227,2.153411531,1.680055404,3.540392303,1.621739399,2.749230576,0.946391881
998,2.823690724,1.629683495,2.373058677,2.231534147,1.449657655,5.442575383,2.983091867,3.677626038,2.23325398,1.751571298,3.88881532,1.784906232,2.958160043,1.015626025
1000,3.100082159,1.671699095,2.290772748,2.233049822,1.470640612,5.925511456,3.349985695,4.429113674,2.25855248,1.726327801,4.287887573,1.874946964,3.010768461,1.038865507
1002,3.148029447,1.694257951,2.215842485,2.197916818,1.446070719,6.367160511,3.676720965,5.03582387,2.255349779,1.683304334,4.219286132,1.930986714,3.006836355,1.034138811
1004,3.311905718,1.739420414,2.271893036,2.171482682,1.412174296,6.791728258,4.053244853,5.539260936,2.297412109,1.66719718,3.916362643,2.006819737,3.021500349,0.998118567
1006,3.752976274,1.818720722,2.671175909,2.174655747,1.390429926,7.235732269,4.594786739,5.880291438,2.424731493,1.689734888,4.253647006,2.114958167,3.088460374,0.907248342
1008,4.330294704,1.918992472,3.04758265,2.151896596,1.364548659,7.568914604,5.136326003,6.087657714,2.592927599,1.703426695,4.309203255,2.219501305,3.168066561,0.768738723
1010,4.948385525,2.01629343,3.410484314,2.125535154,1.350839925,7.883984613,5.756675863,6.209931183,2.802711391,1.747232652,4.229391634,2.332948208,3.292811728,0.655752349
1012,5.575658178,2.107669806,3.683206916,2.163768339,1.346970963,7.932523274,6.489239883,6.138497376,3.057030153,1.80699327,4.348199177,2.457270718,3.439451766,0.638961601
1014,5.975485694,2.184993219,3.783401084,2.327841735,1.410566878,7.907892585,7.294524288,6.09852314,3.37318306,1.883181715,4.805144882,2.645057297,3.726222372,0.731508636
1016,6.652774239,2.272437239,3.918509722,2.517566109,1.437487078,7.866718268,8.273207712,5.997570992,3.714490318,1.826833558,5.903165054,2.890634799,4.203921652,0.85225963
1018,7.766784215,2.345365763,4.006430411,2.62670238,1.471586823,7.688573444,8.861134863,5.821667457,3.983319044,1.696419799,7.721678543,3.100161004,4.563828802,0.935002729
1020,9.093057704,2.341945148,3.957760692,2.636112809,1.494469368,7.790802157,8.515402746,5.512189424,4.228654575,1.562599242,8.92071476,3.186976242,4.582813358,1.018442258
1022,10.04384084,2.315658355,3.930420327,2.569280052,1.483991933,7.751754844,7.812563944,5.094610274,4.353321314,1.503837571,9.189615059,3.182924891,4.492316055,1.070919168
1024,10.49906431,2.309346247,3.903138638,2.517047215,1.544598997,7.791010761,7.237158036,4.688664043,4.509404278,1.537274534,9.512958908,3.203456807,4.465484524,1.0875018
1026,10.250938,2.329380918,3.82002759,2.508351707,1.658807445,7.800956821,6.843754703,4.302527004,4.726989937,1.634538043,10.20474005,3.249677515,4.495039511,1.060485309
1028,9.036551738,2.345379615,4.009895372,2.495342469,1.724496198,7.698978019,6.616448808,4.014959723,4.896989441,1.698180437,10.46300173,3.277268028,4.410250401,0.980682215
1030,9.155413258,2.379961801,4.206093836,2.514669466,1.808183563,7.644775987,6.535052967,3.757202834,5.127477551,1.804186749,10.31823454,3.369077826,4.367433333,0.882469672
1032,10.09501146,2.380247068,4.106584072,2.483015728,1.880931377,7.442418408,6.319512534,3.494030166,5.21587925,1.920605469,9.838970661,3.448993683,4.341278994,0.821837854
1034,10.75389832,2.351475239,3.752151251,2.443969393,1.936950374,7.099918723,6.110613918,3.322016227,5.280067348,2.062003994,9.215762234,3.515315294,4.302425516,0.783136201
1036,10.79207478,2.309897256,3.46551168,2.420452285,1.967841876,6.692896247,5.904062104,3.206985289,5.350354099,2.161647773,8.200161552,3.587735891,4.311099577,0.770730728
1038,10.18044996,2.225426865,3.462938571,2.413257909,1.925612587,6.274180663,5.668531334,3.077953118,5.331954002,2.186163163,7.290687656,3.639424896,4.282255352,0.773271412
1040,8.208169007,2.142263389,3.546058226,2.416277456,1.856993747,5.854889965,5.474092817,3.070427501,5.412533665,2.203505254,6.780797005,3.666956854,4.277693111,0.767081559
1042,5.954971814,2.077911544,3.579084301,2.396163583,1.801845804,5.566929936,5.339154267,3.119772804,5.444604588,2.214376903,6.626316357,3.63059392,4.255647773,0.720400333
1044,4.787733686,2.047286534,3.665301132,2.385409141,1.806328428,5.499077153,5.267044854,3.191026461,5.517228794,2.251274395,6.6920784,3.622885609,4.241597819,0.663846171
1046,4.448574495,2.020035481,3.755107212,2.371545076,1.842647016,5.517868042,5.224835277,3.299038661,5.570024395,2.290628457,6.891911697,3.604266405,4.2816113,0.620457429
1048,3.419260585,1.97431426,3.842082787,2.364275384,1.870364231,5.552272224,5.172460079,3.424851966,5.571969318,2.28255353,7.050991058,3.567923784,4.232220721,0.596860379
1050,2.756456041,1.922438049,3.883270741,2.345953083,1.924782521,5.62021811,5.107397366,3.50896678,5.56622057,2.303588343,7.086474609,3.517993689,4.212012172,0.576018316
1052,3.324846649,1.850081468,3.912336445,2.322542119,1.958033049,5.627890253,5.040571404,3.567742085,5.515161133,2.297370481,7.104216003,3.465668678,4.232692027,0.555573136
1054,3.950307369,1.758250439,3.935621691,2.288415694,1.982218063,5.61153686,4.934535885,3.638065863,5.462876892,2.283382106,7.101945591,3.455539083,4.199837637,0.545815676
1056,4.443258572,1.663298905,4.059821701,2.234921479,2.011862814,5.551497555,4.792953897,3.734195566,5.401584148,2.27275095,7.054424667,3.536327505,4.188444591,0.560265529
1058,4.83507328,1.568260098,4.349477911,2.201888204,2.046032,5.491521811,4.713313818,3.768918276,5.363571644,2.256522298,6.938369656,3.593007183,4.187607193,0.607714081
1060,4.990367365,1.49864496,4.464691639,2.175975585,2.089091349,5.48298707,4.741516709,3.850252175,5.371794748,2.262653065,6.849336147,3.605981445,4.235931921,0.655686837
1062,5.449587584,1.430368865,4.097442341,2.148880231,2.106253994,5.420982766,4.691889501,3.918470097,5.338552809,2.213192225,6.729884624,3.587879467,4.281816721,0.551807874
1064,5.829599285,1.34985112,3.788539267,2.095948875,2.118291962,5.324384665,4.569348484,3.935503101,5.268506384,2.179686618,6.481650925,3.542370892,4.281308651,0.58526172
1066,6.244751215,1.300815213,3.68915844,2.068050218,2.149968016,5.263346457,4.525135648,4.006880617,5.266131401,2.176412153,6.305549335,3.532024097,4.371705341,0.619971514
1068,6.394146109,1.267720473,3.684136868,2.045339608,2.172848403,5.176417708,4.493724179,4.043188524,5.2818964,2.177043772,6.07073288,3.554278064,4.42577877,0.645597112
1070,6.556492853,1.23651123,3.647666931,2.02334522,2.22377938,5.085264564,4.427975702,4.072239184,5.289206505,2.210652971,5.695605278,3.564239073,4.502514863,0.651640737
1072,7.252707529,1.173905104,3.565927362,1.987197995,2.254334021,4.842992091,4.294868779,4.054376364,5.235206509,2.224209023,5.457706666,3.566938996,4.546386051,0.631100678
1074,8.804154301,1.119432503,3.445190382,1.957622707,2.328108382,4.529798031,4.206786633,4.113579404,5.270418978,2.335511637,5.995167589,3.586489892,4.654969549,0.592818546
1076,10.51083851,1.079244375,3.343527317,1.930370581,2.367777181,4.158923078,4.09766506,4.202129865,5.296191883,2.48940649,6.352730179,3.58268683,4.786706543,0.561790854
1078,11.59012003,1.073652577,3.240043879,1.913664222,2.365724111,3.901938415,4.011776674,4.323180032,5.309431314,2.59711113,6.257512951,3.546672082,4.868173099,0.53418833
1080,12.12748671,1.058730662,3.142537808,1.890917766,2.37472198,3.690174079,4.012615371,4.412587547,5.264496946,2.48925333,6.227780533,3.554383183,4.998715377,0.505112481
1082,12.32919035,1.04126631,3.091533184,1.859362686,2.360594249,3.478407216,4.045392239,4.503051257,5.154223442,2.351281095,6.812408924,3.642368984,5.121553683,0.485737634
1084,12.05594459,1.036370087,3.014876318,1.838568449,2.366125178,3.318419957,4.097637224,4.58745532,5.055684423,2.361707473,6.898961258,3.771580529,5.255375481,0.469301957
1086,11.51576312,1.022029364,2.959934759,1.8078107,2.35875895,3.182832193,4.097007167,4.651005602,4.936417437,2.478998578,5.948891449,3.733281159,5.388366389,0.447074825
1088,10.95463915,0.998937213,2.871013761,1.762559986,2.328745127,3.060764003,4.034037483,4.702019882,4.793661833,2.522282815,4.699267864,3.559588695,5.434896135,0.426380169
1090,10.44112093,0.986560774,2.808994007,1.732372856,2.300153065,2.962525105,4.036946785,4.756919479,4.694780159,2.801167107,3.909040928,3.409700561,5.607009006,0.407441604
1092,9.97226882,0.980085313,2.750325179,1.730126238,2.250968933,2.859587431,4.016434288,4.874340963,4.603791094,3.000660372,3.68929019,3.282574821,5.86172781,0.390484208
1094,9.548654842,0.986178231,2.671240425,1.75189476,2.277580953,2.742858505,4.019872952,4.975599432,4.518080282,3.121639562,3.76106329,3.154604995,6.21340785,0.363215554
1096,9.308170438,1.007906079,2.621963882,1.793590713,2.564715385,2.666551995,4.06740737,5.113553047,4.456460714,3.51745224,4.476393437,3.030474305,6.646449518,0.336573327
1098,9.098781252,1.061965573,2.57098825,1.851526809,3.260438347,2.62181983,4.000354433,5.250838661,4.439219999,4.10744462,4.836251831,3.200410342,7.006240845,0.317103317
1100,9.045384073,1.138347948,2.549475479,1.931241536,4.17594099,2.594693232,3.957653141,5.373281145,4.439857626,4.707868719,5.310939646,3.245036459,7.329063511,0.300324985
1102,8.995943785,1.206167054,2.515869832,1.979379582,4.770496368,2.560110354,3.88693223,5.493572712,4.371823788,5.109055281,6.922825718,2.951535106,7.475939941,0.294916514
1104,8.787313175,1.215247488,2.443911242,1.965756059,4.885175323,2.508284616,3.81991539,5.516457558,4.225490618,5.063421774,7.634972119,2.617629498,7.43184042,0.28537685
1106,8.492044067,1.187614894,2.381880498,1.93180995,4.677937222,2.442390096,3.783189631,5.493025351,4.144214582,4.694986534,8.247236538,2.427282387,7.291723156,0.276020643
1108,8.045532322,1.138085985,2.303672576,1.885433769,4.276717806,2.383353221,3.713954401,5.432008696,4.053206825,4.242270184,8.7805516,2.320606446,7.028630543,0.2736296
1110,7.529155684,1.086636627,2.23521142,1.840784574,3.85803833,2.310482717,3.725575304,5.331589699,3.922135735,3.890833426,9.026408529,2.25519166,6.776507378,0.269131206
1112,6.996865797,1.060547507,2.177971601,1.835185671,3.540373421,2.284412861,3.747980738,5.289098167,3.817077065,3.573294115,8.969365001,2.238690734,6.72222681,0.264498785
1114,6.565842724,1.070352983,2.164220572,1.892351818,3.447975683,2.271117783,3.828275919,5.22262125,3.726793623,3.243965578,8.193851972,2.239966601,6.880405331,0.256191016
1116,6.166268587,1.084706771,2.130128574,1.944890475,3.480057192,2.288014698,3.886781883,5.079427719,3.656544638,2.868925571,6.586777115,2.271133173,7.058312798,0.276525636
1118,5.770784569,1.093673909,2.101134253,1.969412422,3.677465343,2.333859515,3.972849226,4.82201705,3.56612649,2.479937863,4.377539539,2.309547913,7.151575756,0.2966075
1120,5.413964605,1.097831213,2.087613392,1.97627635,4.149279976,2.408078504,4.146642327,4.504663205,3.51094594,2.097380018,4.38148551,2.357176757,7.214495659,0.308867563
1122,5.04487133,1.105223906,2.082988882,1.970502806,4.526245594,2.447456455,4.38341198,4.326809025,3.460146093,1.858618927,6.066293144,2.422844863,7.173440933,0.318213002
1124,4.637612581,1.107033026,2.071214962,1.935791206,4.522716904,2.337932682,4.718745637,4.228189945,3.333202219,1.895035481,6.725816727,2.450382328,6.982713032,0.319657569
1126,4.234675121,1.096033871,2.062577009,1.898799968,4.28891418,2.140433395,5.028502727,4.229990721,3.210491085,1.981453943,6.27262001,2.476832199,6.730308914,0.304460666
1128,3.846292305,1.063721347,2.051845479,1.873290658,4.03728168,2.11687938,5.474721503,4.294873238,3.095661736,1.982514763,5.602361679,2.528019714,6.459691906,0.279856942
1130,3.441470003,1.024976695,2.010331583,1.81771462,3.727258587,2.172187328,5.733963007,4.356535339,2.972498322,1.899038935,5.195965004,2.567094791,6.181268978,0.242794885
1132,3.096762753,0.987294114,1.923352098,1.748572564,3.45907197,2.207537985,5.631920767,4.394877338,2.763959074,1.639442158,5.220888758,2.561391521,5.901888466,0.20107933
1134,2.802344751,0.954064155,1.866939545,1.722754812,3.293399382,2.293197203,5.058388925,4.41142478,2.590178061,1.35628494,5.378195477,2.54635638,5.640574265,0.240813702
1136,2.490065527,0.912633967,1.813595366,1.705996633,3.13457551,2.416789889,4.512975502,4.426859236,2.400471449,1.164199102,5.479911232,2.502960086,5.359499741,0.343700024
1138,2.203043008,0.869638944,1.78376205,1.712547421,3.022513509,2.551634622,4.319764996,4.475445557,2.253431177,1.099296129,5.30968914,2.45293169,5.159149742,0.514537978
1140,1.980385113,0.84390291,1.764381027,1.718084383,2.906133401,2.593548059,4.188502264,4.453509617,2.14122715,1.132364845,5.119937468,2.401997662,4.99056015,0.689613777
1142,1.756474161,0.816517174,1.754516888,1.719188643,2.842037988,2.572508073,4.009613609,4.345849848,2.050551033,1.207299614,4.876665258,2.364089561,4.866120052,0.86010803
1144,1.546959686,0.793707812,1.732663727,1.737721395,2.770588648,2.501491106,3.750745821,4.255725479,2.039147162,1.285274577,4.665954113,2.320381021,4.82629776,1.034140527
1146,1.344243193,0.779053581,1.696889043,1.745343804,2.694369626,2.407330585,3.390353012,4.199785042,2.028227806,1.360678566,4.357682276,2.281527543,4.79188633,1.213995159
1148,1.233864522,0.752926111,1.664282393,1.753435636,2.628521764,2.285229123,2.960191298,4.192297316,1.998309016,1.386151659,4.319228148,2.215594387,4.714612436,1.437855899
1150,1.245293319,0.721757823,1.645496082,1.748882389,2.565832424,2.166319215,2.662349939,4.173107195,1.969277835,1.398993719,4.683946574,2.184333301,4.671474791,1.697003949
1152,1.29187957,0.683931625,1.612598181,1.734830022,2.517298007,2.073299897,2.495532942,4.107917261,1.878165555,1.383536482,5.024667084,2.137068343,4.642233801,1.845916522
1154,1.328179526,0.677281433,1.592191982,1.730058861,2.452246141,2.096590388,2.432364559,4.039289808,1.780278921,1.359791374,5.192326045,2.092686176,4.623662663,1.866999209
1156,1.557048976,0.689659065,1.588222218,1.722623563,2.408932447,2.152649736,2.390683651,3.953549004,1.721930647,1.352638197,5.12893666,2.064115024,4.59264636,1.791446388
1158,1.782763982,0.701637506,1.584293604,1.721715164,2.375568795,2.167445254,2.333547211,3.820868015,1.70651257,1.358693302,5.170426559,2.025415254,4.561885262,1.669499254
1160,2.004637408,0.713517258,1.579877782,1.723758006,2.337748182,2.18691802,2.269567084,3.646469736,1.706525469,1.371759903,5.08885076,1.961555219,4.561981821,1.558315802
1162,2.137140989,0.699474877,1.547972798,1.697887754,2.258496237,2.143887639,2.161059141,3.361378622,1.652119493,1.352405691,4.821378279,1.833424079,4.507141256,1.487852848
1164,2.185614061,0.701653677,1.535114694,1.691040277,2.191236293,2.105287969,2.095113122,3.110415173,1.624504685,1.367469907,4.85549686,1.725833166,4.497511148,1.507711554
1166,2.179366231,0.716997504,1.540649867,1.689762115,2.15783987,2.056174386,2.049082088,2.990035439,1.610570955,1.406228709,4.923128986,1.642726266,4.540880775,1.61879462
1168,2.05926919,0.731658065,1.50613544,1.66969161,2.099409443,1.985767174,1.990856421,2.945752859,1.579357982,1.404388845,4.727145982,1.527775371,4.484870195,1.657766151
1170,2.046658087,0.758248413,1.436131215,1.616258407,2.046584898,1.910475039,1.958034039,2.939152861,1.547389698,1.398623991,4.338157225,1.4063766,4.38930006,1.579351795
1172,2.125940204,0.778868186,1.36414566,1.557027793,1.998776251,1.863151538,1.929315031,2.951146746,1.509366274,1.345889604,3.919385529,1.295052934,4.263556194,1.51735189
1174,2.13532629,0.768050933,1.292309403,1.468245769,1.896070236,1.778479815,1.846793962,2.864923048,1.434693885,1.284409952,3.481939816,1.16079433,4.049637556,1.455723727
1176,2.124493361,0.751030052,1.245204186,1.383488655,1.820681524,1.682922578,1.764272511,2.733853197,1.359792876,1.22796768,3.166182113,1.046879351,3.879372931,1.388680309
1178,2.115770435,0.758006227,1.249842644,1.350636053,1.80006671,1.590235007,1.689009571,2.650693679,1.333247733,1.199038768,3.025691056,0.964352679,3.803909445,1.379947686
1180,2.065093303,0.740920365,1.248016334,1.297046816,1.751109201,1.51835494,1.594905782,2.538543415,1.29232688,1.179426086,2.930533624,0.888139552,3.71056695,1.397454774
1182,2.027829194,0.73593657,1.259178877,1.270952606,1.730005038,1.486082613,1.516806555,2.462296939,1.265086651,1.160245585,2.934926033,0.855691737,3.655159569,1.438049984
1184,2.034064293,0.73477999,1.29696734,1.274416327,1.724431539,1.489566219,1.457980216,2.40719173,1.260611248,1.166153789,3.009622717,0.830352306,3.652534246,1.492375517
1186,2.065808773,0.718019581,1.324682331,1.263206744,1.705191672,1.497211385,1.405824208,2.330101871,1.249374413,1.147668576,3.021041059,0.781949168,3.627606869,1.513939381
1188,2.037391472,0.678601307,1.302183437,1.226453269,1.635717475,1.45354386,1.325492394,2.211218238,1.198101044,1.106003881,2.980490351,0.731958935,3.513817978,1.525572133
1190,2.02836473,0.658000028,1.313653398,1.21470598,1.5907552,1.440800765,1.275471342,2.155033827,1.192279649,1.104937708,2.956767654,0.686873096,3.479505157,1.564915967
1192,2.024360824,0.64498983,1.328768718,1.212202168,1.544232601,1.41959261,1.218464231,2.093852448,1.176727927,1.099159205,2.969990921,0.654178724,3.456468439,1.619612813
1194,1.995294273,0.622277772,1.337858915,1.192002594,1.498296386,1.38105078,1.169717014,2.031867743,1.145555007,1.085195482,2.984227657,0.620909378,3.423095131,1.658734989
1196,2.06844219,0.599693894,1.347311568,1.185264599,1.44746725,1.35807873,1.131715131,1.95908246,1.11308217,1.081422579,2.93678441,0.592147657,3.407793093,1.695774031
1198,2.177320385,0.572920179,1.398848832,1.203521478,1.438349283,1.366392222,1.115438426,1.919228745,1.101662302,1.078578794,2.924713755,0.586736909,3.434484529,1.782390428
1200,2.310886908,0.539221805,1.489162612,1.261866057,1.446056795,1.384488744,1.105480862,1.909858656,1.109070754,1.093774641,2.937478161,0.580955198,3.498414803,1.898691893
1202,2.26263051,0.521776026,1.543571615,1.295813847,1.411931837,1.388475147,1.085576832,1.876632524,1.0812199,1.08039732,2.922003889,0.550472921,3.477192211,1.97519052
1204,2.210338163,0.506728455,1.636819673,1.352169633,1.418572581,1.428012627,1.094906557,1.888338614,1.072929382,1.104086411,2.977876902,0.550892967,3.587230396,2.120703816
1206,2.3868536,0.477238074,1.746762276,1.432368803,1.43871969,1.4526068,1.106188512,1.906471968,1.080116296,1.115393317,3.062088823,0.547391021,3.686639929,2.243370676
1208,2.585945964,0.396453068,1.789829636,1.452513003,1.386189675,1.448348102,1.049022925,1.836622214,1.051662838,1.104272962,3.080424023,0.536200818,3.616459179,2.243533421
1210,2.75272007,0.336569983,1.790541124,1.469472218,1.324699843,1.44316082,0.985841465,1.745621443,1.002130961,1.061497045,2.981662893,0.480877295,3.467164087,2.171944141
1212,3.09180274,0.311913389,1.872631693,1.58062036,1.256103134,1.407162732,0.955386412,1.972607708,1.046954787,1.00933708,2.968050098,0.484054172,3.143437386,2.014854598
1214,3.475557137,0.284008488,1.965537095,1.706411457,1.178469354,1.366422272,0.92091924,2.229497576,1.097683823,0.950305521,2.952644396,0.487649596,2.777062321,1.83706975
1216,3.91343317,0.252168062,2.071545172,1.849943185,1.089886579,1.319936004,0.881590974,2.522617364,1.155567312,0.88294847,2.935065556,0.491752067,2.35901618,1.634211349
1218,4.052408743,0.261936694,2.148470569,1.906960773,1.073569244,1.354836097,0.897592473,2.474454379,1.113284469,0.893058109,2.929734421,0.467602828,2.497855473,1.662945127
1220,4.104395866,0.320973665,2.242864084,1.96551826,1.061205515,1.378485113,0.917708492,2.483137536,1.110518003,0.891131842,2.938911152,0.461542311,2.591752195,1.674258852
1222,4.110574341,0.331906277,2.277707028,2.008209562,1.010718113,1.369661008,0.880174732,2.423776031,1.085582101,0.879215539,2.940378332,0.425597981,2.602644444,1.652690363
1224,4.150150442,0.37778284,2.338458991,2.099677467,0.992482546,1.412481077,0.892946285,2.378633404,1.071570098,0.918498087,2.928253651,0.42345845,2.66771946,1.666846967
1226,4.102495193,0.454268402,2.396029425,2.141670752,0.981253827,1.492176323,0.906564492,2.37548821,1.072000217,0.931533921,2.899614096,0.420526484,2.699456787,1.666120672
1228,4.144472504,0.5332358,2.463117981,2.223811889,0.953340006,1.579808725,0.918614852,2.370960045,1.086716449,0.921757066,2.842178106,0.398713887,2.771042728,1.645057964
1230,4.125380754,0.544231457,2.57221117,2.342059684,0.931910846,1.662606712,0.917468947,2.383165741,1.084045637,0.945085239,2.860353184,0.397899133,2.908278227,1.627992272
1232,3.961527681,0.564754391,2.552005196,2.338247752,0.883403155,1.658105506,0.90696246,2.292973757,1.032826722,0.941170371,2.720954275,0.404402325,2.867287397,1.545985222
1234,4.059400177,0.599565417,2.645591164,2.544043112,0.940812832,1.750659826,1.007044119,2.376952696,1.005774558,0.99396342,2.741119432,0.392807484,3.032231426,1.575161552
1236,4.169387579,0.617736721,2.731931639,2.856240559,1.012236607,1.897359499,1.131238699,2.452808356,1.024978101,1.104564059,2.824429369,0.427421615,3.18610301,1.606409144
1238,4.046389341,0.612779284,2.704428148,3.069026327,1.040241158,1.939908856,1.176215446,2.435635161,1.041171741,1.166577578,2.694895458,0.415267253,3.225738811,1.53138808
1240,3.802331638,0.588795078,2.612626171,3.218872833,1.031903321,1.909711242,1.264988101,2.421485472,1.067363155,1.26072973,2.543083286,0.408097145,3.243053532,1.454353654
1242,3.790066671,0.560557732,2.602335453,3.453423738,1.090629344,1.93054722,1.405303931,2.446649837,1.087981284,1.352445745,2.490428591,0.430162373,3.380631065,1.396018314
1244,3.764151192,0.550209728,2.631021261,3.700118065,1.160683808,2.017044979,1.528783202,2.529308152,1.138173521,1.441366029,2.418195844,0.444242531,3.562617302,1.354888928
1246,3.641753054,0.515678665,2.605256319,3.806378984,1.239856686,2.042218137,1.616628456,2.517723274,1.152835715,1.507334232,2.328616977,0.455837789,3.629146051,1.313269186
1248,3.722095585,0.515727741,2.663841724,3.982027864,1.370772725,2.095629013,1.721412325,2.584922338,1.203315032,1.604461288,2.341496897,0.468569967,3.776152706,1.355483508
1250,3.682948041,0.513410032,2.652636099,4.033350372,1.427548268,2.122942704,1.777380753,2.609427953,1.235043371,1.647432375,2.39090817,0.474883983,3.893724537,1.360769987
1252,3.667752194,0.524043944,2.645134497,4.048973989,1.451482919,2.135677487,1.797082186,2.615492821,1.229820955,1.629804134,2.359220815,0.47731708,3.929744625,1.326663244
1254,3.586072302,0.522077769,2.650950289,4.160508108,1.514659512,2.171493131,1.835589933,2.678710294,1.229315305,1.656807518,2.348200274,0.503214422,4.019729662,1.294263709
1256,3.40635891,0.496059763,2.55529995,4.172414541,1.492556381,2.1219199,1.811607337,2.63657515,1.195810854,1.630341625,2.329927111,0.487362868,3.989156771,1.179746699
1258,3.416133881,0.471418324,2.511868739,4.33654995,1.539001667,2.123322338,1.875550079,2.655679321,1.189884138,1.646366286,2.422859454,0.472995652,4.060985947,1.105568731
1260,3.468637991,0.46188015,2.511121297,4.661777306,1.627339256,2.167247289,2.020016599,2.728614521,1.212524462,1.718971586,2.545994782,0.500634678,4.282259893,1.068801188
1262,3.628777528,0.450345975,2.507130671,4.965927792,1.756192273,2.193342602,2.18379271,2.805447006,1.230629241,1.809314203,2.568600297,0.505061242,4.521633816,1.035446537
1264,3.693890667,0.453693932,2.46436367,5.116427326,1.860614848,2.201168716,2.336787224,2.827902412,1.23548274,1.893455839,2.533443618,0.520746793,4.71054163,1.007375485
1266,3.805601811,0.464379793,2.475640321,5.25122509,1.983808649,2.236667943,2.502923083,2.878926849,1.251317739,1.985449529,2.594951487,0.555236176,4.964083004,1.013618845
1268,3.861511374,0.463775331,2.47171576,5.230529976,2.082362401,2.265715045,2.610653782,2.906583357,1.255275774,2.011909389,2.813830113,0.56860778,5.141733265,1.015657097
1270,3.734677815,0.46159367,2.43680284,5.025143147,2.10367589,2.262447047,2.617265558,2.875655413,1.237908399,1.964005542,2.968411231,0.576036339,5.11584053,0.999338794
1272,3.555883622,0.440084279,2.401137877,4.7734828,2.101037145,2.255622882,2.574896264,2.85023675,1.208429694,1.889328766,3.018128014,0.558036976,5.027550602,0.996630239
1274,3.411536264,0.410988635,2.350238204,4.492764902,2.052455652,2.241891617,2.485446644,2.803025055,1.176111794,1.793878412,3.051331234,0.562059402,4.884505558,0.986129004
1276,3.44820714,0.385930562,2.290950179,4.190762663,1.9805861,2.22298913,2.352835011,2.755754328,1.143384397,1.679033685,3.045195127,0.544801956,4.689368057,0.973738396
1278,3.3990273,0.360044652,2.258794594,3.920409489,1.912342775,2.199709779,2.226841187,2.707899523,1.112854469,1.583089995,3.044184184,0.52832709,4.505575037,0.980874187
1280,3.340515733,0.330412862,2.230978179,3.668737936,1.827132308,2.181654114,2.081660414,2.653139305,1.073468101,1.479114342,3.014003778,0.51837188,4.311158705,0.987836206
1282,3.294480038,0.307380447,2.19045074,3.433256006,1.752495944,2.161285955,1.931899691,2.617257571,1.041072094,1.384185338,2.987433457,0.492871819,4.117547512,0.990015924
1284,3.411311555,0.290720922,2.163718033,3.238789129,1.694078767,2.150739139,1.800681877,2.605682349,1.017634022,1.312400246,2.988566375,0.484619507,3.978364611,0.998743796
1286,3.626703668,0.270949271,2.137554598,3.052815056,1.614510024,2.143879765,1.668188977,2.564584851,1.002562356,1.238915706,2.936144161,0.461609551,3.835019922,1.006559241
1288,3.659070063,0.253554213,2.113478851,2.878038168,1.546885264,2.130535603,1.546059012,2.539358878,0.990683198,1.167568731,2.940868235,0.444845882,3.683723879,1.020847166
1290,3.55684526,0.233263838,2.083823538,2.720743084,1.472803247,2.121094191,1.418597376,2.524266005,0.969057,1.101120579,3.040734649,0.433813761,3.543403578,1.024514055
1292,3.347658944,0.221843904,2.057334423,2.591626024,1.416739678,2.121544158,1.319059837,2.5089185,0.950284076,1.044827116,3.074853396,0.415636972,3.411256504,1.024527121
1294,3.087722588,0.211174798,2.040812182,2.476507711,1.361868978,2.110739422,1.231346452,2.494964099,0.944936562,0.990649152,3.029634809,0.402108333,3.293058538,1.050709999
1296,2.85700686,0.200529572,2.020299625,2.378623724,1.310288286,2.091443491,1.156590998,2.473480105,0.932692158,0.943530488,2.946218419,0.387039323,3.203666878,1.076257956
1298,2.818834066,0.199117559,2.025057602,2.312619925,1.278295982,2.099251723,1.113450772,2.473496103,0.928463197,0.904530001,2.903644633,0.388236295,3.150751257,1.07185787
1300,2.742529702,0.194625716,2.032042885,2.266674376,1.249195647,2.116411483,1.071112615,2.480050874,0.922390139,0.873266256,2.8423244,0.388400407,3.11891284,1.06337471
1302,2.579372787,0.193126091,2.041681194,2.252719069,1.245857716,2.126638997,1.054063243,2.494840622,0.922300088,0.865164006,2.883518124,0.382627353,3.134178448,1.060342407
1304,2.397608709,0.188614926,2.037155437,2.217840552,1.235553801,2.131551301,1.043831533,2.478065896,0.917923796,0.847063029,3.001434469,0.388929591,3.13310008,1.054718065
1306,2.267313635,0.187997618,2.014480186,2.166546917,1.222623956,2.127286422,1.020516419,2.440316749,0.902469027,0.830402887,3.035300303,0.379740794,3.088704872,1.041214508
1308,2.194717765,0.184989543,1.993157005,2.11069119,1.194816566,2.114951622,1.015489882,2.387980175,0.885589159,0.802028608,3.075323629,0.380652589,3.035331345,1.028096581
1310,2.290866852,0.180048022,1.979359555,2.075144553,1.17184993,2.116578281,0.99740032,2.368143368,0.874383914,0.780929065,3.139536572,0.380337301,2.9986022,1.022986275
1312,2.347314388,0.176949804,1.959182072,2.025688148,1.151808214,2.079618406,0.982191622,2.305663824,0.861463714,0.759871161,2.977513075,0.364139125,2.940361881,0.999492395
1314,2.486116749,0.181103738,1.966624522,2.027949357,1.13842867,2.089894259,0.992522156,2.305202889,0.863766468,0.752119219,2.996688843,0.371221018,2.96250186,0.987013847
1316,2.661433041,0.184419653,1.952992344,2.026018953,1.126472521,2.070712554,0.984894007,2.282806206,0.859015083,0.742657292,2.928427982,0.368926802,2.958495712,0.971366853
1318,2.991648769,0.188681559,1.944409847,2.031431723,1.124432755,2.058064556,0.997821474,2.245916438,0.854051125,0.743041539,2.852017808,0.367677006,2.964277363,0.957787317
1320,3.461739445,0.193923542,1.92786808,2.050128222,1.119667047,2.08416208,0.986708635,2.256724262,0.851454198,0.746483743,2.96184144,0.366778472,2.975480938,0.94144665
1322,4.080817115,0.197547081,1.891710973,2.056317711,1.12185989,2.118002772,0.988081795,2.29575398,0.853900492,0.748222864,3.103371954,0.372320683,2.996147966,0.935974228
1324,4.6137658,0.195572826,1.87564497,2.040260363,1.111587948,2.147490895,0.984149259,2.331507659,0.856038427,0.73688935,3.259940052,0.381856859,3.005811214,0.939769995
1326,4.883462799,0.195181516,1.885125792,2.018868542,1.113830352,2.15903753,0.978846079,2.354029465,0.862671256,0.726888967,3.332638311,0.383297487,3.003849173,0.935727197
1328,5.001158595,0.192608398,1.891313505,1.990069389,1.10298351,2.157933962,0.98919723,2.351055837,0.867579126,0.721356106,3.359051466,0.386945261,2.976301622,0.910508919
1330,5.112458515,0.192896488,1.903474593,1.98407886,1.091141242,2.162751687,0.984359598,2.358199072,0.865424001,0.717730212,3.422030544,0.387602657,2.969960117,0.882548112
1332,5.313413239,0.198084477,1.923821628,1.994947219,1.097905505,2.184148943,0.994251281,2.37387464,0.865034628,0.713999772,3.531321907,0.394644287,2.978093338,0.85630092
1334,5.394229913,0.203400984,1.917987049,2.009277034,1.100425845,2.19424814,0.99910152,2.358629036,0.861799669,0.716062939,3.624726152,0.393681835,2.98277297,0.827106977
1336,5.317471755,0.198922333,1.924099874,2.014615273,1.105707353,2.167818725,1.007453221,2.303912926,0.864567029,0.72850436,3.583044147,0.377024251,2.975152445,0.797778922
1338,5.156825221,0.18797549,1.951106858,1.996455169,1.112896436,2.145265317,1.033876562,2.191052818,0.866709769,0.732688272,3.436466312,0.35322658,2.976925802,0.79417119
1340,5.047363031,0.182057291,1.953904629,1.989706254,1.116377795,2.157896435,1.033467323,2.205324221,0.865440905,0.726462924,3.523356152,0.355158883,3.002570391,0.750271904
1342,5.035254633,0.182453227,1.969249976,1.994633007,1.129266149,2.208500588,1.032953757,2.321960568,0.872323322,0.723787057,3.615978193,0.38305096,3.02944746,0.703444487
1344,4.952560222,0.182416728,2.00228374,2.000998878,1.137114751,2.266610944,1.042984605,2.403386974,0.885019433,0.724569082,3.723554516,0.401317139,3.085238314,0.686242509
1346,4.741857994,0.177780846,2.027240777,2.006913495,1.144703245,2.310959435,1.05091235,2.462001014,0.894537723,0.722205138,3.789105511,0.407679519,3.120586395,0.67975201
1348,4.540070021,0.175958803,2.059967434,2.034362793,1.151728964,2.354318893,1.077949643,2.507502294,0.91822021,0.727824998,3.83657918,0.409874994,3.179932213,0.678053707
1350,4.763777149,0.178761396,2.119458234,2.073569202,1.176945281,2.413953733,1.09437291,2.615701032,0.951108241,0.744333017,3.94536891,0.427389845,3.257491207,0.683986896
1352,4.95641706,0.180739573,2.164214611,2.108857679,1.19765861,2.47481091,1.126510918,2.737534785,0.979972792,0.758543038,4.119462347,0.450097525,3.32675643,0.692587852
1354,4.711254597,0.187727809,2.24039942,2.16155014,1.215136373,2.530988669,1.175675684,2.865073776,1.021284521,0.785755336,4.337968826,0.468529379,3.453733015,0.718893385
1356,4.959875202,0.209113702,2.359884024,2.250825524,1.261833346,2.621582556,1.222831529,3.064637899,1.076932013,0.836361265,4.721241474,0.507970659,3.625126266,0.741804254
1358,5.451840544,0.222267956,2.454667974,2.308379745,1.288463998,2.7261024,1.270853466,3.167638397,1.117764878,0.876722646,5.003164196,0.536028832,3.766558981,0.77380659
1360,5.024783754,0.218213959,2.54586575,2.296988487,1.292661989,2.72415669,1.287630194,3.041855764,1.132141697,0.883236742,4.865424299,0.505846575,3.775140524,0.822519481
1362,4.477627134,0.217746268,2.607086563,2.279757667,1.294765699,2.716671586,1.301465803,2.88985076,1.165100622,0.880308259,4.61255064,0.463793597,3.756126976,0.885181624
1364,4.853974295,0.256714946,2.687336111,2.398912811,1.366447985,2.901040387,1.344428974,3.151665783,1.255766654,0.91394031,5.224688387,0.531969599,3.992639732,0.868761432
1366,4.890510041,0.291891679,2.79403224,2.513139248,1.42548157,3.027822495,1.401015228,3.396769762,1.319483972,0.947263122,5.90252533,0.601816417,4.155883694,0.851515692
1368,4.036811292,0.336351112,2.940358996,2.654908323,1.484879172,3.176584768,1.489199162,3.618489122,1.363167381,1.011918592,6.507465792,0.658322507,4.400314283,0.893100476
1370,4.21441431,0.426030463,3.269342518,2.888931704,1.636054003,3.449904013,1.629711294,4.174208689,1.440934706,1.129681063,7.405374527,0.893710259,4.954544449,0.955708009
1372,4.462720776,0.490586057,3.896480227,3.193736506,1.818064296,3.700982022,1.853552556,4.715717983,1.613943577,1.322466874,7.899570751,1.07638219,5.484173775,1.046216691
1374,5.333415738,0.593956017,5.095782614,3.761495495,2.1964136,4.143414211,2.277120733,5.762269402,1.989869714,1.706015658,9.141882944,1.629867184,6.195082903,1.215278387
1376,8.877813292,0.665460473,5.898690319,4.252117443,2.508140039,3.939768672,2.47557497,6.555121231,2.207076359,1.933574367,10.23783908,2.502961063,6.210527945,1.33614248
1378,10.6911737,0.647120712,5.868179035,4.275056648,2.29275949,3.547984397,2.291065288,6.400243187,2.047246432,1.785379863,10.08669105,2.679628086,5.693202257,1.275478458
1380,11.88650246,0.608639028,5.371860981,3.934034061,1.95417788,3.388032818,1.992775583,5.735721207,1.744844127,1.507061148,9.328148031,2.340582895,5.249904251,1.143614674
1382,12.25462396,0.51656529,4.739099312,3.506207705,1.692867804,3.468051147,1.749059761,4.990121555,1.493308234,1.283749819,8.488765383,1.895056272,5.015965509,1.018216747
1384,9.633440387,0.39488003,4.174500751,3.128624964,1.561478913,3.469930792,1.58951782,4.334758425,1.332086062,1.137496603,7.742423105,1.495660424,4.767315435,0.944461703
1386,4.1982364,0.31387153,3.710552788,2.788115644,1.476018059,3.389719105,1.51488235,3.620475435,1.238223505,1.040610087,6.592658854,1.108287609,4.301493168,0.992975372
1388,1.598633265,0.287267581,3.29308691,2.527564859,1.416947663,3.366835642,1.449624372,3.172960949,1.18472116,0.971101308,5.909214592,0.860596251,3.917652035,0.968028307
1390,2.210732508,0.282038954,3.019172573,2.380000019,1.395241988,3.290564919,1.409493411,2.974762464,1.144872057,0.930546248,5.468420744,0.753883499,3.738716412,0.949217653
1392,2.628239131,0.27281844,2.728284264,2.252821589,1.356439304,3.178559065,1.369162333,2.776049161,1.104468203,0.907562673,4.91309123,0.63409138,3.610334396,0.930268455
1394,2.595538354,0.263581887,2.418132305,2.11920917,1.311413348,3.029447269,1.355494779,2.500216246,1.05204792,0.87975409,3.949879766,0.462682693,3.427069616,0.943004882
1396,3.119539309,0.267982396,2.251902413,2.028338027,1.295430934,2.940040231,1.336543632,2.328045344,0.996370602,0.854036176,3.48406539,0.39133489,3.288625336,0.873511076
1398,3.363680458,0.263956544,2.121377349,1.965563416,1.283753896,2.882948828,1.322644037,2.219174647,0.972603095,0.841711819,3.081709051,0.34913467,3.236474657,0.841170245
1400,3.329302311,0.27127935,2.09084506,2.005500913,1.323670995,2.922138166,1.324120402,2.265442371,0.94158963,0.848753357,3.23977387,0.365130875,3.289311457,0.787509155
1402,3.180003214,0.279715222,2.075085771,2.051568079,1.356971145,2.959828377,1.336489749,2.269802594,0.930310965,0.86357336,3.270549583,0.369572359,3.368938875,0.76121859
1404,2.890571618,0.301396149,2.044331217,2.129447913,1.400492847,2.963220692,1.371864372,2.218977833,0.935359943,0.89484762,2.92308588,0.336228076,3.461212111,0.803217626
1406,2.768255365,0.334030885,2.052122033,2.288891506,1.478724706,2.990572119,1.400612772,2.261310601,0.926248384,0.948423731,2.906217289,0.365342115,3.585360956,0.747549045
1408,2.750217068,0.34886322,2.048244452,2.358338594,1.511384165,2.991815042,1.425391638,2.255635047,0.915470946,0.974651814,2.866700888,0.369612868,3.663482761,0.705418593
1410,2.663940072,0.349396139,2.026928568,2.287985039,1.486277735,2.965819526,1.431420839,2.187166929,0.913504314,0.962688637,2.722251105,0.349785513,3.602961969,0.709350806
1412,2.61751039,0.336458176,2.002598679,2.141870618,1.42209264,2.940126419,1.403991205,2.120800805,0.915892017,0.923388958,2.610831261,0.33638092,3.483631182,0.722844505
1414,2.764350736,0.32600888,1.985591888,1.991565561,1.354733932,2.908525491,1.383000302,2.057157874,0.915606451,0.878750443,2.530174661,0.3013797,3.320161676,0.754647857
1416,3.012427211,0.311383218,1.928234124,1.835274768,1.27742697,2.822956228,1.352654806,1.918134332,0.900559795,0.833634126,2.333170915,0.260549405,3.129390574,0.801915628
1418,3.263949823,0.292080131,1.890269351,1.710752583,1.222158861,2.74721992,1.334410524,1.793111992,0.888196027,0.794890702,2.164092493,0.243090945,2.976933455,0.833795851
1420,3.370120239,0.29644185,1.917105079,1.666986728,1.207110071,2.782046556,1.337572911,1.788728166,0.890102386,0.783528566,2.268214726,0.240030691,2.96277802,0.878611577
1422,3.344057894,0.301222441,1.909440887,1.628032947,1.197522408,2.761897278,1.343839803,1.747689223,0.888330078,0.76947217,2.276641154,0.224478926,2.961522889,0.872783864
1424,3.647713995,0.304372409,1.909604418,1.611543608,1.199752438,2.752662921,1.353539732,1.737992215,0.883932233,0.768639541,2.306183028,0.222691055,2.961936164,0.889573181
1426,4.313914537,0.315539414,1.941402519,1.626017785,1.221344829,2.796035957,1.365133128,1.787761736,0.893229949,0.786429358,2.408766723,0.233106779,3.017482424,0.887453115
1428,4.372223759,0.312818739,1.969044924,1.618329024,1.233071101,2.827675271,1.381143522,1.792428994,0.912839258,0.788044095,2.388168097,0.225634003,3.049733496,0.922303569
1430,4.174572277,0.314026833,2.030631089,1.653616953,1.26247735,2.883547044,1.424333516,1.879127026,0.953607011,0.820819032,2.476814651,0.239230272,3.128920388,0.972459626
1432,3.922394705,0.328346583,2.130340838,1.733590007,1.328894818,2.968041182,1.496052647,2.017965555,1.02117877,0.879371905,2.544203949,0.259092423,3.284763718,0.991690361
1434,3.708519506,0.336346427,2.23538115,1.794171572,1.395053852,3.061513042,1.574517801,2.103033757,1.072743249,0.925853074,2.595949435,0.267019745,3.421633554,1.023380864
1436,3.498628998,0.332159919,2.277167678,1.798240685,1.432087517,3.094851017,1.612400588,2.0752249,1.092224371,0.94379586,2.445034266,0.265589903,3.444293451,1.052718091
1438,3.689599514,0.341776416,2.321066737,1.854149485,1.491538703,3.214069676,1.643504462,2.171932292,1.118793941,0.974178457,2.429562926,0.270898073,3.560827398,1.080587232
1440,3.942671537,0.340766734,2.373404622,1.909766269,1.55372771,3.316978836,1.688704824,2.274670243,1.148569453,1.002443314,2.570107293,0.27587401,3.6812603,1.091700387
1442,4.037883854,0.335422468,2.475091481,1.994058204,1.642859018,3.419027948,1.76316036,2.374214339,1.207209718,1.050079441,2.619677782,0.289742884,3.872349882,1.109232748
1444,3.853508949,0.326740274,2.597392416,2.099892187,1.73191998,3.498345828,1.854426444,2.491593266,1.273406434,1.124964869,2.566448998,0.314422708,4.029181385,1.127253234
1446,3.507597017,0.316319779,2.693811703,2.179736114,1.797838604,3.552442336,1.949688482,2.544632387,1.33516252,1.20033443,2.367795944,0.347074872,4.154362917,1.112578917
1448,3.236640859,0.310768783,2.920272303,2.374424362,2.002646041,3.790473533,2.144376135,2.725901079,1.45883038,1.346179199,2.253560877,0.39557004,4.514945793,1.145564938
1450,2.653107357,0.385566545,2.981007051,2.592101526,1.773092449,3.616595864,2.04662987,3.524125481,1.783043694,1.362291384,2.453896904,0.391264185,3.923947525,0.944395411
1452,2.049420667,0.462947547,3.043839383,2.817296553,1.53561089,3.436713147,1.945507777,4.349917793,2.118454194,1.378960085,2.661151791,0.386809614,3.312538648,0.736278212
1454,1.424518609,0.543047971,3.1088799,3.050405598,1.28978343,3.250508928,1.840831983,5.204730988,2.465652084,1.396214485,2.875690269,0.382198513,2.679642838,0.520847112
1456,1.54255929,0.516223961,3.12759912,2.991860914,1.255246925,3.286890054,1.882107747,5.211501694,2.533181953,1.388609886,2.880326605,0.362230459,2.62586472,0.508714294
1458,1.79251442,0.530386174,3.268012524,3.050444603,1.392590714,3.535079432,2.02929889,5.708222198,2.738082552,1.478898096,3.140532017,0.386905411,2.808447564,0.533564293
1460,1.834340858,0.603770751,3.355019593,3.144256306,1.798345697,4.043024373,2.178313255,7.194346333,3.039778996,1.652483773,3.618322802,0.39072718,3.405797029,0.566175073
1462,1.894122553,0.639089918,3.533557296,3.261166954,2.279471064,4.810864305,2.449729252,9.192955875,3.431550884,1.869218683,4.485024786,0.388578856,4.123826694,0.625573599
1464,2.01523385,0.583923668,3.434041095,3.093615913,2.162736666,4.700572205,2.399302256,8.928800869,3.338733292,1.784670544,4.500299358,0.376190512,3.983513832,0.596081504
1466,2.01328733,0.439304036,3.021251655,2.679584265,1.674325347,3.969968414,2.057551372,7.064003658,2.847479105,1.482133007,3.616122818,0.34334774,3.343127215,0.530413565
1468,1.968186355,0.340037623,2.699682021,2.35630188,1.460685098,3.576725054,1.826825535,5.998348045,2.518267155,1.287391019,2.97953012,0.301214688,3.013600314,0.499118263
1470,1.957245898,0.285826059,2.530501032,2.15950563,1.439881516,3.483455539,1.762840605,5.655149078,2.350140858,1.183202291,2.740425372,0.268491118,2.935539508,0.470020941
1472,1.991860998,0.265321302,2.445717239,2.012445045,1.597368813,3.691132545,1.862371087,5.778158283,2.351136017,1.175083876,2.642279291,0.239545199,3.122347069,0.439816742
1474,1.971752214,0.207217208,2.10189774,1.6751858,1.317274797,3.218358064,1.628808033,4.614565039,2.027289057,1.029033005,2.154611135,0.198406353,2.701918292,0.383787259
1476,1.986624694,0.202707778,1.82778368,1.425171733,0.902723569,2.614770508,1.297433788,3.397953558,1.648890734,0.806651008,1.901039815,0.188971514,2.026376784,0.334761298
1478,2.03583951,0.221916774,1.638158655,1.280545902,0.688879168,2.250084746,1.080945379,2.700539875,1.407930231,0.6762761,1.740053272,0.193374999,1.603651369,0.327855846
1480,2.099491334,0.237066561,1.587523723,1.216858757,0.620866013,2.132465219,1.003902483,2.441921878,1.320878911,0.621938157,1.686334133,0.180839351,1.460345805,0.325097862
1482,2.236116433,0.254849693,1.575077534,1.182668197,0.599182069,2.093314672,0.972233093,2.304790258,1.264750743,0.590311813,1.694055605,0.17463981,1.387503946,0.345909125
1484,2.355751896,0.267616555,1.592602634,1.170508099,0.593980914,2.106119287,0.966891617,2.243519545,1.235933304,0.582658577,1.68922472,0.182755712,1.374440765,0.355111089
1486,2.512481165,0.260110632,1.609620833,1.162888646,0.589199996,2.13098979,0.964829427,2.211683273,1.228750467,0.566119826,1.704401875,0.175819584,1.338281101,0.347321728
1488,2.690749836,0.253313428,1.638929701,1.157054162,0.592027307,2.173622119,0.971122688,2.206409788,1.248059464,0.557493454,1.720385528,0.178102329,1.325843611,0.323941475
1490,2.989640045,0.264199308,1.726801896,1.190587008,0.629553467,2.290022266,1.031834614,2.294258809,1.280313468,0.558291662,1.850415277,0.182450012,1.406462663,0.32315629
1492,3.363970232,0.323982489,1.903309512,1.313807189,0.711034942,2.50381372,1.10886386,2.460985398,1.328291178,0.624462783,2.073564053,0.193086939,1.544597819,0.370584601
1494,3.474807644,0.353646404,1.982054019,1.361051774,0.738135701,2.63511014,1.143841195,2.522875333,1.379801226,0.643327236,2.19923718,0.212267983,1.616018975,0.376018646
1496,3.66821537,0.316274458,2.057223177,1.389018106,0.753673083,2.7500875,1.207911211,2.55935421,1.439878678,0.645286059,2.341270566,0.216963278,1.684794584,0.37073808
1498,4.083742189,0.335952362,2.239426851,1.510792613,0.797565877,2.957546043,1.324279118,2.723996115,1.555467129,0.704155242,2.600188017,0.243003278,1.842108485,0.435703483
1500,4.256705523,0.388680881,2.33526969,1.608419204,0.838882709,3.113509607,1.401103866,2.793243742,1.585741448,0.777266681,2.843790388,0.262211524,1.953960961,0.467974848
1502,4.485144329,0.432500857,2.416750121,1.673730683,0.885366321,3.227977204,1.466857648,2.850962067,1.632691383,0.844929361,2.956958008,0.268264966,2.041718006,0.477447489
1504,4.597247791,0.435890651,2.472980309,1.718230724,0.891035473,3.29262774,1.517448074,2.897295189,1.674304509,0.863137174,3.086174536,0.283368504,2.092672884,0.456768489
1506,5.298954248,0.372021812,2.79783709,1.875802827,0.915813589,3.781178546,1.755495715,3.216769266,1.884559631,0.916852534,3.527050018,0.291289133,2.35063405,0.422975207
1508,5.60565505,0.34812662,2.801872873,1.83016088,0.975731635,3.842226863,1.772843212,3.138775635,1.870679522,0.867512608,3.440474892,0.251501819,2.3210437,0.457812737
1510,5.454600334,0.433362156,2.789682746,1.815031123,1.004968131,3.782334518,1.715947706,3.125262928,1.909820056,0.904618216,3.45462575,0.287763654,2.329905397,0.50598675
1512,5.658755302,0.478248292,2.926586533,1.897756243,1.06130048,3.925805116,1.777819556,3.330234003,2.034681511,0.971641374,3.583185816,0.33336881,2.438233244,0.579433739
1514,5.663782501,0.479581696,3.026349401,1.955399394,1.076276505,4.044044828,1.838223767,3.40241909,2.08881855,1.013858354,3.674976826,0.370950235,2.525357282,0.587039202
1516,5.607890987,0.428914154,3.064580059,1.957506275,1.067957699,4.07073853,1.85060814,3.379172754,2.09751265,1.010918784,3.713318014,0.357205682,2.523426086,0.540683365
1518,5.404746819,0.46652717,3.040091372,1.950392365,1.100736046,4.061954355,1.83151775,3.340101528,2.092262292,1.018389142,3.599738789,0.344426343,2.593086845,0.548152012
1520,5.310286474,0.370825198,2.948914123,1.898220539,1.077321172,4.010837579,1.808397871,3.218890047,2.037725925,1.001100826,3.545869064,0.306628502,2.500743037,0.511453518
1522,6.184552002,0.417743167,3.29697504,2.143024683,1.234280503,4.55026021,2.119630784,3.659030342,2.327526617,1.138670135,4.131649733,0.360676584,2.798581308,0.590922892
1524,5.789725161,0.412504613,3.131704855,2.000772285,1.150826991,4.273221612,2.01068694,3.429465532,2.199027562,1.067852437,3.873716354,0.355946774,2.596701092,0.569877434
1526,5.726442146,0.432834125,3.080542326,1.963037181,1.126994514,4.168899012,1.97641179,3.305705547,2.165439582,1.048863351,3.699349117,0.351722029,2.577488148,0.585040212
1528,5.765640926,0.476771569,3.147942877,2.029742384,1.190335691,4.269278812,1.989090753,3.417123175,2.237980843,1.099467921,3.756288767,0.368053561,2.745050633,0.631697428
1530,5.86288991,0.483612126,3.130092812,2.041817975,1.196675432,4.2871804,2.002499831,3.460583258,2.226683259,1.109587991,3.771400642,0.373253061,2.783085597,0.633064765
1532,5.758610964,0.452020234,3.062402201,1.965319204,1.152445054,4.20286665,1.970730191,3.365545893,2.195496488,1.096430981,3.665332413,0.355609909,2.697069764,0.602768135
1534,5.891813326,0.490501797,3.131719947,2.009220982,1.180716562,4.324756742,2.013425589,3.441331339,2.249954772,1.137678456,3.706805515,0.375811639,2.76126917,0.610719895
1536,5.936042595,0.493090785,3.123215818,2.025069928,1.200693667,4.316676879,1.989186621,3.462432671,2.246515775,1.14110297,3.692098379,0.371023658,2.774954152,0.629766285
1538,5.727787495,0.402821225,2.967532063,1.933038092,1.116110778,4.120471501,1.881658041,3.292200422,2.149921322,1.064986265,3.579106665,0.332560506,2.623239386,0.553636372
1540,5.576636839,0.323165816,2.86926589,1.811905479,1.018394279,3.979422998,1.806363565,3.090069532,2.070695734,0.99650569,3.514710617,0.33040114,2.496908766,0.496330109
1542,5.575689793,0.420761627,2.895043087,1.824950123,1.083450192,3.99990797,1.86498096,3.099695444,2.083994007,1.043553245,3.477742004,0.327090601,2.515087837,0.610452193
1544,5.451605082,0.480956239,2.846393895,1.836784005,1.106644046,3.983761215,1.858708405,3.10707922,2.045100856,1.07191366,3.36779356,0.329064973,2.543189406,0.614411145
1546,5.24572463,0.502472949,2.733733273,1.81280005,1.100219989,3.885173845,1.771470773,3.159587526,1.944686317,1.062152004,3.168185997,0.315261737,2.594629771,0.579414731
1548,4.985106659,0.490154099,2.638644576,1.744382358,1.045214891,3.775184822,1.731200814,3.086153269,1.885970235,1.033465028,3.084726763,0.310357597,2.523546314,0.56446934
1550,4.853096247,0.48467989,2.529521704,1.675965214,1.005603313,3.641829443,1.681987303,2.984599113,1.818784857,1.00033946,2.936742783,0.30594877,2.459924722,0.569741932
1552,4.641739655,0.47745294,2.404384184,1.606457829,0.969463277,3.461279273,1.606180817,2.851583242,1.72111156,0.958975458,2.764434457,0.296128801,2.353055423,0.568397602
1554,4.553219366,0.471335351,2.322745705,1.542995286,0.943212354,3.338259339,1.570163739,2.722725439,1.65229795,0.945252645,2.710250854,0.271003143,2.274877411,0.596564496
1556,4.373324251,0.442115271,2.22695868,1.461418962,0.906498671,3.194375896,1.501258099,2.572864366,1.566764021,0.90692842,2.60430727,0.248765771,2.188176924,0.580326283
1558,4.091579914,0.347743061,2.0563241,1.3476439,0.793969393,3.026347399,1.422143468,2.365917182,1.42721014,0.828326702,2.471027184,0.209484853,2.020789677,0.49757207
1560,3.744491243,0.395257044,1.896612024,1.270818067,0.770128059,2.802390265,1.358009559,2.234744167,1.348746562,0.782465029,2.166432142,0.199770649,1.922473788,0.504166203
1562,3.61984272,0.415017927,1.843101645,1.246115327,0.767476571,2.687449861,1.26337893,2.214853263,1.297220588,0.772453082,2.006823254,0.200815237,1.90205524,0.481029151
1564,3.48831706,0.402107394,1.771018648,1.19591105,0.731738877,2.588272071,1.218474948,2.146822953,1.24662981,0.744735825,1.954354668,0.19111514,1.821938545,0.465608899
1566,3.335776901,0.385692602,1.687925339,1.157002997,0.702902091,2.472340798,1.152993011,2.05687418,1.176003551,0.714268029,1.872334766,0.18639689,1.769207126,0.440050146
1568,3.181572437,0.35263893,1.616309452,1.103812516,0.665276939,2.363657546,1.103660506,1.957228971,1.129807949,0.683282447,1.823903394,0.179388027,1.698506045,0.415323067
1570,3.132168055,0.336372709,1.547145867,1.072807884,0.64411357,2.281960976,1.069830704,1.880633903,1.078540897,0.659877825,1.746810079,0.170774674,1.642688489,0.405876498
1572,3.003863573,0.333052266,1.49854362,1.062573206,0.637291408,2.216947126,1.032914519,1.834989762,1.031185079,0.643562758,1.679985285,0.169790129,1.623138946,0.378424538
1574,2.894611073,0.316522777,1.463660204,1.035661662,0.623139119,2.171527171,1.012822026,1.774350786,0.995971894,0.622209573,1.666886568,0.169269685,1.577100718,0.364968517
1576,2.870489073,0.305037946,1.457470798,1.029991257,0.62165702,2.163060009,1.023649284,1.734033394,0.994181132,0.638004541,1.668702626,0.168072996,1.572645968,0.399745283
1578,2.808593988,0.303940713,1.411721468,1.016067648,0.612561113,2.100759971,0.987410977,1.726626158,0.971338415,0.624131334,1.502391481,0.161476845,1.558351779,0.359161547
1580,2.779554105,0.310029709,1.405548942,1.011963534,0.611201066,2.095717812,0.969739854,1.7577806,0.961536384,0.615341079,1.457616532,0.161832278,1.571093285,0.335955948
1582,2.738611531,0.302509791,1.402703285,1.013718498,0.610800388,2.100750053,0.952891248,1.775713277,0.957218027,0.605550528,1.465999079,0.159439695,1.569091821,0.323981056
1584,2.726233792,0.300041515,1.39643786,1.008050942,0.602331853,2.127721369,0.947551435,1.781424975,0.955423319,0.593344641,1.485961819,0.157721971,1.554834592,0.317783093
1586,2.730524492,0.296633643,1.404027629,1.011886764,0.601210722,2.143334711,0.94718942,1.786552644,0.953776026,0.587505651,1.518113625,0.165275896,1.566555047,0.309791394
1588,2.734697151,0.291103131,1.411957741,1.012212121,0.595802912,2.159342968,0.957912916,1.789850354,0.957509494,0.590744734,1.579526246,0.173309003,1.570030808,0.296934124
1590,2.765632844,0.294795436,1.42649138,1.020474386,0.600655162,2.188250542,0.96590668,1.808712673,0.968494093,0.59645834,1.625737333,0.176374736,1.588499439,0.296147227
1592,2.834484577,0.304226416,1.443954599,1.035871696,0.614059016,2.229064274,0.980353129,1.834158921,0.985711932,0.609252095,1.651428044,0.176180708,1.611216617,0.299483446
1594,2.898835039,0.3036084,1.463919783,1.048044074,0.628221184,2.273073244,1.000977373,1.847405601,1.004843628,0.622763503,1.635129464,0.173797304,1.645171982,0.305100724
1596,3.034167719,0.306819177,1.505608821,1.083847094,0.651442888,2.346577096,1.02526682,1.902592134,1.030171525,0.640023255,1.611942029,0.181172587,1.720288163,0.318999118
1598,3.208723545,0.312183583,1.548398995,1.125747764,0.674553242,2.446345162,1.052491105,1.979408908,1.060672152,0.659486473,1.613141787,0.195277383,1.770014328,0.338753131
1600,3.37796216,0.315303487,1.595198643,1.160026062,0.704672769,2.50973289,1.076751906,2.013914943,1.089256465,0.670693779,1.627762747,0.198612093,1.82841801,0.353810108
1602,3.605389166,0.320610416,1.652293193,1.190732098,0.728573236,2.593862295,1.115944648,2.055811954,1.124787855,0.694706202,1.67341888,0.205258943,1.906982839,0.367404889
1604,3.894774008,0.334685194,1.705458987,1.226369739,0.748247498,2.706042171,1.143644416,2.13341682,1.157220089,0.718112254,1.744647849,0.223348153,1.982679427,0.383023294
1606,4.174474096,0.350523764,1.76849575,1.268835568,0.771152231,2.807935333,1.184297585,2.184177351,1.202136803,0.744936609,1.774703467,0.223858537,2.051742119,0.393036748
1608,4.538089705,0.369260484,1.84915266,1.325850105,0.807732862,2.95496273,1.242259914,2.256116962,1.256938648,0.784404159,1.83386904,0.237235065,2.161509836,0.419335319
1610,5.341278648,0.391063046,1.9823138,1.419331598,0.873877692,3.191236043,1.313960034,2.435438251,1.334493685,0.840531504,2.217986453,0.270038071,2.365134418,0.472549959
1612,6.61269598,0.414123946,2.094509578,1.514627576,0.93064906,3.41415596,1.391470444,2.602767801,1.405478454,0.894941139,2.76998682,0.304715183,2.539667451,0.544816589
1614,7.535895252,0.424730504,2.161312389,1.553224421,0.964886558,3.507669115,1.428541327,2.628446651,1.444407058,0.920846641,3.051736593,0.308750102,2.618985367,0.55793086
1616,8.587456799,0.448276699,2.325713277,1.621042132,1.032883161,3.716333604,1.54541955,2.693480539,1.541061711,0.980660474,3.293228197,0.297549158,2.80132091,0.588920411
1618,9.863008213,0.503240997,2.536119604,1.797910333,1.129365021,4.197042584,1.680733025,3.021068144,1.68163929,1.075845242,4.087067938,0.377601708,3.105099273,0.709105298
1620,10.68241272,0.537676561,2.699956298,1.922967243,1.20389508,4.493602896,1.758213985,3.25468235,1.761561584,1.140805376,5.096230125,0.437998843,3.324941778,0.72352269
1622,11.84227438,0.55490824,2.867504501,2.001837158,1.266553265,4.699760342,1.865165073,3.352283335,1.859503174,1.209155536,5.360391474,0.41718118,3.483579469,0.747053969
1624,9.936678123,0.566281402,3.215450883,2.322760868,1.435029137,5.517559052,2.05485934,3.962012243,2.075526977,1.342248368,6.656799126,0.611630073,3.790827632,0.838220936
1626,8.850429583,0.557543772,3.39017272,2.483568335,1.516049659,5.897278023,2.167253709,4.283650684,2.189398885,1.413661933,7.152542686,0.711043882,3.887190521,1.071279097
1628,7.629284191,0.573209035,4.068161058,2.841733694,1.673496497,6.736166716,2.329678023,5.156428146,2.391043878,1.548295116,8.293355083,1.057718784,4.386071122,1.225824457
1630,7.396432447,0.727163494,4.873282528,3.183740807,1.815386069,7.422887945,2.414580631,6.357237148,2.54861598,1.644508505,9.840517807,1.487483406,5.002689493,1.138189512
1632,7.242613554,0.829477727,5.294325352,3.293399143,1.86446811,7.634474802,2.4792799,6.760006905,2.626378775,1.682548833,10.47261715,1.61078732,4.999360323,1.124351281
1634,7.031842518,0.811259115,5.335662651,3.253239536,1.86827215,7.679440784,2.567962003,6.452317333,2.690044641,1.707515168,9.400858021,1.434191513,4.850757062,1.109660131
1636,8.219695091,0.837129974,5.23839674,3.330054188,1.945375741,8.154512787,2.788489819,5.984989166,2.899002123,1.800535417,8.190248299,1.221804714,4.907712197,1.052155966
1638,6.563651896,1.004404926,5.736142921,3.665766811,2.0340222,8.252709675,2.75145247,7.317989445,3.011403942,1.864443803,11.8511899,1.78253324,5.145460284,1.171008188
1640,4.261959124,1.304448462,6.387882519,3.899245262,2.087082052,7.614543152,2.699284685,8.250218296,3.075394344,1.906427145,14.49043837,2.245492077,5.078322041,1.299619621
1642,8.013911438,1.491714311,6.904359722,4.043569517,2.113207126,7.053631163,2.709573209,8.695446014,3.141684675,1.94544239,15.83091679,2.506550288,4.87272687,1.355275476
1644,8.03156786,1.4495556,6.954280567,3.951959515,2.087531114,7.097750187,2.738361502,8.331816959,3.163436699,1.936134481,14.95501366,2.344863081,4.78333776,1.374143207
1646,6.515720463,1.151467597,6.577099514,3.682972431,2.045174813,7.701070786,2.887674379,7.036068249,3.241267776,1.930201101,11.57680264,1.760173512,4.713218844,1.421267796
1648,5.913028932,1.28100512,7.152912617,3.87813549,2.137444437,9.033518982,2.971394801,7.616619301,3.433956432,2.005408764,13.29085474,2.016471887,5.06537447,1.557560182
1650,4.845536441,1.361183679,7.218383312,3.860095119,2.114312375,9.039238358,2.910703397,7.754379272,3.397348499,2.000979614,14.04532032,2.062758136,4.944150329,1.51092186
1652,4.232710524,1.238168883,6.953264618,3.746289396,2.04674474,8.950925255,2.90983758,7.253376102,3.37330389,1.96562233,12.92888041,1.833134317,4.761101675,1.492833424
1654,7.684906006,1.425608826,7.595692062,4.188432312,2.279456913,9.832197952,3.126765788,8.243460178,3.75016737,2.133827615,16.08958778,2.245362377,5.256487811,1.842447376
1656,11.76272919,1.690395629,7.96711092,4.499725342,2.223768985,7.562789464,2.864888668,10.26907015,3.697206736,2.163645029,18.66890888,3.087176466,5.015310419,1.781517172
1658,6.859162354,1.873718035,8.050540257,4.721422863,2.095315301,7.466945171,2.416729593,11.59142227,3.626025772,2.126922345,18.41747417,3.806119108,4.77148726,2.302376437
1660,3.150275302,1.927966547,8.160114098,4.729577541,2.061335027,7.755195236,2.332501113,11.49489861,3.609720898,2.095578218,17.2351572,3.856490993,4.56182878,2.607349634
1662,2.694845074,1.913770235,8.360569191,4.64015131,2.141071928,8.612924004,2.545509624,10.83210583,3.709328985,2.098685217,16.96859798,3.548092413,4.53490243,2.819457531
1664,1.687049723,1.918706131,8.284182835,4.674359131,2.065907347,8.481893253,2.256806266,11.40735836,3.634350729,2.064321613,16.84897194,3.782910824,4.487817454,2.854078197
1666,1.38436265,1.836075246,8.068191719,4.558542728,1.965168917,7.96417284,2.183739412,11.0216608,3.50288353,2.005170321,16.30353203,3.684025955,4.211530662,2.760791874
1668,3.381443262,1.597048819,7.863553905,4.310119867,1.98201167,7.629626417,2.362754869,9.496058464,3.542661524,1.964625072,15.84145336,3.067435646,4.169849372,2.882966852
1670,6.212322378,1.485787785,7.82114048,4.063832474,2.057488453,7.583307445,2.581532335,8.152100849,3.588701153,1.912803459,14.56181545,2.407685089,4.118435335,2.869085526
1672,4.371837974,1.609473634,7.627737045,4.006471014,2.004947245,7.822351646,2.59746666,8.24974823,3.412817478,1.844066572,15.62899265,2.465944886,3.709232163,2.555091095
1674,5.304438734,1.532319176,7.335918427,3.844203806,1.904679799,7.422644997,2.531173086,7.624090195,3.330414724,1.784873462,14.93163242,2.241235852,3.544396067,2.805371571
1676,4.989229631,1.600527298,7.137881947,3.798758078,1.858797455,7.372144103,2.469406027,7.673121738,3.253036165,1.753593779,15.8388093,2.23769474,3.460729527,2.718928337
1678,4.137915909,1.528675377,6.796453667,3.654859352,1.797042978,7.046646452,2.402248353,7.234563065,3.129680729,1.692972589,15.42421513,2.106445217,3.392983234,2.48213253
1680,5.709248662,1.383953321,6.475439262,3.466758585,1.728867447,7.412751913,2.342384201,6.347999382,3.016690779,1.624976683,13.85529499,1.837630987,3.370654511,2.804910851
1682,5.080601859,1.238851178,6.085090637,3.264331722,1.644455111,7.385198021,2.280903697,5.677703142,2.89782486,1.545846772,12.54598866,1.592465281,3.227090186,2.849417543
1684,8.344221306,1.082804596,6.013533115,3.188356161,1.607415605,7.808837795,2.317424738,4.854720497,2.901703167,1.513938403,10.51604576,1.30064348,3.246726131,3.258390379
1686,10.774753,1.04560715,5.985781193,3.15143981,1.56766777,7.836124706,2.222153509,4.669821787,2.798683548,1.470872808,10.39501781,1.275678778,3.389159036,3.098284054
1688,8.359878063,0.978608167,5.145699072,3.090510178,1.516204762,7.522448015,2.153158998,4.495676804,2.735837555,1.440085006,10.18695478,1.184702331,3.443518925,2.918459606
1690,8.67955842,0.931245935,4.310723162,3.012303829,1.461708951,7.176471853,2.032111537,4.555743361,2.622074938,1.392875695,10.57670393,1.19338156,3.359860837,2.589577389
1692,8.708397269,0.85975827,3.795430112,2.890222025,1.3977902,6.70745306,1.92450192,4.41649828,2.50974412,1.342239046,10.20541773,1.159402895,3.442623043,2.218971229
1694,7.1768121,0.769827282,3.571860874,2.770921278,1.33482216,6.31240468,1.884882903,4.024991322,2.436496687,1.308374143,8.996092701,0.999944556,3.207598042,2.112383795
1696,3.502533031,0.77669071,3.848696661,2.659728146,1.29100877,5.956155396,1.911755502,3.392908907,2.44184792,1.311802578,5.847797918,0.671245906,2.768723732,2.491016173
1698,2.986222422,0.73875559,3.922763205,2.492623043,1.213878465,5.518257332,1.824834979,2.960991478,2.323376727,1.251111054,4.307392764,0.495497838,2.874589029,2.514615607
1700,3.530514956,0.66126138,4.061618185,2.521551704,1.214105213,5.282138968,1.793014085,2.879622746,2.291170645,1.293265796,3.735699558,0.431188268,3.033106744,2.484239888
1702,3.618423438,0.586972678,3.787993193,2.47884593,1.181578732,4.861709237,1.654886985,2.800103426,2.142147613,1.263733912,3.598805165,0.463632517,2.890264821,2.249193621
1704,2.9952721,0.530999327,3.640730906,2.472758675,1.174663338,4.550622511,1.637757611,2.645386362,2.031792736,1.298852587,3.212785268,0.401362463,2.843464541,2.155926895
1706,2.666720438,0.51681987,3.575740242,2.816417599,1.336912492,4.499125433,1.735170102,2.787721348,1.999536943,1.522809076,3.369561052,0.477801017,3.031334722,2.049344826
1708,3.207053638,0.52893762,3.499937296,3.250328064,1.545945656,4.454189801,2.000544667,3.001661015,1.949273014,1.798668718,3.769997358,0.635981253,3.332853723,1.94487083
1710,4.574163246,0.556509513,3.505155373,3.80951786,1.830484235,4.39060235,2.371276522,3.159652996,1.893514943,2.133929873,3.974066257,0.764553237,3.707390952,1.842268491
1712,4.762134743,0.560296595,3.498720074,4.11884923,2.021190393,4.242884254,2.617082047,3.116496754,1.84448328,2.371926117,3.807318115,0.771396285,3.87259655,1.750110269
1714,5.021427488,0.552359039,3.538882208,4.226269436,2.148478901,4.113953805,2.728553963,2.917327499,1.857389665,2.569601488,3.090306187,0.633245465,3.794255304,1.687467933
1716,5.093205929,0.526277596,3.553287625,4.261478615,2.220198023,4.001709604,2.746624637,2.68938694,1.846409416,2.661827707,2.427785635,0.478124076,3.700483775,1.614704871
1718,5.880924129,0.524793005,3.622844887,4.833646965,2.397794509,4.032275653,2.933010173,2.706577396,1.851215792,2.827411318,2.764712942,0.635837403,3.872341824,1.65462718
1720,6.029793119,0.515828294,3.523405886,5.274501705,2.340203547,3.977428293,2.964645481,2.741547251,1.772413611,2.787961721,3.305728579,0.83080799,3.850772691,1.605871415
1722,5.758197927,0.482040954,3.4449157,5.124570751,2.200991726,3.878070402,2.83554399,2.623637962,1.74651866,2.662731123,3.296532488,0.795114404,3.613905263,1.537705851
1724,5.603081083,0.428402627,3.375510764,4.825142384,2.029769337,3.781637239,2.65952332,2.524302363,1.726469111,2.481690264,3.290059519,0.746372569,3.372674656,1.479484439
1726,5.214382696,0.373383772,3.294666171,4.454679108,1.866237831,3.699338603,2.440471172,2.431464314,1.714494181,2.281773019,3.262110996,0.689498711,3.154147148,1.412302327
1728,4.452778912,0.322842139,3.204601097,4.016211796,1.697030985,3.583055496,2.183536315,2.267034149,1.679124451,2.081923962,2.95174439,0.567787677,2.920403111,1.332113421
1730,3.576574349,0.270761546,3.120278502,3.544136381,1.529180545,3.466903567,1.914979076,2.090034771,1.642466688,1.849041224,2.495491743,0.417560259,2.651315653,1.259448409
1732,3.050931382,0.22213811,3.035415173,3.20269475,1.393107295,3.344536901,1.738577342,1.946246529,1.598173189,1.674452233,2.172665608,0.309142034,2.44155041,1.173952425
1734,2.646251726,0.219647861,3.097296667,2.799356747,1.24064678,3.377767873,1.588856292,1.935637188,1.656641102,1.462464309,1.93611151,0.210872232,2.266642696,1.166644967
1736,2.334041882,0.248546934,2.984267998,2.475836611,1.110660467,3.293902659,1.442297351,1.924869657,1.628918195,1.260008597,1.836704719,0.195466694,2.132845467,1.136145234
1738,2.040157294,0.261722288,2.893594432,2.275207853,1.025506248,3.205136299,1.362639457,1.848993397,1.575564981,1.14234128,1.722437167,0.162911971,2.026997328,1.07909683
1740,1.757043099,0.278155214,2.79721694,2.066210723,0.941989583,3.126436543,1.287874061,1.803958368,1.515544415,1.020263767,1.648634982,0.145153784,1.936829931,1.034787285
1742,1.567593718,0.292045707,2.725137925,1.90851357,0.881057221,3.052221465,1.240077686,1.744304609,1.473569393,0.940917432,1.507319868,0.14082371,1.837217814,0.989405572
1744,1.382909977,0.297489712,2.598830342,1.73710711,0.823731261,2.923304248,1.175467539,1.665998101,1.418165207,0.854368114,1.352322853,0.139001958,1.711262947,0.925339103
1746,1.257711375,0.279513276,2.463534188,1.58700943,0.769875774,2.760755539,1.110647464,1.55013442,1.351487684,0.787383831,1.160184312,0.125654304,1.581910753,0.855331731
1748,1.188689399,0.24943226,2.298978114,1.436693287,0.696609843,2.574235821,1.044563961,1.413222837,1.259541845,0.717564476,1.006408751,0.104930083,1.462042376,0.791672492
1750,1.159167516,0.218679062,2.157484007,1.329822326,0.640752958,2.431457269,0.983488825,1.315703249,1.184123576,0.654011047,0.932847798,0.097765501,1.381282616,0.746775126
1752,1.098088253,0.196261886,1.945878267,1.223140669,0.598329638,2.249868035,0.885908133,1.226317608,1.083480895,0.591712558,0.850832224,0.090769979,1.303740093,0.71593504
1754,1.000350296,0.171207167,1.764673758,1.120281172,0.549294774,2.06115135,0.813690743,1.133030105,0.984988356,0.538261491,0.769087398,0.08405323,1.204468605,0.666182923
1756,0.931388414,0.141130448,1.625436306,1.023199165,0.506881729,1.905234575,0.752537525,1.042134726,0.910222316,0.495098668,0.670991081,0.076434761,1.109792891,0.609845871
1758,0.854551291,0.104932442,1.498700917,0.925800729,0.462240206,1.742773151,0.690758057,0.972750521,0.837686539,0.460148448,0.64012078,0.070666457,1.03362937,0.560822123
1760,0.796537673,0.069792857,1.388673902,0.845714843,0.423964751,1.606482995,0.640223454,0.907293248,0.773293042,0.431498152,0.605320308,0.061756919,0.958840778,0.514485621
1762,0.722679675,0.048696617,1.241118932,0.756072438,0.38113417,1.438477767,0.575578599,0.854503846,0.702763379,0.38939169,0.59405067,0.050837504,0.869543266,0.469086051
1764,0.66660769,0.048567185,1.11485604,0.669865775,0.345809384,1.29578191,0.529237217,0.809991181,0.643310666,0.355215973,0.569979596,0.046289515,0.800829494,0.436555791
1766,0.628085172,0.038412942,1.031442988,0.608177888,0.317211902,1.194533592,0.490474825,0.765996504,0.602968407,0.33638764,0.54691743,0.037150979,0.746999222,0.403130567
1768,0.580002064,0.032965698,0.958751464,0.55495975,0.297995955,1.100007951,0.459421977,0.722910404,0.559757721,0.316307127,0.532204647,0.02963172,0.697126818,0.368729079
1770,0.5417409,0.025973794,0.913226438,0.515429592,0.277488985,1.038172138,0.438623023,0.677693808,0.520629072,0.292912853,0.519549935,0.021128475,0.659409472,0.338305867
1772,0.504999906,0.024197335,0.868542993,0.485018009,0.261550672,0.99012419,0.413894065,0.634801424,0.487703824,0.270268971,0.501536775,0.015944023,0.640505415,0.307638434
1774,0.468009007,0.021423724,0.812922215,0.45132212,0.248802797,0.909742373,0.388340531,0.601261914,0.469707638,0.255349606,0.479751149,0.014324399,0.594058776,0.294836918
1776,0.433532062,0.016372617,0.764537758,0.433304775,0.246052967,0.861380059,0.37476413,0.589126635,0.445008689,0.253823119,0.462620206,0.008475537,0.585373437,0.292339802
1778,0.412963969,0.010506145,0.73510685,0.414217967,0.242296831,0.829715985,0.355322718,0.561734855,0.42226994,0.245066059,0.445028828,0.008758407,0.570623171,0.282988682
1780,0.402072677,0.015640938,0.697324383,0.386393642,0.236048378,0.799916631,0.33509375,0.536870891,0.396514398,0.233535925,0.433320487,0.018640085,0.545790029,0.261946976
1782,0.393236795,0.023937828,0.651964408,0.357379562,0.229015554,0.751304871,0.318835431,0.515116119,0.372590429,0.219164655,0.405669804,0.016580842,0.524879932,0.244689947
1784,0.383044675,0.012975167,0.60862658,0.333456755,0.219093073,0.712095177,0.304326471,0.498123837,0.34088639,0.204890719,0.376123878,0.005611568,0.50917747,0.235626411
1786,0.366502488,0.014296475,0.57507807,0.309395444,0.203486761,0.683061314,0.29475539,0.46365009,0.319082642,0.193119958,0.362434587,0.008776498,0.489531019,0.229325074
1788,0.349361452,0.016823605,0.540669394,0.29455772,0.194712744,0.654057068,0.271456286,0.420074636,0.288030088,0.173623475,0.357390954,0.017481283,0.466688567,0.216016257
1790,0.340366399,0.010659073,0.492858231,0.268675214,0.163636468,0.607817522,0.23966821,0.37654438,0.241442302,0.13548186,0.302391539,0.005998952,0.426584038,0.191457674
1792,0.339312109,-0.003044298,0.46227392,0.255176082,0.13347286,0.564086726,0.221041567,0.35240922,0.224535269,0.121665041,0.253303154,0.012882441,0.388752025,0.171697241
1794,0.30294416,0.013593613,0.405945414,0.238412589,0.13028221,0.52140393,0.218003236,0.311099356,0.196157469,0.117956361,0.241848816,-0.015511874,0.366322935,0.166844341
1796,0.300793332,0.025114895,0.356744385,0.22094081,0.128784512,0.487152109,0.190647646,0.283929375,0.165728843,0.105918261,0.233714352,-0.01423159,0.350931302,0.168780747
1798,0.282012361,0.017997492,0.309197107,0.205125359,0.118567139,0.460143614,0.162882071,0.27087926,0.146681254,0.09606539,0.232709145,-0.001177104,0.33026468,0.153838865
2688,0.295489016,0.014635276,0.337107387,0.208422872,0.112789989,0.470379648,0.158873816,0.289924276,0.167659937,0.093551055,0.252289832,-0.013593163,0.323963097,0.126651224
2690,0.320467111,0.00840363,0.388837254,0.214534602,0.102082442,0.489351404,0.151444783,0.325222945,0.206542557,0.088890892,0.288581337,-0.036605509,0.312283559,0.07626073
2692,0.382629574,-0.007104928,0.517576328,0.229744679,0.075434788,0.536566044,0.132956282,0.413070005,0.303308901,0.077293261,0.378899238,-0.093875842,0.283216927,-0.049145031
2694,0.404068319,0.018649122,0.547428089,0.247240081,0.074931411,0.476884503,0.101295502,0.38198792,0.317029813,0.098994545,0.353263941,-0.05735704,0.263835062,-0.073279777
2696,0.409973046,-0.022289064,0.602557579,0.229802883,0.090664434,0.50636563,0.120247062,0.414002174,0.358359891,0.112798614,0.378451958,-0.030875929,0.298663738,-0.053636191
2698,0.463735873,-0.023091308,0.669778001,0.254200426,0.131147331,0.552590273,0.175392497,0.394002509,0.326675543,0.099840075,0.404342842,-0.072091539,0.280286081,-0.031743941
2700,0.473297089,0.011825696,0.69151395,0.256865641,0.148587953,0.593283653,0.192061873,0.419007075,0.319685128,0.110302321,0.423566031,-0.040022345,0.273004428,-0.019176592
2702,0.463476071,0.006376617,0.684487242,0.280695331,0.147744791,0.640616262,0.175315104,0.395047247,0.361671346,0.110328988,0.445966119,0.017362528,0.311993455,-0.0441431
2704,0.48814241,0.010839229,0.724958742,0.297093737,0.161476167,0.673428831,0.177942366,0.415735209,0.406985235,0.131479014,0.487733638,-0.019583191,0.346226864,-0.029903183
2706,0.515710187,0.021775437,0.720132047,0.304206169,0.158473871,0.676309711,0.22089632,0.433831042,0.39562968,0.120111457,0.52043435,-0.037371694,0.325366664,-0.014373295
2708,0.511906904,0.01369561,0.734311503,0.286189595,0.159367271,0.695942816,0.240695368,0.460696709,0.404605597,0.09117041,0.548940814,-0.046600683,0.340068814,-0.00629435
2710,0.513469172,0.014289239,0.754627669,0.285908055,0.186686298,0.734797889,0.224725772,0.468499434,0.425481927,0.101409136,0.554470676,-0.009173299,0.362642977,0.002368395
2712,0.524144322,0.038507161,0.790050977,0.315288594,0.208765829,0.765240955,0.20514811,0.484348267,0.442218792,0.145818058,0.54071824,0.011824441,0.38753354,-0.000160884
2714,0.508547741,0.047176623,0.812482166,0.334125048,0.200436742,0.730922732,0.204800743,0.472151023,0.451237416,0.144029427,0.515804794,0.006846313,0.417756341,0.006235406
2716,0.524488252,0.040458839,0.809473276,0.346107721,0.209263375,0.721862012,0.222782098,0.469912088,0.448083383,0.147788274,0.501603979,-0.014972524,0.381297478,0.00565539
2718,0.529423982,0.019719869,0.813413417,0.368505353,0.219106986,0.741036355,0.237444024,0.49296701,0.450191814,0.157156689,0.5166049,-0.003305218,0.38295363,0.022039101
2720,0.517708743,0.028116627,0.84717893,0.37195673,0.230347652,0.758955145,0.251285198,0.51844148,0.479947633,0.164687866,0.559821987,0.006022707,0.414396692,0.046313689
2722,0.517654645,0.033610038,0.895027101,0.388513553,0.244805024,0.78518098,0.262272762,0.54587034,0.483749598,0.174479502,0.601763219,0.003935528,0.449958001,0.051924697
2724,0.515993172,0.042147303,0.893461323,0.386039484,0.246819201,0.792271671,0.268069325,0.555764353,0.481114429,0.172777075,0.592539388,-0.005372222,0.428267281,0.046899649
2726,0.53185544,0.061838255,0.87970891,0.393102801,0.232545371,0.792302623,0.262783144,0.54361524,0.499561882,0.184154767,0.601086026,0.003031378,0.4047089,0.050391873
2728,0.577444786,0.066073898,0.89704423,0.417234921,0.235697345,0.82418755,0.263110551,0.546876818,0.524510944,0.188201979,0.630125344,0.024890227,0.428609565,0.050134026
2730,0.603164476,0.070520825,0.906119305,0.415581691,0.253408021,0.860398775,0.287132015,0.574942017,0.513081372,0.191399786,0.622316444,0.032832271,0.433986113,0.051004388
2732,0.585032982,0.061085776,0.888558662,0.402236313,0.252625295,0.848146948,0.282519676,0.562819195,0.496759862,0.186220881,0.630213797,0.019394623,0.427601749,0.056195525
2734,0.592124373,0.071114432,0.885521501,0.402063739,0.253663836,0.844437146,0.272561087,0.561339122,0.484230334,0.178610399,0.628878045,0.00904033,0.447852971,0.053896267
2736,0.623957413,0.094875715,0.902830046,0.40695194,0.263832346,0.881145999,0.284482886,0.564394933,0.498606819,0.181784621,0.645608974,0.02238471,0.466786501,0.05809255
2738,0.63061378,0.095807166,0.901088482,0.404195303,0.266503793,0.892205155,0.295440686,0.570732772,0.497869968,0.177136385,0.655700457,0.023845106,0.459100048,0.063445171
2740,0.616350347,0.092518229,0.896389008,0.412085152,0.25911858,0.889894414,0.297353291,0.580034149,0.500197202,0.188747609,0.637784153,0.009849268,0.463632385,0.067555211
2742,0.635224402,0.079215204,0.907582158,0.408158219,0.270517401,0.886422962,0.295394681,0.584252077,0.492665231,0.193732667,0.628931266,0.010045391,0.477455617,0.077613463
2744,0.657984078,0.072914252,0.895990467,0.400473607,0.272278911,0.876141596,0.29484316,0.573589414,0.503807205,0.200574988,0.634402364,0.020029318,0.468554099,0.074394335
2746,0.663907534,0.088487057,0.894621336,0.402791411,0.274618956,0.891825825,0.306813869,0.559600633,0.521641845,0.200158742,0.644195598,0.023857016,0.472834758,0.076737011
2748,0.661559898,0.101636735,0.89910627,0.407739431,0.272253475,0.892044181,0.307343104,0.561168092,0.51045621,0.197417051,0.647714227,0.025282822,0.470853448,0.075171238
2750,0.678127813,0.102560508,0.907152772,0.408121669,0.274171577,0.908403242,0.308121967,0.567530453,0.505012321,0.195842743,0.65774774,0.024717328,0.47459555,0.077698938
2752,0.690490359,0.100026016,0.911383301,0.411017102,0.277355178,0.90678671,0.30812095,0.570197296,0.50296914,0.198857889,0.667923647,0.017895325,0.481782386,0.080935311
2754,0.681067878,0.099424414,0.90386014,0.408189863,0.281577682,0.91371792,0.314891769,0.565754211,0.501331306,0.201325276,0.660974133,0.024516444,0.477313415,0.085644338
2756,0.689748996,0.099324508,0.910218763,0.405687273,0.285563544,0.93050707,0.32411225,0.568583232,0.500985944,0.208668372,0.668274552,0.016164768,0.492629743,0.097200307
2758,0.71354447,0.108555478,0.923355722,0.410175544,0.282340885,0.945681876,0.325187677,0.579714531,0.507832319,0.216907296,0.687081712,0.023354208,0.501400993,0.098673767
2760,0.726685333,0.110908791,0.927620953,0.420485991,0.28500479,0.945627427,0.327066799,0.587101531,0.516534543,0.21772866,0.698519343,0.031699104,0.506767824,0.100825752
2762,0.718014151,0.11743122,0.935379094,0.422344428,0.294396837,0.95479303,0.331125744,0.596417511,0.523871982,0.216665334,0.714906037,0.03934248,0.510080982,0.099266869
2764,0.706586766,0.112357597,0.944717306,0.426148748,0.302133681,0.9677697,0.330219588,0.60400939,0.52943452,0.222180516,0.722175723,0.048928098,0.520843218,0.104155855
2766,0.705827063,0.10295915,0.953679788,0.426158047,0.299545987,0.979177916,0.334013702,0.602092564,0.535273027,0.222654688,0.727326137,0.046575241,0.524638003,0.100402541
2768,0.721770155,0.104541257,0.97655887,0.435582829,0.301659466,0.991298383,0.337389146,0.609124744,0.546015054,0.221950373,0.747347862,0.036403919,0.524550353,0.100153083
2770,0.747581655,0.10800148,0.999927545,0.447565067,0.31396795,1.013580233,0.349942783,0.62713834,0.554848754,0.232518649,0.758758998,0.044908788,0.538103931,0.11073294
2772,0.764014322,0.112416616,1.011518264,0.460816497,0.329990598,1.035255361,0.361275196,0.643359721,0.561636209,0.23426533,0.763818097,0.046748574,0.547637682,0.119936414
2774,0.768712759,0.114998204,1.02468549,0.471086359,0.332684562,1.0601928,0.366364807,0.648648882,0.569369239,0.238066012,0.770970607,0.055347299,0.568521154,0.121236666
2776,0.778792936,0.115162739,1.034479249,0.475360018,0.326097329,1.072544867,0.367798483,0.656652749,0.577123171,0.244934621,0.77807008,0.056698743,0.579754773,0.120277846
2778,0.796228826,0.117749615,1.044300354,0.476138496,0.334440066,1.08072744,0.372750822,0.671354687,0.594328761,0.250045815,0.789465767,0.055091965,0.595033579,0.123076057
2780,0.810358703,0.121388189,1.059973931,0.487932438,0.338479866,1.09279291,0.380907282,0.677245343,0.603054476,0.25146215,0.800253749,0.054631911,0.595456423,0.124980803
2782,0.821018004,0.127366477,1.083215773,0.496361035,0.348774986,1.122049862,0.38931911,0.700892806,0.611649823,0.255699068,0.803743076,0.053770502,0.610561124,0.123522116
2784,0.823292208,0.129222649,1.113613713,0.507596153,0.357336047,1.151195765,0.402546063,0.723432529,0.622040069,0.261699352,0.808469248,0.064193649,0.631234414,0.118604943
2786,0.833444428,0.12966051,1.142278039,0.52592985,0.373071097,1.169426864,0.418351641,0.744795132,0.636036539,0.273140639,0.825929129,0.064817083,0.650033129,0.120747842
2788,0.838784707,0.130645777,1.161993098,0.542298722,0.381802919,1.192152125,0.42813687,0.766994429,0.661747313,0.283992246,0.833321023,0.056486229,0.668982259,0.125523435
2790,0.861108923,0.12463913,1.209928954,0.563354993,0.403974079,1.244232839,0.439914033,0.79893415,0.690337479,0.29970181,0.865615571,0.051817865,0.700514919,0.135077631
2792,0.897290242,0.121367452,1.259088957,0.58657093,0.423839462,1.289597416,0.454082933,0.828778017,0.719713032,0.310873383,0.897402084,0.057119178,0.72843563,0.137911163
2794,0.919894052,0.12168387,1.287684655,0.597642899,0.438080722,1.316225421,0.467202866,0.855093038,0.743805361,0.317345774,0.905750155,0.061358217,0.741968127,0.135330074
2796,0.954253614,0.12947568,1.338051391,0.613522267,0.456399317,1.370787227,0.49266901,0.892021549,0.772856462,0.323212159,0.940853119,0.065843091,0.775941693,0.141826423
2798,0.97350167,0.12761092,1.372342777,0.633711827,0.465326653,1.40396806,0.508530381,0.923498738,0.799005961,0.329013765,0.964704776,0.065978767,0.802333033,0.14621426
2800,0.980664706,0.123124491,1.402876604,0.650899351,0.474877998,1.436411726,0.520651516,0.952100289,0.814757633,0.341748393,0.992522073,0.070140902,0.827712182,0.152448367
2802,1.010359442,0.123662667,1.458697844,0.680046642,0.49093557,1.485327661,0.538102472,0.989488959,0.844443417,0.361601388,1.023676395,0.07684859,0.862878247,0.16178703
2804,1.045677805,0.128346719,1.508370793,0.702326572,0.514327057,1.534491718,0.55641852,1.032368529,0.87794348,0.385335416,1.074483204,0.082913227,0.894277236,0.172618745
2806,1.063925409,0.127206631,1.569452119,0.72687943,0.53806843,1.585160995,0.581018603,1.066782427,0.912563276,0.399067044,1.106964362,0.089673898,0.932872777,0.171499658
2808,1.089702356,0.133886819,1.630679238,0.767856693,0.559080689,1.644714797,0.598115838,1.107208991,0.950204241,0.410700434,1.127474666,0.096099557,0.964634686,0.171865413
2810,1.115356064,0.132461402,1.674323153,0.792006564,0.581940898,1.692743886,0.61582028,1.144619679,0.986062253,0.426379812,1.152169561,0.102331565,1.003294351,0.172152418
2812,1.15291419,0.126803158,1.729422009,0.813168299,0.602490099,1.736652243,0.632162234,1.193031478,1.022664785,0.445446259,1.190441012,0.094685258,1.053388962,0.177803449
2814,1.191555107,0.131762984,1.793733013,0.836262763,0.622342166,1.794863248,0.652569875,1.246593308,1.054744959,0.460446733,1.219751346,0.097876241,1.098130563,0.18675814
2816,1.225146616,0.134764284,1.861584496,0.868900275,0.641443957,1.866021967,0.678871581,1.308368421,1.094940579,0.473053998,1.245853901,0.11079193,1.157431152,0.192037925
2818,1.260588539,0.132760948,1.949965107,0.90883199,0.674898887,1.954167807,0.708506757,1.378068686,1.147858322,0.496756363,1.286419702,0.120394554,1.218732157,0.198755869
2820,1.310119903,0.128718062,2.046411443,0.957630301,0.714258042,2.053590918,0.744703847,1.451929903,1.205871296,0.52479189,1.341957426,0.127988923,1.283958146,0.204969069
2822,1.356276739,0.12592189,2.173246598,1.023781753,0.760583131,2.171442628,0.794903708,1.56016891,1.285498309,0.561747056,1.399019623,0.133547917,1.364795956,0.214431477
2824,1.402374697,0.124269937,2.312178779,1.095177972,0.812340006,2.284813774,0.844358528,1.676984811,1.376433492,0.602209258,1.468957162,0.151605648,1.461646706,0.222614244
2826,1.475728607,0.128565082,2.515972996,1.18830452,0.882157117,2.449306035,0.902608466,1.842154646,1.506594586,0.659560525,1.570727324,0.176250766,1.590356043,0.232386991
2828,1.555524278,0.129307325,2.786147404,1.319774342,0.97337316,2.6619102,0.985310835,2.057870507,1.673512077,0.728410912,1.683073854,0.200867105,1.756483471,0.242551234
2830,1.602124131,0.124879007,3.176373553,1.52007165,1.095125321,2.941200805,1.092635512,2.33926785,1.891056538,0.827086532,1.837674057,0.245942651,1.981396937,0.255036402
2832,1.682120037,0.134980751,3.757864165,1.829320931,1.279098156,3.351317859,1.25084067,2.765384722,2.224535656,0.980882716,2.03754127,0.323627874,2.317325145,0.278259644
2834,1.83707056,0.154185452,4.525421,2.243990803,1.526294565,3.892041707,1.455551636,3.354389048,2.66610918,1.200890684,2.357185912,0.450200167,2.766116762,0.311222246
2836,2.255246496,0.196983922,5.475938177,2.740133619,1.844455516,4.616180968,1.715770781,4.252536869,3.219088793,1.451073074,2.812343884,0.609837729,3.374855566,0.344743025
2838,3.594422102,0.232606833,6.369714451,3.199888897,2.191176724,5.459399986,2.016152537,5.466686821,3.773272324,1.680394626,3.443421578,0.766786036,4.13066597,0.351281014
2840,5.53515892,0.256930414,7.062892151,3.519382954,2.580717182,6.47696104,2.387831759,7.255456066,4.28192153,1.864186192,4.891843724,0.853498554,5.036613846,0.381322324
2842,8.560966492,0.360944742,7.826961422,3.895700884,3.294969463,8.195050001,3.214167309,11.05107536,4.994763851,2.134253454,9.415382385,0.889935058,5.544284439,0.637883574
2844,16.12085686,0.783795112,8.716679668,4.639557934,2.310077298,11.84293499,5.758648849,21.72818146,6.375205231,2.744064093,16.16792889,1.00696792,5.879940128,0.966987425
2846,26.11601181,1.452257442,9.223696709,5.624632549,18.89635582,16.2309206,13.74877548,42.0749382,8.78679266,4.243103886,13.97849579,1.338349405,7.161454988,1.029012072
2848,29.61605873,1.602691531,8.670155907,6.328845215,17.15718002,14.8300437,20.68430557,54.29208298,11.25091629,6.260262299,15.85501194,1.917689395,8.925575924,1.628169036
2850,32.76048508,1.574799848,7.707113361,6.444349957,32.79117508,13.61728301,23.99064751,57.61339951,12.08355713,6.611506748,21.81329422,2.202751124,9.763588428,2.015559983
2852,32.9430603,1.534042454,7.735565567,6.176559067,43.45307636,15.30904565,25.63457127,62.43524017,10.99889698,5.581036186,21.7119051,1.990438205,8.76797893,2.064653826
2854,26.3115242,1.154378676,8.619643927,5.473279953,32.4476944,17.39468851,22.99314537,64.37980728,9.185758114,4.176196384,18.4910387,1.470791891,8.509716272,1.925398231
2856,17.65857725,0.632605159,9.357154655,4.589559937,19.50050764,17.52777195,13.61265583,50.36159744,7.294350433,3.037776327,26.4944294,1.014922723,8.191039968,1.560167307
2858,10.64665742,0.381864697,9.527822876,3.815075636,8.011216354,14.6954668,7.041574717,28.88183212,5.812092113,2.348715782,31.60188751,0.80141356,7.3416327,1.647496247
2860,7.366253424,0.322351399,9.233114624,3.296257973,3.070700908,11.7834446,4.588013744,13.80794296,4.850184441,1.954175544,25.89382782,0.670893253,6.314000607,1.19627744
2862,6.067252827,0.321819046,8.992729759,3.131235409,1.48389945,9.902303886,3.724609482,7.126799393,4.342107677,1.789046144,17.53700047,0.649279362,4.709228057,0.803322291
2864,5.418566251,0.339097697,9.034804964,3.161965036,1.114505386,8.892002201,3.454587972,4.571943665,4.139784813,1.752402472,11.60591307,0.690846413,5.0850842,0.73588196
2866,4.895907617,0.359164712,9.105536032,3.195330858,0.978486526,8.304400444,3.287813187,3.63735671,4.045113659,1.72987957,8.87500248,0.721203583,5.218050957,0.788392538
2868,4.273490262,0.363477144,9.040722704,3.185736704,0.926044935,7.910204411,3.185741711,3.13212595,3.930473375,1.692491913,7.770950603,0.706210774,5.119993067,0.83307569
2870,3.588315558,0.357322347,8.846619511,3.143697453,0.895030805,7.666313267,3.121071219,2.889544344,3.840316248,1.648225474,7.185311556,0.67833707,4.992791891,0.843677282
2872,3.140778065,0.346536675,8.581994724,3.079083681,0.874693987,7.474713612,3.071014857,2.706053233,3.74418335,1.600761819,6.729526377,0.654761454,4.861646366,0.833009708
2874,2.98503902,0.344628865,8.424470377,3.054995489,0.884790194,7.42686348,3.081990373,2.636119795,3.705827761,1.581987691,6.52704792,0.627863553,4.800059223,0.825199389
2876,2.900725865,0.344759431,8.374984694,3.075639772,0.91370436,7.532077885,3.138788939,2.70368669,3.739915943,1.620567584,6.418217039,0.636680728,4.824886322,0.820575619
2878,2.835111094,0.349727979,8.483524513,3.138336754,0.952800491,7.802177048,3.270945156,2.828060818,3.835816431,1.686311841,6.500564909,0.660022962,4.992712641,0.815517592
2880,2.841076279,0.362706947,8.705604601,3.236442566,1.009916049,8.218275166,3.47947979,3.030023193,3.991261482,1.758662677,6.804049206,0.665089127,5.246056581,0.799691415
2882,2.831661582,0.368081796,8.86726532,3.313414764,1.074445024,8.625029278,3.692685032,3.243402052,4.120182467,1.813741612,7.148885345,0.690107802,5.50870223,0.771971238
2884,2.823166466,0.37389935,8.947545004,3.352235603,1.139787269,8.980526066,3.872778058,3.400667524,4.201972437,1.847828507,7.531929922,0.693412125,5.744589996,0.73419261
2886,2.880192995,0.377199244,8.985061073,3.364719486,1.210562548,9.315723419,4.035431933,3.603253937,4.278442526,1.889265752,7.873648977,0.692050627,5.957442236,0.702541238
2888,3.00682416,0.393469849,9.223646688,3.437321043,1.304988021,9.794444847,4.270777941,3.828361273,4.415792704,1.952041626,8.275035238,0.707356715,6.298958635,0.682481956
2890,3.158267164,0.415065333,9.467046547,3.509628916,1.420977551,10.28366976,4.497324228,4.050141859,4.587382174,2.032012534,8.58524859,0.697438097,6.706073093,0.670745301
2892,3.307617474,0.436573568,9.812440395,3.614766979,1.537596262,10.80917311,4.717023873,4.247888851,4.775611687,2.114342165,9.035330629,0.702387977,7.245029259,0.66891458
2894,3.530272198,0.473913512,10.33813057,3.784681416,1.68005631,11.49106007,5.019715333,4.469327879,5.025507545,2.213351679,9.585376549,0.710848039,7.840981865,0.658413112
2896,3.850365734,0.526156667,11.02206182,4.018525457,1.851058269,12.32388554,5.348586988,4.864246273,5.364842224,2.364214706,10.50357552,0.764841372,8.355253792,0.661208022
2898,4.250328398,0.578800094,11.76360807,4.23430748,2.000663817,13.09762707,5.651942396,5.197788858,5.65736227,2.523293209,11.69324484,0.826120222,8.687948036,0.678564823
2900,4.812791157,0.631885219,12.50026855,4.446085501,2.162630951,13.84694061,5.93074255,5.525729132,5.960623646,2.676566982,12.96841297,0.876248109,8.810522175,0.700367951
2902,5.492597103,0.705560827,13.45090303,4.709932184,2.337822652,14.76381245,6.239044809,5.937173653,6.314619064,2.846206713,14.54200115,0.925301945,9.074966812,0.745785767
2904,6.341595459,0.781132317,14.58217773,5.054395056,2.619362807,16.07965412,6.723440695,6.732348061,6.807296944,3.103744459,16.45935402,0.927519029,9.412779427,0.849037856
2906,7.37005496,0.883051819,15.63451786,5.435313129,3.115747857,17.79737663,7.30872314,7.96708498,7.398304749,3.398945236,19.44577427,0.955659264,9.732329178,0.970225167
2908,9.049266529,1.012097275,16.90116692,5.875422287,4.442874646,20.48227119,8.384292102,10.08292503,8.191459084,3.795246124,26.13361454,1.022011936,10.16954327,1.133661985
2910,12.12115407,1.32173084,17.83595238,6.359535789,9.935801983,24.85172729,11.03680825,14.94056873,9.351581383,4.371487141,38.40660191,1.413442671,10.6390008,1.345888036
2912,16.59807806,2.034407449,19.10413799,6.904620743,25.65577164,32.14500732,16.29352427,28.76285248,11.20943451,5.349186993,56.92492332,1.918139571,11.14734244,2.103654361
2914,24.31865253,3.169167709,20.58095455,7.770633984,48.36576004,41.33052101,21.72010107,53.56118851,13.42364902,6.888153267,74.9937561,2.764334452,11.34011502,2.5332021
2916,32.85252819,4.187993479,22.68443604,9.052465248,83.38188629,49.06211929,34.88115387,79.34122925,15.56557484,8.527579308,85.7465374,3.706514847,13.16530552,2.675561678
2918,38.6457468,4.562408543,24.34048481,9.669212532,111.9556938,51.87717896,43.73839951,95.36175537,16.90767975,9.158777618,87.93718376,4.270209217,14.74972277,3.239935708
2920,37.57107353,4.236730814,24.78873386,9.725447178,125.8526932,51.52262955,45.25630188,99.31939697,16.88041744,8.570786285,91.28927307,4.391091824,15.69883413,3.388641977
2922,32.1068615,3.394998217,24.64322348,9.255501556,123.1380981,49.04693069,40.36686134,93.69233704,15.99539204,7.611380005,98.82422638,4.244256926,16.72830458,3.666622055
2924,25.0322958,2.333330703,23.50715313,8.69068985,97.95175171,43.28912544,28.06694274,78.54152756,14.55845184,6.630358887,102.9268684,3.808716369,17.33163567,4.286021042
2926,20.28442383,1.47083441,21.60090046,8.284756756,52.94637909,35.75145798,23.10417633,56.45058327,13.05551243,5.762127972,97.53321686,3.216880631,17.31198807,3.758533812
2928,15.5478199,1.065171432,18.95377026,7.573703575,21.87607946,27.76298218,18.1063097,31.38092041,11.17394962,4.887585306,79.69645538,2.428441095,15.28501883,2.245928526
2930,11.11557808,0.991422027,17.01594439,6.777916908,8.010661221,21.42937164,14.80459347,14.66312046,9.420353413,4.116716862,55.49484544,1.615839273,12.26909981,1.165589601
2932,7.326185513,0.905373651,15.06054583,6.012292576,3.086146843,16.90260658,12.90153716,6.332365131,7.929879189,3.494218969,31.74874597,0.991685292,12.70422087,0.896941161
2934,5.809359121,0.815189129,13.39050159,5.523568439,4.348802805,14.14974594,12.26413851,3.526647151,6.976724625,3.097967243,15.78804371,0.762541294,11.67701178,0.940079123
2936,5.05279789,0.7164877,11.62265091,4.965143108,4.537703514,11.82336864,10.84097223,3.060242677,6.050544357,2.72367816,7.670560026,0.671538228,9.695160294,1.078423059
2938,4.372949791,0.637779415,10.32774181,4.548405504,4.217340517,10.11504488,9.5685462,2.456818247,5.338329029,2.462551951,4.978904009,0.641167659,8.115140307,1.20616926
2940,3.663970232,0.580846483,9.400048447,4.237171793,3.78440547,8.777178192,8.48708849,1.996803427,4.796802998,2.271227288,4.228177381,0.609783638,7.210546052,1.291723382
2942,3.150720739,0.583260697,8.999604225,4.143107414,3.434768915,7.884502029,7.750095272,1.71794461,4.492393303,2.210704041,3.341858578,0.620114797,6.729415393,1.388577724
2944,2.783269405,0.63162908,9.103349686,4.264858818,3.266286707,7.321498299,7.319030762,1.504692674,4.386367083,2.261773109,2.718072057,0.655563885,6.449121618,1.541784966
2946,2.549928379,0.714555991,9.654209042,4.5844697,3.244332266,7.133056068,7.209334278,1.40388602,4.483933592,2.413495135,2.391512525,0.704603082,6.456675673,1.75532732
2948,2.465711856,0.785490578,10.22551765,4.905042362,3.31703887,7.078870106,7.203214836,1.391932869,4.596947193,2.569032288,2.277449214,0.771389401,6.556280565,1.962007356
2950,2.48971262,0.807844603,10.69056864,5.174500084,3.432270432,7.163770008,7.325532341,1.448914188,4.721564531,2.683517742,2.251334929,0.804359663,6.718901396,2.112315893
2952,2.516947293,0.78320936,10.67649431,5.239932728,3.472791195,7.060035133,7.369496822,1.43054496,4.677088308,2.694140244,2.267228508,0.806145608,6.723954988,2.146403837
2954,2.483603239,0.712509882,9.889772797,4.944307137,3.309071207,6.580332661,6.982308578,1.266359252,4.342576265,2.514324212,2.211846662,0.758579874,6.372366476,1.998725891
2956,2.388848162,0.644415307,9.122348213,4.613035583,3.109156132,6.147020626,6.563042641,1.118697619,4.053664303,2.361154771,2.12635026,0.696041381,5.965107608,1.859554529
2958,2.383842516,0.645567364,8.857534122,4.519642401,3.085944748,5.988193989,6.371182919,1.088638872,3.922356844,2.346704316,2.087473845,0.687314457,5.854194307,1.843909001
2960,2.23306489,0.621282446,8.484964371,4.391169357,3.001107025,5.709348965,6.018102264,1.066497564,3.772773933,2.28204627,2.024390888,0.663782144,5.632823944,1.819795322
2962,2.13683145,0.549506593,7.904016781,4.159725237,2.835483503,5.305333185,5.595683479,0.962222087,3.500539923,2.161870742,1.883275104,0.628880972,5.3188416,1.732031536
2964,2.189278793,0.473094231,7.34419775,3.881924725,2.669328642,4.985556126,5.30883317,0.843661916,3.193737316,2.006170487,1.777927446,0.546576798,5.049509335,1.629071522
2966,2.218284297,0.406509423,6.552353334,3.506096554,2.437904572,4.57363472,4.911272144,0.722042641,2.880508661,1.793897152,1.659674454,0.462938499,4.657482076,1.493362212
2968,2.29391067,0.297306183,5.97040987,3.246883535,2.303387189,4.33425498,4.705526209,0.634541906,2.665398359,1.638154101,1.635470736,0.409420258,4.441306376,1.438743019
2970,2.31364851,0.226076098,5.326315641,2.940318775,2.083218741,4.043578672,4.382816982,0.567898426,2.433201885,1.442731929,1.56371361,0.338114291,4.103343368,1.348070765
2972,2.305745649,0.19774667,4.617257929,2.551830721,1.817984056,3.692744398,4.028261566,0.425390482,2.146420383,1.228117943,1.434962845,0.284460606,3.675519872,1.185231245
2974,2.181769013,0.108175354,3.815909052,2.098783684,1.56652627,3.169853306,3.515687513,0.319386144,1.75861783,0.992224371,1.311552238,0.186979708,3.155615067,0.974104857
2976,2.20552063,0.053252292,3.408017588,1.862892103,1.383064008,2.954860306,3.277527237,0.275679816,1.579196215,0.862666357,1.271373856,0.107826636,2.903497267,0.891660964
2978,2.161026263,0.038810769,3.032979703,1.635969758,1.177731013,2.691474771,3.026249313,0.207414475,1.404074955,0.748875237,1.130810207,0.059503509,2.645298219,0.74882884
2980,2.116813517,-0.007810495,2.757513404,1.462890792,1.053146279,2.509711146,2.832891655,0.160767196,1.292668164,0.636944687,1.021430138,-0.013447618,2.461142635,0.678168607
2982,2.140150762,0.028257936,2.730924177,1.404808521,1.041474217,2.578545499,2.906875706,0.159243225,1.296101475,0.621595949,1.094293982,-0.040851555,2.408709598,0.646456939
2984,1.768751884,-0.016283013,2.111881804,1.101933444,0.796019161,2.057893538,2.294395757,0.10630903,0.955563951,0.499739009,0.841632444,-0.105472524,1.80511626,0.454650898
2986,1.536465287,-0.042475706,1.839254284,0.802485752,0.616541542,1.824597073,1.846593857,0.079672926,0.692938304,0.378135398,0.620268707,-0.183075033,1.378468657,0.346885219
2988,1.494363475,-0.035580922,1.687029409,0.741714883,0.49441371,1.585691941,1.725488913,0.077589014,0.531923813,0.338826743,0.61255829,-0.125352867,1.313505167,0.332068259
2990,1.201586533,-0.07986893,1.193621385,0.44637821,0.35658491,1.014814812,1.230689728,0.044892948,0.35822209,0.254756799,0.303768077,-0.061858711,0.96775642,0.161449927
2992,0.863659573,-0.068490322,0.689849323,0.214027791,0.202335073,0.435677898,0.741900879,-0.037320436,0.156469756,0.158037544,0.07030209,-0.090640676,0.565685588,0.016990836
2994,0.550429435,-0.037745788,0.263264773,0.092923412,0.146103787,0.192319487,0.298288105,-0.066897316,-0.053399598,0.022859403,0.070017695,0.070741034,0.321379864,-0.067627363
2996,0.231979889,0.058526167,0.208196405,0.034532962,0.146004193,0.177759743,0.263578675,-0.023093325,0.015874403,-0.034587732,0.11644097,-0.096763624,0.167307343,-0.261422262
2998,-0.057668371,0.00358725,0.214478737,0.086568039,0.128923507,0.157653293,0.213260137,0.103580005,0.099656526,-0.018111986,0.344733552,-0.330383024,-0.095129625,-0.194912793
