X value [cm⁻¹],IR Spectrum 53/O-PTIR (mV) [],IR Spectrum 54/O-PTIR (mV) [],IR Spectrum 55/O-PTIR (mV) [],IR Spectrum 56/O-PTIR (mV) [],IR Spectrum 57/O-PTIR (mV) [],IR Spectrum 58/O-PTIR (mV) [],IR Spectrum 59/O-PTIR (mV) [],IR Spectrum 60/O-PTIR (mV) [],IR Spectrum 61/O-PTIR (mV) [],IR Spectrum 62/O-PTIR (mV) [],IR Spectrum 63/O-PTIR (mV) [],IR Spectrum 64/O-PTIR (mV) [],IR Spectrum 65/O-PTIR (mV) [],IR Spectrum 66/O-PTIR (mV) [],IR Spectrum 67/O-PTIR (mV) [],IR Spectrum 68/O-PTIR (mV) [],IR Spectrum 69/O-PTIR (mV) [],IR Spectrum 70/O-PTIR (mV) [],IR Spectrum 71/O-PTIR (mV) [],IR Spectrum 72/O-PTIR (mV) [],IR Spectrum 73/O-PTIR (mV) [],IR Spectrum 74/O-PTIR (mV) [],IR Spectrum 75/O-PTIR (mV) [],IR Spectrum 76/O-PTIR (mV) [],IR Spectrum 77/O-PTIR (mV) [],IR Spectrum 78/O-PTIR (mV) []
935,-2.319429398,0.634262502,-2.098059654,2.560062647,-1.945158362,6.322800159,-7.077363014,-1.473651171,-1.436519384,0.356854081,-2.685973167,-6.150915623,-0.670706272,-0.891849816,-6.120730877,2.235669136,7.506186485,2.182789564,-8.592498779,4.010922432,1.559126019,-3.216580391,3.130746603,-0.690782547,2.390413284,-1.788085461
937,-1.649607301,2.249778509,-0.495675564,1.380533338,-2.075956106,-1.169892311,-1.986297488,1.550923824,0.873380482,2.501038313,-1.279595852,-3.759375572,1.74590373,0.885177612,-1.835506558,-1.289819837,1.40054214,-0.556966305,-4.401926994,1.911720395,-0.807386696,0.448829472,1.967864275,-3.187897682,4.636453152,-1.463786483
939,-1.723326206,-0.736458719,-0.355687946,1.288776159,-0.88553679,-0.618950546,-1.653419971,3.49802351,-0.752702713,2.796972752,-0.715796769,-1.770841956,1.222326159,2.262370586,0.436810642,-0.142490223,2.140997887,-1.506929278,-2.114996195,1.393667936,-1.115045071,1.101592183,0.114575572,1.779995561,4.886948586,-1.438894987
941,-0.457542807,0.904548824,0.685076416,-0.290073335,-1.672797203,2.008914232,-1.479332566,4.655276775,0.642845094,-0.939177752,1.031816721,-0.756912947,0.327396303,1.071222305,0.310519248,-1.750486016,1.197452426,-0.692002535,-2.282492638,0.172733769,-1.418548107,-1.625224233,0.179763258,2.350208759,5.402397633,-0.500380516
943,-0.125490144,-0.067232236,-0.732740283,-0.64199996,-1.231068254,1.562301993,-0.383490562,1.991279006,-0.712921798,-0.906688213,0.287965357,0.536788642,-0.0317863,-0.639286935,0.302885562,-0.973194599,0.352794379,0.4685992,-1.92298913,-2.292152166,0.764437973,-1.100875497,1.758765817,1.21501255,6.107626915,0.28357935
945,-0.934910119,-0.66322881,-0.138276979,-0.242799178,-1.519912004,-0.262892187,0.133762121,0.841448367,1.038021684,-1.628648758,1.838678598,0.376345158,1.52949965,-1.025193334,-0.274855793,-0.668870151,1.260949492,1.408079147,-2.012450218,-1.884618402,0.944011509,-1.131610513,2.130226135,-0.051455699,6.937867641,0.687325478
947,-1.218306661,-0.86209631,-0.59690696,-0.030826485,-0.341645181,1.767100573,0.327474684,1.090320587,0.143346652,-1.18380487,2.063329697,-0.735422611,0.405054986,-1.05819881,-0.655730128,0.800907731,0.349700332,1.617841721,-2.642188311,-0.285112679,0.639652014,-0.488347709,1.430406451,0.223666966,7.256597519,1.013864875
949,-0.472635388,0.458186299,-0.423054427,0.923211098,-0.306731343,0.92390722,0.165488034,0.450536758,-0.711981714,-0.718539357,1.157266498,-0.133314297,0.999277472,-1.07267046,-0.41675365,0.556337774,-1.001195312,1.507360697,-0.950420618,-0.665259242,-0.362610877,-0.70853281,0.048255846,-0.058312308,7.374680042,1.432733417
951,0.311173379,1.002618194,-0.7216416,0.762918949,-0.230789036,1.604317904,0.476158828,0.806165218,-0.575833738,-0.744920731,0.964961469,0.151599526,0.622464359,0.346078962,-0.208485439,0.467208713,0.276923299,0.272972256,-0.747799695,0.764907539,-0.584643304,-0.18587248,-0.247887209,-0.4694556,7.425494671,1.865325689
953,-0.134907767,0.415696323,0.33218351,0.38889879,0.152326152,0.974702954,0.01505915,0.43867138,0.511844873,0.223042399,0.376493245,0.333091974,-0.188337937,0.140004963,-0.377351016,0.345082641,0.430294335,-0.346909493,-0.964652061,0.687712431,-0.362357855,0.297089577,-0.05970671,0.184621602,7.76506424,2.032710314
955,-0.03716268,-0.403901458,0.015437069,0.372778565,0.397357464,0.562170982,-0.506074429,-0.022245606,0.531286418,0.027727509,0.439621568,-0.763721824,-0.400237203,-0.006603351,-0.779164791,0.229656979,-0.078185655,0.075871065,-0.619129062,0.25407052,0.076947644,0.064961828,0.61977309,0.465543687,8.110553741,2.375953197
957,-0.398211181,-0.300844312,-0.539175928,0.226652473,0.02774331,0.77038902,-0.418455154,0.326659709,0.584428728,-0.373885781,0.310810685,-0.202929825,-0.614702821,0.286328048,-0.116082735,0.584025025,0.409098476,-0.472443581,-0.867007613,1.044119477,0.615862548,0.059173454,0.700090945,0.703875542,8.184238434,2.82529974
959,0.525591016,0.214959607,-0.128039807,0.216370896,-0.237877399,1.055487156,0.040943794,0.470069498,0.017535497,0.275106817,1.149150372,0.100655869,-0.191827476,0.556878567,-0.358211726,0.240874767,0.291829437,-0.528626144,-0.812571824,0.500624001,-0.028496865,-0.324326962,0.366167217,0.125421509,8.3183918,3.078424931
961,0.692414582,-0.141849995,-0.023991212,0.200836107,-0.297316134,0.822685897,-0.016100021,0.290163994,0.705388725,0.089297444,1.907207608,-0.317820013,0.248465553,0.811058402,0.096740738,0.12311431,0.188321054,0.524584115,-0.196896404,0.938457608,0.08734791,0.159028649,0.287484616,-0.056299817,8.564990044,3.294406176
963,0.521740973,-0.255774975,-0.345122397,0.400614738,0.121585116,1.703240514,0.432556629,0.093808323,0.606532514,-0.269698054,0.67384398,0.3239384,0.607097507,0.874912918,-0.228559613,0.454115719,0.002307901,0.471501082,-0.220657706,0.597504795,0.240452856,0.137015328,0.055697389,-0.455085874,8.744935989,3.500345707
965,0.293707579,-0.144894034,-0.06483423,0.391431928,-0.128422767,1.446249485,-0.227517679,0.338868201,0.123994268,0.133521676,0.584452569,0.419060737,0.770811081,0.903186798,-0.8984828,-0.089356355,0.191141143,0.459293306,-0.356198758,0.846720278,-0.029736539,-0.292571276,0.057683215,-0.268954158,8.817412376,3.693237305
967,-0.177324846,-0.140290231,0.11222814,0.255329311,-0.321589708,1.526988268,-0.174421892,0.199627519,0.082367606,-0.224087536,1.163273335,0.168507457,0.244566768,1.117181063,-0.405972689,-0.369906515,0.05453635,0.197402269,-0.04460863,1.175210476,-0.179248124,-0.395850092,0.366541624,-0.228823662,8.774255753,3.77334547
969,-0.4618527,-0.294060707,0.072992392,0.313835055,-0.232014135,1.442698121,0.104913607,0.488849103,0.304411232,-0.022333462,1.750983119,-0.05854084,0.128763527,1.12423861,-0.550666153,-0.310445189,-0.2377287,0.039507017,-0.338609695,1.185772896,0.162268609,-0.543821335,0.070004955,-0.007832946,8.922807693,3.821760178
971,-0.096885495,-0.54023391,-0.006578566,0.075115092,0.231940344,1.089110732,0.316248834,0.400111824,0.757423341,0.046040058,1.761523843,0.054175753,0.039788116,0.986259162,-0.433710515,-0.214498237,-0.20777224,0.110732287,-0.315784633,1.159309506,-0.25663799,-0.381549537,0.851186216,0.754459083,9.197559357,3.97465086
973,-0.022166839,-0.388508737,0.092577294,0.128463477,0.044996668,1.241055727,0.196660414,0.123702809,0.70540148,0.192600667,1.44253087,0.148185283,0.471788496,1.149886847,-0.246954978,-0.173554271,-0.145535409,0.215483174,-0.156515658,0.886296451,-0.043008242,-0.141572833,1.421910644,0.874724925,9.020935059,4.166334629
975,0.022988372,0.111046776,0.127587378,0.163082331,0.048110861,1.128079176,0.086450718,0.464210093,0.34643811,0.01295311,1.594167709,0.13752763,0.293822348,1.038639426,-0.195185393,-0.153863624,0.090602852,0.553678572,-0.038571499,0.690775335,-0.170982435,-0.156666711,1.252418995,0.865417957,8.868024826,4.470823288
977,-0.179301813,0.208149806,-0.086661376,-0.017528461,-0.103324607,1.438105822,-0.152334929,0.483508199,0.73758769,-0.22115019,1.70896709,-0.09294048,0.168892309,0.739451647,-0.290058613,0.070790038,0.32802707,0.830460548,0.09568271,0.981558561,0.184127361,0.068312533,1.097036362,0.782945991,9.008170128,4.696491718
979,-0.121398412,0.146302,-0.13540858,-0.148074672,-0.294274062,1.389410734,0.045563731,0.276570112,0.918152094,0.277639896,1.619923592,-0.318046302,0.364704132,0.745542526,-0.407656908,0.384552449,0.323639452,0.79945159,0.165801764,1.000918269,0.033849776,0.19417727,0.858719826,0.571290612,9.001138687,4.759080887
981,-0.077480204,-0.172250688,0.001136358,0.077970155,-0.17002514,1.231457829,-0.15791212,0.285572141,0.923325598,0.181684151,1.884369969,-0.33902818,0.826232791,1.017487288,-0.216369957,0.07390599,0.323253393,0.98786068,0.273649991,1.086681604,-0.27942118,0.028361823,0.605604231,0.436396748,8.877180099,4.979293823
983,0.059109125,0.026908964,-0.083713599,0.020606458,-0.26043275,1.588523746,-0.002237786,0.128467947,0.832672417,0.295436174,1.742452025,-0.107588753,0.578950405,1.70864141,-0.151474386,0.110799782,0.241076037,1.049547076,0.219250157,1.390067458,-0.097701542,0.020188203,0.792895436,0.374875814,8.769067764,5.215341568
985,-0.068917044,0.091248401,-0.174161077,-0.032940459,-0.194025382,1.360922217,0.062162682,0.414135993,1.115140438,0.497105896,1.784039259,0.01575931,0.298545629,1.77460146,0.144864991,0.166036204,0.334948719,0.960256934,0.53227514,1.827022076,-0.161849946,0.062317424,1.102273941,0.860599101,8.716030121,5.344595909
987,0.006810916,0.213133097,-0.059376415,0.012411595,-0.155454919,1.426332235,0.007470717,0.630298078,1.24864006,0.12205711,2.234539747,0.014450928,0.419480324,1.46665597,0.341750264,0.194137514,0.184000671,0.675413728,0.587439001,1.888551354,-0.14799042,0.107330173,0.912075639,1.180461526,8.805168152,5.543408394
989,-0.066719949,0.027321231,-0.050915748,-0.049660265,-0.078490935,1.138798952,0.037700504,0.406061143,1.300398469,-0.030121865,2.126039505,-0.016121741,0.268290907,1.600944996,0.16611214,0.122061968,0.121342801,0.685649574,0.644540191,1.628042459,0.121197879,0.385040939,0.86303401,1.09244597,8.772098541,5.757488728
991,-0.000580448,0.003529821,-0.016201688,0.080268718,-0.076079197,1.140934348,-0.008922775,0.361669034,1.219077587,-0.028350297,2.114042044,0.158576101,0.314646959,1.792584538,0.041308388,0.148669735,-0.183558732,0.722714007,0.479792327,1.383785129,0.058843069,0.43670994,0.899827182,1.042770505,8.792907715,5.822963238
993,0.122025773,-0.097426459,-0.128821641,-0.020142315,0.180208981,1.590857506,0.054636199,0.680412352,1.224153876,0.209311858,2.131474018,0.343204081,-0.004954934,1.816686511,0.335030615,0.046777952,0.108475283,0.845101595,0.630402088,1.693468213,-0.035965372,0.506028891,1.12169075,0.980732024,9.002904892,5.844860554
995,-0.06770891,-0.003094216,-0.335275322,-0.084869251,0.156415552,1.737491846,-0.083342537,0.896904588,1.493515491,0.063028879,2.025323629,0.275044888,0.177631572,2.151959419,-0.005304135,0.173690274,0.454002082,1.190812945,0.875281215,2.063739061,0.014583561,0.480442196,0.966195345,1.264451861,8.986248016,5.92282486
997,-0.037761033,0.024310531,-0.308367372,-0.127262607,-0.063819811,1.578068733,-0.121300109,0.764818311,1.687111855,0.093814529,1.898423791,0.247939214,0.101034679,2.485933542,-0.20454593,0.317554116,0.252027005,1.299744487,1.228498459,2.291909695,-0.224701524,0.438058257,0.876012802,1.085543275,8.930089951,5.941193104
999,0.141028047,0.075027242,-0.13789326,-0.009800111,-0.021230405,1.447772026,-0.120503627,0.669957459,1.37221837,0.124004439,1.93320477,0.1683864,0.324585915,2.510041475,-0.147254214,0.338388562,0.328739882,1.193505526,0.856876373,1.909674525,-0.108590223,0.381497324,1.119771719,1.174060345,9.025846481,5.939404964
1001,0.067131855,-0.032929275,-0.096684553,0.05804754,0.065383479,1.628584266,0.076510213,0.463874221,1.274636149,0.051612262,1.990231514,0.013560732,0.362547278,2.354338169,-0.07746242,0.229452655,0.337662578,1.315758944,0.868137598,1.816824436,-0.062422995,0.636876404,1.402282834,1.38700819,9.056186676,6.045584679
1003,-0.106551692,-0.22609432,-0.047603782,0.057961613,0.019708183,1.425080895,0.153047264,0.363913685,1.307204485,0.209101602,1.985181689,0.078681953,0.355198592,2.338145971,0.207749724,0.131969854,0.456305385,1.372551203,1.104368448,1.853963375,0.043828204,0.748786569,1.543636799,1.581713557,9.030176163,6.267593861
1005,-0.190927953,-0.07486397,-0.014475176,-0.099646129,-0.024006691,1.458830833,0.229119807,0.342223406,1.344501853,0.176803499,2.072875977,-0.038885761,0.423669547,2.651637316,0.336511612,-0.011911259,0.375930309,1.056656241,1.119114161,2.136334181,0.07246232,0.779459238,1.478931546,1.792092443,9.028065681,6.570799351
1007,-0.201789394,0.123224109,-0.075732537,-0.043816559,0.123075679,1.569936275,0.163191453,0.587948382,1.541631818,0.244921342,2.124902964,-0.043551311,0.115908273,2.768126011,0.321715504,0.07091587,0.51933825,1.063654304,1.046998501,2.340087175,-0.038185552,0.827395856,1.629066348,1.744331241,9.014847755,6.822104454
1009,-0.146172673,0.101056606,-0.15454492,-0.057270534,0.009548554,1.745473623,0.093285814,0.575425029,1.866526127,0.364504755,2.295351505,-0.031982563,0.293956041,2.819772482,0.402414918,0.121466018,0.646735489,1.225589871,0.995705187,2.360919714,-0.059739649,0.82674396,1.730547309,1.866513968,8.999345779,7.012155056
1011,0.221162722,-0.023639932,-0.166918248,0.04863365,0.056186724,1.973439813,0.126153991,0.445545763,2.002924442,0.261539727,2.253992796,-0.103404142,0.510347366,2.703642607,0.313884526,0.135259449,0.819510877,1.357690811,1.078163147,2.504488945,-0.088930748,0.792576253,1.709360838,2.114675045,9.087675095,7.0947299
1013,-0.040291104,0.002734763,-0.08085382,0.157504708,0.06737458,2.095993757,0.100086048,0.602237582,2.271131992,0.134465903,2.250471592,-0.075098597,0.622063816,2.799574137,0.421571672,0.239940673,0.639472067,1.519705176,1.140901804,2.437049389,-0.069532149,0.882589757,1.582463264,2.292567253,9.139420509,7.173549175
1015,-0.093348622,-0.064107493,-0.121398918,0.148224145,0.200704128,1.96007669,0.213256598,0.62413609,2.419095516,0.249254018,2.390529156,0.204722598,0.729586661,3.02687192,0.551264703,0.34539336,0.632980585,1.711466432,1.356574416,2.600528955,0.026438111,0.719330907,1.989155769,2.108404398,9.055105209,7.251232147
1017,-0.164720312,0.15476498,-0.178004608,0.102868333,0.201879799,1.887845159,0.31180644,0.545297086,2.648771763,0.188528329,2.651848316,0.157744557,0.878487468,3.136629581,0.45006153,0.273826987,0.729482651,1.644523859,1.443994284,2.899283648,0.0296776,0.740073264,2.143104553,2.305923939,9.105758667,7.343976498
1019,-0.03350319,0.206834346,-0.030897645,0.020589266,0.224345446,2.045863152,0.435627908,0.588847995,2.448932409,0.175576687,2.802377701,0.041949708,0.853698611,3.057392359,0.51883775,0.293118477,0.807596684,1.642700911,1.405516148,2.825792551,-0.01507687,0.800223589,2.113146544,2.521481752,9.156467438,7.457989693
1021,-0.121651374,0.072860084,0.09518335,-0.006700165,0.110619284,2.080437422,0.274477422,0.643268347,2.400193214,0.215083539,2.877451658,0.028250681,0.933343053,3.36885643,0.35853532,0.421308637,0.673209846,1.819879532,1.431526065,2.931249857,-0.110373676,1.043130875,2.051524639,2.648766756,9.178897858,7.591828823
1023,-0.038647592,0.038187221,0.019557102,-0.034209367,0.074261703,2.355822325,0.261522204,0.680245578,2.431747198,0.014424914,3.108074903,0.120577969,0.831513226,3.451389074,0.516890883,0.364152431,0.561114311,1.788907647,1.439216375,3.016748667,0.08685229,0.987490833,2.01882863,2.643643618,9.138829231,7.725990295
1025,-0.017642872,-0.030594928,-0.050761502,-0.059036728,-0.043682255,2.592984676,0.156913623,0.518283188,2.344387531,0.103714585,3.238809586,0.149648249,0.635816455,3.30471158,0.555239379,0.269851446,0.689852238,1.790796041,1.378999472,2.866012573,0.092370667,0.900771856,2.161919117,2.693817616,9.195617676,7.826592445
1027,-0.113234535,-0.00516521,-0.055476714,-0.105124913,-0.069809422,2.477050781,0.195073038,0.51935643,2.447441339,0.255750716,3.24369216,0.083203085,0.72004348,3.502315998,0.284959882,0.316771328,0.624263287,1.868503332,1.407045245,2.751145363,0.024136599,0.925073862,2.312258005,2.749078035,9.320736885,7.950906277
1029,-0.14087382,0.090362854,-0.033331722,0.046630643,-0.166433424,2.447925091,0.277516395,0.719616532,2.613402367,0.029454973,3.194525719,0.1053712,0.920908391,3.813116074,0.220951945,0.375638664,0.639832675,2.058396101,1.260581732,2.841202736,-0.11730063,0.950531185,2.586831331,2.819965124,9.089305878,8.078658104
1031,-0.121966839,0.108164385,-0.056000888,0.098669454,0.016946297,2.560371399,0.300097615,0.662246585,2.551311255,0.174332187,3.110252857,0.110191233,0.913033783,3.989233732,0.241209745,0.507788062,0.79546535,1.993956804,1.244094849,3.186523438,-0.178646132,1.119796634,2.450722933,2.610825539,9.083618164,8.179955482
1033,-0.065468147,0.044193726,-0.092851028,0.167756796,-0.029639026,2.469097853,0.38014096,0.872285545,2.617429972,0.34227252,3.112104177,0.064805888,0.952280164,4.11377573,0.336562246,0.531547308,0.627793729,2.34284687,1.353271246,3.267329931,-0.034398101,1.071712494,2.276796341,2.576673746,9.237808228,8.258410454
1035,-0.13803865,-0.028446313,-0.069400959,0.162942693,-0.129479706,2.402891874,0.504696012,0.72688657,2.605931044,0.350582987,3.254428864,-0.052035294,0.830377162,4.084003925,0.336625874,0.658587873,0.484391391,2.447923183,1.53558135,3.313557625,-0.050190248,1.013251543,2.323450327,2.391126871,9.138360977,8.282288551
1037,-0.102227025,-0.040651195,-0.148395106,0.020707175,-0.025073932,2.471512079,0.244988948,0.634432733,2.768954039,0.386696368,3.219396353,0.095172524,0.999567688,3.932125092,0.512146175,0.374224752,0.715088964,2.28002882,1.667595029,3.400733709,-0.141455188,1.025400877,2.45479393,2.425164223,9.044764519,8.382572174
1039,-0.076743998,-0.138119191,-0.126957059,-0.017151488,0.002304223,2.528107405,0.229097545,0.441772163,2.979755878,0.244968832,3.429256439,0.334684491,0.979709804,3.861674309,0.504526138,0.43843919,0.879597127,2.423477173,1.36524713,3.444303036,-0.101359792,1.156446576,2.461192608,2.498759031,9.307964325,8.407370567
1041,0.026112568,-0.152438402,-0.031544451,-0.052490104,0.052867755,2.610012054,0.001893084,0.468004584,3.111753941,0.205187738,3.654872894,0.176804483,1.091416121,3.900192976,0.509055316,0.505777001,0.854153872,2.215699911,1.34754467,3.523952723,-0.071521237,1.262926221,2.553164244,2.457507133,9.164419174,8.504016876
1043,-0.087197557,-0.079639517,-0.049735721,-0.061142817,-0.016114118,2.733831644,0.009081975,0.729627311,2.963791847,0.363369167,3.637616873,0.047220569,1.198139787,4.332182884,0.739715219,0.510726869,0.860303342,2.201033115,1.496938229,3.585680485,-0.076826081,1.181303501,2.466752291,2.491914988,9.015794754,8.672821045
1045,-0.110118307,-0.018097786,-0.090945467,-0.043563146,-0.173594281,2.678094387,0.176784992,0.725201547,3.032835007,0.322176963,3.355143785,0.230829403,1.308136821,4.432999611,0.84058255,0.272434622,1.023316145,2.472967625,1.572682381,3.441805601,-0.051346485,0.907853544,2.471454144,2.249439478,9.077987671,8.709547043
1047,-0.14218913,0.101718888,-0.022388626,0.018602194,-0.11633157,2.786348104,0.237012535,0.593054175,3.204851866,0.314644277,3.291224718,0.223197162,1.459745169,4.26855135,0.896533966,0.296404541,1.099643707,2.856595993,1.6639781,3.409827232,-0.046024583,0.725930512,2.549377203,2.038570404,9.205750465,8.848040581
1049,-0.048232835,0.068952799,-0.015464274,0.088250808,0.064196065,2.758786917,0.213206053,0.683649302,3.12431097,0.23255156,3.527429342,0.253363788,1.501732349,4.423332214,0.822664976,0.517775774,0.990478158,2.734026194,1.799953341,3.381192446,-0.074401669,0.842553973,2.449167013,2.138103724,9.018548965,8.957674026
1051,-0.069026761,-0.009086705,0.001374643,-0.028111627,0.024153262,2.762851,0.097659744,0.653222859,2.870110273,0.361459851,3.340998888,0.210641265,1.436380863,4.490641594,0.558432937,0.494953454,0.899090409,2.549510717,1.768612027,3.338453531,-0.06910748,0.942468762,2.441670656,2.350154638,8.989823341,8.968842506
1053,-0.019501587,-0.010584787,0.032395113,0.042789932,0.071670838,2.79117918,0.051919226,0.543851614,2.915540457,0.403026223,3.294086695,0.124676339,1.449869037,4.497453213,0.624759734,0.577408612,0.92014426,2.474318027,1.595443487,3.309323072,0.059191637,1.105107188,2.495188713,2.386144638,9.061321259,9.034401894
1055,-0.017432788,0.038844142,-0.043365724,-0.020677922,-0.047028847,2.928874969,0.11638622,0.546109855,3.081571102,0.213868186,3.278915405,0.321355015,1.341637969,4.676793098,1.183101416,0.745075643,0.893712819,2.51752758,1.531246543,3.525378466,0.122625679,1.030913711,2.346829891,2.44974947,8.98072052,9.188692093
1057,-0.04507935,0.121714748,-0.029111777,-0.094053142,0.04208174,3.137157917,0.030095927,0.598524868,2.948426008,0.202338204,3.310991049,0.312578201,1.323995709,4.73387289,1.192249537,0.546985328,0.726413906,2.444967985,1.802041292,3.455908537,0.060335144,1.004567623,2.211132765,2.181063414,8.818031311,9.335892677
1059,-0.064523876,-0.004212543,-0.026616128,-0.013161445,0.062446229,3.172120333,0.031465784,0.573791742,2.855951071,0.276869059,3.366369009,0.200927168,1.294124365,4.681119919,0.921086252,0.394406468,0.719197035,2.441070795,1.866204858,3.370066404,0.072465256,1.020883441,2.328031301,1.97751677,8.837312698,9.3472929
1061,0.011412133,0.103372268,0.012173192,-0.062265072,-0.052583974,2.979942322,0.078456342,0.603557646,3.170049191,0.367946804,3.304977894,0.218334109,1.258468986,4.740809917,0.919307947,0.391448915,0.810118318,2.446342707,1.592175007,3.269146681,0.025128564,1.09394455,2.378739834,2.012151003,8.814857483,9.40520668
1063,0.025576832,-0.010560716,-0.064233281,-0.106134698,-0.078739896,2.935925722,0.174885496,0.576054573,3.205744028,0.495547175,3.264420033,0.051372673,1.214987516,4.800459862,1.058170199,0.563640058,0.486143708,2.396480799,1.823632956,3.321049929,-0.1577923,0.994385183,2.292211056,2.221206188,8.650081635,9.440006256
1065,-0.14919135,0.011065274,-0.064291827,-0.141279429,0.150031239,3.006575584,0.048888858,0.701225817,3.178153276,0.472415179,3.42740798,-0.02572066,1.21303165,4.712183952,1.03832984,0.652008474,0.51515907,2.606679201,1.795508862,3.316789627,-0.021087898,0.894296348,2.210554361,2.348285198,8.590604782,9.435229301
1067,-0.079308525,-0.016482746,0.004040769,-0.073092893,-0.029312247,2.962964296,-0.0575088,0.760813355,3.314757347,0.509034693,3.312523842,0.08037696,1.240674496,4.755622387,0.973645091,0.654503345,0.6344859,2.674197197,1.615991831,3.216933727,-0.160933495,0.908025801,2.079087973,2.2838974,8.459156036,9.62037468
1069,0.015228635,0.028934177,0.126911014,0.026484098,-0.088492967,2.979382038,-0.122686304,0.860063493,3.33423233,0.443045169,3.246894836,0.217210755,1.214669228,4.708205223,0.849730849,0.636646271,0.618430018,2.599621296,1.636575818,3.21935463,-0.042810597,1.034976006,1.993946075,2.001695633,8.453950882,9.674214363
1071,0.115517184,0.141911119,0.03278302,0.072381005,-0.062864907,3.136857033,0.058949653,0.749859214,3.355501413,0.353058189,3.113430023,0.087309666,1.445690274,4.820877552,0.81028223,0.522302449,0.516349137,2.534333229,1.882489443,3.328213215,0.04200016,1.03444016,2.093047857,1.940845132,8.310232162,9.69671154
1073,-0.009180398,0.085719191,-0.050413392,0.134786949,0.016283203,3.142860651,0.114357188,0.740215123,3.402328014,0.480019718,3.180577755,0.021423696,1.309130788,5.154325962,0.956078529,0.556138813,0.591733694,2.599600077,1.808100581,3.419373512,0.122646801,1.028189421,2.118890285,1.961438179,8.255216599,9.803668022
1075,-0.018131439,0.202163488,-0.076089472,0.080644079,0.088567607,2.998775721,0.084011607,0.859058678,3.300383806,0.534420848,3.479796648,0.021455683,1.302168846,5.356058121,1.154532433,0.576370776,0.66576761,2.644126654,1.634898305,3.238389015,0.022001855,1.082061648,2.120376348,1.908417106,8.091845512,9.902816772
1077,-0.01875866,0.355615675,-0.089331962,0.084125198,-0.059391703,2.847722292,0.082141839,0.757255375,3.294414043,0.616115034,3.533857346,0.029073857,1.43723762,5.242716789,1.084688663,0.565529168,0.494916201,2.646218538,1.587620497,3.265781164,-0.040039249,1.040721416,2.066972494,1.871004939,8.075958252,10.0034008
1079,0.084255405,0.375544488,-0.107069299,0.125699177,-0.039500721,2.841529846,0.048152022,0.886431694,3.462808371,0.525575638,3.378455639,0.070671976,1.510701418,5.219816208,0.797341049,0.594171286,0.436327726,2.57410717,1.561137199,3.474790096,0.049148146,1.159754276,2.015158415,1.846974254,8.207706451,10.03652668
1081,-0.056812562,0.385058761,-0.10723342,0.093064323,0.055155691,2.802439928,0.139630526,0.816811502,3.623674154,0.552476823,3.212118149,0.025907302,1.616946578,5.25525856,0.695122778,0.750603974,0.376455873,2.430336475,1.518667459,3.590057135,0.000864322,1.221185803,1.89155674,1.741542816,8.118524551,10.07358074
1083,0.01427632,0.222315714,-0.078835435,0.070962541,-0.023514569,2.714864731,0.102724381,0.709900498,3.614383936,0.437197685,3.163377523,-0.085349344,1.633517861,5.183792114,0.901868105,0.8512128,0.305235475,2.547621727,1.71003592,3.559959412,0.01510979,1.120212317,1.763526678,1.797890186,7.99226284,10.14761448
1085,0.114339642,0.268310428,-0.04900942,0.058164209,0.002211231,2.864936113,-0.08936663,0.756452501,3.593209982,0.615488052,2.990711689,-0.040753618,1.522021294,5.209060669,1.146456599,0.62839812,0.152924597,2.789309978,1.816779971,3.529415846,-0.001879556,1.004572392,1.756024122,1.692996502,8.093238831,10.17347527
1087,0.13662149,0.416466326,0.052855931,0.041312166,-0.035374746,3.032472134,0.003008774,0.868041396,3.677975893,0.700856686,3.130797386,0.008604295,1.497217417,5.287716389,0.99713552,0.674171925,0.203179464,2.796525717,1.830539107,3.596609116,0.087862283,1.127429605,1.8185817,1.619805932,8.011487007,10.21750832
1089,0.099354587,0.45228821,0.029885948,0.035345364,-0.011840113,2.931289196,-0.013908153,0.779051185,3.680984735,0.668638527,3.284944773,0.050322972,1.565721154,5.263588428,0.905633688,0.706489921,0.186588019,2.770689249,1.851804972,3.608816385,-0.025841473,1.308649302,1.656243682,1.598386049,7.836853027,10.25171375
1091,0.034523856,0.394419551,-0.003818874,0.040788699,-0.017045081,2.839668274,-0.007716509,0.683741748,3.632582188,0.828399897,3.294267178,0.103225037,1.646721482,5.316149235,0.94096446,0.744459689,0.351830631,2.624844074,1.701797366,3.687674999,-0.065784693,1.267342925,1.336330533,1.556649804,7.926630974,10.23884773
1093,0.145991772,0.446846247,-0.068910301,-0.021106245,-0.045239247,2.754709244,-0.042190462,0.64979881,3.73826623,0.815745056,3.476746082,0.038301602,1.695509434,5.126076698,0.972053289,0.737262487,0.461417288,2.608576536,1.641239285,3.684360504,-0.047157239,1.175790071,1.096844316,1.427665591,7.822732925,10.24732685
1095,0.121847272,0.722231746,-0.095872737,0.051530994,-0.072548881,2.805532932,0.076324493,0.859128475,3.777184486,0.568689346,3.506567955,0.128676564,1.794107676,4.999386787,0.94884795,0.830208242,0.559881747,2.678861856,1.750699162,3.579955339,-0.093504086,1.293171883,1.037855148,1.369527578,7.765055656,10.27598095
1097,0.132918894,0.917671919,-0.029522326,0.121515229,0.086614043,2.886317015,0.108967409,0.914899111,3.727190256,0.564656913,3.480708122,0.230186641,1.97971344,5.038388729,1.190146565,0.823418498,0.527516007,2.63862133,1.611468196,3.633585215,-0.055397712,1.40225029,0.985290587,1.282091141,7.750714779,10.33491611
1099,0.164231941,0.936179817,0.08265315,0.099161677,0.136108115,2.757644892,-0.036951885,0.696259022,3.597276211,0.497592449,3.563242435,0.179796845,1.894987941,4.997068405,1.211180091,0.900009573,0.294723481,2.714802027,1.621665716,3.753831387,-0.09337382,1.419456363,0.973522484,1.342772245,7.587718964,10.36876202
1101,0.241293058,0.957740903,-0.02093707,0.085962251,0.152307138,2.760910749,-0.036791276,0.573149204,3.54527688,0.493837774,3.587257147,0.17305097,1.933086395,5.020664692,1.196451187,0.93504101,0.240487158,2.979239464,1.674463749,3.66883564,-0.039362606,1.491447926,0.978721619,1.278150439,7.542327404,10.41774559
1103,0.172382578,1.039759278,-0.008611221,0.130781457,0.235835344,2.964822292,-0.056020871,0.580152154,3.627715111,0.348090261,3.670423746,0.219695479,1.992073178,4.700367928,1.200094938,0.926883698,0.421079606,3.183582306,1.806059241,3.638421774,0.07674621,1.62013495,1.037444949,1.142161369,7.506903648,10.45330334
1105,0.163904458,1.229386449,-0.012926563,0.185148567,0.249416932,3.124581814,-0.09662085,0.81564182,3.634072065,0.294653356,3.881070137,0.243198186,2.078207731,4.715087414,1.320775628,0.899048865,0.389712214,3.365586042,1.81591332,3.589574814,0.008913809,1.596762896,0.981485844,0.995058119,7.386130333,10.49004364
1107,0.320880443,1.307618618,0.032690432,0.248915926,0.164786384,3.139076471,-0.157176912,0.935249388,3.653339863,0.372261018,3.995278358,0.330931783,2.08019352,4.897311211,1.452362418,0.807165444,0.252251416,3.49230504,1.941443682,3.620316982,-0.082991384,1.776977658,0.925635815,1.007839441,7.487612724,10.56055355
1109,0.360204697,1.501430035,0.003936163,0.225022331,0.157983974,2.981231928,-0.058887709,1.056099892,3.605358124,0.485320091,3.982477427,0.269609243,2.07432723,4.897878647,1.540677905,0.837504089,0.242623389,3.601961851,1.978734493,3.639960289,-0.024279721,1.84583509,0.777935863,0.928132951,7.382350922,10.60110569
1111,0.233700529,1.832873821,-0.044459645,0.168309927,0.268517077,2.932097673,-0.116516478,1.106698632,3.486440659,0.498208344,4.136920929,0.388628244,2.331760168,4.832296371,1.564446807,0.961440146,0.321738869,3.882977247,2.062164783,3.675274372,-0.072308853,1.831396937,0.741464198,0.800056279,7.351776123,10.62244225
1113,0.208333746,2.082164764,-0.019066485,0.198727578,0.312483072,3.110026121,-0.031070173,1.191486955,3.358513117,0.522623599,4.274392605,0.399057746,2.687001228,4.859566689,1.872347236,1.08341682,0.389681637,4.129849434,1.999150753,3.859822989,-0.007938807,2.003161192,0.801592946,0.666386485,7.330566883,10.66933727
1115,0.306585103,2.214283466,0.002324025,0.283248901,0.386780232,3.274721622,-0.005202566,1.085232019,3.343896151,0.647498548,4.537018299,0.349067956,2.732760191,4.900519848,2.071148872,1.008821726,0.501905024,4.194301605,1.947612643,3.95618701,0.028898058,2.054404974,0.886718452,0.705891073,7.211476326,10.76200962
1117,0.556851804,2.35201335,0.015748231,0.306592584,0.343859047,3.313671589,-0.061574731,1.156410575,3.421988249,0.763294697,4.776648521,0.539423168,2.852549314,5.047306061,2.070539236,0.917536676,0.490928054,4.30518198,1.946841478,3.989059687,0.084223248,2.011297703,0.699814975,0.546268582,7.275129318,10.8242445
1119,0.701044738,2.67332387,-0.006509842,0.392463148,0.259889096,3.334750414,-0.071327686,1.255290508,3.566375256,0.849796534,5.046782494,0.704299629,2.930173874,5.223842144,2.112568855,1.028866887,0.524225533,4.518324375,1.94779861,3.97503686,0.099247009,2.012276649,0.544660926,0.277109355,7.335455418,10.85853386
1121,0.726740479,3.018131018,-0.011123035,0.339294612,0.184188887,3.329330683,-0.003456356,1.35617578,3.668133974,0.777189672,5.068166733,0.694541454,3.197567463,5.407700539,2.317310333,1.122426987,0.603431106,4.656656742,1.939414144,4.209543705,-0.01815288,2.271635056,0.508844852,0.188135371,7.291891098,10.92544174
1123,0.866908133,3.189330339,0.030174077,0.273468971,0.207329512,3.426839113,0.021952018,1.428408623,3.753239155,0.899900734,5.088273048,0.955182731,3.471409321,5.601666927,2.523373604,1.160912991,0.44604516,5.12393713,2.041648149,4.525944233,-0.105159521,2.42457819,0.396947086,0.024468621,7.198252678,11.00407314
1125,1.027077198,3.514202118,0.036369335,0.328700364,0.307645649,3.662075758,0.026073927,1.632197618,4.091271877,0.940190971,5.592972755,1.178437948,3.749762058,5.694941044,2.826000929,1.319454074,0.289040834,5.545793056,1.984380364,4.785457134,-0.040950276,2.527376652,0.376634687,0.068916276,7.277369499,11.00799465
1127,1.272684813,4.022664547,0.085612401,0.470928639,0.495948285,3.792152882,0.162369579,1.770596266,4.223985672,0.976785302,6.089093208,1.408165336,4.252254963,5.935465813,3.056124687,1.482759118,0.370855063,6.19909668,1.979228973,5.089060783,-0.036221217,2.736070633,0.336681157,0.134178847,7.23797226,11.07246304
1129,1.421257138,4.560230255,0.027289551,0.557224989,0.765684128,4.007573128,0.15664494,2.006663084,4.603396416,1.13746202,6.618152618,1.797818661,4.769034863,6.504535675,3.219645262,1.837305546,0.405059129,7.105478764,2.136789083,5.586959839,-0.09568169,3.054232597,0.14918755,0.299147487,7.121703148,11.15527439
1131,1.701962471,5.497200966,0.074051946,0.665014923,0.868798435,4.369653225,0.143625408,2.458005667,5.108747959,1.357371449,7.074131012,2.13329339,5.439442635,6.986396313,3.671825171,1.819338679,0.445659816,8.181303024,2.556977987,6.211475372,0.048098423,3.489119053,0.080019236,0.874733865,7.136188984,11.3034668
1133,1.916470408,6.577720165,0.111966528,0.727985561,1.022332907,4.840611935,0.085743025,3.029717922,5.667261124,1.491770387,7.851551056,2.396065474,6.478723526,7.711717129,4.337639809,1.937904119,0.463314742,9.511850357,3.031861544,6.815173149,-0.098311752,3.98397851,0.092891522,1.18358469,7.125500679,11.51403236
1135,2.231057882,7.892899036,0.135502711,0.823471725,1.054107785,5.322725296,0.323547512,3.746494055,6.2576828,1.469524503,9.134360313,3.015938997,7.551651001,8.476750374,4.633262157,2.369279385,0.52355808,11.0873661,3.184726238,7.541733265,-0.006108799,4.546915531,0.285266876,1.721536279,7.048739433,11.69036007
1137,2.571723461,9.384378433,0.132191315,1.107028008,1.341328979,5.926120281,0.278991759,4.670937061,6.985439301,1.700361609,10.90167904,4.037391186,8.812983513,9.629040718,4.753514767,2.767642021,0.671624422,12.96686363,3.319382668,8.400052071,0.040573247,5.052165031,0.621118546,2.854671955,7.043784618,11.99276257
1139,3.212986231,11.18935394,0.212150082,1.313735604,1.771522999,6.50430727,-0.073590562,5.877050877,8.016654968,2.285041809,13.27112293,5.60916996,10.81681252,10.70895863,5.11916399,3.289982319,0.952745199,15.45783329,3.773333311,9.604832649,0.179917723,5.979800224,1.123963594,4.313477516,6.964631081,12.46141243
1141,4.144221306,13.83740807,0.303387493,1.434530735,2.299395561,7.446414948,-0.0862277,7.466592789,9.89276886,3.004561186,16.57121658,7.001491547,13.27836514,11.93668365,5.244013786,3.793602705,0.994635284,19.20882607,4.065682888,11.34354782,0.244961396,7.241784096,1.910876155,6.02319479,7.101629257,13.2089901
1143,5.399027824,17.12057877,0.274212241,1.682015181,3.065971136,8.588598251,0.050900824,9.383535385,12.5992136,4.122226238,20.74003601,8.918465614,16.7480545,14.27758598,4.304540157,4.239196301,1.005109668,23.31190109,4.57013464,13.71423817,0.544807553,8.689797401,2.748409271,8.474391937,7.150327682,14.43116379
1145,6.79218626,20.70449448,0.330096304,1.789483786,4.538547039,9.821188927,0.650367081,11.62481689,16.56752586,5.888086319,25.97091103,12.22181892,20.69605637,17.27139664,3.078632832,4.468326092,0.533300936,27.57054329,5.344974518,16.65605736,1.156332135,10.42874336,3.874723434,11.21812248,6.938890457,16.29165649
1147,8.769273758,25.03090286,0.381405622,1.812358737,6.59754324,10.918396,1.700786948,13.8765316,21.30570602,8.578252792,30.85235786,15.14876747,24.81536674,20.96477127,1.142634273,4.296309948,0.265523106,33.92173004,5.449625492,21.72186661,1.705865622,12.6516161,5.250112057,13.33071423,6.976809502,19.1850071
1149,10.86495781,28.81910324,0.265539974,1.724096894,8.993743896,11.63826656,2.943994045,14.49068832,26.30068398,11.48906803,34.25102234,17.12043953,28.33990097,26.25159454,1.97537148,3.746417761,0.804783404,40.06790924,5.112828255,29.31701088,2.461074591,14.95543003,6.873441219,14.90274334,7.00215435,23.20271683
1151,12.26637173,31.14522934,0.177108884,1.5012151,11.61973763,11.91155243,4.354368687,12.61191845,30.00908661,13.90654469,35.16335297,19.78421402,30.36872101,31.58103943,5.683946609,3.350833178,1.308763146,42.93746567,4.584630489,36.13938141,2.858765125,17.28576279,7.899996281,15.73544121,6.895413399,27.17765808
1153,13.21726227,32.02516174,0.100802511,1.294279695,13.85154247,11.86715889,5.499610424,9.759511948,32.19075012,15.77548599,34.98139954,20.76034355,32.31255722,35.99789047,7.990873337,3.19696331,1.998972297,45.44432068,4.059841156,39.61608505,3.256229639,18.57458878,8.521195412,15.57267284,6.906405926,29.73080254
1155,13.60233498,32.22689438,0.186983943,1.092250586,15.20694256,11.50470448,5.909556866,7.534147263,33.17454147,16.78494835,34.34555435,19.8331337,33.13215256,38.91007996,7.047584057,3.675905943,2.922628641,46.92325211,4.017655849,41.22302246,3.306392431,19.62414932,8.67871666,15.03903103,6.888156891,30.83594513
1157,13.40016365,32.69475174,0.152924582,1.017352819,15.94226551,11.21627331,6.083358765,6.599047184,33.35300446,17.02475548,33.76396179,18.9741993,33.7347641,40.34533691,6.35868454,3.789857388,4.470621109,46.73371506,4.251476765,41.63846207,3.422682285,20.42804527,8.49670887,14.43399143,6.898743629,30.84593964
1159,13.34599018,32.92710114,0.115650132,1.086755514,16.3224678,11.08413315,6.311624527,6.358464241,33.15092468,16.98839378,33.59936142,18.46847153,34.97685623,40.05315399,5.726901531,3.672364473,6.263614655,46.48945999,4.314173222,40.7215004,3.185498476,20.37496185,8.50256443,13.91609764,6.937909603,29.84026718
1161,13.53574276,33.55892944,0.027498059,1.057565212,16.20532036,10.81614971,6.301901817,5.900929451,32.87801743,17.01830101,33.98496628,18.18348694,35.4744339,38.69550705,3.562136889,4.90485239,7.253746033,47.6413269,4.263908386,38.78891373,2.912754059,19.6707077,8.559260368,12.97364712,6.853280544,28.38822746
1163,13.11172199,33.98644638,0.082780235,1.137956858,16.07388878,10.81554794,5.946315289,5.641985416,32.17628098,16.98103905,34.61869431,16.31619453,35.79190063,36.88487625,2.433258772,5.245561123,8.409214973,47.89218903,4.499791622,36.35423279,2.646457672,20.07943153,8.228701591,11.80336666,6.770803452,26.73551559
1165,12.19894981,34.2858429,0.18592912,1.305146694,15.5889473,10.94890213,5.339653492,5.85964489,31.3034668,16.73185349,35.07487869,15.21527481,35.95856476,34.3494072,2.228117228,6.397919655,9.36378479,47.89454651,4.998382568,33.56770325,2.358126402,20.35926247,8.032306671,11.02623653,6.882612228,24.90133858
1167,11.99796867,34.16080093,0.177366033,1.550382137,14.86415863,10.96887302,4.463344097,6.073199272,30.32374763,16.1663723,36.09880066,15.31334305,35.98208618,32.2535553,1.589246631,7.283346653,9.689243317,47.76642227,5.3687253,29.57744026,1.893976092,18.79102516,8.058711052,10.20654583,6.999544144,22.87811279
1169,11.69592476,33.87817764,0.174524546,1.831512332,14.12289143,11.09535503,3.488895416,6.029765129,29.12772179,15.53174877,36.63175201,15.5512886,35.16096497,29.48269844,2.817182302,8.213945389,10.04820251,46.65530014,6.193353653,25.93876648,1.606593132,17.66607094,7.728413105,10.07034206,6.874365807,20.97248077
1171,10.62201309,33.3587265,0.085500486,2.017859936,13.08724213,11.31066513,2.798437119,5.772823334,27.34712982,14.45798779,35.88011169,14.92870712,33.91921997,26.78651237,3.929542065,9.186131477,10.45659256,44.13043594,7.361316681,23.85699463,1.237200618,17.38875771,7.509996891,10.02178574,6.959797859,19.17905807
1173,9.851055145,32.24206161,0.15021418,2.200123549,11.82480812,11.29566002,2.108335495,5.522034645,25.46641541,13.41991711,34.01381302,14.23671246,32.63311005,25.10177422,5.544103146,9.505085945,9.120697021,40.90302277,7.906466961,22.65980911,0.926792204,16.57674408,7.286880493,8.824607849,7.074782372,17.41031647
1175,8.951339722,30.76179123,0.180772632,2.286372423,10.68406296,11.04810715,1.118122339,6.162793159,23.29055023,12.16693878,31.91941643,13.27087879,30.60762405,23.1376667,7.484879494,9.832849503,6.640283108,37.82902908,7.708326817,21.25465775,0.837519526,14.99818516,6.761190414,7.844513893,6.955088615,15.59301186
1177,7.98174572,29.01878548,0.195657745,2.222955465,9.483811378,10.7296629,0.271239638,6.699280739,21.1943779,10.81962967,29.78626442,12.28349495,28.00696182,21.2471199,8.465310097,9.799489021,5.83161974,35.97549057,7.69305563,19.76647568,0.555833936,13.99770832,6.206361294,7.237008572,6.954017639,14.05757999
1179,7.405679703,27.07368088,0.11031881,2.324963808,8.060456276,10.16082096,0.024823528,6.98374033,19.11115837,9.692433357,27.66464424,12.10768795,26.28222656,19.02519608,9.840385437,9.219769478,4.855112076,33.65668869,7.637222767,18.61692429,0.310521871,12.62362194,5.758600235,5.873380184,6.974460602,12.80647659
1181,6.79129076,25.63697052,0.049089767,2.314821243,7.198981762,10.00229168,0.440833449,7.127678871,17.25469589,8.793306351,25.78634453,11.33291245,24.57825089,17.25712776,10.76798058,8.996157646,4.035628796,31.34531403,7.50653553,17.72271347,0.072964996,11.38347054,5.299694061,4.936722755,6.918886662,11.94675541
1183,6.230091572,24.43426323,-0.034799203,2.339443684,6.810482502,9.651704788,0.811762452,7.18977499,16.31330299,8.104475021,24.54723358,11.25157642,23.444664,16.62765694,11.70528793,8.437062263,3.678789139,30.15976715,7.417849064,17.03207779,-0.024147311,10.8726759,4.905744553,4.514936447,6.98249054,11.33678341
1185,5.928945065,23.8185997,-0.057639103,2.391905546,6.523483753,9.416758537,0.828713894,7.166700363,15.72978497,7.863117695,24.09517288,11.5376091,22.67801857,16.2093544,12.63480186,7.991664886,3.38996768,29.01144218,7.503613949,16.78673744,-0.135486811,10.71214199,4.586105347,4.273785114,7.03252697,11.03296947
1187,5.706373692,23.86556053,-0.006475926,2.355255604,6.405240059,9.565169334,0.745261371,7.201785564,15.0448904,7.731658459,24.36698723,10.97539043,22.80337524,16.01888657,13.36423302,7.78232336,3.284002542,28.6462059,7.673897266,17.0007,-0.068945616,10.27301598,4.670167446,4.070612431,6.979757309,10.94894505
1189,5.874970436,24.26121712,0.028179664,2.307254314,6.460714817,9.81363678,0.616718769,7.093239307,15.0464077,8.027224541,25.21184158,11.2532835,23.66700172,16.14077759,14.02463436,7.21393919,3.419028759,28.88035583,7.824573517,17.16816902,0.124347895,10.4958477,4.89786911,4.194042206,7.015065193,11.00816154
1191,6.377583981,25.28822327,0.166857913,2.113066673,6.693781853,10.07180786,0.476433516,7.562468052,15.71595669,8.638309479,26.15281296,11.80046844,24.3302784,16.4673214,15.28486538,7.216998577,3.883890867,30.07696533,7.996043205,17.5856266,0.26632604,10.64661217,5.010241508,4.793036461,6.992774963,11.1841011
1193,7.042243958,26.26720238,0.121168099,2.097098827,6.881392002,10.24674511,0.195265144,8.183473587,16.61717987,9.128559113,27.09469604,11.78723335,25.46655655,17.10473061,15.92039776,7.272611618,4.38329792,31.8985939,8.616641045,18.66388321,0.018820524,10.72515774,5.501430511,4.314300537,7.004538536,11.44888878
1195,7.60786438,27.41249084,-0.101892382,2.14343214,7.21963501,10.25910568,0.064230509,8.581548691,17.75364876,9.311024666,28.55223274,12.85681629,27.55024529,18.1566925,16.31332207,7.6474576,4.921896935,33.58366013,8.985579491,19.37562943,-0.090615809,11.21175289,5.829269886,4.102696419,7.071741104,11.86733341
1197,8.274177551,28.74795914,-0.109289914,1.977931142,8.032723427,10.54117107,0.184191063,8.315970421,19.0081749,10.03898335,30.59939766,14.62262344,29.55676842,19.57619476,17.66948318,7.325080395,5.754784107,36.0308075,9.578386307,19.63485336,-0.00333686,11.2802248,5.85325861,4.450643539,7.091001034,12.42543125
1199,8.495943069,30.32069969,0.012142967,2.076689482,8.451858521,10.73861313,0.355210125,8.019399643,20.65824318,11.47863865,32.51859665,15.81054783,31.63384056,20.89878845,18.89421082,7.027307987,7.170565605,39.76711273,10.69275093,20.30378342,0.292351395,11.56854725,6.151084423,4.837620258,7.001437187,13.20214939
1201,9.003806114,31.84694862,0.187336102,2.021201372,9.410437584,10.88063812,-0.155830398,7.500378609,22.05350685,12.18102264,34.78096008,16.42065048,33.72873306,22.60809708,19.53852654,7.387412548,9.126764297,42.30750275,11.81822109,21.66756058,0.246397957,12.55300236,6.544322491,4.11590004,6.92290163,14.26806355
1203,9.662153244,33.29177856,0.027447663,1.667075634,10.52502346,10.28676605,0.139067158,6.617684364,23.49270439,13.47663975,36.58544159,18.01713371,35.81267548,24.45849609,20.24932289,6.607491493,10.67136955,44.78228378,12.63689041,22.96173668,0.176574066,13.04071426,6.388535023,3.009092569,6.797256947,15.42487621
1205,10.64249134,35.11981964,-0.204223946,1.534324527,11.49909115,9.917920113,0.872363448,5.048750877,25.01839447,14.84447956,37.35434723,18.44617653,37.78104401,26.63679886,22.80233192,6.459932804,12.58943653,48.26211929,13.66325188,23.4974308,0.655339539,13.7685318,6.516717434,3.123152733,6.723161697,16.42793655
1207,11.26168251,35.96354294,-0.083888039,1.196925044,12.02496815,9.644381523,1.53902328,3.718221426,26.12805557,15.18143749,38.16702652,19.41893578,39.32806015,29.09141541,24.27121353,7.036434174,14.50247097,50.44110107,14.44544697,23.66265678,0.094042458,14.76234531,6.877198696,2.460911512,6.626296997,17.19956589
1209,11.6540966,36.0810051,0.176541284,0.987521052,12.60976124,9.462910652,1.725016832,3.629718065,26.77655029,16.17377472,38.74030685,20.716362,41.01094818,31.36575127,25.58270645,7.034938335,15.19350338,52.36641693,14.93090534,24.02280235,0.616500497,15.18004227,7.455636501,1.793452263,6.430353642,17.70771027
1211,11.70166969,36.09899139,0.004709625,0.837987065,13.05925846,9.495993614,1.57363081,4.425889015,27.2106514,16.95418167,39.4564209,20.92053413,41.31609726,33.05286789,27.08293724,6.705910683,16.60979271,53.79112625,15.27806568,23.43632698,0.650109708,15.33115673,7.560344696,2.301009417,6.349592209,17.63691711
1213,11.09357357,38.59648895,0.042779848,0.561719537,12.77109337,7.336763859,1.413905025,4.872867584,26.38160896,17.33727264,38.90599442,24.30965042,40.59183121,33.6809845,26.43460846,6.236142635,13.57615185,52.67008972,13.7455349,24.10521698,0.448555827,16.16493988,8.667506218,1.65235436,6.142767906,15.86032867
1215,10.54910851,40.83264542,0.076866411,0.314360648,12.5130806,5.403475761,1.270892859,5.27307415,25.63931847,17.68027496,38.41315842,27.34412766,39.94335175,34.24337769,25.85412025,5.815531254,10.85995102,51.66635513,12.37336826,24.70411301,0.268092543,16.91147804,9.658815384,1.071574569,5.957584381,14.26964188
1217,10.05878353,42.84644318,0.107563466,0.091598541,12.28072453,3.662428617,1.142101526,5.633485317,24.97084045,17.98917198,37.96933365,30.07686424,39.35935974,34.7498436,25.33135414,5.436744213,8.413843155,50.76242828,11.13764572,25.24345779,0.105574086,17.58378029,10.55154991,0.548546076,5.790816307,12.83712959
1219,10.27465439,42.75667953,0.078023955,0.043690383,12.59623814,4.060403347,1.328505516,5.851999283,25.14516258,18.21743393,38.02732849,30.80217361,39.56469345,34.87460709,25.33712769,5.828549385,9.52003479,49.45652771,10.87400818,25.91792297,0.116992526,18.05142593,10.33584976,0.050367408,5.70591116,12.60109806
1221,10.56313515,42.71787643,0.00835975,0.122115739,12.51137638,4.033330917,1.029155135,5.672159672,25.17616844,18.15843201,38.22189331,31.26465034,39.51238251,34.8937149,25.22758675,6.207643986,9.731841087,49.56017685,11.47385788,25.93239975,0.098421469,17.57704353,9.917619705,-0.022763306,5.514624119,12.30640316
1223,10.41537666,42.45310593,-0.05904907,0.074241921,12.7592001,3.889997482,1.050993085,5.759710789,24.77475739,17.91455841,38.204216,29.64486504,39.6084671,35.24113083,24.32113838,6.322903156,10.35763168,50.57645035,10.65020657,25.64354897,-0.026928162,17.30016518,9.333424568,0.221548498,5.189401627,11.94240952
1225,10.00366211,41.82725906,-0.04853715,0.157575354,12.85219765,4.146481514,1.092179894,5.48652935,24.75537491,17.8845787,37.89711761,28.6249218,39.45106888,35.44093704,23.00956917,6.256753922,10.81277752,49.95084,10.18237972,24.79883003,-0.160152823,18.05733871,9.226216316,0.433466971,4.92002058,11.49448967
1227,9.672766685,41.37349701,0.113099165,0.18414174,12.55937576,3.823052168,1.166097641,5.267062664,24.80351257,17.652071,37.61420822,28.30732536,39.19295883,35.25495148,22.57333183,6.209083557,11.15345097,49.70145035,10.05958939,23.75110245,-0.056802645,17.66194153,9.286042213,0.729640841,4.59283638,11.08848763
1229,9.643268585,41.2057991,0.209153473,0.209152848,12.82861423,3.786686659,1.071797729,4.99125433,24.82292747,16.97766876,37.47613144,27.92136383,39.58043671,35.02144241,21.69501114,6.29014349,11.30985737,50.12485504,10.00588989,23.32150078,0.182726935,17.64706612,9.141405106,0.800943255,4.180942535,10.63705063
1231,9.741121292,40.90150833,0.271996856,0.164104566,12.63533878,3.707382679,1.145742536,4.703994274,24.67536163,16.45935249,37.28049469,28.19907761,38.82696152,34.54998016,21.65650749,6.728757381,11.07621574,50.26112747,10.00594997,22.96193123,0.257117271,17.82261276,9.122786522,0.099742591,3.969853163,10.04733467
1233,9.439272881,40.79579544,0.147061065,0.364091754,12.9384203,4.107558727,0.867814302,4.199077129,24.42177773,16.26178551,36.98984909,28.20594978,38.49134445,33.92661667,20.98762894,6.126771927,11.25598812,48.83128357,9.518145561,23.06211281,0.366244256,16.94233704,9.010152817,0.262832344,3.781788826,9.42024231
1235,9.551665306,40.61452484,0.039803326,0.466355711,13.35408115,4.563764572,0.672429383,3.939093351,23.76196289,16.42181778,36.56215668,28.67018127,38.56964111,33.13389587,20.34205055,6.859601974,11.3575325,48.06282425,9.367601395,22.5614624,0.250153244,16.82442665,8.83119297,0.658579588,3.447454453,8.76673317
1237,9.129310608,40.63584518,0.091759473,0.553098679,13.52642059,5.071679592,0.457263499,3.741277456,23.41456795,16.1842804,36.63918686,28.21981239,38.45560074,32.47357178,19.96569824,7.539775848,10.38841534,48.02864838,9.392059326,22.16993713,0.013876637,16.99305534,8.677205086,0.385901392,3.139725208,8.137228012
1239,8.715949059,40.35266113,0.088640012,0.653119743,12.96241474,5.175393105,0.777809799,3.366649866,23.17109489,15.53984451,36.45382309,26.49245071,37.72993088,32.35573578,18.47943306,7.380314827,9.780905724,47.12932205,9.041862488,21.53970337,0.394177794,16.8602562,8.38869381,0.49625957,2.919063091,7.491868973
1241,8.387382507,39.81817245,-0.02213485,0.65863663,12.99580288,5.252144337,0.443407536,3.240544796,22.94897652,15.16738319,36.47991562,25.76987076,37.1072197,31.29951668,17.80470276,7.653500557,9.423372269,46.37712479,8.940321922,20.9468441,0.000222842,16.19881248,8.228455544,0.61482054,2.707049847,6.884560108
1243,8.057778358,39.21985245,0.053247008,0.851876557,12.81270313,5.489425182,0.116299935,2.96942687,22.32701492,15.10329914,36.15441895,25.33363152,36.39350128,30.24176598,17.23506165,7.943146706,8.721856117,45.16606903,8.745382309,20.97913361,-0.054392282,15.82263279,8.051827431,0.422831327,2.527658939,6.301253796
1245,7.645780563,38.34263992,0.149276912,1.13670671,12.74162674,5.602111816,0.270392835,2.730399609,22.0286541,14.70077896,36.04504395,24.19490051,35.51145172,29.16689873,16.17708397,8.132867813,8.056938171,44.0550766,8.327800751,20.81944466,0.034902345,15.53516006,8.012620926,0.90606463,2.360533237,5.794819355
1247,6.949838638,37.16913986,-0.01737934,1.122860312,12.90420437,5.759973526,0.412770659,2.901414633,21.19878197,14.11418629,35.31872177,22.73826218,34.29789352,28.06049347,15.95233631,8.445458412,7.625965118,43.33621597,7.960524559,20.26667404,0.051169176,15.33621979,8.211971283,1.092577934,2.237871647,5.271234512
1249,6.721771717,35.96160126,-0.103474289,1.221809149,12.49265671,6.079746246,0.340351433,3.309393644,20.13399506,13.61074448,34.23643112,21.85878181,32.92498779,26.48869705,15.17461967,8.493878365,7.020965099,41.72229767,7.292989254,19.86454201,0.160738304,15.05919456,8.0322752,1.083728909,2.066387177,4.776498318
1251,6.195421696,34.87723541,-0.139779359,1.403503656,11.91559505,6.104223251,0.147846982,3.811784267,19.45974159,12.90252495,33.28077316,21.04417038,31.27829552,25.40537834,14.64442253,8.909235954,6.370976925,40.67061234,6.499882221,19.33849335,-0.160489023,14.50173187,7.565659523,1.433583379,1.817869663,4.28643322
1253,5.90599966,33.58522034,-0.086756736,1.430655599,11.2112484,6.415019989,0.090985507,3.759361506,18.71909142,12.22485256,31.78239632,19.21037102,29.32489777,23.85476303,13.40623474,9.275801659,5.248865604,38.84583664,5.783435822,18.43423843,0.016254658,13.92772198,7.575690269,1.701403618,1.61920476,3.774398327
1255,5.551209927,32.06005096,-0.038265798,1.530943871,10.70396805,6.688065529,-0.111577533,4.023483753,17.4777813,10.99549675,29.89964104,17.53697777,27.2440033,22.0864315,12.04332447,9.421131134,4.652024269,36.67645645,5.411238194,16.96914864,0.071601152,13.2189312,7.325984001,1.46559,1.516982555,3.280738115
1257,5.082377911,29.82036972,0.049789123,1.728145242,9.653617859,6.535019398,0.109964982,3.964327574,16.06537437,9.715724945,27.68331718,16.0766201,24.74544907,19.89401627,11.9588213,9.511611938,3.931514263,34.00046158,5.101588249,15.53552246,-0.061588868,11.89116764,6.535428524,0.772689939,1.489498854,2.782604456
1259,4.506176472,27.27283287,0.112508565,1.765864849,8.473136902,6.495148659,0.186875373,3.632807255,14.11260414,8.682793617,24.70027542,13.76963234,21.61042213,17.9122715,11.5695467,8.958432198,3.032633781,29.99133682,4.827077389,14.33389664,-0.02934449,10.89526749,5.977064133,0.05549781,1.42255187,2.225223541
1261,3.55309701,23.97254181,0.126790866,1.771861315,7.083123684,6.383446217,0.374047428,3.404427528,11.71138573,7.035750866,20.40291023,11.18138409,17.83672142,15.28307724,10.36671257,8.56243515,2.318888426,25.40638542,4.077372074,12.67545891,-0.044139203,9.146542549,5.192563534,0.059954602,1.352113724,1.766386747
1263,2.50783968,20.18552589,-0.005894072,1.719702125,5.802711964,5.890857697,0.466520488,3.010724068,9.419875145,5.334136486,16.2393856,9.754228592,14.39445305,12.46672344,9.497178078,7.731530666,1.506713152,20.51840973,3.158675671,10.81904984,-0.076702364,7.766045094,4.114099503,0.139020711,1.290417314,1.412071705
1265,1.810078979,16.78915977,-0.038882185,1.502555251,4.394346237,5.1726861,0.351891011,2.561595917,7.580750465,4.021370888,13.06512165,7.99617672,11.74185753,10.32468891,8.295024872,6.876936913,1.103954792,16.3404007,2.844942093,9.258703232,0.180788949,6.586199284,3.178978205,0.735606134,1.233290315,1.16893959
1267,1.494564176,14.02189827,0.007243489,1.248974681,3.244767427,4.325401783,0.322347581,2.238398552,6.398962975,3.213248968,10.86845684,6.350097179,9.668688774,8.548174858,7.031981468,5.653404713,1.190192342,13.08789253,2.64467001,7.893307686,0.176674634,5.649624348,2.711347818,0.967347383,1.180251718,0.9709782
1269,1.193501234,12.01183224,0.002652823,0.984014452,2.673913002,3.609999657,0.485669047,1.700111866,5.340843678,2.803000689,9.08319664,5.281610966,7.921936512,7.340073586,6.081316471,4.817847729,0.806599796,10.93268394,2.333021641,6.992922306,-0.042545147,4.837004662,2.395480156,0.665495098,1.087540627,0.837327659
1271,0.888790846,10.10307789,-0.044470139,0.738138199,2.146743536,3.185503244,0.421128273,1.409720063,4.380804062,2.509914637,7.724434853,4.396258831,6.866500854,6.317578316,5.526925564,4.091023445,0.71796447,9.117952347,2.28372407,6.269180775,-0.03175126,4.405260086,2.099755287,0.669835567,1.019474983,0.777149498
1273,0.661305308,8.667700768,0.012437502,0.721603811,1.617730737,3.10622716,0.228445798,1.270692825,3.611330032,2.197668552,6.466569901,3.608435392,5.861569881,5.65604353,5.208629131,3.343486309,0.597647905,7.54384613,1.932358384,5.420126438,-0.004599683,3.93376255,1.837655067,0.825998247,1.001164317,0.741887271
1275,0.545045793,7.673357487,0.10181877,0.664379358,1.485660076,2.913463831,0.095735013,1.358757734,3.060153008,1.781620145,5.340024948,3.306977272,4.8240242,5.153460026,4.87267828,2.954154253,0.465864778,6.61233902,1.782117844,4.871851444,0.03643667,3.483309031,1.552032471,0.747164428,0.965919375,0.666970074
1277,0.543786526,6.612068176,0.072803147,0.461854279,1.334102035,2.778228045,0.116114616,1.319057703,2.593208075,1.472825408,4.917880058,3.01076293,4.40997982,5.018963814,4.389352798,2.889490604,0.370607316,5.906486511,1.45601356,4.474671841,0.227261811,3.048681259,1.357833982,0.907582581,0.921923041,0.647808731
1279,0.598436117,5.879761219,-0.024976427,0.408642501,0.978330493,2.641962767,0.099447854,1.353190303,2.483889341,1.256558895,4.67996788,2.456012249,4.086555958,4.916809082,4.0902915,2.409314156,0.29140076,5.323810577,1.330861807,3.976860285,0.049180802,2.774692774,1.177665949,0.754742384,0.944705844,0.655371964
1281,0.604848206,5.592986584,0.040388688,0.435049295,0.797763586,2.401128531,0.19767502,1.217378736,2.596026659,1.479993582,4.37447834,2.591271162,3.912714481,4.439045906,3.7248137,2.260636568,0.1341732,5.07312727,1.247124434,3.676300049,-0.001600645,2.631877899,0.836648405,0.739928901,0.939557552,0.629639208
1283,0.55499953,5.263193607,0.04214235,0.328928232,0.829433978,2.365115166,0.31631887,1.180793762,2.524453163,1.632273793,4.198865891,2.75506568,3.886551857,4.147576332,3.634431601,2.212140083,0.272069335,4.903499126,1.336816311,3.489331245,-0.037727106,2.682609081,0.787647128,0.57488066,0.935030222,0.599600852
1285,0.415749013,4.949948788,-0.01702836,0.238472059,0.689696908,2.403548479,0.279427081,1.044642448,2.577477932,1.570001602,4.002416134,2.590613842,3.764692545,4.078752995,3.655342579,2.063799858,0.450015903,4.669239998,1.405966043,3.483590364,0.00528963,2.471313477,0.839649081,0.760750055,0.904907107,0.54878068
1287,0.440515012,4.73674202,0.028853947,0.229553849,0.66975683,2.526334763,0.179377735,1.002288103,2.513439894,1.555701733,3.850614786,2.189948559,3.565951347,4.034427643,3.400158167,2.053946972,0.328245401,4.540811539,1.442754984,3.250616312,-0.107105002,2.262304783,0.82793957,0.79184258,0.850786805,0.535352707
1289,0.391971648,4.694180489,0.046694309,0.316405714,0.69709754,2.524934053,0.032132342,0.721747577,2.370895863,1.24911499,3.588158607,2.283272743,3.325450897,3.886780262,2.956195593,1.811923027,0.194471985,4.363032341,1.511796713,3.217026472,-0.109308325,2.30913496,0.837035179,0.700550079,0.804458857,0.530132711
1291,0.316655934,4.513496399,0.042636327,0.271258861,0.679405093,2.250296354,0.078790158,0.905394673,2.287356138,1.179032207,3.50605607,2.314066172,3.272395372,3.632371902,2.890521765,1.840375781,0.241660848,4.180510998,1.564963818,3.342140436,-0.060604226,2.228412867,0.774867117,0.705696762,0.782308877,0.524758935
1293,0.170196742,4.456374168,0.057572313,0.356550336,0.693683863,2.320993423,0.136948302,1.138696432,2.188907385,1.348536134,3.542791367,2.177068233,2.974957943,3.537194014,2.887358904,1.965487361,0.073321514,4.170977592,1.304023266,3.387753725,-0.060530949,2.290652275,0.777196646,0.666576803,0.791017652,0.537377179
1295,0.311124384,4.428473949,0.062547199,0.309902161,0.700773835,2.238121271,0.374107301,1.32836163,2.255491734,1.176435471,3.688325882,2.0460217,3.143362522,3.563049555,2.922596455,1.818659186,0.10050644,4.147974491,1.290070772,3.477047443,-0.119798154,2.363173246,0.667455018,0.770745218,0.791338801,0.549554825
1297,0.472213328,4.322746277,0.010939854,0.273819357,0.576323748,2.141548634,0.233132362,1.252974987,2.33029604,1.259699345,3.501299143,1.873783946,3.244055986,3.414445877,2.883585215,1.762067795,-0.005836905,4.101452827,1.418550014,3.364437342,-0.010233209,2.331552505,0.74038887,0.631959677,0.785820425,0.568216681
1299,0.524270654,4.197793484,0.030042047,0.278497994,0.515674651,2.307442427,0.09518639,1.137649179,2.306696177,0.986337006,3.256648779,1.870862484,3.061753511,3.299961805,2.773740768,1.65972054,0.016532414,3.95155549,1.336397767,3.399189949,0.078381307,2.149417162,0.820857108,0.47255218,0.755744696,0.595499396
1301,0.320187122,3.85871172,0.060697839,0.271770775,0.498722851,2.259868622,0.072285295,0.995725691,2.169671059,0.898564041,3.040892839,1.639921665,2.754310846,3.359310865,2.400381565,1.504947424,0.015336836,3.850895643,1.18602109,3.088030815,-0.056882888,1.89837265,0.740429103,0.692218542,0.698115587,0.622008204
1303,0.09581805,3.387570858,0.023809258,0.309129626,0.531373262,2.040429831,-0.040677477,0.979131341,2.003456593,0.942418277,2.754387617,1.324239731,2.434640169,3.270484924,2.08907938,1.314273238,0.003799204,3.389777184,1.085352182,2.691486835,-0.063254446,1.610756159,0.584390938,0.768217802,0.671104252,0.603786945
1305,0.134293839,2.888777256,0.056432214,0.295711219,0.399196982,1.798312783,-0.09595824,0.79942745,1.73567307,0.886008561,2.510343075,1.196651578,2.124341249,2.938378811,2.072353363,1.136177301,0.024881676,2.851219177,1.089287043,2.567036629,-0.084830552,1.493184686,0.412097037,0.694247127,0.662826598,0.574161172
1307,0.137155816,2.295760393,0.054007404,0.22467567,0.400431901,1.752142668,0.003529143,0.607798994,1.607391834,0.754175246,2.239408255,1.008597732,1.973971367,2.753660202,1.979243994,0.923386753,0.092596121,2.445247412,0.942906559,2.368289471,-0.072827615,1.304038763,0.24052839,0.569428921,0.674764276,0.573823631
1309,0.219525069,1.857058406,-0.019785948,0.146299496,0.233210862,1.60832715,0.013907778,0.659260392,1.49021709,0.736211121,1.917515516,0.789819419,1.611955166,2.535230398,1.586269021,0.868663311,0.079827808,1.817636847,0.906281292,2.141557217,0.099526443,1.01267767,0.10099607,0.644129395,0.671777368,0.59053117
1311,0.125125408,1.496793866,-0.050371945,0.070945725,0.08443141,1.484533548,0.057114948,0.632930219,1.297572851,0.54841274,1.567023396,0.502689123,1.171077847,2.410890579,1.2028687,0.560178459,-0.114642173,1.572167873,0.640522301,2.005791664,0.07908009,0.852993071,-0.008684896,0.572465062,0.662163675,0.567005575
1313,0.085451975,1.267005801,-0.029050622,0.036882803,0.159685344,1.24154973,0.095384091,0.62458235,1.137880802,0.484142035,1.38132906,0.372002453,0.828862786,2.166487217,1.04062283,0.486831516,0.023390116,1.417403221,0.403544158,1.787857056,-0.009042253,0.712030172,0.00059716,0.583744645,0.697992802,0.547667503
1315,-0.051929642,1.195835233,0.030804925,0.061660677,0.095113039,1.279457092,0.090211801,0.502034426,1.118392348,0.508289754,1.118114829,0.219085634,0.818769813,1.919224262,0.686441422,0.386594951,-0.077310763,1.48972106,0.376787305,1.587833047,0.042710926,0.62660712,0.043349598,0.608246803,0.721411824,0.53199023
1317,-0.105269335,1.023269176,0.003801568,0.08080975,0.035247941,1.235352159,0.008582962,0.34871909,1.026029348,0.526967585,0.916176975,0.074850939,0.773337841,1.895566344,0.612370014,0.423226297,0.084063329,1.568014503,0.50119698,1.37411797,0.103021517,0.550705671,0.087885141,0.722479641,0.688859165,0.555016994
1319,-0.041559536,0.739445746,-0.021036563,0.027726991,0.095585503,1.380013227,-0.030921636,0.213474736,0.971938372,0.495465726,1.048492312,0.200175732,0.755206704,1.762275934,0.589781046,0.540305972,0.081974633,1.503728986,0.586793065,1.272194862,0.074163236,0.352668673,-0.037183251,0.83975929,0.706147075,0.591408908
1321,-0.01785294,0.666955173,-0.050608091,0.063002102,0.052184504,1.35784018,-0.110570647,0.162500218,0.89516592,0.570929885,1.174861312,0.204980806,0.61953485,1.739891768,0.50070852,0.509475768,0.063344315,1.427370787,0.482355565,1.429577231,-0.063730471,0.318735957,0.081558168,0.697841763,0.737756848,0.623253822
1323,0.050253093,0.618636489,-0.043306336,0.012075475,-0.015484685,1.155785441,-0.19178991,0.288870603,0.820005059,0.455130935,1.2223593,0.196818218,0.54919225,1.667441487,0.579841852,0.426942497,-0.039818604,1.281320453,0.416109204,1.353968263,-0.072378948,0.374344856,0.148315191,0.572586894,0.708188891,0.647931814
1325,-0.031628348,0.469462097,-0.056994967,0.064456671,-0.079661682,1.063774943,-0.043046348,0.30725497,0.854466558,0.259646684,1.292443514,0.076016858,0.572215676,1.57581532,0.560631275,0.33909896,-0.011542613,1.135456085,0.355532229,1.2255404,-0.047170851,0.332088321,0.127588555,0.638558626,0.730044007,0.674320161
1327,-0.096495345,0.325558037,-0.08277078,0.093420744,0.01206684,1.224053264,0.014003973,0.342051476,0.960329354,0.245223016,1.263762951,0.029433917,0.534400463,1.47228837,0.510899186,0.258130521,-0.03942766,1.191759706,0.407830328,1.174512625,-0.002391355,0.545853138,0.081990764,0.800090671,0.764492512,0.706475437
1329,-0.01605737,0.356157273,-0.034349155,0.096610114,0.125395492,1.175036073,-0.019642152,0.432979017,1.013279915,0.198313296,1.241764426,0.016366752,0.439803243,1.515879512,0.632653415,0.256093204,-0.054508891,1.195772767,0.567351639,1.378480554,0.002356807,0.537725925,0.081619196,0.884955764,0.780356407,0.793728352
1331,0.036166839,0.393274635,-0.034669086,0.046619572,0.140121073,1.23983562,-0.099499285,0.425747126,0.833722651,0.349393219,1.134481311,0.023266973,0.399736434,1.682794809,0.673970819,0.403594404,-0.034986142,1.30109632,0.649665236,1.316729307,0.021213356,0.379775763,0.128906831,1.052901149,0.789652467,0.864326835
1333,0.068861194,0.324299872,-0.029195912,0.013264449,0.011231582,1.216031194,0.06210338,0.599723458,0.821819723,0.439504921,1.110985518,0.063860103,0.453782856,1.766982079,0.700190067,0.355646223,-0.067809731,1.357198238,0.53623414,1.286037326,-0.101420686,0.307289422,0.29561621,1.307879925,0.83240664,0.918854713
1335,-0.000627711,0.428830534,-0.062825821,-0.021927409,0.024341259,1.230039358,0.060896486,0.545226455,0.892640054,0.476423144,1.108268976,0.059823491,0.309252709,1.816713691,0.597413778,0.309098929,0.014873123,1.393161058,0.423564434,1.307768345,-0.054310251,0.268977851,0.292553544,1.187351108,0.875226498,0.979857802
1337,0.043111879,0.514422536,-0.069026694,0.062639944,0.016187189,1.233188748,-0.094306491,0.408196598,0.964150608,0.387542486,1.28119576,0.026109718,0.428419322,1.859614372,0.427752167,0.234483689,0.047071122,1.262420893,0.433295459,1.316359997,0.004661588,0.243545339,0.273519099,1.07727015,0.867708921,1.02965951
1339,0.033714611,0.378245533,-0.028741309,0.088266291,-0.052131973,1.243038654,-0.07329262,0.459333241,0.939469159,0.405355632,1.296806812,0.024164457,0.626319408,1.903735518,0.336711645,0.287183881,0.101635791,1.153727889,0.363433689,1.095124841,-0.046301451,0.326310843,0.345612198,1.100234151,0.945624113,1.118143678
1341,0.071301296,0.321128666,-0.003255118,0.055621419,-0.090924129,1.406425357,0.071775034,0.452910542,1.145218611,0.4652749,1.283731461,0.016214479,0.666535795,2.102404594,0.512620926,0.288654625,0.113371737,1.170218468,0.542157233,1.064401388,0.026983662,0.259623438,0.386391729,1.055190563,1.059473753,1.310327768
1343,-0.022791699,0.323802501,-0.00325409,0.069915734,0.02245437,1.622191072,0.114760116,0.476613075,1.323600292,0.489995837,1.233827114,0.032655343,0.638194382,2.132295132,0.491368771,0.297570765,0.027474115,1.30194056,0.677735388,1.319482803,-0.025406756,0.224078536,0.261967003,1.245828748,1.107235909,1.508491874
1345,-0.033755004,0.287440568,-0.098773435,0.023461111,-0.038364973,1.833470106,0.01790135,0.520847857,1.415731311,0.484922886,1.351423025,-0.04285695,0.679835677,2.177000046,0.45450452,0.31504643,0.06035687,1.398456335,0.693492174,1.321546316,-0.058301069,0.242319793,0.402641863,1.430107594,1.172082901,1.692953229
1347,-0.003506993,0.208503187,-0.03811923,0.024190199,-0.036401566,1.995141029,0.105104737,0.542394876,1.400074601,0.416652501,1.4837569,0.052063826,0.748898327,2.308833361,0.583608568,0.266153157,0.079269253,1.40022707,0.779966235,1.397901416,0.061273225,0.239411905,0.319024056,1.45170629,1.287345409,1.8847363
1349,-0.041590806,0.184812501,-0.040498033,0.095165141,-0.008342326,2.155727386,0.042926714,0.559977829,1.513062,0.534727156,1.444589853,0.070990935,0.752000034,2.52575779,0.643564045,0.400049418,0.107158601,1.479501724,0.826527297,1.486993194,0.119936496,0.290283591,0.354402602,1.620643616,1.385826111,2.051084042
1351,0.024870483,0.128545851,-0.025583364,0.075790428,-0.023756534,2.043511868,0.033394516,0.560229957,1.602884412,0.606757164,1.391025066,0.000649828,0.759989262,2.526021004,0.624767959,0.360537797,0.092892289,1.600367069,0.932301342,1.607475758,0.035168745,0.364104033,0.32354334,1.592637897,1.461078644,2.220641613
1353,0.001229346,0.108882517,-0.050542466,0.081349805,0.020821724,2.174404383,0.106077567,0.507396221,1.591824889,0.565633953,1.488556981,0.049244124,0.720113218,2.591465712,0.600640178,0.210295498,0.068827048,1.783302426,0.852574289,1.645485282,0.085161194,0.348079979,0.235647455,1.610028863,1.497518778,2.309442759
1355,0.091782607,0.237673149,-0.062168505,0.075845152,-0.039356172,2.24828577,0.146124393,0.510848343,1.634465933,0.551039338,1.639131904,-0.026072949,0.732878685,2.695084333,0.692636728,0.141656503,0.124350086,1.880213976,0.973021686,1.628150105,0.025679993,0.285312623,0.243277997,1.697838306,1.485229492,2.338715792
1357,0.094933815,0.193413585,-0.063433275,0.049660552,-0.03328225,2.323150873,0.10197109,0.5456146,1.66661334,0.636141896,1.53722918,-0.104179263,0.847350895,2.608772278,0.48099184,0.122369736,0.227164254,1.793170691,1.070341945,1.406550288,-0.098148204,0.206642106,0.392733604,1.704341888,1.466006756,2.323094845
1359,0.057000816,0.072174378,-0.04900369,0.033223085,-0.069639876,2.322439432,0.028824059,0.503410161,1.596974254,0.489667624,1.456663251,-0.030292943,0.774035037,2.404560328,0.390380085,0.114125945,0.193536043,1.696231127,0.917403221,1.245929241,-0.072767824,0.148336247,0.408099204,1.586402297,1.437583923,2.235172272
1361,0.067949884,-0.085019231,0.011231749,0.004036417,-0.094580986,1.989790082,0.058492258,0.620137691,1.508790493,0.273846626,1.543717623,0.00124417,0.664970398,2.28585577,0.442361951,0.071777828,0.088024735,1.581206441,0.686002672,1.152350664,-0.029531393,0.280328542,0.264006466,1.519997239,1.325058341,2.0188272
1363,0.058948558,0.043511316,0.047020573,-0.030486764,0.067696244,1.951238394,0.075297058,0.662315726,1.442282677,0.32306993,1.538749814,0.03507166,0.646962106,2.152956009,0.521497309,0.167095467,0.176610976,1.624674797,0.750066102,1.305994272,0.002824026,0.211716309,0.283896208,1.319483876,1.256121874,1.791599393
1365,0.116614334,0.111854985,-0.006908017,0.042516973,0.044080194,1.993111849,0.162762716,0.515381098,1.488569736,0.311902046,1.376471162,0.022710361,0.690890312,2.024069548,0.423117578,0.129097983,0.204386443,1.632599115,0.913308382,1.341304421,0.086040661,0.192910507,0.234859765,1.299632549,1.194128752,1.675590634
1367,0.208880395,0.112734556,-0.067672923,0.097932056,-0.083088003,1.989602923,0.034222409,0.381155491,1.448067546,0.273887455,1.260228753,-0.107922778,0.675333083,2.110156536,0.498455286,0.245959505,0.283563226,1.506118298,0.905606151,1.422874808,0.037568524,0.205410793,0.167818978,1.382317305,1.083045244,1.532858729
1369,0.012285656,0.099501856,-0.010398062,0.022107922,-0.059819292,1.934369683,-0.027557643,0.505058408,1.33492887,0.28233707,1.182510853,-0.064562097,0.721658885,2.184022427,0.480152309,0.218965575,0.139938444,1.321348071,0.782742977,1.494863391,0.109942533,0.257818878,0.342365146,1.289998174,1.026307106,1.386172056
1371,-0.021543477,-0.02398243,-0.059654865,-0.031004669,-0.061137002,1.758933902,-0.006508776,0.636797845,1.438988209,0.347971976,1.123076558,-0.085331909,0.64306128,2.10662508,0.434710383,0.296434253,0.03985139,1.091444731,0.845258117,1.574386358,0.086585008,0.378291547,0.432650596,1.207430601,1.022616029,1.293199658
1373,-0.164090559,-0.10287571,-0.065263748,0.047499534,0.020435769,1.650313258,0.137062982,0.614837527,1.510511875,0.441358089,1.191012502,-0.208518684,0.705749273,1.869009972,0.397728354,0.331964523,0.049504135,1.269683123,0.818448901,1.570547223,-0.078011565,0.271068215,0.359051347,1.095452309,0.994203746,1.252115011
1375,-0.072502859,-0.003587403,-0.012816432,0.05849139,-0.010565974,1.653832555,0.110920504,0.617763698,1.548833728,0.550714016,1.174947739,-0.112207547,0.692816615,2.060524464,0.398675859,0.182018161,0.103092313,1.560553432,0.790113091,1.574399829,-0.089183114,0.176544845,0.337296128,1.216501594,0.96243459,1.309889674
1377,0.113614708,0.189170256,-0.012068862,0.021250036,-0.082604505,1.695567489,0.013137549,0.536391556,1.61929512,0.505692959,1.235990405,-0.052398618,0.557111561,2.171081543,0.327976465,0.088345788,-0.017055618,1.446994662,0.677981138,1.396078587,0.057115123,0.25087148,0.292147785,1.178260088,0.962546766,1.371972084
1379,0.112776592,0.135760978,-0.013587018,0.059532195,-0.045884773,1.858684063,-0.082649536,0.503197074,1.609772921,0.375397325,1.131502748,-0.067023739,0.536297083,2.26445055,0.481978476,0.155984432,0.139430195,1.488413215,0.696280003,1.504858017,0.058073133,0.242262691,0.221992895,1.189248443,0.973775387,1.414036274
1381,0.023289824,0.054806735,-0.039618585,0.077226393,0.047555119,1.889867425,-0.076437771,0.516952991,1.374565363,0.232163012,1.19289875,-0.104730912,0.546838164,2.352907658,0.393261909,0.189592049,0.228893116,1.5380584,0.742488682,1.538276076,0.099228486,0.269743323,0.193532869,1.225916147,0.974038482,1.445827246
1383,0.106387079,0.122882888,-0.018815514,0.075949043,-0.014895009,1.818349957,-0.080846548,0.608307421,1.3248564,0.308016211,1.315526605,-0.087833963,0.548835576,2.336442471,0.455041766,0.193821266,0.223513499,1.445394754,0.711255431,1.485991478,0.00917349,0.271114051,0.180261195,1.218021154,0.928258181,1.452648044
1385,-0.012372411,0.202480331,-0.022891553,-0.024217643,0.087976806,1.74576664,0.050139286,0.605473042,1.332853794,0.279915243,1.261607766,0.105710641,0.489453793,2.120093346,0.463936448,0.083906315,0.12731728,1.340149522,0.695581913,1.431193113,-0.008715861,0.159877926,0.168773189,1.181469917,0.956891298,1.378915071
1387,-0.001459453,0.213119581,0.035076689,0.040246073,0.04952877,1.734576344,0.159480408,0.504260778,1.31513679,0.360297889,1.185202599,0.051946409,0.514060616,2.074948788,0.368255615,0.175041452,0.156080976,1.429603934,0.562180459,1.462749243,-0.092062391,0.145350024,0.194211572,0.987422526,0.96683681,1.253109694
1389,0.077804253,0.158495635,0.004498778,-0.064401068,-0.113710225,1.694912553,0.096250959,0.510154307,1.315061688,0.468327254,1.144901991,-0.112211123,0.710472822,2.095383406,0.374206424,0.228665441,0.156548992,1.644351006,0.725322485,1.570680022,-0.105795272,0.223418131,0.258459806,0.769145072,0.933701515,1.224759221
1391,0.001185974,0.214025989,-0.008995839,0.0310027,-0.128822386,1.738885045,0.099466853,0.531572878,1.246497869,0.434503347,1.151648402,-0.084712289,0.821721673,2.149898767,0.336467892,0.244995624,0.054487631,1.617186427,0.706308901,1.477729917,-0.077256829,0.1977797,0.195252419,0.82724154,0.902896166,1.184205294
1393,-0.211169243,0.132154629,-0.102394439,0.108587831,-0.176583901,1.670868993,0.22283414,0.503835678,1.294868708,0.294098765,0.992536604,0.017458363,0.652130842,2.174028873,0.341061205,0.244048446,0.160041884,1.729975581,0.489547223,1.618790984,-0.210882172,0.054233212,0.091018155,0.745841384,0.897557735,1.024004936
1395,-0.171832174,0.022845956,-0.044799425,0.178927839,-0.083640367,1.517333984,0.156620055,0.460589767,1.481300116,0.54777509,1.116937995,0.000976766,0.448806405,1.89563942,0.520978808,0.143053591,0.165092573,1.446335316,0.49542886,1.544289112,0.086790018,0.24965024,0.103563756,0.734678745,0.879464388,0.858924091
1397,-0.210872442,0.196187049,-0.003115347,0.059665836,0.007252004,1.474333882,0.03728465,0.346225202,1.52022934,0.444641471,1.317553639,0.001972759,0.474084765,1.689090133,0.525567949,0.189099878,0.042533077,1.186016917,0.466725051,1.280830622,-0.010717638,0.381985545,0.042788938,0.826424062,0.830459237,0.748786092
1399,-0.055149857,0.194763005,-0.05667688,0.024810486,-0.059593502,1.665646911,0.048441365,0.382338107,1.282879472,0.398114026,1.555283427,-0.07796111,0.388831049,1.936196566,0.407697618,0.254216641,-0.046829119,1.155107021,0.533901691,1.353050947,0.13308017,0.224972263,0.024343153,0.900783777,0.765649855,0.750273108
1401,-0.142597094,0.136149347,-0.00113211,0.003143616,-0.129907012,1.549705148,-0.162829235,0.519442201,1.052595615,0.305643588,1.426741362,-0.116093814,0.492449462,1.964729905,0.553550601,0.136314377,0.082576893,1.332747936,0.703956723,1.395347834,0.021109505,0.304022759,-0.065075167,0.875344753,0.778617918,0.758977532
1403,-0.102622062,0.086392216,-0.020488525,-0.032930773,0.010910241,1.447328448,-0.086066574,0.65322727,1.052693486,0.352429122,0.946789503,0.026649363,0.507375121,1.889716744,0.56357789,0.030842451,0.061174553,1.468844652,0.510798335,1.469125032,-0.015956711,0.315892488,-0.068134926,0.691150188,0.770903349,0.670888901
1405,-0.125698298,0.340855241,-0.056877963,0.030448819,0.033289313,1.567373872,-0.05997115,0.510118365,1.217555165,0.405669659,0.833416879,0.083057173,0.34024334,1.882329583,0.548720241,0.10288047,0.132178336,1.564046144,0.602253079,1.372143984,0.003303821,0.30550456,0.075626075,0.517977536,0.714533806,0.640201211
1407,-0.001238087,0.280055314,-0.055507373,0.073116697,0.1037644,1.505910277,0.022035135,0.430891514,1.236346126,0.412103146,0.839436054,0.204001144,0.411316752,1.76749754,0.4953053,0.119065531,0.137663975,1.495319486,0.728880167,1.363528371,0.030061457,0.316094667,-0.021857549,0.406448483,0.658941388,0.615886033
1409,0.357794493,0.295676351,-0.074249186,-0.026356431,0.074273922,1.359696269,-0.026284149,0.483491719,1.231538534,0.589950383,0.987036824,0.089607209,0.537101567,1.740229845,0.34268558,0.132465139,0.108971894,1.611935139,0.619288921,1.22017014,-0.079041883,0.295926899,0.083256908,0.532155752,0.669244528,0.571563244
1411,0.185424238,0.344128907,-0.045398694,-0.001796048,0.051939104,1.368769765,0.133421123,0.526887178,1.339542031,0.597835183,1.17507422,-0.020604962,0.649924219,1.842818737,0.606531143,0.103845678,0.089818478,1.412037015,0.78843689,1.02562654,0.014397856,0.234200776,0.135315761,0.619532347,0.697855949,0.556350768
1413,0.005952718,0.428275257,-0.036441501,0.054492582,-0.021700159,1.564588428,0.122048363,0.510816157,1.23930788,0.40148437,1.157069445,0.115163684,0.790786445,1.802931309,0.659627438,-0.08951427,0.15910548,1.232543349,0.736655116,1.046785116,-0.140413642,0.230548292,-0.032301903,0.77662462,0.634614468,0.527955353
1415,0.037062529,0.273140609,-0.091869555,0.028941371,-0.072617337,1.376263022,0.016436214,0.514986634,1.052642584,0.290485829,1.000300884,0.182536066,0.74339819,1.740647554,0.666566551,0.094268024,0.045966465,1.263378024,0.434876651,1.067715287,0.024214761,0.292808771,0.040328573,0.799286187,0.579106331,0.454981416
1417,0.261588335,0.360835403,-0.304492235,0.085831225,-0.27508989,1.262772441,0.051083699,0.489759862,1.056671143,0.285820842,0.899143696,0.12213134,0.358405113,1.515317321,0.692203164,0.236026958,0.009313735,1.356762171,0.165282533,0.998514235,0.02197485,0.377954245,0.235559478,0.307690591,0.552933216,0.359494328
1419,0.140219539,0.206983194,-0.176282853,0.160847545,-0.173586324,1.266189694,0.112671398,0.570651233,0.793561995,0.25015375,0.833782911,0.278056413,0.40273571,1.640003681,0.328398228,0.155548245,0.173893958,1.251295924,0.258965075,1.092344761,0.087335534,0.403536916,0.069585964,0.310231984,0.538739443,0.412996471
1421,0.023663823,0.138800994,-0.100951903,0.194639981,-0.133767322,1.350043654,0.054298297,0.433649391,1.071396112,0.370123863,0.921089172,-0.116783231,0.484724641,1.957236528,0.200635061,0.006516069,0.274783731,0.967219234,0.218343183,1.0357728,0.131048352,0.274051696,0.135882393,0.590785742,0.54537493,0.483112037
1423,0.077223495,0.108419664,-0.011887368,0.150539204,-0.164170578,1.183140516,0.100683831,0.347126186,1.281663895,0.22932826,0.874509811,-0.003867866,0.528368413,1.746657372,0.351955771,0.146566004,0.11304687,1.007771969,0.202372998,1.058479309,-0.044302683,0.244042948,0.064527474,0.750139356,0.547473788,0.452717185
1425,-0.021897793,0.360914677,-0.089066558,0.082480684,-0.070279934,1.331962824,0.118241429,0.422528654,0.870399177,0.368504018,1.029738426,-0.034275081,0.56751436,1.55959475,0.276105672,0.077457048,0.047147416,1.351671219,0.386270165,1.091241956,-0.097537316,0.338092297,-0.126481757,0.559355617,0.565269828,0.508060694
1427,0.107993238,0.36427325,-0.144475251,0.078236058,-0.06957268,1.267312765,0.261855304,0.487864614,0.985243499,0.202946484,0.921271622,-0.020900147,0.446634024,1.349400997,0.093490794,-0.107657447,-0.008613949,1.103305578,0.546445429,0.920568645,0.128354654,0.276138037,-0.168716267,0.716060102,0.568468451,0.459361345
1429,0.182548627,0.359166414,-0.196648672,0.150863558,-0.096714132,1.122906208,0.141350791,0.529806137,1.077709198,0.158989906,0.729242861,-0.191038877,0.335081428,1.43502903,0.22791411,-0.169732377,0.072901346,0.87384218,0.417885184,0.864603639,-0.107833579,0.364883542,0.143243089,0.446372718,0.60761106,0.351953626
1431,0.149659589,0.258491397,-0.199982405,0.172124937,-0.170730576,1.149507642,-0.054643787,0.235423088,1.014874578,0.169683665,0.793090463,-0.093659423,0.509889483,1.816755533,0.189203963,-0.029149799,0.124352194,0.806200564,0.390188247,1.404040456,-0.231003881,0.439751774,-0.035071671,0.384655178,0.494064182,0.318837821
1433,0.025386807,0.131878152,-0.102187842,0.070928738,-0.102054544,1.113850355,0.090631828,0.180436507,0.880277097,0.245877236,0.874252915,0.057475071,0.175500363,1.501640201,0.425447583,0.288343698,-0.035408609,1.137516975,0.145576611,1.265484333,0.013942389,0.097983032,-0.004863472,0.372349501,0.400111228,0.323579252
1435,-0.032470953,0.202798441,-0.060379419,0.058443606,-0.286357552,0.93687588,0.272893995,0.21261248,0.819832146,-0.116752267,0.861156583,0.169925824,0.200797781,0.943881452,0.373046577,0.303740829,-0.148578525,1.06681788,0.523120522,0.965316296,0.03389553,-0.06967289,0.269665301,0.507254303,0.377883762,0.24503313
1437,0.0985182,0.29162237,0.016062271,0.037769482,-0.11147467,0.866586447,0.02617133,0.232194915,0.7632761,-0.102708101,0.658557832,0.061156936,0.319210202,0.912142634,0.179366603,0.442008853,-0.137534142,1.09713769,0.589441061,1.161456943,-0.069653705,0.190913752,0.4414801,0.447676808,0.436781049,0.224960297
1439,0.101378858,0.066499233,0.064290762,-0.043211233,-0.053362686,0.86576736,-0.268237591,0.558949888,0.694843352,0.121141016,0.832341909,0.109949984,0.537652552,1.337555051,0.231250376,0.375929356,-0.109671958,1.074397683,0.332154989,1.167198181,-0.136416107,0.286127985,0.209813356,0.272116691,0.365377724,0.201703757
1441,-0.021051615,-0.103297353,-0.074592412,0.016070867,-0.199276492,1.140235186,-0.102402568,0.592015505,0.812363029,0.314113975,0.884460449,0.134301931,0.825631857,1.334225655,0.143153489,0.118042141,-0.311401039,1.332795858,0.512472034,1.015924573,-0.056007672,0.301362783,0.144483119,0.501294494,0.352333903,0.213231713
1443,-0.13268885,0.368326932,-0.12011344,-0.044283401,-0.121276833,1.316116691,0.060647294,0.578539073,0.756019294,-0.023046706,0.945163131,-0.085605584,0.79478389,1.546531439,-0.069636397,0.045290705,-0.117941462,1.363256454,0.412078708,0.823082268,-0.02567015,0.325272381,0.040524174,0.703959942,0.420486867,0.298861414
1445,0.037385076,0.684735417,-0.111172691,0.184033856,0.250702113,1.226673365,-0.041153323,0.70437479,0.744115949,-0.026655357,0.823503494,0.135164589,0.401789188,1.435704708,-0.166608348,0.336429149,-0.337954223,1.214505672,0.133332118,0.72664088,-0.045506231,0.284803003,0.235647351,0.536980569,0.435571611,0.290016919
1447,0.059914585,0.339518815,-0.106750555,0.0814109,0.203622192,1.086496711,-0.056355845,0.642063677,0.384207636,-0.109765716,0.712780178,0.165804207,0.350879252,1.157875657,0.170914561,0.421817124,-0.136494949,1.216522455,0.031495057,0.8078174,0.239713252,0.282303482,0.037220366,0.378742695,0.466943383,0.209348544
1449,0.102832615,0.441104025,-0.113532819,0.127727821,0.082807556,1.180829525,-0.103899412,0.545098662,0.498692393,0.026220787,0.733738899,0.107776031,0.391981184,1.175456643,0.008969074,0.387104303,-0.037620757,1.288864613,-0.035648983,0.987639427,0.14980951,0.298377037,0.072721504,0.30069986,0.436600924,0.27496174
1451,0.143922821,0.538362801,-0.120026223,0.172072172,-0.032861669,1.271144748,-0.149418101,0.452263296,0.608301342,0.156415746,0.753804922,0.05221916,0.431332588,1.192288876,-0.146079332,0.353869885,0.057042491,1.358125806,-0.099933431,1.159803033,0.063734658,0.313766062,0.106710695,0.225980803,0.407550663,0.337780535
1453,0.183299527,0.631565809,-0.126248851,0.214567289,-0.14370738,1.357693791,-0.193038642,0.36329934,0.713339508,0.281181484,0.773034215,-0.001020914,0.469043016,1.208419085,-0.294662058,0.322021395,0.147758216,1.424498677,-0.161537081,1.324787378,-0.018750738,0.328513354,0.139282495,0.154377624,0.379711926,0.397979707
1455,0.208805159,0.694736242,-0.237490624,0.175954625,-0.017110912,1.078956366,-0.266959816,0.158969417,0.833291233,0.433844119,1.058232784,0.106562071,0.276408464,1.229224801,0.16506438,0.09145467,-0.006054881,1.133333564,-0.366437882,1.078241706,-0.498097181,0.147759497,-0.062135268,0.549989343,0.362183273,0.261127442
1457,-0.24790445,0.210702032,-0.255102009,0.074925609,-0.420048565,0.281537741,-0.288359851,0.475067526,0.476074725,0.802506447,0.251117319,0.417856991,0.173400655,1.141994238,-0.793302238,0.353586257,0.199786156,0.314550877,-0.20751515,0.196771026,-0.349349618,0.022172514,0.167732477,0.223991171,0.491865486,0.139823496
1459,-0.47598514,-0.069519855,-0.355345577,-0.020909356,-0.236624628,0.545822799,-0.109367445,-0.077309772,0.406882882,0.625354588,0.548170328,0.638135135,0.027579855,1.344898462,-0.127382725,0.664112985,0.32253018,1.523917317,-0.513106465,0.471039385,0.114419423,0.514513373,0.216135874,-0.004979707,0.531929255,0.318398058
1461,-0.082042009,0.409369558,-0.108484417,-0.034980409,0.011090081,1.008264303,-0.200342432,0.32846269,0.638952494,0.243309066,0.635236323,0.146267503,0.142588437,1.00260663,0.438248068,0.492582798,0.323826402,1.266477108,-0.223960578,0.69237864,0.188555971,0.222044915,0.106819525,0.259970486,0.510923922,0.410072625
1463,-0.038934734,0.049800925,0.088159181,0.129543215,0.031507406,0.864518166,-0.217974246,0.272276223,0.426942855,-0.25252229,1.299973488,0.080046833,0.45669508,0.512490571,0.595962286,0.265704006,0.269610226,1.20547533,-0.004242774,0.530888438,-0.003709751,0.16297102,0.391745687,-0.095230915,0.506069303,0.390385985
1465,-0.019548465,-0.019046498,0.092400678,0.072638601,-0.036499936,0.646809101,-0.107300863,0.084627159,0.593736112,-0.309417188,1.315949798,0.490754932,0.116456039,0.112081654,0.189707637,0.039063901,-0.139997333,1.436937332,0.139880687,0.549560249,-0.052833933,0.160261884,0.297075897,-0.08641205,0.476284415,0.367080867
1467,0.11814218,0.09140256,-0.02202753,-0.065496907,0.020448253,0.597522497,0.083471984,0.270380855,0.878026187,-0.146898225,0.919682622,0.182797164,0.281965256,0.587548673,0.020150255,0.023748361,-0.124190249,1.45435667,0.16555059,0.581415653,-0.070945039,0.156163201,0.158471882,-0.170507446,0.388889074,0.345244884
1469,-0.148618102,0.203484699,0.0062404,-0.079080321,-0.334945947,0.702620864,-0.153442279,0.29624936,0.672010064,0.364873469,0.754309833,0.149336159,0.642011046,1.10296917,0.069579676,-0.015995584,0.106216475,1.396628857,-0.025164504,0.793998301,-0.033417758,0.128617451,0.118726678,0.349078447,0.349595845,0.320107669
1471,-0.319386899,-0.245776087,0.304550081,0.02003249,-0.385268956,0.654905617,-0.467606694,0.315139741,0.149534553,0.25769183,0.963296473,-0.493191659,0.036761053,1.118671179,-0.285660923,-0.230155572,0.213413015,0.845096648,-0.13775374,0.58938235,-0.034767758,-0.323191851,0.467609435,0.775578976,0.363372028,0.20297718
1473,-0.137609318,-0.196770251,0.140389815,0.018192537,-0.081296556,0.573965192,-0.140926331,0.328720868,0.477276891,0.092139818,1.26218164,-0.018259229,-0.220657676,0.573477209,-0.912928283,-0.287848413,-0.053568911,0.264451802,0.114860535,0.306778014,0.020524783,-0.165029913,0.169524521,0.635029614,0.401679933,0.152507782
1475,0.197145671,0.268098265,-0.030205669,0.032381818,-0.349023253,0.794009566,-0.18950583,0.442532331,0.145134956,-0.173195571,1.25776422,-0.611835122,-0.598863304,0.506880343,-0.300151736,-0.24392207,0.336591601,0.647441566,-0.133087486,0.404129773,0.031176906,-0.21116598,0.076494336,-0.108655356,0.451346368,0.163432851
1477,0.009243095,0.489945382,0.009027118,-0.125844762,0.216028228,0.450977892,-0.189272702,0.418600708,0.084351204,-0.21611473,0.994965672,-0.448193073,-0.146361932,0.434559852,-0.569184542,-0.25882405,0.544403613,0.873827517,0.202785492,0.173978209,0.052544728,-0.064445823,-0.125282094,-0.3307091,0.411807895,0.315559626
1479,-0.338283777,-0.104665302,-0.13529399,-0.052933816,0.245277956,0.53709507,-0.269058615,0.362733632,0.404243171,0.01840198,1.217788577,0.053725924,0.386537582,0.499229342,-0.34373498,-0.019070411,0.622653604,0.688607693,-0.081321143,0.470277309,0.121744215,0.117828488,0.133090004,0.143094867,0.393084943,0.347699612
1481,0.064323738,0.235220253,-0.130003944,-0.089117706,-0.261446536,0.554187775,-0.050971162,0.454891056,0.537553251,-0.134417608,1.338334322,0.28321296,0.121528022,0.406867683,-0.059722688,0.10196279,0.489051521,0.966844618,-0.181453347,0.417400271,0.088441588,-0.027106814,0.128438577,0.323762536,0.410574734,0.372748524
1483,0.058902632,0.381869555,0.031994145,-0.060517218,-0.282893717,0.386214256,-0.078394026,-0.070713744,0.700283051,-0.082159638,0.973632455,-0.096488424,0.215618044,0.299425393,-0.149255082,0.070215344,-0.006479762,0.927064717,-0.114430673,0.522188723,0.190845415,-0.203010306,0.06218832,0.113082707,0.42250675,0.33027792
1485,0.351656288,0.279658973,-0.129779741,0.173520252,0.05695653,0.166718543,0.076434404,-0.104169615,0.378264606,-0.299049735,0.736846328,0.150626943,0.342958748,0.133695021,-0.320637256,0.199256241,-0.389787644,0.758667409,-0.328259528,0.586909056,-0.106260419,-0.422748119,0.383034438,-0.23995626,0.346918017,0.2966187
1487,0.144694597,0.142382413,-0.245389983,0.224337205,0.041950386,-0.094763644,-0.378749996,0.158888802,0.158063218,-0.527672231,0.83750248,-0.193244815,0.264382541,0.418752581,-0.363562495,0.024037732,-0.040627442,0.577621102,-0.796065331,0.053391766,0.045258246,-0.396096706,0.12464495,-0.164408237,0.31717664,0.273191363
1489,-0.376848966,-0.051777545,-0.074027628,-0.006553886,0.061651163,0.693770349,-0.327053189,1.138356805,-0.149482429,-0.542875946,-0.011021185,-0.404309005,-0.025772238,0.330751598,-0.128646627,-0.225113064,0.069190226,0.403415233,-1.41378665,-0.368969202,-0.653097093,-0.312507093,-0.078725561,0.024455333,0.101953052,0.257378161
1491,-0.247827694,0.024311293,-0.229813874,0.057947733,-0.50194627,0.990724087,-0.494702518,0.529725671,0.072526112,-0.010087219,0.111683428,0.15691188,0.059383888,0.386950672,-0.533892751,-0.500450671,0.164609447,-0.158486947,-0.285890192,-0.061134718,-0.19410108,-0.190370023,0.233655527,-1.003317833,0.179658324,0.176326707
1493,-0.046052169,-0.063505411,-0.028815588,-0.326737344,-0.363504648,0.43336156,0.162968427,0.825100243,0.522301972,-0.155196249,1.047493696,-0.1541958,-0.476256371,0.227898717,-0.569649577,-0.187907502,0.198241502,-0.126393244,-0.180244043,0.263958365,-0.025174823,0.178513274,0.011173302,-0.354672253,0.289733142,0.197481275
1495,-0.02927128,-0.172727644,-0.111390255,-0.18322514,-0.299309909,0.05443396,0.348701715,1.07598269,0.468975991,-0.046998136,1.351578116,-0.014515614,-0.284651339,0.37332812,-1.013655543,-0.173505753,0.354607493,-0.02099709,0.099924244,0.229056388,-0.005559254,0.09872783,0.223798752,-0.102261573,0.112835474,0.086295843
1497,-0.07877963,-0.099467181,-0.507490635,0.230986878,-0.190124005,0.250394851,-0.178949013,0.824748278,0.762083173,-0.055027157,1.359927654,-0.162774205,-0.195685163,0.847322524,-0.431966066,-0.142807126,0.063448012,0.462464511,0.783139646,0.606366456,0.131428465,-0.341256171,0.11123725,-0.902656853,0.068220519,0.187168181
1499,-0.257060766,-0.054364957,-0.408451676,0.428132087,-0.131951123,0.4270913,-0.219788492,-0.138755068,0.402158171,0.235038668,0.73515296,-0.076766804,-0.646127522,1.017081618,0.095946364,-0.31307897,-0.223400444,0.357070684,-0.115877829,-0.084551752,0.275362819,-0.245089844,0.12509574,-0.198249683,0.315621495,0.169683546
1501,-0.149114832,-0.039847557,-0.148132175,0.493059903,-0.13847132,0.34327358,0.39964819,0.105133288,-0.155204982,0.123025909,0.461181402,-0.458343923,-0.630049944,1.186070919,0.158075586,-0.124362282,-0.297872156,0.452672273,-0.453568906,0.081233993,0.260790259,-0.202926889,0.051041696,-0.353845835,0.339036405,0.092614174
1503,-0.17263934,-0.407293171,0.103309639,0.248393863,-0.136655048,-0.120692827,0.543832839,0.459514022,-0.230024815,0.215993792,0.939460933,-0.518182814,-0.575452983,0.623705149,0.03728921,0.040351532,-0.158834815,0.147598848,-0.412084937,0.243252441,0.232344985,-0.219343022,-0.146392226,-0.366149634,0.306844771,0.094366834
1505,-0.584578097,-0.754676282,0.383241117,0.285599798,0.024590574,-0.738029897,-0.154841363,0.49111253,0.325404704,0.047365557,1.419270158,0.166851282,-0.411835164,-0.782346249,-1.17569828,-0.386878431,-0.235650957,0.093761265,-0.527501047,-0.015259633,0.275828958,-0.536788702,-0.385506719,-0.879899561,0.424188524,0.010241719
1507,0.275662065,-1.851894379,0.678655505,-0.102475934,-0.646429002,-0.366534323,0.000776505,-1.628061771,1.649729609,-0.195186391,2.502652168,-0.045139633,0.198738679,0.105602361,-2.011593342,-0.686317623,-0.515129745,-0.540472984,-0.383807123,0.109450445,0.764188766,-1.200011492,-0.193126693,-0.350693226,0.372197628,-0.226581976
1509,-0.107141025,-0.326051384,-0.073473327,-0.416808873,-0.251484275,-0.086529784,-0.116307206,0.701958179,0.994452178,-0.968882203,0.573836923,0.110054143,-0.541377544,-0.301064014,-0.42803064,-1.145491838,-0.370984733,0.09977372,-0.52707696,1.506890535,0.840124965,-0.626833558,-0.120483093,-0.470091552,0.365949243,-0.030312076
1511,-0.095025882,0.0962575,0.296116561,-0.268367141,-0.039323043,-0.175710961,0.632753313,0.259077579,-0.162041858,-0.565495253,0.773182929,0.147272363,0.393140465,0.63161099,-0.507429183,0.395850629,-0.329332918,0.078585424,-0.290406257,0.033175647,0.791861951,-0.094067454,0.300634533,-1.0269171,0.394864917,0.019711267
1513,-0.115643732,-0.556681335,0.355836421,-0.129165113,-0.017495193,0.221473575,0.190413371,0.108627997,1.102237105,0.015651084,0.723983765,-0.055220135,-0.298877478,1.301963329,-0.357545704,0.490060329,-0.174548253,-0.005713789,-0.06030716,-0.696144998,0.168117732,-0.285585463,0.052533876,-0.713214576,0.396559596,0.149446875
1515,-0.549050033,-0.19993934,0.032101199,0.52010107,0.212256894,0.26469478,-0.180993125,0.022089537,1.175300598,0.503535867,0.205017731,0.375603408,-0.258650184,1.363749862,-0.484052062,-0.697803676,-0.046919905,0.178187415,-0.362139821,-0.296176195,0.345393091,-0.536871493,0.310970753,-0.351799428,0.322883725,0.128032669
1517,-0.711886942,-0.406294942,-0.173030034,0.388605982,0.174167648,0.561738849,0.23332341,0.17341879,0.930759609,0.333240151,0.406644046,0.602126062,0.106312171,1.105834007,-0.478445262,0.346281826,-1.074765563,1.666449666,-0.520483255,0.840670347,0.248117954,-0.76263994,0.079549335,-0.566660821,0.4384166,0.225601822
1519,-0.356112778,-0.442659855,-0.109027267,0.516154289,-0.804970443,0.751896501,-0.454859793,-0.150206313,0.132082343,-0.289774567,0.567298651,0.95539844,-0.22181344,-0.052032612,-0.469749987,-0.099243946,1.08512485,1.676606655,-1.514275789,1.095961928,-0.290463239,0.14611356,0.522565544,0.349438846,0.416270435,0.283810019
1521,-0.691408694,-0.377542585,0.512364626,0.409485847,-0.445092499,0.446408838,-1.130703926,1.02114439,-0.893806994,-0.166390225,1.435283065,-1.330944538,0.803871632,0.271751463,-1.371591449,-0.624054253,0.68993032,-0.10777469,-1.41121757,-0.341040879,-0.685129881,0.710322142,0.834494054,0.31012401,0.500230968,0.218546122
1523,-0.21542944,-0.029113304,0.289558917,0.458500594,-0.428814709,0.213870943,-0.430243731,1.686149836,0.619228423,0.486240655,1.501044989,-0.461004674,0.313093811,1.094585419,-0.216278687,0.328122735,0.162731767,0.742211223,-0.536787689,0.497957379,-0.297384292,-0.183562234,0.624836445,0.003320948,0.627348185,0.186432987
1525,-0.653925776,-0.346875012,0.232301503,0.345258623,-0.137856081,0.534990668,-0.246360555,0.64836818,0.750935376,0.167746663,1.127834439,0.090825155,-0.107346892,0.871360362,0.214144468,0.366578221,0.22784397,0.556344092,-0.483784944,0.309800237,0.202171028,-0.473024637,-0.201608658,-0.078561537,0.438339114,0.042762984
1527,-0.406777382,-0.229759157,0.13550359,-0.057154913,-0.22835137,0.551358521,-0.393085808,0.04650756,0.751219749,-0.070996903,1.532360435,0.311437935,0.132347479,0.473710835,0.009511352,-0.051171113,0.136466771,0.42797938,-0.256553352,0.565746784,0.730705261,-0.107201479,-0.165892184,0.154390901,0.243012935,0.098316528
1529,-0.325194627,-0.053319186,-0.194216192,-0.039097339,0.095160797,0.635096729,-0.140808478,0.383441865,0.613057554,-0.077010542,1.556960821,0.384905219,0.272931486,0.746964872,0.18712528,0.093269162,0.26370731,0.810278296,-0.381376803,1.004609227,0.369013011,-0.227649122,-0.145775288,0.596692324,0.238473177,0.232455492
1531,-0.101017825,-0.2159933,-0.149622619,-0.054785229,-0.172471076,0.729735136,-0.207530811,0.340163648,0.576349616,-0.216221273,1.648005962,-0.103364132,0.404271603,0.959964812,0.004119092,-0.324556828,0.535423994,0.756683648,-0.027155275,0.742887616,-0.051455803,-0.27755186,0.144267693,1.114808917,0.3240695,0.171886131
1533,-0.044676386,-0.302851081,-0.237661198,0.179463416,-0.558366716,0.897875011,-0.133231506,0.425517321,0.705682039,0.008704471,2.073796749,-0.451049745,0.226939082,0.994982541,0.373071283,-0.189560965,0.137005627,1.750439525,-0.353716433,0.327879101,0.125063628,-0.270097136,0.055460937,0.596568942,0.414032489,0.123400956
1535,0.00367,0.145197019,-0.197660565,0.100021303,0.032665115,0.887374222,-0.042609904,0.609262407,0.875195742,0.744363606,1.784271955,-0.271354973,0.548352242,1.184666753,0.458445638,-0.128486916,-0.359562606,2.557685375,-0.494483888,0.782598853,0.030221757,0.031971592,0.270494431,0.168485641,0.499000281,0.349149764
1537,-0.335632235,0.404702157,-0.326838017,0.105970636,0.197274432,0.874625564,-0.245173976,0.615228891,0.647367001,0.628214777,1.064126968,-0.614549518,0.013179556,1.059498549,-0.235703617,-0.320783436,-0.133834675,2.09570837,-0.281038493,0.58029151,-0.033026911,0.023540108,0.358153939,-0.319202036,0.348908722,0.272708416
1539,0.216145337,0.0938254,-0.472277522,0.331363052,0.848875582,0.917460203,-1.27882123,0.339648187,0.88573736,0.323516399,0.09587691,-0.367121488,-0.708045244,1.515832067,0.374154538,-0.582026482,-0.003316894,1.050280213,-0.722116828,0.996439695,-0.730654716,-0.500803471,-0.218053266,-0.343997449,0.311979115,0.057205185
1541,0.065617815,0.630227327,-0.364480883,0.456033498,-0.486953318,1.389492989,-0.649682879,-0.254995793,0.124364458,-0.195631132,0.856618583,0.57682091,-0.263548464,1.630512238,0.592043757,-0.356387138,-0.020208064,0.744818628,-0.800229549,1.003357053,-0.308826655,-0.50015986,-0.080111593,-1.408725381,0.395026207,0.078108706
1543,-0.359734267,0.649046421,-0.014700321,0.226056412,-0.689751387,1.622270465,-0.269821227,0.344325125,0.434874296,0.129955143,0.861988246,0.721608996,0.235107943,0.519654453,-0.109103285,0.146544248,-0.241807938,1.241047382,0.834937513,0.693209589,0.085719079,-0.501911521,0.21933116,-1.021248341,0.477623343,0.187597886
1545,-0.716525614,0.372139126,-0.217567697,0.312395573,-0.339067549,1.709963799,-0.237303823,0.446293324,0.939357221,0.606116891,1.377290487,0.140314206,0.013124704,1.538725615,-0.057210062,0.265962481,-0.067070886,2.425261021,-0.021549307,0.682581544,0.161631659,0.06977462,0.577551305,-0.364963233,0.579680264,0.426311702
1547,-0.092189535,0.105459735,-0.197830781,-0.022365021,0.101311296,1.598241091,0.016110992,0.562071264,1.29188168,0.532169282,1.591298103,-0.090038888,0.319637239,1.813932657,0.409469962,0.093212098,0.385988891,2.664280653,0.14554812,0.932721198,0.165396273,0.314058602,0.470720053,-0.176997706,0.586983502,0.582832813
1549,-0.257611334,-0.173422873,-0.118361712,-0.052866358,-0.130855039,1.378496408,0.004912769,0.648118794,1.294805288,0.222614825,1.272829533,-0.217151493,0.272833437,1.82243669,1.003210664,0.33095175,-0.086138733,2.546205997,0.080576926,1.15859282,0.093799345,0.25175488,0.15366587,-0.218730569,0.659380198,0.624163866
1551,-0.229490086,0.123027444,-0.029582629,-0.07686428,-0.062086083,1.277783036,-0.232052177,0.838361979,1.207406163,0.35910812,1.419353724,-0.131603912,0.390243113,1.883291125,0.9604702,0.296528786,-0.21622175,2.413502455,0.239754304,1.678292871,0.219090968,0.238312766,-0.159278095,-0.073328033,0.641924977,0.719375134
1553,-0.270769894,0.001106039,-0.052712586,-0.065224886,-0.212016851,1.323061228,-0.263163954,0.887495279,0.86726743,0.527776062,1.69002521,-0.177626744,0.340851635,1.378002405,0.522829175,0.020666383,-0.228233173,1.768410921,0.229546696,1.571050525,-0.043681037,0.045980822,0.053963803,0.262966245,0.659779787,0.653414488
1555,-0.116553135,0.350247651,-0.097335696,0.123692662,-0.163816363,1.141109109,-0.049722284,0.638694286,1.131236076,0.619433463,1.531879663,0.227340668,0.766637504,1.377431393,-0.040181063,-0.008101471,-0.077146403,1.469402075,0.042779688,1.288502932,0.157149971,0.156072885,0.090828083,0.376794815,0.748808861,0.711157203
1557,-0.234273255,0.460088998,0.011158526,0.371335357,0.201734304,0.876213729,-0.220578134,0.614966154,0.885856569,0.588375568,1.348795891,0.155690789,-0.06530264,1.731396437,-1.057641268,-0.473948121,-0.170169562,0.91914171,-0.534690857,1.186337948,0.159015983,-0.54888469,-0.130078569,-0.120533168,0.711663008,0.585470498
1559,-0.379734457,-0.287422776,0.031752158,0.351137072,0.967218816,1.438837767,-0.290024042,-0.074456789,0.661329746,0.057976328,0.318541408,-0.055050541,0.468249679,2.130711317,-0.605349064,0.275823027,-0.444624364,1.578354001,-0.322216898,1.570483804,0.511345685,-1.26395607,0.00473788,-0.365774363,0.686515093,0.589670002
1561,-0.124042675,-0.133521706,-0.037770778,0.123149477,0.059883669,1.542122126,0.066152245,0.354279876,1.42011714,0.533921301,1.353337169,0.087795012,0.073148981,2.377253294,0.143497035,-0.175911799,0.231872529,2.064857721,0.375204325,1.879963279,0.087443911,-0.148141921,0.35478878,0.321313739,0.899971247,1.133875728
1563,-0.025403731,0.07394205,-0.06279362,-0.005618334,-0.236125469,1.6292454,-0.080834165,0.662323475,1.66388309,0.763711214,1.369732857,0.230245471,0.717758119,2.23557353,-0.002921295,-0.060709197,-0.178891033,2.129181147,0.530562758,1.762545943,-0.004296596,0.144655049,0.360439509,0.676793993,0.881974101,1.166177273
1565,-0.042695779,-0.067399248,-0.040733565,-0.072916597,-0.023074368,1.569203615,-0.018358923,0.669754744,1.592582703,0.619604111,1.543787956,0.257557869,0.77510798,2.392607212,0.213461384,-0.018581599,-0.136064336,2.374172926,0.682807803,1.6379987,-0.076858148,0.365461916,0.472694129,0.744629741,1.000885487,1.259123206
1567,-0.153376862,-0.059639644,-0.000896189,0.009293574,-0.023091421,1.65812993,0.012674164,0.472877413,1.293332934,0.690065086,1.596895218,0.219141603,0.653136075,2.51286602,0.554484367,-0.131426021,-0.041589282,2.387515068,0.80882585,1.460488558,-0.015072361,0.270792723,0.211394057,0.640787959,1.085786819,1.33152771
1569,-0.042050298,-0.143720999,-0.036277223,0.060313251,-0.210332006,1.981800079,-0.007433146,0.467395991,0.889415741,0.733764648,1.602620721,0.006869143,0.236514494,2.669221878,0.41529569,-0.126193732,0.03963653,2.275900841,0.71659863,1.307596207,0.028197616,0.173302099,0.344357103,0.404585898,1.256177902,1.48646462
1571,-0.178972647,-0.126824185,-0.009948829,0.070048645,-0.101151735,2.08499074,-0.099320456,0.669654131,1.628726602,0.710669518,1.873303652,-0.128015488,0.570593178,2.708996773,0.43977201,0.36170429,0.227199912,2.359988689,0.962528884,1.665356755,-0.108755909,0.364290267,0.425136298,0.675154567,1.380354643,1.740670085
1573,-0.197476849,0.086858846,0.008668645,0.075414389,0.053557094,2.065404177,0.061469745,0.920993268,2.063325644,0.612059057,1.662834167,0.075801134,0.504590094,2.889268637,0.219732165,0.396592647,0.190076455,2.538993597,1.064066291,1.865236402,-0.001855295,0.328297019,0.52183634,1.06673944,1.450241446,1.785242319
1575,-0.360101402,-0.000680703,0.140541658,0.058757864,-0.194776639,2.196893215,-0.012813097,1.139364362,2.203115463,0.154785141,1.597563267,0.245712638,0.396900624,2.605007648,-0.106821261,0.173220187,0.095698439,2.510720253,1.009430051,2.029750347,-0.028959356,0.204555869,0.253721088,1.060867667,1.590361595,1.708172441
1577,-0.065009438,-0.191307157,0.126376197,0.053971872,-0.014417157,2.261674881,0.222872898,1.019420147,1.964441419,0.41474703,1.72769618,0.093430839,0.868585229,3.355769157,0.255885124,0.113974266,0.375023335,2.940885067,1.371449709,2.283479691,-0.223732442,0.3688761,0.703597188,1.190680027,1.897855759,2.217048645
1579,0.080287673,-0.125780404,-0.08372172,0.113474853,-0.110452108,2.384682178,0.349301934,1.090102434,2.216389418,0.553432465,1.738965392,0.206482619,1.202669263,3.779806137,0.478976935,0.22409007,0.933607936,3.431972742,1.636432767,2.031863451,-0.056559023,0.516842723,0.829192758,1.368793845,1.931230307,2.86591959
1581,0.148729593,0.049673654,-0.139685601,0.108650096,-0.128666833,2.379540443,0.083757997,1.177235126,2.739020824,0.694509089,1.998216987,0.02560473,1.262268305,3.92667532,0.53769213,0.139494851,0.744290292,3.62911582,1.712798595,2.053489208,-0.06620694,0.544191599,0.941713452,1.497487783,1.992109656,3.330067396
1583,0.001861731,0.129815668,-0.086251125,0.039704584,-0.051755868,2.499565125,0.14719528,1.289164782,3.094795942,0.671049416,2.178232908,-0.000424212,1.350884199,4.172486782,0.660068095,0.195077404,0.769687533,3.499922037,1.73064065,2.386553288,0.023344994,0.580558956,1.012147427,1.674407721,2.091032505,3.487006187
1585,0.090092421,0.201884046,-0.114029512,0.079613298,-0.105061211,2.632694244,0.300690293,1.152808905,3.136706352,0.756136656,2.36875701,0.038346626,1.42620194,4.529792786,0.690208793,0.167388022,0.867506146,3.6579566,1.741207719,2.56319809,0.09886758,0.698616624,1.249186158,1.849174857,2.207099915,3.521374941
1587,0.036334183,0.163105637,-0.150470555,0.172533572,0.034250211,2.673624277,0.400209963,1.106826425,3.173983812,1.021391273,2.708025455,0.15619047,1.577710509,4.838079929,0.621205688,0.371351242,0.855070412,3.878417492,1.833892941,2.498705387,0.204684198,0.800244212,1.482501626,2.128327847,2.322498322,3.790066481
1589,-0.002992413,0.156472981,-0.073794998,0.201279104,0.056445677,2.684865952,0.342528611,1.169455171,3.306378365,1.027567863,2.758271456,0.13824214,1.563734055,5.06580925,0.742963076,0.536028326,0.974242151,4.067892075,2.207640886,2.604059458,-0.019714093,0.663158536,1.50384903,2.310069323,2.384162903,4.064106464
1591,0.005736394,0.047130451,0.011105253,0.112467796,0.012351636,2.88553381,0.24305743,1.589836836,3.348371267,0.915804327,2.750692844,0.058269359,1.531305075,5.281236649,0.972512126,0.462970555,0.768567145,4.23072052,2.248599052,2.617099524,-0.024857538,0.585116506,1.55821383,2.30368638,2.464185953,4.238359451
1593,-0.005617424,-0.13659811,0.052867875,0.020791823,0.101829983,2.79493618,0.19268705,1.572784543,3.488141775,0.790630758,2.666823149,0.064132199,1.561323404,5.260103226,1.165755749,0.451642483,0.56874156,4.351203918,2.109956503,2.479304075,0.066157132,0.602129459,1.569790363,2.213398695,2.491385937,4.314275265
1595,-0.17002967,-0.027034467,-0.025959743,0.018844429,0.119792886,2.919921875,0.262986988,1.569141269,3.570367813,1.000144958,2.64693737,0.082994007,1.66055131,5.302521706,0.990794837,0.380781144,0.805161297,4.423634529,2.184978247,2.557565928,0.02809556,0.530287564,1.495573878,2.147192955,2.566186428,4.397480965
1597,-0.056399196,-0.097080372,-0.09408211,0.099269398,-0.094829381,2.987740517,0.156795651,1.453033447,3.637811899,0.921068192,2.644796848,0.270224512,1.642608643,5.335933208,0.960579753,0.554142177,0.898143351,4.491931438,2.273725748,2.662093401,-0.004018849,0.665099442,1.418576241,2.239548922,2.587738991,4.505715847
1599,-0.022580847,-0.053325575,-0.084231988,0.149313837,-0.036569916,3.031732082,0.226986557,1.369844317,3.44314003,1.14876616,2.789056063,0.241846457,1.583836198,5.465069771,0.710785925,0.485130161,0.848870814,4.536771774,2.177543879,2.811419249,-0.048081435,0.637528419,1.350289345,2.267852068,2.495990276,4.530905247
1601,0.051293038,0.055341072,-0.047132209,0.099088527,0.037481755,2.987384319,0.251765102,1.478531957,3.386764288,1.126015544,2.783343792,0.212284103,1.631357193,5.465974808,0.741289556,0.381364733,0.93482542,4.682500839,2.144731998,2.737637758,-0.024735298,0.56765455,1.39213109,2.07201004,2.479706287,4.489169598
1603,0.016704876,0.099118762,-0.054956805,0.159419522,0.055395231,2.996380091,0.261090219,1.373630762,3.278578997,1.051151752,2.826981306,0.042296179,1.664944887,5.423904419,0.814063191,0.437624723,0.950086415,4.681817532,2.19299984,2.624022245,-0.041729979,0.518700719,1.487624764,1.973220348,2.509934664,4.481884956
1605,-0.085594848,0.061513975,-0.07747642,0.182764485,-0.047202062,3.195519209,0.26545307,1.224404216,3.470124483,0.993475676,2.735403299,0.047841839,1.574840188,5.421238422,0.992655575,0.421494424,0.871446073,4.324223042,2.040787935,2.61564517,-0.13059856,0.548106134,1.240124583,1.988383412,2.374872684,4.435761452
1607,0.012133373,0.061959673,-0.030322921,0.196052238,0.053245999,3.012957096,0.32592082,1.233745933,3.366935253,1.019500017,2.598511934,0.039828058,1.494930267,5.369374752,0.903010547,0.38678515,0.706478059,4.100262642,2.040032148,2.630742311,-0.10886842,0.653843284,1.144297481,1.904404283,2.342911243,4.334969521
1609,-0.045504671,0.090322301,0.030934757,0.201440349,0.048010528,2.932369709,0.263296604,1.29177165,3.229614019,1.081262589,2.551605463,0.27740106,1.644147992,5.452456474,0.914047122,0.444554448,0.688991666,4.083987713,2.093010902,2.534050465,-0.068361558,0.634288847,1.161162734,1.888444424,2.304765224,4.279289246
1611,-0.103780732,0.076746009,-0.001466995,0.198954433,-0.067294642,2.943769693,0.120164946,1.158256054,2.977407455,1.12919569,2.294303656,0.270432085,1.64434731,5.291680336,0.773318052,0.298484027,0.682513475,4.109048367,2.081909657,2.488579512,0.121498331,0.622288227,1.129544497,1.871409893,2.18940711,4.220916271
1613,-0.034280714,-0.001691539,-0.051945508,0.178362131,-0.126624048,2.898232222,0.157011539,1.167509198,3.046764374,1.162344456,2.257503033,0.088180341,1.581092596,4.986563683,0.639409184,0.399995834,0.838251591,4.048646927,1.841131687,2.558433533,0.087464951,0.531554461,0.966553807,1.613313913,2.150568008,4.106265068
1615,0.191757128,-0.183307156,-0.071398534,0.197139606,-0.098057151,2.884344578,0.01584005,1.212499738,2.870891571,0.959429741,2.177028894,-0.080409586,1.570001364,4.441517353,0.412716299,0.2371113,0.632157505,3.734517097,1.646573424,2.291358232,0.075290903,0.229909286,0.949897468,1.421522141,2.092836142,3.797677755
1617,0.158017933,0.053261749,0.119040363,0.200764045,-0.201279581,2.858520031,-0.045837704,1.03949821,2.880868673,1.025734067,2.184250832,-0.291310757,1.496842861,4.476013184,0.478955388,0.311308414,0.470686495,3.66006279,1.768270731,2.265313387,0.092231266,0.066436231,0.903694451,1.674296021,2.007170439,3.559123755
1619,0.083010592,0.008390075,-0.004087144,0.197162598,-0.101206578,2.644765377,0.210632771,0.90358007,2.911509037,0.936858356,2.208166361,-0.091857366,1.166968822,4.477611542,0.629686892,0.269375354,0.493861735,3.985002041,1.742896557,2.470344782,0.056937553,0.3448883,1.017919421,1.571680546,1.927673578,3.631774902
1621,0.050946593,0.05145216,0.0338687,0.116328992,-0.060095619,2.412911177,0.232945755,0.793873191,2.779072523,0.723174632,1.967205048,0.027989261,1.048571944,4.045444012,0.456529945,0.260003507,0.697209835,4.030949116,1.541789651,2.461932659,0.164409146,0.31095013,0.978628695,1.557185888,1.884577513,3.532254457
1623,-0.087919764,0.033525534,0.05364193,0.117151856,-0.045389034,2.532421112,0.230900839,0.882200599,2.639210463,0.628638029,2.105492353,-0.044594582,0.861323416,3.903112411,0.443355024,0.336528748,0.545344055,4.077334404,1.499118209,2.485036373,0.145384371,0.3673172,0.820700943,1.489371061,1.817227602,3.274993181
1625,0.091994844,0.076968923,-0.045866642,0.174266279,-0.037030783,2.431367159,0.154769883,1.122817636,2.651288986,0.846786201,2.215476513,0.08207719,1.118725538,3.90865159,0.735358179,0.379589885,0.659159184,3.826057911,1.486310124,2.41183567,0.08048337,0.294307858,0.673640847,1.442546844,1.712408543,3.187049389
1627,0.168724,0.098556586,-0.037566714,0.239348158,-0.016718443,2.296651125,0.192539319,1.025755167,2.573501825,0.925433636,2.037879467,0.015351353,1.029022098,3.815045834,0.929800987,0.367909551,0.628828883,3.772689581,1.563201547,2.503833294,0.021241706,0.060520545,0.516886175,1.454135537,1.684468746,3.067485809
1629,0.11588233,-0.061518908,-0.062818773,0.172590166,0.04240305,2.636730909,0.451247424,0.764583111,2.588628769,0.982275903,1.865875483,-0.070358023,1.229230046,3.919586897,0.91894412,0.52020669,0.502072871,3.650667906,1.77185607,2.467339277,0.062944874,0.19844088,0.645237446,1.285526514,1.618911505,3.043491364
1631,0.110637724,-0.048571058,-0.094502971,0.141490206,0.07223621,2.503728867,0.489936203,0.819911957,2.644908905,0.961338162,1.876243711,0.057112921,1.294536829,3.955088854,0.815504253,0.299828261,0.545454323,3.423044682,1.617946506,2.3891747,0.036472488,0.364071667,0.652477145,1.259925008,1.535548925,2.980937958
1633,-0.006332405,-0.060968839,-0.066930503,0.179661125,-0.029760221,2.08865428,0.386574239,0.770584285,2.419814348,0.880603671,1.740545034,0.028335283,1.131024599,3.934271574,0.594013751,0.19348672,0.524095535,3.155980825,1.30103898,2.309830904,-0.033500466,0.22929211,0.409985304,0.981860042,1.398534298,2.757011175
1635,0.087825581,0.071578354,-0.015039977,0.106182709,-0.2213002,2.192765474,0.069993608,0.616744757,2.02369833,0.584790349,1.721548438,0.128107801,1.000614047,3.910603285,0.358814657,0.12666209,0.123656601,2.882367849,1.415807128,2.477165699,0.009460119,-0.131575853,0.172256082,0.344427466,1.41539669,2.192205667
1637,-0.097097315,0.314480156,0.012241686,0.080628574,-0.206225574,2.205533981,0.113790885,0.89307642,1.919078708,0.797551453,1.99308598,0.184725925,0.946852863,3.88376379,0.565191209,0.087651365,0.221606135,3.075180531,1.551100016,2.63281703,0.115910187,0.026082713,0.323164999,0.657491446,1.323746085,1.893122315
1639,0.002425422,-0.089348659,-0.017182296,0.074968599,-0.195801899,2.036574841,0.173323631,0.961718857,2.101634502,1.118206263,2.142907381,0.064551957,0.980241656,3.657035828,0.687208295,-0.008794745,0.431913763,3.340780497,1.309275866,2.689055204,0.067750968,0.178020954,0.448381245,1.05872345,1.203207135,2.041434288
1641,0.183240339,-0.042052239,0.000772888,0.141810805,0.139860347,1.996210575,0.17739214,1.118246675,2.142619371,0.942961395,2.096932411,0.046510521,0.789305985,3.404105663,0.734848142,0.127832443,0.371979803,3.529815435,1.305446148,2.656754971,-0.012951773,0.23969835,0.364685714,1.126692295,1.137453556,2.154066324
1643,0.175895721,-0.036756217,-0.023179583,0.176982462,0.09862902,1.892574191,0.272137851,1.076542497,2.147803783,0.93014425,1.88241446,0.016717244,0.568490922,3.400686741,0.669467807,0.099695943,0.361056626,3.482247591,1.224878192,2.534323215,0.049362466,0.195335492,0.264762938,1.033867955,1.074429989,2.102024555
1645,0.067702644,0.003742734,-0.147841513,0.158132419,-0.009866571,1.523850441,0.237461895,0.939591467,2.188563585,1.119338393,1.444976807,-0.000750651,0.137865141,3.145438194,0.491136014,0.086342223,0.32573849,3.024317265,1.035115242,2.281111956,0.144799605,0.185460582,0.145776778,0.738619566,1.028967857,1.807945967
1647,0.025394471,-0.04766177,-0.155431911,0.112909161,0.102145247,1.737798929,-0.164885744,0.661289692,2.053411007,1.035204172,1.747546792,-0.142326146,-0.053421605,2.938565016,0.001773888,0.173138723,0.32568875,2.524606228,0.786635935,2.437601805,0.056968175,0.128401145,0.238320678,0.575504839,0.99540025,1.454035759
1649,-0.0951095,0.002120891,-0.04578235,-0.015583044,0.114777595,1.818944693,-0.00564552,0.591615319,1.922164202,1.07570076,1.736186862,-0.014451595,0.511900246,3.178627729,0.256349057,0.056021407,0.33711341,2.955970287,0.999717832,2.653325558,-0.03567851,0.146172777,0.13035357,0.747248411,0.868795991,1.469105005
1651,-0.251036733,0.068083405,-0.012158482,-0.079479381,0.05558417,1.517953277,0.132110447,0.355597079,1.168847919,0.972030342,1.28766489,-0.02395674,0.057186037,2.657021046,0.284458488,-0.011186386,0.098672271,2.961555958,0.982981443,2.344175339,-0.144904092,0.318895251,-0.016653493,0.726964951,0.763140619,1.302226543
1653,0.008831514,0.113204196,-0.116960712,-0.19417347,-0.363203496,1.478204608,0.182970762,0.775579333,1.223317504,0.457672983,1.511592984,-0.287701756,-0.079711214,2.270242691,0.217079133,0.263954729,0.033395674,2.908354282,0.456764132,2.414742708,-0.089926347,0.042319231,0.098924577,0.265241802,0.730531096,1.072067857
1655,0.017035961,0.141381204,-0.006773071,0.000648117,-0.15428862,1.720715284,0.195626155,0.833624125,1.795330286,0.89477402,1.65393734,-0.113796361,0.369985253,3.139482498,0.616540372,0.100909583,0.122079805,3.191155195,0.893123567,2.778262138,0.013423207,-0.101161435,0.233776033,0.427700698,0.776249766,1.229684234
1657,0.001936632,0.030735871,-0.015824068,0.17253834,-0.026995845,1.710411191,0.06216272,0.853987336,1.851648092,1.168138623,1.671905398,-0.039414939,0.536135852,3.090930939,0.702731431,0.144359007,0.283777773,3.243020535,1.246020436,2.626462221,0.056775838,0.149011761,0.337703794,0.696741045,0.770879507,1.236454487
1659,-0.024158744,-0.03499686,-0.048542693,0.146699235,-0.010507921,1.501456857,0.093774959,0.771071076,1.803078175,1.098436713,1.653726935,-0.00269161,0.50933212,2.932567358,0.736576915,0.170165062,0.189670607,3.098649979,1.296963334,2.457300663,-0.047868457,0.244389027,0.318472475,0.831669629,0.723468125,1.181942821
1661,-0.020653421,0.059614506,-0.117465071,0.125420988,-0.06955602,1.277151585,0.175559953,0.75659436,1.766735315,0.804435194,1.546990991,0.055095505,0.305845827,2.912140846,0.496446043,0.176932991,0.142178625,2.773400307,0.987725317,2.352795601,-0.022144141,0.150410071,0.131915078,0.665266693,0.716595173,1.067256927
1663,0.053383667,0.009190698,-0.065521561,0.026113369,-0.167269424,1.338216186,0.16655159,0.906268775,1.886865258,0.906161785,1.505601764,0.121950582,0.410243273,2.901892662,0.579267025,0.058871496,0.445109338,2.886022568,0.580569446,2.524119616,0.012868712,0.119414531,0.154622346,0.525003135,0.682476342,0.976218939
1665,0.110744134,-0.027461257,-0.021914434,0.059092235,-0.122640654,1.556822062,0.15760918,1.033373356,1.833929181,0.964753211,1.360177875,0.113310046,0.544196606,2.805146456,0.737349987,0.231621787,0.435491204,2.8513062,0.773844481,2.379519224,-0.046373539,0.156558007,0.213713855,0.503401279,0.633144498,0.96719873
1667,0.128455535,0.041427758,-0.036694739,0.068301581,-0.021608245,1.496768594,-0.032087814,1.003802896,1.744451284,0.920770705,1.127670527,0.02064457,0.566991389,2.40920186,0.566348612,0.106587462,0.140148133,2.557053089,0.676704526,2.094248772,0.061738309,0.268309563,0.151894584,0.476508141,0.592184663,0.863719583
1669,-0.02234803,0.07181637,0.043736324,-0.005240905,-0.03052506,1.264576554,-0.007020856,0.717362642,1.699674964,0.669379711,1.033646941,-0.279284388,0.53511256,2.262775421,0.480894923,-0.030651778,0.138181686,2.30334568,0.429321468,1.958446503,0.002618568,0.19513762,-0.054553278,0.26610148,0.564160943,0.701458454
1671,-0.077914409,0.057474852,0.020714566,0.072812364,-0.047103371,1.27182591,0.146665871,0.62067467,1.627087712,0.71189934,0.999629736,0.001739201,0.455562711,2.37961483,0.629668355,0.041629862,0.073263735,2.331671,0.805236995,2.298128843,0.121318176,0.041278232,0.014615005,0.260931253,0.589155972,0.694877148
1673,0.002903971,-0.130003095,-0.037466422,0.041711681,-0.114902548,1.252544999,0.119648077,0.719361365,1.502157927,0.608888388,1.012610674,0.081819326,0.171469375,2.065920591,0.333415806,0.094350599,-0.011774249,2.271226406,0.680092514,2.317421436,0.067012861,0.315948576,-0.01218389,0.113778353,0.592463493,0.701744974
1675,0.226750791,-0.122076847,-0.100432917,-0.05721806,-0.001801096,0.964601874,0.045333229,0.571539044,1.646630406,0.596190929,1.303293467,0.058332402,0.26271683,2.186776638,0.356830746,0.149242461,-0.076624453,2.148416519,0.600565553,2.165613413,-0.092769578,0.305040777,0.166131288,0.316776603,0.606203914,0.697090149
1677,0.218744695,-0.058330037,-0.068443894,0.078301787,-0.054698095,0.948710561,-0.034026965,0.511917055,1.569322348,0.703803957,1.262642741,0.035086252,0.461720347,2.304408073,0.619347513,0.095422305,0.138232723,2.116943598,0.736518681,2.092937946,-0.107395835,0.218614087,0.101325683,0.467075944,0.560242772,0.71462667
1679,0.151788652,-0.013135714,-0.088626541,0.13889499,-0.100196779,0.925330222,-0.058669753,0.580544412,1.332751513,0.517966032,1.040704727,0.060260423,0.563769817,2.31238842,0.58953917,0.145507887,0.242906377,1.94331336,0.608038962,1.766508818,-0.097864412,0.224533156,0.084658653,0.550607741,0.523811877,0.650015593
1681,0.071503036,0.137991861,0.083222315,0.012724316,0.033183739,0.840516448,-0.002629626,0.457152396,1.142846107,0.34597677,0.889856219,0.114817627,0.608379722,2.293377399,0.584683478,0.128573418,0.179911926,1.876635313,0.469106257,1.505635858,-0.172480851,0.232343331,0.112229213,0.548101425,0.50173074,0.563690186
1683,-0.240229309,0.241276041,0.069530338,-0.093696557,0.137939677,0.531971872,0.016192138,-0.011570925,0.783324182,0.268300861,0.468107641,0.259456366,0.159980685,1.970367432,0.028605174,0.252230614,-0.18564564,1.470105886,0.37041989,1.242681623,-0.364670455,0.002912049,0.246990979,0.263743192,0.423650742,0.372271985
1685,-0.10531076,-0.194624707,-0.059529886,0.098642327,-0.096436106,0.821061492,0.048960619,0.037421137,0.894500136,0.513214231,0.691916406,0.242014781,0.150765046,1.60354495,0.017810196,-0.057613526,-0.033230919,1.627198696,0.310408294,1.807500005,-0.038023874,-0.071953915,0.070009179,0.09881784,0.377664387,0.485788316
1687,-0.170110971,-0.061522339,-0.093490511,0.028427208,-0.11042694,1.106407404,0.074295774,0.325326651,0.953388333,0.509929955,0.59747839,0.288667381,0.381203234,1.621655464,0.202311441,-0.120964341,0.174916074,1.696852803,0.272026837,1.530029655,0.08572939,0.137509629,0.01054907,0.137376666,0.382771164,0.530644178
1689,-0.080190673,-0.137369245,-0.105401441,0.074795917,-0.169643164,1.110833168,-0.08718922,0.405888796,0.954582572,0.316399068,0.669803202,0.14130573,0.360308081,1.440756321,0.357957929,0.06539087,0.177589417,1.382389069,0.183145374,1.343205929,-0.043930933,0.154590696,0.02163586,-0.007868899,0.420059264,0.539757252
1691,0.092065766,0.008548568,-0.039636012,0.07148429,-0.18275395,0.856230915,-0.066019729,0.431843638,0.893130243,0.336802721,0.5947752,0.032546088,0.374768853,1.40243113,0.319875121,0.126295879,0.299520105,1.352345943,0.119915642,1.333037972,-0.091729805,0.134655952,0.024124831,0.000858202,0.439998657,0.52340579
1693,-0.05525016,0.056205332,0.023023224,0.126928315,-0.006085726,0.608440161,0.003230064,0.35402441,0.867934227,0.41014576,0.480888814,0.243942946,0.306445271,1.278881669,0.182241499,0.071460858,0.250452727,1.323675036,0.109635487,1.164397955,0.057844285,0.112765089,0.054677814,0.014154144,0.41669327,0.422543466
1695,-0.160008684,0.28653726,0.056723598,0.095664203,-0.039459027,0.404485047,0.030748686,0.279876351,0.813668847,0.426931202,0.528824329,0.136502594,0.215034872,1.222927809,0.110276327,-0.004251031,0.165826783,1.071536541,0.149116859,0.911044896,-0.129208744,0.129709736,0.114480019,-0.170077056,0.408519566,0.299207807
1697,-0.319144875,0.250591695,-0.008351852,-0.050008472,-0.100410178,0.508751154,0.109245703,0.474012613,0.520124555,0.26255548,0.740644753,0.071750239,0.214536145,1.341486692,0.068497628,-0.139194667,-0.097129308,0.92687571,0.108351097,0.662353694,0.093748547,0.233791128,0.132947132,0.029163208,0.351919979,0.278900266
1699,-0.375874132,0.091958843,0.011032572,0.105342269,-0.161017805,0.266207933,-0.135288596,0.565099359,-0.022059737,-0.080160208,1.005480766,-0.001961069,0.174807772,0.84696281,-0.28391096,-0.044731434,0.155062288,0.424117148,-0.391854852,0.414798915,0.485162377,0.029602177,0.126510158,-0.092117205,0.28288275,0.159635723
1701,-0.099425502,0.252785683,-0.148155823,0.043660685,-0.160612598,0.343419015,-0.209700093,0.492958397,0.252612829,-0.019538982,0.731924593,0.045928307,0.24363105,0.972305357,-0.179691911,-0.011996289,0.111837044,0.651171744,-0.289779425,0.556939304,0.081133507,-0.080201074,0.099586114,-0.35574007,0.344280183,0.277531415
1703,0.108437203,0.119298674,-0.0379063,0.018380219,-0.000881987,0.556643128,-0.107626162,0.399286985,0.316979676,0.01985769,0.486877024,0.012570724,0.152445421,1.06073308,0.089677162,-0.023765679,0.211313486,0.739414573,-0.083268367,0.532994688,0.06037527,0.040330488,0.217239201,-0.174539968,0.336170405,0.284350663
1705,0.165860042,-0.038411383,-0.077861033,0.02866983,-0.122404143,0.504980683,-0.060436942,0.221106529,0.379768819,0.110758275,0.47363618,-0.039923519,-0.004170167,0.741083384,-0.142764717,0.095924675,0.083478518,0.610817611,0.054294944,0.341915786,0.138347641,-0.197536528,-0.095839903,-0.277561486,0.345418632,0.246137202
1707,0.060089715,-0.024274444,-0.024460383,0.001592157,-0.076118127,0.554831624,-0.192187786,0.044100195,0.251070827,0.13446939,0.570147872,0.032831587,0.054955766,0.549783707,0.027498372,0.159348831,-0.162494302,0.736244678,0.311268359,0.457550257,0.117723107,-0.027572919,0.072725669,0.021960506,0.342948288,0.270795435
1709,0.060406879,0.048866116,-0.041853707,0.055836845,-0.071092673,0.602127552,-0.042550843,-0.058377951,0.085396506,-0.012407392,0.630358338,-0.018579366,0.163853526,0.567431808,0.08596433,0.090981849,0.021715665,0.848631561,0.210922867,0.347546011,0.130292863,-0.035984159,0.152809069,0.012648013,0.340921164,0.261886865
1711,0.049360454,0.049550761,-0.037442941,0.02835032,-0.001700507,0.582859933,-0.140237793,0.121289358,0.18290098,-0.055620443,0.42590636,0.03802244,0.225314841,0.750085711,0.244008213,0.089966886,0.128526568,0.809930325,0.16855973,0.476869226,0.138672903,0.051979404,0.091579728,-0.024438107,0.311383367,0.25654912
1713,-0.042319294,0.067814745,0.038009293,0.117053248,0.12608391,0.407710522,-0.218352303,0.166050926,0.084582582,0.067917556,0.400098741,0.057744093,0.419598192,0.873615623,0.393303961,0.187017277,-0.170288503,0.518987238,-0.06065068,0.57796818,0.021281311,0.051948436,0.069325186,-0.129662722,0.317348003,0.195445418
1715,0.152230054,0.026785914,0.005220701,0.164523959,0.266466647,0.514080226,-0.062400419,-0.006039092,-0.061378501,0.084052436,0.278614432,0.025256634,0.228888735,0.774407685,0.396114677,0.203255996,0.143224329,0.684382617,-0.254884154,0.351477891,-0.044077303,0.065908402,0.160920218,-0.218323216,0.331700861,0.137596667
1717,0.103665546,0.194536403,0.016126886,0.215909317,0.329122812,0.135553852,0.166011289,0.214199305,-0.189501688,-0.088786833,0.017651316,0.01393113,0.135865226,0.624197364,-0.154328883,0.17849949,0.190716088,0.885076225,-0.244144738,0.352260053,-0.110811278,-0.204863444,0.13508743,-0.227039248,0.353551686,0.065675855
1719,0.006406438,0.092331812,0.081848241,0.000317049,0.106151901,0.414657533,0.095346726,0.226509288,-0.047387943,0.032939509,0.12569052,-0.126837835,0.331395388,0.605312645,-0.088758856,0.167215392,-0.072911143,0.712708712,-0.090957873,0.254629552,-0.044423591,-0.064349875,0.046536997,-0.032116536,0.311053753,0.235894486
1721,0.047239594,0.260256112,0.016011178,-0.035718713,0.017699372,0.736911833,-0.109866261,0.369523108,0.007717828,-0.027347498,0.118108287,0.003197168,0.092485942,0.690488636,0.072423965,-0.051206123,-0.120580502,0.506967127,0.06477847,0.255141795,-0.01019273,0.085021883,-0.027214494,-0.05600499,0.296787441,0.25726676
1723,-0.008904574,0.169624582,-0.017846489,-0.023624787,-0.081266254,0.978905261,-0.138996542,0.401898414,-0.014875317,-0.083450176,0.227098286,-0.054582935,0.127521634,0.724127293,0.059000615,0.105913766,-0.144320786,0.518016994,0.26865688,0.367525011,-0.11023055,0.077718742,-0.103978246,-0.052575111,0.302049577,0.232738554
1725,0.069680959,0.299037814,-0.045849174,-0.019787747,-0.074714139,1.108246326,-0.045398213,0.33858791,0.065092251,-0.04801346,0.39696607,-0.042758625,0.225476712,0.761535108,0.207171306,0.016905058,0.019920753,0.559136331,0.265136957,0.508469939,-0.016084878,0.197774515,-0.049781248,-0.117940657,0.294764489,0.216537654
1727,0.00113291,0.073808268,-0.050624952,0.035203964,-0.007382595,1.147157073,-0.058542199,0.26107502,0.159747958,-0.129665911,0.431476861,0.043234449,0.359854162,0.706776083,0.315915048,0.037676085,0.173755497,0.368688613,0.204410672,0.519374788,-0.064519212,0.250533044,0.085738748,-0.206784606,0.309741974,0.205008671
1729,-0.211914107,0.121189624,-0.114036366,-0.12508598,0.044872481,1.26865828,-0.06681557,0.205950066,0.017983479,-0.075703196,0.479149312,0.031774558,0.483055383,0.691847205,0.31852141,0.095970131,-0.099572808,0.261753678,-0.103736207,0.642986953,-0.041058883,0.222184375,0.11837551,-0.213858485,0.31630069,0.175456539
1731,-0.268430144,0.112479158,-0.155476093,-0.129425466,-0.078471556,1.38315177,0.030322589,0.364385277,0.199982867,-0.008084293,0.442668945,-0.101113714,0.27741316,0.505636632,0.294026345,0.124366924,-0.165180564,0.474824876,0.093231983,0.61397469,0.123554796,0.011987487,0.067538589,-0.226306751,0.286070555,0.139547169
1733,-0.265882641,0.00600322,-0.221689373,-0.116562292,-0.458069742,1.269683599,-0.101663649,0.232059419,0.160604268,0.077010453,0.38136375,-0.090463668,0.091486506,0.19939281,0.402882248,0.061913051,0.019054037,0.744974136,-0.256488442,0.16482918,0.45757848,-0.266761124,0.123790443,-0.448885322,0.204342961,0.05960466
1735,-0.164175928,-0.205518872,-0.200314417,0.131695643,-0.228042111,1.070466995,-0.320338279,0.056528337,0.076838151,0.166941285,0.468923628,-0.306915671,0.072636358,0.274892837,0.236477599,-0.131475702,-0.044192772,0.762501121,-0.148848876,0.35116297,0.197694421,-0.052758388,0.118765384,0.122993499,0.180941552,0.148736596
1737,0.083334334,0.140066639,-0.072009481,-0.002309963,-0.153301865,1.196433067,-0.142022103,-0.047007587,0.094331533,-0.053469352,0.44962281,0.057578839,0.21797815,0.325300962,0.040419675,-0.117699109,-0.098461986,0.607795596,0.13124831,0.553078175,-0.05003291,-0.062299732,0.124357067,0.048609339,0.208901465,0.137634426
1739,-0.17822127,-0.004984325,-0.067227036,-0.050751619,-0.215493441,1.178671837,0.01491881,-0.010057963,0.013320566,-0.010678072,0.552939773,-0.033768021,0.225122064,0.225298524,-0.037368529,-0.086130872,-0.046131294,0.207342878,0.231923252,0.542030275,-0.143811181,-0.114118963,0.082744218,-0.048668347,0.232060969,0.063996263
1741,-0.217637435,0.017176667,-0.016077289,0.036097195,-0.093157515,1.384019732,0.095467053,0.139561027,0.37098363,0.002539644,0.419296086,-0.11728774,-0.141400024,0.50396806,-0.072395943,-0.247605711,-0.089700535,0.270474404,0.152609214,0.441851676,0.044223852,-0.012811168,0.132089943,-0.206661522,0.237982512,0.069218524
1743,-0.089614592,-0.057425115,0.031350151,0.102869697,-0.077902623,1.322199583,-0.013490681,-0.006244239,0.495135069,0.016969709,0.238372251,-0.058270879,0.18411395,0.40507111,0.014689495,-0.065673515,0.063440159,0.421649873,0.003032036,0.65055269,0.230878055,-0.002411196,0.108237557,-0.147940531,0.198037475,0.089428596
1745,0.020774711,-0.347950965,0.029404059,0.119011797,-0.150522903,0.937423408,0.034354508,0.019218216,0.083103299,-0.046839692,0.10924229,0.066329367,0.164662123,0.436443418,-0.055623218,0.121665671,-0.000988182,0.450777054,-0.017969238,0.826845288,-0.09025123,-0.086328983,0.00085562,0.283915132,0.135784328,0.127267361
1747,0.129091799,-0.121890426,-0.111915953,0.061299399,0.051617227,0.750566959,0.193546385,0.341807932,0.101399884,-0.045298677,0.150904089,0.392792851,-0.137437716,0.172327399,-0.247562662,0.378200322,-0.053753976,0.642682493,-0.028633511,0.53413254,0.222926363,0.213496029,-0.004390391,0.547434986,0.106972992,0.091280065
1749,0.355457693,-0.103339337,-0.183523148,-0.04589355,0.092864387,0.599211752,0.218148097,0.342857569,0.020489756,-0.113562554,0.256172746,0.316564918,0.258586019,-0.184808671,-0.507015646,0.361143887,0.228262544,0.19119665,-0.154070884,0.403447628,0.032616489,0.114786342,0.060839176,-0.106247924,0.09451355,0.091459952
1751,-0.136894211,-0.088259406,-0.104105167,-0.115397789,0.246040359,0.480574906,-0.172342181,0.15862456,-0.227130145,-0.267598629,0.294588357,-0.037995219,0.066208586,0.166420758,-0.252470553,0.220241055,0.450997055,-0.074401177,-0.146323413,0.638791978,0.232482255,-0.017644597,0.058312841,-0.135272503,0.191196024,0.084901214
1753,-0.147386551,0.252339572,-0.052988544,0.006478681,0.170478806,0.458761126,-0.13765423,0.262291133,-0.136723787,-0.072412252,0.327846199,0.096345551,-0.016543403,0.449198872,-0.023950841,-0.105900958,0.233347774,-0.096780613,-0.14759852,0.37715283,0.221976221,-0.061665896,0.095223941,-0.290370941,0.29464525,0.086131945
1755,-0.333946884,0.08576306,0.030505285,0.084482655,-0.079157166,0.424926817,-0.002846192,-0.004524664,-0.125126585,-0.025571575,0.131854221,-0.024741236,0.037242297,0.294248551,-0.06631083,-0.052331001,-0.121336423,-0.014604157,-0.155225977,0.125716969,0.115790755,-0.059212495,-0.003339322,-0.167925492,0.255705714,0.020163611
1757,-0.167221412,-0.149018809,-0.004355264,-0.028199807,-0.15796499,0.222259596,-0.019396953,0.104980052,0.137384132,-0.141713455,0.231658503,0.098810285,0.17117025,0.388373852,0.20837611,0.037598033,-0.124547534,0.189412013,-0.443185836,-0.052798424,-0.110714905,-0.116033047,0.161470741,0.071097836,0.261103749,0.014686249
1759,0.089764625,-0.30755049,-0.033186469,-0.002619121,-0.021336576,0.338767976,-0.167971134,0.175359488,0.160929143,-0.030361453,0.090340406,0.090454809,0.030197419,-0.048694488,0.246959195,-0.035488244,-0.075635552,0.126775324,-0.172383159,0.312866151,-0.115291357,-0.119123653,0.12104775,-0.086069323,0.260103583,0.021123234
1761,0.129534975,0.110347711,-0.089725189,0.063947573,0.104085542,0.026840851,-0.32993862,0.054780383,0.058749747,-0.075557761,-0.005944765,-0.060208444,-0.017842798,-0.336007893,-0.210555762,-0.100128904,-0.072771095,0.034463242,-0.154821217,0.202838451,-0.022793692,-0.053341448,0.206905246,-0.035401843,0.23844111,0.052068107
1763,0.055455703,0.139144436,-0.094105743,-0.020856218,-0.093448944,-0.103075057,-0.119867869,0.038190834,0.145532817,0.109207958,0.246724337,-0.092655815,0.128605902,-0.074707314,-0.144114226,0.115582973,0.104806915,0.070859581,-0.316766173,0.17026858,0.052360885,-0.133060932,0.343275458,-0.476317137,0.269193113,0.019359253
1765,-0.154809088,0.146791801,-0.026712196,0.044545669,-0.096426554,-0.086904563,-0.224697471,0.347317696,0.245901361,0.187124297,0.36581108,-0.030450856,0.046503559,0.211804003,-0.119398087,0.07117109,0.086708404,0.213818878,-0.118771158,0.055314112,-0.042155206,0.033524126,0.382609993,-0.179764301,0.330474734,-0.023332911
1767,0.047408212,-0.103292167,-0.042562015,0.04345005,-0.149155065,-0.201345772,-0.250150174,0.42999202,-0.058204442,0.126511395,0.303277284,0.198463708,-0.002203915,-0.096316561,0.119359463,0.077401131,0.334809452,0.263499171,0.017411962,-0.208325252,0.328071564,0.022761397,-0.033249505,-0.173407525,0.218268245,-0.049323581
1769,0.043103036,-0.179676577,-0.096803933,0.018720541,0.002912655,-0.235175595,-0.183859602,0.319155067,-0.053436741,0.180692986,0.769070148,0.2313613,-0.071679965,-0.057534341,-0.036518861,0.156444475,0.156836167,0.298179895,-0.088089168,0.058212839,0.17904228,-0.201593071,0.100713417,-0.497283995,0.128005698,-0.074739598
1771,-0.091464743,-0.014957027,-0.018696487,-0.043824643,-0.027699118,0.067652516,0.006056068,0.328217715,0.095519125,0.396566749,0.456169456,0.243846983,0.35296455,0.268415153,-0.305041552,0.220291391,0.219749108,-0.09405721,-0.274445623,0.58426249,0.203760728,-0.235908419,0.498478889,-0.234505326,0.111814141,-0.156948522
1773,-0.126455694,-0.270234346,0.057924666,-0.058367569,-0.11335393,0.018553358,-0.031717561,0.069017217,-0.254517913,-0.046363462,-0.006484465,-0.039021153,0.657289863,0.226483405,-0.472330064,0.054370236,-0.025891248,0.357021123,-0.242917284,-0.135575086,0.041957881,0.073858291,0.548695624,-0.023899984,0.04812333,-0.128938943
1775,-0.233781144,0.054676097,0.196882978,-0.159865186,-0.321387291,-0.278404891,0.038643602,0.076729789,-0.030321553,-0.184820116,0.21950461,0.060626049,0.118711486,-0.097563602,-0.465042919,-0.275061518,0.145278141,0.219461977,0.147322595,0.225381821,0.189459115,0.005887019,0.316939652,0.276971042,0.105799995,-0.082627259
1777,-0.269095957,-0.013825578,0.003437155,0.051835738,-0.252240896,0.315638065,-0.062351465,0.206759706,0.040459204,-0.008045733,0.437848449,-0.133791968,-0.021695744,0.093926892,0.102721035,-0.299313337,0.26685369,-0.2915411,-0.413756877,-0.188271582,0.160864517,0.191986799,0.321447372,-0.141198799,0.166073233,-0.038097221
1779,0.065783449,0.125865906,0.078809284,0.005904117,-0.181227461,-0.062461581,-0.268574357,0.27826649,0.172043353,0.012145624,0.288075805,-0.124308474,0.052564599,-0.133831069,-0.036453813,-0.282479614,-0.032553297,-0.171259522,-0.768447399,-0.276866615,0.113994904,-0.217209592,0.283556402,-0.154131323,0.244303256,-0.083592579
1781,-0.09091875,0.161407053,0.113726646,-0.092820324,0.108756572,0.075009473,-0.268651813,0.587080538,0.179814413,0.272108972,-0.162207425,-0.121851772,-0.015807534,-0.072174005,0.011694187,0.355891794,0.020360293,-0.079971962,0.020245155,-0.097335733,-0.001455645,-0.056334388,0.352030098,-0.135841817,0.166563779,-0.116873503
1783,0.163088828,-0.078012943,-0.0728487,-0.210743979,0.352651387,0.524963915,0.17086795,0.246952653,0.068907179,0.16529882,0.329221964,0.001144917,-0.061940297,-0.164291114,0.168748885,0.640110254,0.213306323,-0.081866428,-0.353075504,-0.12195114,-0.030919746,0.063273467,0.499324054,-0.417216748,0.128510714,-0.185538903
1785,0.143214703,0.495774895,-0.12813361,-0.10172791,0.197289199,0.224442378,-0.281614721,0.031574417,0.327653587,0.277433634,0.560193598,-0.209093958,0.375345647,-0.037447643,-0.036793374,0.2670452,-0.140066952,-0.004226034,-0.542921066,0.066919684,0.13813439,-0.130278334,0.17624186,-0.559217811,0.241564497,-0.13944748
1787,-0.171131596,0.693558633,-0.01104032,-0.073261082,-0.037427172,0.050688919,-0.150964886,-0.104333989,0.287796646,0.046464849,0.297627211,-0.207102135,0.275345236,-0.400529772,0.352767885,-0.045671854,0.409728557,-0.155436069,-0.084383212,0.209232613,-0.06726829,0.208161488,0.261275262,-0.468020648,0.247585237,0.019257134
1789,0.247884884,0.351132691,-0.146201655,-0.158175439,-0.0644705,0.081991546,-0.191190511,0.367546409,0.325573474,-0.235329747,0.779566765,-0.263647705,0.078018866,0.003068457,0.216778442,-0.292354435,0.828281999,-0.16759637,-0.400908798,-0.145646542,0.203025594,0.036754087,-0.111415364,-0.060936831,0.149552584,0.032905526
1791,-0.515132368,-0.517390966,-0.442309499,-0.132478118,-0.596583903,0.162315369,0.447355837,0.05863639,-0.173656255,-0.249075741,1.058879614,-0.011386462,-0.130185097,0.052831393,-0.662323117,-0.147537887,0.703598261,0.028974902,-0.567275524,-0.031141501,0.408230662,-0.217080742,0.278550684,-0.334101468,0.165747553,0.007256617
1793,-0.462398916,-0.833637476,-0.187368914,-0.098384999,-0.145147502,0.49169299,0.312179446,-0.046995271,-0.419869691,-0.329852849,-0.053457804,0.083786592,0.270178616,-0.192993015,-0.539510787,-0.583435237,0.716836929,0.130010441,-1.018118858,-0.113774598,0.184869945,-0.3079997,0.52564621,-0.772041261,0.145885348,0.000997549
1795,-0.140987173,-0.531609952,-0.329326719,-0.16263546,-0.234656155,0.037692606,-0.364865541,0.083117492,0.224602699,-0.162033036,0.351954728,0.47923559,0.278527588,0.026003944,-0.611103296,-0.171222866,0.311187178,0.075090766,-1.040132403,0.033740051,0.161599949,-0.321187317,0.03458016,-0.74898243,0.165312231,-0.070216484
1797,-0.822431087,-0.178416446,-0.434257001,-0.163890928,-0.247131348,0.643564403,-0.533129573,-0.090118125,0.056854773,-0.307702512,0.330669403,0.675022006,0.457505673,-0.089827269,-1.121088982,-0.140202135,-0.026974767,-0.382909924,-1.148133516,0.061701708,0.123941824,-0.245209083,-0.413183153,-0.462333828,0.196181267,-0.137577429
1799,-0.2479081,-0.541482925,-0.403380573,-0.492218375,-0.283269554,0.583747149,-0.160692275,0.191856474,-0.371376812,-0.838058233,0.368317246,0.161472365,0.411810517,-1.234520793,-1.085800886,0.655513883,0.029408872,-0.773486793,-0.932841539,-0.879305065,-0.138007447,0.150015771,-0.198463351,0.56101054,0.419332653,-0.119273022
2687,-0.549691558,-0.324274987,-0.45819962,-0.29720515,-0.079260804,0.930546403,0.197544917,0.181153148,-0.196741879,-0.945244491,0.594618142,-0.185119718,0.599283576,-1.023716927,-0.679231942,0.813457489,-0.324205101,-0.696854115,-0.959473908,-0.551683605,-0.441555113,-0.191118777,0.130446792,0.50649941,0.401284695,-0.124736354
2689,-1.166291237,0.119520977,-0.570205033,0.10124284,0.337566763,1.639121413,0.929489732,0.159284517,0.16006954,-1.164245844,1.056993008,-0.893271565,0.98232615,-0.593005657,0.151463926,1.136165738,-1.046703815,-0.540279448,-1.013888597,0.11770764,-1.061759233,-0.888119698,0.802471042,0.395122737,0.364409417,-0.135898992
2691,-3.127409458,1.531030774,-0.926442564,1.368521571,1.663302541,3.89277029,3.257467508,0.08973036,1.294921517,-1.86078763,2.527593374,-3.145574808,2.200606585,0.776887655,2.793522596,2.162551165,-3.344638109,-0.042287637,-1.186956882,2.246731281,-3.034341812,-3.104957104,2.939869404,0.040885974,0.2471264,-0.171402156
2693,-2.591670275,-0.786315918,0.348395944,-0.638971806,0.697321415,2.458758354,1.751876116,-0.747492552,-0.790533602,-3.476120949,0.856521666,-2.638489008,2.152907133,1.020918131,1.135100126,0.052236419,0.511022031,1.520266652,0.114095867,-1.17039907,-0.13182047,-1.592130899,2.05770874,-2.53225565,-0.378301591,-0.506661475
2695,-0.89895159,-0.389840573,-0.291654974,-1.11333406,-0.568177819,0.922199845,-0.18982856,0.025462162,-1.453617215,-2.414783478,0.266039491,-1.192177773,-2.599215031,-0.353215069,-0.022917276,-0.021288646,1.451412439,-1.285226583,-1.537397385,2.969398499,-1.437543869,-1.446573496,2.370416641,-0.735649645,-0.364038438,-0.580949545
2697,0.033525776,-0.192147106,-0.323626846,-0.57656914,-1.661275744,-0.896847606,-0.086823031,0.520286083,-1.670314074,-2.986364365,-0.387854427,-1.204006672,-0.793482184,-1.805994511,-1.525132895,-0.573716283,3.62684536,-2.407814741,-0.171729118,2.030220985,0.015244568,-1.164697289,1.820278764,1.887295604,0.166578159,-0.237306789
2699,0.790179074,-0.810568154,-0.235834956,0.605711937,-0.802285254,-0.978471398,0.641084552,0.826931775,-0.630687654,-0.575158477,0.321039736,-0.823777437,-0.489319682,-0.264813602,-2.071532249,-1.1795187,-0.437698066,-0.147124305,-0.238717601,-0.063523479,0.488550186,0.711827457,0.102397926,-0.07791011,0.439688295,0.174791515
2701,0.844340503,-1.869356513,-0.129822463,0.776462018,-0.329801142,-0.165915042,1.103113055,-0.157074481,0.306882232,0.996933222,0.168999523,0.382918507,-0.661425591,0.176322088,-2.657529354,0.742389917,1.302254677,-1.565504074,-0.802105427,-1.697902441,0.017792547,-0.05454855,-0.015745372,-1.065888882,0.365341783,-0.138839543
2703,0.697661221,-2.117046356,0.131441608,0.022175897,-0.397206038,0.379889786,0.274573863,1.215475917,-0.214235023,1.369063735,0.194657952,0.044347405,0.036310278,0.592812777,-0.992872298,-0.278391987,-0.629030108,-0.046269227,-1.495321751,-0.9392941,-0.685845852,1.242975354,1.158988118,-0.253083766,0.26493147,-0.136912867
2705,-0.160075396,-0.449842155,-0.133652791,-0.149174497,-1.278383613,-0.215647146,-0.032396931,0.078022718,-0.826999724,1.669153929,1.44370544,0.661880076,-0.300661862,0.039837684,0.430493057,-1.79109025,0.438871682,-1.625131369,-2.434548616,-0.82693541,0.373452544,1.465116262,2.431552649,1.353515506,-0.103390403,0.174244747
2707,-0.161003947,0.057515405,-0.550145268,0.272237629,-0.187812015,-0.213253468,-0.136508659,0.111045398,-0.6074332,1.018456697,1.143382549,0.177045241,0.164327651,-1.14569664,0.737305284,-0.387666702,0.821407855,-0.341235548,0.119843364,-0.686547995,-0.115613364,-0.098536842,0.950757861,0.038132742,-0.160862565,-0.075649902
2709,0.05570475,0.697698355,-0.025589168,0.108711548,0.012587398,-0.533596456,-0.558025479,-0.68507427,-0.307695061,-1.306900859,0.77712518,-0.258146077,0.780710697,-1.056275606,0.425695419,0.610324502,1.098410487,0.949605525,-0.306170315,0.009483838,-0.890382171,-0.015020268,0.529614985,-1.114550471,0.089476816,-0.00414014
2711,-0.657944262,-0.065914392,0.030848021,0.412428498,-0.19346264,-0.541029215,-0.030845607,0.300459981,-0.103245005,-0.690342665,1.234960079,0.570156813,0.087395169,-1.326999903,-1.685146213,-0.107440934,0.533298254,0.597321093,-0.767823398,-0.839215577,-0.875043571,-0.500453115,0.366233408,-0.326277792,0.262832761,-0.023421025
2713,-0.833587885,0.412783474,-0.319100589,0.512127995,-1.170801878,0.025676189,-0.159509689,0.338378847,-0.134211496,0.072518617,0.149735704,1.1591084,-0.289627254,-0.076882899,-0.782533526,0.674048245,-0.194833502,0.371972144,-0.696369112,0.133602351,-0.587463021,-1.301190734,0.741758704,-0.807750165,0.323363721,-0.245645538
2715,-0.665974557,-0.114438854,-0.742429554,0.477496207,-0.718836963,-0.264071494,0.027659167,-0.346513093,1.249105096,0.913793147,0.517147481,0.431557894,0.436190218,-0.141111329,0.674390435,0.180109441,0.300585717,0.106339701,-0.133210048,0.039618053,-0.206053466,-0.540509105,0.508262813,0.226295143,0.404247046,-0.242985412
2717,-0.710837603,1.06709671,-0.40588668,0.433092058,-0.705126762,0.002336569,0.716155171,0.236805573,0.951927364,0.365269393,1.251704216,0.268053561,0.468023717,-0.258877695,1.227337122,0.268346399,0.504708648,-0.912943721,-0.117212199,0.60514468,-0.01459661,-0.309099048,0.325094342,0.039557654,0.075692602,-0.203994066
2719,-0.119755186,0.633711636,-0.529971838,0.292002231,-0.656272233,0.736996889,0.271223277,0.275957376,0.962838411,0.339350402,0.52788955,0.035966445,-0.190824375,-0.188548923,0.093996786,0.156700119,0.641798675,-0.608607888,-0.327213585,0.512917161,0.011967075,-0.642196476,0.684205353,-0.738753796,0.141862437,-0.202079698
2721,-0.419972897,-0.377130449,0.006763077,0.796319902,-0.682810247,-0.003435154,-0.43001768,0.383461863,1.375213861,-0.488678098,0.292109311,0.162250191,0.320485055,0.5529145,0.15361765,0.058310881,0.98156929,-0.547475815,0.195424184,0.115056559,0.067417808,-0.264607847,0.815192103,0.369329631,0.172000974,-0.165046349
2723,-0.60012114,0.673398256,-0.286009252,0.238395438,-0.397091866,-0.168158799,-0.459665269,0.248796508,0.786161065,-0.477492005,0.02387302,-0.029091114,0.52398181,0.193718314,-1.086908817,-0.026498795,1.133529663,0.01797552,-0.204603299,-0.223592415,0.46939826,-0.065718614,0.509459078,-0.27129072,0.321900755,-0.024414072
2725,-0.253165603,0.21711047,-0.493735075,-0.145632982,-0.080694847,-0.0220164,-0.533855557,0.657761514,0.303069681,0.050950218,0.515181363,0.355575264,0.70832473,-0.192276388,-0.916146636,0.409957588,0.646301508,0.458498955,-0.417673528,0.292123199,0.677014053,-0.427883178,0.487746954,0.003355301,0.295904905,-0.015508373
2727,-0.438236386,0.0990192,-0.521714091,0.254504472,0.021961857,-0.021874221,-0.307411075,0.307894528,0.636633039,0.372452557,0.383893996,-0.378895462,0.867543638,-0.528679073,-0.593195915,0.028661534,0.393635154,0.230429798,-0.083176576,0.023888458,1.078473687,-0.235281512,0.51076442,-0.357391447,0.287703723,-0.002686986
2729,0.181159601,-0.081011526,-0.421891242,0.419121772,-0.340874255,-0.257533163,0.056109097,0.267011136,0.277599871,0.225971401,0.54350698,0.150687173,0.581101954,-0.443076193,-0.943986654,-0.000658712,0.823242426,0.300503314,0.519948363,0.227534756,0.417306453,-0.275466472,0.644176424,-0.325007617,0.286857754,0.07857272
2731,0.127400339,0.088779517,-0.061224759,0.600721776,-0.238904759,0.592262566,-0.058811303,0.127574652,0.212630257,-0.141125962,0.592626929,0.112684555,0.43861264,-0.119741917,-0.738537133,-0.310847342,-0.098524109,0.505657494,-0.392535686,0.17339249,0.024190402,-0.184624255,0.216694102,-0.10108763,0.38900876,0.078442276
2733,-0.209585384,-0.019292068,-0.217923597,0.333428621,-0.375762492,0.190625131,-0.427526027,0.262853712,0.33273986,-0.209625334,0.405185461,0.206029341,-0.035616569,0.185586765,-0.769657135,0.133325189,0.403249025,0.126458839,-0.268151194,-0.236357704,-0.101427577,-0.12549381,0.071156159,-0.18000187,0.319842756,-0.051689807
2735,-0.37332499,-0.252509594,-0.215269595,0.241203904,-0.388012767,0.278240532,-0.353399277,0.010193074,0.364159495,0.183997303,0.015251023,-0.109358184,0.052670579,-0.197626546,-0.438787311,0.22833471,-0.023705697,0.411762595,-0.728930771,-0.224957302,-0.381673992,-0.638363361,-0.06023626,-0.085091256,0.237063497,-0.047731642
2737,0.044814054,-0.326687813,-0.054966003,0.080465384,-0.246066213,-0.231899381,-0.247379452,0.214913711,0.151300445,0.30190447,0.490464181,-0.200871855,-0.389789551,-0.265984803,0.002169734,0.777032197,0.175040871,0.384809613,-0.527307332,-0.218863755,-0.206271008,-0.256491095,0.536477745,-0.284642458,0.331464827,0.041455578
2739,0.194688603,0.057683375,0.127588764,0.084403031,-0.219363213,-0.365082741,-0.186564907,0.546303153,0.159253746,-0.199764609,0.504200935,-0.21032384,-0.276079893,-0.520608366,-0.592092514,0.29564178,0.323880613,-0.004385334,-0.405366153,-0.367421657,-0.381295681,-0.270440727,0.838460922,-0.530300677,0.340304554,0.031460043
2741,-0.20732227,-0.008416694,0.108837776,0.023070538,-0.108097509,-0.083341017,-0.103991613,0.165261775,-0.132244512,-0.048630759,0.028421888,0.08656884,-0.215670615,-0.370957047,-0.281564862,0.001340673,0.678955495,0.306906432,-0.629119754,-0.404491663,-0.289012432,-0.405701846,0.3171179,-0.405625999,0.306058913,-0.016528875
2743,-0.012298847,-0.408114612,0.080307506,0.028544929,0.123126753,-0.043118145,-0.159642607,0.031685278,0.241243213,0.056816258,0.024302322,0.251828194,-0.098035403,0.209335312,-0.261060894,-0.174306124,0.166646451,0.738644421,-0.446694642,0.048754722,-0.124525405,-0.563065946,0.317988873,-0.299283296,0.293425024,-0.031938784
2745,-0.094350033,-0.045399904,0.0834556,0.197448105,-0.057938322,0.023885928,-0.34818846,0.098136738,-0.150456488,-0.089236133,0.332144767,-0.143671185,0.06215575,-0.089163825,-0.425575197,-0.131129056,0.402019322,0.660525501,-0.457100272,0.575514376,-0.305663943,-0.59931165,0.264221072,0.328686982,0.295721412,-0.030638929
2747,-0.490994066,-0.218473986,-0.074807525,-0.137715891,0.1090248,0.225161731,-0.191763371,0.583315194,-0.213361099,0.034726679,0.889268458,-0.310872078,0.110366076,0.059979059,-0.479968339,0.243931815,0.352475733,0.304179728,-0.456050575,0.350768507,0.03936515,-0.373869717,-0.024234002,0.239803627,0.271145582,0.00551475
2749,-0.174406737,0.096733429,-0.085067004,-0.02947294,0.252563208,0.09271203,0.074488722,0.586925507,-0.153716519,0.071588047,0.314009905,-0.174062833,0.407026321,-0.047797989,-0.1362921,0.289503217,0.340612113,0.138730466,-0.299998879,0.166698873,0.123706907,-0.32178393,0.31866926,0.135222495,0.182458967,-0.008612502
2751,-0.163297579,0.343810052,-0.089499481,0.041746307,-0.087804563,0.264509529,0.155991882,0.3274315,-0.016006149,-0.10475105,0.12751852,0.246333718,-0.015721934,-0.315979511,0.086410113,0.143802628,0.080709308,0.424914569,-0.121499985,-0.121507056,-0.128986627,-0.230516702,0.168546692,0.31653589,0.200805277,0.043066517
2753,-0.055474594,-0.083001725,-0.025704142,0.043406151,-0.1871811,0.418112636,0.137859687,0.222504124,0.016101977,-0.038697593,0.101852179,0.204645634,0.280571103,0.02415785,0.064531013,0.002564865,0.08151418,0.196830809,-0.22928758,0.184848309,-0.18244493,-0.001854752,0.089355215,-0.122077316,0.30458203,0.032956317
2755,-0.349637836,-0.349671036,0.019832801,-0.07835979,-0.263469607,0.383864611,0.121547252,0.240867689,0.006778491,-0.353677452,0.068614349,-0.059968621,0.169292018,0.218912095,-0.35424,0.146337599,-0.061472099,0.08627519,-0.352419823,-0.276729196,-0.22184135,0.05866278,0.350695938,-0.49556005,0.274555475,0.073538855
2757,-0.192630202,-0.242622748,-0.087010793,0.02637212,-0.263819128,0.069386244,0.036643598,0.079453409,0.123078711,0.179499835,0.06621433,-0.469497859,0.071598776,0.406693399,0.051244494,0.256725043,-0.076293379,0.071686029,-0.380646765,-0.081349596,0.033372536,-0.11284782,0.260413557,-0.029488014,0.144176409,0.097523108
2759,0.176048771,-0.310103238,-0.039066881,0.006686647,0.107711345,-0.036746845,-0.204935357,0.170449778,-0.11275167,0.234106466,0.105120018,-0.305984259,0.119601585,-0.009851004,0.045199625,0.109357253,-0.215919182,0.400168598,-0.300933778,0.003198118,0.041044686,-0.239955038,0.058834702,0.097308159,0.109797508,0.063347965
2761,0.079534069,-0.004906253,-0.110472344,-0.06644883,0.018843964,-0.140105948,-0.046909053,0.11948292,-0.07938163,0.146668538,0.278781682,-0.034859639,0.014873472,-0.164453343,-0.087973326,0.256187975,-0.23328425,-0.014727772,-0.173285425,-0.025797566,-0.198299691,-0.366101384,0.153465495,-0.109945238,0.171396226,0.011310802
2763,0.201475337,0.05009656,-0.085730113,0.029200114,0.139875531,0.29980731,-0.111333184,-0.179746285,0.029906582,0.220271066,0.200332314,-0.190426469,0.132820427,0.104919508,-0.15872629,0.103757791,0.110706367,-0.119260907,-0.194103181,-0.281388134,-0.232251778,0.037436996,0.433335423,-0.106427737,0.158190295,0.001066037
2765,0.170773983,0.139126077,-0.11724554,0.128242433,-0.29683888,0.026852498,-0.144430488,0.23377727,0.029816289,-0.13605772,-0.024343634,0.248655885,0.200155526,0.198043749,-0.054426771,-0.088228598,0.13312459,0.003792709,-0.172070593,-0.161509424,-0.295927942,0.150163904,0.580405116,-0.232422367,0.268498659,0.029949512
2767,0.058769844,-0.030973779,-0.311182201,0.151394814,-0.225046143,0.038201485,-0.098366737,0.449071914,-0.089269392,0.005508339,-0.179769248,0.36801669,0.181994662,0.003486669,0.049123552,-0.140690833,0.341549665,-0.053290732,-0.017563457,-0.150494292,0.119906023,-0.356147736,0.648317933,-0.224316642,0.275512427,0.00093037
2769,-0.104279935,-0.102608047,-0.129598334,0.105035067,-0.2955468,0.20816578,-0.068415403,0.123076074,-0.101436183,0.066718504,-0.182020575,0.077966541,0.135041043,0.061786156,-0.314137608,0.055268232,0.424521148,0.188116103,0.217319861,0.065296233,0.259463131,-0.416595131,0.547004998,-0.283258766,0.240548909,0.011826593
2771,0.023766315,0.08044783,-0.170628682,0.058009811,-0.361661524,0.203500271,-0.062420767,0.093959473,-0.142734468,0.376654029,0.123447426,-0.069425903,-0.103188589,0.033182085,0.046739254,-0.202731341,0.118297063,0.564301968,0.126152351,-0.060791038,0.159254566,-0.258504212,0.213353291,-0.407067895,0.200937122,-0.021866409
2773,-0.017807655,0.383411705,-0.080796517,-0.080334269,-0.132198185,0.214510232,0.157963768,0.245289072,0.030462671,0.1031124,0.331683725,-0.109635487,0.060681786,0.261439592,-0.204954043,-0.024858672,-0.012400779,0.672593236,-0.12694785,0.228288114,0.058292277,-0.180211633,0.068889767,0.14967455,0.199185103,-0.03330737
2775,0.066582322,0.384325475,-0.155114323,0.07106974,-0.22101751,0.319640458,0.169944927,0.159175828,0.087256305,-0.340054452,0.29905051,-0.246170804,-0.106832363,0.236039549,-0.070057645,-0.059085358,0.005411081,0.550519586,-0.408282459,0.003311166,-0.130094558,-0.262133837,0.017628102,0.125025436,0.217064291,0.028660145
2777,-0.073535144,0.108817443,-0.106571198,-0.026941191,0.022749487,0.085441917,0.187851384,0.142357618,0.159948155,-0.182583734,0.223658323,-0.085404508,-0.259057194,0.080307752,-0.427046448,-0.04072703,0.105005257,0.411649764,-0.098917991,0.115572043,0.099366926,-0.148984239,-0.069463,-0.033616893,0.188321859,0.045982953
2779,-0.140387028,-0.13652578,-0.023041239,-0.086111069,-0.047779363,-0.048216604,-0.223707289,0.11534071,0.041394107,-0.210234478,0.295922369,-0.080054395,-0.0732399,0.160240784,-0.238046616,-0.155370519,0.190853775,0.57177335,-0.199030414,0.045206234,0.141084105,-0.063802913,0.199744776,-0.216551915,0.220198125,0.065004714
2781,0.123889849,-0.36225158,-0.065115198,-0.006684454,-0.079112604,0.143270582,-0.124880113,0.124294117,0.032423012,-0.234830678,0.494299293,-0.241928235,-0.144116417,0.351755172,0.156963274,-0.076001689,0.157143846,0.323015869,-0.078861222,-0.109012954,0.067674465,-0.169558704,0.283776402,-0.040245339,0.191318154,0.037489209
2783,0.193598792,-0.167537659,-0.255118221,0.026031138,-0.031540833,0.234301791,-0.232116401,0.052417278,0.119146496,-0.165106058,0.260829568,-0.178239971,0.125867024,0.461461782,0.266723961,-0.017282732,0.310226828,0.416552782,-0.207250848,0.043934152,-0.060167436,-0.115600109,-0.196565151,0.081625253,0.204731673,0.076539434
2785,0.163435012,-0.020350894,-0.189725041,0.056739833,-0.00679337,0.293089211,-0.180873513,0.058361758,0.180618152,-0.039558262,0.124557622,-0.243608683,0.218312204,0.163727582,-0.039706472,-0.081904277,-0.032007013,0.620699465,0.154401645,-0.061945397,-0.112633303,-0.229746997,-0.082096681,-0.162609011,0.221119493,0.090840571
2787,0.121529326,0.26225087,-0.070712239,0.084833428,-0.130238622,0.123913802,-0.055966623,0.228120953,0.117095575,0.101052672,0.251481056,-0.229982987,0.018842587,0.102273822,-0.048156921,-0.053174976,0.102444932,0.92856431,0.315890431,0.324764878,0.07703267,-0.265529841,0.018582579,-0.208358824,0.245439321,0.123699673
2789,0.123268247,0.31541425,-0.002078762,0.004332155,-0.180878088,0.085597493,0.10802608,0.201028794,0.413850486,-0.040359341,0.440782845,0.074971199,0.080053397,0.368950695,-0.257625729,-0.147481278,0.254744381,0.803390086,0.395130634,0.265495777,0.19616805,-0.172367081,0.167886376,0.32457599,0.207617581,0.174649671
2791,0.041124683,-0.135576025,-0.060190383,-0.031738371,-0.070867479,0.111054905,0.134724751,0.015895158,0.327706814,0.062265277,0.260243505,0.006970836,-0.017620873,0.261046797,-0.29928273,-0.347651929,0.216840968,0.526160717,-0.182632744,0.053539161,0.031455778,0.007310791,0.296582639,0.24751921,0.217139274,0.156551197
2793,-0.063930728,0.002666234,-0.140638992,-0.071776889,-0.117616944,0.021317933,0.049072038,-0.061208867,0.239201993,0.195413083,0.296455175,0.061253343,-0.267654926,0.328992754,-0.413428396,0.099932909,0.096108429,0.873194158,-0.297856718,0.215322658,-0.012888372,-0.052900054,0.241148382,-0.216363043,0.247344047,0.186335072
2795,-0.041674878,0.133582711,-0.15157935,0.028115135,-0.083316125,-0.041480303,0.194082677,0.133434981,0.226237491,0.141566113,0.342848301,0.055671953,-0.06548541,0.345479459,0.002861359,0.086556613,-0.119547121,0.951900005,-0.190208822,0.257018268,-0.036710128,-0.225361586,0.073824033,-0.191842645,0.236456573,0.16805245
2797,0.056549158,0.066106625,-0.229871929,0.037592102,-0.037958391,0.127414942,-0.058258761,0.327884078,0.239268407,0.051580098,0.38893953,0.053574406,-0.078489229,0.33668381,0.06013681,0.147809073,-0.226177648,0.769046485,-0.021589283,0.216266513,-0.022234708,-0.287034243,0.112212174,0.167133883,0.305164635,0.161063194
2799,0.117988922,0.109550491,-0.085060336,0.167086855,-0.064379126,0.072642051,-0.132647797,-0.008651133,0.338932276,0.112046942,0.417997301,0.055113818,-0.013841131,0.408365965,0.143471211,0.035321243,-0.108504556,0.823162854,0.14947173,0.092898421,-0.096730389,-0.197744012,0.120096937,-0.011489468,0.346542448,0.159044027
2801,-0.020763153,0.139538005,0.175454602,0.169172317,-0.131726682,-0.186348602,0.033292249,0.011956127,0.193317831,0.016543616,0.318429738,0.08546672,-0.085557058,0.446104974,0.336987078,-0.062045585,-0.110433243,0.786439478,0.265353978,-0.065884545,0.061062612,-0.160233065,0.257817626,-0.034177072,0.289946169,0.193786293
2803,-0.071345441,0.022907656,0.07901673,0.136781484,-0.233963653,0.093888469,0.153186336,0.41708225,-0.075118661,-0.061815377,0.193858519,-0.157460481,0.185283601,0.40238601,0.075648703,-0.159657165,0.009397495,0.732516289,0.345927,-0.119370401,-0.052031193,-0.178722069,0.134904534,0.131017804,0.314219594,0.23561345
2805,-0.201469168,-0.140957534,-0.019257557,0.069254383,-0.048200224,0.094810612,-0.064799085,0.390710771,-0.000735724,0.149715811,0.394532561,0.096137166,0.096851207,0.369117856,0.11517588,-0.078701243,0.085427508,0.611656845,0.060296103,-0.011265661,-0.041864928,-0.002131033,0.045484927,0.071486264,0.344172627,0.262306958
2807,-0.220737025,-0.274758041,-0.008549279,0.044080533,-0.049648955,0.161978438,-0.175919026,0.415015996,-0.000555334,0.277360052,0.545159757,-0.079695195,0.301044703,0.568985343,-0.271912158,-0.039278645,0.171156302,0.397291332,0.027001237,-0.00262201,-0.139379576,0.044805832,0.198183656,0.064621143,0.389238834,0.278631151
2809,-0.205607042,-0.312451035,0.016397603,0.047111373,0.242080927,0.331031352,-0.167038783,0.293451577,0.013928094,0.179878533,0.477531075,-0.282863021,0.366700858,0.687868774,-0.159436718,0.022139709,0.042710904,0.463053495,-0.107160151,0.11128401,0.04416595,-0.012418042,0.201861456,0.288806736,0.409994841,0.278588593
2811,-0.182734087,0.063889325,0.05591011,-0.030532027,0.245918423,0.369148612,-0.123709545,0.069209613,0.183433086,0.030703424,0.420581847,-0.110799856,0.191572681,0.340665221,-0.050620608,0.090282016,0.208314285,0.678114653,-0.105106652,-0.017462179,-0.024322094,-0.006327536,0.145234659,0.154596329,0.366332471,0.231597126
2813,-0.099451326,0.171977609,-0.040868293,0.052770838,-0.04324444,0.248027563,0.030105863,0.123916648,0.246672198,-0.188283071,0.52037257,-0.148305267,0.002736018,0.095951378,-0.144165561,0.154799521,-0.177063867,1.06720686,-0.136925206,-0.02386176,-0.065753601,0.004698462,-0.077835836,0.190453842,0.383291364,0.238075167
2815,-0.197833061,0.115096666,0.030677982,-0.02669928,-0.018684946,0.156239346,-0.028060382,0.304273933,0.411507726,-0.070157751,0.57745105,-0.090521023,-0.070487395,0.262345463,-0.293966413,-0.01769142,-0.062024303,1.160439968,0.05022395,0.117318057,-0.03522221,-0.190504536,0.025220001,-0.199060798,0.387227744,0.231052682
2817,-0.061063368,-0.052717384,-0.027098641,-0.047301367,-0.07974308,0.408618093,0.079344302,0.182747886,0.024323761,-0.127361923,0.480795324,-0.059614867,-0.013696,0.645803511,-0.348766625,-0.11555098,0.02621717,1.226001382,0.05346613,0.301571876,-0.044877712,-0.143898636,0.110914968,-0.269333541,0.389862388,0.239922196
2819,0.093527861,-0.025746725,-0.11856807,0.003006008,-0.215789229,0.426362425,-0.020247882,0.201593831,-0.032705639,-0.078088552,0.346198469,-0.134274632,0.044946596,0.318439692,-0.219651729,-0.003676167,0.021405974,0.813136101,0.186521262,0.28317219,-0.046041038,-0.024118517,0.068122886,-0.072878949,0.425137341,0.236400992
2821,-0.159903809,0.058313444,-0.199207798,-0.137282282,0.04920885,0.646151721,-0.04156623,0.089055277,0.371504694,0.062036842,0.178805888,0.110243216,0.068285808,0.564875662,-0.262868851,-0.006097646,0.088401444,0.699623823,-0.131903097,0.008205091,-0.23387377,-0.086480364,0.230093375,0.164152727,0.426976174,0.250207037
2823,-0.116048798,0.128718108,-0.232362762,-0.157304615,0.115751714,0.498448491,-0.184317932,-0.003954581,0.347395867,0.232393801,0.227792472,0.230799407,0.307268858,0.193279147,-0.176824197,-0.05970598,0.004921847,1.044380784,0.029140634,0.069977686,-0.111962214,-0.103338949,0.351649821,0.223986939,0.386852562,0.271225125
2825,0.083333857,-0.044484142,-0.158053592,-0.103970751,0.026527172,0.340318531,-0.101682179,-0.006424267,0.07317172,0.093346335,0.292284459,0.023624962,0.18653129,0.03737659,-0.168287218,-0.266770035,0.039021723,0.838605165,0.252756596,0.054681454,-0.072955951,-0.131290317,0.311174005,0.117045768,0.364465714,0.321810603
2827,0.010112645,-0.176252291,-0.166863844,0.090048596,-0.044968788,0.402358353,0.017846005,0.117941156,0.002384467,-0.046990503,0.341528326,0.08359202,-0.033163555,0.369008154,-0.268634915,-0.105029747,0.022062922,0.838934302,0.026193937,-0.108781211,0.010889685,-0.007619934,0.019907365,0.109699704,0.363948226,0.290179491
2829,-0.026754856,-0.108224764,-0.019450659,0.119793147,-0.108871408,0.461333424,-0.134564251,-0.049140114,0.011362541,0.045894362,0.089918509,0.054859526,0.130927533,0.523750842,-0.153551355,-0.191866755,0.11035195,1.026722908,-0.22878325,-0.202713862,0.146898404,-0.032125719,0.181417987,0.194216534,0.384531677,0.223858371
2831,0.036903668,0.020315656,0.009222466,0.169282734,-0.075238548,0.353159249,-0.017569793,0.135557935,0.068122499,0.142643094,-0.109618895,-0.110632703,-0.021738481,0.552380562,-0.039513651,0.147433624,0.027113575,1.225543737,-0.461391389,-0.046888076,-0.059052031,-0.149338156,0.191428289,0.160368115,0.314281344,0.212145776
2833,0.084457926,-0.018825721,-0.018224541,0.131582588,0.099157229,0.249495432,-0.033558577,0.159229189,-0.058622036,0.179884523,0.134608984,0.037755668,0.157999605,0.580952525,0.119516343,0.246988535,0.07393869,0.993120849,-0.080842026,-0.007332616,-0.00914076,-0.172847778,0.226421669,-0.115396954,0.32315743,0.222155288
2835,-0.125742853,-0.118786246,0.009324645,0.158343792,0.097780742,0.003725803,-0.128490195,0.252764791,0.018977206,0.010772834,0.111728624,0.264197499,0.127267376,0.532534659,-0.043742862,-0.039229002,0.286131263,0.65009129,0.114588596,0.04639018,-0.007883911,0.05334904,0.093425252,-0.347608775,0.299202085,0.228418976
2837,-0.111288697,-0.029081145,-0.042235509,0.083586834,-0.154720142,0.323915303,-0.012250735,0.077341467,0.237104222,0.102719828,0.040228628,0.060799606,0.354638278,0.444287896,-0.263555616,0.143354759,0.05122494,0.653143585,0.011483544,0.246461362,-0.112630256,0.082045451,0.060772788,-0.300333232,0.322736621,0.236017078
2839,0.108593918,-0.01949352,-0.02119072,0.076976754,-0.200574964,0.771668792,-0.050795916,0.132220402,0.133411378,0.071866497,0.139617443,-0.027684113,-0.205034271,0.515830278,-0.335491389,0.307242006,-0.091475219,0.854927003,0.083525278,0.530836642,-0.0998642,-0.01681241,0.023410227,-0.019626427,0.407341272,0.239410937
2841,0.16346015,-0.174776122,-0.015681058,0.134625867,-0.068744406,0.40260151,0.1197,0.286041886,0.209576949,0.132987916,0.5117172,0.083351433,-0.033900172,0.799594641,-0.350891888,0.117858805,-0.014526461,0.997434139,0.036168933,0.34687683,-0.060071919,0.007030502,0.0677092,0.128759995,0.426141918,0.191213027
2843,0.193897828,-0.115074776,-0.03550832,0.017395183,-0.022112446,0.397265226,0.149604872,0.356819212,0.261551589,0.104693361,0.674534976,-0.095873021,0.032794479,0.578835785,-0.269262493,-0.121978536,0.236950397,1.184844136,0.179941595,-0.05212047,-0.014240177,0.08118733,0.274853319,0.096215367,0.339189172,0.14414987
2845,0.077641405,0.083255693,-0.115371525,0.077209577,-0.105712041,0.171473458,-0.237623245,0.646414876,0.148012042,-0.135344267,0.507131696,-0.296822608,0.171861768,0.325194895,-0.218391523,-0.169495508,0.101684317,1.243370175,0.553131998,0.064819425,0.20272699,-0.003109551,0.364104033,0.059380986,0.282267869,0.130466521
2847,-0.078555889,-0.018565863,-0.092259027,0.045667384,-0.23411499,0.385065556,-0.007868355,0.08259508,0.092385426,0.061973024,0.286998928,-0.149482623,0.139468044,0.423852623,-0.180977821,-0.013278412,0.120559447,1.243679523,0.61127913,0.173642755,0.110813841,-0.122456908,0.38399148,0.184623152,0.276455462,0.132787287
2849,-0.192911118,-0.113358848,-0.137175947,0.020706734,-0.221291721,0.151938125,0.152614921,0.166145951,0.091184311,-0.012033435,0.442072839,-0.053489525,0.034254689,0.708201468,-0.112172134,-0.125418857,0.411226511,1.105889916,0.435281634,0.429933101,-0.059054393,-0.144182786,0.240983218,0.218012899,0.25014171,0.174939796
2851,0.054514851,-0.000712228,-0.221467867,0.087355398,-0.150301218,0.353399575,-0.061484825,0.148452312,0.162598848,-0.077514775,0.243191451,0.01027185,0.034579683,0.673757732,-0.121694334,-0.037032023,0.1887521,1.250653386,0.414744437,0.194613248,-0.00388556,0.067305148,0.028554402,0.015579564,0.238610387,0.172334254
2853,-0.251622915,0.044052925,-0.118390128,0.048592489,0.072783448,0.381774247,0.094805732,0.028897051,0.029777693,-0.091039263,0.294032186,-0.055823557,-0.238172829,0.643321931,-0.080961816,0.112235785,0.147188261,1.313444614,0.381466448,0.134923533,0.037655946,0.099377833,0.029956315,0.046219844,0.277791321,0.19829239
2855,0.123228319,0.053609319,-0.064633429,0.125543654,0.132625297,0.352966249,0.216646463,0.186533421,0.072092876,-0.013414977,0.311450422,-0.22905241,-0.01315992,0.533254743,-0.24080579,-0.098632582,0.143946707,1.123403549,0.575469196,0.155038729,-0.074841946,0.035035625,0.22055392,-0.173090711,0.288168222,0.190324187
2857,-0.069842443,-0.213657707,0.02145865,0.265808135,0.071736917,0.310263515,0.282458872,0.245187268,0.110016316,0.399472147,0.403988212,-0.207911775,0.216937706,0.451252729,0.055961531,-0.093472786,0.240879014,0.953028858,0.358024836,0.232109308,-0.074089564,0.354768097,0.2208343,-0.298965812,0.313944399,0.161501467
2859,-0.114288047,0.03078283,0.06717971,0.135067135,-0.071844824,0.297389001,-0.260147005,0.058994129,-0.002638341,0.158456296,-0.102236822,-0.247613043,0.360613883,0.587887883,0.107146516,0.015570638,0.266761154,1.028550625,0.285930574,0.385224491,-0.033683211,0.208198711,0.192055479,-0.114668064,0.330897927,0.125690341
2861,-0.087944478,0.155810446,-0.045722976,0.066538282,0.066833861,0.301060796,-0.114296734,-0.003773815,0.238390118,-0.022412982,-0.16437602,-0.093284912,-0.016784091,0.690527081,0.113021955,0.161043078,0.222977951,0.933440268,0.221030444,0.376679599,0.063456684,0.108697593,0.179999337,-0.05314751,0.358162582,0.080686629
2863,-0.08695662,0.142715976,-0.126883984,0.064341843,0.065176651,0.127547145,0.0148731,0.129558921,0.274848342,0.096142828,0.101652943,0.066240087,-0.296700865,0.611078084,-0.00647388,-0.134060413,-0.005055179,0.943759799,0.421828121,0.272466004,-0.103156969,0.016085118,0.174724326,-0.184583917,0.309669077,0.094133176
2865,0.03475254,0.024325186,-0.089908086,0.040444482,-0.108677343,0.225943983,-0.054798897,0.471538872,0.121194445,-0.158894002,-0.206967682,-0.083700053,-0.20188053,0.852317989,0.029702788,-0.066060804,0.060419407,1.160627007,0.347289026,0.268655568,-0.089305326,-0.171050787,0.126930699,-0.139561713,0.224053979,0.090536356
2867,-0.020350989,-0.023883384,-0.117872417,-0.058202799,-0.071358159,0.308813751,-0.041098207,0.533783495,0.305609494,-0.096408188,0.161443055,-0.108688712,-0.061323598,1.020238757,-0.203892231,0.0378519,-0.123895459,1.041799188,0.514976442,0.188622117,0.111173712,0.043185722,0.256818324,0.01673007,0.244163215,0.101231366
2869,0.109103173,-0.160584792,-0.198059469,-0.07651224,-0.061620943,0.208165765,-0.102111287,0.202966601,0.28060919,-0.028973874,0.635184526,-0.22231622,0.130064785,0.624692142,-0.39372614,-0.017592531,-0.068540767,0.994985282,0.421475679,-0.043427721,-0.15980041,0.079368316,-0.030978203,0.105169952,0.221029162,0.049010571
2871,-0.062466726,-0.025564823,-0.186646834,0.043939859,0.02673533,0.289397776,-0.094184332,0.128121033,0.069180146,0.058406182,0.287173867,-0.057306945,-0.006384204,0.401916534,-0.344068438,0.216764063,0.099219061,1.449445009,0.027145568,0.09786126,-0.260953397,0.233743265,0.26442942,-0.1717114,0.251490951,0.072424531
2873,-0.106097117,-0.09826839,-0.218127713,0.155246466,0.114920616,0.475197256,-0.078740358,0.041364722,0.319998741,0.015451629,0.192503288,-0.060968593,0.057571538,0.594882667,-0.312912107,0.038740076,0.296129882,1.548090577,0.005119011,0.258696824,-0.106725931,-0.108596079,0.249898225,-0.142907962,0.257689416,0.067947306
2875,0.151936963,0.015861701,-0.20857048,0.12830925,-0.068332106,0.008365942,-0.030814251,-0.017533401,0.155653611,-0.084657744,-0.068950295,0.140195817,0.000904448,0.605664015,-0.253659159,0.054376908,0.177721664,1.498286843,0.30006665,0.229673937,-0.169920504,-0.075979322,0.433541268,-0.125903904,0.286920339,0.065900862
2877,-0.057594817,0.185445085,-0.041941989,0.327236682,-0.368819952,0.118853971,-0.264858902,-0.14835909,0.511931539,-0.135448352,0.08229892,0.243017405,0.005242467,0.687748134,-0.039599191,0.356724501,0.131403536,1.589387894,0.439470828,0.381810337,-0.027240163,-0.132561207,0.385872155,-0.000107196,0.21219644,0.076914743
2879,-0.167768642,-0.195935637,-0.110344812,0.190063581,-0.204960451,0.354353905,-0.284433573,-0.070171423,0.439103216,0.145547122,0.235765815,-0.138136536,0.366773397,0.54234302,0.101404175,0.195939258,0.024656681,1.542134881,0.195090279,0.320077479,-0.207149163,-0.422943711,0.151276529,-0.089357838,0.163399428,0.065009959
2881,-0.105943635,0.197074369,0.050361194,0.121818639,-0.103734531,0.477720052,-0.307384223,-0.104947172,0.528618515,0.129300758,0.148818001,-0.138412446,0.047420569,0.496461391,-0.009718927,-0.040842038,-0.147648841,1.507583618,-0.020776251,0.004177484,0.031290613,-0.351783752,0.219944388,-0.105062939,0.208079144,0.06329073
2883,-0.320821285,-0.132094845,0.032906756,-0.042733949,0.014691463,0.409747005,-0.065571733,0.296714097,0.680341661,-0.101493545,0.177297786,-0.252355367,0.188498035,0.105631053,-0.131651938,0.067840189,0.513301969,1.505802989,0.102197714,0.087823004,-0.124216944,-0.190570638,0.314718366,-0.503067195,0.212426394,0.073140964
2885,-0.07288561,-0.162311554,0.011761735,0.1089212,-0.045164715,0.320027381,0.132873997,0.46601069,0.339990437,0.039692823,0.456225753,-0.060947783,-0.037644267,0.055729613,-0.301814556,0.122227333,-0.038918465,1.283354998,0.153401121,0.38726452,0.128831208,0.001133812,0.351163566,-0.284344614,0.301247746,0.11464975
2887,-0.404259712,0.028818766,-0.025781844,-0.001776624,-0.040828615,0.332099199,0.326526105,0.227435768,0.016393129,0.015603659,0.285989732,0.141280189,0.054628115,0.608566046,-0.246682167,0.029932132,-0.030408651,1.074639082,0.346340835,0.53399682,-0.009290948,0.041699011,0.154424384,0.0361007,0.294622421,0.09177848
2889,-0.233956382,-0.196086824,0.07067696,-0.007024914,-0.108195044,0.431727737,0.248220831,0.067094915,0.004872908,0.042194717,0.146116495,-0.06278725,0.210144803,0.464394271,0.021688905,0.163940102,-0.04316406,0.782014906,0.389452487,0.492406636,-0.033595454,-0.165049195,0.439160168,0.080408067,0.28772074,0.058615632
2891,-0.150161192,0.048430979,-0.04291033,0.133910313,-0.016171414,0.102386966,0.191172823,-0.12318176,-0.058456212,-0.093451381,0.149782076,-0.166538537,0.091687679,0.303667456,-0.104449734,0.144318461,0.233420551,1.269289613,0.146684989,-0.097313158,-0.366102666,-0.294104725,0.357284516,-0.064093381,0.308430195,0.064864449
2893,-0.084170535,0.078330569,-0.257238209,0.167095482,0.068571016,-0.107707694,0.135322869,-0.172374114,0.125281945,0.091661148,0.550096929,-0.191202834,-9.07E-05,0.527906001,-0.083862744,-0.066527195,0.247350127,1.220039606,0.025346935,-0.313434541,-0.18736656,-0.043136977,0.158458993,-0.001168388,0.273923904,0.016310332
2895,0.150304437,-0.411740899,-0.350634813,0.101663329,-0.261764407,0.134588331,-0.103902943,-0.091992408,0.147385255,-0.058553744,0.439445317,0.274409562,-0.168288991,0.20622243,0.156308144,-0.293319732,-0.075393081,1.342055917,0.278432369,-0.072203003,-0.129750192,0.259589285,0.134565443,0.137708515,0.189188257,-0.045065906
2897,0.15751797,-0.175099045,-0.33131963,0.025497673,-0.169606626,0.319371521,-0.222312674,-0.00113959,0.062499154,-0.120109007,0.483862519,-0.019921158,-0.101844221,0.272381425,-0.236841172,-0.180112019,-0.143980011,1.149400115,0.564328015,-0.127489597,0.103014067,0.070882112,0.047188308,-0.045055721,0.179852277,-0.039963961
2899,0.192956805,0.1440624,-0.009650106,-0.006308413,-0.283553123,0.647072673,-0.211200342,0.483286798,0.149988249,-0.046485014,0.455645442,0.057528485,0.090171352,0.716160119,-0.031362403,-0.423955202,0.148523018,1.184263229,0.258375645,0.005113949,-0.028573258,-0.461920917,0.001345998,-0.043068875,0.260144919,-0.013714603
2901,0.217836872,0.026110549,-0.069466636,-0.243393943,-0.267740071,0.601963341,-0.125745431,0.642359138,0.453091711,0.025175817,0.159484565,0.268886745,0.225363642,0.730971217,0.014669677,-0.360611051,0.499414295,1.378031611,-0.133051023,0.243030414,-0.241819918,-0.37789014,0.255437285,-0.226050645,0.22379747,0.03126565
2903,-0.017720256,0.015110265,-0.197955266,-0.018867394,-0.17745015,0.320598811,-0.17721504,0.407841802,0.331217736,-0.087673917,0.280105114,0.24788326,0.167107642,0.771624982,-0.149917543,0.073120348,0.272739917,1.72273016,0.049393956,0.142340794,-0.139617577,-0.138703421,0.436509073,0.062251758,0.282718658,0.106447756
2905,0.038240336,0.175236747,-0.217430383,-0.11872422,-0.061282203,0.431561291,0.274403751,0.515960276,0.446525842,0.165179744,0.569388211,0.228038043,-0.11563091,0.990803003,-0.114863031,0.120143898,-0.036449794,1.237411737,0.052128833,0.047234517,0.062684096,0.242188469,0.249901563,0.41178745,0.363235921,0.102104992
2907,0.059769712,0.315359205,-0.155004635,-0.116835065,0.410933316,0.62792927,-0.102548763,0.252344429,0.905546129,0.307587534,-0.053043187,-0.098346099,-0.026690776,0.847794771,-0.25937885,0.187221006,-0.308160812,1.012165546,-0.043542579,0.056875214,-0.10307838,0.173380867,0.552305639,0.345425457,0.409990668,0.070316926
2909,-0.134251252,-0.33984527,-0.185375273,-0.205648586,0.090195879,0.646008313,0.115464538,0.429253697,0.663709402,-0.244201764,-0.039157599,0.085454136,0.301086128,0.655477822,-0.318865746,0.100549594,-0.229145765,0.905942321,0.148856774,0.251700997,-0.248510972,0.039616551,0.181076363,0.218831137,0.388193011,0.064360335
2911,0.0270952,-0.192699313,-0.215075552,-0.085275322,-0.161011666,0.86111033,0.154185787,0.181887478,0.521564245,-0.268952221,-0.020762036,0.267437547,0.470152825,0.697683692,-0.250666529,-0.050986938,-0.380755395,1.035877109,0.087625183,0.217747837,-0.35221836,0.035588928,-0.131123066,-0.018457923,0.372442365,0.09303841
2913,0.077986747,-0.024581928,-0.132735297,-0.07130453,0.199537024,1.052234292,-0.214350015,0.239530146,0.609676361,-0.326901346,-0.173259094,-0.138353363,-0.226761296,0.992520452,0.07000263,-0.040764112,0.198945925,1.485187173,0.098294802,0.58870095,-0.212311581,-0.071310483,0.135826334,0.105159692,0.331593454,0.06858895
2915,-0.151634902,0.061045393,-0.201065391,-0.103692673,0.292657703,0.728771389,-0.074262768,-0.1609786,0.690388143,-0.323909342,0.158658653,-0.169644132,0.011676416,1.097727418,-0.662576377,0.407950848,0.919463217,0.868937433,0.026915137,0.575286865,-0.297498882,0.16746442,-0.219738737,-0.252947718,0.412302136,0.028225774
2917,-0.268144518,-0.294200122,-0.084333137,-0.281930715,0.039244488,0.493380606,0.233658418,-0.113202699,0.639625192,-0.254981458,0.300614417,0.235146776,-0.166174963,1.233897209,-0.121981636,0.411560178,0.524490774,0.734616995,-0.033087093,-0.089213446,0.243791759,-0.245627493,0.134405136,-0.051147249,0.367565513,0.006403763
2919,-0.190707818,-0.138227955,-0.146174908,-0.117345728,-0.13089475,0.548259854,0.073431768,-0.078227289,-0.073735759,-0.007276889,0.725681543,-0.376138985,0.44183445,1.156373501,-0.070163049,0.217292696,0.159562215,1.390180826,-0.597141683,-0.123572148,0.063662849,-0.477015674,0.106743976,0.254692435,0.347475141,-0.074290827
2921,-0.137978747,0.276041299,-0.138761565,-0.01565595,-0.021802275,0.582448244,0.058619883,0.053107232,-0.106330544,0.200319856,0.563468635,-0.087176964,0.487812907,0.518058836,-0.630505085,0.39790684,0.150561035,1.65983367,-0.011449055,0.127568617,0.001840952,-0.089483976,0.260941029,-0.149335027,0.292768061,-0.055182591
2923,-0.341018707,-0.072229147,-0.143094271,-0.171502456,-0.180158108,0.326327622,0.046614151,-0.073091045,0.057722732,0.313827485,0.713569641,-0.059112348,0.50959754,1.031063676,-0.484681398,0.251354843,0.104742587,1.537648082,0.452899486,-0.291878521,0.03121851,-0.203254431,0.640656233,-0.010095663,0.269382238,0.050382443
2925,-0.316829354,-0.511676908,0.091172963,-0.163358718,-0.224334866,0.108394459,0.203669488,-0.027400013,0.413517356,-0.227701887,0.896025121,0.02665863,0.537806153,1.871524096,-0.305202991,0.042386759,-0.408029079,1.653751493,0.320159644,0.162850097,0.003463187,-0.075105235,0.601394415,-0.23687093,0.308784127,0.008912221
2927,0.104779616,-0.20299682,0.201311916,0.13124761,-0.247902647,0.311967373,0.240321994,-0.037856203,0.830478787,0.137708485,0.480789095,0.511527777,0.022694826,1.457683563,-0.377672464,-0.206926346,-0.301871657,1.810287714,0.112478837,0.136297598,0.037108637,-0.058006614,0.12748161,-0.288059115,0.331458837,0.024384392
2929,-0.2355147,-0.050284423,0.057497732,0.314773887,-0.251700819,0.529853165,-0.188145861,0.110539511,0.373681813,0.25184989,-0.070239045,0.084700689,-0.287593305,0.585343122,-0.692276239,0.052786544,-0.541716814,1.556881905,0.641071737,-0.574570775,0.219482929,-0.188308269,-0.146928638,0.20417513,0.289065212,-0.001054855
2931,-0.731644154,-0.157741159,-0.274460614,0.045499511,-0.0555121,-0.039101209,-0.067623474,-0.0746608,0.394369245,-0.040145602,-0.081769444,-0.519770265,-0.216164306,1.161408544,-0.351175904,0.766141891,-0.122424401,1.66551733,-0.419243962,-0.274832487,0.373149991,-0.188357383,-0.290168405,0.357696176,0.491167903,-0.091705598
2933,-0.107690886,-0.569526196,-0.294114053,-0.038929254,0.041183107,0.22010465,0.21036835,-0.019272458,0.097989812,0.006000429,-0.179907233,-0.382320434,0.395270079,1.468028307,-0.999436319,0.57292217,-0.341820776,1.491787434,-0.057532333,-0.647720456,-0.194260642,-0.285637915,-0.151240051,-0.435760051,0.507579565,-0.185508698
2935,-0.110169545,0.247298777,-0.485380352,0.415733993,-0.031165686,0.375378489,-0.08842741,0.102267489,-0.289047241,-0.097856693,0.466031909,-0.456511527,0.342827559,1.044235349,-0.918936908,0.588632047,0.035970207,0.683902919,0.465432107,-0.49550578,0.08362744,-0.148521885,0.423602909,-0.250555038,0.415483832,-0.103016973
2937,0.169206873,0.374663413,-0.127548963,0.436786652,-0.281064838,0.110682279,-0.250496835,0.395433336,0.092778437,0.257937163,0.018593263,-0.618129015,-0.066553265,0.469900846,-0.362841934,0.969772577,-0.208358631,1.116277456,0.188377067,0.244809791,0.051011704,0.089732438,0.508542895,0.089754038,0.418901443,-0.005748828
2939,-0.003835154,-0.272384942,-0.284550816,0.222239912,-0.132637903,-0.321396083,-0.266505063,0.671687007,-0.043839913,0.744027019,0.168150291,-0.266842902,-0.802908599,0.133939624,-0.100861251,0.875907183,-0.23843044,0.623596489,-0.413029999,-0.204171032,-0.176742718,-0.43310979,0.192014337,0.703597426,0.296063095,0.16208975
2941,-0.311139494,-0.037178874,-0.486732274,-0.147836179,-0.491699278,-0.22196126,0.448940367,0.228461385,0.411088586,0.576647758,0.234185874,0.825354457,-0.207901299,0.569991231,-0.494321376,0.19367747,-0.487138599,0.884271562,0.22660175,-0.032917943,-0.097838335,-0.117104977,0.20673281,0.04445802,0.384589493,0.184432045
2943,0.099126175,0.721798837,-0.30426082,-0.384626448,-0.779444754,0.216859117,0.770616472,0.538594186,0.742448747,0.142548367,0.573134243,0.420490861,0.167398289,0.350082338,-1.216053843,1.085446954,-0.642039657,0.651955545,0.241104037,-0.054968908,0.500498056,0.308238804,-0.312967539,-0.367918611,0.525604069,0.03387057
2945,-0.253215969,0.521278024,-0.195037737,0.140799984,-0.167561814,0.191438407,-0.327752858,0.535517275,0.754696906,-0.62011826,1.220030546,0.464850634,-0.611096978,-0.027699996,-1.050920844,1.35956943,-0.142324075,1.089337826,0.031573065,-0.328624666,-0.157411277,0.084069565,0.077199377,0.283647209,0.657927752,-0.076780193
2947,-0.328161299,-0.207033038,-0.672996581,0.47360146,-0.299729645,0.946330547,-0.098941788,0.279663622,0.742102146,0.367806315,1.864914298,0.265893131,-0.255401462,-0.720623434,-0.887494802,0.95124042,-0.482867986,1.072872519,0.800019741,0.050616942,-0.562432349,-0.381077975,0.463336229,-0.033255152,0.61932981,-0.115220912
2949,-0.26926586,-0.380390406,-0.746263087,0.816287458,-0.450384438,1.845519662,-0.130803347,0.520245492,-0.04886011,0.152554855,1.206077337,-0.361903548,0.789939523,0.067906708,-0.383887738,1.360131502,-0.130651101,0.498476207,1.204898357,-0.144305289,-0.438259363,-0.086969748,0.157711476,0.130189732,0.398621798,-0.15494734
2951,-0.489471138,-0.145027757,-0.669647634,0.649521947,-0.527828693,0.803333282,-0.060141023,0.562240839,-0.087944128,0.502126217,-0.349454254,0.409655631,-0.444820911,0.576002896,-1.252317548,0.232704088,0.21874401,1.074545622,-0.07122162,0.176133811,-0.390340894,-0.967655182,0.015595769,-0.426037848,0.503570974,-0.158713982
2953,-0.509888828,-0.058333319,-0.202729106,0.276669592,-0.349256843,-0.558778465,-0.870438993,0.111984625,0.356225342,0.267596662,-0.24310416,-0.237678811,-0.90646565,0.05140264,-0.430851161,-0.549469948,-0.039769184,0.406557053,-0.716766536,0.443536729,-0.000391026,-1.075533867,-0.153087407,-0.498997867,0.80451721,-0.093842685
2955,0.143665269,-0.260204226,0.194947392,0.233847141,0.50442344,0.430749714,0.139486283,0.757528901,0.918255091,1.054952264,1.572172284,-0.318735987,0.048684213,-0.265518129,-1.334858656,-0.882118165,0.922381878,0.801193357,-0.252606332,-0.105867811,0.236234725,-1.337541223,0.522360206,-1.166800261,0.702086806,-0.155897602
2957,0.080671407,-0.509888589,-0.207432121,-0.120235488,0.290372521,0.632473648,0.824259937,0.222589538,-0.110315867,0.770563126,2.182298422,-0.115502439,1.027274132,-0.789519012,0.349541128,-0.538046241,1.038615823,0.094071969,-0.254918575,0.340953916,-0.139083147,-1.065011978,1.327974796,-0.523284554,0.506227493,-0.167147666
2959,-0.822973669,0.389217496,-0.02995131,-0.376539916,-0.651316345,-0.07930664,0.250725687,0.318771333,0.678127646,0.814950883,0.20272097,-0.050631076,1.549440265,0.321163774,-0.509041369,1.224731445,0.84392792,-0.670943439,-2.135340214,0.918529749,-0.360475153,-1.049066305,0.905796349,-0.466190845,0.334546387,-0.133674622
2961,-1.578756094,1.926215887,0.147479102,-0.177540019,-0.677996039,0.438235134,0.197595477,-0.993905306,0.077415317,0.234387204,0.597265303,1.062975764,0.678061366,0.681076348,-1.453546166,1.158779263,0.745207071,-0.883663118,-0.971212983,0.545813084,0.251456231,-0.702795208,-0.174237177,-1.485106826,0.424010664,-0.176567242
2963,-1.190962076,1.399454474,-0.714825571,0.340596616,0.031839386,0.659683943,-0.043034136,-0.911148071,0.788898826,-0.652803421,0.319254547,-0.0912714,0.670871913,-0.477269262,-0.70308727,0.607492924,-0.973286688,-0.66023165,-1.072236538,-0.134869918,0.244104743,0.665505767,1.167591453,-1.465239048,0.748989642,-0.269425333
2965,-1.243899822,0.338222593,-0.48990339,0.336958915,-1.454498529,-0.397561431,0.011438427,0.167751223,0.172472596,-1.169935346,0.318589151,-0.774918795,0.162417471,-0.578744233,-2.051204681,0.140174121,-0.443951398,1.994066358,-1.734973431,0.184726343,0.066475652,0.460252285,-0.377407342,-0.659792364,0.918940783,-0.562378347
2967,0.795024395,-0.69006747,-0.723897874,-0.042761326,-2.452642441,-0.305738121,-0.044446718,-0.221310943,-0.690406978,1.680787206,1.355419159,-0.498279691,0.746851802,0.601511061,-1.847604752,1.053352475,2.243924856,1.252097964,-2.879680872,-0.576611757,-0.213313878,-0.692663372,-0.312433749,0.652712286,0.611576557,-0.558241606
2969,1.280736208,1.135848403,-0.464434683,0.616290689,-2.451630831,1.3093431,-0.403310597,1.436148643,-0.51470542,2.031130075,2.249332428,0.24154453,0.421674252,0.049056917,0.451876819,1.805616975,2.406899214,0.679572523,-1.879922509,-0.335221261,-0.50177145,-0.929991007,1.296071649,-0.657226384,-0.043768294,-0.388789177
2971,0.448775947,0.502813518,0.679202795,1.268448591,-1.198763251,0.989790618,-0.870068014,0.195691481,0.970444858,0.23159337,2.258842468,-0.374488205,-1.124372959,3.630782604,-0.4426983,0.139743879,3.445158958,0.856533825,0.425816894,-0.254956752,0.131496102,-1.8411057,1.214758158,-2.625205755,0.110350043,-0.30321157
2973,-2.201334953,-2.342236757,0.60126996,0.664346993,-2.104743958,0.73603189,0.186684638,0.219149396,0.251679093,-1.778249383,-0.70783186,0.201575682,2.059715271,1.405496478,-2.724720716,-0.49290368,1.031843305,-0.682434738,-1.231295109,-1.96481657,0.398125768,-1.647291422,0.125352383,-3.341465712,1.037795544,-0.249708727
2975,-2.938755512,-2.240012884,-0.675477803,-0.812992096,-3.12641716,-0.932606101,-0.31059292,0.692910314,1.213362575,-2.082914352,-1.740766287,-1.158179045,1.217262387,0.534079552,-1.351279378,1.427234769,-1.802357078,0.109218836,-1.792852879,-1.75502789,-0.932375669,0.635627091,1.306185365,-0.86560744,1.280954242,-0.237406641
2977,-2.126823187,-4.122164726,-2.158727407,0.252916455,-2.693885565,-0.829062343,-1.161430359,-0.192168504,0.618143618,0.68253392,2.970224142,1.643728495,-0.678182602,-0.917135179,-0.058440655,1.136607289,-1.286187053,2.986262083,-3.674557209,-3.987697363,0.442327946,-1.237806082,1.271622181,-1.997716546,0.517253637,-0.38198784
2979,-3.458548307,-1.345662475,0.235629708,-0.403494447,-4.048909187,-2.777868032,-2.93271184,-0.555318773,1.636838794,5.706257343,1.62730372,1.649737716,-3.388683081,-0.014484033,-1.002794504,-0.380677611,-1.546069384,2.580237389,-6.228269577,-0.73160094,2.692257404,0.321036071,0.598005235,-1.785993099,-0.135515153,-0.201513469
2981,-0.793191731,0.218196988,-1.164227247,-0.119820043,-2.851178885,-1.823369026,-2.281265259,-0.777258396,1.547265291,3.312908411,-0.693084002,0.25279367,-3.578505278,-4.894645214,-2.460846663,-4.764572144,5.257464886,4.092581272,-2.307815552,-2.765963793,2.369041443,1.327932477,0.218139261,0.567746997,-0.363014758,-0.12152455
2983,2.911323547,-0.386171103,-2.363435745,0.296146363,-5.535401344,-1.53311491,5.701920033,2.784862757,3.792105436,-1.92562294,4.806254387,2.477828026,-1.792941928,-3.066193581,1.237530828,-7.158714294,4.356472015,0.145381361,-5.456631184,-3.015960217,4.88513422,-5.887276173,1.313669562,-3.071674824,-0.516481519,-0.436286896
2985,-6.905755043,-8.512887001,-3.624390841,-0.78441149,-6.154500484,5.783170223,7.384780407,7.666457176,-5.012916088,-5.075994015,12.01608181,16.15915108,-1.490958095,-7.863590717,-6.983239651,2.684172153,3.4990592,4.820762157,-6.043383121,0.923218668,1.050790429,-7.136371136,4.588515282,2.841670752,1.184565067,-2.031151295
2987,1.574991703,-4.292630672,-3.115478754,5.638137341,-4.288451195,5.931649208,-3.561625957,21.70210457,-5.652431488,-9.451954842,20.79704666,19.15290451,4.388192654,-4.590786934,-8.691784859,6.330062866,-3.055850983,12.99522495,-20.30503464,-14.57900429,-10.00154972,-11.73216057,14.89567852,-6.338624001,1.198785305,-1.77427578
2989,6.827579975,-3.279069424,-7.870517254,7.823115826,0.192154214,15.80238914,-14.21745682,7.931415558,-13.69142246,-1.986132383,10.40841675,5.373878956,-9.492938042,3.394437313,-22.20808029,11.36647224,15.30810642,5.578539848,-16.44844437,-4.272688866,-12.2797575,-28.33807945,8.182965279,-31.68665695,3.8571136,-2.539978027
2991,9.586767197,10.27000237,0.231000379,3.90750432,-1.381297946,-4.085069656,-4.81059885,-1.25852704,6.48319912,-6.571868896,23.09780312,7.985288143,-2.070220232,6.692641735,-23.49842644,5.335969448,-0.567547023,19.57194328,33.62646484,-3.903321743,-10.24339962,-22.99617958,14.51629543,-26.24798012,6.278829098,0.397102088
2993,3.962824345,-8.198480606,5.886680126,9.750850677,-8.313059807,9.463857651,-5.628857613,24.04429436,-12.11876202,-22.27040291,13.65697384,-10.48832703,-9.942185402,-7.532457829,-23.54367447,17.9227047,11.61753941,6.730071545,21.92890358,-1.290528059,4.241902828,-17.58947372,11.92913914,-15.58557129,3.859427452,2.538533211
2995,2.34130168,-7.938101768,-2.725566149,10.46963406,-11.7322607,19.98740387,-10.20145321,20.4670105,-10.27784061,2.358922005,-3.725074291,0.285859644,1.156376004,-14.37201023,-15.79194069,15.84499168,15.39813709,-10.93510723,-16.81519127,-2.046976566,0.750665009,-5.889611721,2.124676466,-16.06250191,-0.209286511,-0.281242371
