ENVI ASCII Plot File [Wed Dec 10 19:00:14 2025]
Column 1: Wavelength
Column 2: X:514 Y:503~~1
Column 3: X:501 Y:507~~2
Column 4: X:488 Y:512~~3
Column 5: X:476 Y:517~~4
Column 6: X:481 Y:520~~5
Column 7: X:485 Y:515~~6
Column 8: X:489 Y:510~~7
Column 9: X:494 Y:508~~8
Column 10: X:499 Y:506~~9
Column 11: X:504 Y:504~~10
Column 12: X:510 Y:503~~11
Column 13: X:518 Y:506~~12
Column 14: X:520 Y:501~~13
Column 15: X:522 Y:495~~14
Column 16: X:524 Y:489~~15
Column 17: X:526 Y:483~~16
Column 18: X:528 Y:477~~17
Column 19: X:531 Y:471~~18
Column 20: X:534 Y:465~~19
Column 21: X:543 Y:466~~20
Column 22: X:552 Y:467~~21
Column 23: X:561 Y:468~~22
Column 24: X:563 Y:464~~23
Column 25: X:565 Y:460~~24
Column 26: X:570 Y:456~~25
Column 27: X:576 Y:452~~26
Column 28: X:582 Y:448~~27
Column 29: X:588 Y:443~~28
Column 30: X:594 Y:438~~29
Column 31: X:599 Y:433~~30
Column 32: X:603 Y:427~~31
Column 33: X:607 Y:431~~32
Column 34: X:611 Y:435~~33
Column 35: X:615 Y:440~~34
Column 36: X:622 Y:449~~35
Column 37: X:531 Y:128~~36
Column 38: X:536 Y:136~~37
Column 39: X:541 Y:145~~38
Column 40: X:530 Y:144~~39
Column 41: X:519 Y:142~~40
Column 42: X:507 Y:139~~41
Column 43: X:513 Y:137~~42
Column 44: X:519 Y:134~~43
Column 45: X:525 Y:131~~44
Column 46: X:530 Y:128~~45
Column 47: X:529 Y:122~~46
Column 48: X:528 Y:116~~47
Column 49: X:526 Y:110~~48
Column 50: X:509 Y:100~~49
Column 51: X:492 Y:90~~1
Column 52: X:475 Y:80~~2
Column 53: X:458 Y:70~~3
Column 54: X:441 Y:60~~4
Column 55: X:580 Y:286~~5
Column 56: X:589 Y:279~~6
Column 57: X:599 Y:276~~7
Column 58: X:610 Y:273~~8
Column 59: X:621 Y:270~~9
Column 60: X:189 Y:517~~10
Column 61: X:195 Y:528~~11
Column 62: X:206 Y:525~~12
Column 63: X:202 Y:523~~13
Column 64: X:198 Y:521~~14
Column 65: X:194 Y:519~~15
Column 66: X:190 Y:517~~16
Column 67: X:186 Y:515~~17
Column 68: X:124 Y:458~~18
Column 69: X:124 Y:455~~19
Column 70: X:132 Y:456~~20
Column 71: X:229 Y:179~~21
Column 72: X:227 Y:174~~22
   399.924103    11.000000    -3.000000    -3.000000    -1.000000     3.000000     0.000000     8.000000     0.000000    -4.000000    15.000000    -8.000000    -1.000000     4.000000     4.000000    -1.000000     1.000000    17.000000    -1.000000     5.000000     7.000000     3.000000     0.000000    -1.000000     9.000000    10.000000     8.000000    -3.000000    -1.000000    -4.000000     1.000000     5.000000     8.000000     2.000000     0.000000   -10.000000     4.000000     8.000000     1.000000     5.000000     8.000000     5.000000    19.000000     1.000000     0.000000     8.000000    -2.000000     9.000000    10.000000    18.000000   -12.000000     3.000000     4.000000    12.000000    -8.000000   -12.000000     6.000000     2.000000    17.000000     7.000000    12.000000    15.000000     0.000000    10.000000    -1.000000     0.000000    10.000000     4.000000     8.000000     0.000000    19.000000    18.000000
   401.119995    -8.000000    -8.000000     9.000000    -4.000000    10.000000     5.000000    -3.000000    -2.000000     2.000000     7.000000     5.000000     2.000000    10.000000     4.000000    -2.000000     9.000000     6.000000     9.000000    -3.000000    -5.000000     7.000000    18.000000    27.000000    -7.000000     6.000000     6.000000    -2.000000    -6.000000   -13.000000    16.000000    -3.000000     4.000000     4.000000     2.000000     3.000000    19.000000    11.000000     8.000000    -4.000000    23.000000     1.000000    -9.000000     7.000000    18.000000     1.000000    -1.000000    -5.000000     0.000000    -2.000000    -7.000000     1.000000    19.000000    -2.000000     3.000000    -7.000000    12.000000    14.000000    10.000000     0.000000    15.000000     9.000000     6.000000    13.000000    -1.000000     8.000000     8.000000    10.000000    12.000000    16.000000    16.000000    16.000000
   402.316406    13.000000   -12.000000    -9.000000    16.000000     9.000000    -5.000000    20.000000    -5.000000     1.000000   -12.000000   -11.000000     5.000000    18.000000     6.000000     5.000000     9.000000    12.000000   -12.000000    21.000000    -6.000000    -4.000000    -1.000000     3.000000    -4.000000    17.000000    20.000000     6.000000    -9.000000    -4.000000    -5.000000    -2.000000    11.000000    -3.000000     8.000000     6.000000    10.000000     4.000000    21.000000    -5.000000   -21.000000    10.000000     0.000000   -18.000000    12.000000    -3.000000     5.000000     9.000000     3.000000    -6.000000     3.000000    17.000000    12.000000    17.000000     0.000000    -4.000000     5.000000     6.000000     0.000000    -5.000000    20.000000    14.000000    11.000000    20.000000   -11.000000     7.000000     4.000000    16.000000    11.000000    18.000000     1.000000    19.000000
   403.513306   -10.000000    20.000000     6.000000    12.000000     0.000000    -4.000000    -6.000000     2.000000     9.000000    18.000000    -4.000000    11.000000     7.000000    -6.000000    -1.000000   -12.000000   -10.000000     1.000000   -18.000000    13.000000    11.000000    -5.000000    11.000000    13.000000     1.000000    -2.000000     5.000000     3.000000    -2.000000    10.000000    -7.000000    25.000000    -4.000000    21.000000    -3.000000    -5.000000    10.000000    14.000000    23.000000    -1.000000   -12.000000     0.000000    -2.000000     7.000000    13.000000     6.000000     0.000000    -2.000000    10.000000    -2.000000     4.000000     4.000000    -5.000000    13.000000    -6.000000     0.000000     3.000000    -7.000000     1.000000    22.000000    15.000000     0.000000    17.000000     3.000000    25.000000    11.000000     4.000000    14.000000    -8.000000    15.000000    23.000000
   404.710602     2.000000     2.000000     1.000000     6.000000    13.000000    -2.000000     0.000000     6.000000     3.000000     0.000000    18.000000     8.000000     1.000000     2.000000    15.000000    -9.000000    21.000000     0.000000     3.000000    15.000000    -1.000000     7.000000     7.000000    12.000000     5.000000     5.000000     8.000000    -7.000000     8.000000   -14.000000    -7.000000     7.000000    11.000000    20.000000    -2.000000     6.000000    10.000000     8.000000    14.000000     2.000000    12.000000    15.000000     1.000000    12.000000    16.000000     2.000000    12.000000     7.000000    -7.000000     0.000000     7.000000     5.000000     7.000000    17.000000    11.000000   -10.000000     4.000000    16.000000     1.000000    13.000000     8.000000     6.000000    12.000000    18.000000     8.000000    11.000000    19.000000     0.000000     5.000000    -5.000000    15.000000
   405.908508     2.000000     7.000000     3.000000     5.000000     6.000000     1.000000    17.000000    17.000000     5.000000     0.000000    11.000000     6.000000    -6.000000    -3.000000     1.000000    -2.000000     0.000000    20.000000     5.000000     1.000000     1.000000     0.000000    -2.000000     2.000000     0.000000     6.000000    11.000000    11.000000     8.000000    -3.000000    19.000000    13.000000    12.000000   -13.000000     6.000000    22.000000     2.000000    -2.000000   -15.000000    11.000000    -9.000000     1.000000    10.000000     2.000000    -8.000000   -15.000000     0.000000     4.000000    -7.000000     3.000000   -13.000000   -23.000000    -5.000000    35.000000    10.000000    -8.000000    12.000000    10.000000    -7.000000    12.000000     5.000000     1.000000     0.000000     4.000000    10.000000     5.000000    13.000000    18.000000    -1.000000     5.000000    10.000000
   407.106812    -1.000000    -6.000000     0.000000     8.000000    -5.000000     5.000000    -1.000000     3.000000     7.000000     4.000000     8.000000    14.000000    -2.000000     0.000000    -5.000000    10.000000   -16.000000    -4.000000    -1.000000    -1.000000     0.000000   -13.000000    -6.000000     6.000000    -6.000000    -3.000000     0.000000    -3.000000     1.000000     6.000000    -2.000000     1.000000    11.000000   -14.000000    13.000000     2.000000    23.000000     3.000000     5.000000   -10.000000     8.000000     4.000000    -6.000000     0.000000    13.000000    12.000000     2.000000     3.000000    -1.000000     5.000000     2.000000     0.000000     1.000000     8.000000     5.000000    -3.000000     1.000000    13.000000    -4.000000     3.000000     5.000000    -2.000000     3.000000    21.000000     9.000000    14.000000    14.000000    13.000000     5.000000     7.000000    -4.000000
   408.305603     1.000000     1.000000    18.000000     0.000000     5.000000     0.000000     8.000000    11.000000     2.000000    15.000000    10.000000     7.000000     0.000000    -4.000000    -1.000000    -1.000000     6.000000    -4.000000    -9.000000    -3.000000     3.000000     1.000000     3.000000     8.000000     8.000000     9.000000     0.000000    -6.000000   -17.000000     3.000000     0.000000     6.000000     1.000000    -5.000000     2.000000     3.000000    -1.000000     6.000000    -9.000000    14.000000    10.000000     5.000000    18.000000    -6.000000     4.000000    -8.000000     5.000000     7.000000    15.000000     0.000000     3.000000    10.000000     6.000000     4.000000    -2.000000     0.000000    10.000000     4.000000     4.000000     7.000000    21.000000    -5.000000    15.000000    -8.000000     9.000000    14.000000    14.000000    15.000000    13.000000    12.000000    20.000000
   409.504913     5.000000    14.000000     1.000000    10.000000    14.000000    -4.000000    11.000000    -6.000000     6.000000    19.000000    12.000000    18.000000    16.000000     0.000000     9.000000    10.000000     4.000000   -14.000000    -9.000000     6.000000     8.000000   -12.000000    12.000000    10.000000    13.000000     3.000000     2.000000    13.000000   -14.000000     0.000000     3.000000    12.000000    15.000000    10.000000     8.000000    -6.000000    -2.000000    13.000000    -4.000000     6.000000    14.000000    11.000000     6.000000     5.000000    12.000000    11.000000     3.000000    -1.000000    11.000000    21.000000     4.000000     9.000000   -13.000000     0.000000    -4.000000     1.000000    13.000000     2.000000     9.000000     2.000000     5.000000     9.000000     4.000000     7.000000     1.000000    17.000000     1.000000    12.000000    18.000000    18.000000    27.000000
   410.704712     0.000000     2.000000    15.000000     1.000000    18.000000    -8.000000    12.000000    10.000000     5.000000   -11.000000    10.000000     6.000000    -1.000000    11.000000    -2.000000    11.000000    -3.000000    17.000000    -3.000000     2.000000    -2.000000    12.000000    -4.000000     1.000000    -7.000000     4.000000    -9.000000     7.000000     5.000000    -5.000000    11.000000     9.000000    12.000000    12.000000     6.000000     9.000000     1.000000    13.000000     9.000000    16.000000    21.000000     7.000000    21.000000     7.000000   -18.000000    -7.000000     1.000000     0.000000     2.000000    10.000000    -5.000000     8.000000     6.000000    14.000000    11.000000     2.000000     4.000000    -2.000000     0.000000     5.000000     9.000000    18.000000    10.000000    18.000000    -1.000000     8.000000     4.000000     9.000000    24.000000    24.000000    10.000000
   411.904907    11.000000     6.000000    17.000000   -13.000000     8.000000    -4.000000     2.000000    17.000000     3.000000    11.000000    12.000000     2.000000    10.000000    10.000000    -5.000000     0.000000   -12.000000     9.000000    -1.000000    -2.000000     5.000000     2.000000   -11.000000     8.000000    -5.000000   -14.000000    12.000000     2.000000    29.000000    -4.000000    10.000000    17.000000   -11.000000    -2.000000     7.000000    15.000000     6.000000    14.000000     2.000000     0.000000     3.000000     0.000000     5.000000     7.000000    -3.000000     9.000000    -5.000000     6.000000    23.000000    15.000000   -12.000000    -1.000000     9.000000     6.000000    12.000000     1.000000     8.000000     4.000000    26.000000     3.000000    16.000000    -8.000000     5.000000    22.000000     4.000000     6.000000     9.000000     9.000000    23.000000     3.000000     6.000000
   413.105591    13.000000     3.000000    21.000000    16.000000    -1.000000     4.000000    -7.000000     6.000000     0.000000    -4.000000    10.000000     7.000000    -5.000000    15.000000    -2.000000     3.000000    -7.000000     3.000000    -2.000000    -7.000000    -4.000000    -3.000000     5.000000     5.000000    14.000000     9.000000     3.000000    -3.000000     8.000000     2.000000     6.000000    -7.000000     5.000000     6.000000   -18.000000     8.000000   -10.000000    24.000000    10.000000     4.000000    19.000000     8.000000     9.000000   -17.000000     7.000000    -9.000000     3.000000     8.000000   -18.000000    -1.000000    16.000000    16.000000     4.000000    17.000000    13.000000     9.000000    13.000000     8.000000    18.000000   -19.000000    12.000000    -1.000000    -2.000000    -1.000000     5.000000     4.000000    -1.000000    -9.000000    -3.000000    22.000000     1.000000
   414.306793    11.000000    -6.000000    -2.000000    -6.000000     9.000000     2.000000    -6.000000     2.000000     6.000000    19.000000     3.000000     1.000000    -7.000000    -5.000000   -13.000000    -4.000000     6.000000    -3.000000    -4.000000    10.000000   -18.000000     5.000000   -19.000000    -3.000000     9.000000     7.000000     1.000000    21.000000    -7.000000   -16.000000    -9.000000     0.000000     7.000000     0.000000    -1.000000     5.000000    -5.000000    -5.000000    -3.000000    10.000000     7.000000    -1.000000     1.000000     8.000000    -2.000000    18.000000     4.000000   -10.000000   -19.000000   -13.000000     0.000000    24.000000    -6.000000     9.000000     5.000000   -10.000000     2.000000     7.000000     8.000000    12.000000     6.000000    -7.000000     2.000000     9.000000    13.000000     2.000000     2.000000     7.000000    15.000000    17.000000    19.000000
   415.508514   -12.000000    10.000000     1.000000     5.000000    -1.000000    20.000000    34.000000    -2.000000     1.000000     4.000000    -9.000000     4.000000    17.000000     6.000000    17.000000     2.000000   -21.000000    10.000000    15.000000    21.000000     6.000000    -7.000000    19.000000     9.000000     7.000000    12.000000    -7.000000     0.000000    -5.000000     6.000000   -11.000000   -13.000000     1.000000     2.000000     9.000000    11.000000    12.000000    15.000000     0.000000     6.000000    -7.000000    12.000000     0.000000     6.000000    -2.000000    24.000000    -9.000000    10.000000     6.000000    19.000000    -6.000000     5.000000    -9.000000    13.000000     6.000000     7.000000     5.000000    15.000000     9.000000    12.000000     2.000000    17.000000     9.000000    16.000000    10.000000     8.000000    13.000000     6.000000    10.000000    16.000000    23.000000
   416.710602    -6.000000    -2.000000     8.000000     0.000000     7.000000    10.000000    19.000000    29.000000     2.000000   -11.000000    -4.000000    17.000000     6.000000     5.000000     2.000000    10.000000   -11.000000    12.000000    15.000000   -10.000000     0.000000    15.000000     7.000000    10.000000    12.000000    12.000000    28.000000     3.000000     1.000000    17.000000    12.000000    14.000000    19.000000     5.000000    -3.000000     8.000000    16.000000    -2.000000    -9.000000    15.000000    10.000000    12.000000    15.000000    12.000000    -8.000000     2.000000    -5.000000     7.000000     1.000000    11.000000     0.000000    12.000000     4.000000    10.000000     1.000000    15.000000    11.000000    20.000000    18.000000     6.000000    10.000000    15.000000    11.000000    10.000000     1.000000    -6.000000    12.000000    17.000000    25.000000    -6.000000     1.000000
   417.913300   -15.000000     4.000000    -1.000000     7.000000    10.000000    12.000000    -5.000000     7.000000     3.000000   -12.000000   -19.000000     2.000000    10.000000    24.000000    11.000000     2.000000    -6.000000   -18.000000    -1.000000   -11.000000    13.000000     9.000000     5.000000    -5.000000     8.000000    -2.000000     5.000000   -10.000000     8.000000    -3.000000     7.000000    29.000000     7.000000    11.000000     6.000000    -3.000000    13.000000    12.000000    12.000000    12.000000    -6.000000     0.000000    14.000000     9.000000     4.000000     6.000000     1.000000     7.000000    -7.000000    -3.000000     7.000000    -4.000000   -11.000000     9.000000    -1.000000    10.000000   -13.000000   -10.000000    -5.000000    17.000000     7.000000    25.000000     7.000000    -4.000000     1.000000     0.000000     3.000000    10.000000     7.000000    21.000000    21.000000
   419.116394     8.000000     4.000000     8.000000    -4.000000    11.000000     0.000000    -4.000000    -2.000000     5.000000   -14.000000    -9.000000     6.000000     4.000000    -6.000000    -6.000000    -6.000000     1.000000     4.000000     7.000000     0.000000     2.000000    12.000000     2.000000    -6.000000     5.000000    10.000000     9.000000    -5.000000     6.000000    26.000000    18.000000    -2.000000     4.000000    10.000000   -12.000000    15.000000   -11.000000    -4.000000    15.000000    -5.000000     8.000000     4.000000     6.000000     2.000000    20.000000     3.000000    10.000000     2.000000     4.000000    -8.000000    17.000000     7.000000   -15.000000    -5.000000     8.000000    17.000000     1.000000    -3.000000     3.000000    13.000000     4.000000   -11.000000    12.000000    -2.000000    11.000000     6.000000     6.000000    -8.000000     4.000000    16.000000    36.000000
   420.320007    10.000000    16.000000    -7.000000     5.000000    11.000000     7.000000    -6.000000     2.000000     7.000000    20.000000     8.000000    -4.000000    13.000000     3.000000     4.000000     3.000000    -1.000000     9.000000     8.000000    -4.000000     4.000000     9.000000     3.000000     5.000000     2.000000    -8.000000    12.000000     8.000000     6.000000     0.000000    -2.000000     6.000000   -11.000000    17.000000    -7.000000    10.000000    14.000000    -6.000000    18.000000    -4.000000     7.000000     7.000000     4.000000    19.000000    23.000000     2.000000    24.000000    24.000000     3.000000    12.000000    19.000000    -1.000000     7.000000    12.000000    15.000000     5.000000    -2.000000     2.000000    12.000000     0.000000    10.000000    17.000000     9.000000     4.000000     7.000000    -1.000000     8.000000     9.000000     5.000000     8.000000    33.000000
   421.524109    -8.000000    13.000000     4.000000    11.000000    -2.000000    -8.000000    12.000000    -5.000000    -5.000000     0.000000     3.000000    13.000000     9.000000    -1.000000   -11.000000     3.000000   -16.000000    11.000000    11.000000     1.000000   -12.000000    -2.000000    16.000000     8.000000     1.000000    19.000000   -18.000000    13.000000     6.000000     1.000000    -4.000000    12.000000     6.000000     0.000000    -5.000000    13.000000    -7.000000     9.000000    14.000000     3.000000     8.000000     5.000000     9.000000    18.000000     0.000000     7.000000     3.000000     9.000000    14.000000     5.000000     3.000000     6.000000    22.000000     5.000000    12.000000    -1.000000    11.000000     7.000000    12.000000     5.000000    -2.000000    17.000000     1.000000     8.000000     9.000000    16.000000    17.000000     7.000000     4.000000    11.000000    42.000000
   422.728607   -14.000000     7.000000     4.000000     3.000000     0.000000     3.000000   -18.000000     5.000000    -6.000000    -4.000000    10.000000     4.000000    -3.000000     8.000000     5.000000   -11.000000    -7.000000    -2.000000     9.000000    17.000000    -7.000000     0.000000   -10.000000    -8.000000    12.000000    -2.000000    18.000000    -2.000000    13.000000    -7.000000    13.000000    12.000000    15.000000    -4.000000    13.000000    -6.000000     5.000000    -2.000000    14.000000     3.000000    11.000000     1.000000   -11.000000     3.000000     9.000000    -4.000000    -4.000000     4.000000     5.000000     3.000000     0.000000     1.000000    -4.000000    18.000000     4.000000    -7.000000    -2.000000   -16.000000    16.000000     9.000000    32.000000    19.000000    10.000000     6.000000     2.000000    -6.000000    22.000000     9.000000    12.000000     5.000000    13.000000
   423.933685    -8.000000    -2.000000   -11.000000    16.000000     0.000000    15.000000    13.000000     2.000000    13.000000     8.000000    -7.000000    13.000000     1.000000     3.000000     1.000000     9.000000     1.000000    15.000000     1.000000     1.000000     3.000000     4.000000     7.000000     2.000000    12.000000    -4.000000     5.000000     0.000000     3.000000     0.000000     6.000000    -6.000000    12.000000     6.000000    12.000000    10.000000    -9.000000     7.000000     7.000000     7.000000    12.000000     2.000000     0.000000    -2.000000    21.000000    16.000000     7.000000     3.000000     2.000000    16.000000     9.000000     8.000000   -10.000000    15.000000    -8.000000     7.000000     4.000000   -10.000000    30.000000    -3.000000    17.000000    22.000000     7.000000    -1.000000    13.000000    17.000000    15.000000    13.000000    14.000000    20.000000    41.000000
   425.139191    24.000000    23.000000    12.000000    18.000000     0.000000     3.000000     6.000000     6.000000     4.000000   -14.000000     9.000000     0.000000   -13.000000    15.000000    -9.000000     7.000000     2.000000     4.000000    -1.000000     7.000000    12.000000    -8.000000    16.000000    15.000000     1.000000    14.000000    21.000000    -3.000000     1.000000     2.000000     6.000000    11.000000     7.000000     3.000000    15.000000     2.000000    16.000000     5.000000     7.000000     4.000000    11.000000    -1.000000     9.000000    20.000000    -4.000000    -2.000000    13.000000    15.000000    -2.000000     8.000000     2.000000    14.000000    -7.000000    24.000000     5.000000     2.000000     8.000000     1.000000     5.000000    15.000000    40.000000    19.000000     3.000000     5.000000    13.000000    35.000000    25.000000    36.000000    20.000000    12.000000    48.000000
   426.345215     5.000000    -9.000000    10.000000     6.000000    -2.000000    -8.000000    17.000000     8.000000   -10.000000   -12.000000    16.000000    31.000000     2.000000    11.000000    21.000000    21.000000     8.000000    14.000000    11.000000     7.000000    23.000000   -11.000000     6.000000    -5.000000     7.000000    -1.000000    -9.000000    18.000000     3.000000    14.000000     9.000000    10.000000     6.000000    -2.000000     7.000000     8.000000    13.000000     5.000000    -2.000000    -4.000000     9.000000     8.000000     3.000000    20.000000    10.000000   -18.000000    -5.000000    20.000000    37.000000    28.000000     8.000000     5.000000     2.000000    31.000000    19.000000     5.000000    11.000000     9.000000    -1.000000     2.000000    13.000000    41.000000     2.000000     5.000000     8.000000    16.000000    21.000000    24.000000    25.000000    23.000000    36.000000
   427.551697    23.000000    20.000000    19.000000    23.000000    15.000000    12.000000     7.000000    -8.000000     0.000000     6.000000     5.000000    25.000000    25.000000   -17.000000    20.000000    22.000000    11.000000    -2.000000    -1.000000    11.000000    16.000000     5.000000     9.000000    12.000000     9.000000    16.000000   -10.000000    -1.000000    26.000000    12.000000     1.000000    15.000000    21.000000     8.000000    13.000000     0.000000    10.000000     9.000000    20.000000     8.000000    27.000000     0.000000    -5.000000    18.000000    15.000000     4.000000    23.000000     8.000000     1.000000    29.000000     5.000000    11.000000     9.000000    35.000000     9.000000    20.000000    10.000000     9.000000    -3.000000    10.000000    28.000000    24.000000    17.000000     6.000000     5.000000    15.000000    22.000000    30.000000    21.000000    27.000000    54.000000
   428.758606    11.000000     8.000000    16.000000    15.000000    11.000000     6.000000    11.000000     5.000000     8.000000     4.000000     0.000000     3.000000     8.000000    -3.000000    12.000000    16.000000    21.000000    -3.000000    11.000000    -3.000000     7.000000     7.000000     1.000000    18.000000    11.000000    13.000000    -1.000000     2.000000     9.000000     9.000000    20.000000     8.000000     4.000000    13.000000    -4.000000    -1.000000    28.000000    10.000000     3.000000    18.000000    -1.000000    -3.000000    29.000000    17.000000     6.000000    25.000000    13.000000    19.000000   -17.000000    -7.000000    11.000000    13.000000    -5.000000    35.000000     8.000000    11.000000     8.000000    11.000000    18.000000    21.000000    35.000000    17.000000     0.000000    15.000000    12.000000    24.000000    24.000000    38.000000    31.000000    44.000000    84.000000
   429.966095    -1.000000     5.000000     8.000000     7.000000    10.000000    12.000000     2.000000    11.000000     6.000000     6.000000     2.000000     4.000000    31.000000     1.000000     2.000000     9.000000    21.000000    11.000000    15.000000    -4.000000     4.000000     3.000000     5.000000     4.000000    20.000000     7.000000     0.000000    -3.000000    -3.000000     9.000000     8.000000     5.000000     5.000000    10.000000    14.000000    14.000000    31.000000    11.000000     2.000000     0.000000     7.000000    -3.000000     9.000000    16.000000     2.000000     6.000000    20.000000    20.000000    18.000000    11.000000    13.000000    34.000000     2.000000    45.000000     7.000000    -2.000000    19.000000    -3.000000     4.000000     6.000000    27.000000    24.000000    -2.000000    20.000000     1.000000    31.000000    38.000000    28.000000    27.000000    23.000000    89.000000
   431.174011    13.000000    12.000000     1.000000    18.000000     0.000000   -10.000000    11.000000    16.000000    21.000000     8.000000    13.000000    12.000000   -10.000000    32.000000    -3.000000     7.000000    15.000000     5.000000    18.000000     9.000000   -13.000000    12.000000     2.000000    -8.000000    14.000000     7.000000    19.000000    10.000000     0.000000    12.000000    19.000000    -5.000000    17.000000    23.000000    -3.000000    17.000000     6.000000     6.000000     9.000000    11.000000    17.000000     2.000000     3.000000    12.000000     2.000000     3.000000    21.000000    15.000000     5.000000    16.000000    30.000000    17.000000    12.000000    62.000000    15.000000    13.000000    16.000000    -2.000000    18.000000    17.000000    38.000000    39.000000    29.000000    18.000000    20.000000    26.000000    56.000000    55.000000    33.000000    34.000000    80.000000
   432.382385    24.000000     9.000000    10.000000    16.000000    12.000000    11.000000     9.000000    17.000000    13.000000     0.000000    10.000000     8.000000    22.000000    18.000000     6.000000    17.000000    -2.000000     3.000000   -14.000000    14.000000    10.000000    11.000000    11.000000     4.000000     2.000000    11.000000     8.000000    15.000000    17.000000     7.000000     5.000000    22.000000     6.000000    12.000000    14.000000     8.000000    10.000000    17.000000    10.000000     9.000000    21.000000    23.000000    15.000000    27.000000    16.000000    12.000000    21.000000    12.000000    10.000000    28.000000    14.000000    14.000000    16.000000    84.000000    20.000000     3.000000    18.000000    -2.000000    45.000000    28.000000    85.000000     8.000000    18.000000    11.000000    19.000000    58.000000    53.000000    71.000000    43.000000    53.000000   131.000000
   433.591309    22.000000    22.000000     5.000000    10.000000    18.000000    -1.000000    11.000000    14.000000    13.000000   -11.000000     5.000000    14.000000    14.000000    13.000000     5.000000     5.000000    12.000000    13.000000    13.000000    23.000000    23.000000     6.000000     0.000000    26.000000    12.000000     7.000000    13.000000    20.000000     1.000000    16.000000    18.000000    22.000000    17.000000    17.000000    32.000000    24.000000    10.000000     6.000000    16.000000    15.000000     6.000000    16.000000    24.000000    26.000000    12.000000    -1.000000    31.000000    25.000000     1.000000    -5.000000     8.000000    14.000000    53.000000   118.000000    16.000000     4.000000    -2.000000    -5.000000    26.000000    28.000000    91.000000    26.000000    26.000000    12.000000    25.000000    46.000000    54.000000    59.000000    62.000000    54.000000   179.000000
   434.800598    12.000000    27.000000     6.000000    25.000000    29.000000    23.000000     5.000000    10.000000     3.000000     2.000000    14.000000    12.000000    20.000000    10.000000    21.000000    17.000000    14.000000    10.000000    32.000000    13.000000    17.000000   -22.000000    21.000000    38.000000    25.000000    -9.000000    13.000000    15.000000    13.000000     8.000000     9.000000    24.000000     8.000000    17.000000    22.000000    31.000000    23.000000    35.000000    14.000000    17.000000    16.000000    23.000000     9.000000    24.000000     6.000000     7.000000    34.000000    25.000000    16.000000    28.000000    13.000000    26.000000    24.000000   152.000000    27.000000    20.000000    14.000000    22.000000    32.000000    64.000000   105.000000    20.000000    16.000000    22.000000    18.000000    72.000000    96.000000    94.000000    99.000000    81.000000   183.000000
   436.010498    11.000000     5.000000    16.000000    22.000000    17.000000     8.000000    20.000000    10.000000    18.000000    13.000000    -1.000000    32.000000     9.000000     3.000000    20.000000    -7.000000     4.000000    14.000000    17.000000    27.000000     6.000000     6.000000    12.000000    28.000000    16.000000    34.000000    25.000000    38.000000    21.000000    35.000000    34.000000    26.000000    22.000000    39.000000    14.000000    37.000000    31.000000    34.000000    45.000000    24.000000    20.000000    15.000000    16.000000    23.000000    47.000000    28.000000    25.000000    41.000000    10.000000    46.000000    33.000000    33.000000    15.000000   206.000000    29.000000    27.000000    24.000000    24.000000    43.000000    60.000000   149.000000    45.000000    32.000000     8.000000    23.000000    71.000000   106.000000   120.000000    92.000000    83.000000   294.000000
   437.220795    21.000000    20.000000    37.000000    27.000000    11.000000    42.000000    15.000000    30.000000    29.000000    28.000000     7.000000    28.000000    37.000000    16.000000    19.000000    31.000000     0.000000    18.000000    29.000000    23.000000     3.000000     5.000000    13.000000    47.000000    -2.000000     1.000000    24.000000    46.000000    39.000000    17.000000    10.000000    31.000000    18.000000    50.000000    35.000000    41.000000    29.000000    36.000000    20.000000    31.000000    37.000000    27.000000    38.000000    39.000000    21.000000    23.000000    25.000000    37.000000    25.000000    22.000000    22.000000    31.000000    48.000000   239.000000    22.000000    29.000000    20.000000     7.000000    25.000000    75.000000   181.000000    50.000000    27.000000    37.000000    33.000000   118.000000   153.000000   139.000000    91.000000    88.000000   343.000000
   438.431610    34.000000    29.000000    29.000000    40.000000    34.000000    24.000000    39.000000    26.000000    24.000000    12.000000    38.000000    39.000000    24.000000    29.000000    31.000000    32.000000    22.000000    15.000000    16.000000     9.000000    10.000000    12.000000    14.000000    30.000000    24.000000    29.000000    39.000000    21.000000    32.000000    14.000000    45.000000    41.000000    27.000000    24.000000    44.000000    44.000000    27.000000    42.000000    31.000000    31.000000    28.000000    33.000000    44.000000    42.000000    20.000000    38.000000    41.000000    52.000000    37.000000    46.000000    18.000000    55.000000    55.000000   273.000000    72.000000    53.000000    40.000000    15.000000    61.000000    90.000000   192.000000    67.000000    12.000000    27.000000    32.000000   105.000000   165.000000   140.000000   162.000000   102.000000   373.000000
   439.642914    38.000000    45.000000    32.000000    51.000000    15.000000    27.000000    51.000000    37.000000    24.000000    24.000000    39.000000    39.000000    20.000000    16.000000    30.000000    35.000000    40.000000    10.000000    23.000000    28.000000    32.000000    14.000000    13.000000     1.000000    32.000000    27.000000    43.000000    31.000000    22.000000    28.000000    34.000000    23.000000    31.000000    36.000000    37.000000    46.000000    35.000000    50.000000    44.000000    25.000000    18.000000    40.000000    46.000000    40.000000    57.000000    17.000000    42.000000    59.000000    24.000000    34.000000    57.000000    51.000000    42.000000   361.000000    60.000000    30.000000    30.000000    -2.000000    55.000000    87.000000   246.000000    58.000000    18.000000    30.000000    42.000000   126.000000   173.000000   198.000000   132.000000   141.000000   441.000000
   440.854614    20.000000    44.000000    27.000000    39.000000    47.000000    21.000000    21.000000    44.000000    33.000000    24.000000    30.000000    51.000000    34.000000    39.000000    32.000000    27.000000    23.000000    37.000000    32.000000    30.000000    59.000000    42.000000    43.000000    18.000000    31.000000    29.000000    26.000000    20.000000    36.000000    23.000000    35.000000    31.000000    33.000000    43.000000    31.000000    57.000000    29.000000    54.000000    39.000000    28.000000    40.000000    44.000000    51.000000    53.000000    42.000000    38.000000    29.000000    71.000000    74.000000    48.000000    54.000000    37.000000    48.000000   364.000000    59.000000    39.000000    16.000000    25.000000    52.000000    99.000000   263.000000    66.000000    40.000000    48.000000    46.000000   157.000000   222.000000   204.000000   162.000000   148.000000   483.000000
   442.066895    35.000000    39.000000    33.000000    45.000000    32.000000    25.000000    33.000000    36.000000     6.000000    31.000000    47.000000    39.000000    29.000000     3.000000    27.000000    27.000000    30.000000    21.000000    42.000000    30.000000    49.000000    41.000000    54.000000    59.000000    32.000000    42.000000    40.000000    34.000000    44.000000    22.000000    63.000000    27.000000    32.000000    29.000000    30.000000    43.000000    42.000000    57.000000    35.000000    38.000000    38.000000    45.000000    38.000000    61.000000    45.000000    30.000000    40.000000    59.000000    50.000000    47.000000    40.000000    37.000000    71.000000   379.000000    62.000000    52.000000    19.000000    15.000000    56.000000    89.000000   273.000000    49.000000    45.000000     8.000000    53.000000   184.000000   180.000000   193.000000   164.000000   183.000000   565.000000
   443.279602    50.000000    45.000000    26.000000    45.000000    20.000000    32.000000    45.000000    33.000000    63.000000    41.000000    58.000000    38.000000    32.000000    31.000000    26.000000    62.000000    34.000000    16.000000    15.000000    30.000000    61.000000    29.000000    35.000000    55.000000    54.000000    28.000000    27.000000    53.000000    36.000000    43.000000    37.000000    60.000000    34.000000    39.000000    44.000000    33.000000    55.000000    56.000000    44.000000    48.000000    36.000000    30.000000    52.000000    60.000000    47.000000    34.000000    43.000000    93.000000    63.000000    47.000000    36.000000    55.000000    63.000000   438.000000    63.000000    52.000000    31.000000    23.000000    72.000000    91.000000   307.000000    67.000000    28.000000    46.000000    50.000000   170.000000   201.000000   229.000000   181.000000   154.000000   607.000000
   444.492798    50.000000    49.000000    42.000000    30.000000    30.000000    25.000000    42.000000    31.000000    56.000000    18.000000    48.000000    40.000000     5.000000    25.000000    28.000000    34.000000    32.000000    13.000000    43.000000    42.000000    42.000000    27.000000    18.000000    42.000000    27.000000    46.000000    28.000000    32.000000    26.000000    44.000000    48.000000    45.000000    39.000000    37.000000    31.000000    61.000000    46.000000    41.000000    64.000000    36.000000    49.000000    43.000000    74.000000    50.000000    62.000000    24.000000    66.000000    81.000000    39.000000    53.000000    60.000000    54.000000    44.000000   435.000000    69.000000    37.000000    20.000000    13.000000    61.000000   102.000000   323.000000    70.000000    67.000000    57.000000    51.000000   138.000000   217.000000   220.000000   177.000000   173.000000   568.000000
   445.706512    61.000000    47.000000    47.000000    57.000000    43.000000    25.000000    26.000000    53.000000    40.000000    34.000000    42.000000    40.000000    35.000000    22.000000    26.000000    55.000000    22.000000    19.000000    47.000000    35.000000    45.000000    58.000000    25.000000    55.000000    49.000000    61.000000    42.000000    49.000000    29.000000    53.000000    51.000000    40.000000    49.000000    38.000000    59.000000    44.000000    81.000000    39.000000    47.000000    23.000000    73.000000    40.000000    70.000000    52.000000    58.000000    50.000000    33.000000    83.000000    79.000000    42.000000    67.000000    85.000000    60.000000   439.000000    97.000000    46.000000    15.000000    10.000000    65.000000   116.000000   345.000000    77.000000    62.000000    44.000000    43.000000   175.000000   216.000000   265.000000   223.000000   151.000000   635.000000
   446.920685    63.000000    53.000000    48.000000    65.000000    30.000000    42.000000    27.000000    32.000000    45.000000    31.000000    51.000000    61.000000    61.000000    29.000000    35.000000    29.000000    22.000000    36.000000    39.000000    27.000000    57.000000    50.000000    22.000000    49.000000    47.000000    26.000000    44.000000    42.000000    42.000000    42.000000    73.000000    73.000000    47.000000    36.000000    58.000000    58.000000    47.000000    85.000000    70.000000    35.000000    55.000000    31.000000    50.000000    70.000000    43.000000    24.000000    26.000000    96.000000    58.000000    37.000000    75.000000    54.000000    66.000000   506.000000    81.000000    57.000000    40.000000    13.000000    74.000000   123.000000   321.000000    76.000000    53.000000    42.000000    67.000000   165.000000   205.000000   268.000000   196.000000   195.000000   609.000000
   448.135315    44.000000    51.000000    42.000000    16.000000    49.000000    33.000000    41.000000    47.000000    47.000000    13.000000    58.000000    38.000000    57.000000    30.000000    41.000000    51.000000    42.000000    37.000000    38.000000    59.000000    35.000000    28.000000    22.000000    63.000000    41.000000    40.000000    44.000000    41.000000    54.000000    24.000000    56.000000    53.000000    32.000000    47.000000    37.000000    77.000000    53.000000    71.000000    49.000000    18.000000    56.000000    53.000000    51.000000    60.000000    66.000000    41.000000    78.000000    97.000000    62.000000    42.000000    50.000000    74.000000    83.000000   553.000000    73.000000    49.000000    20.000000    27.000000    87.000000   161.000000   383.000000    90.000000    48.000000    33.000000    80.000000   197.000000   227.000000   307.000000   228.000000   199.000000   685.000000
   449.350403    45.000000    41.000000    32.000000    63.000000    39.000000    43.000000    30.000000    36.000000    35.000000    47.000000    52.000000    61.000000    30.000000    54.000000    40.000000    50.000000    33.000000    44.000000    19.000000    36.000000    63.000000    22.000000    28.000000    60.000000    57.000000    58.000000    64.000000    45.000000    56.000000    32.000000    55.000000    66.000000    54.000000    33.000000    47.000000    76.000000    48.000000    72.000000    55.000000    46.000000    44.000000    33.000000    50.000000    60.000000    47.000000    59.000000    47.000000    99.000000    57.000000    55.000000    66.000000    67.000000    63.000000   632.000000    81.000000    59.000000    28.000000    28.000000    93.000000   141.000000   393.000000    66.000000    53.000000    50.000000    80.000000   202.000000   209.000000   316.000000   239.000000   178.000000   698.000000
   450.566010    49.000000    44.000000    27.000000    73.000000    53.000000    44.000000    26.000000    71.000000    29.000000    54.000000    49.000000    44.000000    33.000000    53.000000    36.000000    42.000000    46.000000    14.000000    35.000000    55.000000    26.000000    33.000000    33.000000    49.000000    33.000000    41.000000    52.000000    42.000000    56.000000    50.000000    50.000000    39.000000    59.000000    79.000000    49.000000    69.000000    57.000000    88.000000    36.000000    52.000000    57.000000    41.000000    65.000000    53.000000    54.000000    52.000000    45.000000    89.000000    51.000000    53.000000    66.000000    78.000000    80.000000   623.000000    74.000000    62.000000    30.000000    40.000000    87.000000   155.000000   413.000000   115.000000    65.000000    44.000000    68.000000   214.000000   249.000000   286.000000   223.000000   194.000000   725.000000
   451.782104    35.000000    74.000000    41.000000    51.000000    52.000000    28.000000    40.000000    60.000000    38.000000    73.000000    62.000000    72.000000    57.000000    34.000000    23.000000    60.000000    42.000000    23.000000    45.000000    29.000000    63.000000    29.000000    32.000000    57.000000    56.000000    51.000000    64.000000    35.000000    45.000000    46.000000    65.000000    43.000000    36.000000    44.000000    51.000000    67.000000    52.000000    51.000000    62.000000    41.000000    58.000000    33.000000    77.000000    52.000000    63.000000    38.000000    54.000000    97.000000    76.000000    45.000000    59.000000    54.000000    80.000000   591.000000    98.000000    50.000000    43.000000    17.000000    70.000000   183.000000   450.000000    69.000000    52.000000    60.000000    66.000000   222.000000   251.000000   317.000000   247.000000   198.000000   733.000000
   452.998596    62.000000    75.000000    51.000000    67.000000    47.000000    44.000000    36.000000    28.000000    33.000000    41.000000    52.000000    74.000000    54.000000    51.000000    35.000000    41.000000    49.000000    45.000000    71.000000    36.000000    42.000000    27.000000    47.000000    67.000000    31.000000    34.000000    43.000000    55.000000    44.000000    39.000000    64.000000    61.000000    51.000000    50.000000    61.000000    66.000000    70.000000    82.000000    52.000000    46.000000    58.000000    40.000000    69.000000    51.000000    61.000000    63.000000    66.000000   114.000000    74.000000    67.000000    87.000000    69.000000    83.000000   633.000000   107.000000    47.000000    20.000000    43.000000   102.000000   182.000000   471.000000    99.000000    54.000000    36.000000    63.000000   211.000000   266.000000   312.000000   232.000000   247.000000   758.000000
   454.215698    51.000000    49.000000    44.000000    73.000000    63.000000    29.000000    32.000000    60.000000    40.000000    57.000000    52.000000    50.000000    50.000000    24.000000    56.000000    42.000000    37.000000    36.000000    51.000000    36.000000    68.000000    43.000000    39.000000    58.000000    63.000000    67.000000    32.000000    43.000000    41.000000    39.000000    60.000000    60.000000    53.000000    56.000000    53.000000    79.000000    56.000000    92.000000    46.000000    75.000000    49.000000    46.000000    92.000000    62.000000    66.000000    48.000000    43.000000    92.000000    70.000000    52.000000    98.000000    58.000000    77.000000   640.000000   100.000000    75.000000    31.000000    44.000000    83.000000   164.000000   476.000000    66.000000    55.000000    42.000000    63.000000   252.000000   277.000000   345.000000   243.000000   215.000000   810.000000
   455.433197    44.000000    78.000000    30.000000    89.000000    64.000000    58.000000    50.000000    66.000000    57.000000    51.000000    73.000000    51.000000    33.000000    44.000000    74.000000    56.000000    42.000000    49.000000    60.000000    28.000000    51.000000    54.000000    44.000000    59.000000    45.000000    51.000000    33.000000    36.000000    60.000000    31.000000    71.000000    75.000000    52.000000    50.000000    57.000000    70.000000    54.000000    82.000000    55.000000    55.000000    42.000000    55.000000    59.000000    94.000000    63.000000    38.000000    63.000000   131.000000    69.000000    58.000000    84.000000    50.000000    73.000000   630.000000   106.000000    52.000000     6.000000    33.000000   105.000000   203.000000   474.000000    89.000000    68.000000    79.000000    65.000000   261.000000   268.000000   367.000000   217.000000   247.000000   823.000000
   456.651215    47.000000    81.000000    73.000000    78.000000    80.000000    51.000000    63.000000    54.000000    56.000000    47.000000    83.000000    77.000000    44.000000    47.000000    57.000000    31.000000    59.000000    43.000000    66.000000    44.000000    65.000000    49.000000    52.000000    75.000000    54.000000    64.000000    48.000000    56.000000    42.000000    45.000000    55.000000    68.000000    51.000000    44.000000    70.000000    87.000000    54.000000    81.000000    57.000000    50.000000    58.000000    50.000000    56.000000    74.000000    57.000000    26.000000    81.000000    95.000000    75.000000    74.000000    55.000000    71.000000    88.000000   646.000000   111.000000    55.000000    33.000000    29.000000   100.000000   212.000000   512.000000    80.000000    52.000000    46.000000    88.000000   275.000000   262.000000   373.000000   281.000000   244.000000   869.000000
   457.869690    54.000000    60.000000    51.000000    79.000000    42.000000    64.000000     7.000000    64.000000    78.000000    55.000000    83.000000    51.000000    38.000000    46.000000    61.000000    30.000000    41.000000    28.000000    55.000000    44.000000    75.000000    19.000000    35.000000    56.000000    81.000000    39.000000    61.000000    70.000000    41.000000    47.000000    55.000000    71.000000    49.000000    57.000000    55.000000    66.000000    69.000000    60.000000    70.000000    41.000000    58.000000    22.000000    66.000000    87.000000    68.000000    36.000000    52.000000   127.000000   100.000000    68.000000    65.000000    58.000000   113.000000   617.000000    90.000000    65.000000    44.000000    15.000000   117.000000   192.000000   546.000000    90.000000    51.000000    71.000000    96.000000   237.000000   317.000000   395.000000   283.000000   277.000000   903.000000
   459.088593    62.000000    78.000000    41.000000    83.000000    52.000000    46.000000    67.000000    59.000000    53.000000    50.000000    57.000000    70.000000    32.000000    55.000000    58.000000    47.000000    57.000000    41.000000    52.000000    43.000000    80.000000    36.000000    36.000000    48.000000    44.000000    54.000000    62.000000    81.000000    57.000000    66.000000    72.000000    76.000000    45.000000    67.000000    52.000000    61.000000    44.000000    71.000000    82.000000    52.000000    64.000000    61.000000    86.000000    50.000000    92.000000    41.000000    70.000000   140.000000    98.000000    75.000000    91.000000    77.000000    93.000000   712.000000   107.000000    69.000000    40.000000    50.000000   100.000000   242.000000   581.000000   106.000000    61.000000    53.000000    78.000000   248.000000   293.000000   413.000000   318.000000   234.000000   894.000000
   460.308105    41.000000    80.000000    22.000000    74.000000    53.000000    44.000000    55.000000    61.000000    65.000000    57.000000    68.000000    78.000000    59.000000    51.000000    51.000000    44.000000    32.000000    38.000000    43.000000    48.000000    82.000000    12.000000    59.000000    54.000000    53.000000    63.000000    60.000000    45.000000    46.000000    30.000000    73.000000    46.000000    40.000000    76.000000    60.000000    64.000000    73.000000    66.000000    64.000000    50.000000    52.000000    40.000000    98.000000    61.000000    50.000000    59.000000    49.000000   130.000000   104.000000    58.000000    76.000000    71.000000   102.000000   674.000000   104.000000    57.000000    50.000000    17.000000    94.000000   260.000000   575.000000   118.000000    83.000000    63.000000    64.000000   242.000000   282.000000   405.000000   276.000000   249.000000   901.000000
   461.528015    50.000000    68.000000    42.000000    90.000000    55.000000    53.000000    45.000000    79.000000    64.000000    61.000000    62.000000    85.000000    34.000000    42.000000    56.000000    59.000000    51.000000    40.000000    44.000000    62.000000    63.000000    51.000000    56.000000    62.000000    63.000000    67.000000    52.000000    90.000000    49.000000    44.000000    77.000000    51.000000    57.000000    62.000000    78.000000    70.000000    70.000000   101.000000    82.000000    54.000000    46.000000    41.000000    74.000000    68.000000    89.000000    61.000000    70.000000   112.000000    80.000000    58.000000    81.000000    78.000000    86.000000   736.000000   121.000000    72.000000    29.000000    41.000000   108.000000   241.000000   566.000000   128.000000    58.000000    59.000000    62.000000   283.000000   307.000000   412.000000   360.000000   284.000000   887.000000
   462.748413    67.000000    72.000000    46.000000    78.000000    83.000000    17.000000    48.000000    82.000000    61.000000    58.000000    97.000000    75.000000    54.000000    43.000000    58.000000    67.000000    65.000000    37.000000    49.000000    36.000000    77.000000    43.000000    47.000000    86.000000    60.000000    66.000000    55.000000    72.000000    42.000000    51.000000    73.000000    57.000000    51.000000    86.000000    55.000000    78.000000    74.000000    88.000000    66.000000    57.000000    71.000000    35.000000    60.000000    87.000000    68.000000    73.000000    76.000000   127.000000    85.000000    52.000000    93.000000    65.000000   100.000000   715.000000   142.000000    47.000000    48.000000    44.000000   115.000000   247.000000   628.000000    98.000000    62.000000    78.000000    88.000000   289.000000   314.000000   439.000000   343.000000   269.000000   920.000000
   463.969299    51.000000    82.000000    49.000000    79.000000    84.000000    58.000000    40.000000    51.000000    57.000000    49.000000    69.000000    74.000000    45.000000    39.000000    68.000000    77.000000    45.000000    36.000000    52.000000    51.000000    91.000000    30.000000    56.000000    82.000000    44.000000    64.000000    57.000000    43.000000    43.000000    59.000000    56.000000    72.000000    48.000000    53.000000    80.000000    89.000000    87.000000    99.000000    48.000000    66.000000    72.000000    41.000000    89.000000    77.000000    74.000000    53.000000    78.000000   124.000000   103.000000    82.000000    78.000000    69.000000   115.000000   737.000000   113.000000    87.000000    24.000000    51.000000   115.000000   303.000000   630.000000   136.000000    68.000000    67.000000    89.000000   299.000000   319.000000   461.000000   331.000000   266.000000   973.000000
   465.190613    49.000000    60.000000    54.000000    64.000000    58.000000    44.000000    43.000000    69.000000    44.000000    39.000000    80.000000   103.000000    65.000000    45.000000    53.000000    61.000000    57.000000    47.000000    79.000000    45.000000    74.000000    39.000000    61.000000    61.000000    74.000000    59.000000    93.000000    58.000000    47.000000    58.000000    68.000000    69.000000    63.000000    53.000000    84.000000    78.000000    62.000000    78.000000    42.000000    79.000000    64.000000    39.000000    77.000000    87.000000    71.000000    48.000000    58.000000   135.000000   102.000000    69.000000   107.000000    63.000000   113.000000   760.000000   124.000000    62.000000    34.000000    39.000000   134.000000   295.000000   631.000000   104.000000    80.000000    69.000000   107.000000   318.000000   321.000000   486.000000   371.000000   319.000000   984.000000
   466.412506    69.000000    80.000000    61.000000    87.000000    53.000000    54.000000    40.000000    57.000000    59.000000    70.000000   103.000000    71.000000    66.000000    55.000000    48.000000    60.000000    37.000000    54.000000    54.000000    63.000000    60.000000    31.000000    44.000000    87.000000    68.000000    40.000000    75.000000    46.000000    58.000000    47.000000    78.000000    69.000000    69.000000    73.000000    67.000000    92.000000    84.000000    79.000000    57.000000    56.000000    94.000000    65.000000    75.000000    77.000000    74.000000    55.000000    61.000000   128.000000    84.000000    84.000000    70.000000    53.000000   103.000000   789.000000   118.000000    89.000000    46.000000    44.000000   119.000000   328.000000   712.000000   106.000000    69.000000    75.000000   104.000000   316.000000   344.000000   573.000000   404.000000   296.000000  1061.000000
   467.634796    43.000000    80.000000    69.000000    83.000000    77.000000    43.000000    42.000000    74.000000    52.000000    67.000000    94.000000    87.000000    46.000000    34.000000    73.000000    63.000000    53.000000    45.000000    71.000000    67.000000    65.000000    58.000000    49.000000    61.000000    90.000000    74.000000    64.000000    70.000000    71.000000    43.000000    83.000000    74.000000    70.000000    70.000000    88.000000    72.000000    79.000000    88.000000    50.000000    62.000000    45.000000    49.000000    75.000000    71.000000    70.000000    65.000000    55.000000   142.000000    86.000000    74.000000    97.000000    62.000000   108.000000   753.000000   118.000000    71.000000    36.000000    25.000000    83.000000   329.000000   765.000000   127.000000    76.000000    86.000000   103.000000   356.000000   366.000000   535.000000   419.000000   308.000000  1062.000000
   468.857605    44.000000    81.000000    63.000000   103.000000    70.000000    51.000000    56.000000    88.000000    74.000000    77.000000    76.000000    69.000000    44.000000    36.000000    82.000000    60.000000    58.000000    57.000000    74.000000    64.000000    91.000000    47.000000    44.000000    99.000000    69.000000    78.000000    97.000000    66.000000    39.000000    58.000000    88.000000    66.000000    67.000000    79.000000    57.000000    96.000000    58.000000    90.000000    71.000000    51.000000    59.000000    57.000000    92.000000    98.000000    71.000000    49.000000    65.000000   140.000000   122.000000    65.000000    71.000000    72.000000   126.000000   760.000000   159.000000    74.000000    44.000000    28.000000   120.000000   338.000000   771.000000   151.000000    84.000000    73.000000    78.000000   342.000000   423.000000   576.000000   401.000000   303.000000  1042.000000
   470.080902    60.000000    92.000000    48.000000    68.000000    87.000000    55.000000    55.000000    65.000000    87.000000    50.000000    89.000000   102.000000    39.000000    49.000000    66.000000    69.000000    50.000000    59.000000    61.000000    66.000000    81.000000    38.000000    56.000000    71.000000    74.000000    82.000000    95.000000    63.000000    59.000000    53.000000   105.000000    71.000000    71.000000    67.000000    93.000000    98.000000    51.000000   111.000000    67.000000    56.000000    55.000000    68.000000    79.000000    79.000000    53.000000    90.000000    64.000000   158.000000   123.000000    64.000000   102.000000    88.000000   101.000000   782.000000   131.000000    70.000000    62.000000    48.000000   122.000000   378.000000   863.000000   148.000000    80.000000    67.000000   117.000000   379.000000   373.000000   602.000000   460.000000   327.000000  1043.000000
   471.304596    79.000000   100.000000    62.000000    98.000000    57.000000    55.000000    68.000000    77.000000    53.000000    46.000000   102.000000    71.000000    40.000000    35.000000    57.000000    64.000000    58.000000    49.000000    72.000000    56.000000    84.000000    49.000000    30.000000    75.000000    69.000000    63.000000    68.000000    58.000000    73.000000    63.000000    85.000000    65.000000    51.000000    77.000000    73.000000    84.000000    55.000000    81.000000    89.000000    55.000000    83.000000    60.000000    72.000000    77.000000    92.000000    53.000000    50.000000   167.000000    85.000000    76.000000    98.000000    88.000000    67.000000   820.000000   121.000000    71.000000    35.000000    42.000000   129.000000   432.000000   932.000000   174.000000    60.000000    70.000000   133.000000   341.000000   425.000000   605.000000   403.000000   345.000000  1083.000000
   472.528900    57.000000   136.000000    56.000000   107.000000    71.000000    45.000000    80.000000    80.000000    83.000000    58.000000    80.000000    44.000000    30.000000    31.000000    62.000000    68.000000    44.000000    43.000000    50.000000    60.000000    82.000000    45.000000    48.000000    62.000000    78.000000    68.000000    74.000000    64.000000    64.000000    56.000000    82.000000    84.000000    66.000000    67.000000    71.000000    47.000000    70.000000    89.000000    63.000000    63.000000    66.000000    42.000000    77.000000    58.000000    82.000000    44.000000    56.000000   139.000000   101.000000    59.000000   101.000000    59.000000   100.000000   732.000000   108.000000    81.000000    35.000000    31.000000   141.000000   421.000000   983.000000   148.000000    66.000000    78.000000   113.000000   374.000000   436.000000   613.000000   462.000000   351.000000  1106.000000
   473.753601    68.000000   106.000000    56.000000    90.000000    72.000000    55.000000    70.000000    52.000000    63.000000    73.000000   124.000000   101.000000    46.000000    36.000000    59.000000    72.000000    59.000000    38.000000    81.000000    51.000000    95.000000    40.000000    51.000000    69.000000    66.000000    63.000000    76.000000    79.000000    62.000000    68.000000    64.000000    63.000000    69.000000    63.000000    79.000000    68.000000    49.000000    77.000000    75.000000    47.000000    70.000000    46.000000    66.000000    63.000000    65.000000    43.000000    69.000000   150.000000   110.000000    75.000000    88.000000    81.000000   126.000000   781.000000   150.000000   113.000000    36.000000    36.000000   127.000000   428.000000   960.000000   143.000000    96.000000   109.000000    97.000000   417.000000   442.000000   638.000000   465.000000   326.000000  1104.000000
   474.978790    62.000000    70.000000    64.000000   109.000000    70.000000    65.000000    48.000000    99.000000    56.000000    82.000000   115.000000    84.000000    62.000000    50.000000    48.000000    72.000000    68.000000    42.000000    61.000000    63.000000    88.000000    36.000000    70.000000    74.000000    79.000000    68.000000    91.000000    59.000000    58.000000    59.000000    81.000000    75.000000    56.000000    60.000000   100.000000    70.000000    64.000000    77.000000    67.000000    42.000000    73.000000    48.000000    76.000000    95.000000    88.000000    49.000000    63.000000   157.000000    86.000000    52.000000    72.000000    60.000000   113.000000   753.000000   119.000000    94.000000    29.000000    37.000000   131.000000   472.000000   992.000000   160.000000   105.000000    87.000000   130.000000   395.000000   455.000000   637.000000   471.000000   324.000000  1097.000000
   476.204498    62.000000    99.000000    42.000000   129.000000    76.000000    61.000000    58.000000    99.000000    73.000000    79.000000   107.000000   112.000000    37.000000    38.000000    63.000000    69.000000    59.000000    51.000000    61.000000    57.000000   110.000000    31.000000    64.000000    66.000000    67.000000    64.000000    64.000000    57.000000    73.000000    52.000000    76.000000    85.000000    60.000000    68.000000    95.000000    66.000000    61.000000    86.000000    71.000000    39.000000    83.000000    58.000000    72.000000   109.000000    68.000000    60.000000    63.000000   150.000000   129.000000    64.000000   110.000000    73.000000   159.000000   772.000000   108.000000    79.000000    51.000000    36.000000   139.000000   475.000000   994.000000   183.000000    88.000000    74.000000   140.000000   417.000000   441.000000   624.000000   453.000000   349.000000  1088.000000
   477.430695    46.000000    82.000000    63.000000    75.000000    68.000000    43.000000    66.000000    97.000000    58.000000    57.000000   109.000000    70.000000    36.000000    37.000000    47.000000    78.000000    48.000000    53.000000    59.000000    47.000000    81.000000    31.000000    35.000000    66.000000    62.000000    50.000000    70.000000    78.000000    66.000000    65.000000    86.000000    44.000000    36.000000    71.000000    80.000000    63.000000    60.000000    82.000000    52.000000    45.000000    73.000000    52.000000    83.000000    81.000000    86.000000    68.000000    55.000000   161.000000    98.000000    83.000000   106.000000    63.000000   113.000000   792.000000   122.000000    75.000000    39.000000    35.000000   144.000000   484.000000  1057.000000   163.000000    74.000000    82.000000    93.000000   389.000000   431.000000   739.000000   493.000000   377.000000  1226.000000
   478.657288    67.000000    76.000000    52.000000   113.000000    63.000000    37.000000    75.000000    75.000000    91.000000    65.000000    99.000000    79.000000    34.000000    50.000000    73.000000    52.000000    41.000000    55.000000    44.000000    47.000000    79.000000    65.000000    35.000000    66.000000    65.000000    62.000000    79.000000    58.000000    70.000000    38.000000    84.000000    55.000000    57.000000    47.000000    94.000000    60.000000    58.000000    79.000000   101.000000    53.000000    65.000000    64.000000    54.000000    90.000000    63.000000    53.000000    51.000000   171.000000    95.000000    96.000000    65.000000    38.000000   117.000000   753.000000   128.000000    70.000000    39.000000    51.000000   173.000000   531.000000  1093.000000   169.000000    98.000000    94.000000    84.000000   416.000000   499.000000   743.000000   521.000000   370.000000  1217.000000
   479.884399    85.000000   101.000000    37.000000   105.000000    69.000000    36.000000    68.000000    82.000000    74.000000    75.000000    87.000000    78.000000    40.000000    62.000000    55.000000    62.000000    82.000000    60.000000    59.000000    47.000000    78.000000    60.000000    49.000000    60.000000    52.000000    59.000000    72.000000    47.000000    43.000000    27.000000   100.000000    61.000000    62.000000    64.000000    75.000000    87.000000    58.000000    79.000000    65.000000    47.000000    48.000000    41.000000    64.000000    62.000000    89.000000    54.000000    80.000000   151.000000    91.000000    95.000000    81.000000    54.000000   115.000000   657.000000   121.000000    59.000000    41.000000    26.000000   153.000000   534.000000  1115.000000   151.000000    89.000000   102.000000   106.000000   438.000000   513.000000   782.000000   525.000000   368.000000  1245.000000
   481.112000    73.000000   107.000000    62.000000    99.000000    70.000000    50.000000    70.000000    73.000000    82.000000    75.000000    99.000000    68.000000    53.000000    76.000000    62.000000    85.000000    85.000000    54.000000    81.000000    53.000000    84.000000    32.000000    37.000000    67.000000    53.000000    42.000000    57.000000    38.000000    52.000000    70.000000    81.000000    55.000000    61.000000    39.000000   104.000000    74.000000    56.000000    58.000000    76.000000    67.000000    54.000000    36.000000    50.000000    89.000000    61.000000    54.000000    67.000000   166.000000   111.000000    81.000000    81.000000   100.000000   104.000000   701.000000   123.000000    80.000000    40.000000    35.000000   137.000000   553.000000  1141.000000   160.000000   120.000000    89.000000   106.000000   467.000000   449.000000   780.000000   491.000000   361.000000  1184.000000
   482.340088    46.000000   107.000000    76.000000   113.000000    65.000000    58.000000    57.000000    87.000000    57.000000    50.000000    92.000000    75.000000    41.000000    40.000000    59.000000    45.000000    61.000000    52.000000    78.000000    50.000000    85.000000    29.000000    51.000000    68.000000    50.000000    66.000000    59.000000    53.000000    70.000000    60.000000    88.000000    48.000000    49.000000    44.000000    76.000000    66.000000    63.000000    81.000000    65.000000    33.000000    74.000000    49.000000    55.000000    58.000000    42.000000    45.000000    80.000000   151.000000   102.000000    68.000000    82.000000    75.000000   106.000000   629.000000   128.000000    75.000000    43.000000    44.000000   124.000000   577.000000  1169.000000   194.000000   105.000000    88.000000   117.000000   455.000000   484.000000   822.000000   512.000000   430.000000  1279.000000
   483.568695    77.000000    90.000000    81.000000   106.000000    41.000000    44.000000    62.000000   100.000000    96.000000    71.000000    73.000000    56.000000    61.000000    33.000000    59.000000    72.000000    54.000000    38.000000    79.000000    55.000000    59.000000    17.000000    44.000000    71.000000    52.000000    59.000000    55.000000    48.000000    64.000000    50.000000    67.000000    72.000000    45.000000    58.000000   105.000000    50.000000    74.000000    73.000000    79.000000    61.000000    71.000000    41.000000    55.000000    71.000000    52.000000    33.000000    55.000000   115.000000   110.000000    84.000000    95.000000    40.000000    92.000000   598.000000   112.000000    72.000000    34.000000    30.000000   142.000000   613.000000  1177.000000   177.000000    98.000000   106.000000   142.000000   474.000000   476.000000   832.000000   550.000000   409.000000  1145.000000
   484.797699    49.000000    88.000000    61.000000   101.000000    76.000000    37.000000    74.000000    58.000000    79.000000    42.000000    72.000000    60.000000    54.000000    37.000000    78.000000    83.000000    70.000000    55.000000    60.000000    41.000000   109.000000    53.000000    41.000000    57.000000    62.000000    62.000000    60.000000    29.000000    38.000000    38.000000    86.000000    64.000000    69.000000    50.000000   102.000000    38.000000    74.000000    78.000000    64.000000    55.000000    77.000000    41.000000    69.000000    72.000000    49.000000    72.000000    40.000000   126.000000   118.000000    92.000000    64.000000    73.000000   121.000000   587.000000   114.000000    61.000000    38.000000    30.000000   148.000000   675.000000  1245.000000   176.000000    94.000000   109.000000   103.000000   471.000000   519.000000   867.000000   514.000000   409.000000  1217.000000
   486.027191    63.000000    83.000000    61.000000   105.000000    67.000000    53.000000    46.000000    99.000000    73.000000    39.000000    72.000000    72.000000    47.000000    49.000000    65.000000    50.000000    53.000000    31.000000    69.000000    67.000000    68.000000    44.000000    35.000000    58.000000    67.000000    32.000000    61.000000    27.000000    41.000000    48.000000    57.000000    50.000000    60.000000    39.000000   102.000000    43.000000    39.000000    52.000000    34.000000    71.000000    51.000000    60.000000    55.000000    54.000000    57.000000    71.000000    49.000000   112.000000    78.000000    76.000000    97.000000    61.000000   100.000000   582.000000    91.000000    78.000000    50.000000    39.000000   139.000000   742.000000  1316.000000   176.000000    93.000000   119.000000   131.000000   529.000000   537.000000   866.000000   599.000000   402.000000  1275.000000
   487.257202    54.000000    89.000000    67.000000   123.000000    64.000000    56.000000    58.000000    84.000000    67.000000    52.000000    68.000000    74.000000    25.000000    48.000000    68.000000    64.000000    38.000000    63.000000    73.000000    53.000000    57.000000    40.000000    36.000000    53.000000    55.000000    63.000000    63.000000    41.000000    44.000000    41.000000   106.000000    66.000000    52.000000    32.000000   105.000000    66.000000    70.000000    69.000000    56.000000    51.000000    73.000000    69.000000    54.000000    56.000000    55.000000    58.000000    46.000000   162.000000    97.000000    87.000000    89.000000    58.000000    99.000000   532.000000    78.000000    74.000000    28.000000    18.000000   161.000000   728.000000  1331.000000   181.000000    93.000000   101.000000   126.000000   542.000000   542.000000   932.000000   590.000000   414.000000  1220.000000
   488.487701    52.000000    84.000000    56.000000   121.000000    72.000000    56.000000    61.000000    77.000000    60.000000    82.000000    64.000000    82.000000    58.000000    45.000000    53.000000    54.000000    67.000000    45.000000    75.000000    50.000000    68.000000    49.000000    48.000000    65.000000    57.000000    47.000000    39.000000    73.000000    63.000000    54.000000    74.000000    75.000000    34.000000    48.000000    89.000000    61.000000    62.000000    71.000000    52.000000    62.000000    67.000000    56.000000    61.000000    63.000000    45.000000    38.000000    70.000000   118.000000    94.000000    98.000000    73.000000    50.000000   100.000000   537.000000   110.000000    87.000000    42.000000    46.000000   138.000000   756.000000  1351.000000   200.000000   123.000000    79.000000   133.000000   579.000000   567.000000   915.000000   556.000000   431.000000  1245.000000
   489.718597    44.000000    88.000000    71.000000    92.000000    76.000000    57.000000    55.000000    94.000000    60.000000    61.000000    68.000000    73.000000    53.000000    48.000000    43.000000    42.000000    53.000000    49.000000    48.000000    52.000000    73.000000    31.000000    35.000000    48.000000    44.000000    57.000000    52.000000    49.000000    47.000000    33.000000    59.000000    50.000000    49.000000    66.000000    92.000000    58.000000    44.000000    49.000000    46.000000    65.000000    62.000000    56.000000    42.000000    76.000000    30.000000    51.000000    46.000000   121.000000    99.000000    71.000000    63.000000    58.000000   108.000000   541.000000    79.000000    68.000000    39.000000    28.000000   149.000000   843.000000  1528.000000   213.000000    85.000000   115.000000   137.000000   548.000000   611.000000   995.000000   611.000000   443.000000  1298.000000
   490.950104    58.000000    71.000000    64.000000    90.000000    64.000000    47.000000    85.000000    82.000000    64.000000    34.000000    60.000000    65.000000    51.000000    61.000000    44.000000    35.000000    62.000000    42.000000    69.000000    44.000000    90.000000    22.000000    38.000000    58.000000    40.000000    34.000000    55.000000    42.000000    50.000000    43.000000    79.000000    64.000000    47.000000    35.000000    89.000000    56.000000    40.000000    68.000000    50.000000    38.000000    66.000000    57.000000    44.000000    44.000000    58.000000    47.000000    53.000000   120.000000    63.000000    83.000000    62.000000    73.000000    87.000000   498.000000    84.000000    66.000000    35.000000    32.000000   187.000000   853.000000  1483.000000   211.000000   121.000000    92.000000   143.000000   550.000000   597.000000   968.000000   600.000000   455.000000  1263.000000
   492.182007    36.000000    48.000000    59.000000    94.000000    77.000000    41.000000    70.000000    75.000000    75.000000    77.000000    38.000000    57.000000    56.000000    25.000000    61.000000    58.000000    48.000000    50.000000    61.000000    60.000000    57.000000    22.000000    42.000000    57.000000    62.000000    56.000000    60.000000    63.000000    50.000000    11.000000    73.000000    65.000000    45.000000    29.000000    88.000000    31.000000    55.000000    36.000000    59.000000    49.000000    85.000000    24.000000    46.000000    50.000000    63.000000    31.000000    41.000000   116.000000    93.000000    65.000000    70.000000    57.000000   114.000000   429.000000    79.000000    55.000000    40.000000    37.000000   185.000000   906.000000  1484.000000   221.000000   113.000000    92.000000   137.000000   586.000000   588.000000  1021.000000   585.000000   522.000000  1364.000000
   493.414398    48.000000    59.000000    68.000000    66.000000    52.000000    27.000000    66.000000    84.000000    57.000000    72.000000    63.000000    58.000000    52.000000    41.000000    59.000000    50.000000    77.000000    45.000000    54.000000    50.000000    49.000000    32.000000    41.000000    46.000000    70.000000    34.000000    32.000000    46.000000    45.000000    48.000000    69.000000    58.000000    46.000000    44.000000    71.000000    38.000000    64.000000    58.000000    45.000000    62.000000    66.000000    32.000000    64.000000    43.000000    48.000000    51.000000    46.000000    93.000000   101.000000    90.000000    36.000000    83.000000    69.000000   452.000000    92.000000    60.000000    25.000000    44.000000   187.000000   962.000000  1480.000000   215.000000   116.000000    89.000000   131.000000   586.000000   612.000000  1045.000000   573.000000   472.000000  1316.000000
   494.647308    38.000000    70.000000    47.000000    81.000000    42.000000    45.000000    55.000000    59.000000    42.000000    59.000000    60.000000    53.000000    51.000000    37.000000    42.000000    39.000000    69.000000    44.000000    57.000000    57.000000    55.000000    32.000000    51.000000    30.000000    64.000000    38.000000    46.000000    28.000000    44.000000    44.000000    68.000000    63.000000    35.000000    38.000000    99.000000    38.000000    65.000000    81.000000    30.000000    34.000000    68.000000    37.000000    30.000000    40.000000    48.000000    47.000000    44.000000   137.000000   109.000000    97.000000    62.000000    57.000000    70.000000   419.000000    72.000000    63.000000    51.000000    51.000000   174.000000   993.000000  1540.000000   220.000000   117.000000   128.000000   152.000000   611.000000   631.000000  1012.000000   657.000000   465.000000  1291.000000
   495.880615    29.000000    59.000000    64.000000    99.000000    66.000000    60.000000    74.000000    83.000000    62.000000    55.000000    57.000000    45.000000    55.000000    32.000000    80.000000    69.000000    36.000000    35.000000    58.000000    44.000000    58.000000    29.000000    49.000000    48.000000    31.000000    46.000000    49.000000    41.000000    34.000000    41.000000    56.000000    70.000000    36.000000    50.000000    70.000000    24.000000    51.000000    64.000000    43.000000    35.000000    32.000000    46.000000    37.000000    50.000000    34.000000    38.000000    59.000000   106.000000   107.000000    67.000000    71.000000    41.000000    82.000000   433.000000    64.000000    55.000000    32.000000    44.000000   181.000000   970.000000  1450.000000   251.000000   109.000000   114.000000   145.000000   610.000000   618.000000  1067.000000   597.000000   484.000000  1323.000000
   497.114502    50.000000    90.000000    51.000000   101.000000    72.000000    49.000000    57.000000    70.000000    59.000000    62.000000    59.000000    51.000000    58.000000    43.000000    74.000000    62.000000    67.000000    53.000000    80.000000    38.000000    59.000000    33.000000    37.000000    38.000000    53.000000    43.000000    16.000000    52.000000    46.000000    35.000000    59.000000    51.000000    48.000000    50.000000    86.000000    63.000000    35.000000    59.000000    42.000000    61.000000    45.000000    19.000000    33.000000    51.000000    49.000000    19.000000    65.000000   107.000000    90.000000    96.000000    83.000000    51.000000   110.000000   373.000000    82.000000    40.000000    20.000000    32.000000   161.000000  1038.000000  1529.000000   225.000000   125.000000   129.000000   103.000000   609.000000   575.000000  1021.000000   681.000000   466.000000  1307.000000
   498.348785    46.000000    65.000000    30.000000    77.000000    48.000000    62.000000    52.000000    50.000000    46.000000    51.000000    55.000000    49.000000    47.000000    45.000000    37.000000    60.000000    39.000000    41.000000    73.000000    44.000000    52.000000    37.000000    30.000000    36.000000    38.000000    56.000000    50.000000    45.000000    30.000000    28.000000    54.000000    43.000000    40.000000    34.000000    90.000000    15.000000    29.000000    58.000000    43.000000    32.000000    55.000000    37.000000    37.000000    37.000000    39.000000    31.000000    36.000000   118.000000    93.000000    84.000000    66.000000    64.000000    85.000000   418.000000    82.000000    51.000000    38.000000    31.000000   182.000000  1082.000000  1627.000000   256.000000   173.000000   121.000000   133.000000   625.000000   643.000000  1041.000000   646.000000   489.000000  1227.000000
   499.583588    27.000000    51.000000    62.000000    87.000000    58.000000    54.000000    62.000000    36.000000    64.000000    45.000000    76.000000    38.000000    37.000000    38.000000    70.000000    40.000000    51.000000    37.000000    65.000000    47.000000    62.000000    31.000000    28.000000    50.000000    55.000000    44.000000    38.000000    59.000000    36.000000    25.000000    60.000000    57.000000    35.000000    38.000000   103.000000    36.000000    45.000000    65.000000    68.000000    40.000000    69.000000    43.000000    35.000000    39.000000    39.000000    40.000000    51.000000    93.000000    74.000000    79.000000    78.000000    38.000000    71.000000   378.000000    79.000000    63.000000    30.000000    45.000000   186.000000  1027.000000  1687.000000   244.000000   128.000000   115.000000   133.000000   628.000000   621.000000  1074.000000   618.000000   480.000000  1308.000000
   500.818909    32.000000    61.000000    56.000000   104.000000    45.000000    34.000000    72.000000    60.000000    49.000000    32.000000    54.000000    47.000000    39.000000    37.000000    59.000000    60.000000    53.000000    50.000000    72.000000    44.000000    59.000000    39.000000    27.000000    42.000000    72.000000    42.000000    55.000000    46.000000    53.000000    46.000000    67.000000    38.000000    27.000000    29.000000    81.000000    43.000000    38.000000    43.000000    53.000000    40.000000    45.000000    42.000000    42.000000    27.000000    36.000000    25.000000    33.000000   108.000000    80.000000    77.000000    85.000000    52.000000    79.000000   358.000000    68.000000    76.000000    38.000000    15.000000   192.000000  1169.000000  1700.000000   230.000000   130.000000   114.000000   139.000000   655.000000   671.000000  1185.000000   640.000000   475.000000  1255.000000
   502.054596    25.000000    63.000000    63.000000   100.000000    51.000000    56.000000    54.000000    67.000000    57.000000    37.000000    67.000000    51.000000    50.000000    50.000000    58.000000    70.000000    56.000000    39.000000    65.000000    48.000000    49.000000    29.000000    31.000000    53.000000    55.000000    27.000000    36.000000    25.000000    32.000000    37.000000    62.000000    31.000000    33.000000    37.000000    88.000000    19.000000    32.000000    36.000000    34.000000    42.000000    60.000000    46.000000    37.000000    49.000000    40.000000    31.000000    56.000000   114.000000    84.000000    80.000000    76.000000    61.000000    88.000000   364.000000    84.000000    57.000000    29.000000    40.000000   170.000000  1168.000000  1610.000000   233.000000   128.000000   141.000000   142.000000   637.000000   645.000000  1119.000000   630.000000   545.000000  1319.000000
   503.290894    43.000000    62.000000    74.000000    89.000000    52.000000    58.000000    84.000000    60.000000    64.000000    53.000000    41.000000    62.000000    61.000000    33.000000    49.000000    46.000000    69.000000    50.000000    47.000000    73.000000    71.000000    25.000000    19.000000    25.000000    60.000000    46.000000    45.000000    42.000000    36.000000    33.000000    75.000000    59.000000    40.000000    29.000000    81.000000    59.000000    38.000000    34.000000    53.000000    33.000000    57.000000    69.000000    65.000000    48.000000    33.000000    36.000000    62.000000    95.000000    74.000000   111.000000    50.000000    63.000000    87.000000   373.000000    86.000000    53.000000    44.000000    31.000000   192.000000  1182.000000  1752.000000   250.000000   123.000000   103.000000   167.000000   649.000000   675.000000  1116.000000   625.000000   503.000000  1266.000000
   504.527588    46.000000    57.000000    64.000000    70.000000    43.000000    43.000000    75.000000    72.000000    28.000000    50.000000    37.000000    62.000000    51.000000    20.000000    47.000000    61.000000    61.000000    59.000000    45.000000    51.000000    61.000000    28.000000    32.000000    55.000000    28.000000    65.000000    43.000000    42.000000    25.000000    36.000000    78.000000    41.000000    31.000000    15.000000    79.000000    36.000000    41.000000    44.000000    53.000000    45.000000    63.000000    40.000000    20.000000    43.000000    49.000000    31.000000    48.000000   103.000000    92.000000    85.000000    78.000000    54.000000    95.000000   357.000000    69.000000    50.000000    27.000000    28.000000   203.000000  1208.000000  1775.000000   255.000000   143.000000   112.000000   163.000000   682.000000   700.000000  1172.000000   662.000000   526.000000  1336.000000
   505.764801    54.000000    69.000000    67.000000   100.000000    61.000000    69.000000    58.000000    71.000000    46.000000    37.000000    74.000000    70.000000    42.000000    39.000000    58.000000    32.000000    44.000000    44.000000    73.000000    42.000000    69.000000    31.000000    38.000000    41.000000    39.000000    46.000000    42.000000    32.000000    38.000000    52.000000    86.000000    55.000000    53.000000    43.000000    73.000000    54.000000    38.000000    54.000000    36.000000    55.000000    77.000000    12.000000    63.000000    39.000000    49.000000    28.000000    50.000000    99.000000   107.000000   105.000000    78.000000    55.000000    95.000000   344.000000    81.000000    55.000000    10.000000    31.000000   194.000000  1225.000000  1837.000000   257.000000   142.000000    99.000000   161.000000   720.000000   655.000000  1103.000000   675.000000   561.000000  1341.000000
   507.002502    34.000000    52.000000    46.000000    79.000000    62.000000    28.000000    61.000000    60.000000    57.000000    45.000000    73.000000    53.000000    38.000000    55.000000    55.000000    59.000000    50.000000    42.000000    56.000000    66.000000    68.000000    32.000000    29.000000    55.000000    47.000000    22.000000    49.000000    40.000000    26.000000    45.000000    94.000000    54.000000    38.000000    34.000000    72.000000    40.000000    57.000000    44.000000    33.000000    43.000000    79.000000    34.000000    41.000000    31.000000    34.000000    49.000000    35.000000   108.000000   114.000000   111.000000    69.000000    47.000000    50.000000   320.000000    98.000000    64.000000    17.000000    16.000000   195.000000  1334.000000  1851.000000   252.000000   136.000000   111.000000   161.000000   719.000000   752.000000  1197.000000   650.000000   584.000000  1336.000000
   508.240601    46.000000    57.000000    44.000000    82.000000    57.000000    41.000000    58.000000    55.000000    58.000000    47.000000    64.000000    50.000000    42.000000    36.000000    43.000000    58.000000    50.000000    20.000000    86.000000    27.000000    44.000000    28.000000    30.000000    52.000000    35.000000    39.000000    37.000000    24.000000    44.000000    14.000000    76.000000    45.000000    12.000000    28.000000   105.000000    35.000000    44.000000    59.000000    34.000000    44.000000    57.000000    41.000000    38.000000    45.000000    43.000000    27.000000    46.000000   119.000000   117.000000    88.000000    68.000000    67.000000    84.000000   331.000000    63.000000    37.000000    54.000000    13.000000   210.000000  1348.000000  1897.000000   244.000000   131.000000   143.000000   162.000000   722.000000   728.000000  1214.000000   584.000000   543.000000  1254.000000
   509.479309    23.000000    60.000000    56.000000    72.000000    65.000000    49.000000    58.000000    68.000000    47.000000    55.000000    59.000000    64.000000    52.000000    56.000000    50.000000    39.000000    41.000000    51.000000    81.000000    46.000000    54.000000    32.000000    27.000000    31.000000    14.000000    53.000000    28.000000    26.000000    22.000000    26.000000    47.000000    40.000000    45.000000    17.000000    78.000000    37.000000    42.000000    28.000000    45.000000    35.000000    54.000000    40.000000    28.000000    28.000000    44.000000    34.000000    37.000000   109.000000    78.000000    77.000000    79.000000    55.000000    61.000000   285.000000    64.000000    40.000000    13.000000    28.000000   222.000000  1345.000000  1909.000000   266.000000   126.000000   120.000000   176.000000   722.000000   696.000000  1216.000000   670.000000   531.000000  1308.000000
   510.718414    32.000000    54.000000    52.000000    80.000000    62.000000    49.000000    55.000000    75.000000    62.000000    54.000000    42.000000    49.000000    69.000000    54.000000    37.000000    27.000000    44.000000    48.000000    66.000000    55.000000    55.000000    23.000000    42.000000    19.000000    30.000000    40.000000    36.000000    33.000000    35.000000    38.000000    73.000000    49.000000    32.000000    34.000000    66.000000    42.000000    58.000000    38.000000    46.000000    42.000000    73.000000    48.000000    36.000000    35.000000    55.000000    43.000000    59.000000    94.000000    98.000000   106.000000    68.000000    63.000000    93.000000   276.000000    61.000000    57.000000    25.000000    34.000000   222.000000  1393.000000  1932.000000   261.000000   162.000000   155.000000   179.000000   713.000000   719.000000  1224.000000   652.000000   550.000000  1237.000000
   511.958008    46.000000    76.000000    30.000000   100.000000    54.000000    60.000000    89.000000    66.000000    39.000000    46.000000    48.000000    68.000000    36.000000    54.000000    46.000000    35.000000    42.000000    37.000000    59.000000    35.000000    57.000000    34.000000    36.000000    40.000000    50.000000    -3.000000    38.000000    36.000000    46.000000    18.000000    51.000000    44.000000     2.000000    27.000000    84.000000    23.000000    42.000000    50.000000    43.000000    41.000000    50.000000    30.000000    53.000000    34.000000    20.000000    36.000000    58.000000    94.000000    96.000000   113.000000    90.000000    51.000000    76.000000   226.000000    71.000000    31.000000    43.000000    35.000000   175.000000  1441.000000  1972.000000   252.000000   134.000000   124.000000   151.000000   728.000000   743.000000  1299.000000   629.000000   579.000000  1310.000000
   513.198120    43.000000    52.000000    37.000000    79.000000    61.000000    55.000000    61.000000    67.000000    41.000000    49.000000    43.000000    25.000000    44.000000    34.000000    25.000000    56.000000    40.000000    40.000000    56.000000    53.000000    52.000000    10.000000     9.000000    31.000000    54.000000    28.000000    30.000000    21.000000    34.000000    33.000000    51.000000    55.000000    57.000000    26.000000    61.000000    30.000000    40.000000    37.000000    10.000000    25.000000    62.000000    45.000000    30.000000    28.000000    41.000000    31.000000    43.000000    96.000000    92.000000    96.000000    57.000000    66.000000    79.000000   292.000000    70.000000    30.000000    45.000000    35.000000   188.000000  1500.000000  2028.000000   266.000000   144.000000   157.000000   163.000000   802.000000   800.000000  1272.000000   709.000000   585.000000  1293.000000
   514.438599    43.000000    56.000000    61.000000    75.000000    55.000000    28.000000    64.000000    55.000000    58.000000    44.000000    46.000000    54.000000    38.000000    19.000000    49.000000    31.000000    46.000000    37.000000    52.000000    53.000000    52.000000    35.000000    31.000000    39.000000    36.000000    38.000000    20.000000    42.000000    40.000000    12.000000    76.000000    41.000000    32.000000    23.000000    75.000000    33.000000    35.000000    36.000000    27.000000    49.000000    50.000000    42.000000    29.000000    37.000000     7.000000    27.000000    51.000000   110.000000   110.000000    88.000000    83.000000    87.000000    94.000000   220.000000    63.000000    45.000000    14.000000    19.000000   217.000000  1483.000000  2042.000000   270.000000   174.000000   122.000000   150.000000   829.000000   791.000000  1373.000000   706.000000   576.000000  1302.000000
   515.679688    42.000000    28.000000    60.000000   102.000000    42.000000    27.000000    49.000000    63.000000    57.000000    55.000000    29.000000    41.000000    51.000000    31.000000    38.000000    44.000000    45.000000    48.000000    71.000000    55.000000    52.000000    24.000000    51.000000    33.000000    32.000000    21.000000    26.000000    34.000000    50.000000    22.000000    84.000000    41.000000    45.000000    27.000000    68.000000    36.000000    38.000000    28.000000    29.000000    43.000000    62.000000    37.000000    33.000000    10.000000    23.000000    30.000000    48.000000    72.000000   113.000000   120.000000    81.000000    50.000000    77.000000   162.000000    60.000000    41.000000    27.000000    45.000000   223.000000  1496.000000  2184.000000   290.000000   148.000000   150.000000   206.000000   822.000000   766.000000  1435.000000   648.000000   650.000000  1323.000000
   516.921204    43.000000    36.000000    33.000000    92.000000    54.000000    38.000000    61.000000    55.000000    36.000000    47.000000    33.000000    55.000000    53.000000    29.000000    45.000000    38.000000    41.000000    37.000000    56.000000    64.000000    30.000000    14.000000    33.000000    23.000000    38.000000    18.000000    16.000000    37.000000    48.000000    39.000000    55.000000    32.000000    28.000000    25.000000   101.000000    32.000000    35.000000    37.000000    39.000000    26.000000    33.000000    32.000000    35.000000    53.000000    53.000000    47.000000    28.000000    73.000000    95.000000   119.000000    94.000000    65.000000    75.000000   223.000000    62.000000    33.000000    12.000000    24.000000   239.000000  1463.000000  2062.000000   282.000000   179.000000   154.000000   148.000000   795.000000   803.000000  1371.000000   687.000000   610.000000  1361.000000
   518.163208    43.000000    49.000000    50.000000    85.000000    60.000000    53.000000    78.000000    50.000000    30.000000    35.000000    50.000000    49.000000    45.000000    35.000000    38.000000    46.000000    29.000000    44.000000    75.000000    46.000000    59.000000    20.000000    39.000000    39.000000     4.000000    38.000000    44.000000    27.000000    44.000000    30.000000    59.000000    70.000000    58.000000    36.000000    81.000000    26.000000    16.000000    35.000000    30.000000    13.000000    69.000000    42.000000    18.000000    34.000000    18.000000    34.000000    39.000000    77.000000    58.000000   128.000000    67.000000    54.000000    85.000000   144.000000    38.000000    20.000000    45.000000    15.000000   214.000000  1534.000000  1979.000000   275.000000   152.000000   148.000000   172.000000   855.000000   815.000000  1398.000000   686.000000   612.000000  1312.000000
   519.405579    28.000000    30.000000    43.000000    64.000000    39.000000    33.000000    43.000000    41.000000    50.000000    31.000000    18.000000    45.000000    53.000000    18.000000    43.000000    39.000000    28.000000    45.000000    57.000000    16.000000    60.000000    30.000000    40.000000    40.000000    39.000000    20.000000    22.000000    10.000000    40.000000    22.000000    66.000000    37.000000    33.000000    24.000000    68.000000    37.000000    26.000000    39.000000    38.000000    27.000000    66.000000    40.000000     7.000000    28.000000    21.000000    30.000000    49.000000    91.000000   109.000000   122.000000    72.000000    73.000000    78.000000   141.000000    40.000000    34.000000    42.000000    51.000000   229.000000  1477.000000  2010.000000   283.000000   168.000000   146.000000   171.000000   917.000000   795.000000  1443.000000   678.000000   596.000000  1286.000000
   520.648621    39.000000    37.000000    41.000000    85.000000    25.000000    46.000000    50.000000    35.000000    43.000000    29.000000    31.000000    31.000000    32.000000    28.000000    44.000000    37.000000    40.000000    33.000000    74.000000    49.000000    67.000000    12.000000    35.000000    40.000000    24.000000    22.000000    24.000000    47.000000    20.000000    27.000000    95.000000    28.000000    33.000000    22.000000    45.000000    38.000000    17.000000    33.000000    38.000000    13.000000    73.000000    43.000000    13.000000    29.000000    23.000000    25.000000    28.000000    79.000000    77.000000   107.000000    68.000000    59.000000    74.000000   141.000000    37.000000    21.000000    50.000000     4.000000   198.000000  1572.000000  1917.000000   281.000000   143.000000   114.000000   145.000000   878.000000   872.000000  1410.000000   696.000000   595.000000  1217.000000
   521.892090    13.000000    16.000000    36.000000    90.000000    45.000000    35.000000    53.000000    37.000000    52.000000    41.000000    26.000000    26.000000    31.000000    15.000000    37.000000    43.000000    28.000000    26.000000    41.000000    47.000000    34.000000    17.000000    33.000000    41.000000     8.000000    24.000000    19.000000    29.000000    20.000000    31.000000    56.000000    28.000000    31.000000    12.000000    75.000000    25.000000    29.000000    36.000000    22.000000    25.000000    58.000000    42.000000    28.000000    26.000000    14.000000    35.000000    42.000000    69.000000    83.000000   102.000000    64.000000    45.000000    73.000000   105.000000    35.000000    25.000000    18.000000    24.000000   235.000000  1562.000000  1906.000000   300.000000   114.000000   142.000000   170.000000   866.000000   837.000000  1395.000000   626.000000   651.000000  1303.000000
   523.135986    60.000000    52.000000    55.000000    66.000000    59.000000    41.000000    45.000000    32.000000    21.000000    28.000000    27.000000    50.000000    43.000000    27.000000    48.000000    36.000000    33.000000    24.000000    48.000000    44.000000    50.000000    18.000000    25.000000    54.000000    32.000000    31.000000    22.000000    24.000000    27.000000    19.000000    76.000000    34.000000    19.000000    21.000000    76.000000    32.000000    30.000000    22.000000    28.000000    41.000000    61.000000    38.000000    28.000000    44.000000    29.000000    40.000000    25.000000    66.000000    91.000000   100.000000    68.000000    43.000000    49.000000    97.000000    48.000000    14.000000    21.000000    18.000000   234.000000  1616.000000  1982.000000   274.000000   165.000000   120.000000   183.000000   926.000000   898.000000  1478.000000   629.000000   642.000000  1260.000000
   524.380371    27.000000    42.000000    57.000000    75.000000    28.000000    35.000000    43.000000    57.000000    33.000000    28.000000    33.000000    45.000000     6.000000    18.000000    25.000000    51.000000    34.000000    43.000000    37.000000    39.000000    42.000000    40.000000    18.000000    33.000000    44.000000    20.000000    18.000000    14.000000    16.000000    39.000000    37.000000    33.000000    28.000000    23.000000    84.000000    35.000000    16.000000    41.000000    45.000000    25.000000    48.000000    45.000000    51.000000    19.000000    16.000000     1.000000    39.000000    90.000000    88.000000   100.000000    55.000000    55.000000    60.000000   102.000000    40.000000    42.000000    32.000000    27.000000   231.000000  1604.000000  1988.000000   247.000000   189.000000   135.000000   180.000000   870.000000   885.000000  1480.000000   628.000000   667.000000  1235.000000
   525.625305    37.000000    48.000000    61.000000    81.000000    53.000000    50.000000    41.000000    34.000000    33.000000    47.000000    34.000000    34.000000    49.000000    29.000000    31.000000    28.000000    42.000000    42.000000    63.000000    36.000000    50.000000    26.000000     4.000000    34.000000    43.000000    25.000000    48.000000    24.000000    35.000000    27.000000    66.000000    32.000000    49.000000    32.000000    67.000000    60.000000    28.000000    19.000000    50.000000    24.000000    40.000000    25.000000    27.000000    26.000000    34.000000    20.000000    29.000000    80.000000   104.000000   118.000000    87.000000    58.000000    69.000000    80.000000    18.000000    39.000000    27.000000    25.000000   279.000000  1645.000000  2025.000000   271.000000   177.000000   136.000000   173.000000   866.000000   912.000000  1421.000000   691.000000   678.000000  1310.000000
   526.870728    30.000000    33.000000    23.000000    85.000000    50.000000    45.000000    27.000000    50.000000    29.000000    25.000000    51.000000    38.000000    18.000000    38.000000    27.000000    32.000000    33.000000    50.000000    65.000000    38.000000    38.000000    18.000000    19.000000    36.000000    18.000000    35.000000    60.000000    15.000000    32.000000    26.000000    62.000000    35.000000    22.000000    30.000000    82.000000    30.000000    27.000000    31.000000    36.000000    29.000000    40.000000    10.000000    27.000000    11.000000    34.000000    21.000000    50.000000    50.000000    83.000000   117.000000    79.000000    62.000000    62.000000    90.000000    24.000000    38.000000    24.000000    19.000000   282.000000  1691.000000  2184.000000   305.000000   183.000000   158.000000   173.000000   911.000000   953.000000  1519.000000   655.000000   594.000000  1263.000000
   528.116516    40.000000    17.000000    47.000000    83.000000    31.000000    49.000000    53.000000    51.000000    40.000000    56.000000    27.000000    27.000000    43.000000    29.000000    31.000000    27.000000    41.000000    47.000000    85.000000    32.000000    30.000000    28.000000     6.000000    21.000000    18.000000    35.000000    35.000000    17.000000    14.000000    42.000000    70.000000    47.000000    16.000000    31.000000    71.000000    41.000000    18.000000    30.000000    30.000000    49.000000    59.000000    46.000000    46.000000    18.000000    28.000000     8.000000    35.000000    74.000000    90.000000   128.000000    85.000000    45.000000    56.000000    75.000000    30.000000    35.000000    12.000000    26.000000   282.000000  1794.000000  2397.000000   261.000000   178.000000   144.000000   169.000000   929.000000   921.000000  1480.000000   601.000000   625.000000  1325.000000
   529.362793    14.000000    41.000000    68.000000    79.000000    46.000000    43.000000    39.000000    22.000000    35.000000    40.000000    26.000000    36.000000    34.000000    31.000000    38.000000    48.000000    41.000000    37.000000    78.000000    49.000000    33.000000    26.000000    17.000000    37.000000    23.000000    13.000000    13.000000    26.000000    39.000000     7.000000    38.000000    21.000000    29.000000    11.000000    89.000000    36.000000    23.000000    35.000000    45.000000    32.000000    67.000000    47.000000    37.000000    31.000000    38.000000    29.000000    33.000000    60.000000    77.000000   131.000000    85.000000    48.000000    73.000000    74.000000    48.000000    57.000000    27.000000    53.000000   249.000000  1867.000000  2477.000000   318.000000   182.000000   135.000000   167.000000   917.000000   852.000000  1480.000000   686.000000   638.000000  1357.000000
   530.609619    26.000000    41.000000    37.000000    76.000000    60.000000    47.000000    35.000000    34.000000    33.000000    28.000000    25.000000    36.000000    38.000000    35.000000    38.000000    41.000000    39.000000    48.000000    75.000000    48.000000    50.000000    28.000000    31.000000    32.000000    25.000000    28.000000    35.000000    55.000000    32.000000    26.000000    66.000000    38.000000    37.000000    13.000000    81.000000    18.000000    20.000000    37.000000    30.000000    46.000000    58.000000    35.000000    16.000000    30.000000    20.000000    23.000000    30.000000    87.000000    90.000000   125.000000    81.000000    54.000000    68.000000    84.000000    37.000000    34.000000    41.000000    35.000000   278.000000  1790.000000  2623.000000   329.000000   184.000000   147.000000   225.000000   912.000000   956.000000  1577.000000   725.000000   695.000000  1328.000000
   531.856873    39.000000    37.000000    40.000000    68.000000    59.000000    35.000000    58.000000    48.000000    46.000000    46.000000    37.000000    39.000000    28.000000    51.000000    43.000000    70.000000    41.000000    46.000000    87.000000    31.000000    64.000000    31.000000    42.000000    27.000000    45.000000    22.000000    27.000000    18.000000    42.000000    39.000000    81.000000    34.000000    13.000000    26.000000    68.000000    27.000000    23.000000    63.000000    25.000000    50.000000    70.000000    34.000000    27.000000    24.000000    23.000000    29.000000    30.000000   120.000000   111.000000   141.000000    84.000000    75.000000    63.000000    79.000000    39.000000    28.000000    17.000000    29.000000   264.000000  1872.000000  2641.000000   354.000000   196.000000   175.000000   223.000000   977.000000   917.000000  1611.000000   677.000000   667.000000  1252.000000
   533.104614    39.000000    34.000000    60.000000    77.000000    53.000000    44.000000    67.000000    46.000000    35.000000    43.000000    45.000000    38.000000    37.000000    21.000000    44.000000    39.000000    44.000000    48.000000    96.000000    42.000000    31.000000    40.000000    39.000000    38.000000    41.000000    23.000000    29.000000    32.000000    40.000000    36.000000    69.000000    38.000000    25.000000    21.000000    94.000000    34.000000    52.000000    29.000000    35.000000    41.000000    74.000000    62.000000    33.000000    28.000000    24.000000    26.000000    43.000000    80.000000   102.000000   163.000000    93.000000    71.000000    64.000000    87.000000    53.000000    42.000000    26.000000    29.000000   260.000000  1953.000000  2649.000000   384.000000   194.000000   159.000000   232.000000   946.000000   892.000000  1619.000000   700.000000   681.000000  1326.000000
   534.352905    29.000000    55.000000    48.000000    80.000000    40.000000    29.000000    39.000000    33.000000    38.000000    34.000000    47.000000    36.000000    48.000000    26.000000    67.000000    46.000000    30.000000    35.000000    75.000000    49.000000    34.000000    32.000000    45.000000    42.000000    39.000000    20.000000    44.000000    26.000000    41.000000    32.000000    64.000000    50.000000    35.000000    29.000000    93.000000    13.000000    36.000000    49.000000    48.000000    30.000000    57.000000    34.000000    28.000000    33.000000    25.000000    49.000000    28.000000    83.000000   104.000000   150.000000    87.000000    67.000000    69.000000    98.000000    56.000000    34.000000    52.000000    26.000000   291.000000  1904.000000  2505.000000   378.000000   205.000000   160.000000   225.000000   961.000000   984.000000  1590.000000   733.000000   739.000000  1283.000000
   535.601624    50.000000    55.000000    52.000000   111.000000    45.000000    41.000000    34.000000    73.000000    53.000000    42.000000    47.000000    42.000000    50.000000    28.000000    66.000000    40.000000    74.000000    57.000000   111.000000    71.000000    53.000000    43.000000    47.000000    29.000000    24.000000    31.000000    32.000000    47.000000    32.000000    33.000000    85.000000    66.000000    49.000000    31.000000   100.000000    48.000000    28.000000    14.000000    57.000000    34.000000    73.000000    47.000000    20.000000    31.000000    48.000000    34.000000    46.000000    61.000000    95.000000   166.000000    93.000000    64.000000    99.000000   104.000000    55.000000    37.000000    32.000000    54.000000   285.000000  1973.000000  2596.000000   379.000000   174.000000   182.000000   229.000000   979.000000   977.000000  1576.000000   682.000000   740.000000  1276.000000
   536.850830    46.000000    30.000000    50.000000   117.000000    62.000000    52.000000    36.000000    72.000000    46.000000    36.000000    30.000000    65.000000    66.000000    52.000000    65.000000    58.000000    54.000000    50.000000   101.000000    45.000000    52.000000    40.000000    50.000000    38.000000    25.000000    29.000000    40.000000    37.000000    37.000000    39.000000    66.000000    37.000000    47.000000    55.000000   109.000000    34.000000    34.000000    41.000000    40.000000    35.000000    75.000000    36.000000    36.000000    41.000000    19.000000    28.000000    58.000000    93.000000    94.000000   179.000000    83.000000    76.000000    79.000000    88.000000    54.000000    48.000000    39.000000    32.000000   262.000000  2064.000000  2728.000000   398.000000   191.000000   174.000000   217.000000  1027.000000   951.000000  1580.000000   713.000000   751.000000  1344.000000
   538.100525    69.000000    42.000000    69.000000   119.000000    71.000000    48.000000    66.000000    85.000000    61.000000    49.000000    38.000000    39.000000    67.000000    66.000000    76.000000    53.000000    47.000000    42.000000   116.000000    58.000000    57.000000    46.000000    45.000000    33.000000    51.000000    31.000000    32.000000    41.000000    46.000000    43.000000   100.000000    37.000000    21.000000    59.000000   110.000000    46.000000    36.000000    37.000000    48.000000    49.000000    92.000000    36.000000    45.000000    41.000000    55.000000    50.000000    58.000000    85.000000   121.000000   176.000000   111.000000    91.000000    89.000000   114.000000    56.000000    59.000000    35.000000    39.000000   274.000000  2191.000000  2655.000000   386.000000   235.000000   154.000000   244.000000  1031.000000  1005.000000  1624.000000   747.000000   703.000000  1254.000000
   539.350586    45.000000    43.000000    75.000000   132.000000    79.000000    60.000000    76.000000    73.000000    55.000000    35.000000    53.000000    67.000000    69.000000    71.000000    52.000000    58.000000    64.000000    61.000000   132.000000    73.000000    60.000000    53.000000    36.000000    67.000000    47.000000    55.000000    42.000000    41.000000    55.000000    37.000000   116.000000    52.000000    40.000000    33.000000   117.000000    36.000000    57.000000    36.000000    30.000000    69.000000    84.000000    42.000000    34.000000    39.000000    28.000000    49.000000    71.000000   118.000000   136.000000   163.000000   140.000000    81.000000    93.000000   133.000000    82.000000    51.000000    31.000000    43.000000   298.000000  2197.000000  2708.000000   411.000000   225.000000   180.000000   234.000000  1103.000000  1019.000000  1720.000000   723.000000   723.000000  1335.000000
   540.601318    69.000000    68.000000    74.000000   135.000000    80.000000    81.000000    73.000000    88.000000    60.000000    77.000000    87.000000    89.000000    68.000000    61.000000    91.000000    81.000000    70.000000    80.000000   159.000000    90.000000    80.000000    55.000000    52.000000    40.000000    42.000000    27.000000    51.000000    38.000000    44.000000    51.000000   126.000000    64.000000    48.000000    53.000000   143.000000    41.000000    52.000000    62.000000    60.000000    49.000000   103.000000    56.000000    44.000000    53.000000    54.000000    53.000000    71.000000   134.000000   154.000000   178.000000   138.000000    91.000000   106.000000   186.000000    83.000000    71.000000    57.000000    47.000000   273.000000  2301.000000  2754.000000   392.000000   229.000000   183.000000   245.000000  1184.000000  1033.000000  1696.000000   711.000000   782.000000  1221.000000
   541.852417    73.000000    61.000000    88.000000   173.000000    98.000000   107.000000   112.000000   117.000000    63.000000    65.000000    66.000000    88.000000    71.000000    89.000000    99.000000    96.000000    84.000000    86.000000   174.000000   126.000000    91.000000    61.000000    77.000000    52.000000    43.000000    63.000000    45.000000    35.000000    36.000000    42.000000   139.000000    69.000000    51.000000    53.000000   183.000000    49.000000    48.000000    42.000000    41.000000    49.000000    97.000000    57.000000    36.000000    70.000000    67.000000    45.000000    80.000000   140.000000   167.000000   194.000000   124.000000    99.000000   117.000000   182.000000    94.000000    68.000000    74.000000    85.000000   322.000000  2337.000000  2851.000000   435.000000   241.000000   202.000000   240.000000  1061.000000  1034.000000  1707.000000   702.000000   710.000000  1300.000000
   543.104004    82.000000    77.000000    97.000000   154.000000    97.000000   105.000000    89.000000   126.000000    95.000000    96.000000    60.000000    74.000000   123.000000    81.000000   126.000000   120.000000    90.000000    83.000000   180.000000   133.000000    99.000000    48.000000    66.000000    59.000000    55.000000    58.000000    40.000000    39.000000    52.000000    69.000000   104.000000    87.000000    87.000000    70.000000   180.000000    77.000000    93.000000    68.000000    53.000000    47.000000   102.000000    64.000000    40.000000    70.000000    56.000000    50.000000    57.000000   158.000000   225.000000   198.000000   127.000000   123.000000   125.000000   217.000000   108.000000    86.000000    67.000000    71.000000   316.000000  2292.000000  2870.000000   461.000000   242.000000   228.000000   255.000000  1104.000000  1025.000000  1771.000000   726.000000   740.000000  1319.000000
   544.356079   118.000000    70.000000   112.000000   195.000000   136.000000   114.000000   150.000000   146.000000   116.000000    93.000000    90.000000   114.000000   103.000000   106.000000   126.000000   101.000000   115.000000   123.000000   200.000000   131.000000   117.000000    64.000000    76.000000    72.000000    79.000000    51.000000    65.000000    51.000000    54.000000    83.000000   146.000000   102.000000    95.000000    76.000000   193.000000    83.000000    82.000000    67.000000    74.000000    82.000000   125.000000    67.000000    48.000000    55.000000    69.000000    66.000000    81.000000   182.000000   194.000000   205.000000   123.000000    99.000000   125.000000   231.000000   120.000000   102.000000    85.000000    98.000000   351.000000  2422.000000  2900.000000   435.000000   229.000000   223.000000   263.000000  1172.000000  1129.000000  1796.000000   814.000000   770.000000  1307.000000
   545.608582   153.000000   119.000000   125.000000   189.000000    96.000000   155.000000   136.000000   185.000000   139.000000   106.000000   126.000000   143.000000   149.000000   122.000000   167.000000   137.000000    89.000000   112.000000   202.000000   139.000000   123.000000    77.000000    98.000000    90.000000    98.000000   101.000000    63.000000    74.000000    80.000000    76.000000   151.000000   117.000000    84.000000    86.000000   238.000000    58.000000    69.000000    65.000000    69.000000    84.000000   144.000000    62.000000    46.000000    79.000000    97.000000   106.000000   124.000000   208.000000   221.000000   233.000000   162.000000   139.000000   160.000000   274.000000   137.000000   113.000000    83.000000    99.000000   354.000000  2365.000000  2909.000000   410.000000   213.000000   214.000000   238.000000  1277.000000  1105.000000  1790.000000   791.000000   748.000000  1348.000000
   546.861694   146.000000   117.000000   119.000000   231.000000   155.000000   137.000000   150.000000   188.000000   107.000000   143.000000   149.000000   157.000000   191.000000   140.000000   187.000000   178.000000   173.000000   126.000000   231.000000   142.000000   169.000000   124.000000    95.000000    93.000000    83.000000    84.000000    70.000000    92.000000    84.000000    94.000000   197.000000   127.000000    87.000000   114.000000   253.000000   124.000000    67.000000    81.000000    80.000000    91.000000   175.000000    67.000000    86.000000    81.000000    87.000000    97.000000   132.000000   247.000000   241.000000   254.000000   173.000000   179.000000   182.000000   294.000000   131.000000   122.000000   123.000000   109.000000   390.000000  2530.000000  3020.000000   469.000000   238.000000   218.000000   248.000000  1253.000000  1158.000000  1795.000000   726.000000   743.000000  1355.000000
   548.115173   159.000000   136.000000   169.000000   234.000000   181.000000   197.000000   162.000000   255.000000   151.000000   144.000000   142.000000   204.000000   172.000000   111.000000   196.000000   175.000000   172.000000   126.000000   288.000000   196.000000   146.000000   128.000000   118.000000   126.000000   127.000000   113.000000   101.000000    98.000000   128.000000   104.000000   183.000000   179.000000    87.000000   136.000000   284.000000    99.000000   118.000000    94.000000    96.000000   102.000000   177.000000   104.000000    97.000000    86.000000   114.000000   105.000000   162.000000   296.000000   292.000000   270.000000   234.000000   172.000000   198.000000   406.000000   221.000000   125.000000   152.000000   103.000000   416.000000  2537.000000  2991.000000   513.000000   223.000000   231.000000   243.000000  1364.000000  1145.000000  1852.000000   851.000000   794.000000  1359.000000
   549.369202   188.000000   166.000000   198.000000   270.000000   225.000000   202.000000   192.000000   268.000000   173.000000   137.000000   210.000000   224.000000   235.000000   196.000000   248.000000   200.000000   182.000000   177.000000   325.000000   221.000000   208.000000   156.000000   165.000000   142.000000   145.000000   120.000000   109.000000    85.000000   117.000000   153.000000   214.000000   173.000000   152.000000   131.000000   291.000000   109.000000   125.000000   135.000000   135.000000   129.000000   193.000000   143.000000   116.000000   106.000000   145.000000   128.000000   164.000000   316.000000   301.000000   281.000000   234.000000   202.000000   269.000000   436.000000   228.000000   144.000000   149.000000   161.000000   368.000000  2500.000000  3047.000000   513.000000   246.000000   237.000000   280.000000  1225.000000  1226.000000  1939.000000   835.000000   761.000000  1291.000000
   550.623718   208.000000   202.000000   193.000000   269.000000   221.000000   241.000000   233.000000   296.000000   247.000000   194.000000   259.000000   266.000000   248.000000   208.000000   274.000000   247.000000   197.000000   200.000000   358.000000   222.000000   192.000000   160.000000   157.000000   186.000000   170.000000   128.000000   106.000000   104.000000   132.000000   139.000000   212.000000   192.000000   144.000000   168.000000   309.000000   164.000000   129.000000   132.000000   128.000000   129.000000   243.000000   128.000000   114.000000   135.000000   178.000000   162.000000   182.000000   337.000000   349.000000   252.000000   248.000000   215.000000   272.000000   474.000000   229.000000   187.000000   199.000000   164.000000   373.000000  2598.000000  3129.000000   511.000000   234.000000   229.000000   260.000000  1324.000000  1265.000000  1776.000000   814.000000   832.000000  1357.000000
   551.878723   233.000000   205.000000   248.000000   303.000000   249.000000   267.000000   256.000000   340.000000   214.000000   222.000000   254.000000   283.000000   272.000000   216.000000   284.000000   293.000000   226.000000   233.000000   337.000000   255.000000   220.000000   192.000000   159.000000   202.000000   203.000000   138.000000   107.000000   161.000000   181.000000   177.000000   288.000000   201.000000   156.000000   184.000000   310.000000   174.000000   180.000000   143.000000   164.000000   147.000000   249.000000   169.000000   158.000000   116.000000   163.000000   172.000000   184.000000   396.000000   340.000000   322.000000   265.000000   222.000000   258.000000   544.000000   276.000000   234.000000   202.000000   194.000000   385.000000  2668.000000  3049.000000   510.000000   278.000000   223.000000   267.000000  1354.000000  1228.000000  1945.000000   745.000000   830.000000  1361.000000
   553.134094   265.000000   247.000000   262.000000   351.000000   254.000000   266.000000   288.000000   369.000000   273.000000   231.000000   291.000000   321.000000   320.000000   224.000000   324.000000   304.000000   234.000000   228.000000   388.000000   244.000000   279.000000   169.000000   177.000000   195.000000   208.000000   188.000000   167.000000   164.000000   185.000000   182.000000   217.000000   274.000000   195.000000   219.000000   384.000000   184.000000   174.000000   177.000000   149.000000   172.000000   272.000000   177.000000   165.000000   148.000000   197.000000   173.000000   205.000000   473.000000   347.000000   343.000000   334.000000   273.000000   320.000000   577.000000   308.000000   274.000000   195.000000   213.000000   378.000000  2779.000000  3176.000000   530.000000   258.000000   211.000000   323.000000  1395.000000  1244.000000  1909.000000   737.000000   753.000000  1281.000000
   554.390015   281.000000   249.000000   297.000000   409.000000   301.000000   292.000000   316.000000   457.000000   307.000000   259.000000   293.000000   280.000000   341.000000   239.000000   340.000000   347.000000   230.000000   239.000000   426.000000   263.000000   278.000000   192.000000   202.000000   266.000000   237.000000   239.000000   182.000000   167.000000   234.000000   187.000000   305.000000   293.000000   210.000000   201.000000   386.000000   186.000000   172.000000   230.000000   200.000000   164.000000   285.000000   198.000000   184.000000   146.000000   197.000000   226.000000   242.000000   512.000000   438.000000   352.000000   335.000000   300.000000   351.000000   649.000000   400.000000   287.000000   204.000000   241.000000   384.000000  2684.000000  3267.000000   575.000000   249.000000   232.000000   276.000000  1390.000000  1200.000000  1963.000000   854.000000   837.000000  1367.000000
   555.646423   286.000000   294.000000   309.000000   343.000000   303.000000   308.000000   309.000000   482.000000   338.000000   305.000000   376.000000   352.000000   386.000000   270.000000   375.000000   372.000000   307.000000   243.000000   378.000000   270.000000   324.000000   210.000000   195.000000   268.000000   269.000000   241.000000   206.000000   181.000000   246.000000   216.000000   326.000000   327.000000   238.000000   205.000000   396.000000   212.000000   249.000000   250.000000   230.000000   192.000000   296.000000   203.000000   192.000000   187.000000   199.000000   228.000000   277.000000   577.000000   447.000000   386.000000   384.000000   357.000000   367.000000   761.000000   382.000000   305.000000   267.000000   242.000000   392.000000  2790.000000  3261.000000   549.000000   273.000000   226.000000   301.000000  1363.000000  1240.000000  1922.000000   792.000000   819.000000  1358.000000
   556.903320   333.000000   331.000000   347.000000   414.000000   381.000000   295.000000   336.000000   509.000000   353.000000   345.000000   443.000000   389.000000   390.000000   292.000000   427.000000   442.000000   259.000000   283.000000   382.000000   321.000000   303.000000   223.000000   233.000000   257.000000   320.000000   274.000000   229.000000   220.000000   260.000000   234.000000   352.000000   320.000000   295.000000   265.000000   436.000000   226.000000   218.000000   273.000000   203.000000   186.000000   301.000000   265.000000   201.000000   202.000000   246.000000   269.000000   315.000000   592.000000   495.000000   382.000000   454.000000   351.000000   425.000000   820.000000   418.000000   341.000000   203.000000   248.000000   405.000000  2867.000000  3225.000000   554.000000   259.000000   216.000000   297.000000  1394.000000  1327.000000  1969.000000   825.000000   833.000000  1373.000000
   558.160583   354.000000   344.000000   312.000000   411.000000   369.000000   366.000000   342.000000   595.000000   338.000000   329.000000   468.000000   435.000000   415.000000   303.000000   484.000000   426.000000   284.000000   283.000000   418.000000   318.000000   351.000000   234.000000   266.000000   303.000000   383.000000   315.000000   242.000000   268.000000   280.000000   249.000000   359.000000   355.000000   305.000000   266.000000   407.000000   307.000000   268.000000   297.000000   246.000000   241.000000   357.000000   255.000000   245.000000   232.000000   245.000000   254.000000   285.000000   570.000000   509.000000   431.000000   415.000000   359.000000   385.000000   872.000000   494.000000   325.000000   270.000000   251.000000   461.000000  2934.000000  3420.000000   581.000000   261.000000   236.000000   264.000000  1476.000000  1317.000000  1989.000000   860.000000   871.000000  1378.000000
   559.418518   397.000000   343.000000   300.000000   432.000000   427.000000   385.000000   356.000000   581.000000   393.000000   390.000000   479.000000   461.000000   446.000000   353.000000   477.000000   454.000000   313.000000   290.000000   456.000000   315.000000   335.000000   279.000000   300.000000   350.000000   369.000000   349.000000   273.000000   266.000000   299.000000   252.000000   374.000000   389.000000   283.000000   319.000000   475.000000   240.000000   271.000000   309.000000   282.000000   237.000000   351.000000   273.000000   293.000000   211.000000   238.000000   313.000000   358.000000   646.000000   511.000000   446.000000   456.000000   373.000000   436.000000   955.000000   452.000000   325.000000   295.000000   265.000000   437.000000  3040.000000  3367.000000   611.000000   274.000000   217.000000   287.000000  1479.000000  1310.000000  2099.000000   871.000000   881.000000  1405.000000
   560.676819   312.000000   371.000000   344.000000   451.000000   382.000000   327.000000   390.000000   564.000000   392.000000   405.000000   504.000000   469.000000   506.000000   315.000000   508.000000   478.000000   355.000000   334.000000   455.000000   309.000000   375.000000   224.000000   260.000000   367.000000   394.000000   344.000000   308.000000   272.000000   367.000000   286.000000   328.000000   368.000000   337.000000   352.000000   450.000000   302.000000   327.000000   311.000000   278.000000   257.000000   383.000000   263.000000   254.000000   223.000000   289.000000   307.000000   299.000000   670.000000   560.000000   386.000000   479.000000   358.000000   437.000000   954.000000   561.000000   399.000000   247.000000   260.000000   443.000000  3051.000000  3560.000000   670.000000   288.000000   253.000000   288.000000  1483.000000  1392.000000  2004.000000   948.000000   873.000000  1452.000000
   561.935608   410.000000   402.000000   351.000000   469.000000   374.000000   351.000000   416.000000   635.000000   407.000000   381.000000   534.000000   495.000000   512.000000   304.000000   523.000000   421.000000   348.000000   349.000000   450.000000   338.000000   408.000000   270.000000   307.000000   373.000000   433.000000   380.000000   333.000000   314.000000   335.000000   289.000000   393.000000   431.000000   367.000000   311.000000   466.000000   342.000000   304.000000   345.000000   326.000000   289.000000   386.000000   312.000000   311.000000   225.000000   289.000000   311.000000   405.000000   708.000000   519.000000   425.000000   424.000000   395.000000   453.000000   998.000000   525.000000   400.000000   303.000000   253.000000   436.000000  3091.000000  3555.000000   658.000000   279.000000   222.000000   307.000000  1558.000000  1366.000000  2138.000000   869.000000   980.000000  1469.000000
   563.194885   418.000000   393.000000   371.000000   463.000000   431.000000   343.000000   400.000000   636.000000   415.000000   382.000000   569.000000   455.000000   471.000000   336.000000   486.000000   479.000000   321.000000   334.000000   450.000000   316.000000   351.000000   247.000000   269.000000   363.000000   440.000000   358.000000   320.000000   319.000000   319.000000   278.000000   360.000000   394.000000   396.000000   324.000000   485.000000   281.000000   336.000000   335.000000   316.000000   250.000000   352.000000   346.000000   273.000000   243.000000   269.000000   340.000000   383.000000   670.000000   525.000000   415.000000   444.000000   396.000000   467.000000  1064.000000   551.000000   387.000000   267.000000   282.000000   475.000000  3221.000000  3532.000000   624.000000   296.000000   264.000000   323.000000  1513.000000  1412.000000  2026.000000   941.000000   955.000000  1469.000000
   564.454712   431.000000   402.000000   343.000000   475.000000   381.000000   306.000000   409.000000   678.000000   440.000000   414.000000   609.000000   463.000000   475.000000   303.000000   520.000000   500.000000   336.000000   280.000000   441.000000   317.000000   347.000000   238.000000   292.000000   375.000000   439.000000   378.000000   322.000000   331.000000   365.000000   285.000000   461.000000   382.000000   367.000000   323.000000   467.000000   320.000000   328.000000   347.000000   354.000000   308.000000   397.000000   306.000000   310.000000   287.000000   289.000000   319.000000   375.000000   708.000000   527.000000   439.000000   432.000000   381.000000   448.000000  1109.000000   565.000000   443.000000   279.000000   282.000000   484.000000  3127.000000  3570.000000   650.000000   295.000000   217.000000   308.000000  1574.000000  1507.000000  2199.000000   976.000000   921.000000  1395.000000
   565.714905   425.000000   426.000000   344.000000   465.000000   434.000000   329.000000   394.000000   609.000000   415.000000   400.000000   584.000000   503.000000   479.000000   294.000000   514.000000   482.000000   333.000000   342.000000   461.000000   311.000000   347.000000   239.000000   286.000000   383.000000   467.000000   411.000000   323.000000   319.000000   321.000000   294.000000   397.000000   420.000000   351.000000   319.000000   468.000000   331.000000   315.000000   374.000000   306.000000   271.000000   376.000000   317.000000   319.000000   252.000000   348.000000   333.000000   392.000000   704.000000   516.000000   441.000000   442.000000   465.000000   419.000000  1060.000000   567.000000   470.000000   303.000000   243.000000   472.000000  3226.000000  3614.000000   615.000000   288.000000   256.000000   344.000000  1510.000000  1458.000000  2226.000000   986.000000   982.000000  1477.000000
   566.975586   425.000000   426.000000   354.000000   498.000000   448.000000   391.000000   431.000000   609.000000   441.000000   392.000000   609.000000   479.000000   469.000000   327.000000   517.000000   482.000000   333.000000   309.000000   408.000000   315.000000   367.000000   253.000000   316.000000   394.000000   424.000000   395.000000   358.000000   333.000000   336.000000   312.000000   383.000000   377.000000   382.000000   326.000000   454.000000   365.000000   325.000000   362.000000   329.000000   314.000000   382.000000   302.000000   325.000000   258.000000   319.000000   319.000000   320.000000   687.000000   541.000000   462.000000   471.000000   427.000000   468.000000  1145.000000   595.000000   453.000000   297.000000   248.000000   506.000000  3167.000000  3550.000000   653.000000   294.000000   281.000000   310.000000  1547.000000  1519.000000  2107.000000   963.000000   959.000000  1445.000000
   568.236816   416.000000   449.000000   355.000000   475.000000   482.000000   349.000000   405.000000   625.000000   440.000000   424.000000   634.000000   461.000000   486.000000   319.000000   466.000000   510.000000   310.000000   296.000000   461.000000   309.000000   390.000000   263.000000   308.000000   343.000000   485.000000   367.000000   386.000000   318.000000   346.000000   292.000000   383.000000   371.000000   414.000000   336.000000   460.000000   337.000000   390.000000   408.000000   336.000000   262.000000   341.000000   311.000000   298.000000   266.000000   293.000000   305.000000   324.000000   726.000000   470.000000   406.000000   395.000000   456.000000   456.000000  1085.000000   629.000000   457.000000   252.000000   231.000000   531.000000  3201.000000  3577.000000   690.000000   335.000000   269.000000   331.000000  1645.000000  1483.000000  2178.000000   945.000000  1034.000000  1481.000000
   569.498474   390.000000   427.000000   332.000000   507.000000   419.000000   373.000000   424.000000   627.000000   433.000000   441.000000   586.000000   484.000000   412.000000   299.000000   518.000000   458.000000   327.000000   310.000000   409.000000   280.000000   374.000000   216.000000   310.000000   335.000000   471.000000   404.000000   331.000000   357.000000   313.000000   330.000000   398.000000   409.000000   374.000000   351.000000   459.000000   370.000000   321.000000   357.000000   311.000000   229.000000   341.000000   302.000000   269.000000   283.000000   330.000000   308.000000   380.000000   622.000000   504.000000   467.000000   447.000000   426.000000   440.000000  1075.000000   592.000000   467.000000   248.000000   214.000000   485.000000  3139.000000  3714.000000   680.000000   289.000000   250.000000   358.000000  1664.000000  1467.000000  2191.000000   955.000000  1027.000000  1575.000000
   570.760620   392.000000   428.000000   348.000000   462.000000   424.000000   350.000000   389.000000   608.000000   403.000000   414.000000   643.000000   497.000000   472.000000   307.000000   451.000000   486.000000   328.000000   325.000000   444.000000   306.000000   354.000000   214.000000   366.000000   342.000000   474.000000   449.000000   330.000000   370.000000   312.000000   303.000000   398.000000   382.000000   389.000000   324.000000   470.000000   343.000000   306.000000   392.000000   356.000000   249.000000   395.000000   293.000000   318.000000   261.000000   324.000000   337.000000   347.000000   610.000000   548.000000   430.000000   415.000000   468.000000   441.000000  1147.000000   534.000000   428.000000   246.000000   237.000000   516.000000  3439.000000  3597.000000   754.000000   326.000000   239.000000   293.000000  1603.000000  1542.000000  2202.000000   990.000000  1155.000000  1469.000000
   572.023315   404.000000   432.000000   339.000000   500.000000   387.000000   371.000000   388.000000   604.000000   362.000000   444.000000   641.000000   507.000000   488.000000   294.000000   518.000000   489.000000   296.000000   304.000000   408.000000   291.000000   382.000000   230.000000   294.000000   393.000000   451.000000   401.000000   358.000000   321.000000   306.000000   289.000000   356.000000   431.000000   430.000000   346.000000   463.000000   292.000000   318.000000   368.000000   344.000000   260.000000   380.000000   313.000000   305.000000   261.000000   308.000000   318.000000   328.000000   630.000000   555.000000   405.000000   420.000000   427.000000   415.000000  1111.000000   580.000000   437.000000   241.000000   254.000000   526.000000  3420.000000  3686.000000   757.000000   344.000000   240.000000   331.000000  1667.000000  1518.000000  2209.000000  1043.000000  1045.000000  1536.000000
   573.286377   463.000000   447.000000   327.000000   496.000000   409.000000   328.000000   407.000000   608.000000   453.000000   409.000000   632.000000   550.000000   468.000000   325.000000   475.000000   495.000000   303.000000   274.000000   396.000000   276.000000   391.000000   225.000000   288.000000   315.000000   484.000000   425.000000   362.000000   329.000000   359.000000   311.000000   401.000000   413.000000   406.000000   347.000000   471.000000   356.000000   339.000000   371.000000   362.000000   260.000000   365.000000   269.000000   316.000000   280.000000   340.000000   345.000000   354.000000   671.000000   513.000000   459.000000   403.000000   430.000000   414.000000  1123.000000   595.000000   472.000000   248.000000   246.000000   525.000000  3401.000000  3837.000000   747.000000   338.000000   284.000000   335.000000  1724.000000  1557.000000  2297.000000  1055.000000  1114.000000  1585.000000
   574.549988   414.000000   428.000000   356.000000   424.000000   411.000000   339.000000   438.000000   633.000000   385.000000   418.000000   636.000000   525.000000   404.000000   325.000000   558.000000   524.000000   351.000000   278.000000   379.000000   273.000000   366.000000   238.000000   299.000000   374.000000   450.000000   397.000000   399.000000   301.000000   355.000000   290.000000   378.000000   418.000000   366.000000   343.000000   479.000000   346.000000   371.000000   402.000000   354.000000   268.000000   313.000000   274.000000   278.000000   329.000000   318.000000   295.000000   360.000000   673.000000   516.000000   392.000000   399.000000   377.000000   381.000000  1204.000000   587.000000   438.000000   215.000000   217.000000   540.000000  3392.000000  3858.000000   750.000000   332.000000   293.000000   331.000000  1737.000000  1615.000000  2317.000000  1108.000000  1069.000000  1629.000000
   575.814087   423.000000   426.000000   351.000000   441.000000   410.000000   313.000000   403.000000   598.000000   412.000000   404.000000   654.000000   466.000000   467.000000   318.000000   512.000000   484.000000   305.000000   288.000000   405.000000   255.000000   371.000000   238.000000   293.000000   336.000000   510.000000   433.000000   353.000000   302.000000   342.000000   310.000000   385.000000   374.000000   422.000000   343.000000   440.000000   331.000000   342.000000   363.000000   359.000000   263.000000   360.000000   284.000000   313.000000   273.000000   322.000000   342.000000   410.000000   632.000000   476.000000   458.000000   473.000000   422.000000   403.000000  1195.000000   584.000000   480.000000   267.000000   215.000000   597.000000  3532.000000  3823.000000   824.000000   349.000000   286.000000   354.000000  1728.000000  1686.000000  2315.000000  1054.000000  1123.000000  1604.000000
   577.078613   437.000000   398.000000   308.000000   487.000000   404.000000   343.000000   463.000000   619.000000   421.000000   460.000000   705.000000   479.000000   417.000000   303.000000   518.000000   554.000000   313.000000   256.000000   373.000000   284.000000   374.000000   219.000000   304.000000   406.000000   461.000000   447.000000   409.000000   316.000000   291.000000   304.000000   389.000000   411.000000   347.000000   345.000000   443.000000   330.000000   327.000000   412.000000   327.000000   226.000000   335.000000   306.000000   296.000000   292.000000   350.000000   352.000000   372.000000   590.000000   508.000000   463.000000   418.000000   406.000000   457.000000  1219.000000   612.000000   410.000000   226.000000   187.000000   565.000000  3651.000000  4041.000000   832.000000   338.000000   329.000000   423.000000  1782.000000  1711.000000  2399.000000  1067.000000  1129.000000  1674.000000
   578.343628   433.000000   456.000000   305.000000   475.000000   417.000000   323.000000   404.000000   669.000000   423.000000   464.000000   661.000000   489.000000   446.000000   277.000000   520.000000   533.000000   328.000000   268.000000   402.000000   281.000000   333.000000   203.000000   304.000000   373.000000   434.000000   400.000000   346.000000   350.000000   310.000000   281.000000   395.000000   385.000000   387.000000   320.000000   423.000000   344.000000   358.000000   435.000000   359.000000   257.000000   327.000000   258.000000   312.000000   294.000000   310.000000   333.000000   345.000000   634.000000   561.000000   472.000000   401.000000   413.000000   400.000000  1228.000000   662.000000   440.000000   264.000000   204.000000   577.000000  3664.000000  4121.000000   836.000000   338.000000   295.000000   399.000000  1822.000000  1776.000000  2467.000000  1089.000000  1174.000000  1699.000000
   579.609314   419.000000   453.000000   328.000000   460.000000   379.000000   311.000000   398.000000   611.000000   439.000000   416.000000   689.000000   512.000000   453.000000   242.000000   518.000000   466.000000   289.000000   284.000000   383.000000   262.000000   375.000000   195.000000   275.000000   348.000000   489.000000   333.000000   403.000000   328.000000   358.000000   293.000000   380.000000   337.000000   458.000000   315.000000   473.000000   368.000000   342.000000   376.000000   353.000000   243.000000   335.000000   277.000000   303.000000   298.000000   363.000000   337.000000   344.000000   574.000000   489.000000   424.000000   470.000000   403.000000   414.000000  1178.000000   619.000000   456.000000   241.000000   192.000000   588.000000  3723.000000  4050.000000   841.000000   385.000000   258.000000   390.000000  1890.000000  1738.000000  2436.000000  1247.000000  1150.000000  1668.000000
   580.875183   460.000000   416.000000   314.000000   519.000000   387.000000   347.000000   389.000000   621.000000   421.000000   423.000000   651.000000   484.000000   413.000000   274.000000   475.000000   545.000000   296.000000   284.000000   333.000000   257.000000   350.000000   243.000000   272.000000   383.000000   470.000000   402.000000   396.000000   312.000000   325.000000   287.000000   364.000000   383.000000   390.000000   360.000000   457.000000   353.000000   318.000000   402.000000   325.000000   256.000000   302.000000   331.000000   281.000000   278.000000   313.000000   328.000000   354.000000   600.000000   519.000000   464.000000   424.000000   405.000000   419.000000  1154.000000   595.000000   493.000000   268.000000   198.000000   605.000000  3733.000000  4059.000000   876.000000   357.000000   302.000000   362.000000  1827.000000  1833.000000  2482.000000  1202.000000  1129.000000  1735.000000
   582.141724   461.000000   417.000000   334.000000   494.000000   412.000000   324.000000   381.000000   599.000000   430.000000   448.000000   624.000000   461.000000   426.000000   320.000000   457.000000   498.000000   290.000000   255.000000   411.000000   257.000000   352.000000   189.000000   281.000000   386.000000   408.000000   385.000000   396.000000   341.000000   320.000000   269.000000   359.000000   336.000000   407.000000   363.000000   448.000000   323.000000   333.000000   430.000000   298.000000   269.000000   290.000000   314.000000   314.000000   303.000000   300.000000   313.000000   359.000000   574.000000   553.000000   427.000000   381.000000   400.000000   438.000000  1153.000000   638.000000   456.000000   215.000000   194.000000   646.000000  3710.000000  4207.000000   891.000000   395.000000   284.000000   466.000000  1909.000000  1835.000000  2599.000000  1143.000000  1204.000000  1723.000000
   583.408691   393.000000   449.000000   321.000000   464.000000   414.000000   329.000000   412.000000   584.000000   393.000000   444.000000   647.000000   511.000000   446.000000   256.000000   502.000000   524.000000   293.000000   273.000000   384.000000   294.000000   361.000000   206.000000   293.000000   386.000000   467.000000   394.000000   405.000000   317.000000   325.000000   281.000000   351.000000   375.000000   414.000000   317.000000   439.000000   334.000000   363.000000   386.000000   339.000000   229.000000   307.000000   251.000000   279.000000   280.000000   335.000000   321.000000   336.000000   587.000000   514.000000   456.000000   393.000000   390.000000   481.000000  1231.000000   655.000000   435.000000   233.000000   196.000000   616.000000  3727.000000  4139.000000   889.000000   414.000000   305.000000   408.000000  2029.000000  1868.000000  2642.000000  1269.000000  1200.000000  1723.000000
   584.676025   449.000000   447.000000   308.000000   483.000000   407.000000   338.000000   381.000000   586.000000   384.000000   454.000000   667.000000   472.000000   390.000000   276.000000   522.000000   484.000000   279.000000   248.000000   355.000000   241.000000   361.000000   202.000000   283.000000   344.000000   446.000000   430.000000   404.000000   359.000000   324.000000   267.000000   379.000000   416.000000   407.000000   352.000000   470.000000   360.000000   340.000000   348.000000   385.000000   249.000000   308.000000   266.000000   319.000000   300.000000   307.000000   333.000000   343.000000   584.000000   497.000000   424.000000   426.000000   414.000000   442.000000  1118.000000   646.000000   465.000000   223.000000   185.000000   700.000000  3789.000000  4109.000000   920.000000   364.000000   322.000000   403.000000  1957.000000  1880.000000  2622.000000  1322.000000  1224.000000  1733.000000
   585.943970   423.000000   452.000000   373.000000   444.000000   373.000000   325.000000   455.000000   561.000000   376.000000   452.000000   665.000000   484.000000   476.000000   296.000000   497.000000   471.000000   319.000000   244.000000   378.000000   231.000000   336.000000   214.000000   280.000000   362.000000   461.000000   430.000000   414.000000   303.000000   349.000000   305.000000   388.000000   359.000000   432.000000   329.000000   481.000000   346.000000   345.000000   410.000000   344.000000   253.000000   298.000000   244.000000   272.000000   282.000000   324.000000   332.000000   301.000000   607.000000   512.000000   439.000000   375.000000   417.000000   438.000000  1178.000000   641.000000   450.000000   248.000000   214.000000   707.000000  3864.000000  4118.000000   873.000000   370.000000   309.000000   464.000000  1951.000000  1844.000000  2561.000000  1233.000000  1224.000000  1801.000000
   587.212402   492.000000   447.000000   344.000000   467.000000   405.000000   311.000000   398.000000   591.000000   409.000000   415.000000   678.000000   509.000000   384.000000   265.000000   489.000000   501.000000   299.000000   264.000000   389.000000   293.000000   356.000000   200.000000   282.000000   370.000000   469.000000   421.000000   365.000000   326.000000   336.000000   272.000000   385.000000   373.000000   411.000000   362.000000   456.000000   380.000000   350.000000   427.000000   318.000000   258.000000   299.000000   248.000000   294.000000   289.000000   347.000000   363.000000   341.000000   555.000000   510.000000   453.000000   451.000000   397.000000   430.000000  1156.000000   641.000000   438.000000   229.000000   166.000000   701.000000  3790.000000  4087.000000   888.000000   429.000000   309.000000   426.000000  2088.000000  1794.000000  2765.000000  1290.000000  1246.000000  1807.000000
   588.481323   399.000000   496.000000   301.000000   542.000000   427.000000   301.000000   407.000000   603.000000   455.000000   472.000000   686.000000   502.000000   421.000000   266.000000   526.000000   473.000000   298.000000   279.000000   391.000000   242.000000   352.000000   221.000000   279.000000   369.000000   416.000000   383.000000   345.000000   329.000000   344.000000   277.000000   325.000000   370.000000   364.000000   348.000000   495.000000   350.000000   348.000000   431.000000   329.000000   247.000000   302.000000   250.000000   313.000000   286.000000   331.000000   357.000000   333.000000   578.000000   525.000000   432.000000   404.000000   410.000000   461.000000  1254.000000   624.000000   488.000000   271.000000   165.000000   761.000000  3874.000000  4253.000000   848.000000   417.000000   328.000000   458.000000  1960.000000  1805.000000  2544.000000  1261.000000  1315.000000  1879.000000
   589.750610   365.000000   420.000000   323.000000   501.000000   413.000000   313.000000   421.000000   606.000000   388.000000   456.000000   711.000000   535.000000   412.000000   276.000000   498.000000   528.000000   295.000000   247.000000   358.000000   255.000000   342.000000   186.000000   293.000000   340.000000   413.000000   388.000000   368.000000   316.000000   353.000000   313.000000   389.000000   359.000000   381.000000   312.000000   438.000000   365.000000   350.000000   386.000000   332.000000   232.000000   302.000000   256.000000   298.000000   306.000000   350.000000   324.000000   358.000000   573.000000   545.000000   407.000000   413.000000   405.000000   412.000000  1201.000000   648.000000   465.000000   188.000000   174.000000   729.000000  3837.000000  4107.000000   907.000000   438.000000   336.000000   488.000000  2084.000000  1834.000000  2829.000000  1258.000000  1284.000000  1800.000000
   591.020508   431.000000   441.000000   334.000000   469.000000   430.000000   322.000000   414.000000   606.000000   427.000000   509.000000   680.000000   498.000000   382.000000   289.000000   537.000000   463.000000   287.000000   299.000000   315.000000   245.000000   359.000000   177.000000   268.000000   350.000000   430.000000   394.000000   429.000000   315.000000   368.000000   266.000000   366.000000   379.000000   393.000000   348.000000   447.000000   353.000000   339.000000   454.000000   329.000000   244.000000   288.000000   264.000000   281.000000   327.000000   335.000000   413.000000   325.000000   567.000000   519.000000   451.000000   414.000000   420.000000   429.000000  1171.000000   594.000000   446.000000   214.000000   173.000000   739.000000  3955.000000  4094.000000   928.000000   414.000000   350.000000   492.000000  2040.000000  2010.000000  2762.000000  1310.000000  1275.000000  1891.000000
   592.290771   438.000000   449.000000   333.000000   466.000000   404.000000   351.000000   459.000000   601.000000   435.000000   465.000000   720.000000   479.000000   388.000000   246.000000   488.000000   497.000000   319.000000   249.000000   340.000000   275.000000   346.000000   185.000000   255.000000   382.000000   433.000000   394.000000   416.000000   347.000000   336.000000   312.000000   377.000000   343.000000   389.000000   379.000000   418.000000   364.000000   363.000000   403.000000   324.000000   286.000000   262.000000   247.000000   293.000000   340.000000   333.000000   340.000000   334.000000   549.000000   536.000000   464.000000   473.000000   401.000000   403.000000  1219.000000   634.000000   450.000000   216.000000   149.000000   812.000000  4138.000000  4452.000000   881.000000   410.000000   349.000000   494.000000  2156.000000  2025.000000  2834.000000  1313.000000  1293.000000  1962.000000
   593.561584   432.000000   479.000000   292.000000   504.000000   418.000000   313.000000   441.000000   564.000000   408.000000   450.000000   629.000000   455.000000   481.000000   248.000000   495.000000   478.000000   287.000000   231.000000   381.000000   245.000000   349.000000   204.000000   276.000000   359.000000   459.000000   432.000000   430.000000   305.000000   368.000000   314.000000   406.000000   354.000000   423.000000   299.000000   435.000000   352.000000   399.000000   411.000000   345.000000   246.000000   294.000000   250.000000   308.000000   342.000000   356.000000   321.000000   386.000000   560.000000   516.000000   484.000000   418.000000   410.000000   418.000000  1217.000000   697.000000   488.000000   238.000000   166.000000   845.000000  4162.000000  4538.000000   959.000000   418.000000   345.000000   537.000000  2079.000000  2117.000000  2806.000000  1424.000000  1307.000000  1958.000000
   594.832886   472.000000   492.000000   293.000000   505.000000   433.000000   345.000000   429.000000   595.000000   443.000000   470.000000   673.000000   530.000000   423.000000   292.000000   491.000000   503.000000   304.000000   256.000000   332.000000   232.000000   339.000000   203.000000   272.000000   370.000000   504.000000   398.000000   439.000000   348.000000   338.000000   280.000000   352.000000   375.000000   431.000000   335.000000   468.000000   390.000000   316.000000   390.000000   325.000000   252.000000   264.000000   236.000000   290.000000   325.000000   350.000000   406.000000   331.000000   551.000000   454.000000   470.000000   374.000000   437.000000   436.000000  1219.000000   656.000000   471.000000   248.000000   171.000000   781.000000  4316.000000  4781.000000  1033.000000   406.000000   356.000000   536.000000  2211.000000  2225.000000  2898.000000  1384.000000  1286.000000  2005.000000
   596.104614   425.000000   444.000000   327.000000   494.000000   426.000000   319.000000   495.000000   584.000000   419.000000   504.000000   669.000000   535.000000   428.000000   250.000000   441.000000   509.000000   317.000000   264.000000   329.000000   231.000000   387.000000   193.000000   282.000000   392.000000   425.000000   426.000000   435.000000   338.000000   328.000000   271.000000   383.000000   371.000000   421.000000   333.000000   460.000000   335.000000   335.000000   419.000000   358.000000   234.000000   293.000000   211.000000   279.000000   321.000000   351.000000   367.000000   364.000000   562.000000   526.000000   451.000000   400.000000   438.000000   444.000000  1218.000000   655.000000   427.000000   241.000000   134.000000   804.000000  4284.000000  4885.000000  1040.000000   433.000000   375.000000   603.000000  2185.000000  2327.000000  2860.000000  1507.000000  1350.000000  2034.000000
   597.376892   465.000000   482.000000   320.000000   454.000000   455.000000   315.000000   445.000000   610.000000   406.000000   479.000000   627.000000   485.000000   433.000000   286.000000   527.000000   499.000000   295.000000   271.000000   313.000000   217.000000   335.000000   240.000000   264.000000   369.000000   513.000000   425.000000   402.000000   345.000000   331.000000   303.000000   403.000000   375.000000   449.000000   347.000000   464.000000   360.000000   339.000000   434.000000   340.000000   223.000000   283.000000   265.000000   312.000000   304.000000   351.000000   411.000000   331.000000   542.000000   511.000000   495.000000   389.000000   454.000000   459.000000  1201.000000   707.000000   470.000000   198.000000   166.000000   854.000000  4365.000000  4978.000000  1058.000000   468.000000   375.000000   582.000000  2171.000000  2268.000000  2891.000000  1555.000000  1378.000000  2060.000000
   598.649597   442.000000   466.000000   293.000000   496.000000   454.000000   290.000000   513.000000   647.000000   460.000000   476.000000   650.000000   505.000000   462.000000   265.000000   481.000000   485.000000   270.000000   256.000000   371.000000   260.000000   356.000000   212.000000   317.000000   388.000000   469.000000   422.000000   459.000000   359.000000   339.000000   276.000000   362.000000   348.000000   429.000000   337.000000   460.000000   379.000000   331.000000   416.000000   358.000000   223.000000   280.000000   240.000000   278.000000   293.000000   379.000000   401.000000   405.000000   549.000000   515.000000   473.000000   434.000000   403.000000   440.000000  1264.000000   675.000000   436.000000   216.000000   152.000000   867.000000  4257.000000  4984.000000  1180.000000   447.000000   352.000000   525.000000  2241.000000  2328.000000  3068.000000  1528.000000  1443.000000  2080.000000
   599.922791   498.000000   486.000000   383.000000   500.000000   473.000000   330.000000   455.000000   629.000000   413.000000   492.000000   695.000000   517.000000   375.000000   287.000000   522.000000   549.000000   289.000000   252.000000   423.000000   209.000000   357.000000   199.000000   296.000000   387.000000   467.000000   472.000000   433.000000   340.000000   320.000000   315.000000   380.000000   347.000000   447.000000   321.000000   477.000000   414.000000   325.000000   421.000000   351.000000   247.000000   258.000000   273.000000   298.000000   345.000000   360.000000   352.000000   310.000000   580.000000   520.000000   463.000000   385.000000   462.000000   411.000000  1221.000000   678.000000   427.000000   194.000000   136.000000   829.000000  4357.000000  4992.000000  1178.000000   484.000000   359.000000   589.000000  2272.000000  2404.000000  2942.000000  1583.000000  1434.000000  2103.000000
   601.196472   430.000000   475.000000   337.000000   556.000000   423.000000   305.000000   474.000000   623.000000   435.000000   437.000000   673.000000   536.000000   462.000000   293.000000   490.000000   494.000000   295.000000   241.000000   341.000000   226.000000   350.000000   241.000000   300.000000   363.000000   448.000000   421.000000   445.000000   366.000000   358.000000   266.000000   399.000000   355.000000   443.000000   378.000000   416.000000   405.000000   345.000000   449.000000   327.000000   242.000000   289.000000   253.000000   234.000000   327.000000   353.000000   406.000000   364.000000   578.000000   505.000000   497.000000   372.000000   433.000000   419.000000  1329.000000   687.000000   414.000000   188.000000   166.000000   920.000000  4518.000000  4867.000000  1385.000000   490.000000   334.000000   602.000000  2236.000000  2538.000000  2985.000000  1604.000000  1408.000000  2250.000000
   602.470581   454.000000   496.000000   323.000000   512.000000   411.000000   298.000000   483.000000   575.000000   421.000000   473.000000   704.000000   498.000000   405.000000   267.000000   522.000000   505.000000   294.000000   251.000000   330.000000   228.000000   331.000000   184.000000   286.000000   377.000000   446.000000   389.000000   432.000000   378.000000   366.000000   285.000000   371.000000   364.000000   404.000000   332.000000   469.000000   370.000000   321.000000   486.000000   364.000000   236.000000   227.000000   210.000000   246.000000   313.000000   355.000000   368.000000   351.000000   559.000000   496.000000   518.000000   387.000000   461.000000   405.000000  1222.000000   674.000000   475.000000   237.000000   160.000000   949.000000  4349.000000  4867.000000  1208.000000   448.000000   390.000000   598.000000  2293.000000  2515.000000  3125.000000  1747.000000  1460.000000  2225.000000
   603.745300   495.000000   489.000000   326.000000   527.000000   425.000000   294.000000   480.000000   564.000000   452.000000   486.000000   683.000000   460.000000   464.000000   262.000000   517.000000   501.000000   311.000000   275.000000   338.000000   253.000000   363.000000   177.000000   268.000000   390.000000   465.000000   440.000000   469.000000   361.000000   361.000000   313.000000   359.000000   377.000000   381.000000   325.000000   458.000000   349.000000   313.000000   397.000000   300.000000   256.000000   305.000000   239.000000   276.000000   308.000000   350.000000   369.000000   336.000000   543.000000   467.000000   455.000000   355.000000   449.000000   436.000000  1215.000000   671.000000   445.000000   217.000000   117.000000   946.000000  4433.000000  4972.000000  1140.000000   466.000000   378.000000   652.000000  2249.000000  2591.000000  3207.000000  1773.000000  1440.000000  2145.000000
   605.020386   468.000000   509.000000   339.000000   532.000000   426.000000   304.000000   486.000000   593.000000   449.000000   464.000000   714.000000   457.000000   414.000000   260.000000   474.000000   508.000000   284.000000   273.000000   352.000000   214.000000   353.000000   180.000000   297.000000   382.000000   476.000000   469.000000   448.000000   386.000000   354.000000   277.000000   387.000000   407.000000   437.000000   361.000000   432.000000   417.000000   358.000000   453.000000   309.000000   260.000000   270.000000   267.000000   293.000000   328.000000   375.000000   332.000000   315.000000   555.000000   522.000000   495.000000   395.000000   443.000000   455.000000  1299.000000   644.000000   483.000000   201.000000   128.000000   957.000000  4351.000000  5023.000000  1265.000000   453.000000   392.000000   666.000000  2257.000000  2689.000000  3350.000000  1711.000000  1564.000000  2256.000000
   606.296021   439.000000   483.000000   310.000000   510.000000   423.000000   297.000000   430.000000   580.000000   418.000000   473.000000   723.000000   520.000000   373.000000   254.000000   515.000000   538.000000   304.000000   255.000000   371.000000   255.000000   343.000000   191.000000   280.000000   363.000000   497.000000   425.000000   424.000000   382.000000   381.000000   309.000000   374.000000   378.000000   482.000000   317.000000   472.000000   408.000000   315.000000   489.000000   337.000000   264.000000   289.000000   245.000000   261.000000   348.000000   370.000000   331.000000   334.000000   549.000000   536.000000   512.000000   403.000000   465.000000   442.000000  1251.000000   715.000000   469.000000   203.000000   128.000000  1005.000000  4431.000000  5081.000000  1230.000000   502.000000   413.000000   595.000000  2330.000000  2659.000000  3242.000000  1700.000000  1423.000000  2299.000000
   607.572083   443.000000   475.000000   368.000000   530.000000   412.000000   282.000000   477.000000   639.000000   442.000000   471.000000   652.000000   542.000000   411.000000   269.000000   513.000000   509.000000   315.000000   285.000000   341.000000   194.000000   333.000000   192.000000   275.000000   391.000000   496.000000   444.000000   504.000000   365.000000   337.000000   305.000000   381.000000   383.000000   440.000000   342.000000   464.000000   393.000000   360.000000   448.000000   338.000000   222.000000   270.000000   246.000000   249.000000   315.000000   390.000000   366.000000   372.000000   552.000000   507.000000   477.000000   363.000000   491.000000   471.000000  1275.000000   702.000000   466.000000   240.000000   105.000000   941.000000  4476.000000  5250.000000  1281.000000   545.000000   397.000000   674.000000  2303.000000  2793.000000  3356.000000  1812.000000  1476.000000  2350.000000
   608.848572   489.000000   496.000000   358.000000   489.000000   456.000000   325.000000   459.000000   600.000000   453.000000   481.000000   721.000000   501.000000   442.000000   299.000000   481.000000   478.000000   294.000000   259.000000   344.000000   259.000000   341.000000   194.000000   245.000000   385.000000   453.000000   460.000000   499.000000   420.000000   362.000000   314.000000   362.000000   390.000000   427.000000   345.000000   483.000000   393.000000   356.000000   490.000000   336.000000   238.000000   258.000000   239.000000   275.000000   317.000000   384.000000   353.000000   356.000000   504.000000   495.000000   498.000000   409.000000   473.000000   479.000000  1365.000000   695.000000   469.000000   185.000000   122.000000   932.000000  4429.000000  5245.000000  1300.000000   516.000000   435.000000   666.000000  2320.000000  2783.000000  3332.000000  1854.000000  1519.000000  2475.000000
   610.125671   446.000000   476.000000   359.000000   537.000000   422.000000   345.000000   514.000000   667.000000   414.000000   507.000000   739.000000   508.000000   449.000000   258.000000   467.000000   508.000000   306.000000   285.000000   359.000000   252.000000   373.000000   194.000000   280.000000   379.000000   466.000000   484.000000   452.000000   380.000000   361.000000   302.000000   361.000000   440.000000   482.000000   349.000000   506.000000   454.000000   386.000000   452.000000   356.000000   214.000000   265.000000   253.000000   266.000000   336.000000   321.000000   425.000000   389.000000   571.000000   482.000000   494.000000   411.000000   490.000000   479.000000  1312.000000   710.000000   469.000000   212.000000   113.000000  1024.000000  4611.000000  5262.000000  1326.000000   494.000000   387.000000   696.000000  2393.000000  2868.000000  3441.000000  1899.000000  1556.000000  2485.000000
   611.403198   498.000000   456.000000   366.000000   542.000000   477.000000   301.000000   511.000000   659.000000   507.000000   501.000000   696.000000   522.000000   444.000000   273.000000   524.000000   522.000000   308.000000   271.000000   362.000000   251.000000   389.000000   197.000000   259.000000   413.000000   466.000000   483.000000   578.000000   406.000000   346.000000   337.000000   396.000000   438.000000   498.000000   354.000000   487.000000   428.000000   355.000000   468.000000   327.000000   256.000000   238.000000   247.000000   287.000000   358.000000   394.000000   394.000000   366.000000   598.000000   527.000000   475.000000   400.000000   449.000000   459.000000  1367.000000   736.000000   491.000000   225.000000   127.000000  1037.000000  4725.000000  5334.000000  1362.000000   527.000000   415.000000   700.000000  2403.000000  2988.000000  3683.000000  1983.000000  1594.000000  2560.000000
   612.681213   495.000000   482.000000   409.000000   582.000000   473.000000   319.000000   505.000000   686.000000   449.000000   568.000000   712.000000   531.000000   399.000000   266.000000   502.000000   508.000000   291.000000   283.000000   394.000000   233.000000   394.000000   220.000000   323.000000   371.000000   502.000000   504.000000   580.000000   389.000000   398.000000   313.000000   365.000000   378.000000   481.000000   385.000000   537.000000   422.000000   383.000000   485.000000   340.000000   246.000000   302.000000   257.000000   292.000000   372.000000   385.000000   388.000000   371.000000   605.000000   494.000000   507.000000   407.000000   519.000000   478.000000  1376.000000   707.000000   533.000000   218.000000   162.000000  1169.000000  4592.000000  5230.000000  1298.000000   559.000000   394.000000   721.000000  2445.000000  3007.000000  3564.000000  2004.000000  1647.000000  2608.000000
   613.959717   508.000000   485.000000   366.000000   597.000000   446.000000   337.000000   549.000000   671.000000   485.000000   494.000000   720.000000   552.000000   431.000000   249.000000   489.000000   542.000000   367.000000   284.000000   360.000000   254.000000   356.000000   169.000000   312.000000   377.000000   488.000000   507.000000   506.000000   368.000000   364.000000   365.000000   356.000000   426.000000   493.000000   405.000000   544.000000   475.000000   404.000000   483.000000   359.000000   247.000000   284.000000   214.000000   314.000000   371.000000   400.000000   397.000000   397.000000   620.000000   511.000000   507.000000   403.000000   483.000000   482.000000  1434.000000   784.000000   478.000000   209.000000   121.000000  1097.000000  4658.000000  5387.000000  1397.000000   519.000000   414.000000   751.000000  2530.000000  3094.000000  3680.000000  1982.000000  1621.000000  2602.000000
   615.238586   507.000000   494.000000   397.000000   602.000000   432.000000   320.000000   564.000000   633.000000   429.000000   566.000000   602.000000   477.000000   415.000000   281.000000   558.000000   579.000000   358.000000   280.000000   382.000000   236.000000   374.000000   225.000000   262.000000   369.000000   482.000000   490.000000   540.000000   412.000000   383.000000   321.000000   455.000000   394.000000   453.000000   343.000000   465.000000   493.000000   388.000000   495.000000   333.000000   257.000000   269.000000   296.000000   335.000000   369.000000   386.000000   424.000000   393.000000   547.000000   463.000000   525.000000   399.000000   514.000000   498.000000  1354.000000   804.000000   489.000000   236.000000   146.000000  1104.000000  4794.000000  5561.000000  1431.000000   560.000000   423.000000   769.000000  2503.000000  3206.000000  3837.000000  2042.000000  1724.000000  2752.000000
   616.518127   484.000000   530.000000   383.000000   559.000000   418.000000   345.000000   537.000000   724.000000   451.000000   518.000000   714.000000   582.000000   434.000000   272.000000   493.000000   560.000000   324.000000   224.000000   315.000000   240.000000   352.000000   187.000000   256.000000   428.000000   466.000000   515.000000   587.000000   457.000000   363.000000   331.000000   398.000000   389.000000   491.000000   381.000000   513.000000   459.000000   393.000000   470.000000   363.000000   270.000000   296.000000   243.000000   276.000000   345.000000   434.000000   405.000000   359.000000   596.000000   500.000000   488.000000   441.000000   528.000000   488.000000  1380.000000   805.000000   485.000000   218.000000   113.000000  1127.000000  4675.000000  5440.000000  1438.000000   564.000000   407.000000   739.000000  2635.000000  3333.000000  3987.000000  2124.000000  1674.000000  2831.000000
   617.797974   532.000000   540.000000   365.000000   573.000000   495.000000   313.000000   520.000000   736.000000   436.000000   559.000000   729.000000   549.000000   400.000000   258.000000   548.000000   499.000000   332.000000   265.000000   372.000000   210.000000   349.000000   180.000000   284.000000   418.000000   503.000000   520.000000   614.000000   426.000000   381.000000   332.000000   369.000000   429.000000   451.000000   402.000000   486.000000   473.000000   365.000000   529.000000   355.000000   262.000000   255.000000   264.000000   330.000000   385.000000   415.000000   453.000000   368.000000   631.000000   521.000000   494.000000   436.000000   487.000000   526.000000  1441.000000   793.000000   492.000000   197.000000   149.000000  1113.000000  4817.000000  5492.000000  1452.000000   515.000000   460.000000   766.000000  2554.000000  3417.000000  3923.000000  2274.000000  1824.000000  2972.000000
   619.078430   453.000000   543.000000   360.000000   575.000000   447.000000   314.000000   561.000000   698.000000   501.000000   527.000000   726.000000   543.000000   433.000000   271.000000   524.000000   546.000000   344.000000   317.000000   349.000000   258.000000   350.000000   199.000000   308.000000   408.000000   452.000000   510.000000   551.000000   425.000000   363.000000   312.000000   367.000000   387.000000   530.000000   376.000000   527.000000   438.000000   305.000000   458.000000   355.000000   243.000000   301.000000   255.000000   297.000000   393.000000   413.000000   402.000000   363.000000   592.000000   495.000000   500.000000   435.000000   486.000000   525.000000  1402.000000   763.000000   472.000000   224.000000   135.000000  1124.000000  4553.000000  5476.000000  1390.000000   567.000000   406.000000   738.000000  2462.000000  3351.000000  3999.000000  2237.000000  1772.000000  2879.000000
   620.359314   491.000000   548.000000   321.000000   602.000000   503.000000   319.000000   547.000000   712.000000   494.000000   536.000000   697.000000   525.000000   471.000000   259.000000   517.000000   557.000000   343.000000   244.000000   321.000000   267.000000   377.000000   192.000000   307.000000   367.000000   465.000000   522.000000   561.000000   414.000000   407.000000   339.000000   399.000000   430.000000   479.000000   408.000000   531.000000   478.000000   392.000000   515.000000   398.000000   275.000000   245.000000   247.000000   283.000000   413.000000   430.000000   412.000000   386.000000   619.000000   482.000000   519.000000   446.000000   518.000000   444.000000  1391.000000   857.000000   495.000000   241.000000   118.000000  1148.000000  4775.000000  5488.000000  1412.000000   555.000000   422.000000   793.000000  2608.000000  3439.000000  3995.000000  2245.000000  1773.000000  2998.000000
   621.640625   541.000000   550.000000   364.000000   615.000000   456.000000   307.000000   548.000000   644.000000   476.000000   562.000000   718.000000   540.000000   393.000000   272.000000   574.000000   593.000000   344.000000   285.000000   343.000000   232.000000   392.000000   215.000000   281.000000   378.000000   508.000000   485.000000   586.000000   431.000000   367.000000   341.000000   373.000000   427.000000   481.000000   386.000000   545.000000   484.000000   404.000000   494.000000   323.000000   258.000000   254.000000   251.000000   319.000000   379.000000   379.000000   417.000000   388.000000   625.000000   462.000000   524.000000   436.000000   510.000000   519.000000  1449.000000   771.000000   508.000000   215.000000   119.000000  1096.000000  4602.000000  5478.000000  1457.000000   608.000000   415.000000   802.000000  2492.000000  3529.000000  3954.000000  2398.000000  1799.000000  2937.000000
   622.922485   496.000000   558.000000   391.000000   610.000000   470.000000   331.000000   573.000000   714.000000   437.000000   536.000000   742.000000   570.000000   393.000000   270.000000   511.000000   555.000000   343.000000   276.000000   373.000000   247.000000   392.000000   193.000000   265.000000   381.000000   495.000000   473.000000   608.000000   409.000000   425.000000   359.000000   372.000000   412.000000   502.000000   434.000000   556.000000   506.000000   399.000000   522.000000   355.000000   238.000000   225.000000   259.000000   295.000000   418.000000   445.000000   426.000000   395.000000   612.000000   522.000000   486.000000   432.000000   499.000000   474.000000  1443.000000   758.000000   480.000000   207.000000   107.000000  1199.000000  4745.000000  5561.000000  1446.000000   611.000000   448.000000   818.000000  2570.000000  3522.000000  4094.000000  2569.000000  1811.000000  3069.000000
   624.204773   498.000000   547.000000   364.000000   612.000000   440.000000   351.000000   624.000000   707.000000   475.000000   519.000000   677.000000   522.000000   476.000000   264.000000   512.000000   554.000000   367.000000   268.000000   368.000000   238.000000   401.000000   182.000000   277.000000   389.000000   500.000000   513.000000   635.000000   433.000000   425.000000   356.000000   382.000000   419.000000   530.000000   402.000000   578.000000   492.000000   400.000000   517.000000   411.000000   253.000000   247.000000   261.000000   312.000000   395.000000   433.000000   476.000000   416.000000   599.000000   493.000000   506.000000   452.000000   562.000000   498.000000  1410.000000   859.000000   501.000000   161.000000   118.000000  1182.000000  4765.000000  5516.000000  1456.000000   553.000000   461.000000   855.000000  2660.000000  3493.000000  4112.000000  2534.000000  1772.000000  3218.000000
   625.487610   569.000000   560.000000   362.000000   624.000000   473.000000   342.000000   597.000000   695.000000   472.000000   524.000000   739.000000   578.000000   439.000000   309.000000   515.000000   594.000000   368.000000   287.000000   357.000000   245.000000   410.000000   188.000000   293.000000   366.000000   480.000000   511.000000   625.000000   403.000000   387.000000   333.000000   417.000000   458.000000   540.000000   390.000000   522.000000   504.000000   348.000000   517.000000   406.000000   254.000000   270.000000   251.000000   290.000000   407.000000   440.000000   423.000000   402.000000   632.000000   485.000000   508.000000   416.000000   522.000000   506.000000  1505.000000   807.000000   509.000000   210.000000   143.000000  1213.000000  4802.000000  5414.000000  1480.000000   544.000000   489.000000   865.000000  2474.000000  3596.000000  4157.000000  2623.000000  1845.000000  3285.000000
   626.770874   487.000000   547.000000   362.000000   610.000000   448.000000   347.000000   556.000000   646.000000   450.000000   528.000000   725.000000   603.000000   370.000000   264.000000   539.000000   558.000000   342.000000   268.000000   369.000000   246.000000   374.000000   180.000000   294.000000   396.000000   477.000000   518.000000   573.000000   471.000000   383.000000   336.000000   406.000000   434.000000   496.000000   401.000000   490.000000   511.000000   377.000000   555.000000   349.000000   257.000000   281.000000   222.000000   331.000000   411.000000   443.000000   436.000000   403.000000   634.000000   542.000000   510.000000   435.000000   511.000000   514.000000  1462.000000   803.000000   472.000000   182.000000   120.000000  1230.000000  4749.000000  5462.000000  1426.000000   575.000000   450.000000   860.000000  2619.000000  3755.000000  4214.000000  2463.000000  1898.000000  3170.000000
   628.054626   562.000000   597.000000   394.000000   628.000000   438.000000   323.000000   629.000000   692.000000   448.000000   534.000000   705.000000   541.000000   454.000000   283.000000   501.000000   509.000000   380.000000   299.000000   359.000000   250.000000   360.000000   204.000000   287.000000   434.000000   528.000000   509.000000   582.000000   423.000000   432.000000   351.000000   412.000000   412.000000   526.000000   447.000000   549.000000   538.000000   417.000000   519.000000   387.000000   288.000000   271.000000   230.000000   307.000000   406.000000   418.000000   385.000000   434.000000   596.000000   502.000000   481.000000   464.000000   542.000000   521.000000  1493.000000   863.000000   557.000000   238.000000   121.000000  1170.000000  4658.000000  5508.000000  1544.000000   566.000000   463.000000   855.000000  2551.000000  3739.000000  4118.000000  2615.000000  1850.000000  3366.000000
   629.338928   551.000000   570.000000   396.000000   670.000000   483.000000   344.000000   566.000000   785.000000   509.000000   561.000000   677.000000   590.000000   403.000000   285.000000   504.000000   568.000000   357.000000   309.000000   337.000000   268.000000   390.000000   177.000000   242.000000   375.000000   544.000000   505.000000   629.000000   440.000000   381.000000   335.000000   391.000000   431.000000   500.000000   436.000000   516.000000   501.000000   422.000000   517.000000   352.000000   268.000000   264.000000   238.000000   332.000000   443.000000   453.000000   412.000000   428.000000   657.000000   510.000000   508.000000   459.000000   553.000000   554.000000  1589.000000   824.000000   492.000000   191.000000   123.000000  1171.000000  4708.000000  5390.000000  1450.000000   581.000000   435.000000   868.000000  2446.000000  3683.000000  4191.000000  2599.000000  1847.000000  3310.000000
   630.623596   543.000000   532.000000   350.000000   591.000000   510.000000   320.000000   549.000000   736.000000   492.000000   561.000000   785.000000   523.000000   407.000000   274.000000   515.000000   552.000000   349.000000   258.000000   341.000000   266.000000   406.000000   224.000000   284.000000   412.000000   484.000000   472.000000   683.000000   442.000000   424.000000   345.000000   391.000000   418.000000   550.000000   414.000000   539.000000   503.000000   431.000000   490.000000   362.000000   282.000000   268.000000   279.000000   337.000000   452.000000   469.000000   457.000000   399.000000   653.000000   490.000000   475.000000   456.000000   520.000000   541.000000  1527.000000   879.000000   513.000000   210.000000   132.000000  1250.000000  4617.000000  5476.000000  1494.000000   553.000000   458.000000   859.000000  2567.000000  3724.000000  4284.000000  2680.000000  1959.000000  3488.000000
   631.908813   495.000000   584.000000   412.000000   688.000000   494.000000   324.000000   589.000000   769.000000   449.000000   542.000000   738.000000   622.000000   404.000000   309.000000   516.000000   552.000000   362.000000   252.000000   341.000000   273.000000   377.000000   208.000000   281.000000   334.000000   520.000000   536.000000   676.000000   483.000000   453.000000   336.000000   390.000000   450.000000   489.000000   422.000000   536.000000   550.000000   415.000000   502.000000   391.000000   302.000000   251.000000   239.000000   302.000000   430.000000   452.000000   469.000000   401.000000   639.000000   497.000000   477.000000   418.000000   516.000000   535.000000  1580.000000   837.000000   557.000000   211.000000   115.000000  1187.000000  4574.000000  5358.000000  1590.000000   553.000000   453.000000   840.000000  2482.000000  3749.000000  4132.000000  2822.000000  1920.000000  3487.000000
   633.194519   527.000000   551.000000   381.000000   646.000000   498.000000   325.000000   566.000000   745.000000   479.000000   517.000000   691.000000   570.000000   436.000000   255.000000   535.000000   529.000000   335.000000   288.000000   354.000000   278.000000   413.000000   200.000000   282.000000   396.000000   525.000000   534.000000   648.000000   481.000000   465.000000   346.000000   419.000000   455.000000   574.000000   418.000000   496.000000   574.000000   394.000000   518.000000   352.000000   272.000000   257.000000   240.000000   348.000000   440.000000   480.000000   420.000000   420.000000   664.000000   501.000000   497.000000   460.000000   512.000000   507.000000  1479.000000   835.000000   501.000000   175.000000   137.000000  1195.000000  4480.000000  5561.000000  1620.000000   590.000000   429.000000   858.000000  2516.000000  3724.000000  4264.000000  2746.000000  1995.000000  3698.000000
   634.480713   566.000000   588.000000   389.000000   697.000000   508.000000   323.000000   623.000000   741.000000   458.000000   548.000000   732.000000   585.000000   395.000000   282.000000   514.000000   555.000000   393.000000   286.000000   372.000000   276.000000   384.000000   200.000000   308.000000   371.000000   528.000000   503.000000   663.000000   514.000000   469.000000   385.000000   392.000000   450.000000   542.000000   410.000000   546.000000   569.000000   440.000000   546.000000   414.000000   269.000000   261.000000   246.000000   313.000000   435.000000   520.000000   470.000000   401.000000   672.000000   478.000000   497.000000   468.000000   530.000000   554.000000  1590.000000   862.000000   484.000000   181.000000   141.000000  1247.000000  4591.000000  5499.000000  1583.000000   586.000000   438.000000   887.000000  2474.000000  3781.000000  4196.000000  2899.000000  1948.000000  3697.000000
   635.767273   526.000000   616.000000   389.000000   614.000000   527.000000   336.000000   612.000000   742.000000   469.000000   499.000000   735.000000   573.000000   419.000000   318.000000   578.000000   550.000000   349.000000   310.000000   328.000000   243.000000   420.000000   161.000000   264.000000   381.000000   493.000000   567.000000   705.000000   486.000000   451.000000   347.000000   403.000000   452.000000   580.000000   427.000000   541.000000   594.000000   459.000000   554.000000   387.000000   275.000000   313.000000   272.000000   313.000000   421.000000   490.000000   492.000000   488.000000   651.000000   547.000000   516.000000   464.000000   521.000000   491.000000  1539.000000   806.000000   531.000000   204.000000    97.000000  1131.000000  4553.000000  5455.000000  1548.000000   573.000000   439.000000   889.000000  2586.000000  3696.000000  4078.000000  3013.000000  1944.000000  3675.000000
   637.054382   567.000000   627.000000   379.000000   657.000000   508.000000   364.000000   606.000000   766.000000   492.000000   540.000000   746.000000   521.000000   403.000000   297.000000   526.000000   572.000000   395.000000   275.000000   342.000000   273.000000   420.000000   202.000000   285.000000   332.000000   542.000000   537.000000   665.000000   516.000000   450.000000   387.000000   431.000000   483.000000   608.000000   437.000000   537.000000   626.000000   504.000000   570.000000   388.000000   286.000000   264.000000   249.000000   372.000000   455.000000   461.000000   461.000000   422.000000   708.000000   510.000000   539.000000   487.000000   519.000000   562.000000  1639.000000   839.000000   489.000000   211.000000   123.000000  1239.000000  4512.000000  5621.000000  1556.000000   550.000000   455.000000   907.000000  2505.000000  3736.000000  4214.000000  3037.000000  1947.000000  3812.000000
   638.341980   554.000000   568.000000   392.000000   602.000000   490.000000   339.000000   614.000000   851.000000   506.000000   573.000000   792.000000   568.000000   379.000000   328.000000   540.000000   500.000000   374.000000   298.000000   341.000000   291.000000   392.000000   202.000000   275.000000   396.000000   569.000000   561.000000   749.000000   546.000000   464.000000   354.000000   414.000000   476.000000   562.000000   390.000000   543.000000   572.000000   491.000000   558.000000   393.000000   275.000000   291.000000   232.000000   338.000000   394.000000   493.000000   472.000000   433.000000   641.000000   454.000000   477.000000   488.000000   565.000000   534.000000  1652.000000   834.000000   484.000000   216.000000   120.000000  1165.000000  4523.000000  5547.000000  1594.000000   579.000000   461.000000   872.000000  2528.000000  3503.000000  4313.000000  3071.000000  2065.000000  3872.000000
   639.630127   592.000000   577.000000   378.000000   645.000000   475.000000   327.000000   601.000000   719.000000   493.000000   569.000000   767.000000   572.000000   409.000000   265.000000   561.000000   545.000000   399.000000   307.000000   370.000000   259.000000   398.000000   192.000000   289.000000   373.000000   547.000000   544.000000   693.000000   488.000000   428.000000   373.000000   441.000000   469.000000   603.000000   450.000000   508.000000   624.000000   434.000000   557.000000   367.000000   299.000000   271.000000   262.000000   384.000000   486.000000   469.000000   436.000000   448.000000   644.000000   495.000000   465.000000   461.000000   521.000000   535.000000  1574.000000   830.000000   502.000000   239.000000   118.000000  1174.000000  4415.000000  5391.000000  1495.000000   597.000000   422.000000   915.000000  2411.000000  3376.000000  4240.000000  3142.000000  1959.000000  3808.000000
   640.918579   532.000000   557.000000   376.000000   646.000000   451.000000   359.000000   614.000000   780.000000   501.000000   567.000000   774.000000   547.000000   446.000000   271.000000   530.000000   516.000000   355.000000   293.000000   423.000000   301.000000   425.000000   161.000000   267.000000   372.000000   550.000000   540.000000   698.000000   491.000000   456.000000   339.000000   383.000000   482.000000   577.000000   435.000000   580.000000   615.000000   477.000000   538.000000   393.000000   304.000000   280.000000   259.000000   302.000000   460.000000   481.000000   386.000000   421.000000   661.000000   511.000000   529.000000   431.000000   507.000000   489.000000  1516.000000   800.000000   505.000000   207.000000   100.000000  1253.000000  4480.000000  5475.000000  1560.000000   584.000000   456.000000   925.000000  2394.000000  3275.000000  4102.000000  3257.000000  2014.000000  3979.000000
   642.207703   521.000000   575.000000   395.000000   630.000000   513.000000   314.000000   618.000000   763.000000   481.000000   550.000000   687.000000   593.000000   412.000000   288.000000   503.000000   493.000000   341.000000   287.000000   352.000000   296.000000   413.000000   199.000000   300.000000   382.000000   534.000000   550.000000   723.000000   505.000000   467.000000   365.000000   438.000000   488.000000   595.000000   462.000000   598.000000   581.000000   471.000000   532.000000   355.000000   269.000000   282.000000   294.000000   346.000000   443.000000   518.000000   451.000000   458.000000   683.000000   496.000000   475.000000   450.000000   523.000000   490.000000  1584.000000   793.000000   483.000000   214.000000   101.000000  1118.000000  4393.000000  5376.000000  1509.000000   575.000000   449.000000   904.000000  2526.000000  3195.000000  4172.000000  3219.000000  2015.000000  3991.000000
   643.497192   571.000000   589.000000   389.000000   614.000000   533.000000   321.000000   671.000000   821.000000   534.000000   560.000000   731.000000   603.000000   408.000000   303.000000   538.000000   530.000000   406.000000   294.000000   303.000000   274.000000   407.000000   155.000000   281.000000   370.000000   535.000000   568.000000   711.000000   557.000000   460.000000   408.000000   364.000000   469.000000   558.000000   440.000000   516.000000   631.000000   494.000000   527.000000   378.000000   259.000000   276.000000   257.000000   377.000000   503.000000   449.000000   405.000000   479.000000   656.000000   527.000000   466.000000   452.000000   520.000000   513.000000  1622.000000   844.000000   517.000000   210.000000   126.000000  1201.000000  4281.000000  5380.000000  1514.000000   538.000000   437.000000   876.000000  2386.000000  2992.000000  4033.000000  3356.000000  2062.000000  3940.000000
   644.787170   526.000000   581.000000   395.000000   615.000000   509.000000   310.000000   619.000000   763.000000   512.000000   514.000000   765.000000   599.000000   386.000000   259.000000   510.000000   552.000000   371.000000   304.000000   338.000000   279.000000   385.000000   181.000000   285.000000   368.000000   508.000000   570.000000   751.000000   542.000000   445.000000   388.000000   332.000000   452.000000   595.000000   431.000000   570.000000   582.000000   470.000000   556.000000   401.000000   273.000000   249.000000   291.000000   350.000000   466.000000   505.000000   408.000000   452.000000   615.000000   548.000000   490.000000   478.000000   517.000000   559.000000  1629.000000   841.000000   467.000000   189.000000   108.000000  1145.000000  4204.000000  5294.000000  1489.000000   600.000000   461.000000   985.000000  2418.000000  3111.000000  3899.000000  3357.000000  2033.000000  4093.000000
   646.077576   559.000000   573.000000   350.000000   664.000000   503.000000   329.000000   601.000000   804.000000   424.000000   535.000000   680.000000   557.000000   411.000000   298.000000   548.000000   556.000000   355.000000   296.000000   353.000000   253.000000   341.000000   183.000000   261.000000   388.000000   519.000000   567.000000   735.000000   488.000000   449.000000   384.000000   440.000000   443.000000   571.000000   399.000000   498.000000   584.000000   481.000000   529.000000   376.000000   274.000000   309.000000   287.000000   363.000000   454.000000   470.000000   433.000000   452.000000   676.000000   511.000000   467.000000   446.000000   512.000000   530.000000  1686.000000   878.000000   459.000000   195.000000   120.000000  1123.000000  4199.000000  5116.000000  1536.000000   555.000000   425.000000   935.000000  2334.000000  3248.000000  3731.000000  3428.000000  2057.000000  3985.000000
   647.368713   606.000000   547.000000   374.000000   667.000000   513.000000   321.000000   614.000000   816.000000   473.000000   507.000000   683.000000   577.000000   404.000000   262.000000   533.000000   540.000000   404.000000   276.000000   296.000000   295.000000   363.000000   202.000000   264.000000   412.000000   509.000000   535.000000   740.000000   543.000000   474.000000   386.000000   381.000000   484.000000   625.000000   452.000000   552.000000   642.000000   536.000000   568.000000   374.000000   280.000000   268.000000   269.000000   344.000000   469.000000   513.000000   451.000000   426.000000   695.000000   502.000000   478.000000   491.000000   544.000000   532.000000  1666.000000   864.000000   462.000000   188.000000    89.000000  1211.000000  4172.000000  5144.000000  1442.000000   545.000000   422.000000   823.000000  2367.000000  3390.000000  3756.000000  3508.000000  2003.000000  4060.000000
   648.659973   552.000000   557.000000   403.000000   641.000000   482.000000   335.000000   610.000000   772.000000   476.000000   507.000000   755.000000   542.000000   361.000000   261.000000   516.000000   549.000000   398.000000   293.000000   337.000000   279.000000   413.000000   168.000000   254.000000   339.000000   541.000000   559.000000   755.000000   523.000000   468.000000   403.000000   403.000000   465.000000   624.000000   474.000000   582.000000   609.000000   483.000000   585.000000   405.000000   286.000000   253.000000   261.000000   351.000000   462.000000   506.000000   458.000000   453.000000   672.000000   498.000000   474.000000   486.000000   553.000000   551.000000  1658.000000   853.000000   479.000000   177.000000   102.000000  1202.000000  4089.000000  5065.000000  1474.000000   553.000000   458.000000   886.000000  2237.000000  3583.000000  3789.000000  3500.000000  1943.000000  4062.000000
   649.952026   521.000000   605.000000   382.000000   672.000000   452.000000   305.000000   631.000000   774.000000   465.000000   535.000000   759.000000   544.000000   361.000000   276.000000   502.000000   515.000000   356.000000   298.000000   365.000000   315.000000   356.000000   209.000000   232.000000   374.000000   502.000000   537.000000   749.000000   553.000000   529.000000   377.000000   371.000000   468.000000   634.000000   401.000000   556.000000   603.000000   450.000000   555.000000   370.000000   268.000000   288.000000   260.000000   371.000000   473.000000   552.000000   422.000000   430.000000   657.000000   473.000000   462.000000   509.000000   528.000000   577.000000  1688.000000   874.000000   519.000000   200.000000   107.000000  1136.000000  4070.000000  4859.000000  1430.000000   571.000000   466.000000   906.000000  2352.000000  3761.000000  3953.000000  3445.000000  1917.000000  4331.000000
   651.244385   526.000000   547.000000   427.000000   646.000000   517.000000   350.000000   606.000000   778.000000   512.000000   482.000000   711.000000   591.000000   431.000000   277.000000   500.000000   469.000000   346.000000   304.000000   319.000000   293.000000   389.000000   181.000000   285.000000   395.000000   534.000000   538.000000   725.000000   581.000000   389.000000   358.000000   368.000000   473.000000   643.000000   433.000000   503.000000   631.000000   491.000000   596.000000   354.000000   265.000000   301.000000   263.000000   370.000000   458.000000   512.000000   442.000000   449.000000   640.000000   450.000000   459.000000   476.000000   591.000000   551.000000  1604.000000   875.000000   472.000000   203.000000   126.000000  1130.000000  3975.000000  5008.000000  1472.000000   527.000000   441.000000   914.000000  2220.000000  4067.000000  3975.000000  3452.000000  1885.000000  4180.000000
   652.537170   533.000000   565.000000   403.000000   626.000000   477.000000   340.000000   644.000000   740.000000   465.000000   527.000000   706.000000   570.000000   403.000000   299.000000   537.000000   509.000000   365.000000   314.000000   294.000000   267.000000   386.000000   159.000000   256.000000   363.000000   518.000000   567.000000   750.000000   533.000000   432.000000   381.000000   392.000000   471.000000   606.000000   452.000000   553.000000   691.000000   496.000000   555.000000   372.000000   325.000000   284.000000   252.000000   384.000000   493.000000   527.000000   480.000000   474.000000   698.000000   454.000000   428.000000   519.000000   596.000000   537.000000  1607.000000   790.000000   509.000000   185.000000    88.000000  1124.000000  3992.000000  4865.000000  1392.000000   523.000000   416.000000   847.000000  2276.000000  4065.000000  4097.000000  3555.000000  1941.000000  4291.000000
   653.830688   600.000000   608.000000   393.000000   680.000000   516.000000   352.000000   646.000000   763.000000   470.000000   528.000000   694.000000   519.000000   407.000000   268.000000   494.000000   520.000000   358.000000   289.000000   389.000000   322.000000   367.000000   170.000000   258.000000   358.000000   519.000000   562.000000   747.000000   527.000000   503.000000   359.000000   406.000000   438.000000   614.000000   428.000000   593.000000   656.000000   526.000000   609.000000   405.000000   304.000000   322.000000   252.000000   371.000000   435.000000   542.000000   399.000000   461.000000   665.000000   472.000000   480.000000   516.000000   563.000000   568.000000  1711.000000   814.000000   469.000000   175.000000   124.000000  1212.000000  3901.000000  4771.000000  1458.000000   528.000000   460.000000   863.000000  2223.000000  4202.000000  4263.000000  3593.000000  2050.000000  4173.000000
   655.124512   569.000000   576.000000   408.000000   612.000000   510.000000   336.000000   563.000000   734.000000   489.000000   502.000000   708.000000   593.000000   385.000000   248.000000   496.000000   459.000000   380.000000   292.000000   313.000000   252.000000   394.000000   208.000000   269.000000   342.000000   504.000000   556.000000   797.000000   531.000000   432.000000   417.000000   384.000000   466.000000   561.000000   442.000000   589.000000   649.000000   484.000000   627.000000   394.000000   296.000000   299.000000   268.000000   383.000000   557.000000   532.000000   449.000000   438.000000   678.000000   463.000000   464.000000   448.000000   583.000000   552.000000  1627.000000   848.000000   511.000000   192.000000   121.000000  1109.000000  3950.000000  4791.000000  1412.000000   607.000000   428.000000   874.000000  2211.000000  4465.000000  4412.000000  3543.000000  2018.000000  4289.000000
   656.418823   564.000000   613.000000   427.000000   629.000000   497.000000   355.000000   616.000000   727.000000   519.000000   546.000000   720.000000   556.000000   370.000000   259.000000   511.000000   479.000000   331.000000   310.000000   312.000000   265.000000   404.000000   190.000000   230.000000   356.000000   512.000000   535.000000   737.000000   570.000000   500.000000   442.000000   392.000000   474.000000   615.000000   367.000000   562.000000   675.000000   511.000000   555.000000   430.000000   279.000000   313.000000   273.000000   366.000000   501.000000   534.000000   516.000000   473.000000   676.000000   445.000000   481.000000   482.000000   559.000000   607.000000  1621.000000   857.000000   482.000000   192.000000   106.000000  1086.000000  3878.000000  4722.000000  1463.000000   527.000000   476.000000   906.000000  2195.000000  4429.000000  4382.000000  3397.000000  1965.000000  4322.000000
   657.713623   529.000000   564.000000   387.000000   627.000000   499.000000   359.000000   594.000000   703.000000   438.000000   560.000000   680.000000   566.000000   310.000000   266.000000   537.000000   488.000000   348.000000   316.000000   305.000000   275.000000   363.000000   168.000000   230.000000   366.000000   534.000000   552.000000   775.000000   537.000000   405.000000   390.000000   409.000000   489.000000   667.000000   371.000000   534.000000   674.000000   531.000000   618.000000   407.000000   286.000000   319.000000   277.000000   369.000000   494.000000   540.000000   455.000000   477.000000   701.000000   497.000000   456.000000   533.000000   515.000000   528.000000  1653.000000   796.000000   475.000000   177.000000   109.000000  1117.000000  3918.000000  4651.000000  1418.000000   476.000000   429.000000   824.000000  2156.000000  4433.000000  4342.000000  3462.000000  1974.000000  4234.000000
   659.008911   528.000000   616.000000   396.000000   635.000000   504.000000   379.000000   595.000000   795.000000   457.000000   495.000000   693.000000   544.000000   332.000000   283.000000   533.000000   433.000000   374.000000   300.000000   342.000000   266.000000   392.000000   202.000000   269.000000   372.000000   541.000000   499.000000   772.000000   535.000000   450.000000   395.000000   389.000000   468.000000   635.000000   422.000000   555.000000   701.000000   496.000000   560.000000   396.000000   294.000000   298.000000   273.000000   357.000000   515.000000   536.000000   471.000000   488.000000   686.000000   427.000000   474.000000   543.000000   553.000000   549.000000  1753.000000   770.000000   438.000000   191.000000   110.000000  1077.000000  3593.000000  4668.000000  1375.000000   506.000000   459.000000   846.000000  1988.000000  4330.000000  4453.000000  3646.000000  1959.000000  4295.000000
   660.304688   506.000000   607.000000   382.000000   681.000000   507.000000   328.000000   597.000000   728.000000   465.000000   486.000000   667.000000   537.000000   387.000000   262.000000   499.000000   470.000000   372.000000   312.000000   343.000000   282.000000   374.000000   180.000000   259.000000   340.000000   517.000000   526.000000   788.000000   527.000000   460.000000   394.000000   371.000000   488.000000   618.000000   407.000000   529.000000   651.000000   518.000000   607.000000   367.000000   289.000000   281.000000   280.000000   395.000000   462.000000   468.000000   449.000000   476.000000   643.000000   448.000000   436.000000   488.000000   571.000000   546.000000  1647.000000   807.000000   455.000000   201.000000   101.000000  1037.000000  3643.000000  4420.000000  1356.000000   505.000000   428.000000   911.000000  2036.000000  4404.000000  4479.000000  3585.000000  1927.000000  4299.000000
   661.600830   540.000000   545.000000   391.000000   563.000000   432.000000   319.000000   562.000000   783.000000   422.000000   558.000000   700.000000   593.000000   353.000000   307.000000   527.000000   463.000000   329.000000   271.000000   302.000000   300.000000   326.000000   150.000000   254.000000   340.000000   492.000000   512.000000   732.000000   516.000000   419.000000   403.000000   350.000000   486.000000   613.000000   417.000000   502.000000   626.000000   515.000000   551.000000   398.000000   281.000000   312.000000   288.000000   364.000000   454.000000   549.000000   436.000000   469.000000   683.000000   448.000000   438.000000   488.000000   569.000000   518.000000  1712.000000   774.000000   421.000000   191.000000   105.000000  1072.000000  3532.000000  4450.000000  1362.000000   491.000000   397.000000   791.000000  1871.000000  4383.000000  4435.000000  3571.000000  1950.000000  4264.000000
   662.897583   543.000000   578.000000   415.000000   595.000000   482.000000   302.000000   572.000000   743.000000   487.000000   492.000000   668.000000   571.000000   367.000000   233.000000   508.000000   454.000000   375.000000   314.000000   285.000000   272.000000   349.000000   183.000000   243.000000   304.000000   516.000000   533.000000   683.000000   558.000000   470.000000   391.000000   392.000000   437.000000   637.000000   369.000000   521.000000   618.000000   499.000000   585.000000   365.000000   306.000000   336.000000   282.000000   376.000000   476.000000   573.000000   451.000000   463.000000   703.000000   457.000000   405.000000   543.000000   539.000000   482.000000  1615.000000   783.000000   419.000000   157.000000   111.000000  1098.000000  3359.000000  4319.000000  1324.000000   491.000000   401.000000   809.000000  1772.000000  4417.000000  4517.000000  3446.000000  1928.000000  4264.000000
   664.194824   479.000000   545.000000   353.000000   602.000000   475.000000   338.000000   525.000000   677.000000   437.000000   455.000000   709.000000   528.000000   335.000000   285.000000   503.000000   450.000000   352.000000   274.000000   280.000000   307.000000   322.000000   198.000000   226.000000   336.000000   539.000000   529.000000   743.000000   514.000000   448.000000   379.000000   400.000000   431.000000   610.000000   371.000000   571.000000   635.000000   532.000000   595.000000   349.000000   282.000000   355.000000   275.000000   347.000000   467.000000   516.000000   445.000000   461.000000   695.000000   471.000000   447.000000   498.000000   564.000000   518.000000  1590.000000   778.000000   428.000000   163.000000   125.000000  1066.000000  3298.000000  4191.000000  1344.000000   531.000000   384.000000   714.000000  1728.000000  4354.000000  4280.000000  3549.000000  1811.000000  4224.000000
   665.492493   485.000000   547.000000   379.000000   555.000000   488.000000   337.000000   525.000000   738.000000   466.000000   487.000000   628.000000   538.000000   305.000000   229.000000   446.000000   445.000000   357.000000   300.000000   316.000000   267.000000   326.000000   179.000000   229.000000   334.000000   452.000000   525.000000   750.000000   532.000000   404.000000   357.000000   377.000000   445.000000   649.000000   382.000000   536.000000   629.000000   504.000000   554.000000   393.000000   330.000000   322.000000   274.000000   356.000000   456.000000   522.000000   445.000000   420.000000   705.000000   434.000000   407.000000   536.000000   542.000000   496.000000  1672.000000   718.000000   381.000000   163.000000    94.000000  1056.000000  3265.000000  4145.000000  1261.000000   472.000000   363.000000   833.000000  1715.000000  4323.000000  4447.000000  3486.000000  1831.000000  4236.000000
   666.790588   489.000000   570.000000   349.000000   603.000000   482.000000   340.000000   544.000000   711.000000   490.000000   469.000000   685.000000   509.000000   323.000000   275.000000   462.000000   448.000000   306.000000   320.000000   288.000000   249.000000   333.000000   160.000000   220.000000   318.000000   440.000000   506.000000   693.000000   575.000000   465.000000   427.000000   330.000000   468.000000   617.000000   369.000000   551.000000   609.000000   474.000000   526.000000   368.000000   287.000000   365.000000   250.000000   367.000000   493.000000   533.000000   436.000000   445.000000   690.000000   458.000000   435.000000   455.000000   576.000000   544.000000  1667.000000   709.000000   438.000000   155.000000    92.000000   990.000000  3184.000000  4060.000000  1281.000000   492.000000   384.000000   744.000000  1562.000000  4369.000000  4355.000000  3443.000000  1863.000000  4210.000000
   668.089294   523.000000   538.000000   327.000000   574.000000   504.000000   303.000000   586.000000   727.000000   485.000000   463.000000   627.000000   510.000000   324.000000   267.000000   435.000000   446.000000   313.000000   275.000000   315.000000   244.000000   340.000000   136.000000   201.000000   349.000000   410.000000   517.000000   694.000000   513.000000   427.000000   377.000000   315.000000   441.000000   577.000000   367.000000   537.000000   630.000000   468.000000   537.000000   396.000000   289.000000   322.000000   273.000000   379.000000   472.000000   569.000000   497.000000   454.000000   623.000000   446.000000   402.000000   498.000000   553.000000   546.000000  1582.000000   780.000000   369.000000   134.000000   107.000000  1001.000000  2860.000000  3985.000000  1298.000000   451.000000   378.000000   788.000000  1539.000000  4303.000000  4300.000000  3375.000000  1701.000000  4183.000000
   669.388428   513.000000   534.000000   406.000000   545.000000   476.000000   314.000000   522.000000   692.000000   421.000000   460.000000   619.000000   542.000000   317.000000   248.000000   458.000000   424.000000   347.000000   247.000000   276.000000   256.000000   296.000000   167.000000   248.000000   324.000000   502.000000   482.000000   647.000000   504.000000   449.000000   381.000000   326.000000   444.000000   600.000000   357.000000   545.000000   621.000000   546.000000   599.000000   353.000000   306.000000   368.000000   240.000000   364.000000   486.000000   535.000000   418.000000   429.000000   647.000000   406.000000   420.000000   444.000000   539.000000   482.000000  1646.000000   676.000000   372.000000   175.000000    97.000000   958.000000  2949.000000  3839.000000  1222.000000   415.000000   355.000000   772.000000  1530.000000  4270.000000  4104.000000  3362.000000  1812.000000  4087.000000
   670.687988   469.000000   519.000000   401.000000   600.000000   474.000000   287.000000   529.000000   688.000000   504.000000   435.000000   563.000000   487.000000   346.000000   263.000000   479.000000   445.000000   366.000000   251.000000   304.000000   259.000000   334.000000   160.000000   217.000000   310.000000   472.000000   457.000000   688.000000   524.000000   410.000000   371.000000   343.000000   418.000000   582.000000   324.000000   482.000000   631.000000   435.000000   579.000000   342.000000   313.000000   371.000000   263.000000   397.000000   465.000000   503.000000   424.000000   441.000000   667.000000   409.000000   408.000000   474.000000   501.000000   508.000000  1575.000000   707.000000   352.000000   168.000000   109.000000   985.000000  2957.000000  3752.000000  1178.000000   467.000000   363.000000   709.000000  1561.000000  4105.000000  4067.000000  3123.000000  1708.000000  4262.000000
   671.988098   491.000000   492.000000   311.000000   548.000000   457.000000   291.000000   512.000000   670.000000   407.000000   447.000000   620.000000   487.000000   338.000000   227.000000   472.000000   396.000000   327.000000   282.000000   343.000000   270.000000   289.000000   136.000000   197.000000   344.000000   451.000000   478.000000   701.000000   475.000000   418.000000   367.000000   340.000000   439.000000   624.000000   301.000000   508.000000   630.000000   462.000000   500.000000   386.000000   305.000000   298.000000   258.000000   320.000000   463.000000   567.000000   418.000000   481.000000   661.000000   425.000000   431.000000   490.000000   510.000000   520.000000  1634.000000   710.000000   394.000000   160.000000    96.000000   913.000000  2930.000000  3719.000000  1167.000000   425.000000   363.000000   680.000000  1702.000000  4132.000000  4017.000000  3201.000000  1700.000000  4248.000000
   673.288574   476.000000   469.000000   343.000000   517.000000   446.000000   293.000000   514.000000   620.000000   419.000000   439.000000   602.000000   483.000000   313.000000   232.000000   450.000000   429.000000   346.000000   250.000000   297.000000   245.000000   279.000000   160.000000   207.000000   298.000000   457.000000   445.000000   641.000000   482.000000   426.000000   358.000000   373.000000   426.000000   598.000000   323.000000   501.000000   565.000000   460.000000   544.000000   381.000000   300.000000   319.000000   258.000000   343.000000   484.000000   545.000000   440.000000   424.000000   667.000000   411.000000   372.000000   474.000000   540.000000   475.000000  1612.000000   704.000000   391.000000   176.000000    64.000000   844.000000  2819.000000  3548.000000  1175.000000   394.000000   377.000000   738.000000  1565.000000  3848.000000  3958.000000  3195.000000  1629.000000  4079.000000
   674.589722   455.000000   539.000000   341.000000   532.000000   427.000000   263.000000   520.000000   679.000000   483.000000   425.000000   604.000000   485.000000   311.000000   241.000000   439.000000   397.000000   328.000000   260.000000   305.000000   264.000000   304.000000   180.000000   247.000000   287.000000   408.000000   485.000000   672.000000   456.000000   402.000000   351.000000   376.000000   416.000000   537.000000   291.000000   508.000000   610.000000   452.000000   588.000000   345.000000   296.000000   301.000000   257.000000   331.000000   419.000000   521.000000   428.000000   437.000000   646.000000   373.000000   373.000000   477.000000   494.000000   474.000000  1606.000000   692.000000   339.000000   153.000000   103.000000   856.000000  2833.000000  3406.000000  1107.000000   403.000000   376.000000   693.000000  1620.000000  4035.000000  3825.000000  3094.000000  1612.000000  4190.000000
   675.891174   470.000000   506.000000   359.000000   503.000000   425.000000   277.000000   514.000000   614.000000   473.000000   441.000000   585.000000   482.000000   300.000000   262.000000   446.000000   393.000000   319.000000   279.000000   305.000000   253.000000   309.000000   170.000000   211.000000   284.000000   418.000000   455.000000   675.000000   477.000000   405.000000   330.000000   334.000000   388.000000   652.000000   287.000000   481.000000   545.000000   498.000000   566.000000   329.000000   268.000000   282.000000   204.000000   317.000000   439.000000   485.000000   390.000000   430.000000   729.000000   460.000000   394.000000   435.000000   547.000000   512.000000  1642.000000   644.000000   360.000000   156.000000   108.000000   887.000000  2841.000000  3382.000000  1122.000000   378.000000   326.000000   687.000000  1654.000000  3862.000000  3762.000000  3205.000000  1569.000000  4197.000000
   677.193176   468.000000   498.000000   321.000000   537.000000   447.000000   277.000000   481.000000   670.000000   445.000000   427.000000   578.000000   463.000000   288.000000   205.000000   512.000000   380.000000   310.000000   276.000000   299.000000   270.000000   338.000000   186.000000   201.000000   274.000000   439.000000   444.000000   615.000000   437.000000   431.000000   367.000000   314.000000   431.000000   570.000000   314.000000   518.000000   585.000000   546.000000   552.000000   379.000000   282.000000   329.000000   214.000000   351.000000   433.000000   500.000000   385.000000   431.000000   649.000000   369.000000   379.000000   471.000000   515.000000   487.000000  1539.000000   645.000000   360.000000   128.000000    84.000000   866.000000  2578.000000  3383.000000  1111.000000   412.000000   342.000000   727.000000  1626.000000  3885.000000  3859.000000  3212.000000  1542.000000  4057.000000
   678.495728   434.000000   515.000000   300.000000   512.000000   418.000000   279.000000   496.000000   631.000000   416.000000   425.000000   603.000000   422.000000   308.000000   249.000000   437.000000   370.000000   293.000000   287.000000   274.000000   228.000000   330.000000   141.000000   199.000000   257.000000   444.000000   442.000000   643.000000   436.000000   440.000000   359.000000   291.000000   424.000000   547.000000   308.000000   476.000000   560.000000   469.000000   617.000000   365.000000   334.000000   304.000000   270.000000   316.000000   466.000000   541.000000   418.000000   456.000000   607.000000   400.000000   391.000000   489.000000   527.000000   472.000000  1507.000000   648.000000   366.000000   181.000000    76.000000   812.000000  2678.000000  3324.000000  1029.000000   412.000000   349.000000   653.000000  1683.000000  3709.000000  3581.000000  3077.000000  1594.000000  4129.000000
   679.798584   426.000000   480.000000   370.000000   545.000000   415.000000   338.000000   480.000000   644.000000   433.000000   430.000000   555.000000   492.000000   273.000000   248.000000   475.000000   379.000000   303.000000   294.000000   310.000000   265.000000   284.000000   153.000000   196.000000   277.000000   404.000000   428.000000   623.000000   446.000000   439.000000   389.000000   342.000000   437.000000   584.000000   311.000000   450.000000   567.000000   454.000000   527.000000   414.000000   296.000000   321.000000   242.000000   349.000000   454.000000   524.000000   410.000000   394.000000   641.000000   423.000000   419.000000   432.000000   515.000000   497.000000  1486.000000   646.000000   305.000000   143.000000    85.000000   848.000000  2589.000000  3163.000000  1006.000000   410.000000   321.000000   713.000000  1644.000000  3672.000000  3584.000000  3096.000000  1617.000000  4126.000000
   681.102112   403.000000   454.000000   345.000000   501.000000   447.000000   317.000000   503.000000   626.000000   437.000000   433.000000   554.000000   447.000000   282.000000   212.000000   423.000000   379.000000   333.000000   257.000000   292.000000   244.000000   296.000000   162.000000   163.000000   269.000000   432.000000   452.000000   587.000000   472.000000   431.000000   356.000000   303.000000   433.000000   525.000000   290.000000   453.000000   597.000000   470.000000   501.000000   328.000000   287.000000   345.000000   233.000000   311.000000   430.000000   526.000000   339.000000   424.000000   634.000000   458.000000   368.000000   474.000000   513.000000   473.000000  1541.000000   612.000000   362.000000   136.000000    65.000000   876.000000  2478.000000  3055.000000  1037.000000   370.000000   383.000000   660.000000  1624.000000  3664.000000  3435.000000  3056.000000  1592.000000  4088.000000
   682.406006   456.000000   459.000000   350.000000   530.000000   457.000000   307.000000   502.000000   638.000000   408.000000   418.000000   552.000000   455.000000   242.000000   218.000000   433.000000   370.000000   287.000000   226.000000   267.000000   210.000000   265.000000   152.000000   172.000000   279.000000   417.000000   420.000000   588.000000   441.000000   425.000000   357.000000   341.000000   439.000000   492.000000   304.000000   488.000000   543.000000   480.000000   503.000000   349.000000   307.000000   329.000000   278.000000   332.000000   436.000000   508.000000   396.000000   399.000000   654.000000   427.000000   370.000000   487.000000   475.000000   503.000000  1473.000000   596.000000   364.000000   154.000000    89.000000   803.000000  2404.000000  3161.000000  1024.000000   395.000000   331.000000   721.000000  1587.000000  3626.000000  3437.000000  3049.000000  1485.000000  3904.000000
   683.710388   459.000000   432.000000   350.000000   497.000000   425.000000   272.000000   448.000000   611.000000   444.000000   407.000000   505.000000   410.000000   251.000000   229.000000   436.000000   333.000000   342.000000   253.000000   297.000000   286.000000   284.000000   121.000000   176.000000   260.000000   402.000000   412.000000   628.000000   451.000000   416.000000   347.000000   312.000000   438.000000   529.000000   277.000000   465.000000   541.000000   451.000000   511.000000   334.000000   283.000000   308.000000   232.000000   311.000000   453.000000   533.000000   381.000000   390.000000   601.000000   411.000000   339.000000   459.000000   516.000000   462.000000  1554.000000   608.000000   365.000000   149.000000   112.000000   760.000000  2354.000000  2951.000000  1061.000000   370.000000   328.000000   639.000000  1455.000000  3654.000000  3378.000000  3111.000000  1461.000000  4087.000000
   685.015320   382.000000   441.000000   312.000000   420.000000   417.000000   277.000000   419.000000   617.000000   437.000000   388.000000   476.000000   429.000000   251.000000   229.000000   410.000000   356.000000   281.000000   234.000000   287.000000   250.000000   314.000000   125.000000   207.000000   247.000000   374.000000   406.000000   627.000000   476.000000   378.000000   359.000000   342.000000   369.000000   535.000000   335.000000   478.000000   542.000000   476.000000   508.000000   336.000000   320.000000   332.000000   265.000000   341.000000   415.000000   464.000000   371.000000   406.000000   559.000000   413.000000   366.000000   438.000000   513.000000   449.000000  1412.000000   590.000000   346.000000   149.000000    76.000000   827.000000  2306.000000  2891.000000   999.000000   378.000000   296.000000   644.000000  1517.000000  3491.000000  3298.000000  2865.000000  1549.000000  4031.000000
   686.320679   393.000000   438.000000   298.000000   443.000000   405.000000   279.000000   492.000000   581.000000   398.000000   399.000000   519.000000   399.000000   302.000000   233.000000   399.000000   333.000000   297.000000   234.000000   274.000000   245.000000   262.000000   138.000000   173.000000   256.000000   392.000000   401.000000   617.000000   452.000000   425.000000   338.000000   287.000000   400.000000   479.000000   309.000000   473.000000   521.000000   502.000000   531.000000   324.000000   304.000000   332.000000   222.000000   338.000000   452.000000   439.000000   391.000000   392.000000   587.000000   430.000000   330.000000   477.000000   479.000000   458.000000  1483.000000   583.000000   344.000000   152.000000    54.000000   732.000000  2335.000000  2861.000000  1000.000000   353.000000   332.000000   616.000000  1441.000000  3426.000000  3168.000000  2954.000000  1534.000000  3906.000000
   687.626526   370.000000   484.000000   314.000000   465.000000   415.000000   245.000000   441.000000   611.000000   445.000000   360.000000   503.000000   431.000000   251.000000   215.000000   393.000000   306.000000   281.000000   233.000000   258.000000   191.000000   279.000000   147.000000   192.000000   283.000000   381.000000   417.000000   553.000000   381.000000   378.000000   375.000000   350.000000   369.000000   481.000000   260.000000   469.000000   487.000000   460.000000   518.000000   332.000000   285.000000   285.000000   240.000000   323.000000   390.000000   455.000000   401.000000   401.000000   592.000000   424.000000   330.000000   437.000000   449.000000   479.000000  1389.000000   547.000000   308.000000   135.000000    57.000000   732.000000  2226.000000  2728.000000   935.000000   392.000000   330.000000   642.000000  1382.000000  3379.000000  3182.000000  2868.000000  1402.000000  3844.000000
   688.932800   366.000000   404.000000   308.000000   425.000000   402.000000   251.000000   428.000000   594.000000   402.000000   340.000000   456.000000   390.000000   260.000000   203.000000   384.000000   326.000000   312.000000   239.000000   260.000000   264.000000   269.000000   104.000000   168.000000   249.000000   334.000000   381.000000   588.000000   427.000000   342.000000   339.000000   312.000000   344.000000   504.000000   302.000000   461.000000   529.000000   479.000000   511.000000   342.000000   243.000000   310.000000   204.000000   307.000000   394.000000   498.000000   337.000000   418.000000   567.000000   398.000000   338.000000   444.000000   429.000000   406.000000  1362.000000   526.000000   333.000000   137.000000    83.000000   762.000000  2222.000000  2663.000000   940.000000   315.000000   312.000000   594.000000  1384.000000  3323.000000  3160.000000  2765.000000  1403.000000  3823.000000
   690.239624   364.000000   404.000000   304.000000   434.000000   350.000000   249.000000   395.000000   606.000000   393.000000   359.000000   465.000000   393.000000   259.000000   188.000000   379.000000   315.000000   269.000000   247.000000   270.000000   179.000000   245.000000   140.000000   175.000000   210.000000   327.000000   381.000000   515.000000   383.000000   345.000000   333.000000   290.000000   354.000000   454.000000   266.000000   444.000000   439.000000   471.000000   514.000000   311.000000   293.000000   309.000000   215.000000   324.000000   402.000000   443.000000   383.000000   422.000000   566.000000   416.000000   370.000000   449.000000   448.000000   453.000000  1368.000000   513.000000   313.000000   124.000000    78.000000   682.000000  2113.000000  2481.000000   922.000000   345.000000   309.000000   593.000000  1243.000000  3198.000000  3052.000000  2747.000000  1418.000000  3783.000000
   691.546875   333.000000   439.000000   296.000000   409.000000   389.000000   247.000000   426.000000   516.000000   383.000000   352.000000   472.000000   373.000000   233.000000   202.000000   380.000000   327.000000   250.000000   250.000000   254.000000   221.000000   252.000000   127.000000   171.000000   256.000000   336.000000   337.000000   491.000000   400.000000   374.000000   325.000000   299.000000   340.000000   446.000000   225.000000   412.000000   509.000000   448.000000   483.000000   361.000000   298.000000   326.000000   190.000000   345.000000   351.000000   443.000000   363.000000   392.000000   595.000000   398.000000   315.000000   436.000000   464.000000   383.000000  1326.000000   518.000000   258.000000   113.000000    77.000000   734.000000  2017.000000  2380.000000   916.000000   360.000000   290.000000   558.000000  1346.000000  3097.000000  2917.000000  2698.000000  1296.000000  3611.000000
   692.854614   342.000000   368.000000   260.000000   424.000000   347.000000   255.000000   392.000000   525.000000   351.000000   349.000000   434.000000   367.000000   227.000000   209.000000   386.000000   292.000000   265.000000   243.000000   271.000000   214.000000   224.000000   133.000000   185.000000   221.000000   335.000000   339.000000   552.000000   359.000000   360.000000   330.000000   249.000000   340.000000   452.000000   258.000000   430.000000   428.000000   452.000000   441.000000   299.000000   244.000000   332.000000   216.000000   295.000000   352.000000   425.000000   340.000000   357.000000   542.000000   390.000000   319.000000   432.000000   483.000000   399.000000  1270.000000   486.000000   276.000000   145.000000    79.000000   634.000000  2004.000000  2358.000000   859.000000   306.000000   276.000000   604.000000  1303.000000  3139.000000  2844.000000  2650.000000  1305.000000  3641.000000
   694.162781   298.000000   450.000000   265.000000   417.000000   380.000000   247.000000   366.000000   531.000000   380.000000   295.000000   482.000000   362.000000   227.000000   207.000000   386.000000   277.000000   279.000000   189.000000   223.000000   215.000000   212.000000   109.000000   184.000000   202.000000   295.000000   305.000000   505.000000   364.000000   319.000000   339.000000   254.000000   334.000000   423.000000   222.000000   393.000000   411.000000   469.000000   481.000000   328.000000   275.000000   344.000000   225.000000   281.000000   404.000000   424.000000   334.000000   358.000000   558.000000   373.000000   330.000000   380.000000   459.000000   383.000000  1291.000000   464.000000   260.000000   129.000000    75.000000   684.000000  1907.000000  2325.000000   895.000000   286.000000   284.000000   566.000000  1293.000000  3129.000000  2778.000000  2538.000000  1224.000000  3587.000000
   695.471619   291.000000   367.000000   269.000000   368.000000   330.000000   264.000000   378.000000   488.000000   351.000000   293.000000   377.000000   394.000000   225.000000   187.000000   379.000000   295.000000   242.000000   195.000000   240.000000   213.000000   256.000000   113.000000   159.000000   207.000000   309.000000   288.000000   475.000000   367.000000   337.000000   317.000000   234.000000   331.000000   421.000000   273.000000   395.000000   454.000000   348.000000   469.000000   259.000000   278.000000   328.000000   188.000000   273.000000   373.000000   431.000000   343.000000   347.000000   551.000000   418.000000   293.000000   358.000000   421.000000   386.000000  1249.000000   421.000000   269.000000   117.000000    82.000000   658.000000  1906.000000  2327.000000   845.000000   281.000000   294.000000   505.000000  1227.000000  2997.000000  2735.000000  2411.000000  1304.000000  3464.000000
   696.780823   319.000000   350.000000   289.000000   456.000000   343.000000   212.000000   361.000000   451.000000   327.000000   333.000000   378.000000   328.000000   213.000000   176.000000   311.000000   270.000000   217.000000   211.000000   244.000000   198.000000   215.000000   131.000000   139.000000   185.000000   304.000000   289.000000   416.000000   347.000000   318.000000   307.000000   279.000000   342.000000   446.000000   196.000000   428.000000   442.000000   430.000000   423.000000   275.000000   289.000000   347.000000   211.000000   278.000000   366.000000   396.000000   322.000000   373.000000   525.000000   362.000000   293.000000   452.000000   397.000000   416.000000  1317.000000   469.000000   270.000000   132.000000    48.000000   620.000000  1812.000000  2170.000000   850.000000   331.000000   254.000000   520.000000  1150.000000  2859.000000  2538.000000  2526.000000  1254.000000  3441.000000
   698.090515   302.000000   365.000000   257.000000   373.000000   337.000000   229.000000   343.000000   465.000000   354.000000   311.000000   366.000000   348.000000   181.000000   162.000000   337.000000   281.000000   244.000000   197.000000   247.000000   188.000000   216.000000   109.000000   142.000000   197.000000   271.000000   300.000000   498.000000   367.000000   324.000000   300.000000   251.000000   308.000000   394.000000   204.000000   387.000000   406.000000   407.000000   409.000000   282.000000   241.000000   317.000000   204.000000   286.000000   380.000000   401.000000   305.000000   382.000000   521.000000   359.000000   291.000000   426.000000   481.000000   420.000000  1217.000000   472.000000   266.000000   101.000000    74.000000   559.000000  1743.000000  2156.000000   793.000000   310.000000   268.000000   508.000000  1157.000000  2789.000000  2544.000000  2484.000000  1291.000000  3300.000000
   699.400574   304.000000   369.000000   249.000000   391.000000   339.000000   259.000000   338.000000   500.000000   332.000000   315.000000   396.000000   340.000000   242.000000   183.000000   338.000000   280.000000   230.000000   211.000000   241.000000   190.000000   245.000000   120.000000   127.000000   198.000000   292.000000   329.000000   447.000000   357.000000   336.000000   311.000000   266.000000   303.000000   382.000000   226.000000   420.000000   398.000000   407.000000   443.000000   304.000000   246.000000   327.000000   204.000000   304.000000   338.000000   403.000000   339.000000   329.000000   519.000000   329.000000   299.000000   404.000000   443.000000   387.000000  1182.000000   470.000000   239.000000   133.000000    76.000000   495.000000  1718.000000  2130.000000   742.000000   288.000000   311.000000   489.000000  1116.000000  2687.000000  2428.000000  2428.000000  1207.000000  3239.000000
   700.711304   321.000000   400.000000   278.000000   428.000000   350.000000   202.000000   333.000000   453.000000   317.000000   304.000000   398.000000   318.000000   177.000000   171.000000   299.000000   266.000000   223.000000   192.000000   255.000000   227.000000   234.000000    97.000000   154.000000   197.000000   291.000000   268.000000   432.000000   334.000000   304.000000   324.000000   211.000000   321.000000   392.000000   202.000000   367.000000   425.000000   393.000000   430.000000   287.000000   265.000000   284.000000   216.000000   267.000000   357.000000   378.000000   338.000000   378.000000   463.000000   323.000000   281.000000   396.000000   476.000000   396.000000  1187.000000   419.000000   249.000000   113.000000    83.000000   530.000000  1610.000000  1931.000000   725.000000   298.000000   265.000000   442.000000  1007.000000  2651.000000  2513.000000  2331.000000  1120.000000  3273.000000
   702.022400   277.000000   358.000000   258.000000   399.000000   324.000000   225.000000   325.000000   431.000000   298.000000   294.000000   372.000000   322.000000   218.000000   215.000000   324.000000   254.000000   203.000000   181.000000   239.000000   195.000000   231.000000   114.000000   162.000000   197.000000   284.000000   281.000000   472.000000   331.000000   326.000000   289.000000   241.000000   300.000000   368.000000   262.000000   392.000000   383.000000   424.000000   379.000000   237.000000   255.000000   303.000000   165.000000   313.000000   317.000000   402.000000   279.000000   281.000000   506.000000   358.000000   287.000000   378.000000   410.000000   391.000000  1185.000000   404.000000   260.000000   128.000000    65.000000   526.000000  1576.000000  1878.000000   733.000000   306.000000   212.000000   474.000000  1096.000000  2581.000000  2293.000000  2277.000000  1109.000000  3139.000000
   703.333984   282.000000   343.000000   245.000000   355.000000   312.000000   179.000000   314.000000   465.000000   324.000000   266.000000   337.000000   309.000000   230.000000   145.000000   321.000000   254.000000   189.000000   171.000000   259.000000   168.000000   204.000000    96.000000   135.000000   175.000000   249.000000   236.000000   436.000000   341.000000   294.000000   289.000000   242.000000   306.000000   391.000000   183.000000   344.000000   420.000000   398.000000   411.000000   269.000000   265.000000   295.000000   190.000000   291.000000   314.000000   355.000000   323.000000   300.000000   418.000000   328.000000   310.000000   381.000000   398.000000   357.000000  1169.000000   444.000000   216.000000   152.000000    76.000000   519.000000  1546.000000  1831.000000   716.000000   286.000000   228.000000   486.000000   963.000000  2516.000000  2317.000000  2223.000000  1142.000000  3079.000000
   704.646118   263.000000   299.000000   253.000000   410.000000   293.000000   220.000000   369.000000   441.000000   326.000000   279.000000   374.000000   319.000000   173.000000   186.000000   301.000000   270.000000   233.000000   186.000000   199.000000   218.000000   200.000000   124.000000   131.000000   177.000000   269.000000   303.000000   410.000000   360.000000   272.000000   321.000000   227.000000   311.000000   349.000000   207.000000   374.000000   370.000000   388.000000   415.000000   280.000000   268.000000   297.000000   186.000000   280.000000   292.000000   377.000000   274.000000   321.000000   486.000000   312.000000   315.000000   401.000000   424.000000   410.000000  1182.000000   397.000000   236.000000    98.000000    60.000000   558.000000  1407.000000  1837.000000   721.000000   277.000000   283.000000   466.000000   966.000000  2504.000000  2292.000000  2188.000000  1135.000000  2957.000000
   705.958618   252.000000   366.000000   240.000000   333.000000   309.000000   206.000000   311.000000   415.000000   312.000000   266.000000   379.000000   307.000000   218.000000   143.000000   317.000000   254.000000   212.000000   192.000000   228.000000   208.000000   197.000000   108.000000   134.000000   183.000000   287.000000   233.000000   388.000000   302.000000   289.000000   273.000000   231.000000   309.000000   359.000000   181.000000   409.000000   390.000000   378.000000   375.000000   308.000000   245.000000   302.000000   188.000000   277.000000   313.000000   332.000000   243.000000   322.000000   486.000000   326.000000   283.000000   390.000000   409.000000   412.000000  1072.000000   420.000000   265.000000    98.000000    48.000000   497.000000  1341.000000  1714.000000   726.000000   291.000000   244.000000   436.000000  1033.000000  2391.000000  2255.000000  2123.000000  1171.000000  2970.000000
   707.271729   240.000000   303.000000   260.000000   394.000000   348.000000   171.000000   276.000000   412.000000   249.000000   251.000000   328.000000   293.000000   161.000000   141.000000   302.000000   251.000000   230.000000   186.000000   218.000000   180.000000   188.000000   118.000000   120.000000   177.000000   240.000000   261.000000   417.000000   315.000000   271.000000   273.000000   228.000000   274.000000   317.000000   178.000000   343.000000   368.000000   383.000000   401.000000   282.000000   248.000000   329.000000   165.000000   258.000000   338.000000   386.000000   335.000000   309.000000   453.000000   320.000000   281.000000   396.000000   431.000000   379.000000  1124.000000   403.000000   225.000000    97.000000    49.000000   539.000000  1367.000000  1756.000000   733.000000   250.000000   239.000000   428.000000   979.000000  2453.000000  2200.000000  2130.000000  1163.000000  2929.000000
   708.585205   240.000000   329.000000   218.000000   346.000000   306.000000   170.000000   327.000000   427.000000   313.000000   256.000000   335.000000   298.000000   202.000000   178.000000   326.000000   257.000000   191.000000   155.000000   231.000000   181.000000   195.000000   105.000000   136.000000   171.000000   276.000000   258.000000   399.000000   285.000000   273.000000   296.000000   230.000000   287.000000   287.000000   191.000000   355.000000   359.000000   391.000000   393.000000   273.000000   234.000000   340.000000   187.000000   265.000000   309.000000   381.000000   261.000000   351.000000   460.000000   326.000000   282.000000   370.000000   407.000000   361.000000  1081.000000   416.000000   227.000000   132.000000    52.000000   476.000000  1412.000000  1635.000000   726.000000   252.000000   258.000000   424.000000  1009.000000  2388.000000  2080.000000  2118.000000  1124.000000  3034.000000
   709.899170   230.000000   330.000000   223.000000   353.000000   289.000000   194.000000   290.000000   356.000000   288.000000   256.000000   338.000000   283.000000   192.000000   174.000000   297.000000   224.000000   249.000000   166.000000   178.000000   197.000000   197.000000   119.000000   129.000000   160.000000   227.000000   248.000000   402.000000   336.000000   282.000000   300.000000   205.000000   275.000000   346.000000   157.000000   334.000000   367.000000   363.000000   396.000000   257.000000   266.000000   330.000000   175.000000   257.000000   322.000000   353.000000   270.000000   319.000000   494.000000   344.000000   287.000000   321.000000   391.000000   361.000000  1017.000000   404.000000   232.000000    63.000000    51.000000   528.000000  1351.000000  1644.000000   698.000000   272.000000   239.000000   411.000000  1010.000000  2299.000000  2164.000000  2112.000000  1127.000000  2806.000000
   711.213684   211.000000   289.000000   209.000000   338.000000   306.000000   183.000000   298.000000   370.000000   304.000000   261.000000   311.000000   290.000000   213.000000   146.000000   312.000000   238.000000   229.000000   145.000000   185.000000   208.000000   200.000000    88.000000   138.000000   177.000000   237.000000   283.000000   394.000000   282.000000   250.000000   304.000000   193.000000   270.000000   311.000000   187.000000   347.000000   388.000000   388.000000   365.000000   260.000000   245.000000   328.000000   197.000000   250.000000   287.000000   332.000000   255.000000   312.000000   468.000000   344.000000   258.000000   349.000000   388.000000   347.000000  1057.000000   343.000000   252.000000    83.000000    57.000000   534.000000  1351.000000  1705.000000   677.000000   256.000000   243.000000   363.000000   933.000000  2299.000000  2014.000000  2010.000000  1111.000000  2906.000000
   712.528625   242.000000   311.000000   210.000000   343.000000   266.000000   201.000000   281.000000   410.000000   362.000000   260.000000   321.000000   288.000000   208.000000   180.000000   256.000000   234.000000   220.000000   210.000000   207.000000   190.000000   181.000000    82.000000   123.000000   151.000000   278.000000   250.000000   397.000000   252.000000   243.000000   250.000000   206.000000   283.000000   304.000000   172.000000   329.000000   360.000000   373.000000   400.000000   274.000000   243.000000   333.000000   173.000000   226.000000   295.000000   329.000000   271.000000   312.000000   427.000000   343.000000   234.000000   326.000000   392.000000   337.000000  1072.000000   380.000000   220.000000   111.000000    70.000000   533.000000  1413.000000  1551.000000   677.000000   255.000000   239.000000   385.000000   918.000000  2299.000000  2012.000000  2108.000000  1003.000000  2806.000000
   713.844116   248.000000   265.000000   222.000000   349.000000   309.000000   191.000000   252.000000   354.000000   275.000000   238.000000   279.000000   261.000000   160.000000   150.000000   280.000000   207.000000   189.000000   166.000000   210.000000   195.000000   214.000000    99.000000   135.000000   129.000000   243.000000   205.000000   355.000000   276.000000   203.000000   253.000000   229.000000   290.000000   305.000000   192.000000   319.000000   370.000000   332.000000   356.000000   226.000000   214.000000   322.000000   167.000000   269.000000   277.000000   387.000000   268.000000   293.000000   400.000000   313.000000   261.000000   366.000000   406.000000   370.000000  1044.000000   372.000000   198.000000    80.000000    39.000000   432.000000  1132.000000  1470.000000   609.000000   238.000000   228.000000   395.000000   906.000000  2227.000000  1933.000000  1905.000000  1058.000000  2820.000000
   715.159973   249.000000   338.000000   264.000000   306.000000   302.000000   176.000000   276.000000   384.000000   281.000000   244.000000   312.000000   255.000000   183.000000   159.000000   300.000000   258.000000   219.000000   178.000000   205.000000   203.000000   161.000000   119.000000   124.000000   165.000000   256.000000   243.000000   310.000000   263.000000   228.000000   278.000000   192.000000   273.000000   307.000000   169.000000   356.000000   317.000000   345.000000   342.000000   246.000000   209.000000   280.000000   206.000000   257.000000   330.000000   324.000000   279.000000   296.000000   402.000000   319.000000   279.000000   309.000000   380.000000   358.000000   996.000000   343.000000   229.000000    86.000000    56.000000   491.000000  1095.000000  1423.000000   635.000000   243.000000   224.000000   396.000000   888.000000  2209.000000  2012.000000  1913.000000  1015.000000  2811.000000
   716.476379   221.000000   300.000000   209.000000   306.000000   295.000000   165.000000   273.000000   360.000000   295.000000   204.000000   268.000000   230.000000   148.000000   161.000000   250.000000   234.000000   224.000000    98.000000   179.000000   178.000000   174.000000    88.000000   112.000000   147.000000   212.000000   207.000000   385.000000   283.000000   258.000000   243.000000   179.000000   265.000000   308.000000   146.000000   312.000000   314.000000   330.000000   343.000000   253.000000   211.000000   347.000000   178.000000   244.000000   329.000000   328.000000   268.000000   286.000000   409.000000   314.000000   237.000000   356.000000   376.000000   344.000000   925.000000   362.000000   211.000000    82.000000    63.000000   489.000000  1176.000000  1309.000000   605.000000   243.000000   250.000000   328.000000   926.000000  2246.000000  1893.000000  1875.000000   958.000000  2625.000000
   717.793274   209.000000   287.000000   196.000000   294.000000   283.000000   178.000000   272.000000   343.000000   279.000000   235.000000   271.000000   275.000000   151.000000   120.000000   267.000000   170.000000   190.000000   156.000000   177.000000   186.000000   168.000000    78.000000   125.000000   158.000000   226.000000   201.000000   371.000000   204.000000   239.000000   259.000000   196.000000   244.000000   348.000000   161.000000   332.000000   321.000000   310.000000   418.000000   257.000000   196.000000   300.000000   165.000000   234.000000   273.000000   309.000000   239.000000   264.000000   431.000000   306.000000   235.000000   329.000000   313.000000   287.000000   918.000000   346.000000   206.000000    88.000000    53.000000   431.000000  1137.000000  1371.000000   566.000000   227.000000   216.000000   339.000000   851.000000  2072.000000  1805.000000  1858.000000   920.000000  2596.000000
   719.110718   244.000000   264.000000   215.000000   315.000000   287.000000   185.000000   249.000000   323.000000   274.000000   239.000000   275.000000   224.000000   142.000000   143.000000   263.000000   216.000000   202.000000   155.000000   183.000000   161.000000   153.000000    73.000000   124.000000   138.000000   222.000000   215.000000   360.000000   260.000000   245.000000   236.000000   161.000000   234.000000   301.000000   140.000000   301.000000   304.000000   351.000000   339.000000   260.000000   207.000000   273.000000   160.000000   244.000000   285.000000   271.000000   259.000000   278.000000   414.000000   305.000000   252.000000   319.000000   371.000000   330.000000   936.000000   387.000000   209.000000    63.000000    53.000000   446.000000  1096.000000  1391.000000   550.000000   277.000000   247.000000   343.000000   877.000000  2061.000000  1633.000000  1828.000000   985.000000  2629.000000
   720.428528   185.000000   296.000000   183.000000   351.000000   248.000000   161.000000   283.000000   348.000000   298.000000   231.000000   292.000000   255.000000   149.000000   149.000000   247.000000   226.000000   180.000000   148.000000   193.000000   179.000000   174.000000   104.000000   114.000000   130.000000   232.000000   192.000000   361.000000   252.000000   221.000000   221.000000   184.000000   234.000000   274.000000   173.000000   310.000000   311.000000   324.000000   347.000000   222.000000   224.000000   315.000000   164.000000   211.000000   271.000000   265.000000   243.000000   269.000000   379.000000   311.000000   248.000000   322.000000   331.000000   299.000000   926.000000   351.000000   161.000000    97.000000    45.000000   404.000000  1039.000000  1238.000000   560.000000   238.000000   207.000000   354.000000   810.000000  2019.000000  1669.000000  1715.000000   913.000000  2643.000000
   721.746826   215.000000   264.000000   196.000000   297.000000   304.000000   166.000000   246.000000   335.000000   257.000000   227.000000   283.000000   210.000000   157.000000   158.000000   202.000000   169.000000   143.000000   130.000000   155.000000   154.000000   180.000000    97.000000   114.000000   165.000000   210.000000   200.000000   300.000000   238.000000   212.000000   205.000000   171.000000   242.000000   240.000000   142.000000   296.000000   309.000000   294.000000   346.000000   233.000000   222.000000   322.000000   161.000000   224.000000   263.000000   290.000000   256.000000   248.000000   391.000000   304.000000   249.000000   340.000000   348.000000   274.000000   931.000000   327.000000   193.000000    93.000000    62.000000   438.000000  1041.000000  1236.000000   587.000000   223.000000   215.000000   351.000000   788.000000  1957.000000  1657.000000  1743.000000   962.000000  2567.000000
   723.065613   201.000000   292.000000   231.000000   260.000000   210.000000   143.000000   265.000000   339.000000   253.000000   195.000000   274.000000   234.000000   175.000000   139.000000   247.000000   227.000000   163.000000   151.000000   172.000000   169.000000   150.000000    91.000000   101.000000   139.000000   204.000000   168.000000   310.000000   207.000000   233.000000   237.000000   182.000000   255.000000   240.000000   158.000000   305.000000   326.000000   295.000000   337.000000   270.000000   250.000000   294.000000   168.000000   263.000000   294.000000   281.000000   267.000000   284.000000   392.000000   345.000000   224.000000   300.000000   362.000000   350.000000   969.000000   312.000000   187.000000    74.000000    61.000000   378.000000   966.000000  1248.000000   542.000000   244.000000   212.000000   353.000000   753.000000  1791.000000  1622.000000  1715.000000   934.000000  2493.000000
   724.384888   226.000000   299.000000   176.000000   277.000000   273.000000   149.000000   233.000000   317.000000   273.000000   220.000000   233.000000   234.000000   154.000000   150.000000   254.000000   228.000000   196.000000   127.000000   187.000000   157.000000   177.000000    53.000000   132.000000   150.000000   217.000000   172.000000   314.000000   206.000000   180.000000   207.000000   144.000000   264.000000   271.000000   130.000000   312.000000   306.000000   338.000000   319.000000   237.000000   211.000000   320.000000   173.000000   249.000000   249.000000   271.000000   250.000000   282.000000   365.000000   290.000000   230.000000   289.000000   331.000000   327.000000   942.000000   331.000000   166.000000   104.000000    54.000000   413.000000   894.000000  1179.000000   528.000000   237.000000   224.000000   303.000000   828.000000  1858.000000  1560.000000  1654.000000   972.000000  2479.000000
   725.704712   192.000000   265.000000   203.000000   236.000000   252.000000   174.000000   211.000000   299.000000   234.000000   243.000000   273.000000   218.000000   162.000000   161.000000   234.000000   179.000000   147.000000   132.000000   170.000000   150.000000   170.000000    85.000000    97.000000   144.000000   222.000000   160.000000   312.000000   253.000000   231.000000   214.000000   201.000000   231.000000   250.000000   123.000000   317.000000   270.000000   330.000000   327.000000   240.000000   215.000000   302.000000   171.000000   220.000000   266.000000   279.000000   241.000000   272.000000   370.000000   279.000000   244.000000   311.000000   341.000000   305.000000   951.000000   320.000000   172.000000    82.000000    42.000000   367.000000   948.000000  1256.000000   505.000000   211.000000   206.000000   261.000000   675.000000  1847.000000  1572.000000  1691.000000   904.000000  2477.000000
   727.024902   189.000000   277.000000   172.000000   304.000000   241.000000   147.000000   231.000000   314.000000   269.000000   213.000000   242.000000   224.000000   131.000000   149.000000   247.000000   178.000000   189.000000   133.000000   171.000000   149.000000   166.000000    86.000000   102.000000   116.000000   234.000000   147.000000   286.000000   256.000000   199.000000   220.000000   193.000000   246.000000   253.000000   150.000000   294.000000   252.000000   324.000000   322.000000   220.000000   199.000000   308.000000   151.000000   198.000000   272.000000   306.000000   225.000000   276.000000   417.000000   308.000000   221.000000   328.000000   328.000000   310.000000   873.000000   341.000000   190.000000    81.000000    45.000000   363.000000   903.000000  1190.000000   518.000000   212.000000   235.000000   329.000000   764.000000  1798.000000  1536.000000  1602.000000   913.000000  2405.000000
   728.345581   164.000000   276.000000   195.000000   262.000000   250.000000   174.000000   210.000000   303.000000   266.000000   186.000000   239.000000   215.000000   135.000000   120.000000   235.000000   194.000000   168.000000   147.000000   166.000000   158.000000   144.000000    84.000000   101.000000   131.000000   208.000000   166.000000   277.000000   249.000000   218.000000   200.000000   166.000000   228.000000   245.000000   147.000000   270.000000   271.000000   347.000000   317.000000   223.000000   204.000000   324.000000   150.000000   192.000000   257.000000   251.000000   208.000000   294.000000   380.000000   289.000000   217.000000   351.000000   346.000000   299.000000   890.000000   286.000000   178.000000    69.000000    48.000000   388.000000   991.000000  1104.000000   500.000000   201.000000   190.000000   315.000000   715.000000  1754.000000  1466.000000  1601.000000   894.000000  2290.000000
   729.666687   157.000000   252.000000   191.000000   247.000000   257.000000   172.000000   207.000000   245.000000   244.000000   202.000000   234.000000   227.000000   125.000000   146.000000   236.000000   175.000000   229.000000   148.000000   160.000000   154.000000   182.000000   111.000000   114.000000   167.000000   201.000000   161.000000   280.000000   233.000000   229.000000   246.000000   165.000000   219.000000   219.000000   129.000000   310.000000   301.000000   328.000000   302.000000   214.000000   206.000000   306.000000   131.000000   181.000000   304.000000   272.000000   248.000000   268.000000   320.000000   293.000000   201.000000   326.000000   354.000000   263.000000   859.000000   308.000000   152.000000    93.000000    76.000000   418.000000   872.000000  1162.000000   472.000000   217.000000   174.000000   342.000000   741.000000  1741.000000  1500.000000  1485.000000   853.000000  2288.000000
   730.988525   197.000000   287.000000   198.000000   261.000000   261.000000   117.000000   220.000000   290.000000   267.000000   191.000000   222.000000   221.000000   153.000000   129.000000   250.000000   163.000000   181.000000   138.000000   147.000000   176.000000   174.000000    63.000000    97.000000   164.000000   195.000000   183.000000   275.000000   191.000000   178.000000   190.000000   165.000000   202.000000   230.000000   156.000000   223.000000   299.000000   327.000000   308.000000   200.000000   192.000000   313.000000   180.000000   194.000000   249.000000   236.000000   255.000000   242.000000   353.000000   265.000000   233.000000   307.000000   353.000000   261.000000   886.000000   286.000000   170.000000    52.000000    49.000000   372.000000   844.000000  1007.000000   443.000000   243.000000   229.000000   292.000000   715.000000  1744.000000  1417.000000  1501.000000   873.000000  2336.000000
   732.310730   169.000000   264.000000   190.000000   265.000000   218.000000   130.000000   217.000000   301.000000   235.000000   184.000000   217.000000   177.000000   112.000000    98.000000   212.000000   178.000000   148.000000   129.000000   155.000000   166.000000   158.000000    43.000000    78.000000   127.000000   201.000000   141.000000   292.000000   232.000000   202.000000   187.000000   139.000000   206.000000   200.000000   132.000000   292.000000   308.000000   309.000000   302.000000   193.000000   184.000000   305.000000   150.000000   219.000000   245.000000   232.000000   235.000000   207.000000   341.000000   283.000000   203.000000   307.000000   319.000000   273.000000   856.000000   270.000000   178.000000    91.000000    56.000000   387.000000   874.000000  1097.000000   498.000000   195.000000   191.000000   305.000000   657.000000  1630.000000  1457.000000  1521.000000   875.000000  2315.000000
   733.633301   167.000000   215.000000   184.000000   248.000000   230.000000   154.000000   232.000000   296.000000   193.000000   178.000000   214.000000   205.000000   121.000000   122.000000   242.000000   186.000000   121.000000   125.000000   187.000000   160.000000   144.000000    38.000000    97.000000   130.000000   200.000000   202.000000   301.000000   186.000000   192.000000   208.000000   156.000000   178.000000   224.000000   117.000000   288.000000   287.000000   310.000000   264.000000   215.000000   184.000000   315.000000   155.000000   200.000000   249.000000   256.000000   231.000000   208.000000   356.000000   275.000000   198.000000   314.000000   340.000000   258.000000   811.000000   296.000000   153.000000   101.000000    33.000000   392.000000   821.000000  1046.000000   527.000000   194.000000   205.000000   314.000000   735.000000  1620.000000  1303.000000  1466.000000   840.000000  2335.000000
   734.956421   170.000000   264.000000   179.000000   239.000000   289.000000   133.000000   214.000000   232.000000   225.000000   208.000000   214.000000   206.000000   142.000000   113.000000   210.000000   153.000000   161.000000   134.000000   146.000000   150.000000   138.000000    59.000000    67.000000   115.000000   165.000000   154.000000   247.000000   200.000000   156.000000   197.000000   121.000000   213.000000   232.000000   129.000000   269.000000   269.000000   297.000000   278.000000   200.000000   188.000000   281.000000   132.000000   188.000000   254.000000   308.000000   238.000000   237.000000   342.000000   263.000000   203.000000   323.000000   343.000000   325.000000   846.000000   249.000000   161.000000    82.000000    37.000000   337.000000   799.000000   936.000000   444.000000   181.000000   166.000000   281.000000   639.000000  1576.000000  1289.000000  1425.000000   822.000000  2147.000000
   736.280029   145.000000   235.000000   170.000000   232.000000   252.000000   124.000000   185.000000   252.000000   241.000000   185.000000   202.000000   221.000000   139.000000   141.000000   189.000000   155.000000   158.000000   125.000000   161.000000   155.000000   136.000000    52.000000    88.000000   110.000000   173.000000   158.000000   240.000000   230.000000   188.000000   185.000000   158.000000   210.000000   230.000000   137.000000   256.000000   228.000000   299.000000   260.000000   197.000000   217.000000   265.000000   168.000000   160.000000   227.000000   245.000000   189.000000   247.000000   341.000000   251.000000   218.000000   308.000000   295.000000   280.000000   820.000000   252.000000   168.000000    91.000000    44.000000   337.000000   815.000000   975.000000   416.000000   185.000000   200.000000   301.000000   638.000000  1492.000000  1211.000000  1378.000000   816.000000  2159.000000
   737.604126   156.000000   241.000000   152.000000   244.000000   264.000000   153.000000   207.000000   266.000000   242.000000   195.000000   212.000000   174.000000   118.000000   119.000000   195.000000   164.000000   175.000000   127.000000   131.000000   158.000000   143.000000    68.000000    62.000000   155.000000   149.000000   132.000000   235.000000   225.000000   187.000000   171.000000   114.000000   240.000000   192.000000   130.000000   277.000000   211.000000   295.000000   272.000000   179.000000   187.000000   285.000000   156.000000   193.000000   245.000000   220.000000   227.000000   242.000000   330.000000   285.000000   175.000000   293.000000   308.000000   260.000000   790.000000   241.000000   133.000000    84.000000    31.000000   356.000000   782.000000   931.000000   405.000000   168.000000   196.000000   271.000000   622.000000  1458.000000  1199.000000  1299.000000   785.000000  2146.000000
   738.928589   170.000000   248.000000   210.000000   244.000000   206.000000   130.000000   203.000000   265.000000   219.000000   178.000000   211.000000   219.000000   113.000000   112.000000   178.000000   173.000000   131.000000   134.000000   139.000000   144.000000   138.000000    83.000000    94.000000    93.000000   165.000000   133.000000   215.000000   166.000000   194.000000   182.000000   120.000000   181.000000   193.000000   116.000000   270.000000   258.000000   308.000000   238.000000   194.000000   191.000000   260.000000   129.000000   193.000000   254.000000   223.000000   219.000000   245.000000   288.000000   263.000000   191.000000   239.000000   304.000000   263.000000   751.000000   271.000000   158.000000    79.000000    38.000000   350.000000   760.000000   971.000000   415.000000   181.000000   165.000000   267.000000   622.000000  1449.000000  1129.000000  1337.000000   781.000000  2023.000000
   740.253723   119.000000   270.000000   144.000000   261.000000   219.000000   137.000000   204.000000   258.000000   242.000000   171.000000   210.000000   174.000000   119.000000   100.000000   206.000000   154.000000   166.000000   129.000000   108.000000   134.000000   117.000000    63.000000   107.000000   104.000000   174.000000   134.000000   211.000000   199.000000   162.000000   177.000000   144.000000   181.000000   204.000000   110.000000   261.000000   258.000000   258.000000   255.000000   157.000000   129.000000   302.000000   143.000000   146.000000   217.000000   230.000000   195.000000   250.000000   298.000000   265.000000   197.000000   290.000000   274.000000   263.000000   793.000000   259.000000   163.000000    61.000000    52.000000   354.000000   703.000000   905.000000   436.000000   203.000000   182.000000   269.000000   617.000000  1396.000000  1092.000000  1304.000000   776.000000  2025.000000
   741.579224   135.000000   236.000000   185.000000   180.000000   225.000000   132.000000   183.000000   279.000000   198.000000   166.000000   178.000000   161.000000   128.000000   114.000000   226.000000   116.000000   126.000000   133.000000   130.000000   131.000000   144.000000    69.000000    90.000000   102.000000   162.000000   133.000000   239.000000   153.000000   164.000000   179.000000   117.000000   184.000000   204.000000    82.000000   228.000000   241.000000   285.000000   251.000000   188.000000   147.000000   277.000000   127.000000   160.000000   214.000000   255.000000   218.000000   193.000000   298.000000   220.000000   188.000000   334.000000   302.000000   261.000000   755.000000   262.000000   141.000000    68.000000    37.000000   336.000000   698.000000   872.000000   417.000000   160.000000   197.000000   292.000000   594.000000  1383.000000  1159.000000  1234.000000   825.000000  1995.000000
   742.905212   149.000000   229.000000   127.000000   236.000000   171.000000   108.000000   185.000000   211.000000   207.000000   178.000000   188.000000   156.000000   113.000000   149.000000   194.000000   119.000000   155.000000   120.000000   115.000000   134.000000   131.000000    85.000000    87.000000   140.000000   155.000000   119.000000   204.000000   161.000000   171.000000   172.000000   131.000000   180.000000   180.000000   111.000000   258.000000   245.000000   270.000000   224.000000   191.000000   145.000000   298.000000   143.000000   145.000000   198.000000   213.000000   201.000000   208.000000   318.000000   219.000000   185.000000   263.000000   292.000000   235.000000   740.000000   238.000000   148.000000    62.000000    20.000000   308.000000   663.000000   822.000000   423.000000   169.000000   190.000000   251.000000   580.000000  1377.000000  1136.000000  1282.000000   770.000000  1981.000000
   744.231689   151.000000   214.000000   158.000000   227.000000   216.000000   118.000000   161.000000   228.000000   234.000000   173.000000   193.000000   173.000000   111.000000    80.000000   183.000000   144.000000   126.000000   114.000000   148.000000   142.000000   100.000000    56.000000    84.000000    97.000000   155.000000   140.000000   190.000000   184.000000   174.000000   180.000000   140.000000   165.000000   174.000000   111.000000   230.000000   230.000000   274.000000   225.000000   190.000000   146.000000   283.000000   167.000000   166.000000   212.000000   218.000000   186.000000   202.000000   306.000000   247.000000   166.000000   257.000000   261.000000   269.000000   699.000000   215.000000   141.000000    65.000000    41.000000   308.000000   616.000000   770.000000   417.000000   154.000000   167.000000   225.000000   623.000000  1349.000000  1087.000000  1245.000000   753.000000  1908.000000
   745.558716   133.000000   173.000000   126.000000   211.000000   195.000000   136.000000   195.000000   222.000000   170.000000   170.000000   177.000000   143.000000   115.000000   128.000000   165.000000   144.000000   168.000000   127.000000   113.000000   132.000000   130.000000    36.000000    91.000000   139.000000   142.000000   142.000000   200.000000   159.000000   183.000000   178.000000   162.000000   160.000000   172.000000   120.000000   234.000000   218.000000   271.000000   191.000000   173.000000   180.000000   282.000000   103.000000   142.000000   242.000000   205.000000   177.000000   245.000000   302.000000   246.000000   169.000000   258.000000   265.000000   233.000000   664.000000   231.000000   127.000000    72.000000    51.000000   274.000000   677.000000   775.000000   370.000000   174.000000   160.000000   225.000000   571.000000  1301.000000  1060.000000  1259.000000   703.000000  1803.000000
   746.886108   119.000000   208.000000   151.000000   205.000000   204.000000   110.000000   150.000000   217.000000   206.000000   165.000000   201.000000   149.000000   130.000000    83.000000   160.000000   165.000000   129.000000   128.000000   142.000000   147.000000   109.000000    49.000000    83.000000   115.000000   113.000000   137.000000   196.000000   162.000000   161.000000   135.000000   117.000000   199.000000   180.000000   111.000000   233.000000   218.000000   271.000000   200.000000   137.000000   130.000000   261.000000   134.000000   132.000000   211.000000   195.000000   160.000000   199.000000   257.000000   218.000000   161.000000   267.000000   286.000000   245.000000   628.000000   195.000000   133.000000    68.000000    26.000000   289.000000   579.000000   728.000000   404.000000   148.000000   166.000000   219.000000   518.000000  1221.000000   992.000000  1152.000000   709.000000  1766.000000
   748.213989   115.000000   221.000000   150.000000   197.000000   166.000000   114.000000   178.000000   219.000000   201.000000   155.000000   163.000000   149.000000   113.000000    90.000000   143.000000   172.000000   122.000000   102.000000   119.000000   113.000000   115.000000    57.000000    58.000000   112.000000   154.000000    99.000000   202.000000   185.000000   160.000000   158.000000   122.000000   184.000000   158.000000   104.000000   227.000000   235.000000   250.000000   208.000000   165.000000   132.000000   248.000000   155.000000   167.000000   202.000000   208.000000   182.000000   173.000000   285.000000   228.000000   150.000000   257.000000   275.000000   238.000000   663.000000   189.000000   139.000000    71.000000    19.000000   268.000000   583.000000   779.000000   328.000000   161.000000   158.000000   220.000000   556.000000  1167.000000  1002.000000  1114.000000   659.000000  1773.000000
   749.542419   108.000000   193.000000   130.000000   218.000000   171.000000   132.000000   153.000000   178.000000   213.000000   130.000000   158.000000   130.000000    72.000000    84.000000   126.000000   143.000000   114.000000   103.000000   144.000000   104.000000   105.000000    41.000000    78.000000    87.000000   106.000000   104.000000   174.000000   135.000000   153.000000   145.000000   110.000000   167.000000   125.000000    75.000000   218.000000   195.000000   231.000000   212.000000   144.000000   138.000000   242.000000   142.000000   138.000000   176.000000   174.000000   163.000000   212.000000   253.000000   208.000000   131.000000   259.000000   262.000000   218.000000   660.000000   222.000000   114.000000    59.000000    38.000000   232.000000   571.000000   694.000000   321.000000   132.000000   149.000000   230.000000   460.000000  1158.000000  1042.000000  1137.000000   677.000000  1609.000000
   750.871277   102.000000   172.000000   129.000000   181.000000   164.000000    87.000000   151.000000   197.000000   184.000000   143.000000   151.000000   145.000000   117.000000    97.000000   153.000000   123.000000   124.000000   114.000000   112.000000   100.000000    81.000000    50.000000    74.000000   106.000000   114.000000   123.000000   186.000000   142.000000   153.000000   146.000000    98.000000   175.000000   131.000000    80.000000   182.000000   204.000000   202.000000   198.000000   158.000000   131.000000   249.000000   118.000000   136.000000   191.000000   191.000000   152.000000   189.000000   269.000000   201.000000   167.000000   251.000000   249.000000   209.000000   616.000000   188.000000   112.000000    35.000000    28.000000   279.000000   591.000000   693.000000   350.000000   141.000000   151.000000   242.000000   478.000000  1124.000000   995.000000  1033.000000   616.000000  1585.000000
   752.200623   132.000000   195.000000   148.000000   175.000000   168.000000   121.000000   165.000000   203.000000   192.000000   137.000000   125.000000   129.000000   100.000000   110.000000   140.000000   111.000000   110.000000    77.000000   120.000000   117.000000   101.000000    41.000000    68.000000   101.000000   127.000000   133.000000   147.000000   164.000000   138.000000   141.000000   111.000000   171.000000   132.000000    94.000000   200.000000   206.000000   238.000000   213.000000   169.000000   129.000000   245.000000   100.000000   149.000000   178.000000   199.000000   168.000000   184.000000   236.000000   224.000000   163.000000   227.000000   226.000000   224.000000   595.000000   211.000000   127.000000    63.000000    41.000000   250.000000   561.000000   669.000000   344.000000   167.000000   128.000000   215.000000   460.000000  1144.000000   925.000000  1013.000000   603.000000  1616.000000
   753.530518   143.000000   195.000000   114.000000   181.000000   180.000000   107.000000   123.000000   174.000000   175.000000   157.000000   140.000000   129.000000   107.000000   106.000000   147.000000   126.000000   124.000000    83.000000   107.000000   114.000000   105.000000    63.000000    83.000000    83.000000   141.000000   113.000000   179.000000   142.000000   146.000000   101.000000   124.000000   165.000000   134.000000    84.000000   211.000000   194.000000   217.000000   250.000000   169.000000   122.000000   241.000000   114.000000   113.000000   193.000000   203.000000   178.000000   187.000000   284.000000   221.000000   139.000000   215.000000   239.000000   218.000000   588.000000   174.000000    97.000000    59.000000    32.000000   255.000000   503.000000   664.000000   328.000000   148.000000   118.000000   217.000000   436.000000  1104.000000   864.000000   987.000000   556.000000  1517.000000
   754.860779   104.000000   173.000000   114.000000   182.000000   170.000000   100.000000   160.000000   165.000000   168.000000   128.000000   129.000000   134.000000   106.000000   103.000000   140.000000   132.000000   110.000000    88.000000   134.000000   130.000000   103.000000    59.000000    61.000000    91.000000   119.000000   119.000000   182.000000   139.000000   136.000000   115.000000    80.000000   137.000000   122.000000    91.000000   185.000000   194.000000   207.000000   254.000000   142.000000   149.000000   228.000000   139.000000   140.000000   188.000000   149.000000   170.000000   179.000000   250.000000   201.000000   199.000000   215.000000   244.000000   250.000000   630.000000   149.000000    97.000000    51.000000    27.000000   235.000000   500.000000   613.000000   333.000000   156.000000   159.000000   206.000000   459.000000  1015.000000   875.000000   995.000000   612.000000  1539.000000
   756.191589    94.000000   190.000000   121.000000   187.000000   152.000000   107.000000   157.000000   186.000000   149.000000   125.000000   157.000000   135.000000    87.000000   103.000000   122.000000   120.000000   122.000000    86.000000   109.000000   129.000000    87.000000    39.000000    57.000000    97.000000   109.000000    94.000000   185.000000   155.000000   129.000000   113.000000   102.000000   131.000000   114.000000    92.000000   141.000000   183.000000   152.000000   224.000000   140.000000   139.000000   245.000000   136.000000   114.000000   204.000000   170.000000   161.000000   158.000000   213.000000   178.000000   125.000000   224.000000   237.000000   242.000000   654.000000   175.000000    88.000000    35.000000    24.000000   215.000000   464.000000   575.000000   311.000000   136.000000   124.000000   220.000000   388.000000   973.000000   833.000000   986.000000   595.000000  1518.000000
   757.522888   120.000000   180.000000   122.000000   160.000000   159.000000   110.000000   133.000000   194.000000   158.000000   132.000000   103.000000   127.000000   100.000000    82.000000   128.000000   111.000000   120.000000   113.000000   111.000000   118.000000   103.000000    33.000000    52.000000    78.000000    93.000000   113.000000   149.000000   103.000000   142.000000   102.000000   113.000000   165.000000   152.000000    91.000000   187.000000   206.000000   230.000000   190.000000   138.000000   118.000000   233.000000   140.000000   149.000000   193.000000   192.000000   153.000000   187.000000   241.000000   184.000000   132.000000   214.000000   230.000000   212.000000   622.000000   173.000000    91.000000    47.000000    25.000000   235.000000   452.000000   627.000000   284.000000   143.000000   140.000000   207.000000   448.000000   965.000000   844.000000   898.000000   579.000000  1461.000000
   758.854614    88.000000   182.000000   116.000000   182.000000   157.000000    87.000000   133.000000   187.000000   170.000000   112.000000   133.000000   136.000000   107.000000    86.000000   133.000000   107.000000    96.000000    84.000000   100.000000   110.000000   110.000000    64.000000    60.000000   113.000000   118.000000   103.000000   166.000000   124.000000   114.000000    95.000000   101.000000   166.000000   122.000000    89.000000   200.000000   185.000000   229.000000   185.000000   115.000000   127.000000   241.000000   104.000000   111.000000   167.000000   187.000000   154.000000   160.000000   258.000000   207.000000   149.000000   200.000000   240.000000   215.000000   564.000000   183.000000    72.000000    80.000000    33.000000   201.000000   442.000000   530.000000   322.000000   129.000000   135.000000   167.000000   416.000000   934.000000   798.000000   923.000000   522.000000  1394.000000
   760.186890    69.000000   176.000000   118.000000   174.000000   147.000000   107.000000   139.000000   165.000000   142.000000   112.000000   128.000000   125.000000    98.000000    53.000000   136.000000   120.000000    91.000000    86.000000    95.000000   110.000000    64.000000    65.000000    52.000000    79.000000    98.000000   116.000000   136.000000   149.000000   126.000000   139.000000    68.000000   146.000000   148.000000    78.000000   197.000000   194.000000   175.000000   182.000000   144.000000   143.000000   230.000000   102.000000   123.000000   167.000000   148.000000   157.000000   149.000000   248.000000   157.000000   156.000000   192.000000   239.000000   228.000000   573.000000   205.000000    96.000000    56.000000    33.000000   228.000000   439.000000   535.000000   290.000000   133.000000   126.000000   196.000000   431.000000   920.000000   728.000000   970.000000   528.000000  1313.000000
   761.519592    78.000000   178.000000   119.000000   161.000000   143.000000   101.000000   126.000000   156.000000   144.000000   118.000000   112.000000   139.000000   104.000000    92.000000   122.000000   123.000000   105.000000    74.000000    95.000000    66.000000    91.000000    64.000000    68.000000    88.000000    77.000000    89.000000   117.000000   160.000000   158.000000   115.000000   107.000000   154.000000   107.000000    66.000000   168.000000   159.000000   212.000000   188.000000   128.000000   111.000000   241.000000   102.000000   117.000000   172.000000   160.000000   166.000000   160.000000   262.000000   183.000000   113.000000   220.000000   230.000000   185.000000   565.000000   175.000000    91.000000    45.000000    48.000000   210.000000   429.000000   562.000000   257.000000   136.000000   116.000000   193.000000   414.000000   944.000000   711.000000   861.000000   533.000000  1347.000000
   762.852783   107.000000   176.000000    92.000000   141.000000   142.000000   112.000000   158.000000   200.000000   142.000000   101.000000   143.000000   128.000000    88.000000    71.000000   140.000000    88.000000    98.000000    88.000000   106.000000    94.000000    92.000000    31.000000    61.000000    89.000000   112.000000   113.000000   155.000000   155.000000   138.000000    94.000000   102.000000   139.000000   141.000000    76.000000   189.000000   157.000000   199.000000   175.000000   149.000000   107.000000   225.000000   104.000000   113.000000   184.000000   166.000000   159.000000   169.000000   212.000000   181.000000   141.000000   225.000000   251.000000   203.000000   525.000000   147.000000    88.000000    41.000000    49.000000   241.000000   386.000000   564.000000   246.000000   135.000000   131.000000   196.000000   443.000000   884.000000   758.000000   843.000000   534.000000  1302.000000
   764.186523    76.000000   172.000000   124.000000   184.000000   125.000000    95.000000   151.000000   169.000000   129.000000   102.000000   129.000000   143.000000   102.000000    77.000000   116.000000   121.000000   106.000000    85.000000    99.000000   107.000000    93.000000    50.000000    48.000000    58.000000   108.000000    87.000000   127.000000   157.000000   120.000000   108.000000   132.000000   145.000000   121.000000    93.000000   193.000000   155.000000   200.000000   179.000000   115.000000   130.000000   209.000000    96.000000   140.000000   172.000000   154.000000   154.000000   175.000000   203.000000   196.000000   155.000000   167.000000   274.000000   176.000000   598.000000   154.000000    94.000000    41.000000    37.000000   213.000000   363.000000   563.000000   248.000000   147.000000   128.000000   185.000000   419.000000   881.000000   705.000000   871.000000   529.000000  1327.000000
   765.520630    98.000000   172.000000   115.000000   144.000000   129.000000    81.000000   121.000000   165.000000   124.000000    84.000000   128.000000   126.000000    94.000000    75.000000   128.000000   124.000000   129.000000    82.000000    73.000000    97.000000    84.000000    36.000000    67.000000    83.000000   113.000000    96.000000   136.000000   132.000000   136.000000   102.000000    77.000000   122.000000   123.000000    69.000000   186.000000   174.000000   215.000000   190.000000   110.000000   121.000000   229.000000   107.000000   113.000000   188.000000   136.000000   133.000000   188.000000   246.000000   177.000000   172.000000   226.000000   225.000000   245.000000   566.000000   159.000000    91.000000    59.000000    31.000000   194.000000   377.000000   557.000000   274.000000   160.000000   149.000000   174.000000   412.000000   891.000000   687.000000   754.000000   508.000000  1332.000000
   766.855286    94.000000   171.000000   115.000000   146.000000   153.000000    78.000000   132.000000   175.000000   151.000000   107.000000   114.000000   130.000000    68.000000    92.000000   147.000000    83.000000   109.000000    66.000000    68.000000    98.000000    61.000000    32.000000    62.000000    83.000000    91.000000    85.000000   133.000000   141.000000   133.000000    83.000000    96.000000   150.000000   131.000000    68.000000   168.000000   172.000000   232.000000   177.000000   128.000000   123.000000   241.000000   125.000000   151.000000   159.000000   184.000000   138.000000   125.000000   240.000000   185.000000   133.000000   221.000000   194.000000   166.000000   563.000000   161.000000    65.000000    49.000000    24.000000   179.000000   403.000000   486.000000   249.000000   140.000000    99.000000   214.000000   375.000000   846.000000   719.000000   803.000000   492.000000  1266.000000
   768.190430    93.000000   147.000000   100.000000   158.000000   126.000000    90.000000   148.000000   118.000000   141.000000    95.000000   127.000000   120.000000    97.000000    84.000000   107.000000    99.000000    86.000000    82.000000   109.000000    84.000000    77.000000    65.000000    82.000000    75.000000    63.000000    70.000000   125.000000   105.000000    93.000000   115.000000   112.000000   138.000000   112.000000    47.000000   156.000000   188.000000   188.000000   183.000000   131.000000   146.000000   224.000000    91.000000   117.000000   144.000000   136.000000   128.000000   143.000000   211.000000   178.000000   150.000000   187.000000   229.000000   229.000000   558.000000   165.000000    74.000000    42.000000    21.000000   215.000000   337.000000   493.000000   238.000000   120.000000   111.000000   199.000000   351.000000   770.000000   681.000000   832.000000   503.000000  1271.000000
   769.526001    87.000000   151.000000    95.000000   173.000000   144.000000   105.000000   129.000000   158.000000   128.000000   121.000000   106.000000   109.000000   104.000000    79.000000   134.000000    90.000000    79.000000    81.000000    79.000000    91.000000    84.000000    47.000000    56.000000    77.000000   102.000000    72.000000   131.000000   116.000000   117.000000    68.000000    84.000000   154.000000    87.000000    74.000000   141.000000   140.000000   196.000000   165.000000   130.000000   137.000000   206.000000   114.000000   114.000000   173.000000   174.000000   137.000000   153.000000   201.000000   169.000000   127.000000   225.000000   218.000000   178.000000   534.000000   149.000000    74.000000    36.000000    32.000000   199.000000   378.000000   470.000000   268.000000   118.000000   102.000000   196.000000   334.000000   832.000000   650.000000   796.000000   485.000000  1230.000000
   770.862122    68.000000   122.000000   109.000000   128.000000   131.000000    91.000000   135.000000   117.000000   118.000000   114.000000    83.000000   125.000000   103.000000    78.000000   137.000000   124.000000   100.000000    81.000000    91.000000    92.000000    80.000000    30.000000    52.000000    74.000000   105.000000    85.000000   106.000000   113.000000   114.000000   130.000000    85.000000   140.000000    99.000000    65.000000   157.000000   133.000000   173.000000   167.000000   133.000000    97.000000   182.000000    97.000000   132.000000   187.000000   156.000000   120.000000   122.000000   210.000000   179.000000   138.000000   195.000000   193.000000   168.000000   581.000000   160.000000    66.000000    40.000000    26.000000   196.000000   354.000000   489.000000   248.000000   107.000000   104.000000   179.000000   344.000000   822.000000   638.000000   732.000000   501.000000  1220.000000
   772.198608    67.000000   130.000000    86.000000   157.000000   135.000000    91.000000   113.000000   147.000000   127.000000   124.000000   128.000000    95.000000   102.000000    98.000000   123.000000   123.000000   101.000000    64.000000   101.000000    95.000000    78.000000    42.000000    34.000000    74.000000    89.000000    98.000000   113.000000   108.000000   161.000000    80.000000    69.000000   146.000000   132.000000    81.000000   167.000000   145.000000   198.000000   145.000000    92.000000    96.000000   228.000000   109.000000   105.000000   178.000000   125.000000   135.000000   134.000000   203.000000   178.000000   120.000000   205.000000   207.000000   201.000000   496.000000   145.000000    63.000000    44.000000    29.000000   210.000000   351.000000   472.000000   238.000000   115.000000    96.000000   147.000000   344.000000   746.000000   609.000000   837.000000   477.000000  1140.000000
   773.535583    80.000000   115.000000    92.000000   134.000000   119.000000    71.000000   115.000000   168.000000   141.000000    82.000000    89.000000    99.000000    79.000000    84.000000   132.000000    85.000000   102.000000    73.000000    59.000000    81.000000    70.000000    25.000000    75.000000    91.000000    97.000000    68.000000   101.000000   117.000000   119.000000    68.000000    76.000000   121.000000   135.000000    65.000000   130.000000   139.000000   189.000000   154.000000   108.000000   102.000000   188.000000   107.000000   136.000000   153.000000   140.000000   124.000000   141.000000   198.000000   179.000000   102.000000   165.000000   186.000000   168.000000   498.000000   132.000000    67.000000    39.000000    37.000000   169.000000   383.000000   449.000000   260.000000   123.000000   117.000000   203.000000   349.000000   778.000000   654.000000   792.000000   455.000000  1166.000000
   774.873230    67.000000   163.000000    97.000000   112.000000   113.000000    78.000000   135.000000   124.000000   143.000000    57.000000    98.000000    76.000000    72.000000    71.000000   113.000000    89.000000    98.000000    86.000000    62.000000   113.000000    48.000000    39.000000    48.000000   110.000000    89.000000    81.000000   100.000000   125.000000    95.000000    68.000000    96.000000   127.000000   117.000000    76.000000   132.000000   124.000000   160.000000   119.000000   136.000000    92.000000   201.000000    96.000000    93.000000   153.000000   110.000000   115.000000   139.000000   186.000000   183.000000   132.000000   162.000000   195.000000   166.000000   493.000000   128.000000    64.000000    38.000000    14.000000   174.000000   351.000000   424.000000   235.000000   134.000000   118.000000   176.000000   311.000000   756.000000   613.000000   734.000000   423.000000  1165.000000
   776.211182    56.000000   103.000000   107.000000   124.000000   140.000000    69.000000   150.000000   131.000000   115.000000   112.000000   124.000000    98.000000    77.000000    82.000000   104.000000    93.000000    80.000000    76.000000    89.000000   101.000000    73.000000    42.000000    75.000000    59.000000    88.000000    80.000000   114.000000   100.000000   109.000000    69.000000   101.000000   130.000000   121.000000    59.000000   137.000000   152.000000   183.000000   146.000000   113.000000   110.000000   171.000000    94.000000   109.000000   140.000000   150.000000    99.000000   134.000000   195.000000   171.000000   105.000000   198.000000   195.000000   189.000000   538.000000   136.000000    65.000000    30.000000    24.000000   177.000000   361.000000   474.000000   221.000000   143.000000   105.000000   174.000000   310.000000   742.000000   591.000000   662.000000   472.000000  1093.000000
   777.549683    58.000000   121.000000    78.000000   141.000000   102.000000   100.000000   124.000000   135.000000   150.000000    84.000000    84.000000    97.000000    63.000000    53.000000    96.000000    91.000000    98.000000    58.000000    89.000000    72.000000    72.000000    36.000000    60.000000    66.000000    66.000000    89.000000   115.000000    96.000000    91.000000   104.000000    62.000000   111.000000    86.000000    62.000000   127.000000   118.000000   150.000000   141.000000   129.000000   118.000000   191.000000   107.000000   105.000000   153.000000   120.000000   120.000000   104.000000   172.000000   143.000000   107.000000   136.000000   227.000000   195.000000   497.000000   145.000000    69.000000    46.000000    39.000000   159.000000   312.000000   420.000000   239.000000   112.000000   105.000000   166.000000   315.000000   666.000000   562.000000   706.000000   421.000000  1096.000000
   778.888672    84.000000   128.000000    80.000000   152.000000   109.000000    63.000000   114.000000   126.000000   132.000000    87.000000   102.000000   107.000000    83.000000    73.000000    55.000000    93.000000    83.000000    58.000000    90.000000    82.000000    69.000000    34.000000    55.000000    65.000000    70.000000    77.000000    93.000000   108.000000    94.000000    84.000000    80.000000   128.000000   101.000000    50.000000   110.000000   109.000000   151.000000   141.000000    96.000000   108.000000   199.000000   102.000000   104.000000   121.000000   148.000000   123.000000   129.000000   190.000000   148.000000    94.000000   183.000000   196.000000   173.000000   473.000000   124.000000    76.000000    33.000000    39.000000   173.000000   294.000000   405.000000   224.000000   115.000000    75.000000   186.000000   320.000000   709.000000   538.000000   671.000000   422.000000  1013.000000
   780.228088    78.000000   145.000000    97.000000   123.000000   127.000000    68.000000    78.000000   137.000000   122.000000    88.000000    74.000000    82.000000    75.000000    63.000000    62.000000    78.000000    85.000000    60.000000    94.000000   108.000000    84.000000    41.000000    50.000000    66.000000    63.000000    86.000000   120.000000    96.000000    95.000000    79.000000    85.000000   103.000000    96.000000    52.000000   120.000000   137.000000   166.000000   157.000000   107.000000    72.000000   168.000000    68.000000    88.000000   151.000000   126.000000   110.000000   107.000000   195.000000   130.000000    88.000000   149.000000   201.000000   187.000000   471.000000   121.000000    84.000000    42.000000    34.000000   182.000000   329.000000   382.000000   218.000000   100.000000   116.000000   169.000000   297.000000   671.000000   517.000000   674.000000   416.000000  1084.000000
   781.567993    53.000000   101.000000    95.000000   123.000000   121.000000    56.000000   116.000000   106.000000   105.000000    80.000000    93.000000   104.000000    40.000000    66.000000   103.000000    67.000000    76.000000    70.000000    44.000000    81.000000    52.000000    45.000000    42.000000    67.000000    95.000000    80.000000   111.000000   111.000000    79.000000    75.000000    77.000000   113.000000    72.000000    68.000000   122.000000   130.000000   186.000000   139.000000   126.000000    92.000000   210.000000    82.000000   106.000000   139.000000   121.000000   110.000000   155.000000   179.000000   128.000000   100.000000   153.000000   176.000000   199.000000   472.000000   104.000000    60.000000    22.000000    27.000000   181.000000   297.000000   442.000000   220.000000    96.000000   106.000000   121.000000   296.000000   643.000000   574.000000   607.000000   348.000000  1043.000000
   782.908386    58.000000   132.000000    94.000000   118.000000   141.000000    71.000000    87.000000   119.000000   109.000000    73.000000   116.000000    95.000000    93.000000    73.000000    66.000000    75.000000    80.000000    84.000000    77.000000    77.000000    70.000000    36.000000    36.000000    71.000000    85.000000    76.000000    80.000000   101.000000    74.000000    80.000000    66.000000   113.000000    94.000000    55.000000   108.000000   136.000000   172.000000   146.000000   109.000000    98.000000   186.000000    90.000000   108.000000   179.000000   133.000000   122.000000   103.000000   152.000000   139.000000   110.000000   194.000000   167.000000   161.000000   423.000000   128.000000    53.000000    47.000000     3.000000   159.000000   304.000000   351.000000   194.000000   131.000000   108.000000   160.000000   290.000000   640.000000   482.000000   630.000000   354.000000   984.000000
   784.249329    56.000000   115.000000    56.000000   115.000000   134.000000    74.000000   112.000000   117.000000   122.000000    67.000000   108.000000    83.000000    70.000000    48.000000    99.000000    77.000000    85.000000    60.000000    67.000000    63.000000    77.000000    11.000000    53.000000    68.000000    89.000000    50.000000    73.000000    53.000000    87.000000    73.000000    75.000000   105.000000    96.000000    43.000000   126.000000   115.000000   178.000000   124.000000   111.000000    79.000000   161.000000    81.000000    91.000000   136.000000   127.000000   100.000000   119.000000   133.000000   144.000000    96.000000   146.000000   174.000000   173.000000   463.000000   136.000000    54.000000    30.000000    21.000000   163.000000   285.000000   395.000000   190.000000   109.000000   104.000000   142.000000   310.000000   645.000000   487.000000   605.000000   396.000000   923.000000
   785.590576    54.000000   110.000000    78.000000   132.000000   110.000000    56.000000    78.000000   121.000000   103.000000    96.000000    77.000000    87.000000    57.000000    74.000000   100.000000    71.000000    64.000000    85.000000    77.000000    91.000000    59.000000    29.000000    27.000000    63.000000    76.000000    78.000000   111.000000    92.000000    91.000000    92.000000    50.000000   102.000000    58.000000    80.000000   138.000000   126.000000   159.000000   154.000000    97.000000    89.000000   182.000000   100.000000    89.000000   139.000000   128.000000   102.000000   133.000000   150.000000   126.000000    82.000000   118.000000   140.000000   177.000000   470.000000   112.000000    74.000000    18.000000    36.000000   162.000000   302.000000   358.000000   183.000000    82.000000    79.000000   170.000000   254.000000   651.000000   492.000000   604.000000   355.000000   970.000000
   786.932495    46.000000   101.000000    65.000000   121.000000   109.000000    59.000000   108.000000   134.000000   116.000000    62.000000    93.000000    70.000000   103.000000    42.000000    76.000000    78.000000    61.000000    70.000000    78.000000    78.000000    54.000000    53.000000    57.000000    47.000000    65.000000    75.000000    97.000000   108.000000    64.000000    60.000000    73.000000    95.000000    99.000000    47.000000   115.000000   132.000000   134.000000   131.000000    87.000000    95.000000   178.000000    81.000000   103.000000   121.000000   119.000000   118.000000   119.000000   172.000000   113.000000    98.000000   153.000000   170.000000   154.000000   463.000000   116.000000    82.000000    29.000000    24.000000   154.000000   269.000000   337.000000   209.000000    81.000000   104.000000   164.000000   266.000000   604.000000   492.000000   596.000000   360.000000   911.000000
   788.274780    48.000000   125.000000    78.000000   100.000000    97.000000    47.000000    88.000000   128.000000   117.000000   105.000000    68.000000    83.000000    60.000000    56.000000    82.000000    77.000000    71.000000    65.000000    57.000000   103.000000    57.000000    44.000000    24.000000    68.000000    58.000000    97.000000    90.000000    92.000000    86.000000    90.000000    42.000000   103.000000    91.000000    57.000000   117.000000   122.000000   137.000000   155.000000    83.000000    84.000000   178.000000    88.000000    92.000000   107.000000   100.000000   124.000000   119.000000   182.000000   129.000000   118.000000   154.000000   177.000000   163.000000   444.000000   114.000000    62.000000    28.000000    17.000000   138.000000   297.000000   337.000000   178.000000   119.000000    79.000000   143.000000   272.000000   586.000000   430.000000   560.000000   338.000000   899.000000
   789.617615    59.000000   121.000000    76.000000   106.000000    69.000000    62.000000   112.000000   113.000000   114.000000    71.000000    75.000000   104.000000    66.000000    71.000000    76.000000    66.000000    72.000000    71.000000    59.000000    96.000000    60.000000    61.000000    48.000000    56.000000    46.000000    71.000000    59.000000    71.000000    96.000000    69.000000    75.000000    93.000000    87.000000    41.000000   117.000000   128.000000   133.000000    97.000000    84.000000    74.000000   174.000000    76.000000    74.000000   105.000000   102.000000    96.000000   109.000000   139.000000   112.000000   107.000000   154.000000   184.000000   156.000000   432.000000    94.000000    52.000000    55.000000    38.000000   150.000000   233.000000   331.000000   155.000000    98.000000    84.000000   149.000000   255.000000   572.000000   434.000000   561.000000   332.000000   843.000000
   790.960876    28.000000   111.000000    76.000000    81.000000   101.000000    70.000000    87.000000   119.000000    98.000000    70.000000    83.000000   103.000000    60.000000    51.000000    77.000000    74.000000    77.000000    47.000000    74.000000    53.000000    64.000000    39.000000    30.000000    46.000000    64.000000    65.000000   100.000000    92.000000    70.000000    44.000000    66.000000    97.000000    85.000000    58.000000   114.000000   111.000000   132.000000   119.000000   102.000000    77.000000   175.000000    88.000000    69.000000    94.000000   106.000000   130.000000    93.000000   144.000000   109.000000    98.000000    99.000000   154.000000   137.000000   427.000000    92.000000    64.000000    24.000000    52.000000   113.000000   253.000000   337.000000   162.000000   115.000000    92.000000   125.000000   257.000000   560.000000   444.000000   515.000000   323.000000   833.000000
   792.304626    83.000000   105.000000    85.000000   102.000000   119.000000    55.000000    85.000000    98.000000   104.000000    62.000000    88.000000    76.000000    68.000000    56.000000    83.000000    85.000000    61.000000    58.000000    71.000000    80.000000    56.000000    32.000000    58.000000    63.000000    65.000000    58.000000    58.000000   103.000000    77.000000    77.000000    61.000000    85.000000    82.000000    45.000000    94.000000   118.000000   134.000000    97.000000   104.000000    99.000000   148.000000    74.000000    96.000000   113.000000   119.000000   107.000000    93.000000   148.000000   122.000000    73.000000   129.000000   143.000000   138.000000   425.000000    81.000000    45.000000    21.000000    14.000000   140.000000   223.000000   321.000000   163.000000    81.000000    78.000000   117.000000   254.000000   532.000000   409.000000   522.000000   279.000000   806.000000
   793.648926    46.000000    99.000000    56.000000   111.000000    97.000000    58.000000    84.000000   154.000000   100.000000    79.000000    83.000000    81.000000    54.000000    57.000000    72.000000    69.000000    72.000000    63.000000    64.000000    88.000000    69.000000    41.000000    31.000000    59.000000    69.000000    66.000000   104.000000    70.000000    77.000000    66.000000    51.000000    74.000000    79.000000    47.000000   125.000000   129.000000   124.000000   140.000000    62.000000    84.000000   143.000000    50.000000    88.000000   120.000000   111.000000    76.000000   108.000000   128.000000   126.000000    74.000000   121.000000   137.000000   163.000000   376.000000   127.000000    52.000000    39.000000    43.000000   144.000000   231.000000   327.000000   163.000000    90.000000    63.000000   109.000000   221.000000   568.000000   392.000000   485.000000   300.000000   821.000000
   794.993591    46.000000   105.000000    56.000000    97.000000   106.000000    55.000000    77.000000   115.000000    98.000000    58.000000    70.000000    58.000000    61.000000    70.000000    76.000000    55.000000    55.000000    45.000000    65.000000    71.000000    60.000000    14.000000    30.000000    49.000000    60.000000    64.000000   108.000000    73.000000    85.000000    75.000000    53.000000   100.000000    74.000000    59.000000   122.000000   119.000000   132.000000   141.000000    97.000000    71.000000   184.000000    72.000000    82.000000   129.000000    97.000000    89.000000    66.000000   136.000000   100.000000    87.000000   116.000000   148.000000   127.000000   429.000000    83.000000    58.000000    40.000000    28.000000   131.000000   232.000000   275.000000   146.000000    93.000000    73.000000   130.000000   228.000000   533.000000   394.000000   510.000000   299.000000   780.000000
   796.338806    48.000000   104.000000    70.000000    87.000000    98.000000    69.000000    74.000000    99.000000   104.000000    51.000000    59.000000    93.000000    38.000000    56.000000    73.000000    67.000000    52.000000    55.000000    77.000000    73.000000    59.000000    19.000000    51.000000    59.000000    67.000000    60.000000    78.000000    55.000000    79.000000    50.000000    61.000000    89.000000    81.000000    47.000000   104.000000    96.000000   125.000000   103.000000    82.000000    75.000000   132.000000    72.000000    77.000000   101.000000   110.000000    95.000000   108.000000   140.000000    99.000000   107.000000   102.000000   158.000000   153.000000   407.000000    80.000000    52.000000    34.000000    32.000000   135.000000   196.000000   300.000000   201.000000    90.000000    68.000000    90.000000   206.000000   446.000000   316.000000   433.000000   331.000000   753.000000
   797.684387    51.000000    88.000000    60.000000    80.000000   101.000000    55.000000    73.000000    95.000000    97.000000    71.000000    66.000000    99.000000    52.000000    66.000000    75.000000    81.000000    63.000000    56.000000    70.000000    79.000000    55.000000    31.000000    46.000000    51.000000    59.000000    70.000000    64.000000    57.000000    71.000000    65.000000    71.000000    69.000000    73.000000    32.000000   105.000000   113.000000   119.000000   118.000000    98.000000    78.000000   134.000000    80.000000    89.000000   107.000000    82.000000    80.000000   108.000000   132.000000    95.000000   109.000000   111.000000   130.000000   109.000000   382.000000    88.000000    63.000000    34.000000    42.000000   115.000000   214.000000   293.000000   150.000000   101.000000    99.000000   102.000000   229.000000   508.000000   369.000000   485.000000   316.000000   775.000000
   799.030579    69.000000    93.000000    62.000000    78.000000    84.000000    83.000000   100.000000    89.000000    87.000000    59.000000    78.000000    77.000000    55.000000    64.000000    75.000000    72.000000    49.000000    73.000000    68.000000    82.000000    59.000000    36.000000    49.000000    43.000000    69.000000    49.000000    81.000000    55.000000    93.000000    71.000000    73.000000    77.000000    42.000000    50.000000    93.000000    98.000000   120.000000   127.000000    67.000000   108.000000   140.000000    78.000000    86.000000    97.000000   109.000000    82.000000    92.000000   136.000000   111.000000    89.000000   121.000000   166.000000   135.000000   441.000000    93.000000    47.000000    45.000000    13.000000   142.000000   202.000000   281.000000   147.000000    95.000000    84.000000   143.000000   259.000000   500.000000   366.000000   486.000000   250.000000   754.000000
   800.377319    40.000000    95.000000    82.000000   134.000000    96.000000    59.000000    65.000000   117.000000   109.000000    76.000000    64.000000    50.000000    57.000000    34.000000    74.000000    72.000000    60.000000    67.000000    69.000000    98.000000    49.000000     8.000000    32.000000    55.000000    67.000000    55.000000    69.000000    53.000000    84.000000    63.000000    39.000000    81.000000    61.000000    37.000000   107.000000    92.000000   129.000000   102.000000    79.000000    73.000000   162.000000    78.000000    81.000000   109.000000   116.000000    87.000000    82.000000   158.000000   104.000000    85.000000   117.000000   127.000000   143.000000   362.000000    86.000000    52.000000    39.000000    22.000000   116.000000   182.000000   227.000000   154.000000    80.000000    74.000000   105.000000   211.000000   450.000000   395.000000   483.000000   316.000000   688.000000
   801.724426    63.000000   107.000000    70.000000    91.000000    90.000000    56.000000    77.000000   112.000000    75.000000    64.000000    70.000000    60.000000    61.000000    60.000000    66.000000    95.000000    51.000000    60.000000    49.000000    71.000000    49.000000    36.000000    37.000000    36.000000    64.000000    80.000000    61.000000    52.000000    58.000000    62.000000    48.000000    81.000000    73.000000    36.000000   106.000000   107.000000   112.000000   115.000000    70.000000    56.000000   144.000000    74.000000    85.000000   112.000000   113.000000    83.000000    74.000000   149.000000    67.000000    52.000000   104.000000   156.000000   137.000000   375.000000    95.000000    45.000000    32.000000    23.000000   117.000000   218.000000   284.000000   142.000000    82.000000    62.000000   115.000000   192.000000   468.000000   361.000000   409.000000   263.000000   714.000000
   803.072021    45.000000    99.000000    45.000000    63.000000    76.000000    55.000000    71.000000   119.000000    69.000000    54.000000    38.000000    72.000000    65.000000    79.000000    60.000000    53.000000    73.000000    70.000000    62.000000    74.000000    57.000000    49.000000    37.000000    48.000000    66.000000    38.000000    83.000000    64.000000    68.000000    67.000000    45.000000   104.000000    61.000000    57.000000   102.000000   100.000000   107.000000   110.000000    74.000000    39.000000   173.000000    82.000000    61.000000   102.000000    98.000000    68.000000   108.000000   133.000000    97.000000    88.000000   124.000000   144.000000   132.000000   347.000000   100.000000    53.000000    39.000000    26.000000   131.000000   174.000000   254.000000   125.000000    94.000000    55.000000   110.000000   203.000000   473.000000   339.000000   469.000000   314.000000   708.000000
   804.419983    40.000000    86.000000    42.000000    66.000000    88.000000    28.000000    52.000000    95.000000    78.000000    79.000000    45.000000    84.000000    50.000000    43.000000    55.000000    73.000000    49.000000    39.000000    62.000000    62.000000    23.000000    43.000000    32.000000    44.000000    55.000000    55.000000    60.000000    52.000000    81.000000    56.000000    55.000000    90.000000    48.000000    64.000000   101.000000   116.000000   113.000000    87.000000    76.000000    56.000000   138.000000    68.000000    69.000000   116.000000    83.000000    64.000000    99.000000   137.000000   103.000000    80.000000   135.000000   176.000000   111.000000   347.000000    65.000000    65.000000    26.000000    10.000000   124.000000   177.000000   238.000000   140.000000    74.000000    45.000000   105.000000   197.000000   417.000000   333.000000   423.000000   267.000000   681.000000
   805.768677    48.000000    72.000000    76.000000    82.000000    72.000000    73.000000    67.000000    93.000000    68.000000    81.000000    44.000000    61.000000    29.000000    42.000000    42.000000    58.000000    56.000000    54.000000    45.000000    56.000000    67.000000    11.000000    52.000000    37.000000    28.000000    55.000000    56.000000    55.000000    72.000000    51.000000    35.000000    79.000000    70.000000    50.000000   105.000000   102.000000   110.000000   101.000000    89.000000    73.000000   188.000000    65.000000    70.000000    80.000000    97.000000    78.000000    97.000000   137.000000    86.000000    78.000000   119.000000   150.000000    98.000000   361.000000    79.000000    56.000000    36.000000    34.000000   135.000000   166.000000   276.000000   143.000000    89.000000    75.000000   102.000000   190.000000   403.000000   306.000000   454.000000   286.000000   654.000000
   807.117676    53.000000    72.000000    60.000000    53.000000    88.000000    47.000000    72.000000   108.000000    87.000000    41.000000    38.000000    69.000000    42.000000    55.000000    47.000000    63.000000    91.000000    62.000000    41.000000    81.000000    50.000000    18.000000    20.000000    39.000000    59.000000    40.000000    54.000000    65.000000    64.000000    40.000000    37.000000    80.000000    62.000000    16.000000    79.000000    88.000000    98.000000   123.000000    74.000000    67.000000   153.000000    47.000000    75.000000    79.000000    79.000000    84.000000   105.000000   125.000000    99.000000    88.000000   114.000000   143.000000   118.000000   365.000000    79.000000    34.000000    17.000000    35.000000   109.000000   175.000000   244.000000   128.000000    99.000000    92.000000    92.000000   159.000000   397.000000   333.000000   420.000000   249.000000   658.000000
   808.467224    33.000000    67.000000    59.000000    73.000000    63.000000    46.000000    58.000000    96.000000    70.000000    49.000000    55.000000    61.000000    37.000000    34.000000    66.000000    53.000000    68.000000    40.000000    36.000000    57.000000    44.000000    16.000000    42.000000    52.000000    52.000000    45.000000    77.000000    46.000000    70.000000    47.000000    63.000000    87.000000    49.000000    43.000000    85.000000    99.000000   108.000000    85.000000    96.000000    76.000000   162.000000    86.000000    70.000000   114.000000   114.000000    71.000000   103.000000   128.000000    93.000000    82.000000    87.000000   143.000000   116.000000   322.000000    84.000000    31.000000    33.000000     5.000000   122.000000   182.000000   243.000000   126.000000    70.000000    61.000000   102.000000   178.000000   352.000000   288.000000   394.000000   244.000000   625.000000
   809.817200    39.000000    80.000000    53.000000    57.000000    73.000000    33.000000    70.000000   102.000000    89.000000    44.000000    47.000000    64.000000    50.000000    31.000000    29.000000    71.000000    63.000000    40.000000    42.000000    65.000000    41.000000    36.000000    27.000000    62.000000    31.000000    44.000000    69.000000    51.000000    79.000000    44.000000    46.000000    83.000000    45.000000    39.000000    77.000000    73.000000   122.000000    75.000000    72.000000    71.000000   128.000000    54.000000    91.000000   104.000000    95.000000    67.000000    93.000000   105.000000    60.000000    68.000000    93.000000   131.000000   107.000000   319.000000    78.000000    48.000000    30.000000   -16.000000   107.000000   165.000000   228.000000   135.000000    87.000000    85.000000   121.000000   182.000000   380.000000   316.000000   417.000000   254.000000   673.000000
   811.167725    52.000000    82.000000    64.000000    81.000000    80.000000    50.000000    63.000000    84.000000    65.000000    45.000000    61.000000    69.000000    36.000000    58.000000    52.000000    58.000000    49.000000    52.000000    32.000000    76.000000    50.000000    31.000000    19.000000    46.000000    33.000000    52.000000    40.000000    55.000000    77.000000    55.000000    56.000000    54.000000    46.000000    40.000000    88.000000    94.000000   114.000000    84.000000    76.000000    72.000000   132.000000    63.000000    70.000000   121.000000    93.000000    75.000000    88.000000   131.000000    70.000000    71.000000    88.000000   146.000000   108.000000   323.000000    51.000000    35.000000    18.000000    21.000000   119.000000   199.000000   222.000000   128.000000    44.000000    57.000000   103.000000   157.000000   349.000000   238.000000   358.000000   258.000000   579.000000
   812.518677    36.000000    74.000000    58.000000    74.000000    62.000000    29.000000    84.000000    76.000000    58.000000    43.000000    50.000000    50.000000    46.000000    63.000000    54.000000    58.000000    45.000000    43.000000    56.000000    54.000000    48.000000    35.000000    27.000000    52.000000    62.000000    64.000000    70.000000    25.000000    66.000000    36.000000    41.000000    70.000000    67.000000    26.000000    94.000000   108.000000   112.000000    89.000000    57.000000    56.000000   152.000000    78.000000    65.000000    77.000000    92.000000    71.000000    69.000000   118.000000    60.000000    84.000000    99.000000   119.000000    91.000000   353.000000    66.000000    32.000000    35.000000    15.000000   110.000000   171.000000   189.000000   118.000000    71.000000    57.000000   105.000000   165.000000   375.000000   259.000000   343.000000   203.000000   582.000000
   813.870117    23.000000    80.000000    63.000000    62.000000    73.000000    32.000000    64.000000    72.000000    62.000000    93.000000    40.000000    43.000000    30.000000    40.000000    49.000000    82.000000    56.000000    47.000000    45.000000    70.000000    41.000000    23.000000    26.000000    39.000000    47.000000    36.000000    57.000000    44.000000    55.000000    42.000000    44.000000    80.000000    50.000000    54.000000    80.000000    71.000000   108.000000    98.000000    67.000000    71.000000   133.000000    70.000000    70.000000    65.000000    85.000000    73.000000    67.000000   129.000000    90.000000    47.000000    89.000000   143.000000    98.000000   300.000000    79.000000    45.000000    37.000000    20.000000   128.000000   154.000000   197.000000   127.000000    53.000000    68.000000   104.000000   165.000000   346.000000   277.000000   386.000000   222.000000   587.000000
   815.221985    52.000000    71.000000    63.000000    70.000000    53.000000    37.000000    92.000000    89.000000    88.000000    44.000000    44.000000    58.000000    50.000000    43.000000    55.000000    65.000000    60.000000    42.000000    41.000000    64.000000    32.000000    21.000000    28.000000    49.000000    28.000000    51.000000    70.000000    71.000000    76.000000    65.000000    23.000000    69.000000    50.000000    44.000000    78.000000    73.000000   118.000000   112.000000    75.000000    58.000000   113.000000    67.000000    52.000000    81.000000    91.000000    76.000000    68.000000   116.000000    69.000000    51.000000   122.000000   132.000000   111.000000   314.000000    60.000000    60.000000    18.000000     6.000000   120.000000   140.000000   214.000000   126.000000    63.000000    52.000000   117.000000   183.000000   301.000000   262.000000   349.000000   244.000000   509.000000
   816.574402    51.000000    64.000000    53.000000    70.000000    50.000000    34.000000    68.000000    89.000000    84.000000    43.000000    49.000000    49.000000    45.000000    58.000000    57.000000    66.000000    32.000000    49.000000    35.000000    63.000000    22.000000    26.000000    25.000000    51.000000    26.000000    44.000000    57.000000    39.000000    63.000000    35.000000    19.000000    75.000000    57.000000    55.000000    89.000000   101.000000    96.000000    95.000000    45.000000    58.000000   111.000000    50.000000    50.000000    99.000000    95.000000    66.000000    81.000000   106.000000   106.000000    79.000000    91.000000   138.000000    87.000000   326.000000    54.000000    26.000000    27.000000    25.000000   102.000000   153.000000   203.000000   123.000000    55.000000    69.000000    85.000000   127.000000   344.000000   311.000000   332.000000   234.000000   558.000000
   817.927185    48.000000    54.000000    55.000000    73.000000    65.000000    67.000000    59.000000    97.000000    70.000000    43.000000    38.000000    66.000000    43.000000    39.000000    43.000000    34.000000    32.000000    59.000000    26.000000    47.000000    33.000000    28.000000    31.000000    40.000000    43.000000    38.000000    61.000000    54.000000    59.000000    44.000000    37.000000    55.000000    61.000000    17.000000    90.000000    93.000000   103.000000    74.000000    59.000000    45.000000    95.000000    59.000000    58.000000    66.000000    86.000000    55.000000    66.000000   106.000000    93.000000    82.000000    84.000000   126.000000   121.000000   309.000000    52.000000    36.000000    21.000000    16.000000    92.000000   150.000000   236.000000   109.000000    99.000000    66.000000   111.000000   147.000000   318.000000   232.000000   304.000000   194.000000   546.000000
   819.280579    29.000000    54.000000    50.000000    61.000000    66.000000    52.000000    58.000000    94.000000    55.000000    32.000000    52.000000    61.000000    37.000000    33.000000    54.000000    55.000000    32.000000    40.000000    43.000000    39.000000    43.000000    25.000000    10.000000    44.000000    24.000000    40.000000    55.000000    42.000000    41.000000    49.000000    36.000000    62.000000    65.000000    34.000000    87.000000    68.000000    75.000000    90.000000    45.000000    55.000000    94.000000    66.000000    47.000000    86.000000    56.000000    55.000000    60.000000   112.000000    90.000000    66.000000    78.000000   115.000000    98.000000   278.000000    77.000000    52.000000    22.000000    18.000000    82.000000   135.000000   210.000000   120.000000    71.000000    55.000000    66.000000   173.000000   306.000000   232.000000   335.000000   209.000000   461.000000
   820.634521    20.000000    51.000000    39.000000    59.000000    65.000000    45.000000    54.000000    73.000000    54.000000    41.000000    43.000000    41.000000    58.000000    44.000000    48.000000    56.000000    39.000000    22.000000    24.000000    43.000000    38.000000    25.000000    29.000000    46.000000    37.000000    26.000000    49.000000    51.000000    47.000000    54.000000    32.000000    52.000000    54.000000    39.000000    63.000000    70.000000    95.000000    86.000000    58.000000    52.000000   119.000000    65.000000    46.000000    84.000000    81.000000    71.000000    80.000000    89.000000    74.000000    63.000000    78.000000   102.000000    94.000000   304.000000    58.000000    18.000000    17.000000    29.000000    81.000000   144.000000   166.000000   149.000000    66.000000    55.000000    97.000000   132.000000   283.000000   226.000000   342.000000   230.000000   473.000000
   821.988770    20.000000    88.000000    58.000000    62.000000    60.000000    43.000000    61.000000    86.000000    66.000000    56.000000    57.000000    64.000000    37.000000    51.000000    43.000000    60.000000    44.000000    39.000000    42.000000    62.000000    40.000000    20.000000    29.000000    46.000000    44.000000    37.000000    35.000000    53.000000    58.000000    47.000000    47.000000    59.000000    54.000000    34.000000    68.000000    85.000000   100.000000    63.000000    61.000000    34.000000   121.000000    47.000000    62.000000    78.000000    78.000000    49.000000    53.000000   106.000000    68.000000    66.000000    71.000000    94.000000    92.000000   297.000000    92.000000    57.000000    28.000000    24.000000    88.000000   137.000000   158.000000   105.000000    63.000000    47.000000    79.000000   148.000000   308.000000   229.000000   308.000000   228.000000   463.000000
   823.343628    27.000000    51.000000    44.000000    89.000000    57.000000    23.000000    47.000000    65.000000    55.000000    44.000000    34.000000    51.000000    33.000000    40.000000    60.000000    36.000000    53.000000    44.000000    47.000000    61.000000    48.000000    -7.000000     2.000000    37.000000    52.000000    39.000000    82.000000    41.000000    56.000000    33.000000    48.000000    37.000000    33.000000    52.000000    61.000000    71.000000   112.000000    90.000000    65.000000    62.000000   102.000000    61.000000    50.000000    85.000000    78.000000    82.000000    60.000000    99.000000    77.000000    54.000000    81.000000   104.000000   106.000000   287.000000    68.000000    29.000000     7.000000    17.000000    98.000000   152.000000   180.000000    97.000000    58.000000    56.000000    80.000000   138.000000   266.000000   240.000000   302.000000   195.000000   492.000000
   824.698914    41.000000    67.000000    53.000000    72.000000    49.000000    47.000000    56.000000    65.000000    33.000000    41.000000    36.000000    55.000000    46.000000    51.000000    49.000000    22.000000    45.000000    20.000000    42.000000    40.000000    39.000000    20.000000    25.000000    24.000000    20.000000    27.000000    48.000000    36.000000    55.000000    42.000000    46.000000    67.000000    38.000000    22.000000    70.000000    98.000000    97.000000    64.000000    64.000000    52.000000   104.000000    65.000000    79.000000    85.000000    80.000000    59.000000    66.000000    95.000000    66.000000    78.000000   104.000000   107.000000    93.000000   287.000000    52.000000    23.000000     9.000000    24.000000   103.000000   132.000000   149.000000   108.000000    65.000000    54.000000    77.000000   133.000000   267.000000   191.000000   312.000000   182.000000   426.000000
   826.054626    25.000000    47.000000    47.000000    72.000000    53.000000    19.000000    60.000000    72.000000    52.000000    36.000000    47.000000    44.000000    42.000000    50.000000    44.000000    46.000000    37.000000    45.000000    48.000000    61.000000    46.000000    20.000000    10.000000    47.000000    35.000000    41.000000    71.000000    55.000000    41.000000    43.000000    30.000000    61.000000    56.000000    40.000000    58.000000    64.000000    74.000000    74.000000    65.000000    47.000000   108.000000    72.000000    46.000000    43.000000    67.000000    57.000000    72.000000   106.000000    66.000000    61.000000    77.000000   111.000000   106.000000   271.000000    49.000000    26.000000    21.000000    23.000000    84.000000    88.000000   170.000000   108.000000    65.000000    46.000000    74.000000   130.000000   273.000000   228.000000   320.000000   191.000000   436.000000
   827.410889    25.000000    55.000000    46.000000    54.000000    59.000000    30.000000    52.000000    68.000000    61.000000    40.000000    51.000000    54.000000    33.000000    43.000000    49.000000    65.000000    43.000000    48.000000    38.000000    43.000000    46.000000    10.000000    25.000000    65.000000    39.000000    44.000000    44.000000    51.000000    55.000000    37.000000    35.000000    56.000000    57.000000    20.000000    68.000000    86.000000   104.000000    77.000000    41.000000    66.000000   134.000000    41.000000    76.000000    85.000000    96.000000    63.000000    75.000000    83.000000    85.000000    52.000000    74.000000   119.000000   103.000000   243.000000    65.000000    25.000000    25.000000    23.000000    83.000000   125.000000   186.000000   120.000000    53.000000    45.000000    76.000000   110.000000   259.000000   233.000000   291.000000   213.000000   458.000000
   828.767578    31.000000    48.000000    48.000000    44.000000    60.000000    39.000000    64.000000    53.000000    81.000000    28.000000    38.000000    37.000000    17.000000    37.000000    54.000000    49.000000    50.000000    46.000000    23.000000    54.000000    61.000000    22.000000    16.000000    64.000000    22.000000    35.000000    36.000000    19.000000    55.000000    28.000000    23.000000    53.000000    38.000000    39.000000    69.000000    84.000000    80.000000    83.000000    66.000000    35.000000   107.000000    77.000000    22.000000    76.000000    93.000000    67.000000    68.000000    99.000000    79.000000    43.000000    53.000000    93.000000    86.000000   249.000000    82.000000    41.000000    29.000000    20.000000    88.000000   124.000000   168.000000    94.000000    48.000000    25.000000    89.000000   138.000000   250.000000   237.000000   294.000000   195.000000   449.000000
   830.124817    15.000000    40.000000    21.000000    58.000000    63.000000    32.000000    36.000000    54.000000    49.000000    37.000000    49.000000    42.000000    32.000000    42.000000    33.000000    57.000000    46.000000    34.000000    36.000000    77.000000    46.000000    15.000000    23.000000    43.000000    38.000000    42.000000    38.000000    46.000000    25.000000    54.000000    38.000000    67.000000    54.000000    51.000000    62.000000    60.000000    80.000000    78.000000    55.000000    46.000000   107.000000    52.000000    53.000000    51.000000    60.000000    58.000000    66.000000    91.000000    50.000000    63.000000    46.000000    92.000000    91.000000   271.000000    58.000000    46.000000    11.000000     6.000000    98.000000   125.000000   168.000000    98.000000    70.000000    54.000000    77.000000   117.000000   227.000000   204.000000   274.000000   178.000000   373.000000
   831.482483    20.000000    53.000000    36.000000    47.000000    47.000000    36.000000    46.000000    52.000000    35.000000    54.000000    38.000000    41.000000    39.000000    38.000000    54.000000    48.000000    58.000000    31.000000    43.000000    39.000000    59.000000    18.000000    37.000000    32.000000    33.000000    32.000000    35.000000    60.000000    58.000000    25.000000    37.000000    67.000000    29.000000    12.000000    64.000000    79.000000    96.000000    45.000000    61.000000    58.000000   114.000000    56.000000    66.000000    82.000000    60.000000    58.000000    54.000000    89.000000    33.000000    71.000000    74.000000   115.000000    72.000000   247.000000    50.000000    27.000000    15.000000    11.000000    87.000000   121.000000   131.000000    92.000000    68.000000    49.000000    62.000000   119.000000   274.000000   206.000000   270.000000   196.000000   383.000000
   832.840576    -3.000000    48.000000    68.000000    51.000000    48.000000    47.000000    48.000000    80.000000    64.000000    40.000000    44.000000    27.000000    26.000000    14.000000    35.000000    43.000000    33.000000    16.000000    34.000000    56.000000    26.000000    20.000000    22.000000    41.000000    41.000000    65.000000    35.000000    47.000000    37.000000    34.000000    36.000000    38.000000    41.000000    29.000000    66.000000    70.000000    88.000000    59.000000    37.000000    38.000000    82.000000    61.000000    25.000000    89.000000    48.000000    30.000000    60.000000   115.000000    50.000000    47.000000    72.000000   110.000000    84.000000   233.000000    60.000000    40.000000    26.000000    15.000000    73.000000   120.000000   173.000000    82.000000    59.000000    41.000000    84.000000   126.000000   237.000000   195.000000   248.000000   195.000000   424.000000
   834.199280    13.000000    42.000000    36.000000    74.000000    65.000000    28.000000    16.000000    93.000000    45.000000     3.000000    35.000000    38.000000    44.000000    27.000000    52.000000    39.000000    55.000000    39.000000    21.000000    67.000000    29.000000    18.000000    20.000000    19.000000    47.000000    46.000000    21.000000    19.000000    52.000000    38.000000    35.000000    57.000000    64.000000    30.000000    74.000000    74.000000    85.000000    56.000000    60.000000    45.000000    93.000000    58.000000    31.000000    56.000000    68.000000    59.000000    69.000000    86.000000    49.000000    48.000000    70.000000    99.000000    76.000000   268.000000    65.000000    25.000000     5.000000    27.000000    82.000000    99.000000   150.000000   102.000000    51.000000    43.000000    67.000000    96.000000   244.000000   216.000000   253.000000   163.000000   398.000000
   835.558411    27.000000    71.000000    36.000000    62.000000    31.000000    20.000000    49.000000    60.000000    49.000000    28.000000    56.000000    16.000000    44.000000    34.000000    40.000000    68.000000    32.000000    26.000000    25.000000    57.000000    35.000000    20.000000    25.000000    38.000000    33.000000    27.000000    43.000000    48.000000    35.000000    28.000000    24.000000    58.000000    35.000000    49.000000    64.000000    48.000000    86.000000    34.000000    51.000000    37.000000    85.000000    52.000000    35.000000    28.000000    80.000000    57.000000    52.000000    79.000000    37.000000    70.000000    54.000000    94.000000    95.000000   220.000000    57.000000    21.000000    14.000000     7.000000    78.000000   115.000000   151.000000   107.000000    82.000000    54.000000    63.000000   111.000000   244.000000   168.000000   225.000000   175.000000   384.000000
   836.918030    25.000000    24.000000    36.000000    59.000000    42.000000    32.000000    39.000000    48.000000    65.000000    46.000000    51.000000    28.000000    40.000000    26.000000    51.000000    42.000000    31.000000    40.000000    23.000000    39.000000    48.000000    -7.000000    35.000000    32.000000    29.000000    32.000000    28.000000    25.000000    38.000000    52.000000    48.000000    55.000000    33.000000   -10.000000    67.000000    71.000000    94.000000    46.000000    43.000000    42.000000   107.000000    79.000000    39.000000    73.000000    60.000000    56.000000    79.000000    97.000000    50.000000    44.000000    57.000000   114.000000    79.000000   228.000000    45.000000    31.000000    25.000000    24.000000    79.000000   128.000000   127.000000    85.000000    52.000000    32.000000    56.000000    97.000000   231.000000   184.000000   250.000000   180.000000   385.000000
   838.278076    13.000000    62.000000    59.000000    60.000000    55.000000    45.000000    54.000000    57.000000    68.000000    49.000000    18.000000    31.000000    25.000000    37.000000    39.000000    44.000000    68.000000    57.000000    49.000000    30.000000    30.000000    32.000000    43.000000    62.000000     4.000000    34.000000    28.000000    42.000000    55.000000    38.000000    29.000000    60.000000    44.000000    29.000000    52.000000    56.000000    79.000000    53.000000    40.000000    41.000000   100.000000    49.000000    18.000000    78.000000    65.000000    53.000000    72.000000    69.000000    47.000000    69.000000    64.000000    96.000000    87.000000   264.000000    35.000000    37.000000    26.000000     2.000000    87.000000   130.000000   140.000000    85.000000    49.000000    31.000000    79.000000   111.000000   234.000000   163.000000   225.000000   178.000000   386.000000
   839.638672    19.000000    41.000000    48.000000    59.000000    55.000000    31.000000    61.000000    61.000000    59.000000    43.000000    41.000000    37.000000    33.000000    29.000000    52.000000    43.000000    35.000000    28.000000    22.000000    40.000000    36.000000    31.000000    40.000000    48.000000    31.000000    23.000000    41.000000    55.000000    25.000000    12.000000    45.000000    65.000000    35.000000    33.000000    68.000000    65.000000    72.000000    48.000000    51.000000    36.000000   107.000000    35.000000    42.000000    55.000000    60.000000    40.000000    60.000000    83.000000    60.000000    46.000000    61.000000    96.000000    58.000000   251.000000    39.000000    17.000000    15.000000    13.000000    77.000000   113.000000   132.000000    92.000000    38.000000    39.000000    61.000000   113.000000   223.000000   168.000000   254.000000   165.000000   398.000000
   840.999695     1.000000    47.000000    22.000000    45.000000    51.000000    48.000000    25.000000    65.000000    50.000000    34.000000    24.000000    36.000000    15.000000    14.000000    43.000000    65.000000    17.000000    25.000000    45.000000    28.000000    30.000000    21.000000    -2.000000    29.000000    26.000000    25.000000    46.000000    22.000000    34.000000    40.000000    21.000000    51.000000    18.000000    26.000000    78.000000    33.000000    91.000000    59.000000    42.000000    38.000000    93.000000    46.000000    42.000000    38.000000    59.000000    43.000000    64.000000   104.000000    74.000000    51.000000    49.000000    95.000000    75.000000   218.000000    55.000000    15.000000    19.000000     6.000000    87.000000    96.000000   122.000000    85.000000    52.000000    55.000000    40.000000   112.000000   174.000000   154.000000   234.000000   165.000000   375.000000
   842.361206    39.000000    30.000000    29.000000    44.000000    50.000000    34.000000    31.000000    54.000000    54.000000    42.000000    34.000000    34.000000    37.000000    44.000000    41.000000    30.000000    31.000000    32.000000    43.000000    55.000000    26.000000    23.000000    34.000000    24.000000    36.000000    43.000000    46.000000    42.000000    37.000000    41.000000    24.000000    52.000000    43.000000    20.000000    27.000000    79.000000    74.000000    68.000000    41.000000    31.000000   101.000000    55.000000    33.000000    74.000000    71.000000    39.000000    67.000000    70.000000    47.000000    58.000000    62.000000    96.000000    73.000000   218.000000    46.000000    34.000000    13.000000    19.000000    61.000000   119.000000   146.000000    83.000000    45.000000    40.000000    67.000000   131.000000   243.000000   166.000000   209.000000   162.000000   355.000000
   843.723206    27.000000    57.000000    33.000000    48.000000    34.000000    31.000000    45.000000    48.000000    45.000000    32.000000    34.000000    36.000000    42.000000    24.000000    20.000000    57.000000    50.000000    46.000000    37.000000    67.000000    43.000000    10.000000    47.000000    44.000000    28.000000    26.000000    41.000000    22.000000    35.000000    39.000000    42.000000    52.000000    47.000000    21.000000    62.000000    68.000000    88.000000    48.000000    37.000000    36.000000    87.000000    53.000000    26.000000    70.000000    53.000000    56.000000    74.000000    75.000000    52.000000    33.000000    48.000000    96.000000    97.000000   220.000000    35.000000    18.000000    14.000000    19.000000    65.000000   100.000000   124.000000    70.000000    63.000000    32.000000    60.000000   127.000000   192.000000   159.000000   229.000000   194.000000   358.000000
   845.085693    20.000000    58.000000    21.000000    71.000000    44.000000    47.000000    38.000000    26.000000    61.000000    24.000000    16.000000    33.000000    21.000000    27.000000    24.000000    36.000000    46.000000    44.000000    19.000000    60.000000    28.000000     7.000000     6.000000     9.000000    24.000000    34.000000    36.000000    33.000000    36.000000    14.000000    34.000000    40.000000    38.000000    20.000000    66.000000    64.000000    59.000000    46.000000    49.000000    26.000000    72.000000    53.000000    25.000000    55.000000    65.000000    44.000000    74.000000    59.000000    44.000000    47.000000    61.000000    95.000000    89.000000   206.000000    63.000000    25.000000    11.000000     3.000000    61.000000    93.000000   116.000000    75.000000    65.000000    45.000000    54.000000   122.000000   197.000000   169.000000   200.000000   162.000000   346.000000
   846.448608    19.000000    38.000000    22.000000    37.000000    41.000000    23.000000    43.000000    54.000000    41.000000    38.000000    32.000000    45.000000    48.000000    29.000000    17.000000    38.000000    28.000000    38.000000    31.000000    36.000000    29.000000    31.000000    23.000000    29.000000    18.000000    27.000000    45.000000    53.000000     6.000000    40.000000    35.000000    42.000000    27.000000    27.000000    41.000000    71.000000    97.000000    58.000000    51.000000    31.000000    75.000000    32.000000    17.000000    58.000000    57.000000    48.000000    44.000000    90.000000    54.000000    34.000000    42.000000    68.000000    42.000000   238.000000    40.000000    35.000000     5.000000     1.000000    55.000000    98.000000   133.000000    91.000000    47.000000    57.000000    59.000000    88.000000   152.000000   139.000000   208.000000   144.000000   374.000000
   847.812073    13.000000    50.000000    34.000000    42.000000    40.000000    31.000000    47.000000    46.000000    71.000000    24.000000    29.000000    38.000000    35.000000    33.000000    35.000000    48.000000    39.000000    23.000000    14.000000    41.000000    26.000000     0.000000    25.000000    33.000000    38.000000    37.000000    40.000000    47.000000    42.000000    38.000000    29.000000    38.000000    26.000000    30.000000    53.000000    65.000000    73.000000    27.000000    52.000000    53.000000    96.000000    28.000000    33.000000    51.000000    57.000000    56.000000    73.000000    54.000000    30.000000    36.000000    71.000000    69.000000    69.000000   184.000000    53.000000    30.000000    22.000000    13.000000    46.000000    97.000000   137.000000    81.000000    53.000000    37.000000    46.000000    85.000000   174.000000   171.000000   222.000000   177.000000   321.000000
   849.176025    18.000000    36.000000    40.000000    25.000000    20.000000    24.000000    36.000000    45.000000    52.000000    42.000000    33.000000    54.000000    29.000000    42.000000    24.000000    13.000000    30.000000    36.000000    26.000000    50.000000    20.000000    16.000000    26.000000    35.000000    25.000000    30.000000    23.000000    18.000000    28.000000    24.000000    40.000000    32.000000    23.000000    51.000000    52.000000    60.000000    73.000000    47.000000    37.000000     4.000000    89.000000    49.000000    19.000000    53.000000    56.000000    44.000000    48.000000    71.000000    42.000000     5.000000    63.000000    56.000000    44.000000   198.000000    36.000000    22.000000     5.000000    20.000000    62.000000    92.000000   112.000000    59.000000    49.000000    43.000000    65.000000    99.000000   177.000000   133.000000   220.000000   156.000000   339.000000
   850.540405    13.000000    30.000000    34.000000    45.000000    31.000000    14.000000    68.000000    36.000000    42.000000    24.000000    26.000000    20.000000    42.000000    37.000000    34.000000    33.000000    34.000000    30.000000    13.000000    62.000000    22.000000    31.000000    25.000000    31.000000    34.000000    27.000000    37.000000    24.000000    28.000000    15.000000    29.000000    40.000000    32.000000    13.000000    66.000000    60.000000    46.000000    54.000000    39.000000    46.000000    77.000000    41.000000    66.000000    47.000000    62.000000    43.000000    43.000000    59.000000    33.000000    50.000000    55.000000    65.000000    61.000000   195.000000    64.000000    11.000000    29.000000    32.000000    60.000000    80.000000    90.000000    61.000000    55.000000    41.000000    70.000000    90.000000   180.000000   142.000000   212.000000   148.000000   345.000000
   851.905273    12.000000    45.000000    35.000000    35.000000    36.000000    27.000000    30.000000    50.000000    53.000000    27.000000    32.000000    45.000000     2.000000    23.000000    -1.000000    25.000000    29.000000    41.000000    34.000000    24.000000    19.000000    16.000000    13.000000    23.000000    26.000000    35.000000    33.000000    31.000000    26.000000    36.000000    12.000000    37.000000    13.000000    20.000000    38.000000    58.000000    62.000000    52.000000    36.000000    31.000000    79.000000    32.000000    32.000000    46.000000    41.000000    52.000000    41.000000    60.000000    36.000000    49.000000    51.000000    71.000000    76.000000   179.000000    60.000000    12.000000     7.000000    11.000000    30.000000   112.000000   118.000000    74.000000    27.000000    42.000000    49.000000    89.000000   165.000000   138.000000   215.000000   151.000000   307.000000
   853.270630    13.000000    28.000000    28.000000    31.000000    21.000000    29.000000    28.000000    34.000000    31.000000     5.000000    38.000000    34.000000    30.000000    27.000000    34.000000    28.000000    26.000000    43.000000    18.000000    33.000000    22.000000    32.000000    16.000000    55.000000    32.000000    50.000000    25.000000    18.000000     8.000000    40.000000    30.000000    28.000000    26.000000    41.000000    27.000000    46.000000    73.000000    45.000000     9.000000    42.000000    93.000000    22.000000    45.000000    31.000000    37.000000    18.000000    32.000000    65.000000    54.000000    66.000000    59.000000    51.000000    74.000000   175.000000    49.000000    24.000000    23.000000    15.000000    43.000000    61.000000    97.000000    38.000000    42.000000    33.000000    63.000000    87.000000   165.000000   153.000000   175.000000   159.000000   293.000000
   854.636475    15.000000    38.000000    20.000000    24.000000    36.000000    29.000000    40.000000    25.000000    33.000000    24.000000    33.000000    44.000000     0.000000    29.000000    26.000000    22.000000    34.000000    40.000000    57.000000    17.000000    16.000000    25.000000    16.000000    19.000000    23.000000    23.000000    32.000000    33.000000    22.000000    24.000000    23.000000    34.000000    52.000000    33.000000    59.000000    65.000000    59.000000    29.000000    36.000000    39.000000    78.000000    46.000000    34.000000    39.000000    53.000000    38.000000    32.000000    56.000000    31.000000    36.000000    45.000000    71.000000    69.000000   180.000000    48.000000    33.000000     8.000000     7.000000    41.000000    78.000000    90.000000    72.000000    32.000000    41.000000    39.000000    93.000000   122.000000   123.000000   198.000000   102.000000   302.000000
   856.002808    20.000000    56.000000    25.000000    60.000000    49.000000    41.000000    39.000000    47.000000    27.000000    31.000000     4.000000    39.000000    15.000000    27.000000     7.000000    28.000000    23.000000    30.000000    37.000000    34.000000    38.000000    18.000000    12.000000    57.000000    14.000000    24.000000    40.000000    41.000000    28.000000    18.000000    24.000000    42.000000    25.000000    35.000000    49.000000    64.000000    48.000000    45.000000    22.000000    47.000000    69.000000    22.000000    42.000000    39.000000    45.000000    55.000000    39.000000    63.000000    33.000000    16.000000    36.000000    64.000000    26.000000   178.000000    39.000000    29.000000     8.000000    -2.000000    81.000000    84.000000   102.000000    56.000000    52.000000    31.000000    35.000000    79.000000   187.000000    96.000000   192.000000   118.000000   278.000000
   857.369629    23.000000    47.000000    38.000000    21.000000    23.000000    24.000000    36.000000    49.000000    41.000000    20.000000     9.000000    37.000000    38.000000    36.000000    20.000000    29.000000    24.000000    27.000000    32.000000    47.000000    39.000000    31.000000    -7.000000    30.000000    26.000000    20.000000    28.000000    28.000000    36.000000    45.000000    34.000000    26.000000    22.000000    30.000000    61.000000    56.000000    45.000000    42.000000    34.000000    41.000000    66.000000    42.000000    30.000000    59.000000    53.000000    37.000000    53.000000    61.000000    29.000000    30.000000    56.000000    72.000000    54.000000   176.000000    48.000000    29.000000    17.000000     5.000000    48.000000    72.000000    92.000000    53.000000    53.000000    29.000000    50.000000    94.000000   147.000000   126.000000   190.000000   129.000000   288.000000
   858.736877    18.000000    -4.000000    39.000000    31.000000    27.000000    28.000000    38.000000    33.000000    30.000000     5.000000    36.000000    39.000000    37.000000    24.000000    27.000000    42.000000    19.000000    28.000000    18.000000    59.000000    21.000000     7.000000    31.000000    15.000000    17.000000    28.000000    22.000000    41.000000    47.000000    17.000000    22.000000    27.000000    25.000000    23.000000    52.000000    55.000000    41.000000    31.000000    17.000000    31.000000    90.000000    24.000000    29.000000    43.000000    25.000000    38.000000    50.000000    73.000000    32.000000    40.000000    36.000000    74.000000    54.000000   200.000000    46.000000     2.000000    14.000000    19.000000    57.000000    65.000000    78.000000    55.000000    31.000000    32.000000    49.000000    79.000000   151.000000   117.000000   170.000000   128.000000   297.000000
   860.104614    13.000000    23.000000    39.000000    40.000000    31.000000    24.000000    39.000000    27.000000    59.000000    10.000000     9.000000    29.000000    30.000000    30.000000    31.000000    27.000000     0.000000    22.000000    15.000000    51.000000    13.000000    36.000000    13.000000    16.000000    24.000000    25.000000    26.000000    -4.000000    27.000000    27.000000    28.000000    22.000000    20.000000    27.000000    58.000000    47.000000    47.000000    52.000000    36.000000    24.000000    82.000000    35.000000    45.000000    43.000000    50.000000    27.000000    53.000000    58.000000    29.000000    31.000000    46.000000    63.000000    44.000000   182.000000    26.000000    33.000000    12.000000    23.000000    58.000000    65.000000    93.000000    67.000000    37.000000    26.000000    56.000000    95.000000   135.000000   119.000000   159.000000   135.000000   270.000000
   861.472900    18.000000    23.000000    10.000000    29.000000    42.000000    30.000000    30.000000    14.000000    33.000000    39.000000    27.000000    32.000000    20.000000    29.000000    13.000000    44.000000    18.000000     3.000000    24.000000    29.000000    14.000000    13.000000     8.000000    27.000000    15.000000    21.000000    20.000000    23.000000    34.000000    19.000000    30.000000    33.000000    35.000000    29.000000    41.000000    54.000000    34.000000    29.000000    44.000000    57.000000    76.000000    40.000000    45.000000    43.000000    45.000000    41.000000    22.000000    51.000000    46.000000    25.000000    49.000000    78.000000    58.000000   179.000000    44.000000    22.000000     6.000000     5.000000    60.000000    57.000000    89.000000    64.000000    46.000000    46.000000    55.000000    73.000000   129.000000   101.000000   159.000000   109.000000   257.000000
   862.841614    10.000000    15.000000    47.000000    26.000000    27.000000    18.000000    38.000000    56.000000    32.000000    18.000000    38.000000    16.000000    26.000000    31.000000    42.000000    37.000000    26.000000    20.000000    37.000000    39.000000    10.000000    34.000000    17.000000    16.000000    21.000000    24.000000    13.000000    17.000000     3.000000    19.000000    27.000000    50.000000    22.000000    22.000000    46.000000    56.000000    62.000000    29.000000     7.000000    18.000000    75.000000    41.000000    14.000000    46.000000    39.000000    22.000000    37.000000    77.000000    41.000000    11.000000    32.000000    90.000000    66.000000   164.000000    21.000000    15.000000    22.000000    14.000000    63.000000   103.000000    98.000000    84.000000    46.000000    47.000000    64.000000    62.000000   148.000000   137.000000   153.000000   146.000000   254.000000
   864.210815    33.000000    32.000000    35.000000    31.000000    41.000000    34.000000    29.000000    45.000000    27.000000    15.000000    12.000000    19.000000    30.000000    17.000000    15.000000    14.000000    23.000000    32.000000    38.000000    37.000000    28.000000    29.000000    22.000000    26.000000    14.000000    38.000000    31.000000    30.000000    16.000000    20.000000    32.000000    26.000000    34.000000    16.000000    29.000000    54.000000    55.000000    20.000000    41.000000    27.000000    66.000000    36.000000    22.000000    42.000000    39.000000    33.000000    27.000000    29.000000    25.000000    43.000000    40.000000    69.000000    52.000000   143.000000    21.000000     7.000000    20.000000    -3.000000    64.000000    67.000000    97.000000    50.000000    49.000000    31.000000    73.000000    60.000000   135.000000   120.000000   131.000000   152.000000   272.000000
   865.580383     5.000000    23.000000    32.000000    41.000000    50.000000    32.000000    29.000000    29.000000    22.000000    27.000000    21.000000    27.000000    13.000000    22.000000    17.000000    47.000000     6.000000    18.000000    36.000000    37.000000    32.000000    18.000000    11.000000    13.000000    10.000000    23.000000    23.000000    27.000000    30.000000    23.000000     6.000000    23.000000    36.000000    14.000000    24.000000    46.000000    49.000000    43.000000    21.000000    24.000000    71.000000    46.000000    31.000000    49.000000    33.000000    43.000000    38.000000    69.000000    28.000000    28.000000    31.000000    76.000000    42.000000   166.000000    31.000000    20.000000    10.000000    21.000000    69.000000    49.000000    77.000000    73.000000    61.000000    60.000000    31.000000    74.000000   142.000000   113.000000   157.000000   146.000000   252.000000
   866.950623    18.000000    30.000000    35.000000    28.000000    44.000000    48.000000    29.000000    37.000000    54.000000    17.000000     3.000000    41.000000    30.000000    44.000000    26.000000    23.000000    38.000000    23.000000    28.000000    35.000000    30.000000    18.000000    16.000000     7.000000    17.000000    29.000000    22.000000    21.000000    32.000000    49.000000    16.000000    13.000000    16.000000     2.000000    38.000000    62.000000    69.000000    39.000000    36.000000    24.000000    70.000000    43.000000    31.000000    52.000000    55.000000    32.000000    39.000000    24.000000    47.000000    27.000000    53.000000    70.000000    37.000000   155.000000    45.000000    29.000000    21.000000    -3.000000    58.000000    49.000000    77.000000    41.000000    23.000000    34.000000    47.000000    69.000000   121.000000   105.000000   148.000000   137.000000   263.000000
   868.321289    20.000000    21.000000    19.000000    25.000000    41.000000    26.000000    29.000000    36.000000    40.000000    35.000000    28.000000    37.000000    20.000000    -8.000000    37.000000    32.000000    28.000000    43.000000    10.000000    27.000000    15.000000    -5.000000     6.000000    14.000000    19.000000    29.000000    51.000000    29.000000    25.000000    36.000000    36.000000    23.000000     4.000000    15.000000    41.000000    71.000000    51.000000    55.000000    37.000000    24.000000    81.000000    52.000000    35.000000    40.000000    43.000000    34.000000    44.000000    36.000000    19.000000    40.000000    60.000000    69.000000    49.000000   164.000000    32.000000    31.000000     8.000000    18.000000    54.000000    67.000000    84.000000    52.000000    47.000000    44.000000    58.000000    96.000000   138.000000   113.000000   139.000000   102.000000   263.000000
   869.692383    21.000000    24.000000    34.000000    42.000000    35.000000    32.000000    36.000000    41.000000    20.000000    21.000000    40.000000    35.000000    28.000000    41.000000    37.000000    35.000000    34.000000    18.000000    15.000000    18.000000    34.000000     3.000000    17.000000     0.000000    25.000000    11.000000    12.000000    18.000000    33.000000    21.000000    32.000000    24.000000    23.000000    21.000000    65.000000    51.000000    51.000000    30.000000    35.000000    24.000000    61.000000    35.000000    34.000000    44.000000    54.000000    37.000000    32.000000    53.000000    23.000000    34.000000    38.000000    73.000000    56.000000   175.000000    51.000000    18.000000    18.000000    15.000000    50.000000    44.000000    88.000000    54.000000    23.000000    26.000000    42.000000    53.000000   115.000000    96.000000   163.000000   104.000000   238.000000
   871.064026    23.000000    35.000000    13.000000    31.000000    39.000000    15.000000    30.000000    45.000000    46.000000    32.000000    16.000000    48.000000    28.000000    42.000000    13.000000    12.000000     8.000000    35.000000    31.000000    37.000000    23.000000    31.000000    26.000000    37.000000    27.000000    20.000000    45.000000    25.000000    19.000000    13.000000     7.000000    33.000000    16.000000    24.000000    40.000000    33.000000    43.000000    33.000000    33.000000    24.000000    85.000000    36.000000    39.000000    29.000000    50.000000    28.000000    53.000000    41.000000    40.000000    18.000000    40.000000    80.000000    58.000000   143.000000    40.000000     7.000000     3.000000     4.000000    74.000000    71.000000    78.000000    59.000000    38.000000    41.000000    43.000000    64.000000    97.000000   104.000000   148.000000   127.000000   198.000000
   872.436096    24.000000     8.000000    23.000000    39.000000    40.000000    11.000000    11.000000    39.000000    31.000000    38.000000    26.000000    37.000000    32.000000    30.000000    18.000000    25.000000    17.000000    28.000000    17.000000    38.000000    16.000000     0.000000     5.000000    30.000000    13.000000    23.000000    15.000000    14.000000     3.000000    22.000000     3.000000    19.000000    23.000000     9.000000    27.000000    52.000000    80.000000    42.000000    31.000000    49.000000    40.000000    20.000000    32.000000    46.000000    64.000000    30.000000    30.000000    60.000000    39.000000    29.000000    24.000000    66.000000    55.000000   158.000000    20.000000    20.000000    -7.000000    10.000000    40.000000    48.000000    91.000000    62.000000    18.000000    39.000000    47.000000    56.000000    98.000000   108.000000   146.000000   116.000000   219.000000
   873.808716    49.000000    27.000000    10.000000    44.000000    22.000000    22.000000    36.000000    28.000000    32.000000    20.000000    27.000000    28.000000    14.000000    31.000000    22.000000    16.000000    36.000000    25.000000    10.000000    38.000000    30.000000    18.000000     2.000000    23.000000    28.000000    -6.000000    26.000000    16.000000    28.000000    28.000000    20.000000    26.000000    11.000000    -2.000000    42.000000    32.000000    41.000000    33.000000    27.000000    16.000000    73.000000    41.000000    15.000000    48.000000    44.000000    62.000000    42.000000    31.000000    33.000000    22.000000    29.000000    46.000000    36.000000   144.000000    43.000000    25.000000     4.000000    -5.000000    47.000000    34.000000    85.000000    66.000000    36.000000    22.000000    64.000000    87.000000   112.000000   107.000000   140.000000   114.000000   210.000000
   875.181702    20.000000    19.000000    21.000000    37.000000    33.000000    32.000000    29.000000    27.000000    34.000000    30.000000    23.000000    19.000000     4.000000    22.000000    25.000000    28.000000    16.000000    18.000000    32.000000    15.000000    31.000000    16.000000    32.000000    22.000000    34.000000    19.000000    20.000000    15.000000    28.000000    28.000000    37.000000    31.000000    29.000000    21.000000    36.000000    48.000000    41.000000    23.000000    24.000000    34.000000    62.000000    35.000000    20.000000    33.000000    43.000000    42.000000    29.000000    58.000000    22.000000    30.000000    21.000000    59.000000    41.000000   182.000000    38.000000    24.000000     4.000000    19.000000    53.000000    44.000000    87.000000    50.000000    37.000000    23.000000    56.000000    57.000000    94.000000   101.000000   144.000000   128.000000   234.000000
   876.555176    29.000000    22.000000    21.000000    23.000000    31.000000    33.000000    33.000000    24.000000    35.000000    11.000000    10.000000    18.000000    25.000000    17.000000    24.000000    33.000000    37.000000    28.000000    35.000000    19.000000    19.000000    20.000000    15.000000    27.000000    28.000000    14.000000    11.000000     1.000000    22.000000    10.000000    27.000000    34.000000    23.000000     6.000000    41.000000    57.000000    33.000000    37.000000    29.000000    46.000000    55.000000    34.000000    13.000000    20.000000    40.000000    26.000000    35.000000    46.000000    39.000000    25.000000    47.000000    44.000000    62.000000   166.000000    45.000000     8.000000     9.000000    19.000000    31.000000    50.000000    87.000000    68.000000    46.000000    22.000000    30.000000    45.000000    91.000000    82.000000   149.000000    96.000000   235.000000
   877.929199    30.000000    33.000000    17.000000    40.000000    30.000000    11.000000    24.000000    31.000000    18.000000    31.000000     7.000000    10.000000    18.000000    17.000000    19.000000    26.000000    29.000000     5.000000    30.000000    33.000000    41.000000    -4.000000     4.000000    22.000000     2.000000     8.000000    34.000000    33.000000    28.000000    24.000000    27.000000     2.000000    29.000000     4.000000    49.000000    35.000000    53.000000    26.000000    20.000000    17.000000    72.000000    35.000000    29.000000    37.000000    47.000000    40.000000    49.000000    43.000000    39.000000    29.000000    43.000000    72.000000    68.000000   143.000000    32.000000    16.000000    32.000000     4.000000    48.000000    87.000000    57.000000    44.000000    26.000000    27.000000    38.000000    84.000000   109.000000    88.000000   121.000000   110.000000   213.000000
   879.303711    21.000000    10.000000    14.000000    33.000000    27.000000    13.000000    33.000000    18.000000    30.000000    24.000000    31.000000    -5.000000    24.000000    27.000000    30.000000    26.000000    13.000000    32.000000    10.000000    32.000000    28.000000    19.000000     1.000000    32.000000    20.000000    27.000000    34.000000    29.000000    21.000000    26.000000    11.000000    38.000000    17.000000    30.000000    40.000000    46.000000    57.000000    52.000000    28.000000    30.000000    54.000000    34.000000    42.000000    27.000000    63.000000    22.000000    26.000000    41.000000    44.000000    43.000000    33.000000    69.000000    42.000000   147.000000    48.000000    21.000000     7.000000    10.000000    50.000000    63.000000    78.000000    38.000000    30.000000    17.000000    35.000000    51.000000   132.000000   125.000000   134.000000   113.000000   178.000000
   880.678589    20.000000    20.000000    12.000000    41.000000    28.000000    39.000000    30.000000    45.000000    32.000000    26.000000     3.000000    22.000000    25.000000    30.000000     6.000000    39.000000    37.000000    25.000000    23.000000    35.000000    30.000000    31.000000    14.000000    11.000000    14.000000    21.000000    33.000000    23.000000    34.000000    31.000000    10.000000    38.000000    23.000000    22.000000    33.000000    49.000000    59.000000    28.000000    36.000000    34.000000    65.000000    35.000000    35.000000    15.000000    33.000000    40.000000    45.000000    43.000000    23.000000    38.000000    36.000000    75.000000    43.000000   164.000000    51.000000    29.000000     7.000000    11.000000    45.000000    55.000000    76.000000    50.000000    35.000000    26.000000    29.000000    62.000000    86.000000   113.000000   102.000000   106.000000   208.000000
   882.054077     9.000000    20.000000    28.000000    31.000000    52.000000    32.000000    14.000000    46.000000     9.000000    39.000000    22.000000    28.000000    16.000000    24.000000    15.000000    40.000000    17.000000    23.000000    14.000000    36.000000    41.000000    19.000000    12.000000    37.000000    37.000000    23.000000    23.000000    -4.000000    41.000000    26.000000    18.000000    47.000000    22.000000    23.000000    31.000000    32.000000    56.000000    26.000000    24.000000    20.000000    57.000000    37.000000    35.000000    20.000000    35.000000    29.000000    22.000000    49.000000    29.000000    27.000000    45.000000    63.000000    70.000000   126.000000    54.000000    24.000000    -6.000000    12.000000    46.000000    58.000000   120.000000    41.000000    13.000000    51.000000    53.000000    59.000000   109.000000    89.000000   131.000000    96.000000   209.000000
   883.429993    24.000000    42.000000    19.000000    48.000000    14.000000    42.000000    19.000000     7.000000    31.000000     6.000000    20.000000    26.000000    14.000000     3.000000    13.000000    38.000000    21.000000     2.000000     9.000000    32.000000    24.000000    17.000000     1.000000    26.000000     7.000000    28.000000    21.000000    41.000000    26.000000    21.000000    31.000000    -3.000000    20.000000    16.000000    57.000000     5.000000    46.000000    34.000000    20.000000    18.000000    64.000000    53.000000    24.000000    54.000000    40.000000    35.000000    45.000000    45.000000    45.000000    39.000000    50.000000    54.000000    44.000000   134.000000    31.000000    17.000000     4.000000    16.000000    43.000000    52.000000    87.000000    34.000000    33.000000    44.000000    28.000000    70.000000    88.000000   137.000000   149.000000    87.000000   204.000000
   884.806396    10.000000    38.000000    31.000000    21.000000    37.000000    23.000000    36.000000    15.000000    39.000000    31.000000    25.000000    26.000000    25.000000     8.000000     5.000000    28.000000    14.000000    36.000000    13.000000    42.000000    -7.000000    13.000000     3.000000    24.000000    32.000000    15.000000    10.000000    20.000000     4.000000     9.000000    14.000000    19.000000    15.000000    18.000000    40.000000    53.000000    59.000000    28.000000    18.000000    26.000000    40.000000    38.000000    40.000000    36.000000    37.000000    27.000000    21.000000    23.000000    26.000000    38.000000    32.000000    70.000000    62.000000   123.000000    54.000000     6.000000    -5.000000    13.000000    49.000000    55.000000    95.000000    58.000000    25.000000    36.000000    44.000000    56.000000   104.000000    77.000000   118.000000   119.000000   221.000000
   886.183289    16.000000    28.000000    35.000000    39.000000    40.000000    10.000000    30.000000    16.000000    21.000000    11.000000    28.000000    32.000000    29.000000    21.000000    15.000000    14.000000    18.000000    36.000000     5.000000    26.000000    24.000000    13.000000    10.000000    29.000000    25.000000    24.000000    36.000000    14.000000    19.000000    20.000000    20.000000    17.000000     8.000000    19.000000    23.000000    39.000000    36.000000    44.000000    31.000000    12.000000    59.000000    34.000000    31.000000    32.000000    30.000000    37.000000     8.000000    41.000000    34.000000    45.000000    38.000000    58.000000    47.000000    94.000000    27.000000    10.000000    10.000000    -6.000000    38.000000    44.000000    69.000000    42.000000    44.000000    34.000000    35.000000    50.000000    86.000000    71.000000   126.000000    99.000000   219.000000
   887.560730    20.000000    35.000000    12.000000    40.000000    14.000000    14.000000    44.000000    22.000000    37.000000    18.000000    21.000000    35.000000     0.000000    32.000000    39.000000    22.000000    46.000000    16.000000    12.000000    51.000000    10.000000    27.000000     9.000000     7.000000    12.000000    22.000000    10.000000    34.000000    15.000000    25.000000    18.000000    10.000000    23.000000    22.000000    30.000000    43.000000    21.000000    18.000000    28.000000    18.000000    39.000000    57.000000    10.000000    21.000000    32.000000    20.000000    32.000000    42.000000    38.000000    27.000000    22.000000    60.000000    41.000000   113.000000    42.000000    23.000000    -5.000000     9.000000    35.000000    51.000000    62.000000    50.000000    35.000000    39.000000    35.000000    65.000000    73.000000    72.000000   143.000000   113.000000   181.000000
   888.938477    22.000000    31.000000    18.000000    25.000000     7.000000    27.000000    34.000000    14.000000     7.000000    24.000000    -4.000000   -14.000000     1.000000    15.000000    17.000000    39.000000    28.000000    16.000000     7.000000    41.000000    35.000000     1.000000    28.000000     1.000000    12.000000    10.000000     9.000000    26.000000    25.000000    19.000000     2.000000    25.000000     3.000000    32.000000    43.000000    17.000000    44.000000    34.000000    23.000000    13.000000    38.000000    27.000000    13.000000    32.000000    28.000000    35.000000    48.000000    37.000000    11.000000    37.000000    25.000000    59.000000    39.000000   115.000000    35.000000    13.000000     0.000000     2.000000    70.000000    40.000000    84.000000    53.000000    35.000000    19.000000    40.000000    46.000000    85.000000    80.000000   104.000000    85.000000   224.000000
   890.316772     8.000000    22.000000    26.000000    18.000000    22.000000    25.000000    17.000000    10.000000    27.000000    27.000000    11.000000     9.000000    24.000000    20.000000    26.000000    -7.000000    26.000000    16.000000     6.000000    24.000000    14.000000    14.000000    25.000000    10.000000     1.000000    20.000000     7.000000    12.000000     9.000000    20.000000    11.000000    34.000000    17.000000    -3.000000    36.000000    41.000000    43.000000    33.000000    28.000000    25.000000    31.000000    29.000000    15.000000    17.000000    42.000000    30.000000    47.000000    12.000000    28.000000    17.000000    28.000000    75.000000    48.000000   143.000000    23.000000     8.000000     7.000000    11.000000    49.000000    48.000000    71.000000    45.000000    26.000000    39.000000    47.000000    68.000000    78.000000    77.000000   121.000000    71.000000   220.000000
   891.695618     6.000000    21.000000    22.000000    33.000000    27.000000    10.000000    18.000000    25.000000    37.000000    22.000000    17.000000    34.000000    23.000000    20.000000     3.000000    16.000000    25.000000    16.000000    19.000000    27.000000    11.000000     9.000000     2.000000    18.000000     9.000000    14.000000    22.000000     6.000000    17.000000     7.000000    19.000000    23.000000    19.000000     1.000000    29.000000    24.000000    48.000000    25.000000    16.000000    22.000000    72.000000    40.000000    17.000000    40.000000    30.000000    46.000000    23.000000    26.000000    29.000000     8.000000    54.000000    73.000000    20.000000   126.000000    22.000000    14.000000   -11.000000    20.000000    56.000000    41.000000    72.000000    26.000000    39.000000     6.000000    46.000000    61.000000    73.000000    64.000000    97.000000    81.000000   181.000000
   893.074829    15.000000    28.000000    30.000000    35.000000    19.000000    16.000000    23.000000    21.000000    23.000000    24.000000    18.000000    24.000000    22.000000     8.000000    -1.000000    32.000000    30.000000    21.000000    23.000000    24.000000     6.000000    23.000000    36.000000     8.000000     3.000000     1.000000     9.000000    20.000000    26.000000     1.000000    29.000000    13.000000    30.000000     1.000000    33.000000    32.000000    52.000000    13.000000    20.000000    30.000000    45.000000    21.000000    20.000000    22.000000     9.000000     9.000000    27.000000    52.000000    17.000000    22.000000    26.000000    30.000000    24.000000   132.000000    57.000000     1.000000    29.000000     1.000000    39.000000    45.000000    80.000000    48.000000    17.000000    14.000000    34.000000    71.000000    76.000000    80.000000   122.000000    85.000000   148.000000
   894.454590     7.000000    30.000000    24.000000    46.000000    26.000000    25.000000    27.000000    26.000000    29.000000    28.000000    30.000000    21.000000    28.000000    14.000000    24.000000    31.000000    22.000000    20.000000    16.000000    28.000000     4.000000    10.000000    12.000000    10.000000    23.000000    31.000000    21.000000    24.000000     2.000000    13.000000    26.000000    19.000000    15.000000    23.000000    30.000000    28.000000    32.000000    28.000000    23.000000    35.000000    60.000000    12.000000    32.000000    29.000000    46.000000    33.000000    22.000000    53.000000    33.000000    21.000000    27.000000    50.000000    34.000000   139.000000    12.000000     0.000000    -4.000000    13.000000    61.000000    29.000000    75.000000    45.000000    17.000000    33.000000    57.000000    39.000000    86.000000    96.000000   114.000000    94.000000   168.000000
   895.834778     6.000000    26.000000    29.000000    31.000000    34.000000    29.000000     7.000000    16.000000    19.000000    24.000000    21.000000    26.000000    39.000000    33.000000    24.000000    28.000000    22.000000    21.000000    11.000000    -4.000000    22.000000    12.000000     9.000000    44.000000    17.000000    35.000000     3.000000     0.000000    22.000000    16.000000    22.000000    19.000000     9.000000    -4.000000    36.000000    31.000000    49.000000     2.000000     9.000000    19.000000    54.000000    21.000000    18.000000    30.000000    45.000000    45.000000    16.000000    63.000000    48.000000    31.000000    30.000000    44.000000    19.000000   116.000000    38.000000    10.000000    13.000000    14.000000    46.000000    46.000000    69.000000    46.000000    11.000000    31.000000    40.000000    31.000000    62.000000    79.000000   117.000000   102.000000   159.000000
   897.215576     5.000000    44.000000     9.000000     8.000000    38.000000    21.000000    29.000000    31.000000    32.000000    31.000000    23.000000    19.000000    36.000000    28.000000    22.000000    11.000000    21.000000    12.000000    42.000000    -2.000000    37.000000    -8.000000     4.000000    31.000000    18.000000    28.000000    26.000000     6.000000    21.000000     7.000000    22.000000    19.000000    20.000000    14.000000    31.000000    15.000000    36.000000    52.000000    22.000000    25.000000    35.000000    27.000000    19.000000    17.000000    33.000000    28.000000    26.000000    52.000000    33.000000    48.000000    10.000000    51.000000    27.000000   112.000000    22.000000    14.000000     9.000000    15.000000    47.000000    58.000000    93.000000    38.000000    17.000000    25.000000    42.000000    22.000000    88.000000    80.000000   102.000000    91.000000   149.000000
   898.596802    12.000000    29.000000    21.000000    34.000000    15.000000     6.000000    23.000000    18.000000    14.000000    15.000000    37.000000    35.000000    17.000000    -3.000000     4.000000   -14.000000    24.000000    16.000000    12.000000    11.000000    53.000000     8.000000    20.000000    21.000000    27.000000    26.000000    29.000000    24.000000    28.000000    12.000000    18.000000    17.000000     2.000000    17.000000    26.000000    31.000000    41.000000    38.000000    24.000000    32.000000    46.000000    36.000000    18.000000    29.000000    27.000000    11.000000    16.000000    16.000000    19.000000    29.000000    24.000000    39.000000    39.000000   101.000000    18.000000    12.000000    16.000000     3.000000    42.000000    65.000000    81.000000    43.000000    12.000000    26.000000    35.000000    33.000000    85.000000    74.000000   107.000000    86.000000   152.000000
   899.978516    14.000000    35.000000    10.000000     3.000000    21.000000    30.000000    30.000000     8.000000    20.000000    25.000000    -7.000000    29.000000    13.000000    10.000000    34.000000    21.000000    22.000000    -3.000000    21.000000    23.000000    10.000000    -6.000000     3.000000    16.000000    14.000000     5.000000    23.000000    30.000000    17.000000    22.000000    11.000000     7.000000    16.000000    31.000000    30.000000    21.000000    32.000000    33.000000    25.000000    28.000000    35.000000    23.000000    13.000000    13.000000    47.000000    27.000000    33.000000    38.000000    16.000000    27.000000    27.000000    46.000000    32.000000    82.000000    26.000000    30.000000     6.000000   -14.000000    28.000000    58.000000    50.000000    42.000000    22.000000    26.000000    37.000000    32.000000    65.000000    76.000000   114.000000    87.000000   157.000000
   901.360596    13.000000    16.000000     9.000000    27.000000    30.000000    16.000000    24.000000    33.000000    17.000000    18.000000    12.000000    28.000000    22.000000     3.000000    -8.000000    28.000000    22.000000    23.000000    20.000000    18.000000    15.000000     7.000000    23.000000    13.000000    17.000000    14.000000    21.000000    31.000000    10.000000    15.000000     9.000000    16.000000    21.000000    22.000000    32.000000    30.000000    22.000000    27.000000    24.000000    10.000000    59.000000     8.000000     6.000000    20.000000    38.000000    56.000000    24.000000    34.000000    39.000000    35.000000    15.000000    56.000000    36.000000   128.000000    26.000000     2.000000    14.000000    14.000000    32.000000    35.000000    69.000000    33.000000    24.000000    28.000000    31.000000    52.000000    66.000000    64.000000    84.000000    74.000000   175.000000
   902.743286    18.000000    21.000000     2.000000     3.000000    15.000000    21.000000     3.000000     4.000000    16.000000    15.000000    20.000000    22.000000     7.000000    15.000000    -4.000000    11.000000    30.000000    23.000000     9.000000    12.000000     4.000000    22.000000    15.000000     0.000000    20.000000     6.000000    23.000000     4.000000    16.000000     9.000000    20.000000    15.000000    10.000000     8.000000    22.000000    27.000000    25.000000    34.000000    30.000000    19.000000    62.000000    15.000000    19.000000    41.000000    32.000000    29.000000    39.000000    33.000000     8.000000    29.000000    28.000000    54.000000    33.000000   111.000000    48.000000    12.000000    18.000000    -4.000000    43.000000    33.000000    71.000000    32.000000    36.000000    30.000000    43.000000    47.000000    53.000000    77.000000   120.000000    54.000000   134.000000
   904.126404    -4.000000    20.000000    22.000000    18.000000    12.000000     9.000000    31.000000    15.000000     8.000000    13.000000    19.000000    19.000000     4.000000    25.000000    28.000000    30.000000    27.000000     0.000000    26.000000    -4.000000    15.000000    10.000000    13.000000    13.000000    28.000000    13.000000    24.000000    18.000000    19.000000    23.000000    18.000000    25.000000    17.000000    16.000000    10.000000    21.000000    38.000000    18.000000    11.000000    28.000000    49.000000    30.000000    10.000000    37.000000    30.000000    19.000000    16.000000    21.000000    39.000000    42.000000    16.000000    45.000000    35.000000   102.000000    32.000000    24.000000    12.000000    11.000000    35.000000    36.000000    57.000000    29.000000    24.000000    27.000000    24.000000    53.000000    68.000000    71.000000    98.000000    89.000000   142.000000
   905.510010    18.000000    18.000000    27.000000    20.000000    15.000000    10.000000    22.000000    11.000000     6.000000    28.000000    14.000000    37.000000    42.000000    14.000000    27.000000    35.000000    16.000000    24.000000    16.000000     6.000000    24.000000     7.000000    15.000000    11.000000    -5.000000    13.000000    15.000000    18.000000    21.000000    24.000000    27.000000    33.000000    13.000000    11.000000    32.000000    42.000000    25.000000    29.000000     5.000000    43.000000    34.000000    26.000000    40.000000     8.000000    18.000000    22.000000    30.000000    34.000000    29.000000    33.000000    12.000000    51.000000    22.000000    84.000000    39.000000    14.000000    11.000000    13.000000    31.000000    37.000000    56.000000    16.000000    10.000000    10.000000    27.000000     8.000000    54.000000    97.000000   105.000000    66.000000   135.000000
   906.893982     3.000000    23.000000    11.000000     1.000000    35.000000     7.000000    12.000000    23.000000    24.000000     6.000000    19.000000    18.000000    11.000000    28.000000    29.000000    32.000000    18.000000    -3.000000    30.000000     8.000000    28.000000    19.000000    17.000000    26.000000    27.000000    25.000000    18.000000    19.000000    28.000000     8.000000    23.000000    23.000000     1.000000    22.000000    32.000000     4.000000    37.000000    48.000000    16.000000    14.000000    40.000000    18.000000    16.000000    42.000000    29.000000    19.000000    27.000000    39.000000    41.000000    28.000000    17.000000    55.000000    42.000000   123.000000    21.000000     4.000000    18.000000     8.000000    17.000000    42.000000    47.000000    32.000000    26.000000     9.000000    22.000000    54.000000    70.000000    65.000000   104.000000    77.000000   134.000000
   908.278625     5.000000    21.000000    22.000000    31.000000    35.000000    16.000000    13.000000    19.000000    16.000000     8.000000     2.000000    14.000000    12.000000    22.000000    15.000000    30.000000    26.000000    31.000000    25.000000    21.000000    32.000000    11.000000    21.000000    19.000000    28.000000    22.000000     8.000000    12.000000    34.000000    34.000000    -1.000000    33.000000     7.000000     9.000000    39.000000    50.000000    40.000000    29.000000    19.000000    20.000000    41.000000    35.000000    15.000000    40.000000    20.000000     7.000000    42.000000    49.000000    27.000000    18.000000     1.000000    45.000000    33.000000   136.000000    12.000000    19.000000     7.000000     9.000000    22.000000    28.000000    54.000000    28.000000    28.000000    32.000000    21.000000    36.000000    45.000000    78.000000    96.000000    65.000000   139.000000
   909.663696    17.000000    12.000000     4.000000    24.000000    43.000000     6.000000    24.000000    24.000000    34.000000    13.000000     2.000000     6.000000    11.000000     8.000000    22.000000    32.000000    20.000000    13.000000    23.000000    40.000000    30.000000    26.000000     9.000000    13.000000    12.000000    19.000000    15.000000     6.000000    18.000000    20.000000     3.000000    22.000000    15.000000     6.000000    30.000000    15.000000    42.000000    34.000000    29.000000    10.000000    53.000000    25.000000    29.000000    36.000000    48.000000    16.000000    21.000000    25.000000    24.000000    15.000000    18.000000    31.000000    42.000000   116.000000    13.000000    16.000000    26.000000    14.000000    28.000000    56.000000    53.000000    35.000000    32.000000    41.000000    27.000000    55.000000    54.000000    73.000000    96.000000    68.000000   137.000000
   911.049194     4.000000    18.000000    24.000000    12.000000    34.000000     7.000000    11.000000    26.000000    20.000000    22.000000     5.000000    -2.000000    23.000000    21.000000    17.000000    19.000000    46.000000     3.000000    34.000000    26.000000    23.000000     1.000000    30.000000    33.000000    20.000000     5.000000     5.000000     5.000000    14.000000    13.000000    32.000000     5.000000    16.000000    10.000000    46.000000    16.000000    16.000000    38.000000     9.000000    36.000000    52.000000    34.000000    21.000000    37.000000    30.000000    38.000000    40.000000    55.000000    14.000000    23.000000    13.000000    37.000000    23.000000    93.000000    13.000000     4.000000     3.000000    15.000000    28.000000    35.000000    56.000000    31.000000    20.000000    27.000000    27.000000    59.000000    62.000000    72.000000   100.000000    82.000000   126.000000
   912.435181     9.000000    30.000000     9.000000    38.000000    26.000000     4.000000    25.000000    11.000000    29.000000    23.000000     9.000000    11.000000    11.000000    16.000000    -8.000000    12.000000    15.000000    19.000000     9.000000    31.000000   -23.000000     8.000000     8.000000    30.000000    13.000000    18.000000    33.000000     7.000000    20.000000     2.000000     9.000000    20.000000     4.000000    -7.000000    39.000000    16.000000    43.000000    28.000000    32.000000    19.000000    23.000000    12.000000    15.000000    25.000000    22.000000    21.000000     8.000000    29.000000    15.000000    22.000000    25.000000    40.000000    22.000000    79.000000    25.000000     6.000000     8.000000    21.000000    38.000000    42.000000    53.000000    34.000000    28.000000    26.000000    16.000000    43.000000    50.000000    73.000000    90.000000    64.000000   149.000000
   913.821716    21.000000    26.000000    21.000000    20.000000    34.000000    30.000000    -1.000000    11.000000    29.000000    18.000000     1.000000   -14.000000    20.000000    17.000000    49.000000    26.000000    32.000000     9.000000    23.000000    29.000000     2.000000    22.000000    16.000000    23.000000     6.000000     3.000000    15.000000     9.000000    18.000000    20.000000    19.000000    -1.000000    12.000000    10.000000    24.000000    21.000000    10.000000    22.000000    14.000000     4.000000    48.000000    17.000000    -6.000000    17.000000    34.000000    33.000000    17.000000    51.000000    10.000000    29.000000    35.000000    48.000000    30.000000    89.000000    17.000000    23.000000    21.000000    -5.000000    45.000000    42.000000    54.000000    35.000000    27.000000    26.000000    41.000000    15.000000    52.000000    60.000000    68.000000    91.000000   115.000000
   915.208618     8.000000    12.000000    12.000000    32.000000    24.000000    10.000000    -3.000000    21.000000     8.000000    13.000000    16.000000    16.000000    11.000000    10.000000     2.000000    15.000000     9.000000    25.000000    16.000000    14.000000    25.000000    10.000000    15.000000    13.000000    29.000000    30.000000    24.000000     5.000000     9.000000    18.000000    18.000000    15.000000   -13.000000    11.000000    42.000000    30.000000    41.000000    20.000000    26.000000    19.000000    36.000000    19.000000    36.000000    18.000000    43.000000    22.000000    18.000000    14.000000    34.000000    35.000000    21.000000    53.000000    27.000000    99.000000    19.000000    20.000000     0.000000    22.000000    32.000000    27.000000    45.000000    35.000000     5.000000    21.000000    39.000000    33.000000    64.000000    57.000000    86.000000    67.000000   130.000000
   916.596130    -3.000000    20.000000   -10.000000    19.000000    22.000000     4.000000    14.000000    33.000000   -14.000000    18.000000     3.000000     6.000000     2.000000    23.000000    20.000000    15.000000    37.000000    11.000000   -10.000000     4.000000    21.000000     9.000000   -15.000000    30.000000    36.000000    14.000000    20.000000    23.000000    16.000000     9.000000    12.000000    24.000000    17.000000    17.000000    27.000000    18.000000    24.000000    41.000000    46.000000    19.000000    42.000000    13.000000    25.000000    48.000000    53.000000    38.000000    27.000000    20.000000    28.000000    18.000000    23.000000    48.000000    11.000000   109.000000    31.000000    13.000000    16.000000    -7.000000    22.000000    51.000000    55.000000    35.000000    34.000000    21.000000    43.000000    49.000000    57.000000    33.000000    89.000000    72.000000   159.000000
   917.984009    16.000000    -7.000000    32.000000    12.000000     7.000000    16.000000    14.000000    -2.000000     8.000000    19.000000    12.000000     8.000000     8.000000    12.000000    -5.000000    20.000000    -1.000000    11.000000     4.000000    13.000000     3.000000    12.000000    13.000000    20.000000    11.000000    12.000000    11.000000    16.000000     4.000000    12.000000    28.000000    31.000000    11.000000    11.000000    17.000000    32.000000    47.000000     3.000000    11.000000    19.000000    26.000000    -9.000000    16.000000    41.000000    21.000000    10.000000     8.000000    13.000000    16.000000     6.000000     6.000000    49.000000    32.000000    88.000000    16.000000     0.000000     5.000000    10.000000    33.000000    34.000000    56.000000    14.000000    12.000000     6.000000    20.000000    45.000000    76.000000    51.000000    94.000000    70.000000   132.000000
   919.372375    25.000000    24.000000    21.000000    20.000000     5.000000    23.000000    19.000000    10.000000    45.000000    -4.000000     9.000000    26.000000    16.000000    12.000000    15.000000    21.000000    19.000000    27.000000    18.000000    -9.000000   -12.000000    16.000000    12.000000    25.000000    15.000000    16.000000     9.000000    20.000000    12.000000    -3.000000    19.000000    35.000000    11.000000    11.000000    20.000000    37.000000     7.000000    -4.000000    14.000000    23.000000    33.000000     3.000000    15.000000    11.000000    37.000000    21.000000    21.000000    19.000000    18.000000    14.000000    26.000000    45.000000    33.000000   104.000000    16.000000    12.000000     6.000000    39.000000    22.000000    47.000000    68.000000    37.000000    11.000000    15.000000    19.000000    44.000000    64.000000    44.000000    98.000000    86.000000   109.000000
   920.761292     6.000000    23.000000    17.000000    15.000000    14.000000    21.000000    12.000000    20.000000    30.000000    14.000000    29.000000    -4.000000    17.000000    15.000000    13.000000     5.000000    25.000000    33.000000    11.000000     1.000000    19.000000     1.000000    10.000000    19.000000     0.000000    17.000000    13.000000     4.000000    33.000000     0.000000    21.000000    26.000000    13.000000    15.000000    32.000000    26.000000    27.000000    31.000000    17.000000     9.000000    22.000000    22.000000    12.000000    25.000000    18.000000    24.000000    23.000000    32.000000    31.000000    23.000000    10.000000    51.000000    45.000000    89.000000    41.000000     2.000000    -6.000000     9.000000    34.000000    47.000000    56.000000    35.000000    20.000000    18.000000    26.000000    37.000000    51.000000    41.000000    64.000000    55.000000   114.000000
   922.150574    12.000000     6.000000     9.000000    24.000000    -2.000000     3.000000    20.000000    21.000000    25.000000    11.000000    26.000000    26.000000     2.000000    22.000000    14.000000    10.000000    15.000000    17.000000    16.000000    29.000000    12.000000    -1.000000    24.000000     6.000000    -2.000000    15.000000     5.000000    14.000000    29.000000     5.000000    18.000000     3.000000    24.000000    18.000000    24.000000    31.000000    30.000000    21.000000    10.000000    22.000000    30.000000    23.000000    22.000000    23.000000    28.000000    37.000000    11.000000    14.000000    18.000000    15.000000    18.000000    56.000000    22.000000    92.000000    29.000000     6.000000    10.000000     1.000000    25.000000    24.000000    46.000000    41.000000    26.000000    15.000000     1.000000    25.000000    50.000000    60.000000    69.000000    56.000000    87.000000
   923.540527     4.000000    16.000000    26.000000    14.000000    14.000000    39.000000    27.000000    32.000000    38.000000    22.000000     2.000000    -6.000000    11.000000    11.000000    11.000000     6.000000    28.000000    22.000000     8.000000    11.000000     6.000000    11.000000    -1.000000    20.000000    19.000000    17.000000    -3.000000     8.000000   -21.000000     5.000000    11.000000     9.000000    34.000000    12.000000    18.000000    35.000000    36.000000    22.000000    15.000000    16.000000    36.000000    11.000000    15.000000    21.000000     3.000000    27.000000    30.000000    10.000000    15.000000    16.000000    23.000000    29.000000    13.000000    80.000000    21.000000    17.000000    10.000000     1.000000    23.000000    30.000000    44.000000    38.000000    16.000000    28.000000     5.000000    50.000000    50.000000    31.000000    78.000000    38.000000   126.000000
   924.930786    19.000000     6.000000    29.000000    25.000000    28.000000     8.000000    19.000000    12.000000     0.000000    12.000000    14.000000    16.000000     6.000000    15.000000    20.000000    22.000000    18.000000    18.000000     0.000000    26.000000    16.000000    11.000000    12.000000    17.000000    -4.000000    13.000000     2.000000    11.000000   -11.000000    18.000000    14.000000    35.000000    14.000000    -1.000000    29.000000    54.000000    20.000000    20.000000     7.000000    20.000000    28.000000     8.000000    18.000000    20.000000    42.000000    21.000000    16.000000    29.000000     4.000000    17.000000    24.000000    52.000000    27.000000    73.000000    27.000000     4.000000    14.000000    -6.000000    44.000000    52.000000    39.000000    34.000000    28.000000    24.000000    42.000000    45.000000    66.000000    59.000000    60.000000    61.000000    87.000000
   926.321594    19.000000    15.000000     3.000000    28.000000    17.000000     7.000000    20.000000    22.000000     5.000000    13.000000    -8.000000    27.000000    11.000000    18.000000     4.000000    13.000000    21.000000    17.000000    12.000000     5.000000    20.000000    18.000000    32.000000     7.000000    -7.000000    16.000000     5.000000     6.000000    20.000000     3.000000     7.000000    17.000000    10.000000    11.000000    32.000000    33.000000    32.000000    -8.000000    30.000000    13.000000    34.000000    29.000000    11.000000    22.000000    34.000000    15.000000    14.000000    21.000000    12.000000    44.000000    14.000000    43.000000    30.000000    79.000000    21.000000    13.000000    -1.000000     7.000000    33.000000    37.000000    37.000000    39.000000    33.000000    12.000000    17.000000    38.000000    52.000000    40.000000    61.000000    74.000000   122.000000
   927.712891    29.000000    30.000000    26.000000    18.000000     8.000000    11.000000    20.000000    10.000000    11.000000    25.000000     4.000000    16.000000     7.000000    22.000000   -25.000000    17.000000     9.000000    28.000000    12.000000    13.000000     4.000000    -6.000000    19.000000     8.000000    31.000000    26.000000    10.000000    18.000000    -3.000000    11.000000    28.000000    18.000000     7.000000    29.000000     9.000000    26.000000    24.000000    32.000000     8.000000    46.000000    24.000000     9.000000    32.000000     1.000000     6.000000    23.000000    27.000000     9.000000     1.000000     5.000000    13.000000    37.000000    37.000000    90.000000     5.000000     5.000000    -2.000000    -5.000000    27.000000    30.000000    42.000000    27.000000    14.000000     9.000000     8.000000    47.000000    41.000000    41.000000   103.000000    52.000000    92.000000
   929.104614    25.000000    27.000000    27.000000    22.000000     7.000000    31.000000     2.000000    10.000000    27.000000     6.000000     1.000000    10.000000    16.000000    30.000000    22.000000    20.000000    36.000000    27.000000     9.000000     3.000000    10.000000     5.000000    29.000000    19.000000    17.000000     7.000000    12.000000   -12.000000    10.000000    25.000000    10.000000    23.000000    12.000000     8.000000    17.000000    31.000000    44.000000    16.000000    27.000000    19.000000    29.000000    23.000000    26.000000     9.000000    23.000000    33.000000    41.000000    33.000000    10.000000    -2.000000     2.000000    34.000000    21.000000    84.000000    22.000000    18.000000    11.000000    10.000000    35.000000    20.000000    37.000000    23.000000    37.000000    22.000000    20.000000    33.000000    41.000000    48.000000    48.000000    64.000000   117.000000
   930.496826     7.000000    12.000000    13.000000    17.000000     6.000000    -1.000000    12.000000    -4.000000    31.000000    35.000000    17.000000    20.000000     9.000000     4.000000     6.000000    15.000000    33.000000    21.000000   -11.000000    38.000000    13.000000     7.000000    26.000000     2.000000    30.000000    -2.000000    10.000000    23.000000    22.000000    18.000000    14.000000    10.000000     9.000000    25.000000    33.000000    26.000000    27.000000    21.000000    18.000000    30.000000    29.000000    14.000000    14.000000     8.000000    45.000000    22.000000    19.000000    29.000000    10.000000    30.000000    28.000000    44.000000     8.000000    82.000000    18.000000    18.000000     8.000000    15.000000    29.000000    46.000000    40.000000    29.000000    14.000000    26.000000    34.000000    32.000000    27.000000    34.000000    64.000000    60.000000   121.000000
   931.889587     6.000000     0.000000    21.000000    14.000000    22.000000    14.000000    17.000000    10.000000    10.000000    11.000000     0.000000    16.000000    12.000000     4.000000    14.000000     5.000000    35.000000    21.000000    20.000000    14.000000    22.000000    17.000000    12.000000     4.000000    21.000000    16.000000    10.000000    16.000000    19.000000     7.000000    15.000000    -2.000000    -9.000000     8.000000    24.000000    27.000000    21.000000    16.000000    16.000000    18.000000    19.000000    16.000000    16.000000    18.000000    28.000000    22.000000    41.000000    24.000000    11.000000    26.000000    20.000000    24.000000    30.000000    73.000000    26.000000   -14.000000    -6.000000    22.000000     7.000000    38.000000    46.000000    23.000000    23.000000    19.000000     2.000000    41.000000    25.000000    41.000000    38.000000    52.000000    96.000000
   933.282776    21.000000    28.000000    26.000000    24.000000    16.000000    16.000000    21.000000    15.000000    34.000000    -1.000000     2.000000    14.000000    11.000000     3.000000    10.000000    26.000000    24.000000    17.000000    21.000000    24.000000    14.000000    -1.000000     7.000000    -5.000000    21.000000     9.000000    17.000000    14.000000    16.000000     7.000000    23.000000     2.000000     7.000000    20.000000    13.000000    41.000000    28.000000    17.000000    31.000000    11.000000    43.000000    32.000000     7.000000     9.000000    42.000000    18.000000    22.000000    27.000000    29.000000    21.000000    35.000000    38.000000    17.000000    55.000000    15.000000    31.000000    -1.000000     3.000000    21.000000    26.000000    70.000000    26.000000    18.000000    23.000000    17.000000     9.000000    50.000000    47.000000    41.000000    64.000000    89.000000
   934.676514     7.000000    12.000000    19.000000    17.000000    32.000000     3.000000    21.000000    22.000000     6.000000    32.000000     3.000000    18.000000    19.000000    13.000000    20.000000     7.000000    32.000000    18.000000    27.000000    33.000000    19.000000     7.000000     8.000000    -6.000000     5.000000    12.000000    10.000000    26.000000   -12.000000    10.000000    14.000000    14.000000    22.000000    23.000000    45.000000    29.000000    29.000000    27.000000    19.000000     5.000000    23.000000    15.000000    15.000000    25.000000    30.000000    26.000000    22.000000    25.000000    12.000000    16.000000    19.000000    37.000000    35.000000    60.000000    12.000000    20.000000     8.000000     4.000000    24.000000    16.000000    32.000000     0.000000    20.000000    13.000000    23.000000    30.000000    35.000000    38.000000    44.000000    44.000000    99.000000
   936.070679    12.000000    10.000000     9.000000    14.000000    18.000000    24.000000    16.000000    33.000000     6.000000    -8.000000     6.000000    18.000000    23.000000    15.000000    -7.000000    28.000000    36.000000    14.000000    28.000000    19.000000    -2.000000    26.000000    19.000000    16.000000     8.000000    14.000000    27.000000    20.000000     8.000000    15.000000    18.000000    22.000000    22.000000    13.000000    20.000000    15.000000    34.000000    32.000000    17.000000    34.000000    35.000000     3.000000    14.000000    -3.000000    34.000000    22.000000    22.000000    33.000000    17.000000    31.000000    11.000000    30.000000    19.000000    75.000000    26.000000    21.000000    -8.000000    12.000000    15.000000    22.000000    43.000000    36.000000    15.000000    22.000000    16.000000    43.000000    37.000000    46.000000    59.000000    61.000000   104.000000
   937.465271    20.000000    16.000000     4.000000    12.000000    27.000000    34.000000     2.000000    19.000000    51.000000     8.000000    12.000000     0.000000     3.000000     4.000000    -5.000000     7.000000    31.000000    14.000000     1.000000    10.000000     8.000000    13.000000    -6.000000     7.000000    33.000000    18.000000     0.000000    23.000000    15.000000     4.000000    27.000000     9.000000     2.000000    20.000000    37.000000    31.000000    31.000000    47.000000    19.000000    -3.000000    19.000000    20.000000    14.000000    32.000000    22.000000    10.000000    27.000000    23.000000    31.000000     6.000000     7.000000    30.000000    17.000000    70.000000     9.000000     7.000000    11.000000    13.000000     3.000000    39.000000    44.000000    21.000000     0.000000     8.000000    16.000000    26.000000    21.000000    40.000000    48.000000    47.000000    79.000000
   938.860413     7.000000     1.000000     0.000000     5.000000    20.000000    10.000000    35.000000    17.000000    26.000000     8.000000     2.000000    28.000000     2.000000    13.000000     9.000000    13.000000    32.000000    32.000000    15.000000    -2.000000     3.000000    -3.000000    18.000000    14.000000    27.000000    16.000000    27.000000    28.000000    23.000000    10.000000    15.000000    27.000000    18.000000    15.000000    28.000000    20.000000    31.000000    16.000000    19.000000     4.000000    47.000000     8.000000    10.000000    16.000000    23.000000    25.000000    26.000000    26.000000     6.000000    25.000000    -2.000000    34.000000    23.000000    69.000000     8.000000    10.000000    34.000000    15.000000     9.000000    47.000000    44.000000     2.000000    23.000000    18.000000    19.000000    22.000000    39.000000    27.000000    56.000000    75.000000    74.000000
   940.255981    -3.000000    12.000000    40.000000    10.000000    20.000000    12.000000    13.000000    15.000000    26.000000    17.000000    11.000000    22.000000    12.000000     3.000000    15.000000     3.000000    15.000000    16.000000    24.000000    11.000000     8.000000     8.000000    11.000000    12.000000    19.000000    12.000000    19.000000     9.000000     3.000000    16.000000    28.000000    36.000000    19.000000    10.000000    10.000000    30.000000    26.000000    12.000000    26.000000    16.000000    34.000000    -3.000000     4.000000    35.000000    29.000000    12.000000    20.000000    39.000000    25.000000    25.000000    11.000000    23.000000     2.000000    57.000000    35.000000    15.000000    -5.000000    11.000000    31.000000    41.000000    21.000000    23.000000    12.000000    29.000000    26.000000    19.000000    32.000000    48.000000    38.000000    50.000000    94.000000
   941.652100    18.000000    18.000000    16.000000    24.000000    -6.000000    -5.000000    16.000000    15.000000    18.000000    23.000000     0.000000    19.000000    12.000000     5.000000    15.000000    18.000000    27.000000     9.000000     5.000000    13.000000    13.000000    23.000000    14.000000    34.000000    18.000000     7.000000     6.000000    22.000000     7.000000     9.000000    -1.000000    24.000000     0.000000    11.000000    17.000000    13.000000    19.000000    11.000000     3.000000    33.000000    25.000000    12.000000    28.000000    15.000000    22.000000    22.000000    21.000000    32.000000    28.000000    20.000000    21.000000    38.000000    26.000000    62.000000    27.000000    11.000000     5.000000    -7.000000    10.000000    29.000000    33.000000    24.000000    24.000000    32.000000     3.000000    27.000000    34.000000    42.000000    44.000000    49.000000    72.000000
   943.048584    19.000000     3.000000     4.000000    19.000000    17.000000     6.000000    17.000000    20.000000    21.000000    24.000000    -5.000000    27.000000    23.000000     8.000000     6.000000    12.000000    15.000000    22.000000    14.000000    19.000000     7.000000     2.000000    28.000000   -15.000000    13.000000    15.000000    16.000000    23.000000    11.000000    20.000000     9.000000    24.000000     3.000000    11.000000    14.000000    10.000000     9.000000    26.000000    20.000000    44.000000     8.000000     5.000000    39.000000    12.000000    30.000000    20.000000    16.000000    31.000000    15.000000    20.000000    21.000000    35.000000    17.000000    43.000000    17.000000    25.000000    -8.000000    -3.000000    20.000000    39.000000    48.000000    26.000000    16.000000    17.000000    16.000000    20.000000    30.000000    37.000000    67.000000    66.000000   101.000000
   944.445679     7.000000   -14.000000    11.000000    16.000000    28.000000    15.000000    29.000000     7.000000    13.000000    -3.000000    12.000000     0.000000     7.000000    16.000000    15.000000    21.000000     8.000000    11.000000    12.000000    10.000000    26.000000     3.000000    -7.000000    13.000000     8.000000    20.000000    16.000000     9.000000    18.000000     2.000000    16.000000    17.000000    -1.000000     9.000000    11.000000    10.000000    22.000000    15.000000    16.000000    19.000000    44.000000    12.000000    21.000000    17.000000    23.000000    18.000000     7.000000    20.000000    30.000000     8.000000    25.000000    52.000000    23.000000    59.000000    17.000000    -9.000000     9.000000    -2.000000    36.000000    35.000000    31.000000     3.000000    19.000000    12.000000    30.000000    28.000000    35.000000    32.000000    50.000000    43.000000    78.000000
   945.843201    19.000000    18.000000     2.000000    22.000000    15.000000    24.000000     8.000000     8.000000    13.000000    -2.000000    15.000000    19.000000    26.000000    14.000000    11.000000     9.000000    23.000000    37.000000     7.000000    15.000000     5.000000    -8.000000     3.000000    23.000000    12.000000    11.000000    32.000000    18.000000    16.000000     1.000000    25.000000    17.000000    20.000000     4.000000    33.000000    19.000000    17.000000    23.000000    10.000000    12.000000    30.000000     3.000000     5.000000    16.000000     0.000000    37.000000    15.000000     9.000000    33.000000     9.000000    20.000000     9.000000    26.000000    68.000000     8.000000    -6.000000     7.000000    -9.000000    -3.000000    24.000000    29.000000    24.000000    10.000000    14.000000    31.000000    31.000000    38.000000    44.000000    36.000000    49.000000   105.000000
   947.241211     6.000000    22.000000    13.000000    20.000000     8.000000     8.000000     5.000000    -4.000000    10.000000     7.000000    19.000000     1.000000    -3.000000    15.000000     2.000000    22.000000     9.000000    12.000000    10.000000    10.000000    14.000000    -3.000000     9.000000     1.000000     9.000000    14.000000    14.000000    22.000000    17.000000    15.000000     0.000000    11.000000    13.000000     5.000000    -3.000000    21.000000    13.000000    20.000000    13.000000    21.000000    24.000000    22.000000    10.000000    23.000000    19.000000    19.000000    25.000000    17.000000    16.000000     9.000000     8.000000    49.000000    29.000000    61.000000    50.000000    12.000000     6.000000    -4.000000     9.000000    24.000000    36.000000    28.000000    27.000000    13.000000    28.000000    23.000000    44.000000    49.000000    42.000000    36.000000    92.000000
   948.639587    13.000000    -4.000000    13.000000    24.000000    14.000000    12.000000     9.000000    23.000000    16.000000    -2.000000    11.000000     6.000000    12.000000     2.000000    27.000000    12.000000    -8.000000    12.000000     9.000000    35.000000    14.000000    10.000000     2.000000     5.000000     9.000000    11.000000    10.000000     0.000000    25.000000     8.000000    -4.000000    13.000000    23.000000    21.000000     9.000000    -3.000000    -3.000000    23.000000    15.000000    11.000000    35.000000    26.000000     8.000000    12.000000    10.000000     0.000000     4.000000    11.000000    14.000000     9.000000    25.000000    12.000000    13.000000    65.000000     5.000000    -3.000000    -2.000000    14.000000    13.000000    15.000000    29.000000    28.000000    11.000000    22.000000    10.000000    35.000000    14.000000    30.000000    69.000000    56.000000    68.000000
   950.038574    12.000000    44.000000    21.000000    20.000000    19.000000    22.000000     5.000000    37.000000    13.000000    19.000000    13.000000     4.000000    12.000000    12.000000    16.000000     1.000000    16.000000    19.000000     7.000000    27.000000     9.000000     9.000000    23.000000     6.000000     9.000000    12.000000    21.000000     0.000000    -4.000000    17.000000    26.000000    13.000000     6.000000     8.000000    10.000000    21.000000    24.000000    23.000000    18.000000    11.000000    26.000000    22.000000     9.000000    27.000000    13.000000    15.000000    10.000000    24.000000    23.000000     7.000000    23.000000    34.000000    41.000000    50.000000     7.000000    26.000000     4.000000     1.000000    23.000000    16.000000    38.000000    23.000000    12.000000    14.000000    15.000000    17.000000    26.000000    15.000000    36.000000    50.000000    84.000000
   951.438110    16.000000     2.000000    -3.000000    14.000000    24.000000    -1.000000    18.000000     2.000000    25.000000    21.000000    -5.000000    -3.000000     6.000000    16.000000    19.000000     5.000000     6.000000     8.000000     9.000000    15.000000     4.000000    21.000000    17.000000    16.000000    23.000000    13.000000    -5.000000    -3.000000     9.000000     6.000000    -2.000000     8.000000    38.000000    14.000000    46.000000    16.000000    28.000000    18.000000    14.000000    39.000000    37.000000    20.000000    18.000000    22.000000    -2.000000     6.000000    -4.000000    22.000000    12.000000    28.000000    15.000000    32.000000    31.000000    46.000000    22.000000     8.000000     1.000000    12.000000    16.000000    11.000000    15.000000    13.000000    14.000000     6.000000    16.000000    18.000000    53.000000    39.000000    49.000000    46.000000    90.000000
   952.838013    22.000000     9.000000    15.000000    -4.000000     4.000000     4.000000    10.000000     4.000000     2.000000     0.000000    20.000000     7.000000    17.000000     6.000000    12.000000     4.000000     0.000000    20.000000    17.000000    13.000000     8.000000    13.000000    13.000000     9.000000    11.000000    15.000000     6.000000    31.000000     8.000000     5.000000     4.000000    17.000000    19.000000     1.000000    30.000000    29.000000    15.000000     6.000000    14.000000    17.000000    20.000000    28.000000    24.000000    12.000000     3.000000    16.000000     7.000000     6.000000    19.000000    22.000000     8.000000    32.000000    16.000000    58.000000    31.000000     4.000000     7.000000    16.000000    27.000000    22.000000    34.000000    25.000000    25.000000    15.000000    11.000000    24.000000    15.000000    34.000000    53.000000    48.000000    68.000000
   954.238403    19.000000    19.000000    20.000000    20.000000    15.000000    10.000000    15.000000     6.000000    -7.000000    11.000000    17.000000     3.000000    24.000000     7.000000    25.000000    -6.000000    28.000000     8.000000     6.000000    10.000000   -11.000000     3.000000    -2.000000    16.000000    -7.000000     9.000000    14.000000    22.000000    18.000000     4.000000     0.000000    13.000000     5.000000    10.000000    33.000000    26.000000    31.000000    34.000000     9.000000    27.000000    18.000000    16.000000     9.000000    17.000000    19.000000    10.000000    21.000000     2.000000    21.000000     8.000000    10.000000    25.000000    17.000000    50.000000    18.000000    -4.000000     5.000000     7.000000    20.000000    23.000000    21.000000     9.000000    24.000000    12.000000     6.000000    43.000000    27.000000    30.000000    41.000000    50.000000    69.000000
   955.639282    16.000000    13.000000    30.000000    11.000000    22.000000    14.000000    25.000000    15.000000    13.000000    14.000000    -5.000000     8.000000    29.000000    14.000000     8.000000    -4.000000    20.000000     9.000000    -7.000000     8.000000     4.000000    17.000000    14.000000    16.000000     4.000000    10.000000     1.000000     9.000000    16.000000    20.000000     6.000000    10.000000     8.000000    13.000000    23.000000     2.000000    13.000000    16.000000    12.000000     2.000000    21.000000    18.000000    10.000000    24.000000    21.000000    20.000000    20.000000     5.000000    32.000000    23.000000     6.000000    36.000000    24.000000    35.000000     1.000000     2.000000     7.000000    10.000000    10.000000    18.000000    33.000000    32.000000    10.000000     4.000000    15.000000    27.000000    35.000000    32.000000    43.000000    51.000000    90.000000
   957.040588     8.000000    -8.000000     6.000000    15.000000    12.000000    12.000000    15.000000    16.000000    15.000000     9.000000    15.000000     9.000000     5.000000    27.000000     6.000000    28.000000    28.000000     3.000000   -13.000000    16.000000     1.000000     4.000000     5.000000    16.000000     1.000000     8.000000     4.000000     0.000000    10.000000    11.000000    -7.000000    15.000000    16.000000    20.000000    22.000000    24.000000    18.000000    21.000000     5.000000    24.000000     7.000000    14.000000    17.000000    14.000000    15.000000    20.000000     9.000000    11.000000    25.000000    30.000000    23.000000    29.000000    19.000000    40.000000    10.000000    18.000000   -17.000000     0.000000     9.000000    24.000000    31.000000    45.000000    12.000000    25.000000    29.000000    20.000000    21.000000    34.000000    38.000000    48.000000    68.000000
   958.442505     8.000000     9.000000     3.000000    16.000000    13.000000     2.000000    21.000000    21.000000    10.000000     4.000000    13.000000    20.000000    10.000000    10.000000     1.000000     6.000000    15.000000     8.000000     3.000000    25.000000    -6.000000     2.000000     0.000000    13.000000     7.000000    10.000000    -5.000000    26.000000    17.000000    15.000000    15.000000    15.000000    29.000000    21.000000    -5.000000    27.000000     8.000000    13.000000    23.000000     4.000000    34.000000    20.000000     6.000000     6.000000    22.000000    20.000000    14.000000    20.000000    12.000000    13.000000    12.000000    20.000000    15.000000    58.000000    39.000000    20.000000     9.000000     4.000000     6.000000    11.000000    32.000000    32.000000    12.000000    -8.000000     4.000000    21.000000    29.000000    34.000000    54.000000    53.000000    72.000000
   959.844788    22.000000    21.000000    11.000000     8.000000    17.000000    16.000000    12.000000    17.000000    10.000000     9.000000     1.000000    21.000000    -9.000000    -1.000000    12.000000    20.000000    12.000000    -2.000000     9.000000    11.000000    20.000000     8.000000   -11.000000    10.000000    13.000000    15.000000    -3.000000     7.000000     0.000000    12.000000    26.000000     3.000000   -12.000000    13.000000    10.000000    13.000000    27.000000    17.000000    16.000000    24.000000    23.000000    12.000000    15.000000    14.000000     5.000000    11.000000    11.000000    24.000000    19.000000     8.000000    11.000000    31.000000    25.000000    34.000000     5.000000    14.000000     0.000000    -1.000000    26.000000    33.000000    29.000000    12.000000     5.000000     9.000000     7.000000    21.000000    12.000000    24.000000    45.000000    45.000000    76.000000
   961.247620     7.000000    -4.000000   -16.000000    27.000000     5.000000     4.000000    12.000000    10.000000    13.000000    15.000000     7.000000    13.000000    16.000000   -12.000000     5.000000    -2.000000    27.000000     0.000000     0.000000    10.000000     3.000000     2.000000     0.000000    27.000000    33.000000    -3.000000     0.000000     8.000000    12.000000    15.000000    19.000000    19.000000   -11.000000     1.000000    19.000000     2.000000    25.000000    16.000000    27.000000    18.000000    21.000000    17.000000    18.000000    -1.000000    24.000000    14.000000    22.000000    12.000000    -3.000000     9.000000    34.000000    29.000000    20.000000    40.000000     4.000000    -1.000000    -5.000000    -1.000000    18.000000    20.000000    33.000000    16.000000    14.000000    13.000000    16.000000    29.000000    32.000000    25.000000    39.000000    52.000000    75.000000
   962.650879    11.000000     3.000000     6.000000     8.000000    15.000000     3.000000    21.000000    25.000000    10.000000    24.000000     0.000000    19.000000    -1.000000    20.000000    -9.000000    -6.000000    24.000000     8.000000     9.000000     7.000000    -1.000000     2.000000     6.000000    -1.000000     9.000000     0.000000    14.000000    -3.000000    12.000000    -9.000000    14.000000    22.000000    16.000000    -9.000000    25.000000     6.000000    18.000000    23.000000    13.000000   -11.000000    27.000000    15.000000     3.000000    26.000000    17.000000    21.000000     7.000000    18.000000    11.000000    12.000000     9.000000    24.000000    31.000000    34.000000     7.000000    -4.000000    -8.000000    -6.000000     9.000000    37.000000    40.000000     9.000000     7.000000     0.000000    22.000000    10.000000    25.000000    22.000000    31.000000    28.000000    63.000000
   964.054626     9.000000    -1.000000    -1.000000    15.000000     7.000000     9.000000    12.000000    14.000000    21.000000    22.000000    21.000000    16.000000     6.000000    11.000000     5.000000   -13.000000    17.000000     8.000000    10.000000    11.000000    14.000000     7.000000     9.000000     7.000000     4.000000    -1.000000    11.000000     8.000000     7.000000    -4.000000    12.000000     5.000000     8.000000     8.000000    12.000000    16.000000    23.000000    35.000000     5.000000    26.000000    38.000000   -11.000000    11.000000     8.000000     7.000000     2.000000    10.000000    14.000000    14.000000    30.000000    11.000000    15.000000    11.000000    39.000000     1.000000    -5.000000     7.000000    11.000000    18.000000    23.000000    30.000000     8.000000    17.000000    37.000000    -2.000000    23.000000    33.000000    38.000000    50.000000    53.000000    63.000000
   965.458923     6.000000     1.000000    11.000000    19.000000    12.000000    15.000000    -1.000000    12.000000     4.000000    16.000000     2.000000    25.000000    11.000000    20.000000    18.000000     2.000000    13.000000    10.000000     2.000000    14.000000    -1.000000     3.000000    12.000000    14.000000    16.000000   -11.000000    24.000000    12.000000     3.000000     8.000000    27.000000     6.000000    10.000000    25.000000     7.000000     2.000000    18.000000     3.000000    13.000000    -1.000000    17.000000    -1.000000    16.000000    11.000000     5.000000     7.000000    20.000000    21.000000     2.000000    13.000000    28.000000    37.000000    28.000000    59.000000    10.000000     5.000000     2.000000     2.000000     1.000000    26.000000    34.000000    23.000000    27.000000     1.000000   -12.000000    28.000000    15.000000    31.000000    30.000000    35.000000    49.000000
   966.863586    11.000000     9.000000     4.000000    33.000000    17.000000     3.000000     9.000000    13.000000    20.000000     8.000000    14.000000    11.000000    27.000000    10.000000    -5.000000     9.000000     4.000000    -7.000000    -3.000000     7.000000    23.000000     5.000000    18.000000    14.000000   -13.000000    -2.000000     8.000000    -2.000000     9.000000    12.000000    23.000000    14.000000    13.000000     2.000000    14.000000    -5.000000    19.000000    10.000000    -6.000000     0.000000    33.000000    10.000000     4.000000    18.000000     8.000000     4.000000    11.000000    17.000000    22.000000    -2.000000    33.000000     9.000000    20.000000    44.000000    15.000000    13.000000   -16.000000     2.000000    27.000000    44.000000    25.000000    13.000000     8.000000    13.000000    17.000000    16.000000    40.000000    34.000000    47.000000    30.000000    63.000000
   968.268799    -1.000000    -1.000000    18.000000    -2.000000    -7.000000     1.000000    20.000000    -1.000000     0.000000    17.000000     8.000000    19.000000     6.000000    -8.000000     1.000000     9.000000    21.000000    -2.000000     3.000000    25.000000    10.000000     3.000000    16.000000     3.000000    14.000000     0.000000    -1.000000    -3.000000    18.000000    29.000000    26.000000   -10.000000     6.000000     8.000000    18.000000    28.000000    11.000000    18.000000     8.000000     0.000000    33.000000     3.000000     7.000000     6.000000    11.000000    31.000000    15.000000     3.000000    10.000000    16.000000    20.000000    22.000000     8.000000    35.000000    10.000000    20.000000     1.000000   -10.000000    14.000000    22.000000    30.000000    -7.000000     4.000000    15.000000    11.000000    20.000000    34.000000    35.000000    39.000000    35.000000    39.000000
   969.674377    14.000000    16.000000    18.000000     6.000000     8.000000     2.000000    22.000000    12.000000    -2.000000     0.000000    11.000000     1.000000     7.000000    16.000000     8.000000    32.000000     7.000000     3.000000     2.000000    17.000000     8.000000    17.000000     6.000000    -7.000000    11.000000    21.000000    16.000000     0.000000    14.000000    16.000000    14.000000    -4.000000    17.000000    -4.000000    -3.000000    16.000000    26.000000    30.000000    22.000000     2.000000    36.000000    11.000000    15.000000     9.000000    17.000000    10.000000    21.000000    28.000000    25.000000    11.000000    24.000000    34.000000    13.000000    31.000000    23.000000    13.000000     1.000000     5.000000     3.000000     4.000000    25.000000    14.000000     3.000000    22.000000    21.000000    37.000000    42.000000    27.000000    35.000000    42.000000    72.000000
   971.080688    -2.000000     8.000000     3.000000    27.000000    -7.000000    -3.000000    25.000000    -7.000000    10.000000     6.000000     3.000000    26.000000     6.000000    14.000000     7.000000    19.000000    15.000000    10.000000    -9.000000    19.000000     6.000000     0.000000    14.000000     2.000000    20.000000    11.000000    21.000000    -8.000000    -5.000000    -8.000000    24.000000    -5.000000    17.000000    11.000000     6.000000    16.000000    25.000000    34.000000    20.000000     6.000000    22.000000    17.000000    10.000000    -8.000000    27.000000    -7.000000     8.000000    11.000000    14.000000   -13.000000    24.000000    15.000000    14.000000    30.000000    -3.000000     4.000000     3.000000    -1.000000     0.000000    32.000000    28.000000    25.000000    -5.000000    -8.000000    12.000000    19.000000    28.000000    40.000000    37.000000    47.000000    59.000000
   972.487305    11.000000     8.000000    -2.000000    11.000000    27.000000     8.000000    10.000000    -3.000000    12.000000    12.000000     1.000000     6.000000    15.000000     8.000000     7.000000    12.000000    -3.000000     4.000000    10.000000    -1.000000    21.000000     1.000000    14.000000    28.000000    10.000000    10.000000    18.000000    -3.000000    13.000000    20.000000     3.000000    16.000000    10.000000     6.000000    22.000000     2.000000    16.000000    -5.000000     2.000000     3.000000    34.000000     4.000000     7.000000    15.000000     2.000000    -4.000000    -1.000000    19.000000    14.000000    19.000000     9.000000    24.000000    25.000000    63.000000    18.000000     3.000000     0.000000     9.000000     4.000000    30.000000    38.000000    38.000000    16.000000    -1.000000    15.000000     9.000000    22.000000    16.000000    21.000000    51.000000    43.000000
   973.894409    19.000000    19.000000    -4.000000    -9.000000    -2.000000    10.000000     3.000000     3.000000    11.000000     4.000000     4.000000     2.000000     6.000000     2.000000    10.000000     9.000000    15.000000    16.000000     5.000000    10.000000     4.000000     2.000000     1.000000     4.000000    17.000000    12.000000     1.000000     9.000000     1.000000     8.000000    17.000000    21.000000     5.000000     8.000000     6.000000    24.000000    13.000000     8.000000     4.000000     0.000000    15.000000     3.000000    10.000000    17.000000    14.000000     6.000000     1.000000    19.000000     2.000000     3.000000    13.000000    23.000000    17.000000    36.000000     9.000000   -12.000000     7.000000     6.000000    32.000000    13.000000    23.000000     5.000000    -8.000000     8.000000    21.000000    13.000000    16.000000    29.000000    33.000000    34.000000    52.000000
   975.302002    11.000000     0.000000    -4.000000   -16.000000     7.000000    -5.000000    -2.000000    13.000000    20.000000    -3.000000     7.000000    28.000000    10.000000    10.000000     2.000000     7.000000    24.000000    18.000000    -7.000000     3.000000    -2.000000    17.000000     6.000000    12.000000    -1.000000    12.000000     3.000000    12.000000     7.000000     0.000000    15.000000     8.000000   -15.000000    13.000000     8.000000    -4.000000    13.000000    17.000000    12.000000   -10.000000    26.000000     5.000000    -2.000000     6.000000    16.000000    15.000000    20.000000    12.000000    -3.000000     8.000000    19.000000    27.000000     6.000000    51.000000    33.000000     4.000000    -1.000000    -3.000000    10.000000    19.000000     6.000000     3.000000     1.000000     3.000000    19.000000    25.000000    24.000000    23.000000    47.000000    24.000000    54.000000
   976.710083     1.000000     4.000000    -7.000000     2.000000     7.000000     8.000000   -12.000000     6.000000     9.000000     0.000000    18.000000    -2.000000    19.000000     9.000000     5.000000    11.000000    25.000000    -5.000000    -4.000000    -7.000000     4.000000     0.000000     0.000000     5.000000    28.000000     5.000000     3.000000     7.000000     8.000000     3.000000     3.000000     0.000000    -1.000000    14.000000     7.000000    15.000000    22.000000    16.000000    14.000000   -20.000000    28.000000    12.000000   -12.000000    16.000000     8.000000    12.000000    20.000000    10.000000    17.000000     5.000000    20.000000    -1.000000     8.000000    33.000000     4.000000     0.000000     2.000000     2.000000    23.000000    18.000000    16.000000    30.000000     7.000000   -10.000000    20.000000    23.000000    21.000000    35.000000    36.000000    35.000000    38.000000
   978.118713    -8.000000     6.000000    -5.000000    17.000000    20.000000   -13.000000    24.000000    18.000000    -7.000000    20.000000     4.000000     9.000000    23.000000    24.000000    17.000000    19.000000   -13.000000     5.000000    24.000000     1.000000    21.000000    10.000000     1.000000     6.000000    16.000000     8.000000     4.000000    -8.000000     5.000000     6.000000    -8.000000    11.000000    -3.000000    -5.000000    14.000000    13.000000    30.000000    11.000000     8.000000    23.000000    29.000000     9.000000    15.000000     2.000000    13.000000     1.000000    -2.000000    19.000000    15.000000    14.000000    17.000000     0.000000    19.000000    14.000000    18.000000    -4.000000     9.000000     7.000000    27.000000    14.000000    33.000000    24.000000     4.000000    13.000000    21.000000    15.000000     5.000000    11.000000    44.000000    39.000000    36.000000
   979.527710    12.000000    -1.000000     9.000000    -5.000000     9.000000     0.000000    16.000000     9.000000    18.000000     4.000000     8.000000    -4.000000     0.000000     7.000000    -3.000000    -3.000000    31.000000    11.000000    20.000000    22.000000     7.000000     6.000000    -5.000000    12.000000    -4.000000     3.000000    14.000000    25.000000     9.000000    10.000000    26.000000     6.000000    12.000000    30.000000    17.000000     8.000000     5.000000     7.000000    -6.000000     7.000000    25.000000     5.000000    -6.000000    -8.000000   -25.000000     4.000000    17.000000    14.000000    21.000000    16.000000     8.000000     8.000000    -2.000000    34.000000    33.000000    15.000000     5.000000     2.000000    11.000000    27.000000    42.000000    27.000000    -4.000000    10.000000     0.000000    25.000000    17.000000    29.000000    58.000000    39.000000    46.000000
   980.937195    12.000000    22.000000    -7.000000    21.000000     6.000000    -8.000000    14.000000    15.000000    -1.000000    13.000000     8.000000     6.000000     9.000000   -13.000000    15.000000    22.000000    14.000000   -11.000000    -4.000000    -4.000000     8.000000     1.000000    15.000000     3.000000     0.000000     9.000000     8.000000    -5.000000    13.000000    -4.000000     0.000000     0.000000    14.000000    -9.000000    -3.000000    -4.000000    13.000000    18.000000    19.000000    11.000000    38.000000    10.000000    10.000000     4.000000    15.000000    -5.000000    23.000000    13.000000   -10.000000     7.000000    23.000000    28.000000    13.000000    18.000000     5.000000    -3.000000    14.000000    -2.000000    21.000000    24.000000    14.000000     4.000000     5.000000     2.000000    15.000000     3.000000    39.000000    29.000000    34.000000    40.000000    37.000000
   982.347229    30.000000     7.000000    13.000000    12.000000     0.000000     4.000000    -8.000000    -2.000000    24.000000    -2.000000     1.000000     4.000000    13.000000     3.000000    16.000000     8.000000    15.000000    16.000000     7.000000    -3.000000    13.000000    -2.000000    12.000000    19.000000     9.000000     7.000000    14.000000    12.000000     8.000000   -12.000000     7.000000    -2.000000    -3.000000    -4.000000    13.000000     6.000000    22.000000    11.000000     4.000000    19.000000    25.000000     9.000000    15.000000    18.000000    11.000000     9.000000    -2.000000   -14.000000    23.000000    23.000000     3.000000     3.000000    -7.000000    60.000000    13.000000   -11.000000     3.000000     3.000000    12.000000    19.000000    31.000000    -3.000000    22.000000    13.000000    14.000000     5.000000     3.000000     5.000000    30.000000    42.000000    40.000000
   983.757690    -1.000000     6.000000     8.000000    19.000000    12.000000     6.000000     4.000000    -5.000000    23.000000    18.000000     0.000000     0.000000    28.000000     4.000000    10.000000     8.000000    14.000000     0.000000     4.000000    -2.000000     1.000000     3.000000     4.000000    17.000000     9.000000     6.000000     3.000000     5.000000    12.000000    13.000000    10.000000    23.000000   -10.000000    -2.000000    13.000000    16.000000    30.000000     3.000000     9.000000    12.000000     8.000000    12.000000    18.000000    11.000000    10.000000    17.000000     9.000000     0.000000    16.000000    -2.000000    14.000000    19.000000    18.000000    24.000000    20.000000     3.000000    -6.000000     6.000000    18.000000    27.000000    45.000000     8.000000    10.000000    21.000000    10.000000    14.000000    19.000000    25.000000    33.000000    46.000000    43.000000
   985.168579    23.000000     8.000000    14.000000     8.000000     7.000000    -3.000000     5.000000     3.000000    -1.000000     5.000000     2.000000    14.000000    -5.000000     8.000000     6.000000     3.000000    19.000000     6.000000     2.000000     6.000000    -4.000000     6.000000     1.000000     4.000000     3.000000     8.000000    -3.000000     0.000000    23.000000     8.000000     9.000000     7.000000   -10.000000    -1.000000    15.000000    10.000000    17.000000     1.000000    14.000000    10.000000    20.000000    16.000000     7.000000    12.000000    30.000000    29.000000    -2.000000    -4.000000    -2.000000    14.000000    -2.000000    12.000000    16.000000    23.000000    11.000000    -4.000000    19.000000    -4.000000    -1.000000    38.000000    16.000000     5.000000   -12.000000    10.000000    14.000000    21.000000    26.000000    26.000000    18.000000    33.000000    27.000000
   986.580078     8.000000    24.000000    -6.000000    -9.000000    10.000000     3.000000     0.000000     3.000000    14.000000     7.000000    -5.000000    -5.000000     7.000000   -24.000000    12.000000     3.000000    21.000000     1.000000    -5.000000    14.000000    -7.000000     7.000000     2.000000     5.000000     2.000000     4.000000     2.000000     9.000000     6.000000    10.000000    10.000000    -5.000000     6.000000    -9.000000     0.000000    13.000000     2.000000    10.000000    -5.000000    25.000000    12.000000    17.000000    15.000000    26.000000    19.000000    -8.000000    27.000000    20.000000    -7.000000     7.000000     6.000000     7.000000    17.000000    43.000000    11.000000     3.000000    10.000000   -18.000000     8.000000    26.000000    33.000000     0.000000    20.000000     9.000000     8.000000    16.000000    40.000000    22.000000     8.000000    51.000000    49.000000
   987.992004    28.000000    -5.000000     9.000000     2.000000    21.000000   -22.000000   -25.000000     7.000000    18.000000     4.000000    -9.000000     4.000000    17.000000     9.000000    21.000000     3.000000     4.000000    15.000000    -6.000000     7.000000     2.000000   -11.000000     1.000000     3.000000    18.000000    12.000000    11.000000    10.000000    -1.000000     9.000000    17.000000    -8.000000     7.000000    -5.000000     1.000000    19.000000    15.000000    12.000000    17.000000    21.000000    23.000000     5.000000    -8.000000    21.000000    24.000000    13.000000    -1.000000    20.000000     7.000000   -10.000000    11.000000     5.000000     6.000000    27.000000    35.000000    -6.000000    -1.000000     1.000000    11.000000    28.000000    20.000000     6.000000    13.000000    10.000000    24.000000    22.000000    20.000000    24.000000    36.000000    10.000000    50.000000
   989.404419     4.000000    -1.000000    11.000000    13.000000     9.000000    15.000000     6.000000    14.000000     7.000000   -13.000000    11.000000     0.000000    16.000000     9.000000    11.000000    15.000000     1.000000    13.000000    -1.000000    -4.000000    -8.000000    11.000000     6.000000    10.000000    14.000000     0.000000    18.000000     8.000000    10.000000     7.000000    -3.000000    13.000000     1.000000    -1.000000    23.000000     8.000000    15.000000    27.000000     2.000000    18.000000    29.000000    21.000000     4.000000     7.000000    -7.000000    16.000000     5.000000    13.000000    22.000000    23.000000    -4.000000    26.000000     3.000000    24.000000    25.000000     6.000000    -3.000000    -2.000000    -4.000000     9.000000    36.000000     6.000000    14.000000    21.000000    24.000000    26.000000    25.000000    26.000000    15.000000    36.000000    46.000000
   990.817322    11.000000     6.000000     5.000000    12.000000     6.000000    -4.000000    25.000000    22.000000     7.000000    15.000000    -2.000000    10.000000     0.000000    21.000000     2.000000    12.000000     1.000000     9.000000     8.000000     6.000000     7.000000    14.000000     5.000000    21.000000     6.000000     4.000000    11.000000     1.000000    10.000000     4.000000    -4.000000    18.000000     0.000000   -11.000000     3.000000    11.000000    16.000000     5.000000   -11.000000     3.000000    24.000000     4.000000     6.000000     5.000000   -14.000000     2.000000    16.000000    22.000000    16.000000    17.000000     3.000000    33.000000     6.000000    13.000000     2.000000     8.000000     1.000000    11.000000    36.000000    21.000000     0.000000    10.000000    12.000000    -2.000000    31.000000    11.000000    10.000000     5.000000    19.000000    33.000000    36.000000
   992.230713    17.000000     0.000000     6.000000    18.000000    24.000000    31.000000    -1.000000    -4.000000    -8.000000     5.000000     4.000000    19.000000    -1.000000    15.000000     8.000000    -7.000000     2.000000     2.000000    14.000000    -1.000000   -17.000000    16.000000    17.000000    18.000000     3.000000    -1.000000     5.000000     9.000000    11.000000    -5.000000     4.000000    -3.000000     5.000000    12.000000    22.000000     0.000000    26.000000     4.000000    14.000000    12.000000    20.000000     7.000000     6.000000     6.000000    24.000000    -2.000000    -7.000000     6.000000    14.000000    26.000000    10.000000     9.000000    -2.000000    21.000000     9.000000    -1.000000    -8.000000     3.000000    19.000000    27.000000    47.000000    14.000000     8.000000     8.000000    -6.000000    17.000000    27.000000    28.000000    34.000000    37.000000    23.000000
   993.644470     0.000000    11.000000    -5.000000     7.000000     4.000000     5.000000   -10.000000     4.000000    -2.000000     4.000000    -4.000000    17.000000    19.000000   -11.000000     6.000000     5.000000    10.000000     9.000000     8.000000   -12.000000     6.000000     1.000000     8.000000   -14.000000    19.000000     4.000000    -1.000000    13.000000    17.000000     1.000000     3.000000     0.000000     1.000000     5.000000    22.000000    20.000000    17.000000    21.000000    -5.000000    26.000000    23.000000    -3.000000     9.000000    20.000000    -9.000000     3.000000    10.000000    11.000000     6.000000    17.000000    11.000000    13.000000     1.000000    24.000000    10.000000    -4.000000    -8.000000    12.000000     1.000000    11.000000     7.000000    -3.000000    14.000000    34.000000     7.000000    -3.000000    30.000000    36.000000    26.000000    24.000000    51.000000
   995.058777    12.000000     0.000000    10.000000    -3.000000    27.000000     3.000000    11.000000     2.000000   -10.000000     2.000000    10.000000     3.000000    12.000000    12.000000    15.000000     7.000000    11.000000   -11.000000     2.000000    -5.000000     7.000000     2.000000     2.000000     3.000000    -1.000000     7.000000     4.000000    14.000000     6.000000     5.000000     0.000000     7.000000     6.000000    -5.000000    28.000000     8.000000     6.000000    -5.000000    10.000000    -9.000000    14.000000     5.000000    -8.000000    14.000000    16.000000    14.000000    12.000000    11.000000    12.000000    21.000000     3.000000     7.000000    14.000000    19.000000    16.000000     9.000000     7.000000    -1.000000     9.000000    16.000000    36.000000    18.000000    11.000000    19.000000     5.000000    10.000000    25.000000    27.000000    26.000000    20.000000    28.000000
   996.473572   -10.000000     4.000000     0.000000    -3.000000    10.000000     4.000000     4.000000     1.000000    -5.000000    16.000000    17.000000    -1.000000    13.000000    12.000000     4.000000    -2.000000     4.000000   -10.000000     2.000000    -9.000000     6.000000     5.000000   -11.000000    10.000000    -3.000000    12.000000    -8.000000    17.000000    11.000000     5.000000     1.000000    -1.000000    14.000000     2.000000    24.000000     3.000000     1.000000    18.000000     5.000000    17.000000    -2.000000   -10.000000    15.000000    13.000000    27.000000     2.000000    15.000000    11.000000    16.000000     5.000000    -7.000000    38.000000    14.000000    21.000000   -11.000000    -1.000000    -2.000000    12.000000    14.000000    24.000000    32.000000    16.000000     7.000000    16.000000    22.000000    16.000000    24.000000    26.000000    40.000000    22.000000    38.000000
   997.888916     9.000000     0.000000    12.000000    10.000000     7.000000    -5.000000     2.000000    -1.000000     5.000000    13.000000    21.000000    -2.000000     6.000000   -19.000000    14.000000    15.000000    23.000000    -5.000000    -3.000000    -5.000000    27.000000     4.000000    19.000000    17.000000     4.000000     6.000000    13.000000    -6.000000     4.000000     0.000000    20.000000    -2.000000     2.000000     9.000000    22.000000    -3.000000    19.000000    15.000000    20.000000     6.000000    13.000000    10.000000     3.000000    21.000000    13.000000    29.000000    12.000000    17.000000     6.000000    13.000000     6.000000     5.000000    12.000000    28.000000    14.000000     4.000000    -9.000000   -13.000000     1.000000    22.000000    16.000000    16.000000    16.000000    13.000000     8.000000     3.000000    14.000000    14.000000    33.000000    17.000000    45.000000
   999.304626     9.000000     0.000000     0.000000    13.000000    -6.000000    -9.000000     6.000000    12.000000    16.000000    -4.000000     9.000000    -8.000000    -6.000000     8.000000    -4.000000    18.000000    16.000000    20.000000     5.000000     1.000000     0.000000    19.000000    20.000000     7.000000     5.000000     9.000000     6.000000    23.000000    22.000000     0.000000    14.000000    14.000000     8.000000     8.000000     7.000000    12.000000    -6.000000    10.000000    10.000000     4.000000    21.000000    35.000000     0.000000     2.000000     7.000000    18.000000     6.000000     2.000000     4.000000    -5.000000    13.000000     2.000000    17.000000     7.000000    28.000000     4.000000   -19.000000    11.000000    27.000000    34.000000    34.000000    18.000000    18.000000    -1.000000    11.000000    17.000000    24.000000    18.000000    29.000000    19.000000    55.000000
   999.658630    11.000000    28.000000    -6.000000     7.000000    -3.000000    21.000000    11.000000    13.000000    -3.000000    16.000000    13.000000     0.000000    10.000000    12.000000   -10.000000     8.000000    14.000000     3.000000    -7.000000     6.000000    10.000000     0.000000     5.000000     5.000000    10.000000    -3.000000    13.000000    25.000000    17.000000     4.000000     1.000000    -1.000000     0.000000     9.000000     1.000000    -1.000000    16.000000    19.000000     1.000000    11.000000    22.000000     3.000000     9.000000    -4.000000    -8.000000    -3.000000    21.000000    -1.000000     6.000000    20.000000     3.000000    10.000000     4.000000    17.000000    -6.000000     1.000000    -6.000000    -2.000000     5.000000    25.000000    24.000000    14.000000     5.000000    -8.000000    20.000000    10.000000    31.000000    22.000000    35.000000    18.000000    20.000000
