ENVI ASCII Plot File [Wed Dec 10 17:32:22 2025]
Column 1: Wavelength
Column 2: X:175 Y:669~~1
Column 3: X:167 Y:676~~2
Column 4: X:160 Y:679~~3
Column 5: X:153 Y:683~~4
Column 6: X:146 Y:690~~5
Column 7: X:143 Y:695~~6
Column 8: X:132 Y:686~~7
Column 9: X:637 Y:685~~8
Column 10: X:631 Y:688~~9
Column 11: X:625 Y:688~~10
Column 12: X:615 Y:686~~11
Column 13: X:605 Y:686~~12
Column 14: X:292 Y:225~~13
Column 15: X:295 Y:224~~14
Column 16: X:300 Y:223~~15
Column 17: X:305 Y:222~~16
Column 18: X:305 Y:218~~17
Column 19: X:304 Y:214~~18
Column 20: X:303 Y:210~~19
Column 21: X:301 Y:206~~20
Column 22: X:299 Y:202~~21
Column 23: X:297 Y:198~~22
Column 24: X:291 Y:195~~23
Column 25: X:299 Y:193~~24
Column 26: X:307 Y:191~~25
Column 27: X:314 Y:193~~26
Column 28: X:21 Y:358~~27
Column 29: X:17 Y:366~~28
Column 30: X:17 Y:374~~29
Column 31: X:17 Y:382~~30
Column 32: X:18 Y:384~~31
Column 33: X:11 Y:376~~32
Column 34: X:11 Y:368~~33
Column 35: X:14 Y:362~~34
Column 36: X:18 Y:357~~35
Column 37: X:243 Y:90~~36
Column 38: X:243 Y:89~~37
Column 39: X:243 Y:88~~38
Column 40: X:238 Y:87~~39
Column 41: X:233 Y:86~~40
Column 42: X:236 Y:93~~41
Column 43: X:239 Y:100~~42
Column 44: X:234 Y:91~~43
Column 45: X:685 Y:23~~44
Column 46: X:580 Y:115~~45
Column 47: X:581 Y:115~~46
Column 48: X:594 Y:120~~47
Column 49: X:602 Y:131~~48
Column 50: X:612 Y:133~~49
Column 51: X:613 Y:137~~1
Column 52: X:614 Y:141~~2
Column 53: X:617 Y:143~~3
Column 54: X:620 Y:145~~4
   399.924103      1.000000      5.000000     -6.000000    -17.000000     13.000000      0.000000      3.000000      2.000000     14.000000      1.000000     19.000000     -9.000000     35.000000     37.000000     39.000000     12.000000     28.000000     36.000000     43.000000     40.000000     36.000000     -6.000000     39.000000     36.000000     45.000000     53.000000     19.000000      7.000000      0.000000     -5.000000     18.000000      2.000000      6.000000     10.000000      7.000000     59.000000     31.000000     51.000000     19.000000     21.000000     44.000000     39.000000     35.000000     -1.000000     26.000000      8.000000     14.000000      5.000000     13.000000     15.000000      7.000000     16.000000     12.000000
   401.119995      0.000000      5.000000    -10.000000      8.000000     -8.000000      9.000000      8.000000     12.000000      0.000000     -1.000000      0.000000     23.000000     24.000000     51.000000     32.000000     35.000000     33.000000     21.000000     48.000000     26.000000     29.000000     13.000000     33.000000     11.000000     26.000000     54.000000     12.000000      5.000000      4.000000      0.000000    -10.000000      7.000000     13.000000     13.000000     -8.000000     62.000000     38.000000     24.000000     36.000000     23.000000     56.000000     16.000000     44.000000     14.000000     19.000000     14.000000     15.000000     26.000000     18.000000      0.000000     16.000000     16.000000     12.000000
   402.316406      6.000000     -8.000000     -8.000000     -1.000000    -10.000000      0.000000      2.000000      4.000000     22.000000     11.000000      8.000000     -2.000000     26.000000     14.000000     39.000000     38.000000     35.000000     39.000000     40.000000     37.000000     21.000000     16.000000     24.000000     20.000000     47.000000     24.000000     10.000000     19.000000     -8.000000     -2.000000      2.000000     -3.000000      3.000000     -1.000000      6.000000     54.000000     42.000000     48.000000     29.000000     24.000000     53.000000     32.000000     43.000000      5.000000     26.000000     31.000000      2.000000     28.000000     16.000000     18.000000      9.000000     19.000000     26.000000
   403.513306     14.000000     21.000000    -14.000000      9.000000      2.000000     16.000000      0.000000     25.000000      9.000000     -3.000000     10.000000     -2.000000     41.000000     39.000000     13.000000     50.000000     33.000000     28.000000     54.000000     33.000000     12.000000     35.000000     40.000000     21.000000     41.000000     35.000000      0.000000     13.000000     -2.000000    -14.000000     28.000000     19.000000     10.000000     26.000000      9.000000     37.000000     31.000000     39.000000     38.000000     34.000000     54.000000     34.000000     37.000000      5.000000      7.000000     13.000000    -17.000000     42.000000     30.000000     14.000000     11.000000     10.000000     20.000000
   404.710602     -6.000000     10.000000     -5.000000      2.000000    -11.000000     -6.000000     -6.000000      2.000000     11.000000     -2.000000     26.000000     -5.000000     38.000000     21.000000     19.000000     43.000000     35.000000     21.000000     39.000000     48.000000     30.000000     37.000000     29.000000     23.000000     22.000000     23.000000      0.000000      3.000000     16.000000      6.000000     -1.000000     13.000000     11.000000      0.000000     11.000000     39.000000     38.000000     33.000000     46.000000     32.000000     58.000000     14.000000     60.000000     -6.000000     22.000000     20.000000     -9.000000     35.000000     34.000000     16.000000     23.000000     27.000000     14.000000
   405.908508    -10.000000      6.000000     -4.000000      7.000000     -4.000000      8.000000      8.000000     -7.000000     15.000000      4.000000      5.000000    -10.000000     52.000000     34.000000     54.000000     21.000000     28.000000     28.000000     59.000000     42.000000     24.000000     50.000000     29.000000     30.000000     51.000000     54.000000      3.000000     10.000000     16.000000     17.000000     18.000000     -6.000000     -6.000000      6.000000     10.000000     56.000000     58.000000     41.000000     32.000000     25.000000     53.000000     18.000000     48.000000     20.000000     21.000000     18.000000     22.000000     22.000000     42.000000     25.000000      3.000000      3.000000     22.000000
   407.106812      5.000000      3.000000     12.000000      2.000000    -20.000000     18.000000     11.000000     -7.000000     17.000000     16.000000      4.000000     -5.000000     41.000000     34.000000     51.000000     43.000000     27.000000     59.000000     56.000000     56.000000     40.000000     12.000000     31.000000     18.000000     58.000000     38.000000      8.000000     -7.000000     -7.000000     12.000000      5.000000     14.000000      6.000000      2.000000     -5.000000     53.000000     52.000000     48.000000     41.000000     33.000000     71.000000     17.000000     54.000000     18.000000     26.000000     21.000000     33.000000     26.000000     39.000000     -1.000000      6.000000      7.000000     20.000000
   408.305603     23.000000      8.000000     -7.000000      6.000000     14.000000     14.000000     -7.000000      7.000000     -8.000000      3.000000      6.000000      2.000000     53.000000     34.000000     34.000000     60.000000     32.000000     79.000000     39.000000     31.000000     27.000000     27.000000     43.000000     22.000000     36.000000     31.000000      3.000000     -1.000000     -1.000000     11.000000     -3.000000     21.000000     24.000000     -2.000000     -6.000000     59.000000     32.000000     51.000000     29.000000     36.000000     72.000000     28.000000     49.000000    -10.000000     15.000000     27.000000     18.000000     62.000000     44.000000     26.000000     21.000000     10.000000     -3.000000
   409.504913    -11.000000      6.000000      0.000000     -1.000000      5.000000      8.000000     -2.000000      1.000000     -8.000000      7.000000     10.000000     18.000000     26.000000     29.000000     23.000000     35.000000     19.000000     38.000000     29.000000     46.000000     45.000000     28.000000     31.000000     36.000000     28.000000     37.000000      0.000000     -4.000000      0.000000      6.000000      7.000000     -7.000000      1.000000     16.000000      6.000000     49.000000     44.000000     40.000000     40.000000     37.000000    109.000000     24.000000     39.000000     -5.000000     16.000000     27.000000     27.000000     31.000000     19.000000     22.000000     -9.000000     15.000000      4.000000
   410.704712    -10.000000     -6.000000      1.000000      0.000000     16.000000      2.000000     19.000000     11.000000     -3.000000     -2.000000      5.000000     18.000000     43.000000     29.000000     35.000000     25.000000     20.000000     61.000000     26.000000     38.000000     39.000000     38.000000     41.000000     57.000000     32.000000     42.000000     10.000000     10.000000      9.000000      0.000000     14.000000     11.000000     32.000000      9.000000     20.000000     76.000000     72.000000     39.000000     22.000000     41.000000     55.000000     63.000000     38.000000      5.000000     21.000000     34.000000     29.000000     40.000000     20.000000     15.000000     10.000000     24.000000     14.000000
   411.904907     -8.000000      8.000000     14.000000      1.000000      2.000000    -11.000000    -15.000000      7.000000      1.000000    -13.000000     -9.000000      3.000000     53.000000     58.000000     49.000000     57.000000     62.000000     49.000000     51.000000     45.000000     52.000000     24.000000     27.000000     42.000000     42.000000     51.000000      1.000000     14.000000      8.000000      9.000000     17.000000      6.000000     -7.000000      1.000000     11.000000     66.000000     62.000000     52.000000     29.000000     50.000000     66.000000     47.000000     39.000000     -2.000000     19.000000     17.000000     18.000000     28.000000     31.000000     12.000000     16.000000     33.000000     33.000000
   413.105591      7.000000     16.000000     18.000000     -5.000000    -16.000000      4.000000      9.000000      6.000000     12.000000      6.000000      0.000000     -6.000000     39.000000     53.000000     27.000000     59.000000     39.000000     18.000000     61.000000     48.000000     24.000000      9.000000     30.000000     35.000000     50.000000     44.000000      1.000000     17.000000     16.000000      7.000000      9.000000      2.000000      6.000000     20.000000      7.000000     74.000000     71.000000     62.000000     36.000000     48.000000     61.000000     51.000000     45.000000     10.000000      6.000000     12.000000     15.000000     38.000000     30.000000     26.000000     29.000000     19.000000     10.000000
   414.306793     -6.000000     10.000000     17.000000      1.000000      4.000000    -11.000000    -15.000000      3.000000     11.000000      8.000000     10.000000      4.000000     55.000000     22.000000     26.000000     47.000000     49.000000     76.000000     49.000000     49.000000     44.000000     41.000000     28.000000     51.000000     58.000000     66.000000     10.000000     -6.000000      8.000000     -6.000000      3.000000     10.000000     18.000000     14.000000     21.000000     57.000000     84.000000     53.000000     48.000000     16.000000     86.000000     37.000000     57.000000      1.000000     16.000000     13.000000     14.000000     66.000000     39.000000     36.000000     26.000000     22.000000     14.000000
   415.508514    -13.000000     11.000000      2.000000     -6.000000      1.000000     16.000000      6.000000    -11.000000    -12.000000     -2.000000     14.000000     -2.000000     40.000000     48.000000     20.000000     49.000000     41.000000     69.000000     60.000000     66.000000     33.000000     34.000000     48.000000     31.000000     44.000000     54.000000      2.000000      5.000000     13.000000     12.000000     23.000000     10.000000     16.000000     13.000000     17.000000     76.000000     62.000000     81.000000     43.000000     30.000000     72.000000     60.000000     50.000000      5.000000     19.000000     23.000000    -10.000000     51.000000     17.000000     37.000000     32.000000      3.000000      4.000000
   416.710602     -2.000000     -4.000000     27.000000      0.000000     10.000000    -10.000000      7.000000     -1.000000     10.000000      4.000000      2.000000     -1.000000     45.000000     66.000000     41.000000     40.000000     58.000000     43.000000     42.000000     52.000000     47.000000     24.000000     37.000000     35.000000     16.000000     55.000000     17.000000     23.000000      9.000000     15.000000     13.000000     10.000000     21.000000      2.000000     19.000000     95.000000     93.000000     68.000000     40.000000     22.000000     95.000000     62.000000     48.000000      8.000000     39.000000     32.000000     14.000000     48.000000     47.000000     29.000000     18.000000     12.000000      5.000000
   417.913300      8.000000      3.000000     -8.000000     -6.000000      5.000000      0.000000    -16.000000      2.000000     -5.000000     15.000000      3.000000     13.000000     51.000000     47.000000     68.000000     44.000000     29.000000     43.000000     52.000000     56.000000     47.000000     51.000000     46.000000     54.000000     45.000000     77.000000     14.000000     -1.000000      4.000000    -14.000000      3.000000      7.000000     32.000000      3.000000     -9.000000    102.000000     89.000000     76.000000     70.000000     50.000000     89.000000     54.000000     57.000000      6.000000     19.000000      7.000000      3.000000     63.000000     49.000000     36.000000     29.000000     16.000000     16.000000
   419.116394     -2.000000      0.000000      8.000000      0.000000     11.000000      2.000000      2.000000     10.000000    -14.000000    -10.000000     15.000000     -3.000000     57.000000     54.000000     82.000000     47.000000     37.000000     62.000000     83.000000     60.000000     55.000000     33.000000     20.000000     39.000000     40.000000     53.000000     -1.000000     11.000000      7.000000     11.000000      0.000000     11.000000     11.000000     -3.000000      2.000000    107.000000    112.000000     88.000000     60.000000     47.000000    101.000000     43.000000     75.000000     11.000000     36.000000     20.000000     15.000000     58.000000     42.000000     36.000000     20.000000     20.000000      5.000000
   420.320007      6.000000     -9.000000     -2.000000    -10.000000    -10.000000     -8.000000     11.000000      2.000000    -15.000000     27.000000     -3.000000     16.000000     53.000000     59.000000     65.000000     63.000000     57.000000     86.000000     70.000000     64.000000     38.000000     57.000000     55.000000     53.000000     61.000000     60.000000     11.000000     17.000000      4.000000     18.000000     11.000000     16.000000     -8.000000     10.000000     12.000000    118.000000    106.000000    120.000000     67.000000     70.000000    104.000000     65.000000     80.000000     -3.000000     15.000000     28.000000     38.000000     80.000000     66.000000     34.000000     18.000000     28.000000     27.000000
   421.524109      9.000000      2.000000      8.000000      4.000000    -19.000000     12.000000     11.000000      0.000000     12.000000     -4.000000      8.000000     12.000000     72.000000     69.000000     50.000000     66.000000     46.000000     77.000000     67.000000     70.000000     76.000000     38.000000     38.000000     50.000000     76.000000     69.000000     15.000000     14.000000     10.000000     18.000000      7.000000      0.000000     11.000000      2.000000      7.000000    127.000000    122.000000    109.000000     50.000000     54.000000    114.000000     70.000000     79.000000      7.000000     29.000000     32.000000     22.000000     72.000000     56.000000     41.000000     31.000000     27.000000     20.000000
   422.728607      8.000000      1.000000     12.000000      2.000000     29.000000      0.000000      9.000000      5.000000      5.000000     13.000000      3.000000     14.000000     67.000000     79.000000     59.000000     72.000000     78.000000     97.000000     88.000000     81.000000     53.000000     77.000000     45.000000     51.000000     61.000000     93.000000      9.000000      9.000000      8.000000     20.000000     31.000000     12.000000     10.000000     -2.000000     20.000000    151.000000    133.000000    129.000000     74.000000     42.000000    131.000000    102.000000     88.000000     18.000000     21.000000     40.000000     51.000000     92.000000     63.000000     21.000000     37.000000     36.000000      9.000000
   423.933685     -5.000000     14.000000     17.000000     17.000000      2.000000      7.000000      5.000000     -7.000000     -2.000000    -13.000000      8.000000      7.000000     84.000000     83.000000     90.000000     95.000000     99.000000    119.000000    105.000000     69.000000     85.000000     42.000000     58.000000     70.000000     65.000000    109.000000    -12.000000     14.000000     17.000000     23.000000     37.000000     12.000000     18.000000      0.000000     16.000000    158.000000    143.000000    155.000000    104.000000     66.000000    177.000000    111.000000     81.000000      0.000000     46.000000     53.000000     17.000000     84.000000     69.000000     46.000000     17.000000     44.000000     22.000000
   425.139191      9.000000     -5.000000     -2.000000     13.000000      4.000000     -1.000000      0.000000     19.000000     14.000000      7.000000      5.000000      3.000000     75.000000    122.000000    105.000000     94.000000     83.000000    122.000000    117.000000    109.000000     86.000000     64.000000     53.000000     58.000000    100.000000    140.000000      4.000000     26.000000      6.000000     27.000000      3.000000     15.000000     12.000000     16.000000      8.000000    183.000000    188.000000    193.000000    131.000000     61.000000    193.000000     99.000000     82.000000      7.000000     28.000000     61.000000     27.000000    110.000000     95.000000     33.000000     26.000000     25.000000     32.000000
   426.345215     16.000000      6.000000     17.000000      5.000000     13.000000     -2.000000     14.000000      9.000000      7.000000     19.000000     17.000000      5.000000    102.000000    145.000000    120.000000    101.000000     86.000000    132.000000    104.000000    106.000000     94.000000     71.000000     67.000000    102.000000    108.000000    175.000000      6.000000     14.000000      4.000000     13.000000      6.000000      8.000000     10.000000     32.000000      6.000000    215.000000    258.000000    210.000000    116.000000     96.000000    232.000000    143.000000    137.000000     -2.000000     56.000000     59.000000     50.000000    141.000000    103.000000     64.000000     48.000000     41.000000     25.000000
   427.551697      7.000000     -1.000000     21.000000     14.000000      4.000000      6.000000     20.000000     15.000000     -9.000000     13.000000     14.000000     17.000000    126.000000    119.000000    150.000000    135.000000     99.000000    145.000000    110.000000     85.000000     84.000000     76.000000     75.000000     95.000000    118.000000    165.000000     20.000000     15.000000      5.000000      3.000000     15.000000     24.000000     11.000000     15.000000     14.000000    298.000000    268.000000    241.000000    118.000000     78.000000    243.000000    166.000000    151.000000      3.000000     47.000000     43.000000     45.000000    185.000000    132.000000     83.000000     63.000000     45.000000     23.000000
   428.758606      4.000000      9.000000     -2.000000      2.000000     11.000000      5.000000     20.000000      2.000000      8.000000     11.000000      3.000000     18.000000    154.000000    137.000000    175.000000    135.000000    126.000000    215.000000    145.000000    145.000000    111.000000    108.000000     78.000000    120.000000    115.000000    192.000000     27.000000     23.000000     15.000000     28.000000     13.000000     33.000000     13.000000     13.000000     20.000000    387.000000    324.000000    310.000000    169.000000    121.000000    284.000000    218.000000    179.000000     19.000000     62.000000     70.000000     57.000000    206.000000    149.000000     95.000000     81.000000     66.000000     51.000000
   429.966095     19.000000     13.000000      7.000000     10.000000      7.000000     15.000000     11.000000     10.000000      6.000000     13.000000     -4.000000     15.000000    176.000000    212.000000    169.000000    177.000000    164.000000    252.000000    174.000000    141.000000    160.000000    146.000000    131.000000    144.000000    130.000000    277.000000     21.000000     28.000000     18.000000     13.000000     17.000000      7.000000     12.000000     14.000000     20.000000    444.000000    349.000000    388.000000    222.000000    118.000000    369.000000    235.000000    203.000000     21.000000    114.000000     70.000000     41.000000    288.000000    169.000000    114.000000     82.000000     41.000000     61.000000
   431.174011      6.000000      3.000000     33.000000      2.000000     12.000000      1.000000     12.000000     21.000000      5.000000      5.000000     17.000000     31.000000    224.000000    218.000000    227.000000    245.000000    183.000000    288.000000    246.000000    244.000000    199.000000    149.000000    144.000000    148.000000    146.000000    343.000000     27.000000     44.000000     34.000000     32.000000     29.000000     26.000000     22.000000     28.000000     32.000000    607.000000    473.000000    491.000000    260.000000    161.000000    470.000000    282.000000    274.000000     15.000000    120.000000    131.000000     83.000000    342.000000    246.000000    133.000000     90.000000    101.000000     64.000000
   432.382385      2.000000      3.000000     28.000000      7.000000     32.000000      2.000000     25.000000     23.000000     38.000000      9.000000     12.000000     13.000000    333.000000    299.000000    291.000000    296.000000    235.000000    411.000000    361.000000    306.000000    231.000000    171.000000    186.000000    232.000000    184.000000    469.000000     45.000000     35.000000     22.000000     17.000000     29.000000     19.000000     35.000000     44.000000     20.000000    735.000000    706.000000    653.000000    304.000000    226.000000    702.000000    357.000000    357.000000      3.000000    181.000000    140.000000    114.000000    492.000000    331.000000    165.000000    167.000000     90.000000     76.000000
   433.591309     26.000000     24.000000     19.000000     20.000000     24.000000     25.000000     28.000000     20.000000     31.000000     24.000000     25.000000     34.000000    395.000000    422.000000    372.000000    388.000000    320.000000    518.000000    417.000000    364.000000    270.000000    287.000000    222.000000    283.000000    289.000000    568.000000     35.000000     47.000000     40.000000     37.000000     45.000000     54.000000     38.000000     31.000000     31.000000   1011.000000    950.000000    867.000000    451.000000    279.000000    831.000000    513.000000    461.000000     32.000000    204.000000    212.000000    116.000000    600.000000    412.000000    194.000000    202.000000    107.000000     84.000000
   434.800598     26.000000     37.000000     33.000000     36.000000      7.000000     16.000000     23.000000     30.000000      6.000000     36.000000     34.000000     42.000000    599.000000    523.000000    501.000000    508.000000    387.000000    736.000000    556.000000    501.000000    390.000000    390.000000    312.000000    350.000000    336.000000    780.000000     38.000000     47.000000     63.000000     49.000000     56.000000     27.000000     44.000000     49.000000     58.000000   1332.000000   1261.000000   1180.000000    625.000000    329.000000   1183.000000    668.000000    609.000000     54.000000    316.000000    305.000000    132.000000    747.000000    490.000000    252.000000    263.000000    144.000000    135.000000
   436.010498     51.000000     46.000000     28.000000     41.000000     37.000000     24.000000     60.000000     56.000000     21.000000     35.000000     29.000000     35.000000    697.000000    697.000000    595.000000    661.000000    471.000000    801.000000    681.000000    610.000000    530.000000    414.000000    337.000000    459.000000    449.000000    998.000000     55.000000     80.000000     97.000000     76.000000     68.000000     61.000000     26.000000     58.000000     72.000000   1700.000000   1544.000000   1533.000000    740.000000    464.000000   1454.000000    879.000000    788.000000     69.000000    345.000000    419.000000    178.000000    993.000000    675.000000    326.000000    288.000000    135.000000    134.000000
   437.220795     66.000000     34.000000     31.000000     27.000000     33.000000      7.000000     53.000000     52.000000     46.000000     45.000000     52.000000     44.000000    867.000000    837.000000    760.000000    793.000000    619.000000   1116.000000    936.000000    735.000000    602.000000    527.000000    449.000000    564.000000    570.000000   1230.000000     81.000000     79.000000     90.000000     89.000000     72.000000     67.000000     62.000000    102.000000     95.000000   2167.000000   1969.000000   1872.000000    875.000000    549.000000   1706.000000   1134.000000    966.000000     69.000000    402.000000    454.000000    239.000000   1234.000000    847.000000    386.000000    343.000000    197.000000    218.000000
   438.431610     52.000000     47.000000     37.000000     62.000000     52.000000     47.000000     49.000000     60.000000     37.000000     41.000000     28.000000     62.000000   1043.000000    949.000000    953.000000    929.000000    700.000000   1297.000000    964.000000    857.000000    737.000000    627.000000    516.000000    707.000000    655.000000   1516.000000    137.000000    103.000000     75.000000     78.000000     87.000000     91.000000     92.000000     76.000000     93.000000   2565.000000   2353.000000   2197.000000   1012.000000    599.000000   2069.000000   1306.000000   1160.000000     65.000000    555.000000    545.000000    257.000000   1458.000000    980.000000    496.000000    464.000000    313.000000    249.000000
   439.642914     77.000000     43.000000     45.000000     74.000000     52.000000     38.000000     51.000000     90.000000     43.000000     72.000000     68.000000     94.000000   1203.000000   1094.000000   1041.000000   1175.000000    832.000000   1463.000000   1211.000000    976.000000    863.000000    743.000000    627.000000    771.000000    707.000000   1589.000000     83.000000    111.000000    146.000000    120.000000     82.000000     82.000000    107.000000     94.000000     78.000000   2795.000000   2730.000000   2428.000000   1201.000000    713.000000   2299.000000   1430.000000   1317.000000    102.000000    573.000000    613.000000    304.000000   1611.000000   1116.000000    536.000000    455.000000    285.000000    241.000000
   440.854614     75.000000     43.000000     41.000000     39.000000     82.000000     62.000000     60.000000     83.000000     75.000000     77.000000     48.000000     75.000000   1271.000000   1194.000000   1079.000000   1252.000000    920.000000   1567.000000   1240.000000   1037.000000    849.000000    783.000000    645.000000    824.000000    846.000000   1776.000000     86.000000    124.000000    119.000000    137.000000     97.000000     96.000000    114.000000    116.000000    125.000000   3331.000000   2910.000000   2720.000000   1195.000000    750.000000   2385.000000   1554.000000   1356.000000    101.000000    709.000000    660.000000    314.000000   1739.000000   1158.000000    658.000000    583.000000    305.000000    302.000000
   442.066895     89.000000     61.000000     61.000000     44.000000     54.000000     71.000000     74.000000     94.000000     56.000000     67.000000     85.000000     70.000000   1431.000000   1294.000000   1161.000000   1353.000000    955.000000   1710.000000   1265.000000   1215.000000    997.000000    887.000000    730.000000    881.000000    855.000000   1987.000000    135.000000    125.000000    161.000000    135.000000    130.000000     94.000000    104.000000    102.000000    121.000000   3326.000000   2978.000000   2850.000000   1379.000000    821.000000   2619.000000   1736.000000   1449.000000    113.000000    689.000000    779.000000    328.000000   1799.000000   1260.000000    650.000000    623.000000    314.000000    282.000000
   443.279602     87.000000     69.000000     70.000000     62.000000     59.000000     65.000000     65.000000     71.000000     68.000000     64.000000     76.000000     81.000000   1562.000000   1446.000000   1281.000000   1422.000000   1036.000000   1885.000000   1386.000000   1295.000000   1101.000000    946.000000    732.000000    885.000000    902.000000   2099.000000    136.000000    133.000000    139.000000    138.000000     95.000000    106.000000    139.000000    123.000000    119.000000   3514.000000   3266.000000   3094.000000   1378.000000    858.000000   2754.000000   1935.000000   1536.000000    138.000000    721.000000    779.000000    377.000000   1864.000000   1309.000000    718.000000    659.000000    367.000000    296.000000
   444.492798     74.000000     43.000000     69.000000     46.000000     60.000000     52.000000     77.000000    101.000000     77.000000     72.000000     80.000000     89.000000   1628.000000   1483.000000   1292.000000   1589.000000   1150.000000   1894.000000   1437.000000   1321.000000   1080.000000    921.000000    805.000000    998.000000    972.000000   2195.000000    132.000000    151.000000    136.000000    121.000000    129.000000     96.000000    121.000000    116.000000    141.000000   3496.000000   3361.000000   3132.000000   1458.000000    914.000000   2707.000000   2014.000000   1651.000000    103.000000    802.000000    828.000000    410.000000   2045.000000   1428.000000    707.000000    608.000000    364.000000    322.000000
   445.706512     73.000000     69.000000     80.000000     85.000000     53.000000     83.000000     72.000000    110.000000     74.000000     83.000000     96.000000     99.000000   1690.000000   1507.000000   1303.000000   1559.000000   1108.000000   1881.000000   1459.000000   1344.000000   1067.000000   1003.000000    813.000000    977.000000    967.000000   2203.000000    134.000000    143.000000    166.000000    106.000000    138.000000    112.000000    134.000000    127.000000    136.000000   3638.000000   3341.000000   3131.000000   1442.000000    913.000000   2907.000000   2117.000000   1652.000000    128.000000    774.000000    858.000000    383.000000   1960.000000   1400.000000    729.000000    688.000000    393.000000    343.000000
   446.920685     82.000000     59.000000     64.000000     81.000000     74.000000     61.000000     84.000000    118.000000     89.000000     89.000000     95.000000     93.000000   1791.000000   1577.000000   1407.000000   1725.000000   1225.000000   2049.000000   1517.000000   1339.000000   1155.000000    978.000000    823.000000   1098.000000   1045.000000   2176.000000    155.000000    164.000000    163.000000    163.000000    144.000000    113.000000    144.000000    153.000000    152.000000   3703.000000   3396.000000   3127.000000   1577.000000    989.000000   3025.000000   2258.000000   1697.000000    129.000000    889.000000    970.000000    439.000000   2235.000000   1535.000000    760.000000    728.000000    340.000000    376.000000
   448.135315    101.000000     49.000000     72.000000     80.000000     68.000000     67.000000     90.000000    108.000000     83.000000     86.000000     90.000000    101.000000   1798.000000   1729.000000   1378.000000   1718.000000   1296.000000   2028.000000   1610.000000   1411.000000   1159.000000   1076.000000    854.000000   1076.000000   1099.000000   2280.000000    146.000000    145.000000    160.000000    135.000000    140.000000     71.000000    148.000000    139.000000    153.000000   3648.000000   3532.000000   3330.000000   1495.000000   1055.000000   3061.000000   2275.000000   1813.000000    144.000000    882.000000    851.000000    430.000000   2210.000000   1563.000000    779.000000    749.000000    359.000000    348.000000
   449.350403     94.000000     49.000000     68.000000     78.000000     86.000000     65.000000     83.000000    100.000000     83.000000     81.000000     60.000000    109.000000   1926.000000   1824.000000   1455.000000   1797.000000   1262.000000   2177.000000   1716.000000   1540.000000   1230.000000   1103.000000    810.000000   1171.000000   1183.000000   2294.000000    135.000000    177.000000    166.000000    140.000000    139.000000    108.000000    121.000000    142.000000    176.000000   3955.000000   3452.000000   3236.000000   1620.000000   1011.000000   3108.000000   2312.000000   1863.000000    126.000000    955.000000   1014.000000    488.000000   2186.000000   1579.000000    780.000000    824.000000    416.000000    381.000000
   450.566010     93.000000     94.000000     56.000000     52.000000     77.000000    117.000000     81.000000    117.000000     78.000000     62.000000     89.000000    123.000000   2006.000000   1746.000000   1544.000000   1947.000000   1350.000000   2079.000000   1704.000000   1590.000000   1255.000000   1124.000000    928.000000   1199.000000   1155.000000   2389.000000    146.000000    169.000000    170.000000    153.000000    181.000000    112.000000    142.000000    175.000000    187.000000   4052.000000   3629.000000   3490.000000   1718.000000    999.000000   3276.000000   2474.000000   1956.000000    150.000000    962.000000    988.000000    453.000000   2277.000000   1582.000000    840.000000    792.000000    423.000000    409.000000
   451.782104     84.000000     56.000000     64.000000     75.000000     79.000000     98.000000     99.000000    130.000000     79.000000     80.000000     96.000000    125.000000   2074.000000   1813.000000   1517.000000   2139.000000   1381.000000   2165.000000   1800.000000   1597.000000   1274.000000   1135.000000    893.000000   1126.000000   1182.000000   2410.000000    167.000000    149.000000    170.000000    155.000000    142.000000    178.000000    165.000000    145.000000    186.000000   4187.000000   3634.000000   3709.000000   1722.000000   1000.000000   3246.000000   2657.000000   1957.000000    150.000000    977.000000   1043.000000    498.000000   2353.000000   1690.000000    838.000000    791.000000    425.000000    385.000000
   452.998596     99.000000     52.000000     84.000000     82.000000     91.000000     84.000000     92.000000    109.000000     78.000000     84.000000     89.000000    142.000000   2055.000000   1875.000000   1662.000000   2072.000000   1476.000000   2197.000000   1750.000000   1565.000000   1306.000000   1131.000000    943.000000   1216.000000   1201.000000   2547.000000    170.000000    180.000000    209.000000    187.000000    167.000000    132.000000    159.000000    174.000000    199.000000   4419.000000   3898.000000   3872.000000   1715.000000   1056.000000   3359.000000   2813.000000   2000.000000    155.000000   1029.000000   1096.000000    496.000000   2305.000000   1745.000000    892.000000    843.000000    430.000000    408.000000
   454.215698    108.000000    102.000000    109.000000     77.000000     96.000000    125.000000    108.000000    115.000000     95.000000     87.000000     88.000000     90.000000   2174.000000   1986.000000   1677.000000   2069.000000   1504.000000   2319.000000   1844.000000   1661.000000   1358.000000   1224.000000    992.000000   1316.000000   1340.000000   2630.000000    154.000000    184.000000    199.000000    203.000000    166.000000    153.000000    144.000000    165.000000    193.000000   4550.000000   4105.000000   3958.000000   1729.000000   1127.000000   3426.000000   2865.000000   2203.000000    147.000000   1046.000000   1167.000000    535.000000   2474.000000   1777.000000    894.000000    933.000000    480.000000    402.000000
   455.433197    131.000000     79.000000     84.000000    103.000000     90.000000    130.000000     92.000000    107.000000    104.000000     90.000000     96.000000    142.000000   2347.000000   2033.000000   1719.000000   2182.000000   1535.000000   2270.000000   1900.000000   1765.000000   1344.000000   1244.000000    977.000000   1270.000000   1428.000000   2774.000000    196.000000    210.000000    183.000000    170.000000    162.000000    157.000000    189.000000    171.000000    192.000000   4900.000000   4355.000000   4255.000000   1867.000000   1174.000000   3496.000000   3113.000000   2210.000000    153.000000   1141.000000   1158.000000    500.000000   2570.000000   1896.000000    934.000000    920.000000    457.000000    426.000000
   456.651215    125.000000     92.000000    102.000000     84.000000    110.000000    132.000000    123.000000    133.000000     92.000000    102.000000    120.000000    106.000000   2370.000000   2152.000000   1615.000000   2277.000000   1598.000000   2351.000000   2029.000000   1826.000000   1382.000000   1358.000000   1033.000000   1323.000000   1386.000000   2924.000000    155.000000    206.000000    221.000000    202.000000    180.000000    170.000000    203.000000    179.000000    209.000000   4951.000000   4521.000000   4353.000000   1811.000000   1203.000000   3632.000000   3260.000000   2221.000000    169.000000   1176.000000   1138.000000    530.000000   2596.000000   1832.000000    905.000000    944.000000    444.000000    453.000000
   457.869690    119.000000     90.000000     97.000000     87.000000    118.000000    161.000000    105.000000    157.000000    116.000000    105.000000    114.000000    121.000000   2454.000000   2111.000000   1734.000000   2238.000000   1688.000000   2497.000000   2097.000000   1774.000000   1451.000000   1365.000000   1080.000000   1345.000000   1388.000000   2930.000000    169.000000    267.000000    207.000000    220.000000    184.000000    161.000000    206.000000    187.000000    216.000000   5081.000000   4610.000000   4362.000000   1856.000000   1179.000000   3595.000000   3154.000000   2385.000000    150.000000   1193.000000   1267.000000    544.000000   2650.000000   1937.000000    923.000000    934.000000    480.000000    459.000000
   459.088593    102.000000     92.000000     90.000000     65.000000    117.000000    123.000000    127.000000    149.000000    101.000000     82.000000     94.000000    131.000000   2435.000000   2153.000000   1738.000000   2369.000000   1682.000000   2489.000000   2060.000000   1765.000000   1397.000000   1309.000000   1079.000000   1416.000000   1420.000000   3029.000000    164.000000    221.000000    192.000000    189.000000    169.000000    178.000000    189.000000    186.000000    174.000000   5217.000000   4605.000000   4455.000000   1910.000000   1188.000000   3528.000000   3345.000000   2358.000000    180.000000   1210.000000   1224.000000    565.000000   2634.000000   1925.000000    932.000000    933.000000    508.000000    460.000000
   460.308105    128.000000    104.000000     96.000000     91.000000    106.000000    121.000000    110.000000    138.000000     96.000000    116.000000    116.000000    132.000000   2534.000000   2173.000000   1682.000000   2357.000000   1732.000000   2467.000000   2207.000000   1853.000000   1428.000000   1321.000000   1002.000000   1441.000000   1498.000000   2991.000000    228.000000    217.000000    228.000000    186.000000    192.000000    156.000000    215.000000    190.000000    198.000000   5276.000000   4681.000000   4450.000000   1942.000000   1290.000000   3552.000000   3390.000000   2468.000000    186.000000   1256.000000   1333.000000    561.000000   2626.000000   1926.000000    992.000000    960.000000    462.000000    495.000000
   461.528015    143.000000     92.000000    111.000000     91.000000    100.000000    160.000000    113.000000    160.000000     97.000000     99.000000     95.000000    124.000000   2547.000000   2238.000000   1717.000000   2362.000000   1781.000000   2490.000000   2102.000000   1903.000000   1476.000000   1431.000000   1028.000000   1457.000000   1480.000000   3061.000000    181.000000    223.000000    202.000000    207.000000    171.000000    166.000000    196.000000    204.000000    202.000000   5364.000000   4790.000000   4647.000000   1877.000000   1266.000000   3695.000000   3454.000000   2457.000000    154.000000   1280.000000   1419.000000    582.000000   2677.000000   2018.000000   1046.000000    944.000000    486.000000    466.000000
   462.748413    132.000000    106.000000     81.000000     93.000000     90.000000    133.000000    102.000000    140.000000    119.000000    100.000000    117.000000    178.000000   2701.000000   2309.000000   1833.000000   2434.000000   1901.000000   2610.000000   2131.000000   1924.000000   1436.000000   1430.000000   1084.000000   1505.000000   1548.000000   3029.000000    198.000000    255.000000    207.000000    236.000000    194.000000    183.000000    194.000000    186.000000    248.000000   5485.000000   4884.000000   4585.000000   2016.000000   1260.000000   3784.000000   3555.000000   2577.000000    167.000000   1324.000000   1351.000000    588.000000   2730.000000   2030.000000    990.000000    950.000000    541.000000    464.000000
   463.969299    149.000000    109.000000    117.000000    134.000000    118.000000    165.000000     91.000000    174.000000    113.000000    107.000000    105.000000    138.000000   2729.000000   2463.000000   1949.000000   2484.000000   1876.000000   2609.000000   2171.000000   1893.000000   1476.000000   1465.000000   1037.000000   1517.000000   1494.000000   3142.000000    234.000000    264.000000    250.000000    210.000000    194.000000    203.000000    219.000000    218.000000    246.000000   5617.000000   4853.000000   4791.000000   2013.000000   1293.000000   3730.000000   3835.000000   2593.000000    165.000000   1315.000000   1388.000000    623.000000   2779.000000   1987.000000   1090.000000   1034.000000    515.000000    514.000000
   465.190613    131.000000    125.000000     99.000000    107.000000    129.000000    175.000000    117.000000    156.000000    128.000000    119.000000    119.000000    123.000000   2809.000000   2426.000000   2002.000000   2576.000000   1922.000000   2639.000000   2275.000000   1946.000000   1506.000000   1459.000000   1140.000000   1535.000000   1531.000000   3322.000000    199.000000    250.000000    261.000000    219.000000    223.000000    165.000000    232.000000    247.000000    257.000000   5592.000000   4980.000000   4789.000000   2177.000000   1276.000000   3897.000000   3776.000000   2762.000000    185.000000   1327.000000   1389.000000    633.000000   2872.000000   2050.000000   1073.000000   1051.000000    529.000000    557.000000
   466.412506    136.000000    104.000000     97.000000    102.000000    126.000000    212.000000     99.000000    145.000000    116.000000    123.000000    118.000000    120.000000   2942.000000   2453.000000   2006.000000   2730.000000   1981.000000   2538.000000   2295.000000   1999.000000   1530.000000   1526.000000   1171.000000   1512.000000   1577.000000   3323.000000    232.000000    244.000000    313.000000    234.000000    188.000000    216.000000    230.000000    219.000000    254.000000   5713.000000   5102.000000   4933.000000   2108.000000   1315.000000   4011.000000   4076.000000   2720.000000    192.000000   1352.000000   1419.000000    680.000000   3017.000000   2089.000000   1095.000000   1112.000000    535.000000    533.000000
   467.634796    127.000000     88.000000    107.000000    105.000000    118.000000    186.000000    136.000000    152.000000    163.000000    116.000000    145.000000    136.000000   2892.000000   2501.000000   2043.000000   2747.000000   1976.000000   2689.000000   2380.000000   1963.000000   1508.000000   1567.000000   1095.000000   1569.000000   1678.000000   3334.000000    219.000000    300.000000    275.000000    251.000000    228.000000    199.000000    232.000000    241.000000    265.000000   5875.000000   5144.000000   5037.000000   2137.000000   1324.000000   3991.000000   3962.000000   2880.000000    239.000000   1439.000000   1492.000000    684.000000   2990.000000   2135.000000   1099.000000   1024.000000    587.000000    539.000000
   468.857605    149.000000    138.000000     93.000000    110.000000    125.000000    195.000000    132.000000    166.000000    141.000000    100.000000    125.000000    166.000000   2890.000000   2515.000000   2148.000000   2761.000000   2095.000000   2823.000000   2439.000000   2118.000000   1521.000000   1603.000000   1170.000000   1670.000000   1715.000000   3405.000000    215.000000    313.000000    279.000000    275.000000    229.000000    240.000000    260.000000    255.000000    268.000000   6113.000000   5259.000000   5199.000000   2311.000000   1378.000000   4052.000000   4217.000000   2983.000000    192.000000   1541.000000   1506.000000    716.000000   3037.000000   2214.000000   1128.000000   1170.000000    579.000000    543.000000
   470.080902    156.000000    103.000000    120.000000    133.000000    121.000000    192.000000     83.000000    153.000000    133.000000    116.000000    134.000000    142.000000   3046.000000   2646.000000   2080.000000   2770.000000   2143.000000   2736.000000   2336.000000   2124.000000   1589.000000   1553.000000   1173.000000   1676.000000   1706.000000   3401.000000    248.000000    277.000000    304.000000    232.000000    226.000000    200.000000    257.000000    238.000000    284.000000   5959.000000   5314.000000   5234.000000   2321.000000   1436.000000   4074.000000   4266.000000   2990.000000    224.000000   1573.000000   1580.000000    737.000000   2975.000000   2303.000000   1221.000000   1135.000000    582.000000    577.000000
   471.304596    186.000000    120.000000    122.000000    119.000000    108.000000    197.000000    174.000000    182.000000    149.000000     96.000000    102.000000    146.000000   3125.000000   2707.000000   2094.000000   2845.000000   2075.000000   2799.000000   2477.000000   2055.000000   1518.000000   1617.000000   1171.000000   1631.000000   1758.000000   3501.000000    239.000000    274.000000    260.000000    257.000000    242.000000    211.000000    253.000000    265.000000    274.000000   6081.000000   5286.000000   5299.000000   2198.000000   1409.000000   4185.000000   4305.000000   3139.000000    175.000000   1603.000000   1615.000000    701.000000   3176.000000   2175.000000   1201.000000   1193.000000    535.000000    580.000000
   472.528900    138.000000    127.000000    111.000000    126.000000    112.000000    169.000000    127.000000    202.000000    192.000000    130.000000    145.000000    174.000000   3128.000000   2552.000000   2095.000000   2825.000000   2227.000000   2839.000000   2525.000000   2014.000000   1541.000000   1687.000000   1131.000000   1619.000000   1749.000000   3381.000000    253.000000    310.000000    290.000000    295.000000    246.000000    226.000000    228.000000    280.000000    260.000000   6266.000000   5230.000000   5203.000000   2407.000000   1361.000000   4124.000000   4317.000000   3083.000000    211.000000   1525.000000   1607.000000    699.000000   3072.000000   2254.000000   1155.000000   1158.000000    579.000000    615.000000
   473.753601    135.000000    133.000000    112.000000    100.000000    136.000000    206.000000    168.000000    148.000000    136.000000    143.000000    141.000000    158.000000   3046.000000   2613.000000   2093.000000   2795.000000   2119.000000   2773.000000   2410.000000   2057.000000   1584.000000   1558.000000   1166.000000   1656.000000   1702.000000   3533.000000    292.000000    291.000000    284.000000    255.000000    249.000000    215.000000    242.000000    232.000000    289.000000   6193.000000   5343.000000   5129.000000   2216.000000   1426.000000   4116.000000   4418.000000   3157.000000    215.000000   1548.000000   1620.000000    726.000000   3187.000000   2361.000000   1190.000000   1163.000000    591.000000    547.000000
   474.978790    154.000000    111.000000    107.000000    109.000000    124.000000    213.000000    164.000000    165.000000    138.000000    132.000000    132.000000    152.000000   3095.000000   2603.000000   2113.000000   2812.000000   2158.000000   2743.000000   2507.000000   2087.000000   1630.000000   1542.000000   1106.000000   1671.000000   1761.000000   3388.000000    237.000000    286.000000    277.000000    310.000000    260.000000    223.000000    249.000000    279.000000    313.000000   6243.000000   5436.000000   5275.000000   2440.000000   1482.000000   4206.000000   4501.000000   3246.000000    219.000000   1597.000000   1707.000000    789.000000   3195.000000   2389.000000   1181.000000   1180.000000    541.000000    680.000000
   476.204498    162.000000    141.000000    132.000000    133.000000    148.000000    197.000000    160.000000    186.000000    125.000000    153.000000    139.000000    158.000000   3167.000000   2749.000000   2168.000000   2824.000000   2196.000000   2711.000000   2457.000000   1983.000000   1513.000000   1612.000000   1101.000000   1706.000000   1726.000000   3542.000000    296.000000    285.000000    271.000000    273.000000    246.000000    202.000000    262.000000    254.000000    268.000000   6124.000000   5238.000000   5233.000000   2416.000000   1546.000000   4238.000000   4536.000000   3300.000000    246.000000   1654.000000   1735.000000    735.000000   3108.000000   2321.000000   1238.000000   1205.000000    640.000000    614.000000
   477.430695    186.000000    116.000000    120.000000     99.000000    163.000000    231.000000    152.000000    168.000000    157.000000    112.000000    132.000000    158.000000   3109.000000   2644.000000   2149.000000   2869.000000   2302.000000   2823.000000   2461.000000   2012.000000   1574.000000   1567.000000   1075.000000   1587.000000   1847.000000   3513.000000    266.000000    315.000000    300.000000    282.000000    236.000000    271.000000    272.000000    263.000000    278.000000   6289.000000   5415.000000   5409.000000   2422.000000   1563.000000   4196.000000   4722.000000   3304.000000    208.000000   1634.000000   1733.000000    763.000000   3246.000000   2291.000000   1214.000000   1181.000000    597.000000    671.000000
   478.657288    197.000000    119.000000    131.000000    130.000000    121.000000    215.000000    164.000000    213.000000    157.000000    121.000000    151.000000    150.000000   3131.000000   2705.000000   2178.000000   2873.000000   2214.000000   2874.000000   2472.000000   1921.000000   1577.000000   1559.000000   1147.000000   1690.000000   1832.000000   3346.000000    286.000000    352.000000    305.000000    289.000000    256.000000    238.000000    263.000000    265.000000    302.000000   6300.000000   5456.000000   5288.000000   2449.000000   1465.000000   4172.000000   4526.000000   3455.000000    250.000000   1638.000000   1733.000000    803.000000   3154.000000   2425.000000   1264.000000   1227.000000    581.000000    589.000000
   479.884399    123.000000    136.000000    125.000000    125.000000    125.000000    183.000000    139.000000    197.000000    136.000000    122.000000    165.000000    189.000000   3170.000000   2658.000000   2136.000000   2796.000000   2050.000000   2875.000000   2569.000000   1946.000000   1566.000000   1639.000000   1069.000000   1631.000000   1808.000000   3472.000000    257.000000    289.000000    300.000000    311.000000    234.000000    217.000000    267.000000    292.000000    332.000000   6290.000000   5394.000000   5290.000000   2429.000000   1518.000000   4106.000000   4662.000000   3413.000000    249.000000   1653.000000   1717.000000    795.000000   3119.000000   2375.000000   1279.000000   1239.000000    609.000000    704.000000
   481.112000    184.000000    167.000000    157.000000    132.000000    149.000000    240.000000    173.000000    228.000000    146.000000    116.000000    158.000000    184.000000   3163.000000   2720.000000   2224.000000   2813.000000   2076.000000   2850.000000   2581.000000   2020.000000   1487.000000   1471.000000   1119.000000   1697.000000   1807.000000   3543.000000    256.000000    319.000000    292.000000    289.000000    264.000000    232.000000    249.000000    302.000000    311.000000   6257.000000   5454.000000   5469.000000   2455.000000   1541.000000   4337.000000   4721.000000   3621.000000    242.000000   1704.000000   1733.000000    805.000000   3274.000000   2374.000000   1317.000000   1286.000000    619.000000    584.000000
   482.340088    182.000000    155.000000    118.000000    133.000000    167.000000    211.000000    192.000000    213.000000    155.000000    144.000000    140.000000    207.000000   3175.000000   2785.000000   2116.000000   2872.000000   2116.000000   2787.000000   2613.000000   1949.000000   1506.000000   1561.000000   1072.000000   1602.000000   1827.000000   3531.000000    291.000000    337.000000    345.000000    312.000000    262.000000    226.000000    247.000000    281.000000    330.000000   6161.000000   5508.000000   5354.000000   2446.000000   1624.000000   4430.000000   4812.000000   3638.000000    232.000000   1765.000000   1791.000000    867.000000   3179.000000   2352.000000   1292.000000   1266.000000    602.000000    632.000000
   483.568695    170.000000    159.000000    128.000000    142.000000    123.000000    234.000000    154.000000    222.000000    163.000000    155.000000    149.000000    191.000000   3188.000000   2723.000000   2117.000000   2842.000000   2231.000000   2828.000000   2499.000000   2043.000000   1507.000000   1572.000000   1108.000000   1664.000000   1801.000000   3458.000000    274.000000    378.000000    321.000000    312.000000    272.000000    234.000000    284.000000    306.000000    318.000000   6345.000000   5419.000000   5446.000000   2548.000000   1609.000000   4313.000000   4931.000000   3643.000000    238.000000   1758.000000   1777.000000    798.000000   3227.000000   2370.000000   1303.000000   1280.000000    640.000000    624.000000
   484.797699    153.000000    127.000000    121.000000    148.000000    170.000000    200.000000    182.000000    218.000000    162.000000    139.000000    168.000000    164.000000   3237.000000   2783.000000   2132.000000   2772.000000   2203.000000   2901.000000   2480.000000   1904.000000   1482.000000   1605.000000   1097.000000   1687.000000   1890.000000   3478.000000    308.000000    366.000000    325.000000    300.000000    245.000000    276.000000    271.000000    266.000000    302.000000   6341.000000   5420.000000   5477.000000   2482.000000   1742.000000   4344.000000   4939.000000   3750.000000    254.000000   1848.000000   1781.000000    856.000000   3175.000000   2406.000000   1210.000000   1243.000000    595.000000    663.000000
   486.027191    189.000000    167.000000    138.000000    138.000000    112.000000    234.000000    166.000000    197.000000    177.000000    185.000000    158.000000    210.000000   3187.000000   2835.000000   2123.000000   2637.000000   2202.000000   2860.000000   2557.000000   1935.000000   1493.000000   1569.000000   1104.000000   1603.000000   1860.000000   3496.000000    306.000000    346.000000    304.000000    324.000000    260.000000    273.000000    315.000000    302.000000    300.000000   6337.000000   5435.000000   5482.000000   2653.000000   1671.000000   4363.000000   4940.000000   3803.000000    218.000000   1814.000000   1925.000000    884.000000   3257.000000   2452.000000   1269.000000   1274.000000    685.000000    662.000000
   487.257202    192.000000    150.000000    137.000000    111.000000    151.000000    225.000000    179.000000    221.000000    169.000000    129.000000    160.000000    218.000000   3286.000000   2875.000000   2199.000000   2890.000000   2146.000000   2837.000000   2522.000000   1911.000000   1410.000000   1575.000000   1159.000000   1694.000000   1896.000000   3496.000000    291.000000    324.000000    306.000000    300.000000    293.000000    271.000000    305.000000    291.000000    301.000000   6272.000000   5482.000000   5440.000000   2569.000000   1694.000000   4242.000000   5118.000000   3914.000000    224.000000   1806.000000   1882.000000    875.000000   3232.000000   2479.000000   1348.000000   1325.000000    638.000000    702.000000
   488.487701    187.000000    154.000000    143.000000    171.000000    141.000000    246.000000    192.000000    211.000000    172.000000    171.000000    182.000000    190.000000   3352.000000   2810.000000   2243.000000   2802.000000   2297.000000   2894.000000   2578.000000   1917.000000   1420.000000   1608.000000   1175.000000   1656.000000   1966.000000   3521.000000    278.000000    345.000000    292.000000    300.000000    254.000000    260.000000    287.000000    321.000000    401.000000   6313.000000   5639.000000   5440.000000   2675.000000   1755.000000   4418.000000   4973.000000   4104.000000    270.000000   1947.000000   1834.000000    893.000000   3323.000000   2520.000000   1413.000000   1395.000000    652.000000    731.000000
   489.718597    209.000000    152.000000    126.000000    177.000000    158.000000    252.000000    209.000000    197.000000    196.000000    167.000000    167.000000    186.000000   3390.000000   2863.000000   2275.000000   2764.000000   2309.000000   2808.000000   2522.000000   2033.000000   1496.000000   1546.000000   1181.000000   1608.000000   1838.000000   3490.000000    295.000000    348.000000    341.000000    340.000000    308.000000    254.000000    332.000000    309.000000    362.000000   6465.000000   5711.000000   5590.000000   2636.000000   1738.000000   4540.000000   5204.000000   4046.000000    251.000000   1924.000000   2014.000000    825.000000   3421.000000   2587.000000   1386.000000   1424.000000    687.000000    719.000000
   490.950104    173.000000    114.000000    137.000000    148.000000    196.000000    296.000000    183.000000    215.000000    214.000000    179.000000    159.000000    194.000000   3299.000000   2825.000000   2264.000000   2891.000000   2192.000000   2841.000000   2622.000000   1934.000000   1458.000000   1553.000000   1175.000000   1780.000000   1972.000000   3455.000000    293.000000    407.000000    382.000000    329.000000    300.000000    276.000000    311.000000    299.000000    353.000000   6551.000000   5652.000000   5681.000000   2702.000000   1799.000000   4432.000000   5173.000000   4106.000000    244.000000   1958.000000   1936.000000    888.000000   3460.000000   2637.000000   1334.000000   1407.000000    716.000000    759.000000
   492.182007    218.000000    178.000000    144.000000    148.000000    209.000000    253.000000    181.000000    225.000000    171.000000    196.000000    176.000000    183.000000   3279.000000   2811.000000   2284.000000   2842.000000   2286.000000   2864.000000   2517.000000   2074.000000   1451.000000   1511.000000   1190.000000   1724.000000   1931.000000   3644.000000    304.000000    366.000000    366.000000    309.000000    274.000000    271.000000    308.000000    301.000000    370.000000   6512.000000   5544.000000   5552.000000   2684.000000   1697.000000   4453.000000   5191.000000   3998.000000    263.000000   1949.000000   2026.000000    880.000000   3586.000000   2531.000000   1354.000000   1426.000000    707.000000    783.000000
   493.414398    211.000000    135.000000    133.000000    152.000000    170.000000    273.000000    164.000000    219.000000    135.000000    144.000000    156.000000    177.000000   3258.000000   2752.000000   2202.000000   2763.000000   2214.000000   2871.000000   2597.000000   1963.000000   1423.000000   1530.000000   1147.000000   1646.000000   1831.000000   3476.000000    306.000000    338.000000    358.000000    354.000000    302.000000    269.000000    318.000000    313.000000    376.000000   6305.000000   5593.000000   5492.000000   2707.000000   1793.000000   4371.000000   5326.000000   4137.000000    256.000000   1954.000000   1962.000000    834.000000   3236.000000   2497.000000   1415.000000   1402.000000    657.000000    777.000000
   494.647308    208.000000    172.000000    156.000000    158.000000    188.000000    275.000000    171.000000    210.000000    196.000000    165.000000    175.000000    186.000000   3101.000000   2746.000000   2259.000000   2786.000000   2159.000000   2758.000000   2535.000000   1858.000000   1396.000000   1556.000000   1115.000000   1538.000000   1897.000000   3395.000000    308.000000    383.000000    316.000000    335.000000    291.000000    280.000000    327.000000    321.000000    344.000000   6272.000000   5428.000000   5506.000000   2595.000000   1731.000000   4285.000000   5135.000000   4048.000000    225.000000   1953.000000   1960.000000    824.000000   3273.000000   2621.000000   1425.000000   1381.000000    642.000000    758.000000
   495.880615    195.000000    157.000000    149.000000    164.000000    165.000000    283.000000    181.000000    234.000000    185.000000    140.000000    167.000000    209.000000   3202.000000   2687.000000   2117.000000   2621.000000   2145.000000   2777.000000   2485.000000   1908.000000   1431.000000   1452.000000   1085.000000   1536.000000   1770.000000   3350.000000    301.000000    358.000000    335.000000    343.000000    294.000000    313.000000    321.000000    306.000000    342.000000   6185.000000   5362.000000   5437.000000   2613.000000   1669.000000   4302.000000   5133.000000   4162.000000    250.000000   1892.000000   1988.000000    859.000000   3239.000000   2495.000000   1346.000000   1429.000000    676.000000    806.000000
   497.114502    202.000000    146.000000    126.000000    142.000000    155.000000    255.000000    166.000000    256.000000    186.000000    157.000000    185.000000    191.000000   3115.000000   2726.000000   2085.000000   2552.000000   2100.000000   2738.000000   2530.000000   1892.000000   1312.000000   1414.000000   1128.000000   1495.000000   1820.000000   3177.000000    301.000000    331.000000    311.000000    317.000000    268.000000    314.000000    357.000000    304.000000    310.000000   6070.000000   5426.000000   5342.000000   2575.000000   1748.000000   4138.000000   5118.000000   4080.000000    266.000000   1989.000000   1955.000000    882.000000   3174.000000   2454.000000   1384.000000   1439.000000    681.000000    821.000000
   498.348785    211.000000    169.000000    142.000000    170.000000    171.000000    267.000000    179.000000    255.000000    168.000000    157.000000    184.000000    197.000000   3040.000000   2648.000000   2135.000000   2610.000000   2111.000000   2797.000000   2489.000000   1857.000000   1371.000000   1382.000000   1027.000000   1571.000000   1874.000000   3269.000000    277.000000    348.000000    342.000000    355.000000    326.000000    261.000000    330.000000    295.000000    334.000000   6227.000000   5235.000000   5327.000000   2675.000000   1784.000000   4188.000000   5094.000000   4138.000000    233.000000   1983.000000   1885.000000    897.000000   3113.000000   2452.000000   1356.000000   1404.000000    702.000000    744.000000
   499.583588    224.000000    171.000000    118.000000    148.000000    193.000000    302.000000    172.000000    194.000000    183.000000    165.000000    180.000000    219.000000   3035.000000   2675.000000   2059.000000   2637.000000   2070.000000   2600.000000   2426.000000   1765.000000   1291.000000   1377.000000   1023.000000   1487.000000   1764.000000   3219.000000    296.000000    388.000000    341.000000    340.000000    313.000000    277.000000    316.000000    294.000000    378.000000   5960.000000   5210.000000   5319.000000   2597.000000   1779.000000   4056.000000   5023.000000   3901.000000    266.000000   2002.000000   2058.000000    884.000000   3074.000000   2468.000000   1346.000000   1408.000000    643.000000    746.000000
   500.818909    192.000000    127.000000    130.000000    160.000000    147.000000    283.000000    217.000000    224.000000    200.000000    193.000000    197.000000    222.000000   2960.000000   2585.000000   2015.000000   2492.000000   2096.000000   2655.000000   2295.000000   1747.000000   1289.000000   1435.000000    985.000000   1487.000000   1798.000000   3063.000000    288.000000    372.000000    316.000000    339.000000    299.000000    267.000000    312.000000    306.000000    354.000000   6045.000000   5403.000000   5264.000000   2685.000000   1683.000000   4201.000000   4966.000000   4140.000000    257.000000   2087.000000   1996.000000    962.000000   3082.000000   2522.000000   1393.000000   1388.000000    697.000000    794.000000
   502.054596    194.000000    175.000000    167.000000    132.000000    163.000000    296.000000    174.000000    224.000000    207.000000    182.000000    189.000000    222.000000   2955.000000   2642.000000   2086.000000   2506.000000   2081.000000   2684.000000   2449.000000   1758.000000   1320.000000   1432.000000   1058.000000   1506.000000   1701.000000   3087.000000    310.000000    358.000000    321.000000    318.000000    356.000000    308.000000    334.000000    361.000000    371.000000   6106.000000   5275.000000   5153.000000   2695.000000   1785.000000   4184.000000   5194.000000   4156.000000    232.000000   2009.000000   1999.000000   1038.000000   3057.000000   2478.000000   1309.000000   1483.000000    698.000000    756.000000
   503.290894    174.000000    152.000000    133.000000    151.000000    201.000000    294.000000    166.000000    213.000000    178.000000    175.000000    187.000000    235.000000   2836.000000   2596.000000   1959.000000   2412.000000   1976.000000   2583.000000   2347.000000   1724.000000   1237.000000   1353.000000   1011.000000   1555.000000   1733.000000   3015.000000    308.000000    349.000000    323.000000    352.000000    290.000000    257.000000    333.000000    354.000000    387.000000   5933.000000   5223.000000   5323.000000   2782.000000   1794.000000   4086.000000   5065.000000   4347.000000    259.000000   1970.000000   2066.000000    943.000000   3161.000000   2394.000000   1328.000000   1461.000000    718.000000    844.000000
   504.527588    180.000000    155.000000    138.000000    152.000000    176.000000    289.000000    195.000000    219.000000    174.000000    199.000000    209.000000    236.000000   2820.000000   2671.000000   2119.000000   2452.000000   1983.000000   2532.000000   2349.000000   1806.000000   1303.000000   1389.000000    981.000000   1451.000000   1723.000000   3133.000000    277.000000    374.000000    313.000000    321.000000    319.000000    273.000000    342.000000    290.000000    388.000000   5999.000000   5315.000000   5305.000000   2852.000000   1744.000000   4181.000000   5153.000000   4155.000000    231.000000   2002.000000   1928.000000    966.000000   3284.000000   2564.000000   1349.000000   1466.000000    734.000000    781.000000
   505.764801    187.000000    138.000000    143.000000    160.000000    169.000000    315.000000    193.000000    219.000000    168.000000    189.000000    199.000000    222.000000   2814.000000   2696.000000   1978.000000   2409.000000   2054.000000   2567.000000   2410.000000   1772.000000   1314.000000   1364.000000    972.000000   1514.000000   1792.000000   3058.000000    314.000000    396.000000    349.000000    364.000000    283.000000    276.000000    327.000000    339.000000    371.000000   6132.000000   5333.000000   5235.000000   2874.000000   1809.000000   4122.000000   4999.000000   4287.000000    243.000000   2021.000000   2147.000000    958.000000   3358.000000   2470.000000   1393.000000   1503.000000    756.000000    845.000000
   507.002502    168.000000    150.000000    156.000000    173.000000    197.000000    317.000000    190.000000    238.000000    198.000000    175.000000    201.000000    256.000000   2723.000000   2626.000000   2105.000000   2374.000000   2012.000000   2622.000000   2356.000000   1843.000000   1230.000000   1337.000000   1102.000000   1442.000000   1786.000000   3039.000000    319.000000    412.000000    334.000000    356.000000    320.000000    277.000000    351.000000    346.000000    417.000000   6123.000000   5175.000000   5397.000000   2785.000000   1852.000000   4159.000000   5150.000000   4405.000000    241.000000   2009.000000   2155.000000    982.000000   3524.000000   2532.000000   1327.000000   1490.000000    743.000000    899.000000
   508.240601    180.000000    168.000000    134.000000    190.000000    190.000000    305.000000    199.000000    209.000000    191.000000    181.000000    202.000000    233.000000   2874.000000   2572.000000   2002.000000   2385.000000   2010.000000   2686.000000   2387.000000   1696.000000   1291.000000   1306.000000    993.000000   1412.000000   1668.000000   3018.000000    283.000000    398.000000    359.000000    338.000000    325.000000    312.000000    366.000000    326.000000    381.000000   5882.000000   5328.000000   5204.000000   2780.000000   1795.000000   4343.000000   5175.000000   4277.000000    276.000000   1986.000000   2104.000000    971.000000   3450.000000   2450.000000   1341.000000   1499.000000    663.000000    863.000000
   509.479309    210.000000    159.000000    153.000000    147.000000    204.000000    329.000000    193.000000    235.000000    161.000000    178.000000    210.000000    199.000000   2792.000000   2611.000000   2006.000000   2375.000000   2100.000000   2603.000000   2359.000000   1750.000000   1380.000000   1346.000000    990.000000   1335.000000   1763.000000   3125.000000    336.000000    388.000000    344.000000    374.000000    352.000000    285.000000    366.000000    373.000000    350.000000   5969.000000   5209.000000   5312.000000   2837.000000   1857.000000   4208.000000   5161.000000   4394.000000    271.000000   2177.000000   2121.000000   1036.000000   3464.000000   2466.000000   1385.000000   1511.000000    757.000000    892.000000
   510.718414    215.000000    155.000000    163.000000    172.000000    231.000000    375.000000    208.000000    251.000000    162.000000    179.000000    184.000000    246.000000   2814.000000   2655.000000   2048.000000   2328.000000   2001.000000   2571.000000   2357.000000   1769.000000   1297.000000   1379.000000   1038.000000   1471.000000   1731.000000   3090.000000    308.000000    397.000000    345.000000    385.000000    352.000000    275.000000    361.000000    392.000000    385.000000   5958.000000   5363.000000   5299.000000   2778.000000   1818.000000   4188.000000   5035.000000   4538.000000    247.000000   2045.000000   2188.000000   1025.000000   3546.000000   2505.000000   1437.000000   1609.000000    692.000000    887.000000
   511.958008    194.000000    164.000000    164.000000    179.000000    220.000000    282.000000    208.000000    232.000000    189.000000    194.000000    196.000000    219.000000   2830.000000   2772.000000   2081.000000   2423.000000   2012.000000   2527.000000   2373.000000   1806.000000   1245.000000   1298.000000   1062.000000   1470.000000   1730.000000   3023.000000    290.000000    386.000000    339.000000    379.000000    384.000000    298.000000    374.000000    376.000000    381.000000   5903.000000   5343.000000   5431.000000   2937.000000   1797.000000   4233.000000   5103.000000   4528.000000    258.000000   2063.000000   2150.000000   1099.000000   3606.000000   2543.000000   1377.000000   1610.000000    728.000000    873.000000
   513.198120    213.000000    168.000000    188.000000    168.000000    217.000000    342.000000    207.000000    226.000000    238.000000    180.000000    194.000000    250.000000   2874.000000   2761.000000   2144.000000   2399.000000   1998.000000   2647.000000   2342.000000   1736.000000   1355.000000   1339.000000   1062.000000   1452.000000   1820.000000   2977.000000    343.000000    394.000000    384.000000    385.000000    327.000000    338.000000    372.000000    331.000000    401.000000   6017.000000   5428.000000   5402.000000   2878.000000   1961.000000   4370.000000   5208.000000   4523.000000    262.000000   2172.000000   2230.000000   1070.000000   3748.000000   2732.000000   1444.000000   1638.000000    809.000000    972.000000
   514.438599    213.000000    168.000000    143.000000    192.000000    205.000000    338.000000    220.000000    243.000000    190.000000    186.000000    199.000000    256.000000   2909.000000   2776.000000   2149.000000   2458.000000   1993.000000   2620.000000   2343.000000   1870.000000   1254.000000   1316.000000   1107.000000   1455.000000   1787.000000   3061.000000    345.000000    417.000000    353.000000    397.000000    365.000000    320.000000    363.000000    331.000000    409.000000   6137.000000   5668.000000   5539.000000   2932.000000   1948.000000   4520.000000   5234.000000   4655.000000    273.000000   2243.000000   2232.000000   1126.000000   3789.000000   2773.000000   1460.000000   1640.000000    793.000000    852.000000
   515.679688    200.000000    148.000000    168.000000    184.000000    229.000000    330.000000    200.000000    242.000000    191.000000    205.000000    210.000000    281.000000   2973.000000   2665.000000   2103.000000   2404.000000   1956.000000   2656.000000   2315.000000   1854.000000   1330.000000   1315.000000   1054.000000   1457.000000   1788.000000   3105.000000    352.000000    410.000000    393.000000    414.000000    367.000000    301.000000    373.000000    344.000000    418.000000   6163.000000   5539.000000   5516.000000   2990.000000   1976.000000   4327.000000   5264.000000   4653.000000    278.000000   2224.000000   2339.000000   1135.000000   3897.000000   2712.000000   1459.000000   1702.000000    763.000000    969.000000
   516.921204    197.000000    176.000000    179.000000    175.000000    233.000000    333.000000    251.000000    256.000000    202.000000    206.000000    218.000000    273.000000   2892.000000   2871.000000   2084.000000   2306.000000   1962.000000   2614.000000   2391.000000   1763.000000   1238.000000   1269.000000   1069.000000   1518.000000   1800.000000   3044.000000    350.000000    405.000000    374.000000    403.000000    355.000000    315.000000    367.000000    330.000000    407.000000   5995.000000   5636.000000   5540.000000   2909.000000   2111.000000   4316.000000   5274.000000   4645.000000    259.000000   2232.000000   2347.000000   1099.000000   3854.000000   2727.000000   1518.000000   1624.000000    816.000000    998.000000
   518.163208    194.000000    145.000000    165.000000    234.000000    210.000000    356.000000    203.000000    298.000000    224.000000    201.000000    215.000000    229.000000   2876.000000   2710.000000   2091.000000   2428.000000   1944.000000   2612.000000   2394.000000   1781.000000   1316.000000   1301.000000   1037.000000   1369.000000   1642.000000   3058.000000    349.000000    404.000000    375.000000    393.000000    342.000000    322.000000    396.000000    342.000000    396.000000   6015.000000   5514.000000   5454.000000   2923.000000   2009.000000   4378.000000   5072.000000   4713.000000    258.000000   2262.000000   2362.000000   1069.000000   3966.000000   2704.000000   1538.000000   1635.000000    794.000000    969.000000
   519.405579    194.000000    174.000000    191.000000    172.000000    215.000000    374.000000    229.000000    234.000000    216.000000    178.000000    219.000000    270.000000   2863.000000   2743.000000   2011.000000   2295.000000   1994.000000   2458.000000   2310.000000   1856.000000   1274.000000   1215.000000   1140.000000   1352.000000   1718.000000   2858.000000    339.000000    435.000000    404.000000    420.000000    374.000000    301.000000    393.000000    357.000000    416.000000   6117.000000   5441.000000   5655.000000   3007.000000   2062.000000   4262.000000   5113.000000   4547.000000    291.000000   2234.000000   2396.000000   1159.000000   3773.000000   2674.000000   1467.000000   1591.000000    812.000000    983.000000
   520.648621    179.000000    173.000000    182.000000    207.000000    213.000000    379.000000    206.000000    260.000000    200.000000    192.000000    230.000000    259.000000   2900.000000   2704.000000   1963.000000   2364.000000   1984.000000   2581.000000   2392.000000   1722.000000   1289.000000   1231.000000   1058.000000   1285.000000   1662.000000   2840.000000    347.000000    439.000000    396.000000    382.000000    340.000000    295.000000    387.000000    347.000000    432.000000   5867.000000   5405.000000   5452.000000   3002.000000   2045.000000   4306.000000   5135.000000   4614.000000    309.000000   2120.000000   2288.000000   1190.000000   3766.000000   2739.000000   1477.000000   1605.000000    819.000000   1023.000000
   521.892090    199.000000    175.000000    159.000000    187.000000    219.000000    397.000000    216.000000    256.000000    213.000000    185.000000    266.000000    285.000000   2795.000000   2710.000000   2059.000000   2393.000000   1989.000000   2409.000000   2326.000000   1751.000000   1316.000000   1226.000000   1029.000000   1360.000000   1696.000000   2892.000000    325.000000    407.000000    382.000000    413.000000    372.000000    308.000000    345.000000    353.000000    411.000000   5965.000000   5549.000000   5524.000000   2952.000000   1987.000000   4228.000000   5218.000000   4684.000000    265.000000   2246.000000   2301.000000   1141.000000   3796.000000   2784.000000   1476.000000   1607.000000    820.000000    982.000000
   523.135986    190.000000    187.000000    164.000000    193.000000    204.000000    359.000000    233.000000    255.000000    201.000000    204.000000    211.000000    244.000000   2773.000000   2602.000000   2010.000000   2272.000000   1934.000000   2438.000000   2244.000000   1716.000000   1162.000000   1195.000000   1002.000000   1362.000000   1670.000000   2810.000000    362.000000    390.000000    386.000000    404.000000    375.000000    329.000000    370.000000    327.000000    443.000000   6029.000000   5405.000000   5365.000000   3004.000000   1996.000000   4331.000000   5152.000000   4696.000000    283.000000   2237.000000   2391.000000   1142.000000   3773.000000   2666.000000   1440.000000   1633.000000    778.000000   1024.000000
   524.380371    208.000000    214.000000    173.000000    205.000000    223.000000    372.000000    237.000000    244.000000    221.000000    207.000000    221.000000    267.000000   2697.000000   2581.000000   2002.000000   2265.000000   1939.000000   2507.000000   2316.000000   1767.000000   1248.000000   1169.000000   1030.000000   1357.000000   1657.000000   2859.000000    351.000000    428.000000    379.000000    436.000000    365.000000    303.000000    422.000000    352.000000    408.000000   5992.000000   5322.000000   5322.000000   2990.000000   1952.000000   4278.000000   5178.000000   4687.000000    310.000000   2277.000000   2319.000000   1109.000000   3779.000000   2740.000000   1465.000000   1705.000000    803.000000   1034.000000
   525.625305    197.000000    202.000000    180.000000    219.000000    248.000000    356.000000    208.000000    313.000000    216.000000    201.000000    214.000000    265.000000   2698.000000   2593.000000   1997.000000   2192.000000   2014.000000   2513.000000   2184.000000   1726.000000   1174.000000   1157.000000   1029.000000   1292.000000   1646.000000   2817.000000    330.000000    429.000000    385.000000    389.000000    381.000000    305.000000    333.000000    388.000000    437.000000   5887.000000   5307.000000   5488.000000   3127.000000   2028.000000   4211.000000   5081.000000   4714.000000    298.000000   2215.000000   2368.000000   1164.000000   3910.000000   2800.000000   1474.000000   1540.000000    839.000000   1023.000000
   526.870728    201.000000    193.000000    205.000000    236.000000    263.000000    357.000000    242.000000    276.000000    224.000000    220.000000    260.000000    290.000000   2744.000000   2660.000000   1960.000000   2151.000000   1946.000000   2488.000000   2284.000000   1752.000000   1189.000000   1210.000000   1046.000000   1332.000000   1644.000000   2715.000000    331.000000    440.000000    366.000000    383.000000    387.000000    306.000000    385.000000    389.000000    504.000000   6055.000000   5571.000000   5431.000000   3090.000000   2135.000000   4323.000000   5315.000000   4852.000000    289.000000   2248.000000   2350.000000   1207.000000   3885.000000   2689.000000   1489.000000   1639.000000    854.000000   1069.000000
   528.116516    222.000000    225.000000    177.000000    259.000000    314.000000    367.000000    214.000000    272.000000    247.000000    216.000000    254.000000    293.000000   2718.000000   2519.000000   2160.000000   2220.000000   1942.000000   2446.000000   2333.000000   1831.000000   1234.000000   1136.000000   1061.000000   1308.000000   1651.000000   2856.000000    379.000000    428.000000    464.000000    479.000000    390.000000    341.000000    395.000000    372.000000    452.000000   5987.000000   5496.000000   5477.000000   3199.000000   2143.000000   4387.000000   5310.000000   4826.000000    302.000000   2275.000000   2402.000000   1241.000000   4015.000000   2795.000000   1478.000000   1719.000000    853.000000   1077.000000
   529.362793    299.000000    255.000000    236.000000    265.000000    253.000000    449.000000    260.000000    329.000000    223.000000    237.000000    266.000000    294.000000   2681.000000   2647.000000   2020.000000   2197.000000   1891.000000   2514.000000   2328.000000   1805.000000   1243.000000   1183.000000   1099.000000   1246.000000   1692.000000   2777.000000    352.000000    436.000000    484.000000    435.000000    397.000000    367.000000    383.000000    420.000000    451.000000   6080.000000   5603.000000   5673.000000   3244.000000   2105.000000   4383.000000   5475.000000   4960.000000    287.000000   2202.000000   2404.000000   1193.000000   4064.000000   2934.000000   1533.000000   1772.000000    815.000000   1070.000000
   530.609619    263.000000    230.000000    202.000000    279.000000    282.000000    455.000000    277.000000    314.000000    238.000000    245.000000    268.000000    314.000000   2736.000000   2669.000000   2059.000000   2242.000000   1959.000000   2428.000000   2405.000000   1802.000000   1254.000000   1216.000000   1119.000000   1260.000000   1713.000000   2791.000000    395.000000    499.000000    459.000000    454.000000    425.000000    395.000000    428.000000    417.000000    453.000000   6259.000000   5654.000000   5743.000000   3245.000000   2199.000000   4562.000000   5421.000000   5136.000000    314.000000   2302.000000   2452.000000   1276.000000   4193.000000   2833.000000   1573.000000   1821.000000    858.000000   1109.000000
   531.856873    247.000000    242.000000    225.000000    271.000000    311.000000    520.000000    271.000000    304.000000    265.000000    243.000000    307.000000    336.000000   2658.000000   2656.000000   2115.000000   2260.000000   2054.000000   2627.000000   2309.000000   1885.000000   1298.000000   1307.000000   1082.000000   1383.000000   1782.000000   2790.000000    419.000000    504.000000    435.000000    471.000000    450.000000    437.000000    475.000000    425.000000    577.000000   6229.000000   5699.000000   5706.000000   3353.000000   2254.000000   4478.000000   5541.000000   5185.000000    361.000000   2367.000000   2538.000000   1315.000000   4311.000000   2847.000000   1640.000000   1783.000000    864.000000   1144.000000
   533.104614    259.000000    218.000000    251.000000    301.000000    316.000000    452.000000    316.000000    328.000000    270.000000    264.000000    290.000000    317.000000   2822.000000   2723.000000   2086.000000   2340.000000   2016.000000   2613.000000   2258.000000   1895.000000   1308.000000   1262.000000   1108.000000   1384.000000   1723.000000   2805.000000    419.000000    510.000000    491.000000    527.000000    448.000000    429.000000    471.000000    463.000000    525.000000   6174.000000   5813.000000   5655.000000   3485.000000   2218.000000   4617.000000   5416.000000   5047.000000    416.000000   2402.000000   2493.000000   1323.000000   4310.000000   2863.000000   1517.000000   1816.000000    866.000000   1168.000000
   534.352905    270.000000    249.000000    264.000000    291.000000    375.000000    498.000000    334.000000    365.000000    303.000000    264.000000    260.000000    361.000000   2795.000000   2907.000000   2156.000000   2400.000000   1952.000000   2623.000000   2356.000000   1942.000000   1256.000000   1227.000000   1192.000000   1326.000000   1770.000000   2814.000000    464.000000    544.000000    518.000000    478.000000    466.000000    397.000000    501.000000    480.000000    549.000000   6153.000000   5782.000000   5520.000000   3334.000000   2391.000000   4590.000000   5471.000000   5165.000000    451.000000   2420.000000   2483.000000   1283.000000   4222.000000   2832.000000   1530.000000   1861.000000    938.000000   1147.000000
   535.601624    287.000000    300.000000    321.000000    354.000000    373.000000    517.000000    287.000000    308.000000    330.000000    309.000000    303.000000    347.000000   2807.000000   2798.000000   2163.000000   2343.000000   2084.000000   2649.000000   2534.000000   1902.000000   1421.000000   1255.000000   1138.000000   1333.000000   1677.000000   2910.000000    434.000000    532.000000    497.000000    555.000000    511.000000    477.000000    513.000000    524.000000    552.000000   6202.000000   5878.000000   5829.000000   3396.000000   2276.000000   4712.000000   5551.000000   5161.000000    459.000000   2347.000000   2590.000000   1311.000000   4315.000000   2910.000000   1550.000000   1867.000000    887.000000   1205.000000
   536.850830    288.000000    292.000000    324.000000    297.000000    377.000000    559.000000    315.000000    371.000000    335.000000    295.000000    318.000000    402.000000   2901.000000   2843.000000   2229.000000   2268.000000   2000.000000   2731.000000   2419.000000   1963.000000   1344.000000   1283.000000   1190.000000   1349.000000   1653.000000   2838.000000    484.000000    594.000000    531.000000    509.000000    487.000000    511.000000    544.000000    466.000000    591.000000   6286.000000   5890.000000   5713.000000   3481.000000   2318.000000   4626.000000   5511.000000   5319.000000    453.000000   2518.000000   2611.000000   1377.000000   4414.000000   3015.000000   1598.000000   1883.000000    922.000000   1285.000000
   538.100525    340.000000    295.000000    295.000000    368.000000    379.000000    597.000000    323.000000    393.000000    332.000000    307.000000    368.000000    381.000000   2869.000000   2939.000000   2225.000000   2402.000000   2122.000000   2674.000000   2501.000000   1829.000000   1351.000000   1329.000000   1159.000000   1405.000000   1742.000000   2968.000000    529.000000    611.000000    513.000000    568.000000    498.000000    476.000000    616.000000    491.000000    592.000000   6279.000000   5783.000000   5776.000000   3432.000000   2354.000000   4787.000000   5345.000000   5213.000000    557.000000   2528.000000   2628.000000   1393.000000   4521.000000   3084.000000   1668.000000   1802.000000    989.000000   1259.000000
   539.350586    346.000000    319.000000    388.000000    392.000000    385.000000    593.000000    362.000000    386.000000    375.000000    337.000000    383.000000    421.000000   3057.000000   3005.000000   2203.000000   2407.000000   2105.000000   2819.000000   2477.000000   1959.000000   1536.000000   1296.000000   1180.000000   1366.000000   1773.000000   3082.000000    516.000000    673.000000    603.000000    603.000000    521.000000    493.000000    626.000000    575.000000    721.000000   6518.000000   5914.000000   5674.000000   3349.000000   2350.000000   4677.000000   5532.000000   5288.000000    562.000000   2558.000000   2626.000000   1458.000000   4630.000000   3047.000000   1720.000000   1861.000000    964.000000   1316.000000
   540.601318    314.000000    285.000000    342.000000    392.000000    489.000000    576.000000    367.000000    365.000000    400.000000    365.000000    367.000000    454.000000   3064.000000   3101.000000   2349.000000   2534.000000   2179.000000   2895.000000   2624.000000   1991.000000   1414.000000   1287.000000   1251.000000   1375.000000   1871.000000   3036.000000    523.000000    656.000000    631.000000    643.000000    553.000000    518.000000    643.000000    520.000000    711.000000   6460.000000   6039.000000   5933.000000   3472.000000   2472.000000   4637.000000   5485.000000   5318.000000    587.000000   2574.000000   2781.000000   1471.000000   4670.000000   3152.000000   1793.000000   1965.000000   1015.000000   1316.000000
   541.852417    340.000000    339.000000    354.000000    418.000000    466.000000    614.000000    371.000000    425.000000    364.000000    371.000000    432.000000    445.000000   3038.000000   3022.000000   2369.000000   2475.000000   2159.000000   2893.000000   2606.000000   2026.000000   1458.000000   1334.000000   1201.000000   1412.000000   1802.000000   3025.000000    580.000000    710.000000    672.000000    638.000000    591.000000    571.000000    696.000000    646.000000    738.000000   6363.000000   6106.000000   6017.000000   3601.000000   2576.000000   4772.000000   5549.000000   5467.000000    654.000000   2503.000000   2826.000000   1504.000000   4840.000000   3156.000000   1784.000000   2024.000000    956.000000   1357.000000
   543.104004    362.000000    361.000000    351.000000    424.000000    470.000000    636.000000    415.000000    404.000000    374.000000    368.000000    426.000000    444.000000   3011.000000   3053.000000   2432.000000   2550.000000   2169.000000   2842.000000   2516.000000   2048.000000   1453.000000   1405.000000   1285.000000   1528.000000   1846.000000   3085.000000    614.000000    706.000000    684.000000    696.000000    623.000000    647.000000    697.000000    649.000000    750.000000   6385.000000   6287.000000   6089.000000   3587.000000   2599.000000   4859.000000   5519.000000   5614.000000    696.000000   2428.000000   2931.000000   1428.000000   5039.000000   3075.000000   1788.000000   1947.000000   1030.000000   1396.000000
   544.356079    391.000000    396.000000    414.000000    422.000000    462.000000    661.000000    428.000000    432.000000    375.000000    391.000000    411.000000    458.000000   3047.000000   3269.000000   2342.000000   2507.000000   2311.000000   2839.000000   2749.000000   2047.000000   1540.000000   1398.000000   1338.000000   1483.000000   1825.000000   3048.000000    613.000000    767.000000    700.000000    692.000000    667.000000    623.000000    738.000000    692.000000    763.000000   6552.000000   6153.000000   5906.000000   3705.000000   2527.000000   4949.000000   5734.000000   5591.000000    714.000000   2593.000000   2876.000000   1531.000000   5022.000000   3337.000000   1842.000000   2077.000000   1012.000000   1418.000000
   545.608582    323.000000    395.000000    426.000000    464.000000    510.000000    653.000000    431.000000    438.000000    396.000000    390.000000    424.000000    440.000000   3051.000000   3252.000000   2424.000000   2566.000000   2242.000000   2857.000000   2627.000000   2228.000000   1525.000000   1382.000000   1292.000000   1437.000000   1887.000000   3108.000000    683.000000    777.000000    710.000000    650.000000    627.000000    672.000000    763.000000    712.000000    837.000000   6546.000000   6018.000000   6133.000000   3668.000000   2540.000000   4917.000000   5764.000000   5575.000000    794.000000   2744.000000   2896.000000   1575.000000   5001.000000   3288.000000   1824.000000   2098.000000   1067.000000   1439.000000
   546.861694    364.000000    418.000000    431.000000    524.000000    570.000000    652.000000    407.000000    475.000000    408.000000    399.000000    457.000000    470.000000   3161.000000   3220.000000   2480.000000   2569.000000   2277.000000   2848.000000   2747.000000   2244.000000   1523.000000   1445.000000   1347.000000   1501.000000   1908.000000   3179.000000    680.000000    769.000000    725.000000    712.000000    685.000000    672.000000    792.000000    681.000000    846.000000   6651.000000   5991.000000   6070.000000   3778.000000   2618.000000   5112.000000   5666.000000   5581.000000    833.000000   2680.000000   2865.000000   1527.000000   5190.000000   3455.000000   1844.000000   2095.000000   1070.000000   1492.000000
   548.115173    374.000000    425.000000    412.000000    476.000000    531.000000    631.000000    480.000000    470.000000    386.000000    399.000000    502.000000    504.000000   3116.000000   3412.000000   2569.000000   2553.000000   2328.000000   3080.000000   2693.000000   2275.000000   1499.000000   1476.000000   1336.000000   1416.000000   1945.000000   3226.000000    680.000000    787.000000    753.000000    705.000000    706.000000    739.000000    767.000000    770.000000    827.000000   6558.000000   6276.000000   5940.000000   3854.000000   2537.000000   5110.000000   5683.000000   5528.000000    876.000000   2724.000000   2888.000000   1598.000000   5238.000000   3329.000000   1878.000000   2258.000000   1009.000000   1617.000000
   549.369202    385.000000    402.000000    413.000000    498.000000    568.000000    737.000000    470.000000    475.000000    440.000000    435.000000    468.000000    439.000000   3256.000000   3267.000000   2517.000000   2760.000000   2344.000000   3008.000000   2682.000000   2298.000000   1529.000000   1406.000000   1405.000000   1483.000000   2011.000000   3278.000000    691.000000    813.000000    757.000000    727.000000    676.000000    744.000000    793.000000    769.000000    830.000000   6606.000000   6114.000000   6021.000000   3695.000000   2481.000000   5068.000000   5760.000000   5575.000000    898.000000   2683.000000   2955.000000   1586.000000   5130.000000   3263.000000   1916.000000   2146.000000   1120.000000   1538.000000
   550.623718    378.000000    424.000000    474.000000    437.000000    575.000000    713.000000    421.000000    465.000000    430.000000    406.000000    506.000000    486.000000   3245.000000   3282.000000   2582.000000   2619.000000   2479.000000   3059.000000   2857.000000   2337.000000   1571.000000   1364.000000   1384.000000   1458.000000   1923.000000   3344.000000    714.000000    793.000000    746.000000    710.000000    734.000000    705.000000    822.000000    746.000000    807.000000   6703.000000   6253.000000   5905.000000   3786.000000   2696.000000   5065.000000   5694.000000   5731.000000   1011.000000   2643.000000   2952.000000   1739.000000   5410.000000   3335.000000   1928.000000   2217.000000   1101.000000   1558.000000
   551.878723    340.000000    378.000000    434.000000    509.000000    590.000000    696.000000    432.000000    469.000000    393.000000    381.000000    514.000000    510.000000   3237.000000   3406.000000   2693.000000   2717.000000   2428.000000   3062.000000   2914.000000   2308.000000   1571.000000   1496.000000   1378.000000   1529.000000   2085.000000   3281.000000    688.000000    860.000000    824.000000    753.000000    712.000000    727.000000    831.000000    729.000000    861.000000   6662.000000   6281.000000   5993.000000   3712.000000   2572.000000   5013.000000   5818.000000   5571.000000    990.000000   2725.000000   2942.000000   1716.000000   5408.000000   3376.000000   2037.000000   2234.000000   1104.000000   1545.000000
   553.134094    380.000000    436.000000    473.000000    448.000000    578.000000    748.000000    452.000000    435.000000    420.000000    447.000000    491.000000    479.000000   3338.000000   3493.000000   2529.000000   2782.000000   2498.000000   3091.000000   2852.000000   2304.000000   1632.000000   1438.000000   1363.000000   1528.000000   2026.000000   3374.000000    751.000000    853.000000    815.000000    800.000000    705.000000    732.000000    867.000000    785.000000    880.000000   6674.000000   6245.000000   6162.000000   3731.000000   2592.000000   4891.000000   5697.000000   5660.000000    979.000000   2799.000000   3049.000000   1688.000000   5703.000000   3345.000000   2017.000000   2246.000000   1157.000000   1652.000000
   554.390015    364.000000    402.000000    460.000000    462.000000    570.000000    643.000000    420.000000    459.000000    393.000000    410.000000    449.000000    492.000000   3321.000000   3616.000000   2780.000000   2710.000000   2410.000000   2980.000000   2892.000000   2314.000000   1662.000000   1516.000000   1350.000000   1588.000000   2014.000000   3350.000000    672.000000    835.000000    782.000000    750.000000    682.000000    755.000000    862.000000    796.000000    864.000000   6827.000000   6309.000000   6189.000000   3707.000000   2682.000000   5022.000000   5809.000000   5512.000000   1021.000000   2865.000000   2983.000000   1694.000000   5571.000000   3462.000000   2058.000000   2285.000000   1151.000000   1569.000000
   555.646423    350.000000    382.000000    424.000000    477.000000    541.000000    684.000000    441.000000    469.000000    407.000000    388.000000    527.000000    502.000000   3338.000000   3611.000000   2643.000000   2768.000000   2499.000000   3102.000000   3023.000000   2320.000000   1684.000000   1485.000000   1363.000000   1574.000000   2010.000000   3487.000000    736.000000    869.000000    725.000000    774.000000    763.000000    796.000000    861.000000    798.000000    925.000000   6880.000000   6441.000000   6387.000000   3684.000000   2785.000000   4934.000000   5763.000000   5507.000000    977.000000   2855.000000   3169.000000   1692.000000   5720.000000   3524.000000   2149.000000   2377.000000   1121.000000   1647.000000
   556.903320    379.000000    368.000000    476.000000    497.000000    548.000000    724.000000    425.000000    465.000000    437.000000    411.000000    456.000000    479.000000   3295.000000   3571.000000   2762.000000   2791.000000   2555.000000   3181.000000   3040.000000   2443.000000   1742.000000   1525.000000   1415.000000   1528.000000   2123.000000   3514.000000    770.000000    892.000000    873.000000    857.000000    720.000000    783.000000    868.000000    785.000000    942.000000   6973.000000   6699.000000   6319.000000   3929.000000   2641.000000   4964.000000   5783.000000   5495.000000   1002.000000   2961.000000   3108.000000   1675.000000   5782.000000   3560.000000   2021.000000   2402.000000   1173.000000   1662.000000
   558.160583    365.000000    392.000000    413.000000    485.000000    542.000000    727.000000    450.000000    451.000000    428.000000    409.000000    500.000000    504.000000   3392.000000   3712.000000   2706.000000   2830.000000   2561.000000   3166.000000   2945.000000   2437.000000   1651.000000   1589.000000   1457.000000   1614.000000   2028.000000   3458.000000    681.000000    922.000000    856.000000    831.000000    774.000000    774.000000    917.000000    863.000000    912.000000   7511.000000   6793.000000   6473.000000   4003.000000   2810.000000   5049.000000   5974.000000   5494.000000    913.000000   2836.000000   3207.000000   1794.000000   6004.000000   3709.000000   2207.000000   2426.000000   1201.000000   1729.000000
   559.418518    371.000000    417.000000    460.000000    459.000000    593.000000    720.000000    464.000000    458.000000    421.000000    487.000000    489.000000    503.000000   3428.000000   3713.000000   2762.000000   2887.000000   2725.000000   3377.000000   3086.000000   2481.000000   1759.000000   1528.000000   1444.000000   1528.000000   2127.000000   3620.000000    801.000000    907.000000    851.000000    841.000000    753.000000    802.000000    898.000000    836.000000    939.000000   7429.000000   7026.000000   6655.000000   4069.000000   2785.000000   5230.000000   6119.000000   5700.000000    958.000000   3116.000000   3109.000000   1791.000000   6134.000000   3690.000000   2198.000000   2444.000000   1238.000000   1781.000000
   560.676819    386.000000    393.000000    431.000000    474.000000    554.000000    736.000000    429.000000    459.000000    449.000000    431.000000    445.000000    493.000000   3445.000000   3780.000000   2746.000000   2879.000000   2632.000000   3367.000000   3112.000000   2565.000000   1836.000000   1618.000000   1505.000000   1610.000000   2136.000000   3597.000000    711.000000    900.000000    869.000000    812.000000    729.000000    753.000000    890.000000    827.000000    987.000000   7474.000000   7246.000000   6780.000000   4249.000000   2771.000000   5254.000000   6237.000000   5849.000000   1032.000000   2958.000000   3204.000000   1898.000000   6153.000000   3776.000000   2242.000000   2522.000000   1252.000000   1870.000000
   561.935608    366.000000    368.000000    417.000000    477.000000    584.000000    675.000000    395.000000    507.000000    434.000000    399.000000    452.000000    491.000000   3515.000000   3897.000000   2864.000000   2918.000000   2632.000000   3346.000000   3114.000000   2629.000000   1818.000000   1698.000000   1486.000000   1564.000000   2217.000000   3705.000000    705.000000    889.000000    786.000000    834.000000    691.000000    762.000000    869.000000    838.000000    968.000000   7731.000000   7134.000000   6891.000000   4269.000000   2963.000000   5637.000000   6424.000000   6028.000000    982.000000   3093.000000   3136.000000   1882.000000   6302.000000   3752.000000   2335.000000   2416.000000   1228.000000   1873.000000
   563.194885    374.000000    342.000000    412.000000    477.000000    548.000000    733.000000    422.000000    455.000000    428.000000    422.000000    452.000000    511.000000   3473.000000   3803.000000   2809.000000   2868.000000   2675.000000   3397.000000   3178.000000   2636.000000   1921.000000   1605.000000   1586.000000   1630.000000   2261.000000   3606.000000    722.000000    880.000000    852.000000    765.000000    700.000000    732.000000    824.000000    815.000000    979.000000   7715.000000   7171.000000   6652.000000   4191.000000   2958.000000   5710.000000   6076.000000   5965.000000   1002.000000   3017.000000   3270.000000   1855.000000   6448.000000   3844.000000   2328.000000   2525.000000   1270.000000   1920.000000
   564.454712    358.000000    363.000000    403.000000    443.000000    538.000000    684.000000    458.000000    444.000000    413.000000    374.000000    478.000000    458.000000   3381.000000   3904.000000   2762.000000   2892.000000   2665.000000   3356.000000   3095.000000   2603.000000   1838.000000   1576.000000   1505.000000   1621.000000   2160.000000   3757.000000    726.000000    877.000000    858.000000    805.000000    737.000000    733.000000    859.000000    771.000000    914.000000   7621.000000   7131.000000   6719.000000   4307.000000   2948.000000   5432.000000   6348.000000   6072.000000    936.000000   3185.000000   3224.000000   1953.000000   6322.000000   3754.000000   2356.000000   2471.000000   1351.000000   1890.000000
   565.714905    348.000000    360.000000    403.000000    455.000000    496.000000    653.000000    431.000000    476.000000    423.000000    414.000000    403.000000    521.000000   3471.000000   3795.000000   2899.000000   3001.000000   2635.000000   3251.000000   3194.000000   2682.000000   1834.000000   1669.000000   1515.000000   1722.000000   2278.000000   3689.000000    723.000000    890.000000    872.000000    821.000000    691.000000    732.000000    854.000000    795.000000    885.000000   7586.000000   7167.000000   6719.000000   4288.000000   2975.000000   5483.000000   6152.000000   6035.000000    929.000000   3127.000000   3204.000000   2048.000000   6353.000000   3817.000000   2439.000000   2503.000000   1317.000000   1969.000000
   566.975586    339.000000    358.000000    365.000000    425.000000    502.000000    691.000000    429.000000    440.000000    423.000000    430.000000    397.000000    500.000000   3440.000000   3942.000000   2746.000000   2918.000000   2594.000000   3409.000000   3172.000000   2656.000000   1817.000000   1665.000000   1536.000000   1637.000000   2245.000000   3732.000000    726.000000    922.000000    768.000000    745.000000    708.000000    711.000000    800.000000    771.000000    897.000000   7730.000000   7235.000000   7071.000000   4465.000000   2967.000000   5625.000000   6287.000000   6250.000000    889.000000   3089.000000   3219.000000   2017.000000   6367.000000   3940.000000   2408.000000   2563.000000   1277.000000   1918.000000
   568.236816    346.000000    331.000000    386.000000    445.000000    530.000000    678.000000    405.000000    440.000000    399.000000    380.000000    466.000000    498.000000   3494.000000   3923.000000   2852.000000   3023.000000   2704.000000   3429.000000   3266.000000   2604.000000   1832.000000   1627.000000   1567.000000   1615.000000   2196.000000   3731.000000    667.000000    899.000000    829.000000    823.000000    728.000000    784.000000    778.000000    746.000000    882.000000   7856.000000   7236.000000   7199.000000   4424.000000   3000.000000   5724.000000   6446.000000   6261.000000    907.000000   3108.000000   3321.000000   1951.000000   6644.000000   3955.000000   2473.000000   2599.000000   1309.000000   2015.000000
   569.498474    357.000000    385.000000    353.000000    387.000000    479.000000    665.000000    393.000000    415.000000    446.000000    424.000000    450.000000    447.000000   3551.000000   3984.000000   2950.000000   3080.000000   2720.000000   3541.000000   3229.000000   2678.000000   1930.000000   1667.000000   1557.000000   1662.000000   2247.000000   3849.000000    705.000000    875.000000    844.000000    773.000000    771.000000    753.000000    804.000000    706.000000    837.000000   7700.000000   7341.000000   6965.000000   4265.000000   3165.000000   5804.000000   6379.000000   6430.000000    891.000000   3180.000000   3428.000000   1959.000000   6866.000000   4060.000000   2381.000000   2617.000000   1338.000000   1932.000000
   570.760620    323.000000    333.000000    349.000000    374.000000    524.000000    679.000000    387.000000    405.000000    375.000000    432.000000    460.000000    475.000000   3578.000000   4095.000000   2887.000000   2959.000000   2678.000000   3549.000000   3239.000000   2635.000000   1853.000000   1663.000000   1531.000000   1735.000000   2234.000000   3707.000000    689.000000    850.000000    802.000000    732.000000    675.000000    679.000000    773.000000    810.000000    925.000000   7973.000000   7343.000000   7122.000000   4486.000000   3122.000000   5790.000000   6492.000000   6243.000000    840.000000   3235.000000   3223.000000   2021.000000   7046.000000   3897.000000   2463.000000   2570.000000   1389.000000   1991.000000
   572.023315    348.000000    319.000000    350.000000    382.000000    487.000000    683.000000    384.000000    418.000000    405.000000    429.000000    402.000000    453.000000   3490.000000   4053.000000   2941.000000   2984.000000   2724.000000   3504.000000   3225.000000   2728.000000   1925.000000   1776.000000   1557.000000   1697.000000   2183.000000   3741.000000    787.000000    828.000000    820.000000    764.000000    655.000000    701.000000    787.000000    742.000000    928.000000   8098.000000   7558.000000   7236.000000   4493.000000   3223.000000   5872.000000   6554.000000   6560.000000    856.000000   3104.000000   3410.000000   2082.000000   7075.000000   3999.000000   2510.000000   2662.000000   1379.000000   2060.000000
   573.286377    344.000000    334.000000    377.000000    401.000000    486.000000    665.000000    397.000000    412.000000    393.000000    399.000000    486.000000    450.000000   3697.000000   4080.000000   3159.000000   3111.000000   2678.000000   3464.000000   3288.000000   2732.000000   1939.000000   1728.000000   1608.000000   1652.000000   2245.000000   3780.000000    766.000000    849.000000    806.000000    794.000000    702.000000    725.000000    785.000000    739.000000    858.000000   8232.000000   7813.000000   7164.000000   4486.000000   3312.000000   5713.000000   6402.000000   6552.000000    821.000000   3216.000000   3280.000000   2065.000000   7242.000000   3997.000000   2611.000000   2630.000000   1359.000000   2190.000000
   574.549988    381.000000    308.000000    356.000000    375.000000    498.000000    623.000000    367.000000    408.000000    404.000000    387.000000    448.000000    481.000000   3717.000000   4171.000000   3101.000000   3185.000000   2778.000000   3584.000000   3264.000000   2834.000000   1952.000000   1763.000000   1689.000000   1627.000000   2349.000000   3729.000000    721.000000    875.000000    793.000000    777.000000    697.000000    713.000000    756.000000    782.000000    839.000000   8094.000000   7753.000000   7395.000000   4618.000000   3274.000000   5875.000000   6546.000000   6622.000000    817.000000   3222.000000   3454.000000   2092.000000   7362.000000   4110.000000   2743.000000   2692.000000   1352.000000   2197.000000
   575.814087    332.000000    313.000000    338.000000    385.000000    477.000000    626.000000    376.000000    401.000000    429.000000    371.000000    447.000000    454.000000   3792.000000   4308.000000   3079.000000   3289.000000   2794.000000   3619.000000   3443.000000   2878.000000   2106.000000   1882.000000   1645.000000   1719.000000   2398.000000   3899.000000    745.000000    799.000000    755.000000    788.000000    719.000000    675.000000    820.000000    769.000000    884.000000   8202.000000   7787.000000   7403.000000   4614.000000   3371.000000   6171.000000   6450.000000   6655.000000    839.000000   3397.000000   3501.000000   2164.000000   7588.000000   4226.000000   2726.000000   2681.000000   1416.000000   2123.000000
   577.078613    361.000000    298.000000    329.000000    383.000000    507.000000    614.000000    425.000000    399.000000    449.000000    432.000000    467.000000    517.000000   3770.000000   4428.000000   3136.000000   3315.000000   2907.000000   3693.000000   3477.000000   2950.000000   1960.000000   1850.000000   1693.000000   1720.000000   2426.000000   3871.000000    711.000000    874.000000    776.000000    727.000000    704.000000    719.000000    844.000000    726.000000    844.000000   8506.000000   7888.000000   7569.000000   4817.000000   3454.000000   6134.000000   6782.000000   6877.000000    817.000000   3416.000000   3494.000000   2169.000000   7717.000000   4416.000000   2740.000000   2756.000000   1496.000000   2316.000000
   578.343628    374.000000    341.000000    358.000000    386.000000    439.000000    628.000000    373.000000    433.000000    432.000000    400.000000    508.000000    516.000000   3843.000000   4526.000000   3278.000000   3155.000000   3009.000000   3825.000000   3562.000000   2917.000000   2196.000000   1927.000000   1726.000000   1745.000000   2327.000000   4081.000000    747.000000    842.000000    732.000000    792.000000    679.000000    743.000000    798.000000    736.000000    930.000000   8580.000000   8071.000000   7561.000000   4787.000000   3522.000000   6463.000000   6690.000000   7027.000000    782.000000   3360.000000   3627.000000   2190.000000   7919.000000   4329.000000   2897.000000   2765.000000   1528.000000   2356.000000
   579.609314    346.000000    293.000000    318.000000    373.000000    419.000000    673.000000    452.000000    398.000000    407.000000    421.000000    499.000000    472.000000   3923.000000   4583.000000   3262.000000   3240.000000   3070.000000   3765.000000   3693.000000   2980.000000   2201.000000   1869.000000   1801.000000   1721.000000   2451.000000   4121.000000    715.000000    857.000000    818.000000    722.000000    690.000000    689.000000    811.000000    737.000000    884.000000   8543.000000   8075.000000   7765.000000   4801.000000   3587.000000   6375.000000   6841.000000   7083.000000    736.000000   3439.000000   3488.000000   2299.000000   7781.000000   4339.000000   2860.000000   2911.000000   1523.000000   2412.000000
   580.875183    372.000000    308.000000    317.000000    381.000000    465.000000    593.000000    384.000000    373.000000    416.000000    425.000000    457.000000    483.000000   3798.000000   4545.000000   3329.000000   3163.000000   2972.000000   3962.000000   3510.000000   2978.000000   2317.000000   1904.000000   1787.000000   1823.000000   2429.000000   4088.000000    717.000000    911.000000    786.000000    821.000000    672.000000    675.000000    765.000000    785.000000    949.000000   8810.000000   8196.000000   7713.000000   4795.000000   3612.000000   6532.000000   6810.000000   7229.000000    784.000000   3482.000000   3491.000000   2292.000000   8273.000000   4479.000000   3035.000000   2854.000000   1570.000000   2432.000000
   582.141724    317.000000    284.000000    326.000000    362.000000    438.000000    658.000000    397.000000    453.000000    420.000000    426.000000    420.000000    466.000000   4050.000000   4543.000000   3276.000000   3348.000000   2942.000000   3969.000000   3600.000000   3114.000000   2287.000000   1973.000000   1843.000000   1726.000000   2500.000000   4168.000000    806.000000    878.000000    802.000000    802.000000    749.000000    705.000000    799.000000    754.000000    858.000000   8828.000000   8274.000000   7742.000000   4870.000000   3556.000000   6609.000000   6809.000000   7079.000000    748.000000   3540.000000   3533.000000   2320.000000   8227.000000   4493.000000   3055.000000   2830.000000   1548.000000   2441.000000
   583.408691    346.000000    294.000000    325.000000    348.000000    430.000000    610.000000    391.000000    404.000000    442.000000    435.000000    435.000000    471.000000   4073.000000   4546.000000   3369.000000   3442.000000   3072.000000   3863.000000   3830.000000   3082.000000   2303.000000   1940.000000   1741.000000   1820.000000   2539.000000   4480.000000    716.000000    852.000000    768.000000    750.000000    689.000000    645.000000    818.000000    763.000000    882.000000   8973.000000   8257.000000   8049.000000   4985.000000   3688.000000   6790.000000   6776.000000   7113.000000    768.000000   3606.000000   3713.000000   2473.000000   8343.000000   4707.000000   3105.000000   2893.000000   1636.000000   2590.000000
   584.676025    342.000000    333.000000    344.000000    383.000000    482.000000    625.000000    397.000000    452.000000    474.000000    418.000000    461.000000    508.000000   4054.000000   4613.000000   3328.000000   3327.000000   3157.000000   4027.000000   3781.000000   3269.000000   2338.000000   2012.000000   1859.000000   1866.000000   2502.000000   4285.000000    722.000000    858.000000    790.000000    823.000000    660.000000    754.000000    754.000000    761.000000    794.000000   8831.000000   8504.000000   8104.000000   5041.000000   3712.000000   6704.000000   6833.000000   7192.000000    710.000000   3588.000000   3754.000000   2569.000000   8421.000000   4607.000000   3079.000000   2980.000000   1603.000000   2528.000000
   585.943970    352.000000    276.000000    326.000000    324.000000    507.000000    619.000000    429.000000    422.000000    438.000000    435.000000    461.000000    497.000000   4162.000000   4841.000000   3469.000000   3484.000000   3042.000000   4119.000000   3718.000000   3261.000000   2374.000000   2051.000000   1800.000000   1881.000000   2666.000000   4491.000000    787.000000    816.000000    769.000000    837.000000    692.000000    760.000000    762.000000    674.000000    864.000000   9078.000000   8419.000000   8107.000000   4993.000000   3627.000000   6954.000000   6814.000000   7228.000000    760.000000   3790.000000   3735.000000   2413.000000   8745.000000   4813.000000   3183.000000   3094.000000   1585.000000   2730.000000
   587.212402    378.000000    328.000000    332.000000    385.000000    436.000000    631.000000    389.000000    408.000000    420.000000    404.000000    474.000000    486.000000   4185.000000   4926.000000   3456.000000   3576.000000   3252.000000   4050.000000   3781.000000   3250.000000   2412.000000   2083.000000   1979.000000   1894.000000   2604.000000   4629.000000    799.000000    864.000000    713.000000    844.000000    726.000000    733.000000    794.000000    755.000000    892.000000   9116.000000   8560.000000   8137.000000   5037.000000   3716.000000   6938.000000   6859.000000   7162.000000    705.000000   3647.000000   3759.000000   2442.000000   8924.000000   4677.000000   3093.000000   3038.000000   1640.000000   2652.000000
   588.481323    334.000000    287.000000    361.000000    406.000000    439.000000    638.000000    334.000000    394.000000    416.000000    391.000000    462.000000    487.000000   4302.000000   5021.000000   3493.000000   3479.000000   3274.000000   4222.000000   3911.000000   3358.000000   2437.000000   2140.000000   2004.000000   1903.000000   2507.000000   4680.000000    757.000000    893.000000    781.000000    841.000000    773.000000    695.000000    773.000000    789.000000    915.000000   9180.000000   8587.000000   8095.000000   4903.000000   3849.000000   6872.000000   6940.000000   7129.000000    737.000000   3715.000000   3780.000000   2603.000000   9051.000000   4862.000000   3361.000000   2992.000000   1777.000000   2831.000000
   589.750610    333.000000    319.000000    338.000000    355.000000    445.000000    623.000000    365.000000    396.000000    457.000000    390.000000    494.000000    482.000000   4373.000000   5071.000000   3617.000000   3559.000000   3218.000000   4171.000000   3893.000000   3448.000000   2424.000000   2184.000000   1999.000000   1977.000000   2698.000000   4760.000000    726.000000    866.000000    800.000000    794.000000    711.000000    754.000000    805.000000    742.000000    851.000000   9351.000000   8863.000000   8082.000000   5064.000000   3880.000000   7167.000000   6905.000000   7276.000000    762.000000   3785.000000   3896.000000   2546.000000   9184.000000   4913.000000   3312.000000   3087.000000   1770.000000   2734.000000
   591.020508    328.000000    300.000000    338.000000    341.000000    429.000000    580.000000    355.000000    407.000000    466.000000    391.000000    477.000000    478.000000   4255.000000   5104.000000   3644.000000   3649.000000   3258.000000   4274.000000   4037.000000   3463.000000   2493.000000   2187.000000   2060.000000   2057.000000   2794.000000   4929.000000    743.000000    950.000000    818.000000    890.000000    708.000000    757.000000    805.000000    735.000000    879.000000   9260.000000   8876.000000   8570.000000   5103.000000   3843.000000   7202.000000   7103.000000   7491.000000    695.000000   3780.000000   3863.000000   2746.000000   9287.000000   4991.000000   3457.000000   3068.000000   1865.000000   2863.000000
   592.290771    349.000000    304.000000    346.000000    333.000000    449.000000    663.000000    387.000000    425.000000    409.000000    424.000000    459.000000    471.000000   4481.000000   5190.000000   3616.000000   3599.000000   3358.000000   4375.000000   4096.000000   3451.000000   2682.000000   2213.000000   2151.000000   1992.000000   2809.000000   4876.000000    784.000000    889.000000    764.000000    784.000000    753.000000    704.000000    775.000000    790.000000    888.000000   9561.000000   8955.000000   8717.000000   5228.000000   3924.000000   7074.000000   7175.000000   7547.000000    736.000000   3716.000000   3832.000000   2664.000000   9611.000000   5047.000000   3391.000000   3064.000000   1891.000000   2903.000000
   593.561584    349.000000    310.000000    310.000000    344.000000    451.000000    651.000000    352.000000    434.000000    470.000000    418.000000    487.000000    518.000000   4565.000000   5183.000000   3689.000000   3810.000000   3447.000000   4485.000000   4180.000000   3595.000000   2610.000000   2298.000000   2100.000000   2052.000000   2837.000000   4984.000000    793.000000    837.000000    790.000000    797.000000    776.000000    776.000000    839.000000    764.000000    891.000000   9838.000000   9177.000000   8788.000000   5143.000000   3916.000000   7502.000000   7116.000000   7738.000000    750.000000   4048.000000   3958.000000   2793.000000   9739.000000   5061.000000   3560.000000   3181.000000   1905.000000   2939.000000
   594.832886    357.000000    295.000000    339.000000    403.000000    413.000000    605.000000    363.000000    444.000000    444.000000    430.000000    383.000000    485.000000   4716.000000   5432.000000   3808.000000   3814.000000   3639.000000   4486.000000   4190.000000   3722.000000   2717.000000   2415.000000   2190.000000   2047.000000   2951.000000   5235.000000    799.000000    887.000000    783.000000    821.000000    752.000000    741.000000    822.000000    804.000000    898.000000   9998.000000   9061.000000   8828.000000   5261.000000   3997.000000   7325.000000   7305.000000   7742.000000    659.000000   3903.000000   3914.000000   2755.000000   9822.000000   5296.000000   3681.000000   3335.000000   1903.000000   2983.000000
   596.104614    312.000000    313.000000    345.000000    389.000000    460.000000    609.000000    371.000000    425.000000    412.000000    435.000000    440.000000    498.000000   4736.000000   5487.000000   3822.000000   3982.000000   3646.000000   4669.000000   4505.000000   3711.000000   2763.000000   2464.000000   2203.000000   2151.000000   3045.000000   5284.000000    748.000000    968.000000    749.000000    801.000000    763.000000    720.000000    821.000000    800.000000    863.000000  10180.000000   9486.000000   8909.000000   5381.000000   3998.000000   7611.000000   7541.000000   7790.000000    763.000000   4003.000000   3984.000000   2813.000000  10082.000000   5261.000000   3708.000000   3278.000000   1913.000000   3123.000000
   597.376892    383.000000    308.000000    303.000000    340.000000    431.000000    641.000000    334.000000    418.000000    437.000000    420.000000    465.000000    479.000000   4716.000000   5560.000000   3846.000000   3930.000000   3775.000000   4816.000000   4465.000000   3759.000000   2841.000000   2467.000000   2273.000000   2245.000000   2996.000000   5347.000000    783.000000    867.000000    781.000000    800.000000    753.000000    748.000000    817.000000    769.000000    847.000000  10217.000000   9660.000000   8899.000000   5269.000000   4086.000000   7519.000000   7210.000000   7736.000000    736.000000   4106.000000   4145.000000   2828.000000  10363.000000   5180.000000   3583.000000   3244.000000   1903.000000   3086.000000
   598.649597    379.000000    292.000000    340.000000    327.000000    450.000000    638.000000    394.000000    410.000000    449.000000    473.000000    465.000000    492.000000   4934.000000   5512.000000   3806.000000   3960.000000   3641.000000   4864.000000   4503.000000   3758.000000   2851.000000   2513.000000   2294.000000   2186.000000   3122.000000   5430.000000    852.000000    910.000000    742.000000    818.000000    801.000000    786.000000    806.000000    764.000000    850.000000  10295.000000   9625.000000   9015.000000   5491.000000   4127.000000   7711.000000   7452.000000   7673.000000    763.000000   3960.000000   4090.000000   2924.000000  10462.000000   5266.000000   3795.000000   3410.000000   2039.000000   3204.000000
   599.922791    367.000000    328.000000    318.000000    333.000000    452.000000    603.000000    387.000000    435.000000    479.000000    448.000000    464.000000    495.000000   4868.000000   5918.000000   4006.000000   3996.000000   3711.000000   4862.000000   4631.000000   3952.000000   3045.000000   2437.000000   2360.000000   2246.000000   3130.000000   5457.000000    806.000000    856.000000    811.000000    817.000000    731.000000    719.000000    814.000000    708.000000    880.000000  10514.000000   9855.000000   9107.000000   5479.000000   4096.000000   7853.000000   7319.000000   7527.000000    754.000000   4099.000000   4149.000000   2908.000000  10625.000000   5383.000000   3795.000000   3324.000000   2132.000000   3075.000000
   601.196472    362.000000    310.000000    318.000000    335.000000    433.000000    587.000000    405.000000    421.000000    406.000000    439.000000    436.000000    498.000000   4854.000000   5819.000000   3894.000000   4049.000000   3758.000000   5014.000000   4621.000000   3929.000000   2940.000000   2564.000000   2294.000000   2266.000000   3228.000000   5577.000000    746.000000    884.000000    834.000000    793.000000    727.000000    704.000000    784.000000    749.000000    843.000000  10642.000000  10013.000000   9382.000000   5573.000000   4094.000000   8021.000000   7233.000000   7676.000000    689.000000   4166.000000   4263.000000   2967.000000  10604.000000   5480.000000   4003.000000   3266.000000   2144.000000   3135.000000
   602.470581    337.000000    283.000000    336.000000    372.000000    435.000000    603.000000    387.000000    439.000000    446.000000    435.000000    461.000000    483.000000   5147.000000   5802.000000   4005.000000   4058.000000   3771.000000   4990.000000   4769.000000   3993.000000   2951.000000   2557.000000   2337.000000   2306.000000   3116.000000   5668.000000    820.000000    862.000000    782.000000    770.000000    717.000000    730.000000    793.000000    682.000000    864.000000  10847.000000  10043.000000   9394.000000   5607.000000   4095.000000   8188.000000   7531.000000   7474.000000    692.000000   4074.000000   4166.000000   2965.000000  10746.000000   5527.000000   3913.000000   3252.000000   2110.000000   3220.000000
   603.745300    319.000000    279.000000    352.000000    311.000000    447.000000    592.000000    403.000000    436.000000    452.000000    445.000000    424.000000    515.000000   4860.000000   6110.000000   4032.000000   3994.000000   3857.000000   5093.000000   4747.000000   4124.000000   3128.000000   2583.000000   2422.000000   2309.000000   3180.000000   5587.000000    830.000000    893.000000    805.000000    716.000000    726.000000    790.000000    793.000000    721.000000    859.000000  11237.000000  10176.000000   9393.000000   5590.000000   4218.000000   8215.000000   7378.000000   7430.000000    761.000000   4197.000000   4214.000000   2936.000000  11082.000000   5462.000000   3978.000000   3357.000000   2117.000000   3326.000000
   605.020386    308.000000    262.000000    338.000000    296.000000    419.000000    542.000000    400.000000    421.000000    468.000000    453.000000    454.000000    451.000000   5161.000000   6114.000000   4112.000000   4175.000000   4007.000000   5237.000000   4931.000000   4239.000000   2990.000000   2718.000000   2517.000000   2329.000000   3255.000000   5762.000000    892.000000    878.000000    769.000000    735.000000    718.000000    713.000000    794.000000    708.000000    902.000000  11001.000000  10263.000000   9358.000000   5779.000000   4228.000000   8482.000000   7701.000000   7555.000000    750.000000   4221.000000   4275.000000   2962.000000  11203.000000   5522.000000   4142.000000   3346.000000   2120.000000   3300.000000
   606.296021    376.000000    296.000000    305.000000    374.000000    449.000000    552.000000    357.000000    468.000000    465.000000    394.000000    415.000000    450.000000   5354.000000   6182.000000   4231.000000   4213.000000   3999.000000   5222.000000   5022.000000   4190.000000   3186.000000   2833.000000   2405.000000   2402.000000   3345.000000   5850.000000    883.000000    883.000000    789.000000    734.000000    792.000000    715.000000    759.000000    700.000000    812.000000  11112.000000  10335.000000   9569.000000   5787.000000   4151.000000   8688.000000   7644.000000   7626.000000    682.000000   4382.000000   4173.000000   3158.000000  11421.000000   5673.000000   4247.000000   3479.000000   2135.000000   3393.000000
   607.572083    372.000000    237.000000    352.000000    331.000000    414.000000    616.000000    392.000000    463.000000    466.000000    429.000000    443.000000    479.000000   5360.000000   6158.000000   4398.000000   4180.000000   4066.000000   5476.000000   5165.000000   4235.000000   3301.000000   2842.000000   2612.000000   2326.000000   3444.000000   6081.000000    851.000000    866.000000    770.000000    729.000000    709.000000    827.000000    780.000000    729.000000    892.000000  11475.000000  10521.000000   9827.000000   5969.000000   4345.000000   8918.000000   7596.000000   7900.000000    708.000000   4284.000000   4374.000000   3049.000000  11489.000000   5731.000000   4159.000000   3519.000000   2140.000000   3387.000000
   608.848572    324.000000    298.000000    304.000000    393.000000    423.000000    595.000000    410.000000    448.000000    480.000000    425.000000    456.000000    450.000000   5552.000000   6289.000000   4379.000000   4341.000000   4185.000000   5486.000000   5240.000000   4614.000000   3428.000000   2948.000000   2606.000000   2364.000000   3605.000000   6164.000000    842.000000    886.000000    694.000000    726.000000    793.000000    703.000000    824.000000    733.000000    821.000000  11450.000000  10702.000000   9716.000000   5911.000000   4422.000000   9200.000000   7867.000000   8002.000000    705.000000   4385.000000   4350.000000   3211.000000  11794.000000   5857.000000   4430.000000   3488.000000   2200.000000   3549.000000
   610.125671    340.000000    306.000000    330.000000    336.000000    410.000000    566.000000    383.000000    438.000000    502.000000    433.000000    404.000000    496.000000   5625.000000   6572.000000   4431.000000   4558.000000   4257.000000   5730.000000   5275.000000   4660.000000   3439.000000   3020.000000   2663.000000   2523.000000   3525.000000   6216.000000    823.000000    842.000000    788.000000    787.000000    758.000000    689.000000    784.000000    721.000000    894.000000  11955.000000  10851.000000  10025.000000   6328.000000   4533.000000   9524.000000   8111.000000   8087.000000    699.000000   4508.000000   4361.000000   3276.000000  12111.000000   6087.000000   4366.000000   3459.000000   2303.000000   3666.000000
   611.403198    302.000000    294.000000    321.000000    332.000000    416.000000    606.000000    359.000000    437.000000    440.000000    464.000000    429.000000    463.000000   5700.000000   6602.000000   4551.000000   4381.000000   4348.000000   5842.000000   5405.000000   4794.000000   3588.000000   3112.000000   2757.000000   2450.000000   3762.000000   6421.000000    898.000000    833.000000    761.000000    746.000000    712.000000    737.000000    764.000000    692.000000    886.000000  12363.000000  11011.000000  10311.000000   6405.000000   4683.000000   9731.000000   8251.000000   8237.000000    708.000000   4323.000000   4420.000000   3221.000000  12326.000000   6063.000000   4562.000000   3582.000000   2367.000000   3635.000000
   612.681213    358.000000    312.000000    297.000000    310.000000    416.000000    586.000000    391.000000    504.000000    459.000000    438.000000    407.000000    478.000000   5970.000000   7014.000000   4702.000000   4604.000000   4537.000000   6082.000000   5763.000000   4897.000000   3798.000000   3198.000000   2867.000000   2614.000000   3898.000000   6697.000000    822.000000    887.000000    843.000000    766.000000    738.000000    692.000000    740.000000    709.000000    882.000000  12644.000000  11608.000000  10521.000000   6530.000000   4836.000000  10122.000000   8150.000000   8384.000000    685.000000   4559.000000   4466.000000   3354.000000  12656.000000   5945.000000   4707.000000   3789.000000   2459.000000   3614.000000
   613.959717    335.000000    273.000000    349.000000    369.000000    399.000000    632.000000    408.000000    460.000000    478.000000    474.000000    431.000000    503.000000   6072.000000   7139.000000   4829.000000   4841.000000   4655.000000   6155.000000   5756.000000   4985.000000   3726.000000   3324.000000   2837.000000   2778.000000   3926.000000   7029.000000    882.000000    887.000000    831.000000    755.000000    804.000000    774.000000    788.000000    760.000000    862.000000  12616.000000  11802.000000  10717.000000   6505.000000   4791.000000  10264.000000   8246.000000   8384.000000    722.000000   4587.000000   4507.000000   3384.000000  13000.000000   6093.000000   4833.000000   3534.000000   2399.000000   3765.000000
   615.238586    381.000000    275.000000    323.000000    313.000000    433.000000    561.000000    397.000000    493.000000    457.000000    454.000000    468.000000    491.000000   6343.000000   7383.000000   4918.000000   5021.000000   4940.000000   6367.000000   6118.000000   5049.000000   3853.000000   3310.000000   3019.000000   2869.000000   4065.000000   6944.000000    882.000000    926.000000    822.000000    734.000000    786.000000    747.000000    752.000000    714.000000    905.000000  13148.000000  11989.000000  11054.000000   6743.000000   4889.000000  10781.000000   8371.000000   8564.000000    676.000000   4531.000000   4606.000000   3468.000000  13108.000000   6382.000000   4890.000000   3773.000000   2501.000000   3886.000000
   616.518127    379.000000    268.000000    318.000000    356.000000    433.000000    575.000000    431.000000    423.000000    489.000000    461.000000    427.000000    520.000000   6556.000000   7488.000000   4927.000000   5118.000000   4773.000000   6594.000000   6192.000000   5291.000000   3880.000000   3440.000000   3133.000000   2845.000000   4106.000000   7282.000000    865.000000    885.000000    800.000000    747.000000    784.000000    739.000000    773.000000    718.000000    879.000000  13436.000000  12051.000000  11087.000000   6584.000000   4881.000000  10803.000000   8581.000000   8435.000000    729.000000   4763.000000   4427.000000   3546.000000  13346.000000   6303.000000   4901.000000   3683.000000   2519.000000   3781.000000
   617.797974    414.000000    303.000000    335.000000    302.000000    418.000000    580.000000    386.000000    460.000000    491.000000    480.000000    438.000000    462.000000   6546.000000   7556.000000   5104.000000   5188.000000   4833.000000   6693.000000   6250.000000   5218.000000   3957.000000   3573.000000   3153.000000   2832.000000   4206.000000   7355.000000    911.000000    973.000000    813.000000    731.000000    779.000000    662.000000    798.000000    700.000000    896.000000  13436.000000  12207.000000  11132.000000   6731.000000   5062.000000  11111.000000   8486.000000   8417.000000    653.000000   4652.000000   4711.000000   3485.000000  13432.000000   6215.000000   4956.000000   3635.000000   2661.000000   3806.000000
   619.078430    335.000000    295.000000    306.000000    304.000000    380.000000    606.000000    394.000000    449.000000    508.000000    445.000000    453.000000    481.000000   6598.000000   7498.000000   5024.000000   5136.000000   4885.000000   6615.000000   6310.000000   5397.000000   3873.000000   3475.000000   3145.000000   2851.000000   4273.000000   7374.000000    877.000000    868.000000    807.000000    711.000000    741.000000    715.000000    735.000000    659.000000    896.000000  13330.000000  12131.000000  11170.000000   6895.000000   5157.000000  11412.000000   8551.000000   8595.000000    652.000000   4609.000000   4464.000000   3474.000000  13431.000000   6272.000000   4898.000000   3626.000000   2455.000000   3860.000000
   620.359314    347.000000    298.000000    337.000000    306.000000    398.000000    549.000000    393.000000    448.000000    441.000000    488.000000    415.000000    515.000000   6769.000000   7598.000000   5069.000000   5200.000000   5170.000000   6929.000000   6342.000000   5311.000000   4092.000000   3618.000000   3275.000000   2969.000000   4328.000000   7581.000000    915.000000    897.000000    822.000000    713.000000    785.000000    748.000000    792.000000    739.000000    815.000000  13896.000000  12586.000000  11410.000000   7028.000000   5178.000000  11361.000000   8541.000000   8724.000000    634.000000   4585.000000   4439.000000   3433.000000  13258.000000   6200.000000   4958.000000   3682.000000   2493.000000   3751.000000
   621.640625    369.000000    292.000000    309.000000    311.000000    401.000000    592.000000    435.000000    384.000000    440.000000    451.000000    396.000000    466.000000   6868.000000   7890.000000   5233.000000   5182.000000   5103.000000   7153.000000   6480.000000   5468.000000   4151.000000   3645.000000   3228.000000   2944.000000   4447.000000   7860.000000    870.000000    951.000000    817.000000    697.000000    721.000000    771.000000    783.000000    727.000000    841.000000  13787.000000  12494.000000  11425.000000   6943.000000   5180.000000  11758.000000   8603.000000   8770.000000    645.000000   4594.000000   4618.000000   3604.000000  13706.000000   6313.000000   5186.000000   3718.000000   2650.000000   3632.000000
   622.922485    383.000000    284.000000    304.000000    286.000000    355.000000    518.000000    421.000000    457.000000    397.000000    477.000000    424.000000    451.000000   6862.000000   7806.000000   5338.000000   5190.000000   5159.000000   7255.000000   6630.000000   5599.000000   4244.000000   3746.000000   3350.000000   3015.000000   4463.000000   7847.000000    942.000000    975.000000    811.000000    735.000000    763.000000    719.000000    795.000000    732.000000    873.000000  14131.000000  12712.000000  11672.000000   7230.000000   5281.000000  11850.000000   8469.000000   8976.000000    673.000000   4726.000000   4593.000000   3529.000000  14046.000000   6441.000000   5003.000000   3697.000000   2669.000000   3666.000000
   624.204773    349.000000    264.000000    302.000000    302.000000    388.000000    540.000000    409.000000    490.000000    454.000000    451.000000    408.000000    484.000000   7308.000000   8092.000000   5374.000000   5437.000000   5373.000000   7189.000000   6750.000000   5759.000000   4341.000000   3605.000000   3369.000000   3093.000000   4527.000000   7933.000000    862.000000    934.000000    790.000000    737.000000    712.000000    719.000000    787.000000    785.000000    873.000000  14229.000000  12865.000000  11876.000000   7274.000000   5316.000000  12256.000000   8379.000000   8808.000000    654.000000   4709.000000   4538.000000   3606.000000  14198.000000   6531.000000   5092.000000   3647.000000   2709.000000   3676.000000
   625.487610    302.000000    279.000000    311.000000    315.000000    414.000000    541.000000    403.000000    491.000000    423.000000    432.000000    397.000000    435.000000   7117.000000   8194.000000   5562.000000   5441.000000   5296.000000   7356.000000   6636.000000   5802.000000   4304.000000   3728.000000   3439.000000   3106.000000   4533.000000   8267.000000    807.000000    978.000000    775.000000    662.000000    779.000000    725.000000    714.000000    672.000000    857.000000  14409.000000  13029.000000  11790.000000   7134.000000   5266.000000  12462.000000   8623.000000   8978.000000    707.000000   4803.000000   4603.000000   3605.000000  14361.000000   6494.000000   5284.000000   3803.000000   2774.000000   3735.000000
   626.770874    344.000000    272.000000    285.000000    309.000000    395.000000    541.000000    415.000000    491.000000    415.000000    433.000000    364.000000    447.000000   7158.000000   8086.000000   5575.000000   5574.000000   5430.000000   7422.000000   6921.000000   5957.000000   4425.000000   3754.000000   3552.000000   3222.000000   4595.000000   8366.000000    882.000000    930.000000    835.000000    739.000000    732.000000    730.000000    757.000000    709.000000    869.000000  14626.000000  13312.000000  11834.000000   7149.000000   5282.000000  12602.000000   8424.000000   8858.000000    712.000000   4715.000000   4586.000000   3640.000000  14218.000000   6513.000000   5295.000000   3831.000000   2725.000000   3669.000000
   628.054626    338.000000    286.000000    298.000000    305.000000    357.000000    441.000000    401.000000    441.000000    443.000000    512.000000    412.000000    468.000000   7492.000000   8148.000000   5603.000000   5528.000000   5499.000000   7652.000000   6847.000000   5937.000000   4317.000000   3804.000000   3550.000000   3172.000000   4812.000000   8483.000000    809.000000    896.000000    834.000000    751.000000    744.000000    713.000000    750.000000    658.000000    861.000000  14629.000000  13332.000000  12026.000000   7421.000000   5356.000000  12939.000000   8655.000000   8781.000000    690.000000   4750.000000   4672.000000   3590.000000  14545.000000   6448.000000   5354.000000   3803.000000   2747.000000   3794.000000
   629.338928    351.000000    246.000000    266.000000    297.000000    382.000000    515.000000    421.000000    427.000000    447.000000    451.000000    406.000000    415.000000   7514.000000   8309.000000   5448.000000   5607.000000   5396.000000   7680.000000   7032.000000   6230.000000   4392.000000   3805.000000   3661.000000   3142.000000   4764.000000   8660.000000    759.000000    928.000000    854.000000    682.000000    749.000000    766.000000    709.000000    686.000000    886.000000  14795.000000  13659.000000  12069.000000   7140.000000   5476.000000  12957.000000   8727.000000   8876.000000    658.000000   4657.000000   4676.000000   3678.000000  14601.000000   6458.000000   5540.000000   3721.000000   2734.000000   3630.000000
   630.623596    304.000000    269.000000    300.000000    327.000000    371.000000    523.000000    396.000000    476.000000    441.000000    458.000000    382.000000    440.000000   7861.000000   8545.000000   5709.000000   5762.000000   5680.000000   7783.000000   7125.000000   6391.000000   4394.000000   3860.000000   3711.000000   3073.000000   4841.000000   8702.000000    817.000000    994.000000    841.000000    737.000000    728.000000    734.000000    729.000000    655.000000    825.000000  15224.000000  13726.000000  12471.000000   7531.000000   5710.000000  13197.000000   8485.000000   8857.000000    647.000000   4724.000000   4682.000000   3633.000000  14978.000000   6451.000000   5436.000000   3857.000000   2814.000000   3715.000000
   631.908813    307.000000    258.000000    275.000000    296.000000    394.000000    546.000000    360.000000    415.000000    412.000000    459.000000    412.000000    400.000000   7934.000000   8607.000000   5600.000000   5930.000000   5760.000000   7977.000000   7113.000000   6191.000000   4488.000000   3993.000000   3907.000000   3169.000000   5027.000000   8850.000000    794.000000    972.000000    871.000000    687.000000    676.000000    668.000000    731.000000    655.000000    815.000000  15030.000000  13717.000000  12352.000000   7530.000000   5774.000000  13841.000000   8446.000000   8873.000000    649.000000   4708.000000   4691.000000   3608.000000  15000.000000   6590.000000   5601.000000   3827.000000   2849.000000   3689.000000
   633.194519    344.000000    280.000000    237.000000    284.000000    363.000000    559.000000    383.000000    461.000000    451.000000    415.000000    389.000000    420.000000   8013.000000   8537.000000   5738.000000   5927.000000   5803.000000   8240.000000   7339.000000   6311.000000   4623.000000   4151.000000   3955.000000   3331.000000   5075.000000   9105.000000    805.000000    885.000000    878.000000    735.000000    719.000000    745.000000    770.000000    677.000000    821.000000  15579.000000  13601.000000  12555.000000   7873.000000   5782.000000  14113.000000   8581.000000   9071.000000    671.000000   4670.000000   4567.000000   3642.000000  14989.000000   6600.000000   5577.000000   3823.000000   2979.000000   3678.000000
   634.480713    367.000000    272.000000    297.000000    305.000000    405.000000    531.000000    403.000000    460.000000    422.000000    448.000000    395.000000    432.000000   8257.000000   8817.000000   5816.000000   5941.000000   5998.000000   8190.000000   7526.000000   6489.000000   4628.000000   4161.000000   3764.000000   3405.000000   5109.000000   9218.000000    812.000000    912.000000    827.000000    673.000000    747.000000    731.000000    752.000000    628.000000    769.000000  15612.000000  13948.000000  12654.000000   7826.000000   5717.000000  14293.000000   8718.000000   9122.000000    625.000000   4857.000000   4675.000000   3890.000000  15070.000000   6770.000000   5741.000000   3774.000000   2841.000000   3682.000000
   635.767273    360.000000    249.000000    256.000000    294.000000    384.000000    534.000000    412.000000    445.000000    426.000000    430.000000    377.000000    464.000000   8430.000000   8976.000000   6001.000000   6171.000000   5970.000000   8590.000000   7602.000000   6782.000000   4758.000000   4200.000000   3803.000000   3461.000000   5249.000000   9366.000000    801.000000    929.000000    877.000000    692.000000    800.000000    707.000000    742.000000    674.000000    777.000000  15656.000000  14450.000000  12902.000000   7935.000000   5733.000000  14472.000000   8804.000000   8947.000000    591.000000   4797.000000   4860.000000   3746.000000  15325.000000   6645.000000   5899.000000   3802.000000   3007.000000   3715.000000
   637.054382    320.000000    244.000000    265.000000    288.000000    387.000000    472.000000    390.000000    499.000000    422.000000    437.000000    380.000000    453.000000   8504.000000   8933.000000   5919.000000   6332.000000   5827.000000   8648.000000   7711.000000   6561.000000   4978.000000   4348.000000   4102.000000   3490.000000   5144.000000   9692.000000    832.000000    935.000000    819.000000    694.000000    742.000000    736.000000    758.000000    670.000000    807.000000  15905.000000  14188.000000  12890.000000   8093.000000   5695.000000  14949.000000   8741.000000   9056.000000    594.000000   4686.000000   4685.000000   3726.000000  15323.000000   6860.000000   5715.000000   3807.000000   3041.000000   3616.000000
   638.341980    294.000000    256.000000    298.000000    264.000000    363.000000    500.000000    411.000000    446.000000    446.000000    440.000000    408.000000    433.000000   8511.000000   8924.000000   6054.000000   6249.000000   6162.000000   8541.000000   7773.000000   6603.000000   4903.000000   4413.000000   3961.000000   3594.000000   5259.000000   9558.000000    849.000000    963.000000    807.000000    686.000000    734.000000    657.000000    670.000000    635.000000    816.000000  15972.000000  14678.000000  13120.000000   8121.000000   5916.000000  15264.000000   8769.000000   9207.000000    607.000000   4774.000000   4799.000000   3793.000000  15468.000000   6648.000000   5794.000000   3875.000000   3017.000000   3556.000000
   639.630127    337.000000    245.000000    289.000000    273.000000    362.000000    511.000000    440.000000    446.000000    430.000000    396.000000    382.000000    426.000000   8622.000000   9155.000000   6147.000000   6273.000000   6249.000000   8634.000000   7899.000000   6850.000000   4958.000000   4512.000000   4146.000000   3617.000000   5341.000000   9959.000000    812.000000    929.000000    837.000000    697.000000    744.000000    707.000000    739.000000    670.000000    839.000000  16175.000000  14723.000000  13244.000000   8363.000000   6052.000000  15137.000000   8705.000000   9414.000000    618.000000   4671.000000   4775.000000   3864.000000  15437.000000   6734.000000   5672.000000   3811.000000   3024.000000   3526.000000
   640.918579    323.000000    219.000000    294.000000    301.000000    356.000000    516.000000    366.000000    418.000000    452.000000    423.000000    375.000000    456.000000   8719.000000   9430.000000   6242.000000   6340.000000   6081.000000   8780.000000   7931.000000   6922.000000   4972.000000   4587.000000   4086.000000   3637.000000   5324.000000   9842.000000    830.000000    943.000000    855.000000    702.000000    692.000000    646.000000    732.000000    622.000000    796.000000  16186.000000  14658.000000  13309.000000   8299.000000   5931.000000  15843.000000   8806.000000   9237.000000    626.000000   4710.000000   4732.000000   3696.000000  15462.000000   6816.000000   5877.000000   3754.000000   3097.000000   3492.000000
   642.207703    327.000000    253.000000    297.000000    274.000000    383.000000    447.000000    428.000000    454.000000    394.000000    413.000000    341.000000    451.000000   8696.000000   9648.000000   6048.000000   6410.000000   6172.000000   9018.000000   7937.000000   6964.000000   4859.000000   4624.000000   4254.000000   3561.000000   5447.000000   9890.000000    888.000000    876.000000    867.000000    681.000000    704.000000    681.000000    713.000000    666.000000    842.000000  16163.000000  14786.000000  13328.000000   8220.000000   6202.000000  16045.000000   8347.000000   9281.000000    659.000000   4637.000000   4798.000000   3774.000000  15584.000000   6636.000000   5796.000000   3898.000000   3009.000000   3595.000000
   643.497192    330.000000    251.000000    291.000000    248.000000    360.000000    460.000000    411.000000    454.000000    454.000000    443.000000    367.000000    435.000000   9083.000000   9988.000000   6268.000000   6402.000000   6209.000000   9085.000000   8246.000000   7004.000000   4950.000000   4586.000000   4207.000000   3714.000000   5519.000000   9962.000000    869.000000    915.000000    821.000000    713.000000    709.000000    715.000000    697.000000    630.000000    831.000000  16182.000000  14796.000000  13734.000000   8348.000000   6119.000000  16176.000000   8544.000000   9300.000000    574.000000   4575.000000   4823.000000   3823.000000  15664.000000   6782.000000   5875.000000   3856.000000   3136.000000   3571.000000
   644.787170    326.000000    249.000000    248.000000    259.000000    372.000000    475.000000    431.000000    440.000000    424.000000    419.000000    365.000000    375.000000   9059.000000   9829.000000   6264.000000   6365.000000   6183.000000   8975.000000   7983.000000   6882.000000   4956.000000   4781.000000   4349.000000   3826.000000   5524.000000  10138.000000    879.000000    883.000000    884.000000    688.000000    725.000000    683.000000    691.000000    592.000000    840.000000  16186.000000  15083.000000  13901.000000   8535.000000   6067.000000  16181.000000   8494.000000   9428.000000    616.000000   4622.000000   4663.000000   3712.000000  15669.000000   6775.000000   5870.000000   3694.000000   3202.000000   3532.000000
   646.077576    288.000000    246.000000    252.000000    272.000000    350.000000    488.000000    362.000000    411.000000    420.000000    406.000000    333.000000    419.000000   9095.000000   9855.000000   6292.000000   6351.000000   6122.000000   9154.000000   8112.000000   7001.000000   5124.000000   4508.000000   4361.000000   3697.000000   5526.000000  10054.000000    907.000000    873.000000    811.000000    678.000000    722.000000    669.000000    684.000000    683.000000    781.000000  16182.000000  15297.000000  14019.000000   8403.000000   6085.000000  16176.000000   8594.000000   9253.000000    610.000000   4689.000000   4759.000000   3688.000000  15596.000000   6614.000000   5804.000000   3855.000000   3189.000000   3434.000000
   647.368713    302.000000    257.000000    263.000000    261.000000    310.000000    447.000000    339.000000    428.000000    393.000000    406.000000    323.000000    401.000000   9294.000000  10028.000000   6110.000000   6317.000000   6225.000000   8984.000000   8102.000000   7044.000000   4981.000000   4710.000000   4317.000000   3711.000000   5435.000000  10135.000000    927.000000    890.000000    861.000000    691.000000    750.000000    659.000000    642.000000    613.000000    820.000000  16184.000000  15453.000000  13821.000000   8341.000000   6088.000000  16170.000000   8409.000000   9265.000000    620.000000   4545.000000   4703.000000   3757.000000  15475.000000   6581.000000   5773.000000   3737.000000   3097.000000   3330.000000
   648.659973    296.000000    233.000000    243.000000    242.000000    364.000000    452.000000    380.000000    423.000000    413.000000    386.000000    401.000000    393.000000   9258.000000   9946.000000   6336.000000   6609.000000   6285.000000   9286.000000   8150.000000   7041.000000   5085.000000   4803.000000   4337.000000   3811.000000   5489.000000  10065.000000    863.000000    903.000000    892.000000    668.000000    751.000000    661.000000    680.000000    602.000000    833.000000  16183.000000  15304.000000  14008.000000   8393.000000   6106.000000  16190.000000   8402.000000   9184.000000    584.000000   4551.000000   4770.000000   3643.000000  15529.000000   6652.000000   5744.000000   3682.000000   3255.000000   3259.000000
   649.952026    258.000000    245.000000    274.000000    238.000000    341.000000    417.000000    440.000000    436.000000    376.000000    406.000000    348.000000    436.000000   9279.000000  10075.000000   6096.000000   6406.000000   6187.000000   9147.000000   8285.000000   7140.000000   5091.000000   4775.000000   4288.000000   3843.000000   5688.000000  10646.000000    905.000000    836.000000    834.000000    648.000000    722.000000    695.000000    665.000000    653.000000    776.000000  16172.000000  15231.000000  13483.000000   8546.000000   5950.000000  16181.000000   8183.000000   9204.000000    558.000000   4555.000000   4712.000000   3735.000000  15283.000000   6656.000000   5861.000000   3652.000000   3204.000000   3363.000000
   651.244385    301.000000    220.000000    255.000000    250.000000    352.000000    412.000000    456.000000    431.000000    373.000000    377.000000    330.000000    371.000000   9442.000000   9990.000000   6245.000000   6534.000000   6348.000000   9355.000000   8262.000000   7364.000000   5039.000000   4812.000000   4273.000000   3886.000000   5543.000000  10529.000000    827.000000    863.000000    921.000000    680.000000    687.000000    618.000000    667.000000    617.000000    819.000000  16186.000000  15212.000000  13909.000000   8753.000000   6272.000000  16182.000000   8264.000000   9413.000000    609.000000   4491.000000   4674.000000   3620.000000  15413.000000   6598.000000   5776.000000   3741.000000   3257.000000   3301.000000
   652.537170    309.000000    229.000000    257.000000    248.000000    323.000000    411.000000    393.000000    405.000000    399.000000    378.000000    343.000000    375.000000   9453.000000  10247.000000   6276.000000   6639.000000   6314.000000   9326.000000   8349.000000   7261.000000   5064.000000   4925.000000   4368.000000   3876.000000   5746.000000  10345.000000    809.000000    817.000000    866.000000    694.000000    686.000000    674.000000    669.000000    615.000000    792.000000  16187.000000  15576.000000  14232.000000   8767.000000   6111.000000  16173.000000   8418.000000   9334.000000    571.000000   4366.000000   4617.000000   3794.000000  15574.000000   6874.000000   5914.000000   3712.000000   3186.000000   3285.000000
   653.830688    314.000000    221.000000    241.000000    270.000000    324.000000    452.000000    396.000000    480.000000    405.000000    371.000000    326.000000    392.000000   9683.000000  10270.000000   6465.000000   6551.000000   6319.000000   9554.000000   8256.000000   7349.000000   5250.000000   4805.000000   4493.000000   3781.000000   5889.000000  10592.000000    870.000000    840.000000    864.000000    649.000000    745.000000    634.000000    598.000000    619.000000    801.000000  16184.000000  15481.000000  14166.000000   8583.000000   6110.000000  16171.000000   8269.000000   9391.000000    567.000000   4550.000000   4648.000000   3740.000000  15711.000000   6695.000000   5931.000000   3626.000000   3214.000000   3200.000000
   655.124512    289.000000    197.000000    252.000000    275.000000    304.000000    434.000000    399.000000    454.000000    403.000000    395.000000    371.000000    383.000000   9724.000000  10279.000000   6395.000000   6687.000000   6479.000000   9496.000000   8246.000000   7459.000000   5194.000000   4901.000000   4346.000000   3940.000000   6005.000000  10754.000000    812.000000    860.000000    852.000000    686.000000    736.000000    614.000000    598.000000    621.000000    802.000000  16192.000000  15944.000000  14221.000000   8916.000000   6288.000000  16178.000000   8288.000000   9389.000000    588.000000   4439.000000   4734.000000   3767.000000  15832.000000   6659.000000   6000.000000   3782.000000   3307.000000   3271.000000
   656.418823    292.000000    220.000000    250.000000    238.000000    285.000000    435.000000    383.000000    430.000000    351.000000    373.000000    346.000000    385.000000   9763.000000  10387.000000   6487.000000   6727.000000   6456.000000   9398.000000   8571.000000   7379.000000   5105.000000   5021.000000   4492.000000   3902.000000   5818.000000  10949.000000    805.000000    884.000000    906.000000    657.000000    751.000000    593.000000    614.000000    590.000000    804.000000  16186.000000  15609.000000  14317.000000   8865.000000   6289.000000  16184.000000   8064.000000   9740.000000    569.000000   4462.000000   4731.000000   3699.000000  15646.000000   6592.000000   6087.000000   3688.000000   3342.000000   3242.000000
   657.713623    290.000000    213.000000    208.000000    256.000000    308.000000    444.000000    377.000000    439.000000    377.000000    343.000000    312.000000    395.000000   9829.000000  10419.000000   6429.000000   6757.000000   6452.000000   9529.000000   8632.000000   7508.000000   5110.000000   4954.000000   4481.000000   3818.000000   5824.000000  11052.000000    846.000000    802.000000    821.000000    672.000000    731.000000    587.000000    608.000000    638.000000    752.000000  16184.000000  15499.000000  14312.000000   8906.000000   6258.000000  16174.000000   8129.000000   9766.000000    587.000000   4480.000000   4753.000000   3758.000000  15598.000000   6623.000000   5969.000000   3707.000000   3435.000000   3094.000000
   659.008911    334.000000    204.000000    239.000000    246.000000    350.000000    423.000000    403.000000    421.000000    413.000000    386.000000    361.000000    378.000000   9866.000000  10605.000000   6466.000000   6711.000000   6496.000000   9643.000000   8579.000000   7375.000000   5199.000000   5027.000000   4426.000000   3924.000000   5913.000000  11095.000000    726.000000    878.000000    844.000000    697.000000    713.000000    601.000000    637.000000    619.000000    745.000000  16166.000000  15634.000000  14213.000000   9000.000000   6149.000000  16181.000000   8170.000000   9493.000000    553.000000   4390.000000   4635.000000   3873.000000  15501.000000   6625.000000   5926.000000   3537.000000   3350.000000   3078.000000
   660.304688    294.000000    219.000000    225.000000    225.000000    311.000000    386.000000    368.000000    378.000000    396.000000    383.000000    329.000000    403.000000   9824.000000  10423.000000   6370.000000   6582.000000   6479.000000   9504.000000   8459.000000   7295.000000   5274.000000   4928.000000   4483.000000   4004.000000   6045.000000  10992.000000    836.000000    817.000000    817.000000    660.000000    671.000000    656.000000    594.000000    623.000000    775.000000  16187.000000  15600.000000  14090.000000   8894.000000   6106.000000  16179.000000   8023.000000   9536.000000    527.000000   4317.000000   4604.000000   3599.000000  15220.000000   6480.000000   5854.000000   3517.000000   3225.000000   2965.000000
   661.600830    284.000000    222.000000    242.000000    242.000000    347.000000    405.000000    359.000000    424.000000    348.000000    320.000000    360.000000    337.000000   9761.000000  10345.000000   6584.000000   6642.000000   6499.000000   9713.000000   8399.000000   7404.000000   5154.000000   4948.000000   4371.000000   3832.000000   6062.000000  11113.000000    891.000000    862.000000    907.000000    653.000000    694.000000    568.000000    563.000000    584.000000    717.000000  16185.000000  15324.000000  14220.000000   9002.000000   6185.000000  16190.000000   7963.000000   9480.000000    629.000000   4322.000000   4401.000000   3604.000000  14813.000000   6326.000000   5688.000000   3539.000000   3305.000000   2891.000000
   662.897583    287.000000    208.000000    201.000000    290.000000    318.000000    370.000000    345.000000    445.000000    379.000000    362.000000    318.000000    343.000000   9869.000000  10414.000000   6438.000000   6760.000000   6313.000000   9434.000000   8463.000000   7426.000000   5223.000000   4954.000000   4382.000000   3937.000000   6031.000000  11131.000000    855.000000    795.000000    870.000000    679.000000    691.000000    547.000000    606.000000    652.000000    745.000000  16182.000000  15308.000000  14021.000000   8986.000000   6041.000000  16187.000000   8047.000000   9567.000000    564.000000   4247.000000   4446.000000   3616.000000  14931.000000   6385.000000   5900.000000   3445.000000   3205.000000   2994.000000
   664.194824    286.000000    203.000000    239.000000    234.000000    275.000000    403.000000    376.000000    413.000000    404.000000    365.000000    329.000000    321.000000   9856.000000  10616.000000   6351.000000   6651.000000   6304.000000   9477.000000   8375.000000   7369.000000   5129.000000   4969.000000   4548.000000   3947.000000   5852.000000  11071.000000    786.000000    800.000000    772.000000    644.000000    662.000000    601.000000    626.000000    539.000000    741.000000  16175.000000  15155.000000  13769.000000   8909.000000   6082.000000  16183.000000   7843.000000   9576.000000    562.000000   4066.000000   4355.000000   3704.000000  14609.000000   6245.000000   5809.000000   3386.000000   3323.000000   2783.000000
   665.492493    276.000000    251.000000    232.000000    239.000000    308.000000    412.000000    360.000000    387.000000    368.000000    388.000000    322.000000    339.000000  10028.000000  10403.000000   6409.000000   6614.000000   6176.000000   9433.000000   8281.000000   7395.000000   5168.000000   4988.000000   4441.000000   3976.000000   5757.000000  10931.000000    748.000000    853.000000    823.000000    679.000000    669.000000    582.000000    556.000000    599.000000    686.000000  16178.000000  15338.000000  13829.000000   9016.000000   5969.000000  16182.000000   7711.000000   9687.000000    542.000000   4082.000000   4462.000000   3556.000000  14660.000000   6364.000000   5614.000000   3293.000000   3327.000000   2800.000000
   666.790588    252.000000    226.000000    203.000000    266.000000    290.000000    366.000000    344.000000    367.000000    374.000000    356.000000    302.000000    350.000000   9869.000000  10637.000000   6391.000000   6475.000000   6243.000000   9537.000000   8472.000000   7220.000000   5147.000000   4954.000000   4556.000000   3888.000000   5687.000000  11018.000000    767.000000    723.000000    795.000000    635.000000    627.000000    539.000000    529.000000    598.000000    711.000000  16178.000000  15275.000000  13850.000000   9040.000000   6066.000000  16184.000000   7722.000000   9566.000000    551.000000   4125.000000   4411.000000   3514.000000  14594.000000   6243.000000   5832.000000   3347.000000   3246.000000   2762.000000
   668.089294    275.000000    216.000000    237.000000    224.000000    261.000000    409.000000    335.000000    432.000000    321.000000    312.000000    328.000000    336.000000   9896.000000  10301.000000   6374.000000   6625.000000   6423.000000   9470.000000   8476.000000   7437.000000   5306.000000   5004.000000   4449.000000   3978.000000   5710.000000  10911.000000    785.000000    745.000000    781.000000    639.000000    622.000000    506.000000    559.000000    535.000000    646.000000  16188.000000  15411.000000  13777.000000   9018.000000   6054.000000  16172.000000   7848.000000   9792.000000    513.000000   4162.000000   4456.000000   3540.000000  14549.000000   6225.000000   5596.000000   3372.000000   3254.000000   2715.000000
   669.388428    271.000000    221.000000    193.000000    205.000000    259.000000    355.000000    344.000000    378.000000    360.000000    320.000000    292.000000    355.000000   9909.000000  10429.000000   6316.000000   6603.000000   6286.000000   9576.000000   8312.000000   7437.000000   5260.000000   5022.000000   4479.000000   3915.000000   5810.000000  10926.000000    779.000000    695.000000    752.000000    554.000000    613.000000    525.000000    586.000000    580.000000    624.000000  16178.000000  15458.000000  13790.000000   8968.000000   5916.000000  16172.000000   7663.000000   9336.000000    560.000000   3945.000000   4274.000000   3467.000000  14463.000000   6115.000000   5697.000000   3310.000000   3253.000000   2762.000000
   670.687988    239.000000    230.000000    203.000000    216.000000    277.000000    380.000000    379.000000    378.000000    386.000000    328.000000    289.000000    321.000000   9902.000000  10296.000000   6312.000000   6534.000000   6307.000000   9427.000000   8347.000000   7191.000000   5095.000000   4944.000000   4643.000000   3931.000000   5664.000000  11009.000000    730.000000    695.000000    740.000000    617.000000    632.000000    527.000000    541.000000    582.000000    664.000000  16178.000000  15075.000000  13629.000000   8989.000000   5931.000000  16174.000000   7649.000000   9644.000000    519.000000   3975.000000   4324.000000   3576.000000  14128.000000   6023.000000   5547.000000   3269.000000   3270.000000   2715.000000
   671.988098    273.000000    222.000000    236.000000    228.000000    253.000000    347.000000    360.000000    352.000000    345.000000    273.000000    293.000000    333.000000   9911.000000  10195.000000   6340.000000   6712.000000   6222.000000   9356.000000   8110.000000   7170.000000   5210.000000   4874.000000   4497.000000   3842.000000   5528.000000  10851.000000    726.000000    675.000000    754.000000    680.000000    630.000000    543.000000    537.000000    520.000000    597.000000  16182.000000  15015.000000  13561.000000   8887.000000   6056.000000  16168.000000   7441.000000   9523.000000    474.000000   3875.000000   4401.000000   3534.000000  13950.000000   5983.000000   5553.000000   3211.000000   3360.000000   2598.000000
   673.288574    236.000000    189.000000    215.000000    248.000000    238.000000    367.000000    299.000000    363.000000    312.000000    338.000000    322.000000    293.000000   9772.000000  10136.000000   6366.000000   6583.000000   6075.000000   9264.000000   8272.000000   7332.000000   5048.000000   4794.000000   4543.000000   3946.000000   5715.000000  10683.000000    724.000000    747.000000    701.000000    566.000000    592.000000    529.000000    520.000000    565.000000    644.000000  16188.000000  14965.000000  13633.000000   8946.000000   5801.000000  16170.000000   7347.000000   9436.000000    499.000000   3959.000000   4269.000000   3533.000000  14023.000000   5974.000000   5535.000000   3222.000000   3231.000000   2477.000000
   674.589722    282.000000    229.000000    173.000000    230.000000    241.000000    341.000000    344.000000    369.000000    334.000000    295.000000    288.000000    333.000000   9777.000000  10196.000000   6122.000000   6503.000000   6127.000000   9278.000000   8276.000000   7182.000000   5083.000000   4764.000000   4541.000000   3767.000000   5599.000000  10936.000000    667.000000    664.000000    756.000000    640.000000    635.000000    511.000000    541.000000    509.000000    650.000000  16182.000000  15257.000000  13707.000000   9006.000000   5867.000000  16182.000000   7396.000000   9440.000000    537.000000   3982.000000   4441.000000   3477.000000  13822.000000   6062.000000   5501.000000   3168.000000   3244.000000   2591.000000
   675.891174    228.000000    178.000000    180.000000    238.000000    234.000000    333.000000    301.000000    395.000000    330.000000    306.000000    279.000000    352.000000   9838.000000  10303.000000   6136.000000   6449.000000   6238.000000   9148.000000   8374.000000   7057.000000   5045.000000   4860.000000   4418.000000   3820.000000   5653.000000  11219.000000    737.000000    663.000000    705.000000    554.000000    596.000000    500.000000    504.000000    536.000000    618.000000  16172.000000  14939.000000  13368.000000   8967.000000   5957.000000  16171.000000   7155.000000   9585.000000    514.000000   3717.000000   4294.000000   3496.000000  13706.000000   6019.000000   5601.000000   3189.000000   3133.000000   2575.000000
   677.193176    213.000000    213.000000    173.000000    208.000000    247.000000    344.000000    314.000000    382.000000    348.000000    296.000000    296.000000    352.000000   9556.000000  10132.000000   6274.000000   6442.000000   6144.000000   9291.000000   8227.000000   7124.000000   5011.000000   4894.000000   4493.000000   3867.000000   5539.000000  10977.000000    707.000000    666.000000    711.000000    568.000000    579.000000    500.000000    504.000000    496.000000    621.000000  16179.000000  15011.000000  13666.000000   8899.000000   5919.000000  16181.000000   7202.000000   9531.000000    471.000000   3942.000000   4384.000000   3440.000000  13905.000000   5888.000000   5481.000000   3025.000000   3183.000000   2479.000000
   678.495728    265.000000    165.000000    238.000000    226.000000    257.000000    335.000000    321.000000    337.000000    335.000000    325.000000    315.000000    338.000000   9765.000000   9828.000000   6243.000000   6517.000000   6182.000000   8970.000000   8081.000000   7140.000000   4960.000000   4822.000000   4579.000000   3869.000000   5551.000000  10682.000000    743.000000    714.000000    728.000000    620.000000    591.000000    484.000000    505.000000    507.000000    563.000000  16180.000000  14853.000000  13473.000000   8999.000000   5777.000000  16179.000000   7119.000000   9651.000000    458.000000   3898.000000   4396.000000   3431.000000  14001.000000   5795.000000   5419.000000   3008.000000   3244.000000   2518.000000
   679.798584    238.000000    212.000000    175.000000    208.000000    221.000000    361.000000    318.000000    381.000000    351.000000    316.000000    288.000000    294.000000   9869.000000   9952.000000   6409.000000   6503.000000   6144.000000   9333.000000   8055.000000   7074.000000   5107.000000   4722.000000   4436.000000   3734.000000   5670.000000  10980.000000    714.000000    652.000000    657.000000    555.000000    608.000000    464.000000    518.000000    490.000000    567.000000  16180.000000  15129.000000  13559.000000   8936.000000   5740.000000  16175.000000   6960.000000   9760.000000    462.000000   3876.000000   4439.000000   3436.000000  13613.000000   5734.000000   5248.000000   3017.000000   3130.000000   2385.000000
   681.102112    268.000000    209.000000    175.000000    205.000000    258.000000    330.000000    351.000000    389.000000    300.000000    302.000000    240.000000    299.000000   9685.000000   9996.000000   6205.000000   6586.000000   6275.000000   9185.000000   8178.000000   7177.000000   4835.000000   4742.000000   4454.000000   3784.000000   5563.000000  10827.000000    704.000000    637.000000    662.000000    573.000000    583.000000    493.000000    454.000000    532.000000    582.000000  16185.000000  14890.000000  13539.000000   8983.000000   5798.000000  16175.000000   7173.000000   9759.000000    447.000000   3647.000000   4309.000000   3325.000000  13374.000000   5783.000000   5356.000000   2864.000000   3274.000000   2421.000000
   682.406006    252.000000    163.000000    201.000000    218.000000    222.000000    322.000000    310.000000    380.000000    311.000000    288.000000    291.000000    298.000000   9785.000000   9994.000000   6297.000000   6606.000000   5961.000000   9124.000000   8070.000000   7012.000000   4869.000000   4909.000000   4546.000000   3670.000000   5499.000000  11051.000000    681.000000    696.000000    656.000000    556.000000    579.000000    430.000000    457.000000    491.000000    570.000000  16172.000000  14603.000000  13407.000000   8912.000000   5921.000000  16178.000000   6924.000000   9750.000000    460.000000   3659.000000   4250.000000   3409.000000  13477.000000   5849.000000   5348.000000   2976.000000   3202.000000   2352.000000
   683.710388    230.000000    171.000000    194.000000    197.000000    218.000000    340.000000    344.000000    402.000000    307.000000    312.000000    280.000000    264.000000   9704.000000   9940.000000   6140.000000   6549.000000   6202.000000   9093.000000   8054.000000   6940.000000   4875.000000   4771.000000   4479.000000   3688.000000   5559.000000  10836.000000    700.000000    736.000000    729.000000    604.000000    575.000000    435.000000    507.000000    474.000000    640.000000  16180.000000  14687.000000  13415.000000   9051.000000   5680.000000  16182.000000   6836.000000   9740.000000    467.000000   3705.000000   4201.000000   3347.000000  13262.000000   5602.000000   5337.000000   2939.000000   3121.000000   2347.000000
   685.015320    238.000000    180.000000    170.000000    168.000000    249.000000    334.000000    294.000000    363.000000    337.000000    303.000000    249.000000    320.000000   9621.000000   9930.000000   6194.000000   6498.000000   5982.000000   8930.000000   7915.000000   6940.000000   4896.000000   4918.000000   4444.000000   3711.000000   5397.000000  10873.000000    742.000000    597.000000    675.000000    600.000000    531.000000    480.000000    474.000000    474.000000    635.000000  16149.000000  14486.000000  13223.000000   9034.000000   5691.000000  16187.000000   6682.000000   9958.000000    461.000000   3740.000000   4301.000000   3394.000000  12929.000000   5722.000000   5202.000000   2783.000000   3044.000000   2313.000000
   686.320679    214.000000    166.000000    178.000000    202.000000    207.000000    315.000000    336.000000    301.000000    324.000000    251.000000    271.000000    266.000000   9204.000000   9626.000000   6169.000000   6490.000000   5819.000000   8834.000000   7888.000000   6896.000000   4883.000000   4759.000000   4344.000000   3569.000000   5167.000000  10798.000000    708.000000    630.000000    670.000000    581.000000    621.000000    448.000000    438.000000    489.000000    570.000000  15736.000000  14254.000000  13131.000000   8778.000000   5617.000000  16174.000000   6685.000000   9870.000000    522.000000   3676.000000   4158.000000   3224.000000  12927.000000   5384.000000   5158.000000   2896.000000   3038.000000   2252.000000
   687.626526    232.000000    193.000000    161.000000    212.000000    209.000000    352.000000    323.000000    322.000000    341.000000    278.000000    288.000000    265.000000   9324.000000   9705.000000   6122.000000   6647.000000   6058.000000   8902.000000   7637.000000   6936.000000   4687.000000   4751.000000   4271.000000   3569.000000   5376.000000  10551.000000    703.000000    674.000000    630.000000    536.000000    571.000000    440.000000    400.000000    508.000000    568.000000  15520.000000  14020.000000  12744.000000   8640.000000   5455.000000  16164.000000   6357.000000   9887.000000    430.000000   3600.000000   4056.000000   3320.000000  12652.000000   5326.000000   5185.000000   2750.000000   3020.000000   2076.000000
   688.932800    215.000000    157.000000    163.000000    221.000000    218.000000    315.000000    320.000000    331.000000    298.000000    242.000000    247.000000    257.000000   9182.000000   9311.000000   6171.000000   6302.000000   5702.000000   8762.000000   7517.000000   6627.000000   4727.000000   4746.000000   4124.000000   3541.000000   5217.000000  10407.000000    643.000000    632.000000    592.000000    549.000000    553.000000    453.000000    398.000000    454.000000    555.000000  15425.000000  13885.000000  12531.000000   8698.000000   5441.000000  16175.000000   6377.000000   9772.000000    497.000000   3479.000000   3967.000000   3169.000000  11987.000000   5363.000000   4891.000000   2696.000000   2976.000000   1949.000000
   690.239624    242.000000    188.000000    163.000000    198.000000    219.000000    322.000000    313.000000    316.000000    319.000000    267.000000    264.000000    245.000000   9072.000000   9437.000000   5999.000000   6180.000000   5666.000000   8448.000000   7513.000000   6642.000000   4795.000000   4619.000000   4128.000000   3592.000000   5082.000000  10243.000000    677.000000    610.000000    637.000000    521.000000    537.000000    391.000000    439.000000    441.000000    550.000000  15154.000000  13596.000000  12496.000000   8500.000000   5364.000000  16174.000000   6310.000000   9747.000000    474.000000   3465.000000   3946.000000   3016.000000  11884.000000   5239.000000   4963.000000   2727.000000   2985.000000   2043.000000
   691.546875    223.000000    151.000000    162.000000    219.000000    207.000000    286.000000    335.000000    338.000000    323.000000    243.000000    252.000000    238.000000   8960.000000   9265.000000   5961.000000   6296.000000   5649.000000   8550.000000   7337.000000   6580.000000   4571.000000   4579.000000   4080.000000   3411.000000   5096.000000  10212.000000    625.000000    517.000000    607.000000    551.000000    580.000000    401.000000    392.000000    438.000000    499.000000  14904.000000  13354.000000  12196.000000   8528.000000   5281.000000  16163.000000   6340.000000   9497.000000    480.000000   3478.000000   3885.000000   3203.000000  11929.000000   5072.000000   5083.000000   2726.000000   2886.000000   2040.000000
   692.854614    215.000000    145.000000    168.000000    196.000000    204.000000    307.000000    325.000000    309.000000    317.000000    244.000000    262.000000    267.000000   8931.000000   8895.000000   5770.000000   5923.000000   5569.000000   8350.000000   7342.000000   6389.000000   4614.000000   4379.000000   4018.000000   3338.000000   4923.000000   9984.000000    611.000000    568.000000    636.000000    479.000000    565.000000    446.000000    406.000000    453.000000    517.000000  14345.000000  13281.000000  11957.000000   8380.000000   5101.000000  16187.000000   6089.000000   9414.000000    428.000000   3389.000000   3927.000000   3058.000000  11582.000000   5043.000000   4691.000000   2396.000000   2816.000000   1865.000000
   694.162781    215.000000    179.000000    153.000000    181.000000    197.000000    309.000000    268.000000    302.000000    266.000000    252.000000    247.000000    244.000000   8833.000000   8994.000000   5708.000000   6060.000000   5509.000000   8211.000000   7101.000000   6228.000000   4419.000000   4376.000000   4095.000000   3480.000000   4914.000000   9879.000000    659.000000    590.000000    583.000000    496.000000    539.000000    418.000000    357.000000    434.000000    512.000000  14416.000000  12994.000000  11725.000000   8150.000000   4938.000000  16175.000000   5912.000000   9546.000000    452.000000   3299.000000   3928.000000   2953.000000  11456.000000   4900.000000   4759.000000   2495.000000   2768.000000   1875.000000
   695.471619    230.000000    153.000000    156.000000    210.000000    216.000000    301.000000    302.000000    301.000000    274.000000    239.000000    253.000000    251.000000   8703.000000   8867.000000   5606.000000   5973.000000   5414.000000   8018.000000   6955.000000   6380.000000   4467.000000   4335.000000   3836.000000   3302.000000   4985.000000   9796.000000    623.000000    580.000000    592.000000    540.000000    550.000000    395.000000    396.000000    403.000000    473.000000  14411.000000  13034.000000  11858.000000   8329.000000   4965.000000  16176.000000   5960.000000   9487.000000    423.000000   3339.000000   3847.000000   3075.000000  11478.000000   4929.000000   4662.000000   2413.000000   2771.000000   1819.000000
   696.780823    180.000000    143.000000    147.000000    175.000000    180.000000    270.000000    310.000000    265.000000    263.000000    247.000000    218.000000    266.000000   8549.000000   8806.000000   5661.000000   5951.000000   5199.000000   8007.000000   7078.000000   6179.000000   4360.000000   4235.000000   3944.000000   3332.000000   4854.000000   9599.000000    605.000000    570.000000    579.000000    510.000000    485.000000    350.000000    393.000000    413.000000    508.000000  13842.000000  12876.000000  11421.000000   8226.000000   4927.000000  16179.000000   5813.000000   9483.000000    430.000000   3210.000000   3897.000000   2986.000000  11069.000000   4824.000000   4616.000000   2335.000000   2776.000000   1841.000000
   698.090515    225.000000    139.000000    145.000000    177.000000    182.000000    291.000000    245.000000    286.000000    297.000000    239.000000    215.000000    211.000000   8461.000000   8653.000000   5410.000000   6011.000000   5285.000000   7839.000000   6772.000000   6182.000000   4391.000000   4306.000000   3917.000000   3263.000000   4777.000000   9599.000000    591.000000    548.000000    526.000000    480.000000    478.000000    338.000000    397.000000    412.000000    496.000000  13712.000000  12501.000000  11281.000000   7954.000000   4863.000000  16178.000000   5652.000000   9245.000000    404.000000   3146.000000   3623.000000   2936.000000  10873.000000   4711.000000   4544.000000   2365.000000   2755.000000   1811.000000
   699.400574    219.000000    138.000000    143.000000    188.000000    176.000000    268.000000    257.000000    270.000000    262.000000    254.000000    202.000000    236.000000   8315.000000   8562.000000   5559.000000   5842.000000   5270.000000   7684.000000   6897.000000   5995.000000   4272.000000   4316.000000   3705.000000   3182.000000   4627.000000   9336.000000    592.000000    539.000000    531.000000    450.000000    488.000000    346.000000    343.000000    411.000000    457.000000  13629.000000  12412.000000  11426.000000   7749.000000   4527.000000  16180.000000   5596.000000   9172.000000    414.000000   3161.000000   3661.000000   2937.000000  10691.000000   4563.000000   4486.000000   2236.000000   2801.000000   1672.000000
   700.711304    173.000000    136.000000    162.000000    182.000000    169.000000    287.000000    259.000000    293.000000    251.000000    235.000000    272.000000    223.000000   8080.000000   8338.000000   5374.000000   5582.000000   5071.000000   7659.000000   6620.000000   6057.000000   4144.000000   4082.000000   3725.000000   3143.000000   4551.000000   9299.000000    539.000000    541.000000    531.000000    474.000000    438.000000    374.000000    353.000000    377.000000    473.000000  13096.000000  12003.000000  11049.000000   7645.000000   4621.000000  16170.000000   5518.000000   9117.000000    379.000000   3115.000000   3633.000000   2839.000000  10310.000000   4454.000000   4253.000000   2280.000000   2579.000000   1733.000000
   702.022400    188.000000    131.000000    165.000000    182.000000    182.000000    265.000000    275.000000    251.000000    272.000000    204.000000    244.000000    214.000000   8052.000000   8306.000000   5329.000000   5695.000000   4945.000000   7446.000000   6439.000000   5948.000000   4164.000000   4181.000000   3662.000000   3077.000000   4640.000000   9047.000000    502.000000    523.000000    517.000000    453.000000    419.000000    296.000000    359.000000    385.000000    483.000000  13138.000000  12071.000000  10854.000000   7608.000000   4511.000000  16185.000000   5164.000000   8975.000000    427.000000   2978.000000   3726.000000   2915.000000  10184.000000   4349.000000   4195.000000   2209.000000   2610.000000   1663.000000
   703.333984    178.000000    133.000000    125.000000    172.000000    182.000000    273.000000    294.000000    233.000000    255.000000    213.000000    197.000000    217.000000   8027.000000   8181.000000   5310.000000   5633.000000   4937.000000   7244.000000   6567.000000   5733.000000   4072.000000   4035.000000   3590.000000   3010.000000   4438.000000   9069.000000    568.000000    457.000000    464.000000    403.000000    441.000000    344.000000    322.000000    394.000000    410.000000  12980.000000  11558.000000  10594.000000   7695.000000   4611.000000  16186.000000   5276.000000   9004.000000    362.000000   3119.000000   3531.000000   2751.000000  10106.000000   4441.000000   4127.000000   2115.000000   2635.000000   1591.000000
   704.646118    130.000000    144.000000    134.000000    157.000000    181.000000    275.000000    240.000000    293.000000    276.000000    218.000000    230.000000    219.000000   7931.000000   8021.000000   5228.000000   5722.000000   5000.000000   7387.000000   6331.000000   5770.000000   4166.000000   3959.000000   3549.000000   3000.000000   4418.000000   8996.000000    545.000000    492.000000    490.000000    430.000000    455.000000    310.000000    367.000000    367.000000    433.000000  13058.000000  11485.000000  10521.000000   7646.000000   4291.000000  16178.000000   5289.000000   8943.000000    377.000000   3034.000000   3532.000000   2826.000000  10042.000000   4390.000000   4151.000000   2050.000000   2551.000000   1616.000000
   705.958618    168.000000    154.000000    125.000000    167.000000    153.000000    261.000000    288.000000    293.000000    252.000000    223.000000    200.000000    239.000000   7923.000000   8206.000000   5242.000000   5499.000000   4873.000000   7307.000000   6447.000000   5738.000000   4118.000000   3935.000000   3620.000000   3045.000000   4337.000000   8800.000000    587.000000    472.000000    462.000000    429.000000    400.000000    304.000000    330.000000    402.000000    423.000000  12751.000000  11417.000000  10657.000000   7711.000000   4250.000000  16179.000000   5144.000000   8961.000000    406.000000   3023.000000   3647.000000   2711.000000   9690.000000   4343.000000   4184.000000   1981.000000   2502.000000   1604.000000
   707.271729    142.000000    112.000000    128.000000    154.000000    118.000000    267.000000    236.000000    232.000000    280.000000    203.000000    201.000000    236.000000   7608.000000   8136.000000   5452.000000   5592.000000   4834.000000   7358.000000   6383.000000   5634.000000   4109.000000   3955.000000   3484.000000   3084.000000   4294.000000   8952.000000    501.000000    495.000000    429.000000    482.000000    435.000000    325.000000    340.000000    380.000000    405.000000  12904.000000  11535.000000  10607.000000   7700.000000   4288.000000  16181.000000   5127.000000   8986.000000    284.000000   2924.000000   3582.000000   2796.000000   9861.000000   4224.000000   3979.000000   2063.000000   2387.000000   1531.000000
   708.585205    211.000000    125.000000    135.000000    143.000000    158.000000    253.000000    221.000000    250.000000    224.000000    233.000000    181.000000    214.000000   7778.000000   7898.000000   5124.000000   5526.000000   4783.000000   7256.000000   6157.000000   5618.000000   3983.000000   3995.000000   3649.000000   2940.000000   4311.000000   8720.000000    551.000000    442.000000    431.000000    429.000000    381.000000    328.000000    337.000000    375.000000    419.000000  12669.000000  11520.000000  10427.000000   7568.000000   4322.000000  16172.000000   5104.000000   9082.000000    317.000000   2998.000000   3471.000000   2743.000000   9687.000000   4273.000000   4017.000000   1983.000000   2392.000000   1474.000000
   709.899170    175.000000    125.000000    131.000000    144.000000    154.000000    234.000000    256.000000    277.000000    247.000000    244.000000    214.000000    214.000000   7767.000000   8055.000000   5229.000000   5787.000000   4769.000000   7148.000000   6196.000000   5692.000000   3850.000000   4038.000000   3441.000000   3014.000000   4409.000000   8820.000000    523.000000    481.000000    457.000000    469.000000    399.000000    303.000000    311.000000    367.000000    390.000000  12516.000000  11305.000000  10397.000000   7628.000000   4220.000000  16177.000000   4987.000000   9060.000000    343.000000   2946.000000   3557.000000   2677.000000   9532.000000   4250.000000   3941.000000   1838.000000   2317.000000   1534.000000
   711.213684    162.000000    136.000000    141.000000    152.000000    153.000000    251.000000    252.000000    268.000000    252.000000    196.000000    240.000000    236.000000   7694.000000   7829.000000   5218.000000   5522.000000   4767.000000   6957.000000   6273.000000   5565.000000   4018.000000   3897.000000   3419.000000   2928.000000   4324.000000   8784.000000    526.000000    464.000000    456.000000    465.000000    429.000000    317.000000    322.000000    371.000000    392.000000  12783.000000  11406.000000  10409.000000   7639.000000   4272.000000  16181.000000   4835.000000   9473.000000    348.000000   2930.000000   3501.000000   2626.000000   9466.000000   4192.000000   3922.000000   1937.000000   2222.000000   1497.000000
   712.528625    158.000000    136.000000    128.000000    141.000000    153.000000    271.000000    250.000000    265.000000    239.000000    206.000000    248.000000    192.000000   7568.000000   7806.000000   5135.000000   5579.000000   4726.000000   6856.000000   6067.000000   5549.000000   3957.000000   3819.000000   3368.000000   2882.000000   4204.000000   8754.000000    519.000000    478.000000    447.000000    463.000000    412.000000    281.000000    300.000000    298.000000    443.000000  12831.000000  11163.000000  10239.000000   7641.000000   4137.000000  16178.000000   4774.000000   9438.000000    324.000000   2910.000000   3465.000000   2723.000000   9301.000000   4209.000000   3904.000000   1873.000000   2356.000000   1490.000000
   713.844116    149.000000    127.000000    117.000000    140.000000    143.000000    271.000000    279.000000    281.000000    239.000000    241.000000    213.000000    190.000000   7472.000000   7694.000000   5029.000000   5374.000000   4686.000000   6908.000000   5904.000000   5471.000000   3713.000000   3983.000000   3292.000000   3011.000000   4087.000000   8752.000000    472.000000    461.000000    450.000000    464.000000    376.000000    285.000000    333.000000    351.000000    430.000000  12543.000000  11319.000000  10051.000000   7429.000000   4129.000000  16173.000000   4702.000000   9192.000000    291.000000   2879.000000   3508.000000   2711.000000   9048.000000   4202.000000   3808.000000   1899.000000   2276.000000   1392.000000
   715.159973    151.000000    110.000000    133.000000    157.000000    156.000000    253.000000    247.000000    249.000000    240.000000    197.000000    176.000000    204.000000   7329.000000   7514.000000   4848.000000   5288.000000   4693.000000   6671.000000   5976.000000   5272.000000   3758.000000   3741.000000   3313.000000   2922.000000   3864.000000   8453.000000    535.000000    424.000000    450.000000    445.000000    440.000000    281.000000    293.000000    312.000000    393.000000  12414.000000  11116.000000   9840.000000   7410.000000   3924.000000  16183.000000   4693.000000   9222.000000    349.000000   2752.000000   3320.000000   2619.000000   8948.000000   4088.000000   3860.000000   1809.000000   2292.000000   1399.000000
   716.476379    167.000000    119.000000    115.000000    159.000000    129.000000    237.000000    260.000000    217.000000    227.000000    197.000000    201.000000    211.000000   7120.000000   7335.000000   4867.000000   5236.000000   4458.000000   6768.000000   5638.000000   5260.000000   3843.000000   3758.000000   3239.000000   2903.000000   3837.000000   8395.000000    487.000000    439.000000    427.000000    420.000000    389.000000    293.000000    289.000000    359.000000    408.000000  11900.000000  10645.000000   9658.000000   7225.000000   3926.000000  16018.000000   4622.000000   9056.000000    359.000000   2706.000000   3250.000000   2620.000000   8783.000000   4089.000000   3850.000000   1838.000000   2252.000000   1326.000000
   717.793274    127.000000     93.000000    121.000000    138.000000    130.000000    210.000000    204.000000    203.000000    262.000000    193.000000    153.000000    208.000000   7114.000000   7173.000000   4809.000000   4978.000000   4360.000000   6375.000000   5734.000000   5094.000000   3681.000000   3608.000000   3152.000000   2776.000000   3792.000000   8075.000000    497.000000    397.000000    412.000000    414.000000    444.000000    319.000000    298.000000    326.000000    382.000000  11741.000000  10309.000000   9510.000000   7200.000000   3912.000000  15341.000000   4522.000000   8907.000000    311.000000   2628.000000   3325.000000   2449.000000   8483.000000   3968.000000   3679.000000   1770.000000   2203.000000   1382.000000
   719.110718    137.000000    142.000000    108.000000    122.000000    141.000000    228.000000    238.000000    221.000000    220.000000    174.000000    168.000000    180.000000   7052.000000   7101.000000   4677.000000   4914.000000   4189.000000   6372.000000   5488.000000   5014.000000   3620.000000   3544.000000   3123.000000   2730.000000   3822.000000   8087.000000    494.000000    411.000000    407.000000    428.000000    401.000000    255.000000    267.000000    351.000000    382.000000  11641.000000  10472.000000   9306.000000   7205.000000   3759.000000  15405.000000   4445.000000   8785.000000    345.000000   2605.000000   3205.000000   2368.000000   8214.000000   3826.000000   3671.000000   1680.000000   2220.000000   1314.000000
   720.428528    154.000000    112.000000    117.000000    148.000000    124.000000    249.000000    246.000000    242.000000    205.000000    178.000000    174.000000    165.000000   6867.000000   6988.000000   4686.000000   5051.000000   4204.000000   6327.000000   5564.000000   4969.000000   3546.000000   3498.000000   3101.000000   2731.000000   3623.000000   8172.000000    476.000000    423.000000    422.000000    431.000000    363.000000    268.000000    280.000000    330.000000    411.000000  11239.000000  10005.000000   9133.000000   7117.000000   3673.000000  14989.000000   4356.000000   8877.000000    305.000000   2584.000000   3201.000000   2472.000000   8453.000000   3909.000000   3635.000000   1679.000000   2214.000000   1327.000000
   721.746826    143.000000    109.000000    124.000000    147.000000    140.000000    254.000000    219.000000    257.000000    186.000000    184.000000    170.000000    195.000000   6885.000000   6949.000000   4613.000000   4965.000000   4211.000000   6249.000000   5421.000000   4889.000000   3583.000000   3464.000000   3000.000000   2664.000000   3620.000000   7878.000000    490.000000    412.000000    379.000000    443.000000    374.000000    248.000000    333.000000    274.000000    351.000000  11202.000000   9951.000000   9226.000000   7088.000000   3802.000000  15308.000000   4112.000000   8870.000000    318.000000   2613.000000   3244.000000   2500.000000   8248.000000   3838.000000   3606.000000   1737.000000   2122.000000   1318.000000
   723.065613    138.000000    128.000000    111.000000    153.000000    141.000000    219.000000    257.000000    181.000000    231.000000    160.000000    148.000000    197.000000   6775.000000   6841.000000   4598.000000   4901.000000   4291.000000   6343.000000   5241.000000   4944.000000   3536.000000   3420.000000   2909.000000   2639.000000   3654.000000   7788.000000    463.000000    419.000000    376.000000    399.000000    359.000000    272.000000    323.000000    288.000000    396.000000  11023.000000  10011.000000   9236.000000   6920.000000   3657.000000  14950.000000   4150.000000   9020.000000    320.000000   2571.000000   3270.000000   2417.000000   8081.000000   3844.000000   3571.000000   1722.000000   2167.000000   1275.000000
   724.384888    176.000000    117.000000     93.000000    135.000000    134.000000    262.000000    240.000000    216.000000    202.000000    171.000000    178.000000    173.000000   6641.000000   6772.000000   4564.000000   4919.000000   3978.000000   6120.000000   5370.000000   4650.000000   3465.000000   3512.000000   2969.000000   2705.000000   3512.000000   7998.000000    432.000000    372.000000    362.000000    458.000000    372.000000    270.000000    263.000000    320.000000    335.000000  10873.000000  10044.000000   8881.000000   6908.000000   3538.000000  14897.000000   4082.000000   8677.000000    335.000000   2563.000000   3169.000000   2423.000000   7983.000000   3832.000000   3662.000000   1647.000000   2159.000000   1259.000000
   725.704712    151.000000     86.000000     90.000000    134.000000    119.000000    175.000000    230.000000    200.000000    182.000000    184.000000    162.000000    174.000000   6547.000000   6635.000000   4573.000000   4619.000000   4023.000000   6122.000000   5230.000000   4603.000000   3475.000000   3277.000000   2911.000000   2559.000000   3528.000000   7776.000000    516.000000    400.000000    331.000000    411.000000    351.000000    265.000000    271.000000    297.000000    345.000000  10468.000000   9911.000000   8798.000000   6854.000000   3601.000000  14550.000000   4109.000000   8877.000000    294.000000   2555.000000   3166.000000   2324.000000   8005.000000   3871.000000   3533.000000   1663.000000   2138.000000   1273.000000
   727.024902    124.000000    108.000000    104.000000    120.000000    127.000000    232.000000    205.000000    225.000000    207.000000    172.000000    194.000000    190.000000   6638.000000   6645.000000   4491.000000   4808.000000   3893.000000   5945.000000   5105.000000   4628.000000   3408.000000   3338.000000   2972.000000   2585.000000   3410.000000   7663.000000    441.000000    373.000000    429.000000    413.000000    346.000000    278.000000    274.000000    291.000000    315.000000  10564.000000   9576.000000   8934.000000   6600.000000   3620.000000  14451.000000   3993.000000   8693.000000    321.000000   2612.000000   3266.000000   2400.000000   8046.000000   3742.000000   3403.000000   1676.000000   2072.000000   1219.000000
   728.345581    130.000000    116.000000    133.000000    105.000000    138.000000    210.000000    251.000000    218.000000    187.000000    198.000000    177.000000    147.000000   6528.000000   6573.000000   4546.000000   4597.000000   4047.000000   5990.000000   5014.000000   4650.000000   3484.000000   3247.000000   3109.000000   2495.000000   3399.000000   7662.000000    460.000000    386.000000    387.000000    434.000000    346.000000    259.000000    279.000000    281.000000    340.000000  10434.000000   9553.000000   8680.000000   6839.000000   3416.000000  14424.000000   4025.000000   8915.000000    261.000000   2555.000000   3116.000000   2254.000000   7838.000000   3644.000000   3534.000000   1612.000000   2125.000000   1208.000000
   729.666687    137.000000    118.000000     89.000000    134.000000    119.000000    198.000000    209.000000    233.000000    195.000000    191.000000    183.000000    183.000000   6602.000000   6421.000000   4450.000000   4619.000000   3997.000000   6017.000000   4925.000000   4443.000000   3351.000000   3219.000000   3019.000000   2689.000000   3470.000000   7642.000000    420.000000    342.000000    383.000000    388.000000    383.000000    265.000000    276.000000    244.000000    340.000000  10251.000000   9572.000000   8690.000000   6884.000000   3439.000000  14418.000000   4073.000000   8891.000000    275.000000   2499.000000   3098.000000   2335.000000   7762.000000   3882.000000   3378.000000   1625.000000   2177.000000   1169.000000
   730.988525    126.000000    105.000000     92.000000    126.000000    141.000000    180.000000    229.000000    206.000000    192.000000    194.000000    151.000000    158.000000   6383.000000   6510.000000   4452.000000   4584.000000   3882.000000   5939.000000   4861.000000   4505.000000   3311.000000   3215.000000   2946.000000   2596.000000   3416.000000   7521.000000    458.000000    358.000000    328.000000    406.000000    332.000000    247.000000    291.000000    284.000000    321.000000  10290.000000   9430.000000   8748.000000   6714.000000   3463.000000  14330.000000   3846.000000   8770.000000    316.000000   2569.000000   3058.000000   2489.000000   7662.000000   3724.000000   3447.000000   1590.000000   2086.000000   1165.000000
   732.310730    131.000000    118.000000     95.000000    139.000000    130.000000    193.000000    208.000000    226.000000    156.000000    161.000000    190.000000    171.000000   6321.000000   6314.000000   4471.000000   4667.000000   3932.000000   5821.000000   5013.000000   4518.000000   3445.000000   3224.000000   3016.000000   2526.000000   3391.000000   7465.000000    412.000000    349.000000    374.000000    399.000000    407.000000    250.000000    264.000000    261.000000    339.000000  10192.000000   9390.000000   8675.000000   6859.000000   3366.000000  14170.000000   3869.000000   8912.000000    299.000000   2442.000000   3012.000000   2368.000000   7479.000000   3778.000000   3398.000000   1536.000000   2097.000000   1103.000000
   733.633301    105.000000     86.000000     88.000000    117.000000    123.000000    205.000000    173.000000    200.000000    183.000000    162.000000    190.000000    154.000000   6401.000000   6305.000000   4226.000000   4620.000000   3831.000000   5970.000000   4613.000000   4270.000000   3324.000000   3180.000000   2858.000000   2466.000000   3316.000000   7256.000000    436.000000    379.000000    342.000000    378.000000    347.000000    225.000000    245.000000    268.000000    312.000000   9824.000000   9249.000000   8591.000000   6627.000000   3299.000000  13945.000000   3794.000000   8588.000000    231.000000   2520.000000   2988.000000   2431.000000   7424.000000   3585.000000   3326.000000   1446.000000   1936.000000   1117.000000
   734.956421    138.000000    115.000000    102.000000    130.000000    101.000000    212.000000    186.000000    198.000000    166.000000    160.000000    166.000000    176.000000   6132.000000   6152.000000   4325.000000   4482.000000   3749.000000   5702.000000   4781.000000   4302.000000   3236.000000   3092.000000   2890.000000   2461.000000   3220.000000   7163.000000    414.000000    377.000000    323.000000    381.000000    343.000000    251.000000    256.000000    259.000000    283.000000   9734.000000   9026.000000   8158.000000   6671.000000   3244.000000  13532.000000   3744.000000   8696.000000    301.000000   2349.000000   2922.000000   2306.000000   7152.000000   3535.000000   3273.000000   1497.000000   1947.000000   1155.000000
   736.280029    115.000000    104.000000     98.000000     86.000000    109.000000    210.000000    179.000000    181.000000    194.000000    135.000000    168.000000    162.000000   6098.000000   6120.000000   4323.000000   4615.000000   3741.000000   5705.000000   4717.000000   4373.000000   3095.000000   3053.000000   2777.000000   2408.000000   3174.000000   7110.000000    418.000000    364.000000    312.000000    393.000000    343.000000    251.000000    252.000000    256.000000    270.000000   9562.000000   8854.000000   8171.000000   6435.000000   3209.000000  13549.000000   3758.000000   8589.000000    273.000000   2350.000000   2909.000000   2310.000000   6999.000000   3476.000000   3291.000000   1434.000000   1974.000000   1034.000000
   737.604126    128.000000     83.000000     67.000000    101.000000    104.000000    180.000000    184.000000    185.000000    182.000000    132.000000    159.000000    169.000000   5746.000000   5972.000000   4110.000000   4441.000000   3673.000000   5571.000000   4723.000000   4134.000000   3132.000000   3071.000000   2743.000000   2414.000000   3169.000000   7147.000000    397.000000    404.000000    305.000000    364.000000    337.000000    227.000000    260.000000    252.000000    337.000000   9495.000000   8764.000000   8125.000000   6484.000000   2982.000000  13389.000000   3514.000000   8576.000000    276.000000   2261.000000   2877.000000   2205.000000   6906.000000   3382.000000   3166.000000   1553.000000   1869.000000   1025.000000
   738.928589    108.000000     93.000000     76.000000    114.000000     95.000000    194.000000    205.000000    178.000000    170.000000    152.000000    137.000000    165.000000   5857.000000   5993.000000   4099.000000   4454.000000   3751.000000   5488.000000   4625.000000   4072.000000   3155.000000   3065.000000   2767.000000   2334.000000   3137.000000   6853.000000    397.000000    345.000000    291.000000    409.000000    343.000000    244.000000    206.000000    238.000000    323.000000   9435.000000   8777.000000   7986.000000   6452.000000   3109.000000  13124.000000   3428.000000   8357.000000    237.000000   2323.000000   2810.000000   2150.000000   6851.000000   3375.000000   3023.000000   1424.000000   1842.000000   1015.000000
   740.253723    104.000000    107.000000    103.000000    112.000000    116.000000    212.000000    203.000000    201.000000    153.000000    152.000000    166.000000    164.000000   5674.000000   5976.000000   4022.000000   4434.000000   3530.000000   5522.000000   4633.000000   4057.000000   3080.000000   2964.000000   2682.000000   2356.000000   3137.000000   6898.000000    355.000000    298.000000    305.000000    328.000000    299.000000    236.000000    251.000000    211.000000    304.000000   9067.000000   8677.000000   7771.000000   6298.000000   3036.000000  12944.000000   3405.000000   8358.000000    290.000000   2264.000000   2823.000000   2246.000000   6805.000000   3264.000000   3089.000000   1435.000000   1903.000000    977.000000
   741.579224    136.000000     84.000000    110.000000    120.000000     85.000000    224.000000    191.000000    184.000000    160.000000    133.000000    129.000000    168.000000   5603.000000   5763.000000   3904.000000   4274.000000   3552.000000   5411.000000   4482.000000   4014.000000   2937.000000   2929.000000   2693.000000   2295.000000   3100.000000   6736.000000    383.000000    362.000000    289.000000    372.000000    357.000000    225.000000    212.000000    222.000000    299.000000   9137.000000   8335.000000   7975.000000   6260.000000   3036.000000  12765.000000   3381.000000   8364.000000    259.000000   2214.000000   2673.000000   2085.000000   6457.000000   3214.000000   3046.000000   1431.000000   1707.000000   1015.000000
   742.905212    130.000000     61.000000     64.000000     87.000000     98.000000    172.000000    190.000000    144.000000    179.000000    122.000000    160.000000    148.000000   5557.000000   5626.000000   3842.000000   4269.000000   3514.000000   5405.000000   4239.000000   3908.000000   2940.000000   2895.000000   2509.000000   2199.000000   3046.000000   6695.000000    307.000000    292.000000    306.000000    387.000000    325.000000    199.000000    260.000000    262.000000    292.000000   8760.000000   8182.000000   7628.000000   6085.000000   2919.000000  12415.000000   3282.000000   8292.000000    254.000000   2207.000000   2689.000000   2129.000000   6457.000000   3092.000000   2874.000000   1415.000000   1798.000000    929.000000
   744.231689    117.000000    126.000000     98.000000     92.000000     89.000000    178.000000    158.000000    164.000000    150.000000    161.000000    152.000000    161.000000   5495.000000   5626.000000   3789.000000   4234.000000   3338.000000   5123.000000   4314.000000   3899.000000   2798.000000   2703.000000   2512.000000   2134.000000   2960.000000   6673.000000    325.000000    278.000000    254.000000    356.000000    294.000000    221.000000    203.000000    219.000000    272.000000   8970.000000   8127.000000   7590.000000   6072.000000   2860.000000  12314.000000   3252.000000   8253.000000    261.000000   2043.000000   2657.000000   2011.000000   6173.000000   3134.000000   2866.000000   1319.000000   1809.000000    918.000000
   745.558716    138.000000    107.000000     95.000000    109.000000     98.000000    140.000000    207.000000    190.000000    170.000000    125.000000    149.000000    143.000000   5226.000000   5381.000000   3706.000000   4167.000000   3442.000000   4944.000000   4135.000000   3768.000000   2810.000000   2664.000000   2563.000000   2122.000000   2881.000000   6325.000000    374.000000    306.000000    265.000000    400.000000    337.000000    212.000000    218.000000    204.000000    288.000000   8506.000000   8034.000000   7297.000000   6071.000000   2767.000000  12152.000000   3167.000000   8121.000000    222.000000   2028.000000   2529.000000   2016.000000   6131.000000   3032.000000   2711.000000   1292.000000   1680.000000    892.000000
   746.886108    108.000000     91.000000     68.000000    105.000000    124.000000    180.000000    184.000000    185.000000    143.000000    153.000000     98.000000    138.000000   5124.000000   5177.000000   3551.000000   4067.000000   3332.000000   4883.000000   4075.000000   3602.000000   2642.000000   2571.000000   2348.000000   2112.000000   2859.000000   6103.000000    342.000000    268.000000    291.000000    375.000000    277.000000    192.000000    202.000000    238.000000    257.000000   8507.000000   7860.000000   7190.000000   5954.000000   2719.000000  11918.000000   3002.000000   7958.000000    247.000000   2049.000000   2598.000000   2024.000000   5753.000000   3132.000000   2693.000000   1278.000000   1662.000000    867.000000
   748.213989    112.000000     58.000000     84.000000     95.000000     58.000000    157.000000    189.000000    136.000000    132.000000    146.000000    137.000000    117.000000   5021.000000   5141.000000   3649.000000   3914.000000   3168.000000   4866.000000   4084.000000   3570.000000   2779.000000   2572.000000   2374.000000   2054.000000   2611.000000   6072.000000    358.000000    277.000000    225.000000    305.000000    304.000000    197.000000    213.000000    200.000000    261.000000   8267.000000   7729.000000   7125.000000   5601.000000   2617.000000  11408.000000   3012.000000   7693.000000    241.000000   2140.000000   2490.000000   1972.000000   5682.000000   2977.000000   2666.000000   1248.000000   1637.000000    950.000000
   749.542419    108.000000     73.000000     82.000000    107.000000     85.000000    169.000000    152.000000    129.000000    141.000000    111.000000    112.000000    143.000000   4860.000000   4931.000000   3471.000000   3846.000000   3173.000000   4604.000000   3944.000000   3513.000000   2645.000000   2595.000000   2289.000000   2018.000000   2594.000000   5974.000000    336.000000    261.000000    260.000000    325.000000    299.000000    183.000000    200.000000    201.000000    220.000000   7884.000000   7570.000000   6772.000000   5471.000000   2607.000000  11153.000000   2854.000000   7813.000000    236.000000   1820.000000   2456.000000   1804.000000   5576.000000   2915.000000   2554.000000   1175.000000   1560.000000    862.000000
   750.871277    119.000000     80.000000     66.000000    103.000000     67.000000    152.000000    174.000000    155.000000    118.000000    135.000000    114.000000    113.000000   4663.000000   5039.000000   3261.000000   3691.000000   3215.000000   4586.000000   3888.000000   3553.000000   2569.000000   2540.000000   2289.000000   1950.000000   2683.000000   5879.000000    331.000000    266.000000    240.000000    339.000000    268.000000    193.000000    183.000000    204.000000    229.000000   7763.000000   7215.000000   6679.000000   5611.000000   2521.000000  11179.000000   2810.000000   7597.000000    206.000000   1917.000000   2458.000000   1914.000000   5340.000000   2663.000000   2501.000000   1187.000000   1557.000000    827.000000
   752.200623     92.000000     98.000000     71.000000    108.000000     90.000000    130.000000    162.000000    172.000000    147.000000    122.000000    127.000000    127.000000   4664.000000   4781.000000   3260.000000   3735.000000   2987.000000   4556.000000   3824.000000   3259.000000   2539.000000   2432.000000   2264.000000   1943.000000   2458.000000   5678.000000    281.000000    282.000000    229.000000    309.000000    307.000000    195.000000    186.000000    218.000000    238.000000   7658.000000   7054.000000   6526.000000   5360.000000   2639.000000  10842.000000   2693.000000   7450.000000    216.000000   1918.000000   2337.000000   1876.000000   5326.000000   2760.000000   2586.000000   1139.000000   1500.000000    843.000000
   753.530518    102.000000     89.000000     88.000000     88.000000     98.000000    147.000000    152.000000    131.000000    175.000000    145.000000    112.000000    121.000000   4577.000000   4705.000000   3264.000000   3565.000000   2927.000000   4360.000000   3650.000000   3260.000000   2523.000000   2472.000000   2128.000000   1852.000000   2436.000000   5524.000000    327.000000    249.000000    248.000000    354.000000    251.000000    192.000000    202.000000    214.000000    230.000000   7573.000000   7049.000000   6597.000000   5217.000000   2516.000000  10752.000000   2786.000000   7296.000000    221.000000   1841.000000   2345.000000   1817.000000   5187.000000   2746.000000   2428.000000   1166.000000   1487.000000    784.000000
   754.860779    118.000000     75.000000     48.000000     98.000000     71.000000    187.000000    165.000000    122.000000    154.000000    133.000000    138.000000    110.000000   4577.000000   4680.000000   3230.000000   3511.000000   2929.000000   4332.000000   3621.000000   3207.000000   2427.000000   2401.000000   2182.000000   1885.000000   2438.000000   5367.000000    292.000000    238.000000    216.000000    261.000000    295.000000    152.000000    185.000000    205.000000    204.000000   7363.000000   6886.000000   6339.000000   5245.000000   2344.000000  10170.000000   2611.000000   7230.000000    210.000000   1868.000000   2249.000000   1784.000000   5127.000000   2680.000000   2457.000000   1162.000000   1496.000000    712.000000
   756.191589    105.000000     61.000000     64.000000     93.000000     98.000000    150.000000    157.000000    133.000000    154.000000    150.000000    129.000000    106.000000   4494.000000   4393.000000   3213.000000   3463.000000   2888.000000   4173.000000   3590.000000   3260.000000   2399.000000   2255.000000   2109.000000   1851.000000   2371.000000   5279.000000    317.000000    285.000000    238.000000    297.000000    251.000000    194.000000    214.000000    174.000000    237.000000   7230.000000   6747.000000   6123.000000   5167.000000   2394.000000  10248.000000   2529.000000   7243.000000    181.000000   1875.000000   2285.000000   1804.000000   5023.000000   2713.000000   2348.000000   1142.000000   1476.000000    771.000000
   757.522888    105.000000     66.000000     88.000000     70.000000     87.000000    148.000000    147.000000    150.000000    140.000000     88.000000    103.000000    100.000000   4396.000000   4516.000000   3119.000000   3483.000000   2929.000000   4135.000000   3443.000000   3110.000000   2423.000000   2187.000000   2010.000000   1709.000000   2349.000000   4952.000000    348.000000    276.000000    239.000000    305.000000    273.000000    163.000000    191.000000    210.000000    225.000000   6983.000000   6571.000000   6008.000000   5091.000000   2286.000000  10169.000000   2586.000000   7104.000000    213.000000   1846.000000   2277.000000   1747.000000   5038.000000   2603.000000   2365.000000   1115.000000   1458.000000    730.000000
   758.854614    102.000000     91.000000     73.000000    100.000000     81.000000    142.000000    171.000000    138.000000    162.000000    117.000000    121.000000    128.000000   4279.000000   4367.000000   2990.000000   3419.000000   2770.000000   4180.000000   3366.000000   3052.000000   2224.000000   2153.000000   2055.000000   1747.000000   2235.000000   4951.000000    329.000000    233.000000    229.000000    313.000000    276.000000    169.000000    202.000000    188.000000    190.000000   6927.000000   6649.000000   5932.000000   5057.000000   2225.000000   9770.000000   2364.000000   7084.000000    221.000000   1835.000000   2154.000000   1692.000000   4802.000000   2474.000000   2339.000000   1049.000000   1407.000000    723.000000
   760.186890    112.000000     82.000000     60.000000     83.000000     53.000000    140.000000    149.000000    129.000000    134.000000     99.000000    114.000000    116.000000   4253.000000   4310.000000   3064.000000   3293.000000   2701.000000   4079.000000   3347.000000   3002.000000   2354.000000   2255.000000   2038.000000   1705.000000   2292.000000   5009.000000    266.000000    263.000000    228.000000    289.000000    268.000000    151.000000    171.000000    170.000000    233.000000   6861.000000   6519.000000   5895.000000   4931.000000   2168.000000   9520.000000   2442.000000   6636.000000    174.000000   1718.000000   2241.000000   1723.000000   4827.000000   2623.000000   2317.000000   1102.000000   1449.000000    705.000000
   761.519592    119.000000     76.000000     71.000000     89.000000     64.000000    125.000000    171.000000    141.000000    108.000000    128.000000    110.000000     94.000000   4153.000000   4200.000000   3049.000000   3308.000000   2763.000000   3788.000000   3301.000000   2921.000000   2369.000000   2178.000000   2037.000000   1649.000000   2222.000000   4953.000000    276.000000    240.000000    232.000000    292.000000    304.000000    165.000000    176.000000    177.000000    212.000000   6801.000000   6372.000000   5777.000000   4951.000000   2151.000000   9640.000000   2362.000000   6908.000000    197.000000   1718.000000   2109.000000   1722.000000   4715.000000   2453.000000   2277.000000   1109.000000   1439.000000    677.000000
   762.852783    122.000000     69.000000     53.000000     83.000000     74.000000    131.000000    172.000000    106.000000    122.000000    112.000000     94.000000    115.000000   4134.000000   4118.000000   2897.000000   3170.000000   2666.000000   3890.000000   3148.000000   2925.000000   2312.000000   2124.000000   1994.000000   1687.000000   2193.000000   4676.000000    305.000000    235.000000    201.000000    277.000000    289.000000    136.000000    202.000000    178.000000    208.000000   6818.000000   6445.000000   5961.000000   4909.000000   2146.000000   9559.000000   2333.000000   6781.000000    199.000000   1711.000000   2247.000000   1655.000000   4611.000000   2611.000000   2195.000000   1016.000000   1346.000000    660.000000
   764.186523    100.000000     61.000000     95.000000     78.000000     75.000000    124.000000    142.000000    139.000000    128.000000    105.000000    101.000000    101.000000   4032.000000   4073.000000   2934.000000   3272.000000   2625.000000   3887.000000   3156.000000   2923.000000   2226.000000   2203.000000   1954.000000   1711.000000   2156.000000   4637.000000    280.000000    234.000000    226.000000    289.000000    269.000000    147.000000    158.000000    160.000000    201.000000   6494.000000   6064.000000   5914.000000   4809.000000   2189.000000   9517.000000   2326.000000   6704.000000    229.000000   1658.000000   2166.000000   1650.000000   4509.000000   2489.000000   2202.000000    974.000000   1387.000000    641.000000
   765.520630     91.000000     60.000000     69.000000     83.000000     81.000000    104.000000    154.000000    154.000000    122.000000    114.000000    111.000000    109.000000   4161.000000   4012.000000   2873.000000   3098.000000   2587.000000   3917.000000   3313.000000   2814.000000   2154.000000   2132.000000   1959.000000   1663.000000   2042.000000   4756.000000    272.000000    229.000000    213.000000    266.000000    271.000000    148.000000    174.000000    161.000000    200.000000   6568.000000   6010.000000   5809.000000   4722.000000   2158.000000   9343.000000   2221.000000   6867.000000    160.000000   1697.000000   2069.000000   1657.000000   4310.000000   2459.000000   2136.000000   1026.000000   1392.000000    633.000000
   766.855286    116.000000     66.000000     73.000000     72.000000     59.000000    108.000000    153.000000    108.000000    110.000000    112.000000     91.000000    114.000000   4070.000000   4017.000000   2840.000000   3271.000000   2559.000000   3847.000000   3106.000000   2759.000000   2133.000000   2129.000000   1961.000000   1619.000000   2067.000000   4528.000000    299.000000    184.000000    201.000000    220.000000    263.000000    136.000000    143.000000    197.000000    185.000000   6342.000000   6109.000000   5651.000000   4902.000000   2114.000000   9331.000000   2240.000000   6660.000000    189.000000   1751.000000   2154.000000   1650.000000   4282.000000   2405.000000   2122.000000   1077.000000   1261.000000    675.000000
   768.190430    103.000000     65.000000     46.000000     75.000000     81.000000    128.000000    166.000000    133.000000    117.000000    123.000000    100.000000    101.000000   3956.000000   4010.000000   2852.000000   3156.000000   2528.000000   3803.000000   3112.000000   2736.000000   2130.000000   2129.000000   1912.000000   1599.000000   2020.000000   4600.000000    297.000000    186.000000    165.000000    243.000000    255.000000    165.000000    177.000000    148.000000    182.000000   6261.000000   5952.000000   5483.000000   4807.000000   1963.000000   9385.000000   2196.000000   6776.000000    201.000000   1607.000000   2088.000000   1683.000000   4266.000000   2448.000000   2150.000000    959.000000   1378.000000    590.000000
   769.526001     85.000000     78.000000     62.000000     58.000000     72.000000    130.000000    138.000000    109.000000    109.000000     87.000000    121.000000     74.000000   3834.000000   4032.000000   2863.000000   3076.000000   2534.000000   3688.000000   2992.000000   2679.000000   2098.000000   2098.000000   1906.000000   1648.000000   2051.000000   4513.000000    267.000000    191.000000    173.000000    243.000000    257.000000    131.000000    148.000000    163.000000    186.000000   6194.000000   5948.000000   5543.000000   4712.000000   2027.000000   8977.000000   2187.000000   6699.000000    180.000000   1574.000000   2006.000000   1660.000000   4307.000000   2329.000000   2177.000000    975.000000   1380.000000    667.000000
   770.862122     95.000000     74.000000     44.000000     74.000000     55.000000    110.000000    131.000000    155.000000     92.000000     91.000000     87.000000     89.000000   3785.000000   3916.000000   2691.000000   3070.000000   2482.000000   3750.000000   2999.000000   2739.000000   2113.000000   1968.000000   1946.000000   1601.000000   2017.000000   4398.000000    233.000000    207.000000    208.000000    252.000000    262.000000    120.000000    176.000000    165.000000    186.000000   6203.000000   5836.000000   5367.000000   4738.000000   1998.000000   9180.000000   2114.000000   6567.000000    176.000000   1620.000000   1945.000000   1591.000000   4110.000000   2376.000000   2028.000000   1012.000000   1258.000000    565.000000
   772.198608     82.000000     75.000000     63.000000     81.000000     77.000000    125.000000    152.000000    121.000000    109.000000    120.000000     95.000000     96.000000   3733.000000   3799.000000   2720.000000   2979.000000   2504.000000   3702.000000   3032.000000   2625.000000   2068.000000   1920.000000   1840.000000   1568.000000   1902.000000   4337.000000    263.000000    214.000000    194.000000    239.000000    232.000000    127.000000    149.000000    147.000000    187.000000   6073.000000   5795.000000   5391.000000   4746.000000   2016.000000   8973.000000   2191.000000   6764.000000    154.000000   1582.000000   1952.000000   1595.000000   4053.000000   2320.000000   1977.000000   1012.000000   1238.000000    581.000000
   773.535583     84.000000     68.000000     44.000000     73.000000     70.000000    128.000000    126.000000    130.000000    100.000000    105.000000     85.000000     99.000000   3655.000000   3803.000000   2638.000000   3051.000000   2408.000000   3578.000000   2952.000000   2586.000000   2078.000000   1949.000000   1799.000000   1504.000000   1931.000000   4313.000000    252.000000    207.000000    203.000000    234.000000    267.000000    127.000000    131.000000    154.000000    175.000000   5777.000000   5635.000000   5190.000000   4641.000000   1903.000000   8795.000000   2115.000000   6517.000000    190.000000   1478.000000   1951.000000   1505.000000   4070.000000   2238.000000   1910.000000    887.000000   1266.000000    552.000000
   774.873230     97.000000     95.000000     53.000000     95.000000     52.000000    147.000000    125.000000    136.000000    109.000000    110.000000     87.000000     94.000000   3745.000000   3612.000000   2685.000000   2983.000000   2302.000000   3670.000000   2821.000000   2546.000000   1974.000000   1842.000000   1751.000000   1504.000000   1920.000000   4236.000000    279.000000    208.000000    186.000000    233.000000    276.000000    163.000000    144.000000    143.000000    219.000000   5941.000000   5516.000000   5275.000000   4687.000000   1950.000000   8619.000000   2010.000000   6579.000000    148.000000   1538.000000   1961.000000   1551.000000   3927.000000   2145.000000   1917.000000    911.000000   1282.000000    542.000000
   776.211182     85.000000     58.000000     58.000000     88.000000     56.000000     79.000000    124.000000    126.000000     83.000000     81.000000     94.000000     83.000000   3574.000000   3563.000000   2614.000000   2800.000000   2363.000000   3550.000000   2767.000000   2416.000000   2013.000000   1882.000000   1741.000000   1526.000000   1893.000000   4249.000000    234.000000    192.000000    163.000000    210.000000    256.000000    143.000000    154.000000    144.000000    154.000000   5791.000000   5433.000000   5147.000000   4571.000000   1915.000000   8482.000000   2011.000000   6438.000000    160.000000   1534.000000   1784.000000   1450.000000   3810.000000   2251.000000   1890.000000    926.000000   1176.000000    567.000000
   777.549683     85.000000     70.000000     60.000000     69.000000     35.000000    107.000000    119.000000    118.000000    109.000000     96.000000     72.000000     88.000000   3553.000000   3452.000000   2607.000000   2876.000000   2355.000000   3516.000000   2691.000000   2512.000000   1963.000000   1891.000000   1652.000000   1438.000000   1846.000000   4144.000000    237.000000    224.000000    192.000000    232.000000    276.000000    134.000000    136.000000    117.000000    214.000000   5451.000000   5323.000000   4949.000000   4289.000000   1904.000000   8442.000000   1968.000000   6295.000000    168.000000   1543.000000   1822.000000   1509.000000   3737.000000   2149.000000   1865.000000    860.000000   1219.000000    524.000000
   778.888672     93.000000     70.000000     41.000000     70.000000     58.000000    140.000000    132.000000    101.000000     95.000000    101.000000    128.000000     86.000000   3489.000000   3426.000000   2556.000000   2802.000000   2290.000000   3434.000000   2643.000000   2534.000000   1949.000000   1737.000000   1756.000000   1400.000000   1799.000000   4165.000000    203.000000    172.000000    155.000000    211.000000    217.000000    134.000000    151.000000    146.000000    151.000000   5398.000000   5246.000000   4939.000000   4192.000000   1842.000000   8016.000000   1908.000000   6379.000000    159.000000   1429.000000   1847.000000   1460.000000   3656.000000   2118.000000   1754.000000    888.000000   1177.000000    492.000000
   780.228088     89.000000     31.000000     64.000000     50.000000     50.000000    100.000000    110.000000    126.000000     86.000000    100.000000     85.000000     74.000000   3327.000000   3407.000000   2454.000000   2761.000000   2241.000000   3455.000000   2783.000000   2329.000000   1958.000000   1760.000000   1637.000000   1416.000000   1768.000000   4025.000000    205.000000    182.000000    170.000000    201.000000    221.000000    127.000000    154.000000    128.000000    157.000000   5367.000000   5217.000000   4852.000000   4179.000000   1848.000000   7922.000000   1893.000000   6166.000000    158.000000   1402.000000   1741.000000   1454.000000   3498.000000   2142.000000   1854.000000    826.000000   1094.000000    471.000000
   781.567993     79.000000     44.000000     55.000000     48.000000     62.000000    118.000000    128.000000    106.000000     88.000000     75.000000    104.000000    107.000000   3250.000000   3351.000000   2450.000000   2605.000000   2238.000000   3306.000000   2619.000000   2335.000000   1859.000000   1741.000000   1631.000000   1339.000000   1738.000000   3885.000000    233.000000    219.000000    165.000000    211.000000    234.000000    123.000000    159.000000    144.000000    142.000000   5222.000000   5072.000000   4836.000000   4004.000000   1793.000000   7702.000000   1827.000000   5996.000000    188.000000   1367.000000   1788.000000   1368.000000   3369.000000   2093.000000   1781.000000    812.000000   1159.000000    477.000000
   782.908386     85.000000     54.000000     61.000000     51.000000     48.000000    108.000000    119.000000     94.000000    102.000000     75.000000     86.000000    109.000000   3270.000000   3268.000000   2374.000000   2579.000000   2108.000000   3261.000000   2599.000000   2257.000000   1813.000000   1608.000000   1563.000000   1352.000000   1632.000000   3871.000000    210.000000    170.000000    178.000000    199.000000    250.000000    131.000000    166.000000    134.000000    163.000000   5078.000000   4978.000000   4598.000000   4073.000000   1691.000000   7449.000000   1734.000000   5953.000000    161.000000   1436.000000   1632.000000   1398.000000   3452.000000   1979.000000   1747.000000    823.000000   1059.000000    494.000000
   784.249329     75.000000     58.000000     38.000000     54.000000     38.000000     92.000000    144.000000    127.000000    104.000000     98.000000     93.000000     76.000000   3233.000000   3209.000000   2354.000000   2675.000000   2085.000000   3183.000000   2504.000000   2194.000000   1769.000000   1703.000000   1461.000000   1326.000000   1604.000000   3718.000000    217.000000    163.000000    168.000000    200.000000    249.000000    164.000000    127.000000    119.000000    174.000000   5050.000000   4718.000000   4518.000000   3955.000000   1773.000000   7244.000000   1783.000000   5816.000000    131.000000   1381.000000   1725.000000   1362.000000   3291.000000   2016.000000   1647.000000    815.000000   1084.000000    477.000000
   785.590576     67.000000     65.000000     41.000000     54.000000     35.000000     89.000000     99.000000     94.000000     83.000000     97.000000     69.000000     88.000000   3094.000000   3063.000000   2301.000000   2543.000000   1991.000000   3024.000000   2593.000000   2224.000000   1790.000000   1638.000000   1530.000000   1245.000000   1603.000000   3514.000000    194.000000    169.000000    163.000000    190.000000    230.000000    135.000000    146.000000    138.000000    165.000000   5019.000000   4837.000000   4449.000000   3932.000000   1691.000000   7087.000000   1741.000000   5798.000000    139.000000   1350.000000   1697.000000   1356.000000   3228.000000   1952.000000   1616.000000    786.000000   1102.000000    452.000000
   786.932495     56.000000     44.000000     50.000000     65.000000     65.000000     79.000000    115.000000     94.000000     73.000000     66.000000     69.000000     95.000000   3039.000000   3019.000000   2249.000000   2423.000000   2040.000000   3126.000000   2344.000000   2142.000000   1679.000000   1567.000000   1513.000000   1127.000000   1605.000000   3589.000000    198.000000    161.000000    162.000000    195.000000    212.000000    106.000000    113.000000    151.000000    140.000000   4897.000000   4685.000000   4372.000000   3893.000000   1611.000000   7054.000000   1646.000000   5571.000000    136.000000   1389.000000   1596.000000   1323.000000   3162.000000   1990.000000   1664.000000    789.000000   1005.000000    480.000000
   788.274780     51.000000     42.000000     45.000000     66.000000     47.000000     83.000000    102.000000    103.000000     79.000000     87.000000     95.000000     87.000000   2956.000000   2942.000000   2133.000000   2624.000000   2004.000000   2972.000000   2278.000000   2169.000000   1597.000000   1526.000000   1422.000000   1237.000000   1567.000000   3349.000000    188.000000    181.000000    146.000000    182.000000    192.000000    118.000000    142.000000    132.000000    128.000000   4735.000000   4631.000000   4280.000000   3862.000000   1617.000000   7052.000000   1527.000000   5644.000000    121.000000   1353.000000   1594.000000   1391.000000   3139.000000   1941.000000   1672.000000    781.000000   1002.000000    458.000000
   789.617615     60.000000     48.000000     49.000000     57.000000     42.000000     82.000000     80.000000    112.000000     94.000000     82.000000     66.000000     82.000000   2881.000000   2900.000000   2187.000000   2371.000000   1891.000000   3014.000000   2236.000000   2124.000000   1576.000000   1505.000000   1531.000000   1194.000000   1494.000000   3429.000000    212.000000    161.000000    128.000000    184.000000    200.000000    121.000000    133.000000    131.000000    128.000000   4512.000000   4509.000000   4333.000000   3730.000000   1596.000000   6703.000000   1534.000000   5485.000000    123.000000   1265.000000   1581.000000   1236.000000   3050.000000   1890.000000   1592.000000    738.000000   1026.000000    452.000000
   790.960876     57.000000     83.000000     37.000000     36.000000     59.000000     88.000000    109.000000     92.000000     82.000000     76.000000     78.000000     60.000000   2868.000000   2822.000000   2104.000000   2318.000000   1844.000000   2845.000000   2270.000000   1994.000000   1584.000000   1555.000000   1402.000000   1138.000000   1484.000000   3407.000000    207.000000    147.000000    147.000000    177.000000    182.000000     92.000000    109.000000    115.000000    139.000000   4592.000000   4408.000000   4071.000000   3695.000000   1509.000000   6505.000000   1532.000000   5238.000000    124.000000   1236.000000   1541.000000   1241.000000   2994.000000   1861.000000   1556.000000    709.000000   1048.000000    380.000000
   792.304626     58.000000     44.000000     47.000000     54.000000     43.000000    115.000000     95.000000     58.000000     72.000000    105.000000     71.000000     78.000000   2848.000000   2796.000000   2001.000000   2293.000000   1930.000000   2829.000000   2158.000000   2015.000000   1556.000000   1471.000000   1343.000000   1163.000000   1419.000000   3249.000000    233.000000    139.000000    173.000000    159.000000    202.000000    103.000000    145.000000     90.000000    129.000000   4376.000000   4327.000000   4013.000000   3604.000000   1527.000000   6197.000000   1522.000000   5223.000000     85.000000   1209.000000   1515.000000   1154.000000   2772.000000   1773.000000   1491.000000    699.000000    942.000000    407.000000
   793.648926     46.000000     64.000000     36.000000     51.000000     56.000000     82.000000    109.000000     89.000000     92.000000     66.000000     48.000000     74.000000   2675.000000   2631.000000   2096.000000   2247.000000   1873.000000   2728.000000   2120.000000   1922.000000   1513.000000   1329.000000   1376.000000   1076.000000   1425.000000   3244.000000    190.000000    183.000000    167.000000    164.000000    216.000000    118.000000    124.000000    110.000000    154.000000   4228.000000   4117.000000   3882.000000   3594.000000   1382.000000   6229.000000   1379.000000   5096.000000    134.000000   1246.000000   1501.000000   1183.000000   2886.000000   1734.000000   1482.000000    736.000000    984.000000    433.000000
   794.993591     61.000000     65.000000     57.000000     48.000000     33.000000     69.000000     97.000000     89.000000     75.000000     64.000000     69.000000     73.000000   2714.000000   2650.000000   1993.000000   2171.000000   1744.000000   2808.000000   2146.000000   1866.000000   1450.000000   1326.000000   1300.000000   1112.000000   1422.000000   3190.000000    204.000000    131.000000    106.000000    159.000000    208.000000    105.000000    126.000000    110.000000    104.000000   4257.000000   4116.000000   3913.000000   3344.000000   1353.000000   6037.000000   1406.000000   5060.000000    137.000000   1185.000000   1391.000000   1222.000000   2765.000000   1777.000000   1469.000000    692.000000    968.000000    412.000000
   796.338806     83.000000     54.000000     51.000000     59.000000     46.000000     76.000000     78.000000     91.000000     79.000000     73.000000     57.000000     75.000000   2712.000000   2580.000000   1946.000000   2228.000000   1762.000000   2797.000000   1992.000000   1855.000000   1522.000000   1404.000000   1304.000000   1135.000000   1327.000000   3195.000000    178.000000    142.000000    128.000000    165.000000    196.000000     95.000000    114.000000    112.000000    152.000000   4209.000000   4239.000000   3965.000000   3429.000000   1437.000000   5934.000000   1418.000000   4875.000000    104.000000   1153.000000   1372.000000   1179.000000   2733.000000   1677.000000   1386.000000    651.000000    927.000000    394.000000
   797.684387     64.000000     36.000000     38.000000     53.000000     43.000000     77.000000    114.000000     99.000000     71.000000     68.000000     75.000000     98.000000   2576.000000   2495.000000   1943.000000   2104.000000   1680.000000   2689.000000   1999.000000   1925.000000   1447.000000   1341.000000   1260.000000   1091.000000   1274.000000   3014.000000    178.000000    164.000000    133.000000    189.000000    194.000000     91.000000    107.000000    101.000000    154.000000   4236.000000   3998.000000   3780.000000   3361.000000   1324.000000   5897.000000   1361.000000   4751.000000    135.000000   1119.000000   1428.000000   1109.000000   2660.000000   1700.000000   1426.000000    674.000000    943.000000    389.000000
   799.030579     49.000000     39.000000     55.000000     43.000000     34.000000     75.000000     84.000000     82.000000     79.000000     91.000000     60.000000    102.000000   2600.000000   2616.000000   1870.000000   2145.000000   1767.000000   2558.000000   2100.000000   1756.000000   1399.000000   1333.000000   1290.000000   1113.000000   1288.000000   3071.000000    166.000000    122.000000    158.000000    188.000000    173.000000     88.000000     89.000000     91.000000    156.000000   4030.000000   3873.000000   3661.000000   3381.000000   1426.000000   5792.000000   1317.000000   4687.000000    113.000000   1100.000000   1355.000000   1134.000000   2626.000000   1773.000000   1396.000000    672.000000    827.000000    411.000000
   800.377319     51.000000     33.000000     61.000000     34.000000     45.000000     68.000000     80.000000     62.000000     60.000000     64.000000     49.000000     59.000000   2560.000000   2438.000000   1906.000000   2068.000000   1720.000000   2579.000000   1894.000000   1801.000000   1363.000000   1224.000000   1280.000000   1057.000000   1253.000000   2994.000000    174.000000    133.000000    115.000000    156.000000    188.000000    102.000000    118.000000    117.000000    145.000000   4040.000000   3816.000000   3634.000000   3295.000000   1334.000000   5597.000000   1339.000000   4801.000000     99.000000   1080.000000   1386.000000   1121.000000   2427.000000   1606.000000   1403.000000    638.000000    862.000000    354.000000
   801.724426     56.000000     52.000000     32.000000     43.000000     29.000000     65.000000     94.000000     66.000000     54.000000     57.000000     78.000000     73.000000   2522.000000   2507.000000   1851.000000   2055.000000   1674.000000   2501.000000   1780.000000   1731.000000   1362.000000   1387.000000   1266.000000   1059.000000   1287.000000   2886.000000    188.000000    159.000000    123.000000    163.000000    205.000000     94.000000    110.000000     94.000000    115.000000   3970.000000   3759.000000   3695.000000   3249.000000   1354.000000   5626.000000   1413.000000   4708.000000    119.000000   1120.000000   1298.000000   1105.000000   2495.000000   1726.000000   1356.000000    676.000000    886.000000    364.000000
   803.072021     51.000000     43.000000     58.000000     42.000000     43.000000     73.000000     56.000000     86.000000     67.000000     47.000000     53.000000     72.000000   2438.000000   2337.000000   1755.000000   2069.000000   1599.000000   2502.000000   1853.000000   1627.000000   1358.000000   1306.000000   1167.000000    990.000000   1172.000000   2955.000000    162.000000    128.000000    105.000000    153.000000    142.000000     90.000000    116.000000    105.000000    118.000000   3920.000000   3856.000000   3528.000000   3316.000000   1322.000000   5655.000000   1309.000000   4799.000000    120.000000   1075.000000   1309.000000   1071.000000   2407.000000   1583.000000   1346.000000    632.000000    880.000000    370.000000
   804.419983     42.000000     52.000000     27.000000     43.000000     59.000000     64.000000     91.000000     81.000000     70.000000     54.000000     59.000000     76.000000   2459.000000   2375.000000   1774.000000   2057.000000   1628.000000   2531.000000   1854.000000   1766.000000   1316.000000   1261.000000   1245.000000    996.000000   1232.000000   2897.000000    173.000000    171.000000    121.000000    172.000000    148.000000    102.000000     94.000000     89.000000    115.000000   3807.000000   3719.000000   3498.000000   3251.000000   1356.000000   5440.000000   1216.000000   4707.000000     98.000000   1062.000000   1350.000000   1070.000000   2448.000000   1592.000000   1262.000000    643.000000    825.000000    345.000000
   805.768677     69.000000     48.000000     47.000000     34.000000     48.000000     67.000000     86.000000     89.000000     76.000000     61.000000     70.000000     65.000000   2450.000000   2269.000000   1755.000000   1947.000000   1581.000000   2373.000000   1884.000000   1628.000000   1323.000000   1231.000000   1207.000000    973.000000   1192.000000   2675.000000    131.000000    127.000000    133.000000    137.000000    140.000000     98.000000    102.000000    121.000000    114.000000   3764.000000   3588.000000   3632.000000   3213.000000   1268.000000   5388.000000   1267.000000   4813.000000    109.000000   1032.000000   1370.000000   1056.000000   2347.000000   1602.000000   1271.000000    590.000000    785.000000    320.000000
   807.117676     44.000000     39.000000     49.000000     39.000000     42.000000     92.000000     90.000000     81.000000     82.000000     69.000000     44.000000     66.000000   2434.000000   2175.000000   1725.000000   1967.000000   1457.000000   2373.000000   1800.000000   1610.000000   1309.000000   1178.000000   1155.000000    950.000000   1178.000000   2735.000000    149.000000    134.000000    115.000000    162.000000    154.000000     66.000000    119.000000    106.000000    116.000000   3711.000000   3629.000000   3401.000000   3182.000000   1331.000000   5403.000000   1243.000000   4659.000000    108.000000   1040.000000   1316.000000   1001.000000   2374.000000   1541.000000   1252.000000    595.000000    759.000000    347.000000
   808.467224     56.000000     32.000000     43.000000     57.000000     39.000000     93.000000     91.000000     84.000000     73.000000     58.000000     56.000000     86.000000   2313.000000   2274.000000   1654.000000   1884.000000   1559.000000   2173.000000   1827.000000   1613.000000   1212.000000   1202.000000   1096.000000   1028.000000   1120.000000   2678.000000    200.000000    152.000000    109.000000    156.000000    126.000000     90.000000    111.000000     93.000000     98.000000   3512.000000   3439.000000   3359.000000   3111.000000   1281.000000   5169.000000   1263.000000   4546.000000     96.000000   1007.000000   1205.000000   1041.000000   2185.000000   1544.000000   1189.000000    571.000000    779.000000    293.000000
   809.817200     30.000000     33.000000     55.000000     34.000000     51.000000     46.000000     81.000000     68.000000     64.000000     46.000000     77.000000     26.000000   2297.000000   2192.000000   1626.000000   1814.000000   1497.000000   2295.000000   1692.000000   1453.000000   1264.000000   1154.000000   1105.000000    828.000000   1100.000000   2622.000000    151.000000    117.000000    105.000000    141.000000    158.000000    100.000000    103.000000     99.000000    102.000000   3432.000000   3329.000000   3233.000000   3099.000000   1247.000000   5155.000000   1167.000000   4445.000000     97.000000   1011.000000   1198.000000    939.000000   2169.000000   1453.000000   1190.000000    578.000000    743.000000    290.000000
   811.167725     53.000000     36.000000     34.000000     55.000000     38.000000     58.000000     92.000000     70.000000     64.000000     63.000000     60.000000     64.000000   2233.000000   2095.000000   1540.000000   1688.000000   1414.000000   2169.000000   1707.000000   1536.000000   1206.000000   1097.000000   1158.000000    868.000000   1106.000000   2527.000000    145.000000    114.000000    117.000000    131.000000    144.000000     61.000000     84.000000    107.000000     98.000000   3332.000000   3384.000000   3088.000000   3013.000000   1229.000000   4929.000000   1109.000000   4292.000000    106.000000   1004.000000   1135.000000    956.000000   2030.000000   1421.000000   1200.000000    534.000000    742.000000    286.000000
   812.518677     42.000000     35.000000     35.000000     13.000000     66.000000     53.000000     75.000000     73.000000     70.000000     70.000000     62.000000     56.000000   2070.000000   1999.000000   1542.000000   1618.000000   1394.000000   2081.000000   1627.000000   1427.000000   1218.000000   1119.000000   1046.000000    887.000000   1058.000000   2578.000000    115.000000    122.000000    107.000000    139.000000    134.000000     87.000000     92.000000    104.000000     85.000000   3234.000000   3148.000000   3022.000000   2854.000000   1113.000000   4775.000000   1173.000000   4269.000000    114.000000    943.000000   1117.000000    950.000000   2055.000000   1377.000000   1113.000000    505.000000    748.000000    287.000000
   813.870117     23.000000     51.000000     41.000000     31.000000     47.000000     75.000000     61.000000     92.000000     80.000000     40.000000     59.000000     47.000000   2224.000000   1963.000000   1507.000000   1714.000000   1382.000000   2010.000000   1542.000000   1427.000000   1179.000000   1089.000000   1121.000000    841.000000   1031.000000   2338.000000    154.000000    121.000000     90.000000     98.000000    169.000000     70.000000     98.000000     88.000000    115.000000   3078.000000   3126.000000   3046.000000   2815.000000   1250.000000   4746.000000   1069.000000   4091.000000    104.000000    927.000000   1106.000000    956.000000   1923.000000   1425.000000   1043.000000    509.000000    714.000000    277.000000
   815.221985     40.000000     48.000000     56.000000     41.000000     33.000000     54.000000     66.000000     65.000000     58.000000     43.000000     59.000000     72.000000   1983.000000   2002.000000   1491.000000   1600.000000   1356.000000   1998.000000   1554.000000   1391.000000   1121.000000    972.000000   1004.000000    870.000000    980.000000   2341.000000    168.000000    139.000000     94.000000    140.000000    140.000000     72.000000     93.000000     66.000000    105.000000   3065.000000   3080.000000   2927.000000   2851.000000   1122.000000   4599.000000    986.000000   4064.000000    107.000000    867.000000   1070.000000    818.000000   1879.000000   1401.000000   1029.000000    506.000000    722.000000    303.000000
   816.574402     47.000000     43.000000     59.000000     18.000000     36.000000     62.000000     47.000000     70.000000     51.000000     41.000000     50.000000     73.000000   2037.000000   1898.000000   1488.000000   1580.000000   1324.000000   1941.000000   1462.000000   1298.000000   1036.000000   1046.000000   1008.000000    792.000000    936.000000   2292.000000    132.000000    113.000000    105.000000    118.000000    132.000000     87.000000     80.000000     82.000000     90.000000   2979.000000   3028.000000   2971.000000   2736.000000   1060.000000   4444.000000   1001.000000   3970.000000    106.000000    884.000000   1105.000000    878.000000   1867.000000   1358.000000   1079.000000    518.000000    643.000000    247.000000
   817.927185     43.000000     43.000000     30.000000     40.000000     46.000000     36.000000     58.000000     72.000000     85.000000     33.000000     54.000000     49.000000   1979.000000   1727.000000   1427.000000   1489.000000   1285.000000   1950.000000   1437.000000   1249.000000   1121.000000    977.000000    970.000000    820.000000    856.000000   2206.000000    118.000000    125.000000    119.000000    135.000000    140.000000     70.000000     91.000000     68.000000     79.000000   2882.000000   2944.000000   2858.000000   2667.000000   1127.000000   4377.000000   1007.000000   4010.000000     97.000000    871.000000   1029.000000    855.000000   1807.000000   1242.000000   1035.000000    491.000000    617.000000    251.000000
   819.280579     29.000000     33.000000     13.000000     41.000000     41.000000     33.000000     42.000000     71.000000     49.000000     33.000000     64.000000     60.000000   1955.000000   1805.000000   1343.000000   1467.000000   1246.000000   1972.000000   1350.000000   1297.000000   1071.000000    947.000000    989.000000    769.000000    907.000000   2247.000000    122.000000    135.000000    105.000000    108.000000    122.000000     53.000000     84.000000     76.000000     93.000000   2933.000000   2903.000000   2789.000000   2658.000000   1045.000000   4170.000000   1008.000000   3785.000000     77.000000    871.000000   1027.000000    800.000000   1759.000000   1316.000000   1052.000000    472.000000    720.000000    273.000000
   820.634521     48.000000     22.000000     33.000000     35.000000     46.000000     66.000000     47.000000     71.000000     41.000000     46.000000     33.000000     60.000000   1963.000000   1782.000000   1375.000000   1409.000000   1152.000000   1834.000000   1390.000000   1227.000000   1017.000000   1007.000000    985.000000    824.000000    905.000000   2084.000000    123.000000    100.000000    100.000000    130.000000    120.000000     63.000000     86.000000     76.000000     96.000000   2877.000000   2889.000000   2676.000000   2605.000000   1118.000000   4276.000000    957.000000   3942.000000     74.000000    913.000000   1060.000000    844.000000   1860.000000   1281.000000    956.000000    475.000000    607.000000    254.000000
   821.988770     42.000000     26.000000     35.000000     27.000000     28.000000     48.000000     83.000000     64.000000     43.000000     54.000000     56.000000     59.000000   1926.000000   1663.000000   1367.000000   1468.000000   1178.000000   1935.000000   1407.000000   1240.000000    995.000000    930.000000    988.000000    761.000000    885.000000   2015.000000    121.000000    107.000000    115.000000    118.000000    119.000000     55.000000    102.000000     64.000000     85.000000   2927.000000   2825.000000   2610.000000   2581.000000   1033.000000   4111.000000   1026.000000   3852.000000     85.000000    821.000000    981.000000    813.000000   1682.000000   1270.000000    984.000000    493.000000    601.000000    236.000000
   823.343628     42.000000     31.000000     25.000000     24.000000     36.000000     51.000000     91.000000     68.000000     51.000000     43.000000     72.000000     51.000000   1808.000000   1771.000000   1294.000000   1435.000000   1177.000000   1848.000000   1296.000000   1195.000000    954.000000    885.000000    933.000000    716.000000    854.000000   2084.000000    104.000000    110.000000     77.000000    137.000000    113.000000     74.000000     72.000000     75.000000     87.000000   2727.000000   2671.000000   2668.000000   2483.000000    951.000000   4026.000000    906.000000   3696.000000    106.000000    834.000000   1032.000000    785.000000   1677.000000   1225.000000    939.000000    443.000000    582.000000    241.000000
   824.698914     26.000000     35.000000     20.000000     52.000000     37.000000     45.000000     45.000000     57.000000     47.000000     60.000000     33.000000     68.000000   1767.000000   1675.000000   1251.000000   1328.000000   1172.000000   1725.000000   1286.000000   1196.000000    999.000000    888.000000   1026.000000    736.000000    807.000000   1956.000000    101.000000    103.000000     78.000000    105.000000    124.000000     79.000000     60.000000     59.000000    120.000000   2729.000000   2627.000000   2486.000000   2460.000000   1066.000000   3939.000000    907.000000   3570.000000     71.000000    775.000000    969.000000    802.000000   1606.000000   1191.000000    971.000000    439.000000    623.000000    236.000000
   826.054626     31.000000     25.000000     28.000000     29.000000     11.000000     61.000000     45.000000     64.000000     46.000000     52.000000     64.000000     40.000000   1750.000000   1621.000000   1337.000000   1380.000000   1109.000000   1745.000000   1247.000000   1275.000000    964.000000    818.000000    955.000000    714.000000    802.000000   2010.000000     99.000000     99.000000     74.000000    111.000000    151.000000     82.000000     46.000000     65.000000     83.000000   2648.000000   2617.000000   2446.000000   2333.000000    963.000000   3858.000000    867.000000   3493.000000     56.000000    767.000000    929.000000    823.000000   1675.000000   1219.000000    879.000000    462.000000    588.000000    266.000000
   827.410889     31.000000     27.000000     31.000000     22.000000     41.000000     44.000000     77.000000     67.000000     46.000000     28.000000     32.000000     35.000000   1662.000000   1647.000000   1249.000000   1316.000000   1105.000000   1811.000000   1222.000000   1115.000000    972.000000    846.000000    810.000000    689.000000    810.000000   1934.000000    131.000000     99.000000     67.000000    135.000000    123.000000     62.000000     86.000000     65.000000    104.000000   2555.000000   2552.000000   2437.000000   2367.000000    985.000000   3697.000000    867.000000   3512.000000     74.000000    713.000000    938.000000    761.000000   1572.000000   1203.000000    868.000000    408.000000    579.000000    227.000000
   828.767578     35.000000     34.000000     23.000000     18.000000     25.000000     46.000000     85.000000     46.000000     70.000000     39.000000     43.000000     29.000000   1770.000000   1588.000000   1247.000000   1352.000000   1128.000000   1712.000000   1279.000000   1120.000000    912.000000    813.000000    892.000000    673.000000    777.000000   1887.000000    117.000000    118.000000     73.000000     77.000000    110.000000     65.000000     65.000000     62.000000     84.000000   2510.000000   2550.000000   2407.000000   2433.000000    943.000000   3620.000000    861.000000   3595.000000     90.000000    769.000000    971.000000    722.000000   1541.000000   1103.000000    963.000000    457.000000    606.000000    207.000000
   830.124817     33.000000     15.000000     20.000000     20.000000     31.000000     57.000000     56.000000     53.000000     57.000000     48.000000     56.000000     44.000000   1639.000000   1615.000000   1188.000000   1253.000000   1137.000000   1738.000000   1194.000000   1169.000000    878.000000    842.000000    805.000000    684.000000    827.000000   1930.000000     95.000000    106.000000     84.000000    102.000000    116.000000     59.000000     74.000000     80.000000     78.000000   2447.000000   2301.000000   2329.000000   2262.000000    981.000000   3570.000000    853.000000   3373.000000     76.000000    700.000000    931.000000    790.000000   1487.000000   1149.000000    861.000000    430.000000    560.000000    236.000000
   831.482483     58.000000     26.000000     17.000000     33.000000     35.000000     57.000000     47.000000     61.000000     64.000000     55.000000     51.000000     61.000000   1622.000000   1495.000000   1246.000000   1299.000000   1105.000000   1733.000000   1151.000000   1091.000000    950.000000    843.000000    857.000000    723.000000    774.000000   1876.000000    104.000000     88.000000     78.000000     91.000000    108.000000     77.000000     80.000000     91.000000     85.000000   2386.000000   2337.000000   2223.000000   2309.000000    951.000000   3610.000000    795.000000   3480.000000     68.000000    745.000000    889.000000    797.000000   1391.000000   1108.000000    810.000000    433.000000    535.000000    238.000000
   832.840576     17.000000     27.000000     49.000000      8.000000      6.000000     41.000000     47.000000     43.000000     47.000000     52.000000     55.000000     32.000000   1635.000000   1460.000000   1190.000000   1276.000000   1090.000000   1624.000000   1208.000000   1122.000000    908.000000    845.000000    876.000000    687.000000    791.000000   1759.000000    109.000000    105.000000     97.000000     84.000000    114.000000     57.000000     75.000000     61.000000     88.000000   2297.000000   2286.000000   2116.000000   2175.000000    958.000000   3422.000000    812.000000   3259.000000     75.000000    745.000000    933.000000    728.000000   1411.000000   1041.000000    766.000000    405.000000    511.000000    240.000000
   834.199280     29.000000     12.000000     21.000000     23.000000     44.000000     49.000000     48.000000     54.000000     36.000000     50.000000     39.000000     52.000000   1687.000000   1476.000000   1182.000000   1250.000000   1070.000000   1656.000000   1194.000000   1092.000000    828.000000    765.000000    833.000000    673.000000    764.000000   1707.000000     91.000000     75.000000     65.000000    105.000000    131.000000     80.000000     58.000000     92.000000    116.000000   2278.000000   2324.000000   2124.000000   2183.000000    928.000000   3452.000000    818.000000   3300.000000     56.000000    702.000000    922.000000    704.000000   1490.000000   1076.000000    825.000000    387.000000    522.000000    223.000000
   835.558411     18.000000     32.000000     51.000000     30.000000     35.000000     27.000000     69.000000     38.000000     39.000000     43.000000     41.000000     38.000000   1662.000000   1409.000000   1175.000000   1298.000000   1059.000000   1718.000000   1108.000000   1090.000000    851.000000    808.000000    745.000000    681.000000    784.000000   1726.000000    126.000000     66.000000     66.000000     90.000000    110.000000     60.000000     62.000000     63.000000     66.000000   2168.000000   2128.000000   2075.000000   2119.000000    945.000000   3350.000000    756.000000   3157.000000     75.000000    684.000000    888.000000    717.000000   1448.000000   1061.000000    828.000000    401.000000    507.000000    222.000000
   836.918030     33.000000     31.000000     28.000000     34.000000     29.000000     53.000000     66.000000     34.000000     41.000000     50.000000     40.000000     41.000000   1628.000000   1401.000000   1177.000000   1201.000000    990.000000   1664.000000   1161.000000   1101.000000    839.000000    768.000000    812.000000    590.000000    721.000000   1727.000000     93.000000     84.000000     71.000000     81.000000     72.000000     72.000000     72.000000     73.000000     89.000000   2168.000000   2158.000000   2225.000000   2196.000000    930.000000   3389.000000    827.000000   3168.000000     86.000000    671.000000    836.000000    686.000000   1348.000000   1078.000000    804.000000    427.000000    486.000000    217.000000
   838.278076     47.000000     47.000000     28.000000     34.000000     31.000000     52.000000     51.000000     46.000000     28.000000     55.000000     59.000000     44.000000   1629.000000   1375.000000   1146.000000   1224.000000   1006.000000   1543.000000   1120.000000   1032.000000    817.000000    707.000000    743.000000    666.000000    681.000000   1746.000000    114.000000     95.000000     52.000000     77.000000     98.000000     44.000000     95.000000     59.000000     91.000000   2188.000000   2160.000000   2086.000000   2134.000000    947.000000   3262.000000    825.000000   3134.000000     52.000000    665.000000    882.000000    720.000000   1307.000000   1098.000000    766.000000    397.000000    509.000000    225.000000
   839.638672     30.000000     18.000000     16.000000     39.000000     16.000000     58.000000     56.000000     27.000000     38.000000     53.000000     39.000000     41.000000   1515.000000   1375.000000   1089.000000   1147.000000   1005.000000   1602.000000   1105.000000   1096.000000    795.000000    723.000000    782.000000    571.000000    717.000000   1751.000000     85.000000     64.000000     55.000000     71.000000    121.000000     49.000000     43.000000     58.000000     93.000000   2189.000000   2049.000000   2075.000000   2073.000000    879.000000   3321.000000    776.000000   3179.000000     56.000000    659.000000    839.000000    675.000000   1337.000000   1052.000000    723.000000    353.000000    487.000000    212.000000
   840.999695     38.000000     33.000000     35.000000     25.000000    -10.000000     42.000000     66.000000     30.000000     67.000000     40.000000     59.000000     40.000000   1555.000000   1320.000000   1176.000000   1156.000000   1023.000000   1461.000000   1081.000000   1014.000000    777.000000    708.000000    739.000000    601.000000    774.000000   1629.000000     87.000000     69.000000     63.000000     75.000000     83.000000     49.000000     61.000000     57.000000     58.000000   2050.000000   2062.000000   2032.000000   2001.000000    935.000000   3161.000000    715.000000   3096.000000     79.000000    693.000000    845.000000    634.000000   1247.000000    998.000000    755.000000    432.000000    434.000000    193.000000
   842.361206     34.000000     11.000000     25.000000     15.000000     20.000000     46.000000     57.000000     47.000000     40.000000     35.000000     31.000000     37.000000   1460.000000   1281.000000   1093.000000   1124.000000    952.000000   1516.000000   1093.000000    971.000000    757.000000    713.000000    730.000000    588.000000    700.000000   1595.000000     64.000000     78.000000     53.000000     80.000000     77.000000     52.000000     72.000000     73.000000     84.000000   2122.000000   2110.000000   2033.000000   2048.000000    863.000000   3109.000000    717.000000   3061.000000     38.000000    655.000000    791.000000    610.000000   1226.000000    949.000000    675.000000    377.000000    479.000000    205.000000
   843.723206     35.000000     34.000000     37.000000     39.000000     28.000000     63.000000     36.000000     52.000000     34.000000     46.000000     29.000000     36.000000   1441.000000   1261.000000   1094.000000   1148.000000    914.000000   1362.000000   1020.000000    973.000000    736.000000    693.000000    680.000000    594.000000    613.000000   1601.000000     98.000000     69.000000     76.000000     93.000000     74.000000     74.000000     77.000000     64.000000     71.000000   2062.000000   2034.000000   1964.000000   2023.000000    785.000000   2808.000000    653.000000   2985.000000     62.000000    621.000000    780.000000    635.000000   1212.000000    971.000000    718.000000    351.000000    435.000000    185.000000
   845.085693     39.000000     32.000000     35.000000     21.000000      7.000000     37.000000     55.000000     46.000000     36.000000     49.000000     44.000000     39.000000   1462.000000   1256.000000   1005.000000   1162.000000    876.000000   1430.000000   1064.000000    869.000000    759.000000    691.000000    691.000000    579.000000    646.000000   1539.000000     89.000000     84.000000     65.000000     74.000000     86.000000     57.000000     57.000000     54.000000     65.000000   2022.000000   1972.000000   2041.000000   1931.000000    797.000000   2918.000000    655.000000   2886.000000     69.000000    594.000000    745.000000    649.000000   1181.000000    936.000000    741.000000    335.000000    432.000000    194.000000
   846.448608     30.000000     44.000000     28.000000     31.000000     25.000000     46.000000     45.000000     29.000000     51.000000     35.000000     46.000000     25.000000   1328.000000   1222.000000    960.000000   1028.000000    901.000000   1383.000000   1006.000000    913.000000    715.000000    615.000000    672.000000    506.000000    666.000000   1489.000000     86.000000     71.000000     84.000000     94.000000     89.000000     64.000000     35.000000     59.000000     81.000000   1949.000000   1944.000000   1914.000000   1926.000000    839.000000   2854.000000    687.000000   2813.000000     59.000000    625.000000    707.000000    594.000000   1134.000000    900.000000    689.000000    343.000000    445.000000    162.000000
   847.812073     24.000000     31.000000     28.000000     14.000000     33.000000     20.000000     51.000000     27.000000     18.000000     31.000000     35.000000     41.000000   1302.000000   1205.000000   1040.000000   1054.000000    894.000000   1354.000000    940.000000    849.000000    659.000000    650.000000    681.000000    532.000000    588.000000   1444.000000    105.000000     81.000000     71.000000     73.000000     74.000000     37.000000     31.000000     64.000000     56.000000   1953.000000   1891.000000   1808.000000   1810.000000    760.000000   2691.000000    666.000000   2674.000000     69.000000    606.000000    687.000000    574.000000   1113.000000    901.000000    644.000000    306.000000    427.000000    204.000000
   849.176025     35.000000     10.000000     40.000000     28.000000     54.000000     42.000000     39.000000     31.000000     46.000000     18.000000     45.000000     27.000000   1383.000000   1179.000000    930.000000    985.000000    928.000000   1278.000000    982.000000    886.000000    717.000000    616.000000    648.000000    564.000000    605.000000   1447.000000     78.000000     81.000000     57.000000     55.000000     59.000000     58.000000     64.000000     47.000000     73.000000   1928.000000   1848.000000   1864.000000   1854.000000    830.000000   2804.000000    621.000000   2650.000000     80.000000    517.000000    750.000000    553.000000   1127.000000    833.000000    615.000000    344.000000    400.000000    163.000000
   850.540405     30.000000     26.000000     13.000000     47.000000     33.000000     24.000000     14.000000     48.000000     40.000000     38.000000     35.000000     30.000000   1211.000000   1175.000000    933.000000    927.000000    793.000000   1365.000000    954.000000    813.000000    674.000000    583.000000    646.000000    513.000000    612.000000   1383.000000     70.000000     61.000000     70.000000    102.000000     88.000000     59.000000     68.000000     66.000000     71.000000   1835.000000   1789.000000   1760.000000   1852.000000    761.000000   2635.000000    734.000000   2640.000000     70.000000    566.000000    591.000000    502.000000   1079.000000    898.000000    593.000000    322.000000    390.000000    160.000000
   851.905273     33.000000     25.000000     27.000000     29.000000     11.000000     22.000000     41.000000     21.000000     49.000000     18.000000     31.000000     13.000000   1333.000000   1142.000000    845.000000    986.000000    825.000000   1294.000000    902.000000    863.000000    665.000000    581.000000    637.000000    538.000000    618.000000   1316.000000     68.000000     78.000000     44.000000     57.000000     80.000000     32.000000     49.000000     62.000000     53.000000   1741.000000   1840.000000   1786.000000   1731.000000    692.000000   2528.000000    630.000000   2632.000000     73.000000    567.000000    686.000000    508.000000   1001.000000    829.000000    628.000000    318.000000    383.000000    175.000000
   853.270630     20.000000     21.000000     30.000000     22.000000     15.000000     50.000000     36.000000     45.000000     33.000000     29.000000     23.000000     27.000000   1181.000000   1102.000000    867.000000    901.000000    832.000000   1300.000000    827.000000    836.000000    622.000000    577.000000    618.000000    464.000000    620.000000   1244.000000     66.000000     77.000000     63.000000     76.000000     74.000000     43.000000     52.000000     40.000000     54.000000   1712.000000   1792.000000   1676.000000   1798.000000    752.000000   2482.000000    604.000000   2551.000000     54.000000    494.000000    677.000000    509.000000   1025.000000    841.000000    614.000000    315.000000    415.000000    122.000000
   854.636475     29.000000     15.000000     37.000000     40.000000     30.000000     26.000000     41.000000     40.000000     22.000000     38.000000     37.000000     34.000000   1236.000000   1134.000000    881.000000    898.000000    772.000000   1268.000000    882.000000    801.000000    651.000000    537.000000    598.000000    485.000000    556.000000   1230.000000    100.000000     84.000000     75.000000     69.000000     89.000000     24.000000     62.000000     51.000000     87.000000   1721.000000   1765.000000   1654.000000   1682.000000    696.000000   2394.000000    576.000000   2390.000000     62.000000    520.000000    640.000000    501.000000    989.000000    858.000000    616.000000    302.000000    361.000000    156.000000
   856.002808     27.000000      9.000000     39.000000     34.000000     28.000000     33.000000     39.000000     38.000000     46.000000     24.000000     33.000000     54.000000   1236.000000   1034.000000    856.000000    936.000000    841.000000   1175.000000    857.000000    747.000000    682.000000    614.000000    610.000000    454.000000    578.000000   1237.000000     60.000000     76.000000     67.000000     78.000000     70.000000     49.000000     63.000000     45.000000     54.000000   1715.000000   1609.000000   1633.000000   1683.000000    747.000000   2220.000000    625.000000   2377.000000     67.000000    515.000000    599.000000    522.000000    918.000000    844.000000    536.000000    299.000000    373.000000    150.000000
   857.369629     32.000000      8.000000     20.000000     37.000000     14.000000     37.000000     43.000000     47.000000     53.000000     18.000000     34.000000     10.000000   1183.000000    978.000000    865.000000    890.000000    781.000000   1144.000000    776.000000    758.000000    581.000000    522.000000    581.000000    492.000000    539.000000   1211.000000     80.000000     48.000000     53.000000     60.000000     82.000000     47.000000     66.000000     58.000000     67.000000   1708.000000   1664.000000   1700.000000   1591.000000    737.000000   2285.000000    580.000000   2263.000000     63.000000    561.000000    603.000000    509.000000    976.000000    822.000000    577.000000    308.000000    405.000000    187.000000
   858.736877     41.000000     42.000000     19.000000     10.000000     17.000000     40.000000     23.000000     54.000000     41.000000     26.000000     36.000000     20.000000   1143.000000   1053.000000    880.000000    882.000000    727.000000   1153.000000    771.000000    773.000000    627.000000    489.000000    611.000000    456.000000    552.000000   1214.000000     56.000000     76.000000     45.000000     60.000000     82.000000     39.000000     30.000000     62.000000     63.000000   1631.000000   1699.000000   1573.000000   1580.000000    685.000000   2185.000000    516.000000   2231.000000     37.000000    490.000000    608.000000    488.000000    965.000000    700.000000    557.000000    308.000000    330.000000    142.000000
   860.104614     26.000000     23.000000     34.000000     30.000000     15.000000     44.000000     40.000000     57.000000     43.000000     16.000000     35.000000     19.000000   1180.000000   1028.000000    814.000000    874.000000    724.000000   1148.000000    794.000000    687.000000    579.000000    545.000000    578.000000    451.000000    520.000000   1156.000000     57.000000     50.000000     66.000000     83.000000     78.000000     56.000000     38.000000     58.000000     71.000000   1552.000000   1657.000000   1590.000000   1570.000000    706.000000   2146.000000    528.000000   2201.000000     43.000000    488.000000    614.000000    455.000000    932.000000    752.000000    569.000000    277.000000    361.000000    147.000000
   861.472900     29.000000     10.000000     11.000000     20.000000     30.000000     27.000000     36.000000     43.000000     55.000000     32.000000     -5.000000     27.000000   1031.000000   1027.000000    835.000000    816.000000    711.000000   1130.000000    784.000000    780.000000    557.000000    486.000000    547.000000    466.000000    535.000000   1209.000000     50.000000     53.000000     77.000000     78.000000     65.000000     40.000000     53.000000     51.000000     57.000000   1576.000000   1575.000000   1577.000000   1563.000000    682.000000   2195.000000    559.000000   2116.000000     50.000000    518.000000    565.000000    473.000000    921.000000    736.000000    535.000000    333.000000    313.000000    133.000000
   862.841614     34.000000     -4.000000     20.000000     14.000000     30.000000     27.000000     26.000000     34.000000     27.000000     35.000000     43.000000     22.000000   1093.000000   1048.000000    793.000000    796.000000    685.000000   1052.000000    703.000000    760.000000    545.000000    525.000000    548.000000    437.000000    479.000000   1130.000000     69.000000     42.000000     52.000000     56.000000     66.000000     41.000000     54.000000     39.000000     53.000000   1620.000000   1608.000000   1498.000000   1457.000000    699.000000   2077.000000    530.000000   2139.000000     56.000000    473.000000    600.000000    499.000000    827.000000    742.000000    558.000000    317.000000    353.000000    119.000000
   864.210815     19.000000     18.000000     18.000000      7.000000     19.000000     33.000000     30.000000     20.000000     38.000000     36.000000     37.000000     22.000000   1052.000000    960.000000    825.000000    766.000000    654.000000   1100.000000    711.000000    763.000000    554.000000    551.000000    545.000000    475.000000    469.000000   1088.000000     55.000000     52.000000     60.000000     66.000000     67.000000     49.000000     56.000000     36.000000     64.000000   1587.000000   1524.000000   1388.000000   1569.000000    634.000000   1988.000000    480.000000   2125.000000     58.000000    509.000000    600.000000    472.000000    880.000000    749.000000    595.000000    288.000000    323.000000    136.000000
   865.580383     16.000000     19.000000     28.000000     20.000000     14.000000     29.000000     45.000000     24.000000     27.000000     41.000000     33.000000     23.000000   1103.000000    920.000000    748.000000    808.000000    661.000000   1129.000000    739.000000    717.000000    553.000000    470.000000    479.000000    408.000000    512.000000   1131.000000     66.000000     59.000000     38.000000     42.000000     45.000000     40.000000     43.000000     54.000000     60.000000   1570.000000   1489.000000   1446.000000   1472.000000    700.000000   2093.000000    537.000000   2004.000000     44.000000    501.000000    554.000000    433.000000    923.000000    698.000000    518.000000    281.000000    327.000000    138.000000
   866.950623     43.000000     17.000000     22.000000     20.000000     26.000000     25.000000     29.000000     21.000000     27.000000     23.000000     21.000000     14.000000   1069.000000    930.000000    808.000000    754.000000    669.000000   1128.000000    708.000000    713.000000    499.000000    531.000000    461.000000    432.000000    492.000000   1095.000000     62.000000     69.000000     38.000000     46.000000     59.000000     50.000000     75.000000     51.000000     43.000000   1494.000000   1516.000000   1442.000000   1453.000000    624.000000   2067.000000    464.000000   2053.000000     52.000000    489.000000    547.000000    416.000000    835.000000    687.000000    482.000000    270.000000    323.000000    124.000000
   868.321289     20.000000     18.000000     25.000000      5.000000     26.000000     25.000000     40.000000     28.000000     31.000000     16.000000     43.000000     18.000000   1017.000000    863.000000    810.000000    771.000000    636.000000   1014.000000    684.000000    761.000000    531.000000    485.000000    498.000000    416.000000    479.000000   1089.000000     47.000000     51.000000     59.000000     45.000000     56.000000     24.000000     67.000000     54.000000     53.000000   1485.000000   1503.000000   1491.000000   1455.000000    595.000000   2094.000000    522.000000   2048.000000     44.000000    480.000000    550.000000    425.000000    821.000000    684.000000    520.000000    266.000000    324.000000    155.000000
   869.692383     19.000000     15.000000     15.000000     22.000000     21.000000     26.000000     45.000000     24.000000     40.000000     33.000000     21.000000     27.000000    997.000000    847.000000    819.000000    793.000000    692.000000   1023.000000    627.000000    697.000000    545.000000    483.000000    490.000000    382.000000    417.000000   1043.000000     53.000000     58.000000     49.000000     62.000000     69.000000     38.000000     49.000000     40.000000     47.000000   1433.000000   1410.000000   1422.000000   1405.000000    625.000000   1952.000000    456.000000   1984.000000     37.000000    505.000000    547.000000    471.000000    802.000000    706.000000    544.000000    283.000000    318.000000    128.000000
   871.064026     37.000000     23.000000     22.000000     10.000000     26.000000     34.000000     39.000000     55.000000     33.000000     37.000000     31.000000     26.000000    978.000000    829.000000    773.000000    799.000000    648.000000   1016.000000    665.000000    647.000000    500.000000    485.000000    493.000000    390.000000    504.000000    982.000000     55.000000     59.000000     43.000000     73.000000     58.000000     30.000000     57.000000     38.000000     40.000000   1448.000000   1383.000000   1432.000000   1416.000000    598.000000   1872.000000    461.000000   1943.000000     62.000000    448.000000    549.000000    405.000000    755.000000    674.000000    490.000000    240.000000    284.000000    119.000000
   872.436096     37.000000     14.000000     27.000000     47.000000     19.000000     30.000000     25.000000     45.000000     39.000000     37.000000     31.000000      7.000000    947.000000    844.000000    754.000000    741.000000    618.000000   1010.000000    704.000000    625.000000    489.000000    482.000000    484.000000    432.000000    412.000000   1005.000000     53.000000     55.000000     52.000000     67.000000     80.000000     28.000000     26.000000     39.000000     58.000000   1459.000000   1327.000000   1344.000000   1421.000000    632.000000   1946.000000    447.000000   2056.000000     64.000000    458.000000    590.000000    441.000000    779.000000    661.000000    486.000000    272.000000    336.000000    147.000000
   873.808716     16.000000      1.000000     13.000000     10.000000     28.000000     37.000000     21.000000     34.000000     30.000000     24.000000     23.000000     20.000000    894.000000    863.000000    715.000000    747.000000    595.000000   1040.000000    683.000000    612.000000    496.000000    446.000000    472.000000    355.000000    451.000000   1036.000000     47.000000     48.000000     36.000000     56.000000     76.000000     49.000000     49.000000     46.000000     65.000000   1425.000000   1423.000000   1347.000000   1386.000000    590.000000   1896.000000    449.000000   1908.000000     52.000000    437.000000    552.000000    363.000000    764.000000    653.000000    530.000000    297.000000    295.000000    135.000000
   875.181702     14.000000     24.000000     20.000000      7.000000     -1.000000     40.000000     20.000000     42.000000     25.000000     34.000000     34.000000     31.000000    910.000000    838.000000    725.000000    741.000000    684.000000   1023.000000    660.000000    660.000000    539.000000    451.000000    455.000000    394.000000    432.000000   1090.000000     78.000000     50.000000     42.000000     50.000000     61.000000     41.000000     45.000000     42.000000     61.000000   1344.000000   1360.000000   1279.000000   1366.000000    675.000000   1856.000000    458.000000   1847.000000     31.000000    441.000000    545.000000    380.000000    780.000000    704.000000    487.000000    301.000000    269.000000    123.000000
   876.555176     35.000000     21.000000     26.000000     22.000000     24.000000     32.000000     35.000000     25.000000     35.000000     30.000000     18.000000     21.000000    912.000000    807.000000    732.000000    702.000000    650.000000   1049.000000    650.000000    707.000000    501.000000    465.000000    440.000000    388.000000    441.000000   1044.000000     49.000000     49.000000     40.000000     40.000000     84.000000     34.000000     39.000000     48.000000     55.000000   1354.000000   1412.000000   1383.000000   1295.000000    598.000000   1890.000000    466.000000   1958.000000     51.000000    417.000000    481.000000    401.000000    757.000000    691.000000    483.000000    270.000000    289.000000    120.000000
   877.929199     11.000000     29.000000     12.000000     36.000000     26.000000     37.000000     38.000000     54.000000     24.000000     25.000000     10.000000     33.000000    865.000000    844.000000    648.000000    744.000000    605.000000   1034.000000    631.000000    687.000000    509.000000    446.000000    430.000000    424.000000    430.000000   1028.000000     33.000000     54.000000     43.000000     49.000000     44.000000     34.000000     20.000000     45.000000     58.000000   1342.000000   1345.000000   1309.000000   1348.000000    595.000000   1855.000000    478.000000   1908.000000     52.000000    409.000000    554.000000    375.000000    756.000000    637.000000    464.000000    282.000000    262.000000    122.000000
   879.303711     38.000000     24.000000     24.000000     35.000000     19.000000     13.000000     38.000000     11.000000     16.000000     16.000000     21.000000     29.000000    915.000000    833.000000    664.000000    665.000000    687.000000   1008.000000    641.000000    635.000000    501.000000    485.000000    446.000000    373.000000    458.000000    979.000000     70.000000     46.000000     56.000000     58.000000     54.000000     34.000000     23.000000     51.000000     62.000000   1355.000000   1396.000000   1330.000000   1340.000000    625.000000   1929.000000    461.000000   1892.000000     54.000000    396.000000    541.000000    382.000000    737.000000    706.000000    468.000000    242.000000    281.000000    121.000000
   880.678589     25.000000     21.000000     18.000000     20.000000     20.000000     43.000000     18.000000     25.000000     35.000000     20.000000     21.000000      8.000000    907.000000    829.000000    715.000000    738.000000    651.000000    992.000000    653.000000    651.000000    537.000000    419.000000    443.000000    363.000000    420.000000   1047.000000     45.000000     42.000000     56.000000     38.000000     50.000000     40.000000     53.000000     68.000000     60.000000   1339.000000   1287.000000   1322.000000   1318.000000    619.000000   1850.000000    459.000000   1922.000000     50.000000    456.000000    532.000000    362.000000    785.000000    665.000000    475.000000    265.000000    284.000000    118.000000
   882.054077     18.000000     27.000000     17.000000     12.000000     18.000000     10.000000     41.000000     31.000000     15.000000     43.000000     24.000000     22.000000    863.000000    809.000000    713.000000    709.000000    643.000000    954.000000    661.000000    600.000000    542.000000    400.000000    448.000000    364.000000    410.000000    967.000000     46.000000     67.000000     56.000000     37.000000     57.000000     32.000000     50.000000     38.000000     46.000000   1323.000000   1357.000000   1309.000000   1351.000000    614.000000   1862.000000    448.000000   1840.000000     59.000000    408.000000    515.000000    392.000000    731.000000    657.000000    430.000000    273.000000    271.000000    123.000000
   883.429993     18.000000     14.000000     24.000000      6.000000      8.000000     50.000000     22.000000     36.000000     16.000000     44.000000     42.000000     28.000000    896.000000    829.000000    660.000000    688.000000    601.000000    997.000000    620.000000    635.000000    486.000000    395.000000    410.000000    387.000000    491.000000    986.000000     66.000000     60.000000     36.000000     47.000000     69.000000     25.000000     35.000000     41.000000     42.000000   1318.000000   1285.000000   1277.000000   1313.000000    624.000000   1809.000000    464.000000   1839.000000     43.000000    401.000000    525.000000    360.000000    729.000000    607.000000    467.000000    245.000000    301.000000    126.000000
   884.806396     25.000000     19.000000    -10.000000      2.000000     27.000000     30.000000     33.000000     32.000000     25.000000     39.000000     37.000000     22.000000    849.000000    815.000000    644.000000    646.000000    592.000000    975.000000    594.000000    581.000000    509.000000    437.000000    478.000000    341.000000    414.000000    961.000000     55.000000     51.000000     54.000000     39.000000     70.000000     35.000000     38.000000     31.000000     57.000000   1280.000000   1318.000000   1282.000000   1261.000000    603.000000   1805.000000    480.000000   1823.000000     48.000000    424.000000    520.000000    390.000000    730.000000    604.000000    502.000000    285.000000    291.000000    104.000000
   886.183289     28.000000      5.000000     16.000000     25.000000    -16.000000     34.000000     16.000000     30.000000     21.000000     45.000000     26.000000     10.000000    849.000000    850.000000    740.000000    640.000000    617.000000    948.000000    603.000000    575.000000    449.000000    398.000000    421.000000    383.000000    436.000000    898.000000     60.000000     50.000000     11.000000     45.000000     69.000000     22.000000     48.000000     36.000000     54.000000   1288.000000   1236.000000   1208.000000   1258.000000    582.000000   1792.000000    434.000000   1693.000000     41.000000    409.000000    466.000000    393.000000    673.000000    599.000000    452.000000    242.000000    262.000000    132.000000
   887.560730     18.000000      4.000000     12.000000     -3.000000     22.000000     11.000000     25.000000     34.000000      8.000000     37.000000     13.000000     19.000000    863.000000    750.000000    629.000000    636.000000    594.000000    917.000000    622.000000    562.000000    488.000000    403.000000    453.000000    384.000000    422.000000    872.000000     50.000000     54.000000     70.000000     49.000000     69.000000     23.000000     43.000000     42.000000     64.000000   1254.000000   1270.000000   1208.000000   1266.000000    563.000000   1769.000000    454.000000   1742.000000     50.000000    415.000000    454.000000    350.000000    680.000000    673.000000    424.000000    277.000000    236.000000    146.000000
   888.938477     17.000000     19.000000     18.000000      9.000000     24.000000     31.000000     36.000000     19.000000     23.000000     28.000000     31.000000     23.000000    867.000000    733.000000    658.000000    665.000000    542.000000    956.000000    587.000000    591.000000    490.000000    407.000000    426.000000    363.000000    427.000000    940.000000     37.000000     25.000000     29.000000     37.000000     56.000000     27.000000     36.000000     30.000000     69.000000   1164.000000   1148.000000   1147.000000   1241.000000    560.000000   1646.000000    463.000000   1722.000000     57.000000    416.000000    436.000000    359.000000    602.000000    585.000000    423.000000    234.000000    240.000000    103.000000
   890.316772     33.000000     24.000000     31.000000      1.000000     23.000000     15.000000     28.000000     47.000000     36.000000     23.000000     25.000000     25.000000    823.000000    726.000000    623.000000    617.000000    572.000000    863.000000    574.000000    504.000000    480.000000    370.000000    415.000000    330.000000    407.000000    885.000000     35.000000     68.000000     37.000000     54.000000     56.000000     33.000000     38.000000     32.000000     40.000000   1193.000000   1203.000000   1173.000000   1154.000000    557.000000   1549.000000    421.000000   1697.000000     31.000000    385.000000    422.000000    322.000000    652.000000    617.000000    415.000000    228.000000    271.000000     91.000000
   891.695618     16.000000      2.000000     32.000000      7.000000     23.000000     24.000000     31.000000     47.000000     26.000000     26.000000     31.000000     12.000000    846.000000    639.000000    656.000000    609.000000    561.000000    831.000000    547.000000    576.000000    424.000000    375.000000    407.000000    345.000000    398.000000    801.000000     38.000000     43.000000     35.000000     58.000000     78.000000     46.000000     41.000000     66.000000     49.000000   1149.000000   1132.000000   1179.000000   1196.000000    515.000000   1553.000000    392.000000   1603.000000     58.000000    386.000000    431.000000    334.000000    593.000000    552.000000    419.000000    224.000000    217.000000     94.000000
   893.074829     18.000000     19.000000     27.000000     21.000000      6.000000     27.000000     26.000000     32.000000     11.000000     25.000000     22.000000     13.000000    813.000000    733.000000    659.000000    599.000000    462.000000    816.000000    583.000000    555.000000    383.000000    371.000000    419.000000    327.000000    386.000000    818.000000     42.000000     48.000000     29.000000     37.000000     59.000000     26.000000     35.000000     54.000000     49.000000   1158.000000   1129.000000   1123.000000   1173.000000    550.000000   1499.000000    409.000000   1555.000000     42.000000    371.000000    441.000000    347.000000    621.000000    560.000000    390.000000    233.000000    234.000000    106.000000
   894.454590     12.000000      3.000000     27.000000     23.000000      9.000000     17.000000     22.000000     41.000000     36.000000     28.000000     22.000000     10.000000    756.000000    632.000000    600.000000    594.000000    545.000000    830.000000    558.000000    549.000000    422.000000    355.000000    425.000000    309.000000    360.000000    821.000000     50.000000     49.000000     43.000000     35.000000     58.000000     39.000000     33.000000     46.000000     39.000000   1093.000000   1150.000000   1090.000000   1109.000000    501.000000   1488.000000    416.000000   1475.000000     17.000000    340.000000    415.000000    316.000000    614.000000    533.000000    365.000000    252.000000    241.000000    106.000000
   895.834778     21.000000     32.000000     32.000000     17.000000     14.000000     26.000000     21.000000     43.000000     31.000000     30.000000      5.000000     27.000000    772.000000    686.000000    547.000000    579.000000    474.000000    829.000000    482.000000    464.000000    446.000000    357.000000    375.000000    325.000000    341.000000    830.000000     54.000000     34.000000     40.000000     34.000000     48.000000     15.000000     41.000000     31.000000     60.000000   1070.000000   1028.000000   1078.000000   1059.000000    487.000000   1490.000000    384.000000   1508.000000     50.000000    387.000000    439.000000    304.000000    592.000000    480.000000    350.000000    224.000000    249.000000     87.000000
   897.215576     18.000000      7.000000      9.000000     23.000000     28.000000      9.000000     27.000000     43.000000     30.000000     26.000000     18.000000      4.000000    733.000000    614.000000    565.000000    557.000000    492.000000    826.000000    491.000000    518.000000    412.000000    328.000000    351.000000    327.000000    362.000000    856.000000     42.000000     65.000000     47.000000     50.000000     53.000000     14.000000     54.000000     37.000000     41.000000    991.000000   1011.000000   1001.000000   1083.000000    476.000000   1365.000000    375.000000   1490.000000     16.000000    333.000000    392.000000    320.000000    545.000000    537.000000    345.000000    224.000000    214.000000     88.000000
   898.596802     17.000000      6.000000     13.000000     23.000000     10.000000     35.000000     41.000000     25.000000     31.000000     19.000000     31.000000     21.000000    786.000000    654.000000    542.000000    579.000000    527.000000    760.000000    497.000000    476.000000    386.000000    358.000000    321.000000    328.000000    318.000000    738.000000     39.000000     36.000000     27.000000     35.000000     46.000000     40.000000     33.000000     26.000000     57.000000    952.000000   1058.000000   1078.000000   1064.000000    419.000000   1401.000000    363.000000   1400.000000     48.000000    331.000000    397.000000    273.000000    577.000000    537.000000    362.000000    204.000000    182.000000    112.000000
   899.978516     28.000000     18.000000      9.000000      2.000000     16.000000     13.000000     37.000000     27.000000     31.000000     24.000000      8.000000     12.000000    744.000000    606.000000    580.000000    555.000000    482.000000    767.000000    535.000000    470.000000    422.000000    301.000000    381.000000    311.000000    319.000000    788.000000     36.000000     40.000000     26.000000     38.000000     39.000000     47.000000     35.000000     36.000000     47.000000    994.000000   1063.000000    950.000000   1013.000000    460.000000   1321.000000    342.000000   1383.000000     38.000000    354.000000    424.000000    305.000000    512.000000    515.000000    348.000000    181.000000    214.000000     92.000000
   901.360596     16.000000     24.000000      9.000000     20.000000     27.000000     12.000000     31.000000     25.000000     19.000000     30.000000     28.000000     29.000000    679.000000    602.000000    560.000000    547.000000    494.000000    855.000000    516.000000    470.000000    385.000000    338.000000    366.000000    287.000000    343.000000    750.000000     61.000000     33.000000     46.000000     35.000000     50.000000     19.000000     46.000000     39.000000     44.000000    998.000000   1025.000000    986.000000    969.000000    434.000000   1297.000000    362.000000   1344.000000     40.000000    310.000000    412.000000    334.000000    581.000000    458.000000    360.000000    224.000000    201.000000     87.000000
   902.743286     -2.000000     13.000000      1.000000     24.000000     24.000000     25.000000     18.000000     23.000000     18.000000      8.000000     16.000000     13.000000    689.000000    604.000000    529.000000    546.000000    474.000000    781.000000    452.000000    476.000000    393.000000    344.000000    366.000000    254.000000    318.000000    674.000000     36.000000     34.000000     46.000000     41.000000     38.000000     48.000000     32.000000     45.000000     45.000000    953.000000    989.000000    951.000000    925.000000    431.000000   1317.000000    346.000000   1375.000000     50.000000    305.000000    408.000000    288.000000    540.000000    503.000000    358.000000    250.000000    193.000000    105.000000
   904.126404      6.000000     18.000000      6.000000     11.000000     21.000000     20.000000     15.000000     30.000000     36.000000      0.000000     19.000000      9.000000    686.000000    626.000000    541.000000    498.000000    455.000000    773.000000    514.000000    470.000000    373.000000    342.000000    381.000000    274.000000    373.000000    740.000000     49.000000     35.000000     48.000000     46.000000     48.000000     11.000000     27.000000     35.000000     34.000000    990.000000    986.000000    943.000000    948.000000    433.000000   1162.000000    354.000000   1323.000000     29.000000    334.000000    382.000000    269.000000    510.000000    491.000000    326.000000    202.000000    194.000000     96.000000
   905.510010     10.000000     19.000000      2.000000     24.000000      4.000000     14.000000     27.000000     30.000000     31.000000     17.000000      4.000000     37.000000    690.000000    566.000000    462.000000    546.000000    451.000000    730.000000    475.000000    482.000000    384.000000    276.000000    348.000000    292.000000    278.000000    714.000000     18.000000     30.000000     40.000000     35.000000     65.000000     46.000000     43.000000     46.000000     45.000000    893.000000    947.000000    932.000000    903.000000    426.000000   1127.000000    371.000000   1261.000000     21.000000    302.000000    410.000000    269.000000    490.000000    448.000000    300.000000    197.000000    178.000000     83.000000
   906.893982     16.000000     15.000000     13.000000     33.000000      6.000000     12.000000     31.000000     20.000000     30.000000     16.000000      8.000000     31.000000    702.000000    614.000000    531.000000    511.000000    464.000000    748.000000    420.000000    451.000000    367.000000    301.000000    339.000000    253.000000    337.000000    698.000000     38.000000     38.000000     42.000000     55.000000     47.000000     36.000000     34.000000     39.000000     35.000000    917.000000    942.000000    943.000000    896.000000    403.000000   1133.000000    351.000000   1273.000000     31.000000    307.000000    404.000000    296.000000    503.000000    501.000000    310.000000    232.000000    217.000000     82.000000
   908.278625     33.000000      8.000000     24.000000     20.000000     12.000000     19.000000     24.000000     23.000000     21.000000     35.000000     25.000000     16.000000    701.000000    546.000000    487.000000    507.000000    451.000000    721.000000    467.000000    460.000000    360.000000    299.000000    334.000000    269.000000    310.000000    646.000000     62.000000     46.000000     53.000000     48.000000     44.000000     40.000000     48.000000     43.000000     33.000000    958.000000    916.000000    867.000000    912.000000    417.000000   1101.000000    348.000000   1177.000000     34.000000    318.000000    315.000000    235.000000    504.000000    456.000000    303.000000    179.000000    227.000000     88.000000
   909.663696     26.000000     17.000000     10.000000      5.000000     22.000000     16.000000     23.000000     28.000000     17.000000     49.000000     24.000000     11.000000    675.000000    584.000000    502.000000    473.000000    406.000000    767.000000    443.000000    417.000000    355.000000    279.000000    396.000000    309.000000    321.000000    696.000000     46.000000     18.000000     46.000000     39.000000     31.000000     29.000000     38.000000     38.000000     37.000000    905.000000    975.000000    945.000000    909.000000    411.000000   1138.000000    326.000000   1230.000000     32.000000    320.000000    371.000000    249.000000    493.000000    450.000000    309.000000    197.000000    187.000000     89.000000
   911.049194     21.000000     29.000000      4.000000      3.000000     11.000000      6.000000      7.000000      5.000000     23.000000     22.000000     14.000000     30.000000    631.000000    507.000000    500.000000    488.000000    456.000000    672.000000    405.000000    427.000000    339.000000    308.000000    312.000000    264.000000    303.000000    664.000000     54.000000     26.000000     24.000000     25.000000     23.000000     48.000000     44.000000     37.000000     37.000000    834.000000    887.000000    970.000000    907.000000    428.000000   1106.000000    316.000000   1142.000000     32.000000    304.000000    341.000000    228.000000    495.000000    460.000000    330.000000    229.000000    208.000000     76.000000
   912.435181     13.000000     -2.000000     15.000000      9.000000     12.000000      7.000000     24.000000     18.000000     45.000000     53.000000      1.000000     23.000000    682.000000    538.000000    509.000000    472.000000    409.000000    652.000000    431.000000    454.000000    352.000000    313.000000    341.000000    283.000000    277.000000    709.000000     34.000000     23.000000     34.000000     28.000000     26.000000     26.000000     21.000000     35.000000     38.000000    880.000000    893.000000    862.000000    867.000000    415.000000   1126.000000    276.000000   1099.000000     26.000000    276.000000    355.000000    252.000000    490.000000    453.000000    307.000000    200.000000    182.000000     91.000000
   913.821716     21.000000     27.000000      5.000000      6.000000      9.000000     33.000000     27.000000     14.000000     25.000000     30.000000     21.000000     24.000000    622.000000    487.000000    482.000000    442.000000    400.000000    604.000000    406.000000    415.000000    312.000000    286.000000    293.000000    217.000000    284.000000    616.000000     40.000000     27.000000     40.000000     37.000000     31.000000     30.000000     13.000000     21.000000     43.000000    830.000000    845.000000    868.000000    836.000000    398.000000   1077.000000    329.000000   1111.000000     50.000000    271.000000    332.000000    258.000000    480.000000    438.000000    282.000000    224.000000    172.000000     79.000000
   915.208618     14.000000      9.000000      2.000000     -2.000000      9.000000     14.000000     25.000000     31.000000     13.000000     32.000000     34.000000      4.000000    635.000000    469.000000    428.000000    439.000000    410.000000    633.000000    398.000000    392.000000    311.000000    250.000000    318.000000    225.000000    302.000000    647.000000     43.000000     41.000000     38.000000     36.000000     30.000000     24.000000     23.000000     35.000000     31.000000    847.000000    855.000000    843.000000    852.000000    421.000000   1083.000000    295.000000   1220.000000     43.000000    280.000000    353.000000    239.000000    434.000000    439.000000    275.000000    186.000000    145.000000     82.000000
   916.596130     25.000000     43.000000     22.000000      9.000000     23.000000     21.000000     23.000000     24.000000     26.000000     31.000000     22.000000      7.000000    537.000000    527.000000    422.000000    473.000000    389.000000    619.000000    368.000000    380.000000    329.000000    278.000000    285.000000    234.000000    267.000000    597.000000     41.000000     35.000000     31.000000     29.000000     35.000000     25.000000     44.000000     39.000000     32.000000    796.000000    759.000000    760.000000    859.000000    401.000000   1041.000000    312.000000   1085.000000     44.000000    272.000000    339.000000    240.000000    435.000000    455.000000    268.000000    185.000000    157.000000    102.000000
   917.984009     20.000000     14.000000     -4.000000      6.000000     37.000000     18.000000     34.000000     27.000000      5.000000     17.000000     23.000000     21.000000    591.000000    502.000000    427.000000    454.000000    416.000000    612.000000    404.000000    420.000000    295.000000    292.000000    313.000000    237.000000    241.000000    615.000000     38.000000     51.000000     43.000000     40.000000     60.000000     17.000000     32.000000     49.000000     23.000000    805.000000    789.000000    781.000000    778.000000    357.000000   1010.000000    285.000000   1118.000000     52.000000    244.000000    332.000000    223.000000    428.000000    389.000000    247.000000    170.000000    137.000000     60.000000
   919.372375     11.000000      5.000000     16.000000     -5.000000      5.000000     11.000000     23.000000     16.000000     23.000000     21.000000     19.000000      5.000000    580.000000    454.000000    407.000000    397.000000    330.000000    593.000000    381.000000    394.000000    310.000000    238.000000    265.000000    237.000000    304.000000    564.000000     17.000000     29.000000     41.000000     24.000000     49.000000     23.000000     26.000000     40.000000     49.000000    771.000000    769.000000    728.000000    765.000000    367.000000    957.000000    273.000000   1063.000000     32.000000    311.000000    293.000000    214.000000    405.000000    420.000000    244.000000    183.000000    165.000000     76.000000
   920.761292      8.000000     16.000000     14.000000      9.000000     10.000000     15.000000     11.000000     14.000000     15.000000     18.000000     15.000000     25.000000    559.000000    486.000000    419.000000    409.000000    366.000000    595.000000    384.000000    411.000000    256.000000    240.000000    290.000000    196.000000    258.000000    591.000000     33.000000     18.000000     18.000000     25.000000     42.000000     30.000000     25.000000     36.000000     44.000000    691.000000    751.000000    706.000000    734.000000    394.000000   1004.000000    281.000000   1063.000000     15.000000    222.000000    303.000000    230.000000    417.000000    358.000000    246.000000    145.000000    109.000000     76.000000
   922.150574     15.000000      2.000000     11.000000     15.000000      9.000000     14.000000     32.000000     19.000000     20.000000     28.000000      9.000000     21.000000    545.000000    470.000000    425.000000    434.000000    372.000000    580.000000    326.000000    390.000000    283.000000    246.000000    248.000000    245.000000    253.000000    550.000000     31.000000     37.000000     17.000000     30.000000     34.000000     28.000000     20.000000     27.000000     38.000000    774.000000    724.000000    676.000000    703.000000    383.000000    966.000000    270.000000   1066.000000     31.000000    259.000000    311.000000    216.000000    374.000000    355.000000    260.000000    161.000000    154.000000     69.000000
   923.540527     15.000000     18.000000     11.000000     21.000000     18.000000     15.000000     23.000000     26.000000     15.000000     20.000000     19.000000     12.000000    514.000000    452.000000    401.000000    394.000000    368.000000    549.000000    354.000000    364.000000    294.000000    250.000000    264.000000    211.000000    256.000000    545.000000     34.000000     32.000000     40.000000     26.000000     35.000000     13.000000     34.000000     31.000000     42.000000    766.000000    688.000000    656.000000    702.000000    366.000000    957.000000    297.000000   1000.000000     19.000000    220.000000    290.000000    200.000000    357.000000    378.000000    214.000000    166.000000    136.000000     48.000000
   924.930786      5.000000     22.000000     10.000000     -8.000000     19.000000     19.000000      5.000000     17.000000     17.000000     22.000000     20.000000     16.000000    535.000000    454.000000    399.000000    388.000000    336.000000    528.000000    358.000000    360.000000    272.000000    224.000000    253.000000    216.000000    278.000000    533.000000     38.000000     42.000000     24.000000     27.000000     38.000000     13.000000     37.000000     19.000000     45.000000    667.000000    715.000000    707.000000    677.000000    358.000000    929.000000    257.000000   1010.000000     23.000000    281.000000    292.000000    207.000000    375.000000    344.000000    220.000000    174.000000    133.000000     55.000000
   926.321594      1.000000     16.000000     14.000000     15.000000      5.000000     15.000000     31.000000     19.000000     19.000000     14.000000     29.000000     27.000000    499.000000    433.000000    422.000000    424.000000    346.000000    464.000000    363.000000    412.000000    297.000000    211.000000    277.000000    197.000000    249.000000    534.000000     46.000000     42.000000     39.000000     35.000000     43.000000     24.000000     12.000000     31.000000     18.000000    715.000000    779.000000    675.000000    708.000000    356.000000    878.000000    273.000000   1005.000000     20.000000    283.000000    283.000000    222.000000    356.000000    382.000000    242.000000    176.000000    143.000000     79.000000
   927.712891      8.000000     -1.000000     19.000000      7.000000     12.000000     18.000000     33.000000     11.000000     22.000000      9.000000     12.000000     34.000000    526.000000    407.000000    394.000000    398.000000    339.000000    476.000000    335.000000    301.000000    267.000000    187.000000    254.000000    197.000000    210.000000    477.000000     29.000000     32.000000     31.000000     36.000000     32.000000      0.000000     16.000000     16.000000     11.000000    692.000000    690.000000    650.000000    645.000000    315.000000    882.000000    255.000000    919.000000     11.000000    231.000000    271.000000    196.000000    305.000000    353.000000    242.000000    136.000000    140.000000     58.000000
   929.104614     18.000000     15.000000     14.000000     17.000000      5.000000     13.000000     18.000000     24.000000     15.000000     10.000000      6.000000    -10.000000    447.000000    417.000000    389.000000    387.000000    286.000000    515.000000    347.000000    321.000000    285.000000    226.000000    275.000000    238.000000    247.000000    539.000000     34.000000      6.000000     14.000000     -5.000000     36.000000     26.000000     29.000000     37.000000     22.000000    676.000000    650.000000    659.000000    659.000000    356.000000    921.000000    279.000000    962.000000     21.000000    253.000000    331.000000    186.000000    342.000000    323.000000    237.000000    161.000000    129.000000     73.000000
   930.496826      9.000000     24.000000     21.000000     13.000000     18.000000     23.000000     26.000000     22.000000     41.000000      8.000000     -1.000000      7.000000    455.000000    402.000000    371.000000    347.000000    324.000000    485.000000    337.000000    328.000000    258.000000    203.000000    270.000000    204.000000    237.000000    540.000000     16.000000     13.000000     34.000000     17.000000     27.000000     16.000000     23.000000     27.000000     26.000000    674.000000    653.000000    632.000000    678.000000    327.000000    820.000000    260.000000    939.000000     25.000000    250.000000    259.000000    238.000000    365.000000    328.000000    199.000000    132.000000    134.000000     79.000000
   931.889587     18.000000     18.000000     13.000000      9.000000     12.000000     18.000000     28.000000     28.000000     36.000000     28.000000     14.000000     11.000000    449.000000    398.000000    370.000000    314.000000    266.000000    451.000000    298.000000    304.000000    256.000000    262.000000    245.000000    222.000000    209.000000    526.000000     49.000000     31.000000     37.000000     18.000000     27.000000     25.000000     35.000000     38.000000     45.000000    657.000000    720.000000    670.000000    654.000000    316.000000    744.000000    289.000000    824.000000     18.000000    200.000000    236.000000    174.000000    341.000000    308.000000    203.000000    130.000000    126.000000     84.000000
   933.282776     33.000000     19.000000     -1.000000     12.000000     19.000000      8.000000     22.000000     15.000000     19.000000      8.000000     22.000000      4.000000    448.000000    433.000000    385.000000    352.000000    301.000000    464.000000    313.000000    333.000000    243.000000    243.000000    262.000000    224.000000    191.000000    544.000000     25.000000     35.000000     24.000000     23.000000     30.000000     14.000000     18.000000     41.000000     18.000000    628.000000    605.000000    641.000000    605.000000    313.000000    868.000000    257.000000    862.000000     30.000000    207.000000    272.000000    170.000000    322.000000    345.000000    228.000000    120.000000    137.000000     68.000000
   934.676514     20.000000      2.000000     13.000000     22.000000      1.000000     19.000000     18.000000     16.000000     15.000000      8.000000     11.000000     15.000000    426.000000    388.000000    355.000000    346.000000    294.000000    450.000000    314.000000    344.000000    238.000000    152.000000    209.000000    211.000000    196.000000    402.000000     25.000000     24.000000     24.000000     23.000000     20.000000     25.000000     20.000000     28.000000     39.000000    632.000000    616.000000    590.000000    614.000000    271.000000    796.000000    236.000000    847.000000     19.000000    205.000000    263.000000    189.000000    275.000000    362.000000    189.000000    174.000000    118.000000     54.000000
   936.070679     14.000000     21.000000      1.000000     -5.000000     12.000000     26.000000     26.000000     16.000000     34.000000     18.000000     20.000000      3.000000    420.000000    346.000000    298.000000    358.000000    245.000000    476.000000    285.000000    286.000000    229.000000    193.000000    260.000000    192.000000    212.000000    461.000000     39.000000     15.000000     25.000000     21.000000     31.000000     49.000000     10.000000     22.000000     24.000000    604.000000    640.000000    627.000000    585.000000    310.000000    783.000000    232.000000    831.000000     16.000000    208.000000    250.000000    169.000000    304.000000    305.000000    190.000000    131.000000    125.000000     55.000000
   937.465271     -9.000000      4.000000     24.000000      0.000000      0.000000     16.000000     18.000000     21.000000      4.000000     18.000000     26.000000     14.000000    455.000000    351.000000    332.000000    331.000000    264.000000    451.000000    294.000000    292.000000    234.000000    187.000000    203.000000    172.000000    227.000000    457.000000     35.000000     20.000000     32.000000     26.000000     61.000000     14.000000     17.000000      6.000000     41.000000    568.000000    568.000000    606.000000    573.000000    297.000000    734.000000    237.000000    832.000000     15.000000    223.000000    242.000000    165.000000    276.000000    304.000000    183.000000    168.000000    105.000000     46.000000
   938.860413     13.000000     10.000000     15.000000      2.000000     22.000000     16.000000     10.000000      9.000000     13.000000     13.000000     23.000000     17.000000    430.000000    359.000000    330.000000    309.000000    281.000000    418.000000    287.000000    290.000000    215.000000    180.000000    183.000000    191.000000    188.000000    465.000000     27.000000     25.000000     28.000000     44.000000     32.000000     29.000000     46.000000     33.000000     47.000000    565.000000    589.000000    582.000000    583.000000    301.000000    703.000000    233.000000    726.000000     30.000000    203.000000    219.000000    157.000000    318.000000    284.000000    178.000000    121.000000    129.000000     67.000000
   940.255981      1.000000      5.000000     10.000000      5.000000      9.000000     27.000000     19.000000     17.000000      5.000000    -12.000000      4.000000     16.000000    438.000000    338.000000    308.000000    342.000000    288.000000    424.000000    265.000000    292.000000    201.000000    197.000000    213.000000    156.000000    191.000000    440.000000     29.000000     20.000000     25.000000     16.000000     36.000000      3.000000     14.000000     52.000000     46.000000    549.000000    551.000000    584.000000    541.000000    261.000000    691.000000    212.000000    716.000000     24.000000    165.000000    229.000000    156.000000    259.000000    257.000000    179.000000    127.000000     88.000000     86.000000
   941.652100      3.000000     14.000000     10.000000     13.000000     -2.000000     40.000000     -2.000000     23.000000     20.000000     18.000000      3.000000     15.000000    399.000000    308.000000    316.000000    299.000000    267.000000    403.000000    275.000000    288.000000    214.000000    173.000000    229.000000    145.000000    177.000000    430.000000     36.000000     49.000000     34.000000     25.000000     31.000000     25.000000     26.000000     36.000000     46.000000    541.000000    525.000000    534.000000    548.000000    279.000000    683.000000    202.000000    765.000000     32.000000    188.000000    217.000000    193.000000    247.000000    261.000000    155.000000    129.000000     88.000000     58.000000
   943.048584     13.000000     15.000000      2.000000     23.000000     12.000000     18.000000     18.000000     14.000000     23.000000     17.000000      6.000000      1.000000    407.000000    306.000000    297.000000    294.000000    272.000000    374.000000    282.000000    281.000000    239.000000    182.000000    204.000000    164.000000    182.000000    431.000000     22.000000     32.000000     18.000000     30.000000     46.000000     30.000000     22.000000     34.000000     41.000000    524.000000    556.000000    532.000000    516.000000    282.000000    640.000000    248.000000    690.000000     24.000000    174.000000    210.000000    133.000000    248.000000    233.000000    148.000000    121.000000    105.000000     45.000000
   944.445679     16.000000      5.000000     -5.000000     -4.000000     19.000000     22.000000     31.000000      1.000000    -20.000000     14.000000      4.000000     27.000000    412.000000    320.000000    304.000000    263.000000    267.000000    378.000000    247.000000    267.000000    177.000000    157.000000    186.000000    155.000000    214.000000    386.000000     15.000000     26.000000     13.000000     28.000000     13.000000     14.000000     11.000000     33.000000     47.000000    571.000000    541.000000    527.000000    505.000000    277.000000    717.000000    219.000000    729.000000     31.000000    185.000000    199.000000    122.000000    256.000000    252.000000    170.000000    144.000000     90.000000     55.000000
   945.843201     19.000000     10.000000     20.000000      0.000000     21.000000     21.000000     26.000000     32.000000     20.000000      8.000000     18.000000      5.000000    381.000000    311.000000    317.000000    295.000000    263.000000    370.000000    264.000000    291.000000    209.000000    170.000000    175.000000    153.000000    160.000000    434.000000     44.000000     24.000000     31.000000     10.000000     26.000000     14.000000      9.000000     21.000000     42.000000    505.000000    499.000000    485.000000    454.000000    269.000000    676.000000    230.000000    693.000000     17.000000    173.000000    232.000000    144.000000    231.000000    232.000000    180.000000    138.000000     96.000000     70.000000
   947.241211      2.000000     18.000000     -2.000000     -2.000000      4.000000     16.000000     19.000000     12.000000      9.000000     14.000000     19.000000     24.000000    368.000000    297.000000    282.000000    259.000000    239.000000    333.000000    234.000000    252.000000    196.000000    162.000000    176.000000    165.000000    189.000000    379.000000     34.000000     31.000000     28.000000     21.000000     27.000000     31.000000     30.000000     33.000000     42.000000    502.000000    525.000000    528.000000    465.000000    261.000000    579.000000    234.000000    712.000000     18.000000    198.000000    229.000000    145.000000    195.000000    222.000000    159.000000    135.000000     93.000000     51.000000
   948.639587     13.000000     25.000000     -6.000000      7.000000     -6.000000     10.000000     15.000000     18.000000      6.000000     12.000000      4.000000     -4.000000    389.000000    306.000000    290.000000    264.000000    252.000000    359.000000    240.000000    293.000000    207.000000    163.000000    213.000000    141.000000    148.000000    403.000000     27.000000     34.000000     33.000000     41.000000     43.000000     18.000000     17.000000     26.000000     47.000000    468.000000    447.000000    492.000000    422.000000    241.000000    576.000000    188.000000    667.000000     15.000000    160.000000    182.000000    128.000000    205.000000    230.000000    184.000000    123.000000     83.000000     17.000000
   950.038574     13.000000     -4.000000     19.000000      3.000000      1.000000     10.000000      6.000000     10.000000     10.000000     -4.000000     14.000000      2.000000    364.000000    288.000000    285.000000    227.000000    234.000000    370.000000    229.000000    266.000000    223.000000    188.000000    176.000000    178.000000    215.000000    389.000000     47.000000     17.000000     24.000000      4.000000     30.000000     26.000000     22.000000     31.000000     38.000000    481.000000    488.000000    476.000000    474.000000    261.000000    606.000000    172.000000    672.000000     14.000000    158.000000    210.000000    126.000000    244.000000    220.000000    165.000000    127.000000     90.000000     48.000000
   951.438110     -1.000000     12.000000      6.000000     14.000000     17.000000      9.000000     15.000000     -4.000000     16.000000     -4.000000      4.000000      9.000000    380.000000    274.000000    262.000000    246.000000    217.000000    398.000000    215.000000    262.000000    189.000000    152.000000    168.000000    140.000000    174.000000    380.000000     22.000000     10.000000     12.000000      9.000000     11.000000      5.000000      2.000000     31.000000     30.000000    444.000000    458.000000    458.000000    424.000000    242.000000    599.000000    202.000000    627.000000     14.000000    184.000000    198.000000    140.000000    210.000000    225.000000    140.000000     89.000000    101.000000     66.000000
   952.838013     15.000000     11.000000     13.000000      2.000000     11.000000     13.000000      4.000000     13.000000      9.000000     26.000000      3.000000     22.000000    322.000000    275.000000    249.000000    244.000000    247.000000    343.000000    241.000000    240.000000    196.000000    147.000000    146.000000    149.000000    158.000000    373.000000     32.000000     40.000000     24.000000     18.000000     28.000000     23.000000     13.000000     18.000000     37.000000    458.000000    442.000000    464.000000    416.000000    211.000000    562.000000    168.000000    629.000000     22.000000    158.000000    191.000000    126.000000    232.000000    224.000000    164.000000    120.000000    111.000000     32.000000
   954.238403      9.000000     14.000000     21.000000     -6.000000     13.000000      8.000000     17.000000     22.000000     27.000000     12.000000      5.000000     11.000000    343.000000    249.000000    252.000000    278.000000    213.000000    328.000000    227.000000    223.000000    187.000000    146.000000    162.000000    158.000000    164.000000    371.000000     44.000000      9.000000     23.000000     17.000000     30.000000     27.000000     47.000000     26.000000     38.000000    464.000000    422.000000    422.000000    402.000000    243.000000    515.000000    198.000000    621.000000     16.000000    161.000000    179.000000    128.000000    196.000000    213.000000    168.000000    112.000000     81.000000     37.000000
   955.639282     15.000000     21.000000     -2.000000     25.000000      1.000000     -3.000000     -4.000000     15.000000     24.000000     17.000000      6.000000      4.000000    313.000000    268.000000    259.000000    253.000000    202.000000    307.000000    205.000000    253.000000    204.000000    141.000000    159.000000    156.000000    167.000000    338.000000     24.000000     38.000000     36.000000     35.000000     14.000000     21.000000      9.000000     17.000000     38.000000    416.000000    443.000000    439.000000    413.000000    257.000000    484.000000    181.000000    649.000000     10.000000    184.000000    189.000000    105.000000    180.000000    169.000000    110.000000     96.000000     86.000000     51.000000
   957.040588      3.000000     16.000000     12.000000      8.000000     11.000000     18.000000     -1.000000     12.000000     12.000000     14.000000      5.000000     -7.000000    300.000000    267.000000    259.000000    215.000000    215.000000    300.000000    214.000000    254.000000    191.000000    155.000000    148.000000    135.000000    151.000000    309.000000     46.000000     31.000000     28.000000     34.000000     11.000000     31.000000      4.000000     17.000000     26.000000    423.000000    407.000000    408.000000    393.000000    218.000000    505.000000    207.000000    632.000000     16.000000    136.000000    181.000000    111.000000    181.000000    190.000000    142.000000    106.000000     98.000000     44.000000
   958.442505     -8.000000      6.000000    -17.000000     10.000000     -5.000000      6.000000     -9.000000     18.000000     12.000000     10.000000     11.000000     30.000000    287.000000    246.000000    250.000000    211.000000    192.000000    319.000000    208.000000    253.000000    155.000000    147.000000    148.000000    115.000000    145.000000    321.000000     23.000000      3.000000     -1.000000     -3.000000     37.000000     28.000000     30.000000     23.000000     35.000000    409.000000    417.000000    419.000000    377.000000    230.000000    546.000000    174.000000    563.000000     24.000000    174.000000    176.000000    125.000000    179.000000    196.000000    144.000000     95.000000     86.000000     52.000000
   959.844788     25.000000     11.000000     12.000000     -3.000000     -4.000000     10.000000      4.000000     24.000000     26.000000     22.000000     19.000000     18.000000    322.000000    241.000000    225.000000    242.000000    189.000000    300.000000    225.000000    236.000000    178.000000    144.000000    145.000000    112.000000    166.000000    334.000000     26.000000     24.000000     30.000000     19.000000     25.000000      5.000000     19.000000     21.000000     24.000000    400.000000    367.000000    383.000000    352.000000    210.000000    532.000000    149.000000    541.000000     16.000000    176.000000    196.000000    107.000000    171.000000    201.000000    133.000000    114.000000     87.000000     44.000000
   961.247620      6.000000     24.000000      4.000000      2.000000     -5.000000      0.000000      7.000000     15.000000     12.000000     18.000000     28.000000      8.000000    264.000000    222.000000    231.000000    243.000000    203.000000    321.000000    201.000000    231.000000    162.000000    137.000000    173.000000    146.000000    157.000000    350.000000     23.000000      7.000000     23.000000     19.000000      5.000000     38.000000     45.000000     26.000000     23.000000    407.000000    395.000000    381.000000    402.000000    222.000000    484.000000    176.000000    620.000000     25.000000    125.000000    161.000000    135.000000    203.000000    222.000000    134.000000     97.000000     79.000000     50.000000
   962.650879      3.000000     -1.000000     -5.000000     24.000000      7.000000     15.000000     -1.000000     14.000000     17.000000      5.000000      6.000000      2.000000    283.000000    252.000000    226.000000    218.000000    204.000000    306.000000    216.000000    211.000000    167.000000    111.000000    138.000000    126.000000    151.000000    295.000000     14.000000     29.000000     41.000000     24.000000     25.000000     26.000000     26.000000     14.000000     29.000000    415.000000    407.000000    379.000000    368.000000    217.000000    456.000000    191.000000    524.000000     23.000000    142.000000    155.000000    110.000000    194.000000    222.000000    135.000000     86.000000     88.000000     50.000000
   964.054626     16.000000     18.000000     -5.000000      3.000000      5.000000      2.000000      5.000000      8.000000     28.000000     14.000000      7.000000      3.000000    259.000000    230.000000    258.000000    225.000000    209.000000    301.000000    201.000000    218.000000    141.000000    124.000000    137.000000    131.000000    142.000000    330.000000     10.000000     34.000000     20.000000     24.000000     23.000000      0.000000      8.000000     18.000000     40.000000    397.000000    382.000000    358.000000    378.000000    209.000000    472.000000    142.000000    547.000000     25.000000    131.000000    156.000000    118.000000    185.000000    220.000000    139.000000     97.000000     97.000000     42.000000
   965.458923      4.000000     11.000000      8.000000     18.000000      9.000000     11.000000     13.000000     -7.000000     13.000000      9.000000     11.000000      3.000000    268.000000    236.000000    243.000000    199.000000    190.000000    299.000000    200.000000    193.000000    168.000000    132.000000    164.000000    120.000000    127.000000    310.000000     27.000000     33.000000     16.000000     25.000000     21.000000     21.000000      7.000000     18.000000     36.000000    323.000000    360.000000    340.000000    331.000000    223.000000    463.000000    171.000000    506.000000     17.000000    159.000000    147.000000     97.000000    165.000000    195.000000    133.000000     93.000000     80.000000     39.000000
   966.863586     17.000000      6.000000      4.000000      6.000000     24.000000      5.000000     17.000000     11.000000     30.000000     19.000000     11.000000      9.000000    261.000000    223.000000    249.000000    221.000000    183.000000    285.000000    203.000000    197.000000    148.000000    103.000000    129.000000    129.000000    139.000000    272.000000     34.000000      4.000000     -1.000000     14.000000     39.000000     15.000000     10.000000     15.000000     31.000000    332.000000    383.000000    381.000000    348.000000    192.000000    446.000000    177.000000    500.000000     22.000000    161.000000    189.000000    111.000000    207.000000    193.000000    133.000000    121.000000     68.000000     53.000000
   968.268799      7.000000      9.000000     16.000000     -3.000000     25.000000     16.000000      8.000000     13.000000     21.000000     11.000000      9.000000     -4.000000    260.000000    225.000000    185.000000    226.000000    185.000000    310.000000    194.000000    186.000000    154.000000    116.000000    134.000000    105.000000    141.000000    296.000000     27.000000     27.000000     30.000000     33.000000     22.000000     11.000000     11.000000     20.000000     39.000000    362.000000    356.000000    293.000000    358.000000    170.000000    395.000000    173.000000    459.000000      4.000000    129.000000    143.000000     87.000000    204.000000    214.000000    130.000000     95.000000     77.000000     49.000000
   969.674377      7.000000    -12.000000     -3.000000     -1.000000      9.000000     16.000000     21.000000      9.000000     13.000000     17.000000     10.000000     -9.000000    261.000000    202.000000    167.000000    229.000000    202.000000    299.000000    193.000000    205.000000    172.000000    153.000000    130.000000    109.000000    127.000000    275.000000     31.000000     34.000000     33.000000     29.000000     19.000000     13.000000     21.000000     27.000000     33.000000    372.000000    399.000000    382.000000    303.000000    187.000000    435.000000    171.000000    485.000000     20.000000    150.000000    133.000000     85.000000    193.000000    196.000000    116.000000    101.000000     73.000000     46.000000
   971.080688      6.000000     24.000000      4.000000     -4.000000     17.000000      2.000000     17.000000     11.000000     11.000000      6.000000     15.000000     13.000000    272.000000    263.000000    193.000000    180.000000    154.000000    258.000000    197.000000    183.000000    135.000000    147.000000    112.000000    145.000000    118.000000    286.000000      4.000000      5.000000     27.000000     -1.000000     36.000000     20.000000     15.000000     12.000000     30.000000    327.000000    392.000000    369.000000    330.000000    203.000000    401.000000    154.000000    462.000000     29.000000    145.000000    159.000000     93.000000    172.000000    175.000000    120.000000     94.000000     78.000000     39.000000
   972.487305      8.000000      4.000000     17.000000     20.000000      6.000000     12.000000     19.000000     15.000000      7.000000     18.000000      3.000000      5.000000    256.000000    205.000000    194.000000    218.000000    186.000000    315.000000    187.000000    202.000000    111.000000    152.000000    154.000000    108.000000    145.000000    257.000000     12.000000     20.000000     14.000000     23.000000     25.000000     14.000000     14.000000     25.000000     20.000000    363.000000    402.000000    334.000000    345.000000    191.000000    456.000000    146.000000    500.000000     10.000000    118.000000    167.000000     89.000000    195.000000    166.000000    119.000000     92.000000     61.000000     38.000000
   973.894409     17.000000      4.000000     10.000000     20.000000      7.000000      0.000000     10.000000     12.000000      1.000000     25.000000     -2.000000     -1.000000    268.000000    204.000000    198.000000    180.000000    175.000000    278.000000    169.000000    171.000000    134.000000    118.000000    141.000000    109.000000    137.000000    293.000000     21.000000      7.000000     14.000000     18.000000     13.000000     -6.000000      5.000000     40.000000     20.000000    318.000000    332.000000    386.000000    344.000000    202.000000    414.000000    146.000000    432.000000     18.000000    120.000000    137.000000     98.000000    179.000000    189.000000     85.000000     86.000000     57.000000     45.000000
   975.302002     16.000000      8.000000     13.000000     17.000000     11.000000     -1.000000      0.000000     15.000000      9.000000      1.000000     37.000000     14.000000    255.000000    204.000000    194.000000    171.000000    171.000000    268.000000    181.000000    175.000000    150.000000    100.000000    141.000000    112.000000    143.000000    275.000000     12.000000     19.000000      5.000000     14.000000     39.000000     13.000000      9.000000     45.000000     12.000000    320.000000    349.000000    342.000000    289.000000    177.000000    409.000000    140.000000    424.000000     13.000000    145.000000    143.000000    104.000000    163.000000    195.000000    123.000000     76.000000     64.000000     26.000000
   976.710083      1.000000      0.000000     -3.000000      1.000000     10.000000      8.000000     -4.000000     15.000000     25.000000     14.000000      9.000000      9.000000    238.000000    187.000000    216.000000    202.000000    159.000000    240.000000    184.000000    194.000000    152.000000    112.000000    142.000000     90.000000    116.000000    260.000000     10.000000     27.000000     23.000000     21.000000     27.000000     20.000000     30.000000     29.000000     24.000000    349.000000    331.000000    336.000000    322.000000    167.000000    416.000000    158.000000    442.000000     25.000000    132.000000    156.000000    103.000000    154.000000    158.000000    121.000000     86.000000     51.000000     46.000000
   978.118713      7.000000     16.000000      6.000000     -9.000000      4.000000      1.000000      1.000000     13.000000      3.000000     13.000000     17.000000     10.000000    203.000000    191.000000    220.000000    192.000000    163.000000    231.000000    201.000000    177.000000    139.000000    102.000000    117.000000    110.000000    104.000000    289.000000     12.000000     19.000000     16.000000     23.000000     23.000000     18.000000     27.000000      4.000000      7.000000    284.000000    325.000000    289.000000    269.000000    172.000000    379.000000    151.000000    432.000000     15.000000    120.000000    154.000000     96.000000    168.000000    173.000000     97.000000     95.000000     53.000000     32.000000
   979.527710    -10.000000      6.000000      6.000000     10.000000     -6.000000      0.000000     11.000000     28.000000      1.000000     15.000000     11.000000      8.000000    240.000000    185.000000    181.000000    167.000000    173.000000    289.000000    167.000000    193.000000    117.000000    120.000000    121.000000    105.000000    100.000000    236.000000     11.000000     32.000000     34.000000     29.000000     16.000000     -8.000000     13.000000     11.000000     28.000000    355.000000    309.000000    316.000000    322.000000    169.000000    371.000000    173.000000    438.000000      7.000000     96.000000    146.000000     96.000000    168.000000    169.000000    105.000000     81.000000     42.000000     33.000000
   980.937195      3.000000     15.000000     10.000000      3.000000      2.000000      6.000000    -14.000000      0.000000      6.000000     20.000000     13.000000      8.000000    206.000000    177.000000    205.000000    198.000000    180.000000    240.000000    140.000000    210.000000    129.000000    134.000000    134.000000    111.000000    116.000000    237.000000     22.000000     22.000000     30.000000     23.000000     41.000000     13.000000      5.000000      6.000000     29.000000    330.000000    310.000000    315.000000    266.000000    133.000000    367.000000    157.000000    419.000000     17.000000    118.000000    136.000000     83.000000    154.000000    149.000000    107.000000     72.000000     45.000000     36.000000
   982.347229     14.000000     14.000000    -10.000000     12.000000     22.000000     21.000000      1.000000     -3.000000      1.000000     32.000000     23.000000    -13.000000    211.000000    163.000000    174.000000    162.000000    141.000000    275.000000    150.000000    166.000000    130.000000    105.000000    131.000000    100.000000    142.000000    244.000000     26.000000     27.000000     27.000000     27.000000     10.000000     -4.000000      6.000000     24.000000     16.000000    328.000000    332.000000    325.000000    292.000000    136.000000    368.000000    147.000000    399.000000      6.000000    133.000000    110.000000     68.000000    144.000000    180.000000    100.000000     76.000000     62.000000     22.000000
   983.757690      8.000000      1.000000     19.000000      9.000000     17.000000      1.000000     20.000000     11.000000      6.000000     22.000000    -10.000000     -3.000000    181.000000    167.000000    184.000000    162.000000    148.000000    262.000000    157.000000    152.000000    134.000000    116.000000    123.000000     99.000000    127.000000    243.000000     20.000000     26.000000     36.000000     31.000000     11.000000     11.000000     14.000000     12.000000     18.000000    309.000000    261.000000    279.000000    303.000000    152.000000    347.000000    155.000000    360.000000     20.000000    120.000000    121.000000     74.000000    140.000000    157.000000     84.000000    105.000000     65.000000     34.000000
   985.168579     12.000000     11.000000     12.000000     -2.000000     14.000000     18.000000     -6.000000     20.000000      8.000000     14.000000      2.000000     19.000000    206.000000    165.000000    200.000000    169.000000    155.000000    219.000000    194.000000    164.000000    128.000000    111.000000     96.000000    106.000000     96.000000    237.000000     23.000000     21.000000     24.000000     19.000000     26.000000     16.000000     22.000000     13.000000     18.000000    302.000000    311.000000    281.000000    273.000000    157.000000    328.000000    132.000000    385.000000     24.000000    128.000000    143.000000     71.000000    134.000000    175.000000     89.000000     70.000000     30.000000     43.000000
   986.580078     18.000000      9.000000     10.000000    -11.000000     20.000000     25.000000      8.000000     23.000000      9.000000     28.000000     -2.000000     10.000000    176.000000    185.000000    166.000000    176.000000    144.000000    195.000000    142.000000    148.000000    103.000000    125.000000    106.000000    101.000000    108.000000    291.000000     -8.000000     32.000000     18.000000     25.000000     15.000000      6.000000     24.000000      8.000000     18.000000    277.000000    299.000000    289.000000    237.000000    150.000000    305.000000    122.000000    386.000000     21.000000     99.000000    138.000000     81.000000    124.000000    165.000000     79.000000     73.000000     58.000000     38.000000
   987.992004      5.000000      6.000000      0.000000     -3.000000     18.000000     16.000000      3.000000     29.000000     26.000000     -8.000000     -2.000000     18.000000    177.000000    156.000000    152.000000    142.000000    136.000000    215.000000    112.000000    134.000000    134.000000     87.000000    102.000000     81.000000    103.000000    218.000000     25.000000     14.000000     32.000000     20.000000     15.000000      6.000000      8.000000     26.000000     19.000000    294.000000    298.000000    264.000000    239.000000    163.000000    296.000000    142.000000    383.000000     25.000000    131.000000    119.000000     66.000000    141.000000    161.000000     80.000000     73.000000     54.000000     44.000000
   989.404419    -11.000000     13.000000      7.000000      4.000000     10.000000     27.000000     10.000000     11.000000     -3.000000     -1.000000      5.000000      4.000000    203.000000    183.000000    167.000000    150.000000    149.000000    205.000000    141.000000    145.000000     93.000000    108.000000     99.000000    102.000000     83.000000    237.000000     15.000000     19.000000     27.000000     19.000000     27.000000      7.000000     19.000000      9.000000     28.000000    247.000000    255.000000    261.000000    244.000000    157.000000    309.000000    129.000000    320.000000     20.000000    115.000000    122.000000     65.000000     99.000000    134.000000     98.000000     50.000000     56.000000     24.000000
   990.817322     10.000000     -6.000000     -4.000000     17.000000      9.000000     18.000000     14.000000     -6.000000    -12.000000     18.000000      5.000000      7.000000    181.000000    151.000000    161.000000    168.000000    128.000000    225.000000    128.000000    156.000000    130.000000     85.000000    109.000000     89.000000    108.000000    224.000000     17.000000     27.000000     21.000000     12.000000     17.000000     24.000000     23.000000     31.000000      7.000000    305.000000    223.000000    245.000000    234.000000    144.000000    314.000000    129.000000    387.000000     29.000000     87.000000    130.000000     64.000000    110.000000    135.000000     93.000000     63.000000     79.000000     41.000000
   992.230713      7.000000      0.000000     12.000000     11.000000     -3.000000     22.000000      5.000000     24.000000     16.000000      8.000000     16.000000      5.000000    173.000000    137.000000    147.000000    137.000000    134.000000    208.000000    130.000000    140.000000     90.000000     81.000000    110.000000     89.000000    111.000000    217.000000     40.000000      3.000000      7.000000      5.000000     17.000000     22.000000     21.000000     20.000000     19.000000    246.000000    221.000000    252.000000    206.000000    138.000000    269.000000    153.000000    329.000000     10.000000    119.000000     77.000000     64.000000    152.000000    136.000000     63.000000     77.000000     53.000000     43.000000
   993.644470     -3.000000     -4.000000      1.000000     19.000000      3.000000     -7.000000     13.000000     16.000000     17.000000     21.000000     12.000000      4.000000    146.000000    117.000000    159.000000    143.000000    130.000000    192.000000    150.000000    136.000000     90.000000     45.000000    111.000000     85.000000     72.000000    193.000000      5.000000     20.000000     22.000000     19.000000      7.000000     10.000000     16.000000      0.000000     34.000000    255.000000    269.000000    262.000000    191.000000    132.000000    282.000000     96.000000    314.000000     22.000000     99.000000     83.000000     42.000000    102.000000    127.000000     86.000000     73.000000     25.000000     47.000000
   995.058777     23.000000     -1.000000     -2.000000      7.000000     10.000000     11.000000     20.000000      4.000000      2.000000     23.000000     17.000000      0.000000    147.000000    134.000000    153.000000    149.000000    145.000000    180.000000    120.000000    125.000000     99.000000     74.000000     70.000000     68.000000     82.000000    222.000000     16.000000     14.000000     16.000000     18.000000      6.000000     28.000000     27.000000     11.000000     29.000000    268.000000    246.000000    290.000000    192.000000    116.000000    296.000000    103.000000    310.000000     10.000000     96.000000    114.000000     66.000000    101.000000    135.000000     57.000000     58.000000     25.000000     60.000000
   996.473572      6.000000    -23.000000      3.000000     -6.000000     15.000000      9.000000    -13.000000     15.000000      9.000000      6.000000      3.000000     29.000000    168.000000    134.000000    169.000000    116.000000    133.000000    186.000000    100.000000    126.000000    116.000000     86.000000     89.000000    103.000000     82.000000    188.000000     26.000000      7.000000     20.000000     25.000000     16.000000     11.000000     13.000000     13.000000     28.000000    244.000000    261.000000    277.000000    193.000000    117.000000    231.000000    124.000000    263.000000      1.000000    100.000000    111.000000     72.000000    119.000000    133.000000     59.000000     56.000000     20.000000     28.000000
   997.888916      7.000000     -3.000000      2.000000      2.000000     -3.000000      8.000000      6.000000     16.000000      4.000000      7.000000     -5.000000     -1.000000    155.000000    132.000000    112.000000    146.000000    151.000000    218.000000    116.000000    163.000000     99.000000     92.000000     85.000000    108.000000     94.000000    195.000000     33.000000     24.000000     11.000000     14.000000     12.000000      0.000000     12.000000      6.000000     28.000000    245.000000    231.000000    240.000000    194.000000    119.000000    243.000000    122.000000    288.000000      2.000000     92.000000    102.000000     59.000000    103.000000    112.000000     90.000000     78.000000     35.000000     26.000000
   999.304626      3.000000      7.000000      3.000000     11.000000     -2.000000     -1.000000     -9.000000      0.000000      4.000000     19.000000     -5.000000     -8.000000    119.000000    139.000000    128.000000    120.000000    123.000000    215.000000    116.000000     83.000000    108.000000     79.000000     85.000000     77.000000     83.000000    185.000000     23.000000     25.000000     20.000000     26.000000     18.000000      5.000000      7.000000     21.000000     20.000000    219.000000    195.000000    218.000000    228.000000    126.000000    266.000000    101.000000    290.000000     -1.000000     92.000000    111.000000     64.000000    116.000000    110.000000     73.000000     54.000000     30.000000     26.000000
   999.658630     13.000000     -1.000000      3.000000     14.000000      2.000000      4.000000      5.000000     18.000000     14.000000     15.000000     12.000000      6.000000    162.000000    118.000000    140.000000    123.000000    102.000000    189.000000    116.000000    119.000000     90.000000     53.000000     71.000000     69.000000     89.000000    182.000000      8.000000     12.000000     19.000000     15.000000     23.000000     15.000000     24.000000      7.000000     23.000000    223.000000    225.000000    229.000000    208.000000    105.000000    261.000000    124.000000    268.000000     11.000000     81.000000    100.000000     35.000000    118.000000    101.000000     81.000000     43.000000     30.000000     20.000000
