ENVI ASCII Plot File [Sat Dec 13 15:06:57 2025]
Column 1: Wavelength
Column 2: X:358 Y:260~~1
Column 3: X:271 Y:264~~2
Column 4: X:363 Y:278~~3
Column 5: X:364 Y:278~~4
Column 6: X:365 Y:278~~5
Column 7: X:378 Y:242~~6
Column 8: X:388 Y:225~~7
Column 9: X:453 Y:210~~8
Column 10: X:454 Y:210~~9
Column 11: X:455 Y:210~~10
Column 12: X:457 Y:209~~11
Column 13: X:530 Y:208~~12
Column 14: X:531 Y:208~~13
Column 15: X:532 Y:208~~14
Column 16: X:534 Y:208~~15
Column 17: X:539 Y:205~~16
Column 18: X:555 Y:178~~17
Column 19: X:558 Y:156~~18
Column 20: X:583 Y:125~~19
Column 21: X:585 Y:123~~20
Column 22: X:586 Y:122~~21
Column 23: X:589 Y:120~~22
Column 24: X:597 Y:117~~23
Column 25: X:620 Y:110~~24
Column 26: X:635 Y:139~~25
Column 27: X:644 Y:167~~26
Column 28: X:648 Y:177~~27
Column 29: X:650 Y:183~~28
Column 30: X:651 Y:188~~29
Column 31: X:655 Y:217~~30
Column 32: X:643 Y:485~~31
Column 33: X:641 Y:487~~32
Column 34: X:614 Y:500~~33
Column 35: X:613 Y:501~~34
Column 36: X:604 Y:501~~35
Column 37: X:538 Y:499~~36
Column 38: X:617 Y:542~~37
Column 39: X:623 Y:543~~38
Column 40: X:625 Y:550~~39
Column 41: X:626 Y:581~~40
Column 42: X:627 Y:587~~41
Column 43: X:627 Y:599~~42
Column 44: X:630 Y:625~~43
Column 45: X:633 Y:626~~44
Column 46: X:633 Y:627~~45
Column 47: X:633 Y:633~~46
Column 48: X:627 Y:668~~47
Column 49: X:627 Y:669~~48
Column 50: X:619 Y:672~~49
Column 51: X:524 Y:670~~1
Column 52: X:522 Y:670~~2
Column 53: X:439 Y:673~~3
Column 54: X:438 Y:673~~4
Column 55: X:408 Y:629~~5
Column 56: X:399 Y:603~~6
Column 57: X:392 Y:577~~7
Column 58: X:392 Y:574~~8
Column 59: X:394 Y:565~~9
Column 60: X:401 Y:551~~10
Column 61: X:406 Y:541~~11
Column 62: X:407 Y:538~~12
Column 63: X:408 Y:536~~13
Column 64: X:412 Y:531~~14
Column 65: X:433 Y:513~~15
Column 66: X:460 Y:504~~16
Column 67: X:478 Y:498~~17
Column 68: X:326 Y:427~~18
Column 69: X:325 Y:426~~19
Column 70: X:325 Y:424~~20
Column 71: X:326 Y:368~~21
Column 72: X:326 Y:367~~22
Column 73: X:326 Y:357~~23
Column 74: X:318 Y:303~~24
Column 75: X:318 Y:301~~25
Column 76: X:252 Y:270~~26
Column 77: X:250 Y:269~~27
Column 78: X:179 Y:262~~28
Column 79: X:178 Y:261~~29
Column 80: X:166 Y:258~~30
Column 81: X:134 Y:247~~31
Column 82: X:132 Y:247~~32
Column 83: X:84 Y:259~~33
Column 84: X:82 Y:262~~34
Column 85: X:81 Y:265~~35
Column 86: X:49 Y:283~~36
Column 87: X:25 Y:223~~37
Column 88: X:40 Y:223~~38
Column 89: X:78 Y:225~~39
Column 90: X:80 Y:225~~40
Column 91: X:107 Y:208~~41
Column 92: X:130 Y:192~~42
Column 93: X:145 Y:181~~43
Column 94: X:197 Y:139~~44
Column 95: X:352 Y:98~~45
Column 96: X:352 Y:99~~46
Column 97: X:354 Y:115~~47
Column 98: X:403 Y:114~~48
Column 99: X:407 Y:114~~49
Column 100: X:440 Y:113~~1
Column 101: X:445 Y:110~~2
Column 102: X:447 Y:85~~3
Column 103: X:446 Y:82~~4
Column 104: X:422 Y:51~~5
Column 105: X:421 Y:51~~6
Column 106: X:346 Y:36~~7
Column 107: X:347 Y:38~~8
Column 108: X:426 Y:90~~9
Column 109: X:431 Y:96~~10
Column 110: X:473 Y:123~~11
Column 111: X:478 Y:131~~12
Column 112: X:501 Y:171~~13
Column 113: X:511 Y:174~~14
Column 114: X:548 Y:164~~15
Column 115: X:548 Y:163~~16
Column 116: X:559 Y:144~~17
Column 117: X:585 Y:123~~18
Column 118: X:614 Y:109~~19
Column 119: X:644 Y:96~~20
Column 120: X:677 Y:62~~21
Column 121: X:677 Y:63~~22
Column 122: X:665 Y:111~~23
Column 123: X:665 Y:115~~24
Column 124: X:673 Y:182~~25
Column 125: X:679 Y:200~~26
Column 126: X:679 Y:204~~27
Column 127: X:682 Y:222~~28
Column 128: X:678 Y:267~~29
Column 129: X:674 Y:267~~30
Column 130: X:580 Y:259~~31
Column 131: X:575 Y:259~~32
Column 132: X:521 Y:223~~33
Column 133: X:512 Y:226~~34
Column 134: X:501 Y:236~~35
Column 135: X:476 Y:250~~36
Column 136: X:362 Y:260~~37
Column 137: X:355 Y:267~~38
Column 138: X:330 Y:320~~39
Column 139: X:330 Y:335~~40
Column 140: X:325 Y:392~~41
Column 141: X:325 Y:402~~42
Column 142: X:323 Y:415~~43
Column 143: X:323 Y:423~~44
Column 144: X:322 Y:433~~45
Column 145: X:98 Y:679~~46
Column 146: X:130 Y:662~~47
Column 147: X:131 Y:662~~48
   399.924103     -6.000000     -1.000000     -8.000000     -1.000000     11.000000     14.000000      1.000000      4.000000     10.000000      8.000000     18.000000     -1.000000    -18.000000      0.000000     -2.000000     -3.000000     27.000000     -2.000000      4.000000      3.000000      0.000000      4.000000      3.000000      9.000000     -1.000000     -1.000000     -4.000000     30.000000     -4.000000     16.000000      8.000000     -9.000000      5.000000     12.000000     10.000000     -8.000000    -11.000000     -3.000000     -8.000000      5.000000      3.000000      6.000000    -10.000000     -1.000000      3.000000      7.000000      0.000000     -2.000000      2.000000     11.000000      6.000000     -8.000000      0.000000    -18.000000      7.000000      9.000000      7.000000     -4.000000      4.000000     11.000000      0.000000      6.000000     -5.000000      2.000000      3.000000    -12.000000      0.000000      8.000000     -8.000000     -4.000000      1.000000      5.000000     -2.000000     -6.000000      5.000000      0.000000     -2.000000     -4.000000     15.000000     -3.000000      8.000000     -2.000000      6.000000     18.000000     11.000000      9.000000      6.000000     -5.000000      6.000000      4.000000     -6.000000     12.000000     10.000000      3.000000     11.000000     12.000000     15.000000     -7.000000     -7.000000     11.000000     -7.000000     -3.000000     -4.000000      3.000000     -8.000000      4.000000     14.000000      4.000000     20.000000     -6.000000     -3.000000     18.000000     14.000000     13.000000      9.000000      3.000000     -1.000000      2.000000      1.000000     -7.000000     20.000000      9.000000      6.000000    -15.000000    -15.000000     22.000000      1.000000     -3.000000      3.000000     -8.000000     16.000000     11.000000      6.000000      1.000000      3.000000      2.000000     -8.000000      3.000000     12.000000     14.000000     -6.000000      6.000000     -7.000000      6.000000      5.000000    -11.000000
   401.119995    -11.000000      8.000000      8.000000      6.000000      2.000000     13.000000      8.000000      7.000000     10.000000     -2.000000      4.000000     -3.000000      8.000000      7.000000     11.000000     -7.000000     -3.000000     27.000000      2.000000     22.000000      1.000000     -8.000000     13.000000      0.000000     13.000000    -16.000000     12.000000     -1.000000      8.000000     -2.000000    -13.000000     -9.000000      1.000000     -3.000000     -2.000000     -1.000000    -10.000000     -8.000000     -2.000000    -12.000000      6.000000     16.000000     11.000000     -8.000000    -14.000000    -24.000000      8.000000      5.000000     -5.000000     -1.000000     -5.000000      1.000000     -6.000000      8.000000     -1.000000    -10.000000     -7.000000      3.000000     -5.000000     12.000000     -3.000000     -5.000000     10.000000     -3.000000    -15.000000     -9.000000      4.000000     11.000000    -13.000000      1.000000      5.000000      8.000000      4.000000      2.000000      8.000000     11.000000    -11.000000     15.000000      5.000000      2.000000      8.000000     14.000000     12.000000      4.000000     -5.000000     15.000000     12.000000      7.000000     18.000000     -1.000000      7.000000     -1.000000      1.000000     -1.000000    -13.000000      4.000000      2.000000      4.000000     -7.000000     14.000000    -14.000000      6.000000     -7.000000      5.000000      7.000000      0.000000     -1.000000      9.000000      3.000000      5.000000     -3.000000      5.000000      9.000000     37.000000      7.000000     22.000000     -6.000000    -10.000000     -3.000000     -1.000000      3.000000    -10.000000      4.000000      5.000000     10.000000     -3.000000      0.000000      2.000000     12.000000     -2.000000      6.000000     -2.000000      4.000000    -10.000000     11.000000      5.000000      3.000000      8.000000      5.000000      3.000000     11.000000      5.000000      2.000000      1.000000     -1.000000      3.000000
   402.316406     -3.000000      4.000000     18.000000     13.000000      8.000000     -7.000000     -6.000000     -1.000000     -8.000000    -15.000000     14.000000      4.000000     -5.000000     -8.000000     -4.000000     10.000000      3.000000     20.000000     -1.000000      8.000000      4.000000      0.000000     23.000000    -11.000000      2.000000     -8.000000     15.000000     12.000000      4.000000      0.000000      6.000000     13.000000      7.000000      8.000000     -3.000000      5.000000      2.000000     -5.000000      0.000000      7.000000      5.000000      3.000000      6.000000      6.000000      6.000000     -3.000000      0.000000     -2.000000      1.000000      4.000000     -7.000000    -14.000000    -11.000000      5.000000     -4.000000     19.000000      9.000000    -13.000000     -9.000000     -2.000000     -6.000000     -1.000000      4.000000      6.000000      7.000000      7.000000     -2.000000      2.000000      4.000000      9.000000      0.000000      9.000000      2.000000    -14.000000    -10.000000     16.000000     -2.000000     16.000000      0.000000     22.000000     12.000000      8.000000    -10.000000    -11.000000      4.000000      1.000000      7.000000     -7.000000      0.000000      4.000000     -7.000000      5.000000      8.000000     11.000000     -2.000000      0.000000      7.000000     10.000000    -14.000000      8.000000     -8.000000      3.000000      9.000000      3.000000     -6.000000      8.000000     12.000000      5.000000     -1.000000      6.000000     -3.000000      2.000000      6.000000      6.000000     14.000000      8.000000     -6.000000      0.000000      6.000000      6.000000    -17.000000     -5.000000      2.000000      1.000000     17.000000    -12.000000     23.000000     -3.000000      1.000000    -13.000000      8.000000     10.000000     16.000000     14.000000     14.000000      4.000000    -12.000000     -7.000000      8.000000      9.000000     12.000000      6.000000     14.000000     -7.000000    -20.000000      8.000000
   403.513306     -4.000000      0.000000     20.000000     -1.000000    -11.000000     -3.000000      4.000000      8.000000     -5.000000     -3.000000      9.000000     -1.000000     -1.000000      6.000000      3.000000     12.000000     -6.000000     32.000000      3.000000     -2.000000      5.000000      6.000000      5.000000     -2.000000     23.000000     -3.000000      4.000000    -20.000000      6.000000     -3.000000      0.000000      0.000000     -6.000000     -6.000000     -4.000000      0.000000     -2.000000     -8.000000      6.000000      8.000000     -6.000000     -7.000000     -8.000000      6.000000    -13.000000     -2.000000     -8.000000      0.000000     -4.000000     23.000000    -10.000000      3.000000     -7.000000      5.000000     -2.000000    -18.000000      0.000000     -3.000000      7.000000     -2.000000      9.000000      5.000000     -4.000000     -4.000000      6.000000      7.000000    -16.000000     12.000000     12.000000     -5.000000     -9.000000    -19.000000     -9.000000      4.000000      2.000000     10.000000     19.000000     -8.000000      3.000000     -6.000000     17.000000     -1.000000      3.000000     13.000000      6.000000      1.000000      1.000000    -14.000000     11.000000    -10.000000     -4.000000     -4.000000      9.000000    -15.000000      3.000000     32.000000      4.000000     10.000000      9.000000      3.000000      0.000000      3.000000    -12.000000     -7.000000     -2.000000     -7.000000     10.000000     16.000000      1.000000     -7.000000     -3.000000     -1.000000      9.000000     20.000000      0.000000     -2.000000     -1.000000     -5.000000     -3.000000     -4.000000      6.000000      1.000000     10.000000      1.000000     10.000000     -3.000000      0.000000     13.000000     -2.000000    -12.000000    -11.000000     -5.000000     12.000000      1.000000      5.000000      5.000000      2.000000     -1.000000     17.000000      8.000000    -11.000000    -13.000000     -8.000000      6.000000    -10.000000      3.000000
   404.710602      0.000000     20.000000     16.000000      3.000000      0.000000      5.000000     16.000000     -3.000000     -6.000000     -9.000000     -4.000000     13.000000      9.000000      7.000000      0.000000     -9.000000     -9.000000     24.000000      5.000000    -11.000000      5.000000      2.000000      6.000000     -8.000000     -3.000000     -3.000000      0.000000     13.000000      7.000000      9.000000      0.000000      9.000000     -6.000000      3.000000     -7.000000     -2.000000    -10.000000      5.000000    -13.000000     -1.000000      1.000000    -11.000000     -2.000000      3.000000      0.000000     -3.000000      2.000000      5.000000    -11.000000      3.000000     -5.000000      7.000000     -3.000000      6.000000     12.000000      3.000000      3.000000      1.000000      6.000000      6.000000    -19.000000      4.000000     -1.000000      0.000000      6.000000     -5.000000      6.000000      1.000000     -8.000000      6.000000      8.000000     -4.000000      1.000000     -5.000000     12.000000      1.000000     13.000000      7.000000      9.000000      9.000000      2.000000      0.000000     13.000000     -6.000000      2.000000      0.000000      5.000000     -3.000000      8.000000    -10.000000     -1.000000      6.000000      4.000000     11.000000     13.000000      5.000000     17.000000     -7.000000      0.000000      1.000000      0.000000      3.000000      0.000000     -1.000000     11.000000     22.000000      3.000000    -10.000000      2.000000      6.000000      8.000000     12.000000     -2.000000     14.000000      3.000000    -11.000000    -15.000000     11.000000     10.000000      0.000000     -6.000000    -11.000000      2.000000     11.000000      9.000000      7.000000      4.000000     -3.000000      5.000000     -5.000000     12.000000      5.000000      5.000000     13.000000      0.000000     -5.000000      0.000000     -7.000000     -5.000000     -1.000000    -10.000000      1.000000     10.000000      2.000000      0.000000      8.000000
   405.908508     -2.000000      2.000000     -8.000000    -15.000000      4.000000      7.000000      8.000000     10.000000      5.000000      2.000000     -3.000000      0.000000     -2.000000     11.000000     -1.000000     -1.000000     -3.000000     22.000000    -10.000000    -11.000000      4.000000     20.000000      1.000000     13.000000      8.000000      3.000000      6.000000     -6.000000      4.000000      4.000000     -5.000000     -2.000000     -4.000000     -8.000000      2.000000      0.000000      5.000000    -10.000000      9.000000      5.000000     -6.000000     -9.000000     -5.000000      3.000000      9.000000      0.000000     -1.000000      1.000000     -6.000000     -2.000000      1.000000      0.000000     -8.000000     12.000000      8.000000     -6.000000     -7.000000    -13.000000      1.000000     -1.000000    -10.000000     10.000000     -4.000000      6.000000      7.000000      4.000000      4.000000    -17.000000     -9.000000     15.000000     12.000000     14.000000     -2.000000     -9.000000    -23.000000      9.000000     29.000000     16.000000    -13.000000     -7.000000     -4.000000     -3.000000     10.000000      3.000000      3.000000      8.000000      7.000000     10.000000      5.000000    -13.000000     14.000000     -5.000000     -7.000000      6.000000     -1.000000      3.000000      0.000000     -6.000000      8.000000     -2.000000      8.000000      4.000000     -3.000000      4.000000     -9.000000     -4.000000     10.000000     11.000000     11.000000      6.000000     18.000000     20.000000     28.000000     21.000000      4.000000    -11.000000      7.000000     13.000000     -1.000000     -5.000000    -16.000000     -9.000000      9.000000     15.000000      6.000000     -2.000000     -5.000000     -2.000000      9.000000      2.000000     13.000000     -1.000000     26.000000      2.000000     -3.000000      4.000000     -1.000000    -10.000000      4.000000      5.000000     -8.000000      2.000000     -8.000000     21.000000      6.000000      7.000000
   407.106812     -6.000000     19.000000     13.000000      7.000000      3.000000     12.000000      2.000000     10.000000     12.000000      7.000000     -4.000000     18.000000      2.000000      7.000000     -6.000000     -2.000000     19.000000     11.000000     -9.000000      6.000000     -6.000000     10.000000     -2.000000     -2.000000     -4.000000     -9.000000      7.000000      5.000000     -8.000000      7.000000     -1.000000      2.000000     -2.000000      3.000000      1.000000     -5.000000      2.000000    -11.000000      8.000000      1.000000     -9.000000     -8.000000      0.000000      1.000000    -23.000000    -18.000000     -6.000000     -5.000000     -3.000000      2.000000      3.000000      6.000000     16.000000     -1.000000      2.000000     -4.000000      7.000000      5.000000      7.000000      6.000000     11.000000     -4.000000     -5.000000     -2.000000     10.000000    -13.000000      5.000000      0.000000     -3.000000      5.000000    -16.000000    -20.000000     -6.000000     -7.000000     12.000000     11.000000      3.000000     -3.000000     -7.000000     -9.000000      9.000000      3.000000      0.000000     -2.000000     -2.000000     16.000000      0.000000      9.000000    -19.000000      7.000000     10.000000      5.000000     12.000000     20.000000     13.000000     14.000000     24.000000      9.000000     -8.000000     11.000000     17.000000      0.000000    -10.000000      6.000000      8.000000     10.000000      3.000000      2.000000      5.000000     -4.000000    -12.000000      4.000000      6.000000     18.000000      4.000000      6.000000     -2.000000     -4.000000      9.000000      3.000000      3.000000      8.000000     -4.000000      2.000000      2.000000     -1.000000     -8.000000      7.000000     13.000000     10.000000     13.000000     21.000000      0.000000     10.000000     20.000000     -4.000000     -3.000000     -5.000000     -6.000000      4.000000     -6.000000      9.000000      3.000000      3.000000    -17.000000     -2.000000
   408.305603     23.000000     -6.000000    -12.000000     10.000000     15.000000     -4.000000      6.000000      3.000000      9.000000     14.000000     18.000000     -2.000000     10.000000    -11.000000     14.000000     35.000000      8.000000     -1.000000     26.000000     22.000000     -9.000000    -11.000000     11.000000    -10.000000      0.000000     -4.000000      2.000000     -2.000000    -11.000000     -2.000000     -4.000000      0.000000     -4.000000     -2.000000      6.000000      5.000000      6.000000     -6.000000     -2.000000     -7.000000    -10.000000    -15.000000      0.000000     -5.000000      2.000000      6.000000    -13.000000    -15.000000     -2.000000     -1.000000      9.000000     -1.000000     -2.000000      9.000000     21.000000     -8.000000    -12.000000    -18.000000      1.000000    -13.000000      6.000000     12.000000     -8.000000    -14.000000     -2.000000    -12.000000    -12.000000     -4.000000      4.000000      4.000000      4.000000    -13.000000      5.000000     -4.000000     11.000000     26.000000    -11.000000      6.000000      5.000000      7.000000     10.000000      6.000000      9.000000     -3.000000    -11.000000      8.000000     -5.000000      9.000000      2.000000     -6.000000     -5.000000      3.000000      6.000000     12.000000      7.000000     12.000000      8.000000    -11.000000      1.000000      1.000000    -16.000000     -6.000000     -6.000000     -2.000000     15.000000      3.000000     -1.000000      6.000000      3.000000    -10.000000      0.000000      4.000000     13.000000     25.000000      3.000000     22.000000      2.000000     -4.000000      3.000000      3.000000     18.000000     18.000000     26.000000     -9.000000      3.000000      5.000000     10.000000     12.000000      8.000000      8.000000     13.000000     -2.000000     -6.000000      6.000000     12.000000     -4.000000     12.000000     15.000000     -6.000000     -6.000000     -6.000000     -3.000000      1.000000      4.000000     -4.000000     -6.000000
   409.504913      5.000000     -7.000000     -2.000000     13.000000      6.000000      7.000000      0.000000     -3.000000     -1.000000     12.000000      2.000000     -7.000000      5.000000      0.000000      0.000000     -8.000000     -2.000000     21.000000     19.000000     10.000000      0.000000     -7.000000      0.000000     16.000000     18.000000     -5.000000      9.000000     -1.000000     27.000000    -10.000000      6.000000      8.000000     -3.000000      0.000000      5.000000     -2.000000    -13.000000     -6.000000      8.000000      2.000000     -2.000000     16.000000     -6.000000     -2.000000     -4.000000     -4.000000     -1.000000      0.000000    -22.000000      8.000000     -4.000000     23.000000      5.000000     -5.000000     10.000000     -8.000000     -1.000000    -13.000000     25.000000     -5.000000      6.000000     -2.000000     -6.000000      4.000000     18.000000      8.000000      4.000000     -3.000000     16.000000     -2.000000     12.000000      2.000000      6.000000      7.000000      2.000000      6.000000     10.000000     22.000000     13.000000      2.000000     -9.000000      3.000000     -8.000000      9.000000      0.000000     15.000000      5.000000      8.000000      9.000000    -12.000000     -4.000000     -1.000000     -8.000000     -7.000000      0.000000     -3.000000    -12.000000      8.000000      9.000000      6.000000     -8.000000     -2.000000      0.000000     -9.000000      3.000000      4.000000     -6.000000     -6.000000      4.000000     -6.000000     16.000000     31.000000     23.000000     34.000000      9.000000     10.000000      8.000000     -5.000000      1.000000     -4.000000     -4.000000      3.000000     12.000000     -1.000000    -13.000000     -5.000000      4.000000     -9.000000      6.000000     -6.000000     14.000000     -4.000000     -5.000000     17.000000     13.000000     19.000000      2.000000     12.000000      9.000000      1.000000     -1.000000     12.000000    -14.000000     -5.000000      4.000000    -14.000000
   410.704712     -2.000000     -7.000000     -2.000000     -3.000000      5.000000     -3.000000     -1.000000      3.000000      4.000000     24.000000      9.000000      5.000000      1.000000    -17.000000    -14.000000     13.000000     14.000000      5.000000     12.000000     -2.000000     16.000000     -9.000000    -18.000000     -9.000000      5.000000     -2.000000      4.000000     15.000000     -5.000000      8.000000      0.000000      0.000000     29.000000     13.000000     10.000000      3.000000    -19.000000      1.000000      4.000000     13.000000     -1.000000      5.000000    -10.000000      2.000000      1.000000     13.000000      6.000000      4.000000      9.000000     -1.000000     -1.000000    -16.000000     12.000000      1.000000     14.000000     -2.000000      1.000000     -5.000000     -9.000000     -5.000000     -4.000000      1.000000      6.000000      1.000000     16.000000      9.000000     -3.000000     -8.000000     -6.000000    -10.000000     -4.000000     -5.000000      2.000000     12.000000     11.000000     17.000000      2.000000     -4.000000      1.000000      6.000000      3.000000     14.000000    -12.000000      4.000000    -18.000000      0.000000     -5.000000    -18.000000     -5.000000      6.000000      7.000000      6.000000      8.000000     -2.000000     -3.000000     -5.000000      5.000000      6.000000     -3.000000      8.000000      6.000000     -2.000000     -2.000000     -3.000000     19.000000      7.000000     10.000000     -7.000000     -6.000000      7.000000     14.000000      1.000000     13.000000      8.000000      1.000000     -2.000000     12.000000      1.000000      7.000000     -1.000000      6.000000     11.000000     10.000000     -4.000000     -3.000000     -5.000000     -1.000000     -4.000000    -11.000000     -5.000000      0.000000     -7.000000     22.000000      3.000000      6.000000      7.000000    -10.000000     -1.000000     11.000000      4.000000      1.000000      7.000000     -1.000000     -9.000000     11.000000     17.000000
   411.904907     15.000000     -6.000000      6.000000     -8.000000      2.000000     20.000000      9.000000     11.000000     -1.000000     15.000000     10.000000     -9.000000      6.000000    -11.000000     -1.000000     19.000000      4.000000     33.000000     17.000000     -6.000000     17.000000      2.000000      1.000000      2.000000      6.000000     19.000000      6.000000     -3.000000     -9.000000     17.000000     10.000000     -7.000000      2.000000      8.000000     -7.000000      5.000000      7.000000     -3.000000     11.000000      4.000000     16.000000      8.000000     10.000000    -11.000000     -4.000000     -8.000000     10.000000     17.000000      1.000000      2.000000      0.000000     27.000000      9.000000     11.000000     -3.000000      2.000000     16.000000    -16.000000     11.000000      7.000000     13.000000     -8.000000     -3.000000      1.000000      1.000000      2.000000     -4.000000      1.000000     -7.000000      2.000000     10.000000     -5.000000      2.000000     14.000000      8.000000      7.000000      7.000000     -5.000000     -2.000000     12.000000      0.000000      8.000000      9.000000    -11.000000     -6.000000      7.000000     10.000000      7.000000      7.000000     -3.000000     12.000000     20.000000      0.000000      1.000000      4.000000      1.000000     -3.000000      7.000000     15.000000     17.000000    -16.000000     -9.000000      9.000000     -6.000000     -4.000000      4.000000      9.000000      3.000000     -4.000000    -12.000000     -7.000000      6.000000     21.000000     14.000000     13.000000     -6.000000      0.000000      7.000000     -8.000000     -8.000000      4.000000     -5.000000      0.000000     -2.000000     10.000000      9.000000    -10.000000      6.000000      6.000000     -2.000000     12.000000      2.000000     -9.000000     10.000000     -4.000000      1.000000      2.000000    -12.000000     11.000000     -7.000000     -1.000000     -6.000000      4.000000      3.000000      9.000000     16.000000
   413.105591      3.000000    -11.000000    -12.000000     -9.000000     -5.000000     -4.000000      9.000000      4.000000      4.000000      3.000000     -9.000000     -1.000000      7.000000     10.000000      0.000000    -13.000000      5.000000     28.000000     16.000000     -9.000000      1.000000     11.000000      4.000000    -17.000000     -7.000000      9.000000     16.000000     20.000000     -7.000000     14.000000     -3.000000     11.000000     -5.000000      5.000000     -5.000000      8.000000     21.000000     13.000000     -2.000000      5.000000      9.000000     -4.000000      4.000000      4.000000     -4.000000     -2.000000      0.000000     -6.000000     -5.000000      4.000000      5.000000    -27.000000     -6.000000      1.000000     -9.000000     -1.000000     -3.000000    -13.000000    -12.000000      8.000000     12.000000     16.000000      6.000000     13.000000     10.000000     -9.000000     -1.000000    -13.000000     -5.000000     -3.000000     10.000000     -4.000000     10.000000      8.000000     10.000000      0.000000     15.000000    -12.000000     -3.000000     18.000000      5.000000      9.000000      6.000000    -11.000000     11.000000      6.000000     22.000000      8.000000    -16.000000     -8.000000      1.000000     -4.000000     13.000000     10.000000      8.000000      7.000000      2.000000     21.000000    -10.000000    -13.000000      6.000000     -1.000000      8.000000      6.000000     -5.000000      5.000000      8.000000     -1.000000     16.000000     -6.000000     13.000000      9.000000     15.000000      7.000000      1.000000     -9.000000     -4.000000      4.000000     -1.000000      5.000000     -5.000000     -3.000000      5.000000     15.000000     -9.000000     17.000000      7.000000      0.000000      8.000000     -5.000000      4.000000      4.000000      3.000000      3.000000    -13.000000     -4.000000     16.000000     11.000000      0.000000    -15.000000      7.000000      4.000000     18.000000      2.000000     10.000000     -3.000000
   414.306793      5.000000     16.000000      0.000000     20.000000      9.000000     18.000000      3.000000      9.000000      4.000000      9.000000    -12.000000      7.000000      3.000000     20.000000     -2.000000     -5.000000      8.000000     21.000000      3.000000      4.000000     15.000000      2.000000    -12.000000     13.000000     -3.000000     17.000000     -1.000000     -6.000000      6.000000     -6.000000    -13.000000     -4.000000     15.000000      7.000000     10.000000     -9.000000      3.000000      0.000000     -7.000000    -12.000000    -18.000000     -6.000000     -9.000000      0.000000     -2.000000     16.000000      0.000000     -9.000000      0.000000     -4.000000    -12.000000      2.000000     -1.000000     11.000000      0.000000     -2.000000     -7.000000     -7.000000     12.000000      5.000000      1.000000      9.000000      2.000000    -19.000000      0.000000     16.000000      7.000000      8.000000      5.000000     13.000000     18.000000     10.000000     12.000000     12.000000     11.000000     -5.000000      3.000000      1.000000      7.000000      8.000000     20.000000      2.000000    -14.000000     -7.000000      5.000000     11.000000      5.000000     19.000000    -10.000000     12.000000     -2.000000     10.000000     -3.000000      1.000000      8.000000     10.000000     13.000000      4.000000      3.000000    -12.000000      7.000000    -10.000000      8.000000     -5.000000    -10.000000    -10.000000      9.000000      5.000000      7.000000      8.000000      8.000000      9.000000     10.000000     33.000000     -4.000000      4.000000     10.000000      5.000000    -13.000000     -3.000000      9.000000      9.000000    -17.000000     -6.000000     -6.000000      5.000000    -11.000000     11.000000      3.000000      0.000000      1.000000     -9.000000     18.000000     -5.000000      8.000000     -2.000000     -3.000000      8.000000     -4.000000      0.000000      8.000000     19.000000      9.000000    -19.000000      4.000000     10.000000
   415.508514     10.000000     -8.000000     10.000000     22.000000     -2.000000      1.000000      3.000000     23.000000     17.000000     15.000000     -5.000000      2.000000      5.000000     15.000000      4.000000     19.000000      8.000000     15.000000     25.000000     11.000000      7.000000     11.000000    -12.000000     -1.000000     12.000000      2.000000     10.000000      5.000000      2.000000     -9.000000     -3.000000    -10.000000      5.000000     -1.000000     -2.000000      2.000000      8.000000      3.000000      5.000000      1.000000     10.000000     -1.000000     -1.000000     -1.000000     -9.000000     -5.000000      3.000000     10.000000    -19.000000      4.000000      0.000000      4.000000     -1.000000     12.000000     20.000000    -13.000000    -12.000000     -2.000000     13.000000      0.000000    -11.000000      5.000000     -1.000000     -4.000000      1.000000     14.000000     -3.000000     -2.000000      7.000000     -7.000000     -3.000000      7.000000     11.000000      1.000000     14.000000      3.000000     -8.000000      9.000000      5.000000     16.000000     11.000000     17.000000    -18.000000    -19.000000     12.000000      3.000000     -8.000000     14.000000     -3.000000      0.000000     10.000000     10.000000      7.000000      0.000000     -4.000000     -3.000000     -6.000000    -12.000000     11.000000     -8.000000      4.000000      3.000000     11.000000     -7.000000     13.000000     -1.000000      6.000000      3.000000     -6.000000     16.000000      3.000000     -9.000000     38.000000     46.000000     -1.000000     11.000000      7.000000      3.000000      2.000000     -5.000000      1.000000     14.000000      8.000000     -4.000000      3.000000      0.000000    -10.000000      7.000000      1.000000      9.000000     18.000000      3.000000    -10.000000      3.000000     13.000000     -8.000000      8.000000     11.000000    -12.000000      6.000000     -8.000000     -5.000000    -14.000000     12.000000     12.000000      7.000000
   416.710602     12.000000     26.000000      8.000000      6.000000      8.000000      9.000000     -6.000000      2.000000      6.000000    -16.000000    -12.000000     -3.000000     19.000000      5.000000     15.000000      0.000000     -2.000000     17.000000     10.000000     15.000000     19.000000      6.000000      9.000000      6.000000      2.000000     17.000000     -2.000000      7.000000     -9.000000     15.000000     13.000000     25.000000    -15.000000      1.000000     11.000000     16.000000     10.000000     -2.000000     13.000000     -9.000000     26.000000      3.000000      9.000000     -4.000000      0.000000      2.000000     12.000000     18.000000    -20.000000     17.000000     16.000000      0.000000      5.000000      2.000000      2.000000    -11.000000     -1.000000      6.000000     -2.000000     -3.000000      5.000000      4.000000     -4.000000      9.000000      3.000000    -16.000000      2.000000      0.000000     -1.000000      4.000000      9.000000      5.000000      9.000000      0.000000     -1.000000     -4.000000     15.000000      8.000000     -1.000000      0.000000      5.000000     -5.000000     22.000000     -8.000000     11.000000      8.000000     -3.000000      7.000000     -3.000000      6.000000    -10.000000      6.000000      4.000000     10.000000      5.000000      4.000000      2.000000      7.000000     10.000000     -1.000000     -5.000000    -13.000000      6.000000     -1.000000    -24.000000     -9.000000      7.000000     25.000000      4.000000     10.000000      2.000000     -8.000000     41.000000     42.000000      3.000000     15.000000     21.000000     15.000000      4.000000      0.000000     -2.000000      8.000000     10.000000     -5.000000      1.000000     11.000000      2.000000     -3.000000      0.000000     15.000000     19.000000    -11.000000      7.000000     -7.000000     11.000000     -9.000000     18.000000      7.000000     -2.000000     -3.000000    -15.000000      1.000000     -7.000000      7.000000     -5.000000      4.000000
   417.913300     -2.000000      0.000000      1.000000      6.000000      3.000000     12.000000     12.000000     10.000000      7.000000     -4.000000     -6.000000      8.000000     -4.000000      9.000000     12.000000     19.000000     -4.000000     34.000000      7.000000     17.000000      1.000000     -2.000000     -3.000000     -1.000000     -6.000000     10.000000      9.000000      1.000000     -8.000000     11.000000     -5.000000     -1.000000      8.000000     -5.000000     10.000000     16.000000     15.000000    -15.000000     11.000000      9.000000      5.000000     -1.000000      5.000000     -4.000000      0.000000     12.000000     -2.000000     23.000000     -1.000000    -12.000000     13.000000     10.000000      9.000000     -1.000000      2.000000    -21.000000    -12.000000     -2.000000      1.000000     14.000000      7.000000      7.000000     -2.000000      6.000000     -1.000000    -15.000000     -9.000000     10.000000      6.000000    -13.000000     -4.000000    -13.000000      9.000000      8.000000     11.000000      3.000000      8.000000     -7.000000      8.000000      0.000000      6.000000     -4.000000      7.000000      8.000000     21.000000      2.000000      1.000000     13.000000     -1.000000     -2.000000      2.000000     -3.000000     -8.000000      2.000000     10.000000     17.000000      0.000000     15.000000      2.000000     -6.000000      6.000000     -3.000000     -8.000000     -5.000000     -3.000000      7.000000    -16.000000      5.000000      1.000000      4.000000     12.000000      0.000000     31.000000     38.000000     17.000000     17.000000      7.000000     -1.000000     16.000000      2.000000     13.000000      8.000000      3.000000     10.000000      8.000000     -9.000000      2.000000      4.000000      3.000000     -7.000000     10.000000      2.000000      7.000000      4.000000     14.000000      6.000000      3.000000      7.000000     -7.000000      3.000000     -1.000000     -1.000000     -8.000000    -11.000000     -9.000000     -6.000000
   419.116394     18.000000      6.000000    -13.000000      7.000000     14.000000     -4.000000     -6.000000      3.000000     -3.000000      6.000000      6.000000      5.000000    -12.000000      6.000000      4.000000      1.000000      3.000000     32.000000      7.000000     16.000000     -7.000000     -2.000000     14.000000      1.000000     12.000000     11.000000     15.000000      9.000000      3.000000     18.000000      0.000000     -9.000000     -4.000000     -4.000000     15.000000    -13.000000      7.000000     -6.000000      4.000000     -9.000000     17.000000      6.000000     -6.000000      1.000000      1.000000      5.000000      0.000000      1.000000      5.000000     -1.000000    -20.000000     -3.000000      7.000000     -2.000000     -5.000000      3.000000     15.000000     -4.000000     -2.000000      2.000000      0.000000     11.000000    -12.000000     -6.000000     -1.000000    -10.000000      2.000000     13.000000      5.000000     -5.000000     -5.000000     -7.000000     23.000000     14.000000     -9.000000     13.000000      8.000000     18.000000      4.000000      9.000000     -3.000000      0.000000      2.000000     -6.000000      9.000000      7.000000      8.000000     -9.000000     -2.000000     10.000000      1.000000      5.000000     -7.000000      5.000000      7.000000     15.000000      1.000000     -2.000000     13.000000      5.000000     10.000000      5.000000     -3.000000      5.000000      7.000000     15.000000     -3.000000      1.000000      5.000000      9.000000     -6.000000     -1.000000     34.000000     36.000000     23.000000     16.000000      6.000000      0.000000      9.000000      4.000000    -14.000000     -2.000000     11.000000      0.000000     14.000000      0.000000     13.000000      4.000000      5.000000     21.000000      7.000000      3.000000      4.000000      3.000000      8.000000     -7.000000      7.000000     -3.000000     -5.000000      2.000000      7.000000      9.000000    -13.000000      6.000000     -3.000000     -1.000000
   420.320007     11.000000      7.000000     14.000000     17.000000      1.000000      3.000000     -3.000000      1.000000     12.000000     12.000000      7.000000     17.000000      1.000000      5.000000      3.000000     15.000000      7.000000     36.000000     16.000000      0.000000     -1.000000     28.000000     -4.000000     15.000000     19.000000     15.000000     -9.000000     13.000000      5.000000      1.000000      0.000000    -10.000000     13.000000     -4.000000    -11.000000      7.000000     13.000000      3.000000      1.000000     -5.000000      3.000000     16.000000     12.000000     -3.000000      8.000000      0.000000      0.000000     -1.000000      3.000000     -8.000000      9.000000     12.000000      7.000000     16.000000     -9.000000     -3.000000     -1.000000      1.000000     -3.000000     -6.000000     -3.000000     18.000000      1.000000     -1.000000     25.000000      8.000000     21.000000     -3.000000     -8.000000     19.000000      6.000000      7.000000     -6.000000     16.000000      3.000000      1.000000     -7.000000      8.000000    -23.000000      8.000000      9.000000     14.000000     -6.000000    -14.000000     19.000000    -13.000000     -5.000000      5.000000      1.000000     12.000000     -6.000000     -8.000000     -9.000000     11.000000      9.000000     17.000000     -5.000000      6.000000     18.000000     18.000000      2.000000      0.000000      3.000000      0.000000     -2.000000     -7.000000      8.000000    -14.000000     -3.000000      4.000000     -1.000000     17.000000     46.000000     61.000000     10.000000      0.000000     -1.000000      5.000000      2.000000     -7.000000     21.000000      8.000000      8.000000     19.000000     12.000000     -3.000000     -1.000000      4.000000      9.000000     12.000000     -1.000000      8.000000      0.000000     -4.000000     -1.000000      2.000000      7.000000      4.000000    -10.000000     -3.000000      4.000000      7.000000      3.000000      5.000000     -5.000000      5.000000
   421.524109      4.000000     -7.000000     15.000000      7.000000      2.000000     10.000000     -1.000000      6.000000     -4.000000     16.000000      9.000000      1.000000     -5.000000    -16.000000     -1.000000     14.000000     -1.000000     61.000000     22.000000     22.000000     15.000000      7.000000     16.000000     14.000000     -8.000000      4.000000     10.000000     11.000000      8.000000      9.000000     16.000000     17.000000      4.000000     18.000000      8.000000      4.000000     16.000000     -4.000000     16.000000      2.000000      4.000000     19.000000      1.000000      5.000000      8.000000     -5.000000      7.000000     10.000000     -4.000000     -9.000000     -4.000000     -4.000000     -7.000000      9.000000     11.000000      7.000000     12.000000      3.000000      1.000000     -7.000000     14.000000     10.000000    -20.000000     -8.000000      3.000000    -10.000000      9.000000     -4.000000    -19.000000      2.000000     10.000000     15.000000     10.000000      5.000000    -12.000000     -1.000000     10.000000      7.000000      7.000000     17.000000     17.000000      3.000000      4.000000    -12.000000      8.000000      1.000000      9.000000     17.000000      7.000000      0.000000     12.000000      2.000000      2.000000      7.000000     10.000000     38.000000      2.000000     15.000000     -4.000000      7.000000     16.000000      1.000000     -1.000000      0.000000      5.000000      0.000000     17.000000      2.000000     -5.000000     -8.000000     10.000000      4.000000     66.000000     64.000000      6.000000     22.000000     -3.000000      4.000000    -19.000000     -4.000000     25.000000     11.000000      3.000000     -3.000000     -3.000000      0.000000     -6.000000      7.000000     -2.000000     10.000000      2.000000    -10.000000     17.000000      0.000000      1.000000     13.000000     -5.000000    -16.000000     -9.000000      3.000000     -5.000000     -1.000000     10.000000      5.000000      0.000000      3.000000
   422.728607     13.000000      1.000000      6.000000      6.000000     -1.000000     10.000000    -11.000000     16.000000     14.000000     19.000000      9.000000     -6.000000     -6.000000      4.000000      3.000000     11.000000      2.000000     38.000000     15.000000      5.000000     11.000000     14.000000     -8.000000      6.000000      0.000000      3.000000      1.000000     22.000000    -10.000000     -9.000000    -13.000000     15.000000     -8.000000     -7.000000     15.000000     -3.000000     11.000000      2.000000      7.000000     12.000000      9.000000      0.000000      2.000000     12.000000      1.000000     -1.000000     -1.000000      1.000000     -1.000000      7.000000    -10.000000     24.000000    -10.000000     -4.000000     -3.000000     -3.000000      4.000000     10.000000      5.000000     19.000000     16.000000      0.000000     -2.000000      1.000000      6.000000     -4.000000      5.000000     15.000000     15.000000      8.000000     10.000000      5.000000      2.000000    -15.000000     -7.000000      7.000000      1.000000      5.000000     -3.000000     10.000000      3.000000      6.000000      2.000000     14.000000      0.000000      6.000000      6.000000      3.000000      0.000000      5.000000     11.000000     14.000000      5.000000      9.000000     -6.000000     26.000000     -1.000000     31.000000    -14.000000      6.000000     14.000000     -2.000000     -7.000000      2.000000      1.000000      9.000000      1.000000     -2.000000     -9.000000     10.000000      6.000000     24.000000     45.000000     74.000000    -15.000000      5.000000    -13.000000      8.000000     -3.000000      3.000000      6.000000    -10.000000      1.000000      3.000000      8.000000     -9.000000      0.000000      4.000000      2.000000     -8.000000      6.000000     21.000000     18.000000     -3.000000     10.000000     -4.000000     -3.000000    -12.000000      8.000000     13.000000      3.000000      7.000000      3.000000      2.000000     -4.000000     -3.000000
   423.933685     -4.000000     23.000000      7.000000     12.000000      6.000000      4.000000     21.000000     17.000000      0.000000     -5.000000      8.000000     14.000000     13.000000     12.000000     15.000000     -6.000000     12.000000     59.000000     21.000000     18.000000      6.000000     10.000000    -15.000000     -1.000000    -16.000000     -2.000000     -3.000000     14.000000     23.000000     -8.000000      5.000000     -2.000000     18.000000      1.000000     16.000000      9.000000     -4.000000     -8.000000     -7.000000     -6.000000     -5.000000     -8.000000     -7.000000      4.000000      3.000000      8.000000     10.000000     -8.000000     -9.000000     -4.000000     -2.000000      8.000000     -7.000000      8.000000      4.000000      9.000000    -10.000000      3.000000    -15.000000     10.000000     12.000000     15.000000     -1.000000     -3.000000      5.000000     -2.000000      0.000000     26.000000     20.000000      6.000000      6.000000     -2.000000    -10.000000     -1.000000     13.000000      6.000000     -3.000000     -8.000000     14.000000      4.000000     21.000000      8.000000     -4.000000     -5.000000      5.000000      2.000000      6.000000      1.000000      8.000000     14.000000     24.000000     -3.000000     20.000000     -2.000000     -6.000000     26.000000     -1.000000     28.000000      4.000000      8.000000     -9.000000      0.000000     13.000000     -7.000000     31.000000      9.000000     -2.000000      0.000000     -3.000000      2.000000      0.000000     21.000000     81.000000     88.000000     28.000000     18.000000      3.000000      2.000000      1.000000      8.000000      8.000000     17.000000      1.000000      7.000000      2.000000     31.000000     -2.000000      1.000000     17.000000     20.000000     16.000000     -8.000000     12.000000     17.000000      1.000000     16.000000    -15.000000    -15.000000     11.000000     14.000000     -1.000000      5.000000      1.000000      1.000000      3.000000     13.000000
   425.139191     16.000000      1.000000      5.000000      1.000000      1.000000     19.000000      2.000000      3.000000     15.000000      7.000000     11.000000     -9.000000     -7.000000      6.000000    -18.000000     -9.000000     29.000000     64.000000     21.000000     14.000000      4.000000     -8.000000      3.000000      8.000000      3.000000      9.000000     13.000000      2.000000      8.000000     -3.000000     -1.000000     -3.000000     12.000000     12.000000      1.000000     16.000000      5.000000     18.000000     -5.000000      7.000000      4.000000     -2.000000     -8.000000     -4.000000     -6.000000      3.000000     13.000000      3.000000      0.000000      0.000000      1.000000     -1.000000      6.000000     -6.000000      4.000000     -3.000000      4.000000      3.000000     -3.000000    -14.000000      3.000000    -12.000000    -11.000000    -13.000000      9.000000      9.000000     15.000000     10.000000      0.000000      5.000000      6.000000      7.000000     13.000000      1.000000     25.000000     21.000000     -2.000000      8.000000      9.000000      1.000000     13.000000     -3.000000     -1.000000      1.000000      2.000000    -18.000000      9.000000      4.000000     -4.000000      3.000000      5.000000      0.000000    -12.000000     -8.000000      1.000000     14.000000     13.000000     12.000000      4.000000     11.000000     -6.000000      4.000000      4.000000     22.000000     16.000000      7.000000     -4.000000     -2.000000      4.000000      9.000000      9.000000     25.000000     86.000000    106.000000     18.000000     14.000000     11.000000     -5.000000     11.000000      8.000000      9.000000     11.000000     31.000000     13.000000     14.000000      5.000000     -1.000000      7.000000      9.000000      5.000000      9.000000      6.000000      8.000000      0.000000      0.000000     13.000000    -12.000000      1.000000     -3.000000     13.000000      1.000000     -1.000000      3.000000     -4.000000      5.000000      5.000000
   426.345215     17.000000     13.000000     21.000000      6.000000      8.000000     -1.000000     14.000000     -4.000000      2.000000    -10.000000     10.000000     -4.000000      0.000000     27.000000      0.000000      8.000000     23.000000    105.000000     33.000000     20.000000     19.000000     14.000000     -1.000000     -9.000000     -9.000000     10.000000      5.000000      0.000000     21.000000     13.000000     12.000000    -11.000000     18.000000     25.000000      4.000000      8.000000     21.000000     23.000000      2.000000      0.000000      7.000000      4.000000     -2.000000    -10.000000    -10.000000    -12.000000     18.000000     12.000000     -3.000000      2.000000    -26.000000      7.000000     13.000000     21.000000     13.000000      1.000000      8.000000     10.000000     -2.000000     24.000000      1.000000     17.000000     -3.000000      6.000000      1.000000      3.000000      1.000000     10.000000      1.000000     -4.000000     -5.000000      0.000000     -3.000000    -10.000000     -5.000000     10.000000     14.000000    -13.000000     10.000000      5.000000      6.000000     10.000000     13.000000     -9.000000      2.000000     -6.000000      8.000000      8.000000      2.000000     -6.000000     -9.000000      4.000000    -15.000000     22.000000     15.000000     56.000000     19.000000      9.000000     28.000000     -3.000000    -13.000000     -2.000000      5.000000     12.000000      9.000000      9.000000     -6.000000    -12.000000      5.000000      9.000000      4.000000     28.000000    139.000000    121.000000     28.000000     20.000000      4.000000      9.000000      9.000000     10.000000    -14.000000      3.000000     25.000000      7.000000     14.000000     15.000000     -5.000000     -2.000000      6.000000     -1.000000     22.000000      6.000000      2.000000     12.000000      5.000000     -1.000000    -12.000000     16.000000     -2.000000     14.000000      7.000000      3.000000      6.000000      5.000000     -4.000000     -7.000000
   427.551697     13.000000     21.000000    -14.000000     -5.000000      6.000000      8.000000     20.000000     18.000000     25.000000      7.000000     32.000000      0.000000     13.000000      9.000000      9.000000     10.000000     39.000000     81.000000     40.000000     22.000000     24.000000     -1.000000      9.000000     17.000000     -9.000000     -5.000000     -1.000000      7.000000     14.000000     26.000000     -7.000000     16.000000      9.000000     16.000000      0.000000      8.000000      9.000000     27.000000     -6.000000    -15.000000      4.000000      9.000000    -13.000000     -7.000000     -5.000000     -1.000000     17.000000      9.000000     -9.000000      9.000000     -6.000000     -1.000000     -4.000000     -7.000000      3.000000      8.000000     12.000000     -8.000000      5.000000      7.000000      5.000000    -15.000000      7.000000     -9.000000    -11.000000      2.000000    -10.000000     -1.000000      4.000000     -9.000000     -3.000000      8.000000     17.000000      0.000000     16.000000     15.000000      7.000000      9.000000      6.000000     17.000000     43.000000    -22.000000      9.000000     10.000000      8.000000    -15.000000     -5.000000      5.000000     -2.000000     18.000000      2.000000     -3.000000     10.000000      0.000000      5.000000     51.000000     -5.000000     -5.000000      5.000000     11.000000      0.000000     17.000000      7.000000      8.000000     -2.000000     22.000000     21.000000     11.000000      4.000000     14.000000      9.000000     23.000000    119.000000    155.000000     26.000000     22.000000      6.000000      3.000000     23.000000     31.000000     15.000000      7.000000     14.000000      4.000000     -6.000000      7.000000     17.000000    -14.000000     16.000000    -15.000000      7.000000      8.000000     12.000000      5.000000      4.000000      7.000000     -9.000000     -3.000000     -2.000000      2.000000      4.000000      5.000000      7.000000      3.000000      0.000000    -13.000000
   428.758606      0.000000     12.000000      3.000000     11.000000      5.000000     19.000000     -1.000000      1.000000     13.000000      4.000000     29.000000     21.000000     18.000000     -7.000000     13.000000     22.000000     22.000000    109.000000     41.000000     25.000000     11.000000      5.000000     18.000000      5.000000     10.000000    -10.000000     40.000000      5.000000     18.000000     -2.000000     -7.000000     -3.000000      4.000000     19.000000      5.000000     -2.000000     44.000000     23.000000     15.000000      8.000000     11.000000      0.000000     14.000000     -1.000000      8.000000      5.000000     30.000000      9.000000    -18.000000      3.000000      2.000000      9.000000     16.000000      8.000000     10.000000     15.000000     10.000000      4.000000     -4.000000      8.000000      3.000000      7.000000     -1.000000      9.000000     18.000000     13.000000      2.000000      6.000000     19.000000     10.000000      2.000000     -1.000000     -7.000000     11.000000     28.000000      4.000000     11.000000      6.000000     11.000000     12.000000     19.000000     29.000000     18.000000     19.000000     -3.000000      8.000000     -7.000000     14.000000     -6.000000     13.000000      9.000000     24.000000    -14.000000     13.000000      8.000000     52.000000     28.000000     21.000000      9.000000      1.000000     -3.000000     -5.000000      9.000000     13.000000     -7.000000      2.000000      9.000000      1.000000      9.000000      1.000000     18.000000     46.000000    183.000000    201.000000     51.000000     25.000000      9.000000     -7.000000     24.000000     20.000000     13.000000     15.000000     11.000000      9.000000      5.000000      1.000000      4.000000      1.000000     31.000000     -5.000000     -4.000000     19.000000     18.000000     18.000000      7.000000     15.000000      1.000000     19.000000     11.000000      9.000000      1.000000      8.000000     14.000000      3.000000      6.000000      5.000000
   429.966095     23.000000     19.000000     28.000000      6.000000     25.000000     16.000000    -10.000000     -2.000000      3.000000      4.000000     10.000000      2.000000     22.000000      2.000000     18.000000     27.000000     17.000000    136.000000     48.000000     37.000000     26.000000     20.000000     34.000000      7.000000     12.000000      7.000000     20.000000     34.000000     16.000000     12.000000      7.000000      1.000000     13.000000     18.000000     17.000000     -3.000000     23.000000     25.000000     16.000000     20.000000     12.000000      2.000000    -10.000000     -6.000000     10.000000     13.000000     11.000000     10.000000     -6.000000     12.000000      8.000000     27.000000     16.000000      5.000000     16.000000     11.000000      1.000000     -7.000000     17.000000    -10.000000      6.000000     12.000000      4.000000     -5.000000     14.000000     12.000000    -19.000000     15.000000     11.000000     -8.000000     13.000000     -5.000000    -22.000000     -8.000000      2.000000     15.000000      9.000000     16.000000     32.000000     38.000000     26.000000     19.000000     -3.000000      4.000000     21.000000     -9.000000     10.000000      2.000000      1.000000     -8.000000     -7.000000     21.000000    -10.000000     23.000000     10.000000     79.000000     24.000000     26.000000      4.000000     -1.000000      9.000000      8.000000     13.000000      4.000000      5.000000      3.000000      5.000000     -1.000000      3.000000     10.000000     29.000000     45.000000    213.000000    264.000000     39.000000     37.000000      6.000000     15.000000     16.000000     15.000000     22.000000     24.000000      5.000000     22.000000     15.000000      9.000000     19.000000      9.000000      6.000000     -7.000000      8.000000     22.000000     12.000000     10.000000     12.000000      3.000000     13.000000      0.000000      4.000000     -2.000000     13.000000     12.000000      2.000000     11.000000     -8.000000     -3.000000
   431.174011     20.000000      8.000000     20.000000     15.000000     31.000000     17.000000      6.000000      6.000000     33.000000     15.000000      8.000000     10.000000     15.000000      5.000000      9.000000     25.000000     26.000000    194.000000     69.000000     25.000000     48.000000     20.000000     22.000000     17.000000      6.000000     28.000000     49.000000     32.000000     10.000000     17.000000     27.000000     11.000000     22.000000     14.000000     13.000000     -2.000000     16.000000     10.000000      9.000000     -5.000000      3.000000     -5.000000      3.000000      1.000000     -4.000000     19.000000     13.000000      6.000000      9.000000      4.000000    -24.000000     16.000000     14.000000     10.000000     -6.000000     12.000000     15.000000      6.000000    -10.000000     10.000000     18.000000     -3.000000    -12.000000     -8.000000      1.000000      4.000000      3.000000      8.000000     14.000000      5.000000     10.000000      1.000000     -5.000000      4.000000      5.000000     21.000000     -8.000000     24.000000     24.000000     50.000000     42.000000     10.000000      4.000000     -9.000000     37.000000     11.000000      2.000000    -17.000000     12.000000     13.000000     -9.000000     22.000000     -3.000000     18.000000     22.000000     95.000000     33.000000     31.000000    -16.000000     -8.000000      6.000000     11.000000     40.000000     22.000000     14.000000     11.000000      1.000000      0.000000     10.000000      0.000000     28.000000     57.000000    246.000000    410.000000     43.000000     25.000000     16.000000     14.000000     36.000000     27.000000     30.000000     25.000000     20.000000     24.000000     20.000000     31.000000      0.000000     -3.000000     19.000000      5.000000     -6.000000     11.000000     -4.000000     19.000000      0.000000     16.000000      3.000000     -4.000000     14.000000      9.000000     13.000000     34.000000      8.000000      2.000000      4.000000     12.000000
   432.382385     20.000000     38.000000     20.000000     22.000000     17.000000     35.000000     16.000000     27.000000     27.000000     14.000000     30.000000      8.000000     18.000000     23.000000      3.000000     11.000000     38.000000    241.000000     69.000000     59.000000     35.000000     19.000000     34.000000     50.000000     10.000000     41.000000     52.000000     30.000000     21.000000      7.000000     15.000000      5.000000      8.000000     24.000000      7.000000      4.000000     34.000000     23.000000     19.000000      1.000000     14.000000      4.000000     -7.000000      4.000000      0.000000     -2.000000      8.000000     17.000000      0.000000     10.000000      1.000000     21.000000     21.000000      0.000000      9.000000      7.000000     13.000000     22.000000    -10.000000     -9.000000     -6.000000      2.000000      7.000000     11.000000      2.000000     -4.000000    -11.000000      2.000000     43.000000     -2.000000    -11.000000      1.000000     -6.000000      3.000000     -3.000000     26.000000     20.000000     23.000000     22.000000     26.000000     39.000000      2.000000      8.000000     -6.000000     43.000000      5.000000      3.000000     17.000000     10.000000      3.000000      4.000000     17.000000      5.000000     35.000000     12.000000    146.000000     33.000000     43.000000      7.000000     16.000000     17.000000     12.000000     11.000000     24.000000     15.000000      1.000000     11.000000     16.000000     21.000000    -18.000000     38.000000     76.000000    414.000000    458.000000     63.000000     59.000000     10.000000      8.000000     41.000000     38.000000     43.000000     29.000000     47.000000     30.000000     38.000000     36.000000      2.000000      1.000000     30.000000     12.000000      8.000000     21.000000      2.000000      4.000000     16.000000     13.000000     -1.000000      0.000000      8.000000      0.000000      8.000000     26.000000     -4.000000     -8.000000    -12.000000     -8.000000
   433.591309     26.000000     43.000000     20.000000     36.000000     20.000000     27.000000      6.000000     22.000000     25.000000     20.000000     45.000000     17.000000     18.000000     32.000000     28.000000     29.000000     41.000000    325.000000    112.000000     61.000000     54.000000     38.000000     43.000000     44.000000     17.000000     41.000000     77.000000     46.000000     29.000000     27.000000     16.000000     15.000000     13.000000     23.000000     20.000000      5.000000     76.000000     29.000000     13.000000      7.000000     -1.000000     -5.000000      8.000000     11.000000     13.000000     24.000000      0.000000      9.000000      7.000000      4.000000     -1.000000      7.000000     19.000000     13.000000      2.000000     14.000000      5.000000      4.000000      5.000000      7.000000     -4.000000     -9.000000      6.000000     16.000000     14.000000     13.000000      6.000000     17.000000     47.000000      9.000000      0.000000     10.000000     18.000000     21.000000     18.000000     21.000000     38.000000     27.000000     37.000000     52.000000     41.000000      8.000000      5.000000     -5.000000     63.000000      8.000000      3.000000     13.000000     21.000000      5.000000      6.000000     29.000000     24.000000     52.000000     42.000000    207.000000     39.000000     41.000000      7.000000     15.000000     -7.000000     11.000000     47.000000      4.000000     31.000000     22.000000     18.000000     18.000000     19.000000     21.000000     29.000000     69.000000    494.000000    628.000000     77.000000     61.000000     19.000000     32.000000     47.000000     47.000000     52.000000     10.000000     24.000000     80.000000     55.000000     16.000000      1.000000     13.000000     11.000000     30.000000     -5.000000      8.000000     30.000000      8.000000     17.000000     41.000000     36.000000     39.000000     24.000000     18.000000     11.000000     25.000000     27.000000     -2.000000      0.000000     11.000000
   434.800598     15.000000     68.000000     39.000000     35.000000     18.000000     37.000000     24.000000     43.000000     21.000000     31.000000     24.000000     13.000000     30.000000     35.000000     31.000000     30.000000    109.000000    423.000000    134.000000     61.000000     74.000000     64.000000     45.000000     47.000000     20.000000     45.000000     68.000000     48.000000     31.000000     37.000000     50.000000     20.000000     32.000000     36.000000     21.000000     20.000000     68.000000     31.000000     18.000000      9.000000      0.000000     15.000000     12.000000     34.000000     10.000000     12.000000     19.000000      9.000000     17.000000      4.000000     15.000000     54.000000     40.000000     31.000000      8.000000      9.000000     21.000000     22.000000     13.000000      4.000000      6.000000      3.000000     -2.000000     -9.000000     14.000000      7.000000      8.000000     22.000000     63.000000      9.000000      5.000000      8.000000     12.000000     10.000000     23.000000     35.000000      8.000000     25.000000     34.000000     52.000000     44.000000     17.000000     -5.000000     15.000000     69.000000     20.000000     14.000000     25.000000     36.000000     15.000000     -4.000000     18.000000     23.000000     47.000000     37.000000    233.000000     54.000000     76.000000     15.000000     23.000000     29.000000      5.000000     43.000000     39.000000     24.000000     45.000000      9.000000     14.000000     10.000000     24.000000     26.000000    101.000000    709.000000    828.000000     84.000000     61.000000     32.000000     29.000000     40.000000     34.000000     54.000000     58.000000     54.000000     67.000000     60.000000     32.000000     -3.000000     -1.000000     17.000000     14.000000     28.000000     26.000000     16.000000     16.000000     33.000000      6.000000      9.000000     18.000000     22.000000     25.000000      5.000000     40.000000     -3.000000      0.000000     -2.000000      0.000000
   436.010498     54.000000     70.000000     53.000000     38.000000     38.000000      3.000000     25.000000     42.000000     43.000000     41.000000     50.000000     37.000000     31.000000     39.000000     19.000000     37.000000    133.000000    517.000000    188.000000    101.000000     80.000000     76.000000     84.000000     84.000000     70.000000     59.000000     98.000000     72.000000     69.000000     48.000000     24.000000     18.000000     67.000000     47.000000     31.000000     11.000000    114.000000     61.000000      6.000000     -2.000000      2.000000     12.000000      1.000000      1.000000      7.000000     16.000000     22.000000     26.000000     21.000000     -9.000000      1.000000     45.000000     50.000000     24.000000      3.000000      2.000000     -9.000000      7.000000      9.000000      0.000000      2.000000     13.000000      3.000000     -2.000000      4.000000      6.000000      8.000000     26.000000     67.000000      5.000000      7.000000      6.000000     23.000000     24.000000     35.000000     37.000000     37.000000      9.000000     31.000000     87.000000     78.000000     14.000000     19.000000     25.000000     92.000000     24.000000     21.000000     19.000000     53.000000     25.000000     19.000000     53.000000     13.000000     44.000000     41.000000    298.000000     68.000000     92.000000     17.000000     -2.000000     10.000000     28.000000     50.000000     44.000000     35.000000     29.000000     34.000000      6.000000      4.000000     16.000000     49.000000    116.000000    905.000000   1131.000000    134.000000    101.000000     42.000000     39.000000     63.000000     46.000000     75.000000     50.000000     96.000000     95.000000     98.000000     33.000000     26.000000     17.000000     40.000000     38.000000     37.000000     30.000000     16.000000     30.000000     33.000000     45.000000     23.000000     27.000000     11.000000     20.000000     10.000000     64.000000     12.000000     23.000000     -2.000000      4.000000
   437.220795     46.000000     70.000000     47.000000     25.000000     42.000000     32.000000     30.000000     35.000000     51.000000     41.000000     53.000000     40.000000     49.000000     17.000000     56.000000     27.000000    176.000000    577.000000    204.000000    140.000000    115.000000     83.000000     95.000000     73.000000     49.000000     70.000000     93.000000    101.000000     58.000000     59.000000     52.000000     25.000000     64.000000     48.000000     21.000000     30.000000    111.000000     47.000000     28.000000     -2.000000     -2.000000     19.000000     14.000000     17.000000     15.000000     32.000000     16.000000     16.000000     21.000000     -3.000000      1.000000     71.000000     71.000000     26.000000     -5.000000      6.000000     10.000000      9.000000      4.000000     -3.000000     24.000000     13.000000     -4.000000      2.000000     16.000000      9.000000     19.000000     28.000000     75.000000     18.000000     28.000000     25.000000      2.000000     20.000000     43.000000     42.000000     47.000000     33.000000     45.000000    117.000000     98.000000     23.000000     23.000000     28.000000    130.000000     11.000000     24.000000     17.000000     17.000000     21.000000     30.000000     41.000000      5.000000     92.000000     73.000000    408.000000     70.000000    104.000000     11.000000     16.000000     -3.000000     23.000000     52.000000     74.000000     45.000000     54.000000     15.000000     -5.000000     13.000000     21.000000     53.000000    193.000000   1118.000000   1436.000000    137.000000    140.000000     29.000000     31.000000     95.000000     65.000000    114.000000     75.000000    108.000000    122.000000    108.000000     59.000000     21.000000      2.000000     25.000000     34.000000     20.000000     24.000000      3.000000     14.000000     42.000000     59.000000     22.000000     24.000000     27.000000     37.000000     20.000000     60.000000      2.000000     -2.000000      0.000000      2.000000
   438.431610     63.000000    103.000000     43.000000     45.000000     46.000000     72.000000     41.000000     69.000000     63.000000     60.000000     92.000000     45.000000     38.000000     53.000000     55.000000     52.000000    197.000000    712.000000    249.000000    158.000000    130.000000     79.000000     86.000000    112.000000     38.000000     70.000000    141.000000     95.000000     77.000000     79.000000     30.000000     46.000000     87.000000     82.000000     38.000000      7.000000    149.000000     65.000000     29.000000     -4.000000     10.000000      6.000000     13.000000     21.000000     26.000000     20.000000     44.000000     19.000000     32.000000     12.000000     -1.000000     97.000000     67.000000     30.000000      7.000000     18.000000     32.000000     13.000000     12.000000      6.000000      1.000000      7.000000      2.000000      7.000000     -4.000000      5.000000      9.000000     13.000000     81.000000     19.000000     16.000000     26.000000      0.000000     11.000000     40.000000     45.000000     36.000000     32.000000     43.000000    124.000000    136.000000     21.000000     32.000000     29.000000    170.000000      8.000000     28.000000     31.000000     30.000000     29.000000     32.000000     61.000000      2.000000     80.000000     85.000000    492.000000    115.000000    147.000000     26.000000     52.000000     30.000000     17.000000     86.000000     85.000000     54.000000     51.000000     14.000000     17.000000     17.000000     33.000000     71.000000    182.000000   1264.000000   1658.000000    186.000000    158.000000     40.000000     52.000000     99.000000    110.000000     97.000000     80.000000     95.000000    112.000000    126.000000     40.000000     37.000000     13.000000     54.000000     47.000000     30.000000     56.000000     28.000000     22.000000     58.000000     63.000000     25.000000     27.000000     45.000000     22.000000     13.000000     86.000000     39.000000     -4.000000     15.000000      1.000000
   439.642914     62.000000    110.000000     62.000000     49.000000     70.000000     42.000000     38.000000     62.000000     72.000000     77.000000     72.000000     39.000000     37.000000     59.000000     43.000000     61.000000    195.000000    886.000000    286.000000    199.000000    147.000000    107.000000    129.000000    130.000000     53.000000     94.000000    155.000000    114.000000    113.000000     80.000000     61.000000     23.000000    103.000000     88.000000     40.000000     -3.000000    156.000000     86.000000     24.000000     17.000000      9.000000      9.000000     19.000000     14.000000      4.000000     11.000000     14.000000     23.000000     24.000000      9.000000      5.000000     99.000000     79.000000     33.000000     23.000000     21.000000     26.000000     13.000000     13.000000      0.000000     10.000000     19.000000      8.000000      2.000000     19.000000     10.000000      5.000000     31.000000     92.000000      0.000000     11.000000     -2.000000      1.000000     11.000000     54.000000     38.000000     43.000000     28.000000     45.000000    113.000000    130.000000     40.000000     26.000000     19.000000    156.000000     21.000000     30.000000     30.000000     26.000000     29.000000     20.000000     65.000000     12.000000    120.000000     98.000000    510.000000    106.000000    151.000000     36.000000     25.000000     19.000000     30.000000     79.000000     83.000000     69.000000     40.000000     25.000000     29.000000     25.000000     12.000000     69.000000    251.000000   1508.000000   1993.000000    189.000000    199.000000     59.000000     55.000000     90.000000    120.000000    123.000000    114.000000    110.000000    141.000000    135.000000     55.000000     50.000000     19.000000     69.000000     49.000000     33.000000     44.000000     55.000000     12.000000     60.000000     68.000000     29.000000     24.000000     21.000000     33.000000     19.000000     90.000000     18.000000      8.000000     11.000000     -9.000000
   440.854614     89.000000    115.000000     68.000000     45.000000     55.000000     66.000000     53.000000     77.000000     91.000000     80.000000     64.000000     50.000000     64.000000     70.000000     52.000000     32.000000    212.000000    974.000000    325.000000    225.000000    171.000000    111.000000    122.000000    115.000000     51.000000    133.000000    178.000000    114.000000     68.000000     85.000000     48.000000     31.000000     88.000000     92.000000     44.000000     12.000000    157.000000     73.000000     47.000000     26.000000     16.000000     25.000000     18.000000     31.000000     18.000000     40.000000     18.000000     35.000000     12.000000      0.000000      6.000000     93.000000     64.000000     51.000000     -4.000000     34.000000     32.000000     21.000000     28.000000      3.000000     -4.000000     10.000000     11.000000     16.000000    -11.000000     23.000000      9.000000     24.000000    110.000000     11.000000     19.000000     28.000000     12.000000      3.000000     78.000000     69.000000     52.000000     27.000000     51.000000    132.000000    129.000000      8.000000     -6.000000     16.000000    194.000000     18.000000     32.000000     39.000000     28.000000     34.000000     14.000000     66.000000     17.000000    118.000000    115.000000    601.000000    112.000000    185.000000     29.000000     40.000000     49.000000     34.000000     78.000000    107.000000     74.000000     74.000000     23.000000     20.000000     13.000000     53.000000     59.000000    248.000000   1714.000000   2190.000000    241.000000    225.000000     57.000000     72.000000     92.000000    126.000000    158.000000    117.000000    147.000000    149.000000    154.000000     65.000000     16.000000      5.000000     67.000000     55.000000     48.000000     37.000000     18.000000     11.000000     68.000000     48.000000     17.000000      4.000000     12.000000     31.000000     11.000000     81.000000     28.000000     -5.000000      4.000000     26.000000
   442.066895     74.000000    139.000000     48.000000     59.000000     58.000000     92.000000     42.000000     63.000000     68.000000     49.000000     72.000000     53.000000     60.000000     47.000000     59.000000     89.000000    238.000000   1006.000000    345.000000    212.000000    179.000000    128.000000    119.000000    124.000000     83.000000    119.000000    176.000000    107.000000     95.000000     68.000000     54.000000     41.000000    110.000000    128.000000     58.000000     14.000000    186.000000    108.000000     54.000000     16.000000     10.000000     10.000000     13.000000     23.000000     26.000000     38.000000     27.000000     35.000000     44.000000     -2.000000      7.000000    128.000000     81.000000     50.000000     11.000000     22.000000     25.000000     12.000000      6.000000      3.000000     36.000000      6.000000      6.000000      4.000000      6.000000      1.000000     25.000000     39.000000    119.000000     32.000000     25.000000     38.000000     -3.000000      0.000000     68.000000     80.000000     53.000000     40.000000     67.000000    137.000000    149.000000     42.000000     19.000000     29.000000    213.000000     33.000000     34.000000     48.000000     44.000000     16.000000     25.000000     72.000000     15.000000    138.000000    127.000000    690.000000    144.000000    187.000000     19.000000     33.000000     46.000000     36.000000     96.000000    139.000000    102.000000     84.000000     25.000000     18.000000     34.000000     47.000000     87.000000    238.000000   1762.000000   2282.000000    247.000000    212.000000     88.000000     70.000000    132.000000    126.000000    162.000000    134.000000    165.000000    189.000000    185.000000     71.000000     15.000000     17.000000     68.000000     64.000000     35.000000     34.000000     39.000000     26.000000     54.000000     67.000000     38.000000     25.000000     44.000000     24.000000     17.000000    107.000000      6.000000     12.000000     12.000000     12.000000
   443.279602     83.000000    155.000000     81.000000     54.000000     64.000000     78.000000     55.000000     64.000000     88.000000     73.000000     61.000000     54.000000     61.000000     57.000000     64.000000     88.000000    259.000000   1093.000000    368.000000    223.000000    204.000000    145.000000    132.000000    131.000000     66.000000    143.000000    191.000000    117.000000    112.000000     76.000000     34.000000     28.000000     90.000000    113.000000     66.000000     15.000000    191.000000    108.000000     54.000000      1.000000      6.000000     20.000000      7.000000     33.000000     27.000000     54.000000     26.000000     16.000000     35.000000    -17.000000     -2.000000    112.000000     95.000000     50.000000     31.000000     21.000000     17.000000     -3.000000      7.000000     17.000000      7.000000     -2.000000      8.000000      2.000000     -8.000000      2.000000     39.000000     31.000000    103.000000     20.000000     13.000000     22.000000     24.000000     20.000000     74.000000     62.000000     48.000000     50.000000     72.000000    128.000000    166.000000     49.000000      7.000000     24.000000    220.000000     31.000000      6.000000     51.000000     30.000000     15.000000     37.000000     73.000000     15.000000    145.000000    102.000000    685.000000    163.000000    183.000000     41.000000     37.000000     34.000000     29.000000    112.000000    111.000000     92.000000     97.000000     20.000000     12.000000     19.000000     40.000000     78.000000    248.000000   2005.000000   2529.000000    279.000000    223.000000     69.000000     70.000000    137.000000    146.000000    164.000000    133.000000    161.000000    183.000000    188.000000     62.000000     14.000000     19.000000     69.000000     56.000000     35.000000     53.000000      9.000000     24.000000     75.000000     90.000000     37.000000     32.000000     26.000000     29.000000     40.000000    111.000000     21.000000     -1.000000     15.000000     16.000000
   444.492798     59.000000    141.000000     81.000000     54.000000     62.000000     70.000000     61.000000    103.000000     70.000000    107.000000     74.000000     38.000000     65.000000     70.000000     49.000000     73.000000    256.000000   1112.000000    369.000000    190.000000    162.000000    124.000000    164.000000    156.000000     55.000000    145.000000    192.000000    133.000000     97.000000     78.000000     55.000000     26.000000    136.000000    148.000000     72.000000      4.000000    203.000000    110.000000     45.000000     16.000000      6.000000     22.000000     14.000000     35.000000     38.000000     48.000000     43.000000     28.000000     37.000000      5.000000     11.000000    135.000000     97.000000     57.000000     27.000000     20.000000     23.000000     23.000000      7.000000     16.000000     20.000000     13.000000     -3.000000     17.000000     22.000000     -8.000000     16.000000     22.000000    112.000000     30.000000     39.000000     25.000000     19.000000     26.000000     58.000000     75.000000     67.000000     48.000000     87.000000    139.000000    160.000000     31.000000     17.000000     26.000000    228.000000     43.000000     15.000000     59.000000     60.000000     35.000000     38.000000     83.000000     17.000000    142.000000    110.000000    683.000000    149.000000    193.000000     47.000000     47.000000     45.000000     27.000000    120.000000    132.000000    104.000000    107.000000     37.000000     15.000000     44.000000     32.000000     86.000000    253.000000   2023.000000   2632.000000    265.000000    190.000000     73.000000     83.000000    151.000000    135.000000    170.000000    109.000000    169.000000    187.000000    180.000000     76.000000     17.000000     -3.000000     53.000000     49.000000     54.000000     47.000000     30.000000     17.000000     62.000000     84.000000     35.000000     21.000000     40.000000     39.000000     25.000000    138.000000     23.000000      1.000000     15.000000     10.000000
   445.706512     74.000000    122.000000     61.000000     57.000000     59.000000     64.000000     38.000000     98.000000     78.000000    103.000000     82.000000     68.000000     59.000000     75.000000     67.000000     82.000000    260.000000   1195.000000    363.000000    249.000000    212.000000    145.000000    130.000000    160.000000     78.000000    111.000000    183.000000    122.000000    119.000000     93.000000     68.000000     25.000000    125.000000    112.000000     63.000000     15.000000    236.000000    122.000000     48.000000      9.000000      9.000000     25.000000     37.000000     38.000000     45.000000     37.000000     46.000000     59.000000     25.000000     10.000000     17.000000    148.000000     93.000000     29.000000     15.000000     38.000000     39.000000     14.000000     14.000000      9.000000     13.000000      3.000000      9.000000      4.000000     -1.000000      9.000000     25.000000     58.000000    116.000000     25.000000     30.000000     18.000000      0.000000     18.000000     76.000000     85.000000     66.000000     48.000000     69.000000    166.000000    159.000000     31.000000     47.000000     23.000000    221.000000     45.000000     30.000000     53.000000     47.000000     38.000000     37.000000     89.000000     20.000000    141.000000    115.000000    684.000000    171.000000    210.000000     42.000000     11.000000     41.000000     31.000000    109.000000    149.000000     97.000000     96.000000     35.000000      0.000000     51.000000     44.000000     83.000000    248.000000   2153.000000   2647.000000    308.000000    249.000000     94.000000     66.000000    119.000000    134.000000    187.000000    125.000000    185.000000    201.000000    167.000000     77.000000     35.000000     30.000000     81.000000     73.000000     63.000000     44.000000     30.000000     20.000000     61.000000    100.000000     35.000000     28.000000     37.000000     64.000000     24.000000    117.000000     25.000000     -2.000000      9.000000     15.000000
   446.920685    110.000000    123.000000     53.000000     79.000000     66.000000     65.000000     64.000000     78.000000     68.000000     90.000000     95.000000     64.000000     62.000000     49.000000     52.000000     72.000000    265.000000   1132.000000    332.000000    272.000000    208.000000    169.000000    153.000000    178.000000     73.000000    119.000000    200.000000    140.000000     96.000000    105.000000     74.000000     22.000000    111.000000    134.000000     57.000000     19.000000    224.000000    125.000000     32.000000     -1.000000      4.000000     16.000000      7.000000     22.000000     25.000000     46.000000     38.000000     21.000000     15.000000      6.000000     22.000000    129.000000     99.000000     60.000000      2.000000     42.000000     32.000000     21.000000      0.000000     22.000000     27.000000     11.000000      6.000000     20.000000     14.000000      7.000000     34.000000     38.000000    112.000000     37.000000     15.000000     29.000000     14.000000     14.000000     82.000000     72.000000     70.000000     43.000000     57.000000    154.000000    185.000000     30.000000     35.000000     25.000000    238.000000     25.000000     36.000000     64.000000     50.000000     41.000000     25.000000     90.000000     18.000000    126.000000    114.000000    760.000000    188.000000    232.000000     44.000000     43.000000     60.000000     52.000000    120.000000    125.000000    108.000000    106.000000     36.000000     19.000000     58.000000     31.000000     87.000000    278.000000   2219.000000   2800.000000    300.000000    272.000000     77.000000     80.000000    138.000000    162.000000    162.000000    137.000000    159.000000    171.000000    213.000000     95.000000     17.000000     31.000000     74.000000     46.000000     56.000000     37.000000     38.000000     24.000000     69.000000     84.000000     32.000000     40.000000     55.000000     36.000000     30.000000    135.000000     38.000000      6.000000     26.000000     25.000000
   448.135315    108.000000    130.000000     64.000000     77.000000     74.000000     65.000000     66.000000     69.000000     99.000000     82.000000    110.000000     79.000000     71.000000     61.000000     74.000000     81.000000    297.000000   1156.000000    382.000000    254.000000    215.000000    163.000000    147.000000    186.000000     83.000000    130.000000    255.000000    173.000000    145.000000     95.000000     58.000000     30.000000    128.000000    130.000000     59.000000     12.000000    230.000000    139.000000     52.000000      3.000000      3.000000     20.000000     22.000000     46.000000     29.000000     47.000000     25.000000     18.000000     54.000000     -9.000000     -3.000000    136.000000    106.000000     64.000000     11.000000     50.000000     27.000000     35.000000     -1.000000     22.000000     40.000000     20.000000     -2.000000     15.000000     16.000000     17.000000     21.000000     31.000000    118.000000     30.000000     28.000000     32.000000     11.000000      0.000000     88.000000     70.000000     67.000000     43.000000     76.000000    189.000000    162.000000     42.000000     29.000000     34.000000    246.000000     26.000000     39.000000     59.000000     48.000000     28.000000     49.000000     89.000000     30.000000    139.000000    116.000000    765.000000    147.000000    238.000000     58.000000     74.000000     35.000000     45.000000    118.000000    137.000000     88.000000    105.000000     13.000000     10.000000     47.000000     34.000000    105.000000    294.000000   2320.000000   2971.000000    277.000000    254.000000     75.000000     86.000000    133.000000    167.000000    198.000000    135.000000    172.000000    216.000000    182.000000     87.000000      5.000000     22.000000     83.000000     76.000000     59.000000     24.000000     32.000000     38.000000     76.000000     86.000000     41.000000     39.000000     34.000000     41.000000     40.000000    143.000000     32.000000      5.000000      2.000000      3.000000
   449.350403    104.000000    129.000000     52.000000     60.000000     64.000000     71.000000     54.000000     86.000000     77.000000     97.000000     96.000000     74.000000     58.000000     53.000000     77.000000     82.000000    285.000000   1238.000000    395.000000    239.000000    218.000000    158.000000    167.000000    190.000000     62.000000    130.000000    239.000000    154.000000    154.000000     95.000000     60.000000     51.000000    123.000000    125.000000     70.000000      8.000000    227.000000    138.000000     70.000000     19.000000     23.000000     25.000000     15.000000     18.000000     42.000000     42.000000     52.000000     32.000000     54.000000     -9.000000     10.000000    133.000000     73.000000     52.000000     31.000000     28.000000     25.000000     15.000000     12.000000      3.000000     -2.000000     -1.000000     13.000000      6.000000     13.000000      9.000000     11.000000     42.000000    103.000000     21.000000     15.000000     30.000000     32.000000     31.000000    115.000000     86.000000     60.000000     53.000000     89.000000    152.000000    151.000000     37.000000     24.000000     18.000000    265.000000     31.000000     39.000000     63.000000     37.000000     29.000000     30.000000     99.000000     23.000000    140.000000     98.000000    795.000000    181.000000    206.000000     45.000000     38.000000     52.000000     48.000000     94.000000    137.000000    114.000000     94.000000     41.000000     19.000000     56.000000     45.000000    103.000000    292.000000   2432.000000   3068.000000    287.000000    239.000000     74.000000     92.000000    169.000000    177.000000    167.000000    134.000000    171.000000    189.000000    206.000000     81.000000      7.000000     14.000000     76.000000     67.000000     59.000000     51.000000     31.000000     15.000000     81.000000     81.000000     33.000000     52.000000     29.000000     25.000000     32.000000    140.000000     27.000000     14.000000      2.000000     13.000000
   450.566010     90.000000    152.000000     85.000000     76.000000     75.000000     60.000000     56.000000    101.000000     89.000000     74.000000    103.000000     77.000000     36.000000     68.000000     57.000000     59.000000    285.000000   1241.000000    391.000000    270.000000    215.000000    199.000000    170.000000    171.000000     81.000000    174.000000    222.000000    141.000000    146.000000    106.000000     60.000000     50.000000    142.000000    154.000000     73.000000    -10.000000    230.000000    121.000000     62.000000     20.000000     29.000000     10.000000      4.000000     30.000000     23.000000     50.000000     29.000000     38.000000     50.000000      5.000000      8.000000    156.000000    111.000000     60.000000      2.000000     37.000000     28.000000     17.000000     18.000000     11.000000      3.000000     26.000000      4.000000      6.000000      3.000000     24.000000     20.000000     39.000000    140.000000     14.000000     21.000000     27.000000     10.000000     26.000000     87.000000     75.000000     61.000000     32.000000     88.000000    146.000000    175.000000     -6.000000     30.000000     20.000000    285.000000     43.000000     47.000000    103.000000     50.000000     37.000000     53.000000     86.000000     13.000000    149.000000    113.000000    792.000000    188.000000    201.000000     42.000000     51.000000     48.000000     51.000000    148.000000    139.000000     86.000000    109.000000     32.000000     30.000000     54.000000     45.000000    105.000000    299.000000   2381.000000   3151.000000    322.000000    270.000000     95.000000     94.000000    160.000000    184.000000    186.000000    138.000000    215.000000    204.000000    242.000000     83.000000     15.000000     37.000000     99.000000     79.000000     55.000000     46.000000     25.000000     24.000000    102.000000     76.000000     32.000000     45.000000     39.000000     54.000000     41.000000    142.000000     31.000000      9.000000     34.000000     -2.000000
   451.782104     83.000000    130.000000     71.000000     82.000000     70.000000     85.000000     66.000000     69.000000     71.000000     75.000000     90.000000     47.000000     44.000000     66.000000     62.000000     84.000000    250.000000   1297.000000    431.000000    245.000000    272.000000    138.000000    158.000000    240.000000     78.000000     99.000000    243.000000    141.000000    124.000000    114.000000     81.000000     48.000000    153.000000    155.000000     61.000000     19.000000    259.000000    138.000000     78.000000      9.000000     10.000000     23.000000     38.000000     43.000000     42.000000     45.000000     52.000000     45.000000     53.000000      9.000000      9.000000    142.000000    104.000000     51.000000     41.000000     22.000000     24.000000     18.000000     10.000000     16.000000     19.000000     14.000000      5.000000      5.000000      5.000000     13.000000      5.000000     44.000000    155.000000     11.000000     12.000000     14.000000     13.000000     20.000000     88.000000     82.000000     48.000000     55.000000     71.000000    170.000000    177.000000     35.000000      9.000000     16.000000    278.000000     34.000000     39.000000     49.000000     45.000000     40.000000     17.000000     94.000000     19.000000    159.000000    104.000000    770.000000    158.000000    232.000000     38.000000     54.000000     61.000000     20.000000    138.000000    132.000000    108.000000    112.000000     41.000000     22.000000     64.000000     52.000000    122.000000    330.000000   2478.000000   3208.000000    331.000000    245.000000     92.000000     76.000000    168.000000    168.000000    175.000000    138.000000    174.000000    207.000000    205.000000     83.000000     32.000000      4.000000     76.000000     69.000000     44.000000     54.000000     34.000000     39.000000     96.000000     68.000000     49.000000     42.000000     31.000000     40.000000     28.000000    151.000000     28.000000     17.000000      7.000000     22.000000
   452.998596     54.000000    155.000000     73.000000     85.000000     73.000000     94.000000     50.000000     85.000000     80.000000     83.000000    120.000000     56.000000     53.000000     68.000000     40.000000     54.000000    264.000000   1266.000000    428.000000    284.000000    254.000000    199.000000    191.000000    194.000000     81.000000    138.000000    225.000000    168.000000    122.000000    113.000000     84.000000     51.000000    153.000000    129.000000     87.000000     19.000000    258.000000    146.000000     69.000000      8.000000     19.000000     24.000000     38.000000     37.000000     32.000000     41.000000     44.000000     21.000000     38.000000      2.000000    -13.000000    113.000000     97.000000     55.000000      0.000000     51.000000     39.000000     29.000000     16.000000     14.000000     19.000000      0.000000      3.000000      1.000000     19.000000     16.000000     32.000000     51.000000    151.000000     48.000000     49.000000     34.000000      8.000000     18.000000     87.000000     85.000000     69.000000     52.000000     62.000000    158.000000    177.000000     20.000000     27.000000     29.000000    301.000000     46.000000     29.000000     62.000000     55.000000     47.000000     46.000000     77.000000     24.000000    149.000000    119.000000    777.000000    187.000000    205.000000     34.000000     57.000000     67.000000     55.000000    146.000000    150.000000    108.000000    122.000000     33.000000     43.000000     54.000000     67.000000     87.000000    303.000000   2529.000000   3293.000000    295.000000    284.000000     83.000000     85.000000    151.000000    147.000000    185.000000    137.000000    192.000000    251.000000    222.000000    116.000000      3.000000     -7.000000     58.000000     71.000000     52.000000     55.000000     45.000000     40.000000     72.000000     88.000000     48.000000     35.000000     40.000000     39.000000     19.000000    143.000000     32.000000     14.000000      2.000000     22.000000
   454.215698     87.000000    133.000000     79.000000     68.000000     62.000000     77.000000     53.000000     90.000000    100.000000     69.000000     91.000000     54.000000     54.000000     58.000000     61.000000     63.000000    298.000000   1254.000000    416.000000    260.000000    222.000000    185.000000    174.000000    183.000000     70.000000    160.000000    249.000000    182.000000    171.000000     90.000000     81.000000     53.000000    140.000000    148.000000     72.000000     21.000000    289.000000    181.000000     66.000000     22.000000     18.000000     22.000000     19.000000     33.000000     41.000000     51.000000     42.000000     43.000000     36.000000      5.000000     16.000000    141.000000    107.000000     58.000000     24.000000     44.000000     31.000000     44.000000      8.000000     28.000000     13.000000      3.000000     -2.000000      2.000000    -12.000000     10.000000     15.000000     32.000000    144.000000     18.000000     15.000000     22.000000     29.000000     40.000000     71.000000     75.000000     58.000000     50.000000    105.000000    165.000000    195.000000     49.000000     25.000000     31.000000    329.000000     49.000000     24.000000     75.000000     56.000000     42.000000     44.000000     98.000000     28.000000    152.000000    140.000000    822.000000    223.000000    247.000000     41.000000     37.000000     63.000000     71.000000    125.000000    176.000000    118.000000    116.000000     23.000000     27.000000     59.000000     72.000000    113.000000    302.000000   2695.000000   3487.000000    313.000000    260.000000     81.000000     93.000000    185.000000    151.000000    178.000000    129.000000    240.000000    223.000000    198.000000     88.000000     16.000000     30.000000     51.000000     65.000000     42.000000     41.000000     38.000000     37.000000     73.000000    100.000000     40.000000     44.000000     34.000000     39.000000      6.000000    173.000000     27.000000      9.000000      0.000000     -7.000000
   455.433197    108.000000    134.000000     68.000000     62.000000     58.000000     87.000000     70.000000     85.000000    111.000000     85.000000    107.000000     39.000000     42.000000     56.000000     60.000000     71.000000    296.000000   1295.000000    463.000000    295.000000    261.000000    199.000000    179.000000    186.000000     68.000000    132.000000    255.000000    186.000000    126.000000     94.000000     72.000000     46.000000    161.000000    186.000000     76.000000     28.000000    295.000000    166.000000     70.000000     12.000000     23.000000     40.000000     20.000000     30.000000     41.000000     73.000000     57.000000     49.000000     30.000000      1.000000      1.000000    168.000000    132.000000     45.000000     27.000000     58.000000     34.000000     24.000000      1.000000     11.000000     28.000000     18.000000     -1.000000     11.000000    -11.000000     16.000000     14.000000     50.000000    162.000000     42.000000     20.000000     35.000000     14.000000     -2.000000     85.000000     69.000000     41.000000     46.000000     99.000000    172.000000    184.000000     28.000000     21.000000     28.000000    340.000000     45.000000     56.000000     77.000000     67.000000     47.000000     41.000000    110.000000     27.000000    179.000000    122.000000    863.000000    185.000000    257.000000     51.000000     44.000000     43.000000     71.000000    123.000000    154.000000    116.000000    102.000000     41.000000     21.000000     42.000000     70.000000    112.000000    286.000000   2816.000000   3652.000000    360.000000    295.000000     92.000000    111.000000    168.000000    153.000000    190.000000    131.000000    227.000000    219.000000    239.000000     84.000000     17.000000     16.000000     79.000000     62.000000     59.000000     50.000000     46.000000     42.000000     63.000000     83.000000     25.000000     24.000000     44.000000     52.000000     42.000000    189.000000     37.000000     24.000000      8.000000     20.000000
   456.651215     90.000000    159.000000     66.000000     88.000000     72.000000     85.000000     60.000000     82.000000     90.000000     99.000000    102.000000     65.000000     55.000000     67.000000     66.000000     68.000000    275.000000   1253.000000    422.000000    286.000000    278.000000    194.000000    176.000000    182.000000     53.000000    129.000000    285.000000    166.000000    158.000000    113.000000     99.000000     41.000000    170.000000    137.000000     93.000000     28.000000    266.000000    153.000000     65.000000     11.000000      1.000000      2.000000     36.000000     54.000000     47.000000     63.000000     21.000000     22.000000     67.000000    -20.000000     12.000000    158.000000    118.000000     69.000000     12.000000     40.000000     50.000000      4.000000     13.000000     19.000000     18.000000     -6.000000     11.000000     17.000000     18.000000     22.000000     39.000000     20.000000    138.000000     19.000000     32.000000     26.000000     17.000000     24.000000     60.000000     93.000000     70.000000     36.000000     94.000000    195.000000    163.000000     47.000000     15.000000     19.000000    327.000000     50.000000     63.000000     83.000000     58.000000     32.000000     25.000000    105.000000     28.000000    193.000000    145.000000    851.000000    204.000000    256.000000     39.000000     50.000000     55.000000     52.000000    153.000000    200.000000    169.000000    132.000000     37.000000     27.000000     62.000000     59.000000    123.000000    268.000000   2862.000000   3694.000000    361.000000    286.000000     91.000000     92.000000    147.000000    176.000000    202.000000    130.000000    228.000000    209.000000    253.000000     89.000000      9.000000      4.000000     86.000000     78.000000     60.000000     39.000000     30.000000     47.000000     46.000000     63.000000     35.000000     36.000000     26.000000     59.000000     38.000000    159.000000     21.000000     10.000000      5.000000     32.000000
   457.869690     83.000000    159.000000     41.000000     56.000000     56.000000     79.000000     65.000000     73.000000     94.000000     68.000000    116.000000     52.000000     90.000000     56.000000     74.000000     63.000000    259.000000   1312.000000    438.000000    286.000000    266.000000    144.000000    190.000000    178.000000     63.000000    138.000000    236.000000    185.000000    142.000000    121.000000     80.000000     43.000000    145.000000    159.000000     76.000000     15.000000    322.000000    177.000000     63.000000     19.000000     12.000000     28.000000      3.000000     32.000000     30.000000     81.000000     38.000000     24.000000     47.000000    -13.000000     12.000000    143.000000    122.000000     77.000000     20.000000     39.000000     28.000000     32.000000      4.000000     10.000000     13.000000     14.000000    -11.000000     15.000000      8.000000     -4.000000     29.000000     54.000000    126.000000     33.000000     24.000000     43.000000     18.000000     32.000000     91.000000     82.000000     93.000000     36.000000     83.000000    179.000000    182.000000     42.000000     27.000000     35.000000    334.000000     49.000000     36.000000     60.000000     48.000000     29.000000     48.000000     89.000000     34.000000    180.000000    144.000000    850.000000    203.000000    250.000000     30.000000     57.000000     58.000000     37.000000    184.000000    175.000000    164.000000    138.000000     38.000000     19.000000     38.000000     63.000000    126.000000    299.000000   2926.000000   3797.000000    344.000000    286.000000    111.000000    117.000000    152.000000    133.000000    194.000000    143.000000    206.000000    247.000000    244.000000     69.000000     25.000000     13.000000     74.000000     97.000000     56.000000     57.000000     46.000000     37.000000     74.000000     89.000000     53.000000     54.000000     53.000000     42.000000     41.000000    153.000000     21.000000      1.000000      9.000000     20.000000
   459.088593     69.000000    158.000000     78.000000     81.000000     49.000000     50.000000     40.000000     99.000000     77.000000     83.000000    112.000000     58.000000     67.000000     67.000000     56.000000     80.000000    295.000000   1252.000000    435.000000    311.000000    257.000000    196.000000    175.000000    154.000000     71.000000    133.000000    253.000000    192.000000    150.000000    102.000000     71.000000     65.000000    173.000000    164.000000     84.000000      8.000000    313.000000    174.000000     86.000000     14.000000     10.000000     28.000000     41.000000     27.000000     29.000000     28.000000     33.000000     28.000000     29.000000     12.000000     -5.000000    147.000000    127.000000     37.000000     30.000000     45.000000     56.000000      9.000000     18.000000     22.000000     26.000000     -8.000000     -3.000000     15.000000      7.000000     15.000000     62.000000     53.000000    142.000000     37.000000     29.000000     54.000000      6.000000     13.000000     92.000000     98.000000     57.000000     51.000000     93.000000    181.000000    196.000000     30.000000     39.000000     16.000000    345.000000     51.000000     47.000000     70.000000     50.000000     44.000000     34.000000    127.000000     39.000000    174.000000    165.000000    861.000000    214.000000    256.000000     42.000000     40.000000     73.000000     49.000000    163.000000    170.000000    169.000000    167.000000     49.000000     13.000000     60.000000     47.000000    120.000000    273.000000   3055.000000   3712.000000    326.000000    311.000000    106.000000     91.000000    167.000000    192.000000    209.000000    130.000000    212.000000    209.000000    218.000000     79.000000     20.000000     24.000000    110.000000     68.000000     48.000000     37.000000     39.000000     33.000000     76.000000     85.000000     49.000000     33.000000     68.000000     62.000000     34.000000    116.000000     22.000000      9.000000     13.000000      0.000000
   460.308105     73.000000    151.000000     62.000000     67.000000     66.000000     83.000000     54.000000     72.000000     70.000000     87.000000     84.000000     63.000000     53.000000     53.000000     40.000000     79.000000    264.000000   1273.000000    447.000000    306.000000    273.000000    197.000000    201.000000    213.000000     89.000000    136.000000    253.000000    241.000000    121.000000     78.000000    102.000000     43.000000    162.000000    162.000000     88.000000     13.000000    316.000000    158.000000     79.000000     17.000000     15.000000     26.000000     19.000000     34.000000     29.000000     49.000000     38.000000     23.000000     36.000000     11.000000    -10.000000    133.000000    132.000000     36.000000     21.000000     58.000000     44.000000     25.000000     13.000000     16.000000     23.000000     -5.000000      3.000000     17.000000     21.000000     18.000000     26.000000     54.000000    155.000000     31.000000     12.000000     22.000000      3.000000     11.000000     73.000000     85.000000     52.000000     46.000000     69.000000    177.000000    185.000000     26.000000     28.000000     16.000000    370.000000     43.000000     57.000000     77.000000     45.000000     53.000000     27.000000    113.000000     25.000000    179.000000    126.000000    865.000000    199.000000    272.000000     26.000000     40.000000     72.000000     33.000000    141.000000    161.000000    133.000000    132.000000     58.000000     22.000000     69.000000     68.000000    104.000000    311.000000   2990.000000   3899.000000    346.000000    306.000000     81.000000     92.000000    193.000000    192.000000    184.000000    145.000000    216.000000    262.000000    246.000000    104.000000     26.000000     15.000000     83.000000     88.000000     55.000000     49.000000     45.000000     31.000000     66.000000    108.000000     39.000000     22.000000     57.000000     59.000000     17.000000    145.000000     37.000000     15.000000     21.000000     14.000000
   461.528015     79.000000    153.000000     71.000000     66.000000     69.000000     87.000000     83.000000     90.000000     86.000000     85.000000     92.000000     63.000000     54.000000     69.000000     67.000000     62.000000    254.000000   1321.000000    399.000000    283.000000    278.000000    191.000000    185.000000    171.000000     82.000000    139.000000    290.000000    182.000000    142.000000     77.000000     90.000000     55.000000    139.000000    182.000000     94.000000      0.000000    291.000000    147.000000     73.000000      0.000000      6.000000     43.000000     46.000000     37.000000     42.000000     55.000000     48.000000     31.000000     50.000000     11.000000     -5.000000    148.000000    141.000000     50.000000     27.000000     38.000000     26.000000     14.000000      9.000000     36.000000      3.000000      1.000000      7.000000      5.000000     14.000000     22.000000     10.000000     52.000000    148.000000     41.000000     34.000000     45.000000     30.000000     10.000000     86.000000     82.000000     60.000000     49.000000     81.000000    179.000000    189.000000     41.000000     27.000000     38.000000    391.000000     49.000000     54.000000     83.000000     44.000000     69.000000     45.000000    104.000000     25.000000    158.000000    143.000000    956.000000    193.000000    291.000000     35.000000     46.000000     51.000000     40.000000    153.000000    168.000000    147.000000    145.000000     38.000000     35.000000     77.000000     72.000000     93.000000    268.000000   3086.000000   3985.000000    344.000000    283.000000     94.000000    113.000000    183.000000    175.000000    213.000000    127.000000    260.000000    256.000000    228.000000     94.000000     14.000000     50.000000     81.000000     82.000000     47.000000     30.000000     34.000000     25.000000     74.000000     97.000000     25.000000     57.000000     41.000000     69.000000     25.000000    158.000000     30.000000     14.000000     11.000000     25.000000
   462.748413     81.000000    151.000000     44.000000     93.000000     71.000000     64.000000     64.000000     64.000000     88.000000     68.000000     99.000000     44.000000     49.000000     44.000000     58.000000     60.000000    239.000000   1335.000000    441.000000    303.000000    246.000000    187.000000    201.000000    189.000000     67.000000    142.000000    273.000000    164.000000    174.000000     89.000000     83.000000     34.000000    149.000000    188.000000     81.000000     18.000000    328.000000    173.000000     74.000000      8.000000     19.000000     25.000000     30.000000     45.000000     32.000000     52.000000     43.000000     22.000000     32.000000      1.000000     -3.000000    175.000000    128.000000     62.000000     18.000000     34.000000     21.000000     17.000000     13.000000      7.000000     -8.000000     -1.000000     -4.000000     -4.000000     -1.000000     10.000000     20.000000     52.000000    153.000000     32.000000     39.000000     39.000000      8.000000     11.000000     85.000000     81.000000     77.000000     53.000000     89.000000    171.000000    189.000000     21.000000     29.000000     44.000000    377.000000     46.000000     62.000000     70.000000     50.000000     67.000000     45.000000     91.000000     51.000000    163.000000    160.000000    946.000000    220.000000    265.000000     48.000000     47.000000     54.000000     44.000000    161.000000    183.000000    162.000000    140.000000     61.000000     15.000000     60.000000     69.000000     88.000000    298.000000   3183.000000   4136.000000    392.000000    303.000000    101.000000     94.000000    161.000000    144.000000    180.000000    151.000000    205.000000    249.000000    233.000000     88.000000     26.000000      7.000000     68.000000     85.000000     45.000000     32.000000     18.000000     14.000000     60.000000     85.000000     23.000000     34.000000     38.000000     52.000000     24.000000    146.000000     31.000000     17.000000     13.000000     13.000000
   463.969299     59.000000    154.000000     54.000000     48.000000     70.000000     67.000000     64.000000     73.000000     91.000000     59.000000     99.000000     48.000000     57.000000     39.000000     62.000000     76.000000    243.000000   1311.000000    425.000000    297.000000    277.000000    199.000000    186.000000    255.000000     63.000000    122.000000    240.000000    193.000000    177.000000     87.000000     95.000000     41.000000    146.000000    172.000000    119.000000      5.000000    335.000000    173.000000     60.000000      4.000000      9.000000     -5.000000     35.000000     46.000000     37.000000     67.000000     37.000000     10.000000     62.000000      6.000000     -8.000000    150.000000    145.000000     64.000000     27.000000     31.000000     35.000000     19.000000     25.000000     24.000000     11.000000      9.000000     -2.000000     10.000000     -1.000000     22.000000     18.000000     66.000000    158.000000     24.000000     21.000000     32.000000     33.000000     13.000000     98.000000     76.000000     79.000000     63.000000     99.000000    136.000000    210.000000     24.000000     33.000000     27.000000    407.000000     40.000000     32.000000     50.000000     57.000000     46.000000     44.000000     97.000000     37.000000    143.000000    144.000000    872.000000    219.000000    293.000000     50.000000     58.000000     51.000000     57.000000    171.000000    156.000000    141.000000    131.000000     42.000000     40.000000     61.000000     78.000000    113.000000    276.000000   3226.000000   4197.000000    287.000000    297.000000     90.000000     66.000000    186.000000    189.000000    249.000000    167.000000    250.000000    283.000000    235.000000     86.000000     20.000000     21.000000     80.000000     90.000000     44.000000     52.000000     36.000000     42.000000     44.000000    114.000000     31.000000     50.000000     41.000000     36.000000     18.000000    155.000000     24.000000      1.000000     17.000000      9.000000
   465.190613     50.000000    149.000000     77.000000     92.000000     75.000000     67.000000     53.000000     76.000000     52.000000     87.000000     94.000000     53.000000     70.000000     63.000000     69.000000     64.000000    262.000000   1346.000000    412.000000    292.000000    318.000000    183.000000    180.000000    220.000000     66.000000    132.000000    272.000000    204.000000    150.000000     90.000000    111.000000     59.000000    183.000000    202.000000    107.000000     -4.000000    344.000000    166.000000     69.000000     10.000000      8.000000     13.000000     20.000000     55.000000     39.000000     62.000000     39.000000     43.000000     39.000000     14.000000      3.000000    136.000000    127.000000     70.000000     37.000000     39.000000     31.000000     23.000000     28.000000     17.000000     16.000000      9.000000     -6.000000     14.000000     26.000000     18.000000     37.000000     68.000000    153.000000     30.000000     20.000000     22.000000     13.000000      9.000000    110.000000     87.000000     64.000000     70.000000     98.000000    170.000000    168.000000     42.000000     30.000000     45.000000    414.000000     63.000000     33.000000     72.000000     47.000000     57.000000     60.000000    107.000000     36.000000    183.000000    154.000000    956.000000    226.000000    295.000000     39.000000     45.000000     63.000000     32.000000    163.000000    185.000000    164.000000    145.000000     38.000000     34.000000     65.000000     64.000000     86.000000    265.000000   3298.000000   4242.000000    349.000000    292.000000    106.000000    117.000000    210.000000    204.000000    213.000000    159.000000    238.000000    266.000000    217.000000     86.000000      1.000000     12.000000     58.000000     65.000000     63.000000     40.000000     15.000000     29.000000     56.000000     76.000000     44.000000     37.000000     39.000000     46.000000     36.000000    144.000000     12.000000     11.000000     14.000000     32.000000
   466.412506     54.000000    151.000000     54.000000     72.000000     54.000000     70.000000     66.000000     68.000000     76.000000     77.000000     71.000000     59.000000     38.000000     60.000000     56.000000     66.000000    207.000000   1260.000000    430.000000    334.000000    252.000000    198.000000    229.000000    208.000000     92.000000    139.000000    280.000000    229.000000    157.000000     95.000000    116.000000     62.000000    224.000000    152.000000     87.000000     12.000000    280.000000    184.000000     75.000000    -12.000000      7.000000     14.000000     25.000000     47.000000     36.000000     79.000000     23.000000     28.000000     48.000000     22.000000     -2.000000    165.000000    137.000000     36.000000     28.000000     53.000000     38.000000     18.000000     32.000000     11.000000      2.000000      8.000000     -3.000000     -7.000000     11.000000     16.000000     38.000000     48.000000    148.000000     31.000000     36.000000     67.000000     35.000000     31.000000     88.000000     91.000000     59.000000     66.000000     77.000000    177.000000    156.000000     37.000000     38.000000     35.000000    402.000000     50.000000     44.000000     76.000000     30.000000     44.000000     51.000000    100.000000     19.000000    180.000000    145.000000    885.000000    236.000000    290.000000     44.000000     39.000000     38.000000     43.000000    175.000000    187.000000    143.000000    132.000000     42.000000     29.000000     61.000000     69.000000    106.000000    310.000000   3353.000000   4445.000000    355.000000    334.000000     99.000000    102.000000    211.000000    179.000000    217.000000    166.000000    209.000000    286.000000    231.000000     83.000000     33.000000     19.000000     82.000000    100.000000     44.000000     24.000000     23.000000     34.000000     57.000000     82.000000     67.000000     50.000000     39.000000     79.000000     40.000000    161.000000     27.000000     17.000000     18.000000     15.000000
   467.634796     80.000000    149.000000     72.000000     47.000000     64.000000     95.000000     66.000000     90.000000     72.000000     60.000000     96.000000     46.000000     65.000000     31.000000     55.000000     61.000000    266.000000   1346.000000    454.000000    317.000000    300.000000    205.000000    185.000000    194.000000     98.000000    155.000000    248.000000    226.000000    188.000000     89.000000    127.000000     49.000000    227.000000    183.000000     98.000000     36.000000    390.000000    210.000000     82.000000     29.000000      9.000000     26.000000     23.000000     38.000000     20.000000     63.000000     48.000000     22.000000     75.000000     -7.000000      9.000000    178.000000    146.000000     54.000000     28.000000     29.000000     25.000000     29.000000     16.000000     30.000000     13.000000     13.000000      5.000000     18.000000    -10.000000     67.000000     59.000000     50.000000    142.000000     38.000000     20.000000     46.000000     24.000000     18.000000     87.000000     76.000000     60.000000     45.000000     74.000000    206.000000    211.000000     41.000000     26.000000     31.000000    399.000000     41.000000     67.000000    112.000000     42.000000     47.000000     49.000000    106.000000     28.000000    194.000000    184.000000    894.000000    240.000000    321.000000     63.000000     26.000000     57.000000     60.000000    169.000000    160.000000    169.000000    133.000000     64.000000     22.000000     63.000000     75.000000    118.000000    267.000000   3540.000000   4435.000000    364.000000    317.000000    109.000000     99.000000    209.000000    196.000000    249.000000    138.000000    230.000000    274.000000    247.000000     98.000000     46.000000     30.000000     92.000000     59.000000     45.000000     37.000000     67.000000     32.000000     75.000000     81.000000     40.000000     39.000000     49.000000     47.000000     21.000000    153.000000     42.000000     17.000000     18.000000     27.000000
   468.857605     70.000000    125.000000     42.000000     64.000000     82.000000     71.000000     50.000000     85.000000     83.000000     66.000000     81.000000     35.000000     30.000000     42.000000     30.000000     47.000000    227.000000   1379.000000    449.000000    344.000000    323.000000    193.000000    175.000000    231.000000     70.000000    123.000000    285.000000    218.000000    147.000000     91.000000    110.000000     45.000000    177.000000    210.000000    105.000000     18.000000    387.000000    204.000000     69.000000     33.000000     19.000000     19.000000      8.000000     30.000000     19.000000     38.000000     45.000000     52.000000     38.000000     -2.000000    -13.000000    157.000000    143.000000     86.000000     22.000000     37.000000     30.000000     30.000000      9.000000     22.000000     25.000000     42.000000     -3.000000     26.000000      2.000000     15.000000     35.000000     54.000000    167.000000     40.000000     33.000000     41.000000     24.000000     18.000000     84.000000     87.000000     72.000000     53.000000     89.000000    177.000000    208.000000     55.000000     23.000000     42.000000    407.000000     38.000000     44.000000     77.000000     72.000000     70.000000     59.000000    109.000000     33.000000    181.000000    152.000000    921.000000    209.000000    314.000000     29.000000     46.000000     61.000000     55.000000    174.000000    205.000000    145.000000    149.000000     38.000000     25.000000     61.000000     73.000000    124.000000    300.000000   3568.000000   4524.000000    407.000000    344.000000     98.000000    109.000000    206.000000    183.000000    201.000000    136.000000    226.000000    274.000000    240.000000     91.000000     39.000000     21.000000     67.000000     99.000000     65.000000     52.000000     38.000000     44.000000     66.000000     92.000000     49.000000     74.000000     51.000000     47.000000     27.000000    154.000000     45.000000     11.000000     24.000000     26.000000
   470.080902     76.000000    123.000000     71.000000     61.000000     55.000000     65.000000     51.000000     61.000000     64.000000     74.000000     75.000000     44.000000     47.000000     66.000000     68.000000     74.000000    203.000000   1306.000000    446.000000    306.000000    282.000000    198.000000    201.000000    193.000000     79.000000    128.000000    282.000000    243.000000    165.000000     97.000000     95.000000     67.000000    191.000000    187.000000    100.000000     24.000000    385.000000    191.000000     80.000000     32.000000      5.000000     33.000000     31.000000     40.000000     28.000000     47.000000     25.000000     36.000000     40.000000      8.000000     -7.000000    187.000000    157.000000     83.000000     27.000000     53.000000     30.000000     17.000000     24.000000      9.000000     20.000000     12.000000      8.000000     10.000000     16.000000     16.000000     20.000000     61.000000    142.000000     17.000000     27.000000     38.000000     18.000000     18.000000     83.000000     78.000000     80.000000     59.000000     75.000000    185.000000    196.000000     42.000000     18.000000     70.000000    430.000000     48.000000     47.000000     80.000000     56.000000     65.000000     60.000000    118.000000     37.000000    157.000000    151.000000    939.000000    211.000000    325.000000     40.000000     59.000000     48.000000     62.000000    207.000000    195.000000    156.000000    152.000000     51.000000     29.000000     71.000000     64.000000    123.000000    232.000000   3631.000000   4729.000000    365.000000    306.000000    118.000000     77.000000    202.000000    181.000000    235.000000    166.000000    214.000000    235.000000    263.000000     74.000000     42.000000     14.000000     75.000000     86.000000     58.000000     46.000000     32.000000     33.000000     62.000000     82.000000     39.000000     47.000000     41.000000     57.000000     42.000000    134.000000     15.000000     27.000000     28.000000     31.000000
   471.304596     91.000000    104.000000     70.000000     85.000000     58.000000     71.000000     65.000000     88.000000     54.000000     68.000000     75.000000     49.000000     29.000000     31.000000     64.000000     84.000000    186.000000   1352.000000    408.000000    304.000000    310.000000    177.000000    219.000000    227.000000     86.000000    115.000000    291.000000    220.000000    179.000000     85.000000     99.000000     64.000000    213.000000    207.000000    108.000000     20.000000    375.000000    171.000000     84.000000     27.000000     43.000000     42.000000     29.000000     17.000000     26.000000     49.000000     51.000000     51.000000     53.000000     18.000000      7.000000    187.000000    145.000000     70.000000     23.000000     39.000000     42.000000     39.000000     12.000000     27.000000     14.000000     16.000000     13.000000     12.000000     11.000000     11.000000     20.000000     52.000000    153.000000      9.000000     28.000000     46.000000      3.000000     14.000000     89.000000     79.000000     77.000000     63.000000     85.000000    182.000000    180.000000     25.000000     20.000000     15.000000    431.000000     56.000000     53.000000     84.000000     63.000000     73.000000     66.000000    131.000000     29.000000    200.000000    144.000000    918.000000    216.000000    328.000000     54.000000     50.000000     55.000000     57.000000    150.000000    182.000000    154.000000    163.000000     35.000000     28.000000     84.000000     68.000000    118.000000    245.000000   3626.000000   4634.000000    339.000000    304.000000    135.000000     85.000000    183.000000    174.000000    242.000000    167.000000    230.000000    276.000000    259.000000     97.000000     18.000000     22.000000     58.000000     88.000000     46.000000     53.000000     11.000000     39.000000     62.000000     69.000000     47.000000     33.000000     42.000000     39.000000     56.000000    172.000000     27.000000     10.000000     26.000000     25.000000
   472.528900     51.000000    128.000000     55.000000     67.000000     64.000000     68.000000     59.000000     86.000000     85.000000     83.000000     86.000000     39.000000     47.000000     37.000000     50.000000     50.000000    185.000000   1302.000000    383.000000    338.000000    259.000000    210.000000    192.000000    196.000000     98.000000    122.000000    295.000000    230.000000    141.000000     50.000000     99.000000     76.000000    188.000000    218.000000    108.000000     28.000000    367.000000    185.000000     78.000000     14.000000     32.000000     22.000000     18.000000     33.000000     23.000000     63.000000     36.000000     42.000000     57.000000      8.000000     -2.000000    183.000000    136.000000     53.000000     35.000000     44.000000     36.000000     25.000000     42.000000      2.000000     20.000000     -1.000000     -7.000000     15.000000     -9.000000     37.000000     28.000000     47.000000    156.000000     35.000000     34.000000     57.000000     35.000000     27.000000     90.000000     83.000000     67.000000     74.000000     56.000000    155.000000    160.000000     67.000000     32.000000     35.000000    445.000000     57.000000     35.000000     96.000000     67.000000     46.000000     52.000000    139.000000     24.000000    165.000000    111.000000    958.000000    229.000000    309.000000     57.000000     58.000000     65.000000     60.000000    211.000000    189.000000    134.000000    163.000000     32.000000     30.000000     78.000000     85.000000     91.000000    221.000000   3554.000000   4750.000000    341.000000    338.000000     83.000000     97.000000    179.000000    178.000000    252.000000    146.000000    217.000000    294.000000    273.000000     83.000000     43.000000     25.000000     61.000000     90.000000     30.000000     43.000000     29.000000     21.000000     62.000000     87.000000     76.000000     58.000000     29.000000     66.000000     29.000000    174.000000     30.000000     15.000000      9.000000     23.000000
   473.753601     80.000000    123.000000     54.000000     58.000000     90.000000     69.000000     49.000000     77.000000     59.000000     65.000000     63.000000     31.000000     39.000000     53.000000     45.000000     57.000000    183.000000   1259.000000    386.000000    299.000000    285.000000    234.000000    172.000000    214.000000     60.000000     92.000000    229.000000    218.000000    155.000000     69.000000    105.000000     50.000000    157.000000    192.000000    103.000000     16.000000    376.000000    166.000000     72.000000     20.000000     20.000000     21.000000     27.000000     43.000000     36.000000     73.000000     41.000000     34.000000     58.000000      7.000000      2.000000    163.000000    130.000000     65.000000     41.000000     41.000000     47.000000     32.000000     -7.000000     15.000000     36.000000      6.000000      8.000000     16.000000      5.000000     21.000000     46.000000     59.000000    182.000000     30.000000     37.000000     53.000000     12.000000     30.000000    103.000000     86.000000     46.000000     55.000000    111.000000    157.000000    161.000000     31.000000     27.000000     39.000000    430.000000     60.000000     41.000000     78.000000     60.000000     53.000000     54.000000    126.000000      6.000000    172.000000    176.000000    871.000000    219.000000    332.000000     38.000000     51.000000     64.000000     54.000000    203.000000    206.000000    203.000000    161.000000     42.000000     25.000000     82.000000     66.000000     89.000000    266.000000   3605.000000   4729.000000    365.000000    299.000000    111.000000     87.000000    192.000000    176.000000    232.000000    172.000000    262.000000    248.000000    219.000000     54.000000     21.000000     21.000000     50.000000     57.000000     28.000000     44.000000     10.000000     28.000000     87.000000     64.000000     39.000000     44.000000     48.000000     56.000000     29.000000    169.000000     31.000000     33.000000     12.000000     23.000000
   474.978790     56.000000    128.000000     66.000000     66.000000     67.000000     57.000000     66.000000     77.000000     46.000000     53.000000     97.000000     37.000000     25.000000     28.000000     42.000000     71.000000    199.000000   1254.000000    388.000000    299.000000    292.000000    180.000000    192.000000    197.000000     70.000000    127.000000    283.000000    200.000000    163.000000     70.000000    118.000000     46.000000    222.000000    204.000000    132.000000      5.000000    403.000000    157.000000    102.000000     21.000000     15.000000     22.000000     31.000000     31.000000     31.000000     67.000000     44.000000     48.000000     34.000000      9.000000     13.000000    166.000000    107.000000     83.000000     28.000000     32.000000     55.000000     18.000000     16.000000     13.000000      2.000000     13.000000      8.000000     21.000000     12.000000     26.000000     33.000000     53.000000    141.000000     40.000000     49.000000     54.000000      0.000000     11.000000    103.000000     62.000000     69.000000     71.000000     69.000000    158.000000    174.000000     44.000000     36.000000     47.000000    423.000000     42.000000     48.000000     77.000000     44.000000     49.000000     68.000000    125.000000     39.000000    183.000000    144.000000    831.000000    236.000000    313.000000     55.000000     59.000000     51.000000     43.000000    175.000000    171.000000    170.000000    163.000000     36.000000     12.000000     80.000000     67.000000    125.000000    227.000000   3686.000000   4736.000000    354.000000    299.000000    122.000000    111.000000    200.000000    184.000000    249.000000    159.000000    232.000000    311.000000    272.000000     76.000000     30.000000     25.000000     73.000000     69.000000     28.000000     40.000000     43.000000     52.000000     59.000000     80.000000     12.000000     51.000000     36.000000     58.000000     49.000000    146.000000     19.000000      6.000000     27.000000     21.000000
   476.204498     52.000000    121.000000     63.000000     64.000000     38.000000     48.000000     50.000000     50.000000     63.000000     67.000000     62.000000     27.000000     43.000000     38.000000     29.000000     38.000000    174.000000   1307.000000    417.000000    291.000000    291.000000    200.000000    185.000000    169.000000     68.000000    128.000000    237.000000    238.000000    135.000000     89.000000    107.000000     64.000000    211.000000    205.000000    117.000000     27.000000    382.000000    197.000000     90.000000     19.000000     17.000000     13.000000     11.000000     15.000000     28.000000     71.000000     34.000000     45.000000     38.000000     -1.000000      1.000000    162.000000    148.000000     51.000000     25.000000     41.000000     32.000000     36.000000     13.000000      7.000000      6.000000     10.000000      4.000000     18.000000     10.000000     18.000000     47.000000     49.000000    138.000000     28.000000     25.000000     33.000000     28.000000     32.000000     51.000000     83.000000     57.000000     42.000000    106.000000    168.000000    129.000000     44.000000     20.000000     55.000000    472.000000     40.000000     43.000000     75.000000     64.000000     53.000000     60.000000    169.000000     28.000000    151.000000    141.000000    898.000000    233.000000    311.000000     44.000000     58.000000     57.000000     69.000000    211.000000    251.000000    174.000000    151.000000     52.000000     23.000000     86.000000     62.000000     94.000000    251.000000   3690.000000   4683.000000    352.000000    291.000000    118.000000     77.000000    192.000000    184.000000    245.000000    169.000000    219.000000    275.000000    224.000000     64.000000     36.000000     17.000000     66.000000     49.000000     45.000000     18.000000     30.000000     24.000000     56.000000     57.000000     40.000000     66.000000     28.000000     71.000000     32.000000    136.000000     20.000000      2.000000     27.000000      8.000000
   477.430695     68.000000    115.000000     33.000000     34.000000     44.000000     34.000000     56.000000     48.000000     52.000000     47.000000     86.000000     25.000000     11.000000     49.000000     41.000000     38.000000    161.000000   1182.000000    385.000000    280.000000    249.000000    175.000000    185.000000    168.000000     77.000000    126.000000    256.000000    190.000000    167.000000     60.000000     90.000000     60.000000    217.000000    193.000000    105.000000      0.000000    376.000000    189.000000     74.000000     16.000000     19.000000     29.000000     -4.000000     31.000000     40.000000     58.000000     62.000000     41.000000     34.000000      4.000000      2.000000    159.000000    113.000000     59.000000     14.000000     59.000000     35.000000     28.000000      8.000000     -3.000000      9.000000     13.000000     23.000000     18.000000     21.000000     10.000000     51.000000     51.000000    121.000000     38.000000     38.000000     53.000000     33.000000     40.000000     64.000000     84.000000     66.000000     54.000000     37.000000    150.000000    132.000000     36.000000     38.000000     30.000000    409.000000     27.000000     45.000000     75.000000     54.000000     69.000000     59.000000    169.000000     20.000000    166.000000    158.000000    896.000000    243.000000    273.000000     41.000000     66.000000     60.000000     63.000000    210.000000    210.000000    138.000000    160.000000     69.000000     44.000000     96.000000     62.000000     93.000000    226.000000   3624.000000   4800.000000    350.000000    280.000000     98.000000     77.000000    214.000000    178.000000    185.000000    124.000000    251.000000    256.000000    217.000000     68.000000     39.000000     35.000000     54.000000     49.000000     42.000000     46.000000     21.000000     23.000000     59.000000     75.000000     41.000000     63.000000     35.000000     39.000000     35.000000    142.000000     23.000000     15.000000     13.000000     21.000000
   478.657288     45.000000    109.000000     43.000000     48.000000     56.000000     56.000000     54.000000     47.000000     28.000000     63.000000     47.000000     25.000000     39.000000     34.000000     39.000000     27.000000    146.000000   1285.000000    371.000000    268.000000    265.000000    178.000000    169.000000    172.000000     96.000000    123.000000    223.000000    243.000000    177.000000     53.000000     73.000000     72.000000    200.000000    201.000000    114.000000     18.000000    398.000000    175.000000     67.000000      7.000000     25.000000     20.000000     24.000000     32.000000     27.000000     41.000000     55.000000     43.000000     30.000000     13.000000      0.000000    155.000000    144.000000     60.000000     55.000000     55.000000     44.000000     31.000000     12.000000     22.000000      1.000000     -4.000000     10.000000     13.000000     34.000000     13.000000     34.000000     59.000000    154.000000     45.000000     24.000000     32.000000     12.000000     26.000000     74.000000     86.000000     78.000000     52.000000     83.000000    154.000000    144.000000     36.000000     38.000000     34.000000    423.000000     59.000000     48.000000     88.000000     65.000000     49.000000     46.000000    137.000000     41.000000    159.000000    129.000000    876.000000    245.000000    294.000000     45.000000     56.000000     49.000000     83.000000    178.000000    195.000000    188.000000    178.000000     74.000000     29.000000     81.000000     40.000000     95.000000    197.000000   3727.000000   4537.000000    327.000000    268.000000    108.000000    100.000000    184.000000    180.000000    209.000000    175.000000    232.000000    299.000000    251.000000     69.000000     25.000000     31.000000     54.000000     70.000000     26.000000     30.000000     37.000000     44.000000     54.000000     67.000000     68.000000     64.000000     46.000000     75.000000     22.000000    146.000000     48.000000     17.000000     10.000000     28.000000
   479.884399     27.000000     85.000000     31.000000     33.000000     39.000000     53.000000     57.000000     47.000000     70.000000     41.000000     48.000000     32.000000     35.000000     30.000000     44.000000     52.000000    142.000000   1132.000000    372.000000    291.000000    253.000000    153.000000    190.000000    170.000000     71.000000    122.000000    231.000000    222.000000    159.000000     69.000000    108.000000     65.000000    203.000000    197.000000    117.000000     33.000000    406.000000    197.000000    122.000000     14.000000     33.000000     36.000000     21.000000     28.000000     22.000000     58.000000     55.000000     41.000000     63.000000     21.000000      5.000000    165.000000    120.000000     67.000000     47.000000     64.000000     44.000000      8.000000     45.000000     15.000000     18.000000      8.000000     11.000000      3.000000     15.000000     20.000000     33.000000     60.000000    130.000000     39.000000     34.000000     50.000000     25.000000     25.000000     68.000000     53.000000     37.000000     63.000000     81.000000    157.000000    131.000000     43.000000     46.000000     44.000000    375.000000     57.000000     74.000000     79.000000     71.000000     75.000000     46.000000    152.000000     49.000000    168.000000    126.000000    810.000000    242.000000    297.000000     39.000000     61.000000     95.000000     62.000000    197.000000    214.000000    182.000000    176.000000     47.000000     29.000000     84.000000     74.000000    113.000000    216.000000   3568.000000   4702.000000    293.000000    291.000000    103.000000     93.000000    192.000000    164.000000    226.000000    154.000000    225.000000    252.000000    198.000000     41.000000     39.000000     26.000000     47.000000     58.000000     38.000000     35.000000     36.000000     19.000000     35.000000     54.000000     31.000000     46.000000     39.000000     43.000000     44.000000    130.000000     52.000000     22.000000     17.000000     27.000000
   481.112000     43.000000    115.000000     42.000000     45.000000     56.000000     44.000000     32.000000     56.000000     54.000000     29.000000     53.000000     30.000000     31.000000     19.000000     26.000000     26.000000    136.000000   1129.000000    337.000000    273.000000    216.000000    139.000000    160.000000    179.000000     87.000000     80.000000    249.000000    207.000000    144.000000     41.000000     99.000000     61.000000    191.000000    183.000000    138.000000     37.000000    408.000000    178.000000     89.000000     16.000000     13.000000     29.000000     45.000000      5.000000     12.000000     62.000000     32.000000     49.000000     67.000000     13.000000      2.000000    160.000000    124.000000     89.000000     43.000000     47.000000     45.000000     39.000000     35.000000     10.000000     12.000000      1.000000     -6.000000     10.000000      0.000000     16.000000     29.000000     66.000000    144.000000     40.000000     35.000000     66.000000     16.000000     12.000000     62.000000     60.000000     48.000000     50.000000     52.000000    114.000000    120.000000     23.000000     38.000000     54.000000    383.000000     45.000000     53.000000     69.000000     79.000000     66.000000     58.000000    109.000000     15.000000    158.000000    139.000000    824.000000    209.000000    281.000000     36.000000     57.000000     48.000000     71.000000    166.000000    227.000000    149.000000    141.000000     47.000000     40.000000     96.000000     74.000000     82.000000    161.000000   3427.000000   4409.000000    315.000000    273.000000    103.000000     91.000000    198.000000    183.000000    241.000000    163.000000    245.000000    281.000000    244.000000     43.000000     19.000000     23.000000     53.000000     73.000000     25.000000     11.000000     11.000000     35.000000     36.000000     46.000000     39.000000     49.000000     37.000000     55.000000     48.000000    142.000000     30.000000     14.000000     24.000000     31.000000
   482.340088     43.000000     78.000000     56.000000     33.000000     33.000000     49.000000     50.000000     32.000000     34.000000     51.000000     72.000000     29.000000     36.000000     38.000000     28.000000      2.000000    119.000000   1095.000000    334.000000    269.000000    218.000000    143.000000    163.000000    156.000000     67.000000     93.000000    220.000000    199.000000    178.000000     54.000000    112.000000     88.000000    200.000000    235.000000    109.000000     22.000000    388.000000    168.000000     98.000000     30.000000     13.000000     19.000000     33.000000     29.000000     39.000000     72.000000     49.000000     39.000000     20.000000     -5.000000     10.000000    131.000000    129.000000     71.000000     33.000000     39.000000     15.000000     38.000000     29.000000     23.000000     19.000000     12.000000      1.000000     11.000000     10.000000     14.000000     49.000000     49.000000    134.000000     41.000000     38.000000     63.000000     -3.000000     15.000000     68.000000     64.000000     45.000000     48.000000     55.000000    127.000000    117.000000     20.000000     18.000000     25.000000    357.000000     53.000000     48.000000     93.000000     64.000000     72.000000     44.000000    118.000000     21.000000    157.000000    111.000000    844.000000    203.000000    310.000000     36.000000     61.000000     67.000000     32.000000    184.000000    201.000000    157.000000    178.000000     52.000000     49.000000     75.000000     71.000000     69.000000    134.000000   3453.000000   4453.000000    308.000000    269.000000     91.000000     89.000000    136.000000    176.000000    199.000000    130.000000    246.000000    251.000000    206.000000     51.000000     39.000000     12.000000     61.000000     54.000000     24.000000     23.000000     23.000000     43.000000     45.000000     51.000000     40.000000     44.000000     62.000000     51.000000     49.000000    155.000000     35.000000     11.000000     21.000000     27.000000
   483.568695     27.000000     66.000000     29.000000     57.000000     32.000000     38.000000     47.000000     63.000000     59.000000     55.000000     47.000000     36.000000     14.000000     20.000000     25.000000     21.000000    128.000000   1104.000000    344.000000    242.000000    227.000000    134.000000    143.000000    173.000000     70.000000     84.000000    234.000000    183.000000    112.000000     43.000000    100.000000     68.000000    209.000000    207.000000    116.000000     20.000000    399.000000    202.000000     89.000000     17.000000     19.000000     36.000000     13.000000     49.000000     36.000000     66.000000     49.000000     32.000000     50.000000     24.000000    -10.000000    134.000000    146.000000     84.000000     29.000000     58.000000     33.000000     52.000000     -1.000000     29.000000     26.000000     10.000000     11.000000     12.000000      6.000000     29.000000     26.000000     58.000000    132.000000     40.000000     39.000000     55.000000     26.000000      8.000000     54.000000     52.000000     53.000000     44.000000     70.000000    126.000000    122.000000     39.000000     41.000000     15.000000    329.000000     64.000000     41.000000     56.000000     65.000000     76.000000     72.000000    132.000000     28.000000    147.000000    117.000000    762.000000    207.000000    305.000000     39.000000     59.000000     66.000000     47.000000    224.000000    194.000000    194.000000    161.000000     63.000000     29.000000     99.000000     46.000000     76.000000    172.000000   3343.000000   4357.000000    261.000000    242.000000     77.000000     73.000000    183.000000    161.000000    211.000000    156.000000    208.000000    256.000000    201.000000     37.000000     42.000000     18.000000     45.000000     71.000000     31.000000     12.000000     28.000000     34.000000     29.000000     57.000000     44.000000     40.000000     34.000000     37.000000      9.000000    150.000000     32.000000     30.000000     38.000000     14.000000
   484.797699     32.000000     78.000000     41.000000     43.000000     25.000000     30.000000     48.000000     48.000000     55.000000     37.000000     65.000000     29.000000     15.000000     25.000000     37.000000     20.000000    108.000000   1125.000000    301.000000    264.000000    212.000000    162.000000    142.000000    171.000000     76.000000     84.000000    196.000000    206.000000    162.000000     34.000000    107.000000     79.000000    216.000000    219.000000    127.000000     21.000000    394.000000    216.000000     81.000000     26.000000     15.000000     39.000000     21.000000     40.000000     24.000000     49.000000     53.000000     24.000000     57.000000     -7.000000     -3.000000    156.000000    121.000000     78.000000     32.000000     55.000000     37.000000     29.000000     32.000000     41.000000     20.000000      5.000000      1.000000     22.000000      6.000000     26.000000     10.000000     48.000000    128.000000     25.000000      2.000000     34.000000      7.000000     27.000000     51.000000     61.000000     75.000000     54.000000     49.000000     85.000000    124.000000     19.000000     19.000000     21.000000    433.000000     28.000000     34.000000     69.000000     41.000000     50.000000     53.000000    148.000000     43.000000    130.000000    111.000000    734.000000    232.000000    284.000000     58.000000     51.000000     39.000000     56.000000    209.000000    256.000000    184.000000    175.000000     51.000000     42.000000     81.000000     61.000000     95.000000    182.000000   3290.000000   4163.000000    224.000000    264.000000    119.000000     91.000000    164.000000    156.000000    170.000000    136.000000    240.000000    259.000000    160.000000     47.000000     23.000000     22.000000     41.000000     66.000000     23.000000     33.000000     43.000000     24.000000     29.000000     45.000000     42.000000     44.000000     23.000000     50.000000     15.000000    110.000000     26.000000     14.000000     27.000000     24.000000
   486.027191     41.000000     95.000000     32.000000     18.000000     50.000000     50.000000     42.000000     46.000000     39.000000     48.000000     43.000000     32.000000     26.000000     34.000000     48.000000     27.000000    103.000000   1024.000000    253.000000    226.000000    199.000000    131.000000    135.000000    192.000000     84.000000     66.000000    201.000000    201.000000    150.000000     58.000000    114.000000     63.000000    194.000000    194.000000    127.000000     -1.000000    394.000000    203.000000     78.000000     27.000000     14.000000     24.000000     37.000000     39.000000     35.000000     48.000000     63.000000     55.000000     48.000000      6.000000     -8.000000    139.000000    106.000000     49.000000     24.000000     55.000000     51.000000     36.000000     35.000000     16.000000      5.000000     17.000000      1.000000     15.000000      8.000000     25.000000     27.000000     53.000000    120.000000     18.000000      8.000000     44.000000     31.000000     24.000000     63.000000     49.000000     42.000000     44.000000     20.000000     82.000000    108.000000     46.000000     27.000000     26.000000    409.000000     47.000000     39.000000     72.000000     48.000000     44.000000     58.000000    162.000000     32.000000    130.000000    118.000000    682.000000    227.000000    252.000000     63.000000     50.000000     61.000000     54.000000    195.000000    224.000000    188.000000    187.000000     58.000000     34.000000     90.000000     66.000000     85.000000    168.000000   3176.000000   4164.000000    241.000000    226.000000    108.000000     91.000000    131.000000    131.000000    195.000000    141.000000    217.000000    239.000000    177.000000     54.000000     40.000000     35.000000     31.000000     59.000000     31.000000     36.000000     26.000000     30.000000     45.000000     50.000000     64.000000     47.000000     40.000000     44.000000     14.000000    105.000000     43.000000     28.000000     22.000000     45.000000
   487.257202     47.000000     60.000000     33.000000     41.000000     23.000000     46.000000     54.000000     54.000000     60.000000     49.000000     38.000000     20.000000     24.000000     20.000000     20.000000     30.000000     85.000000    993.000000    237.000000    213.000000    180.000000    165.000000    117.000000    158.000000     78.000000     63.000000    162.000000    191.000000    131.000000     25.000000    125.000000     84.000000    206.000000    179.000000    120.000000     20.000000    381.000000    224.000000    111.000000     20.000000     20.000000     11.000000     29.000000     45.000000     37.000000     85.000000     58.000000     33.000000     50.000000     -9.000000     14.000000    115.000000    104.000000     69.000000     18.000000     53.000000     44.000000     38.000000     17.000000     41.000000     25.000000     16.000000      0.000000     11.000000      4.000000     43.000000     42.000000     38.000000    126.000000     42.000000     40.000000     39.000000     22.000000     24.000000     51.000000     58.000000     50.000000     57.000000     50.000000     81.000000    105.000000     31.000000     56.000000     49.000000    382.000000     57.000000     41.000000     83.000000     77.000000     56.000000     70.000000    173.000000     41.000000    141.000000    110.000000    648.000000    206.000000    280.000000     52.000000     46.000000     54.000000     51.000000    207.000000    227.000000    207.000000    182.000000     30.000000     38.000000     86.000000     69.000000     70.000000    149.000000   3113.000000   4083.000000    250.000000    213.000000     94.000000     63.000000    138.000000    166.000000    179.000000    147.000000    262.000000    218.000000    155.000000     64.000000     39.000000     36.000000     32.000000     80.000000     33.000000     17.000000     28.000000     31.000000     25.000000     28.000000     32.000000     62.000000     35.000000     44.000000     43.000000    120.000000     60.000000     27.000000     19.000000     20.000000
   488.487701     29.000000     80.000000     40.000000     44.000000     40.000000     55.000000     22.000000     58.000000     51.000000     36.000000     26.000000     34.000000     19.000000     24.000000     35.000000     10.000000     91.000000    980.000000    260.000000    238.000000    156.000000    122.000000    126.000000    125.000000     54.000000     72.000000    149.000000    182.000000    113.000000     50.000000    139.000000     84.000000    214.000000    201.000000    113.000000     18.000000    376.000000    204.000000    103.000000     32.000000     21.000000     31.000000     29.000000     31.000000     37.000000     49.000000     57.000000     35.000000     54.000000     -9.000000     -2.000000    127.000000    106.000000     77.000000     32.000000     53.000000     40.000000     15.000000     36.000000     26.000000     10.000000     31.000000      3.000000      8.000000      1.000000     20.000000     46.000000     66.000000    132.000000     50.000000     26.000000     66.000000     30.000000     24.000000     57.000000     32.000000     35.000000     61.000000     39.000000     92.000000    103.000000     40.000000     36.000000     37.000000    374.000000     57.000000     11.000000     87.000000     66.000000     56.000000     52.000000    129.000000     55.000000    114.000000    128.000000    677.000000    193.000000    287.000000     25.000000     43.000000     64.000000     78.000000    224.000000    202.000000    153.000000    150.000000     68.000000     42.000000     85.000000     61.000000     82.000000    121.000000   3090.000000   3922.000000    241.000000    238.000000     90.000000     86.000000    147.000000    135.000000    201.000000    156.000000    239.000000    237.000000    182.000000     41.000000     20.000000      5.000000     44.000000     55.000000     22.000000     27.000000     39.000000     55.000000     54.000000     44.000000     25.000000     48.000000     38.000000     60.000000     48.000000    130.000000     42.000000     43.000000     20.000000     15.000000
   489.718597     32.000000     76.000000     51.000000     32.000000     28.000000     23.000000     50.000000     26.000000     49.000000     57.000000     35.000000     16.000000     17.000000     19.000000     14.000000     12.000000     92.000000    976.000000    263.000000    188.000000    157.000000    111.000000    103.000000    131.000000     76.000000     88.000000    171.000000    201.000000    130.000000     41.000000    110.000000     39.000000    188.000000    192.000000    128.000000     18.000000    400.000000    242.000000    116.000000     25.000000     23.000000     25.000000     33.000000     24.000000     33.000000     53.000000     44.000000     33.000000     54.000000      5.000000     -5.000000    126.000000     89.000000     61.000000     31.000000     59.000000     50.000000     36.000000     19.000000     30.000000     26.000000      7.000000      2.000000     15.000000     24.000000     24.000000     39.000000     62.000000    153.000000     46.000000     58.000000     54.000000     23.000000     22.000000     67.000000     46.000000     47.000000     57.000000     53.000000     75.000000     72.000000     48.000000     22.000000     37.000000    412.000000     54.000000     53.000000     73.000000     48.000000     48.000000     61.000000    153.000000     46.000000    114.000000    108.000000    562.000000    236.000000    271.000000     54.000000     65.000000     76.000000     53.000000    229.000000    212.000000    155.000000    157.000000     79.000000     21.000000     86.000000     63.000000     57.000000    131.000000   3059.000000   3956.000000    217.000000    188.000000     89.000000     83.000000    145.000000    113.000000    218.000000    139.000000    231.000000    191.000000    167.000000     55.000000     33.000000     33.000000     48.000000     65.000000     16.000000     22.000000     24.000000     24.000000     23.000000     49.000000     48.000000     66.000000     61.000000     60.000000     33.000000    125.000000     40.000000     33.000000     35.000000     17.000000
   490.950104     24.000000     65.000000     34.000000     26.000000     20.000000     21.000000     48.000000     44.000000     44.000000     41.000000     44.000000     17.000000     13.000000     41.000000     14.000000     24.000000     84.000000    915.000000    239.000000    185.000000    183.000000    126.000000    119.000000    135.000000     82.000000     64.000000    131.000000    193.000000    130.000000     48.000000    118.000000     71.000000    214.000000    216.000000    133.000000      7.000000    439.000000    189.000000    100.000000     38.000000     25.000000     45.000000     28.000000     44.000000     30.000000     63.000000     55.000000     54.000000     40.000000      1.000000     17.000000    116.000000    107.000000     76.000000     33.000000     53.000000     20.000000     53.000000     35.000000     33.000000     16.000000      7.000000     10.000000     21.000000     29.000000     23.000000     50.000000     59.000000    115.000000     34.000000     23.000000     59.000000     26.000000     25.000000     52.000000     32.000000     40.000000     55.000000     46.000000     82.000000     79.000000     47.000000     31.000000     33.000000    411.000000     52.000000     48.000000     63.000000     70.000000     47.000000     64.000000    132.000000     36.000000    111.000000     88.000000    583.000000    187.000000    262.000000     43.000000     57.000000     68.000000     70.000000    178.000000    219.000000    181.000000    194.000000     70.000000     20.000000     72.000000     70.000000     72.000000    121.000000   2971.000000   3717.000000    223.000000    185.000000     78.000000     71.000000    151.000000    138.000000    168.000000    140.000000    229.000000    177.000000    145.000000     44.000000     44.000000     40.000000     22.000000     62.000000     26.000000     19.000000      7.000000     44.000000     40.000000     30.000000     73.000000     54.000000     37.000000     50.000000     29.000000    141.000000     33.000000      8.000000     12.000000     29.000000
   492.182007     36.000000     51.000000     25.000000     28.000000     40.000000     37.000000     31.000000     47.000000     33.000000     28.000000     43.000000     37.000000     21.000000     25.000000      6.000000     30.000000     67.000000    908.000000    257.000000    150.000000    143.000000    115.000000    108.000000    120.000000     66.000000     46.000000    153.000000    207.000000    147.000000     18.000000    103.000000     67.000000    225.000000    212.000000    143.000000     16.000000    452.000000    191.000000     94.000000     29.000000     39.000000     44.000000     48.000000     36.000000     38.000000     51.000000     67.000000     66.000000     44.000000     -7.000000      7.000000    143.000000    105.000000     54.000000     38.000000     47.000000     34.000000     35.000000     13.000000     28.000000     15.000000     17.000000     -6.000000     10.000000     25.000000     24.000000     47.000000     51.000000     72.000000     31.000000     34.000000     61.000000     11.000000     13.000000     41.000000     31.000000     59.000000     52.000000     63.000000     77.000000     74.000000     46.000000     50.000000     39.000000    403.000000     53.000000     37.000000    102.000000     68.000000     46.000000     61.000000    146.000000     35.000000    108.000000     98.000000    519.000000    218.000000    254.000000     52.000000     48.000000     61.000000     58.000000    203.000000    207.000000    187.000000    161.000000     62.000000     37.000000     90.000000     63.000000     78.000000    112.000000   2821.000000   3717.000000    214.000000    150.000000     95.000000     54.000000    148.000000    134.000000    194.000000    147.000000    200.000000    204.000000    162.000000     57.000000     41.000000     38.000000     37.000000     67.000000     23.000000     25.000000     22.000000     24.000000     33.000000     25.000000     69.000000     58.000000     36.000000     29.000000     43.000000    140.000000     41.000000     28.000000     13.000000     17.000000
   493.414398     33.000000     47.000000     30.000000     24.000000     22.000000     18.000000     37.000000     43.000000     32.000000     37.000000     59.000000     37.000000     25.000000     15.000000     16.000000     27.000000     75.000000    920.000000    227.000000    148.000000    135.000000     87.000000    106.000000    155.000000     61.000000     47.000000    155.000000    198.000000    153.000000     49.000000    107.000000     80.000000    232.000000    194.000000    114.000000     13.000000    414.000000    182.000000     77.000000     27.000000     13.000000     36.000000     26.000000     40.000000     37.000000     49.000000     54.000000     28.000000     36.000000    -10.000000      6.000000     92.000000    102.000000     73.000000     55.000000     42.000000     33.000000     51.000000     41.000000     11.000000     23.000000      6.000000     -1.000000     39.000000     35.000000     18.000000     47.000000     33.000000    128.000000     47.000000     44.000000     58.000000     24.000000     28.000000     58.000000     48.000000     38.000000     39.000000     42.000000     68.000000     55.000000     41.000000     44.000000     31.000000    389.000000     36.000000     27.000000     96.000000     41.000000     52.000000     60.000000    115.000000     29.000000    113.000000     86.000000    544.000000    156.000000    285.000000     34.000000     60.000000     69.000000     67.000000    216.000000    228.000000    187.000000    175.000000     66.000000     30.000000     92.000000     79.000000     65.000000     98.000000   2714.000000   3414.000000    190.000000    148.000000     67.000000     62.000000    134.000000    112.000000    163.000000    125.000000    224.000000    178.000000    184.000000     39.000000     48.000000     19.000000     33.000000     59.000000     39.000000     40.000000     13.000000     39.000000     32.000000     19.000000     58.000000     54.000000     49.000000     45.000000     34.000000    104.000000     47.000000     27.000000     24.000000     19.000000
   494.647308     22.000000     39.000000     25.000000     14.000000     19.000000     14.000000     30.000000     40.000000     37.000000     44.000000     55.000000     21.000000     22.000000     16.000000     18.000000     22.000000     72.000000    876.000000    206.000000    175.000000    120.000000     89.000000     65.000000    142.000000     55.000000     47.000000    136.000000    204.000000    125.000000     40.000000    117.000000     89.000000    208.000000    196.000000    158.000000     38.000000    397.000000    210.000000    109.000000     31.000000     28.000000     19.000000      9.000000     28.000000     15.000000     57.000000     83.000000     47.000000     47.000000    -12.000000     -9.000000     85.000000     65.000000     59.000000     54.000000     61.000000     55.000000     42.000000     17.000000     11.000000     21.000000     28.000000      8.000000     17.000000     21.000000     12.000000     43.000000     45.000000    117.000000     54.000000     45.000000     58.000000     20.000000     27.000000     42.000000     54.000000     55.000000     38.000000     45.000000     61.000000     72.000000     59.000000     58.000000     54.000000    357.000000     47.000000     21.000000     96.000000     60.000000     50.000000     54.000000    146.000000     46.000000     99.000000     93.000000    506.000000    177.000000    234.000000     31.000000     38.000000     63.000000     76.000000    183.000000    204.000000    165.000000    144.000000     68.000000     32.000000    100.000000     53.000000     96.000000    108.000000   2625.000000   3371.000000    212.000000    175.000000     94.000000     62.000000    130.000000    125.000000    172.000000    127.000000    216.000000    220.000000    165.000000     62.000000     20.000000     34.000000     53.000000     64.000000     34.000000     30.000000     31.000000     38.000000     34.000000     42.000000     56.000000     64.000000     52.000000     48.000000     47.000000    134.000000     39.000000     38.000000     26.000000     18.000000
   495.880615     30.000000     53.000000     29.000000     14.000000     23.000000     27.000000     58.000000     38.000000     36.000000     51.000000     40.000000      6.000000     15.000000     22.000000     12.000000     22.000000     69.000000    840.000000    202.000000    162.000000    148.000000     84.000000     77.000000    122.000000     44.000000     56.000000    147.000000    204.000000    116.000000     27.000000    113.000000     72.000000    175.000000    182.000000    163.000000     14.000000    388.000000    205.000000     96.000000     30.000000     46.000000     44.000000     14.000000     31.000000     40.000000     34.000000     49.000000     31.000000     70.000000     13.000000     11.000000     76.000000     69.000000     50.000000     54.000000     40.000000     29.000000     31.000000     28.000000     10.000000     40.000000      9.000000      5.000000     38.000000     13.000000     29.000000     45.000000     39.000000    115.000000     29.000000     34.000000     63.000000     23.000000     31.000000     49.000000     39.000000     74.000000     36.000000     47.000000     61.000000     63.000000     47.000000     57.000000     32.000000    349.000000     56.000000     24.000000     82.000000     69.000000     57.000000     45.000000    159.000000     37.000000    126.000000    117.000000    532.000000    183.000000    240.000000     41.000000     55.000000     70.000000     70.000000    210.000000    192.000000    159.000000    163.000000     37.000000     42.000000    110.000000     62.000000     54.000000     98.000000   2587.000000   3302.000000    215.000000    162.000000     86.000000     68.000000    132.000000     83.000000    191.000000    139.000000    226.000000    184.000000    129.000000     56.000000     39.000000     28.000000     36.000000     62.000000     12.000000     18.000000     18.000000     35.000000     17.000000     41.000000     46.000000     53.000000     47.000000     41.000000     20.000000    123.000000     38.000000     29.000000     20.000000     23.000000
   497.114502      1.000000     42.000000     43.000000     12.000000     33.000000     27.000000     28.000000     34.000000     36.000000     36.000000     21.000000     11.000000      6.000000     20.000000     12.000000     27.000000     38.000000    768.000000    203.000000    176.000000    118.000000     78.000000     72.000000    116.000000     56.000000     35.000000    191.000000    201.000000    113.000000      8.000000    132.000000     85.000000    191.000000    194.000000    157.000000      5.000000    449.000000    203.000000    101.000000     25.000000     28.000000     37.000000      6.000000     30.000000     43.000000     50.000000     70.000000     49.000000     71.000000     -4.000000     -1.000000     93.000000     60.000000     65.000000     47.000000     64.000000     43.000000     29.000000     28.000000     23.000000     30.000000      1.000000     18.000000     32.000000     17.000000     43.000000     48.000000     52.000000    108.000000     49.000000     37.000000     53.000000     23.000000      9.000000     45.000000     47.000000     31.000000     44.000000     41.000000     64.000000     68.000000     51.000000     42.000000     42.000000    346.000000     36.000000     30.000000     88.000000     65.000000     32.000000     51.000000    117.000000     43.000000    108.000000     94.000000    475.000000    155.000000    226.000000     33.000000     45.000000     59.000000     75.000000    156.000000    204.000000    199.000000    170.000000     55.000000     30.000000    107.000000     60.000000     59.000000     83.000000   2469.000000   3147.000000    206.000000    176.000000     66.000000     67.000000     96.000000    116.000000    183.000000    121.000000    220.000000    173.000000    129.000000     45.000000     66.000000     45.000000     52.000000     63.000000     32.000000     25.000000     12.000000     27.000000      8.000000     30.000000     60.000000     61.000000     28.000000     42.000000     36.000000    142.000000     44.000000     25.000000     14.000000     11.000000
   498.348785     23.000000     59.000000     31.000000      0.000000     31.000000     23.000000     52.000000     44.000000     22.000000     38.000000     26.000000      8.000000     13.000000      4.000000     14.000000     24.000000     63.000000    758.000000    244.000000    155.000000    102.000000    107.000000     54.000000    129.000000     59.000000     44.000000    128.000000    204.000000    129.000000     -3.000000    117.000000     60.000000    181.000000    174.000000    143.000000     46.000000    402.000000    168.000000    106.000000     38.000000     14.000000     17.000000     32.000000     38.000000     35.000000     42.000000     46.000000     41.000000     67.000000      6.000000      4.000000     87.000000     77.000000     66.000000     57.000000     63.000000     24.000000     33.000000     23.000000     21.000000     19.000000     19.000000     15.000000     31.000000     23.000000     20.000000     62.000000     49.000000    110.000000     73.000000     45.000000     66.000000     32.000000     40.000000     35.000000     40.000000     46.000000     36.000000     39.000000     57.000000     49.000000     35.000000     53.000000     36.000000    351.000000     41.000000     20.000000     89.000000     61.000000     49.000000     97.000000    121.000000     43.000000     83.000000    105.000000    508.000000    169.000000    220.000000     46.000000     53.000000     61.000000     74.000000    223.000000    271.000000    168.000000    160.000000     72.000000     17.000000     96.000000     65.000000     65.000000    106.000000   2402.000000   3180.000000    159.000000    155.000000     73.000000     44.000000    119.000000    116.000000    137.000000    121.000000    239.000000    204.000000    163.000000     35.000000     30.000000     42.000000     30.000000     65.000000     20.000000     16.000000     14.000000     17.000000     17.000000     20.000000     52.000000     81.000000     33.000000     44.000000     27.000000    125.000000     28.000000     37.000000     22.000000     33.000000
   499.583588     25.000000     56.000000     24.000000     48.000000     18.000000     20.000000     53.000000     32.000000     44.000000     21.000000     35.000000     50.000000     18.000000     14.000000      4.000000     21.000000     62.000000    760.000000    183.000000    121.000000    125.000000     80.000000    100.000000     95.000000     40.000000     42.000000    147.000000    230.000000    114.000000     17.000000    105.000000     93.000000    169.000000    198.000000    112.000000     37.000000    399.000000    172.000000    116.000000     14.000000     36.000000     25.000000     20.000000     46.000000     51.000000     62.000000     51.000000     41.000000     69.000000      5.000000      7.000000     79.000000     78.000000     67.000000     51.000000     52.000000     30.000000     50.000000     17.000000     27.000000     16.000000     10.000000     20.000000     10.000000     12.000000     19.000000     37.000000     64.000000    123.000000     36.000000     17.000000     39.000000     21.000000     33.000000     28.000000     57.000000     33.000000     34.000000     52.000000     48.000000     60.000000     46.000000     30.000000     15.000000    358.000000     46.000000     24.000000     85.000000     87.000000     53.000000     58.000000    146.000000     47.000000     91.000000     70.000000    500.000000    172.000000    223.000000     40.000000     30.000000     58.000000     83.000000    179.000000    213.000000    144.000000    167.000000     66.000000     31.000000    102.000000     62.000000     63.000000     67.000000   2356.000000   3094.000000    146.000000    121.000000     80.000000     71.000000    144.000000     98.000000    162.000000    105.000000    212.000000    181.000000    169.000000     51.000000     34.000000     46.000000     20.000000     71.000000     14.000000     21.000000     19.000000     41.000000     24.000000     22.000000     59.000000     87.000000     50.000000     42.000000     36.000000    130.000000     45.000000     19.000000     18.000000     19.000000
   500.818909     14.000000     40.000000     27.000000     43.000000     43.000000     30.000000     42.000000     29.000000     41.000000     22.000000     46.000000     11.000000      6.000000     22.000000      3.000000     20.000000     68.000000    722.000000    200.000000    157.000000    116.000000     70.000000     50.000000    104.000000     71.000000     52.000000    106.000000    190.000000    156.000000     16.000000    112.000000    104.000000    188.000000    166.000000    126.000000     21.000000    419.000000    194.000000    113.000000     19.000000     26.000000     28.000000     20.000000     23.000000     41.000000     33.000000     46.000000     46.000000     43.000000     13.000000     -6.000000     68.000000     67.000000     66.000000     68.000000     52.000000     46.000000     48.000000     25.000000     34.000000     22.000000     34.000000      5.000000     28.000000     27.000000     23.000000     53.000000     41.000000    114.000000     72.000000     53.000000     51.000000     18.000000     39.000000     50.000000     47.000000     57.000000     81.000000     39.000000     53.000000     53.000000     42.000000     39.000000     41.000000    380.000000     40.000000     27.000000     72.000000     68.000000     81.000000     41.000000    132.000000     51.000000    118.000000     73.000000    512.000000    157.000000    227.000000     52.000000     60.000000     38.000000     88.000000    184.000000    257.000000    140.000000    200.000000     77.000000     36.000000    106.000000     73.000000     53.000000     82.000000   2292.000000   3053.000000    180.000000    157.000000     82.000000     79.000000    141.000000    109.000000    163.000000    115.000000    229.000000    170.000000    147.000000     41.000000     41.000000     34.000000     24.000000     49.000000     10.000000     19.000000     36.000000     38.000000     11.000000     33.000000     49.000000     59.000000     19.000000     35.000000     38.000000    129.000000     51.000000     29.000000     -5.000000     25.000000
   502.054596     11.000000     56.000000     15.000000     18.000000     17.000000     31.000000     20.000000     55.000000     46.000000     32.000000     32.000000     19.000000      9.000000      4.000000     26.000000     18.000000     40.000000    686.000000    182.000000    134.000000    123.000000     68.000000     83.000000    104.000000     71.000000     41.000000    143.000000    223.000000    119.000000     19.000000     84.000000     76.000000    229.000000    207.000000    121.000000     22.000000    391.000000    206.000000    101.000000     54.000000     27.000000     22.000000     20.000000     38.000000     54.000000     64.000000     69.000000     51.000000     82.000000     14.000000      9.000000     82.000000     60.000000     60.000000     53.000000     52.000000     37.000000     59.000000     39.000000     18.000000     27.000000     27.000000      0.000000     25.000000     19.000000     31.000000     54.000000     51.000000    120.000000     41.000000     41.000000     56.000000     45.000000     26.000000     52.000000     32.000000     45.000000     52.000000     44.000000     54.000000     42.000000     38.000000     28.000000     36.000000    329.000000     32.000000     39.000000     86.000000     48.000000     57.000000     47.000000    140.000000     61.000000     85.000000     74.000000    446.000000    160.000000    226.000000     41.000000     56.000000     50.000000     52.000000    199.000000    190.000000    147.000000    194.000000     71.000000     41.000000    113.000000     71.000000     52.000000     72.000000   2321.000000   2994.000000    146.000000    134.000000     77.000000     46.000000    117.000000    116.000000    148.000000     93.000000    214.000000    189.000000    148.000000     47.000000     53.000000     47.000000     34.000000     58.000000     12.000000     47.000000     22.000000     61.000000     -2.000000     25.000000     57.000000     91.000000     65.000000     55.000000     44.000000    108.000000     33.000000     36.000000      2.000000     21.000000
   503.290894     31.000000     30.000000     23.000000     22.000000     33.000000     14.000000     70.000000     61.000000     48.000000     49.000000     37.000000     22.000000     14.000000      5.000000     19.000000     16.000000     62.000000    734.000000    197.000000    136.000000    105.000000     81.000000     66.000000    125.000000     50.000000     36.000000    124.000000    184.000000    121.000000     13.000000    112.000000     63.000000    187.000000    199.000000    161.000000     17.000000    404.000000    202.000000     97.000000     23.000000     34.000000     36.000000     23.000000     37.000000     63.000000     49.000000     59.000000     59.000000     61.000000      1.000000     12.000000     70.000000     42.000000     32.000000     47.000000     61.000000     50.000000     24.000000     45.000000     29.000000     33.000000     29.000000     10.000000     29.000000     11.000000     38.000000     52.000000     43.000000     97.000000     48.000000     58.000000     85.000000     11.000000     26.000000     47.000000     54.000000     44.000000     57.000000     44.000000     36.000000     55.000000     20.000000     53.000000     38.000000    348.000000     25.000000     36.000000     85.000000     45.000000     59.000000     62.000000    135.000000     52.000000     95.000000     75.000000    460.000000    190.000000    207.000000     45.000000     50.000000     59.000000     69.000000    167.000000    222.000000    142.000000    138.000000     56.000000     32.000000     90.000000     65.000000     38.000000     94.000000   2281.000000   2897.000000    141.000000    136.000000     55.000000     57.000000    125.000000    112.000000    177.000000    106.000000    210.000000    189.000000    111.000000     58.000000     60.000000     38.000000     26.000000     58.000000     33.000000     25.000000     15.000000     50.000000     21.000000     25.000000     57.000000     80.000000     42.000000     54.000000     76.000000    112.000000     37.000000     26.000000     23.000000     15.000000
   504.527588     26.000000     27.000000     19.000000     14.000000     17.000000     18.000000     55.000000     51.000000     38.000000     38.000000     49.000000     25.000000     31.000000     12.000000     28.000000     21.000000     56.000000    700.000000    164.000000    152.000000    112.000000    110.000000     72.000000    125.000000     54.000000     26.000000    102.000000    185.000000    119.000000     24.000000    101.000000     55.000000    233.000000    173.000000    131.000000     17.000000    413.000000    189.000000     87.000000     35.000000     26.000000     25.000000     24.000000     71.000000     77.000000     73.000000     67.000000     54.000000     62.000000      7.000000      7.000000     89.000000     71.000000     56.000000     45.000000     59.000000     65.000000     42.000000     29.000000     41.000000     21.000000     17.000000     12.000000     47.000000     26.000000     42.000000     52.000000     56.000000    131.000000     47.000000     66.000000     70.000000     18.000000     21.000000     50.000000     58.000000     61.000000     54.000000     28.000000     54.000000     46.000000     39.000000     53.000000     27.000000    365.000000     23.000000     18.000000     87.000000     49.000000     49.000000     25.000000    124.000000     30.000000     79.000000     73.000000    465.000000    152.000000    234.000000     53.000000     56.000000     63.000000     53.000000    209.000000    215.000000    166.000000    167.000000     73.000000     40.000000     74.000000     67.000000     61.000000     85.000000   2379.000000   2884.000000    122.000000    152.000000     56.000000     55.000000    117.000000    115.000000    159.000000    131.000000    227.000000    163.000000    146.000000     11.000000     57.000000     54.000000     22.000000     59.000000     15.000000     36.000000     35.000000     34.000000     33.000000     25.000000     42.000000     64.000000     38.000000     63.000000     42.000000    140.000000     46.000000     39.000000     25.000000     14.000000
   505.764801     14.000000     29.000000     16.000000     23.000000     41.000000     26.000000     33.000000     30.000000     42.000000     22.000000     29.000000     16.000000     32.000000     23.000000     22.000000     10.000000     54.000000    699.000000    154.000000    109.000000    111.000000     67.000000     73.000000     98.000000     46.000000     39.000000    118.000000    186.000000    117.000000     26.000000    121.000000     49.000000    164.000000    188.000000    142.000000     37.000000    434.000000    203.000000     95.000000     45.000000     48.000000     30.000000     37.000000     34.000000     38.000000     55.000000     62.000000     56.000000     58.000000     -1.000000     -3.000000     77.000000     61.000000     64.000000     39.000000     67.000000     41.000000     22.000000     41.000000     27.000000     32.000000      9.000000      6.000000     36.000000     28.000000     39.000000     58.000000     55.000000    104.000000     32.000000     41.000000     73.000000     22.000000     26.000000     51.000000     32.000000     47.000000     42.000000     41.000000     41.000000     50.000000     37.000000     32.000000     31.000000    378.000000     49.000000     29.000000     68.000000     50.000000     48.000000     78.000000    139.000000     37.000000    104.000000    107.000000    451.000000    183.000000    215.000000     47.000000     50.000000     69.000000     96.000000    170.000000    210.000000    158.000000    158.000000     76.000000     51.000000     93.000000     65.000000     67.000000    100.000000   2211.000000   2862.000000    144.000000    109.000000     69.000000     71.000000    100.000000     76.000000    156.000000     94.000000    206.000000    187.000000    153.000000     37.000000     52.000000     36.000000     40.000000     69.000000     22.000000     27.000000     28.000000     39.000000     30.000000     24.000000     39.000000     71.000000     48.000000     48.000000     40.000000    128.000000     45.000000     30.000000     31.000000     32.000000
   507.002502      6.000000     30.000000     33.000000     21.000000     19.000000     33.000000     45.000000     25.000000     22.000000     37.000000     42.000000     10.000000     25.000000     20.000000     11.000000     17.000000     57.000000    674.000000    167.000000    134.000000    110.000000     90.000000     93.000000    115.000000     49.000000     37.000000    121.000000    197.000000     95.000000     16.000000    116.000000     61.000000    205.000000    190.000000    127.000000     29.000000    384.000000    181.000000    120.000000     36.000000     21.000000     33.000000     29.000000     30.000000     41.000000     53.000000     58.000000     32.000000     80.000000     -7.000000      1.000000     69.000000     48.000000     59.000000     41.000000     86.000000     46.000000     50.000000      9.000000     25.000000     26.000000      4.000000      4.000000     31.000000     11.000000     22.000000     28.000000     65.000000    117.000000     25.000000     40.000000     66.000000     26.000000     27.000000     40.000000     26.000000     41.000000     37.000000      9.000000     55.000000     50.000000     38.000000     25.000000     39.000000    364.000000     20.000000     31.000000     64.000000     66.000000     51.000000     72.000000    141.000000     39.000000     96.000000     75.000000    400.000000    184.000000    201.000000     45.000000     64.000000     42.000000     51.000000    220.000000    219.000000    165.000000    134.000000     50.000000     32.000000     87.000000     70.000000     46.000000     64.000000   2258.000000   2796.000000    136.000000    134.000000     55.000000     56.000000    132.000000    122.000000    161.000000    126.000000    211.000000    162.000000    141.000000     35.000000     58.000000     47.000000     45.000000     48.000000     22.000000     20.000000     30.000000     45.000000     13.000000     19.000000     60.000000     67.000000     64.000000     71.000000     41.000000    116.000000     36.000000     42.000000     45.000000     24.000000
   508.240601     16.000000     51.000000     18.000000     11.000000     33.000000     18.000000     54.000000     30.000000     30.000000     29.000000     11.000000      7.000000     12.000000      9.000000     27.000000     17.000000     35.000000    654.000000    162.000000    113.000000    110.000000     45.000000     50.000000    109.000000     74.000000     42.000000    114.000000    211.000000    110.000000     15.000000     78.000000     65.000000    168.000000    180.000000    120.000000     24.000000    424.000000    185.000000     88.000000     14.000000     36.000000     33.000000     24.000000     37.000000     20.000000     56.000000     59.000000     60.000000     80.000000     10.000000     -1.000000     64.000000     61.000000     59.000000     46.000000     77.000000     41.000000     67.000000     49.000000     24.000000     20.000000      6.000000      1.000000     34.000000     24.000000     44.000000     21.000000     53.000000     93.000000     45.000000     16.000000     48.000000     32.000000     40.000000     38.000000     27.000000     46.000000     50.000000     30.000000     34.000000     32.000000     49.000000     45.000000     51.000000    330.000000     37.000000     50.000000     77.000000     55.000000     72.000000     68.000000    121.000000     41.000000     77.000000     60.000000    424.000000    154.000000    199.000000     66.000000     45.000000     77.000000     51.000000    214.000000    190.000000    134.000000    169.000000     60.000000     58.000000    105.000000     56.000000     47.000000     76.000000   2152.000000   2759.000000    128.000000    113.000000     48.000000     70.000000    114.000000    100.000000    140.000000    120.000000    220.000000    173.000000    144.000000     33.000000     48.000000     35.000000     26.000000     50.000000     22.000000     27.000000     15.000000     36.000000     12.000000     25.000000     75.000000     90.000000     51.000000     49.000000     24.000000     77.000000     28.000000     40.000000     17.000000     30.000000
   509.479309     21.000000     32.000000     27.000000     32.000000     26.000000     27.000000     60.000000     24.000000     22.000000     36.000000     21.000000     14.000000     10.000000     14.000000     13.000000     15.000000     46.000000    591.000000    157.000000     88.000000     90.000000     51.000000     61.000000     84.000000     72.000000     22.000000    120.000000    188.000000    130.000000     15.000000    122.000000     70.000000    191.000000    195.000000    135.000000     22.000000    391.000000    194.000000    105.000000     27.000000     38.000000     29.000000     22.000000     46.000000     26.000000     56.000000     61.000000     50.000000     59.000000      0.000000      7.000000     58.000000     53.000000     56.000000     55.000000     55.000000     38.000000     44.000000     41.000000     35.000000     30.000000      5.000000     10.000000     36.000000     10.000000     19.000000     27.000000     45.000000     97.000000     40.000000     16.000000     56.000000     28.000000     34.000000     45.000000     66.000000     40.000000     39.000000     45.000000     29.000000     49.000000     57.000000     64.000000     29.000000    340.000000     37.000000     13.000000     69.000000     52.000000     79.000000     49.000000    120.000000     43.000000     92.000000     86.000000    407.000000    151.000000    233.000000     65.000000     58.000000     71.000000     54.000000    198.000000    212.000000    150.000000    166.000000     59.000000     48.000000     91.000000     53.000000     53.000000     69.000000   2144.000000   2622.000000    134.000000     88.000000     53.000000     27.000000     99.000000    100.000000    152.000000     94.000000    198.000000    152.000000    150.000000     36.000000     32.000000     30.000000     49.000000     46.000000     31.000000     36.000000     37.000000     42.000000     17.000000     18.000000     35.000000     83.000000     41.000000     52.000000     49.000000    121.000000     49.000000     35.000000      9.000000     17.000000
   510.718414     15.000000     38.000000      7.000000     10.000000     16.000000     18.000000     60.000000     -2.000000     31.000000     32.000000     33.000000      4.000000      1.000000     15.000000     10.000000     34.000000     41.000000    601.000000    116.000000    116.000000    104.000000     70.000000     64.000000     99.000000     44.000000     27.000000    115.000000    189.000000    123.000000     36.000000     95.000000     88.000000    187.000000    166.000000    158.000000     31.000000    408.000000    177.000000     94.000000     28.000000     26.000000     36.000000     20.000000     31.000000     30.000000     60.000000     73.000000     39.000000     65.000000     -5.000000     -2.000000     77.000000     64.000000     62.000000     65.000000     73.000000     42.000000     53.000000     51.000000     26.000000     25.000000      3.000000      7.000000     23.000000     11.000000     15.000000     44.000000     57.000000     94.000000     33.000000     27.000000     59.000000     36.000000     31.000000     48.000000     46.000000     51.000000     56.000000     33.000000     21.000000     28.000000     54.000000     41.000000     43.000000    344.000000     32.000000     25.000000     83.000000     55.000000     55.000000     66.000000    113.000000     45.000000     80.000000     70.000000    359.000000    141.000000    230.000000     63.000000     48.000000     43.000000     44.000000    211.000000    223.000000    172.000000    145.000000     47.000000     39.000000    101.000000     61.000000     60.000000     52.000000   2058.000000   2589.000000    117.000000    116.000000     54.000000     44.000000    122.000000     85.000000    167.000000    102.000000    201.000000    162.000000    149.000000     48.000000     42.000000     43.000000     29.000000     56.000000     10.000000      8.000000     28.000000     37.000000     18.000000     19.000000     58.000000     85.000000     45.000000     42.000000     50.000000     83.000000     37.000000     43.000000     11.000000     22.000000
   511.958008     21.000000     60.000000     24.000000     36.000000     21.000000     21.000000     72.000000     64.000000     26.000000     12.000000     37.000000     20.000000     21.000000     37.000000     37.000000     29.000000     40.000000    574.000000    175.000000     94.000000     97.000000     42.000000     36.000000     92.000000     43.000000     23.000000    109.000000    189.000000    118.000000     32.000000    102.000000     73.000000    215.000000    205.000000    132.000000     18.000000    363.000000    211.000000    107.000000     45.000000     31.000000     37.000000     19.000000     57.000000     33.000000     65.000000     67.000000     60.000000     60.000000      9.000000      2.000000     69.000000     70.000000     51.000000     40.000000     79.000000     71.000000     43.000000     46.000000     14.000000     20.000000      7.000000      8.000000     19.000000     21.000000     28.000000     44.000000     69.000000    119.000000     48.000000     48.000000     65.000000      3.000000     23.000000     42.000000     55.000000     45.000000     40.000000     45.000000     30.000000     38.000000     22.000000     36.000000     28.000000    356.000000     20.000000     45.000000     67.000000     57.000000     70.000000     76.000000    131.000000     50.000000    100.000000     66.000000    356.000000    138.000000    171.000000     72.000000     56.000000     46.000000     57.000000    189.000000    193.000000    134.000000    159.000000     72.000000     44.000000     74.000000     64.000000     60.000000     65.000000   1988.000000   2546.000000    128.000000     94.000000     74.000000     54.000000     98.000000    102.000000    153.000000    125.000000    208.000000    141.000000    140.000000     40.000000     35.000000     36.000000     48.000000     68.000000     25.000000     28.000000     40.000000     37.000000     14.000000     40.000000     62.000000     96.000000     46.000000     46.000000     33.000000    101.000000     29.000000     16.000000     27.000000     14.000000
   513.198120      5.000000     33.000000     27.000000     13.000000     17.000000     29.000000     30.000000     44.000000     25.000000     21.000000     38.000000     25.000000     14.000000      0.000000     20.000000     17.000000     39.000000    575.000000    157.000000     98.000000     80.000000     48.000000     39.000000     79.000000     49.000000     12.000000     78.000000    185.000000    103.000000     21.000000    124.000000     52.000000    219.000000    183.000000    130.000000     27.000000    426.000000    177.000000    125.000000     49.000000     43.000000     45.000000     25.000000     32.000000     48.000000     56.000000     78.000000     54.000000     68.000000      5.000000    -16.000000     48.000000     62.000000     50.000000     62.000000     58.000000     63.000000     51.000000     42.000000     37.000000     22.000000     17.000000      7.000000     17.000000     21.000000     32.000000     39.000000     79.000000    121.000000     43.000000     40.000000     90.000000     33.000000     15.000000     37.000000     42.000000     23.000000     53.000000     37.000000     37.000000     51.000000     43.000000     24.000000     35.000000    342.000000     39.000000     15.000000     69.000000     66.000000     54.000000     92.000000    110.000000     31.000000     68.000000     71.000000    324.000000    132.000000    179.000000     59.000000     42.000000     65.000000     76.000000    205.000000    224.000000    145.000000    160.000000     72.000000     49.000000     99.000000     69.000000     42.000000     45.000000   1889.000000   2480.000000    102.000000     98.000000     62.000000     56.000000     99.000000     85.000000    123.000000    118.000000    209.000000    167.000000    141.000000     40.000000     29.000000     49.000000     23.000000     78.000000     10.000000     29.000000     31.000000     47.000000     30.000000     29.000000     68.000000     90.000000     70.000000     53.000000     52.000000    134.000000     60.000000      4.000000     30.000000     22.000000
   514.438599      4.000000     45.000000     17.000000     20.000000     21.000000     26.000000     23.000000     27.000000     23.000000     22.000000     11.000000     13.000000     20.000000      3.000000     10.000000      4.000000     30.000000    551.000000    122.000000     73.000000     46.000000     50.000000     24.000000     83.000000     67.000000     29.000000    100.000000    190.000000    105.000000     16.000000     82.000000     83.000000    189.000000    202.000000    138.000000     13.000000    355.000000    176.000000     95.000000     37.000000     45.000000     28.000000     43.000000     54.000000     56.000000     60.000000     76.000000     65.000000     64.000000      1.000000     -8.000000     73.000000     59.000000     71.000000     40.000000     70.000000     51.000000     45.000000     61.000000     35.000000     24.000000      5.000000     17.000000     43.000000     10.000000     42.000000     32.000000     52.000000    111.000000     54.000000     34.000000     72.000000     34.000000     56.000000     45.000000     53.000000     68.000000     46.000000     41.000000     13.000000     32.000000     19.000000     15.000000     41.000000    310.000000     39.000000     25.000000     75.000000     55.000000     51.000000     90.000000    132.000000     44.000000     62.000000     68.000000    321.000000    139.000000    198.000000     79.000000     51.000000     49.000000     75.000000    175.000000    219.000000    139.000000    187.000000     81.000000     62.000000     99.000000     50.000000     41.000000     45.000000   1746.000000   2172.000000    115.000000     73.000000     27.000000     51.000000     81.000000     82.000000    148.000000    115.000000    196.000000    153.000000    127.000000     40.000000     51.000000     55.000000     28.000000     36.000000     -2.000000     21.000000     24.000000     29.000000     22.000000     36.000000     57.000000     81.000000     43.000000     34.000000     38.000000    133.000000     35.000000     49.000000     47.000000     31.000000
   515.679688      6.000000     40.000000     16.000000     16.000000     17.000000     18.000000     49.000000     28.000000     33.000000     31.000000     46.000000      8.000000     16.000000      6.000000      8.000000     12.000000     44.000000    550.000000    109.000000     97.000000     67.000000     42.000000     30.000000     79.000000     64.000000     17.000000     72.000000    170.000000     86.000000     12.000000    115.000000     67.000000    203.000000    175.000000    118.000000     35.000000    424.000000    197.000000    120.000000     46.000000     46.000000     35.000000     22.000000     33.000000     34.000000     31.000000     74.000000     50.000000     70.000000      9.000000      5.000000     64.000000     47.000000     62.000000     54.000000     81.000000     60.000000     47.000000     32.000000     33.000000     33.000000      2.000000     10.000000     29.000000      6.000000     29.000000     44.000000     42.000000    105.000000     52.000000     51.000000     84.000000     38.000000     26.000000     28.000000     40.000000     39.000000     29.000000     21.000000     17.000000     19.000000     40.000000     41.000000     51.000000    295.000000     12.000000     13.000000     87.000000     56.000000     63.000000     72.000000    105.000000     28.000000     80.000000     75.000000    329.000000    117.000000    193.000000     75.000000     51.000000     47.000000     61.000000    214.000000    213.000000    179.000000    142.000000     54.000000     41.000000     94.000000     64.000000     38.000000     43.000000   1483.000000   2056.000000     88.000000     97.000000     35.000000     52.000000    109.000000     77.000000    113.000000     94.000000    185.000000    148.000000    128.000000     42.000000     48.000000     27.000000     37.000000     53.000000     24.000000     43.000000     30.000000     46.000000      9.000000     13.000000     76.000000     85.000000     38.000000     60.000000     53.000000     83.000000     45.000000     35.000000     16.000000     27.000000
   516.921204     41.000000     27.000000     13.000000     18.000000     11.000000     14.000000     42.000000     30.000000     39.000000      7.000000     32.000000     -4.000000     15.000000      6.000000     16.000000      6.000000     31.000000    504.000000     92.000000     62.000000     72.000000     30.000000     57.000000     81.000000     43.000000      3.000000     74.000000    186.000000     81.000000     31.000000    102.000000     83.000000    219.000000    195.000000    132.000000     51.000000    377.000000    198.000000    128.000000     40.000000     54.000000     31.000000     15.000000     27.000000     33.000000     40.000000     94.000000     60.000000     73.000000      3.000000      1.000000     46.000000     38.000000     42.000000     67.000000     85.000000     55.000000     94.000000     33.000000     49.000000     16.000000     26.000000      5.000000     28.000000     19.000000     16.000000     44.000000     52.000000    104.000000     47.000000     41.000000     74.000000     27.000000     34.000000     39.000000     30.000000     33.000000     33.000000     20.000000     19.000000     26.000000     33.000000     44.000000     35.000000    273.000000     31.000000     18.000000     58.000000     67.000000     54.000000     52.000000    111.000000     50.000000     59.000000     74.000000    266.000000    126.000000    183.000000     50.000000     54.000000     45.000000     97.000000    208.000000    175.000000    197.000000    176.000000     77.000000     41.000000     93.000000     64.000000     48.000000     47.000000   1484.000000   1919.000000     99.000000     62.000000     54.000000     27.000000     89.000000     68.000000    123.000000     85.000000    189.000000    101.000000    131.000000     23.000000     56.000000     44.000000     50.000000     72.000000     27.000000     25.000000     31.000000     46.000000     13.000000     22.000000     82.000000    110.000000     53.000000     45.000000     34.000000    102.000000     45.000000     55.000000     16.000000     51.000000
   518.163208     10.000000     38.000000     19.000000      1.000000      7.000000     34.000000     43.000000     26.000000     42.000000     21.000000     15.000000     35.000000      9.000000     16.000000     53.000000      7.000000     34.000000    448.000000     70.000000     49.000000     69.000000     65.000000     44.000000     74.000000     49.000000     34.000000    108.000000    142.000000     84.000000     22.000000    117.000000     78.000000    192.000000    186.000000    138.000000     15.000000    407.000000    193.000000    138.000000     16.000000     23.000000     32.000000     27.000000     43.000000     48.000000     63.000000     94.000000     68.000000     92.000000      4.000000     14.000000     41.000000     43.000000     82.000000     64.000000     97.000000     68.000000     67.000000     50.000000     45.000000     36.000000     32.000000     13.000000     27.000000     15.000000     45.000000     35.000000     55.000000     94.000000     47.000000     49.000000     69.000000     21.000000     27.000000     50.000000     31.000000     16.000000     28.000000     33.000000     14.000000     26.000000     42.000000     32.000000     45.000000    299.000000     21.000000      1.000000     62.000000     64.000000     47.000000     76.000000     81.000000     25.000000     67.000000     82.000000    245.000000    110.000000    151.000000     73.000000     64.000000     40.000000     98.000000    198.000000    206.000000    156.000000    167.000000     42.000000     52.000000     81.000000     70.000000     35.000000     43.000000   1257.000000   1725.000000     57.000000     49.000000     36.000000     46.000000     84.000000     69.000000    164.000000     98.000000    198.000000    157.000000    105.000000     25.000000     63.000000     40.000000     24.000000     67.000000     20.000000     24.000000     15.000000     48.000000      7.000000     28.000000     56.000000    114.000000     43.000000     66.000000     34.000000     75.000000     41.000000     50.000000     24.000000     21.000000
   519.405579     24.000000     28.000000      9.000000     14.000000      7.000000     20.000000     62.000000     21.000000     23.000000     21.000000     28.000000     27.000000     46.000000     12.000000     17.000000      5.000000     44.000000    410.000000     85.000000     95.000000     44.000000     37.000000     38.000000     55.000000     58.000000     28.000000     70.000000    170.000000     64.000000      5.000000    119.000000     90.000000    187.000000    169.000000    109.000000     34.000000    401.000000    182.000000    105.000000     53.000000     42.000000     30.000000      8.000000     44.000000     43.000000     61.000000     75.000000     54.000000     80.000000     10.000000    -16.000000     48.000000     24.000000     52.000000     69.000000     84.000000     53.000000     61.000000     47.000000     31.000000     15.000000     25.000000      8.000000     31.000000     24.000000     54.000000     47.000000     50.000000    118.000000     40.000000     42.000000     53.000000     36.000000     49.000000     44.000000     48.000000     15.000000     46.000000     21.000000     29.000000     21.000000     40.000000     30.000000     33.000000    228.000000     30.000000     31.000000     51.000000     36.000000     56.000000     50.000000    102.000000     51.000000     52.000000     35.000000    190.000000    109.000000    147.000000     89.000000     47.000000     69.000000     75.000000    192.000000    231.000000    153.000000    169.000000     74.000000     45.000000    112.000000     64.000000     51.000000     49.000000   1178.000000   1467.000000     94.000000     95.000000     38.000000     49.000000     81.000000     50.000000    121.000000     94.000000    193.000000    129.000000    139.000000     41.000000     48.000000     33.000000     31.000000     66.000000     -6.000000     24.000000     22.000000     29.000000     11.000000     26.000000     70.000000    117.000000     41.000000     32.000000     38.000000     83.000000     43.000000     41.000000     17.000000     14.000000
   520.648621    -11.000000     36.000000     21.000000      2.000000     13.000000     16.000000     41.000000      2.000000     25.000000     36.000000     33.000000     -2.000000      8.000000      9.000000     26.000000      3.000000     41.000000    355.000000     81.000000     34.000000     46.000000     15.000000     26.000000     65.000000     33.000000     13.000000     74.000000    146.000000     67.000000     24.000000    105.000000     80.000000    184.000000    145.000000    121.000000     49.000000    416.000000    188.000000    113.000000     34.000000     28.000000     22.000000     35.000000     47.000000     32.000000     31.000000     65.000000     59.000000     70.000000      3.000000     -5.000000     46.000000      3.000000     54.000000     57.000000     74.000000     49.000000     69.000000     46.000000     43.000000     25.000000     11.000000     10.000000     30.000000     26.000000     61.000000     50.000000     67.000000     83.000000     35.000000     19.000000     68.000000     13.000000     33.000000     49.000000     44.000000     26.000000     29.000000     23.000000     20.000000     15.000000     38.000000     33.000000     30.000000    240.000000     21.000000     37.000000     65.000000     46.000000     52.000000     50.000000    101.000000     53.000000     63.000000     54.000000    166.000000    108.000000    129.000000     73.000000     46.000000     65.000000     79.000000    216.000000    202.000000    132.000000    133.000000     68.000000     57.000000    108.000000     72.000000     44.000000     32.000000   1033.000000   1419.000000     74.000000     34.000000     30.000000     49.000000     93.000000     60.000000    134.000000     84.000000    192.000000    135.000000     99.000000     24.000000     55.000000     43.000000     50.000000     70.000000     20.000000     17.000000     32.000000     53.000000     24.000000     26.000000     74.000000     87.000000     46.000000     69.000000     57.000000     85.000000     46.000000     61.000000     24.000000     44.000000
   521.892090     21.000000     35.000000    -12.000000      5.000000     21.000000     20.000000     63.000000      8.000000     19.000000     20.000000      3.000000      1.000000     14.000000      8.000000     10.000000      3.000000     26.000000    352.000000     41.000000     55.000000     33.000000     35.000000     36.000000     44.000000     14.000000     18.000000     63.000000    134.000000     63.000000     35.000000     86.000000     68.000000    178.000000    150.000000    127.000000     29.000000    366.000000    179.000000    116.000000     46.000000     47.000000     42.000000     46.000000     19.000000     51.000000     44.000000     68.000000     79.000000     90.000000      9.000000     20.000000     15.000000     35.000000     55.000000     76.000000     81.000000     57.000000     54.000000     41.000000     54.000000     30.000000     20.000000     10.000000     19.000000     24.000000     48.000000     46.000000     51.000000    100.000000     44.000000     47.000000     75.000000     39.000000     31.000000     51.000000     34.000000     27.000000     27.000000     29.000000     20.000000     25.000000     32.000000     44.000000     46.000000    227.000000     30.000000     26.000000     73.000000     43.000000     63.000000     65.000000     71.000000     27.000000     35.000000     39.000000    144.000000     86.000000    140.000000     33.000000     53.000000     74.000000     83.000000    189.000000    218.000000    150.000000    142.000000     70.000000     77.000000     69.000000     81.000000     40.000000     18.000000    958.000000   1259.000000     77.000000     55.000000     23.000000     51.000000     58.000000     34.000000    116.000000     94.000000    141.000000     94.000000    102.000000     49.000000     53.000000     42.000000     37.000000     54.000000     21.000000     21.000000     19.000000     45.000000     13.000000     14.000000     71.000000    152.000000     38.000000     50.000000     38.000000     72.000000     43.000000     52.000000     26.000000     16.000000
   523.135986     -1.000000     30.000000      2.000000     -1.000000      2.000000     25.000000     46.000000      0.000000     13.000000     29.000000     27.000000     14.000000     18.000000     34.000000     11.000000      5.000000     46.000000    313.000000     62.000000     42.000000     41.000000     17.000000     20.000000     44.000000     41.000000     25.000000     77.000000    151.000000     97.000000     44.000000    124.000000     87.000000    164.000000    159.000000    106.000000     36.000000    378.000000    160.000000    104.000000     28.000000     24.000000     34.000000     23.000000     42.000000     62.000000     42.000000     61.000000     60.000000     62.000000     12.000000     18.000000      9.000000     14.000000     73.000000     50.000000     91.000000     61.000000     85.000000     46.000000     29.000000     22.000000     37.000000     12.000000     37.000000     25.000000     60.000000     50.000000     57.000000     86.000000     64.000000     52.000000     71.000000     43.000000     33.000000     31.000000     40.000000     22.000000     49.000000     23.000000     28.000000     12.000000     41.000000     28.000000     63.000000    236.000000     18.000000     11.000000     66.000000     41.000000     49.000000     75.000000     93.000000     17.000000     38.000000     44.000000    108.000000     69.000000    109.000000     72.000000     49.000000     76.000000     56.000000    196.000000    234.000000    146.000000    153.000000     89.000000     55.000000    110.000000     85.000000     31.000000     27.000000    811.000000   1151.000000     80.000000     42.000000     36.000000     66.000000     42.000000     49.000000     98.000000     66.000000    141.000000     81.000000     66.000000     46.000000     61.000000     46.000000     44.000000     78.000000     10.000000     22.000000     22.000000     31.000000     20.000000      9.000000     66.000000    115.000000     51.000000     64.000000     59.000000     82.000000     36.000000     64.000000     30.000000     41.000000
   524.380371     17.000000     52.000000     24.000000     10.000000     28.000000     30.000000     36.000000      3.000000     10.000000      5.000000     28.000000     -2.000000     29.000000     27.000000      2.000000     -3.000000     26.000000    267.000000     61.000000     39.000000     37.000000     17.000000     10.000000     54.000000     38.000000     21.000000     30.000000    156.000000     87.000000     31.000000    110.000000     57.000000    170.000000    149.000000    121.000000     36.000000    379.000000    155.000000    115.000000     36.000000     27.000000     42.000000     28.000000     52.000000     57.000000     61.000000     81.000000     75.000000    104.000000     13.000000      1.000000     23.000000     15.000000     44.000000     63.000000     91.000000     57.000000     89.000000     58.000000     42.000000     30.000000     21.000000     29.000000     16.000000     28.000000     43.000000     56.000000     58.000000    107.000000     37.000000     43.000000     76.000000     40.000000     48.000000     49.000000     57.000000     27.000000     48.000000     29.000000     11.000000     32.000000     27.000000     39.000000     30.000000    195.000000      8.000000     15.000000     48.000000     28.000000     59.000000     59.000000    107.000000     35.000000     40.000000     36.000000    121.000000     74.000000    128.000000     72.000000     57.000000     55.000000     78.000000    177.000000    200.000000    164.000000    164.000000     95.000000     69.000000     90.000000     79.000000     59.000000     48.000000    711.000000   1114.000000     54.000000     39.000000     29.000000     42.000000     58.000000     51.000000     84.000000     59.000000    172.000000     85.000000     99.000000     66.000000     59.000000     64.000000     38.000000     69.000000     18.000000     22.000000     12.000000     45.000000      3.000000     18.000000     77.000000    113.000000     51.000000     62.000000     58.000000     84.000000     49.000000     52.000000     22.000000     43.000000
   525.625305      6.000000     25.000000      6.000000      9.000000      7.000000     21.000000     53.000000     13.000000     11.000000     19.000000     33.000000     10.000000      9.000000     15.000000     32.000000     19.000000     28.000000    281.000000     60.000000     38.000000     33.000000     37.000000     30.000000     36.000000     47.000000     14.000000     50.000000    146.000000     85.000000      6.000000    113.000000     74.000000    175.000000    163.000000    119.000000     45.000000    365.000000    160.000000    107.000000     47.000000     27.000000     23.000000     19.000000     43.000000     45.000000     53.000000     74.000000     59.000000    113.000000     -3.000000      3.000000     17.000000     26.000000     59.000000     78.000000    100.000000     67.000000     91.000000     36.000000     36.000000     25.000000      8.000000      7.000000     30.000000     25.000000     50.000000     54.000000     51.000000     78.000000     53.000000     54.000000     70.000000     31.000000     34.000000     45.000000     54.000000     38.000000     27.000000     18.000000     -6.000000     17.000000     46.000000     38.000000     43.000000    190.000000     12.000000     30.000000     70.000000     40.000000     62.000000     53.000000    126.000000     37.000000     28.000000     36.000000    142.000000     64.000000    126.000000     98.000000     65.000000     75.000000     76.000000    175.000000    218.000000    116.000000    135.000000     74.000000     70.000000     72.000000     87.000000     32.000000     25.000000    762.000000   1006.000000     33.000000     38.000000     39.000000     35.000000     49.000000     55.000000     99.000000     87.000000    139.000000    100.000000     86.000000     35.000000     67.000000     47.000000     36.000000     70.000000      7.000000     17.000000     23.000000     72.000000     -1.000000     11.000000     85.000000    121.000000     29.000000     57.000000     62.000000     86.000000     39.000000     63.000000     24.000000     33.000000
   526.870728     18.000000     34.000000      8.000000      4.000000     15.000000     32.000000     46.000000     10.000000      1.000000     17.000000     29.000000     17.000000     18.000000     12.000000     -1.000000     16.000000     38.000000    261.000000     46.000000     44.000000     36.000000     26.000000     26.000000     25.000000     59.000000     15.000000     52.000000    148.000000    109.000000     32.000000    113.000000     66.000000    137.000000    126.000000    122.000000     40.000000    313.000000    181.000000    114.000000     22.000000     31.000000     22.000000     13.000000     29.000000     26.000000     43.000000     91.000000     71.000000    118.000000     14.000000     10.000000     39.000000     28.000000     62.000000     89.000000    105.000000     83.000000     85.000000     73.000000     48.000000     42.000000      8.000000     27.000000     41.000000     32.000000     38.000000     63.000000     89.000000    114.000000     70.000000     61.000000     64.000000     43.000000     35.000000     41.000000     23.000000     26.000000     41.000000     24.000000     19.000000      7.000000     43.000000     38.000000     46.000000    204.000000     16.000000     10.000000     53.000000     56.000000     51.000000     55.000000    108.000000     33.000000     36.000000     44.000000     99.000000     83.000000    118.000000     96.000000     34.000000     74.000000     83.000000    196.000000    211.000000    159.000000    123.000000     87.000000     70.000000     97.000000     53.000000     25.000000     34.000000    618.000000    889.000000     52.000000     44.000000      8.000000     26.000000     78.000000     51.000000     94.000000     59.000000    156.000000     93.000000     88.000000     40.000000     70.000000     54.000000     43.000000     82.000000     16.000000     19.000000     25.000000     56.000000     11.000000     40.000000     69.000000    130.000000     43.000000     83.000000     58.000000     69.000000     71.000000     64.000000     23.000000     26.000000
   528.116516     21.000000     38.000000     13.000000     13.000000     16.000000     42.000000     37.000000     21.000000     23.000000      9.000000     14.000000     24.000000     26.000000      3.000000     19.000000     16.000000     34.000000    259.000000     46.000000     29.000000     51.000000      9.000000     12.000000     21.000000     39.000000      4.000000     51.000000    116.000000     55.000000     27.000000    116.000000     57.000000    157.000000    158.000000    118.000000     48.000000    342.000000    171.000000    107.000000     38.000000     35.000000     34.000000     16.000000     17.000000     51.000000     30.000000     91.000000     78.000000     93.000000     -3.000000     -5.000000     31.000000     31.000000     77.000000     73.000000    113.000000     80.000000     80.000000     53.000000     56.000000     44.000000     36.000000      8.000000     18.000000     27.000000     38.000000     62.000000     51.000000     83.000000     55.000000     52.000000     97.000000     43.000000     25.000000     40.000000     38.000000     39.000000     43.000000     21.000000     11.000000     26.000000     31.000000     57.000000     56.000000    160.000000     24.000000      9.000000     52.000000     59.000000     51.000000     62.000000    108.000000     61.000000     55.000000     52.000000    107.000000     64.000000    146.000000     98.000000     83.000000     61.000000     83.000000    208.000000    187.000000    127.000000    151.000000     87.000000     97.000000    117.000000     35.000000     34.000000     26.000000    635.000000    817.000000     50.000000     29.000000     44.000000     18.000000     50.000000     32.000000    109.000000     57.000000    145.000000     68.000000    112.000000     44.000000     56.000000     44.000000     49.000000     68.000000     13.000000     11.000000     29.000000     31.000000     32.000000     20.000000     75.000000    139.000000     45.000000     76.000000     43.000000     69.000000     47.000000     79.000000     23.000000     34.000000
   529.362793     20.000000     31.000000     16.000000     -2.000000      0.000000     22.000000     42.000000     27.000000     26.000000     18.000000     16.000000     31.000000      2.000000     13.000000     20.000000     21.000000     23.000000    231.000000     40.000000     31.000000     22.000000     25.000000     37.000000     30.000000     71.000000     11.000000     70.000000    129.000000     82.000000     33.000000    127.000000     86.000000    142.000000    155.000000    133.000000     43.000000    346.000000    184.000000    114.000000     62.000000     51.000000     51.000000     21.000000     65.000000     62.000000     47.000000     76.000000     88.000000    124.000000     14.000000      5.000000     22.000000     21.000000     68.000000    128.000000    117.000000     56.000000     77.000000     65.000000     55.000000     28.000000     14.000000      2.000000     45.000000     37.000000     55.000000     63.000000     68.000000    111.000000     69.000000     76.000000     80.000000     48.000000     46.000000     53.000000     41.000000     26.000000     45.000000     22.000000     22.000000     12.000000     41.000000     63.000000     67.000000    183.000000     24.000000     17.000000     64.000000     45.000000     66.000000     74.000000    108.000000     42.000000     69.000000     54.000000     89.000000     74.000000     98.000000    108.000000     68.000000     79.000000    107.000000    218.000000    245.000000    159.000000    130.000000    120.000000    102.000000     96.000000     73.000000     29.000000     28.000000    599.000000    821.000000     47.000000     31.000000     16.000000     23.000000     56.000000     48.000000    114.000000     75.000000    139.000000     84.000000     98.000000     31.000000     43.000000     61.000000     37.000000     56.000000     14.000000     19.000000     18.000000     73.000000     19.000000     23.000000     82.000000    128.000000     42.000000     61.000000     40.000000     72.000000     44.000000     81.000000     39.000000     66.000000
   530.609619     18.000000     22.000000     -1.000000     17.000000     19.000000     35.000000     61.000000      7.000000     10.000000      3.000000     23.000000     22.000000      5.000000     22.000000     24.000000     13.000000     26.000000    242.000000     55.000000     21.000000     20.000000     24.000000     20.000000     34.000000     50.000000      7.000000     41.000000    162.000000     94.000000     36.000000    101.000000     56.000000    174.000000    171.000000    107.000000     37.000000    342.000000    193.000000    128.000000     21.000000     46.000000     16.000000     22.000000     55.000000     60.000000     65.000000    114.000000     83.000000    155.000000     -5.000000     10.000000     30.000000     18.000000     69.000000    103.000000    146.000000     76.000000     86.000000     89.000000     49.000000     27.000000     33.000000      6.000000     40.000000     38.000000     55.000000     70.000000     70.000000    100.000000     76.000000     57.000000     85.000000     34.000000     33.000000     36.000000     46.000000     75.000000     53.000000     24.000000     17.000000     18.000000     38.000000     53.000000     76.000000    182.000000     24.000000     30.000000     50.000000     45.000000     74.000000     81.000000    105.000000     49.000000     41.000000     44.000000     88.000000     90.000000    115.000000    110.000000     68.000000     99.000000     74.000000    188.000000    230.000000    155.000000    156.000000     87.000000    115.000000    112.000000     82.000000     36.000000     29.000000    617.000000    768.000000     50.000000     21.000000     19.000000     39.000000     73.000000     48.000000    105.000000     74.000000    135.000000    102.000000     95.000000     31.000000     79.000000     59.000000     38.000000     81.000000     -4.000000      9.000000     15.000000     69.000000     18.000000     38.000000     92.000000    161.000000     76.000000     79.000000     56.000000     81.000000     66.000000     70.000000     29.000000     39.000000
   531.856873     34.000000     50.000000     14.000000     23.000000      8.000000     32.000000     64.000000     40.000000     14.000000     11.000000     17.000000     15.000000     17.000000     14.000000      8.000000     26.000000     37.000000    218.000000     83.000000     29.000000     28.000000     30.000000     17.000000     42.000000     55.000000     21.000000     55.000000    144.000000    114.000000     26.000000    138.000000    101.000000    156.000000    152.000000    114.000000     57.000000    353.000000    188.000000    134.000000     50.000000     53.000000     28.000000     30.000000     47.000000     66.000000     61.000000    111.000000     97.000000    124.000000      8.000000     -5.000000     27.000000     17.000000     72.000000    102.000000    133.000000     73.000000     81.000000     73.000000     54.000000     27.000000     23.000000     -7.000000     37.000000     40.000000     74.000000     64.000000     68.000000    101.000000     72.000000     70.000000     84.000000     58.000000     62.000000     61.000000     39.000000     56.000000     46.000000     27.000000     10.000000     13.000000     73.000000     70.000000     74.000000    187.000000     25.000000     30.000000     59.000000     54.000000     82.000000     83.000000    121.000000     62.000000     58.000000     53.000000    102.000000     63.000000    139.000000    105.000000     73.000000    119.000000    109.000000    230.000000    264.000000    155.000000    173.000000    103.000000    111.000000    114.000000     97.000000     37.000000     39.000000    586.000000    787.000000     44.000000     29.000000     40.000000     43.000000     46.000000     24.000000    114.000000     73.000000    153.000000     79.000000    109.000000     38.000000     77.000000     33.000000     54.000000     91.000000     -2.000000     12.000000     30.000000     51.000000     10.000000     28.000000    103.000000    155.000000     80.000000     74.000000     68.000000     72.000000     97.000000     60.000000     53.000000     23.000000
   533.104614     29.000000     43.000000     14.000000     13.000000     14.000000     41.000000     69.000000     18.000000     18.000000     20.000000     25.000000      8.000000     18.000000     13.000000     24.000000     16.000000     35.000000    269.000000     59.000000     41.000000     22.000000     46.000000     18.000000     36.000000     41.000000     25.000000     62.000000    176.000000     90.000000     39.000000    134.000000     64.000000    170.000000    154.000000    128.000000     44.000000    335.000000    223.000000    117.000000     60.000000     39.000000     32.000000     27.000000     52.000000     65.000000     44.000000    119.000000    102.000000    127.000000     -6.000000      6.000000     36.000000     28.000000     78.000000    119.000000    130.000000     72.000000    103.000000     53.000000     45.000000     41.000000     22.000000     27.000000     50.000000     35.000000     60.000000     72.000000     78.000000    113.000000     60.000000     75.000000    100.000000     48.000000     50.000000     56.000000     47.000000     71.000000     52.000000     42.000000      8.000000     19.000000     39.000000     59.000000     57.000000    204.000000     17.000000     35.000000     74.000000     50.000000     73.000000     96.000000    124.000000     79.000000     50.000000     44.000000     91.000000     96.000000    112.000000    114.000000     69.000000    113.000000    132.000000    224.000000    242.000000    186.000000    152.000000     82.000000    107.000000    138.000000     88.000000     55.000000     17.000000    566.000000    731.000000     68.000000     41.000000     20.000000     54.000000     60.000000     43.000000    105.000000     56.000000    163.000000     74.000000     94.000000     64.000000     95.000000     64.000000     55.000000    105.000000      8.000000     22.000000     48.000000    108.000000     29.000000     22.000000    116.000000    186.000000     62.000000     81.000000     82.000000     68.000000     85.000000     88.000000     40.000000     46.000000
   534.352905      9.000000     52.000000      8.000000      7.000000     15.000000     27.000000     63.000000     19.000000     16.000000     11.000000     30.000000     12.000000     17.000000     -5.000000      7.000000     20.000000     34.000000    232.000000     57.000000     38.000000     26.000000     35.000000     11.000000     46.000000     60.000000     40.000000     49.000000    153.000000    104.000000     36.000000    103.000000    109.000000    160.000000    163.000000    124.000000     46.000000    346.000000    190.000000    115.000000     33.000000     42.000000     36.000000     35.000000     55.000000     51.000000     44.000000    119.000000    119.000000    134.000000     -3.000000     14.000000     25.000000     26.000000     75.000000    107.000000    123.000000     94.000000     97.000000     64.000000     52.000000     19.000000     17.000000     17.000000     32.000000     40.000000     48.000000     85.000000     84.000000    122.000000     89.000000     74.000000    136.000000     54.000000     60.000000     55.000000     56.000000     47.000000     53.000000     35.000000     29.000000     26.000000     45.000000     56.000000     45.000000    239.000000      4.000000     13.000000     37.000000     52.000000     80.000000    101.000000    112.000000     56.000000     41.000000     57.000000    100.000000     90.000000    116.000000    133.000000     79.000000    136.000000    112.000000    234.000000    236.000000    159.000000    150.000000    104.000000    152.000000    111.000000    103.000000     42.000000     37.000000    573.000000    786.000000     36.000000     38.000000     41.000000     62.000000     59.000000     53.000000     98.000000     61.000000    168.000000     84.000000    114.000000     28.000000     78.000000     42.000000     50.000000     83.000000     -4.000000     32.000000     37.000000     65.000000     11.000000     30.000000    112.000000    189.000000     68.000000     87.000000     88.000000    102.000000     88.000000     97.000000     65.000000     39.000000
   535.601624     31.000000     64.000000     12.000000     27.000000     18.000000     22.000000     51.000000     24.000000     22.000000     17.000000     29.000000     11.000000     20.000000     20.000000     31.000000     12.000000     37.000000    262.000000     68.000000     49.000000     40.000000     39.000000     24.000000     33.000000     74.000000      2.000000     85.000000    177.000000    110.000000     31.000000    101.000000     96.000000    187.000000    171.000000    101.000000     55.000000    346.000000    191.000000    119.000000     71.000000     29.000000     32.000000     39.000000     52.000000     87.000000     59.000000    149.000000     82.000000    165.000000      2.000000     -5.000000     37.000000     40.000000     73.000000    120.000000    154.000000    100.000000     89.000000     70.000000     72.000000     51.000000     21.000000     10.000000     43.000000     51.000000     67.000000     69.000000     79.000000    117.000000     86.000000     68.000000    102.000000     66.000000     74.000000     51.000000     55.000000     78.000000     49.000000     31.000000     21.000000     11.000000     70.000000     57.000000     62.000000    230.000000     28.000000     21.000000     97.000000     45.000000     72.000000    115.000000    123.000000     94.000000     54.000000     72.000000     86.000000     72.000000    152.000000    147.000000     88.000000    116.000000    117.000000    278.000000    256.000000    150.000000    200.000000    109.000000    159.000000    157.000000    112.000000     28.000000     44.000000    660.000000    839.000000     47.000000     49.000000     28.000000     48.000000     66.000000     36.000000    119.000000     78.000000    159.000000    118.000000    132.000000     51.000000    101.000000     72.000000     56.000000    107.000000     25.000000     14.000000     28.000000     54.000000     25.000000     30.000000    117.000000    204.000000     42.000000     72.000000     73.000000     70.000000     85.000000     92.000000     39.000000     44.000000
   536.850830     24.000000     50.000000      1.000000      7.000000     18.000000     27.000000     65.000000     27.000000     35.000000     34.000000     61.000000     35.000000     33.000000     18.000000     24.000000     25.000000     45.000000    261.000000     66.000000     34.000000     34.000000     40.000000     26.000000     38.000000     78.000000     13.000000     57.000000    199.000000    125.000000     29.000000    130.000000     65.000000    192.000000    163.000000    132.000000     55.000000    371.000000    179.000000    105.000000     66.000000     58.000000     55.000000     30.000000     45.000000     53.000000     58.000000    151.000000    114.000000    181.000000     14.000000     11.000000     25.000000     34.000000     89.000000    126.000000    141.000000     91.000000    117.000000     68.000000     50.000000     40.000000     17.000000     32.000000     34.000000     38.000000     68.000000     77.000000     86.000000    138.000000    108.000000    124.000000    142.000000     55.000000     48.000000     39.000000     43.000000     74.000000     60.000000     54.000000     17.000000     18.000000     74.000000     57.000000     82.000000    225.000000     37.000000     16.000000     71.000000     38.000000     86.000000     84.000000    140.000000     64.000000     46.000000     37.000000    124.000000     79.000000    133.000000    165.000000    100.000000    146.000000    128.000000    239.000000    274.000000    149.000000    184.000000    129.000000    146.000000    140.000000    136.000000     26.000000     26.000000    653.000000    924.000000     71.000000     34.000000     30.000000     50.000000     75.000000     57.000000    135.000000     86.000000    187.000000     81.000000     96.000000     48.000000     88.000000     58.000000     45.000000    106.000000     27.000000     21.000000     34.000000     82.000000     33.000000     43.000000    139.000000    208.000000     79.000000     85.000000     73.000000     75.000000     89.000000     84.000000     30.000000     42.000000
   538.100525     28.000000     52.000000     28.000000     34.000000      9.000000     42.000000     55.000000     23.000000     35.000000     37.000000     35.000000     35.000000     12.000000     19.000000     21.000000     32.000000     45.000000    273.000000     95.000000     51.000000     33.000000     51.000000     40.000000     56.000000     83.000000     -4.000000     81.000000    161.000000    122.000000     30.000000    124.000000    122.000000    188.000000    179.000000    131.000000     89.000000    362.000000    215.000000    124.000000     59.000000     57.000000     50.000000     35.000000     47.000000     69.000000     50.000000    148.000000    122.000000    173.000000     14.000000      8.000000     42.000000     32.000000     96.000000    137.000000    161.000000    117.000000     87.000000     85.000000     47.000000     49.000000     25.000000     36.000000     35.000000     42.000000     98.000000     75.000000     88.000000    147.000000    103.000000     91.000000    109.000000     67.000000     60.000000     49.000000     50.000000     57.000000     71.000000     46.000000     28.000000     18.000000     84.000000     70.000000     78.000000    225.000000     40.000000     39.000000     67.000000     35.000000     91.000000    113.000000    162.000000     86.000000     56.000000     55.000000    123.000000    104.000000    145.000000    185.000000    104.000000    148.000000    158.000000    280.000000    308.000000    169.000000    155.000000    100.000000    140.000000    163.000000    150.000000     52.000000     49.000000    721.000000    940.000000     37.000000     51.000000     60.000000     55.000000     53.000000     79.000000    139.000000     78.000000    189.000000    109.000000    101.000000     66.000000     99.000000     58.000000     44.000000    124.000000     18.000000     29.000000     34.000000     95.000000     19.000000     36.000000    162.000000    216.000000     83.000000    110.000000     99.000000     78.000000    116.000000     97.000000     57.000000     45.000000
   539.350586     43.000000     49.000000     21.000000     14.000000     29.000000     49.000000     73.000000     39.000000     47.000000     34.000000     36.000000     25.000000      6.000000     32.000000     20.000000     19.000000     42.000000    335.000000     96.000000     44.000000     66.000000     47.000000     45.000000     83.000000    115.000000     26.000000    110.000000    233.000000    144.000000     49.000000    147.000000     91.000000    226.000000    191.000000    206.000000     56.000000    402.000000    217.000000    124.000000     43.000000     68.000000     65.000000     37.000000     77.000000     85.000000     61.000000    175.000000    134.000000    188.000000      8.000000     -3.000000     45.000000     41.000000    117.000000    127.000000    161.000000    107.000000    109.000000     95.000000     79.000000     50.000000     37.000000     37.000000     67.000000     72.000000     86.000000     97.000000    104.000000    131.000000     96.000000    108.000000    154.000000     62.000000     65.000000     67.000000     66.000000     70.000000     70.000000     50.000000     19.000000     13.000000     85.000000     99.000000     93.000000    261.000000     38.000000     17.000000     73.000000     63.000000     82.000000    110.000000    151.000000     89.000000     50.000000     68.000000    165.000000    118.000000    163.000000    213.000000    117.000000    193.000000    175.000000    258.000000    309.000000    163.000000    195.000000    143.000000    156.000000    172.000000    163.000000     53.000000     52.000000    783.000000   1021.000000     82.000000     44.000000     55.000000     64.000000     88.000000     62.000000    134.000000    120.000000    193.000000    110.000000    116.000000     61.000000     96.000000     67.000000     77.000000    133.000000     22.000000     42.000000     44.000000    117.000000     39.000000     34.000000    174.000000    257.000000     74.000000    109.000000     93.000000    114.000000     87.000000     80.000000     52.000000     46.000000
   540.601318     29.000000     57.000000     38.000000     39.000000     29.000000     44.000000     64.000000     41.000000     32.000000     43.000000     40.000000     35.000000     28.000000     28.000000     24.000000     39.000000     46.000000    337.000000    109.000000     90.000000     81.000000     48.000000     52.000000     87.000000    106.000000     20.000000     82.000000    244.000000    137.000000     48.000000    154.000000    122.000000    193.000000    159.000000    185.000000     71.000000    403.000000    234.000000    157.000000     57.000000     76.000000     69.000000     50.000000     82.000000     87.000000     68.000000    170.000000    138.000000    202.000000     11.000000     -8.000000     52.000000     53.000000    110.000000    131.000000    167.000000     99.000000    119.000000     91.000000     88.000000     54.000000     39.000000     17.000000     43.000000     22.000000     85.000000     93.000000     97.000000    169.000000    110.000000     98.000000    131.000000     58.000000     83.000000     40.000000     64.000000     71.000000     71.000000     50.000000     34.000000     52.000000    103.000000     87.000000     86.000000    276.000000     43.000000     41.000000     86.000000     75.000000     62.000000    154.000000    171.000000     51.000000     78.000000     82.000000    175.000000    122.000000    168.000000    224.000000    138.000000    180.000000    199.000000    284.000000    278.000000    186.000000    220.000000    157.000000    185.000000    189.000000    187.000000     73.000000     47.000000    920.000000   1244.000000     82.000000     90.000000     64.000000     85.000000     91.000000     87.000000    180.000000    130.000000    251.000000    134.000000    154.000000     41.000000     78.000000     71.000000     70.000000    131.000000     32.000000     44.000000     67.000000    104.000000     19.000000     41.000000    169.000000    257.000000     63.000000    111.000000    101.000000    115.000000    107.000000    103.000000     42.000000     62.000000
   541.852417     21.000000     38.000000     17.000000     21.000000     17.000000     75.000000     64.000000     42.000000     31.000000     30.000000     43.000000     15.000000     35.000000     25.000000     31.000000     21.000000     49.000000    418.000000     99.000000     93.000000     73.000000     59.000000     56.000000     97.000000    128.000000     38.000000    126.000000    222.000000    183.000000     26.000000    163.000000    118.000000    208.000000    201.000000    197.000000     70.000000    450.000000    260.000000    171.000000     54.000000     58.000000     47.000000     55.000000    110.000000    118.000000     90.000000    143.000000    131.000000    227.000000     16.000000     11.000000     51.000000     57.000000    142.000000    174.000000    191.000000    110.000000    118.000000    104.000000     86.000000     60.000000     47.000000     34.000000     61.000000     61.000000     70.000000    105.000000    104.000000    183.000000    125.000000     96.000000    172.000000     97.000000     64.000000     53.000000     59.000000     80.000000    102.000000     69.000000     26.000000     40.000000     90.000000     95.000000     95.000000    355.000000     34.000000     47.000000    109.000000     96.000000     94.000000    159.000000    206.000000     87.000000     89.000000     83.000000    243.000000    146.000000    216.000000    210.000000    142.000000    217.000000    183.000000    312.000000    345.000000    221.000000    191.000000    135.000000    171.000000    182.000000    163.000000     73.000000     57.000000   1007.000000   1363.000000     95.000000     93.000000     50.000000     82.000000    108.000000     71.000000    185.000000    138.000000    259.000000    146.000000    128.000000     72.000000    131.000000     86.000000     77.000000    138.000000     36.000000     34.000000     72.000000    141.000000     34.000000     42.000000    168.000000    274.000000    103.000000    128.000000    109.000000    125.000000    126.000000     99.000000     59.000000     51.000000
   543.104004     39.000000     52.000000     40.000000     37.000000     44.000000     85.000000     70.000000     37.000000     50.000000     48.000000     55.000000     44.000000     19.000000     13.000000     23.000000     28.000000     53.000000    452.000000    141.000000     93.000000     93.000000     67.000000     68.000000    131.000000    133.000000     47.000000    135.000000    300.000000    157.000000     64.000000    148.000000    131.000000    200.000000    226.000000    177.000000     75.000000    412.000000    242.000000    176.000000     55.000000     75.000000     62.000000     47.000000     95.000000    111.000000     82.000000    197.000000    142.000000    205.000000      8.000000     19.000000     56.000000     72.000000    150.000000    138.000000    184.000000    108.000000    111.000000     85.000000     62.000000     56.000000     53.000000     30.000000     61.000000     48.000000     95.000000    113.000000    102.000000    184.000000    147.000000    138.000000    164.000000     87.000000     79.000000     72.000000     72.000000     81.000000     85.000000     80.000000     23.000000     23.000000     94.000000    108.000000    128.000000    387.000000     34.000000     54.000000    106.000000    106.000000     79.000000    130.000000    160.000000     90.000000    112.000000     84.000000    258.000000    161.000000    217.000000    252.000000    138.000000    207.000000    231.000000    336.000000    367.000000    252.000000    188.000000    188.000000    181.000000    208.000000    190.000000     72.000000     56.000000   1175.000000   1550.000000    119.000000     93.000000     90.000000    132.000000    135.000000    123.000000    225.000000    155.000000    314.000000    164.000000    146.000000     54.000000    163.000000     97.000000     68.000000    186.000000     46.000000     68.000000     74.000000    136.000000     44.000000     61.000000    170.000000    275.000000     91.000000    122.000000     97.000000    112.000000     98.000000     89.000000     68.000000     58.000000
   544.356079     54.000000     58.000000     45.000000     45.000000     29.000000     80.000000     91.000000     48.000000     45.000000     66.000000     67.000000     48.000000     37.000000     38.000000     44.000000     35.000000     69.000000    509.000000    167.000000    105.000000     80.000000     70.000000     54.000000    134.000000    165.000000     66.000000    160.000000    271.000000    212.000000     68.000000    137.000000    125.000000    259.000000    239.000000    246.000000     73.000000    456.000000    305.000000    143.000000     79.000000     59.000000     80.000000     64.000000    109.000000     81.000000     95.000000    172.000000    136.000000    223.000000      5.000000     16.000000     72.000000     68.000000    132.000000    148.000000    192.000000    122.000000    130.000000    111.000000     57.000000     48.000000     29.000000     23.000000     69.000000     64.000000     73.000000    118.000000    120.000000    200.000000    133.000000    126.000000    170.000000     97.000000     80.000000     75.000000     68.000000     97.000000    106.000000     72.000000     28.000000     50.000000    123.000000    108.000000    116.000000    406.000000     54.000000     44.000000    120.000000     93.000000     94.000000    162.000000    185.000000     60.000000    122.000000     76.000000    283.000000    181.000000    260.000000    256.000000    127.000000    209.000000    236.000000    295.000000    386.000000    206.000000    277.000000    145.000000    215.000000    215.000000    213.000000    118.000000     91.000000   1393.000000   1785.000000    130.000000    105.000000     99.000000    136.000000    145.000000    124.000000    237.000000    190.000000    325.000000    161.000000    156.000000     78.000000    152.000000     80.000000     80.000000    184.000000     49.000000     58.000000     95.000000    138.000000     38.000000     65.000000    172.000000    257.000000     94.000000    148.000000    110.000000    138.000000    121.000000     73.000000     68.000000     58.000000
   545.608582     43.000000     92.000000     38.000000     81.000000     46.000000     90.000000     97.000000     73.000000     84.000000     67.000000    100.000000     35.000000     26.000000     36.000000     34.000000     47.000000     89.000000    552.000000    193.000000     93.000000     93.000000     86.000000     95.000000    166.000000    165.000000     66.000000    204.000000    324.000000    218.000000     77.000000    138.000000    121.000000    279.000000    232.000000    211.000000     89.000000    439.000000    262.000000    156.000000     81.000000     95.000000     85.000000     51.000000    114.000000    115.000000     96.000000    199.000000    158.000000    233.000000      8.000000     14.000000     82.000000     74.000000    126.000000    140.000000    215.000000    121.000000    118.000000    105.000000     64.000000     53.000000     31.000000     16.000000     56.000000     40.000000     83.000000    109.000000    125.000000    198.000000    122.000000    150.000000    176.000000     85.000000     84.000000     70.000000     61.000000    138.000000    111.000000     72.000000     35.000000     42.000000     98.000000    116.000000    103.000000    496.000000     60.000000     44.000000    131.000000     93.000000    108.000000    157.000000    217.000000     83.000000    127.000000    133.000000    333.000000    199.000000    266.000000    317.000000    142.000000    242.000000    234.000000    357.000000    384.000000    234.000000    239.000000    179.000000    213.000000    259.000000    241.000000    104.000000     83.000000   1536.000000   2056.000000    165.000000     93.000000    114.000000    142.000000    162.000000    135.000000    298.000000    184.000000    361.000000    160.000000    140.000000     97.000000    100.000000     58.000000    101.000000    197.000000     63.000000     70.000000    131.000000    191.000000     52.000000     77.000000    190.000000    265.000000    119.000000    143.000000    137.000000    116.000000    104.000000     92.000000     97.000000     71.000000
   546.861694     60.000000     84.000000     65.000000     49.000000     57.000000     96.000000     98.000000     80.000000    112.000000     66.000000    104.000000     27.000000     41.000000     50.000000     42.000000     31.000000    105.000000    708.000000    207.000000    156.000000    127.000000    112.000000     79.000000    191.000000    187.000000     79.000000    222.000000    338.000000    277.000000     88.000000    173.000000    138.000000    269.000000    269.000000    240.000000     82.000000    475.000000    277.000000    168.000000     67.000000     80.000000     63.000000     71.000000    136.000000    127.000000    104.000000    196.000000    182.000000    269.000000     15.000000      5.000000    109.000000     97.000000    124.000000    153.000000    220.000000    118.000000    139.000000     84.000000     78.000000     59.000000     39.000000     46.000000     66.000000     56.000000     88.000000    118.000000    160.000000    258.000000    127.000000    140.000000    172.000000     72.000000    100.000000     61.000000     82.000000    149.000000    111.000000     99.000000     53.000000     65.000000    107.000000    116.000000    109.000000    562.000000     77.000000     67.000000    125.000000    100.000000     98.000000    169.000000    238.000000     92.000000    145.000000    137.000000    406.000000    204.000000    325.000000    322.000000    148.000000    228.000000    228.000000    353.000000    367.000000    241.000000    270.000000    202.000000    223.000000    223.000000    238.000000    131.000000    123.000000   1866.000000   2303.000000    180.000000    156.000000    117.000000    184.000000    208.000000    179.000000    277.000000    200.000000    393.000000    215.000000    215.000000     84.000000    133.000000     90.000000    135.000000    233.000000     52.000000     75.000000    121.000000    204.000000     64.000000     63.000000    211.000000    276.000000    132.000000    139.000000    130.000000    158.000000    114.000000    126.000000     84.000000     83.000000
   548.115173     74.000000    110.000000     66.000000     73.000000     62.000000    110.000000    140.000000     98.000000     97.000000     94.000000    144.000000     63.000000     39.000000     55.000000     47.000000     80.000000    101.000000    750.000000    262.000000    156.000000    142.000000    162.000000    136.000000    242.000000    166.000000     96.000000    280.000000    383.000000    276.000000    101.000000    179.000000    136.000000    307.000000    264.000000    195.000000     88.000000    479.000000    295.000000    160.000000     83.000000     52.000000     65.000000     71.000000    126.000000    150.000000    104.000000    198.000000    176.000000    266.000000     10.000000      7.000000    119.000000     84.000000    158.000000    143.000000    210.000000    100.000000    129.000000    107.000000     71.000000     68.000000     52.000000     25.000000     57.000000     62.000000     86.000000    139.000000    164.000000    247.000000    136.000000    177.000000    216.000000    105.000000    105.000000     89.000000     96.000000    131.000000    129.000000     97.000000     62.000000     72.000000    106.000000    119.000000    115.000000    535.000000     52.000000     63.000000    130.000000    100.000000    134.000000    158.000000    231.000000     88.000000    145.000000    172.000000    448.000000    261.000000    338.000000    337.000000    170.000000    258.000000    284.000000    393.000000    384.000000    223.000000    248.000000    167.000000    222.000000    263.000000    285.000000    149.000000    128.000000   2081.000000   2663.000000    215.000000    156.000000    142.000000    239.000000    237.000000    201.000000    372.000000    233.000000    431.000000    222.000000    243.000000     99.000000    112.000000     84.000000    135.000000    277.000000     64.000000    144.000000    136.000000    210.000000     62.000000     83.000000    204.000000    283.000000    145.000000    159.000000    119.000000    147.000000    113.000000    131.000000     75.000000     71.000000
   549.369202     96.000000    112.000000     78.000000     92.000000     89.000000    123.000000    145.000000    125.000000    124.000000    116.000000    137.000000     65.000000     63.000000     78.000000     55.000000     68.000000    116.000000    841.000000    314.000000    206.000000    211.000000    137.000000    152.000000    276.000000    185.000000    113.000000    321.000000    348.000000    276.000000     86.000000    158.000000    141.000000    316.000000    289.000000    275.000000     97.000000    510.000000    281.000000    158.000000     69.000000     92.000000     71.000000     80.000000    144.000000    109.000000    126.000000    212.000000    159.000000    268.000000      4.000000      3.000000    130.000000    105.000000    162.000000    144.000000    225.000000    105.000000    101.000000     98.000000     80.000000     57.000000     33.000000     36.000000     93.000000     60.000000     93.000000    130.000000    130.000000    261.000000    153.000000    176.000000    227.000000    111.000000    120.000000    104.000000     72.000000    170.000000    163.000000    148.000000     89.000000     60.000000    139.000000    102.000000    104.000000    595.000000     57.000000     60.000000    160.000000    138.000000    126.000000    183.000000    220.000000     88.000000    165.000000    197.000000    583.000000    270.000000    368.000000    349.000000    180.000000    288.000000    288.000000    390.000000    375.000000    246.000000    264.000000    206.000000    204.000000    255.000000    287.000000    199.000000    160.000000   2430.000000   2965.000000    247.000000    206.000000    181.000000    245.000000    263.000000    221.000000    350.000000    304.000000    480.000000    259.000000    240.000000     90.000000    159.000000     79.000000    185.000000    261.000000    108.000000    128.000000    182.000000    226.000000     85.000000     94.000000    227.000000    279.000000    133.000000    127.000000    127.000000    157.000000    137.000000     99.000000     82.000000     86.000000
   550.623718    115.000000    133.000000     80.000000    118.000000     97.000000    147.000000    159.000000    152.000000    167.000000    140.000000    160.000000     83.000000    115.000000     77.000000    128.000000     72.000000    127.000000    920.000000    413.000000    246.000000    175.000000    177.000000    165.000000    302.000000    231.000000    152.000000    350.000000    379.000000    313.000000     99.000000    163.000000    119.000000    350.000000    280.000000    230.000000     79.000000    549.000000    288.000000    170.000000     70.000000     67.000000     81.000000     84.000000    140.000000    130.000000    138.000000    225.000000    172.000000    259.000000     -5.000000      9.000000    136.000000    126.000000    166.000000    156.000000    197.000000    113.000000    140.000000     94.000000     42.000000     57.000000     15.000000     21.000000     57.000000     45.000000     53.000000    128.000000    176.000000    235.000000    147.000000    168.000000    214.000000    107.000000    121.000000    105.000000    148.000000    153.000000    167.000000    163.000000     88.000000     99.000000    171.000000    132.000000    120.000000    590.000000     55.000000     70.000000    135.000000    119.000000    129.000000    165.000000    205.000000    102.000000    209.000000    191.000000    659.000000    308.000000    413.000000    368.000000    194.000000    252.000000    285.000000    395.000000    434.000000    261.000000    286.000000    217.000000    215.000000    276.000000    293.000000    231.000000    202.000000   2681.000000   3304.000000    261.000000    246.000000    158.000000    288.000000    294.000000    222.000000    389.000000    277.000000    475.000000    278.000000    252.000000     99.000000    118.000000     84.000000    196.000000    308.000000     98.000000    213.000000    186.000000    242.000000     99.000000    139.000000    229.000000    327.000000    146.000000    145.000000    159.000000    159.000000    133.000000    104.000000     68.000000     93.000000
   551.878723    133.000000    135.000000    124.000000    120.000000    129.000000    168.000000    203.000000    178.000000    193.000000    202.000000    190.000000     92.000000     81.000000    117.000000    112.000000     91.000000    141.000000   1016.000000    404.000000    221.000000    230.000000    162.000000    214.000000    325.000000    232.000000    158.000000    432.000000    423.000000    348.000000    127.000000    152.000000    119.000000    355.000000    298.000000    232.000000    101.000000    488.000000    309.000000    184.000000     86.000000     81.000000     69.000000     83.000000    148.000000    155.000000    146.000000    193.000000    156.000000    256.000000      4.000000     11.000000    167.000000    140.000000    149.000000    133.000000    203.000000    119.000000    154.000000    116.000000     75.000000     79.000000     32.000000     21.000000     47.000000     54.000000    108.000000    134.000000    148.000000    272.000000    177.000000    166.000000    223.000000     90.000000    117.000000     97.000000    112.000000    188.000000    190.000000    145.000000     66.000000    100.000000    139.000000    147.000000    141.000000    701.000000     78.000000     88.000000    130.000000    149.000000    157.000000    159.000000    222.000000     97.000000    215.000000    237.000000    687.000000    324.000000    432.000000    367.000000    198.000000    267.000000    320.000000    413.000000    387.000000    283.000000    272.000000    189.000000    189.000000    245.000000    280.000000    255.000000    185.000000   3076.000000   3660.000000    297.000000    221.000000    241.000000    295.000000    299.000000    286.000000    398.000000    277.000000    512.000000    294.000000    283.000000    122.000000    124.000000     94.000000    204.000000    358.000000    139.000000    178.000000    198.000000    215.000000    136.000000    126.000000    206.000000    317.000000    158.000000    166.000000    144.000000    152.000000    141.000000    110.000000     74.000000    100.000000
   553.134094    153.000000    161.000000    150.000000    148.000000    120.000000    208.000000    261.000000    244.000000    245.000000    206.000000    219.000000     94.000000    114.000000    109.000000    164.000000    154.000000    171.000000   1150.000000    512.000000    326.000000    275.000000    178.000000    214.000000    414.000000    202.000000    195.000000    464.000000    415.000000    368.000000    148.000000    170.000000    134.000000    414.000000    308.000000    288.000000     71.000000    574.000000    298.000000    158.000000     73.000000     80.000000     67.000000     62.000000    140.000000    157.000000    164.000000    206.000000    167.000000    273.000000      4.000000     11.000000    138.000000    179.000000    164.000000    154.000000    228.000000    125.000000    132.000000    109.000000     90.000000     77.000000     24.000000     20.000000     58.000000     73.000000     93.000000    156.000000    182.000000    272.000000    199.000000    185.000000    240.000000    118.000000    123.000000    130.000000    134.000000    199.000000    156.000000    168.000000    107.000000    145.000000    150.000000    118.000000    117.000000    774.000000    106.000000     81.000000    158.000000    132.000000    170.000000    172.000000    247.000000     96.000000    247.000000    218.000000    834.000000    366.000000    445.000000    371.000000    188.000000    298.000000    339.000000    394.000000    381.000000    268.000000    286.000000    222.000000    244.000000    281.000000    338.000000    294.000000    224.000000   3485.000000   4072.000000    359.000000    326.000000    288.000000    386.000000    353.000000    286.000000    405.000000    311.000000    551.000000    304.000000    250.000000    128.000000    128.000000     94.000000    278.000000    382.000000    154.000000    208.000000    196.000000    251.000000    139.000000    171.000000    223.000000    303.000000    158.000000    129.000000    156.000000    189.000000    120.000000    107.000000     85.000000     92.000000
   554.390015    202.000000    189.000000    190.000000    208.000000    170.000000    222.000000    256.000000    257.000000    281.000000    279.000000    275.000000    135.000000    129.000000    150.000000    193.000000    230.000000    229.000000   1250.000000    515.000000    337.000000    249.000000    228.000000    265.000000    458.000000    285.000000    232.000000    503.000000    479.000000    385.000000    156.000000    176.000000    129.000000    387.000000    289.000000    285.000000     74.000000    546.000000    333.000000    170.000000     87.000000     79.000000     74.000000     70.000000    142.000000    151.000000    119.000000    242.000000    182.000000    261.000000     10.000000     15.000000    148.000000    164.000000    189.000000    149.000000    243.000000    127.000000    128.000000     93.000000     73.000000     68.000000     43.000000     20.000000     63.000000     41.000000    102.000000    152.000000    148.000000    248.000000    166.000000    172.000000    247.000000    118.000000    131.000000    135.000000    168.000000    210.000000    206.000000    177.000000    106.000000    162.000000    169.000000    153.000000    110.000000    797.000000     85.000000     79.000000    185.000000    147.000000    147.000000    179.000000    265.000000     98.000000    269.000000    223.000000    857.000000    372.000000    483.000000    416.000000    194.000000    312.000000    356.000000    365.000000    371.000000    255.000000    315.000000    225.000000    243.000000    303.000000    308.000000    296.000000    292.000000   3832.000000   4620.000000    362.000000    337.000000    255.000000    384.000000    363.000000    272.000000    396.000000    338.000000    653.000000    353.000000    299.000000    135.000000    119.000000     74.000000    267.000000    418.000000    171.000000    253.000000    256.000000    302.000000    178.000000    200.000000    230.000000    292.000000    130.000000    157.000000    145.000000    191.000000    128.000000     90.000000     89.000000    102.000000
   555.646423    246.000000    208.000000    213.000000    198.000000    215.000000    283.000000    296.000000    283.000000    297.000000    306.000000    307.000000    184.000000    226.000000    173.000000    227.000000    231.000000    214.000000   1367.000000    561.000000    357.000000    311.000000    260.000000    286.000000    460.000000    288.000000    242.000000    557.000000    513.000000    397.000000    163.000000    187.000000    137.000000    394.000000    296.000000    319.000000     76.000000    563.000000    318.000000    165.000000     91.000000     45.000000     81.000000    118.000000    172.000000    150.000000    154.000000    224.000000    174.000000    277.000000     16.000000      5.000000    205.000000    171.000000    223.000000    132.000000    235.000000    120.000000    146.000000    111.000000     82.000000     55.000000     55.000000     35.000000     62.000000     48.000000     92.000000    139.000000    158.000000    262.000000    168.000000    183.000000    291.000000    101.000000    137.000000    126.000000    181.000000    207.000000    208.000000    206.000000     97.000000    135.000000    155.000000    147.000000    153.000000    785.000000    120.000000    100.000000    180.000000    124.000000    156.000000    184.000000    225.000000    114.000000    269.000000    256.000000    949.000000    393.000000    463.000000    424.000000    195.000000    298.000000    333.000000    411.000000    363.000000    280.000000    304.000000    206.000000    239.000000    290.000000    359.000000    375.000000    363.000000   4145.000000   4858.000000    460.000000    357.000000    307.000000    443.000000    399.000000    311.000000    468.000000    363.000000    686.000000    370.000000    372.000000    137.000000    133.000000    109.000000    263.000000    398.000000    217.000000    248.000000    283.000000    284.000000    189.000000    210.000000    210.000000    287.000000    145.000000    169.000000    167.000000    209.000000    140.000000    100.000000     77.000000     89.000000
   556.903320    232.000000    232.000000    263.000000    244.000000    220.000000    283.000000    296.000000    321.000000    320.000000    347.000000    385.000000    215.000000    209.000000    262.000000    267.000000    344.000000    278.000000   1367.000000    658.000000    406.000000    343.000000    312.000000    343.000000    486.000000    283.000000    277.000000    592.000000    493.000000    383.000000    173.000000    171.000000    135.000000    392.000000    317.000000    273.000000     71.000000    581.000000    308.000000    210.000000     62.000000     89.000000     81.000000     75.000000    161.000000    163.000000    150.000000    206.000000    152.000000    265.000000      3.000000     12.000000    232.000000    186.000000    195.000000    118.000000    239.000000    107.000000    147.000000     93.000000     80.000000     43.000000     37.000000     32.000000     79.000000     46.000000     74.000000    113.000000    174.000000    296.000000    189.000000    202.000000    292.000000    110.000000    126.000000    159.000000    163.000000    217.000000    186.000000    241.000000    122.000000    164.000000    196.000000    162.000000    149.000000    846.000000    125.000000     83.000000    174.000000    125.000000    162.000000    176.000000    245.000000    101.000000    308.000000    291.000000   1017.000000    383.000000    534.000000    433.000000    208.000000    261.000000    316.000000    401.000000    404.000000    280.000000    312.000000    186.000000    235.000000    328.000000    347.000000    382.000000    398.000000   4527.000000   5357.000000    457.000000    406.000000    322.000000    427.000000    399.000000    326.000000    493.000000    351.000000    682.000000    409.000000    333.000000    181.000000    150.000000     92.000000    297.000000    445.000000    251.000000    324.000000    267.000000    314.000000    209.000000    290.000000    248.000000    323.000000    138.000000    176.000000    135.000000    184.000000    148.000000    143.000000     81.000000     89.000000
   558.160583    266.000000    284.000000    279.000000    274.000000    271.000000    298.000000    346.000000    395.000000    396.000000    361.000000    474.000000    244.000000    223.000000    270.000000    299.000000    373.000000    318.000000   1550.000000    695.000000    427.000000    344.000000    275.000000    366.000000    504.000000    297.000000    278.000000    681.000000    480.000000    417.000000    208.000000    178.000000    150.000000    412.000000    341.000000    286.000000     73.000000    588.000000    324.000000    204.000000     89.000000     82.000000     78.000000    102.000000    139.000000    166.000000    155.000000    209.000000    203.000000    266.000000      2.000000      1.000000    218.000000    199.000000    207.000000    134.000000    244.000000    114.000000    154.000000    113.000000    102.000000     72.000000     52.000000     45.000000     81.000000     62.000000     94.000000    132.000000    170.000000    273.000000    164.000000    213.000000    262.000000    145.000000    129.000000    167.000000    195.000000    207.000000    239.000000    228.000000    133.000000    180.000000    185.000000    145.000000    150.000000    842.000000    110.000000     97.000000    190.000000    145.000000    171.000000    218.000000    273.000000    108.000000    328.000000    317.000000   1100.000000    398.000000    601.000000    445.000000    252.000000    346.000000    339.000000    416.000000    436.000000    288.000000    293.000000    248.000000    258.000000    270.000000    374.000000    414.000000    434.000000   4991.000000   5806.000000    500.000000    427.000000    379.000000    428.000000    388.000000    381.000000    439.000000    394.000000    680.000000    410.000000    388.000000    176.000000    128.000000    106.000000    321.000000    546.000000    300.000000    347.000000    295.000000    278.000000    246.000000    265.000000    235.000000    288.000000    139.000000    133.000000    156.000000    168.000000    157.000000    121.000000    108.000000    105.000000
   559.418518    271.000000    253.000000    317.000000    285.000000    292.000000    364.000000    328.000000    432.000000    414.000000    393.000000    463.000000    295.000000    281.000000    305.000000    380.000000    477.000000    336.000000   1656.000000    723.000000    485.000000    397.000000    320.000000    406.000000    567.000000    335.000000    321.000000    676.000000    534.000000    436.000000    198.000000    211.000000    123.000000    397.000000    343.000000    343.000000     72.000000    590.000000    350.000000    191.000000     84.000000     94.000000     83.000000     98.000000    193.000000    180.000000    162.000000    211.000000    204.000000    274.000000     12.000000     19.000000    221.000000    205.000000    203.000000    132.000000    201.000000    113.000000    156.000000     99.000000     59.000000     46.000000     42.000000     40.000000     88.000000     55.000000     99.000000    132.000000    194.000000    317.000000    212.000000    152.000000    271.000000    110.000000    140.000000    176.000000    218.000000    234.000000    232.000000    222.000000    178.000000    181.000000    222.000000    193.000000    187.000000    878.000000    138.000000     94.000000    210.000000    166.000000    146.000000    166.000000    226.000000     96.000000    351.000000    307.000000   1177.000000    428.000000    582.000000    430.000000    204.000000    295.000000    361.000000    487.000000    452.000000    233.000000    338.000000    221.000000    228.000000    315.000000    326.000000    455.000000    460.000000   5207.000000   6116.000000    504.000000    485.000000    370.000000    452.000000    414.000000    348.000000    493.000000    427.000000    710.000000    435.000000    402.000000    215.000000    130.000000     90.000000    370.000000    549.000000    301.000000    370.000000    298.000000    315.000000    274.000000    293.000000    202.000000    350.000000    190.000000    180.000000    168.000000    201.000000    195.000000    110.000000     98.000000     78.000000
   560.676819    359.000000    323.000000    347.000000    324.000000    348.000000    381.000000    358.000000    473.000000    452.000000    459.000000    533.000000    329.000000    351.000000    341.000000    416.000000    562.000000    353.000000   1852.000000    813.000000    517.000000    426.000000    323.000000    376.000000    581.000000    355.000000    401.000000    785.000000    614.000000    432.000000    259.000000    176.000000    156.000000    395.000000    319.000000    327.000000     85.000000    612.000000    338.000000    183.000000     85.000000     80.000000     73.000000    110.000000    174.000000    180.000000    173.000000    225.000000    151.000000    299.000000     26.000000     13.000000    242.000000    208.000000    197.000000    160.000000    246.000000    115.000000    134.000000     96.000000     66.000000     69.000000     48.000000     22.000000     63.000000     67.000000     74.000000    143.000000    197.000000    296.000000    188.000000    186.000000    296.000000    142.000000    146.000000    199.000000    208.000000    227.000000    221.000000    253.000000    183.000000    212.000000    211.000000    167.000000    139.000000    907.000000    137.000000     98.000000    220.000000    144.000000    140.000000    202.000000    286.000000    116.000000    320.000000    332.000000   1259.000000    488.000000    578.000000    492.000000    220.000000    325.000000    352.000000    474.000000    439.000000    291.000000    330.000000    213.000000    260.000000    336.000000    388.000000    447.000000    523.000000   5451.000000   6513.000000    569.000000    517.000000    378.000000    474.000000    453.000000    359.000000    544.000000    442.000000    745.000000    471.000000    446.000000    244.000000    142.000000    111.000000    431.000000    579.000000    338.000000    429.000000    305.000000    354.000000    286.000000    337.000000    235.000000    314.000000    176.000000    198.000000    141.000000    182.000000    147.000000     94.000000     92.000000    105.000000
   561.935608    354.000000    313.000000    324.000000    365.000000    336.000000    387.000000    376.000000    518.000000    516.000000    467.000000    596.000000    392.000000    411.000000    400.000000    395.000000    617.000000    441.000000   1844.000000    894.000000    497.000000    448.000000    336.000000    381.000000    585.000000    305.000000    427.000000    779.000000    582.000000    465.000000    264.000000    192.000000    130.000000    422.000000    372.000000    303.000000     85.000000    597.000000    320.000000    171.000000     70.000000     81.000000     87.000000    107.000000    205.000000    177.000000    163.000000    198.000000    172.000000    246.000000     15.000000     13.000000    234.000000    203.000000    189.000000    148.000000    220.000000    118.000000    144.000000    110.000000     74.000000     83.000000     60.000000     28.000000     76.000000     73.000000     87.000000    114.000000    195.000000    295.000000    198.000000    188.000000    280.000000    124.000000    145.000000    176.000000    228.000000    242.000000    240.000000    258.000000    193.000000    220.000000    180.000000    168.000000    164.000000    921.000000    128.000000    111.000000    194.000000    156.000000    175.000000    149.000000    290.000000    131.000000    349.000000    360.000000   1258.000000    464.000000    592.000000    441.000000    224.000000    317.000000    370.000000    467.000000    420.000000    277.000000    274.000000    188.000000    240.000000    294.000000    350.000000    495.000000    515.000000   5732.000000   6583.000000    591.000000    497.000000    486.000000    501.000000    532.000000    402.000000    512.000000    415.000000    797.000000    514.000000    511.000000    280.000000    154.000000    113.000000    423.000000    549.000000    357.000000    421.000000    320.000000    364.000000    338.000000    328.000000    243.000000    306.000000    152.000000    141.000000    147.000000    223.000000    153.000000     99.000000     89.000000     93.000000
   563.194885    363.000000    322.000000    368.000000    377.000000    364.000000    399.000000    398.000000    519.000000    507.000000    469.000000    541.000000    395.000000    402.000000    399.000000    437.000000    658.000000    438.000000   1897.000000    843.000000    561.000000    422.000000    294.000000    376.000000    590.000000    336.000000    404.000000    820.000000    573.000000    514.000000    269.000000    180.000000    180.000000    453.000000    356.000000    359.000000    104.000000    561.000000    351.000000    157.000000     94.000000     98.000000     77.000000    101.000000    197.000000    187.000000    195.000000    215.000000    161.000000    243.000000     10.000000     -4.000000    234.000000    263.000000    154.000000    152.000000    227.000000    145.000000    144.000000    110.000000     88.000000     55.000000     52.000000     29.000000     74.000000     57.000000    108.000000    119.000000    202.000000    323.000000    173.000000    186.000000    264.000000    107.000000    125.000000    178.000000    249.000000    226.000000    213.000000    257.000000    195.000000    229.000000    210.000000    175.000000    196.000000    988.000000    121.000000    128.000000    174.000000    162.000000    139.000000    185.000000    259.000000     93.000000    358.000000    340.000000   1361.000000    481.000000    615.000000    409.000000    214.000000    299.000000    373.000000    432.000000    445.000000    287.000000    308.000000    252.000000    191.000000    301.000000    391.000000    452.000000    570.000000   5893.000000   6902.000000    594.000000    561.000000    456.000000    501.000000    484.000000    426.000000    552.000000    387.000000    809.000000    577.000000    526.000000    230.000000    139.000000    111.000000    431.000000    610.000000    337.000000    418.000000    332.000000    368.000000    366.000000    364.000000    264.000000    309.000000    186.000000    218.000000    140.000000    182.000000    164.000000    115.000000     90.000000     76.000000
   564.454712    454.000000    360.000000    377.000000    409.000000    383.000000    440.000000    373.000000    562.000000    491.000000    470.000000    577.000000    444.000000    461.000000    464.000000    488.000000    718.000000    423.000000   1883.000000    886.000000    524.000000    452.000000    336.000000    475.000000    582.000000    300.000000    439.000000    827.000000    540.000000    510.000000    294.000000    161.000000    156.000000    372.000000    376.000000    309.000000     82.000000    588.000000    336.000000    204.000000     88.000000     88.000000     71.000000    123.000000    155.000000    150.000000    181.000000    207.000000    171.000000    289.000000      1.000000      5.000000    240.000000    243.000000    221.000000    156.000000    257.000000     98.000000    148.000000    116.000000     96.000000     64.000000     37.000000     34.000000     67.000000     69.000000     97.000000    141.000000    187.000000    321.000000    198.000000    165.000000    239.000000    146.000000    152.000000    233.000000    244.000000    231.000000    199.000000    246.000000    190.000000    215.000000    200.000000    184.000000    128.000000    945.000000    146.000000     90.000000    189.000000    145.000000    164.000000    199.000000    240.000000    105.000000    368.000000    338.000000   1334.000000    494.000000    563.000000    474.000000    260.000000    304.000000    370.000000    464.000000    448.000000    263.000000    315.000000    259.000000    227.000000    305.000000    356.000000    515.000000    618.000000   6018.000000   6974.000000    614.000000    524.000000    431.000000    476.000000    481.000000    363.000000    561.000000    415.000000    836.000000    536.000000    522.000000    270.000000    154.000000    115.000000    467.000000    656.000000    375.000000    411.000000    332.000000    315.000000    364.000000    383.000000    236.000000    314.000000    157.000000    183.000000    165.000000    189.000000    149.000000    138.000000    110.000000     96.000000
   565.714905    421.000000    331.000000    378.000000    416.000000    418.000000    450.000000    437.000000    557.000000    552.000000    526.000000    609.000000    399.000000    407.000000    485.000000    504.000000    772.000000    476.000000   2018.000000    860.000000    555.000000    455.000000    368.000000    426.000000    640.000000    307.000000    413.000000    838.000000    542.000000    566.000000    303.000000    166.000000    171.000000    397.000000    337.000000    335.000000     94.000000    607.000000    347.000000    189.000000     92.000000     80.000000    100.000000    100.000000    163.000000    168.000000    161.000000    220.000000    169.000000    213.000000      2.000000     25.000000    249.000000    234.000000    201.000000    169.000000    210.000000    125.000000    122.000000    133.000000     82.000000     51.000000     40.000000     40.000000     70.000000     41.000000    103.000000    130.000000    209.000000    313.000000    172.000000    187.000000    282.000000    142.000000    141.000000    210.000000    257.000000    180.000000    219.000000    283.000000    162.000000    229.000000    198.000000    173.000000    149.000000    953.000000    154.000000    134.000000    190.000000    200.000000    147.000000    183.000000    257.000000     92.000000    349.000000    370.000000   1302.000000    455.000000    598.000000    498.000000    224.000000    257.000000    356.000000    391.000000    448.000000    281.000000    343.000000    211.000000    241.000000    271.000000    408.000000    525.000000    712.000000   6222.000000   7335.000000    592.000000    555.000000    471.000000    515.000000    514.000000    416.000000    592.000000    392.000000    831.000000    571.000000    511.000000    303.000000    106.000000     97.000000    435.000000    584.000000    376.000000    416.000000    327.000000    355.000000    363.000000    357.000000    223.000000    355.000000    187.000000    198.000000    186.000000    198.000000    149.000000    131.000000    106.000000    106.000000
   566.975586    411.000000    356.000000    418.000000    404.000000    457.000000    447.000000    391.000000    516.000000    574.000000    561.000000    640.000000    475.000000    454.000000    479.000000    514.000000    750.000000    511.000000   1932.000000    911.000000    518.000000    499.000000    408.000000    440.000000    610.000000    304.000000    416.000000    805.000000    580.000000    506.000000    302.000000    166.000000    146.000000    432.000000    336.000000    345.000000     92.000000    632.000000    331.000000    203.000000     82.000000    106.000000     74.000000     95.000000    118.000000    195.000000    167.000000    233.000000    164.000000    254.000000     30.000000     16.000000    239.000000    208.000000    177.000000    162.000000    246.000000    121.000000    149.000000    121.000000     87.000000     55.000000     43.000000     13.000000     71.000000     78.000000     98.000000    139.000000    173.000000    319.000000    192.000000    180.000000    221.000000    159.000000    135.000000    195.000000    254.000000    244.000000    227.000000    222.000000    214.000000    245.000000    202.000000    169.000000    151.000000    905.000000    134.000000    111.000000    201.000000    139.000000    151.000000    185.000000    256.000000    108.000000    329.000000    348.000000   1270.000000    499.000000    606.000000    474.000000    216.000000    313.000000    356.000000    430.000000    451.000000    271.000000    331.000000    205.000000    184.000000    265.000000    351.000000    530.000000    649.000000   6376.000000   7244.000000    592.000000    518.000000    470.000000    498.000000    449.000000    433.000000    492.000000    407.000000    835.000000    581.000000    550.000000    255.000000    146.000000    130.000000    418.000000    610.000000    411.000000    518.000000    305.000000    363.000000    405.000000    331.000000    214.000000    293.000000    160.000000    164.000000    146.000000    202.000000    124.000000    143.000000    106.000000    106.000000
   568.236816    409.000000    355.000000    423.000000    420.000000    413.000000    442.000000    458.000000    621.000000    573.000000    580.000000    581.000000    464.000000    434.000000    474.000000    578.000000    786.000000    581.000000   2030.000000    859.000000    588.000000    516.000000    335.000000    436.000000    636.000000    302.000000    442.000000    791.000000    552.000000    482.000000    314.000000    177.000000    127.000000    391.000000    317.000000    325.000000    103.000000    618.000000    341.000000    193.000000     88.000000     94.000000     81.000000     95.000000    180.000000    165.000000    150.000000    214.000000    145.000000    257.000000    -11.000000     -7.000000    256.000000    248.000000    203.000000    133.000000    224.000000    126.000000    135.000000    107.000000     94.000000     57.000000     31.000000     15.000000     70.000000     58.000000     66.000000    137.000000    182.000000    322.000000    170.000000    204.000000    272.000000    108.000000    152.000000    227.000000    281.000000    254.000000    259.000000    255.000000    219.000000    238.000000    197.000000    197.000000    145.000000    975.000000    133.000000    116.000000    175.000000    139.000000    166.000000    170.000000    253.000000    119.000000    373.000000    297.000000   1263.000000    497.000000    575.000000    435.000000    219.000000    295.000000    356.000000    421.000000    403.000000    270.000000    316.000000    204.000000    184.000000    288.000000    361.000000    539.000000    657.000000   6444.000000   7465.000000    642.000000    588.000000    477.000000    481.000000    470.000000    436.000000    537.000000    452.000000    822.000000    565.000000    539.000000    291.000000    147.000000    105.000000    463.000000    631.000000    411.000000    448.000000    403.000000    326.000000    409.000000    399.000000    235.000000    291.000000    132.000000    185.000000    128.000000    196.000000    121.000000    142.000000     78.000000     95.000000
   569.498474    391.000000    395.000000    425.000000    419.000000    431.000000    499.000000    466.000000    592.000000    562.000000    584.000000    652.000000    501.000000    461.000000    430.000000    588.000000    808.000000    602.000000   2014.000000    878.000000    566.000000    448.000000    378.000000    458.000000    603.000000    277.000000    404.000000    793.000000    598.000000    493.000000    327.000000    161.000000    126.000000    464.000000    347.000000    351.000000    103.000000    567.000000    294.000000    190.000000     91.000000     96.000000     96.000000     86.000000    166.000000    174.000000    170.000000    200.000000    160.000000    239.000000      6.000000     12.000000    247.000000    278.000000    212.000000    129.000000    212.000000    125.000000    139.000000     97.000000     88.000000     57.000000     55.000000     21.000000     75.000000     48.000000    100.000000    109.000000    183.000000    308.000000    141.000000    177.000000    261.000000    128.000000    147.000000    212.000000    249.000000    249.000000    235.000000    237.000000    200.000000    234.000000    194.000000    135.000000    165.000000    986.000000    114.000000    105.000000    179.000000    158.000000    172.000000    156.000000    223.000000     90.000000    358.000000    334.000000   1271.000000    442.000000    623.000000    480.000000    215.000000    266.000000    363.000000    437.000000    454.000000    258.000000    304.000000    210.000000    198.000000    262.000000    367.000000    601.000000    741.000000   6454.000000   7626.000000    635.000000    566.000000    499.000000    503.000000    516.000000    408.000000    503.000000    451.000000    814.000000    597.000000    548.000000    285.000000    155.000000    119.000000    478.000000    702.000000    452.000000    469.000000    359.000000    366.000000    412.000000    365.000000    258.000000    345.000000    151.000000    183.000000    129.000000    195.000000    134.000000    131.000000     92.000000     75.000000
   570.760620    428.000000    410.000000    426.000000    434.000000    424.000000    453.000000    465.000000    615.000000    569.000000    612.000000    658.000000    441.000000    468.000000    441.000000    528.000000    952.000000    538.000000   2098.000000    938.000000    493.000000    478.000000    343.000000    504.000000    581.000000    325.000000    426.000000    797.000000    611.000000    510.000000    307.000000    214.000000    105.000000    432.000000    376.000000    359.000000     91.000000    605.000000    330.000000    179.000000     88.000000     67.000000     58.000000     83.000000    161.000000    176.000000    193.000000    190.000000    150.000000    238.000000      3.000000      2.000000    241.000000    267.000000    196.000000    156.000000    256.000000    129.000000    154.000000    104.000000     85.000000     80.000000     51.000000     27.000000    112.000000     49.000000    100.000000    122.000000    201.000000    283.000000    180.000000    158.000000    258.000000    127.000000    160.000000    232.000000    247.000000    243.000000    240.000000    196.000000    215.000000    270.000000    211.000000    186.000000    167.000000    975.000000    155.000000    107.000000    206.000000    121.000000    186.000000    136.000000    244.000000    111.000000    370.000000    331.000000   1241.000000    468.000000    650.000000    465.000000    212.000000    263.000000    378.000000    446.000000    422.000000    246.000000    286.000000    232.000000    180.000000    282.000000    361.000000    525.000000    665.000000   6612.000000   7694.000000    632.000000    493.000000    466.000000    492.000000    477.000000    406.000000    494.000000    420.000000    843.000000    587.000000    560.000000    285.000000    155.000000    124.000000    484.000000    613.000000    465.000000    464.000000    321.000000    318.000000    411.000000    310.000000    238.000000    290.000000    176.000000    146.000000    150.000000    202.000000    130.000000    129.000000     70.000000     86.000000
   572.023315    419.000000    358.000000    440.000000    469.000000    436.000000    476.000000    472.000000    581.000000    567.000000    571.000000    683.000000    487.000000    503.000000    479.000000    561.000000    848.000000    587.000000   2185.000000    887.000000    538.000000    464.000000    346.000000    470.000000    636.000000    323.000000    438.000000    878.000000    596.000000    506.000000    381.000000    176.000000    155.000000    467.000000    372.000000    372.000000     81.000000    604.000000    312.000000    166.000000     74.000000     83.000000     89.000000     99.000000    137.000000    162.000000    168.000000    215.000000    141.000000    238.000000      0.000000     19.000000    237.000000    238.000000    176.000000    121.000000    220.000000    138.000000    147.000000    124.000000     85.000000     74.000000     30.000000     34.000000     95.000000     47.000000     89.000000    111.000000    133.000000    284.000000    157.000000    173.000000    248.000000    101.000000    115.000000    212.000000    247.000000    209.000000    229.000000    215.000000    234.000000    226.000000    184.000000    176.000000    159.000000    990.000000    138.000000    123.000000    187.000000    159.000000    162.000000    173.000000    227.000000     99.000000    336.000000    309.000000   1211.000000    465.000000    633.000000    451.000000    213.000000    296.000000    354.000000    406.000000    430.000000    237.000000    287.000000    222.000000    181.000000    251.000000    350.000000    537.000000    724.000000   6831.000000   7810.000000    686.000000    538.000000    459.000000    529.000000    495.000000    391.000000    546.000000    411.000000    865.000000    620.000000    582.000000    316.000000    153.000000    120.000000    458.000000    626.000000    423.000000    470.000000    371.000000    303.000000    405.000000    297.000000    260.000000    296.000000    135.000000    155.000000    152.000000    238.000000    164.000000    122.000000    105.000000     96.000000
   573.286377    415.000000    429.000000    425.000000    428.000000    410.000000    512.000000    494.000000    597.000000    576.000000    591.000000    689.000000    485.000000    446.000000    515.000000    548.000000    855.000000    578.000000   2074.000000    971.000000    637.000000    472.000000    349.000000    427.000000    615.000000    273.000000    472.000000    863.000000    586.000000    540.000000    323.000000    193.000000    147.000000    437.000000    353.000000    375.000000     74.000000    624.000000    309.000000    181.000000     85.000000     98.000000     82.000000     94.000000    163.000000    171.000000    166.000000    226.000000    160.000000    277.000000     13.000000     14.000000    223.000000    230.000000    217.000000    124.000000    243.000000    134.000000    152.000000    119.000000     92.000000     71.000000     33.000000     27.000000     70.000000     63.000000     86.000000    113.000000    164.000000    297.000000    149.000000    166.000000    265.000000    133.000000    121.000000    224.000000    261.000000    230.000000    234.000000    204.000000    173.000000    235.000000    190.000000    156.000000    124.000000    986.000000    130.000000     94.000000    185.000000    161.000000    159.000000    170.000000    257.000000    108.000000    326.000000    330.000000   1276.000000    437.000000    633.000000    465.000000    197.000000    262.000000    340.000000    461.000000    447.000000    246.000000    300.000000    240.000000    187.000000    287.000000    340.000000    519.000000    708.000000   6779.000000   8030.000000    648.000000    637.000000    457.000000    537.000000    524.000000    403.000000    509.000000    435.000000    875.000000    663.000000    537.000000    341.000000    165.000000    124.000000    475.000000    695.000000    407.000000    444.000000    323.000000    357.000000    422.000000    311.000000    243.000000    299.000000    150.000000    176.000000    161.000000    208.000000    133.000000    121.000000     99.000000     91.000000
   574.549988    398.000000    376.000000    444.000000    410.000000    488.000000    490.000000    480.000000    559.000000    516.000000    614.000000    617.000000    483.000000    484.000000    489.000000    555.000000    874.000000    617.000000   2123.000000    924.000000    579.000000    499.000000    376.000000    463.000000    600.000000    335.000000    444.000000    932.000000    587.000000    527.000000    364.000000    186.000000    128.000000    436.000000    337.000000    340.000000     83.000000    601.000000    333.000000    178.000000     85.000000     86.000000     78.000000     89.000000    134.000000    183.000000    158.000000    164.000000    140.000000    212.000000     20.000000     13.000000    229.000000    243.000000    200.000000    134.000000    217.000000    122.000000    164.000000    113.000000     81.000000     68.000000     46.000000     25.000000     53.000000     64.000000    102.000000    118.000000    178.000000    297.000000    144.000000    169.000000    266.000000    140.000000    140.000000    227.000000    304.000000    225.000000    233.000000    203.000000    206.000000    269.000000    222.000000    150.000000    161.000000    990.000000    147.000000     84.000000    200.000000    133.000000    163.000000    159.000000    231.000000    123.000000    365.000000    341.000000   1290.000000    474.000000    699.000000    441.000000    201.000000    294.000000    342.000000    467.000000    432.000000    240.000000    316.000000    212.000000    213.000000    293.000000    371.000000    536.000000    749.000000   6990.000000   7902.000000    679.000000    579.000000    498.000000    520.000000    461.000000    398.000000    543.000000    429.000000    907.000000    626.000000    538.000000    309.000000    130.000000    132.000000    517.000000    627.000000    418.000000    500.000000    337.000000    330.000000    385.000000    357.000000    282.000000    306.000000    126.000000    175.000000    172.000000    204.000000    141.000000    133.000000     78.000000     85.000000
   575.814087    397.000000    394.000000    436.000000    466.000000    496.000000    454.000000    474.000000    553.000000    545.000000    557.000000    688.000000    480.000000    465.000000    481.000000    578.000000    884.000000    653.000000   2102.000000    841.000000    545.000000    468.000000    367.000000    492.000000    649.000000    322.000000    459.000000    953.000000    621.000000    561.000000    377.000000    178.000000    132.000000    432.000000    345.000000    357.000000     87.000000    574.000000    346.000000    190.000000     87.000000     80.000000     92.000000    109.000000    174.000000    187.000000    187.000000    178.000000    161.000000    259.000000     19.000000     11.000000    255.000000    222.000000    217.000000    150.000000    275.000000    126.000000    134.000000    100.000000     95.000000     54.000000     51.000000     31.000000     77.000000     79.000000     86.000000    115.000000    180.000000    289.000000    160.000000    185.000000    240.000000    130.000000    149.000000    236.000000    282.000000    203.000000    248.000000    238.000000    190.000000    252.000000    217.000000    155.000000    155.000000   1043.000000    179.000000     88.000000    176.000000    163.000000    174.000000    152.000000    180.000000    100.000000    365.000000    333.000000   1377.000000    478.000000    640.000000    473.000000    194.000000    319.000000    374.000000    483.000000    459.000000    241.000000    321.000000    212.000000    177.000000    284.000000    338.000000    516.000000    750.000000   7032.000000   8022.000000    646.000000    545.000000    486.000000    545.000000    515.000000    415.000000    508.000000    425.000000    892.000000    602.000000    585.000000    344.000000    129.000000    117.000000    482.000000    642.000000    420.000000    483.000000    366.000000    350.000000    402.000000    345.000000    256.000000    285.000000    164.000000    210.000000    145.000000    206.000000    134.000000    121.000000    105.000000     86.000000
   577.078613    450.000000    389.000000    466.000000    474.000000    468.000000    450.000000    437.000000    557.000000    588.000000    552.000000    697.000000    469.000000    512.000000    452.000000    520.000000    895.000000    607.000000   2119.000000    880.000000    564.000000    484.000000    362.000000    471.000000    568.000000    305.000000    516.000000    856.000000    640.000000    540.000000    370.000000    197.000000    139.000000    403.000000    324.000000    350.000000     81.000000    625.000000    348.000000    159.000000     91.000000    104.000000     80.000000     88.000000    141.000000    147.000000    165.000000    207.000000    169.000000    239.000000     27.000000     21.000000    267.000000    212.000000    240.000000    158.000000    270.000000    119.000000    139.000000    148.000000     81.000000     70.000000     53.000000     23.000000     92.000000     51.000000    103.000000     91.000000    178.000000    351.000000    170.000000    184.000000    281.000000    105.000000    112.000000    218.000000    303.000000    214.000000    239.000000    196.000000    215.000000    277.000000    207.000000    170.000000    155.000000    961.000000    136.000000    108.000000    174.000000    154.000000    155.000000    161.000000    262.000000     72.000000    364.000000    400.000000   1430.000000    450.000000    637.000000    389.000000    184.000000    284.000000    324.000000    509.000000    436.000000    275.000000    282.000000    218.000000    199.000000    246.000000    331.000000    536.000000    814.000000   7086.000000   8206.000000    671.000000    564.000000    469.000000    525.000000    533.000000    355.000000    535.000000    400.000000    863.000000    606.000000    577.000000    294.000000    136.000000    115.000000    511.000000    675.000000    469.000000    507.000000    319.000000    338.000000    409.000000    379.000000    245.000000    325.000000    158.000000    186.000000    155.000000    196.000000    174.000000    125.000000     99.000000     90.000000
   578.343628    459.000000    386.000000    465.000000    465.000000    459.000000    461.000000    481.000000    568.000000    574.000000    581.000000    635.000000    453.000000    483.000000    514.000000    498.000000    862.000000    603.000000   2089.000000    904.000000    646.000000    458.000000    419.000000    455.000000    612.000000    293.000000    418.000000    913.000000    650.000000    546.000000    381.000000    184.000000    155.000000    455.000000    370.000000    372.000000     95.000000    598.000000    347.000000    174.000000     83.000000     99.000000     75.000000     98.000000    146.000000    160.000000    162.000000    168.000000    134.000000    264.000000      2.000000      1.000000    187.000000    206.000000    214.000000    144.000000    278.000000    134.000000    164.000000    126.000000     92.000000     83.000000     48.000000     51.000000     76.000000     50.000000    101.000000    119.000000    196.000000    322.000000    171.000000    189.000000    245.000000    130.000000    159.000000    218.000000    329.000000    208.000000    269.000000    216.000000    224.000000    260.000000    197.000000    185.000000    159.000000    951.000000    139.000000    133.000000    181.000000    128.000000    198.000000    185.000000    245.000000    129.000000    390.000000    344.000000   1429.000000    465.000000    692.000000    439.000000    225.000000    276.000000    347.000000    449.000000    476.000000    281.000000    341.000000    221.000000    170.000000    299.000000    327.000000    548.000000    767.000000   7098.000000   8536.000000    673.000000    646.000000    501.000000    503.000000    529.000000    412.000000    494.000000    417.000000    958.000000    603.000000    595.000000    302.000000    161.000000    122.000000    547.000000    690.000000    411.000000    434.000000    335.000000    350.000000    380.000000    399.000000    283.000000    289.000000    161.000000    188.000000    154.000000    222.000000    137.000000    147.000000    101.000000    138.000000
   579.609314    484.000000    425.000000    465.000000    480.000000    450.000000    474.000000    446.000000    590.000000    596.000000    599.000000    675.000000    475.000000    446.000000    544.000000    549.000000    907.000000    694.000000   2142.000000    929.000000    586.000000    505.000000    386.000000    452.000000    613.000000    322.000000    450.000000    922.000000    572.000000    529.000000    361.000000    183.000000    131.000000    429.000000    330.000000    359.000000    106.000000    618.000000    312.000000    191.000000    116.000000    118.000000     93.000000     98.000000    150.000000    159.000000    160.000000    180.000000    167.000000    222.000000     15.000000      2.000000    218.000000    209.000000    189.000000    159.000000    314.000000    149.000000    154.000000    118.000000     70.000000     58.000000     40.000000     49.000000     74.000000     62.000000    109.000000     97.000000    149.000000    333.000000    155.000000    158.000000    245.000000    154.000000    137.000000    247.000000    284.000000    220.000000    258.000000    198.000000    210.000000    288.000000    221.000000    167.000000    157.000000    979.000000    159.000000    103.000000    138.000000    153.000000    173.000000    131.000000    244.000000    116.000000    412.000000    335.000000   1469.000000    470.000000    621.000000    381.000000    195.000000    270.000000    348.000000    461.000000    457.000000    261.000000    336.000000    211.000000    190.000000    301.000000    342.000000    500.000000    773.000000   7112.000000   8445.000000    606.000000    586.000000    484.000000    576.000000    469.000000    419.000000    536.000000    392.000000    930.000000    573.000000    562.000000    318.000000    165.000000    133.000000    508.000000    692.000000    418.000000    505.000000    373.000000    314.000000    413.000000    448.000000    257.000000    332.000000    167.000000    177.000000    173.000000    292.000000    169.000000    166.000000     97.000000     77.000000
   580.875183    462.000000    427.000000    448.000000    462.000000    473.000000    505.000000    475.000000    589.000000    589.000000    563.000000    718.000000    505.000000    476.000000    531.000000    582.000000    877.000000    667.000000   2036.000000    904.000000    577.000000    512.000000    397.000000    446.000000    584.000000    311.000000    443.000000    953.000000    589.000000    533.000000    382.000000    157.000000    142.000000    431.000000    346.000000    348.000000     79.000000    637.000000    328.000000    181.000000    104.000000     73.000000     75.000000    108.000000    175.000000    184.000000    152.000000    167.000000    157.000000    255.000000     15.000000     10.000000    266.000000    204.000000    181.000000    162.000000    289.000000    149.000000    175.000000    137.000000     94.000000     76.000000     64.000000     38.000000     78.000000     80.000000     77.000000     82.000000    180.000000    332.000000    150.000000    164.000000    242.000000    124.000000    147.000000    202.000000    291.000000    256.000000    235.000000    233.000000    204.000000    285.000000    215.000000    181.000000    153.000000   1061.000000    161.000000     96.000000    193.000000    162.000000    163.000000    166.000000    216.000000    110.000000    385.000000    376.000000   1469.000000    460.000000    613.000000    428.000000    207.000000    301.000000    362.000000    456.000000    470.000000    244.000000    318.000000    213.000000    185.000000    280.000000    313.000000    445.000000    809.000000   7355.000000   8565.000000    597.000000    577.000000    477.000000    509.000000    504.000000    386.000000    551.000000    452.000000    913.000000    673.000000    597.000000    318.000000    155.000000    112.000000    519.000000    652.000000    413.000000    462.000000    370.000000    327.000000    413.000000    421.000000    273.000000    313.000000    184.000000    232.000000    150.000000    241.000000    129.000000    143.000000     98.000000    105.000000
   582.141724    451.000000    414.000000    448.000000    477.000000    448.000000    437.000000    484.000000    620.000000    594.000000    551.000000    710.000000    462.000000    443.000000    440.000000    515.000000    871.000000    674.000000   2205.000000    953.000000    587.000000    482.000000    437.000000    463.000000    608.000000    338.000000    469.000000    936.000000    636.000000    595.000000    392.000000    192.000000    181.000000    415.000000    357.000000    371.000000    130.000000    669.000000    329.000000    157.000000     88.000000     92.000000     68.000000    121.000000    138.000000    202.000000    162.000000    178.000000    160.000000    247.000000     34.000000     24.000000    211.000000    230.000000    202.000000    160.000000    255.000000    143.000000    162.000000    123.000000     80.000000     80.000000     47.000000     32.000000     72.000000     44.000000     95.000000    119.000000    188.000000    328.000000    157.000000    174.000000    274.000000    127.000000    151.000000    211.000000    283.000000    245.000000    232.000000    263.000000    249.000000    269.000000    215.000000    198.000000    189.000000    998.000000    147.000000    125.000000    190.000000    131.000000    166.000000    160.000000    219.000000    100.000000    380.000000    332.000000   1427.000000    470.000000    649.000000    422.000000    206.000000    267.000000    374.000000    456.000000    435.000000    267.000000    316.000000    188.000000    208.000000    286.000000    299.000000    487.000000    805.000000   7349.000000   8789.000000    671.000000    587.000000    442.000000    535.000000    502.000000    372.000000    540.000000    400.000000    938.000000    644.000000    562.000000    345.000000    139.000000    139.000000    489.000000    643.000000    424.000000    473.000000    370.000000    337.000000    383.000000    474.000000    222.000000    296.000000    156.000000    227.000000    187.000000    274.000000    171.000000    146.000000     93.000000    113.000000
   583.408691    464.000000    422.000000    467.000000    531.000000    501.000000    464.000000    456.000000    531.000000    572.000000    553.000000    651.000000    442.000000    463.000000    483.000000    540.000000    865.000000    608.000000   2198.000000    954.000000    545.000000    490.000000    381.000000    456.000000    616.000000    323.000000    415.000000    937.000000    636.000000    587.000000    411.000000    174.000000    150.000000    465.000000    350.000000    297.000000     81.000000    631.000000    326.000000    202.000000     85.000000     92.000000     81.000000     95.000000    172.000000    174.000000    165.000000    156.000000    153.000000    252.000000     21.000000     14.000000    229.000000    208.000000    234.000000    132.000000    234.000000    146.000000    182.000000    144.000000     99.000000     72.000000     46.000000     33.000000     65.000000     88.000000    110.000000    105.000000    193.000000    275.000000    172.000000    206.000000    260.000000    113.000000    170.000000    211.000000    282.000000    234.000000    230.000000    270.000000    204.000000    264.000000    221.000000    202.000000    189.000000    972.000000    153.000000     99.000000    163.000000    191.000000    154.000000    157.000000    226.000000    106.000000    361.000000    354.000000   1468.000000    446.000000    695.000000    429.000000    194.000000    300.000000    348.000000    497.000000    479.000000    284.000000    338.000000    197.000000    179.000000    278.000000    347.000000    489.000000    814.000000   7344.000000   8647.000000    678.000000    545.000000    486.000000    535.000000    537.000000    380.000000    506.000000    360.000000    936.000000    644.000000    549.000000    269.000000    161.000000    127.000000    475.000000    586.000000    435.000000    426.000000    322.000000    336.000000    435.000000    442.000000    239.000000    307.000000    165.000000    218.000000    161.000000    227.000000    142.000000    169.000000    105.000000    119.000000
   584.676025    456.000000    422.000000    481.000000    497.000000    468.000000    451.000000    438.000000    553.000000    528.000000    544.000000    674.000000    466.000000    451.000000    471.000000    576.000000    808.000000    644.000000   2157.000000    943.000000    589.000000    484.000000    408.000000    468.000000    618.000000    302.000000    473.000000    924.000000    607.000000    530.000000    372.000000    185.000000    171.000000    456.000000    383.000000    350.000000    108.000000    643.000000    335.000000    186.000000    101.000000     79.000000     87.000000     97.000000    186.000000    146.000000    151.000000    212.000000    155.000000    240.000000     13.000000     22.000000    208.000000    181.000000    230.000000    152.000000    303.000000    148.000000    168.000000    136.000000    120.000000     66.000000     57.000000     19.000000     99.000000     53.000000     92.000000    115.000000    183.000000    293.000000    149.000000    168.000000    270.000000    147.000000    139.000000    218.000000    267.000000    221.000000    221.000000    244.000000    212.000000    284.000000    228.000000    202.000000    168.000000    913.000000    124.000000    110.000000    197.000000    143.000000    158.000000    148.000000    216.000000     97.000000    319.000000    352.000000   1489.000000    464.000000    660.000000    395.000000    166.000000    296.000000    345.000000    475.000000    470.000000    286.000000    333.000000    235.000000    166.000000    287.000000    304.000000    548.000000    753.000000   7366.000000   8631.000000    662.000000    589.000000    475.000000    508.000000    479.000000    398.000000    468.000000    409.000000    945.000000    628.000000    634.000000    311.000000    133.000000    159.000000    521.000000    623.000000    429.000000    419.000000    348.000000    367.000000    380.000000    422.000000    285.000000    304.000000    168.000000    208.000000    156.000000    233.000000    166.000000    127.000000     79.000000     75.000000
   585.943970    477.000000    384.000000    456.000000    486.000000    496.000000    484.000000    501.000000    566.000000    516.000000    536.000000    677.000000    435.000000    475.000000    429.000000    585.000000    865.000000    668.000000   2266.000000    880.000000    578.000000    448.000000    404.000000    454.000000    631.000000    304.000000    445.000000    929.000000    607.000000    602.000000    393.000000    222.000000    133.000000    450.000000    346.000000    341.000000     94.000000    647.000000    328.000000    193.000000     97.000000     91.000000     93.000000    106.000000    164.000000    196.000000    200.000000    189.000000    180.000000    246.000000      4.000000     26.000000    244.000000    250.000000    204.000000    148.000000    300.000000    156.000000    177.000000    132.000000    104.000000     66.000000     55.000000     42.000000     88.000000     53.000000     89.000000    117.000000    151.000000    294.000000    164.000000    181.000000    244.000000    150.000000    136.000000    252.000000    300.000000    227.000000    223.000000    238.000000    209.000000    281.000000    225.000000    223.000000    175.000000    985.000000    129.000000     78.000000    189.000000    132.000000    157.000000    149.000000    238.000000    122.000000    355.000000    336.000000   1366.000000    471.000000    680.000000    385.000000    227.000000    268.000000    409.000000    516.000000    414.000000    223.000000    312.000000    211.000000    195.000000    309.000000    318.000000    465.000000    781.000000   7423.000000   8647.000000    672.000000    578.000000    488.000000    542.000000    473.000000    378.000000    473.000000    367.000000    901.000000    644.000000    639.000000    296.000000    165.000000    153.000000    510.000000    587.000000    430.000000    459.000000    353.000000    314.000000    388.000000    443.000000    202.000000    285.000000    125.000000    189.000000    164.000000    229.000000    132.000000    153.000000     95.000000    100.000000
   587.212402    440.000000    426.000000    428.000000    515.000000    463.000000    475.000000    486.000000    608.000000    570.000000    536.000000    687.000000    409.000000    465.000000    446.000000    496.000000    915.000000    655.000000   2205.000000    883.000000    557.000000    467.000000    382.000000    471.000000    588.000000    299.000000    442.000000    956.000000    610.000000    547.000000    342.000000    178.000000    167.000000    446.000000    367.000000    392.000000     96.000000    645.000000    347.000000    204.000000     82.000000     88.000000    100.000000    108.000000    171.000000    147.000000    187.000000    184.000000    152.000000    251.000000     24.000000     15.000000    226.000000    217.000000    222.000000    158.000000    278.000000    142.000000    181.000000    172.000000     91.000000     68.000000     45.000000     31.000000     86.000000     70.000000     84.000000     94.000000    179.000000    294.000000    157.000000    143.000000    228.000000    177.000000    160.000000    265.000000    288.000000    254.000000    229.000000    266.000000    198.000000    270.000000    245.000000    190.000000    162.000000   1021.000000    146.000000     90.000000    158.000000    131.000000    141.000000    139.000000    168.000000    109.000000    382.000000    332.000000   1446.000000    442.000000    663.000000    422.000000    179.000000    257.000000    359.000000    489.000000    460.000000    253.000000    304.000000    233.000000    170.000000    292.000000    326.000000    435.000000    817.000000   7363.000000   8731.000000    661.000000    557.000000    461.000000    531.000000    470.000000    389.000000    471.000000    442.000000    936.000000    653.000000    679.000000    340.000000    133.000000    111.000000    492.000000    568.000000    432.000000    492.000000    310.000000    346.000000    411.000000    447.000000    266.000000    338.000000    133.000000    203.000000    165.000000    247.000000    160.000000    145.000000    105.000000    101.000000
   588.481323    438.000000    358.000000    432.000000    482.000000    476.000000    423.000000    529.000000    554.000000    593.000000    594.000000    685.000000    483.000000    443.000000    463.000000    518.000000    845.000000    706.000000   2185.000000    923.000000    599.000000    473.000000    331.000000    437.000000    611.000000    309.000000    465.000000    914.000000    613.000000    598.000000    412.000000    194.000000    130.000000    411.000000    328.000000    359.000000     91.000000    665.000000    316.000000    209.000000     94.000000     77.000000     85.000000    111.000000    154.000000    143.000000    179.000000    204.000000    160.000000    238.000000     12.000000      8.000000    225.000000    244.000000    209.000000    155.000000    245.000000    137.000000    147.000000    133.000000    102.000000     64.000000     51.000000     16.000000     85.000000     67.000000    138.000000    112.000000    154.000000    296.000000    167.000000    207.000000    260.000000    158.000000    150.000000    240.000000    263.000000    221.000000    245.000000    291.000000    233.000000    283.000000    228.000000    212.000000    176.000000    987.000000    128.000000     84.000000    199.000000    151.000000    127.000000    156.000000    202.000000     89.000000    382.000000    336.000000   1429.000000    470.000000    660.000000    454.000000    169.000000    260.000000    365.000000    464.000000    472.000000    271.000000    289.000000    222.000000    160.000000    271.000000    319.000000    508.000000    827.000000   7446.000000   8836.000000    709.000000    599.000000    469.000000    517.000000    448.000000    381.000000    488.000000    402.000000    882.000000    667.000000    646.000000    338.000000    178.000000    134.000000    567.000000    612.000000    444.000000    458.000000    326.000000    312.000000    403.000000    446.000000    310.000000    332.000000    134.000000    183.000000    193.000000    219.000000    148.000000    187.000000     85.000000    127.000000
   589.750610    517.000000    432.000000    462.000000    511.000000    511.000000    476.000000    449.000000    574.000000    553.000000    560.000000    705.000000    435.000000    433.000000    464.000000    567.000000    857.000000    686.000000   2203.000000    930.000000    540.000000    447.000000    369.000000    508.000000    582.000000    305.000000    452.000000    905.000000    587.000000    549.000000    391.000000    195.000000    160.000000    487.000000    380.000000    412.000000     86.000000    613.000000    350.000000    207.000000     81.000000    107.000000     86.000000    106.000000    174.000000    168.000000    160.000000    186.000000    161.000000    249.000000      8.000000      1.000000    273.000000    208.000000    174.000000    164.000000    300.000000    153.000000    183.000000    134.000000     86.000000     73.000000     33.000000     33.000000     93.000000     63.000000    125.000000    124.000000    164.000000    310.000000    168.000000    198.000000    258.000000    170.000000    155.000000    233.000000    302.000000    236.000000    212.000000    266.000000    227.000000    288.000000    226.000000    174.000000    138.000000    942.000000    158.000000    106.000000    165.000000    147.000000    142.000000    135.000000    219.000000    102.000000    371.000000    332.000000   1419.000000    440.000000    653.000000    446.000000    192.000000    280.000000    331.000000    469.000000    448.000000    282.000000    322.000000    233.000000    160.000000    292.000000    323.000000    492.000000    829.000000   7650.000000   8826.000000    620.000000    540.000000    493.000000    505.000000    419.000000    364.000000    487.000000    373.000000    906.000000    653.000000    640.000000    323.000000    147.000000    119.000000    575.000000    570.000000    411.000000    450.000000    328.000000    281.000000    429.000000    447.000000    271.000000    328.000000    167.000000    183.000000    166.000000    203.000000    191.000000    161.000000     91.000000     95.000000
   591.020508    521.000000    453.000000    462.000000    524.000000    479.000000    480.000000    445.000000    593.000000    588.000000    556.000000    670.000000    416.000000    460.000000    420.000000    548.000000    832.000000    678.000000   2212.000000    894.000000    595.000000    479.000000    374.000000    435.000000    595.000000    288.000000    459.000000    937.000000    633.000000    550.000000    407.000000    208.000000    140.000000    492.000000    334.000000    377.000000     98.000000    671.000000    293.000000    161.000000     99.000000     89.000000     86.000000     94.000000    156.000000    164.000000    151.000000    193.000000    166.000000    253.000000     14.000000      1.000000    255.000000    248.000000    204.000000    167.000000    284.000000    153.000000    177.000000    141.000000     99.000000     77.000000     69.000000     36.000000     80.000000     83.000000     95.000000    114.000000    173.000000    325.000000    186.000000    168.000000    257.000000    116.000000    145.000000    211.000000    308.000000    234.000000    217.000000    278.000000    226.000000    269.000000    215.000000    177.000000    150.000000    926.000000    141.000000     93.000000    167.000000    112.000000    140.000000    144.000000    220.000000    127.000000    386.000000    360.000000   1488.000000    506.000000    698.000000    449.000000    186.000000    261.000000    343.000000    446.000000    467.000000    256.000000    303.000000    214.000000    151.000000    261.000000    301.000000    439.000000    821.000000   7560.000000   8818.000000    630.000000    595.000000    524.000000    549.000000    464.000000    415.000000    526.000000    398.000000    924.000000    645.000000    666.000000    319.000000    164.000000    111.000000    496.000000    615.000000    433.000000    423.000000    354.000000    326.000000    435.000000    462.000000    243.000000    277.000000    176.000000    226.000000    164.000000    282.000000    165.000000    160.000000     78.000000    115.000000
   592.290771    481.000000    456.000000    517.000000    513.000000    482.000000    502.000000    480.000000    581.000000    550.000000    505.000000    690.000000    462.000000    461.000000    447.000000    541.000000    842.000000    688.000000   2224.000000    872.000000    569.000000    458.000000    411.000000    447.000000    571.000000    295.000000    485.000000    941.000000    643.000000    607.000000    383.000000    192.000000    163.000000    474.000000    377.000000    412.000000    116.000000    681.000000    331.000000    186.000000    109.000000     92.000000     88.000000    110.000000    160.000000    187.000000    188.000000    186.000000    122.000000    269.000000     10.000000     16.000000    221.000000    218.000000    222.000000    164.000000    294.000000    137.000000    194.000000    114.000000    117.000000     92.000000     59.000000     29.000000    104.000000     89.000000    104.000000    135.000000    198.000000    316.000000    161.000000    176.000000    282.000000    133.000000    142.000000    260.000000    290.000000    217.000000    241.000000    269.000000    238.000000    254.000000    263.000000    219.000000    157.000000    915.000000    182.000000    100.000000    154.000000    154.000000    138.000000    160.000000    202.000000     83.000000    412.000000    351.000000   1444.000000    454.000000    668.000000    434.000000    190.000000    250.000000    383.000000    424.000000    438.000000    285.000000    302.000000    244.000000    148.000000    290.000000    346.000000    496.000000    826.000000   7735.000000   8923.000000    660.000000    569.000000    481.000000    483.000000    431.000000    352.000000    454.000000    400.000000    966.000000    680.000000    692.000000    381.000000    162.000000    138.000000    454.000000    618.000000    415.000000    479.000000    352.000000    309.000000    442.000000    467.000000    288.000000    344.000000    144.000000    235.000000    159.000000    222.000000    151.000000    147.000000    108.000000     87.000000
   593.561584    471.000000    435.000000    452.000000    485.000000    457.000000    477.000000    514.000000    550.000000    564.000000    544.000000    686.000000    458.000000    434.000000    475.000000    629.000000    849.000000    677.000000   2236.000000    892.000000    586.000000    465.000000    405.000000    442.000000    614.000000    349.000000    499.000000   1018.000000    626.000000    578.000000    427.000000    179.000000    129.000000    465.000000    359.000000    382.000000     76.000000    642.000000    357.000000    183.000000    116.000000    106.000000    104.000000    124.000000    165.000000    200.000000    159.000000    171.000000    172.000000    273.000000     17.000000      2.000000    218.000000    206.000000    193.000000    171.000000    300.000000    151.000000    193.000000    135.000000    101.000000     90.000000     74.000000     37.000000    108.000000     62.000000    129.000000    104.000000    166.000000    315.000000    167.000000    157.000000    259.000000    160.000000    189.000000    260.000000    278.000000    240.000000    242.000000    279.000000    228.000000    262.000000    253.000000    221.000000    153.000000    976.000000    162.000000    101.000000    159.000000    161.000000    162.000000    115.000000    243.000000    131.000000    377.000000    334.000000   1489.000000    436.000000    632.000000    459.000000    203.000000    320.000000    406.000000    478.000000    450.000000    308.000000    353.000000    250.000000    200.000000    276.000000    340.000000    517.000000    774.000000   7632.000000   8997.000000    650.000000    586.000000    539.000000    576.000000    432.000000    372.000000    541.000000    393.000000    953.000000    673.000000    687.000000    351.000000    183.000000    137.000000    540.000000    631.000000    412.000000    481.000000    336.000000    297.000000    446.000000    445.000000    302.000000    346.000000    172.000000    202.000000    195.000000    251.000000    178.000000    173.000000     93.000000     69.000000
   594.832886    515.000000    463.000000    514.000000    512.000000    497.000000    417.000000    461.000000    536.000000    531.000000    554.000000    734.000000    469.000000    446.000000    506.000000    574.000000    793.000000    727.000000   2268.000000    919.000000    574.000000    448.000000    404.000000    447.000000    587.000000    276.000000    476.000000    933.000000    667.000000    580.000000    377.000000    199.000000    124.000000    498.000000    412.000000    383.000000     91.000000    658.000000    329.000000    207.000000    102.000000     82.000000     80.000000     79.000000    148.000000    168.000000    164.000000    196.000000    178.000000    243.000000     -7.000000     17.000000    240.000000    196.000000    232.000000    159.000000    293.000000    163.000000    160.000000    133.000000    109.000000     81.000000     62.000000     33.000000    106.000000     89.000000    119.000000    109.000000    176.000000    341.000000    159.000000    205.000000    267.000000    154.000000    163.000000    271.000000    291.000000    229.000000    236.000000    311.000000    226.000000    250.000000    240.000000    209.000000    132.000000    937.000000    175.000000    102.000000    187.000000    150.000000    135.000000    159.000000    231.000000    137.000000    380.000000    362.000000   1448.000000    459.000000    700.000000    451.000000    202.000000    273.000000    425.000000    424.000000    420.000000    281.000000    321.000000    218.000000    202.000000    333.000000    329.000000    497.000000    849.000000   7858.000000   8984.000000    677.000000    574.000000    501.000000    526.000000    473.000000    383.000000    499.000000    362.000000    926.000000    633.000000    658.000000    440.000000    171.000000    134.000000    534.000000    678.000000    430.000000    502.000000    375.000000    341.000000    461.000000    463.000000    271.000000    350.000000    180.000000    233.000000    199.000000    203.000000    167.000000    172.000000    123.000000     90.000000
   596.104614    482.000000    445.000000    501.000000    510.000000    489.000000    521.000000    478.000000    551.000000    563.000000    560.000000    712.000000    498.000000    453.000000    499.000000    551.000000    779.000000    697.000000   2219.000000    966.000000    578.000000    482.000000    374.000000    477.000000    566.000000    315.000000    493.000000    968.000000    608.000000    573.000000    401.000000    147.000000    150.000000    464.000000    376.000000    422.000000     96.000000    651.000000    308.000000    166.000000    134.000000     87.000000     87.000000    120.000000    192.000000    178.000000    203.000000    189.000000    168.000000    262.000000     15.000000     21.000000    244.000000    258.000000    196.000000    180.000000    281.000000    156.000000    199.000000    148.000000    140.000000     69.000000     31.000000     25.000000    101.000000     76.000000    135.000000    109.000000    179.000000    346.000000    148.000000    149.000000    273.000000    175.000000    186.000000    239.000000    291.000000    234.000000    230.000000    260.000000    233.000000    275.000000    245.000000    175.000000    139.000000    907.000000    135.000000    108.000000    187.000000    151.000000    176.000000    155.000000    215.000000    103.000000    415.000000    349.000000   1482.000000    460.000000    648.000000    461.000000    179.000000    253.000000    347.000000    450.000000    439.000000    279.000000    299.000000    206.000000    198.000000    303.000000    345.000000    533.000000    808.000000   7920.000000   9116.000000    632.000000    578.000000    482.000000    535.000000    482.000000    426.000000    513.000000    368.000000    971.000000    623.000000    657.000000    398.000000    208.000000    146.000000    598.000000    657.000000    422.000000    469.000000    392.000000    313.000000    412.000000    510.000000    268.000000    331.000000    181.000000    205.000000    180.000000    250.000000    183.000000    175.000000    106.000000    107.000000
   597.376892    450.000000    483.000000    512.000000    519.000000    483.000000    454.000000    486.000000    552.000000    532.000000    534.000000    728.000000    470.000000    460.000000    456.000000    568.000000    833.000000    717.000000   2337.000000    978.000000    540.000000    421.000000    398.000000    443.000000    621.000000    310.000000    471.000000    922.000000    657.000000    584.000000    401.000000    200.000000    120.000000    499.000000    325.000000    386.000000     93.000000    685.000000    300.000000    163.000000    126.000000     99.000000    100.000000    123.000000    174.000000    177.000000    199.000000    203.000000    201.000000    261.000000      5.000000     13.000000    229.000000    241.000000    221.000000    212.000000    295.000000    138.000000    178.000000    145.000000     88.000000     85.000000     81.000000     29.000000     97.000000     72.000000     96.000000    105.000000    169.000000    328.000000    138.000000    157.000000    277.000000    146.000000    181.000000    281.000000    319.000000    227.000000    262.000000    275.000000    263.000000    296.000000    231.000000    178.000000    171.000000    922.000000    161.000000    103.000000    179.000000    113.000000    194.000000    202.000000    248.000000    129.000000    371.000000    290.000000   1530.000000    482.000000    640.000000    405.000000    204.000000    257.000000    383.000000    433.000000    437.000000    280.000000    319.000000    254.000000    162.000000    314.000000    324.000000    484.000000    825.000000   7862.000000   9031.000000    670.000000    540.000000    539.000000    547.000000    450.000000    399.000000    518.000000    330.000000    984.000000    640.000000    704.000000    412.000000    182.000000    124.000000    482.000000    639.000000    459.000000    473.000000    375.000000    309.000000    448.000000    473.000000    266.000000    345.000000    180.000000    232.000000    196.000000    258.000000    150.000000    157.000000    110.000000     94.000000
   598.649597    447.000000    409.000000    480.000000    508.000000    479.000000    502.000000    479.000000    542.000000    526.000000    572.000000    731.000000    490.000000    465.000000    496.000000    558.000000    804.000000    737.000000   2312.000000    918.000000    576.000000    517.000000    389.000000    466.000000    592.000000    318.000000    465.000000    979.000000    644.000000    631.000000    397.000000    217.000000    127.000000    477.000000    386.000000    386.000000    116.000000    666.000000    337.000000    231.000000    121.000000    139.000000    109.000000    121.000000    158.000000    192.000000    187.000000    195.000000    176.000000    259.000000      9.000000     -3.000000    213.000000    226.000000    219.000000    190.000000    320.000000    132.000000    193.000000    115.000000    112.000000     78.000000     68.000000     48.000000    101.000000     70.000000    124.000000    120.000000    176.000000    272.000000    153.000000    163.000000    234.000000    149.000000    183.000000    270.000000    292.000000    200.000000    239.000000    265.000000    253.000000    287.000000    220.000000    208.000000    134.000000    884.000000    163.000000     99.000000    200.000000    151.000000    177.000000    169.000000    235.000000    117.000000    376.000000    366.000000   1448.000000    421.000000    665.000000    437.000000    211.000000    281.000000    379.000000    467.000000    441.000000    296.000000    340.000000    216.000000    145.000000    291.000000    275.000000    482.000000    851.000000   7822.000000   9179.000000    686.000000    576.000000    496.000000    559.000000    452.000000    394.000000    507.000000    376.000000    898.000000    695.000000    694.000000    365.000000    189.000000    125.000000    539.000000    624.000000    462.000000    477.000000    367.000000    292.000000    408.000000    468.000000    307.000000    364.000000    182.000000    229.000000    213.000000    276.000000    174.000000    216.000000    119.000000    106.000000
   599.922791    477.000000    462.000000    473.000000    524.000000    516.000000    463.000000    490.000000    515.000000    560.000000    612.000000    744.000000    473.000000    477.000000    505.000000    551.000000    782.000000    757.000000   2237.000000    880.000000    542.000000    473.000000    408.000000    411.000000    588.000000    306.000000    497.000000    968.000000    618.000000    590.000000    412.000000    215.000000    139.000000    459.000000    363.000000    409.000000     98.000000    633.000000    303.000000    194.000000    106.000000    114.000000    108.000000     96.000000    181.000000    156.000000    164.000000    201.000000    171.000000    219.000000     21.000000     -6.000000    229.000000    222.000000    229.000000    145.000000    305.000000    160.000000    194.000000    112.000000    109.000000     77.000000     58.000000     34.000000     68.000000     84.000000    122.000000    102.000000    179.000000    353.000000    185.000000    185.000000    268.000000    139.000000    168.000000    276.000000    261.000000    217.000000    215.000000    315.000000    240.000000    290.000000    255.000000    196.000000    154.000000    933.000000    160.000000     89.000000    161.000000    154.000000    178.000000    148.000000    221.000000    140.000000    344.000000    315.000000   1526.000000    444.000000    638.000000    440.000000    204.000000    285.000000    390.000000    527.000000    420.000000    256.000000    293.000000    214.000000    150.000000    284.000000    306.000000    490.000000    856.000000   7698.000000   8844.000000    665.000000    542.000000    482.000000    587.000000    450.000000    393.000000    560.000000    431.000000    991.000000    659.000000    659.000000    375.000000    191.000000    129.000000    544.000000    590.000000    436.000000    457.000000    374.000000    306.000000    436.000000    470.000000    296.000000    353.000000    166.000000    252.000000    201.000000    224.000000    153.000000    170.000000    103.000000     90.000000
   601.196472    451.000000    466.000000    513.000000    528.000000    506.000000    438.000000    517.000000    591.000000    562.000000    582.000000    723.000000    437.000000    461.000000    468.000000    594.000000    792.000000    755.000000   2280.000000    860.000000    551.000000    471.000000    364.000000    484.000000    594.000000    346.000000    492.000000    947.000000    598.000000    630.000000    401.000000    194.000000    178.000000    472.000000    377.000000    391.000000    109.000000    665.000000    331.000000    173.000000    110.000000     97.000000    108.000000    138.000000    163.000000    175.000000    177.000000    161.000000    171.000000    241.000000     17.000000     21.000000    226.000000    243.000000    192.000000    166.000000    284.000000    155.000000    186.000000    144.000000    108.000000     81.000000     74.000000     34.000000    107.000000     71.000000    126.000000    102.000000    158.000000    355.000000    171.000000    178.000000    260.000000    183.000000    175.000000    278.000000    324.000000    229.000000    307.000000    250.000000    249.000000    283.000000    264.000000    207.000000    185.000000    948.000000    170.000000     90.000000    158.000000    154.000000    181.000000    166.000000    178.000000    101.000000    366.000000    297.000000   1445.000000    435.000000    636.000000    459.000000    194.000000    221.000000    393.000000    539.000000    470.000000    229.000000    307.000000    187.000000    166.000000    281.000000    303.000000    491.000000    807.000000   7826.000000   8976.000000    627.000000    551.000000    508.000000    579.000000    440.000000    383.000000    471.000000    374.000000    982.000000    701.000000    666.000000    397.000000    208.000000    168.000000    480.000000    647.000000    425.000000    467.000000    336.000000    290.000000    481.000000    469.000000    293.000000    327.000000    192.000000    256.000000    183.000000    256.000000    203.000000    201.000000    100.000000     87.000000
   602.470581    530.000000    439.000000    503.000000    540.000000    497.000000    456.000000    528.000000    586.000000    569.000000    562.000000    770.000000    464.000000    423.000000    460.000000    522.000000    780.000000    720.000000   2255.000000    842.000000    544.000000    433.000000    326.000000    446.000000    553.000000    263.000000    506.000000    970.000000    628.000000    630.000000    466.000000    218.000000    116.000000    503.000000    336.000000    413.000000     87.000000    695.000000    326.000000    211.000000     97.000000    124.000000    103.000000    130.000000    198.000000    194.000000    176.000000    187.000000    174.000000    265.000000      6.000000     13.000000    230.000000    179.000000    187.000000    186.000000    303.000000    173.000000    214.000000    138.000000     86.000000     70.000000     43.000000     56.000000    105.000000     68.000000    125.000000    134.000000    197.000000    323.000000    174.000000    134.000000    259.000000    159.000000    165.000000    271.000000    364.000000    230.000000    236.000000    271.000000    266.000000    306.000000    242.000000    220.000000    162.000000    905.000000    174.000000    104.000000    161.000000    128.000000    188.000000    127.000000    190.000000    132.000000    404.000000    318.000000   1544.000000    480.000000    634.000000    439.000000    196.000000    327.000000    342.000000    526.000000    504.000000    269.000000    312.000000    224.000000    174.000000    272.000000    297.000000    448.000000    861.000000   7698.000000   9012.000000    656.000000    544.000000    491.000000    552.000000    391.000000    338.000000    516.000000    390.000000   1034.000000    672.000000    668.000000    399.000000    208.000000    157.000000    494.000000    622.000000    424.000000    482.000000    367.000000    335.000000    410.000000    510.000000    302.000000    362.000000    179.000000    253.000000    193.000000    246.000000    194.000000    194.000000     98.000000     99.000000
   603.745300    463.000000    481.000000    535.000000    540.000000    516.000000    490.000000    547.000000    571.000000    541.000000    631.000000    734.000000    466.000000    481.000000    478.000000    555.000000    788.000000    751.000000   2225.000000    879.000000    566.000000    447.000000    376.000000    414.000000    533.000000    295.000000    486.000000   1012.000000    630.000000    627.000000    468.000000    180.000000    128.000000    452.000000    381.000000    398.000000     84.000000    682.000000    310.000000    177.000000    110.000000    110.000000    105.000000    126.000000    179.000000    201.000000    213.000000    190.000000    155.000000    258.000000      7.000000     31.000000    226.000000    226.000000    215.000000    159.000000    354.000000    168.000000    186.000000    125.000000     87.000000     70.000000     60.000000     42.000000     97.000000     63.000000    115.000000    133.000000    205.000000    291.000000    180.000000    193.000000    287.000000    161.000000    183.000000    238.000000    326.000000    254.000000    246.000000    268.000000    269.000000    283.000000    247.000000    188.000000    190.000000    940.000000    172.000000     95.000000    170.000000    158.000000    176.000000    145.000000    207.000000    131.000000    368.000000    355.000000   1475.000000    436.000000    607.000000    436.000000    189.000000    291.000000    328.000000    482.000000    509.000000    214.000000    350.000000    204.000000    173.000000    318.000000    303.000000    444.000000    863.000000   7727.000000   8925.000000    632.000000    566.000000    478.000000    553.000000    440.000000    332.000000    440.000000    350.000000    971.000000    654.000000    711.000000    405.000000    207.000000    145.000000    517.000000    679.000000    422.000000    474.000000    382.000000    296.000000    431.000000    483.000000    290.000000    299.000000    145.000000    240.000000    213.000000    271.000000    201.000000    174.000000    109.000000     86.000000
   605.020386    475.000000    475.000000    464.000000    520.000000    534.000000    482.000000    479.000000    571.000000    586.000000    597.000000    722.000000    455.000000    483.000000    502.000000    532.000000    818.000000    748.000000   2346.000000    886.000000    541.000000    456.000000    379.000000    422.000000    613.000000    306.000000    459.000000    957.000000    654.000000    635.000000    412.000000    157.000000    127.000000    488.000000    327.000000    399.000000     98.000000    696.000000    274.000000    172.000000    130.000000     95.000000    114.000000    126.000000    200.000000    166.000000    169.000000    171.000000    168.000000    302.000000     31.000000     18.000000    213.000000    223.000000    233.000000    157.000000    342.000000    175.000000    213.000000     98.000000     94.000000     78.000000     38.000000     12.000000    115.000000     62.000000    112.000000    119.000000    203.000000    302.000000    154.000000    176.000000    266.000000    190.000000    218.000000    250.000000    317.000000    248.000000    244.000000    259.000000    255.000000    283.000000    248.000000    227.000000    185.000000    896.000000    160.000000    107.000000    155.000000    178.000000    176.000000    125.000000    197.000000    135.000000    373.000000    363.000000   1523.000000    475.000000    616.000000    420.000000    168.000000    260.000000    354.000000    529.000000    483.000000    259.000000    327.000000    180.000000    169.000000    285.000000    280.000000    458.000000    815.000000   7678.000000   8951.000000    640.000000    541.000000    519.000000    560.000000    453.000000    348.000000    447.000000    355.000000    953.000000    595.000000    717.000000    465.000000    201.000000    156.000000    499.000000    643.000000    453.000000    501.000000    352.000000    340.000000    432.000000    468.000000    312.000000    336.000000    165.000000    252.000000    203.000000    264.000000    193.000000    181.000000     68.000000     96.000000
   606.296021    489.000000    480.000000    539.000000    496.000000    543.000000    489.000000    520.000000    610.000000    535.000000    577.000000    727.000000    466.000000    494.000000    518.000000    591.000000    819.000000    720.000000   2307.000000    932.000000    501.000000    460.000000    377.000000    440.000000    557.000000    291.000000    522.000000    982.000000    574.000000    625.000000    449.000000    175.000000    134.000000    555.000000    338.000000    460.000000     96.000000    696.000000    289.000000    186.000000     95.000000    106.000000    100.000000    107.000000    179.000000    197.000000    173.000000    189.000000    172.000000    220.000000     11.000000      7.000000    216.000000    210.000000    249.000000    143.000000    335.000000    154.000000    205.000000    136.000000    118.000000     70.000000     72.000000     50.000000    104.000000     87.000000    123.000000    132.000000    191.000000    310.000000    169.000000    165.000000    289.000000    182.000000    177.000000    270.000000    327.000000    263.000000    264.000000    282.000000    275.000000    272.000000    249.000000    227.000000    169.000000    871.000000    166.000000     93.000000    183.000000    184.000000    172.000000    144.000000    175.000000    122.000000    368.000000    344.000000   1435.000000    436.000000    643.000000    416.000000    237.000000    267.000000    418.000000    510.000000    537.000000    273.000000    375.000000    192.000000    169.000000    323.000000    327.000000    498.000000    826.000000   7797.000000   9013.000000    639.000000    501.000000    530.000000    553.000000    435.000000    336.000000    500.000000    399.000000    979.000000    667.000000    727.000000    397.000000    215.000000    172.000000    517.000000    623.000000    443.000000    457.000000    399.000000    288.000000    485.000000    486.000000    294.000000    344.000000    171.000000    278.000000    215.000000    264.000000    158.000000    186.000000    106.000000     94.000000
   607.572083    503.000000    431.000000    516.000000    538.000000    539.000000    481.000000    517.000000    609.000000    615.000000    551.000000    787.000000    511.000000    514.000000    511.000000    604.000000    794.000000    699.000000   2272.000000    868.000000    523.000000    488.000000    364.000000    463.000000    554.000000    320.000000    513.000000    987.000000    669.000000    632.000000    437.000000    192.000000    135.000000    483.000000    371.000000    433.000000     94.000000    683.000000    308.000000    202.000000     93.000000     83.000000    111.000000    127.000000    198.000000    196.000000    172.000000    189.000000    163.000000    268.000000     20.000000     -4.000000    236.000000    255.000000    218.000000    196.000000    317.000000    178.000000    193.000000    125.000000    115.000000     85.000000     57.000000     47.000000    118.000000     74.000000    134.000000    107.000000    219.000000    339.000000    166.000000    188.000000    264.000000    179.000000    185.000000    276.000000    329.000000    263.000000    241.000000    295.000000    265.000000    310.000000    246.000000    211.000000    167.000000    812.000000    170.000000     78.000000    150.000000    114.000000    169.000000    150.000000    252.000000    149.000000    363.000000    335.000000   1551.000000    446.000000    585.000000    397.000000    162.000000    290.000000    387.000000    537.000000    540.000000    250.000000    364.000000    178.000000    169.000000    299.000000    277.000000    514.000000    830.000000   8011.000000   9135.000000    630.000000    523.000000    472.000000    586.000000    423.000000    369.000000    510.000000    376.000000    981.000000    659.000000    714.000000    400.000000    232.000000    142.000000    538.000000    633.000000    446.000000    445.000000    386.000000    321.000000    491.000000    510.000000    308.000000    369.000000    162.000000    272.000000    215.000000    268.000000    183.000000    183.000000    104.000000    116.000000
   608.848572    524.000000    516.000000    499.000000    547.000000    552.000000    516.000000    516.000000    637.000000    574.000000    557.000000    838.000000    444.000000    487.000000    505.000000    602.000000    785.000000    829.000000   2315.000000    903.000000    482.000000    467.000000    398.000000    450.000000    550.000000    295.000000    505.000000   1020.000000    629.000000    657.000000    440.000000    227.000000    139.000000    522.000000    372.000000    456.000000    100.000000    641.000000    341.000000    165.000000    112.000000     93.000000    108.000000    145.000000    189.000000    187.000000    189.000000    221.000000    155.000000    265.000000      2.000000      5.000000    209.000000    259.000000    227.000000    171.000000    388.000000    199.000000    206.000000    132.000000    139.000000     78.000000     56.000000      9.000000    100.000000     81.000000    126.000000     90.000000    206.000000    318.000000    187.000000    175.000000    274.000000    197.000000    168.000000    296.000000    340.000000    281.000000    246.000000    291.000000    276.000000    251.000000    268.000000    232.000000    200.000000    856.000000    173.000000    120.000000    155.000000    135.000000    201.000000    136.000000    183.000000    137.000000    393.000000    318.000000   1474.000000    475.000000    644.000000    435.000000    201.000000    243.000000    363.000000    526.000000    492.000000    252.000000    319.000000    195.000000    155.000000    287.000000    282.000000    494.000000    881.000000   7995.000000   9354.000000    679.000000    482.000000    543.000000    591.000000    405.000000    399.000000    514.000000    397.000000    993.000000    689.000000    743.000000    439.000000    214.000000    136.000000    542.000000    658.000000    464.000000    451.000000    403.000000    343.000000    465.000000    550.000000    316.000000    391.000000    173.000000    261.000000    223.000000    255.000000    186.000000    204.000000    101.000000    130.000000
   610.125671    494.000000    523.000000    545.000000    511.000000    519.000000    469.000000    552.000000    600.000000    616.000000    583.000000    798.000000    532.000000    521.000000    547.000000    600.000000    808.000000    716.000000   2389.000000    857.000000    551.000000    483.000000    368.000000    433.000000    592.000000    298.000000    529.000000   1033.000000    594.000000    679.000000    436.000000    184.000000    133.000000    516.000000    403.000000    440.000000    109.000000    666.000000    354.000000    163.000000    100.000000     96.000000    113.000000    117.000000    184.000000    196.000000    190.000000    209.000000    178.000000    283.000000      4.000000      9.000000    264.000000    231.000000    246.000000    168.000000    388.000000    190.000000    221.000000    165.000000    143.000000    119.000000     66.000000     51.000000    105.000000    101.000000    113.000000    108.000000    212.000000    343.000000    154.000000    148.000000    314.000000    165.000000    189.000000    269.000000    358.000000    257.000000    264.000000    340.000000    288.000000    316.000000    288.000000    204.000000    189.000000    857.000000    163.000000    109.000000    184.000000    148.000000    173.000000    121.000000    226.000000    118.000000    402.000000    386.000000   1437.000000    529.000000    656.000000    423.000000    184.000000    278.000000    379.000000    551.000000    608.000000    263.000000    363.000000    192.000000    165.000000    322.000000    312.000000    504.000000    834.000000   8270.000000   9431.000000    672.000000    551.000000    469.000000    566.000000    390.000000    356.000000    509.000000    371.000000    990.000000    644.000000    739.000000    422.000000    185.000000    145.000000    542.000000    694.000000    458.000000    472.000000    356.000000    308.000000    468.000000    544.000000    319.000000    364.000000    163.000000    262.000000    211.000000    266.000000    184.000000    206.000000    123.000000     86.000000
   611.403198    584.000000    491.000000    573.000000    595.000000    551.000000    502.000000    555.000000    654.000000    602.000000    615.000000    832.000000    527.000000    478.000000    540.000000    623.000000    840.000000    787.000000   2441.000000    888.000000    534.000000    479.000000    363.000000    449.000000    594.000000    296.000000    558.000000   1021.000000    672.000000    656.000000    480.000000    198.000000    139.000000    500.000000    370.000000    445.000000    118.000000    661.000000    331.000000    175.000000    123.000000    105.000000    127.000000    114.000000    175.000000    228.000000    196.000000    187.000000    181.000000    267.000000     29.000000     27.000000    240.000000    260.000000    236.000000    162.000000    358.000000    167.000000    227.000000    168.000000    120.000000     96.000000     71.000000     40.000000    117.000000     96.000000    117.000000    112.000000    194.000000    363.000000    151.000000    171.000000    269.000000    178.000000    204.000000    289.000000    340.000000    251.000000    289.000000    311.000000    288.000000    352.000000    251.000000    251.000000    187.000000    876.000000    164.000000     98.000000    177.000000    148.000000    179.000000    156.000000    201.000000    100.000000    406.000000    334.000000   1436.000000    498.000000    705.000000    408.000000    166.000000    303.000000    383.000000    545.000000    518.000000    278.000000    365.000000    210.000000    192.000000    295.000000    241.000000    510.000000    860.000000   8278.000000   9626.000000    701.000000    534.000000    516.000000    584.000000    385.000000    333.000000    518.000000    359.000000    957.000000    682.000000    744.000000    423.000000    180.000000    123.000000    553.000000    680.000000    430.000000    458.000000    391.000000    335.000000    499.000000    555.000000    332.000000    345.000000    184.000000    250.000000    227.000000    259.000000    189.000000    175.000000    109.000000    121.000000
   612.681213    544.000000    544.000000    549.000000    562.000000    594.000000    499.000000    578.000000    629.000000    640.000000    655.000000    789.000000    500.000000    517.000000    546.000000    658.000000    805.000000    755.000000   2486.000000    839.000000    561.000000    469.000000    401.000000    478.000000    622.000000    313.000000    535.000000   1007.000000    644.000000    692.000000    481.000000    208.000000    130.000000    552.000000    368.000000    468.000000    110.000000    670.000000    344.000000    224.000000    109.000000     95.000000     95.000000    141.000000    179.000000    209.000000    173.000000    202.000000    150.000000    284.000000     22.000000     14.000000    257.000000    229.000000    270.000000    171.000000    357.000000    199.000000    203.000000    155.000000    147.000000     82.000000     67.000000     55.000000    125.000000     79.000000    138.000000    109.000000    205.000000    337.000000    169.000000    198.000000    317.000000    166.000000    204.000000    323.000000    363.000000    248.000000    267.000000    333.000000    277.000000    332.000000    290.000000    226.000000    216.000000    853.000000    182.000000    105.000000    183.000000    178.000000    188.000000    124.000000    214.000000    130.000000    401.000000    372.000000   1452.000000    467.000000    656.000000    451.000000    184.000000    302.000000    419.000000    542.000000    566.000000    268.000000    328.000000    200.000000    160.000000    355.000000    342.000000    480.000000    857.000000   8503.000000   9419.000000    676.000000    561.000000    525.000000    571.000000    409.000000    366.000000    518.000000    382.000000    982.000000    640.000000    724.000000    451.000000    201.000000    159.000000    545.000000    685.000000    498.000000    484.000000    391.000000    361.000000    515.000000    556.000000    321.000000    379.000000    198.000000    308.000000    225.000000    302.000000    216.000000    192.000000    114.000000    106.000000
   613.959717    629.000000    558.000000    585.000000    601.000000    593.000000    521.000000    662.000000    625.000000    667.000000    651.000000    874.000000    553.000000    520.000000    583.000000    624.000000    877.000000    863.000000   2494.000000    892.000000    592.000000    452.000000    372.000000    472.000000    619.000000    326.000000    577.000000   1028.000000    629.000000    654.000000    483.000000    196.000000    157.000000    543.000000    413.000000    479.000000    111.000000    753.000000    363.000000    215.000000    127.000000    105.000000    117.000000    134.000000    181.000000    204.000000    192.000000    207.000000    195.000000    271.000000     22.000000      7.000000    258.000000    264.000000    226.000000    182.000000    367.000000    224.000000    240.000000    155.000000    155.000000     55.000000     66.000000     33.000000    122.000000     99.000000    130.000000     94.000000    214.000000    333.000000    167.000000    189.000000    271.000000    168.000000    195.000000    330.000000    374.000000    271.000000    316.000000    350.000000    296.000000    341.000000    313.000000    238.000000    193.000000    833.000000    171.000000     96.000000    195.000000    115.000000    180.000000    127.000000    184.000000    132.000000    402.000000    367.000000   1554.000000    497.000000    639.000000    422.000000    198.000000    302.000000    370.000000    582.000000    581.000000    276.000000    357.000000    204.000000    179.000000    302.000000    268.000000    513.000000    962.000000   8553.000000   9727.000000    714.000000    592.000000    527.000000    542.000000    420.000000    363.000000    495.000000    331.000000    960.000000    703.000000    770.000000    459.000000    223.000000    161.000000    583.000000    695.000000    446.000000    514.000000    410.000000    350.000000    505.000000    612.000000    332.000000    373.000000    182.000000    306.000000    256.000000    271.000000    208.000000    217.000000    103.000000    115.000000
   615.238586    625.000000    565.000000    569.000000    584.000000    568.000000    498.000000    582.000000    667.000000    662.000000    687.000000    881.000000    508.000000    563.000000    563.000000    614.000000    826.000000    831.000000   2544.000000    921.000000    570.000000    521.000000    373.000000    469.000000    608.000000    315.000000    481.000000   1024.000000    705.000000    718.000000    517.000000    193.000000    159.000000    547.000000    420.000000    491.000000     98.000000    723.000000    345.000000    192.000000    108.000000    101.000000     96.000000    132.000000    190.000000    205.000000    194.000000    193.000000    184.000000    268.000000      3.000000     10.000000    254.000000    266.000000    276.000000    145.000000    360.000000    193.000000    194.000000    171.000000    133.000000     92.000000     76.000000     31.000000     99.000000     74.000000    114.000000    114.000000    203.000000    334.000000    170.000000    181.000000    267.000000    185.000000    183.000000    335.000000    366.000000    298.000000    279.000000    343.000000    341.000000    349.000000    317.000000    285.000000    198.000000    845.000000    187.000000    107.000000    205.000000    184.000000    200.000000    160.000000    193.000000    101.000000    444.000000    407.000000   1534.000000    492.000000    672.000000    449.000000    189.000000    284.000000    412.000000    549.000000    585.000000    293.000000    373.000000    225.000000    170.000000    329.000000    296.000000    513.000000    919.000000   8684.000000   9737.000000    689.000000    570.000000    566.000000    544.000000    436.000000    364.000000    526.000000    367.000000   1036.000000    703.000000    717.000000    499.000000    193.000000    159.000000    573.000000    672.000000    468.000000    472.000000    404.000000    314.000000    515.000000    645.000000    331.000000    386.000000    202.000000    270.000000    229.000000    257.000000    172.000000    220.000000    132.000000     92.000000
   616.518127    591.000000    616.000000    577.000000    587.000000    537.000000    526.000000    564.000000    654.000000    689.000000    721.000000    870.000000    510.000000    507.000000    582.000000    658.000000    872.000000    835.000000   2574.000000    888.000000    558.000000    486.000000    402.000000    487.000000    623.000000    323.000000    596.000000   1020.000000    690.000000    703.000000    509.000000    191.000000    166.000000    487.000000    398.000000    457.000000    101.000000    747.000000    300.000000    192.000000     86.000000    127.000000     95.000000    152.000000    229.000000    194.000000    199.000000    185.000000    181.000000    275.000000     14.000000     12.000000    272.000000    253.000000    259.000000    148.000000    372.000000    202.000000    247.000000    139.000000    144.000000     89.000000     57.000000     28.000000     79.000000     94.000000    123.000000    129.000000    206.000000    339.000000    203.000000    170.000000    273.000000    177.000000    236.000000    331.000000    356.000000    259.000000    292.000000    372.000000    300.000000    327.000000    319.000000    261.000000    233.000000    856.000000    190.000000     84.000000    206.000000    166.000000    201.000000    118.000000    208.000000    123.000000    416.000000    357.000000   1560.000000    500.000000    666.000000    425.000000    199.000000    281.000000    404.000000    556.000000    562.000000    276.000000    350.000000    208.000000    181.000000    309.000000    268.000000    491.000000    889.000000   8866.000000  10026.000000    740.000000    558.000000    519.000000    594.000000    435.000000    368.000000    499.000000    376.000000   1038.000000    696.000000    808.000000    528.000000    203.000000    150.000000    628.000000    725.000000    456.000000    515.000000    400.000000    351.000000    495.000000    609.000000    340.000000    375.000000    195.000000    283.000000    263.000000    270.000000    212.000000    189.000000     96.000000     97.000000
   617.797974    607.000000    573.000000    582.000000    572.000000    580.000000    558.000000    601.000000    687.000000    669.000000    694.000000    892.000000    560.000000    551.000000    582.000000    633.000000    867.000000    879.000000   2587.000000    848.000000    587.000000    482.000000    375.000000    474.000000    652.000000    330.000000    570.000000    991.000000    644.000000    745.000000    530.000000    199.000000    144.000000    544.000000    386.000000    434.000000     78.000000    662.000000    310.000000    193.000000    129.000000    115.000000    106.000000    166.000000    196.000000    194.000000    226.000000    160.000000    200.000000    274.000000     12.000000     17.000000    248.000000    259.000000    230.000000    141.000000    388.000000    212.000000    190.000000    172.000000    136.000000    101.000000     69.000000     46.000000    126.000000     93.000000    149.000000    136.000000    183.000000    353.000000    177.000000    217.000000    304.000000    204.000000    213.000000    319.000000    370.000000    302.000000    279.000000    357.000000    338.000000    337.000000    292.000000    260.000000    196.000000    834.000000    179.000000    117.000000    137.000000    161.000000    202.000000    140.000000    227.000000     99.000000    478.000000    376.000000   1491.000000    510.000000    667.000000    410.000000    186.000000    279.000000    401.000000    580.000000    510.000000    235.000000    345.000000    227.000000    185.000000    298.000000    302.000000    478.000000    899.000000   8550.000000   9991.000000    711.000000    587.000000    544.000000    592.000000    400.000000    361.000000    542.000000    364.000000   1003.000000    742.000000    832.000000    484.000000    226.000000    154.000000    615.000000    744.000000    496.000000    482.000000    443.000000    332.000000    537.000000    619.000000    362.000000    417.000000    213.000000    293.000000    272.000000    296.000000    196.000000    195.000000    107.000000    102.000000
   619.078430    573.000000    583.000000    577.000000    593.000000    608.000000    544.000000    598.000000    690.000000    694.000000    733.000000    866.000000    557.000000    583.000000    591.000000    621.000000    911.000000    828.000000   2608.000000    840.000000    535.000000    514.000000    363.000000    477.000000    560.000000    324.000000    555.000000   1022.000000    644.000000    660.000000    583.000000    243.000000    112.000000    530.000000    400.000000    453.000000    126.000000    644.000000    314.000000    208.000000    116.000000     88.000000    128.000000    157.000000    173.000000    231.000000    232.000000    169.000000    171.000000    267.000000     20.000000     11.000000    298.000000    291.000000    248.000000    166.000000    329.000000    184.000000    200.000000    133.000000    135.000000     97.000000     69.000000     37.000000    110.000000    108.000000    116.000000    107.000000    232.000000    368.000000    171.000000    177.000000    296.000000    169.000000    185.000000    302.000000    344.000000    299.000000    293.000000    352.000000    322.000000    336.000000    304.000000    267.000000    224.000000    900.000000    175.000000     90.000000    169.000000    151.000000    201.000000    132.000000    199.000000    126.000000    444.000000    397.000000   1520.000000    479.000000    630.000000    421.000000    185.000000    298.000000    401.000000    587.000000    572.000000    256.000000    347.000000    218.000000    171.000000    294.000000    285.000000    506.000000    933.000000   8873.000000   9919.000000    766.000000    535.000000    542.000000    583.000000    446.000000    401.000000    509.000000    379.000000   1036.000000    789.000000    856.000000    496.000000    204.000000    163.000000    614.000000    807.000000    527.000000    501.000000    418.000000    317.000000    500.000000    644.000000    394.000000    387.000000    200.000000    314.000000    235.000000    261.000000    216.000000    221.000000    108.000000    115.000000
   620.359314    629.000000    571.000000    590.000000    626.000000    641.000000    576.000000    592.000000    659.000000    703.000000    683.000000    928.000000    598.000000    571.000000    580.000000    668.000000    899.000000    866.000000   2580.000000    813.000000    554.000000    493.000000    356.000000    473.000000    623.000000    294.000000    519.000000    941.000000    647.000000    720.000000    548.000000    165.000000    130.000000    538.000000    385.000000    484.000000    114.000000    677.000000    342.000000    208.000000    139.000000    118.000000     94.000000    124.000000    167.000000    232.000000    232.000000    191.000000    190.000000    231.000000      5.000000     28.000000    274.000000    269.000000    253.000000    169.000000    372.000000    193.000000    212.000000    133.000000    123.000000     83.000000     65.000000     18.000000    112.000000     93.000000    143.000000    101.000000    210.000000    369.000000    169.000000    167.000000    291.000000    173.000000    205.000000    358.000000    376.000000    302.000000    279.000000    333.000000    348.000000    368.000000    311.000000    282.000000    193.000000    858.000000    171.000000    128.000000    167.000000    181.000000    155.000000    137.000000    200.000000    110.000000    448.000000    328.000000   1551.000000    514.000000    644.000000    420.000000    179.000000    310.000000    416.000000    509.000000    582.000000    281.000000    367.000000    226.000000    144.000000    299.000000    302.000000    482.000000    892.000000   8634.000000   9736.000000    701.000000    554.000000    500.000000    576.000000    408.000000    341.000000    539.000000    327.000000   1083.000000    770.000000    798.000000    532.000000    228.000000    129.000000    620.000000    761.000000    537.000000    511.000000    455.000000    321.000000    581.000000    698.000000    313.000000    356.000000    193.000000    320.000000    269.000000    295.000000    187.000000    247.000000    107.000000    121.000000
   621.640625    582.000000    538.000000    615.000000    557.000000    601.000000    555.000000    584.000000    722.000000    696.000000    729.000000    904.000000    572.000000    610.000000    615.000000    625.000000    912.000000    923.000000   2537.000000    906.000000    536.000000    442.000000    379.000000    480.000000    578.000000    327.000000    566.000000   1025.000000    666.000000    704.000000    560.000000    183.000000    173.000000    562.000000    413.000000    470.000000    111.000000    731.000000    310.000000    191.000000    102.000000    108.000000    128.000000    174.000000    182.000000    186.000000    191.000000    185.000000    148.000000    286.000000     12.000000     -1.000000    277.000000    254.000000    287.000000    173.000000    374.000000    184.000000    193.000000    159.000000    129.000000    110.000000     69.000000     23.000000    135.000000    108.000000    144.000000    130.000000    208.000000    350.000000    178.000000    198.000000    289.000000    185.000000    203.000000    323.000000    357.000000    284.000000    314.000000    436.000000    347.000000    367.000000    360.000000    249.000000    247.000000    908.000000    225.000000    106.000000    167.000000    156.000000    218.000000    146.000000    209.000000    118.000000    434.000000    395.000000   1458.000000    479.000000    593.000000    382.000000    183.000000    290.000000    407.000000    551.000000    524.000000    279.000000    374.000000    206.000000    184.000000    320.000000    284.000000    531.000000    834.000000   8752.000000  10060.000000    694.000000    536.000000    571.000000    529.000000    409.000000    404.000000    509.000000    380.000000   1056.000000    778.000000    863.000000    529.000000    238.000000    159.000000    630.000000    729.000000    548.000000    481.000000    420.000000    325.000000    528.000000    642.000000    361.000000    404.000000    216.000000    267.000000    242.000000    268.000000    164.000000    189.000000    128.000000    112.000000
   622.922485    623.000000    572.000000    636.000000    659.000000    588.000000    531.000000    635.000000    698.000000    739.000000    711.000000    927.000000    560.000000    622.000000    611.000000    714.000000    904.000000    926.000000   2652.000000    905.000000    537.000000    494.000000    400.000000    522.000000    610.000000    311.000000    622.000000   1088.000000    697.000000    697.000000    559.000000    204.000000    145.000000    551.000000    395.000000    484.000000    124.000000    730.000000    298.000000    207.000000    138.000000    118.000000    129.000000    163.000000    199.000000    203.000000    220.000000    185.000000    180.000000    248.000000     25.000000     -4.000000    282.000000    267.000000    240.000000    169.000000    348.000000    182.000000    224.000000    167.000000    133.000000     68.000000     81.000000     65.000000    110.000000     85.000000    116.000000    119.000000    230.000000    356.000000    151.000000    151.000000    274.000000    185.000000    207.000000    356.000000    364.000000    286.000000    300.000000    373.000000    342.000000    394.000000    328.000000    248.000000    203.000000    918.000000    160.000000    110.000000    188.000000    144.000000    174.000000    148.000000    219.000000    110.000000    453.000000    397.000000   1529.000000    509.000000    628.000000    416.000000    192.000000    313.000000    368.000000    577.000000    542.000000    286.000000    341.000000    226.000000    191.000000    389.000000    226.000000    509.000000    928.000000   8864.000000  10194.000000    777.000000    537.000000    531.000000    578.000000    443.000000    376.000000    484.000000    327.000000   1037.000000    745.000000    897.000000    533.000000    218.000000    161.000000    605.000000    777.000000    499.000000    487.000000    438.000000    346.000000    534.000000    649.000000    377.000000    367.000000    196.000000    304.000000    243.000000    256.000000    184.000000    248.000000    124.000000     84.000000
   624.204773    691.000000    600.000000    616.000000    579.000000    623.000000    547.000000    618.000000    748.000000    711.000000    720.000000    954.000000    597.000000    592.000000    596.000000    683.000000    959.000000    930.000000   2687.000000    863.000000    542.000000    503.000000    395.000000    522.000000    556.000000    298.000000    576.000000   1097.000000    623.000000    745.000000    601.000000    161.000000    166.000000    526.000000    449.000000    442.000000    113.000000    750.000000    360.000000    187.000000    131.000000    123.000000     96.000000    197.000000    206.000000    225.000000    225.000000    197.000000    154.000000    277.000000     22.000000     12.000000    291.000000    266.000000    256.000000    161.000000    403.000000    211.000000    234.000000    193.000000    129.000000     75.000000     48.000000     45.000000    117.000000     85.000000    119.000000    116.000000    220.000000    338.000000    160.000000    180.000000    272.000000    182.000000    212.000000    347.000000    374.000000    335.000000    309.000000    393.000000    345.000000    350.000000    304.000000    249.000000    239.000000    901.000000    164.000000    109.000000    161.000000    135.000000    165.000000    143.000000    246.000000    135.000000    501.000000    389.000000   1642.000000    511.000000    620.000000    424.000000    208.000000    279.000000    374.000000    513.000000    576.000000    279.000000    364.000000    191.000000    191.000000    309.000000    266.000000    466.000000    917.000000   8878.000000  10086.000000    765.000000    542.000000    552.000000    596.000000    435.000000    372.000000    466.000000    354.000000   1066.000000    723.000000    871.000000    528.000000    218.000000    147.000000    660.000000    827.000000    566.000000    522.000000    448.000000    327.000000    626.000000    738.000000    347.000000    406.000000    247.000000    303.000000    250.000000    271.000000    179.000000    234.000000    112.000000    124.000000
   625.487610    709.000000    637.000000    622.000000    686.000000    614.000000    591.000000    705.000000    716.000000    667.000000    748.000000    987.000000    603.000000    590.000000    656.000000    703.000000    890.000000    911.000000   2651.000000    882.000000    600.000000    509.000000    398.000000    488.000000    620.000000    310.000000    570.000000   1109.000000    693.000000    765.000000    615.000000    192.000000    145.000000    536.000000    401.000000    508.000000     84.000000    644.000000    338.000000    210.000000    130.000000     98.000000    103.000000    172.000000    220.000000    209.000000    240.000000    165.000000    161.000000    273.000000      3.000000     -3.000000    293.000000    286.000000    271.000000    186.000000    393.000000    189.000000    233.000000    140.000000    138.000000    103.000000     74.000000     52.000000    104.000000     81.000000    142.000000    130.000000    203.000000    382.000000    154.000000    169.000000    275.000000    202.000000    204.000000    366.000000    419.000000    317.000000    316.000000    362.000000    394.000000    367.000000    358.000000    241.000000    187.000000    863.000000    185.000000     93.000000    143.000000    147.000000    187.000000    150.000000    222.000000    133.000000    456.000000    390.000000   1550.000000    550.000000    612.000000    403.000000    164.000000    281.000000    417.000000    541.000000    537.000000    255.000000    391.000000    203.000000    166.000000    358.000000    272.000000    464.000000    890.000000   9004.000000   9934.000000    794.000000    600.000000    499.000000    589.000000    399.000000    377.000000    525.000000    363.000000   1101.000000    751.000000    855.000000    544.000000    212.000000    176.000000    616.000000    789.000000    565.000000    541.000000    412.000000    338.000000    613.000000    724.000000    352.000000    398.000000    212.000000    299.000000    256.000000    309.000000    203.000000    211.000000    117.000000    135.000000
   626.770874    676.000000    577.000000    650.000000    711.000000    651.000000    572.000000    687.000000    725.000000    763.000000    759.000000    974.000000    631.000000    576.000000    611.000000    674.000000    975.000000    926.000000   2696.000000    870.000000    534.000000    478.000000    403.000000    517.000000    621.000000    324.000000    599.000000   1175.000000    708.000000    794.000000    580.000000    204.000000    130.000000    569.000000    408.000000    453.000000    129.000000    731.000000    271.000000    209.000000     97.000000    133.000000    133.000000    173.000000    207.000000    220.000000    212.000000    190.000000    189.000000    286.000000      5.000000     17.000000    268.000000    273.000000    283.000000    134.000000    364.000000    216.000000    172.000000    152.000000    114.000000     90.000000     64.000000     42.000000    119.000000     96.000000    149.000000    134.000000    204.000000    350.000000    156.000000    171.000000    282.000000    190.000000    211.000000    363.000000    406.000000    304.000000    330.000000    392.000000    369.000000    413.000000    371.000000    254.000000    228.000000    912.000000    202.000000    107.000000    145.000000    149.000000    187.000000    118.000000    198.000000    106.000000    433.000000    396.000000   1501.000000    514.000000    614.000000    393.000000    183.000000    321.000000    417.000000    584.000000    541.000000    261.000000    343.000000    195.000000    158.000000    300.000000    282.000000    447.000000    978.000000   8993.000000   9853.000000    860.000000    534.000000    550.000000    533.000000    382.000000    392.000000    439.000000    380.000000   1158.000000    812.000000    905.000000    555.000000    250.000000    192.000000    644.000000    748.000000    519.000000    483.000000    431.000000    297.000000    601.000000    691.000000    388.000000    420.000000    213.000000    336.000000    255.000000    270.000000    210.000000    204.000000     98.000000    100.000000
   628.054626    715.000000    601.000000    665.000000    690.000000    644.000000    606.000000    693.000000    829.000000    749.000000    747.000000   1046.000000    635.000000    608.000000    604.000000    730.000000    924.000000    911.000000   2745.000000    928.000000    591.000000    496.000000    358.000000    497.000000    636.000000    282.000000    614.000000   1139.000000    727.000000    831.000000    592.000000    223.000000    121.000000    604.000000    394.000000    480.000000    117.000000    667.000000    279.000000    187.000000    128.000000    100.000000    101.000000    151.000000    206.000000    218.000000    196.000000    170.000000    176.000000    253.000000     -9.000000      5.000000    291.000000    272.000000    288.000000    160.000000    348.000000    187.000000    205.000000    145.000000    164.000000     99.000000     74.000000     46.000000    135.000000    105.000000    142.000000    127.000000    220.000000    384.000000    153.000000    185.000000    269.000000    214.000000    188.000000    375.000000    384.000000    280.000000    330.000000    430.000000    403.000000    419.000000    344.000000    252.000000    202.000000    916.000000    206.000000    121.000000    170.000000    158.000000    181.000000    125.000000    158.000000    117.000000    491.000000    412.000000   1475.000000    472.000000    608.000000    398.000000    186.000000    285.000000    417.000000    547.000000    592.000000    267.000000    339.000000    220.000000    146.000000    323.000000    269.000000    493.000000    863.000000   8995.000000  10123.000000    761.000000    591.000000    541.000000    598.000000    397.000000    383.000000    494.000000    386.000000   1008.000000    804.000000    949.000000    566.000000    234.000000    170.000000    644.000000    793.000000    580.000000    498.000000    436.000000    347.000000    597.000000    703.000000    387.000000    389.000000    201.000000    322.000000    268.000000    273.000000    182.000000    188.000000    108.000000    100.000000
   629.338928    720.000000    706.000000    662.000000    638.000000    639.000000    563.000000    674.000000    744.000000    737.000000    756.000000   1018.000000    618.000000    646.000000    636.000000    691.000000   1004.000000   1005.000000   2757.000000    873.000000    505.000000    500.000000    392.000000    490.000000    624.000000    334.000000    601.000000   1144.000000    722.000000    828.000000    607.000000    179.000000    132.000000    571.000000    380.000000    488.000000    108.000000    643.000000    307.000000    200.000000    111.000000    101.000000    120.000000    181.000000    192.000000    215.000000    226.000000    178.000000    199.000000    257.000000     -2.000000      7.000000    301.000000    277.000000    269.000000    166.000000    358.000000    171.000000    182.000000    154.000000    118.000000    108.000000     75.000000     24.000000    124.000000     75.000000    125.000000    131.000000    215.000000    376.000000    184.000000    159.000000    260.000000    224.000000    205.000000    389.000000    410.000000    325.000000    337.000000    439.000000    398.000000    452.000000    360.000000    274.000000    207.000000    859.000000    167.000000    113.000000    154.000000    149.000000    171.000000    123.000000    201.000000    122.000000    444.000000    385.000000   1430.000000    511.000000    647.000000    432.000000    177.000000    296.000000    405.000000    581.000000    577.000000    264.000000    345.000000    214.000000    168.000000    315.000000    263.000000    497.000000    950.000000   8898.000000  10047.000000    739.000000    505.000000    536.000000    591.000000    402.000000    367.000000    501.000000    328.000000   1098.000000    803.000000    932.000000    559.000000    232.000000    186.000000    594.000000    811.000000    583.000000    576.000000    450.000000    361.000000    615.000000    767.000000    379.000000    405.000000    237.000000    324.000000    256.000000    306.000000    210.000000    217.000000     91.000000     94.000000
   630.623596    698.000000    588.000000    699.000000    695.000000    639.000000    663.000000    670.000000    779.000000    755.000000    818.000000   1034.000000    640.000000    630.000000    656.000000    747.000000    995.000000    973.000000   2859.000000    884.000000    573.000000    472.000000    377.000000    532.000000    624.000000    340.000000    592.000000   1090.000000    732.000000    807.000000    653.000000    178.000000    119.000000    586.000000    405.000000    455.000000    101.000000    685.000000    281.000000    153.000000    112.000000    107.000000    124.000000    177.000000    201.000000    246.000000    222.000000    232.000000    162.000000    277.000000      4.000000     -9.000000    337.000000    320.000000    260.000000    171.000000    342.000000    194.000000    183.000000    128.000000    131.000000     97.000000     62.000000     25.000000    115.000000     84.000000    128.000000     98.000000    221.000000    340.000000    159.000000    202.000000    287.000000    205.000000    245.000000    387.000000    423.000000    321.000000    380.000000    424.000000    448.000000    444.000000    339.000000    295.000000    189.000000    966.000000    195.000000    107.000000    148.000000    152.000000    172.000000    120.000000    212.000000    119.000000    467.000000    423.000000   1447.000000    549.000000    665.000000    365.000000    171.000000    289.000000    429.000000    534.000000    591.000000    268.000000    340.000000    236.000000    151.000000    338.000000    256.000000    485.000000    967.000000   9212.000000  10260.000000    744.000000    573.000000    533.000000    532.000000    410.000000    377.000000    532.000000    340.000000   1088.000000    808.000000    985.000000    593.000000    252.000000    172.000000    722.000000    837.000000    538.000000    558.000000    477.000000    340.000000    641.000000    789.000000    388.000000    439.000000    215.000000    325.000000    310.000000    310.000000    223.000000    198.000000    127.000000    120.000000
   631.908813    688.000000    648.000000    684.000000    678.000000    679.000000    619.000000    735.000000    805.000000    764.000000    861.000000    980.000000    688.000000    660.000000    677.000000    795.000000    981.000000    961.000000   2844.000000    876.000000    568.000000    508.000000    367.000000    536.000000    603.000000    343.000000    630.000000   1187.000000    682.000000    783.000000    686.000000    207.000000    113.000000    569.000000    399.000000    446.000000    142.000000    661.000000    314.000000    182.000000    118.000000    106.000000    121.000000    183.000000    225.000000    205.000000    225.000000    206.000000    177.000000    277.000000     20.000000      7.000000    328.000000    277.000000    262.000000    182.000000    410.000000    184.000000    235.000000    168.000000    128.000000     86.000000     65.000000     41.000000    120.000000     76.000000    131.000000    121.000000    219.000000    373.000000    149.000000    174.000000    282.000000    204.000000    222.000000    404.000000    399.000000    366.000000    355.000000    462.000000    439.000000    421.000000    377.000000    291.000000    215.000000    907.000000    171.000000    106.000000    137.000000    155.000000    207.000000    119.000000    202.000000    130.000000    479.000000    408.000000   1497.000000    516.000000    639.000000    367.000000    148.000000    283.000000    393.000000    569.000000    563.000000    292.000000    340.000000    198.000000    128.000000    305.000000    237.000000    503.000000    917.000000   9108.000000  10192.000000    794.000000    568.000000    566.000000    617.000000    417.000000    381.000000    509.000000    388.000000   1078.000000    830.000000    932.000000    650.000000    239.000000    190.000000    653.000000    814.000000    612.000000    541.000000    464.000000    306.000000    586.000000    758.000000    376.000000    427.000000    213.000000    365.000000    287.000000    334.000000    173.000000    230.000000    111.000000    114.000000
   633.194519    724.000000    682.000000    669.000000    672.000000    700.000000    666.000000    746.000000    783.000000    851.000000    828.000000   1043.000000    648.000000    637.000000    757.000000    814.000000   1044.000000   1022.000000   2893.000000    950.000000    541.000000    550.000000    436.000000    555.000000    677.000000    302.000000    662.000000   1259.000000    751.000000    794.000000    704.000000    217.000000    145.000000    595.000000    444.000000    512.000000    117.000000    696.000000    335.000000    209.000000    115.000000    124.000000    116.000000    192.000000    209.000000    225.000000    215.000000    207.000000    164.000000    275.000000     15.000000     28.000000    312.000000    297.000000    266.000000    163.000000    407.000000    228.000000    237.000000    157.000000    123.000000     83.000000     84.000000     32.000000    106.000000     81.000000    146.000000    124.000000    220.000000    375.000000    170.000000    191.000000    326.000000    216.000000    247.000000    404.000000    453.000000    317.000000    356.000000    413.000000    437.000000    438.000000    370.000000    292.000000    228.000000    895.000000    188.000000     83.000000    161.000000    161.000000    169.000000    123.000000    247.000000    126.000000    464.000000    436.000000   1575.000000    529.000000    681.000000    389.000000    157.000000    308.000000    377.000000    555.000000    539.000000    248.000000    346.000000    239.000000    180.000000    304.000000    298.000000    525.000000    978.000000   9422.000000  10558.000000    810.000000    541.000000    564.000000    575.000000    442.000000    385.000000    483.000000    342.000000   1072.000000    835.000000   1003.000000    657.000000    223.000000    198.000000    644.000000    855.000000    610.000000    507.000000    426.000000    322.000000    758.000000    727.000000    441.000000    370.000000    254.000000    332.000000    295.000000    331.000000    182.000000    185.000000    103.000000     89.000000
   634.480713    784.000000    707.000000    704.000000    697.000000    726.000000    646.000000    723.000000    828.000000    833.000000    804.000000   1050.000000    717.000000    662.000000    765.000000    816.000000   1058.000000   1033.000000   2971.000000    935.000000    606.000000    502.000000    398.000000    537.000000    624.000000    315.000000    590.000000   1224.000000    777.000000    837.000000    805.000000    183.000000    102.000000    564.000000    438.000000    498.000000    105.000000    739.000000    319.000000    188.000000    117.000000    107.000000    134.000000    172.000000    234.000000    230.000000    215.000000    224.000000    216.000000    248.000000     13.000000     10.000000    352.000000    292.000000    259.000000    164.000000    407.000000    198.000000    240.000000    173.000000    142.000000     79.000000     55.000000     48.000000    111.000000     88.000000     96.000000    151.000000    237.000000    367.000000    204.000000    204.000000    315.000000    214.000000    240.000000    375.000000    425.000000    359.000000    338.000000    488.000000    438.000000    452.000000    349.000000    308.000000    201.000000    888.000000    214.000000     92.000000    155.000000    179.000000    192.000000    120.000000    197.000000     94.000000    480.000000    398.000000   1545.000000    524.000000    616.000000    444.000000    213.000000    314.000000    418.000000    577.000000    570.000000    299.000000    359.000000    245.000000    144.000000    333.000000    291.000000    499.000000    943.000000   9369.000000  10515.000000    743.000000    606.000000    559.000000    562.000000    415.000000    392.000000    474.000000    332.000000   1124.000000    896.000000    968.000000    660.000000    273.000000    146.000000    680.000000    880.000000    579.000000    601.000000    469.000000    336.000000    691.000000    833.000000    455.000000    380.000000    241.000000    343.000000    293.000000    336.000000    217.000000    251.000000    100.000000    119.000000
   635.767273    749.000000    716.000000    723.000000    705.000000    723.000000    631.000000    685.000000    856.000000    842.000000    752.000000   1024.000000    713.000000    687.000000    708.000000    818.000000   1054.000000   1091.000000   2988.000000    902.000000    590.000000    514.000000    414.000000    537.000000    545.000000    384.000000    684.000000   1269.000000    752.000000    884.000000    762.000000    187.000000    122.000000    613.000000    441.000000    518.000000     69.000000    639.000000    297.000000    169.000000    107.000000    119.000000    119.000000    204.000000    199.000000    220.000000    231.000000    170.000000    194.000000    259.000000     21.000000     17.000000    314.000000    342.000000    299.000000    185.000000    376.000000    200.000000    210.000000    150.000000    127.000000     96.000000     60.000000     54.000000    120.000000     94.000000    117.000000    116.000000    222.000000    371.000000    173.000000    159.000000    283.000000    221.000000    232.000000    439.000000    409.000000    323.000000    398.000000    454.000000    450.000000    451.000000    380.000000    275.000000    231.000000    906.000000    202.000000    112.000000    147.000000    170.000000    176.000000    122.000000    217.000000     96.000000    484.000000    440.000000   1652.000000    511.000000    621.000000    424.000000    197.000000    296.000000    407.000000    581.000000    538.000000    260.000000    321.000000    202.000000    156.000000    306.000000    250.000000    496.000000    994.000000   9478.000000  10567.000000    821.000000    590.000000    550.000000    550.000000    405.000000    372.000000    474.000000    318.000000   1202.000000    862.000000   1056.000000    651.000000    220.000000    202.000000    646.000000    877.000000    617.000000    589.000000    462.000000    337.000000    699.000000    805.000000    366.000000    418.000000    216.000000    338.000000    307.000000    290.000000    195.000000    241.000000     93.000000    108.000000
   637.054382    833.000000    724.000000    699.000000    765.000000    752.000000    603.000000    799.000000    847.000000    854.000000    811.000000   1015.000000    702.000000    726.000000    746.000000    752.000000   1048.000000   1049.000000   3007.000000    911.000000    560.000000    558.000000    460.000000    546.000000    557.000000    364.000000    671.000000   1311.000000    727.000000    876.000000    770.000000    227.000000    130.000000    560.000000    423.000000    467.000000    142.000000    668.000000    306.000000    196.000000    110.000000     86.000000    119.000000    192.000000    220.000000    214.000000    219.000000    188.000000    182.000000    258.000000     28.000000      6.000000    327.000000    373.000000    325.000000    166.000000    385.000000    216.000000    233.000000    148.000000    108.000000     87.000000     93.000000     55.000000    128.000000    100.000000    120.000000    110.000000    191.000000    360.000000    161.000000    196.000000    271.000000    222.000000    218.000000    458.000000    404.000000    328.000000    341.000000    472.000000    495.000000    535.000000    389.000000    308.000000    204.000000    940.000000    183.000000    100.000000    178.000000    154.000000    155.000000    151.000000    195.000000    116.000000    508.000000    381.000000   1537.000000    573.000000    686.000000    373.000000    172.000000    343.000000    434.000000    554.000000    523.000000    291.000000    335.000000    220.000000    151.000000    314.000000    265.000000    534.000000    974.000000   9756.000000  10775.000000    857.000000    560.000000    549.000000    660.000000    439.000000    383.000000    505.000000    364.000000   1136.000000    926.000000   1029.000000    666.000000    241.000000    195.000000    660.000000    851.000000    586.000000    607.000000    505.000000    335.000000    727.000000    830.000000    399.000000    408.000000    214.000000    353.000000    346.000000    311.000000    187.000000    191.000000    131.000000    105.000000
   638.341980    766.000000    762.000000    747.000000    747.000000    700.000000    626.000000    841.000000    905.000000    850.000000    744.000000   1083.000000    697.000000    698.000000    737.000000    806.000000   1114.000000   1064.000000   2998.000000    974.000000    586.000000    526.000000    392.000000    517.000000    643.000000    344.000000    643.000000   1199.000000    843.000000    891.000000    764.000000    207.000000    124.000000    590.000000    408.000000    513.000000    112.000000    695.000000    302.000000    206.000000     88.000000    103.000000    120.000000    210.000000    200.000000    251.000000    230.000000    183.000000    175.000000    288.000000     12.000000     32.000000    370.000000    349.000000    296.000000    157.000000    356.000000    238.000000    222.000000    128.000000    112.000000     77.000000     81.000000     29.000000    134.000000     98.000000    136.000000    136.000000    231.000000    332.000000    186.000000    184.000000    306.000000    236.000000    230.000000    406.000000    430.000000    372.000000    340.000000    527.000000    471.000000    483.000000    369.000000    306.000000    230.000000    885.000000    215.000000    101.000000    171.000000    165.000000    187.000000    122.000000    216.000000    114.000000    468.000000    426.000000   1474.000000    521.000000    636.000000    397.000000    173.000000    303.000000    394.000000    575.000000    573.000000    289.000000    323.000000    199.000000    150.000000    324.000000    291.000000    477.000000   1005.000000   9539.000000  10733.000000    786.000000    586.000000    590.000000    586.000000    379.000000    376.000000    480.000000    335.000000   1114.000000    956.000000   1080.000000    724.000000    267.000000    191.000000    673.000000    880.000000    614.000000    599.000000    519.000000    321.000000    671.000000    900.000000    429.000000    440.000000    201.000000    334.000000    352.000000    317.000000    195.000000    202.000000    138.000000    125.000000
   639.630127    781.000000    755.000000    744.000000    740.000000    768.000000    719.000000    793.000000    892.000000    866.000000    821.000000   1103.000000    705.000000    722.000000    764.000000    824.000000   1082.000000   1100.000000   3056.000000    889.000000    589.000000    524.000000    428.000000    531.000000    622.000000    353.000000    718.000000   1294.000000    833.000000    946.000000    837.000000    207.000000    140.000000    560.000000    401.000000    473.000000    101.000000    684.000000    291.000000    191.000000    121.000000    122.000000    125.000000    188.000000    236.000000    237.000000    209.000000    221.000000    191.000000    280.000000     18.000000     13.000000    344.000000    358.000000    298.000000    176.000000    377.000000    221.000000    205.000000    152.000000    125.000000     92.000000     99.000000     48.000000    115.000000     65.000000    125.000000    107.000000    247.000000    386.000000    141.000000    166.000000    280.000000    261.000000    235.000000    446.000000    430.000000    383.000000    333.000000    472.000000    470.000000    502.000000    379.000000    295.000000    216.000000    931.000000    230.000000     98.000000    147.000000    158.000000    155.000000    153.000000    192.000000    113.000000    545.000000    419.000000   1553.000000    576.000000    631.000000    368.000000    181.000000    334.000000    415.000000    569.000000    555.000000    286.000000    378.000000    193.000000    133.000000    341.000000    266.000000    561.000000   1060.000000   9863.000000  10731.000000    800.000000    589.000000    563.000000    638.000000    366.000000    355.000000    491.000000    333.000000   1142.000000   1002.000000   1019.000000    733.000000    278.000000    177.000000    682.000000    932.000000    641.000000    619.000000    555.000000    358.000000    771.000000    854.000000    445.000000    463.000000    249.000000    369.000000    324.000000    293.000000    176.000000    251.000000    143.000000    124.000000
   640.918579    796.000000    740.000000    742.000000    768.000000    705.000000    692.000000    775.000000    898.000000    897.000000    873.000000   1140.000000    730.000000    763.000000    763.000000    777.000000   1168.000000   1092.000000   3070.000000    910.000000    594.000000    526.000000    409.000000    541.000000    607.000000    326.000000    695.000000   1349.000000    806.000000    965.000000    896.000000    193.000000    116.000000    574.000000    464.000000    537.000000    139.000000    685.000000    366.000000    192.000000    111.000000    109.000000     99.000000    171.000000    186.000000    235.000000    223.000000    188.000000    201.000000    249.000000     23.000000      5.000000    321.000000    373.000000    311.000000    177.000000    371.000000    212.000000    197.000000    150.000000    141.000000    100.000000     56.000000     40.000000    116.000000     82.000000    127.000000    139.000000    235.000000    418.000000    161.000000    139.000000    281.000000    210.000000    194.000000    414.000000    451.000000    399.000000    384.000000    422.000000    481.000000    542.000000    389.000000    305.000000    245.000000    893.000000    230.000000    117.000000    160.000000    139.000000    175.000000    111.000000    226.000000    109.000000    542.000000    412.000000   1573.000000    565.000000    630.000000    394.000000    156.000000    323.000000    410.000000    519.000000    567.000000    261.000000    358.000000    220.000000    174.000000    313.000000    298.000000    536.000000   1017.000000   9734.000000  10844.000000    855.000000    594.000000    570.000000    614.000000    397.000000    387.000000    491.000000    352.000000   1149.000000    985.000000   1083.000000    790.000000    292.000000    188.000000    712.000000    898.000000    639.000000    630.000000    483.000000    355.000000    764.000000    905.000000    379.000000    419.000000    247.000000    334.000000    355.000000    350.000000    213.000000    227.000000    116.000000    124.000000
   642.207703    806.000000    791.000000    747.000000    763.000000    749.000000    612.000000    775.000000    960.000000    911.000000    882.000000   1137.000000    762.000000    760.000000    814.000000    878.000000   1138.000000   1104.000000   3181.000000    951.000000    603.000000    534.000000    431.000000    518.000000    608.000000    321.000000    707.000000   1312.000000    827.000000    989.000000    894.000000    181.000000    150.000000    639.000000    439.000000    477.000000     92.000000    659.000000    291.000000    187.000000    118.000000    116.000000    117.000000    224.000000    225.000000    274.000000    240.000000    189.000000    208.000000    222.000000     30.000000     10.000000    393.000000    370.000000    286.000000    156.000000    394.000000    227.000000    233.000000    159.000000    122.000000    103.000000     59.000000     26.000000    126.000000     76.000000    118.000000    116.000000    199.000000    366.000000    160.000000    148.000000    296.000000    227.000000    244.000000    494.000000    489.000000    406.000000    421.000000    490.000000    551.000000    541.000000    400.000000    318.000000    250.000000    854.000000    246.000000    135.000000    167.000000    169.000000    185.000000    150.000000    234.000000    109.000000    551.000000    405.000000   1536.000000    542.000000    687.000000    376.000000    174.000000    271.000000    421.000000    597.000000    537.000000    249.000000    345.000000    193.000000    162.000000    352.000000    250.000000    565.000000   1022.000000   9853.000000  10621.000000    891.000000    603.000000    554.000000    606.000000    429.000000    419.000000    472.000000    335.000000   1171.000000   1009.000000   1033.000000    758.000000    293.000000    193.000000    752.000000    969.000000    647.000000    601.000000    518.000000    365.000000    786.000000    979.000000    460.000000    447.000000    218.000000    340.000000    297.000000    331.000000    205.000000    207.000000    148.000000    113.000000
   643.497192    832.000000    807.000000    794.000000    855.000000    789.000000    710.000000    829.000000    929.000000    966.000000    940.000000   1191.000000    738.000000    742.000000    754.000000    862.000000   1209.000000   1162.000000   3107.000000    902.000000    583.000000    518.000000    441.000000    553.000000    591.000000    323.000000    635.000000   1251.000000    810.000000    976.000000    877.000000    211.000000    132.000000    596.000000    392.000000    487.000000    110.000000    694.000000    281.000000    180.000000    106.000000     73.000000     92.000000    231.000000    209.000000    274.000000    204.000000    181.000000    174.000000    223.000000      9.000000      9.000000    362.000000    339.000000    320.000000    158.000000    389.000000    190.000000    222.000000    135.000000    139.000000     84.000000     73.000000     23.000000    148.000000    100.000000    135.000000    132.000000    217.000000    418.000000    157.000000    177.000000    292.000000    227.000000    256.000000    464.000000    455.000000    408.000000    374.000000    497.000000    541.000000    580.000000    385.000000    295.000000    213.000000    904.000000    231.000000    124.000000    178.000000    174.000000    151.000000    101.000000    198.000000    119.000000    563.000000    433.000000   1609.000000    564.000000    567.000000    344.000000    156.000000    297.000000    427.000000    514.000000    513.000000    258.000000    382.000000    225.000000    151.000000    319.000000    258.000000    503.000000    988.000000   9942.000000  10874.000000    911.000000    583.000000    544.000000    590.000000    405.000000    376.000000    506.000000    305.000000   1156.000000   1045.000000   1160.000000    782.000000    279.000000    200.000000    681.000000    911.000000    685.000000    600.000000    461.000000    335.000000    796.000000    933.000000    445.000000    393.000000    184.000000    337.000000    305.000000    344.000000    205.000000    223.000000     99.000000    120.000000
   644.787170    888.000000    819.000000    835.000000    759.000000    800.000000    645.000000    763.000000    957.000000   1034.000000    945.000000   1285.000000    725.000000    766.000000    814.000000    873.000000   1177.000000   1192.000000   3202.000000    981.000000    568.000000    548.000000    415.000000    587.000000    586.000000    354.000000    649.000000   1340.000000    844.000000    904.000000    996.000000    207.000000    139.000000    583.000000    421.000000    492.000000    108.000000    682.000000    333.000000    211.000000    102.000000    137.000000     93.000000    180.000000    257.000000    235.000000    248.000000    183.000000    148.000000    268.000000      3.000000     16.000000    338.000000    380.000000    315.000000    164.000000    382.000000    190.000000    214.000000    156.000000    128.000000    110.000000     86.000000     57.000000    135.000000     91.000000    123.000000    127.000000    224.000000    329.000000    191.000000    178.000000    283.000000    230.000000    283.000000    458.000000    495.000000    380.000000    391.000000    480.000000    521.000000    570.000000    385.000000    298.000000    217.000000    847.000000    234.000000    107.000000    131.000000    152.000000    176.000000    127.000000    197.000000    110.000000    513.000000    426.000000   1554.000000    564.000000    617.000000    353.000000    189.000000    295.000000    411.000000    529.000000    526.000000    274.000000    411.000000    196.000000    157.000000    297.000000    263.000000    545.000000   1079.000000   9961.000000  10832.000000    890.000000    568.000000    534.000000    577.000000    409.000000    339.000000    476.000000    345.000000   1101.000000   1051.000000   1125.000000    807.000000    290.000000    201.000000    691.000000    925.000000    679.000000    626.000000    497.000000    338.000000    790.000000    939.000000    400.000000    405.000000    224.000000    369.000000    274.000000    324.000000    193.000000    221.000000    137.000000    106.000000
   646.077576    857.000000    774.000000    751.000000    775.000000    808.000000    699.000000    848.000000    916.000000    932.000000    922.000000   1218.000000    802.000000    784.000000    833.000000    894.000000   1193.000000   1070.000000   3274.000000    877.000000    583.000000    536.000000    447.000000    535.000000    621.000000    331.000000    660.000000   1343.000000    858.000000    880.000000    954.000000    191.000000    113.000000    577.000000    473.000000    509.000000    118.000000    691.000000    312.000000    179.000000     97.000000    101.000000    131.000000    194.000000    209.000000    235.000000    222.000000    198.000000    159.000000    240.000000      9.000000    -10.000000    387.000000    396.000000    304.000000    161.000000    384.000000    184.000000    183.000000    117.000000    111.000000     86.000000     45.000000     36.000000    165.000000     70.000000    129.000000    142.000000    229.000000    371.000000    155.000000    173.000000    280.000000    216.000000    256.000000    460.000000    470.000000    423.000000    446.000000    489.000000    596.000000    561.000000    400.000000    323.000000    186.000000    925.000000    217.000000    107.000000    155.000000    160.000000    188.000000     97.000000    195.000000    114.000000    552.000000    414.000000   1601.000000    548.000000    587.000000    372.000000    158.000000    287.000000    418.000000    518.000000    573.000000    244.000000    375.000000    207.000000    163.000000    353.000000    258.000000    546.000000   1024.000000  10094.000000  10806.000000    894.000000    583.000000    547.000000    616.000000    425.000000    400.000000    508.000000    328.000000   1195.000000   1069.000000   1139.000000    861.000000    291.000000    220.000000    677.000000   1022.000000    667.000000    629.000000    506.000000    356.000000    853.000000   1003.000000    428.000000    435.000000    262.000000    382.000000    303.000000    294.000000    182.000000    217.000000    117.000000    116.000000
   647.368713    866.000000    768.000000    756.000000    779.000000    805.000000    741.000000    845.000000    990.000000    955.000000    963.000000   1290.000000    788.000000    744.000000    761.000000    894.000000   1231.000000   1213.000000   3198.000000    929.000000    599.000000    482.000000    398.000000    567.000000    641.000000    328.000000    661.000000   1338.000000    777.000000   1056.000000    969.000000    204.000000    130.000000    594.000000    417.000000    483.000000     94.000000    620.000000    309.000000    209.000000    134.000000    105.000000    126.000000    170.000000    237.000000    261.000000    228.000000    204.000000    185.000000    248.000000      4.000000     25.000000    409.000000    345.000000    275.000000    155.000000    372.000000    172.000000    168.000000    159.000000    122.000000     73.000000     68.000000     35.000000    112.000000     68.000000    118.000000    121.000000    220.000000    366.000000    200.000000    181.000000    293.000000    280.000000    262.000000    479.000000    508.000000    355.000000    462.000000    522.000000    627.000000    645.000000    426.000000    308.000000    221.000000    883.000000    256.000000     93.000000    173.000000    147.000000    181.000000     94.000000    199.000000     91.000000    495.000000    458.000000   1553.000000    548.000000    645.000000    365.000000    139.000000    319.000000    398.000000    559.000000    554.000000    283.000000    354.000000    184.000000    136.000000    326.000000    279.000000    490.000000   1095.000000   9898.000000  10721.000000    888.000000    599.000000    596.000000    610.000000    370.000000    326.000000    473.000000    328.000000   1101.000000   1110.000000   1096.000000    898.000000    290.000000    204.000000    708.000000    942.000000    731.000000    639.000000    474.000000    348.000000    814.000000   1052.000000    436.000000    381.000000    235.000000    324.000000    320.000000    291.000000    201.000000    186.000000    132.000000    133.000000
   648.659973    831.000000    865.000000    730.000000    780.000000    900.000000    674.000000    834.000000   1000.000000    965.000000   1028.000000   1270.000000    815.000000    812.000000    869.000000    899.000000   1229.000000   1179.000000   3210.000000    961.000000    598.000000    536.000000    434.000000    582.000000    652.000000    321.000000    678.000000   1303.000000    819.000000   1019.000000   1036.000000    228.000000    123.000000    639.000000    432.000000    497.000000    109.000000    649.000000    307.000000    145.000000    120.000000     97.000000     98.000000    193.000000    247.000000    264.000000    225.000000    185.000000    176.000000    278.000000     12.000000     13.000000    370.000000    353.000000    324.000000    150.000000    367.000000    184.000000    199.000000    125.000000    106.000000     72.000000     75.000000     27.000000    146.000000    105.000000    141.000000    140.000000    226.000000    378.000000    140.000000    155.000000    274.000000    257.000000    257.000000    480.000000    522.000000    443.000000    403.000000    510.000000    626.000000    620.000000    384.000000    279.000000    232.000000    844.000000    256.000000     87.000000    169.000000    144.000000    189.000000    128.000000    195.000000    106.000000    559.000000    434.000000   1550.000000    596.000000    608.000000    343.000000    161.000000    302.000000    376.000000    513.000000    545.000000    243.000000    389.000000    229.000000    161.000000    312.000000    262.000000    540.000000   1014.000000   9999.000000  11117.000000    867.000000    598.000000    599.000000    599.000000    377.000000    358.000000    473.000000    353.000000   1155.000000   1049.000000   1157.000000    883.000000    281.000000    185.000000    740.000000    888.000000    714.000000    642.000000    497.000000    309.000000    813.000000    986.000000    429.000000    366.000000    260.000000    338.000000    350.000000    328.000000    192.000000    240.000000    122.000000    122.000000
   649.952026    882.000000    832.000000    726.000000    800.000000    765.000000    689.000000    922.000000    973.000000    990.000000    970.000000   1339.000000    720.000000    783.000000    854.000000    944.000000   1236.000000   1231.000000   3161.000000    960.000000    606.000000    518.000000    420.000000    579.000000    684.000000    295.000000    707.000000   1458.000000    830.000000   1014.000000   1011.000000    182.000000    116.000000    598.000000    440.000000    501.000000    117.000000    657.000000    296.000000    220.000000    110.000000     79.000000     88.000000    202.000000    243.000000    245.000000    240.000000    163.000000    181.000000    216.000000     -2.000000     -1.000000    402.000000    406.000000    330.000000    115.000000    342.000000    169.000000    154.000000    136.000000    125.000000     83.000000     67.000000     44.000000    132.000000     90.000000    124.000000    138.000000    208.000000    366.000000    157.000000    183.000000    274.000000    247.000000    265.000000    519.000000    503.000000    419.000000    405.000000    563.000000    628.000000    627.000000    414.000000    314.000000    252.000000    897.000000    233.000000    125.000000    141.000000    162.000000    154.000000    115.000000    205.000000    106.000000    522.000000    453.000000   1556.000000    573.000000    582.000000    357.000000    166.000000    308.000000    376.000000    519.000000    527.000000    267.000000    374.000000    213.000000    163.000000    324.000000    287.000000    540.000000   1062.000000   9945.000000  11060.000000    883.000000    606.000000    541.000000    551.000000    365.000000    388.000000    495.000000    307.000000   1173.000000   1101.000000   1225.000000    915.000000    298.000000    236.000000    727.000000    918.000000    706.000000    615.000000    531.000000    376.000000    927.000000    988.000000    438.000000    396.000000    259.000000    341.000000    285.000000    312.000000    219.000000    202.000000    125.000000    107.000000
   651.244385    889.000000    794.000000    782.000000    806.000000    770.000000    766.000000    812.000000   1010.000000    995.000000   1016.000000   1317.000000    806.000000    844.000000    871.000000    949.000000   1226.000000   1091.000000   3273.000000    902.000000    616.000000    569.000000    406.000000    611.000000    611.000000    329.000000    721.000000   1399.000000    805.000000   1071.000000   1045.000000    194.000000    123.000000    594.000000    439.000000    466.000000    110.000000    673.000000    317.000000    182.000000    114.000000     79.000000     84.000000    184.000000    229.000000    217.000000    226.000000    164.000000    177.000000    246.000000     -1.000000      0.000000    363.000000    354.000000    297.000000    128.000000    400.000000    206.000000    165.000000    131.000000    124.000000     64.000000     61.000000     26.000000    136.000000     99.000000    120.000000    133.000000    206.000000    370.000000    173.000000    137.000000    287.000000    227.000000    259.000000    489.000000    559.000000    417.000000    387.000000    544.000000    610.000000    670.000000    386.000000    325.000000    245.000000    884.000000    245.000000    116.000000    158.000000    188.000000    171.000000    123.000000    193.000000     84.000000    521.000000    403.000000   1512.000000    570.000000    603.000000    313.000000    188.000000    328.000000    390.000000    570.000000    505.000000    298.000000    354.000000    196.000000    174.000000    309.000000    213.000000    448.000000   1008.000000  10197.000000  10919.000000    893.000000    616.000000    560.000000    631.000000    369.000000    370.000000    498.000000    353.000000   1193.000000   1198.000000   1208.000000    917.000000    293.000000    220.000000    738.000000    914.000000    728.000000    602.000000    513.000000    362.000000    885.000000   1068.000000    423.000000    411.000000    201.000000    323.000000    302.000000    324.000000    172.000000    194.000000    121.000000     91.000000
   652.537170    945.000000    824.000000    849.000000    775.000000    791.000000    741.000000    856.000000   1016.000000    978.000000   1021.000000   1391.000000    839.000000    843.000000    876.000000    977.000000   1368.000000   1216.000000   3215.000000    955.000000    603.000000    536.000000    393.000000    576.000000    605.000000    333.000000    708.000000   1425.000000    839.000000   1065.000000   1093.000000    183.000000    119.000000    627.000000    444.000000    471.000000    142.000000    694.000000    261.000000    203.000000    102.000000     92.000000    100.000000    202.000000    227.000000    235.000000    241.000000    165.000000    186.000000    249.000000     12.000000     20.000000    419.000000    395.000000    352.000000    143.000000    388.000000    195.000000    193.000000    124.000000    124.000000     84.000000     58.000000     27.000000    128.000000     81.000000    109.000000    134.000000    207.000000    341.000000    187.000000    167.000000    247.000000    223.000000    281.000000    470.000000    555.000000    394.000000    414.000000    536.000000    628.000000    682.000000    365.000000    302.000000    183.000000    869.000000    250.000000    101.000000    156.000000    195.000000    205.000000     83.000000    195.000000     93.000000    548.000000    448.000000   1637.000000    600.000000    573.000000    344.000000    140.000000    306.000000    378.000000    463.000000    541.000000    240.000000    374.000000    197.000000    150.000000    311.000000    265.000000    555.000000   1089.000000  10010.000000  11235.000000    908.000000    603.000000    600.000000    630.000000    400.000000    371.000000    468.000000    359.000000   1224.000000   1138.000000   1196.000000    984.000000    321.000000    215.000000    742.000000    949.000000    748.000000    653.000000    522.000000    353.000000    907.000000   1111.000000    412.000000    415.000000    222.000000    326.000000    345.000000    387.000000    198.000000    189.000000    107.000000     94.000000
   653.830688    937.000000    893.000000    896.000000    891.000000    876.000000    697.000000    934.000000   1044.000000   1058.000000   1071.000000   1433.000000    861.000000    855.000000    913.000000    944.000000   1313.000000   1194.000000   3199.000000    919.000000    604.000000    563.000000    396.000000    604.000000    600.000000    376.000000    725.000000   1450.000000    925.000000   1090.000000   1125.000000    224.000000    125.000000    631.000000    473.000000    480.000000     85.000000    661.000000    294.000000    213.000000     90.000000    104.000000     94.000000    194.000000    232.000000    242.000000    196.000000    172.000000    190.000000    260.000000     11.000000     -7.000000    393.000000    403.000000    340.000000    148.000000    351.000000    166.000000    179.000000    136.000000    114.000000     54.000000     79.000000     35.000000    141.000000     57.000000     92.000000    125.000000    211.000000    376.000000    172.000000    169.000000    262.000000    270.000000    268.000000    505.000000    556.000000    420.000000    354.000000    559.000000    660.000000    711.000000    427.000000    319.000000    225.000000    912.000000    223.000000    129.000000    160.000000    166.000000    162.000000    134.000000    174.000000     69.000000    580.000000    435.000000   1547.000000    579.000000    655.000000    358.000000    155.000000    309.000000    388.000000    502.000000    518.000000    281.000000    380.000000    195.000000    142.000000    262.000000    226.000000    564.000000   1036.000000  10351.000000  11252.000000    862.000000    604.000000    557.000000    624.000000    348.000000    360.000000    489.000000    349.000000   1242.000000   1119.000000   1270.000000    990.000000    314.000000    226.000000    703.000000    927.000000    734.000000    650.000000    516.000000    351.000000    911.000000   1120.000000    460.000000    424.000000    230.000000    342.000000    326.000000    324.000000    197.000000    218.000000    129.000000    108.000000
   655.124512    940.000000    897.000000    872.000000    861.000000    869.000000    761.000000    912.000000   1059.000000   1127.000000   1086.000000   1433.000000    802.000000    896.000000    904.000000    999.000000   1385.000000   1249.000000   3327.000000    935.000000    557.000000    571.000000    388.000000    633.000000    602.000000    330.000000    753.000000   1507.000000    932.000000   1139.000000   1127.000000    209.000000     95.000000    594.000000    439.000000    470.000000     79.000000    704.000000    277.000000    197.000000    119.000000     97.000000    109.000000    229.000000    276.000000    254.000000    260.000000    204.000000    202.000000    228.000000     18.000000     12.000000    397.000000    416.000000    365.000000    153.000000    387.000000    175.000000    170.000000    132.000000    117.000000     86.000000     64.000000     45.000000    112.000000     52.000000    120.000000    135.000000    200.000000    379.000000    167.000000    174.000000    290.000000    254.000000    278.000000    515.000000    533.000000    391.000000    449.000000    549.000000    707.000000    701.000000    399.000000    320.000000    233.000000    865.000000    227.000000    127.000000    155.000000    151.000000    145.000000    113.000000    190.000000     78.000000    533.000000    429.000000   1595.000000    561.000000    603.000000    333.000000    154.000000    319.000000    370.000000    487.000000    537.000000    278.000000    355.000000    196.000000    137.000000    265.000000    276.000000    529.000000   1058.000000  10315.000000  11264.000000    949.000000    557.000000    570.000000    646.000000    395.000000    384.000000    504.000000    352.000000   1237.000000   1174.000000   1294.000000   1038.000000    324.000000    224.000000    704.000000    919.000000    736.000000    701.000000    520.000000    296.000000    940.000000   1109.000000    453.000000    413.000000    237.000000    368.000000    317.000000    264.000000    169.000000    210.000000    123.000000    117.000000
   656.418823    960.000000    903.000000    889.000000    918.000000    833.000000    712.000000    891.000000   1106.000000   1006.000000   1062.000000   1437.000000    858.000000    810.000000    916.000000   1068.000000   1354.000000   1228.000000   3298.000000    963.000000    575.000000    576.000000    423.000000    596.000000    589.000000    336.000000    726.000000   1573.000000    885.000000   1153.000000   1201.000000    191.000000    140.000000    623.000000    467.000000    489.000000    134.000000    680.000000    289.000000    203.000000     62.000000     55.000000    117.000000    212.000000    235.000000    238.000000    212.000000    172.000000    175.000000    229.000000     13.000000     24.000000    428.000000    425.000000    352.000000    138.000000    327.000000    168.000000    174.000000    140.000000    130.000000     87.000000     69.000000     43.000000    116.000000     80.000000    128.000000    155.000000    233.000000    344.000000    145.000000    162.000000    286.000000    253.000000    298.000000    538.000000    584.000000    451.000000    454.000000    556.000000    692.000000    727.000000    434.000000    327.000000    251.000000    868.000000    247.000000    116.000000    165.000000    158.000000    152.000000    126.000000    174.000000     93.000000    572.000000    435.000000   1601.000000    601.000000    594.000000    352.000000    169.000000    308.000000    409.000000    510.000000    513.000000    277.000000    397.000000    248.000000    140.000000    308.000000    227.000000    517.000000   1039.000000  10279.000000  11184.000000    879.000000    575.000000    597.000000    592.000000    379.000000    369.000000    487.000000    382.000000   1245.000000   1223.000000   1290.000000   1004.000000    313.000000    228.000000    733.000000    950.000000    718.000000    674.000000    522.000000    349.000000    941.000000   1199.000000    481.000000    420.000000    245.000000    354.000000    315.000000    281.000000    169.000000    200.000000    114.000000    110.000000
   657.713623   1004.000000    889.000000    854.000000    851.000000    784.000000    783.000000    914.000000   1091.000000   1156.000000   1145.000000   1534.000000    920.000000    844.000000    912.000000   1022.000000   1367.000000   1187.000000   3450.000000    927.000000    572.000000    561.000000    420.000000    622.000000    595.000000    316.000000    683.000000   1495.000000    924.000000   1163.000000   1241.000000    186.000000    110.000000    649.000000    490.000000    527.000000    121.000000    683.000000    297.000000    186.000000    107.000000     85.000000    103.000000    215.000000    240.000000    213.000000    231.000000    188.000000    155.000000    236.000000     15.000000     11.000000    443.000000    407.000000    331.000000    146.000000    361.000000    184.000000    206.000000    132.000000    109.000000     86.000000     41.000000     35.000000    134.000000     71.000000     75.000000    133.000000    218.000000    360.000000    186.000000    158.000000    260.000000    263.000000    281.000000    518.000000    592.000000    445.000000    435.000000    540.000000    677.000000    752.000000    386.000000    360.000000    244.000000    895.000000    253.000000    112.000000    153.000000    144.000000    157.000000     99.000000    193.000000     58.000000    603.000000    441.000000   1580.000000    566.000000    588.000000    332.000000    136.000000    280.000000    419.000000    505.000000    493.000000    299.000000    358.000000    244.000000    168.000000    311.000000    234.000000    491.000000   1095.000000  10142.000000  11366.000000    891.000000    572.000000    563.000000    604.000000    334.000000    423.000000    487.000000    321.000000   1251.000000   1246.000000   1298.000000   1087.000000    309.000000    226.000000    685.000000    941.000000    756.000000    690.000000    468.000000    348.000000    966.000000   1190.000000    462.000000    407.000000    256.000000    347.000000    323.000000    323.000000    189.000000    229.000000    120.000000    113.000000
   659.008911   1005.000000    971.000000    896.000000    872.000000    864.000000    757.000000    916.000000   1146.000000   1192.000000   1166.000000   1533.000000    906.000000    922.000000    947.000000    990.000000   1359.000000   1284.000000   3312.000000    941.000000    608.000000    569.000000    356.000000    611.000000    643.000000    341.000000    717.000000   1505.000000    844.000000   1230.000000   1288.000000    212.000000     96.000000    602.000000    458.000000    514.000000    105.000000    645.000000    270.000000    209.000000     73.000000     96.000000    118.000000    215.000000    240.000000    227.000000    236.000000    208.000000    188.000000    205.000000     14.000000     16.000000    457.000000    454.000000    370.000000    134.000000    375.000000    177.000000    206.000000    158.000000    111.000000     87.000000     70.000000     28.000000    130.000000     77.000000    102.000000    145.000000    196.000000    344.000000    177.000000    209.000000    247.000000    309.000000    264.000000    500.000000    564.000000    418.000000    451.000000    505.000000    780.000000    689.000000    432.000000    305.000000    246.000000    839.000000    231.000000    161.000000    181.000000    198.000000    144.000000    104.000000    196.000000     62.000000    553.000000    427.000000   1523.000000    555.000000    585.000000    336.000000    148.000000    319.000000    382.000000    477.000000    500.000000    271.000000    360.000000    219.000000    154.000000    300.000000    259.000000    506.000000   1112.000000  10474.000000  11328.000000    906.000000    608.000000    600.000000    636.000000    379.000000    369.000000    496.000000    356.000000   1306.000000   1219.000000   1290.000000   1106.000000    320.000000    252.000000    647.000000    906.000000    800.000000    674.000000    563.000000    369.000000    937.000000   1134.000000    444.000000    408.000000    261.000000    343.000000    339.000000    345.000000    156.000000    196.000000     90.000000    106.000000
   660.304688    963.000000    908.000000    905.000000    801.000000    842.000000    708.000000    910.000000   1079.000000   1136.000000   1177.000000   1469.000000    910.000000    881.000000    949.000000   1013.000000   1331.000000   1292.000000   3367.000000    920.000000    569.000000    580.000000    392.000000    685.000000    587.000000    361.000000    770.000000   1469.000000    946.000000   1174.000000   1233.000000    193.000000     99.000000    633.000000    433.000000    497.000000     98.000000    640.000000    302.000000    190.000000    129.000000     72.000000     98.000000    213.000000    202.000000    217.000000    206.000000    152.000000    165.000000    244.000000     12.000000     13.000000    415.000000    425.000000    385.000000    132.000000    352.000000    180.000000    169.000000    127.000000     90.000000     71.000000     74.000000     43.000000    144.000000    112.000000    118.000000    118.000000    179.000000    381.000000    164.000000    199.000000    255.000000    286.000000    302.000000    531.000000    597.000000    451.000000    434.000000    539.000000    708.000000    762.000000    395.000000    365.000000    233.000000    838.000000    223.000000    133.000000    177.000000    151.000000    173.000000    109.000000    206.000000    116.000000    557.000000    443.000000   1578.000000    550.000000    623.000000    316.000000    157.000000    297.000000    404.000000    491.000000    514.000000    230.000000    382.000000    194.000000    109.000000    303.000000    250.000000    563.000000   1035.000000  10310.000000  11195.000000    856.000000    569.000000    565.000000    631.000000    359.000000    376.000000    428.000000    301.000000   1214.000000   1295.000000   1401.000000   1127.000000    319.000000    237.000000    697.000000    965.000000    724.000000    628.000000    539.000000    354.000000    948.000000   1239.000000    432.000000    413.000000    234.000000    312.000000    330.000000    324.000000    179.000000    194.000000    135.000000     98.000000
   661.600830    897.000000    909.000000    801.000000    879.000000    836.000000    767.000000    859.000000   1144.000000   1086.000000   1171.000000   1487.000000    896.000000    908.000000    906.000000   1019.000000   1358.000000   1278.000000   3457.000000    881.000000    634.000000    541.000000    447.000000    654.000000    637.000000    344.000000    713.000000   1507.000000    919.000000   1185.000000   1274.000000    194.000000    110.000000    572.000000    427.000000    493.000000    107.000000    672.000000    309.000000    190.000000     69.000000     78.000000     93.000000    232.000000    251.000000    230.000000    205.000000    161.000000    167.000000    228.000000     16.000000     14.000000    436.000000    385.000000    294.000000    150.000000    330.000000    173.000000    187.000000     90.000000    116.000000     81.000000     40.000000     46.000000    118.000000     90.000000    102.000000    150.000000    196.000000    375.000000    158.000000    176.000000    261.000000    253.000000    267.000000    531.000000    582.000000    465.000000    428.000000    580.000000    717.000000    810.000000    416.000000    331.000000    231.000000    762.000000    226.000000    105.000000    172.000000    155.000000    151.000000    110.000000    170.000000     85.000000    557.000000    460.000000   1577.000000    550.000000    551.000000    307.000000    117.000000    305.000000    372.000000    465.000000    491.000000    256.000000    373.000000    201.000000    154.000000    264.000000    224.000000    514.000000   1031.000000  10160.000000  11111.000000    910.000000    634.000000    560.000000    630.000000    365.000000    308.000000    487.000000    324.000000   1157.000000   1309.000000   1340.000000   1240.000000    321.000000    218.000000    710.000000    975.000000    746.000000    685.000000    568.000000    315.000000    952.000000   1203.000000    428.000000    416.000000    237.000000    363.000000    296.000000    269.000000    178.000000    205.000000    111.000000    135.000000
   662.897583    988.000000    893.000000    862.000000    904.000000    808.000000    746.000000    878.000000   1093.000000   1145.000000   1179.000000   1547.000000    913.000000    856.000000    941.000000   1015.000000   1321.000000   1339.000000   3412.000000    898.000000    552.000000    501.000000    341.000000    644.000000    592.000000    301.000000    736.000000   1529.000000    944.000000   1232.000000   1240.000000    194.000000    119.000000    628.000000    437.000000    472.000000     78.000000    634.000000    280.000000    181.000000    100.000000     59.000000     90.000000    192.000000    216.000000    219.000000    163.000000    172.000000    163.000000    211.000000     -5.000000     17.000000    467.000000    424.000000    354.000000    138.000000    337.000000    184.000000    188.000000    120.000000     91.000000     50.000000     41.000000     41.000000    128.000000     91.000000     99.000000    138.000000    205.000000    364.000000    137.000000    164.000000    255.000000    278.000000    306.000000    517.000000    577.000000    430.000000    432.000000    564.000000    690.000000    804.000000    408.000000    305.000000    239.000000    837.000000    235.000000    113.000000    145.000000    162.000000    194.000000    113.000000    189.000000     72.000000    585.000000    414.000000   1580.000000    530.000000    543.000000    319.000000    163.000000    280.000000    379.000000    484.000000    451.000000    264.000000    357.000000    205.000000    153.000000    279.000000    237.000000    463.000000   1035.000000  10201.000000  11098.000000    880.000000    552.000000    555.000000    622.000000    338.000000    350.000000    500.000000    394.000000   1210.000000   1370.000000   1406.000000   1230.000000    336.000000    242.000000    713.000000    899.000000    757.000000    702.000000    488.000000    332.000000    966.000000   1186.000000    483.000000    391.000000    239.000000    316.000000    320.000000    314.000000    177.000000    195.000000    111.000000    108.000000
   664.194824    965.000000    996.000000    790.000000    915.000000    847.000000    793.000000    896.000000   1126.000000   1197.000000   1172.000000   1512.000000    857.000000    937.000000    946.000000   1047.000000   1383.000000   1260.000000   3505.000000    898.000000    607.000000    527.000000    389.000000    625.000000    598.000000    312.000000    751.000000   1531.000000    970.000000   1219.000000   1246.000000    197.000000    103.000000    569.000000    440.000000    510.000000     79.000000    636.000000    283.000000    180.000000     77.000000     68.000000     82.000000    223.000000    241.000000    208.000000    220.000000    155.000000    162.000000    228.000000      3.000000      6.000000    428.000000    416.000000    325.000000    134.000000    331.000000    154.000000    178.000000    104.000000     96.000000     97.000000     65.000000     49.000000    133.000000     44.000000     77.000000    102.000000    186.000000    345.000000    149.000000    163.000000    247.000000    264.000000    346.000000    502.000000    552.000000    470.000000    515.000000    579.000000    763.000000    793.000000    415.000000    351.000000    250.000000    783.000000    259.000000    124.000000    183.000000    164.000000    197.000000    109.000000    182.000000     96.000000    539.000000    460.000000   1599.000000    559.000000    606.000000    318.000000    143.000000    288.000000    367.000000    437.000000    453.000000    220.000000    350.000000    193.000000    165.000000    291.000000    246.000000    510.000000    954.000000  10299.000000  11257.000000    893.000000    607.000000    578.000000    605.000000    354.000000    422.000000    496.000000    347.000000   1252.000000   1340.000000   1372.000000   1206.000000    303.000000    239.000000    662.000000    910.000000    755.000000    664.000000    460.000000    282.000000   1045.000000   1127.000000    446.000000    366.000000    221.000000    284.000000    309.000000    298.000000    174.000000    189.000000    127.000000    113.000000
   665.492493   1060.000000    971.000000    826.000000    890.000000    834.000000    726.000000    846.000000   1149.000000   1109.000000   1173.000000   1554.000000    855.000000    881.000000    969.000000   1033.000000   1349.000000   1279.000000   3471.000000    881.000000    577.000000    521.000000    424.000000    667.000000    637.000000    322.000000    696.000000   1571.000000    963.000000   1294.000000   1283.000000    196.000000    100.000000    606.000000    471.000000    466.000000     93.000000    598.000000    264.000000    182.000000     99.000000     73.000000     90.000000    181.000000    246.000000    210.000000    214.000000    164.000000    144.000000    210.000000      9.000000     11.000000    432.000000    409.000000    347.000000    136.000000    331.000000    181.000000    151.000000    109.000000    102.000000     89.000000     53.000000     32.000000    123.000000     77.000000    116.000000    132.000000    190.000000    359.000000    169.000000    147.000000    263.000000    255.000000    297.000000    565.000000    557.000000    448.000000    449.000000    571.000000    706.000000    783.000000    452.000000    353.000000    255.000000    832.000000    214.000000     80.000000    164.000000    153.000000    135.000000    110.000000    183.000000     88.000000    542.000000    469.000000   1562.000000    556.000000    610.000000    281.000000    138.000000    305.000000    372.000000    445.000000    524.000000    245.000000    373.000000    192.000000    114.000000    259.000000    267.000000    475.000000   1034.000000  10149.000000  11071.000000    941.000000    577.000000    538.000000    596.000000    336.000000    391.000000    502.000000    299.000000   1204.000000   1336.000000   1346.000000   1221.000000    320.000000    261.000000    722.000000    938.000000    725.000000    661.000000    515.000000    314.000000    972.000000   1204.000000    411.000000    405.000000    239.000000    335.000000    313.000000    310.000000    152.000000    162.000000    121.000000    101.000000
   666.790588    957.000000    922.000000    879.000000    912.000000    821.000000    771.000000    950.000000   1147.000000   1169.000000   1235.000000   1573.000000    944.000000    956.000000    971.000000   1057.000000   1373.000000   1323.000000   3634.000000    882.000000    622.000000    518.000000    389.000000    591.000000    544.000000    324.000000    716.000000   1602.000000   1004.000000   1251.000000   1343.000000    177.000000    104.000000    552.000000    448.000000    427.000000     84.000000    617.000000    246.000000    152.000000     88.000000     78.000000    122.000000    211.000000    221.000000    215.000000    205.000000    156.000000    147.000000    224.000000     20.000000     13.000000    422.000000    410.000000    363.000000    131.000000    346.000000    138.000000    175.000000    104.000000     73.000000    103.000000     46.000000     29.000000    114.000000     54.000000    138.000000    140.000000    204.000000    394.000000    141.000000    154.000000    229.000000    268.000000    293.000000    564.000000    563.000000    424.000000    431.000000    576.000000    747.000000    870.000000    413.000000    294.000000    261.000000    771.000000    214.000000    119.000000    152.000000    151.000000    156.000000    121.000000    191.000000     99.000000    531.000000    434.000000   1538.000000    580.000000    559.000000    296.000000    127.000000    319.000000    325.000000    454.000000    495.000000    229.000000    323.000000    169.000000    151.000000    259.000000    202.000000    504.000000   1085.000000  10332.000000  11172.000000    980.000000    622.000000    565.000000    586.000000    356.000000    338.000000    493.000000    374.000000   1238.000000   1398.000000   1524.000000   1263.000000    331.000000    267.000000    727.000000    957.000000    738.000000    715.000000    491.000000    313.000000   1003.000000   1200.000000    431.000000    365.000000    224.000000    318.000000    336.000000    318.000000    180.000000    192.000000    145.000000     92.000000
   668.089294   1035.000000    935.000000    918.000000    859.000000    874.000000    771.000000    872.000000   1158.000000   1173.000000   1237.000000   1591.000000    898.000000    901.000000    917.000000   1040.000000   1373.000000   1340.000000   3591.000000    919.000000    575.000000    531.000000    392.000000    600.000000    568.000000    292.000000    694.000000   1609.000000    931.000000   1243.000000   1336.000000    170.000000    100.000000    642.000000    416.000000    476.000000    110.000000    666.000000    292.000000    173.000000     93.000000     84.000000     83.000000    220.000000    222.000000    229.000000    217.000000    168.000000    180.000000    214.000000      8.000000     10.000000    430.000000    434.000000    365.000000    126.000000    316.000000    157.000000    146.000000    120.000000    100.000000     72.000000     63.000000     29.000000    113.000000     70.000000     91.000000    124.000000    196.000000    364.000000    162.000000    161.000000    236.000000    280.000000    256.000000    527.000000    601.000000    457.000000    428.000000    601.000000    751.000000    832.000000    395.000000    318.000000    244.000000    800.000000    200.000000     88.000000    188.000000    162.000000    140.000000    108.000000    179.000000    105.000000    522.000000    437.000000   1591.000000    507.000000    586.000000    301.000000    127.000000    285.000000    300.000000    469.000000    476.000000    269.000000    333.000000    164.000000    150.000000    301.000000    244.000000    505.000000   1041.000000  10098.000000  11449.000000   1003.000000    575.000000    574.000000    642.000000    335.000000    364.000000    459.000000    326.000000   1251.000000   1354.000000   1417.000000   1238.000000    293.000000    259.000000    640.000000    890.000000    743.000000    674.000000    497.000000    316.000000    969.000000   1278.000000    496.000000    408.000000    256.000000    293.000000    338.000000    311.000000    157.000000    183.000000    102.000000    112.000000
   669.388428   1027.000000    975.000000    898.000000    842.000000    824.000000    755.000000    865.000000   1190.000000   1248.000000   1230.000000   1568.000000    879.000000    920.000000    994.000000   1042.000000   1446.000000   1380.000000   3551.000000    950.000000    615.000000    552.000000    353.000000    655.000000    568.000000    318.000000    734.000000   1622.000000    983.000000   1348.000000   1339.000000    177.000000    101.000000    605.000000    444.000000    436.000000    106.000000    591.000000    267.000000    166.000000     84.000000     80.000000     84.000000    218.000000    237.000000    253.000000    216.000000    157.000000    160.000000    204.000000      9.000000     28.000000    432.000000    434.000000    407.000000    131.000000    316.000000    201.000000    191.000000    125.000000    120.000000     99.000000     73.000000     37.000000    111.000000     58.000000     92.000000    124.000000    218.000000    358.000000    146.000000    162.000000    223.000000    258.000000    324.000000    517.000000    576.000000    445.000000    449.000000    635.000000    737.000000    823.000000    452.000000    281.000000    260.000000    888.000000    238.000000    128.000000    128.000000    189.000000    178.000000     96.000000    167.000000     64.000000    605.000000    395.000000   1578.000000    532.000000    561.000000    296.000000     96.000000    315.000000    348.000000    420.000000    491.000000    225.000000    327.000000    164.000000    151.000000    279.000000    215.000000    476.000000   1017.000000  10315.000000  11193.000000    963.000000    615.000000    569.000000    601.000000    302.000000    343.000000    481.000000    326.000000   1210.000000   1380.000000   1523.000000   1282.000000    330.000000    209.000000    669.000000    911.000000    779.000000    692.000000    519.000000    336.000000   1002.000000   1193.000000    420.000000    374.000000    203.000000    307.000000    323.000000    280.000000    132.000000    161.000000    110.000000    101.000000
   670.687988    952.000000    925.000000    934.000000    894.000000    854.000000    782.000000    845.000000   1173.000000   1213.000000   1205.000000   1559.000000    932.000000    910.000000    961.000000   1061.000000   1426.000000   1378.000000   3562.000000    815.000000    620.000000    516.000000    389.000000    635.000000    637.000000    324.000000    717.000000   1551.000000    939.000000   1368.000000   1349.000000    158.000000     91.000000    581.000000    450.000000    399.000000     95.000000    630.000000    256.000000    188.000000     88.000000     63.000000    115.000000    195.000000    220.000000    209.000000    195.000000    160.000000    162.000000    198.000000     -1.000000     15.000000    421.000000    429.000000    359.000000    131.000000    332.000000    160.000000    181.000000     88.000000     87.000000     77.000000     78.000000     15.000000    111.000000     68.000000    122.000000    174.000000    195.000000    365.000000    166.000000    150.000000    233.000000    264.000000    294.000000    537.000000    550.000000    424.000000    399.000000    594.000000    779.000000    822.000000    403.000000    316.000000    236.000000    832.000000    219.000000    107.000000    140.000000    152.000000    157.000000    119.000000    193.000000     74.000000    537.000000    422.000000   1502.000000    507.000000    561.000000    286.000000    113.000000    296.000000    337.000000    400.000000    527.000000    254.000000    351.000000    160.000000    144.000000    287.000000    217.000000    464.000000   1042.000000  10213.000000  10962.000000    896.000000    620.000000    544.000000    517.000000    327.000000    322.000000    450.000000    312.000000   1227.000000   1338.000000   1487.000000   1228.000000    324.000000    227.000000    644.000000    946.000000    750.000000    710.000000    521.000000    331.000000   1029.000000   1313.000000    436.000000    367.000000    229.000000    335.000000    285.000000    292.000000    140.000000    194.000000    113.000000    110.000000
   671.988098   1006.000000    935.000000    927.000000    869.000000    878.000000    686.000000    889.000000   1146.000000   1173.000000   1232.000000   1570.000000    949.000000    933.000000    906.000000   1055.000000   1404.000000   1306.000000   3504.000000    847.000000    581.000000    529.000000    419.000000    623.000000    582.000000    339.000000    695.000000   1579.000000    997.000000   1212.000000   1385.000000    192.000000    121.000000    613.000000    407.000000    449.000000     98.000000    577.000000    257.000000    160.000000     55.000000     61.000000     80.000000    226.000000    189.000000    207.000000    184.000000    174.000000    168.000000    161.000000     -3.000000      3.000000    452.000000    462.000000    371.000000    134.000000    324.000000    156.000000    150.000000    108.000000     91.000000     77.000000     48.000000     35.000000     93.000000     79.000000     84.000000    117.000000    159.000000    336.000000    110.000000    176.000000    241.000000    253.000000    297.000000    592.000000    531.000000    418.000000    426.000000    612.000000    763.000000    791.000000    405.000000    300.000000    244.000000    792.000000    203.000000    121.000000    166.000000    154.000000    159.000000    112.000000    189.000000     74.000000    532.000000    428.000000   1514.000000    519.000000    561.000000    281.000000    153.000000    269.000000    342.000000    398.000000    439.000000    245.000000    315.000000    167.000000    153.000000    282.000000    205.000000    460.000000   1078.000000  10178.000000  11018.000000    937.000000    581.000000    555.000000    581.000000    309.000000    365.000000    502.000000    324.000000   1261.000000   1387.000000   1579.000000   1303.000000    321.000000    254.000000    655.000000    906.000000    763.000000    655.000000    524.000000    325.000000   1029.000000   1237.000000    464.000000    357.000000    194.000000    295.000000    297.000000    306.000000    152.000000    180.000000    135.000000    113.000000
   673.288574    999.000000    930.000000    891.000000    817.000000    826.000000    809.000000    780.000000   1159.000000   1234.000000   1248.000000   1648.000000    880.000000    972.000000    973.000000   1059.000000   1330.000000   1326.000000   3618.000000    896.000000    579.000000    542.000000    397.000000    638.000000    614.000000    317.000000    736.000000   1593.000000    982.000000   1313.000000   1359.000000    192.000000     89.000000    638.000000    424.000000    416.000000     93.000000    608.000000    262.000000    166.000000     81.000000     84.000000    111.000000    223.000000    226.000000    214.000000    194.000000    187.000000    166.000000    195.000000     22.000000      2.000000    398.000000    442.000000    361.000000    122.000000    318.000000    186.000000    177.000000    101.000000     76.000000     74.000000     49.000000     31.000000    116.000000     72.000000     84.000000    130.000000    182.000000    328.000000    139.000000    135.000000    230.000000    262.000000    313.000000    582.000000    550.000000    401.000000    455.000000    557.000000    739.000000    824.000000    414.000000    295.000000    224.000000    841.000000    200.000000    108.000000    145.000000    160.000000    148.000000     80.000000    182.000000     58.000000    558.000000    415.000000   1521.000000    548.000000    571.000000    272.000000    148.000000    289.000000    359.000000    386.000000    450.000000    252.000000    337.000000    170.000000    115.000000    263.000000    247.000000    493.000000   1034.000000  10147.000000  10954.000000    936.000000    579.000000    560.000000    601.000000    320.000000    360.000000    490.000000    320.000000   1297.000000   1381.000000   1553.000000   1327.000000    344.000000    263.000000    683.000000    860.000000    798.000000    683.000000    499.000000    350.000000   1015.000000   1297.000000    418.000000    363.000000    179.000000    297.000000    333.000000    295.000000    155.000000    151.000000     96.000000    103.000000
   674.589722   1009.000000    932.000000    904.000000    883.000000    882.000000    738.000000    862.000000   1133.000000   1150.000000   1229.000000   1555.000000    923.000000    929.000000    979.000000   1005.000000   1424.000000   1344.000000   3499.000000    844.000000    593.000000    493.000000    390.000000    668.000000    575.000000    331.000000    690.000000   1546.000000    929.000000   1319.000000   1340.000000    182.000000    103.000000    619.000000    491.000000    442.000000     85.000000    546.000000    302.000000    192.000000     83.000000     80.000000     75.000000    198.000000    213.000000    199.000000    213.000000    185.000000    174.000000    204.000000     -9.000000     26.000000    449.000000    433.000000    350.000000    129.000000    277.000000    142.000000    128.000000    113.000000    106.000000     75.000000     59.000000     18.000000    108.000000     51.000000    109.000000    110.000000    177.000000    305.000000    138.000000    154.000000    209.000000    222.000000    316.000000    556.000000    579.000000    389.000000    435.000000    625.000000    765.000000    815.000000    407.000000    281.000000    215.000000    793.000000    209.000000    110.000000    143.000000    162.000000    147.000000     80.000000    180.000000     80.000000    567.000000    460.000000   1535.000000    477.000000    564.000000    299.000000    125.000000    285.000000    337.000000    418.000000    470.000000    227.000000    309.000000    163.000000    150.000000    257.000000    224.000000    462.000000   1056.000000  10144.000000  11076.000000    940.000000    593.000000    521.000000    603.000000    346.000000    344.000000    455.000000    365.000000   1225.000000   1404.000000   1605.000000   1329.000000    335.000000    262.000000    691.000000    908.000000    778.000000    638.000000    540.000000    351.000000   1005.000000   1266.000000    452.000000    368.000000    232.000000    312.000000    263.000000    234.000000    134.000000    161.000000     96.000000     99.000000
   675.891174   1060.000000    940.000000    881.000000    891.000000    885.000000    720.000000    858.000000   1137.000000   1195.000000   1242.000000   1609.000000    882.000000    886.000000    963.000000    987.000000   1366.000000   1304.000000   3614.000000    870.000000    539.000000    514.000000    329.000000    636.000000    620.000000    338.000000    707.000000   1597.000000    975.000000   1270.000000   1374.000000    163.000000    109.000000    614.000000    411.000000    429.000000     69.000000    566.000000    259.000000    194.000000     87.000000     48.000000     83.000000    195.000000    197.000000    223.000000    198.000000    111.000000    133.000000    202.000000     13.000000      0.000000    449.000000    455.000000    313.000000    124.000000    323.000000    157.000000    168.000000     92.000000    101.000000     93.000000     48.000000     37.000000    102.000000     66.000000     80.000000    119.000000    174.000000    344.000000    152.000000    141.000000    223.000000    237.000000    285.000000    585.000000    532.000000    438.000000    458.000000    567.000000    780.000000    839.000000    402.000000    281.000000    256.000000    788.000000    212.000000    120.000000    166.000000    171.000000    158.000000     76.000000    167.000000     78.000000    556.000000    431.000000   1507.000000    514.000000    556.000000    261.000000    126.000000    294.000000    266.000000    399.000000    440.000000    222.000000    367.000000    201.000000    133.000000    266.000000    209.000000    527.000000   1023.000000  10281.000000  10811.000000    958.000000    539.000000    529.000000    565.000000    322.000000    334.000000    479.000000    342.000000   1190.000000   1427.000000   1560.000000   1357.000000    345.000000    260.000000    650.000000    850.000000    725.000000    672.000000    518.000000    306.000000    945.000000   1274.000000    427.000000    335.000000    221.000000    309.000000    298.000000    276.000000    141.000000    184.000000    113.000000     98.000000
   677.193176    971.000000    961.000000    880.000000    855.000000    849.000000    754.000000    862.000000   1257.000000   1163.000000   1216.000000   1533.000000    899.000000    937.000000    998.000000    999.000000   1395.000000   1385.000000   3602.000000    790.000000    604.000000    518.000000    346.000000    683.000000    607.000000    315.000000    636.000000   1557.000000   1049.000000   1336.000000   1382.000000    217.000000    109.000000    602.000000    480.000000    445.000000    106.000000    616.000000    236.000000    184.000000     87.000000     82.000000     82.000000    181.000000    215.000000    208.000000    202.000000    159.000000    153.000000    168.000000      8.000000      8.000000    462.000000    481.000000    392.000000    126.000000    284.000000    105.000000    148.000000     79.000000     70.000000     74.000000     46.000000     22.000000     80.000000     26.000000     96.000000    123.000000    184.000000    295.000000    153.000000    146.000000    218.000000    233.000000    268.000000    565.000000    538.000000    425.000000    470.000000    520.000000    802.000000    854.000000    396.000000    271.000000    236.000000    864.000000    226.000000     95.000000    137.000000    185.000000    143.000000     87.000000    164.000000     57.000000    566.000000    380.000000   1541.000000    558.000000    579.000000    251.000000    123.000000    293.000000    339.000000    436.000000    416.000000    276.000000    347.000000    204.000000    172.000000    249.000000    259.000000    506.000000   1038.000000   9974.000000  10854.000000    914.000000    604.000000    569.000000    582.000000    273.000000    305.000000    454.000000    375.000000   1196.000000   1435.000000   1608.000000   1347.000000    323.000000    253.000000    652.000000    894.000000    758.000000    679.000000    517.000000    312.000000   1035.000000   1309.000000    449.000000    342.000000    198.000000    290.000000    304.000000    289.000000    136.000000    148.000000    113.000000    112.000000
   678.495728   1022.000000    932.000000    868.000000    876.000000    789.000000    776.000000    798.000000   1148.000000   1228.000000   1168.000000   1525.000000    917.000000    939.000000    921.000000   1086.000000   1401.000000   1360.000000   3724.000000    880.000000    555.000000    522.000000    382.000000    648.000000    549.000000    264.000000    714.000000   1584.000000    989.000000   1381.000000   1372.000000    224.000000    114.000000    581.000000    429.000000    406.000000    128.000000    542.000000    242.000000    189.000000     60.000000     69.000000    104.000000    215.000000    192.000000    179.000000    186.000000    166.000000    170.000000    195.000000     16.000000     10.000000    397.000000    449.000000    337.000000    128.000000    251.000000    165.000000    150.000000     84.000000     90.000000     51.000000     59.000000     36.000000     65.000000     65.000000     86.000000    112.000000    172.000000    296.000000    137.000000    126.000000    232.000000    246.000000    288.000000    530.000000    542.000000    470.000000    407.000000    579.000000    731.000000    852.000000    385.000000    282.000000    241.000000    791.000000    239.000000    116.000000    151.000000    187.000000    140.000000     89.000000    162.000000     65.000000    546.000000    411.000000   1486.000000    506.000000    534.000000    239.000000    141.000000    290.000000    303.000000    345.000000    392.000000    232.000000    323.000000    159.000000    137.000000    280.000000    225.000000    482.000000   1098.000000  10359.000000  11002.000000    971.000000    555.000000    563.000000    548.000000    335.000000    340.000000    428.000000    332.000000   1256.000000   1422.000000   1592.000000   1355.000000    319.000000    244.000000    683.000000    938.000000    748.000000    676.000000    489.000000    332.000000    976.000000   1270.000000    412.000000    373.000000    189.000000    288.000000    265.000000    259.000000    146.000000    157.000000    106.000000     94.000000
   679.798584    991.000000    951.000000    864.000000    858.000000    835.000000    726.000000    806.000000   1326.000000   1128.000000   1268.000000   1540.000000    866.000000    874.000000    977.000000   1002.000000   1479.000000   1326.000000   3583.000000    869.000000    563.000000    536.000000    351.000000    651.000000    606.000000    303.000000    695.000000   1563.000000   1049.000000   1323.000000   1375.000000    192.000000    104.000000    583.000000    410.000000    455.000000    123.000000    614.000000    247.000000    193.000000     73.000000     71.000000     86.000000    219.000000    196.000000    204.000000    203.000000    130.000000    131.000000    237.000000      8.000000     15.000000    387.000000    432.000000    330.000000    140.000000    255.000000    115.000000    147.000000     75.000000     89.000000     56.000000     40.000000     31.000000     89.000000     84.000000     76.000000    113.000000    200.000000    318.000000    157.000000    141.000000    188.000000    255.000000    301.000000    576.000000    555.000000    427.000000    443.000000    579.000000    778.000000    894.000000    398.000000    294.000000    213.000000    830.000000    189.000000    118.000000    159.000000    179.000000    133.000000     93.000000    154.000000     79.000000    524.000000    405.000000   1474.000000    557.000000    548.000000    252.000000    159.000000    311.000000    312.000000    405.000000    395.000000    205.000000    337.000000    198.000000    112.000000    271.000000    229.000000    468.000000   1026.000000  10198.000000  11087.000000    939.000000    563.000000    517.000000    577.000000    316.000000    345.000000    451.000000    328.000000   1156.000000   1430.000000   1677.000000   1360.000000    348.000000    237.000000    669.000000    963.000000    793.000000    599.000000    496.000000    310.000000    960.000000   1295.000000    385.000000    362.000000    201.000000    264.000000    315.000000    267.000000    146.000000    162.000000    140.000000    101.000000
   681.102112    997.000000    971.000000    897.000000    871.000000    810.000000    788.000000    862.000000   1259.000000   1246.000000   1188.000000   1538.000000    867.000000    935.000000    964.000000   1014.000000   1311.000000   1303.000000   3519.000000    853.000000    536.000000    530.000000    331.000000    694.000000    594.000000    329.000000    679.000000   1623.000000   1113.000000   1301.000000   1427.000000    178.000000     91.000000    572.000000    415.000000    430.000000     92.000000    592.000000    293.000000    211.000000     77.000000     69.000000    100.000000    221.000000    232.000000    216.000000    235.000000    123.000000    147.000000    191.000000      8.000000     24.000000    442.000000    444.000000    356.000000    123.000000    304.000000    147.000000    136.000000     68.000000     84.000000     57.000000     62.000000     29.000000     85.000000     66.000000     98.000000    122.000000    187.000000    317.000000    134.000000    147.000000    232.000000    256.000000    304.000000    552.000000    517.000000    438.000000    413.000000    593.000000    787.000000    808.000000    393.000000    261.000000    213.000000    861.000000    197.000000    116.000000    130.000000    164.000000    145.000000     84.000000    169.000000     66.000000    531.000000    417.000000   1371.000000    521.000000    553.000000    270.000000    135.000000    231.000000    279.000000    399.000000    411.000000    222.000000    349.000000    205.000000    120.000000    272.000000    205.000000    448.000000   1011.000000  10036.000000  10833.000000    906.000000    536.000000    550.000000    579.000000    319.000000    351.000000    475.000000    324.000000   1286.000000   1433.000000   1636.000000   1426.000000    337.000000    287.000000    627.000000    907.000000    722.000000    596.000000    512.000000    304.000000   1031.000000   1276.000000    429.000000    332.000000    210.000000    275.000000    317.000000    293.000000    124.000000    175.000000    122.000000     74.000000
   682.406006   1005.000000    976.000000    901.000000    916.000000    847.000000    723.000000    803.000000   1206.000000   1229.000000   1262.000000   1505.000000    939.000000    898.000000    961.000000   1047.000000   1381.000000   1372.000000   3444.000000    854.000000    543.000000    525.000000    372.000000    656.000000    577.000000    283.000000    644.000000   1616.000000   1023.000000   1342.000000   1444.000000    191.000000    137.000000    565.000000    427.000000    399.000000     90.000000    589.000000    238.000000    192.000000     50.000000     67.000000    105.000000    194.000000    194.000000    205.000000    203.000000    152.000000    138.000000    161.000000     -7.000000     18.000000    411.000000    445.000000    318.000000    133.000000    264.000000    137.000000    123.000000     87.000000     87.000000     75.000000     52.000000     28.000000    125.000000     58.000000     96.000000     96.000000    169.000000    261.000000    136.000000    144.000000    189.000000    275.000000    329.000000    561.000000    598.000000    445.000000    422.000000    569.000000    841.000000    899.000000    400.000000    271.000000    244.000000    853.000000    187.000000    115.000000    147.000000    157.000000    125.000000     79.000000    161.000000     68.000000    564.000000    407.000000   1440.000000    546.000000    563.000000    289.000000    104.000000    272.000000    324.000000    378.000000    410.000000    219.000000    316.000000    203.000000    118.000000    259.000000    254.000000    439.000000   1002.000000   9987.000000  10825.000000    980.000000    543.000000    596.000000    527.000000    309.000000    299.000000    465.000000    314.000000   1212.000000   1436.000000   1697.000000   1335.000000    345.000000    270.000000    619.000000    923.000000    776.000000    634.000000    435.000000    301.000000   1043.000000   1250.000000    416.000000    348.000000    181.000000    283.000000    302.000000    259.000000    139.000000    190.000000    117.000000    112.000000
   683.710388   1045.000000    923.000000    852.000000    833.000000    869.000000    714.000000    846.000000   1194.000000   1210.000000   1255.000000   1522.000000    933.000000    883.000000    915.000000    984.000000   1437.000000   1301.000000   3482.000000    831.000000    501.000000    525.000000    364.000000    696.000000    577.000000    297.000000    679.000000   1583.000000   1002.000000   1372.000000   1469.000000    192.000000     83.000000    567.000000    433.000000    399.000000     53.000000    609.000000    262.000000    157.000000     74.000000     65.000000     86.000000    204.000000    192.000000    200.000000    185.000000    142.000000    162.000000    169.000000      3.000000     -6.000000    452.000000    470.000000    307.000000    131.000000    280.000000    151.000000    152.000000     55.000000     57.000000     63.000000     56.000000     40.000000    104.000000     77.000000     92.000000    113.000000    179.000000    301.000000    140.000000    125.000000    232.000000    284.000000    286.000000    656.000000    590.000000    477.000000    426.000000    543.000000    822.000000    888.000000    403.000000    306.000000    220.000000    782.000000    196.000000    118.000000    140.000000    141.000000    131.000000    101.000000    160.000000     66.000000    558.000000    380.000000   1370.000000    506.000000    510.000000    240.000000    107.000000    319.000000    335.000000    361.000000    402.000000    249.000000    341.000000    175.000000    108.000000    252.000000    210.000000    497.000000   1036.000000   9920.000000  10725.000000    884.000000    501.000000    492.000000    534.000000    285.000000    346.000000    467.000000    340.000000   1221.000000   1432.000000   1642.000000   1422.000000    326.000000    276.000000    628.000000    920.000000    669.000000    642.000000    486.000000    328.000000   1007.000000   1226.000000    384.000000    330.000000    205.000000    273.000000    304.000000    270.000000    132.000000    154.000000    101.000000     99.000000
   685.015320   1037.000000    987.000000    849.000000    876.000000    778.000000    769.000000    831.000000   1203.000000   1225.000000   1205.000000   1551.000000    859.000000    897.000000    924.000000   1038.000000   1459.000000   1326.000000   3567.000000    839.000000    522.000000    518.000000    349.000000    687.000000    531.000000    280.000000    648.000000   1570.000000   1035.000000   1344.000000   1406.000000    215.000000     97.000000    551.000000    467.000000    433.000000     52.000000    566.000000    236.000000    152.000000     61.000000     49.000000     70.000000    215.000000    207.000000    187.000000    169.000000    127.000000    159.000000    187.000000      7.000000     -1.000000    432.000000    429.000000    321.000000    103.000000    251.000000    137.000000    133.000000     85.000000     67.000000     62.000000     61.000000     31.000000     82.000000     50.000000     93.000000    106.000000    172.000000    347.000000    139.000000    125.000000    198.000000    210.000000    279.000000    560.000000    543.000000    467.000000    373.000000    523.000000    747.000000    793.000000    358.000000    265.000000    221.000000    767.000000    223.000000    110.000000    130.000000    173.000000    112.000000     73.000000    175.000000     79.000000    462.000000    387.000000   1421.000000    491.000000    566.000000    218.000000    116.000000    294.000000    287.000000    351.000000    433.000000    208.000000    329.000000    159.000000    128.000000    238.000000    233.000000    463.000000    972.000000  10091.000000  10617.000000    963.000000    522.000000    549.000000    551.000000    295.000000    332.000000    473.000000    353.000000   1239.000000   1457.000000   1675.000000   1288.000000    326.000000    278.000000    667.000000    827.000000    686.000000    634.000000    448.000000    334.000000    981.000000   1252.000000    386.000000    371.000000    191.000000    273.000000    275.000000    280.000000    136.000000    162.000000    123.000000    105.000000
   686.320679   1049.000000    939.000000    899.000000    867.000000    872.000000    749.000000    842.000000   1205.000000   1189.000000   1155.000000   1511.000000    854.000000    912.000000    953.000000    975.000000   1352.000000   1317.000000   3482.000000    824.000000    523.000000    506.000000    338.000000    683.000000    512.000000    304.000000    598.000000   1512.000000   1064.000000   1362.000000   1469.000000    181.000000    115.000000    529.000000    391.000000    384.000000     58.000000    581.000000    215.000000    190.000000     64.000000     53.000000     65.000000    231.000000    194.000000    181.000000    179.000000    149.000000    158.000000    142.000000     12.000000      6.000000    400.000000    399.000000    333.000000     99.000000    252.000000    136.000000    142.000000     96.000000     89.000000     66.000000     26.000000     37.000000     99.000000     57.000000     92.000000    115.000000    180.000000    279.000000    139.000000    132.000000    208.000000    277.000000    284.000000    548.000000    566.000000    459.000000    414.000000    562.000000    820.000000    925.000000    343.000000    277.000000    201.000000    773.000000    196.000000     88.000000    142.000000    177.000000    120.000000     82.000000    157.000000     74.000000    482.000000    373.000000   1364.000000    502.000000    525.000000    232.000000    135.000000    291.000000    278.000000    346.000000    378.000000    224.000000    298.000000    176.000000    142.000000    195.000000    198.000000    466.000000    959.000000   9999.000000  10504.000000    948.000000    523.000000    512.000000    559.000000    291.000000    319.000000    457.000000    322.000000   1241.000000   1337.000000   1680.000000   1368.000000    361.000000    249.000000    564.000000    867.000000    679.000000    638.000000    513.000000    276.000000    974.000000   1243.000000    441.000000    329.000000    191.000000    261.000000    248.000000    255.000000    138.000000    142.000000     90.000000     81.000000
   687.626526   1044.000000    961.000000    873.000000    839.000000    871.000000    765.000000    769.000000   1181.000000   1129.000000   1251.000000   1495.000000    949.000000    936.000000    870.000000   1000.000000   1382.000000   1259.000000   3486.000000    792.000000    506.000000    488.000000    340.000000    621.000000    513.000000    304.000000    617.000000   1531.000000   1008.000000   1399.000000   1361.000000    169.000000    113.000000    580.000000    416.000000    421.000000     81.000000    576.000000    217.000000    179.000000     64.000000     63.000000     94.000000    182.000000    197.000000    206.000000    214.000000    151.000000    141.000000    169.000000     15.000000      1.000000    403.000000    428.000000    303.000000    110.000000    252.000000    130.000000    129.000000     96.000000     87.000000     34.000000     29.000000     17.000000     77.000000     45.000000     71.000000    101.000000    150.000000    287.000000    127.000000    136.000000    182.000000    261.000000    280.000000    553.000000    534.000000    449.000000    426.000000    522.000000    768.000000    825.000000    316.000000    263.000000    231.000000    761.000000    191.000000    113.000000    131.000000    178.000000    106.000000     74.000000    140.000000     74.000000    468.000000    381.000000   1342.000000    497.000000    505.000000    235.000000    141.000000    298.000000    276.000000    334.000000    346.000000    252.000000    302.000000    170.000000     97.000000    237.000000    194.000000    423.000000    972.000000   9526.000000  10542.000000    919.000000    506.000000    561.000000    573.000000    285.000000    326.000000    490.000000    322.000000   1216.000000   1438.000000   1628.000000   1338.000000    341.000000    262.000000    533.000000    841.000000    726.000000    604.000000    484.000000    275.000000    946.000000   1283.000000    378.000000    333.000000    198.000000    280.000000    284.000000    239.000000    138.000000    155.000000     81.000000     76.000000
   688.932800   1009.000000    964.000000    819.000000    844.000000    805.000000    670.000000    747.000000   1212.000000   1228.000000   1206.000000   1542.000000    847.000000    908.000000    877.000000   1014.000000   1388.000000   1292.000000   3523.000000    825.000000    501.000000    484.000000    308.000000    635.000000    531.000000    326.000000    595.000000   1575.000000   1007.000000   1286.000000   1419.000000    193.000000     98.000000    575.000000    402.000000    393.000000     94.000000    579.000000    236.000000    185.000000     66.000000     42.000000     78.000000    168.000000    192.000000    178.000000    202.000000    137.000000    140.000000    177.000000      4.000000     16.000000    425.000000    434.000000    340.000000    104.000000    264.000000    120.000000    113.000000     82.000000     78.000000     52.000000     36.000000     28.000000     99.000000     68.000000     80.000000    124.000000    164.000000    306.000000    126.000000    117.000000    180.000000    231.000000    267.000000    539.000000    505.000000    371.000000    386.000000    535.000000    799.000000    872.000000    329.000000    247.000000    205.000000    733.000000    182.000000     98.000000    173.000000    154.000000    117.000000    105.000000    167.000000     66.000000    498.000000    332.000000   1311.000000    457.000000    503.000000    214.000000     76.000000    269.000000    281.000000    360.000000    351.000000    211.000000    263.000000    170.000000    115.000000    231.000000    216.000000    419.000000    959.000000   9362.000000  10190.000000    870.000000    501.000000    547.000000    574.000000    257.000000    346.000000    474.000000    322.000000   1174.000000   1388.000000   1725.000000   1346.000000    339.000000    272.000000    557.000000    924.000000    701.000000    569.000000    494.000000    290.000000    938.000000   1238.000000    421.000000    342.000000    209.000000    249.000000    251.000000    242.000000    123.000000    153.000000    103.000000     85.000000
   690.239624    967.000000    893.000000    861.000000    776.000000    809.000000    704.000000    859.000000   1192.000000   1119.000000   1139.000000   1404.000000    864.000000    958.000000    908.000000    962.000000   1338.000000   1294.000000   3504.000000    741.000000    501.000000    487.000000    294.000000    650.000000    523.000000    317.000000    666.000000   1524.000000   1028.000000   1250.000000   1348.000000    148.000000     77.000000    546.000000    404.000000    393.000000     63.000000    537.000000    212.000000    160.000000     62.000000     54.000000     66.000000    168.000000    193.000000    181.000000    182.000000    122.000000    155.000000    150.000000      6.000000     11.000000    429.000000    401.000000    316.000000     93.000000    247.000000    126.000000    118.000000     73.000000     68.000000     62.000000     27.000000     21.000000     83.000000     97.000000    111.000000    101.000000    158.000000    286.000000     99.000000    115.000000    154.000000    278.000000    274.000000    550.000000    557.000000    403.000000    388.000000    560.000000    786.000000    828.000000    330.000000    240.000000    211.000000    708.000000    193.000000    143.000000    142.000000    170.000000    116.000000     96.000000    145.000000     44.000000    434.000000    379.000000   1337.000000    486.000000    491.000000    191.000000    108.000000    247.000000    273.000000    321.000000    393.000000    217.000000    293.000000    167.000000    124.000000    223.000000    201.000000    434.000000    887.000000   9470.000000  10196.000000    881.000000    501.000000    501.000000    569.000000    321.000000    266.000000    431.000000    336.000000   1195.000000   1373.000000   1636.000000   1353.000000    338.000000    258.000000    561.000000    891.000000    667.000000    618.000000    451.000000    287.000000    960.000000   1178.000000    385.000000    320.000000    201.000000    232.000000    271.000000    248.000000    123.000000    155.000000     90.000000    100.000000
   691.546875    980.000000    909.000000    843.000000    798.000000    769.000000    684.000000    795.000000   1152.000000   1146.000000   1184.000000   1516.000000    859.000000    846.000000    881.000000    884.000000   1258.000000   1212.000000   3376.000000    747.000000    495.000000    464.000000    287.000000    664.000000    522.000000    258.000000    552.000000   1482.000000    947.000000   1240.000000   1376.000000    168.000000     87.000000    513.000000    393.000000    403.000000     83.000000    488.000000    203.000000    169.000000     80.000000     84.000000     97.000000    165.000000    187.000000    159.000000    174.000000    155.000000    158.000000    141.000000      6.000000      6.000000    383.000000    424.000000    335.000000    102.000000    217.000000    107.000000    110.000000     89.000000     86.000000     58.000000     41.000000     13.000000     80.000000     29.000000     71.000000     98.000000    145.000000    289.000000    121.000000    127.000000    172.000000    242.000000    273.000000    492.000000    518.000000    379.000000    422.000000    516.000000    809.000000    887.000000    304.000000    231.000000    207.000000    786.000000    197.000000    120.000000    154.000000    151.000000     99.000000     77.000000    120.000000     74.000000    487.000000    354.000000   1273.000000    477.000000    499.000000    221.000000     71.000000    237.000000    299.000000    359.000000    395.000000    214.000000    262.000000    158.000000    135.000000    183.000000    218.000000    432.000000    891.000000   9557.000000  10039.000000    862.000000    495.000000    517.000000    529.000000    266.000000    269.000000    408.000000    309.000000   1100.000000   1349.000000   1606.000000   1281.000000    336.000000    225.000000    512.000000    888.000000    675.000000    541.000000    468.000000    313.000000    884.000000   1264.000000    419.000000    322.000000    148.000000    241.000000    235.000000    248.000000    103.000000    139.000000    105.000000     95.000000
   692.854614    964.000000    850.000000    853.000000    773.000000    791.000000    722.000000    733.000000   1190.000000   1141.000000   1121.000000   1412.000000    915.000000    944.000000    860.000000    967.000000   1337.000000   1197.000000   3285.000000    835.000000    502.000000    438.000000    286.000000    665.000000    486.000000    262.000000    620.000000   1537.000000   1002.000000   1270.000000   1344.000000    164.000000     73.000000    512.000000    401.000000    394.000000     94.000000    499.000000    215.000000    179.000000     62.000000     80.000000     78.000000    190.000000    218.000000    173.000000    190.000000    123.000000    159.000000    155.000000     -6.000000     13.000000    392.000000    365.000000    314.000000     90.000000    221.000000    120.000000    118.000000     93.000000     62.000000     59.000000     35.000000     18.000000     91.000000     75.000000     76.000000     91.000000    151.000000    267.000000    123.000000    111.000000    193.000000    271.000000    269.000000    552.000000    543.000000    391.000000    390.000000    528.000000    734.000000    872.000000    294.000000    208.000000    223.000000    744.000000    191.000000    124.000000    133.000000    150.000000     94.000000     68.000000    133.000000     69.000000    485.000000    328.000000   1306.000000    475.000000    478.000000    212.000000     94.000000    294.000000    304.000000    336.000000    356.000000    220.000000    278.000000    168.000000    114.000000    202.000000    170.000000    448.000000    876.000000   9485.000000   9963.000000    848.000000    502.000000    479.000000    531.000000    309.000000    298.000000    411.000000    323.000000   1181.000000   1369.000000   1624.000000   1356.000000    324.000000    265.000000    569.000000    825.000000    661.000000    555.000000    410.000000    290.000000    899.000000   1173.000000    368.000000    287.000000    155.000000    223.000000    247.000000    223.000000    101.000000    134.000000     94.000000     85.000000
   694.162781    964.000000    894.000000    801.000000    795.000000    720.000000    702.000000    743.000000   1156.000000   1170.000000   1130.000000   1407.000000    848.000000    900.000000    848.000000    927.000000   1256.000000   1252.000000   3271.000000    694.000000    494.000000    472.000000    314.000000    591.000000    484.000000    265.000000    545.000000   1425.000000   1079.000000   1327.000000   1334.000000    126.000000     94.000000    474.000000    365.000000    380.000000     66.000000    502.000000    225.000000    177.000000     60.000000     37.000000     72.000000    167.000000    140.000000    193.000000    141.000000    134.000000    147.000000    134.000000      6.000000     15.000000    374.000000    380.000000    322.000000    107.000000    219.000000    105.000000    103.000000     84.000000     90.000000     48.000000     55.000000     36.000000     92.000000     42.000000     69.000000     75.000000    138.000000    259.000000    108.000000     93.000000    179.000000    212.000000    287.000000    505.000000    491.000000    349.000000    386.000000    515.000000    751.000000    784.000000    298.000000    264.000000    201.000000    659.000000    184.000000    119.000000    149.000000    137.000000    133.000000     73.000000    141.000000     58.000000    466.000000    370.000000   1306.000000    443.000000    459.000000    212.000000    104.000000    219.000000    241.000000    312.000000    348.000000    188.000000    278.000000    165.000000    116.000000    197.000000    193.000000    409.000000    859.000000   9236.000000   9844.000000    805.000000    494.000000    445.000000    476.000000    238.000000    279.000000    403.000000    316.000000   1200.000000   1372.000000   1669.000000   1307.000000    317.000000    251.000000    575.000000    798.000000    678.000000    586.000000    472.000000    262.000000    930.000000   1227.000000    358.000000    312.000000    180.000000    222.000000    238.000000    213.000000     97.000000    129.000000    135.000000     95.000000
   695.471619    944.000000    842.000000    827.000000    780.000000    745.000000    684.000000    767.000000   1179.000000   1099.000000   1210.000000   1371.000000    832.000000    852.000000    867.000000    899.000000   1275.000000   1241.000000   3273.000000    708.000000    506.000000    476.000000    268.000000    610.000000    527.000000    243.000000    541.000000   1395.000000    959.000000   1259.000000   1228.000000    174.000000     99.000000    514.000000    367.000000    400.000000     95.000000    514.000000    204.000000    180.000000     66.000000     61.000000     63.000000    192.000000    172.000000    166.000000    172.000000    108.000000    145.000000    145.000000     -3.000000    -11.000000    383.000000    405.000000    353.000000    106.000000    212.000000    109.000000    112.000000     79.000000     47.000000     59.000000     29.000000     33.000000     89.000000     62.000000     86.000000     94.000000    161.000000    285.000000    119.000000    111.000000    159.000000    243.000000    269.000000    509.000000    526.000000    428.000000    412.000000    578.000000    756.000000    805.000000    310.000000    215.000000    191.000000    672.000000    198.000000     89.000000    131.000000    140.000000    135.000000     91.000000    130.000000     35.000000    501.000000    372.000000   1321.000000    459.000000    533.000000    208.000000    108.000000    217.000000    219.000000    312.000000    305.000000    192.000000    265.000000    139.000000    122.000000    218.000000    199.000000    375.000000    813.000000   9333.000000   9623.000000    815.000000    506.000000    486.000000    482.000000    265.000000    293.000000    424.000000    318.000000   1190.000000   1330.000000   1603.000000   1213.000000    312.000000    229.000000    529.000000    808.000000    632.000000    532.000000    419.000000    281.000000    872.000000   1175.000000    386.000000    287.000000    157.000000    215.000000    246.000000    200.000000     91.000000    144.000000     85.000000     95.000000
   696.780823    905.000000    857.000000    768.000000    748.000000    703.000000    657.000000    766.000000   1129.000000   1109.000000   1086.000000   1370.000000    781.000000    820.000000    851.000000    884.000000   1295.000000   1208.000000   3133.000000    720.000000    471.000000    448.000000    288.000000    609.000000    495.000000    258.000000    561.000000   1496.000000    937.000000   1202.000000   1276.000000    145.000000     79.000000    500.000000    425.000000    410.000000     74.000000    454.000000    199.000000    154.000000     61.000000     45.000000     67.000000    135.000000    176.000000    171.000000    168.000000    107.000000    114.000000    153.000000      6.000000     14.000000    342.000000    361.000000    302.000000     89.000000    201.000000    117.000000    102.000000     64.000000     54.000000     52.000000     20.000000     25.000000     82.000000     27.000000     76.000000     91.000000    153.000000    262.000000    109.000000    105.000000    160.000000    202.000000    232.000000    493.000000    510.000000    364.000000    332.000000    553.000000    753.000000    802.000000    274.000000    210.000000    177.000000    705.000000    189.000000     95.000000    149.000000    140.000000    135.000000     57.000000    105.000000     60.000000    435.000000    335.000000   1318.000000    467.000000    478.000000    206.000000    103.000000    240.000000    251.000000    288.000000    338.000000    207.000000    277.000000    188.000000     72.000000    196.000000    198.000000    394.000000    922.000000   9083.000000   9482.000000    823.000000    471.000000    501.000000    491.000000    250.000000    289.000000    416.000000    286.000000   1078.000000   1396.000000   1624.000000   1227.000000    318.000000    245.000000    540.000000    846.000000    690.000000    527.000000    398.000000    282.000000    869.000000   1134.000000    349.000000    261.000000    155.000000    232.000000    206.000000    238.000000     95.000000    114.000000    103.000000     79.000000
   698.090515    966.000000    845.000000    759.000000    796.000000    781.000000    658.000000    749.000000   1118.000000   1104.000000   1106.000000   1387.000000    812.000000    833.000000    736.000000    863.000000   1240.000000   1241.000000   3215.000000    722.000000    460.000000    439.000000    290.000000    631.000000    506.000000    223.000000    558.000000   1455.000000    964.000000   1184.000000   1286.000000    127.000000     94.000000    515.000000    380.000000    352.000000     98.000000    481.000000    192.000000    146.000000     57.000000     52.000000     72.000000    180.000000    148.000000    138.000000    159.000000    143.000000    131.000000    158.000000     12.000000      1.000000    359.000000    332.000000    278.000000    104.000000    216.000000    113.000000     79.000000     75.000000     63.000000     69.000000     45.000000     25.000000     61.000000     34.000000     65.000000     98.000000    151.000000    270.000000    107.000000    114.000000    169.000000    257.000000    240.000000    471.000000    465.000000    379.000000    397.000000    480.000000    747.000000    813.000000    315.000000    227.000000    184.000000    675.000000    169.000000    113.000000    131.000000    139.000000    123.000000     97.000000    123.000000     26.000000    425.000000    374.000000   1139.000000    452.000000    501.000000    196.000000    109.000000    214.000000    215.000000    279.000000    335.000000    162.000000    296.000000    140.000000     89.000000    186.000000    203.000000    372.000000    846.000000   8984.000000   9570.000000    799.000000    460.000000    457.000000    473.000000    253.000000    280.000000    412.000000    314.000000   1113.000000   1366.000000   1577.000000   1252.000000    284.000000    259.000000    514.000000    824.000000    625.000000    572.000000    391.000000    293.000000    844.000000   1151.000000    333.000000    283.000000    158.000000    224.000000    208.000000    223.000000     84.000000    127.000000     97.000000     72.000000
   699.400574    945.000000    834.000000    756.000000    737.000000    716.000000    679.000000    719.000000   1084.000000   1086.000000   1101.000000   1298.000000    752.000000    795.000000    820.000000    849.000000   1233.000000   1142.000000   3210.000000    675.000000    420.000000    390.000000    265.000000    579.000000    395.000000    279.000000    569.000000   1439.000000    984.000000   1245.000000   1288.000000     98.000000     86.000000    509.000000    384.000000    345.000000     56.000000    466.000000    189.000000    143.000000     52.000000     35.000000     51.000000    176.000000    171.000000    162.000000    147.000000    121.000000    108.000000    128.000000     24.000000      5.000000    345.000000    395.000000    280.000000     75.000000    200.000000    108.000000    119.000000     58.000000     51.000000     63.000000     35.000000     37.000000     71.000000     46.000000     72.000000     91.000000    168.000000    238.000000    110.000000    102.000000    167.000000    215.000000    261.000000    510.000000    465.000000    364.000000    378.000000    475.000000    649.000000    722.000000    265.000000    199.000000    199.000000    658.000000    158.000000    111.000000    108.000000    129.000000    139.000000     57.000000    129.000000     56.000000    418.000000    331.000000   1249.000000    421.000000    456.000000    185.000000     76.000000    222.000000    243.000000    283.000000    325.000000    209.000000    260.000000    132.000000    102.000000    187.000000    155.000000    361.000000    788.000000   8999.000000   9498.000000    835.000000    420.000000    473.000000    474.000000    268.000000    308.000000    426.000000    323.000000   1113.000000   1307.000000   1596.000000   1269.000000    312.000000    268.000000    529.000000    826.000000    607.000000    524.000000    388.000000    274.000000    887.000000   1195.000000    370.000000    322.000000    127.000000    224.000000    217.000000    199.000000     92.000000    142.000000     77.000000     92.000000
   700.711304    897.000000    813.000000    783.000000    745.000000    694.000000    609.000000    710.000000   1022.000000   1105.000000   1130.000000   1299.000000    791.000000    745.000000    804.000000    816.000000   1192.000000   1152.000000   3179.000000    641.000000    450.000000    423.000000    245.000000    638.000000    476.000000    264.000000    561.000000   1359.000000   1001.000000   1187.000000   1226.000000    150.000000     87.000000    473.000000    383.000000    320.000000     51.000000    432.000000    196.000000    164.000000     38.000000     51.000000     91.000000    154.000000    159.000000    185.000000    137.000000    119.000000    124.000000    126.000000     -3.000000      2.000000    342.000000    342.000000    317.000000     69.000000    240.000000     97.000000     98.000000     65.000000     58.000000     60.000000     38.000000     25.000000     85.000000     64.000000     76.000000    110.000000    135.000000    233.000000     95.000000     86.000000    147.000000    218.000000    212.000000    463.000000    500.000000    362.000000    372.000000    473.000000    691.000000    809.000000    348.000000    252.000000    199.000000    664.000000    201.000000    105.000000    106.000000    156.000000    117.000000     65.000000    123.000000     53.000000    445.000000    323.000000   1153.000000    414.000000    417.000000    160.000000     94.000000    222.000000    241.000000    275.000000    307.000000    217.000000    237.000000    139.000000     90.000000    171.000000    190.000000    325.000000    786.000000   8793.000000   9131.000000    767.000000    450.000000    439.000000    478.000000    234.000000    311.000000    418.000000    294.000000   1036.000000   1324.000000   1617.000000   1224.000000    285.000000    234.000000    456.000000    813.000000    591.000000    558.000000    364.000000    274.000000    834.000000   1140.000000    338.000000    251.000000    140.000000    210.000000    203.000000    183.000000     94.000000    106.000000     90.000000     95.000000
   702.022400    859.000000    804.000000    750.000000    743.000000    740.000000    632.000000    654.000000   1076.000000   1054.000000   1028.000000   1269.000000    731.000000    767.000000    796.000000    801.000000   1182.000000   1161.000000   3012.000000    650.000000    437.000000    440.000000    273.000000    623.000000    475.000000    211.000000    535.000000   1304.000000    965.000000   1191.000000   1265.000000    150.000000    101.000000    465.000000    364.000000    339.000000     71.000000    450.000000    229.000000    165.000000     62.000000     49.000000     44.000000    139.000000    127.000000    133.000000    138.000000    115.000000    102.000000    108.000000      7.000000      8.000000    366.000000    359.000000    282.000000     94.000000    207.000000     92.000000    116.000000     63.000000     57.000000     36.000000     36.000000     14.000000     63.000000     46.000000     65.000000     80.000000    143.000000    215.000000     91.000000    100.000000    139.000000    227.000000    212.000000    432.000000    498.000000    349.000000    345.000000    441.000000    664.000000    819.000000    273.000000    208.000000    162.000000    618.000000    189.000000     90.000000    119.000000    164.000000    123.000000     51.000000     99.000000     35.000000    445.000000    318.000000   1145.000000    402.000000    495.000000    172.000000     75.000000    218.000000    214.000000    276.000000    265.000000    182.000000    284.000000    164.000000     92.000000    187.000000    152.000000    358.000000    784.000000   8650.000000   9195.000000    743.000000    437.000000    441.000000    491.000000    273.000000    270.000000    363.000000    284.000000   1114.000000   1213.000000   1599.000000   1281.000000    272.000000    218.000000    511.000000    763.000000    611.000000    495.000000    387.000000    249.000000    827.000000   1117.000000    342.000000    241.000000    149.000000    189.000000    206.000000    167.000000     85.000000    118.000000     97.000000    104.000000
   703.333984    897.000000    777.000000    762.000000    650.000000    729.000000    690.000000    722.000000   1026.000000   1057.000000    976.000000   1269.000000    727.000000    731.000000    743.000000    808.000000   1269.000000   1092.000000   3122.000000    681.000000    437.000000    425.000000    272.000000    615.000000    482.000000    236.000000    552.000000   1390.000000    931.000000   1097.000000   1232.000000    151.000000     62.000000    421.000000    333.000000    364.000000     69.000000    431.000000    224.000000    144.000000     60.000000     64.000000     56.000000    169.000000    123.000000    142.000000    128.000000    147.000000    135.000000    118.000000     -5.000000     17.000000    340.000000    361.000000    286.000000     81.000000    190.000000    110.000000    100.000000     40.000000     55.000000     36.000000     29.000000     16.000000     68.000000     36.000000     55.000000     66.000000    143.000000    240.000000     99.000000     82.000000    146.000000    199.000000    225.000000    441.000000    457.000000    331.000000    333.000000    425.000000    686.000000    755.000000    267.000000    249.000000    198.000000    587.000000    160.000000     81.000000    114.000000    118.000000    127.000000     65.000000    118.000000     66.000000    404.000000    296.000000   1153.000000    418.000000    404.000000    177.000000    104.000000    200.000000    233.000000    308.000000    298.000000    163.000000    238.000000    126.000000    109.000000    188.000000    149.000000    315.000000    725.000000   8707.000000   8945.000000    748.000000    437.000000    447.000000    443.000000    243.000000    259.000000    418.000000    299.000000   1086.000000   1275.000000   1593.000000   1220.000000    280.000000    225.000000    474.000000    797.000000    587.000000    483.000000    401.000000    262.000000    768.000000   1042.000000    327.000000    256.000000    141.000000    180.000000    176.000000    186.000000     79.000000    124.000000     82.000000     94.000000
   704.646118    881.000000    854.000000    715.000000    612.000000    668.000000    675.000000    739.000000   1049.000000   1008.000000    986.000000   1231.000000    715.000000    683.000000    797.000000    784.000000   1245.000000   1122.000000   3075.000000    643.000000    419.000000    423.000000    257.000000    627.000000    440.000000    228.000000    496.000000   1363.000000    898.000000   1132.000000   1299.000000    163.000000     74.000000    408.000000    373.000000    318.000000     82.000000    414.000000    199.000000    150.000000     48.000000     60.000000     64.000000    158.000000    136.000000    157.000000    127.000000    125.000000    116.000000    125.000000      5.000000     -8.000000    326.000000    331.000000    259.000000     70.000000    189.000000     92.000000    101.000000     68.000000     42.000000     35.000000     32.000000     29.000000     77.000000     38.000000     59.000000     57.000000    113.000000    240.000000    100.000000    128.000000    146.000000    208.000000    241.000000    471.000000    468.000000    374.000000    361.000000    449.000000    713.000000    785.000000    284.000000    213.000000    180.000000    663.000000    157.000000     78.000000    108.000000    144.000000    127.000000     76.000000    127.000000     43.000000    437.000000    311.000000   1121.000000    366.000000    405.000000    157.000000     75.000000    225.000000    224.000000    259.000000    291.000000    179.000000    257.000000    150.000000     87.000000    157.000000    187.000000    324.000000    810.000000   8662.000000   8833.000000    753.000000    419.000000    420.000000    462.000000    234.000000    274.000000    408.000000    291.000000   1036.000000   1291.000000   1591.000000   1217.000000    271.000000    237.000000    506.000000    715.000000    587.000000    513.000000    379.000000    256.000000    785.000000   1135.000000    320.000000    242.000000    162.000000    202.000000    177.000000    191.000000    107.000000    107.000000     96.000000     84.000000
   705.958618    865.000000    786.000000    738.000000    676.000000    653.000000    626.000000    672.000000   1024.000000   1049.000000   1016.000000   1194.000000    749.000000    730.000000    759.000000    762.000000   1150.000000   1153.000000   3091.000000    656.000000    447.000000    404.000000    277.000000    627.000000    434.000000    254.000000    476.000000   1304.000000    920.000000   1156.000000   1268.000000    152.000000     65.000000    401.000000    307.000000    312.000000     89.000000    417.000000    182.000000    171.000000     67.000000     55.000000     70.000000    190.000000    142.000000    142.000000    145.000000    134.000000    118.000000    118.000000     26.000000     10.000000    369.000000    331.000000    306.000000     86.000000    192.000000    100.000000    116.000000     59.000000     66.000000     32.000000     23.000000     33.000000     65.000000     34.000000     77.000000     69.000000    123.000000    217.000000    101.000000    105.000000    150.000000    214.000000    237.000000    465.000000    446.000000    297.000000    333.000000    446.000000    640.000000    734.000000    298.000000    222.000000    198.000000    619.000000    155.000000     94.000000    111.000000    165.000000    121.000000     63.000000    111.000000     57.000000    436.000000    288.000000   1121.000000    404.000000    412.000000    162.000000     75.000000    232.000000    216.000000    229.000000    295.000000    205.000000    233.000000    141.000000     88.000000    154.000000    171.000000    336.000000    699.000000   8834.000000   8963.000000    790.000000    447.000000    354.000000    444.000000    250.000000    274.000000    405.000000    292.000000    982.000000   1239.000000   1554.000000   1103.000000    286.000000    248.000000    503.000000    776.000000    623.000000    495.000000    368.000000    274.000000    723.000000   1070.000000    341.000000    262.000000    140.000000    208.000000    202.000000    189.000000     80.000000    121.000000     47.000000     60.000000
   707.271729    866.000000    794.000000    723.000000    666.000000    666.000000    612.000000    687.000000   1004.000000   1058.000000   1061.000000   1258.000000    730.000000    759.000000    751.000000    778.000000   1219.000000   1094.000000   3069.000000    657.000000    407.000000    431.000000    270.000000    567.000000    425.000000    272.000000    519.000000   1401.000000    913.000000   1139.000000   1220.000000    137.000000     78.000000    427.000000    363.000000    325.000000     77.000000    401.000000    164.000000    140.000000     50.000000     41.000000     58.000000    152.000000    139.000000    144.000000    147.000000    120.000000     95.000000    119.000000     10.000000      7.000000    335.000000    342.000000    303.000000    109.000000    199.000000     96.000000     91.000000     52.000000     71.000000     34.000000     25.000000     19.000000     90.000000     51.000000     64.000000     82.000000    109.000000    215.000000    103.000000     95.000000    161.000000    238.000000    216.000000    461.000000    419.000000    361.000000    353.000000    448.000000    641.000000    761.000000    314.000000    220.000000    188.000000    554.000000    164.000000    110.000000    123.000000    169.000000     96.000000     52.000000    139.000000     39.000000    446.000000    316.000000   1126.000000    380.000000    413.000000    152.000000    115.000000    199.000000    207.000000    216.000000    299.000000    190.000000    250.000000    137.000000    101.000000    160.000000    170.000000    327.000000    774.000000   8664.000000   9012.000000    787.000000    407.000000    389.000000    462.000000    222.000000    254.000000    402.000000    296.000000    988.000000   1168.000000   1464.000000   1140.000000    267.000000    234.000000    485.000000    807.000000    629.000000    529.000000    365.000000    269.000000    776.000000    997.000000    331.000000    239.000000    156.000000    208.000000    207.000000    189.000000     65.000000    118.000000    100.000000     82.000000
   708.585205    861.000000    771.000000    723.000000    632.000000    616.000000    632.000000    655.000000   1050.000000   1021.000000    984.000000   1165.000000    741.000000    716.000000    688.000000    757.000000   1217.000000   1132.000000   3001.000000    655.000000    415.000000    385.000000    246.000000    612.000000    432.000000    238.000000    427.000000   1356.000000    916.000000   1087.000000   1215.000000    153.000000     52.000000    390.000000    345.000000    328.000000     65.000000    395.000000    171.000000    150.000000     59.000000     41.000000     55.000000    140.000000    146.000000    150.000000    140.000000    117.000000    117.000000     92.000000     -9.000000     -6.000000    370.000000    318.000000    300.000000     97.000000    159.000000     90.000000     80.000000     79.000000     52.000000     54.000000     52.000000     36.000000     59.000000     49.000000     60.000000     78.000000    141.000000    220.000000     97.000000     85.000000    168.000000    196.000000    227.000000    425.000000    429.000000    345.000000    337.000000    455.000000    635.000000    707.000000    265.000000    201.000000    168.000000    588.000000    165.000000     73.000000    121.000000    146.000000    121.000000     56.000000    129.000000     50.000000    383.000000    316.000000   1185.000000    367.000000    415.000000    182.000000     94.000000    193.000000    167.000000    239.000000    246.000000    172.000000    225.000000    142.000000     77.000000    166.000000    151.000000    331.000000    699.000000   8658.000000   9041.000000    755.000000    415.000000    425.000000    431.000000    236.000000    232.000000    395.000000    284.000000   1013.000000   1253.000000   1521.000000   1082.000000    293.000000    215.000000    462.000000    725.000000    585.000000    482.000000    366.000000    260.000000    719.000000   1062.000000    313.000000    239.000000    137.000000    185.000000    198.000000    178.000000     83.000000    109.000000     98.000000     75.000000
   709.899170    872.000000    789.000000    648.000000    687.000000    692.000000    638.000000    664.000000   1012.000000    991.000000    995.000000   1173.000000    817.000000    694.000000    726.000000    794.000000   1215.000000   1057.000000   3022.000000    653.000000    399.000000    420.000000    244.000000    602.000000    447.000000    248.000000    474.000000   1340.000000    888.000000   1085.000000   1143.000000    151.000000     59.000000    427.000000    357.000000    361.000000     69.000000    396.000000    195.000000    132.000000     39.000000     32.000000     62.000000    140.000000    130.000000    114.000000    121.000000    105.000000    109.000000    116.000000     17.000000     21.000000    318.000000    316.000000    281.000000     84.000000    186.000000    106.000000    105.000000     58.000000     40.000000     48.000000     39.000000      6.000000     60.000000     30.000000     74.000000     89.000000    112.000000    212.000000    122.000000    121.000000    162.000000    208.000000    232.000000    432.000000    456.000000    342.000000    334.000000    398.000000    610.000000    755.000000    258.000000    200.000000    167.000000    559.000000    143.000000     99.000000    106.000000    116.000000     95.000000     79.000000    104.000000     46.000000    386.000000    317.000000   1187.000000    373.000000    421.000000    172.000000    111.000000    224.000000    210.000000    277.000000    297.000000    176.000000    265.000000    152.000000     62.000000    151.000000    175.000000    337.000000    709.000000   8586.000000   9022.000000    760.000000    399.000000    406.000000    434.000000    236.000000    262.000000    383.000000    288.000000   1028.000000   1222.000000   1493.000000   1081.000000    284.000000    238.000000    448.000000    788.000000    609.000000    553.000000    371.000000    250.000000    736.000000   1010.000000    324.000000    232.000000    166.000000    151.000000    200.000000    159.000000     78.000000    107.000000     90.000000     72.000000
   711.213684    862.000000    782.000000    642.000000    690.000000    623.000000    618.000000    705.000000    997.000000   1015.000000   1004.000000   1197.000000    726.000000    675.000000    760.000000    765.000000   1192.000000   1032.000000   2990.000000    634.000000    413.000000    418.000000    211.000000    535.000000    392.000000    222.000000    519.000000   1344.000000    931.000000   1083.000000   1215.000000    141.000000     76.000000    409.000000    352.000000    310.000000     50.000000    398.000000    219.000000    124.000000     35.000000     45.000000     53.000000    184.000000    140.000000    134.000000    123.000000    106.000000    105.000000    135.000000      8.000000     -5.000000    303.000000    341.000000    319.000000    119.000000    207.000000     81.000000    107.000000     74.000000     50.000000     28.000000     42.000000     21.000000     60.000000     73.000000     82.000000     74.000000    110.000000    234.000000    104.000000     97.000000    146.000000    188.000000    229.000000    453.000000    441.000000    355.000000    362.000000    416.000000    644.000000    700.000000    253.000000    197.000000    161.000000    648.000000    135.000000     93.000000    109.000000    123.000000     98.000000     60.000000    110.000000     62.000000    361.000000    282.000000   1122.000000    377.000000    420.000000    181.000000     91.000000    218.000000    202.000000    273.000000    308.000000    170.000000    221.000000    137.000000     68.000000    155.000000    152.000000    350.000000    761.000000   8537.000000   8753.000000    698.000000    413.000000    400.000000    441.000000    241.000000    305.000000    402.000000    306.000000   1021.000000   1226.000000   1463.000000   1077.000000    284.000000    219.000000    528.000000    749.000000    536.000000    453.000000    319.000000    278.000000    690.000000   1086.000000    281.000000    238.000000    132.000000    172.000000    180.000000    156.000000     69.000000     83.000000     80.000000     70.000000
   712.528625    822.000000    737.000000    675.000000    632.000000    689.000000    572.000000    652.000000   1009.000000   1015.000000   1003.000000   1140.000000    766.000000    703.000000    672.000000    737.000000   1155.000000   1127.000000   2959.000000    588.000000    420.000000    412.000000    271.000000    563.000000    406.000000    208.000000    462.000000   1319.000000    907.000000   1103.000000   1162.000000    151.000000     69.000000    435.000000    352.000000    324.000000     70.000000    401.000000    213.000000    148.000000     53.000000     49.000000     68.000000    155.000000    143.000000    137.000000    145.000000    104.000000    104.000000     81.000000      0.000000     -3.000000    327.000000    321.000000    283.000000     89.000000    159.000000     83.000000     83.000000     59.000000     44.000000     42.000000     26.000000     12.000000     58.000000     39.000000     64.000000     78.000000    123.000000    193.000000    115.000000     94.000000    145.000000    189.000000    209.000000    390.000000    428.000000    358.000000    309.000000    432.000000    664.000000    664.000000    265.000000    201.000000    168.000000    541.000000    173.000000    105.000000    128.000000    126.000000    109.000000     41.000000     89.000000     62.000000    388.000000    319.000000   1223.000000    370.000000    455.000000    164.000000     86.000000    224.000000    228.000000    271.000000    283.000000    183.000000    258.000000    158.000000     86.000000    157.000000    145.000000    356.000000    703.000000   8285.000000   8678.000000    676.000000    420.000000    416.000000    408.000000    234.000000    231.000000    373.000000    292.000000    953.000000   1225.000000   1463.000000   1071.000000    266.000000    258.000000    411.000000    807.000000    507.000000    494.000000    366.000000    246.000000    761.000000   1043.000000    308.000000    259.000000    115.000000    194.000000    140.000000    178.000000     82.000000    118.000000     65.000000     70.000000
   713.844116    833.000000    736.000000    727.000000    697.000000    632.000000    588.000000    648.000000   1032.000000    988.000000   1038.000000   1159.000000    709.000000    681.000000    622.000000    758.000000   1093.000000   1078.000000   2901.000000    640.000000    382.000000    392.000000    203.000000    579.000000    452.000000    224.000000    458.000000   1281.000000    936.000000   1051.000000   1143.000000    145.000000     62.000000    421.000000    335.000000    285.000000     40.000000    439.000000    172.000000    155.000000     24.000000     36.000000     47.000000    127.000000    125.000000    119.000000    117.000000    114.000000    116.000000     98.000000     -8.000000     14.000000    290.000000    298.000000    265.000000     65.000000    196.000000    101.000000     97.000000     61.000000     67.000000     43.000000     22.000000     19.000000     77.000000     53.000000     50.000000     67.000000    116.000000    203.000000    121.000000     97.000000    120.000000    234.000000    225.000000    433.000000    401.000000    320.000000    350.000000    379.000000    664.000000    677.000000    265.000000    178.000000    171.000000    649.000000    136.000000     94.000000    127.000000    135.000000    137.000000     58.000000    135.000000     51.000000    413.000000    339.000000   1094.000000    378.000000    417.000000    143.000000     87.000000    185.000000    216.000000    212.000000    261.000000    197.000000    241.000000    129.000000     95.000000    159.000000    150.000000    344.000000    734.000000   8427.000000   8594.000000    763.000000    382.000000    381.000000    429.000000    201.000000    270.000000    398.000000    292.000000    990.000000   1171.000000   1405.000000   1021.000000    257.000000    209.000000    440.000000    696.000000    599.000000    526.000000    375.000000    214.000000    796.000000    991.000000    314.000000    236.000000    116.000000    152.000000    174.000000    168.000000     72.000000    117.000000     71.000000     99.000000
   715.159973    811.000000    695.000000    727.000000    631.000000    645.000000    596.000000    689.000000    935.000000    994.000000    973.000000   1125.000000    686.000000    679.000000    650.000000    706.000000   1119.000000   1039.000000   2845.000000    582.000000    411.000000    414.000000    254.000000    542.000000    385.000000    234.000000    482.000000   1246.000000    928.000000   1077.000000   1208.000000    130.000000     83.000000    382.000000    303.000000    282.000000     65.000000    393.000000    194.000000    159.000000     37.000000     36.000000     42.000000    145.000000    152.000000    134.000000    125.000000    117.000000    117.000000     95.000000     -6.000000     11.000000    322.000000    311.000000    262.000000     72.000000    185.000000    115.000000    100.000000     45.000000     29.000000     44.000000     17.000000     10.000000     63.000000     48.000000     51.000000    100.000000     83.000000    227.000000     90.000000     95.000000    135.000000    187.000000    220.000000    399.000000    422.000000    320.000000    327.000000    420.000000    620.000000    692.000000    247.000000    176.000000    182.000000    601.000000    136.000000    100.000000    132.000000    138.000000    103.000000     44.000000    128.000000     52.000000    384.000000    260.000000   1130.000000    337.000000    438.000000    151.000000     90.000000    189.000000    195.000000    244.000000    250.000000    169.000000    202.000000    131.000000     84.000000    156.000000    176.000000    323.000000    665.000000   8148.000000   8679.000000    727.000000    411.000000    366.000000    381.000000    239.000000    259.000000    382.000000    328.000000    960.000000   1159.000000   1331.000000    992.000000    245.000000    248.000000    449.000000    712.000000    528.000000    459.000000    364.000000    256.000000    763.000000   1015.000000    312.000000    233.000000    117.000000    161.000000    148.000000    178.000000     61.000000    109.000000     86.000000     63.000000
   716.476379    788.000000    711.000000    665.000000    635.000000    671.000000    560.000000    635.000000    927.000000    950.000000    935.000000   1138.000000    670.000000    666.000000    693.000000    678.000000   1193.000000   1061.000000   2937.000000    586.000000    355.000000    347.000000    241.000000    578.000000    397.000000    220.000000    457.000000   1312.000000    859.000000   1020.000000   1167.000000    173.000000     81.000000    406.000000    309.000000    288.000000     55.000000    421.000000    206.000000    159.000000     50.000000     40.000000     39.000000    154.000000    115.000000    133.000000    134.000000    103.000000    119.000000     99.000000     11.000000      6.000000    300.000000    306.000000    311.000000     95.000000    149.000000     92.000000     90.000000     51.000000     18.000000     34.000000     21.000000      9.000000     57.000000     32.000000     47.000000     69.000000    101.000000    211.000000     82.000000     98.000000    114.000000    167.000000    259.000000    421.000000    380.000000    308.000000    327.000000    410.000000    625.000000    737.000000    229.000000    222.000000    155.000000    608.000000    157.000000     91.000000    121.000000    108.000000     95.000000     52.000000     93.000000     47.000000    348.000000    292.000000   1106.000000    319.000000    406.000000    117.000000     70.000000    231.000000    211.000000    230.000000    250.000000    158.000000    236.000000    126.000000     95.000000    139.000000    127.000000    306.000000    690.000000   8097.000000   8385.000000    689.000000    355.000000    394.000000    423.000000    218.000000    254.000000    365.000000    258.000000    972.000000   1114.000000   1396.000000    929.000000    266.000000    194.000000    408.000000    709.000000    532.000000    499.000000    356.000000    194.000000    689.000000    916.000000    254.000000    244.000000    154.000000    157.000000    145.000000    180.000000     61.000000    111.000000     75.000000     49.000000
   717.793274    796.000000    695.000000    640.000000    640.000000    572.000000    583.000000    607.000000    921.000000    890.000000    915.000000   1053.000000    656.000000    666.000000    683.000000    705.000000   1068.000000    946.000000   2798.000000    559.000000    361.000000    386.000000    237.000000    597.000000    417.000000    228.000000    464.000000   1262.000000    822.000000   1101.000000   1105.000000    166.000000     82.000000    367.000000    341.000000    322.000000     50.000000    425.000000    160.000000    143.000000     33.000000     39.000000     63.000000     93.000000    124.000000    119.000000     82.000000     92.000000    100.000000    113.000000     15.000000     10.000000    282.000000    324.000000    308.000000     67.000000    174.000000     76.000000     74.000000     32.000000     47.000000     45.000000     18.000000     20.000000     68.000000     30.000000     67.000000     73.000000    142.000000    193.000000     86.000000     70.000000    130.000000    192.000000    211.000000    386.000000    424.000000    278.000000    304.000000    401.000000    548.000000    661.000000    248.000000    203.000000    145.000000    591.000000    178.000000     72.000000    110.000000    123.000000    110.000000     54.000000    100.000000     33.000000    356.000000    293.000000   1077.000000    332.000000    407.000000    136.000000     82.000000    191.000000    154.000000    222.000000    252.000000    154.000000    207.000000    117.000000     70.000000    132.000000    158.000000    312.000000    652.000000   8169.000000   8300.000000    671.000000    361.000000    380.000000    385.000000    192.000000    263.000000    359.000000    294.000000    920.000000   1125.000000   1330.000000    938.000000    247.000000    193.000000    424.000000    743.000000    572.000000    488.000000    341.000000    236.000000    710.000000    941.000000    286.000000    240.000000    127.000000    170.000000    144.000000    185.000000     79.000000     87.000000     74.000000     81.000000
   719.110718    752.000000    668.000000    680.000000    637.000000    595.000000    553.000000    599.000000    975.000000    925.000000    942.000000   1060.000000    658.000000    591.000000    630.000000    672.000000   1113.000000   1041.000000   2733.000000    567.000000    371.000000    328.000000    219.000000    556.000000    396.000000    222.000000    492.000000   1206.000000    857.000000    978.000000   1144.000000    156.000000     76.000000    399.000000    319.000000    269.000000     70.000000    403.000000    201.000000    153.000000     32.000000     29.000000     39.000000    127.000000    119.000000    108.000000     94.000000     78.000000     96.000000    118.000000     15.000000      2.000000    290.000000    349.000000    238.000000     86.000000    140.000000    108.000000     83.000000     59.000000     54.000000     29.000000     31.000000     18.000000     68.000000     46.000000     73.000000    105.000000     93.000000    203.000000    114.000000    103.000000    136.000000    188.000000    193.000000    372.000000    395.000000    313.000000    305.000000    412.000000    562.000000    625.000000    259.000000    181.000000    152.000000    596.000000    141.000000     98.000000     86.000000    104.000000     88.000000     65.000000    104.000000     33.000000    360.000000    254.000000   1034.000000    316.000000    414.000000    147.000000     88.000000    219.000000    168.000000    240.000000    262.000000    170.000000    198.000000    127.000000     76.000000    120.000000    168.000000    303.000000    651.000000   7745.000000   8181.000000    623.000000    371.000000    400.000000    446.000000    192.000000    223.000000    424.000000    298.000000    897.000000   1179.000000   1350.000000    942.000000    243.000000    153.000000    361.000000    708.000000    556.000000    442.000000    297.000000    229.000000    675.000000    944.000000    302.000000    245.000000    119.000000    162.000000    148.000000    156.000000     51.000000     99.000000     88.000000     66.000000
   720.428528    759.000000    679.000000    616.000000    600.000000    619.000000    550.000000    593.000000    896.000000    902.000000    833.000000   1024.000000    661.000000    613.000000    607.000000    678.000000   1111.000000   1023.000000   2740.000000    587.000000    381.000000    320.000000    190.000000    575.000000    377.000000    184.000000    440.000000   1215.000000    831.000000    961.000000   1111.000000    115.000000     73.000000    366.000000    316.000000    270.000000     56.000000    361.000000    192.000000    133.000000     45.000000     33.000000     40.000000    145.000000    124.000000    104.000000    127.000000     84.000000    106.000000    105.000000      4.000000     10.000000    288.000000    292.000000    268.000000     77.000000    148.000000     82.000000     86.000000     37.000000     65.000000     30.000000     31.000000     23.000000     28.000000     60.000000     74.000000     55.000000    105.000000    194.000000    117.000000     78.000000    135.000000    168.000000    191.000000    425.000000    382.000000    298.000000    313.000000    325.000000    567.000000    684.000000    226.000000    173.000000    152.000000    608.000000    132.000000    117.000000    103.000000    118.000000     86.000000     71.000000    102.000000     31.000000    333.000000    268.000000   1000.000000    319.000000    399.000000    151.000000     87.000000    182.000000    193.000000    237.000000    243.000000    189.000000    190.000000    126.000000     76.000000    118.000000    141.000000    296.000000    651.000000   7914.000000   8214.000000    643.000000    381.000000    395.000000    344.000000    218.000000    232.000000    389.000000    312.000000    885.000000   1097.000000   1340.000000    939.000000    247.000000    179.000000    425.000000    686.000000    514.000000    453.000000    316.000000    187.000000    674.000000    986.000000    282.000000    232.000000    123.000000    147.000000    161.000000    145.000000     57.000000    105.000000     78.000000     71.000000
   721.746826    658.000000    605.000000    644.000000    646.000000    574.000000    556.000000    580.000000    905.000000    907.000000    912.000000   1047.000000    626.000000    625.000000    695.000000    654.000000   1015.000000   1001.000000   2783.000000    563.000000    356.000000    383.000000    236.000000    512.000000    418.000000    192.000000    407.000000   1200.000000    835.000000    997.000000   1059.000000    129.000000     78.000000    383.000000    303.000000    310.000000     74.000000    393.000000    156.000000    154.000000     47.000000     44.000000     35.000000    126.000000    120.000000    129.000000    100.000000    101.000000    127.000000    111.000000      3.000000      4.000000    302.000000    296.000000    257.000000     84.000000    166.000000     79.000000     77.000000     31.000000     35.000000     18.000000     28.000000     16.000000     33.000000     32.000000     73.000000     89.000000     85.000000    192.000000    108.000000     78.000000    131.000000    176.000000    221.000000    394.000000    452.000000    288.000000    274.000000    396.000000    531.000000    695.000000    216.000000    168.000000    160.000000    571.000000    158.000000     85.000000     93.000000    111.000000     96.000000     60.000000     79.000000     34.000000    330.000000    287.000000   1077.000000    318.000000    422.000000    121.000000     57.000000    184.000000    188.000000    263.000000    244.000000    149.000000    204.000000    140.000000     69.000000    127.000000    150.000000    310.000000    626.000000   7788.000000   8105.000000    654.000000    356.000000    360.000000    403.000000    186.000000    213.000000    380.000000    281.000000    893.000000   1130.000000   1271.000000    970.000000    261.000000    203.000000    404.000000    704.000000    501.000000    439.000000    309.000000    209.000000    718.000000    919.000000    290.000000    203.000000    106.000000    148.000000    113.000000    153.000000     71.000000     93.000000     60.000000     64.000000
   723.065613    735.000000    700.000000    643.000000    649.000000    597.000000    553.000000    600.000000    926.000000    911.000000    867.000000   1007.000000    640.000000    677.000000    588.000000    682.000000   1128.000000    911.000000   2693.000000    519.000000    388.000000    369.000000    222.000000    569.000000    409.000000    218.000000    406.000000   1199.000000    842.000000    941.000000   1125.000000    128.000000     80.000000    381.000000    304.000000    284.000000     58.000000    358.000000    169.000000    130.000000     20.000000     41.000000     48.000000    166.000000    144.000000    116.000000    120.000000     96.000000    100.000000    112.000000      2.000000      6.000000    264.000000    278.000000    281.000000     73.000000    158.000000     96.000000     80.000000     64.000000     51.000000     42.000000     22.000000     26.000000     53.000000     42.000000     40.000000     61.000000     85.000000    159.000000     90.000000     85.000000    144.000000    190.000000    219.000000    392.000000    365.000000    297.000000    293.000000    404.000000    561.000000    627.000000    251.000000    157.000000    176.000000    598.000000    141.000000     91.000000    112.000000    129.000000     98.000000     47.000000    109.000000     34.000000    344.000000    281.000000   1036.000000    360.000000    379.000000    154.000000     69.000000    175.000000    189.000000    234.000000    225.000000    153.000000    212.000000    120.000000     70.000000    156.000000    156.000000    321.000000    626.000000   7797.000000   7988.000000    666.000000    388.000000    378.000000    360.000000    187.000000    254.000000    370.000000    290.000000    863.000000   1157.000000   1264.000000    945.000000    256.000000    208.000000    382.000000    682.000000    491.000000    467.000000    342.000000    230.000000    704.000000    867.000000    276.000000    193.000000     88.000000    134.000000    129.000000    148.000000     52.000000     99.000000     63.000000     71.000000
   724.384888    723.000000    671.000000    594.000000    638.000000    562.000000    562.000000    590.000000    889.000000    857.000000    878.000000    995.000000    679.000000    603.000000    627.000000    621.000000   1058.000000    922.000000   2751.000000    526.000000    360.000000    365.000000    196.000000    544.000000    396.000000    178.000000    389.000000   1207.000000    831.000000    989.000000   1091.000000    161.000000     56.000000    409.000000    287.000000    274.000000     69.000000    335.000000    161.000000    141.000000     38.000000     38.000000     44.000000    136.000000    127.000000    112.000000    111.000000     77.000000    100.000000    101.000000      4.000000     15.000000    257.000000    316.000000    242.000000     92.000000    123.000000     81.000000     92.000000     40.000000     51.000000     27.000000     22.000000     23.000000     55.000000     29.000000     43.000000     69.000000     91.000000    162.000000     98.000000     98.000000    120.000000    142.000000    198.000000    346.000000    380.000000    282.000000    292.000000    384.000000    560.000000    621.000000    213.000000    194.000000    146.000000    505.000000    159.000000    100.000000     93.000000    126.000000    109.000000     44.000000     97.000000     46.000000    349.000000    248.000000   1018.000000    317.000000    366.000000    153.000000     69.000000    203.000000    147.000000    195.000000    218.000000    125.000000    205.000000    113.000000     68.000000    144.000000    152.000000    307.000000    662.000000   7769.000000   7917.000000    645.000000    360.000000    359.000000    349.000000    206.000000    254.000000    345.000000    291.000000    804.000000   1034.000000   1289.000000    921.000000    236.000000    190.000000    425.000000    673.000000    493.000000    388.000000    282.000000    205.000000    608.000000    903.000000    208.000000    179.000000     99.000000    135.000000    178.000000    152.000000     54.000000     90.000000     69.000000     77.000000
   725.704712    788.000000    679.000000    632.000000    617.000000    571.000000    480.000000    643.000000    887.000000    924.000000    943.000000   1058.000000    614.000000    562.000000    644.000000    654.000000   1051.000000    871.000000   2622.000000    506.000000    337.000000    416.000000    183.000000    539.000000    366.000000    187.000000    383.000000   1216.000000    851.000000    884.000000   1058.000000    123.000000     69.000000    355.000000    309.000000    282.000000     65.000000    357.000000    181.000000    156.000000     50.000000     49.000000     62.000000    154.000000    109.000000    114.000000    104.000000    108.000000    106.000000     89.000000     -1.000000     19.000000    247.000000    268.000000    269.000000     70.000000    163.000000     77.000000     71.000000     41.000000     52.000000     19.000000     22.000000     14.000000     47.000000     41.000000     48.000000     69.000000     80.000000    169.000000     88.000000    100.000000    117.000000    153.000000    186.000000    346.000000    387.000000    270.000000    298.000000    362.000000    534.000000    634.000000    221.000000    172.000000    153.000000    579.000000    154.000000    117.000000     84.000000    125.000000     86.000000     49.000000    102.000000     25.000000    362.000000    277.000000   1019.000000    301.000000    371.000000    148.000000     54.000000    199.000000    154.000000    243.000000    225.000000    156.000000    199.000000    121.000000     85.000000    156.000000    137.000000    292.000000    598.000000   7769.000000   8099.000000    699.000000    337.000000    360.000000    367.000000    191.000000    245.000000    385.000000    301.000000    898.000000   1064.000000   1251.000000    935.000000    240.000000    183.000000    414.000000    665.000000    493.000000    440.000000    340.000000    215.000000    712.000000    888.000000    272.000000    213.000000    129.000000    145.000000    111.000000    147.000000     41.000000     87.000000     73.000000     72.000000
   727.024902    692.000000    652.000000    638.000000    585.000000    603.000000    540.000000    545.000000    937.000000    903.000000    918.000000    994.000000    656.000000    607.000000    612.000000    660.000000   1028.000000    954.000000   2718.000000    535.000000    376.000000    340.000000    209.000000    517.000000    351.000000    185.000000    370.000000   1139.000000    744.000000    945.000000   1072.000000    118.000000     50.000000    357.000000    295.000000    302.000000     65.000000    378.000000    172.000000    147.000000     46.000000     20.000000     31.000000    136.000000    119.000000    109.000000    131.000000     91.000000     92.000000    112.000000     14.000000     13.000000    281.000000    276.000000    245.000000     78.000000    167.000000     80.000000     50.000000     46.000000     36.000000     33.000000     19.000000      7.000000     45.000000     43.000000     72.000000     57.000000    100.000000    175.000000     86.000000    106.000000    108.000000    173.000000    204.000000    369.000000    341.000000    275.000000    258.000000    336.000000    504.000000    615.000000    223.000000    159.000000    147.000000    540.000000    122.000000    118.000000    100.000000    119.000000     99.000000     44.000000     99.000000     50.000000    326.000000    232.000000    914.000000    318.000000    410.000000    138.000000     95.000000    192.000000    159.000000    219.000000    201.000000    134.000000    179.000000    106.000000     73.000000    149.000000    144.000000    270.000000    575.000000   7652.000000   7825.000000    589.000000    376.000000    372.000000    349.000000    210.000000    235.000000    358.000000    305.000000    864.000000   1123.000000   1285.000000    942.000000    252.000000    190.000000    411.000000    693.000000    520.000000    424.000000    334.000000    224.000000    655.000000    821.000000    243.000000    190.000000    102.000000    120.000000    142.000000    163.000000     55.000000    102.000000     63.000000     58.000000
   728.345581    673.000000    589.000000    612.000000    587.000000    561.000000    513.000000    554.000000    853.000000    858.000000    863.000000   1028.000000    629.000000    604.000000    667.000000    672.000000   1063.000000    923.000000   2654.000000    484.000000    356.000000    348.000000    224.000000    587.000000    371.000000    199.000000    412.000000   1218.000000    786.000000    933.000000   1084.000000    132.000000     70.000000    350.000000    315.000000    309.000000     59.000000    342.000000    158.000000    134.000000     48.000000     22.000000     41.000000    138.000000     94.000000    110.000000    120.000000     92.000000    108.000000    121.000000      1.000000     15.000000    259.000000    316.000000    253.000000     67.000000    131.000000     67.000000     76.000000     39.000000     47.000000     26.000000     25.000000      3.000000     45.000000     27.000000     69.000000     68.000000    113.000000    177.000000     80.000000     78.000000    113.000000    164.000000    173.000000    340.000000    376.000000    296.000000    280.000000    395.000000    572.000000    600.000000    189.000000    162.000000    166.000000    512.000000    127.000000     82.000000    137.000000    143.000000    111.000000     53.000000     81.000000     38.000000    350.000000    279.000000    978.000000    333.000000    393.000000    132.000000     82.000000    221.000000    189.000000    200.000000    230.000000    120.000000    203.000000    119.000000     76.000000    122.000000    144.000000    289.000000    607.000000   7628.000000   7900.000000    651.000000    356.000000    334.000000    369.000000    210.000000    203.000000    334.000000    298.000000    822.000000   1132.000000   1304.000000    980.000000    232.000000    180.000000    403.000000    670.000000    514.000000    427.000000    312.000000    176.000000    619.000000    864.000000    217.000000    223.000000    142.000000    149.000000    105.000000    140.000000     54.000000    114.000000     67.000000     63.000000
   729.666687    762.000000    652.000000    637.000000    579.000000    525.000000    542.000000    603.000000    889.000000    842.000000    849.000000    990.000000    604.000000    635.000000    608.000000    657.000000    998.000000    936.000000   2690.000000    525.000000    359.000000    333.000000    200.000000    552.000000    336.000000    192.000000    384.000000   1204.000000    813.000000    905.000000   1099.000000    132.000000     44.000000    401.000000    281.000000    299.000000     64.000000    310.000000    184.000000    146.000000     42.000000     41.000000     49.000000    105.000000    108.000000    104.000000    111.000000    105.000000     90.000000     86.000000     22.000000     16.000000    262.000000    294.000000    267.000000     86.000000    141.000000     95.000000     89.000000     38.000000     42.000000     27.000000     25.000000     34.000000     57.000000     49.000000     73.000000     70.000000    124.000000    157.000000     82.000000     71.000000    104.000000    175.000000    195.000000    373.000000    375.000000    304.000000    288.000000    359.000000    483.000000    549.000000    210.000000    174.000000    131.000000    543.000000    166.000000    109.000000    103.000000    134.000000     82.000000     36.000000     80.000000     54.000000    302.000000    269.000000    871.000000    342.000000    385.000000    123.000000     68.000000    205.000000    148.000000    190.000000    257.000000    135.000000    200.000000     99.000000     63.000000    147.000000    140.000000    265.000000    619.000000   7725.000000   7938.000000    604.000000    359.000000    368.000000    358.000000    166.000000    229.000000    365.000000    302.000000    807.000000   1015.000000   1293.000000    878.000000    219.000000    177.000000    413.000000    695.000000    482.000000    451.000000    329.000000    227.000000    624.000000    818.000000    251.000000    171.000000    101.000000    160.000000    127.000000    144.000000     78.000000     95.000000     73.000000     61.000000
   730.988525    716.000000    659.000000    638.000000    609.000000    505.000000    498.000000    643.000000    845.000000    876.000000    873.000000    998.000000    679.000000    635.000000    655.000000    582.000000   1027.000000    957.000000   2580.000000    503.000000    372.000000    310.000000    206.000000    482.000000    334.000000    177.000000    431.000000   1133.000000    791.000000    953.000000   1071.000000    132.000000     78.000000    367.000000    319.000000    273.000000     50.000000    387.000000    147.000000    123.000000     14.000000     28.000000     42.000000    155.000000     94.000000     83.000000    106.000000     87.000000     87.000000     82.000000     -7.000000      9.000000    231.000000    260.000000    255.000000     61.000000    132.000000     73.000000     55.000000     53.000000     34.000000     37.000000     13.000000     14.000000     41.000000     53.000000     42.000000     39.000000     83.000000    187.000000     99.000000     66.000000    124.000000    161.000000    208.000000    364.000000    424.000000    287.000000    306.000000    336.000000    465.000000    617.000000    211.000000    196.000000    145.000000    553.000000    115.000000     77.000000     84.000000    111.000000     82.000000     64.000000     69.000000     52.000000    307.000000    220.000000    954.000000    299.000000    347.000000    131.000000    105.000000    200.000000    204.000000    225.000000    205.000000    149.000000    186.000000    127.000000     68.000000    127.000000    118.000000    330.000000    580.000000   7731.000000   7630.000000    643.000000    372.000000    334.000000    368.000000    184.000000    233.000000    371.000000    290.000000    788.000000   1014.000000   1244.000000    884.000000    256.000000    198.000000    396.000000    703.000000    509.000000    443.000000    318.000000    196.000000    608.000000    853.000000    251.000000    181.000000    104.000000    121.000000    130.000000    124.000000     45.000000    105.000000     83.000000     60.000000
   732.310730    642.000000    650.000000    586.000000    586.000000    565.000000    498.000000    599.000000    862.000000    839.000000    820.000000   1041.000000    616.000000    574.000000    599.000000    587.000000    970.000000    894.000000   2625.000000    514.000000    353.000000    343.000000    191.000000    543.000000    362.000000    199.000000    377.000000   1135.000000    751.000000    896.000000   1080.000000    132.000000     73.000000    336.000000    288.000000    285.000000     56.000000    325.000000    170.000000    138.000000     30.000000     30.000000     35.000000    138.000000     99.000000    118.000000     87.000000     82.000000     79.000000    101.000000     18.000000      4.000000    275.000000    265.000000    276.000000     80.000000    151.000000     77.000000     92.000000     43.000000     53.000000     19.000000     25.000000     18.000000     40.000000     60.000000     65.000000     63.000000    100.000000    163.000000     69.000000     64.000000    101.000000    156.000000    211.000000    364.000000    406.000000    274.000000    288.000000    354.000000    496.000000    622.000000    217.000000    197.000000    158.000000    515.000000    128.000000     84.000000    106.000000    132.000000     89.000000     62.000000     92.000000     46.000000    305.000000    251.000000    955.000000    366.000000    385.000000    129.000000     67.000000    155.000000    179.000000    226.000000    210.000000    158.000000    195.000000     91.000000     56.000000    143.000000    122.000000    262.000000    582.000000   7379.000000   7682.000000    601.000000    353.000000    343.000000    346.000000    192.000000    254.000000    388.000000    278.000000    801.000000   1060.000000   1255.000000    965.000000    251.000000    197.000000    393.000000    650.000000    507.000000    457.000000    339.000000    222.000000    644.000000    826.000000    238.000000    182.000000    116.000000    123.000000    116.000000    140.000000     61.000000     71.000000     69.000000     61.000000
   733.633301    674.000000    633.000000    607.000000    540.000000    567.000000    544.000000    612.000000    846.000000    875.000000    809.000000    930.000000    600.000000    562.000000    561.000000    615.000000   1021.000000    910.000000   2627.000000    483.000000    349.000000    330.000000    202.000000    524.000000    342.000000    180.000000    383.000000   1152.000000    819.000000    902.000000   1066.000000    128.000000     59.000000    323.000000    333.000000    249.000000     71.000000    355.000000    164.000000    147.000000     27.000000     45.000000     50.000000    119.000000     99.000000    129.000000    101.000000     95.000000    102.000000     94.000000      0.000000     26.000000    275.000000    234.000000    240.000000     79.000000    115.000000     73.000000     82.000000     51.000000     44.000000     35.000000     31.000000     26.000000     50.000000     26.000000     59.000000     50.000000     70.000000    172.000000     88.000000     66.000000    111.000000    153.000000    168.000000    314.000000    355.000000    263.000000    247.000000    312.000000    455.000000    548.000000    213.000000    164.000000    151.000000    505.000000    129.000000    100.000000    111.000000     96.000000     89.000000     31.000000     84.000000     35.000000    314.000000    251.000000    921.000000    330.000000    329.000000    129.000000     84.000000    155.000000    164.000000    168.000000    207.000000    114.000000    160.000000    125.000000     45.000000    106.000000    158.000000    290.000000    630.000000   7195.000000   7657.000000    560.000000    349.000000    323.000000    350.000000    188.000000    220.000000    376.000000    280.000000    835.000000   1051.000000   1272.000000    903.000000    245.000000    178.000000    406.000000    631.000000    455.000000    405.000000    335.000000    186.000000    627.000000    828.000000    227.000000    220.000000    114.000000    125.000000    117.000000    118.000000     63.000000     88.000000     73.000000     51.000000
   734.956421    693.000000    638.000000    578.000000    522.000000    553.000000    486.000000    585.000000    862.000000    836.000000    826.000000    984.000000    615.000000    612.000000    543.000000    596.000000    957.000000    912.000000   2615.000000    457.000000    306.000000    339.000000    178.000000    494.000000    340.000000    184.000000    440.000000   1172.000000    703.000000    830.000000   1021.000000    124.000000    100.000000    357.000000    281.000000    239.000000     30.000000    336.000000    167.000000    135.000000     59.000000     38.000000     43.000000    126.000000    105.000000     91.000000     85.000000    106.000000     76.000000     93.000000     -2.000000     13.000000    249.000000    285.000000    287.000000     46.000000    158.000000     76.000000     83.000000     29.000000     43.000000     38.000000     33.000000      6.000000     72.000000     51.000000     37.000000     51.000000     99.000000    170.000000     86.000000     75.000000    107.000000    158.000000    162.000000    329.000000    353.000000    252.000000    278.000000    332.000000    485.000000    525.000000    228.000000    154.000000    134.000000    503.000000    146.000000    109.000000    104.000000    118.000000    104.000000     45.000000     97.000000     35.000000    309.000000    250.000000    912.000000    307.000000    383.000000    136.000000     77.000000    164.000000    151.000000    213.000000    239.000000    159.000000    207.000000    108.000000     79.000000    115.000000    104.000000    282.000000    551.000000   7271.000000   7429.000000    588.000000    306.000000    362.000000    309.000000    176.000000    185.000000    369.000000    235.000000    800.000000   1061.000000   1190.000000    879.000000    246.000000    214.000000    363.000000    583.000000    453.000000    425.000000    299.000000    238.000000    646.000000    738.000000    242.000000    172.000000    109.000000    127.000000    135.000000    135.000000     64.000000     82.000000     74.000000     64.000000
   736.280029    646.000000    629.000000    569.000000    531.000000    603.000000    513.000000    613.000000    816.000000    751.000000    761.000000    959.000000    565.000000    594.000000    623.000000    560.000000    938.000000    846.000000   2522.000000    463.000000    368.000000    331.000000    176.000000    545.000000    303.000000    155.000000    367.000000   1098.000000    771.000000    828.000000   1009.000000    119.000000     81.000000    315.000000    304.000000    271.000000     61.000000    348.000000    144.000000    125.000000     25.000000     29.000000     56.000000    117.000000     68.000000    105.000000     87.000000    101.000000    107.000000     86.000000     -1.000000      8.000000    242.000000    300.000000    279.000000     64.000000    126.000000     78.000000     66.000000     50.000000     28.000000     18.000000     25.000000      8.000000     57.000000     20.000000     52.000000     61.000000     91.000000    173.000000     89.000000     69.000000    108.000000    169.000000    212.000000    344.000000    363.000000    271.000000    249.000000    337.000000    507.000000    545.000000    231.000000    183.000000    131.000000    493.000000    120.000000     71.000000     99.000000     92.000000     75.000000     52.000000     75.000000     36.000000    333.000000    238.000000    914.000000    348.000000    360.000000    126.000000     61.000000    176.000000    164.000000    204.000000    230.000000    143.000000    182.000000     95.000000     52.000000    118.000000    139.000000    265.000000    559.000000   7128.000000   7331.000000    515.000000    368.000000    315.000000    320.000000    206.000000    215.000000    365.000000    248.000000    781.000000    996.000000   1198.000000    847.000000    224.000000    172.000000    385.000000    614.000000    451.000000    418.000000    305.000000    187.000000    577.000000    779.000000    245.000000    170.000000    113.000000    137.000000    105.000000    116.000000     64.000000     95.000000     61.000000     59.000000
   737.604126    650.000000    607.000000    585.000000    535.000000    535.000000    443.000000    558.000000    827.000000    790.000000    825.000000    914.000000    615.000000    578.000000    564.000000    593.000000    928.000000    900.000000   2560.000000    465.000000    301.000000    294.000000    186.000000    532.000000    331.000000    188.000000    387.000000   1081.000000    712.000000    831.000000    984.000000    116.000000     70.000000    328.000000    279.000000    278.000000     45.000000    339.000000    156.000000    127.000000     54.000000     33.000000     54.000000    124.000000    125.000000    118.000000    104.000000     95.000000     89.000000     92.000000     -3.000000     -8.000000    236.000000    273.000000    241.000000     67.000000    123.000000     81.000000     52.000000     55.000000     33.000000     24.000000     12.000000     15.000000     56.000000     44.000000     39.000000     63.000000     82.000000    172.000000     88.000000     53.000000    105.000000    144.000000    191.000000    296.000000    321.000000    236.000000    267.000000    335.000000    471.000000    508.000000    230.000000    163.000000    138.000000    463.000000    118.000000     95.000000     79.000000    104.000000    101.000000     49.000000     68.000000     21.000000    319.000000    224.000000    889.000000    287.000000    373.000000    149.000000     92.000000    178.000000    163.000000    171.000000    222.000000    150.000000    145.000000     93.000000     70.000000    123.000000    120.000000    268.000000    534.000000   7064.000000   7434.000000    620.000000    301.000000    301.000000    331.000000    206.000000    232.000000    322.000000    249.000000    784.000000   1030.000000   1103.000000    827.000000    212.000000    184.000000    353.000000    639.000000    494.000000    438.000000    298.000000    216.000000    609.000000    777.000000    243.000000    168.000000     94.000000    109.000000    102.000000    133.000000     69.000000     76.000000     78.000000     42.000000
   738.928589    675.000000    612.000000    507.000000    558.000000    540.000000    469.000000    553.000000    808.000000    753.000000    795.000000    838.000000    567.000000    572.000000    575.000000    568.000000    970.000000    834.000000   2482.000000    463.000000    340.000000    351.000000    178.000000    521.000000    315.000000    147.000000    378.000000   1092.000000    780.000000    817.000000    972.000000    115.000000     52.000000    327.000000    247.000000    249.000000     43.000000    286.000000    167.000000    114.000000     27.000000     37.000000     35.000000    100.000000     98.000000     94.000000     92.000000     76.000000     83.000000    109.000000     19.000000      5.000000    229.000000    282.000000    248.000000     77.000000    135.000000     59.000000     69.000000     30.000000     42.000000     37.000000     21.000000     15.000000     33.000000     39.000000     60.000000     41.000000     88.000000    171.000000     70.000000     76.000000     98.000000    122.000000    175.000000    323.000000    356.000000    252.000000    255.000000    319.000000    482.000000    526.000000    194.000000    156.000000    144.000000    481.000000    131.000000     74.000000     82.000000    105.000000     86.000000     46.000000     95.000000     21.000000    310.000000    241.000000    832.000000    303.000000    375.000000    111.000000     62.000000    176.000000    153.000000    169.000000    200.000000    132.000000    142.000000     95.000000     56.000000    109.000000    124.000000    256.000000    574.000000   6961.000000   7041.000000    621.000000    340.000000    332.000000    341.000000    183.000000    187.000000    331.000000    257.000000    755.000000    989.000000   1133.000000    871.000000    236.000000    171.000000    386.000000    604.000000    482.000000    401.000000    280.000000    172.000000    596.000000    711.000000    228.000000    178.000000     91.000000    105.000000    151.000000    132.000000     46.000000     77.000000     64.000000     43.000000
   740.253723    654.000000    584.000000    543.000000    543.000000    536.000000    428.000000    502.000000    796.000000    812.000000    795.000000    846.000000    601.000000    549.000000    538.000000    536.000000    911.000000    847.000000   2421.000000    503.000000    294.000000    302.000000    188.000000    486.000000    320.000000    171.000000    338.000000   1058.000000    708.000000    755.000000    972.000000    129.000000     39.000000    333.000000    298.000000    229.000000     72.000000    298.000000    173.000000    131.000000     36.000000     29.000000     32.000000    102.000000     91.000000     92.000000     83.000000     79.000000     81.000000     87.000000     21.000000     17.000000    216.000000    270.000000    231.000000     65.000000    116.000000     61.000000     60.000000     25.000000     35.000000     24.000000     24.000000     10.000000     44.000000     39.000000     34.000000     42.000000     62.000000    130.000000     65.000000     60.000000     88.000000    131.000000    168.000000    288.000000    320.000000    283.000000    224.000000    292.000000    452.000000    497.000000    184.000000    155.000000    130.000000    410.000000    129.000000     84.000000     83.000000    108.000000     82.000000     46.000000     78.000000     21.000000    311.000000    221.000000    801.000000    277.000000    343.000000    104.000000     81.000000    179.000000    114.000000    168.000000    191.000000    110.000000    164.000000    100.000000     36.000000    125.000000    126.000000    270.000000    511.000000   6802.000000   7120.000000    544.000000    294.000000    328.000000    298.000000    197.000000    182.000000    341.000000    234.000000    735.000000    924.000000   1146.000000    766.000000    207.000000    165.000000    390.000000    550.000000    465.000000    408.000000    264.000000    168.000000    534.000000    786.000000    202.000000    128.000000    116.000000    102.000000     91.000000    115.000000     53.000000     63.000000     34.000000     56.000000
   741.579224    623.000000    608.000000    519.000000    515.000000    571.000000    397.000000    478.000000    733.000000    735.000000    751.000000    892.000000    570.000000    579.000000    517.000000    500.000000    949.000000    809.000000   2335.000000    449.000000    268.000000    277.000000    179.000000    531.000000    319.000000    153.000000    314.000000   1053.000000    694.000000    823.000000    898.000000    127.000000     87.000000    279.000000    299.000000    238.000000     38.000000    288.000000    175.000000    142.000000     26.000000     26.000000     35.000000    110.000000    106.000000     86.000000    100.000000     98.000000     87.000000     71.000000      8.000000      2.000000    244.000000    249.000000    234.000000     61.000000    125.000000     53.000000     82.000000     33.000000     45.000000     43.000000     43.000000      2.000000     38.000000     38.000000     42.000000     51.000000     67.000000    133.000000     77.000000     44.000000     92.000000    134.000000    157.000000    295.000000    304.000000    240.000000    259.000000    276.000000    428.000000    483.000000    203.000000    181.000000    133.000000    423.000000    123.000000     95.000000     75.000000     97.000000     87.000000     26.000000     69.000000     30.000000    277.000000    235.000000    805.000000    274.000000    357.000000    117.000000     73.000000    162.000000    137.000000    176.000000    186.000000     93.000000    157.000000     80.000000     53.000000    137.000000    149.000000    224.000000    484.000000   6661.000000   6851.000000    487.000000    268.000000    325.000000    311.000000    175.000000    201.000000    307.000000    258.000000    697.000000    960.000000   1100.000000    828.000000    229.000000    216.000000    347.000000    531.000000    457.000000    347.000000    253.000000    186.000000    565.000000    666.000000    219.000000    174.000000     97.000000     80.000000    118.000000    132.000000     52.000000     58.000000     57.000000     53.000000
   742.905212    624.000000    557.000000    529.000000    487.000000    543.000000    426.000000    530.000000    751.000000    760.000000    720.000000    809.000000    548.000000    576.000000    499.000000    535.000000    896.000000    851.000000   2201.000000    427.000000    313.000000    257.000000    162.000000    499.000000    310.000000    141.000000    334.000000   1003.000000    728.000000    791.000000    929.000000     93.000000     62.000000    280.000000    246.000000    219.000000     50.000000    275.000000    150.000000    128.000000     23.000000     45.000000     59.000000     91.000000     83.000000     70.000000    101.000000     78.000000     93.000000     57.000000    -11.000000     30.000000    216.000000    243.000000    222.000000     65.000000    106.000000     58.000000     67.000000     34.000000     37.000000     19.000000     15.000000     12.000000     46.000000     31.000000     45.000000     30.000000     76.000000    111.000000     80.000000     86.000000     97.000000    134.000000    144.000000    275.000000    311.000000    260.000000    227.000000    281.000000    414.000000    507.000000    194.000000    125.000000    153.000000    449.000000    131.000000     63.000000     87.000000    122.000000     72.000000     39.000000     80.000000     28.000000    310.000000    226.000000    820.000000    269.000000    336.000000    119.000000     63.000000    131.000000    156.000000    179.000000    182.000000    137.000000    167.000000     86.000000     58.000000    117.000000     86.000000    268.000000    450.000000   6449.000000   6757.000000    514.000000    313.000000    274.000000    295.000000    168.000000    208.000000    309.000000    266.000000    707.000000    987.000000   1124.000000    816.000000    208.000000    181.000000    371.000000    590.000000    428.000000    358.000000    271.000000    229.000000    554.000000    730.000000    224.000000    177.000000     85.000000     99.000000     95.000000    113.000000     58.000000     74.000000     53.000000     68.000000
   744.231689    617.000000    546.000000    517.000000    481.000000    521.000000    479.000000    510.000000    737.000000    725.000000    723.000000    807.000000    547.000000    501.000000    539.000000    512.000000    820.000000    777.000000   2223.000000    400.000000    268.000000    270.000000    174.000000    478.000000    277.000000    146.000000    321.000000   1056.000000    682.000000    707.000000    933.000000    102.000000     41.000000    301.000000    246.000000    207.000000     61.000000    261.000000    153.000000    128.000000     29.000000     30.000000     36.000000    103.000000    104.000000     66.000000     75.000000     72.000000     79.000000     73.000000     -2.000000    -13.000000    233.000000    219.000000    196.000000     55.000000    101.000000     48.000000     44.000000     21.000000     33.000000     33.000000     38.000000     31.000000     38.000000     37.000000     45.000000     28.000000     79.000000    136.000000     49.000000     48.000000     74.000000    134.000000    142.000000    289.000000    293.000000    239.000000    240.000000    315.000000    443.000000    468.000000    199.000000    136.000000    135.000000    421.000000     97.000000    102.000000     95.000000    116.000000     81.000000     50.000000     77.000000     23.000000    280.000000    197.000000    777.000000    273.000000    363.000000    119.000000     70.000000    161.000000    128.000000    179.000000    190.000000    116.000000    134.000000     88.000000     53.000000    122.000000    124.000000    244.000000    439.000000   6460.000000   6644.000000    482.000000    268.000000    293.000000    281.000000    166.000000    202.000000    340.000000    213.000000    702.000000    880.000000   1107.000000    758.000000    203.000000    180.000000    337.000000    582.000000    416.000000    329.000000    271.000000    161.000000    574.000000    722.000000    199.000000    155.000000     83.000000    108.000000     93.000000     89.000000     65.000000     59.000000     65.000000     67.000000
   745.558716    563.000000    497.000000    500.000000    522.000000    474.000000    409.000000    485.000000    706.000000    742.000000    745.000000    833.000000    556.000000    504.000000    526.000000    463.000000    810.000000    701.000000   2199.000000    425.000000    274.000000    271.000000    176.000000    500.000000    277.000000    151.000000    351.000000    992.000000    644.000000    746.000000    937.000000    120.000000     68.000000    302.000000    249.000000    237.000000     48.000000    296.000000    171.000000    119.000000     17.000000     16.000000     43.000000     97.000000     78.000000    105.000000     91.000000     81.000000     81.000000     63.000000     16.000000      0.000000    214.000000    231.000000    214.000000     70.000000    103.000000     54.000000     52.000000     42.000000     26.000000     17.000000     15.000000     12.000000     32.000000     33.000000     19.000000     60.000000     73.000000    125.000000     73.000000     61.000000     97.000000    116.000000    132.000000    259.000000    302.000000    208.000000    231.000000    276.000000    409.000000    473.000000    156.000000    133.000000    130.000000    411.000000    133.000000     85.000000     93.000000    103.000000     68.000000     40.000000     72.000000     50.000000    246.000000    179.000000    794.000000    259.000000    313.000000    101.000000     68.000000    151.000000    151.000000    162.000000    190.000000     92.000000    143.000000     76.000000     61.000000     86.000000    105.000000    252.000000    470.000000   6221.000000   6609.000000    466.000000    274.000000    294.000000    293.000000    154.000000    209.000000    327.000000    284.000000    660.000000    903.000000   1077.000000    773.000000    182.000000    146.000000    323.000000    566.000000    443.000000    371.000000    284.000000    170.000000    528.000000    652.000000    157.000000    133.000000     84.000000    107.000000    111.000000     86.000000     60.000000     76.000000     49.000000     51.000000
   746.886108    594.000000    511.000000    497.000000    479.000000    483.000000    401.000000    486.000000    704.000000    676.000000    661.000000    821.000000    510.000000    460.000000    491.000000    455.000000    858.000000    770.000000   2201.000000    355.000000    279.000000    285.000000    179.000000    450.000000    280.000000    152.000000    333.000000   1065.000000    649.000000    720.000000    884.000000    131.000000     59.000000    263.000000    261.000000    222.000000     41.000000    229.000000    155.000000    131.000000     23.000000     25.000000     40.000000     87.000000     73.000000     68.000000    102.000000     58.000000     68.000000     64.000000      0.000000      5.000000    206.000000    232.000000    231.000000     62.000000    105.000000     67.000000     57.000000     44.000000     21.000000     26.000000     26.000000     23.000000     29.000000     26.000000     50.000000     48.000000     60.000000    121.000000     77.000000     63.000000     85.000000    140.000000    163.000000    272.000000    303.000000    212.000000    212.000000    270.000000    377.000000    459.000000    186.000000    141.000000    165.000000    409.000000    109.000000     87.000000     96.000000     84.000000     67.000000     53.000000     57.000000     33.000000    274.000000    221.000000    761.000000    270.000000    271.000000     97.000000     71.000000    159.000000    136.000000    179.000000    182.000000    118.000000    161.000000     88.000000     53.000000     99.000000    122.000000    248.000000    471.000000   6471.000000   6671.000000    456.000000    279.000000    261.000000    294.000000    165.000000    177.000000    307.000000    246.000000    645.000000    886.000000   1003.000000    750.000000    189.000000    145.000000    334.000000    533.000000    417.000000    340.000000    248.000000    181.000000    558.000000    679.000000    222.000000    146.000000     72.000000     86.000000     85.000000    103.000000     37.000000     73.000000     65.000000     53.000000
   748.213989    537.000000    485.000000    461.000000    468.000000    444.000000    414.000000    488.000000    688.000000    692.000000    684.000000    782.000000    479.000000    466.000000    492.000000    492.000000    825.000000    684.000000   2183.000000    378.000000    260.000000    244.000000    156.000000    479.000000    278.000000    128.000000    354.000000    968.000000    663.000000    716.000000    831.000000    135.000000     54.000000    265.000000    259.000000    239.000000     60.000000    264.000000    133.000000    110.000000     14.000000     18.000000     45.000000     94.000000     55.000000     97.000000     87.000000     75.000000     66.000000     64.000000      5.000000     23.000000    195.000000    227.000000    213.000000     46.000000     97.000000     46.000000     50.000000     46.000000     33.000000      9.000000     22.000000      1.000000     24.000000     22.000000     35.000000     40.000000     67.000000    105.000000     62.000000     52.000000     95.000000    129.000000    152.000000    298.000000    320.000000    217.000000    207.000000    241.000000    430.000000    429.000000    165.000000    145.000000    154.000000    382.000000     98.000000     64.000000     71.000000     86.000000     69.000000     46.000000     85.000000     40.000000    285.000000    240.000000    699.000000    277.000000    340.000000     99.000000     49.000000    151.000000    144.000000    167.000000    167.000000    111.000000    141.000000     74.000000     56.000000    108.000000    139.000000    252.000000    443.000000   6120.000000   6393.000000    477.000000    260.000000    281.000000    291.000000    161.000000    153.000000    347.000000    284.000000    676.000000    888.000000    975.000000    778.000000    172.000000    157.000000    338.000000    504.000000    395.000000    337.000000    242.000000    187.000000    509.000000    587.000000    229.000000    145.000000     66.000000     72.000000     83.000000    101.000000     46.000000     98.000000     48.000000     49.000000
   749.542419    536.000000    480.000000    483.000000    424.000000    458.000000    424.000000    444.000000    662.000000    644.000000    645.000000    789.000000    538.000000    453.000000    486.000000    474.000000    816.000000    712.000000   2058.000000    379.000000    264.000000    253.000000    157.000000    479.000000    280.000000    134.000000    327.000000    972.000000    602.000000    667.000000    862.000000     90.000000     83.000000    269.000000    230.000000    220.000000     33.000000    287.000000    116.000000    113.000000     23.000000     28.000000     28.000000     67.000000    100.000000     80.000000     78.000000     70.000000     79.000000     46.000000      2.000000     28.000000    215.000000    200.000000    210.000000     40.000000    107.000000     56.000000     48.000000     35.000000     22.000000     16.000000     31.000000      2.000000     37.000000     30.000000     53.000000     18.000000     52.000000    107.000000     60.000000     41.000000     56.000000    106.000000    144.000000    247.000000    271.000000    186.000000    243.000000    242.000000    374.000000    430.000000    159.000000    129.000000    108.000000    373.000000     99.000000     70.000000     89.000000     92.000000     74.000000     39.000000     55.000000      5.000000    230.000000    226.000000    767.000000    244.000000    300.000000     93.000000     56.000000    157.000000    140.000000    162.000000    207.000000     92.000000    144.000000    100.000000     46.000000     83.000000    111.000000    223.000000    425.000000   5928.000000   6305.000000    471.000000    264.000000    283.000000    281.000000    156.000000    168.000000    332.000000    241.000000    617.000000    797.000000    981.000000    674.000000    179.000000    152.000000    345.000000    543.000000    370.000000    296.000000    234.000000    166.000000    508.000000    674.000000    192.000000    141.000000     83.000000     85.000000     88.000000    100.000000     49.000000     90.000000     41.000000     41.000000
   750.871277    526.000000    430.000000    423.000000    456.000000    424.000000    378.000000    456.000000    684.000000    686.000000    664.000000    710.000000    486.000000    433.000000    467.000000    436.000000    757.000000    690.000000   2024.000000    394.000000    266.000000    231.000000    134.000000    443.000000    278.000000    127.000000    289.000000    955.000000    583.000000    670.000000    815.000000    100.000000     29.000000    240.000000    226.000000    209.000000     48.000000    247.000000    147.000000    130.000000     30.000000      7.000000     40.000000     93.000000     74.000000     90.000000     88.000000     46.000000     69.000000     56.000000     18.000000      2.000000    200.000000    217.000000    190.000000     71.000000     90.000000     30.000000     50.000000     35.000000     25.000000     30.000000     26.000000      6.000000     40.000000      9.000000     43.000000     26.000000     54.000000    138.000000     59.000000     45.000000     68.000000    104.000000    145.000000    254.000000    282.000000    187.000000    216.000000    246.000000    349.000000    442.000000    165.000000    151.000000    126.000000    351.000000    110.000000     63.000000     80.000000     79.000000     69.000000     26.000000     48.000000     14.000000    223.000000    199.000000    697.000000    249.000000    297.000000    117.000000     63.000000    131.000000    103.000000    150.000000    157.000000    105.000000    152.000000     70.000000     64.000000    116.000000    107.000000    213.000000    431.000000   5803.000000   6162.000000    468.000000    266.000000    255.000000    267.000000    153.000000    173.000000    306.000000    245.000000    592.000000    863.000000    906.000000    721.000000    185.000000    160.000000    305.000000    505.000000    409.000000    327.000000    212.000000    177.000000    465.000000    596.000000    169.000000    143.000000     78.000000     81.000000    102.000000     84.000000     15.000000     81.000000     36.000000     48.000000
   752.200623    539.000000    432.000000    464.000000    445.000000    437.000000    389.000000    462.000000    644.000000    592.000000    629.000000    694.000000    491.000000    444.000000    442.000000    448.000000    746.000000    715.000000   2062.000000    374.000000    270.000000    273.000000    132.000000    426.000000    244.000000    124.000000    299.000000    903.000000    606.000000    587.000000    780.000000    101.000000     48.000000    239.000000    222.000000    212.000000     35.000000    231.000000    138.000000    103.000000     24.000000     21.000000     17.000000    110.000000     99.000000     83.000000     79.000000     88.000000     97.000000     76.000000     11.000000      6.000000    183.000000    182.000000    234.000000     53.000000     97.000000     35.000000     38.000000     54.000000      7.000000     36.000000     13.000000     14.000000     32.000000     23.000000     48.000000     24.000000     63.000000    118.000000     78.000000     58.000000     76.000000    123.000000    135.000000    226.000000    278.000000    197.000000    212.000000    234.000000    370.000000    434.000000    123.000000    158.000000    147.000000    355.000000    104.000000     49.000000     80.000000    110.000000     56.000000     41.000000     45.000000     32.000000    225.000000    187.000000    731.000000    259.000000    324.000000     78.000000     66.000000    115.000000    123.000000    130.000000    167.000000    108.000000    117.000000     94.000000     41.000000     87.000000    124.000000    239.000000    411.000000   6038.000000   6176.000000    463.000000    270.000000    270.000000    264.000000    136.000000    147.000000    279.000000    219.000000    602.000000    791.000000    946.000000    653.000000    177.000000    187.000000    312.000000    483.000000    394.000000    330.000000    230.000000    148.000000    532.000000    599.000000    190.000000    130.000000     56.000000     67.000000     80.000000     84.000000     48.000000     62.000000     56.000000     30.000000
   753.530518    505.000000    426.000000    419.000000    443.000000    420.000000    366.000000    432.000000    637.000000    626.000000    608.000000    744.000000    436.000000    457.000000    452.000000    415.000000    772.000000    684.000000   2024.000000    388.000000    294.000000    254.000000    155.000000    445.000000    274.000000    137.000000    276.000000    844.000000    570.000000    698.000000    792.000000     96.000000     24.000000    246.000000    239.000000    209.000000     44.000000    261.000000    133.000000     97.000000     16.000000     23.000000     41.000000     69.000000     71.000000     87.000000     81.000000     53.000000     72.000000     63.000000     -1.000000      8.000000    174.000000    205.000000    222.000000     40.000000     75.000000     45.000000     39.000000     10.000000     32.000000     20.000000     14.000000     12.000000     35.000000     15.000000     29.000000     38.000000     57.000000    102.000000     39.000000     42.000000     70.000000    128.000000    113.000000    271.000000    265.000000    188.000000    206.000000    221.000000    376.000000    410.000000    156.000000    141.000000    129.000000    363.000000     92.000000     66.000000     73.000000     78.000000     43.000000     46.000000     50.000000     21.000000    259.000000    177.000000    657.000000    248.000000    277.000000     81.000000     51.000000    124.000000    117.000000    131.000000    155.000000    108.000000    156.000000     87.000000     44.000000    100.000000     98.000000    210.000000    429.000000   6035.000000   6007.000000    450.000000    294.000000    259.000000    243.000000    152.000000    191.000000    306.000000    242.000000    609.000000    794.000000    926.000000    691.000000    177.000000    133.000000    317.000000    446.000000    352.000000    307.000000    203.000000    174.000000    456.000000    594.000000    162.000000    133.000000     64.000000     60.000000     67.000000    107.000000     28.000000     64.000000     62.000000     22.000000
   754.860779    507.000000    428.000000    430.000000    429.000000    399.000000    381.000000    446.000000    591.000000    637.000000    588.000000    673.000000    498.000000    461.000000    457.000000    482.000000    735.000000    688.000000   1989.000000    358.000000    253.000000    221.000000    110.000000    440.000000    267.000000    103.000000    325.000000    857.000000    578.000000    595.000000    747.000000    123.000000     60.000000    226.000000    212.000000    218.000000     47.000000    267.000000    142.000000     93.000000     15.000000     27.000000     20.000000     99.000000     51.000000     65.000000     70.000000     76.000000     88.000000     56.000000      4.000000      4.000000    183.000000    199.000000    221.000000     42.000000    109.000000     52.000000     43.000000     35.000000      3.000000     15.000000     32.000000     13.000000     26.000000     22.000000     38.000000     21.000000     63.000000    124.000000     32.000000     41.000000     70.000000     87.000000    126.000000    271.000000    258.000000    201.000000    210.000000    227.000000    369.000000    414.000000    151.000000    132.000000    114.000000    376.000000     94.000000     64.000000     84.000000    100.000000     84.000000     42.000000     70.000000     20.000000    228.000000    171.000000    660.000000    249.000000    281.000000     97.000000     66.000000    143.000000    118.000000    136.000000    138.000000     87.000000    151.000000     76.000000     65.000000     99.000000    112.000000    197.000000    412.000000   5686.000000   5982.000000    419.000000    253.000000    270.000000    270.000000    109.000000    180.000000    256.000000    249.000000    583.000000    788.000000    865.000000    705.000000    176.000000    167.000000    340.000000    456.000000    371.000000    306.000000    163.000000    161.000000    456.000000    560.000000    166.000000    115.000000     78.000000     82.000000     59.000000     82.000000     36.000000     59.000000     52.000000     47.000000
   756.191589    442.000000    390.000000    369.000000    394.000000    399.000000    386.000000    431.000000    683.000000    607.000000    576.000000    709.000000    487.000000    469.000000    462.000000    426.000000    737.000000    663.000000   1953.000000    384.000000    263.000000    231.000000    122.000000    411.000000    249.000000    128.000000    253.000000    833.000000    535.000000    602.000000    750.000000     84.000000     55.000000    264.000000    252.000000    176.000000     48.000000    244.000000    106.000000    103.000000     31.000000     18.000000     19.000000     89.000000     67.000000     92.000000     89.000000     42.000000     64.000000     60.000000      3.000000     10.000000    146.000000    172.000000    211.000000     54.000000     75.000000     32.000000     56.000000     11.000000     12.000000     21.000000     18.000000     13.000000     20.000000     23.000000     40.000000     26.000000     54.000000    115.000000     42.000000     53.000000     91.000000    104.000000    116.000000    256.000000    282.000000    209.000000    167.000000    235.000000    356.000000    405.000000    145.000000    106.000000     99.000000    354.000000     93.000000     72.000000     72.000000     72.000000     71.000000     32.000000     41.000000     36.000000    207.000000    180.000000    673.000000    273.000000    227.000000     76.000000     69.000000    132.000000    110.000000    163.000000    121.000000     60.000000    139.000000    103.000000     38.000000    100.000000    108.000000    198.000000    436.000000   5568.000000   5906.000000    428.000000    263.000000    211.000000    221.000000    135.000000    179.000000    282.000000    238.000000    520.000000    746.000000    835.000000    600.000000    182.000000    144.000000    294.000000    478.000000    383.000000    322.000000    192.000000    170.000000    439.000000    532.000000    153.000000    119.000000     51.000000     81.000000     93.000000    107.000000     47.000000     47.000000     49.000000     56.000000
   757.522888    511.000000    416.000000    419.000000    428.000000    396.000000    328.000000    435.000000    609.000000    618.000000    552.000000    719.000000    410.000000    425.000000    440.000000    438.000000    689.000000    602.000000   2009.000000    359.000000    248.000000    231.000000    124.000000    412.000000    221.000000    122.000000    271.000000    853.000000    531.000000    602.000000    724.000000     93.000000     56.000000    268.000000    192.000000    215.000000     26.000000    241.000000    125.000000    137.000000     34.000000     25.000000     21.000000     88.000000     49.000000     63.000000     59.000000     54.000000     73.000000     61.000000      3.000000     28.000000    200.000000    186.000000    194.000000     58.000000     61.000000     47.000000     49.000000     23.000000     10.000000     20.000000      9.000000      1.000000     41.000000     32.000000     37.000000     15.000000     67.000000     99.000000     38.000000     46.000000     65.000000    112.000000    133.000000    230.000000    270.000000    181.000000    148.000000    240.000000    306.000000    361.000000    116.000000    115.000000     90.000000    370.000000     88.000000     68.000000     78.000000     73.000000     79.000000     41.000000     42.000000     25.000000    210.000000    174.000000    715.000000    254.000000    304.000000     87.000000     54.000000    121.000000    103.000000    143.000000    121.000000     89.000000     93.000000     74.000000     47.000000     99.000000     92.000000    211.000000    352.000000   5452.000000   5762.000000    432.000000    248.000000    220.000000    248.000000    131.000000    166.000000    284.000000    242.000000    586.000000    734.000000    892.000000    579.000000    145.000000    134.000000    292.000000    497.000000    347.000000    313.000000    216.000000    169.000000    427.000000    524.000000    205.000000    118.000000     57.000000     84.000000     43.000000     78.000000     27.000000     52.000000     47.000000     40.000000
   758.854614    456.000000    415.000000    418.000000    418.000000    390.000000    348.000000    408.000000    624.000000    530.000000    556.000000    703.000000    440.000000    413.000000    412.000000    453.000000    748.000000    626.000000   1945.000000    331.000000    260.000000    225.000000    139.000000    435.000000    259.000000    130.000000    293.000000    829.000000    551.000000    640.000000    694.000000     90.000000     60.000000    274.000000    224.000000    176.000000     24.000000    218.000000    144.000000     96.000000     17.000000     37.000000     33.000000     58.000000     77.000000     68.000000     65.000000     84.000000     88.000000     66.000000      8.000000      9.000000    151.000000    169.000000    193.000000     37.000000     59.000000     51.000000     55.000000     22.000000     39.000000     34.000000     22.000000      1.000000     19.000000     28.000000     41.000000     50.000000     48.000000    108.000000     53.000000     50.000000     68.000000    116.000000    101.000000    221.000000    225.000000    181.000000    195.000000    213.000000    341.000000    343.000000    128.000000    122.000000    129.000000    358.000000    103.000000     73.000000     57.000000     78.000000     68.000000     39.000000     42.000000      4.000000    213.000000    176.000000    648.000000    229.000000    271.000000     79.000000     39.000000    109.000000     98.000000    150.000000    129.000000     94.000000    138.000000     72.000000     29.000000     91.000000    100.000000    183.000000    377.000000   5543.000000   5703.000000    399.000000    260.000000    244.000000    225.000000    113.000000    141.000000    302.000000    256.000000    582.000000    742.000000    910.000000    641.000000    163.000000    137.000000    299.000000    455.000000    344.000000    306.000000    185.000000    160.000000    426.000000    512.000000    157.000000    107.000000     70.000000     92.000000     79.000000     92.000000     58.000000     47.000000     47.000000     26.000000
   760.186890    460.000000    391.000000    404.000000    394.000000    425.000000    295.000000    444.000000    524.000000    583.000000    591.000000    728.000000    481.000000    426.000000    396.000000    389.000000    741.000000    588.000000   1952.000000    349.000000    218.000000    222.000000    136.000000    400.000000    226.000000    109.000000    291.000000    822.000000    560.000000    562.000000    709.000000     80.000000     68.000000    217.000000    170.000000    188.000000      6.000000    212.000000    137.000000    111.000000     23.000000     23.000000     17.000000     75.000000     65.000000     45.000000     78.000000     54.000000     79.000000     52.000000     14.000000      6.000000    166.000000    180.000000    208.000000     44.000000     74.000000     41.000000     62.000000     37.000000     14.000000     19.000000     37.000000      5.000000     28.000000     31.000000     24.000000     30.000000     51.000000     84.000000     53.000000     58.000000     68.000000     98.000000    128.000000    211.000000    255.000000    176.000000    172.000000    221.000000    350.000000    383.000000    123.000000    115.000000    115.000000    364.000000     94.000000     47.000000     63.000000     71.000000     55.000000      5.000000     74.000000     48.000000    205.000000    146.000000    602.000000    223.000000    262.000000     82.000000     57.000000    114.000000    108.000000    126.000000    124.000000     89.000000    115.000000     61.000000     34.000000     85.000000     99.000000    210.000000    397.000000   5301.000000   5633.000000    388.000000    218.000000    206.000000    217.000000    121.000000    139.000000    298.000000    238.000000    543.000000    662.000000    790.000000    623.000000    182.000000    111.000000    259.000000    469.000000    356.000000    280.000000    208.000000    148.000000    413.000000    480.000000    174.000000    116.000000     60.000000     67.000000     76.000000     88.000000     43.000000     80.000000     43.000000     49.000000
   761.519592    444.000000    373.000000    408.000000    385.000000    390.000000    313.000000    441.000000    601.000000    513.000000    557.000000    678.000000    449.000000    461.000000    391.000000    380.000000    638.000000    603.000000   1885.000000    365.000000    219.000000    231.000000    138.000000    383.000000    231.000000    110.000000    258.000000    772.000000    534.000000    587.000000    703.000000     94.000000     70.000000    253.000000    207.000000    210.000000     53.000000    216.000000    116.000000    107.000000     29.000000     24.000000     39.000000     69.000000     71.000000     54.000000     50.000000     70.000000     74.000000     54.000000      1.000000    -12.000000    172.000000    172.000000    235.000000     27.000000     67.000000     38.000000     32.000000     13.000000     16.000000     24.000000     14.000000     14.000000     25.000000     31.000000     21.000000     31.000000     52.000000    101.000000     54.000000     51.000000     74.000000     78.000000    100.000000    214.000000    262.000000    213.000000    191.000000    224.000000    335.000000    364.000000    123.000000    136.000000     88.000000    339.000000     93.000000     54.000000     62.000000     74.000000     51.000000     34.000000     69.000000     38.000000    239.000000    164.000000    580.000000    247.000000    291.000000     72.000000     63.000000    117.000000    101.000000    123.000000    148.000000     82.000000    128.000000     63.000000     33.000000     94.000000     74.000000    194.000000    349.000000   5256.000000   5656.000000    400.000000    219.000000    196.000000    211.000000    135.000000    151.000000    251.000000    256.000000    530.000000    738.000000    795.000000    556.000000    173.000000    106.000000    304.000000    453.000000    369.000000    306.000000    203.000000    121.000000    451.000000    537.000000    122.000000    112.000000     56.000000     69.000000     59.000000     82.000000     43.000000     64.000000     46.000000     25.000000
   762.852783    432.000000    394.000000    407.000000    358.000000    383.000000    319.000000    420.000000    617.000000    555.000000    511.000000    577.000000    456.000000    429.000000    420.000000    378.000000    654.000000    601.000000   1821.000000    342.000000    218.000000    171.000000    134.000000    432.000000    212.000000     84.000000    261.000000    853.000000    550.000000    588.000000    756.000000     94.000000     52.000000    214.000000    204.000000    201.000000     45.000000    193.000000    139.000000     81.000000     27.000000     18.000000     29.000000     69.000000     82.000000     70.000000     84.000000     59.000000     54.000000     32.000000     11.000000      6.000000    173.000000    197.000000    179.000000     43.000000     72.000000     32.000000     40.000000     36.000000     36.000000     10.000000      9.000000      8.000000     32.000000     33.000000     26.000000     37.000000     47.000000     82.000000     57.000000     41.000000     78.000000     85.000000    135.000000    211.000000    189.000000    156.000000    187.000000    219.000000    297.000000    356.000000    171.000000    134.000000     91.000000    318.000000     91.000000     39.000000     46.000000     69.000000     63.000000     39.000000     56.000000     29.000000    224.000000    149.000000    588.000000    212.000000    273.000000     79.000000     35.000000    104.000000    103.000000    128.000000    138.000000     99.000000     95.000000     92.000000     46.000000     93.000000     85.000000    184.000000    357.000000   5254.000000   5588.000000    421.000000    218.000000    236.000000    234.000000    121.000000    154.000000    269.000000    251.000000    502.000000    638.000000    844.000000    569.000000    143.000000    121.000000    321.000000    403.000000    337.000000    318.000000    214.000000    140.000000    461.000000    465.000000    146.000000    122.000000     54.000000     99.000000     45.000000     87.000000     59.000000     48.000000     67.000000     40.000000
   764.186523    425.000000    392.000000    401.000000    395.000000    398.000000    306.000000    411.000000    601.000000    548.000000    516.000000    598.000000    399.000000    418.000000    369.000000    389.000000    659.000000    647.000000   1874.000000    323.000000    227.000000    201.000000    136.000000    430.000000    258.000000    108.000000    261.000000    812.000000    494.000000    569.000000    691.000000     80.000000     39.000000    199.000000    199.000000    175.000000     23.000000    206.000000     96.000000     80.000000      2.000000     19.000000     28.000000     63.000000     62.000000     63.000000     67.000000     68.000000     67.000000     53.000000      2.000000      0.000000    192.000000    155.000000    182.000000     34.000000     74.000000     53.000000     33.000000     25.000000     16.000000      5.000000     12.000000     15.000000     27.000000     18.000000     35.000000     32.000000     45.000000    102.000000     55.000000     41.000000     66.000000     76.000000    112.000000    195.000000    246.000000    178.000000    156.000000    225.000000    305.000000    366.000000    124.000000    125.000000     91.000000    325.000000     76.000000     56.000000     52.000000     95.000000     67.000000     37.000000     48.000000     23.000000    184.000000    143.000000    551.000000    236.000000    298.000000     82.000000     57.000000    109.000000    104.000000    147.000000    137.000000     98.000000    127.000000     40.000000     37.000000     81.000000    104.000000    175.000000    393.000000   5158.000000   5461.000000    405.000000    227.000000    201.000000    219.000000    118.000000    144.000000    276.000000    219.000000    474.000000    696.000000    765.000000    612.000000    169.000000    153.000000    268.000000    424.000000    340.000000    278.000000    205.000000    150.000000    396.000000    520.000000    177.000000    106.000000     76.000000     81.000000     52.000000    108.000000     34.000000     80.000000     53.000000     28.000000
   765.520630    441.000000    428.000000    376.000000    379.000000    343.000000    322.000000    389.000000    578.000000    542.000000    547.000000    651.000000    433.000000    380.000000    397.000000    433.000000    706.000000    565.000000   1848.000000    315.000000    200.000000    198.000000    154.000000    438.000000    223.000000    130.000000    274.000000    837.000000    493.000000    543.000000    610.000000     78.000000     39.000000    203.000000    189.000000    171.000000     24.000000    217.000000     98.000000     88.000000     10.000000     23.000000     13.000000     79.000000     77.000000     84.000000     80.000000     75.000000     58.000000     88.000000      9.000000      9.000000    178.000000    161.000000    174.000000     35.000000     84.000000     49.000000     38.000000     11.000000     20.000000     18.000000     17.000000     24.000000     26.000000      8.000000     47.000000     16.000000     51.000000     75.000000     51.000000     40.000000     72.000000    110.000000    114.000000    181.000000    215.000000    202.000000    179.000000    211.000000    299.000000    350.000000    160.000000    120.000000    110.000000    338.000000     67.000000     64.000000     70.000000     57.000000     66.000000     36.000000     50.000000     -3.000000    170.000000    158.000000    578.000000    193.000000    256.000000     71.000000     62.000000    113.000000    106.000000    134.000000    141.000000    100.000000    125.000000     58.000000     37.000000     73.000000     96.000000    183.000000    360.000000   5168.000000   5471.000000    362.000000    200.000000    199.000000    216.000000    118.000000    136.000000    258.000000    236.000000    495.000000    687.000000    781.000000    534.000000    153.000000    103.000000    320.000000    439.000000    342.000000    280.000000    191.000000    164.000000    403.000000    487.000000    153.000000     96.000000     30.000000     50.000000     59.000000     75.000000     37.000000     50.000000     33.000000     19.000000
   766.855286    453.000000    394.000000    378.000000    352.000000    329.000000    326.000000    363.000000    575.000000    571.000000    569.000000    654.000000    392.000000    402.000000    412.000000    344.000000    682.000000    591.000000   1762.000000    362.000000    212.000000    246.000000    141.000000    412.000000    232.000000    112.000000    274.000000    760.000000    515.000000    523.000000    653.000000     75.000000     38.000000    249.000000    162.000000    175.000000     29.000000    210.000000    121.000000    107.000000     20.000000     12.000000     19.000000     94.000000     98.000000     65.000000     80.000000     52.000000     57.000000     65.000000     -4.000000      2.000000    151.000000    166.000000    183.000000     37.000000     69.000000     48.000000     43.000000     22.000000     13.000000     21.000000     21.000000     13.000000     39.000000     41.000000     36.000000     18.000000     35.000000    100.000000     48.000000     42.000000     64.000000     96.000000     95.000000    216.000000    216.000000    165.000000    142.000000    182.000000    336.000000    332.000000    129.000000    126.000000    115.000000    346.000000     90.000000     56.000000     67.000000     71.000000     49.000000     21.000000     39.000000     19.000000    159.000000    159.000000    533.000000    208.000000    244.000000     81.000000     52.000000    122.000000    113.000000    135.000000    121.000000     98.000000     85.000000     59.000000     39.000000     81.000000     99.000000    230.000000    377.000000   5050.000000   5454.000000    378.000000    212.000000    233.000000    196.000000    122.000000    148.000000    275.000000    245.000000    482.000000    602.000000    738.000000    543.000000    151.000000    137.000000    256.000000    380.000000    361.000000    279.000000    205.000000    132.000000    398.000000    506.000000    140.000000     91.000000     53.000000     88.000000     78.000000     58.000000     34.000000     65.000000     57.000000     32.000000
   768.190430    469.000000    419.000000    352.000000    361.000000    345.000000    288.000000    383.000000    528.000000    527.000000    574.000000    622.000000    395.000000    391.000000    355.000000    388.000000    616.000000    582.000000   1773.000000    347.000000    224.000000    210.000000    112.000000    425.000000    195.000000    126.000000    260.000000    781.000000    492.000000    473.000000    678.000000     93.000000     49.000000    238.000000    211.000000    175.000000     35.000000    190.000000    117.000000     86.000000     31.000000     38.000000     41.000000     63.000000     69.000000     78.000000     66.000000     95.000000     66.000000     50.000000      3.000000      1.000000    173.000000    154.000000    178.000000     28.000000     61.000000     35.000000     35.000000     28.000000     27.000000     40.000000     13.000000      3.000000     34.000000     34.000000     36.000000     56.000000     59.000000     90.000000     59.000000     42.000000     74.000000    107.000000    118.000000    211.000000    257.000000    155.000000    162.000000    197.000000    303.000000    339.000000    132.000000    107.000000    114.000000    304.000000     90.000000     60.000000     83.000000     76.000000     63.000000     38.000000     66.000000     29.000000    189.000000    168.000000    564.000000    168.000000    286.000000     53.000000     53.000000    101.000000    110.000000    141.000000    119.000000    109.000000    139.000000     65.000000     40.000000     96.000000     86.000000    196.000000    367.000000   4982.000000   5283.000000    388.000000    224.000000    220.000000    203.000000    132.000000    140.000000    281.000000    254.000000    461.000000    645.000000    720.000000    561.000000    150.000000    127.000000    299.000000    401.000000    326.000000    258.000000    198.000000    138.000000    436.000000    456.000000    136.000000     93.000000     76.000000     68.000000     46.000000     86.000000     46.000000     67.000000     44.000000     41.000000
   769.526001    433.000000    377.000000    374.000000    330.000000    327.000000    288.000000    390.000000    528.000000    506.000000    561.000000    607.000000    414.000000    408.000000    381.000000    380.000000    653.000000    568.000000   1841.000000    356.000000    214.000000    215.000000    128.000000    421.000000    199.000000    114.000000    248.000000    785.000000    500.000000    543.000000    616.000000     91.000000     52.000000    216.000000    205.000000    168.000000     39.000000    192.000000    102.000000     88.000000     22.000000     21.000000     30.000000     75.000000     76.000000     75.000000     60.000000     45.000000     60.000000     46.000000     32.000000     32.000000    160.000000    180.000000    195.000000     54.000000     92.000000     32.000000     46.000000     28.000000     17.000000     15.000000     25.000000     12.000000     33.000000     29.000000     20.000000     22.000000     45.000000    107.000000     50.000000     42.000000     64.000000    105.000000    108.000000    220.000000    239.000000    174.000000    162.000000    172.000000    282.000000    303.000000    128.000000    121.000000     90.000000    279.000000     69.000000     65.000000     74.000000     64.000000     49.000000     33.000000     51.000000     27.000000    178.000000    160.000000    500.000000    191.000000    260.000000     84.000000     49.000000    102.000000     82.000000    109.000000    109.000000     81.000000    114.000000     62.000000     23.000000     77.000000     72.000000    205.000000    354.000000   5058.000000   5249.000000    382.000000    214.000000    214.000000    194.000000    123.000000    130.000000    288.000000    226.000000    466.000000    577.000000    786.000000    583.000000    146.000000    137.000000    266.000000    358.000000    322.000000    263.000000    197.000000    132.000000    399.000000    416.000000    170.000000     98.000000     60.000000     59.000000     82.000000     68.000000     29.000000     43.000000     45.000000     43.000000
   770.862122    418.000000    375.000000    352.000000    371.000000    328.000000    309.000000    362.000000    520.000000    517.000000    529.000000    640.000000    410.000000    362.000000    369.000000    383.000000    647.000000    548.000000   1688.000000    324.000000    228.000000    183.000000    101.000000    429.000000    206.000000    126.000000    250.000000    753.000000    545.000000    501.000000    653.000000     74.000000     35.000000    220.000000    210.000000    151.000000     39.000000    183.000000    109.000000    128.000000     33.000000     20.000000     17.000000     78.000000     66.000000     59.000000     67.000000     72.000000     61.000000     72.000000      4.000000      5.000000    165.000000    188.000000    191.000000     31.000000     83.000000     44.000000     38.000000     19.000000     18.000000     24.000000     31.000000     13.000000     26.000000     17.000000      8.000000     36.000000     55.000000    101.000000     62.000000     52.000000     71.000000     85.000000    101.000000    217.000000    253.000000    158.000000    174.000000    215.000000    310.000000    339.000000    147.000000    119.000000    105.000000    320.000000     90.000000     42.000000     63.000000     54.000000     58.000000     42.000000     54.000000     15.000000    189.000000    176.000000    509.000000    181.000000    277.000000     76.000000     61.000000    117.000000     93.000000    126.000000    107.000000     85.000000    137.000000     59.000000     40.000000     93.000000     65.000000    186.000000    359.000000   4955.000000   5203.000000    357.000000    228.000000    216.000000    195.000000    115.000000    156.000000    322.000000    221.000000    470.000000    625.000000    742.000000    527.000000    152.000000    152.000000    285.000000    342.000000    337.000000    294.000000    187.000000    157.000000    394.000000    453.000000    159.000000    106.000000     71.000000     74.000000     86.000000    104.000000     19.000000     35.000000     72.000000     36.000000
   772.198608    425.000000    342.000000    363.000000    357.000000    348.000000    285.000000    351.000000    559.000000    551.000000    533.000000    552.000000    389.000000    381.000000    349.000000    366.000000    617.000000    523.000000   1677.000000    330.000000    218.000000    204.000000    103.000000    373.000000    194.000000    103.000000    256.000000    758.000000    501.000000    509.000000    605.000000     81.000000     37.000000    167.000000    195.000000    143.000000     43.000000    214.000000    121.000000     86.000000     31.000000     18.000000      9.000000     74.000000     76.000000     68.000000     69.000000     69.000000     82.000000     67.000000     10.000000      4.000000    146.000000    142.000000    181.000000     56.000000     78.000000     22.000000     42.000000     42.000000     16.000000     29.000000     10.000000     19.000000     20.000000     16.000000      7.000000     17.000000     28.000000     87.000000     40.000000     22.000000     66.000000     92.000000     81.000000    204.000000    228.000000    130.000000    169.000000    212.000000    333.000000    321.000000    155.000000    118.000000    115.000000    278.000000     84.000000     43.000000     69.000000    101.000000     61.000000     41.000000     51.000000     11.000000    200.000000    164.000000    542.000000    213.000000    270.000000     55.000000     48.000000    129.000000    109.000000    151.000000    106.000000     89.000000    100.000000     55.000000     43.000000     96.000000     53.000000    181.000000    340.000000   4721.000000   5225.000000    360.000000    218.000000    251.000000    205.000000    110.000000    135.000000    255.000000    217.000000    442.000000    578.000000    710.000000    547.000000    133.000000    144.000000    265.000000    365.000000    340.000000    292.000000    186.000000    132.000000    352.000000    444.000000    138.000000    108.000000     47.000000     48.000000     73.000000     70.000000     27.000000     50.000000     43.000000     53.000000
   773.535583    427.000000    389.000000    338.000000    348.000000    318.000000    259.000000    431.000000    505.000000    562.000000    546.000000    557.000000    393.000000    367.000000    367.000000    375.000000    589.000000    529.000000   1612.000000    303.000000    189.000000    192.000000    120.000000    375.000000    196.000000    130.000000    219.000000    748.000000    474.000000    487.000000    657.000000     79.000000     40.000000    210.000000    184.000000    187.000000     21.000000    193.000000    114.000000     89.000000     20.000000     17.000000     11.000000     77.000000     76.000000     69.000000     72.000000     64.000000     78.000000     44.000000     -1.000000    -16.000000    138.000000    146.000000    178.000000     30.000000     81.000000     46.000000     32.000000     25.000000     28.000000     20.000000      9.000000     10.000000     42.000000     51.000000     31.000000     19.000000     56.000000     83.000000     60.000000     25.000000     60.000000     93.000000    106.000000    206.000000    198.000000    187.000000    162.000000    199.000000    296.000000    297.000000    142.000000    122.000000    118.000000    319.000000     83.000000     53.000000     62.000000     66.000000     59.000000     32.000000     52.000000      4.000000    170.000000    136.000000    550.000000    190.000000    279.000000     55.000000     58.000000     76.000000    113.000000    115.000000    140.000000     87.000000    101.000000     57.000000     37.000000     74.000000     75.000000    173.000000    328.000000   4768.000000   5155.000000    335.000000    189.000000    224.000000    189.000000    116.000000    123.000000    248.000000    229.000000    422.000000    586.000000    754.000000    495.000000    139.000000    119.000000    311.000000    341.000000    342.000000    280.000000    205.000000    110.000000    373.000000    388.000000    162.000000     95.000000     73.000000     77.000000     65.000000     82.000000     27.000000     45.000000     40.000000     39.000000
   774.873230    409.000000    366.000000    329.000000    320.000000    356.000000    280.000000    380.000000    575.000000    527.000000    515.000000    563.000000    359.000000    365.000000    338.000000    345.000000    604.000000    538.000000   1627.000000    312.000000    185.000000    185.000000     91.000000    436.000000    209.000000     94.000000    270.000000    742.000000    424.000000    500.000000    588.000000     89.000000     56.000000    189.000000    170.000000    186.000000     20.000000    175.000000    112.000000     57.000000     10.000000     16.000000     20.000000     58.000000     67.000000     60.000000     70.000000     49.000000     54.000000     55.000000     -4.000000      9.000000    153.000000    142.000000    170.000000     56.000000     76.000000     32.000000     44.000000     28.000000     13.000000     26.000000     11.000000     15.000000     35.000000     18.000000     26.000000     38.000000     55.000000     77.000000     66.000000     44.000000     66.000000     53.000000    113.000000    189.000000    204.000000    188.000000    162.000000    186.000000    338.000000    318.000000     84.000000    115.000000     98.000000    299.000000     76.000000     41.000000     61.000000     76.000000     58.000000     34.000000     62.000000     11.000000    144.000000    143.000000    513.000000    187.000000    243.000000     87.000000     55.000000     93.000000     95.000000    136.000000    112.000000     83.000000    115.000000     61.000000     33.000000     77.000000     62.000000    144.000000    327.000000   4735.000000   5047.000000    338.000000    185.000000    218.000000    209.000000    113.000000    116.000000    249.000000    207.000000    451.000000    601.000000    679.000000    535.000000    139.000000    125.000000    278.000000    331.000000    352.000000    257.000000    196.000000    138.000000    388.000000    435.000000    139.000000    103.000000     49.000000     64.000000     63.000000     76.000000     41.000000     56.000000     53.000000     27.000000
   776.211182    380.000000    358.000000    316.000000    311.000000    340.000000    272.000000    362.000000    482.000000    492.000000    481.000000    568.000000    379.000000    322.000000    324.000000    345.000000    606.000000    538.000000   1606.000000    309.000000    218.000000    176.000000    106.000000    367.000000    221.000000    114.000000    227.000000    711.000000    472.000000    474.000000    582.000000    103.000000     51.000000    191.000000    164.000000    123.000000     52.000000    143.000000     93.000000     71.000000     20.000000     12.000000     22.000000     67.000000     54.000000     67.000000     67.000000     60.000000     51.000000     44.000000     11.000000      2.000000    140.000000    128.000000    146.000000     53.000000     81.000000     21.000000     17.000000     12.000000     14.000000     28.000000     10.000000     13.000000     37.000000     19.000000     28.000000     16.000000     37.000000     94.000000     41.000000     38.000000     56.000000     70.000000    101.000000    195.000000    214.000000    175.000000    150.000000    180.000000    312.000000    331.000000    116.000000     91.000000     87.000000    318.000000     93.000000     59.000000     43.000000     80.000000     65.000000     42.000000     65.000000     27.000000    147.000000    155.000000    499.000000    178.000000    276.000000     75.000000     64.000000     82.000000     83.000000    110.000000    124.000000     86.000000    136.000000     71.000000     41.000000     66.000000     85.000000    150.000000    370.000000   4627.000000   4957.000000    327.000000    218.000000    181.000000    181.000000    100.000000    133.000000    216.000000    256.000000    436.000000    592.000000    656.000000    522.000000    130.000000    116.000000    283.000000    381.000000    292.000000    275.000000    186.000000    141.000000    326.000000    406.000000    160.000000     77.000000     55.000000     64.000000     49.000000     68.000000     34.000000     41.000000     28.000000     48.000000
   777.549683    377.000000    307.000000    362.000000    326.000000    329.000000    274.000000    349.000000    491.000000    477.000000    434.000000    557.000000    343.000000    325.000000    316.000000    363.000000    554.000000    474.000000   1661.000000    303.000000    210.000000    189.000000    112.000000    359.000000    167.000000     81.000000    233.000000    687.000000    442.000000    460.000000    560.000000     53.000000     48.000000    184.000000    184.000000    151.000000     13.000000    177.000000    119.000000     83.000000      6.000000     26.000000     27.000000     66.000000     47.000000     60.000000     49.000000     55.000000     64.000000     38.000000      8.000000     16.000000    126.000000    148.000000    156.000000     41.000000     47.000000     18.000000     34.000000     26.000000     16.000000     -2.000000     27.000000      5.000000     30.000000      7.000000     18.000000     15.000000     51.000000     82.000000     23.000000     53.000000     52.000000     82.000000     84.000000    190.000000    203.000000    133.000000    153.000000    185.000000    289.000000    333.000000    130.000000     96.000000     95.000000    301.000000     92.000000     41.000000     44.000000     51.000000     79.000000     18.000000     53.000000     21.000000    163.000000    151.000000    489.000000    136.000000    249.000000     63.000000     52.000000     91.000000    101.000000    106.000000    127.000000     89.000000    102.000000     72.000000     36.000000     78.000000     65.000000    154.000000    301.000000   4548.000000   4819.000000    335.000000    210.000000    191.000000    156.000000    125.000000    128.000000    257.000000    239.000000    419.000000    548.000000    640.000000    499.000000    113.000000     99.000000    246.000000    320.000000    301.000000    236.000000    185.000000    138.000000    339.000000    416.000000    149.000000     79.000000     43.000000     47.000000     44.000000     59.000000     21.000000     38.000000     37.000000     44.000000
   778.888672    350.000000    342.000000    335.000000    285.000000    303.000000    245.000000    360.000000    506.000000    464.000000    440.000000    532.000000    342.000000    280.000000    312.000000    278.000000    623.000000    482.000000   1475.000000    282.000000    171.000000    170.000000    110.000000    365.000000    203.000000    102.000000    214.000000    668.000000    483.000000    474.000000    583.000000     73.000000     32.000000    157.000000    167.000000    158.000000     52.000000    148.000000    109.000000     98.000000      9.000000     32.000000     26.000000     76.000000     75.000000     61.000000     55.000000     58.000000     72.000000     64.000000      4.000000     -1.000000    118.000000    178.000000    150.000000     41.000000     68.000000     37.000000     34.000000     31.000000      2.000000      7.000000     13.000000     -5.000000     40.000000      1.000000     24.000000     31.000000     40.000000     68.000000     53.000000     45.000000     51.000000     85.000000     86.000000    184.000000    200.000000    165.000000    120.000000    159.000000    264.000000    307.000000    107.000000    127.000000    104.000000    289.000000     63.000000     33.000000     73.000000     59.000000     56.000000     21.000000     50.000000     25.000000    155.000000    159.000000    464.000000    170.000000    274.000000     57.000000     60.000000     74.000000    108.000000    109.000000     94.000000     65.000000     95.000000     67.000000     27.000000     86.000000     63.000000    150.000000    318.000000   4335.000000   4619.000000    323.000000    171.000000    188.000000    155.000000    108.000000    122.000000    254.000000    221.000000    386.000000    505.000000    641.000000    497.000000    147.000000    125.000000    289.000000    361.000000    302.000000    240.000000    165.000000    133.000000    357.000000    411.000000    133.000000    112.000000     39.000000     58.000000     43.000000     62.000000     51.000000     51.000000     47.000000     31.000000
   780.228088    375.000000    306.000000    298.000000    302.000000    317.000000    268.000000    346.000000    513.000000    463.000000    449.000000    492.000000    328.000000    307.000000    320.000000    318.000000    536.000000    490.000000   1609.000000    248.000000    168.000000    167.000000     90.000000    345.000000    190.000000    109.000000    178.000000    667.000000    462.000000    452.000000    539.000000     64.000000     65.000000    206.000000    164.000000    146.000000     34.000000    159.000000    119.000000     82.000000     12.000000     14.000000     24.000000     53.000000     54.000000     64.000000     48.000000     55.000000     49.000000     37.000000     15.000000     11.000000    136.000000    134.000000    159.000000     36.000000     63.000000     17.000000     48.000000     25.000000     29.000000      1.000000     19.000000     -2.000000     21.000000     27.000000     20.000000     18.000000     35.000000     72.000000     30.000000     45.000000     78.000000     87.000000     82.000000    155.000000    167.000000    167.000000    131.000000    175.000000    271.000000    306.000000     92.000000     99.000000     82.000000    250.000000     70.000000     57.000000     63.000000     50.000000     47.000000     26.000000     64.000000      6.000000    170.000000    171.000000    465.000000    175.000000    213.000000     77.000000     42.000000     89.000000     88.000000    125.000000    111.000000     89.000000     98.000000     48.000000     19.000000     74.000000     84.000000    141.000000    304.000000   4533.000000   4664.000000    310.000000    168.000000    213.000000    194.000000    120.000000    136.000000    260.000000    205.000000    408.000000    509.000000    655.000000    518.000000    116.000000    110.000000    242.000000    330.000000    299.000000    250.000000    155.000000    125.000000    326.000000    400.000000    137.000000     80.000000     43.000000     33.000000     40.000000     48.000000     35.000000     29.000000     37.000000     35.000000
   781.567993    357.000000    287.000000    283.000000    293.000000    292.000000    251.000000    315.000000    433.000000    401.000000    482.000000    474.000000    330.000000    309.000000    314.000000    323.000000    502.000000    531.000000   1539.000000    253.000000    178.000000    176.000000     97.000000    373.000000    179.000000    106.000000    210.000000    675.000000    432.000000    449.000000    536.000000     73.000000     66.000000    160.000000    165.000000    147.000000     33.000000    171.000000    129.000000     90.000000     39.000000     25.000000     33.000000     49.000000     53.000000     64.000000     29.000000     66.000000     52.000000     70.000000      7.000000     13.000000    106.000000    119.000000    179.000000     60.000000     49.000000     14.000000     32.000000     11.000000     13.000000     17.000000      9.000000     16.000000     17.000000     41.000000     32.000000     36.000000     17.000000     70.000000     35.000000     38.000000     55.000000     86.000000     90.000000    149.000000    157.000000    152.000000    141.000000    163.000000    249.000000    294.000000    132.000000     97.000000    132.000000    283.000000     73.000000     37.000000     51.000000     62.000000     60.000000     37.000000     38.000000     24.000000    165.000000    143.000000    456.000000    180.000000    239.000000     64.000000     43.000000     80.000000    105.000000     66.000000    121.000000     63.000000     82.000000     48.000000     41.000000     75.000000     86.000000    181.000000    287.000000   4296.000000   4714.000000    334.000000    178.000000    207.000000    165.000000    115.000000    128.000000    228.000000    194.000000    361.000000    495.000000    627.000000    418.000000    123.000000    112.000000    244.000000    319.000000    279.000000    244.000000    186.000000    105.000000    346.000000    414.000000    127.000000     90.000000     40.000000     43.000000     54.000000     40.000000     36.000000     48.000000     49.000000     10.000000
   782.908386    326.000000    287.000000    253.000000    295.000000    308.000000    273.000000    315.000000    467.000000    488.000000    488.000000    483.000000    311.000000    303.000000    311.000000    291.000000    544.000000    487.000000   1469.000000    277.000000    152.000000    179.000000     71.000000    336.000000    181.000000    112.000000    207.000000    579.000000    402.000000    438.000000    498.000000     66.000000     57.000000    163.000000    152.000000    149.000000     40.000000    132.000000    100.000000     87.000000     11.000000     16.000000     15.000000     56.000000     38.000000     36.000000     48.000000     38.000000     75.000000     42.000000      3.000000      2.000000    131.000000    115.000000    152.000000     30.000000     66.000000     34.000000     29.000000     42.000000     13.000000     11.000000     -7.000000     31.000000     23.000000     28.000000     32.000000     34.000000     31.000000     85.000000     43.000000     47.000000     48.000000     82.000000     71.000000    174.000000    193.000000    136.000000    141.000000    142.000000    286.000000    301.000000    103.000000     93.000000     95.000000    262.000000     76.000000     51.000000     61.000000     72.000000     44.000000     23.000000     72.000000     12.000000    165.000000    134.000000    435.000000    148.000000    257.000000     61.000000     53.000000     98.000000    101.000000     96.000000    105.000000     68.000000    105.000000     52.000000     52.000000     49.000000     86.000000    144.000000    324.000000   4160.000000   4516.000000    274.000000    152.000000    206.000000    191.000000     90.000000    118.000000    242.000000    219.000000    376.000000    543.000000    649.000000    472.000000    123.000000    117.000000    258.000000    372.000000    306.000000    248.000000    166.000000    103.000000    357.000000    353.000000    120.000000     96.000000     36.000000     44.000000     57.000000     45.000000     21.000000     49.000000     43.000000     47.000000
   784.249329    338.000000    306.000000    285.000000    293.000000    302.000000    253.000000    307.000000    438.000000    461.000000    429.000000    478.000000    288.000000    243.000000    295.000000    272.000000    533.000000    428.000000   1453.000000    285.000000    188.000000    195.000000     99.000000    307.000000    162.000000     77.000000    202.000000    693.000000    438.000000    447.000000    509.000000     78.000000     51.000000    162.000000    144.000000    180.000000     25.000000    166.000000     71.000000     79.000000     20.000000     32.000000     31.000000     33.000000     44.000000     57.000000     41.000000     72.000000     55.000000     46.000000    -13.000000      1.000000    114.000000    146.000000    148.000000     25.000000     50.000000     22.000000     22.000000     23.000000     19.000000      2.000000     13.000000     10.000000     25.000000      2.000000     26.000000     29.000000     39.000000     79.000000     42.000000     38.000000     50.000000     81.000000     90.000000    151.000000    158.000000    131.000000    143.000000    128.000000    262.000000    276.000000     96.000000     90.000000     65.000000    247.000000     59.000000     35.000000     31.000000     72.000000     46.000000     34.000000     54.000000     28.000000    140.000000    115.000000    477.000000    158.000000    229.000000     62.000000     56.000000     83.000000    113.000000     80.000000    114.000000     87.000000    105.000000     26.000000     33.000000     80.000000     79.000000    139.000000    265.000000   4056.000000   4394.000000    265.000000    188.000000    159.000000    162.000000     98.000000    145.000000    197.000000    205.000000    393.000000    514.000000    616.000000    414.000000    118.000000    122.000000    248.000000    326.000000    246.000000    214.000000    162.000000    138.000000    359.000000    347.000000    113.000000     87.000000     51.000000     87.000000     37.000000     52.000000     17.000000     34.000000     55.000000     30.000000
   785.590576    354.000000    267.000000    294.000000    281.000000    277.000000    252.000000    366.000000    472.000000    459.000000    457.000000    494.000000    317.000000    272.000000    282.000000    317.000000    475.000000    464.000000   1397.000000    232.000000    186.000000    163.000000     85.000000    364.000000    142.000000    105.000000    201.000000    612.000000    380.000000    438.000000    521.000000     63.000000     25.000000    146.000000    159.000000    151.000000     41.000000    144.000000    102.000000     81.000000     28.000000     18.000000     29.000000     43.000000     54.000000     52.000000     48.000000     59.000000     46.000000     25.000000     10.000000      0.000000    100.000000    158.000000    151.000000     29.000000     52.000000     24.000000     19.000000     24.000000      5.000000      0.000000      9.000000     12.000000     23.000000     25.000000     13.000000     34.000000     66.000000     84.000000     47.000000     47.000000     64.000000     71.000000     80.000000    168.000000    140.000000    135.000000    146.000000    136.000000    282.000000    278.000000     99.000000     96.000000     85.000000    251.000000     56.000000     35.000000     60.000000     98.000000     65.000000     23.000000     46.000000     33.000000    120.000000    143.000000    422.000000    138.000000    198.000000     85.000000     48.000000    111.000000     99.000000     99.000000     96.000000     65.000000     82.000000     63.000000     40.000000     73.000000     81.000000    146.000000    245.000000   4176.000000   4238.000000    299.000000    186.000000    185.000000    168.000000     69.000000    105.000000    259.000000    199.000000    378.000000    495.000000    584.000000    375.000000    109.000000    101.000000    273.000000    348.000000    309.000000    239.000000    161.000000    107.000000    319.000000    388.000000    100.000000     85.000000     61.000000     61.000000     49.000000     31.000000     13.000000     20.000000     33.000000     31.000000
   786.932495    342.000000    303.000000    274.000000    287.000000    282.000000    254.000000    316.000000    466.000000    416.000000    420.000000    450.000000    268.000000    261.000000    263.000000    262.000000    552.000000    436.000000   1376.000000    257.000000    148.000000    156.000000     79.000000    332.000000    145.000000     78.000000    205.000000    594.000000    393.000000    372.000000    461.000000     48.000000     29.000000    157.000000    142.000000    116.000000     34.000000    148.000000    108.000000     79.000000      3.000000     14.000000      6.000000     48.000000     50.000000     50.000000     37.000000     52.000000     37.000000     33.000000     18.000000     -3.000000    117.000000    140.000000    150.000000     18.000000     39.000000     26.000000     39.000000     21.000000     14.000000     26.000000     22.000000     26.000000     10.000000     12.000000     14.000000     17.000000     42.000000     76.000000     41.000000     29.000000     50.000000     55.000000     96.000000    130.000000    183.000000    127.000000    109.000000    154.000000    263.000000    262.000000     96.000000     96.000000    103.000000    248.000000     49.000000     74.000000     59.000000     59.000000     35.000000     35.000000     26.000000     25.000000    128.000000    129.000000    401.000000    158.000000    218.000000     41.000000     33.000000     77.000000     82.000000     91.000000    102.000000     37.000000     82.000000     53.000000     28.000000     50.000000     74.000000    162.000000    222.000000   4045.000000   4307.000000    279.000000    148.000000    188.000000    157.000000    100.000000    132.000000    212.000000    173.000000    365.000000    449.000000    598.000000    440.000000    108.000000    107.000000    228.000000    278.000000    255.000000    213.000000    154.000000    117.000000    301.000000    340.000000    111.000000     75.000000     66.000000     58.000000     39.000000     65.000000     11.000000     43.000000     29.000000      9.000000
   788.274780    335.000000    255.000000    285.000000    295.000000    268.000000    217.000000    259.000000    400.000000    443.000000    396.000000    485.000000    298.000000    245.000000    275.000000    282.000000    517.000000    413.000000   1342.000000    268.000000    164.000000    156.000000    103.000000    328.000000    146.000000     95.000000    228.000000    598.000000    402.000000    402.000000    514.000000     62.000000     52.000000    141.000000    154.000000    143.000000     24.000000    137.000000    101.000000     75.000000    -10.000000     18.000000     27.000000     50.000000     39.000000     48.000000     49.000000     64.000000     33.000000     35.000000      5.000000      9.000000    104.000000    126.000000    156.000000     29.000000     54.000000     45.000000     22.000000      9.000000     17.000000     33.000000     23.000000      5.000000     13.000000     18.000000     43.000000     38.000000     52.000000     79.000000     51.000000     56.000000     64.000000     85.000000     75.000000    165.000000    167.000000    140.000000    138.000000    131.000000    251.000000    268.000000    103.000000     84.000000     68.000000    260.000000     67.000000     73.000000     45.000000     56.000000     52.000000     31.000000     58.000000     15.000000    145.000000    110.000000    383.000000    146.000000    190.000000     54.000000     36.000000     78.000000     88.000000     90.000000     86.000000     56.000000     86.000000     44.000000     27.000000     49.000000     73.000000    151.000000    200.000000   4019.000000   4238.000000    269.000000    164.000000    195.000000    162.000000    106.000000    133.000000    218.000000    188.000000    304.000000    524.000000    578.000000    412.000000    118.000000     83.000000    250.000000    296.000000    227.000000    166.000000    138.000000    142.000000    257.000000    317.000000    111.000000     58.000000     52.000000     66.000000     67.000000     58.000000     32.000000     44.000000     24.000000     33.000000
   789.617615    316.000000    293.000000    275.000000    273.000000    244.000000    234.000000    328.000000    413.000000    444.000000    411.000000    431.000000    305.000000    270.000000    234.000000    227.000000    546.000000    421.000000   1433.000000    279.000000    167.000000    140.000000     91.000000    324.000000    163.000000    116.000000    185.000000    570.000000    413.000000    362.000000    464.000000     77.000000     41.000000    180.000000    143.000000    125.000000     26.000000    129.000000    115.000000     74.000000      8.000000     10.000000     18.000000     50.000000     45.000000     49.000000     39.000000     49.000000     39.000000     30.000000      3.000000      8.000000    129.000000    116.000000    174.000000     27.000000     49.000000     44.000000     30.000000     23.000000     10.000000     23.000000     14.000000     12.000000     31.000000     31.000000     24.000000     36.000000     41.000000     52.000000     64.000000     44.000000     53.000000     69.000000     63.000000    149.000000    157.000000    109.000000    121.000000    127.000000    226.000000    271.000000     85.000000     77.000000     99.000000    272.000000     50.000000     48.000000     42.000000     42.000000     44.000000     20.000000     51.000000     25.000000    141.000000    131.000000    394.000000    150.000000    192.000000     60.000000     70.000000     81.000000    100.000000    104.000000     77.000000     62.000000     90.000000     31.000000     23.000000     68.000000     73.000000    121.000000    252.000000   3755.000000   4215.000000    278.000000    167.000000    185.000000    143.000000    117.000000    112.000000    193.000000    204.000000    367.000000    435.000000    569.000000    438.000000    114.000000    111.000000    235.000000    282.000000    277.000000    198.000000    121.000000     84.000000    297.000000    312.000000     93.000000     80.000000     59.000000     41.000000     54.000000     48.000000     24.000000     25.000000     24.000000     28.000000
   790.960876    336.000000    268.000000    260.000000    273.000000    283.000000    226.000000    297.000000    417.000000    372.000000    390.000000    391.000000    286.000000    274.000000    226.000000    222.000000    533.000000    438.000000   1356.000000    268.000000    183.000000    162.000000     89.000000    306.000000    150.000000    103.000000    178.000000    599.000000    359.000000    396.000000    471.000000     62.000000     41.000000    148.000000    134.000000    130.000000     23.000000    124.000000    108.000000     77.000000     27.000000      7.000000      6.000000     38.000000     36.000000     21.000000     26.000000     40.000000     43.000000     41.000000      4.000000     16.000000     88.000000    109.000000    122.000000     49.000000     61.000000     34.000000     30.000000     24.000000     26.000000      7.000000      5.000000     27.000000     17.000000     22.000000     25.000000     11.000000     24.000000     48.000000     31.000000     18.000000     34.000000     74.000000     91.000000    143.000000    192.000000    114.000000    109.000000    116.000000    242.000000    260.000000     94.000000     84.000000     68.000000    250.000000     65.000000     39.000000     54.000000     51.000000     44.000000     22.000000     39.000000     18.000000    140.000000    139.000000    389.000000    150.000000    180.000000     57.000000     42.000000     74.000000     79.000000     88.000000     72.000000     60.000000     87.000000     45.000000     34.000000     52.000000     72.000000    147.000000    234.000000   3726.000000   4027.000000    236.000000    183.000000    146.000000    118.000000    104.000000     97.000000    220.000000    181.000000    342.000000    453.000000    565.000000    392.000000    107.000000     92.000000    182.000000    274.000000    240.000000    218.000000    152.000000    101.000000    286.000000    310.000000     98.000000     65.000000     39.000000     32.000000     36.000000     52.000000      4.000000     55.000000     24.000000     32.000000
   792.304626    291.000000    289.000000    247.000000    277.000000    251.000000    226.000000    298.000000    417.000000    375.000000    390.000000    411.000000    243.000000    252.000000    241.000000    249.000000    493.000000    423.000000   1341.000000    299.000000    107.000000    163.000000     83.000000    305.000000    152.000000     70.000000    213.000000    544.000000    377.000000    368.000000    472.000000     68.000000     23.000000    158.000000    145.000000    126.000000      3.000000    107.000000     61.000000     62.000000     11.000000      6.000000     22.000000     47.000000     40.000000     58.000000     29.000000     54.000000     46.000000     40.000000      7.000000      9.000000    136.000000    112.000000    130.000000     32.000000     52.000000     32.000000     13.000000     16.000000     31.000000     14.000000     15.000000      7.000000     27.000000     14.000000     20.000000     19.000000     27.000000     40.000000     40.000000     23.000000     44.000000     72.000000     81.000000    135.000000    151.000000    115.000000    123.000000    155.000000    212.000000    216.000000     81.000000     82.000000     78.000000    233.000000     62.000000     40.000000     42.000000     52.000000     50.000000     21.000000     33.000000      7.000000    136.000000    110.000000    393.000000    132.000000    196.000000     51.000000     59.000000     96.000000     57.000000    104.000000    109.000000     40.000000    103.000000     24.000000     34.000000     63.000000     68.000000    126.000000    239.000000   3680.000000   3938.000000    261.000000    107.000000    161.000000    162.000000     89.000000     92.000000    222.000000    186.000000    361.000000    457.000000    563.000000    386.000000    115.000000    108.000000    233.000000    308.000000    241.000000    196.000000    117.000000    118.000000    281.000000    299.000000    107.000000     64.000000     25.000000     48.000000     63.000000     48.000000     11.000000     48.000000     32.000000     19.000000
   793.648926    311.000000    263.000000    244.000000    254.000000    259.000000    195.000000    279.000000    399.000000    379.000000    354.000000    446.000000    292.000000    276.000000    249.000000    239.000000    444.000000    439.000000   1291.000000    238.000000    149.000000    132.000000     84.000000    340.000000    158.000000     83.000000    204.000000    572.000000    363.000000    349.000000    448.000000     57.000000     24.000000    133.000000    129.000000    138.000000     27.000000    116.000000    101.000000     69.000000     -4.000000     23.000000     19.000000     47.000000     38.000000     42.000000     26.000000     49.000000     65.000000     37.000000     -1.000000     12.000000     89.000000    110.000000    193.000000     49.000000     61.000000     22.000000     21.000000     15.000000     10.000000     28.000000     23.000000     18.000000     11.000000     15.000000     30.000000     34.000000     44.000000     86.000000     29.000000     27.000000     39.000000     70.000000     88.000000    138.000000    147.000000    117.000000    125.000000    137.000000    213.000000    230.000000    107.000000     70.000000     61.000000    234.000000     37.000000     44.000000     27.000000     30.000000     48.000000     32.000000     59.000000     17.000000    135.000000    145.000000    375.000000    128.000000    181.000000     66.000000     50.000000     86.000000     63.000000     80.000000    104.000000     58.000000     88.000000     25.000000     51.000000     34.000000     69.000000    123.000000    238.000000   3574.000000   3857.000000    248.000000    149.000000    160.000000    112.000000     71.000000     67.000000    195.000000    174.000000    354.000000    454.000000    547.000000    399.000000    110.000000     90.000000    224.000000    279.000000    237.000000    193.000000    136.000000    102.000000    309.000000    316.000000     82.000000     62.000000     68.000000     54.000000     37.000000     57.000000     27.000000     53.000000     23.000000     27.000000
   794.993591    290.000000    244.000000    263.000000    287.000000    257.000000    212.000000    268.000000    394.000000    412.000000    375.000000    388.000000    237.000000    268.000000    207.000000    223.000000    513.000000    418.000000   1242.000000    268.000000    116.000000    115.000000     77.000000    323.000000    136.000000     52.000000    171.000000    517.000000    355.000000    333.000000    414.000000     58.000000     28.000000    126.000000    134.000000    134.000000     34.000000    113.000000     87.000000     67.000000     13.000000     11.000000     20.000000     50.000000     22.000000     30.000000     43.000000     37.000000     57.000000     22.000000     -5.000000     -4.000000    128.000000    105.000000    117.000000     29.000000     38.000000     46.000000     33.000000     31.000000     26.000000     18.000000     16.000000     -9.000000     21.000000     26.000000     13.000000     31.000000     47.000000     55.000000     34.000000     34.000000     39.000000     60.000000     72.000000    133.000000    168.000000    119.000000     76.000000    121.000000    216.000000    239.000000     68.000000     78.000000     49.000000    269.000000     70.000000     35.000000     39.000000     54.000000     48.000000     31.000000     47.000000     20.000000    136.000000    125.000000    360.000000    149.000000    186.000000     64.000000     41.000000     63.000000     73.000000     82.000000    100.000000     44.000000     65.000000     38.000000     13.000000     31.000000     69.000000    141.000000    239.000000   3572.000000   3824.000000    277.000000    116.000000    168.000000    142.000000     47.000000     90.000000    220.000000    157.000000    316.000000    455.000000    562.000000    373.000000    113.000000    111.000000    203.000000    284.000000    222.000000    207.000000    153.000000     60.000000    268.000000    291.000000     88.000000     36.000000     37.000000     60.000000     37.000000     53.000000     12.000000     41.000000     29.000000     36.000000
   796.338806    299.000000    271.000000    219.000000    240.000000    227.000000    202.000000    283.000000    354.000000    422.000000    348.000000    393.000000    246.000000    238.000000    263.000000    244.000000    484.000000    377.000000   1232.000000    242.000000    145.000000    147.000000     79.000000    307.000000    152.000000     76.000000    192.000000    583.000000    345.000000    366.000000    429.000000     43.000000     10.000000    140.000000    112.000000    112.000000     23.000000    126.000000     87.000000     53.000000      9.000000     15.000000     23.000000     59.000000     55.000000     45.000000     43.000000     56.000000     47.000000     34.000000     12.000000      9.000000    106.000000    110.000000    119.000000     29.000000     52.000000     30.000000     30.000000      9.000000     25.000000     13.000000     16.000000     15.000000     27.000000     14.000000     22.000000     10.000000     15.000000     60.000000     27.000000     44.000000     37.000000     38.000000     69.000000    134.000000    139.000000    113.000000    111.000000    122.000000    251.000000    218.000000     60.000000     76.000000     54.000000    216.000000     55.000000     51.000000     41.000000     42.000000     35.000000      1.000000     44.000000     17.000000    116.000000    105.000000    385.000000    157.000000    172.000000     28.000000     24.000000     81.000000     70.000000     93.000000    112.000000     81.000000     79.000000     42.000000     22.000000     50.000000     67.000000    126.000000    245.000000   3550.000000   3796.000000    238.000000    145.000000    160.000000    113.000000     92.000000     97.000000    220.000000    191.000000    321.000000    448.000000    567.000000    368.000000    121.000000     94.000000    211.000000    256.000000    230.000000    188.000000    129.000000     81.000000    260.000000    305.000000     93.000000     59.000000     16.000000     44.000000     48.000000     43.000000     34.000000     22.000000     19.000000     34.000000
   797.684387    244.000000    284.000000    234.000000    254.000000    245.000000    202.000000    274.000000    361.000000    387.000000    399.000000    413.000000    262.000000    219.000000    276.000000    219.000000    485.000000    374.000000   1241.000000    219.000000    158.000000    142.000000     76.000000    303.000000    150.000000     63.000000    187.000000    562.000000    350.000000    343.000000    379.000000     59.000000     28.000000    132.000000    107.000000    116.000000     43.000000    107.000000     86.000000     64.000000     21.000000     21.000000     31.000000     42.000000     53.000000     33.000000     35.000000     73.000000     40.000000     27.000000      8.000000     -4.000000     88.000000     97.000000    145.000000     43.000000     73.000000     54.000000     14.000000     20.000000     18.000000     18.000000     17.000000      4.000000     13.000000      6.000000     18.000000     13.000000     37.000000     76.000000     47.000000     17.000000     36.000000     86.000000     92.000000    121.000000    155.000000    126.000000    103.000000    141.000000    198.000000    238.000000     78.000000     76.000000     72.000000    221.000000     61.000000     57.000000     51.000000     61.000000     45.000000     29.000000     38.000000     10.000000    102.000000    113.000000    305.000000    114.000000    210.000000     50.000000     39.000000     66.000000     72.000000     96.000000     84.000000     70.000000     88.000000     43.000000     27.000000     71.000000     60.000000    123.000000    240.000000   3495.000000   3793.000000    234.000000    158.000000    127.000000    137.000000     67.000000     85.000000    190.000000    190.000000    267.000000    409.000000    560.000000    378.000000     83.000000     86.000000    216.000000    295.000000    227.000000    181.000000    160.000000     98.000000    251.000000    266.000000     99.000000     64.000000     46.000000     36.000000     51.000000     86.000000     26.000000     40.000000     27.000000     18.000000
   799.030579    282.000000    218.000000    222.000000    237.000000    231.000000    201.000000    281.000000    396.000000    382.000000    373.000000    402.000000    268.000000    240.000000    206.000000    240.000000    433.000000    425.000000   1251.000000    235.000000    155.000000    134.000000     77.000000    311.000000    145.000000     87.000000    190.000000    576.000000    361.000000    312.000000    413.000000     42.000000     26.000000    127.000000    132.000000    122.000000     22.000000    120.000000     89.000000     65.000000     20.000000     30.000000     26.000000     32.000000     54.000000     34.000000     35.000000     39.000000     43.000000     45.000000      9.000000     -6.000000    105.000000     96.000000    158.000000     28.000000     55.000000     36.000000     17.000000     29.000000      5.000000     14.000000     16.000000     14.000000     23.000000     14.000000     20.000000      3.000000     18.000000     44.000000     27.000000     27.000000     30.000000     50.000000     63.000000    144.000000    158.000000    103.000000     95.000000    142.000000    190.000000    233.000000     70.000000     71.000000     59.000000    213.000000     82.000000     64.000000     28.000000     54.000000     27.000000     23.000000     42.000000      9.000000    124.000000     94.000000    316.000000    139.000000    207.000000     38.000000     43.000000     75.000000     47.000000     72.000000     86.000000     56.000000     84.000000     52.000000     29.000000     63.000000     58.000000    100.000000    228.000000   3308.000000   3706.000000    261.000000    155.000000    160.000000    126.000000     84.000000     92.000000    225.000000    184.000000    313.000000    391.000000    492.000000    369.000000    113.000000     81.000000    211.000000    273.000000    179.000000    170.000000    101.000000    114.000000    273.000000    270.000000     89.000000     51.000000     25.000000     11.000000     49.000000     51.000000     34.000000     18.000000     29.000000      7.000000
   800.377319    215.000000    251.000000    243.000000    227.000000    243.000000    186.000000    258.000000    383.000000    374.000000    363.000000    420.000000    247.000000    240.000000    231.000000    260.000000    374.000000    412.000000   1236.000000    235.000000    117.000000    120.000000     80.000000    301.000000    149.000000     64.000000    165.000000    527.000000    288.000000    349.000000    380.000000     55.000000     28.000000    123.000000    146.000000    121.000000     23.000000    118.000000     90.000000     77.000000     14.000000     12.000000     18.000000     35.000000     22.000000     36.000000     47.000000     46.000000     39.000000     32.000000     11.000000      9.000000    112.000000    100.000000    142.000000     31.000000     67.000000     33.000000     24.000000     23.000000     -9.000000    -11.000000     12.000000    -10.000000      0.000000     22.000000      5.000000     17.000000     20.000000     45.000000     40.000000     27.000000     32.000000     64.000000     82.000000    127.000000    144.000000    108.000000    114.000000    117.000000    202.000000    251.000000     62.000000     78.000000     83.000000    231.000000     55.000000     52.000000     47.000000     48.000000     32.000000     17.000000     33.000000     -6.000000    111.000000    108.000000    326.000000    158.000000    210.000000     79.000000     18.000000     90.000000     44.000000     76.000000    102.000000     56.000000     75.000000     43.000000     30.000000     58.000000     48.000000    103.000000    241.000000   3357.000000   3579.000000    225.000000    117.000000    166.000000    114.000000     72.000000     83.000000    196.000000    170.000000    273.000000    397.000000    499.000000    368.000000     86.000000     91.000000    209.000000    266.000000    248.000000    182.000000    129.000000     88.000000    262.000000    258.000000     89.000000     53.000000     27.000000     29.000000     44.000000     65.000000     36.000000     39.000000     44.000000     20.000000
   801.724426    256.000000    222.000000    219.000000    206.000000    214.000000    180.000000    267.000000    377.000000    353.000000    369.000000    383.000000    272.000000    247.000000    219.000000    248.000000    484.000000    348.000000   1212.000000    239.000000    139.000000    112.000000     72.000000    278.000000    137.000000     66.000000    160.000000    514.000000    312.000000    332.000000    368.000000     59.000000     54.000000    133.000000    130.000000    129.000000     14.000000    104.000000     94.000000     56.000000    -12.000000      3.000000      5.000000     42.000000      5.000000     49.000000     10.000000     48.000000     32.000000     37.000000     -5.000000      0.000000     79.000000    107.000000    126.000000     15.000000     31.000000     30.000000     25.000000     -3.000000     29.000000      3.000000      6.000000    -13.000000     23.000000     30.000000     33.000000     48.000000     34.000000     54.000000     34.000000     43.000000     59.000000     58.000000     75.000000    128.000000    172.000000     92.000000     92.000000    126.000000    159.000000    195.000000     76.000000     71.000000     72.000000    208.000000     63.000000     33.000000      2.000000     42.000000     37.000000     23.000000     20.000000     -8.000000    109.000000    100.000000    320.000000    130.000000    172.000000     55.000000     50.000000     65.000000     77.000000     78.000000     69.000000     52.000000     71.000000     38.000000     27.000000     47.000000     69.000000    109.000000    242.000000   3417.000000   3641.000000    209.000000    139.000000    134.000000    122.000000     78.000000     85.000000    210.000000    170.000000    302.000000    372.000000    462.000000    364.000000     86.000000    103.000000    204.000000    269.000000    193.000000    221.000000    130.000000     93.000000    251.000000    275.000000     91.000000     65.000000     49.000000     37.000000     41.000000     45.000000      2.000000     32.000000     29.000000     12.000000
   803.072021    274.000000    237.000000    229.000000    221.000000    234.000000    182.000000    229.000000    341.000000    330.000000    327.000000    408.000000    232.000000    248.000000    224.000000    221.000000    411.000000    386.000000   1176.000000    268.000000    139.000000    113.000000     74.000000    249.000000    143.000000     58.000000    181.000000    513.000000    289.000000    330.000000    368.000000     52.000000     23.000000    143.000000    115.000000    127.000000     11.000000     79.000000     82.000000     47.000000      7.000000     11.000000     27.000000     53.000000     51.000000     37.000000     37.000000     45.000000     41.000000     33.000000      8.000000      9.000000     94.000000     88.000000    165.000000     26.000000     49.000000     37.000000     25.000000     -2.000000      0.000000      8.000000     11.000000      5.000000     19.000000     30.000000     39.000000      8.000000     27.000000     37.000000     18.000000     26.000000     38.000000     31.000000     55.000000    130.000000    135.000000     76.000000    108.000000    127.000000    205.000000    233.000000     87.000000     92.000000     59.000000    186.000000     35.000000     51.000000     40.000000     42.000000     63.000000     27.000000     35.000000     12.000000    112.000000    105.000000    314.000000    121.000000    192.000000     43.000000     40.000000     76.000000     73.000000     72.000000     99.000000     71.000000     68.000000     47.000000     38.000000     40.000000     51.000000    121.000000    216.000000   3360.000000   3609.000000    206.000000    139.000000    175.000000    110.000000     75.000000     93.000000    194.000000    129.000000    278.000000    395.000000    452.000000    355.000000     74.000000     95.000000    201.000000    249.000000    207.000000    191.000000    132.000000     92.000000    243.000000    255.000000     93.000000     65.000000     26.000000     45.000000     35.000000     37.000000     20.000000     38.000000     -4.000000     26.000000
   804.419983    277.000000    231.000000    222.000000    201.000000    236.000000    188.000000    274.000000    368.000000    372.000000    324.000000    368.000000    228.000000    240.000000    236.000000    242.000000    403.000000    385.000000   1178.000000    253.000000    141.000000    132.000000     72.000000    274.000000    105.000000     78.000000    138.000000    527.000000    269.000000    335.000000    335.000000     68.000000     36.000000    126.000000     97.000000    139.000000     16.000000     81.000000     90.000000     57.000000     14.000000     27.000000     10.000000     18.000000     36.000000     49.000000     46.000000     37.000000     44.000000     35.000000     -9.000000      0.000000    103.000000     70.000000    129.000000     36.000000     46.000000     16.000000     19.000000      5.000000     29.000000     14.000000     17.000000     -9.000000      6.000000     42.000000     20.000000      5.000000     22.000000     48.000000     30.000000     34.000000     44.000000     53.000000     56.000000    121.000000    151.000000     68.000000     90.000000    112.000000    206.000000    251.000000     67.000000     63.000000     77.000000    181.000000     52.000000     32.000000     49.000000     44.000000     42.000000     14.000000     31.000000     22.000000    111.000000     89.000000    307.000000    134.000000    165.000000     45.000000     37.000000     73.000000     84.000000     58.000000     74.000000     51.000000     91.000000     36.000000     19.000000     57.000000     58.000000    130.000000    250.000000   3232.000000   3553.000000    221.000000    141.000000    134.000000    124.000000     46.000000     88.000000    186.000000    127.000000    275.000000    431.000000    451.000000    329.000000     94.000000     68.000000    192.000000    238.000000    224.000000    185.000000    137.000000     86.000000    238.000000    267.000000     91.000000     74.000000     48.000000     39.000000     52.000000     56.000000      7.000000     25.000000     19.000000     23.000000
   805.768677    239.000000    222.000000    208.000000    194.000000    221.000000    218.000000    263.000000    333.000000    316.000000    306.000000    346.000000    265.000000    246.000000    195.000000    258.000000    452.000000    372.000000   1199.000000    225.000000    120.000000    122.000000     81.000000    269.000000    134.000000     78.000000    157.000000    449.000000    319.000000    291.000000    333.000000     41.000000     31.000000    115.000000     90.000000    114.000000     20.000000     72.000000     99.000000     57.000000     10.000000     34.000000     32.000000      4.000000     53.000000     42.000000     26.000000     33.000000     43.000000     40.000000      7.000000     16.000000     91.000000    101.000000    137.000000     34.000000     42.000000     18.000000     16.000000     26.000000     18.000000     24.000000     13.000000     -2.000000     15.000000     -5.000000     17.000000     29.000000      5.000000     39.000000     26.000000     37.000000     49.000000     46.000000     80.000000    143.000000    139.000000    103.000000     82.000000    128.000000    187.000000    220.000000     49.000000     61.000000     55.000000    188.000000     74.000000     37.000000     36.000000     33.000000     36.000000     17.000000     44.000000     18.000000     85.000000     98.000000    302.000000    129.000000    174.000000     61.000000     35.000000     82.000000     59.000000    102.000000     82.000000     48.000000     60.000000     43.000000     39.000000     51.000000     55.000000    121.000000    212.000000   3212.000000   3448.000000    225.000000    120.000000    130.000000    110.000000     78.000000     99.000000    168.000000    163.000000    285.000000    355.000000    421.000000    314.000000    100.000000     60.000000    182.000000    284.000000    198.000000    157.000000    138.000000    110.000000    244.000000    268.000000     91.000000     73.000000     12.000000     33.000000     33.000000     54.000000     10.000000     31.000000     23.000000     16.000000
   807.117676    257.000000    207.000000    191.000000    217.000000    234.000000    165.000000    223.000000    361.000000    360.000000    360.000000    340.000000    226.000000    235.000000    219.000000    239.000000    433.000000    355.000000   1084.000000    205.000000    134.000000    116.000000     58.000000    219.000000    131.000000     68.000000    175.000000    461.000000    339.000000    281.000000    348.000000     63.000000     25.000000    124.000000    133.000000    120.000000     37.000000     81.000000     60.000000     56.000000     14.000000     18.000000     21.000000     34.000000     31.000000     29.000000     49.000000     44.000000     34.000000     40.000000      4.000000      7.000000     82.000000     78.000000    121.000000     31.000000     55.000000     22.000000     25.000000     17.000000     20.000000     21.000000      9.000000     18.000000     13.000000     13.000000     22.000000     15.000000     36.000000     69.000000     43.000000     46.000000     53.000000     55.000000     54.000000    142.000000    130.000000     89.000000    101.000000    112.000000    190.000000    206.000000     60.000000     77.000000     89.000000    207.000000     61.000000     27.000000     61.000000     58.000000     41.000000     15.000000     37.000000      0.000000     99.000000     86.000000    356.000000    135.000000    195.000000     43.000000     49.000000     67.000000     66.000000     82.000000     83.000000     70.000000     41.000000     35.000000     27.000000     31.000000     44.000000    120.000000    186.000000   3060.000000   3507.000000    223.000000    134.000000    162.000000    147.000000     73.000000     90.000000    212.000000    146.000000    253.000000    400.000000    483.000000    315.000000     79.000000     75.000000    205.000000    222.000000    173.000000    200.000000    133.000000     73.000000    229.000000    237.000000     90.000000     54.000000     51.000000     43.000000     32.000000     50.000000     11.000000     23.000000      9.000000     32.000000
   808.467224    251.000000    229.000000    210.000000    192.000000    236.000000    176.000000    256.000000    333.000000    320.000000    338.000000    366.000000    198.000000    217.000000    197.000000    185.000000    418.000000    357.000000   1085.000000    212.000000    106.000000    114.000000     76.000000    252.000000    135.000000     71.000000    193.000000    456.000000    333.000000    283.000000    369.000000     43.000000     49.000000    117.000000    111.000000    101.000000     -1.000000    101.000000     88.000000     53.000000     14.000000     16.000000     20.000000     38.000000     32.000000     27.000000     35.000000     51.000000     17.000000     20.000000     11.000000     -6.000000     68.000000    116.000000    110.000000     23.000000     28.000000      2.000000     29.000000     18.000000      8.000000     14.000000     -2.000000     -6.000000     26.000000     32.000000     15.000000     23.000000      2.000000     52.000000     39.000000     22.000000     51.000000     62.000000     60.000000    139.000000    145.000000     89.000000     82.000000    136.000000    190.000000    189.000000     72.000000     50.000000     78.000000    181.000000     33.000000     35.000000     51.000000     55.000000     47.000000     17.000000     30.000000     13.000000    116.000000     93.000000    322.000000    122.000000    177.000000     39.000000     39.000000     60.000000     34.000000     64.000000     61.000000     53.000000     74.000000     29.000000     38.000000     41.000000     59.000000     86.000000    186.000000   3022.000000   3359.000000    204.000000    106.000000    159.000000    107.000000     59.000000     98.000000    190.000000    183.000000    272.000000    370.000000    439.000000    307.000000     90.000000     75.000000    199.000000    235.000000    180.000000    180.000000    108.000000     85.000000    219.000000    248.000000     78.000000     63.000000     22.000000     35.000000     42.000000     39.000000     30.000000     15.000000     39.000000     23.000000
   809.817200    251.000000    208.000000    191.000000    170.000000    216.000000    195.000000    259.000000    310.000000    327.000000    324.000000    373.000000    201.000000    189.000000    198.000000    230.000000    389.000000    332.000000   1130.000000    183.000000    113.000000    103.000000     77.000000    253.000000    120.000000     75.000000    160.000000    466.000000    295.000000    304.000000    324.000000     50.000000     36.000000    119.000000     98.000000    140.000000      7.000000    100.000000     58.000000     77.000000     30.000000      8.000000     20.000000     32.000000     11.000000     10.000000      0.000000     30.000000     42.000000     30.000000     -3.000000      3.000000     81.000000    111.000000     95.000000     41.000000     41.000000     39.000000     24.000000     10.000000      3.000000      2.000000     -6.000000      6.000000     40.000000     12.000000     14.000000     14.000000     37.000000     55.000000     35.000000     26.000000     23.000000     29.000000     64.000000    120.000000    152.000000     99.000000     98.000000     97.000000    181.000000    218.000000     73.000000     73.000000     83.000000    181.000000     33.000000     60.000000     58.000000     61.000000     29.000000     12.000000     14.000000     23.000000     89.000000     89.000000    313.000000    111.000000    175.000000     30.000000     34.000000     68.000000     73.000000     56.000000     79.000000     46.000000     65.000000     28.000000     28.000000     56.000000     69.000000    133.000000    189.000000   3014.000000   3253.000000    206.000000    113.000000    157.000000    107.000000     82.000000     87.000000    195.000000    134.000000    223.000000    343.000000    390.000000    332.000000     93.000000     84.000000    208.000000    248.000000    204.000000    201.000000    117.000000     75.000000    229.000000    244.000000     77.000000     70.000000     22.000000     42.000000     38.000000     33.000000     36.000000     34.000000     15.000000     21.000000
   811.167725    229.000000    185.000000    187.000000    192.000000    223.000000    165.000000    255.000000    302.000000    326.000000    318.000000    327.000000    232.000000    211.000000    203.000000    217.000000    357.000000    288.000000   1069.000000    185.000000    107.000000    100.000000     64.000000    241.000000    113.000000     62.000000    151.000000    478.000000    279.000000    256.000000    337.000000     41.000000     38.000000     86.000000    106.000000    103.000000      9.000000    104.000000     66.000000     57.000000     20.000000      9.000000      9.000000     24.000000     30.000000     22.000000     38.000000     47.000000     34.000000     43.000000      2.000000     -3.000000     98.000000     83.000000     97.000000     22.000000     32.000000     19.000000     21.000000     17.000000     15.000000      2.000000    -13.000000     18.000000     12.000000     37.000000     18.000000     31.000000     39.000000     62.000000     44.000000     18.000000     40.000000     76.000000     70.000000    123.000000    143.000000     72.000000     68.000000    102.000000    180.000000    211.000000     92.000000     60.000000     69.000000    212.000000     48.000000     23.000000     70.000000     24.000000     34.000000     20.000000     15.000000     23.000000     89.000000     90.000000    281.000000     91.000000    174.000000     43.000000     69.000000     48.000000     69.000000     50.000000     69.000000     40.000000     24.000000     11.000000     12.000000     36.000000     58.000000     97.000000    199.000000   2991.000000   3105.000000    221.000000    107.000000    108.000000    111.000000     50.000000     84.000000    162.000000    148.000000    282.000000    334.000000    388.000000    303.000000     81.000000     76.000000    209.000000    194.000000    172.000000    196.000000    106.000000     77.000000    228.000000    231.000000     89.000000     81.000000     53.000000     40.000000     22.000000     46.000000      5.000000     20.000000     22.000000     11.000000
   812.518677    198.000000    178.000000    193.000000    177.000000    172.000000    165.000000    221.000000    287.000000    296.000000    289.000000    340.000000    202.000000    200.000000    191.000000    226.000000    350.000000    311.000000   1069.000000    202.000000     91.000000     91.000000     70.000000    230.000000     97.000000     73.000000    160.000000    464.000000    267.000000    275.000000    320.000000     36.000000     40.000000    100.000000     98.000000     91.000000      6.000000     79.000000     52.000000     53.000000      7.000000      1.000000     11.000000     34.000000     28.000000     38.000000     14.000000     21.000000     30.000000     21.000000     12.000000      6.000000     76.000000     79.000000    133.000000     36.000000     46.000000     35.000000     23.000000     -4.000000      0.000000     -6.000000      5.000000     -5.000000      7.000000     23.000000      7.000000     15.000000     26.000000     40.000000     39.000000     39.000000     43.000000     39.000000     57.000000    105.000000     95.000000     52.000000     82.000000    112.000000    188.000000    194.000000     77.000000     71.000000     61.000000    156.000000     62.000000     50.000000     25.000000     39.000000     33.000000     10.000000     24.000000     22.000000     58.000000     75.000000    301.000000    101.000000    181.000000     52.000000     25.000000     49.000000     71.000000     46.000000     82.000000     36.000000     56.000000     34.000000     11.000000     61.000000     49.000000    111.000000    185.000000   2850.000000   3148.000000    176.000000     91.000000    126.000000     91.000000     76.000000     91.000000    162.000000    108.000000    221.000000    308.000000    395.000000    326.000000     61.000000     81.000000    187.000000    231.000000    164.000000    162.000000    105.000000     67.000000    220.000000    232.000000     88.000000     52.000000     36.000000     29.000000     35.000000     45.000000     19.000000     40.000000     30.000000     12.000000
   813.870117    236.000000    198.000000    186.000000    195.000000    176.000000    178.000000    222.000000    296.000000    297.000000    306.000000    316.000000    208.000000    198.000000    172.000000    188.000000    333.000000    300.000000   1028.000000    195.000000    124.000000    106.000000     61.000000    234.000000    106.000000     72.000000    145.000000    421.000000    267.000000    246.000000    305.000000     54.000000     20.000000    117.000000    108.000000    106.000000     10.000000     88.000000     57.000000     48.000000      4.000000      0.000000      6.000000     30.000000     38.000000     39.000000     31.000000     32.000000     36.000000     23.000000     17.000000      4.000000     82.000000     93.000000    105.000000     19.000000     36.000000     13.000000     15.000000     37.000000      5.000000      7.000000      6.000000      6.000000     17.000000     14.000000     27.000000     -6.000000     16.000000     50.000000     22.000000     19.000000     27.000000     55.000000     56.000000    104.000000    128.000000     81.000000     81.000000    122.000000    172.000000    199.000000     79.000000     73.000000     54.000000    151.000000     51.000000     30.000000     61.000000     38.000000     45.000000     17.000000     54.000000     15.000000     96.000000     77.000000    287.000000     94.000000    153.000000     40.000000     25.000000     60.000000     73.000000     63.000000     59.000000     31.000000     31.000000     37.000000     23.000000     56.000000     67.000000    104.000000    161.000000   2787.000000   3065.000000    207.000000    124.000000    132.000000     92.000000     59.000000     76.000000    146.000000    139.000000    233.000000    302.000000    421.000000    271.000000     81.000000     83.000000    178.000000    222.000000    169.000000    165.000000     99.000000     86.000000    216.000000    222.000000     69.000000     58.000000     27.000000     35.000000     37.000000     22.000000     15.000000     28.000000      6.000000     15.000000
   815.221985    182.000000    187.000000    185.000000    180.000000    167.000000    165.000000    202.000000    266.000000    285.000000    294.000000    298.000000    190.000000    209.000000    203.000000    221.000000    331.000000    348.000000   1042.000000    144.000000    107.000000    105.000000     45.000000    233.000000     92.000000     54.000000    151.000000    413.000000    282.000000    251.000000    332.000000     17.000000     39.000000     96.000000    100.000000     84.000000      6.000000     69.000000     63.000000     59.000000     10.000000      5.000000     30.000000     13.000000     52.000000     31.000000     26.000000     49.000000     38.000000     10.000000     -2.000000      7.000000     42.000000     61.000000    112.000000     27.000000     50.000000     10.000000      8.000000     -6.000000     -1.000000     -4.000000      1.000000     16.000000     18.000000     18.000000      4.000000     19.000000     32.000000     58.000000     43.000000     36.000000     29.000000     51.000000     59.000000    121.000000    144.000000     80.000000     66.000000     93.000000    177.000000    200.000000     64.000000     67.000000     44.000000    175.000000     46.000000     37.000000     39.000000     50.000000     18.000000     20.000000     40.000000     14.000000     78.000000     74.000000    260.000000     73.000000    145.000000     49.000000     33.000000     67.000000     67.000000     54.000000     57.000000     44.000000     46.000000     41.000000     18.000000     38.000000     45.000000    115.000000    186.000000   2704.000000   2976.000000    190.000000    107.000000    121.000000     87.000000     52.000000     81.000000    185.000000    109.000000    229.000000    288.000000    373.000000    276.000000     81.000000     67.000000    192.000000    218.000000    159.000000    129.000000    108.000000     86.000000    213.000000    221.000000     77.000000     45.000000     31.000000     48.000000     39.000000     41.000000     23.000000     28.000000     46.000000     12.000000
   816.574402    208.000000    175.000000    178.000000    167.000000    153.000000    149.000000    220.000000    249.000000    266.000000    285.000000    303.000000    193.000000    191.000000    173.000000    178.000000    316.000000    340.000000    924.000000    192.000000    124.000000    113.000000     62.000000    218.000000    130.000000     64.000000    101.000000    409.000000    262.000000    261.000000    276.000000     51.000000     35.000000     97.000000     97.000000    117.000000     19.000000     80.000000     73.000000     57.000000     -8.000000      8.000000     13.000000     18.000000     39.000000     38.000000     25.000000     45.000000     34.000000     24.000000     -1.000000     -7.000000     53.000000     59.000000    112.000000     24.000000     18.000000     23.000000     14.000000     30.000000     25.000000      6.000000      0.000000      9.000000     18.000000     11.000000     19.000000     29.000000     17.000000     49.000000     32.000000     13.000000     28.000000     36.000000     47.000000    100.000000    108.000000     94.000000     73.000000     96.000000    198.000000    184.000000     61.000000     85.000000     66.000000    158.000000     65.000000     44.000000      4.000000     50.000000     38.000000     23.000000     34.000000     18.000000     89.000000     83.000000    238.000000     97.000000    149.000000     49.000000     41.000000     60.000000     56.000000     64.000000     77.000000     44.000000     46.000000     28.000000     30.000000     51.000000     60.000000    101.000000    153.000000   2636.000000   2907.000000    181.000000    124.000000    118.000000     88.000000     61.000000     87.000000    155.000000    129.000000    211.000000    287.000000    343.000000    288.000000     65.000000     78.000000    176.000000    225.000000    145.000000    136.000000     98.000000     91.000000    183.000000    231.000000    100.000000     68.000000     40.000000     41.000000     40.000000     45.000000      8.000000     27.000000     22.000000     18.000000
   817.927185    177.000000    170.000000    193.000000    181.000000    180.000000    134.000000    237.000000    292.000000    285.000000    271.000000    292.000000    172.000000    205.000000    179.000000    201.000000    291.000000    308.000000    915.000000    146.000000    124.000000    114.000000     70.000000    215.000000    130.000000     72.000000    156.000000    391.000000    258.000000    257.000000    289.000000     37.000000     39.000000    100.000000    109.000000    135.000000     14.000000     75.000000     60.000000     59.000000     12.000000      1.000000     16.000000     18.000000     54.000000     36.000000     28.000000     31.000000     29.000000     53.000000      2.000000     -7.000000     42.000000     75.000000    111.000000     16.000000     49.000000     28.000000     28.000000     -4.000000      4.000000      5.000000      0.000000    -15.000000     14.000000     12.000000     18.000000      7.000000     19.000000     41.000000     34.000000     23.000000     29.000000     66.000000     53.000000    111.000000     99.000000     79.000000     81.000000     88.000000    161.000000    219.000000     55.000000     55.000000     83.000000    155.000000     45.000000     32.000000     30.000000     28.000000     31.000000     28.000000     40.000000      6.000000     95.000000     86.000000    251.000000     88.000000    136.000000     32.000000     40.000000     58.000000     74.000000     65.000000     86.000000     28.000000     44.000000     25.000000     21.000000     64.000000     63.000000     85.000000    151.000000   2636.000000   2911.000000    195.000000    124.000000    110.000000     85.000000     58.000000     80.000000    154.000000    130.000000    217.000000    284.000000    361.000000    254.000000     73.000000     70.000000    198.000000    220.000000    165.000000    139.000000    116.000000     80.000000    208.000000    207.000000     98.000000     57.000000     42.000000     47.000000     31.000000     48.000000     11.000000     15.000000     21.000000     12.000000
   819.280579    199.000000    164.000000    172.000000    189.000000    166.000000    150.000000    241.000000    273.000000    282.000000    274.000000    264.000000    170.000000    187.000000    193.000000    152.000000    299.000000    276.000000    977.000000    191.000000    100.000000    113.000000     61.000000    200.000000     77.000000     56.000000    138.000000    402.000000    245.000000    224.000000    289.000000     63.000000     35.000000     88.000000     84.000000    108.000000      7.000000     67.000000     64.000000     29.000000     14.000000      4.000000     13.000000     30.000000      7.000000     24.000000     15.000000     25.000000     21.000000      5.000000     -8.000000     12.000000     84.000000     68.000000     83.000000     12.000000     39.000000     17.000000      7.000000      5.000000      7.000000      6.000000      2.000000     -7.000000     10.000000      0.000000      8.000000     10.000000     16.000000     41.000000     26.000000     27.000000     46.000000     60.000000     50.000000    102.000000    107.000000     71.000000     84.000000    100.000000    187.000000    189.000000     78.000000     69.000000     74.000000    179.000000     36.000000     49.000000     32.000000     32.000000     55.000000     19.000000     33.000000     27.000000     79.000000     78.000000    246.000000     77.000000    171.000000     33.000000     41.000000     44.000000     59.000000     62.000000     69.000000     48.000000     69.000000     18.000000     22.000000     50.000000     39.000000     87.000000    161.000000   2662.000000   2847.000000    171.000000    100.000000    153.000000     84.000000     48.000000     53.000000    158.000000    136.000000    230.000000    332.000000    365.000000    223.000000     65.000000     38.000000    185.000000    213.000000    155.000000    149.000000    107.000000     76.000000    175.000000    192.000000     82.000000     46.000000     14.000000     12.000000     30.000000     43.000000      9.000000     19.000000     23.000000     26.000000
   820.634521    198.000000    186.000000    160.000000    167.000000    171.000000    165.000000    224.000000    258.000000    212.000000    279.000000    309.000000    165.000000    175.000000    164.000000    185.000000    308.000000    306.000000    945.000000    155.000000    106.000000     67.000000     60.000000    197.000000     87.000000     49.000000    138.000000    395.000000    229.000000    225.000000    283.000000     44.000000     40.000000     81.000000    109.000000    104.000000     11.000000     93.000000     51.000000     51.000000     -4.000000     23.000000      2.000000     34.000000     37.000000     34.000000     22.000000     29.000000     21.000000     32.000000    -11.000000      0.000000     75.000000     70.000000    129.000000     25.000000     29.000000     11.000000     20.000000     24.000000     -5.000000      2.000000     16.000000     -1.000000     24.000000     16.000000      1.000000     -3.000000     41.000000     28.000000     15.000000     14.000000     24.000000     26.000000     45.000000     98.000000    110.000000     69.000000     63.000000     94.000000    149.000000    159.000000     54.000000     68.000000     41.000000    135.000000     36.000000     46.000000     32.000000     43.000000     45.000000      5.000000     30.000000      2.000000     52.000000     42.000000    253.000000     84.000000    116.000000     35.000000     45.000000     79.000000     44.000000     67.000000     82.000000     62.000000     64.000000     25.000000      9.000000     35.000000     30.000000     94.000000    175.000000   2529.000000   2880.000000    164.000000    106.000000    104.000000     86.000000     67.000000     64.000000    149.000000    106.000000    207.000000    259.000000    313.000000    241.000000     73.000000     65.000000    164.000000    172.000000    162.000000    163.000000     96.000000     86.000000    215.000000    205.000000     79.000000     51.000000     14.000000     35.000000     25.000000     37.000000     14.000000     14.000000     17.000000     23.000000
   821.988770    202.000000    170.000000    147.000000    184.000000    139.000000    157.000000    226.000000    278.000000    272.000000    273.000000    332.000000    179.000000    154.000000    156.000000    188.000000    338.000000    270.000000    911.000000    164.000000    115.000000     99.000000     48.000000    227.000000    102.000000     59.000000    144.000000    387.000000    222.000000    249.000000    271.000000     35.000000     29.000000    106.000000     92.000000     97.000000     31.000000     67.000000     71.000000     35.000000     17.000000      6.000000     13.000000     39.000000     27.000000     28.000000     17.000000     22.000000     43.000000     32.000000     -3.000000     12.000000     72.000000     52.000000     82.000000     15.000000     24.000000     11.000000      6.000000      2.000000     19.000000     -1.000000     11.000000     -7.000000     23.000000      3.000000      6.000000      1.000000     32.000000     43.000000     31.000000     24.000000     34.000000     37.000000     59.000000    108.000000    131.000000     84.000000     70.000000    109.000000    148.000000    161.000000     58.000000     46.000000     67.000000    152.000000     37.000000     29.000000     23.000000     44.000000     37.000000      8.000000     31.000000     18.000000     61.000000     57.000000    239.000000     85.000000    134.000000     20.000000     37.000000     37.000000     61.000000     57.000000     56.000000     55.000000     54.000000     36.000000     25.000000     60.000000     49.000000     91.000000    188.000000   2496.000000   2852.000000    154.000000    115.000000    123.000000     86.000000     53.000000     50.000000    138.000000    108.000000    217.000000    290.000000    290.000000    267.000000     75.000000     77.000000    151.000000    188.000000    160.000000    147.000000     92.000000     56.000000    195.000000    200.000000     70.000000     41.000000      8.000000     22.000000     16.000000     25.000000      5.000000     32.000000     27.000000     29.000000
   823.343628    200.000000    154.000000    186.000000    166.000000    139.000000    149.000000    194.000000    262.000000    255.000000    260.000000    321.000000    139.000000    170.000000    159.000000    182.000000    296.000000    261.000000    910.000000    169.000000    106.000000     98.000000     69.000000    226.000000     87.000000     63.000000    108.000000    378.000000    234.000000    224.000000    290.000000     28.000000     30.000000     83.000000     88.000000    109.000000     35.000000     66.000000     63.000000     42.000000     27.000000      8.000000      4.000000     21.000000     20.000000     35.000000     36.000000     25.000000     35.000000     53.000000     -4.000000      5.000000     69.000000     53.000000     94.000000      7.000000     47.000000     29.000000     10.000000      9.000000     22.000000      5.000000      4.000000     25.000000     29.000000      7.000000     20.000000      2.000000      6.000000     34.000000     24.000000     27.000000     29.000000     39.000000     49.000000    100.000000     88.000000     81.000000     67.000000     82.000000    155.000000    163.000000     56.000000     41.000000     42.000000    121.000000     33.000000     42.000000     44.000000     24.000000     28.000000     16.000000     30.000000     10.000000     60.000000     69.000000    213.000000     61.000000    116.000000     25.000000     45.000000     42.000000     63.000000     75.000000     71.000000     47.000000     42.000000     45.000000     16.000000     52.000000     59.000000     76.000000    167.000000   2585.000000   2768.000000    152.000000    106.000000    126.000000     56.000000     51.000000     65.000000    142.000000    121.000000    174.000000    266.000000    299.000000    228.000000     50.000000     70.000000    181.000000    237.000000    169.000000    127.000000     87.000000     98.000000    202.000000    240.000000     52.000000     31.000000     35.000000     29.000000     15.000000     23.000000      6.000000     44.000000     28.000000     11.000000
   824.698914    197.000000    173.000000    151.000000    143.000000    168.000000    142.000000    208.000000    253.000000    249.000000    244.000000    275.000000    174.000000    148.000000    158.000000    178.000000    319.000000    263.000000    903.000000    204.000000     72.000000     94.000000     76.000000    241.000000    104.000000     60.000000    130.000000    388.000000    238.000000    229.000000    255.000000     30.000000     33.000000     85.000000     69.000000    104.000000     26.000000     75.000000     59.000000     47.000000     19.000000     25.000000     25.000000     18.000000     32.000000     49.000000     30.000000     52.000000     26.000000     17.000000     -7.000000      5.000000     63.000000     79.000000    116.000000     21.000000     26.000000     21.000000     24.000000     -1.000000    -11.000000      6.000000     11.000000      3.000000     -2.000000     17.000000      9.000000     13.000000     30.000000     29.000000     32.000000     12.000000     22.000000     43.000000     67.000000     66.000000     96.000000     79.000000     67.000000     73.000000    160.000000    175.000000     64.000000     69.000000     41.000000    148.000000     48.000000     32.000000     43.000000     28.000000     40.000000      3.000000     29.000000     20.000000    111.000000     83.000000    195.000000     64.000000    135.000000     15.000000     29.000000     49.000000     23.000000     75.000000     58.000000     39.000000     39.000000     32.000000      7.000000      1.000000     38.000000     71.000000    142.000000   2397.000000   2733.000000    173.000000     72.000000    112.000000    103.000000     51.000000     56.000000    169.000000    116.000000    213.000000    279.000000    312.000000    252.000000     75.000000     60.000000    168.000000    205.000000    134.000000    114.000000     83.000000     66.000000    169.000000    180.000000     64.000000     58.000000     24.000000     40.000000      4.000000     21.000000     21.000000     28.000000     34.000000      8.000000
   826.054626    198.000000    117.000000    128.000000    186.000000    134.000000    116.000000    188.000000    261.000000    270.000000    255.000000    267.000000    181.000000    141.000000    169.000000    208.000000    320.000000    296.000000    879.000000    163.000000     95.000000    106.000000     49.000000    234.000000     99.000000     70.000000    122.000000    377.000000    214.000000    181.000000    274.000000     51.000000     15.000000     93.000000     94.000000    106.000000     28.000000    100.000000     63.000000     54.000000     15.000000     16.000000     18.000000     28.000000     27.000000     24.000000     26.000000     37.000000     50.000000     18.000000      2.000000      5.000000     89.000000     59.000000     91.000000     23.000000     44.000000     12.000000     28.000000     10.000000      9.000000      2.000000     10.000000     13.000000     -7.000000      5.000000      7.000000     32.000000      4.000000     27.000000     25.000000     23.000000     40.000000     58.000000     45.000000     74.000000     80.000000     80.000000     82.000000     82.000000    173.000000    143.000000     63.000000     59.000000     54.000000    142.000000     39.000000     21.000000     35.000000     37.000000     30.000000     18.000000     39.000000     -5.000000     76.000000     73.000000    208.000000     94.000000    120.000000     29.000000     28.000000     28.000000     73.000000     52.000000     66.000000     47.000000     48.000000     50.000000      5.000000     42.000000     46.000000     92.000000    173.000000   2441.000000   2657.000000    167.000000     95.000000    117.000000     97.000000     60.000000     40.000000    149.000000    113.000000    210.000000    241.000000    321.000000    252.000000     84.000000     63.000000    145.000000    185.000000    137.000000    108.000000     89.000000     51.000000    169.000000    194.000000     70.000000     52.000000     33.000000     11.000000     15.000000     35.000000     11.000000     18.000000     19.000000      8.000000
   827.410889    185.000000    166.000000    155.000000    177.000000    161.000000    126.000000    180.000000    281.000000    289.000000    264.000000    302.000000    158.000000    198.000000    163.000000    191.000000    259.000000    267.000000    898.000000    175.000000     83.000000     93.000000     50.000000    193.000000    107.000000     55.000000    115.000000    392.000000    234.000000    190.000000    303.000000     19.000000     37.000000    108.000000     89.000000     62.000000     13.000000     65.000000     52.000000     56.000000     -3.000000     18.000000     20.000000     34.000000     23.000000     20.000000     23.000000     25.000000     27.000000     13.000000     19.000000      3.000000     63.000000     60.000000    105.000000     40.000000     37.000000     20.000000     15.000000      3.000000     18.000000      5.000000      5.000000      1.000000     13.000000     21.000000     13.000000     21.000000     35.000000     40.000000     39.000000     23.000000     29.000000     46.000000     65.000000     79.000000    100.000000     57.000000     72.000000     86.000000    167.000000    155.000000     28.000000     24.000000     60.000000    142.000000     25.000000     30.000000     41.000000     38.000000     12.000000      6.000000     37.000000     16.000000     66.000000     85.000000    195.000000     93.000000    133.000000     23.000000     29.000000     49.000000     41.000000     36.000000     49.000000     57.000000     58.000000     45.000000      7.000000     28.000000     45.000000     86.000000    147.000000   2436.000000   2710.000000    111.000000     83.000000     97.000000     62.000000     51.000000     64.000000    145.000000    127.000000    182.000000    263.000000    292.000000    237.000000     70.000000     58.000000    141.000000    180.000000    136.000000    133.000000    100.000000     72.000000    168.000000    198.000000     57.000000     23.000000     26.000000     35.000000     25.000000     -5.000000      7.000000     44.000000     15.000000     14.000000
   828.767578    188.000000    161.000000    159.000000    152.000000    130.000000    132.000000    195.000000    277.000000    213.000000    245.000000    261.000000    156.000000    158.000000    132.000000    155.000000    306.000000    274.000000    831.000000    158.000000     71.000000     99.000000     42.000000    210.000000     91.000000     53.000000    110.000000    333.000000    203.000000    199.000000    274.000000     35.000000     13.000000     49.000000     89.000000     90.000000     18.000000     59.000000     61.000000     37.000000     11.000000      2.000000      7.000000     31.000000     24.000000     32.000000     29.000000     22.000000     28.000000     23.000000      6.000000     -6.000000     61.000000     57.000000     98.000000      8.000000     40.000000     27.000000      7.000000     -2.000000     20.000000      6.000000      3.000000     19.000000     23.000000     22.000000     11.000000     15.000000     26.000000     39.000000     33.000000     31.000000     38.000000     21.000000     43.000000    112.000000    118.000000     67.000000     54.000000     64.000000    162.000000    138.000000     58.000000     52.000000     34.000000    139.000000     53.000000     23.000000     29.000000     33.000000     18.000000     17.000000     21.000000      4.000000     78.000000     88.000000    213.000000     71.000000    129.000000     43.000000     34.000000     48.000000     54.000000     71.000000     43.000000     42.000000     40.000000     18.000000     14.000000     14.000000     54.000000     95.000000    146.000000   2420.000000   2718.000000    118.000000     71.000000    115.000000     81.000000     61.000000     45.000000    134.000000    116.000000    221.000000    271.000000    283.000000    203.000000     57.000000     63.000000    126.000000    198.000000    132.000000    128.000000     85.000000     40.000000    145.000000    179.000000     78.000000     16.000000     18.000000     28.000000     25.000000     41.000000     25.000000     21.000000     30.000000     10.000000
   830.124817    168.000000    144.000000    139.000000    147.000000    152.000000    165.000000    189.000000    241.000000    244.000000    243.000000    265.000000    140.000000    150.000000    153.000000    173.000000    247.000000    243.000000    828.000000    173.000000     80.000000     92.000000     43.000000    208.000000     85.000000     44.000000     87.000000    361.000000    236.000000    201.000000    277.000000     20.000000     19.000000     80.000000     89.000000     94.000000     21.000000     65.000000     53.000000     33.000000      3.000000     10.000000     13.000000     16.000000     22.000000     27.000000     15.000000     29.000000     20.000000     29.000000     -1.000000     19.000000     31.000000     54.000000     93.000000     17.000000     36.000000     13.000000     24.000000      6.000000     17.000000     -2.000000      2.000000     11.000000     14.000000      2.000000     13.000000     16.000000     39.000000     37.000000     26.000000     16.000000     37.000000     33.000000     59.000000     87.000000     82.000000     59.000000     61.000000     93.000000    154.000000    172.000000     49.000000     58.000000     46.000000    128.000000     39.000000     30.000000     39.000000     20.000000     26.000000     27.000000     31.000000     29.000000     71.000000     87.000000    147.000000     61.000000    116.000000     20.000000     43.000000     45.000000     38.000000     63.000000     83.000000     39.000000     63.000000     27.000000     35.000000     45.000000     44.000000     90.000000    150.000000   2362.000000   2608.000000    167.000000     80.000000     87.000000     65.000000     47.000000     56.000000    129.000000    127.000000    169.000000    269.000000    302.000000    237.000000     62.000000     60.000000    146.000000    166.000000    132.000000    133.000000    105.000000     60.000000    153.000000    165.000000     85.000000     44.000000     28.000000     26.000000     24.000000     37.000000     14.000000     16.000000     35.000000     13.000000
   831.482483    162.000000    148.000000    145.000000    150.000000    137.000000     98.000000    166.000000    225.000000    236.000000    269.000000    278.000000    130.000000    125.000000    168.000000    163.000000    274.000000    237.000000    857.000000    180.000000    107.000000     74.000000     58.000000    212.000000     86.000000     42.000000    146.000000    339.000000    187.000000    192.000000    273.000000     14.000000     13.000000    104.000000     84.000000     96.000000     27.000000     63.000000     56.000000     47.000000     -2.000000     26.000000      8.000000     16.000000      9.000000     26.000000     16.000000     37.000000     27.000000     20.000000     13.000000      3.000000     54.000000     58.000000     91.000000     26.000000     42.000000     11.000000     11.000000     17.000000    -12.000000      2.000000      5.000000      6.000000     12.000000     17.000000     11.000000     -6.000000     24.000000     41.000000     36.000000     19.000000     22.000000     30.000000     48.000000     71.000000    101.000000     52.000000     53.000000     68.000000    163.000000    148.000000     56.000000     53.000000     37.000000    137.000000     39.000000     26.000000     29.000000     33.000000     18.000000     16.000000     42.000000      1.000000     71.000000     56.000000    181.000000     78.000000     99.000000     11.000000     46.000000     45.000000     54.000000     53.000000     66.000000     51.000000     53.000000     34.000000     25.000000     42.000000     49.000000     84.000000    159.000000   2285.000000   2455.000000    150.000000    107.000000     98.000000     76.000000     45.000000     48.000000    133.000000    116.000000    174.000000    275.000000    278.000000    214.000000     81.000000     66.000000    132.000000    203.000000    145.000000    139.000000     91.000000     89.000000    168.000000    137.000000     59.000000     53.000000     34.000000     41.000000     17.000000     23.000000    -10.000000     25.000000     12.000000     35.000000
   832.840576    192.000000    143.000000    142.000000    136.000000    154.000000    132.000000    186.000000    242.000000    246.000000    213.000000    273.000000    132.000000    170.000000    157.000000    148.000000    267.000000    223.000000    818.000000    137.000000    106.000000     86.000000     61.000000    193.000000    108.000000     41.000000    106.000000    357.000000    237.000000    192.000000    283.000000     23.000000     20.000000     79.000000     76.000000     86.000000     12.000000     55.000000     75.000000     42.000000      5.000000     -3.000000     14.000000     13.000000     25.000000     16.000000     16.000000     24.000000     16.000000     33.000000    -25.000000     10.000000     43.000000     35.000000     96.000000     36.000000     22.000000     24.000000     24.000000      5.000000     -4.000000      3.000000     12.000000     12.000000      7.000000     17.000000     14.000000      3.000000     23.000000     48.000000     20.000000     21.000000     18.000000     35.000000     48.000000     65.000000     92.000000     71.000000     56.000000     85.000000    145.000000    167.000000     51.000000     54.000000     42.000000    101.000000     49.000000     39.000000     29.000000     34.000000     36.000000     15.000000      4.000000      8.000000     75.000000     51.000000    167.000000     68.000000    124.000000     16.000000     45.000000     39.000000     27.000000     62.000000     67.000000     26.000000     45.000000     22.000000     13.000000     42.000000     34.000000     97.000000    155.000000   2207.000000   2448.000000    135.000000    106.000000    103.000000     74.000000     51.000000     47.000000    125.000000    117.000000    159.000000    248.000000    263.000000    210.000000     62.000000     54.000000    130.000000    196.000000    148.000000    139.000000     92.000000     66.000000    158.000000    159.000000     51.000000     46.000000     34.000000     40.000000     30.000000     15.000000      7.000000     26.000000     -4.000000     26.000000
   834.199280    155.000000    155.000000    109.000000    133.000000    171.000000    143.000000    189.000000    204.000000    221.000000    210.000000    279.000000    160.000000    161.000000    152.000000    164.000000    272.000000    245.000000    860.000000    171.000000     98.000000    100.000000     67.000000    199.000000     80.000000     27.000000    114.000000    353.000000    229.000000    196.000000    239.000000     25.000000     19.000000     81.000000     50.000000    117.000000     11.000000     69.000000     52.000000     53.000000      8.000000      8.000000      5.000000     28.000000     28.000000     43.000000     30.000000     25.000000     24.000000     21.000000     -2.000000     -3.000000     38.000000     38.000000    119.000000     13.000000     30.000000     25.000000     22.000000      7.000000     18.000000     16.000000     15.000000     -8.000000      9.000000     -7.000000      3.000000      7.000000     19.000000     38.000000     25.000000     17.000000     23.000000     34.000000     56.000000     83.000000     86.000000     72.000000     63.000000     72.000000    122.000000    138.000000     46.000000     45.000000     40.000000    131.000000     12.000000     26.000000     27.000000     36.000000     21.000000     13.000000      6.000000      1.000000     82.000000     60.000000    184.000000     68.000000    142.000000      4.000000     31.000000     43.000000     58.000000     42.000000     51.000000     55.000000     37.000000     28.000000     24.000000     40.000000     27.000000    100.000000    161.000000   2178.000000   2345.000000    117.000000     98.000000     97.000000     84.000000     22.000000     41.000000    129.000000    125.000000    159.000000    267.000000    304.000000    200.000000     68.000000     77.000000    151.000000    211.000000    114.000000    134.000000    114.000000     73.000000    207.000000    170.000000     70.000000     37.000000     16.000000     21.000000     19.000000     20.000000     31.000000     24.000000     13.000000     -4.000000
   835.558411    185.000000    125.000000    139.000000    133.000000    116.000000    119.000000    174.000000    210.000000    212.000000    233.000000    266.000000    175.000000    166.000000    155.000000    154.000000    290.000000    228.000000    814.000000    163.000000     74.000000     72.000000     43.000000    225.000000     95.000000     53.000000    116.000000    340.000000    199.000000    211.000000    281.000000     19.000000     30.000000     68.000000    101.000000     97.000000     22.000000     70.000000     55.000000     58.000000     -5.000000     10.000000     -1.000000     35.000000     20.000000     31.000000     24.000000     16.000000     29.000000     14.000000     11.000000     -1.000000     26.000000     55.000000     68.000000     34.000000     14.000000     17.000000     11.000000      3.000000     -6.000000      3.000000    -10.000000     -1.000000     13.000000      3.000000     10.000000     -4.000000     27.000000     31.000000     10.000000     12.000000     23.000000     40.000000     51.000000     57.000000     80.000000     86.000000     57.000000     76.000000    113.000000    139.000000     52.000000     50.000000     41.000000    133.000000     61.000000     20.000000     27.000000     27.000000     13.000000     14.000000     29.000000     11.000000     48.000000     64.000000    146.000000     67.000000     97.000000     23.000000     17.000000     44.000000     32.000000     62.000000     58.000000     53.000000     56.000000     22.000000     20.000000     36.000000     68.000000     89.000000    142.000000   2172.000000   2405.000000    141.000000     74.000000     64.000000     73.000000     28.000000     53.000000    125.000000    113.000000    149.000000    256.000000    307.000000    210.000000     52.000000     61.000000    138.000000    214.000000    156.000000    131.000000     84.000000     63.000000    161.000000    175.000000     55.000000     38.000000     16.000000     17.000000      3.000000     14.000000      9.000000     23.000000     18.000000     30.000000
   836.918030    160.000000    137.000000    153.000000    142.000000    151.000000    139.000000    155.000000    205.000000    226.000000    254.000000    251.000000    131.000000    146.000000    140.000000    168.000000    293.000000    229.000000    811.000000    139.000000     82.000000     85.000000     49.000000    213.000000     83.000000     49.000000    120.000000    355.000000    241.000000    224.000000    269.000000     46.000000     30.000000     81.000000     60.000000     78.000000     22.000000     60.000000     53.000000     48.000000     29.000000     10.000000     18.000000      0.000000     22.000000     21.000000     12.000000     20.000000     25.000000     16.000000      2.000000     -5.000000     35.000000     42.000000     88.000000      5.000000     27.000000      7.000000     33.000000     23.000000      8.000000     -2.000000     -5.000000      3.000000     13.000000     20.000000     26.000000     -4.000000      9.000000     36.000000     12.000000     16.000000      1.000000     15.000000     39.000000     74.000000     83.000000     55.000000     57.000000     60.000000    139.000000    146.000000     48.000000     56.000000     63.000000    134.000000     40.000000      1.000000     41.000000     41.000000      3.000000      0.000000     16.000000     13.000000     60.000000     64.000000    177.000000     84.000000    109.000000     22.000000     22.000000     40.000000     66.000000     66.000000     73.000000     51.000000     49.000000     10.000000     20.000000     22.000000     58.000000    111.000000    136.000000   2091.000000   2435.000000    146.000000     82.000000    101.000000     58.000000     55.000000     61.000000    137.000000    122.000000    174.000000    261.000000    254.000000    203.000000     43.000000     65.000000    133.000000    175.000000    100.000000    108.000000     80.000000     77.000000    149.000000    153.000000     68.000000     34.000000     24.000000     31.000000      6.000000     21.000000     16.000000     33.000000     13.000000     35.000000
   838.278076    175.000000    131.000000    124.000000    166.000000    127.000000    146.000000    167.000000    197.000000    215.000000    250.000000    235.000000    175.000000    139.000000    147.000000    130.000000    240.000000    242.000000    768.000000    147.000000     94.000000     64.000000     43.000000    203.000000     62.000000     48.000000    124.000000    346.000000    212.000000    176.000000    230.000000     27.000000     12.000000     63.000000     76.000000     73.000000     16.000000     55.000000     33.000000     41.000000     13.000000      6.000000     16.000000     13.000000     24.000000     57.000000     19.000000     37.000000     20.000000     15.000000     -2.000000     16.000000     34.000000     57.000000     78.000000     28.000000     26.000000     18.000000     24.000000     10.000000     -7.000000      2.000000      1.000000     12.000000     15.000000     -1.000000      8.000000     22.000000     33.000000     56.000000     25.000000     28.000000     17.000000     31.000000     35.000000     83.000000    106.000000     52.000000     59.000000     90.000000    138.000000    145.000000     45.000000     43.000000     21.000000    101.000000     51.000000     16.000000     43.000000     34.000000     25.000000     18.000000     27.000000     26.000000     73.000000     67.000000    162.000000     75.000000     96.000000     29.000000     36.000000     55.000000     26.000000     73.000000     60.000000     58.000000     43.000000     37.000000     22.000000     29.000000     44.000000     77.000000    176.000000   2135.000000   2343.000000    134.000000     94.000000     96.000000     65.000000     43.000000     43.000000    119.000000    102.000000    168.000000    246.000000    233.000000    203.000000     76.000000     43.000000    127.000000    182.000000    110.000000    138.000000     87.000000     55.000000    144.000000    170.000000     59.000000     44.000000     32.000000     37.000000     19.000000     23.000000     22.000000     35.000000     22.000000     31.000000
   839.638672    135.000000    115.000000    123.000000    137.000000    126.000000    138.000000    204.000000    201.000000    191.000000    227.000000    246.000000    138.000000    129.000000    138.000000    114.000000    246.000000    237.000000    715.000000    144.000000     81.000000     87.000000     53.000000    185.000000     90.000000     39.000000     91.000000    343.000000    180.000000    184.000000    256.000000     38.000000     15.000000     60.000000     85.000000     88.000000     18.000000     68.000000     38.000000     21.000000      0.000000    -12.000000     -8.000000     17.000000      7.000000     -4.000000    -10.000000     35.000000     11.000000     11.000000     -4.000000     -5.000000     57.000000     40.000000     60.000000     27.000000     32.000000     12.000000     14.000000     13.000000    -11.000000     19.000000    -12.000000      1.000000     14.000000     10.000000     -4.000000     19.000000     24.000000     34.000000     26.000000     26.000000     20.000000     31.000000     11.000000     85.000000     93.000000     56.000000     49.000000     73.000000    130.000000    158.000000     55.000000     62.000000     34.000000    106.000000     43.000000     17.000000     29.000000     21.000000     11.000000     28.000000     48.000000      5.000000     39.000000     48.000000    177.000000     66.000000     99.000000     10.000000     34.000000     69.000000     32.000000     53.000000     38.000000     37.000000     21.000000     24.000000     22.000000     31.000000     23.000000     86.000000    126.000000   2066.000000   2306.000000    133.000000     81.000000     77.000000     64.000000     41.000000     50.000000    127.000000     95.000000    146.000000    209.000000    247.000000    186.000000     65.000000     48.000000    148.000000    196.000000    142.000000     96.000000     93.000000     88.000000    142.000000    164.000000     62.000000     36.000000     20.000000     30.000000     23.000000     26.000000     16.000000      1.000000     24.000000     10.000000
   840.999695    132.000000    127.000000    133.000000    120.000000    124.000000    101.000000    163.000000    215.000000    184.000000    182.000000    243.000000    144.000000    127.000000    145.000000    155.000000    259.000000    223.000000    696.000000    154.000000     73.000000     92.000000     57.000000    169.000000     87.000000     36.000000    107.000000    311.000000    190.000000    192.000000    188.000000     31.000000     21.000000    410.000000     55.000000     73.000000     24.000000     56.000000     43.000000     31.000000     15.000000     11.000000     21.000000     20.000000     12.000000     32.000000     25.000000     31.000000     26.000000     15.000000     -4.000000      6.000000     60.000000     52.000000     80.000000     26.000000     33.000000     12.000000      7.000000      7.000000      0.000000     10.000000      9.000000      5.000000     19.000000      1.000000     21.000000     16.000000      8.000000     30.000000     23.000000     26.000000     40.000000     51.000000     46.000000     81.000000     68.000000     74.000000     74.000000     78.000000    112.000000    138.000000     64.000000     40.000000     17.000000    110.000000     36.000000     20.000000     29.000000     26.000000     18.000000     14.000000     21.000000     13.000000     61.000000     60.000000    164.000000     76.000000    116.000000     25.000000     14.000000     25.000000     45.000000     42.000000     33.000000     30.000000     40.000000     24.000000     14.000000     34.000000     53.000000     86.000000    125.000000   1937.000000   2258.000000    143.000000     73.000000    124.000000     64.000000     47.000000     59.000000    100.000000    107.000000    165.000000    236.000000    255.000000    190.000000     57.000000     63.000000    105.000000    187.000000    124.000000    116.000000     75.000000     63.000000    138.000000    163.000000     69.000000     29.000000     32.000000     17.000000     -8.000000     38.000000      4.000000      9.000000     24.000000     15.000000
   842.361206    155.000000    110.000000    116.000000    126.000000    124.000000    106.000000    142.000000    207.000000    205.000000    221.000000    242.000000    132.000000    134.000000    107.000000    149.000000    208.000000    212.000000    712.000000    144.000000     65.000000     67.000000     38.000000    199.000000     58.000000     46.000000     88.000000    340.000000    181.000000    155.000000    236.000000     26.000000     29.000000     45.000000     70.000000     73.000000      5.000000     49.000000     46.000000     48.000000     -6.000000     19.000000     38.000000      9.000000     23.000000     22.000000      1.000000     36.000000     51.000000      9.000000      6.000000      6.000000     49.000000     54.000000     95.000000      7.000000     30.000000     20.000000     11.000000      9.000000      5.000000      5.000000      2.000000     19.000000      6.000000      9.000000      2.000000      5.000000     19.000000     27.000000     22.000000     13.000000     24.000000     28.000000     41.000000     95.000000     62.000000     43.000000     54.000000     81.000000    128.000000    116.000000     72.000000     51.000000     55.000000    120.000000     19.000000     19.000000     32.000000     30.000000     19.000000      1.000000     33.000000     13.000000     70.000000     55.000000    177.000000     48.000000    104.000000      5.000000     27.000000     37.000000     55.000000     47.000000     78.000000     25.000000     31.000000     21.000000     10.000000     17.000000     54.000000     47.000000     99.000000   1929.000000   2180.000000    106.000000     65.000000     66.000000     51.000000     48.000000     55.000000    111.000000    113.000000    172.000000    229.000000    254.000000    199.000000     64.000000     35.000000    139.000000    158.000000    128.000000    115.000000     78.000000     40.000000    123.000000    143.000000     67.000000     31.000000     26.000000     16.000000     23.000000     39.000000     18.000000      3.000000     32.000000     30.000000
   843.723206    144.000000    110.000000    123.000000    113.000000    127.000000    126.000000    155.000000    178.000000    209.000000    221.000000    218.000000    125.000000     87.000000    132.000000    113.000000    240.000000    238.000000    673.000000    114.000000     59.000000     79.000000     54.000000    176.000000     54.000000     10.000000     95.000000    307.000000    198.000000    165.000000    222.000000     28.000000     26.000000     96.000000     75.000000    108.000000     19.000000     68.000000     51.000000     42.000000      9.000000      8.000000      6.000000     10.000000     16.000000     15.000000      0.000000     29.000000     28.000000     38.000000     -9.000000     -2.000000     46.000000     66.000000     87.000000     12.000000      6.000000     12.000000     14.000000     13.000000     -4.000000      4.000000     -4.000000      7.000000     -3.000000     20.000000     30.000000     17.000000     10.000000     16.000000     32.000000     38.000000     38.000000     36.000000     37.000000     84.000000    106.000000     63.000000     56.000000     95.000000    121.000000    126.000000     71.000000     42.000000     56.000000    106.000000     19.000000     13.000000     28.000000     46.000000     20.000000     22.000000      7.000000     16.000000     65.000000     53.000000    136.000000     39.000000    108.000000     38.000000     36.000000     32.000000     50.000000     53.000000     44.000000     29.000000     38.000000     -3.000000      9.000000      9.000000     46.000000     51.000000    128.000000   1895.000000   2147.000000    138.000000     59.000000     95.000000     55.000000     41.000000     42.000000    110.000000     93.000000    159.000000    247.000000    246.000000    165.000000     68.000000     79.000000    108.000000    154.000000    142.000000     84.000000     61.000000     46.000000    129.000000    157.000000     80.000000     35.000000     15.000000     19.000000      9.000000     16.000000      1.000000     15.000000     17.000000     10.000000
   845.085693    133.000000    147.000000    107.000000    113.000000    125.000000    113.000000    162.000000    189.000000    197.000000    190.000000    229.000000    114.000000    120.000000    121.000000    133.000000    230.000000    191.000000    728.000000    135.000000     92.000000     64.000000     41.000000    165.000000     63.000000     29.000000    100.000000    290.000000    204.000000    185.000000    215.000000     22.000000     27.000000     52.000000     63.000000     80.000000     26.000000     59.000000     58.000000     40.000000      3.000000     -4.000000    -12.000000     -6.000000     18.000000      8.000000     36.000000     20.000000     11.000000      8.000000     -4.000000     -6.000000     55.000000     63.000000     68.000000      7.000000     26.000000      2.000000     17.000000     -7.000000     11.000000     -6.000000      7.000000     17.000000     -4.000000     12.000000      2.000000      4.000000      9.000000      9.000000     25.000000      7.000000     28.000000     39.000000     30.000000     69.000000     86.000000     84.000000     53.000000     73.000000    132.000000    122.000000     73.000000     25.000000     48.000000    105.000000     20.000000     25.000000     26.000000     24.000000     31.000000     30.000000     35.000000      4.000000     73.000000     41.000000    165.000000     56.000000    104.000000     16.000000     26.000000     49.000000     42.000000     54.000000     50.000000     37.000000     35.000000     21.000000     22.000000     34.000000     27.000000     29.000000    126.000000   1764.000000   2011.000000    100.000000     92.000000     71.000000     53.000000     29.000000     55.000000    101.000000     93.000000    144.000000    220.000000    239.000000    187.000000     33.000000     34.000000    108.000000    156.000000    130.000000     94.000000     54.000000     48.000000    158.000000    160.000000     58.000000     45.000000     25.000000     11.000000      5.000000     11.000000      8.000000     27.000000     13.000000     10.000000
   846.448608    142.000000    104.000000    127.000000    110.000000    122.000000    104.000000    161.000000    166.000000    179.000000    196.000000    232.000000    130.000000    110.000000    128.000000    152.000000    207.000000    201.000000    678.000000    131.000000    101.000000     66.000000     46.000000    165.000000     45.000000     19.000000    110.000000    327.000000    181.000000    174.000000    195.000000     37.000000     18.000000     75.000000     55.000000     85.000000      3.000000     16.000000     43.000000     35.000000     15.000000     12.000000     11.000000     45.000000     16.000000     17.000000     39.000000     31.000000     17.000000     12.000000      0.000000      0.000000     52.000000     60.000000    101.000000     16.000000     27.000000      1.000000      9.000000     -3.000000      1.000000     -7.000000      8.000000     -4.000000      1.000000     16.000000     17.000000      2.000000      9.000000     49.000000     16.000000     31.000000     19.000000     43.000000     16.000000     69.000000     80.000000     46.000000     30.000000     70.000000     96.000000    123.000000     46.000000     34.000000     47.000000     96.000000     40.000000     32.000000     12.000000     35.000000     36.000000      4.000000     32.000000     -2.000000     54.000000     47.000000    126.000000     49.000000     75.000000     30.000000      0.000000     17.000000     38.000000     55.000000     47.000000     30.000000     25.000000     21.000000     11.000000     -3.000000     28.000000     72.000000    103.000000   1812.000000   2013.000000     95.000000    101.000000     81.000000     46.000000     35.000000     34.000000    121.000000     81.000000    162.000000    209.000000    222.000000    183.000000     75.000000     43.000000    124.000000    130.000000     94.000000    103.000000     87.000000     58.000000    124.000000    130.000000     74.000000     40.000000     34.000000     33.000000     18.000000     23.000000      8.000000     24.000000     12.000000      6.000000
   847.812073    123.000000    111.000000    116.000000    116.000000    111.000000    132.000000    145.000000    193.000000    179.000000    193.000000    234.000000    118.000000    117.000000    102.000000    125.000000    224.000000    182.000000    659.000000    143.000000     66.000000     74.000000     52.000000    171.000000     59.000000     35.000000    100.000000    297.000000    151.000000    158.000000    232.000000     35.000000     26.000000     57.000000     60.000000     74.000000      6.000000     67.000000     42.000000     39.000000     19.000000      1.000000     -4.000000     28.000000     13.000000     25.000000     18.000000     31.000000     24.000000     22.000000     -4.000000      0.000000     25.000000     49.000000    102.000000     24.000000     18.000000      9.000000    -18.000000     20.000000      1.000000      0.000000     -8.000000     19.000000     13.000000     11.000000     14.000000     13.000000     28.000000     47.000000     18.000000     28.000000     20.000000     20.000000     28.000000     59.000000     88.000000     58.000000     57.000000     74.000000    129.000000    118.000000     47.000000     47.000000     43.000000     81.000000     42.000000     41.000000     37.000000     39.000000     17.000000     12.000000     31.000000      8.000000     55.000000     53.000000    138.000000     75.000000     90.000000     10.000000     30.000000     51.000000     31.000000     43.000000     35.000000     30.000000     51.000000     32.000000     20.000000     22.000000     30.000000     67.000000    106.000000   1804.000000   2049.000000    116.000000     66.000000     86.000000     68.000000     26.000000     21.000000     77.000000     64.000000    148.000000    213.000000    245.000000    143.000000     73.000000     38.000000    141.000000    173.000000     91.000000     94.000000     74.000000     58.000000    130.000000    144.000000     67.000000     29.000000     25.000000     18.000000     23.000000     38.000000      4.000000      3.000000     21.000000     -4.000000
   849.176025    115.000000    133.000000     89.000000     99.000000    105.000000    122.000000    137.000000    199.000000    187.000000    193.000000    211.000000    115.000000    123.000000    120.000000    130.000000    195.000000    214.000000    664.000000     96.000000     66.000000     56.000000     21.000000    153.000000     48.000000     32.000000     98.000000    289.000000    184.000000    162.000000    226.000000      5.000000     37.000000     51.000000     63.000000     56.000000     10.000000     35.000000     41.000000     40.000000     17.000000     -3.000000      4.000000      8.000000     10.000000      5.000000      5.000000     12.000000     19.000000     25.000000      8.000000     18.000000     55.000000     60.000000     75.000000     11.000000     14.000000      7.000000     13.000000     12.000000    -18.000000      5.000000      6.000000      8.000000      0.000000      9.000000     13.000000      3.000000      9.000000     27.000000     16.000000     14.000000     -2.000000     33.000000     20.000000     75.000000     78.000000     53.000000     37.000000     74.000000    129.000000    110.000000     34.000000     37.000000     32.000000     94.000000     60.000000     18.000000     30.000000     28.000000     11.000000      2.000000     23.000000     15.000000     25.000000     40.000000    173.000000     84.000000     86.000000     11.000000     27.000000     52.000000     43.000000     43.000000     44.000000     34.000000     43.000000     30.000000     19.000000     16.000000     18.000000     54.000000     80.000000   1671.000000   1974.000000    111.000000     66.000000     68.000000     58.000000     38.000000     31.000000    106.000000     90.000000    144.000000    191.000000    211.000000    185.000000     44.000000     47.000000    133.000000    174.000000    131.000000     77.000000     66.000000     57.000000    123.000000    142.000000     60.000000     34.000000     21.000000     10.000000     31.000000     26.000000     12.000000     23.000000      9.000000      8.000000
   850.540405    142.000000    115.000000     96.000000    131.000000     81.000000    112.000000    148.000000    179.000000    198.000000    166.000000    195.000000     82.000000    122.000000    120.000000    129.000000    224.000000    158.000000    614.000000    115.000000     74.000000     69.000000     43.000000    148.000000     58.000000     49.000000     66.000000    297.000000    141.000000    129.000000    194.000000     45.000000     23.000000     48.000000     35.000000     65.000000      9.000000     76.000000     45.000000     33.000000      2.000000     13.000000      4.000000     14.000000     26.000000     26.000000     19.000000     33.000000     24.000000     27.000000     25.000000     10.000000     28.000000     21.000000     96.000000      8.000000     26.000000     19.000000     -7.000000      9.000000     31.000000     -2.000000      8.000000      3.000000     19.000000     15.000000     21.000000      4.000000     14.000000     20.000000     16.000000     11.000000     18.000000     19.000000     24.000000     62.000000     67.000000     25.000000     57.000000     72.000000    137.000000    114.000000     35.000000     35.000000     28.000000     82.000000     31.000000     38.000000     15.000000     10.000000     36.000000      5.000000     21.000000     -3.000000     48.000000     39.000000    111.000000     54.000000     83.000000     15.000000     35.000000     30.000000     30.000000     42.000000     47.000000     28.000000     36.000000     23.000000      6.000000     -1.000000     53.000000     62.000000     82.000000   1648.000000   1963.000000    137.000000     74.000000     83.000000     59.000000     29.000000     43.000000    120.000000     71.000000    132.000000    215.000000    216.000000    181.000000     39.000000     46.000000     79.000000    149.000000    111.000000     86.000000     85.000000     23.000000    124.000000    124.000000     49.000000     46.000000     12.000000     39.000000     21.000000     20.000000     -2.000000     23.000000     16.000000     23.000000
   851.905273    129.000000    103.000000     91.000000     92.000000     86.000000    100.000000    183.000000    163.000000    131.000000    173.000000    206.000000     88.000000     75.000000    108.000000    129.000000    195.000000    183.000000    625.000000    117.000000     74.000000     97.000000     27.000000    145.000000     60.000000     54.000000    105.000000    284.000000    170.000000    129.000000    211.000000     18.000000     32.000000     53.000000     76.000000     56.000000      7.000000     56.000000     41.000000     33.000000      1.000000     16.000000     16.000000     23.000000      9.000000     13.000000     18.000000     39.000000     29.000000     31.000000     -2.000000      1.000000     42.000000     39.000000     82.000000      6.000000     14.000000     20.000000      2.000000     16.000000     -8.000000     -7.000000      2.000000      5.000000      6.000000     14.000000     18.000000      5.000000      9.000000     38.000000     23.000000     -2.000000     24.000000     52.000000     36.000000     54.000000     63.000000     44.000000     33.000000     67.000000    101.000000    134.000000     49.000000     56.000000     29.000000    113.000000     40.000000     20.000000     27.000000     26.000000     23.000000     24.000000     12.000000      9.000000     67.000000     62.000000    118.000000     55.000000     63.000000     24.000000     24.000000     46.000000     53.000000     26.000000     46.000000     40.000000     35.000000     20.000000     10.000000     27.000000     44.000000     57.000000     94.000000   1726.000000   1833.000000    107.000000     74.000000     91.000000     67.000000     32.000000     41.000000    105.000000     83.000000    131.000000    165.000000    202.000000    173.000000     33.000000     57.000000    103.000000    130.000000     76.000000     64.000000     61.000000     22.000000    110.000000    131.000000     39.000000     39.000000     12.000000      9.000000     34.000000     39.000000      3.000000     -1.000000     14.000000     18.000000
   853.270630    110.000000     91.000000    114.000000    114.000000    110.000000    109.000000    129.000000    173.000000    172.000000    167.000000    196.000000    110.000000    106.000000    110.000000    162.000000    202.000000    204.000000    690.000000    113.000000     70.000000     56.000000     38.000000    184.000000     52.000000     14.000000    110.000000    283.000000    136.000000    117.000000    169.000000     22.000000     10.000000     50.000000     81.000000     75.000000      5.000000     42.000000     44.000000     17.000000     -8.000000     -1.000000     13.000000     21.000000      2.000000      8.000000      0.000000      9.000000     14.000000     21.000000     -5.000000     15.000000     36.000000     52.000000     70.000000     12.000000     10.000000     17.000000     14.000000      3.000000     10.000000     17.000000     -7.000000     15.000000      3.000000      7.000000     16.000000      2.000000     11.000000     13.000000     13.000000     23.000000     19.000000     58.000000     45.000000     84.000000     71.000000     51.000000     53.000000     70.000000    111.000000    107.000000     29.000000     30.000000     53.000000     89.000000     36.000000     15.000000     25.000000     32.000000     22.000000      8.000000     -1.000000     26.000000     44.000000     50.000000    107.000000     56.000000     91.000000     21.000000     33.000000     36.000000     27.000000     24.000000     32.000000     18.000000     43.000000     16.000000     -3.000000     16.000000     50.000000     78.000000    110.000000   1606.000000   1854.000000     94.000000     70.000000     76.000000     52.000000     34.000000     47.000000     79.000000     82.000000    121.000000    159.000000    183.000000    157.000000     56.000000     45.000000     98.000000    118.000000    133.000000     90.000000     65.000000     60.000000    137.000000    135.000000     34.000000     28.000000     10.000000     14.000000     13.000000     21.000000      7.000000     13.000000      0.000000     15.000000
   854.636475    125.000000    108.000000     98.000000     69.000000    108.000000    107.000000    148.000000    158.000000    162.000000    173.000000    205.000000    122.000000    109.000000    109.000000    134.000000    209.000000    204.000000    588.000000     89.000000    104.000000     41.000000     43.000000    160.000000     31.000000     49.000000    102.000000    270.000000    177.000000    112.000000    184.000000     25.000000     22.000000     20.000000     56.000000     65.000000      4.000000     45.000000     30.000000     24.000000      8.000000     12.000000     30.000000     21.000000     33.000000     22.000000     18.000000     38.000000     20.000000      2.000000      7.000000     -3.000000     41.000000     59.000000     67.000000      9.000000     27.000000     18.000000      5.000000      0.000000     12.000000      7.000000     -8.000000      8.000000      9.000000     18.000000      5.000000      8.000000     17.000000     13.000000     28.000000     14.000000     25.000000     43.000000     21.000000     64.000000     61.000000     34.000000     53.000000     70.000000    127.000000    113.000000     41.000000     32.000000     38.000000    114.000000     25.000000     30.000000     38.000000     37.000000     19.000000      1.000000     25.000000     20.000000     47.000000     49.000000    125.000000     51.000000     81.000000     14.000000     22.000000     28.000000     35.000000     43.000000     59.000000     28.000000     38.000000     30.000000      8.000000     12.000000     25.000000     81.000000    109.000000   1619.000000   1858.000000    102.000000    104.000000     65.000000     55.000000     46.000000     56.000000     92.000000     92.000000    126.000000    161.000000    194.000000    151.000000     38.000000     55.000000     87.000000    139.000000     91.000000     97.000000     81.000000     59.000000    134.000000    125.000000     38.000000     26.000000      7.000000      7.000000     27.000000     25.000000     -6.000000     16.000000      8.000000      1.000000
   856.002808    106.000000     99.000000    109.000000     74.000000     87.000000    111.000000    141.000000    140.000000    163.000000    139.000000    188.000000     96.000000    108.000000    115.000000    135.000000    172.000000    159.000000    540.000000    119.000000     82.000000     46.000000     51.000000    137.000000     45.000000     22.000000     91.000000    282.000000    179.000000    144.000000    178.000000     17.000000     32.000000     62.000000     46.000000     58.000000     21.000000     33.000000     38.000000     50.000000      7.000000      0.000000     19.000000     38.000000     28.000000     22.000000     34.000000     31.000000     11.000000     16.000000      1.000000     -8.000000     55.000000     57.000000     79.000000     12.000000     15.000000     24.000000     -2.000000     -7.000000      0.000000      9.000000     10.000000      6.000000     16.000000      5.000000     18.000000     23.000000     21.000000     17.000000     35.000000     30.000000     28.000000     17.000000     20.000000     73.000000     62.000000     41.000000     29.000000     58.000000    118.000000    147.000000     39.000000     18.000000     26.000000     62.000000     31.000000      6.000000     22.000000     27.000000      3.000000     31.000000     14.000000     12.000000     36.000000     41.000000    126.000000     50.000000     78.000000     32.000000     24.000000      6.000000     49.000000     42.000000     66.000000     32.000000     36.000000     16.000000      8.000000     36.000000     33.000000     71.000000    102.000000   1528.000000   1807.000000    111.000000     82.000000     66.000000     40.000000     37.000000     22.000000     86.000000     68.000000    141.000000    143.000000    194.000000    141.000000     45.000000     38.000000     91.000000    130.000000    123.000000     85.000000     69.000000     54.000000    129.000000    139.000000     58.000000     34.000000     17.000000     13.000000     32.000000      5.000000      5.000000      9.000000     42.000000     10.000000
   857.369629     93.000000    109.000000     87.000000     89.000000     88.000000     79.000000    135.000000    157.000000    151.000000    163.000000    210.000000    100.000000    118.000000     93.000000    122.000000    207.000000    165.000000    605.000000    128.000000     48.000000     70.000000     44.000000    159.000000     44.000000     29.000000     84.000000    275.000000    182.000000    107.000000    200.000000     29.000000     27.000000     34.000000     60.000000     84.000000     11.000000     39.000000     48.000000     30.000000      7.000000     15.000000     21.000000     25.000000     16.000000     10.000000     10.000000     23.000000     24.000000     17.000000      9.000000      2.000000     76.000000     60.000000     72.000000     11.000000     37.000000     19.000000      3.000000     -8.000000     18.000000     -5.000000     15.000000      7.000000     24.000000     16.000000      5.000000      3.000000     16.000000      6.000000     16.000000     12.000000     27.000000     28.000000     16.000000     58.000000     60.000000     37.000000     44.000000     49.000000    105.000000     97.000000     39.000000     23.000000     51.000000     86.000000     20.000000     25.000000     27.000000     19.000000     18.000000     14.000000     18.000000     -5.000000     54.000000     34.000000    132.000000     66.000000     66.000000     15.000000     27.000000     29.000000     30.000000     50.000000     41.000000     34.000000     19.000000     14.000000      2.000000     26.000000     14.000000     59.000000    113.000000   1562.000000   1739.000000    103.000000     48.000000     72.000000     46.000000     40.000000     47.000000     97.000000     85.000000    119.000000    170.000000    202.000000    138.000000     52.000000     36.000000    105.000000    130.000000    104.000000    105.000000     59.000000     60.000000    119.000000    140.000000     60.000000     45.000000      9.000000     26.000000      1.000000      7.000000      2.000000     18.000000     33.000000     24.000000
   858.736877    130.000000    103.000000     93.000000    105.000000     98.000000     91.000000    131.000000    158.000000    147.000000    166.000000    198.000000     72.000000     94.000000    102.000000     87.000000    161.000000    151.000000    542.000000    119.000000     51.000000     58.000000     27.000000    158.000000     41.000000     23.000000    106.000000    261.000000    159.000000    131.000000    172.000000     38.000000     28.000000     38.000000     43.000000     52.000000     -1.000000     36.000000     36.000000     36.000000      9.000000     12.000000      8.000000     13.000000     15.000000     14.000000     16.000000     32.000000     36.000000     11.000000      5.000000      0.000000     41.000000     37.000000     50.000000     21.000000     13.000000     19.000000      6.000000      3.000000     -7.000000      2.000000      0.000000     -5.000000      0.000000      8.000000     13.000000     -2.000000      9.000000     11.000000     18.000000      9.000000      7.000000     26.000000     25.000000     56.000000     65.000000     30.000000     47.000000     57.000000    110.000000    137.000000     27.000000     36.000000     51.000000    100.000000     22.000000     32.000000     20.000000     27.000000     11.000000      6.000000     12.000000     15.000000     23.000000     48.000000    110.000000     47.000000     74.000000     23.000000     24.000000     16.000000     51.000000     65.000000     32.000000     28.000000     29.000000     25.000000      2.000000     20.000000     20.000000     50.000000     95.000000   1519.000000   1772.000000     87.000000     51.000000     65.000000     57.000000     52.000000     41.000000     76.000000     88.000000     96.000000    136.000000    165.000000    170.000000     77.000000     32.000000     76.000000    134.000000     96.000000     87.000000     66.000000     60.000000     86.000000    123.000000     41.000000     26.000000     -3.000000     16.000000     24.000000     30.000000      0.000000     26.000000     27.000000     16.000000
   860.104614    139.000000     99.000000     96.000000    122.000000     97.000000    108.000000    141.000000    125.000000    179.000000    160.000000    178.000000     95.000000    100.000000    102.000000     96.000000    191.000000    164.000000    555.000000    122.000000     52.000000     54.000000     37.000000    149.000000     37.000000     42.000000    108.000000    264.000000    129.000000    149.000000    151.000000     28.000000      9.000000     29.000000     52.000000     78.000000      7.000000     32.000000     47.000000     38.000000      3.000000     -7.000000      7.000000     20.000000     12.000000     19.000000      6.000000     13.000000      6.000000      6.000000      8.000000     -2.000000     33.000000     39.000000     49.000000     10.000000     28.000000     22.000000     19.000000     13.000000      8.000000     16.000000      3.000000     -2.000000     11.000000     15.000000      5.000000     14.000000     13.000000     32.000000     22.000000     13.000000     30.000000     41.000000     28.000000     71.000000     71.000000     44.000000     44.000000     76.000000    100.000000    115.000000     28.000000     36.000000     40.000000     79.000000     26.000000     17.000000     21.000000     12.000000     16.000000     20.000000     24.000000     28.000000     52.000000     70.000000    105.000000     38.000000     68.000000     20.000000     16.000000     43.000000     49.000000     56.000000     33.000000     22.000000     38.000000      3.000000      8.000000      8.000000     15.000000     58.000000     62.000000   1559.000000   1682.000000     88.000000     52.000000     60.000000     43.000000     39.000000     23.000000     98.000000     51.000000    108.000000    169.000000    220.000000    126.000000     63.000000     49.000000    112.000000    109.000000    117.000000     75.000000     56.000000     56.000000     97.000000    108.000000     45.000000     49.000000     26.000000     36.000000     24.000000     25.000000     15.000000      6.000000     19.000000     28.000000
   861.472900    107.000000     76.000000     94.000000     83.000000     86.000000     53.000000    142.000000    154.000000    154.000000    146.000000    161.000000     94.000000     95.000000     94.000000    101.000000    154.000000    150.000000    583.000000    129.000000     59.000000     48.000000     24.000000    145.000000     54.000000     20.000000     90.000000    260.000000    164.000000    139.000000    181.000000     41.000000     14.000000     26.000000     42.000000     63.000000     28.000000     20.000000     50.000000     33.000000      4.000000     13.000000     10.000000     10.000000     19.000000      8.000000      5.000000     18.000000     20.000000     13.000000      4.000000    -12.000000     45.000000     46.000000     51.000000      3.000000     25.000000      7.000000     12.000000     14.000000     10.000000     13.000000     13.000000     11.000000      3.000000      8.000000      9.000000    -14.000000     -1.000000     28.000000     12.000000     17.000000     13.000000     19.000000     27.000000     43.000000     80.000000     63.000000     31.000000     65.000000     89.000000    121.000000     33.000000     36.000000     32.000000     79.000000     19.000000      7.000000     23.000000     24.000000     23.000000     21.000000     14.000000     14.000000     40.000000     60.000000     92.000000     30.000000     85.000000     18.000000     15.000000     43.000000     19.000000     58.000000     56.000000     12.000000     22.000000     23.000000      9.000000     20.000000     48.000000     50.000000     68.000000   1520.000000   1715.000000     90.000000     59.000000     52.000000     39.000000     44.000000     59.000000     87.000000     67.000000    109.000000    116.000000    172.000000    116.000000     37.000000     39.000000     96.000000    140.000000    120.000000     66.000000     57.000000     47.000000     89.000000    110.000000     35.000000     26.000000      1.000000     -2.000000     14.000000     12.000000     27.000000     -6.000000     17.000000     16.000000
   862.841614     97.000000     79.000000     97.000000    114.000000     87.000000     97.000000    116.000000    153.000000    170.000000    150.000000    165.000000     75.000000    103.000000    101.000000    103.000000    150.000000    183.000000    516.000000    109.000000     58.000000     40.000000     38.000000    131.000000     52.000000     47.000000     89.000000    263.000000    136.000000    139.000000    134.000000     14.000000     12.000000     43.000000     49.000000     47.000000     26.000000     53.000000     41.000000     32.000000     16.000000      6.000000     21.000000     20.000000     15.000000     23.000000     12.000000     26.000000     13.000000      8.000000     -6.000000     -6.000000     16.000000     21.000000     57.000000      2.000000      1.000000      4.000000     10.000000      4.000000     19.000000      1.000000      6.000000     -2.000000      0.000000     -6.000000     15.000000      5.000000     15.000000     22.000000      2.000000     16.000000     11.000000     34.000000     33.000000     50.000000     84.000000     59.000000     52.000000     40.000000     84.000000    107.000000     41.000000     43.000000     28.000000     98.000000     34.000000     43.000000     31.000000     24.000000     20.000000     28.000000     25.000000     -3.000000     52.000000     36.000000    100.000000     48.000000     63.000000      8.000000     27.000000     33.000000     31.000000     54.000000     28.000000     18.000000     32.000000     26.000000      6.000000     15.000000     33.000000     52.000000     75.000000   1421.000000   1676.000000    126.000000     58.000000     69.000000     35.000000     21.000000     28.000000     71.000000     81.000000    123.000000    171.000000    172.000000    135.000000     52.000000     31.000000     69.000000    163.000000    101.000000     85.000000     57.000000     15.000000     99.000000    118.000000     63.000000     37.000000     21.000000     14.000000     26.000000     22.000000      5.000000      7.000000     12.000000     18.000000
   864.210815     80.000000     63.000000     81.000000     89.000000    103.000000     95.000000    124.000000    153.000000    140.000000    137.000000    169.000000     83.000000     88.000000     72.000000     89.000000    188.000000    169.000000    545.000000     98.000000     55.000000     35.000000     49.000000    138.000000     45.000000     41.000000     81.000000    216.000000    147.000000    106.000000    155.000000     14.000000     19.000000     38.000000     46.000000     51.000000     17.000000     27.000000     58.000000     23.000000      8.000000     29.000000     15.000000     -1.000000      9.000000      9.000000      5.000000     32.000000     33.000000     17.000000      3.000000     -7.000000     29.000000     39.000000     69.000000     30.000000     24.000000     19.000000     23.000000     -5.000000     20.000000    -11.000000     13.000000     17.000000    -14.000000     12.000000      5.000000      8.000000      3.000000     19.000000      9.000000     13.000000     16.000000      4.000000     11.000000     55.000000     65.000000     41.000000     37.000000     55.000000     83.000000    130.000000     42.000000     33.000000     46.000000     86.000000     18.000000     27.000000     49.000000     25.000000     13.000000     18.000000     27.000000     12.000000     36.000000     31.000000    118.000000     55.000000     57.000000     -1.000000     29.000000     20.000000     31.000000     48.000000     28.000000     21.000000     18.000000     26.000000     21.000000     22.000000     30.000000     44.000000     68.000000   1451.000000   1710.000000     76.000000     55.000000     56.000000     54.000000     55.000000     46.000000     99.000000     90.000000    112.000000    168.000000    144.000000    123.000000     44.000000     38.000000     73.000000    100.000000     94.000000     61.000000     46.000000     16.000000     99.000000    118.000000     50.000000     28.000000     15.000000      5.000000     24.000000     28.000000      4.000000      4.000000     14.000000      6.000000
   865.580383    109.000000     93.000000     98.000000     91.000000     80.000000     90.000000    116.000000    143.000000    138.000000    172.000000    199.000000    112.000000     91.000000     75.000000    105.000000    185.000000    186.000000    502.000000     99.000000     78.000000     61.000000     45.000000    140.000000     51.000000     16.000000     80.000000    247.000000    153.000000    117.000000    189.000000     26.000000     39.000000     40.000000     39.000000     79.000000     12.000000     31.000000     28.000000     29.000000      3.000000     -7.000000     -3.000000     13.000000      3.000000      7.000000     -1.000000      8.000000      4.000000     15.000000      4.000000     15.000000     15.000000     34.000000     70.000000      5.000000     15.000000      2.000000      8.000000     -4.000000      7.000000      1.000000      3.000000     13.000000     10.000000     18.000000     11.000000     -3.000000     13.000000      5.000000      9.000000      3.000000      9.000000     22.000000      7.000000     58.000000     75.000000     48.000000     37.000000     66.000000     95.000000    109.000000     25.000000     30.000000     23.000000     89.000000     19.000000      7.000000     27.000000     35.000000     30.000000     18.000000     17.000000      3.000000     15.000000     22.000000    103.000000     22.000000     69.000000     11.000000     24.000000     11.000000     36.000000     30.000000     21.000000      7.000000     17.000000     36.000000      9.000000     20.000000     32.000000     55.000000    109.000000   1459.000000   1617.000000    102.000000     78.000000     51.000000     36.000000     22.000000      8.000000     74.000000     62.000000    126.000000    148.000000    187.000000    163.000000     37.000000     30.000000    100.000000    128.000000     89.000000     62.000000     58.000000     44.000000    109.000000    135.000000     53.000000     18.000000     16.000000      6.000000      2.000000     14.000000     13.000000    -17.000000     10.000000     15.000000
   866.950623    103.000000     92.000000     99.000000     69.000000     61.000000    108.000000    123.000000    160.000000    148.000000    150.000000    178.000000    100.000000     97.000000     83.000000    130.000000    175.000000    120.000000    543.000000    118.000000     70.000000     35.000000     34.000000    145.000000     58.000000     25.000000     80.000000    213.000000    162.000000    113.000000    164.000000     13.000000     26.000000     39.000000     60.000000     39.000000      1.000000     45.000000     30.000000     39.000000     -1.000000    -16.000000      4.000000      8.000000      3.000000     12.000000      8.000000     22.000000     11.000000     11.000000      4.000000      1.000000     31.000000     59.000000     68.000000     17.000000      4.000000    -14.000000     14.000000      3.000000     15.000000      7.000000     -2.000000      5.000000      7.000000     21.000000      7.000000      3.000000     -4.000000     25.000000     16.000000      9.000000      5.000000     14.000000     19.000000     59.000000     59.000000     34.000000     39.000000     51.000000     87.000000    106.000000     39.000000     29.000000     30.000000     85.000000     24.000000     11.000000      9.000000     21.000000     20.000000     27.000000     18.000000      7.000000     34.000000     46.000000    109.000000     40.000000     62.000000     21.000000     30.000000     19.000000     39.000000     32.000000     38.000000     45.000000     37.000000     17.000000     36.000000     16.000000     34.000000     74.000000     96.000000   1409.000000   1544.000000     80.000000     70.000000     49.000000     63.000000     26.000000     46.000000     78.000000     60.000000    136.000000    133.000000    174.000000    121.000000     43.000000     41.000000     85.000000    121.000000     92.000000     56.000000     46.000000     59.000000    122.000000    109.000000     34.000000     16.000000     33.000000      4.000000     14.000000     28.000000     -5.000000     11.000000      3.000000     13.000000
   868.321289    107.000000     84.000000     75.000000     67.000000     85.000000     71.000000    133.000000    155.000000    158.000000    128.000000    183.000000     99.000000    111.000000     84.000000    106.000000    156.000000    132.000000    553.000000    131.000000     43.000000     69.000000     36.000000    114.000000     43.000000     46.000000    109.000000    233.000000    154.000000    102.000000    157.000000     18.000000      9.000000     63.000000     39.000000     37.000000     14.000000     53.000000     34.000000     34.000000      1.000000      0.000000     15.000000     26.000000     14.000000     25.000000     18.000000     17.000000     14.000000      0.000000    -15.000000      3.000000     44.000000     37.000000     73.000000     17.000000     13.000000      4.000000     11.000000    -20.000000     -1.000000      3.000000      6.000000    -14.000000     12.000000     17.000000     19.000000    -15.000000      5.000000     29.000000      8.000000      3.000000      5.000000     23.000000     15.000000     53.000000     51.000000     45.000000     47.000000     39.000000    102.000000    115.000000     36.000000     37.000000     26.000000     93.000000     10.000000     10.000000      6.000000      8.000000     27.000000     11.000000      7.000000     -1.000000     35.000000     23.000000    128.000000     40.000000     75.000000     -1.000000     18.000000     35.000000     10.000000     28.000000     31.000000     39.000000     18.000000     17.000000     20.000000     30.000000     35.000000     69.000000     93.000000   1362.000000   1591.000000     88.000000     43.000000     54.000000     65.000000     37.000000     24.000000     76.000000     66.000000    104.000000    149.000000    158.000000    140.000000     32.000000     44.000000     59.000000    112.000000     86.000000     87.000000     60.000000     51.000000    101.000000     98.000000     46.000000     38.000000      1.000000     21.000000     31.000000     34.000000     -1.000000     11.000000     17.000000     17.000000
   869.692383     86.000000     81.000000     80.000000     71.000000    119.000000     81.000000    115.000000    135.000000    137.000000    136.000000    160.000000     81.000000     98.000000    117.000000    114.000000    139.000000    146.000000    558.000000    100.000000     36.000000     44.000000     40.000000     98.000000     48.000000     19.000000     74.000000    222.000000    136.000000    128.000000    177.000000     23.000000     11.000000     53.000000     44.000000     82.000000     11.000000     40.000000     42.000000     22.000000      6.000000     25.000000     25.000000     12.000000     13.000000     17.000000      6.000000     18.000000     22.000000      8.000000      3.000000      3.000000     37.000000     23.000000     57.000000     22.000000     12.000000     18.000000     12.000000     10.000000     -5.000000     -3.000000     10.000000     24.000000      5.000000     19.000000      7.000000     -3.000000      1.000000     11.000000     14.000000     26.000000     32.000000     47.000000     20.000000     56.000000     68.000000     45.000000     52.000000     51.000000     86.000000    105.000000     39.000000     12.000000     35.000000     72.000000     29.000000     18.000000     14.000000     28.000000     16.000000     16.000000     -3.000000      7.000000     45.000000     44.000000    111.000000     70.000000     56.000000      6.000000     16.000000     19.000000     36.000000     20.000000     51.000000     27.000000     40.000000     16.000000     15.000000     30.000000     31.000000     80.000000     92.000000   1332.000000   1550.000000     90.000000     36.000000     63.000000     45.000000     33.000000     16.000000    111.000000     79.000000    117.000000    140.000000    176.000000    147.000000     38.000000     34.000000     96.000000    114.000000     88.000000     58.000000     65.000000     36.000000    105.000000    105.000000     46.000000     27.000000     10.000000      8.000000      9.000000      8.000000    -15.000000     19.000000      8.000000      6.000000
   871.064026     79.000000     71.000000     90.000000     65.000000     64.000000     80.000000    122.000000    106.000000    157.000000    132.000000    150.000000     53.000000     79.000000     97.000000    103.000000    178.000000    150.000000    526.000000    108.000000     65.000000     39.000000     39.000000    144.000000     24.000000     21.000000     90.000000    223.000000    134.000000    101.000000    171.000000     19.000000     12.000000     31.000000     45.000000     50.000000     32.000000     50.000000     36.000000     37.000000      2.000000     11.000000      1.000000      9.000000     32.000000     16.000000      9.000000     16.000000     22.000000     26.000000    -15.000000     -5.000000     33.000000     28.000000     52.000000     14.000000     42.000000     23.000000     12.000000     10.000000     10.000000     12.000000      1.000000     -8.000000      7.000000     17.000000      7.000000      4.000000     27.000000     19.000000     22.000000     22.000000     23.000000      8.000000      1.000000     49.000000     56.000000     20.000000     31.000000     48.000000     72.000000     94.000000     41.000000     37.000000     45.000000     98.000000     15.000000     27.000000     18.000000     26.000000      4.000000     16.000000     20.000000      8.000000     55.000000     44.000000    132.000000     32.000000     84.000000      6.000000     14.000000     29.000000     31.000000     41.000000     38.000000     17.000000     17.000000      6.000000     16.000000     17.000000     30.000000     93.000000     77.000000   1285.000000   1469.000000    112.000000     65.000000     38.000000     55.000000     30.000000     35.000000     85.000000     80.000000    114.000000    139.000000    179.000000    131.000000     35.000000     23.000000     69.000000    118.000000    102.000000     62.000000     60.000000     33.000000    105.000000    100.000000     61.000000     27.000000    -10.000000     10.000000     23.000000     25.000000      9.000000      8.000000     26.000000      0.000000
   872.436096    142.000000     79.000000     80.000000     64.000000     81.000000     82.000000    120.000000    141.000000    143.000000    154.000000    180.000000     74.000000     65.000000     97.000000     98.000000    131.000000    156.000000    478.000000     90.000000     42.000000     60.000000     35.000000    113.000000     51.000000     23.000000     85.000000    218.000000    146.000000     90.000000    152.000000     15.000000     21.000000     46.000000     31.000000     54.000000      8.000000     34.000000     20.000000     35.000000      8.000000      8.000000      5.000000      9.000000     -6.000000     -1.000000     17.000000     15.000000     26.000000     29.000000     -6.000000     -1.000000     21.000000     29.000000     64.000000     16.000000     11.000000     11.000000     23.000000      6.000000     20.000000     15.000000     18.000000      5.000000     10.000000     10.000000     10.000000     22.000000     -4.000000     12.000000     17.000000     22.000000     16.000000     26.000000      9.000000     57.000000     63.000000     27.000000     40.000000     66.000000     74.000000    101.000000     43.000000     20.000000     37.000000     87.000000     40.000000     17.000000     29.000000     38.000000     18.000000      3.000000     24.000000     11.000000     37.000000     26.000000    124.000000     47.000000     87.000000     12.000000     -2.000000     49.000000     21.000000     25.000000     30.000000      8.000000      5.000000      3.000000      1.000000     15.000000     41.000000     68.000000     92.000000   1265.000000   1500.000000     76.000000     42.000000     53.000000     27.000000     39.000000     30.000000     71.000000     71.000000    100.000000    134.000000    173.000000    123.000000     34.000000     32.000000     86.000000    104.000000     97.000000     73.000000     47.000000     29.000000    110.000000    128.000000     47.000000     26.000000      9.000000     12.000000     11.000000      6.000000     -7.000000      8.000000     -3.000000     -8.000000
   873.808716     73.000000     72.000000     82.000000     92.000000     95.000000     96.000000     86.000000    122.000000    114.000000    118.000000    178.000000     99.000000     53.000000     94.000000     82.000000    133.000000    120.000000    545.000000     75.000000     42.000000     50.000000     33.000000    137.000000     41.000000     33.000000    100.000000    211.000000    123.000000    104.000000    187.000000     12.000000      6.000000     35.000000     40.000000     45.000000     11.000000     33.000000     34.000000     22.000000     -2.000000      8.000000     13.000000     14.000000     14.000000     27.000000     22.000000     22.000000     21.000000     15.000000     -4.000000     -7.000000     28.000000     31.000000     50.000000     15.000000     15.000000     14.000000      0.000000      2.000000      1.000000      9.000000      1.000000      5.000000      2.000000      6.000000      6.000000     11.000000     20.000000     18.000000     21.000000     19.000000     16.000000      5.000000     27.000000     67.000000     45.000000     38.000000     26.000000     46.000000    123.000000     92.000000     35.000000     48.000000      8.000000    100.000000     25.000000     43.000000     22.000000     13.000000     16.000000     22.000000     10.000000      8.000000     41.000000     34.000000     96.000000     37.000000     48.000000     11.000000     32.000000     41.000000     15.000000     35.000000      9.000000     33.000000     33.000000     26.000000     11.000000     40.000000     16.000000     38.000000     93.000000   1279.000000   1485.000000    101.000000     42.000000     40.000000     44.000000     27.000000     27.000000     78.000000     77.000000     99.000000    136.000000    166.000000    118.000000     66.000000     43.000000     86.000000     95.000000     97.000000     66.000000     55.000000     34.000000     95.000000     97.000000     36.000000     22.000000      9.000000      2.000000      9.000000     28.000000     -1.000000     21.000000      7.000000     -2.000000
   875.181702     88.000000     77.000000     74.000000     65.000000     67.000000     89.000000    101.000000    140.000000    141.000000    133.000000    183.000000     68.000000    100.000000    109.000000     89.000000    141.000000    132.000000    491.000000     63.000000     36.000000     52.000000     27.000000    112.000000     33.000000     14.000000     89.000000    190.000000    131.000000     79.000000    155.000000     21.000000      2.000000     37.000000     31.000000     64.000000      9.000000     16.000000     24.000000     19.000000     -2.000000     -1.000000      1.000000      5.000000      6.000000      4.000000     13.000000     24.000000      2.000000     -4.000000     -5.000000      0.000000     29.000000     21.000000     55.000000     19.000000     16.000000      8.000000      7.000000     13.000000     10.000000     23.000000      7.000000      4.000000     22.000000      6.000000      1.000000      7.000000     32.000000     35.000000     20.000000     12.000000     25.000000     18.000000     44.000000     26.000000     25.000000     21.000000     14.000000     44.000000    117.000000    100.000000     40.000000     40.000000     35.000000     65.000000     32.000000     18.000000     28.000000      4.000000     21.000000      9.000000     12.000000      7.000000     37.000000     46.000000     86.000000     46.000000     73.000000     20.000000     23.000000     27.000000     20.000000     12.000000     24.000000     34.000000     31.000000     20.000000     -1.000000     26.000000     21.000000     43.000000     68.000000   1260.000000   1458.000000     90.000000     36.000000     45.000000     38.000000     29.000000     18.000000     52.000000     52.000000     89.000000    129.000000    131.000000    133.000000     43.000000     33.000000     78.000000     90.000000     99.000000     81.000000     65.000000     25.000000    101.000000     82.000000     22.000000      7.000000      7.000000      9.000000     16.000000      7.000000     10.000000      0.000000      1.000000      7.000000
   876.555176     91.000000     75.000000    106.000000     69.000000     73.000000    105.000000    101.000000    141.000000    135.000000    127.000000    176.000000     91.000000     60.000000     69.000000     97.000000    154.000000    134.000000    497.000000     98.000000     43.000000     54.000000     32.000000    134.000000     39.000000     22.000000     80.000000    210.000000    113.000000     93.000000    154.000000     28.000000     33.000000     31.000000     37.000000     45.000000     22.000000     38.000000     11.000000     19.000000      9.000000     -2.000000     -6.000000      7.000000     17.000000     16.000000      8.000000     17.000000     12.000000      8.000000     -7.000000      2.000000     33.000000     25.000000     46.000000     29.000000     31.000000    -13.000000     10.000000    -13.000000     -9.000000      1.000000     -1.000000      1.000000      7.000000      2.000000     -5.000000     -8.000000     -9.000000     -4.000000      8.000000     16.000000     24.000000     22.000000     24.000000     58.000000     53.000000     33.000000     26.000000     59.000000     94.000000    102.000000     32.000000      9.000000     21.000000     85.000000     37.000000     22.000000      9.000000     16.000000     17.000000      7.000000     27.000000      9.000000     34.000000     42.000000     89.000000     31.000000     55.000000     26.000000     13.000000     29.000000     33.000000     39.000000     37.000000     24.000000     17.000000     32.000000     19.000000      8.000000      6.000000     41.000000     66.000000   1294.000000   1505.000000     95.000000     43.000000     50.000000     29.000000     30.000000     38.000000     60.000000     45.000000    101.000000    137.000000    137.000000    118.000000     45.000000     50.000000     80.000000    106.000000     78.000000     67.000000     63.000000     42.000000     92.000000     68.000000     47.000000     29.000000     14.000000      0.000000     25.000000     18.000000     17.000000      9.000000     14.000000      9.000000
   877.929199     88.000000     60.000000     50.000000     67.000000     65.000000     79.000000     83.000000    129.000000    126.000000    121.000000    176.000000     83.000000     78.000000     79.000000    108.000000    133.000000    135.000000    491.000000     93.000000     58.000000     53.000000     37.000000     92.000000     41.000000     19.000000     92.000000    194.000000    132.000000    117.000000    141.000000     10.000000     13.000000     42.000000     46.000000     46.000000    -11.000000     37.000000     26.000000     12.000000     13.000000     -6.000000      8.000000      8.000000     19.000000      7.000000     17.000000      4.000000     20.000000     13.000000      5.000000      4.000000     32.000000     38.000000     73.000000     18.000000     12.000000     19.000000      5.000000      0.000000      4.000000     -4.000000      5.000000     10.000000      7.000000      1.000000     10.000000     17.000000     14.000000     29.000000     22.000000      3.000000     24.000000     24.000000     32.000000     58.000000     61.000000     40.000000     41.000000     53.000000    101.000000     97.000000     49.000000     19.000000      7.000000     87.000000     29.000000    -10.000000     12.000000     24.000000     17.000000      9.000000      8.000000      6.000000     18.000000     19.000000     64.000000     32.000000     85.000000     14.000000      4.000000     25.000000     32.000000     45.000000     35.000000     24.000000     41.000000     16.000000     19.000000     30.000000     40.000000     61.000000     89.000000   1180.000000   1460.000000     88.000000     58.000000     58.000000     38.000000     28.000000     22.000000     67.000000     57.000000     96.000000    154.000000    146.000000     97.000000     38.000000     28.000000     74.000000    107.000000     65.000000     51.000000     54.000000     44.000000     94.000000    112.000000     46.000000     17.000000     16.000000     19.000000     11.000000     22.000000     17.000000     14.000000     10.000000      7.000000
   879.303711     80.000000     65.000000     79.000000     74.000000     59.000000     81.000000    107.000000    117.000000    129.000000    127.000000    154.000000     75.000000     56.000000     81.000000     90.000000    150.000000    136.000000    509.000000     98.000000     53.000000     53.000000     17.000000    126.000000     32.000000     11.000000     80.000000    187.000000    144.000000     78.000000    150.000000     14.000000     14.000000     47.000000     27.000000     49.000000     -8.000000     27.000000     41.000000     13.000000      6.000000    -16.000000     -3.000000     19.000000     22.000000     21.000000      9.000000      6.000000      6.000000     15.000000      4.000000    -10.000000     40.000000     22.000000     55.000000     12.000000     15.000000     -4.000000      3.000000      3.000000      4.000000      8.000000      8.000000      0.000000      9.000000      4.000000      8.000000      4.000000     12.000000      7.000000     20.000000     -3.000000      5.000000     39.000000     37.000000     55.000000     45.000000     24.000000     21.000000     48.000000     99.000000     91.000000     31.000000     16.000000     30.000000     67.000000      6.000000     17.000000     26.000000     30.000000     13.000000    -12.000000     15.000000     18.000000     28.000000     26.000000    111.000000     37.000000     67.000000     16.000000     18.000000     41.000000     19.000000     48.000000     33.000000     17.000000     22.000000     11.000000     -3.000000     34.000000     14.000000     52.000000    105.000000   1243.000000   1396.000000     90.000000     53.000000     69.000000     46.000000     44.000000     23.000000     62.000000     51.000000    124.000000    104.000000    139.000000    117.000000     11.000000     43.000000     81.000000     77.000000     86.000000     78.000000     41.000000     49.000000     62.000000    103.000000     46.000000     33.000000     10.000000      9.000000     17.000000     19.000000    -14.000000      6.000000      3.000000     15.000000
   880.678589     90.000000     65.000000     96.000000     72.000000     86.000000     77.000000    105.000000    144.000000    146.000000    139.000000    138.000000     66.000000     69.000000     84.000000     83.000000    148.000000    126.000000    501.000000     94.000000     49.000000     46.000000     47.000000    106.000000     44.000000     22.000000     75.000000    209.000000    144.000000    106.000000    146.000000     15.000000      4.000000     42.000000     33.000000     44.000000     19.000000     26.000000     21.000000     43.000000     20.000000    -11.000000    -15.000000     -6.000000      5.000000      6.000000      0.000000      4.000000     -9.000000     23.000000      9.000000     19.000000     33.000000     24.000000     59.000000      9.000000     26.000000      8.000000     24.000000      3.000000      5.000000      2.000000     13.000000     -8.000000     10.000000     -5.000000     19.000000      6.000000     -4.000000      8.000000     13.000000     16.000000      6.000000     -4.000000     21.000000     42.000000     44.000000     23.000000     51.000000     45.000000     95.000000     86.000000     21.000000     31.000000     31.000000     68.000000     14.000000     14.000000     26.000000     30.000000     -2.000000     15.000000     15.000000      3.000000     31.000000     33.000000    100.000000     56.000000     34.000000     21.000000     27.000000     18.000000     20.000000     43.000000     31.000000     25.000000     30.000000     28.000000      1.000000      1.000000      1.000000     50.000000     80.000000   1187.000000   1418.000000     84.000000     49.000000     71.000000     21.000000     44.000000     43.000000     82.000000     67.000000    137.000000    140.000000    131.000000    110.000000     42.000000     24.000000     80.000000    122.000000     74.000000     53.000000     31.000000     53.000000     78.000000     66.000000     36.000000     22.000000      2.000000      9.000000     11.000000      6.000000      6.000000     19.000000      3.000000     14.000000
   882.054077     80.000000     58.000000    109.000000     64.000000     52.000000     69.000000     96.000000    131.000000    136.000000    111.000000    154.000000     56.000000     80.000000     65.000000    101.000000    141.000000    132.000000    531.000000     87.000000     37.000000     33.000000     45.000000    105.000000     49.000000     43.000000     53.000000    210.000000    121.000000    103.000000    126.000000     14.000000     13.000000     60.000000     54.000000     68.000000     -5.000000     24.000000     31.000000     14.000000     15.000000     14.000000      3.000000      6.000000    -15.000000      5.000000      8.000000     13.000000      8.000000     15.000000      7.000000     10.000000     61.000000     24.000000     37.000000     11.000000      4.000000     -1.000000      8.000000     14.000000      9.000000      0.000000    -14.000000     15.000000     20.000000     22.000000     19.000000     12.000000     13.000000     26.000000      9.000000      4.000000     20.000000     29.000000     35.000000     34.000000     83.000000     33.000000     38.000000     53.000000     90.000000     71.000000     52.000000     45.000000     32.000000     54.000000     18.000000     12.000000     14.000000     32.000000     -5.000000      8.000000     17.000000      4.000000     39.000000     46.000000     88.000000     49.000000     53.000000     19.000000     22.000000     28.000000     46.000000     50.000000     14.000000     34.000000     27.000000     18.000000      8.000000     10.000000     28.000000     39.000000     74.000000   1182.000000   1389.000000     60.000000     37.000000     62.000000     25.000000     36.000000     26.000000     67.000000     70.000000     91.000000    143.000000    149.000000    125.000000     39.000000     47.000000     87.000000     99.000000     54.000000     60.000000     60.000000     30.000000     93.000000     90.000000     50.000000     25.000000     15.000000      8.000000    -16.000000     -3.000000     14.000000      3.000000     12.000000     11.000000
   883.429993    104.000000     65.000000     73.000000     99.000000     58.000000     69.000000     84.000000    145.000000    118.000000    145.000000    157.000000     52.000000     94.000000     75.000000     66.000000    132.000000    111.000000    512.000000     99.000000     64.000000     54.000000     39.000000    101.000000     32.000000     27.000000     39.000000    210.000000    132.000000     88.000000    144.000000     21.000000     21.000000     31.000000     34.000000     45.000000     -6.000000     28.000000     44.000000     18.000000     12.000000     11.000000      5.000000      0.000000      8.000000      3.000000     -6.000000      5.000000      9.000000     13.000000     11.000000      0.000000     46.000000     14.000000     73.000000     13.000000     18.000000     10.000000      9.000000     13.000000     -7.000000      3.000000     -4.000000     -4.000000     -4.000000      1.000000      8.000000      9.000000      3.000000     10.000000     11.000000     27.000000     19.000000      4.000000     18.000000     47.000000     66.000000     35.000000     36.000000     61.000000     83.000000     71.000000     60.000000     27.000000     32.000000     74.000000     28.000000     25.000000     37.000000     20.000000     21.000000      7.000000     22.000000     32.000000     39.000000     41.000000     90.000000     45.000000     66.000000     12.000000     10.000000     41.000000     21.000000     49.000000     29.000000     38.000000     11.000000     -1.000000      5.000000     16.000000     12.000000     47.000000     76.000000   1142.000000   1351.000000     97.000000     64.000000     43.000000     19.000000     35.000000     30.000000     54.000000     44.000000     96.000000    111.000000    143.000000     87.000000     41.000000      3.000000     92.000000     97.000000     72.000000     64.000000     65.000000     46.000000     68.000000     79.000000     50.000000     28.000000     -4.000000      2.000000     -7.000000     12.000000     12.000000      7.000000     19.000000     11.000000
   884.806396     88.000000     46.000000     87.000000     68.000000     68.000000     41.000000     77.000000    144.000000    136.000000    105.000000    138.000000     73.000000     93.000000     87.000000     95.000000    145.000000    113.000000    441.000000     98.000000     83.000000     32.000000     24.000000    114.000000     32.000000     25.000000     83.000000    202.000000    145.000000    100.000000    154.000000     22.000000      8.000000     36.000000     32.000000     53.000000      6.000000     38.000000     10.000000     32.000000      2.000000      1.000000      5.000000     17.000000      7.000000      3.000000      0.000000      3.000000     16.000000      8.000000     11.000000     -8.000000     34.000000     30.000000     69.000000      3.000000     15.000000      3.000000     -8.000000     31.000000     21.000000      7.000000      7.000000      4.000000    -10.000000      0.000000     13.000000     -3.000000     15.000000     31.000000     27.000000     -4.000000     21.000000     44.000000     12.000000     53.000000     68.000000     59.000000     38.000000     51.000000     87.000000     78.000000     39.000000     47.000000     20.000000     67.000000     24.000000     21.000000     33.000000     20.000000     22.000000     23.000000     27.000000      4.000000     35.000000     28.000000     89.000000     35.000000     80.000000     22.000000     10.000000     15.000000     24.000000     46.000000     15.000000     42.000000     27.000000      8.000000      6.000000     15.000000     40.000000     55.000000     67.000000   1110.000000   1392.000000     95.000000     83.000000     48.000000     34.000000     15.000000     36.000000     90.000000     40.000000    111.000000    128.000000    138.000000     99.000000     37.000000     17.000000     94.000000     94.000000     77.000000     57.000000     79.000000     36.000000     94.000000     93.000000     55.000000     23.000000     11.000000     22.000000      3.000000      4.000000      3.000000     10.000000      3.000000     12.000000
   886.183289     79.000000     63.000000     62.000000     44.000000     53.000000     77.000000     90.000000    139.000000    124.000000    124.000000    142.000000     83.000000     76.000000     82.000000     96.000000    143.000000    102.000000    470.000000     70.000000     46.000000     30.000000     29.000000    116.000000     45.000000     35.000000     74.000000    188.000000    118.000000     90.000000    150.000000     -9.000000      5.000000     34.000000     30.000000     47.000000     15.000000     21.000000     24.000000     26.000000     14.000000     -5.000000     -8.000000     18.000000     16.000000     12.000000      7.000000      7.000000     11.000000     18.000000     12.000000      1.000000     23.000000     56.000000     50.000000     22.000000     14.000000     19.000000     -5.000000      8.000000      9.000000    -10.000000     16.000000     10.000000      5.000000      0.000000      8.000000     10.000000     16.000000     29.000000      2.000000      5.000000      2.000000     35.000000     26.000000     37.000000     54.000000     30.000000     29.000000     41.000000     90.000000     73.000000     22.000000     28.000000     34.000000     63.000000     25.000000     21.000000     43.000000      2.000000      7.000000     17.000000     24.000000     17.000000     42.000000     35.000000     97.000000     12.000000     51.000000      4.000000     23.000000     12.000000     15.000000     48.000000     39.000000     -1.000000     13.000000      2.000000     21.000000      3.000000     23.000000     32.000000     68.000000   1163.000000   1307.000000     83.000000     46.000000     45.000000     33.000000     16.000000     31.000000     61.000000     64.000000    104.000000    131.000000    133.000000    122.000000     47.000000     35.000000     51.000000     96.000000     65.000000     54.000000     13.000000     54.000000     81.000000     82.000000     35.000000     28.000000     21.000000     23.000000     11.000000     18.000000      3.000000      6.000000     33.000000     -1.000000
   887.560730     93.000000     84.000000     92.000000     71.000000     82.000000     80.000000     93.000000    105.000000    123.000000    121.000000    136.000000     74.000000     62.000000     95.000000     81.000000    147.000000    136.000000    427.000000    129.000000     74.000000     42.000000     21.000000    109.000000     49.000000     25.000000     73.000000    197.000000    118.000000     97.000000    140.000000      7.000000     16.000000     28.000000     37.000000     47.000000     20.000000     30.000000      9.000000     20.000000     13.000000      0.000000      5.000000     20.000000     17.000000      2.000000     -6.000000     16.000000     10.000000      4.000000      1.000000     -6.000000     27.000000     28.000000     50.000000    -14.000000      7.000000     20.000000      6.000000     10.000000     -6.000000     17.000000      5.000000      4.000000     -8.000000     15.000000      3.000000     14.000000     19.000000     23.000000     16.000000     13.000000     -3.000000      4.000000     16.000000     42.000000     55.000000     52.000000     26.000000     51.000000     98.000000     67.000000     35.000000     17.000000     52.000000     70.000000     28.000000     16.000000     25.000000     24.000000     14.000000     17.000000     22.000000      7.000000     30.000000     34.000000     99.000000     24.000000     57.000000      8.000000     17.000000     12.000000     24.000000     35.000000     59.000000     12.000000     24.000000      7.000000      8.000000     21.000000     22.000000     57.000000     61.000000   1075.000000   1340.000000     80.000000     74.000000     55.000000     45.000000     25.000000     26.000000    105.000000     61.000000     89.000000    141.000000    125.000000    121.000000      6.000000     34.000000     70.000000     92.000000     90.000000     81.000000     58.000000     25.000000     70.000000     81.000000     20.000000     12.000000     16.000000      7.000000     -3.000000     12.000000      8.000000     15.000000     -1.000000     -6.000000
   888.938477     78.000000     68.000000     60.000000     58.000000     67.000000     77.000000     93.000000    124.000000    128.000000    120.000000    142.000000     79.000000     81.000000     78.000000     80.000000    125.000000    123.000000    410.000000     96.000000     55.000000     50.000000     35.000000    118.000000     42.000000     22.000000     74.000000    173.000000    165.000000     59.000000    136.000000     10.000000     -2.000000     31.000000     36.000000     45.000000     23.000000     29.000000     29.000000     23.000000     -6.000000      7.000000     13.000000     17.000000     16.000000     17.000000     27.000000     21.000000      4.000000      7.000000      4.000000    -12.000000     24.000000     20.000000     40.000000     17.000000     12.000000      5.000000      8.000000     17.000000      2.000000    -10.000000     -6.000000    -10.000000      0.000000     16.000000      3.000000     12.000000      9.000000     18.000000     19.000000     16.000000      9.000000     27.000000     18.000000     38.000000     54.000000     41.000000     21.000000     55.000000     49.000000     82.000000     38.000000     16.000000     40.000000     58.000000     36.000000     13.000000     23.000000     21.000000     11.000000     -1.000000     -4.000000      3.000000     28.000000     31.000000     98.000000     35.000000     46.000000     13.000000     23.000000     11.000000     21.000000     27.000000     26.000000      5.000000     16.000000     13.000000      2.000000     20.000000      6.000000     59.000000     68.000000   1066.000000   1237.000000     84.000000     55.000000     35.000000     45.000000     20.000000     25.000000     65.000000     73.000000     89.000000    148.000000    118.000000     81.000000     54.000000     47.000000     82.000000     89.000000     82.000000     41.000000     38.000000     43.000000     90.000000     80.000000     37.000000     22.000000     15.000000     24.000000     20.000000     17.000000     -2.000000     23.000000     -8.000000      9.000000
   890.316772     75.000000     55.000000     70.000000     50.000000     53.000000     67.000000    107.000000    136.000000    128.000000    117.000000    130.000000     67.000000     41.000000     60.000000     86.000000    139.000000    134.000000    424.000000    100.000000     40.000000     32.000000     30.000000    116.000000     44.000000     34.000000     61.000000    163.000000    121.000000     74.000000    130.000000     29.000000      8.000000     28.000000     21.000000     68.000000      1.000000     21.000000     53.000000     23.000000      9.000000      5.000000     13.000000     30.000000     10.000000     27.000000      7.000000      9.000000     25.000000     15.000000     -1.000000      1.000000     32.000000     27.000000     53.000000     14.000000     20.000000     20.000000      0.000000     -7.000000     15.000000      1.000000      6.000000      3.000000      7.000000     32.000000     18.000000     10.000000      8.000000     -3.000000     18.000000     22.000000     13.000000     17.000000     25.000000     50.000000     49.000000     26.000000     19.000000     39.000000     90.000000     83.000000     37.000000     25.000000     14.000000     58.000000     22.000000      5.000000      9.000000     26.000000      7.000000     12.000000     31.000000      7.000000      0.000000     35.000000     99.000000     43.000000     50.000000     -2.000000     -1.000000      3.000000     35.000000     43.000000     35.000000     13.000000     21.000000      3.000000     -1.000000     20.000000     22.000000     49.000000     78.000000   1117.000000   1258.000000     77.000000     40.000000     62.000000     43.000000     24.000000     36.000000     65.000000     70.000000     87.000000    119.000000    113.000000    121.000000     27.000000     29.000000     59.000000     92.000000     60.000000     56.000000     29.000000     35.000000     97.000000     83.000000     40.000000     22.000000      3.000000      2.000000     23.000000     22.000000     13.000000      8.000000      8.000000      1.000000
   891.695618     86.000000     64.000000     71.000000     69.000000     55.000000     62.000000     68.000000    107.000000     99.000000    120.000000    140.000000     83.000000     83.000000     49.000000     68.000000    136.000000    122.000000    414.000000    111.000000     67.000000     25.000000     32.000000     58.000000     56.000000     56.000000     72.000000    202.000000    117.000000     64.000000    138.000000      5.000000     32.000000     25.000000     44.000000     38.000000     16.000000      9.000000     24.000000     25.000000     -2.000000     -2.000000    -11.000000     15.000000     17.000000     10.000000     15.000000      2.000000      4.000000      3.000000      1.000000     -3.000000     28.000000      7.000000     50.000000     19.000000     15.000000      3.000000     13.000000     19.000000      7.000000      4.000000     -7.000000     -6.000000     -7.000000      8.000000     18.000000     12.000000      1.000000      1.000000     12.000000     15.000000      2.000000     40.000000     13.000000     20.000000     44.000000     27.000000     49.000000     50.000000     60.000000     59.000000     35.000000     24.000000     32.000000     49.000000     14.000000     16.000000     14.000000     13.000000     13.000000     -1.000000     26.000000    -15.000000     36.000000     16.000000     84.000000     40.000000     57.000000     14.000000     17.000000     20.000000     22.000000     21.000000     34.000000     20.000000     15.000000     16.000000     14.000000     19.000000     36.000000     50.000000     60.000000   1056.000000   1180.000000     62.000000     67.000000     46.000000     42.000000      9.000000     12.000000     72.000000     70.000000     87.000000    111.000000    125.000000    103.000000     31.000000     42.000000     73.000000    111.000000     78.000000     48.000000     42.000000     38.000000     60.000000     74.000000     54.000000     44.000000     14.000000      3.000000     11.000000     10.000000     -8.000000     13.000000     -3.000000      2.000000
   893.074829     67.000000     61.000000     63.000000     50.000000     55.000000     62.000000     68.000000    104.000000    112.000000    111.000000    129.000000     59.000000     72.000000     69.000000     82.000000    135.000000     94.000000    389.000000     75.000000     50.000000     17.000000     44.000000    104.000000     40.000000     20.000000     60.000000    159.000000    106.000000     82.000000    128.000000      9.000000     14.000000     53.000000     42.000000     43.000000     16.000000     29.000000     17.000000     17.000000     -1.000000     22.000000     15.000000      7.000000     15.000000     21.000000     12.000000     23.000000     18.000000      2.000000     -3.000000     -4.000000     29.000000     23.000000     54.000000      0.000000     -7.000000      0.000000      6.000000     10.000000      5.000000     13.000000      7.000000    -13.000000    -14.000000     16.000000      0.000000    -13.000000      5.000000      7.000000     -4.000000      8.000000     -4.000000      5.000000     42.000000     28.000000     46.000000     32.000000     31.000000     50.000000     70.000000     77.000000     34.000000     23.000000      9.000000     45.000000     16.000000      0.000000     13.000000     17.000000     11.000000     14.000000     10.000000     20.000000     30.000000     22.000000     87.000000     43.000000     72.000000      7.000000      9.000000     22.000000     23.000000     25.000000     27.000000     29.000000     15.000000     25.000000     10.000000      9.000000     25.000000     38.000000     63.000000    975.000000   1189.000000     82.000000     50.000000     41.000000     27.000000     22.000000     39.000000     68.000000     58.000000     80.000000     98.000000    111.000000    102.000000     42.000000     33.000000     47.000000     72.000000     50.000000     67.000000     47.000000     43.000000     75.000000     76.000000     28.000000     25.000000      2.000000     13.000000      9.000000     16.000000      9.000000      5.000000     10.000000     15.000000
   894.454590     93.000000     75.000000     74.000000     40.000000     50.000000     64.000000     78.000000    102.000000    127.000000    120.000000    140.000000     59.000000     40.000000     60.000000     55.000000    105.000000     97.000000    438.000000     89.000000     52.000000     27.000000     18.000000     74.000000     40.000000     33.000000     76.000000    142.000000     98.000000     69.000000    121.000000      7.000000     12.000000     49.000000     38.000000     50.000000      9.000000     34.000000     40.000000     23.000000     -1.000000     -5.000000      6.000000      6.000000      1.000000      7.000000     -8.000000     14.000000     30.000000     11.000000     13.000000      0.000000     35.000000     28.000000     42.000000     -7.000000      7.000000     24.000000      2.000000      1.000000     -4.000000     11.000000     11.000000     11.000000     11.000000    -15.000000      8.000000      3.000000     12.000000     19.000000      0.000000     13.000000     14.000000      7.000000     12.000000     38.000000     40.000000      8.000000     15.000000     20.000000     92.000000     93.000000     21.000000     30.000000      9.000000     71.000000     11.000000      2.000000     14.000000      6.000000     10.000000      9.000000     29.000000     14.000000     35.000000     37.000000     73.000000     54.000000     30.000000     27.000000     16.000000      9.000000     14.000000     58.000000     31.000000     20.000000     30.000000     35.000000      7.000000      2.000000     17.000000     48.000000     65.000000    940.000000   1166.000000     77.000000     52.000000     40.000000     30.000000     27.000000     31.000000     57.000000     59.000000    106.000000    106.000000    114.000000     76.000000     36.000000     32.000000     59.000000     72.000000     74.000000     31.000000     36.000000     43.000000     60.000000     78.000000     21.000000     17.000000      4.000000      3.000000     30.000000     26.000000     -9.000000     22.000000     10.000000      4.000000
   895.834778     63.000000     72.000000     97.000000     50.000000     47.000000     61.000000     76.000000    106.000000    108.000000    120.000000    119.000000     55.000000     59.000000     71.000000     70.000000     68.000000    102.000000    357.000000     77.000000     43.000000     44.000000     22.000000    111.000000     50.000000     15.000000     54.000000    181.000000    127.000000     83.000000    124.000000     19.000000     16.000000     43.000000     25.000000     32.000000     12.000000      9.000000     44.000000     27.000000     -2.000000     13.000000     22.000000      4.000000     15.000000     18.000000     12.000000     20.000000     21.000000     16.000000     10.000000      5.000000     17.000000     18.000000     48.000000      7.000000     -1.000000     -9.000000     11.000000      2.000000     -1.000000     12.000000     -6.000000     -4.000000      4.000000     -2.000000     -4.000000     -3.000000    -13.000000     -2.000000      9.000000     -4.000000      4.000000     18.000000      7.000000     43.000000     32.000000     26.000000     29.000000     56.000000     60.000000     61.000000     27.000000     13.000000      3.000000     55.000000     13.000000      0.000000     19.000000     22.000000     18.000000     -3.000000     18.000000      2.000000     32.000000     25.000000     91.000000     15.000000     45.000000     -4.000000     16.000000     26.000000     29.000000     47.000000     29.000000     21.000000     35.000000     13.000000     -3.000000     13.000000      0.000000     58.000000     51.000000    904.000000   1119.000000     69.000000     43.000000     33.000000     32.000000      5.000000     -9.000000     62.000000     63.000000     85.000000    107.000000    116.000000     77.000000     18.000000     28.000000     57.000000     68.000000     58.000000     31.000000     43.000000     21.000000     64.000000     76.000000     19.000000     28.000000    -12.000000      8.000000     14.000000     19.000000     -6.000000      6.000000      3.000000      5.000000
   897.215576     66.000000     52.000000     60.000000     57.000000     64.000000     68.000000     78.000000    109.000000     93.000000    140.000000    127.000000     57.000000     58.000000     76.000000     56.000000    100.000000    107.000000    374.000000     58.000000     38.000000     22.000000      3.000000     88.000000     32.000000     34.000000     57.000000    161.000000    115.000000     53.000000    132.000000     21.000000     17.000000     26.000000      4.000000     46.000000      7.000000     29.000000     37.000000     22.000000      2.000000      5.000000     10.000000      5.000000     -4.000000      0.000000     -6.000000     19.000000     21.000000     12.000000    -10.000000     -7.000000     17.000000     14.000000     34.000000     -4.000000     34.000000     27.000000      7.000000      6.000000     16.000000     12.000000      7.000000    -15.000000     -6.000000     -8.000000     -2.000000      6.000000      1.000000     20.000000     13.000000      5.000000     12.000000     17.000000     37.000000     40.000000     36.000000     37.000000     24.000000     41.000000     73.000000     56.000000     38.000000     35.000000     20.000000     36.000000     22.000000     19.000000      4.000000     33.000000     13.000000    -18.000000     12.000000      8.000000     19.000000     40.000000     86.000000     29.000000     54.000000     24.000000     16.000000     22.000000     11.000000     32.000000     14.000000     17.000000     15.000000      2.000000     -1.000000     28.000000     12.000000     14.000000     46.000000    952.000000   1220.000000     57.000000     38.000000     34.000000     46.000000     -5.000000     27.000000     48.000000     51.000000     88.000000     92.000000    108.000000    111.000000     39.000000     16.000000     48.000000     80.000000     68.000000     59.000000     30.000000     37.000000     98.000000     83.000000     23.000000     16.000000     -5.000000      3.000000      8.000000     13.000000     11.000000     26.000000    -20.000000     -2.000000
   898.596802     53.000000     51.000000     55.000000     46.000000     44.000000     58.000000     69.000000     80.000000    118.000000    110.000000    106.000000     51.000000     74.000000     51.000000     65.000000    144.000000     80.000000    341.000000     75.000000     39.000000     35.000000     37.000000    102.000000     38.000000     22.000000     58.000000    152.000000    101.000000     71.000000    103.000000     13.000000      6.000000     22.000000     17.000000     40.000000     -1.000000     20.000000     27.000000     21.000000     -8.000000     25.000000      8.000000     -1.000000     14.000000     17.000000     17.000000     18.000000     15.000000     10.000000      4.000000     14.000000     36.000000     38.000000     35.000000      3.000000     -4.000000     -1.000000     15.000000     17.000000      0.000000      2.000000      6.000000     11.000000      0.000000      5.000000    -20.000000      2.000000     -3.000000      3.000000      9.000000     -5.000000     20.000000     22.000000     18.000000     44.000000     52.000000     34.000000     27.000000     44.000000     79.000000     76.000000     32.000000     13.000000     15.000000     62.000000     27.000000     22.000000     34.000000     31.000000     16.000000     -2.000000     10.000000      1.000000     29.000000     25.000000     73.000000     18.000000     55.000000     15.000000      4.000000     14.000000     24.000000     34.000000     35.000000     20.000000     15.000000      4.000000      3.000000     15.000000      1.000000     36.000000     60.000000    928.000000   1143.000000     59.000000     39.000000     30.000000     24.000000     24.000000     27.000000     59.000000     57.000000    101.000000     71.000000    111.000000    103.000000     41.000000     31.000000     64.000000     99.000000     60.000000     47.000000     57.000000     29.000000     77.000000     64.000000     37.000000     30.000000     10.000000     16.000000     14.000000     22.000000     -3.000000     12.000000      8.000000     13.000000
   899.978516     49.000000     41.000000     65.000000     66.000000     47.000000     57.000000     72.000000    129.000000    101.000000     99.000000    129.000000     57.000000     62.000000     58.000000     87.000000    111.000000     79.000000    406.000000     74.000000     44.000000     43.000000     29.000000     90.000000     34.000000     21.000000     56.000000    119.000000     83.000000     62.000000    103.000000     14.000000     24.000000     32.000000     27.000000     49.000000     -5.000000     31.000000     17.000000     16.000000     -2.000000      0.000000      1.000000     13.000000      4.000000     12.000000      2.000000     12.000000     10.000000     21.000000      3.000000     -5.000000     26.000000     40.000000     53.000000     16.000000    -11.000000     -3.000000      3.000000      5.000000     -2.000000      7.000000     13.000000     -8.000000      3.000000    -13.000000      6.000000      1.000000      0.000000     20.000000      4.000000      3.000000     22.000000      9.000000      4.000000     32.000000     55.000000     29.000000     26.000000     37.000000     75.000000     62.000000     21.000000     25.000000     39.000000     48.000000     10.000000     21.000000     21.000000     -4.000000      3.000000      4.000000    -12.000000     -5.000000     30.000000     38.000000     89.000000     38.000000     48.000000      7.000000      9.000000     19.000000      7.000000     32.000000     23.000000      5.000000     13.000000      9.000000      4.000000      1.000000     26.000000     47.000000     62.000000    872.000000   1161.000000     59.000000     44.000000     63.000000     31.000000     20.000000     16.000000     45.000000     43.000000     88.000000     96.000000    122.000000     79.000000     37.000000     30.000000     58.000000     67.000000     64.000000     45.000000     52.000000     45.000000     85.000000     76.000000     32.000000      5.000000     12.000000      5.000000     -5.000000      2.000000     12.000000      5.000000      3.000000     21.000000
   901.360596     66.000000     56.000000     54.000000     70.000000     43.000000     64.000000     85.000000     92.000000    110.000000     98.000000    104.000000     64.000000     28.000000     66.000000     69.000000     93.000000     92.000000    356.000000     84.000000     50.000000     34.000000     20.000000     88.000000     31.000000     26.000000     44.000000    160.000000     73.000000     63.000000     98.000000      5.000000      8.000000     26.000000     45.000000     44.000000     11.000000     17.000000     25.000000     28.000000     -4.000000      2.000000      1.000000    -14.000000     13.000000     13.000000      6.000000     24.000000     14.000000      0.000000      6.000000     -2.000000      4.000000     20.000000     69.000000     -6.000000      8.000000     -5.000000     13.000000     10.000000      9.000000      9.000000     19.000000     -7.000000     12.000000     -1.000000      5.000000     -1.000000     15.000000      7.000000     11.000000      6.000000     13.000000     37.000000     24.000000     41.000000     48.000000     21.000000     28.000000     46.000000     50.000000     82.000000     23.000000     22.000000     30.000000     30.000000     17.000000      5.000000     26.000000     33.000000      5.000000      2.000000      6.000000     -1.000000     19.000000     11.000000     55.000000     29.000000     86.000000     16.000000     24.000000      6.000000      7.000000     28.000000     31.000000     19.000000     12.000000     13.000000     -5.000000     16.000000     29.000000     45.000000     43.000000    909.000000   1063.000000     40.000000     50.000000     21.000000     35.000000     22.000000     17.000000     54.000000     45.000000    101.000000     96.000000    128.000000     83.000000     17.000000     22.000000     53.000000     65.000000     63.000000     35.000000     22.000000     39.000000     73.000000     66.000000     27.000000      7.000000     19.000000     18.000000     13.000000     16.000000      6.000000      4.000000      4.000000     24.000000
   902.743286     43.000000     55.000000     32.000000     64.000000     43.000000     68.000000     96.000000     87.000000    109.000000     81.000000    137.000000     55.000000     60.000000     49.000000     57.000000    111.000000    118.000000    352.000000     58.000000     37.000000     33.000000     21.000000     78.000000     31.000000     21.000000     67.000000    159.000000     81.000000     72.000000     94.000000     17.000000      0.000000     18.000000     17.000000     61.000000     -3.000000     26.000000     28.000000     31.000000      6.000000     -2.000000     18.000000      9.000000     13.000000     11.000000      1.000000     24.000000     12.000000     12.000000     -5.000000      9.000000     -6.000000     10.000000     33.000000      7.000000     16.000000     -2.000000      9.000000     -4.000000     -4.000000      0.000000     10.000000     -3.000000     15.000000      8.000000     28.000000      5.000000     -5.000000     11.000000      1.000000      3.000000     11.000000     13.000000     12.000000     50.000000     21.000000     27.000000     21.000000     46.000000     68.000000     54.000000     24.000000     19.000000     24.000000     58.000000     15.000000     26.000000      8.000000     14.000000     11.000000     11.000000     11.000000      0.000000     13.000000     11.000000     59.000000     39.000000     33.000000     -4.000000     19.000000     18.000000     34.000000     24.000000     30.000000     28.000000     38.000000     13.000000      7.000000     17.000000     23.000000     42.000000     55.000000    957.000000   1104.000000     57.000000     37.000000     20.000000     51.000000      8.000000     23.000000     42.000000     46.000000     73.000000    104.000000     78.000000    110.000000     45.000000     14.000000     46.000000     68.000000     61.000000     71.000000     35.000000     27.000000     71.000000     61.000000     19.000000      9.000000     -2.000000    -12.000000      3.000000     25.000000     15.000000      1.000000     -1.000000      1.000000
   904.126404     67.000000     47.000000     49.000000     40.000000     52.000000     59.000000     54.000000     87.000000    102.000000    128.000000    110.000000     74.000000     59.000000     44.000000     61.000000    104.000000     93.000000    345.000000     76.000000     28.000000     38.000000     24.000000     87.000000     19.000000     15.000000     62.000000    152.000000     91.000000     88.000000    112.000000      5.000000      9.000000     39.000000     26.000000     53.000000     -6.000000     22.000000     34.000000      0.000000    -14.000000      8.000000     -2.000000      4.000000     20.000000      1.000000      4.000000      1.000000      9.000000    -13.000000     -7.000000    -12.000000     32.000000     19.000000     24.000000      3.000000     14.000000     11.000000      7.000000      7.000000      5.000000     -3.000000      9.000000     -6.000000      6.000000      5.000000      5.000000     12.000000     12.000000     16.000000     31.000000     22.000000     16.000000     16.000000      7.000000     19.000000     24.000000     30.000000     14.000000     33.000000     75.000000     58.000000     26.000000     20.000000      8.000000     46.000000     14.000000      5.000000      3.000000     12.000000      3.000000     19.000000      8.000000     -6.000000     31.000000     18.000000     57.000000     24.000000     51.000000     35.000000     14.000000     10.000000     10.000000     37.000000     18.000000     15.000000      2.000000      9.000000     -4.000000     20.000000     21.000000     18.000000     39.000000    926.000000   1108.000000     54.000000     28.000000     58.000000     53.000000     24.000000     24.000000     49.000000     42.000000     87.000000     87.000000    116.000000     79.000000     14.000000     21.000000     61.000000     69.000000     61.000000     61.000000     21.000000     30.000000     41.000000     89.000000     23.000000      6.000000     12.000000     15.000000     14.000000     33.000000      7.000000      0.000000      9.000000      3.000000
   905.510010     69.000000     51.000000     46.000000     49.000000     38.000000     48.000000     70.000000     91.000000    104.000000     95.000000    106.000000     66.000000     31.000000     48.000000     63.000000    120.000000     94.000000    335.000000     70.000000     24.000000     28.000000     23.000000    101.000000     22.000000     37.000000     62.000000    161.000000     99.000000     63.000000     95.000000     23.000000     12.000000     25.000000     39.000000     19.000000      6.000000     23.000000     25.000000     15.000000      1.000000     11.000000     27.000000     29.000000      7.000000     13.000000     12.000000     20.000000     28.000000     11.000000     12.000000      3.000000     32.000000     10.000000     37.000000     -3.000000     24.000000      5.000000     19.000000     17.000000    -17.000000      7.000000     -3.000000      5.000000      9.000000      8.000000     11.000000     11.000000     -4.000000      9.000000      5.000000     -1.000000      7.000000     12.000000     16.000000     34.000000     45.000000     14.000000     11.000000     43.000000     57.000000     57.000000     21.000000     41.000000     15.000000     54.000000     14.000000      9.000000     -3.000000      5.000000     20.000000     27.000000      6.000000      9.000000      3.000000     24.000000     75.000000     28.000000     52.000000      1.000000     -1.000000      7.000000     29.000000     21.000000     26.000000     32.000000     12.000000      1.000000      8.000000     22.000000     21.000000     67.000000     31.000000    862.000000    996.000000     62.000000     24.000000     35.000000     20.000000     28.000000     35.000000     55.000000     49.000000     93.000000     86.000000     78.000000    107.000000     21.000000      8.000000     48.000000     69.000000     48.000000     14.000000     46.000000     36.000000     69.000000     65.000000     26.000000     23.000000     11.000000     10.000000      5.000000     19.000000     12.000000     -8.000000     20.000000     15.000000
   906.893982     72.000000     62.000000     48.000000     63.000000     32.000000     28.000000     60.000000    106.000000     98.000000    101.000000    124.000000     41.000000     66.000000     62.000000     60.000000     87.000000     97.000000    367.000000     94.000000     43.000000     35.000000     37.000000     79.000000     28.000000     13.000000     41.000000    137.000000     89.000000     70.000000    105.000000     17.000000     -7.000000     30.000000     13.000000     34.000000      0.000000     26.000000     30.000000      4.000000      3.000000      7.000000      6.000000      2.000000     25.000000     28.000000     13.000000     -1.000000      1.000000      7.000000      0.000000     -2.000000     33.000000     26.000000     39.000000      0.000000     27.000000     10.000000      2.000000      4.000000     -1.000000     -9.000000     15.000000      8.000000     14.000000     -6.000000      5.000000     10.000000     23.000000     10.000000     22.000000     19.000000     15.000000     17.000000     17.000000     37.000000     27.000000     31.000000     33.000000     41.000000     82.000000     38.000000     14.000000     12.000000     20.000000     56.000000     18.000000      0.000000      8.000000     40.000000     32.000000     12.000000     10.000000     -3.000000     12.000000     27.000000     39.000000     13.000000     39.000000      6.000000      9.000000     25.000000     13.000000     37.000000     32.000000     29.000000     27.000000     18.000000      0.000000     31.000000     19.000000     45.000000     60.000000    913.000000   1167.000000     73.000000     43.000000     36.000000     42.000000     14.000000     19.000000     58.000000     51.000000     97.000000    102.000000    101.000000     67.000000     23.000000      6.000000     16.000000     79.000000     59.000000     38.000000     33.000000     23.000000     56.000000     56.000000     35.000000     22.000000     16.000000     26.000000     -6.000000      2.000000      1.000000      8.000000    -10.000000     11.000000
   908.278625     81.000000     20.000000     59.000000     55.000000     49.000000     45.000000     66.000000    121.000000     97.000000     86.000000    110.000000     57.000000     62.000000     56.000000     43.000000    114.000000     94.000000    364.000000     53.000000     38.000000     31.000000     41.000000     79.000000     32.000000     16.000000     44.000000    132.000000    110.000000     74.000000    108.000000     29.000000     18.000000     31.000000     14.000000     50.000000    -10.000000     26.000000     18.000000     17.000000     -1.000000     -2.000000     -1.000000     -1.000000      1.000000      8.000000     15.000000     13.000000     11.000000      9.000000     13.000000      2.000000     16.000000      8.000000     31.000000      8.000000     19.000000     18.000000      7.000000      7.000000    -10.000000     -1.000000      3.000000      5.000000     -2.000000     14.000000      1.000000      8.000000    -10.000000    -12.000000      1.000000      1.000000      9.000000     15.000000     16.000000     29.000000     52.000000     26.000000      7.000000     34.000000     47.000000     57.000000     34.000000     12.000000     24.000000     59.000000      5.000000     13.000000      7.000000     28.000000     11.000000      9.000000     11.000000     20.000000     16.000000     34.000000     51.000000     42.000000     36.000000      6.000000     16.000000     19.000000      7.000000     26.000000     26.000000     12.000000     17.000000      6.000000      3.000000     16.000000     15.000000     27.000000     66.000000    884.000000   1064.000000     50.000000     38.000000     22.000000     21.000000     28.000000     32.000000     34.000000     43.000000     83.000000     94.000000    104.000000     81.000000     31.000000     31.000000     39.000000     54.000000     58.000000     15.000000     29.000000     30.000000     63.000000     63.000000     37.000000     14.000000      3.000000    -14.000000      4.000000     24.000000      8.000000     16.000000     -5.000000     -8.000000
   909.663696     80.000000     26.000000     54.000000     69.000000     49.000000     43.000000     73.000000     94.000000     98.000000     80.000000    109.000000     55.000000     55.000000     48.000000     71.000000    100.000000     93.000000    351.000000     52.000000     27.000000     63.000000      4.000000     65.000000     17.000000      3.000000     45.000000    138.000000     95.000000     65.000000    106.000000     21.000000      5.000000     29.000000     18.000000     48.000000      2.000000     15.000000     23.000000     11.000000      2.000000     14.000000     13.000000     16.000000      7.000000      8.000000     -1.000000      4.000000      5.000000      5.000000      9.000000      1.000000     36.000000     19.000000     46.000000     13.000000     13.000000      8.000000      7.000000      4.000000      2.000000     18.000000     -1.000000     -2.000000     19.000000     20.000000      6.000000     18.000000      3.000000      0.000000     15.000000     23.000000     12.000000     12.000000     23.000000     28.000000     28.000000     41.000000     29.000000     28.000000     83.000000     59.000000     34.000000      6.000000     25.000000     51.000000      3.000000     15.000000     -2.000000     17.000000      7.000000      6.000000     10.000000      0.000000      2.000000     26.000000     44.000000     24.000000     43.000000     10.000000      4.000000     31.000000     35.000000     29.000000     12.000000     16.000000     32.000000      1.000000     11.000000     27.000000     13.000000     49.000000     70.000000    848.000000    978.000000     45.000000     27.000000     46.000000     27.000000     12.000000     13.000000     48.000000     46.000000    104.000000     96.000000    116.000000     84.000000     17.000000     10.000000     41.000000     57.000000     72.000000     28.000000     28.000000     24.000000     64.000000     40.000000     33.000000     15.000000      7.000000      8.000000      6.000000     16.000000      7.000000      8.000000     18.000000      6.000000
   911.049194     82.000000     35.000000     64.000000     57.000000     59.000000     45.000000     63.000000     84.000000     85.000000     96.000000    104.000000     49.000000     47.000000     49.000000     54.000000     91.000000     89.000000    344.000000     50.000000     25.000000     18.000000     36.000000     74.000000     17.000000     22.000000     49.000000    142.000000     88.000000     61.000000    104.000000      7.000000      5.000000     12.000000     39.000000     35.000000      9.000000     22.000000     29.000000     17.000000      9.000000     11.000000     24.000000      9.000000     -6.000000     -8.000000    -13.000000      8.000000     20.000000      8.000000      6.000000      8.000000     30.000000     40.000000     29.000000      7.000000      0.000000    -16.000000    -10.000000      2.000000      8.000000      8.000000     -5.000000     -1.000000      5.000000      7.000000     20.000000      9.000000     12.000000      3.000000     11.000000     10.000000     12.000000     13.000000      7.000000     29.000000     20.000000     33.000000     36.000000     36.000000     58.000000     50.000000     30.000000     16.000000     10.000000     43.000000      7.000000     25.000000     15.000000     12.000000     24.000000    -13.000000      3.000000     15.000000     16.000000     23.000000     63.000000     33.000000     42.000000      4.000000     10.000000     12.000000     18.000000     12.000000     36.000000     16.000000     18.000000     17.000000     11.000000     19.000000      7.000000     45.000000     36.000000    786.000000   1062.000000     39.000000     25.000000     16.000000     54.000000     13.000000     17.000000     64.000000     55.000000     61.000000     68.000000     83.000000     92.000000     15.000000     25.000000     67.000000     70.000000     49.000000     32.000000     29.000000     11.000000     50.000000     56.000000     46.000000     22.000000     13.000000     27.000000     -3.000000     11.000000      4.000000      4.000000     -2.000000      1.000000
   912.435181     42.000000     56.000000     60.000000     59.000000     30.000000     51.000000     77.000000     74.000000    103.000000     98.000000    118.000000     68.000000     59.000000     43.000000     25.000000    109.000000    124.000000    338.000000     81.000000     37.000000     25.000000     22.000000     71.000000      9.000000     25.000000     43.000000    126.000000     81.000000     58.000000     91.000000     13.000000     17.000000     24.000000     14.000000     37.000000     14.000000     23.000000     28.000000     18.000000      8.000000     13.000000      3.000000     11.000000      9.000000     10.000000      8.000000     20.000000     10.000000      0.000000     -1.000000     18.000000     21.000000     34.000000     46.000000      5.000000     23.000000     13.000000      6.000000      6.000000     14.000000     -2.000000     10.000000      3.000000     21.000000      6.000000     16.000000      3.000000     11.000000     15.000000     13.000000     18.000000      7.000000     20.000000      9.000000     33.000000     37.000000     33.000000     25.000000     26.000000     47.000000     45.000000     17.000000     15.000000     16.000000     41.000000     19.000000      0.000000      7.000000     15.000000     25.000000      0.000000      7.000000     -2.000000     23.000000     27.000000     57.000000     10.000000     32.000000     15.000000     22.000000     17.000000     25.000000      1.000000     11.000000      7.000000     30.000000     17.000000     -6.000000     11.000000     16.000000     44.000000     58.000000    819.000000    962.000000     43.000000     37.000000     27.000000     18.000000     20.000000     20.000000     60.000000     34.000000     76.000000     91.000000     89.000000     80.000000     34.000000     19.000000     73.000000     75.000000     49.000000     64.000000     38.000000     25.000000     81.000000     66.000000      9.000000     10.000000     13.000000     10.000000      9.000000     16.000000     13.000000     -2.000000      3.000000      6.000000
   913.821716     52.000000     48.000000     45.000000     55.000000     48.000000     43.000000     66.000000     94.000000    100.000000    105.000000    106.000000     48.000000     73.000000     69.000000     58.000000     93.000000     90.000000    317.000000     83.000000     22.000000     22.000000     29.000000     54.000000     21.000000     10.000000     33.000000    140.000000    104.000000     76.000000    104.000000     -4.000000     13.000000     17.000000     13.000000     27.000000      5.000000     13.000000     22.000000     24.000000     19.000000      6.000000     -4.000000      5.000000     -5.000000      5.000000      3.000000      0.000000      6.000000      7.000000      9.000000    -10.000000     15.000000     23.000000     30.000000      5.000000      8.000000      7.000000     -3.000000      1.000000      9.000000     15.000000      1.000000     20.000000     18.000000      2.000000     -7.000000     13.000000     14.000000     13.000000     17.000000      4.000000     33.000000      4.000000     23.000000     31.000000     36.000000     22.000000     31.000000     38.000000     45.000000     40.000000     33.000000     28.000000     34.000000     55.000000      5.000000     25.000000      7.000000     13.000000     14.000000      8.000000      4.000000     -3.000000      6.000000     18.000000     61.000000     34.000000     48.000000      4.000000     17.000000     12.000000     15.000000     23.000000     17.000000     32.000000     24.000000      1.000000      4.000000     27.000000     29.000000     31.000000     59.000000    767.000000    958.000000     43.000000     22.000000     17.000000     16.000000     20.000000     19.000000     51.000000     45.000000     76.000000     80.000000     97.000000     71.000000     23.000000     20.000000     56.000000     56.000000     39.000000     34.000000     29.000000     17.000000     72.000000     54.000000      7.000000     13.000000     21.000000     11.000000     11.000000     15.000000     -9.000000     11.000000      9.000000     -2.000000
   915.208618     40.000000     66.000000     49.000000     53.000000     45.000000     52.000000     41.000000    100.000000     91.000000     74.000000     80.000000     55.000000     67.000000     50.000000     72.000000     97.000000     88.000000    332.000000     53.000000     22.000000     27.000000     23.000000     76.000000     25.000000     11.000000     54.000000    148.000000    103.000000     82.000000    100.000000      5.000000     14.000000     27.000000     17.000000     22.000000     14.000000     16.000000     26.000000     -6.000000     10.000000      3.000000      7.000000      5.000000     15.000000      6.000000      6.000000      6.000000      4.000000      4.000000     -1.000000     -4.000000     28.000000      9.000000     49.000000      6.000000     16.000000      5.000000      4.000000      7.000000     21.000000     10.000000     23.000000      2.000000      9.000000      0.000000     12.000000     25.000000     27.000000     17.000000     13.000000     10.000000      0.000000     -1.000000      6.000000     38.000000     27.000000      6.000000     11.000000     45.000000     46.000000     41.000000     19.000000     18.000000     22.000000     45.000000     23.000000      8.000000     12.000000     -9.000000     14.000000      3.000000     21.000000      5.000000     17.000000      6.000000     70.000000      8.000000     47.000000     26.000000      2.000000      8.000000     28.000000     -1.000000     46.000000      2.000000      9.000000      9.000000      4.000000     16.000000     14.000000     37.000000     47.000000    773.000000    872.000000     38.000000     22.000000      7.000000     29.000000     18.000000     24.000000     67.000000     47.000000     72.000000     66.000000     67.000000     62.000000     25.000000     21.000000     50.000000     50.000000     17.000000     49.000000     41.000000     43.000000     59.000000     61.000000     29.000000     21.000000     22.000000     15.000000      2.000000      7.000000     10.000000      5.000000     13.000000     27.000000
   916.596130     69.000000     41.000000     33.000000     51.000000     57.000000     45.000000     50.000000     82.000000     52.000000     67.000000     84.000000     58.000000     46.000000     51.000000     51.000000     68.000000     69.000000    310.000000     56.000000     53.000000     39.000000     20.000000     71.000000     19.000000     21.000000     48.000000    115.000000     97.000000     79.000000    102.000000      2.000000     -2.000000     20.000000     19.000000     25.000000     12.000000     21.000000      1.000000      8.000000     -6.000000      3.000000      0.000000     -1.000000      9.000000     -3.000000      7.000000      9.000000      7.000000     11.000000     -6.000000      0.000000      5.000000     27.000000     23.000000      4.000000     21.000000     11.000000      3.000000      5.000000      5.000000     16.000000      6.000000      7.000000      2.000000     10.000000      5.000000      7.000000     10.000000     10.000000     14.000000     11.000000     14.000000     29.000000     24.000000     32.000000     21.000000     37.000000     14.000000     42.000000     36.000000     56.000000     24.000000     23.000000     32.000000     51.000000     11.000000     29.000000     16.000000     10.000000     16.000000     -9.000000     16.000000     -6.000000      4.000000      5.000000     54.000000     14.000000     51.000000     32.000000     12.000000     -3.000000      2.000000     30.000000     25.000000     14.000000      5.000000     15.000000     11.000000     23.000000     21.000000     16.000000     27.000000    775.000000    921.000000     30.000000     53.000000     28.000000     26.000000     -3.000000     19.000000     48.000000     26.000000     77.000000     82.000000    100.000000     81.000000     28.000000     17.000000     31.000000     74.000000     57.000000     34.000000     36.000000      5.000000     51.000000     73.000000     27.000000     17.000000      9.000000     15.000000     11.000000     20.000000      0.000000     10.000000      0.000000      7.000000
   917.984009     58.000000     32.000000     53.000000     65.000000     50.000000     32.000000     54.000000     80.000000     92.000000     92.000000    100.000000     52.000000     44.000000     42.000000     58.000000     96.000000    105.000000    302.000000     79.000000     36.000000     44.000000      9.000000     60.000000     24.000000     19.000000     43.000000    106.000000     74.000000     55.000000    113.000000     13.000000     -3.000000     26.000000     33.000000     31.000000     -7.000000     18.000000     18.000000     22.000000      6.000000      2.000000      1.000000      1.000000      2.000000     -4.000000      4.000000     14.000000      5.000000      5.000000     18.000000     17.000000     24.000000     24.000000     37.000000     15.000000     11.000000     15.000000     -4.000000     11.000000      9.000000      5.000000      7.000000      1.000000      0.000000     -4.000000    -15.000000    -11.000000     12.000000     14.000000      0.000000     -1.000000      3.000000     -9.000000     -6.000000     20.000000     29.000000     19.000000     20.000000     46.000000     30.000000     53.000000     25.000000     13.000000      1.000000     49.000000     25.000000     11.000000      1.000000     21.000000      1.000000     23.000000     12.000000      7.000000     16.000000     35.000000     56.000000     36.000000     36.000000     11.000000     11.000000     15.000000     13.000000      4.000000     15.000000     12.000000      3.000000     11.000000     13.000000     38.000000      5.000000     25.000000     28.000000    712.000000    868.000000     22.000000     36.000000     34.000000     14.000000     16.000000      2.000000     50.000000     29.000000     52.000000     58.000000     75.000000     59.000000     25.000000     20.000000     32.000000     57.000000     75.000000     21.000000     36.000000     17.000000     70.000000     53.000000     32.000000     21.000000     20.000000      5.000000      1.000000     16.000000      4.000000      2.000000     29.000000      9.000000
   919.372375     64.000000     30.000000     39.000000     25.000000     34.000000     48.000000     37.000000     75.000000     74.000000     92.000000     78.000000     33.000000     57.000000     40.000000     55.000000     93.000000     61.000000    279.000000     36.000000     32.000000     36.000000      2.000000     82.000000      9.000000     23.000000     47.000000    114.000000     65.000000     51.000000     87.000000      1.000000     11.000000     27.000000     30.000000     29.000000     11.000000     19.000000     21.000000     20.000000     -1.000000     13.000000      5.000000      8.000000      9.000000      5.000000      0.000000     19.000000     10.000000     10.000000     -8.000000      8.000000     21.000000     12.000000     26.000000     16.000000     18.000000     -8.000000      5.000000     -4.000000      4.000000     -8.000000     -7.000000    -12.000000     29.000000     -4.000000    -14.000000    -15.000000     14.000000     15.000000      2.000000    -20.000000     -1.000000     24.000000     23.000000     32.000000     16.000000     30.000000     23.000000     42.000000     65.000000     58.000000     15.000000     26.000000      9.000000     46.000000     21.000000      6.000000      5.000000     18.000000      7.000000     12.000000      5.000000     -9.000000     19.000000     16.000000     63.000000     13.000000     49.000000     16.000000     23.000000     13.000000     39.000000     22.000000     34.000000      3.000000     14.000000     -9.000000     13.000000     12.000000     12.000000     40.000000     40.000000    691.000000    884.000000     50.000000     32.000000     33.000000     21.000000     19.000000      2.000000     67.000000     25.000000     83.000000     62.000000     82.000000     65.000000     14.000000     10.000000     40.000000     65.000000     46.000000     21.000000     31.000000      7.000000     40.000000     61.000000     12.000000     13.000000     19.000000      2.000000     -7.000000     11.000000      3.000000      5.000000     14.000000     12.000000
   920.761292     56.000000     27.000000     37.000000     39.000000     42.000000     61.000000     60.000000     77.000000     71.000000     73.000000     92.000000     33.000000     33.000000     20.000000     58.000000     50.000000     58.000000    273.000000     43.000000     31.000000     18.000000     18.000000     53.000000     13.000000     -7.000000     52.000000    121.000000     72.000000     36.000000     58.000000     16.000000     19.000000     20.000000     27.000000     22.000000    -11.000000     25.000000      3.000000     18.000000      6.000000      3.000000     -1.000000     10.000000      7.000000     24.000000     12.000000     16.000000      2.000000      4.000000      1.000000      6.000000      3.000000     25.000000     28.000000     -3.000000     -2.000000     -2.000000     15.000000     15.000000      1.000000      9.000000     -4.000000      5.000000      3.000000     -1.000000      8.000000      4.000000      5.000000    -11.000000    -12.000000     -3.000000    -10.000000     24.000000     12.000000     46.000000     18.000000     33.000000     14.000000     39.000000     43.000000     53.000000     32.000000     16.000000     32.000000     36.000000     -9.000000      1.000000     27.000000     24.000000      1.000000      8.000000     11.000000     12.000000     18.000000     12.000000     33.000000     16.000000     23.000000     17.000000     19.000000     13.000000      2.000000     26.000000     32.000000     12.000000     14.000000     11.000000    -10.000000     18.000000      7.000000     11.000000     20.000000    734.000000    795.000000     74.000000     31.000000     22.000000     27.000000     10.000000     12.000000     24.000000     27.000000     60.000000     67.000000     84.000000     78.000000     11.000000     26.000000     46.000000     39.000000     39.000000     18.000000     12.000000     21.000000     38.000000     43.000000     23.000000     13.000000     14.000000      6.000000     16.000000     34.000000      7.000000      0.000000     21.000000     17.000000
   922.150574     51.000000     53.000000     42.000000     35.000000     37.000000     14.000000     59.000000     69.000000     80.000000     74.000000     97.000000     38.000000     35.000000     37.000000     67.000000     86.000000     65.000000    297.000000     42.000000     23.000000     31.000000     15.000000     66.000000     16.000000     14.000000     53.000000    127.000000     83.000000     38.000000     58.000000     24.000000    -12.000000     23.000000     14.000000     35.000000     12.000000     21.000000      5.000000     11.000000     -3.000000      5.000000     -9.000000     21.000000      3.000000      3.000000     -5.000000      2.000000      1.000000      7.000000     -5.000000     -3.000000     10.000000     30.000000     34.000000     -8.000000      1.000000      0.000000     12.000000     -5.000000     11.000000      2.000000      0.000000    -19.000000     11.000000     16.000000     -4.000000      5.000000      8.000000     18.000000      0.000000     10.000000      2.000000     25.000000     10.000000     24.000000     35.000000     25.000000     29.000000     37.000000     46.000000     38.000000     28.000000      9.000000     28.000000     59.000000      8.000000      7.000000     14.000000     15.000000     16.000000      9.000000     13.000000      5.000000     26.000000     11.000000     56.000000     13.000000     38.000000     13.000000      1.000000     17.000000     15.000000      4.000000     12.000000     -4.000000     10.000000     19.000000     19.000000     16.000000     14.000000     49.000000     54.000000    690.000000    874.000000     42.000000     23.000000     19.000000     31.000000     -8.000000      1.000000     43.000000     40.000000     64.000000     67.000000     66.000000     70.000000     15.000000     13.000000     30.000000     61.000000     51.000000     32.000000     44.000000     26.000000     49.000000     66.000000     29.000000      9.000000      0.000000      9.000000      2.000000     13.000000     10.000000     -2.000000     -2.000000     10.000000
   923.540527     50.000000     38.000000     36.000000     42.000000     14.000000     44.000000     61.000000     69.000000     84.000000     96.000000     89.000000     34.000000     28.000000     54.000000     67.000000     85.000000     47.000000    269.000000     48.000000     33.000000     28.000000     15.000000     61.000000      3.000000     13.000000     26.000000    105.000000     89.000000     46.000000    102.000000      7.000000     -2.000000     12.000000     22.000000     24.000000     -2.000000     13.000000     19.000000     16.000000     -4.000000      2.000000     -1.000000     25.000000      2.000000     11.000000      1.000000      5.000000      6.000000     -6.000000      7.000000     -1.000000     25.000000     32.000000     23.000000     15.000000      1.000000      7.000000     10.000000      8.000000     13.000000      3.000000      2.000000     10.000000    -14.000000    -14.000000      2.000000      0.000000     -3.000000    -16.000000    -10.000000      1.000000     -2.000000      9.000000      2.000000     37.000000     33.000000     19.000000      4.000000     20.000000     26.000000     43.000000     23.000000     16.000000      9.000000     27.000000     15.000000     17.000000     -6.000000     19.000000     21.000000     -5.000000     15.000000     -2.000000      0.000000    -15.000000     63.000000     19.000000     44.000000      4.000000    -10.000000     20.000000     18.000000     38.000000      9.000000     10.000000     29.000000      5.000000      3.000000     17.000000     11.000000     52.000000     46.000000    616.000000    826.000000     28.000000     33.000000     25.000000      9.000000     13.000000     14.000000     39.000000     45.000000     47.000000     74.000000     94.000000     73.000000     29.000000     11.000000     39.000000     59.000000     22.000000     35.000000     25.000000     17.000000     56.000000     39.000000     27.000000     20.000000      1.000000      8.000000      9.000000     14.000000     25.000000      4.000000     -3.000000      3.000000
   924.930786     44.000000     32.000000     35.000000      6.000000     45.000000     43.000000     40.000000     74.000000     82.000000     81.000000     90.000000     53.000000     42.000000     50.000000     71.000000     77.000000     85.000000    274.000000     64.000000     25.000000     18.000000     18.000000     81.000000     25.000000      3.000000     27.000000    100.000000     73.000000     51.000000     79.000000      8.000000      7.000000     17.000000     22.000000     35.000000     -1.000000     11.000000      4.000000      5.000000     15.000000     14.000000      9.000000     -9.000000      8.000000    -12.000000     -6.000000     -4.000000     -1.000000      3.000000    -22.000000     -7.000000     17.000000     12.000000     14.000000      3.000000     10.000000     20.000000     16.000000      3.000000      3.000000      0.000000     -4.000000      3.000000      7.000000     -2.000000      0.000000      5.000000     15.000000      6.000000    -12.000000      2.000000      9.000000      8.000000      5.000000     18.000000     12.000000     31.000000      8.000000     28.000000     22.000000     55.000000     36.000000     -9.000000      6.000000     28.000000     18.000000     12.000000     12.000000     20.000000     10.000000     13.000000     13.000000      9.000000     39.000000     20.000000     59.000000     16.000000     28.000000      7.000000      0.000000     37.000000     19.000000     21.000000     13.000000     10.000000      4.000000      5.000000      3.000000     14.000000     17.000000     27.000000     33.000000    697.000000    820.000000     55.000000     25.000000     25.000000      8.000000     14.000000     13.000000     35.000000     27.000000     62.000000     61.000000     62.000000     75.000000     36.000000     18.000000     22.000000     48.000000     42.000000     45.000000     22.000000     35.000000     45.000000     77.000000     15.000000     13.000000     -2.000000     -4.000000      5.000000     14.000000     10.000000     -1.000000      8.000000     11.000000
   926.321594     80.000000     22.000000     47.000000     48.000000     43.000000     36.000000     47.000000     64.000000     80.000000     93.000000     90.000000     31.000000     59.000000     28.000000     46.000000     89.000000     63.000000    238.000000     70.000000     31.000000     18.000000     12.000000     69.000000     34.000000     17.000000     39.000000     96.000000     85.000000     35.000000     76.000000      1.000000      8.000000      9.000000     32.000000     24.000000     -6.000000      7.000000     16.000000     14.000000     -6.000000     -3.000000      1.000000      9.000000      5.000000      2.000000    -12.000000     -1.000000      9.000000     16.000000      8.000000     -8.000000     26.000000     11.000000     51.000000    -12.000000      4.000000     14.000000     18.000000      2.000000     21.000000    -23.000000     14.000000     22.000000     -1.000000      0.000000     16.000000      7.000000     -9.000000      5.000000     13.000000      8.000000     13.000000      7.000000     18.000000     27.000000     39.000000     11.000000     16.000000     26.000000     40.000000     34.000000     27.000000     17.000000     22.000000     38.000000     22.000000     10.000000     19.000000      3.000000     20.000000     12.000000     10.000000     -2.000000     29.000000     38.000000     47.000000      3.000000     21.000000     14.000000      7.000000     19.000000     10.000000     21.000000     29.000000      6.000000     19.000000     13.000000      5.000000     22.000000     24.000000     12.000000     34.000000    682.000000    747.000000     54.000000     31.000000     37.000000     14.000000     10.000000     11.000000     41.000000     21.000000     68.000000     63.000000     55.000000     57.000000     -4.000000     22.000000     44.000000     49.000000     25.000000     21.000000     33.000000      3.000000     54.000000     67.000000     26.000000     34.000000     -1.000000      2.000000     16.000000      5.000000     12.000000     18.000000      7.000000     15.000000
   927.712891     37.000000     36.000000     48.000000     15.000000     41.000000     51.000000     46.000000     90.000000     76.000000     69.000000     86.000000     44.000000     64.000000     47.000000     34.000000     76.000000     63.000000    286.000000     44.000000     23.000000     15.000000     13.000000     54.000000     10.000000     23.000000     21.000000    102.000000     72.000000     46.000000     71.000000     10.000000     -6.000000      1.000000      8.000000     26.000000      1.000000      9.000000     22.000000      9.000000     -5.000000      8.000000      2.000000      0.000000      0.000000    -13.000000    -10.000000     12.000000     13.000000     12.000000      4.000000      3.000000     19.000000     27.000000     18.000000     -4.000000     -1.000000     12.000000    -10.000000      6.000000      8.000000     13.000000      5.000000     -3.000000      4.000000    -11.000000      1.000000      4.000000      0.000000     14.000000     -6.000000      2.000000      1.000000      8.000000      7.000000     23.000000     34.000000     31.000000     25.000000     36.000000     40.000000     46.000000     22.000000     43.000000     21.000000     20.000000     14.000000      5.000000     23.000000     17.000000      8.000000    -11.000000      7.000000     -6.000000     19.000000     29.000000     74.000000     22.000000     24.000000      0.000000      3.000000     19.000000     10.000000      9.000000     29.000000      7.000000     16.000000     15.000000      8.000000      1.000000     -3.000000      3.000000     21.000000    637.000000    760.000000     39.000000     23.000000      5.000000      5.000000      1.000000     -1.000000     30.000000     28.000000     47.000000     67.000000     53.000000     45.000000     28.000000     16.000000     44.000000     35.000000     46.000000     23.000000     36.000000     20.000000     47.000000     65.000000     10.000000     17.000000      4.000000     -1.000000     22.000000     10.000000     24.000000      6.000000      1.000000    -27.000000
   929.104614     28.000000     60.000000     64.000000     49.000000     28.000000     37.000000     53.000000     59.000000     58.000000     78.000000     56.000000     46.000000     48.000000     51.000000     43.000000     70.000000     67.000000    256.000000     47.000000     17.000000     35.000000      8.000000     72.000000      9.000000     16.000000     33.000000    101.000000     57.000000     34.000000     58.000000      6.000000     -5.000000     14.000000     11.000000     38.000000     -1.000000     26.000000     20.000000      9.000000      6.000000      2.000000      2.000000     20.000000     -5.000000      5.000000     -1.000000      5.000000     10.000000     11.000000     -8.000000     -1.000000     14.000000     16.000000     16.000000      2.000000     20.000000      6.000000    -14.000000     11.000000     -4.000000     -2.000000      4.000000      3.000000     23.000000     -2.000000      4.000000      5.000000     -6.000000     18.000000      9.000000     10.000000     14.000000     16.000000     22.000000     17.000000     22.000000     24.000000     26.000000     15.000000     26.000000     49.000000     16.000000     12.000000      3.000000     34.000000      7.000000      6.000000     -9.000000      5.000000      4.000000      8.000000     28.000000     -9.000000     25.000000     31.000000     47.000000     33.000000     42.000000     -7.000000     12.000000     21.000000     18.000000     20.000000     25.000000     11.000000     -3.000000     -7.000000      5.000000     20.000000      8.000000     30.000000     27.000000    646.000000    788.000000     47.000000     17.000000     24.000000     16.000000     -3.000000      7.000000     44.000000     35.000000     65.000000     62.000000     64.000000     54.000000     21.000000     42.000000     40.000000     34.000000     29.000000     36.000000     32.000000     18.000000     64.000000     45.000000     20.000000     11.000000      9.000000      0.000000     22.000000     17.000000      2.000000     -8.000000      6.000000      7.000000
   930.496826     32.000000     49.000000     28.000000     46.000000     29.000000     41.000000     55.000000     65.000000     69.000000     59.000000     98.000000     43.000000     41.000000     44.000000     32.000000     75.000000     70.000000    261.000000     46.000000     25.000000      8.000000     20.000000     49.000000     22.000000     -4.000000     54.000000    106.000000     72.000000     50.000000     66.000000      6.000000     11.000000     11.000000     14.000000      6.000000     -4.000000     18.000000     18.000000     -1.000000    -13.000000      7.000000      9.000000     11.000000    -10.000000      4.000000      3.000000     18.000000     14.000000     -2.000000     -4.000000      1.000000     42.000000     18.000000     20.000000      8.000000      6.000000     -2.000000     22.000000     -1.000000      2.000000     10.000000    -23.000000      0.000000      2.000000    -10.000000      0.000000     -6.000000     14.000000     16.000000    -17.000000      1.000000     -6.000000      6.000000     -1.000000     32.000000     32.000000     28.000000     32.000000     28.000000     39.000000     56.000000      5.000000     29.000000     -1.000000     33.000000     21.000000     10.000000     18.000000     11.000000      1.000000      7.000000      2.000000     20.000000     17.000000     10.000000     53.000000     38.000000     37.000000      3.000000      3.000000     19.000000     19.000000      8.000000     21.000000      0.000000     13.000000      9.000000      3.000000      8.000000     12.000000     29.000000     38.000000    620.000000    742.000000     30.000000     25.000000     22.000000     43.000000      9.000000     11.000000     39.000000     31.000000     86.000000     82.000000     69.000000     37.000000     10.000000     29.000000     33.000000     45.000000     52.000000     39.000000     28.000000     14.000000     38.000000     46.000000     41.000000     24.000000     10.000000     -3.000000      4.000000     24.000000      9.000000     -3.000000     12.000000      2.000000
   931.889587     32.000000     42.000000     33.000000     40.000000     41.000000     36.000000     31.000000     63.000000     50.000000     55.000000     61.000000     45.000000     31.000000     34.000000     65.000000     75.000000     95.000000    200.000000     45.000000     41.000000     13.000000     34.000000     51.000000     17.000000      1.000000     32.000000     97.000000     58.000000     32.000000     72.000000      0.000000     11.000000     11.000000     13.000000     21.000000     17.000000     17.000000     17.000000     14.000000     -8.000000      1.000000     -4.000000     16.000000      8.000000      6.000000     -8.000000      5.000000      3.000000      1.000000     -1.000000     11.000000     26.000000     21.000000     35.000000     18.000000     -3.000000     14.000000     -8.000000     10.000000     -4.000000     -2.000000      8.000000      3.000000     -7.000000     -1.000000      0.000000     15.000000     10.000000     -3.000000     12.000000     26.000000     21.000000     15.000000      9.000000     14.000000     34.000000     11.000000     10.000000     29.000000     60.000000     34.000000     22.000000      5.000000      8.000000     22.000000     10.000000      1.000000     35.000000     23.000000      9.000000     -2.000000      7.000000      8.000000      4.000000      7.000000     36.000000      4.000000     31.000000      5.000000     11.000000      4.000000      6.000000     11.000000     10.000000     15.000000     14.000000     15.000000      3.000000     25.000000     15.000000     36.000000     27.000000    590.000000    757.000000     57.000000     41.000000     20.000000     18.000000     13.000000     18.000000     42.000000     18.000000     67.000000     63.000000     74.000000     27.000000     23.000000      7.000000     43.000000     46.000000     45.000000     37.000000     38.000000     21.000000     23.000000     58.000000     37.000000      6.000000      4.000000     17.000000     17.000000     11.000000      2.000000     -2.000000     -2.000000      9.000000
   933.282776     28.000000     43.000000      9.000000     37.000000     45.000000     32.000000     48.000000     92.000000     77.000000     89.000000     79.000000     45.000000     46.000000     32.000000     47.000000     51.000000     90.000000    228.000000     40.000000     14.000000     12.000000      4.000000     47.000000     21.000000     15.000000     31.000000    104.000000     82.000000     34.000000     91.000000     13.000000      4.000000    -14.000000     18.000000     21.000000    -14.000000     13.000000     35.000000     13.000000      1.000000     13.000000      9.000000      8.000000    -16.000000     -2.000000    -12.000000     21.000000     14.000000      4.000000     21.000000      8.000000     23.000000     15.000000     35.000000      5.000000      9.000000     11.000000     13.000000      6.000000      6.000000     13.000000      7.000000     16.000000      9.000000    -14.000000     11.000000     -8.000000      2.000000     12.000000     -2.000000      6.000000     -3.000000     37.000000     24.000000     33.000000     18.000000     11.000000     12.000000     36.000000     19.000000     35.000000     33.000000     10.000000     14.000000     29.000000     18.000000      5.000000     -2.000000     27.000000     12.000000      9.000000     15.000000     21.000000     11.000000      2.000000     47.000000     15.000000     41.000000     13.000000     16.000000      6.000000      7.000000     26.000000     15.000000      8.000000     12.000000     15.000000      1.000000     17.000000     10.000000     30.000000     29.000000    563.000000    724.000000     39.000000     14.000000     18.000000     12.000000     26.000000     14.000000     39.000000     27.000000     78.000000     34.000000     63.000000     59.000000     16.000000      8.000000     36.000000     48.000000     43.000000     11.000000     14.000000     46.000000     52.000000     55.000000     19.000000      8.000000      2.000000      7.000000     14.000000     30.000000     -6.000000     -1.000000      0.000000      5.000000
   934.676514     44.000000     37.000000     47.000000     32.000000     35.000000     38.000000     41.000000     78.000000     79.000000     67.000000     70.000000     34.000000     33.000000     39.000000     41.000000     86.000000     62.000000    199.000000     49.000000     42.000000     11.000000     33.000000     42.000000     12.000000      4.000000     21.000000     97.000000     85.000000     39.000000     76.000000      7.000000      4.000000     15.000000     14.000000     26.000000     -4.000000     28.000000     25.000000     12.000000      6.000000     -1.000000     -6.000000    -10.000000     11.000000     -9.000000      2.000000      4.000000      4.000000     14.000000      3.000000      6.000000     27.000000     38.000000     22.000000     16.000000     12.000000      7.000000     13.000000    -11.000000     -4.000000      5.000000     -2.000000     10.000000     -3.000000      7.000000      4.000000     -7.000000      1.000000      2.000000      9.000000      1.000000     12.000000      4.000000     13.000000     30.000000      3.000000     15.000000     12.000000     33.000000     50.000000     26.000000      2.000000     15.000000     30.000000     31.000000      0.000000      0.000000     10.000000     11.000000     11.000000     17.000000      4.000000     -4.000000     13.000000      6.000000     51.000000     25.000000     16.000000     16.000000     11.000000      9.000000     19.000000      6.000000      5.000000    -11.000000     10.000000      8.000000     10.000000      6.000000     16.000000     32.000000     44.000000    557.000000    671.000000     36.000000     42.000000      9.000000     21.000000     16.000000      8.000000     52.000000     39.000000     44.000000     70.000000     53.000000     48.000000     17.000000     15.000000     52.000000     37.000000     43.000000     35.000000     26.000000     18.000000     47.000000     59.000000     25.000000     29.000000     -3.000000      0.000000     -1.000000     -5.000000     14.000000     -2.000000     10.000000      4.000000
   936.070679     50.000000     34.000000     37.000000     34.000000     23.000000     35.000000     16.000000     63.000000     79.000000     84.000000     79.000000     34.000000     42.000000     30.000000     34.000000     81.000000     43.000000    223.000000     35.000000     37.000000     14.000000     13.000000     68.000000     11.000000      1.000000     54.000000     87.000000     68.000000     24.000000     57.000000      8.000000     -1.000000      8.000000      7.000000     17.000000      5.000000      9.000000      8.000000     -4.000000     -2.000000     14.000000      1.000000     -1.000000    -14.000000      0.000000      0.000000     15.000000     10.000000     -1.000000      3.000000     -8.000000     22.000000     22.000000     28.000000     11.000000     18.000000      2.000000      0.000000     -5.000000      4.000000     14.000000     12.000000      8.000000    -10.000000      0.000000     15.000000      9.000000     12.000000     11.000000     13.000000     17.000000     12.000000     10.000000     19.000000      4.000000     23.000000     25.000000     -1.000000     35.000000     41.000000     31.000000      9.000000     15.000000     11.000000     18.000000     39.000000      4.000000     12.000000     23.000000     20.000000      9.000000      8.000000    -16.000000     28.000000     30.000000     48.000000     24.000000     37.000000     17.000000     -6.000000      6.000000     -5.000000     22.000000      0.000000     17.000000      4.000000     12.000000      6.000000      2.000000     13.000000     12.000000     52.000000    560.000000    710.000000     22.000000     37.000000      8.000000     19.000000     29.000000     24.000000     26.000000     30.000000     45.000000     42.000000     47.000000     51.000000     27.000000      0.000000     45.000000     22.000000     46.000000     38.000000      8.000000      5.000000     51.000000     38.000000     30.000000     24.000000     25.000000     18.000000     10.000000     11.000000     -4.000000     -4.000000      6.000000      4.000000
   937.465271     33.000000     33.000000     42.000000     29.000000     44.000000     54.000000     48.000000     37.000000     57.000000     53.000000     78.000000     35.000000     19.000000     48.000000     34.000000     40.000000     64.000000    185.000000     69.000000     19.000000     18.000000      6.000000     63.000000     10.000000     14.000000     36.000000     88.000000     62.000000     25.000000     60.000000     21.000000     16.000000     18.000000     21.000000      8.000000     -2.000000      4.000000     31.000000     15.000000     11.000000     14.000000     18.000000     13.000000      7.000000     14.000000     11.000000     22.000000     23.000000     -7.000000      5.000000      3.000000     22.000000     18.000000     26.000000      5.000000     10.000000      8.000000     19.000000      1.000000     -3.000000     18.000000     -9.000000      0.000000     21.000000     -4.000000    -13.000000     10.000000     -5.000000      8.000000     12.000000      6.000000     10.000000      8.000000     17.000000     17.000000     23.000000      6.000000     10.000000     30.000000     44.000000     21.000000      9.000000     24.000000     15.000000     27.000000     19.000000      4.000000     26.000000     13.000000     11.000000     -7.000000      6.000000     25.000000     30.000000     30.000000     49.000000     31.000000     27.000000     15.000000      2.000000      0.000000     22.000000     -8.000000     15.000000     12.000000     23.000000      4.000000      3.000000      8.000000     -2.000000     31.000000     34.000000    588.000000    678.000000     31.000000     19.000000     23.000000     26.000000     15.000000      7.000000     34.000000     40.000000     55.000000     64.000000     56.000000     53.000000     13.000000     10.000000     44.000000     38.000000     11.000000     24.000000     42.000000     15.000000     41.000000     38.000000      7.000000      4.000000      5.000000      5.000000     11.000000     12.000000     -5.000000      4.000000     -1.000000      4.000000
   938.860413     51.000000     36.000000     37.000000     31.000000     21.000000     29.000000     25.000000     72.000000     61.000000     51.000000    101.000000     38.000000     33.000000     55.000000     50.000000     57.000000     79.000000    217.000000     42.000000     35.000000     25.000000      5.000000     44.000000      3.000000     17.000000     32.000000     88.000000     45.000000     36.000000     33.000000      3.000000     -1.000000     10.000000     27.000000     14.000000     16.000000      3.000000     22.000000     12.000000      8.000000    -10.000000      0.000000      0.000000     10.000000      7.000000     -2.000000      2.000000      6.000000      7.000000     -9.000000     -1.000000      6.000000      3.000000     13.000000     -1.000000      9.000000     13.000000     -5.000000     -6.000000      1.000000      4.000000     11.000000      8.000000      5.000000      1.000000      8.000000     -4.000000     32.000000     18.000000     14.000000      1.000000      6.000000     12.000000     -6.000000     35.000000     17.000000     10.000000     34.000000      9.000000     42.000000     37.000000     24.000000     11.000000      0.000000     29.000000     19.000000      2.000000     12.000000     18.000000     15.000000      0.000000     13.000000      3.000000     25.000000     13.000000     55.000000     19.000000     34.000000     19.000000      8.000000     20.000000     24.000000     12.000000     18.000000     20.000000     15.000000     -4.000000     12.000000      9.000000     11.000000     19.000000     16.000000    527.000000    672.000000     17.000000     35.000000     18.000000     24.000000      1.000000      6.000000     37.000000     24.000000     49.000000     48.000000     37.000000     35.000000     19.000000      7.000000     43.000000     31.000000     44.000000     22.000000     41.000000      5.000000     43.000000     56.000000     25.000000      9.000000     15.000000      9.000000     17.000000     14.000000     -1.000000      0.000000      7.000000     17.000000
   940.255981     38.000000     47.000000     32.000000     33.000000     71.000000     38.000000     39.000000     60.000000     69.000000     63.000000     66.000000      8.000000     11.000000     21.000000     47.000000     50.000000     64.000000    196.000000     33.000000     33.000000      7.000000     16.000000     36.000000      9.000000      8.000000     34.000000     94.000000     54.000000     34.000000     49.000000     21.000000     -1.000000     18.000000     22.000000     22.000000     -4.000000     12.000000      6.000000     33.000000     -2.000000     -6.000000      0.000000      9.000000     -5.000000     -2.000000      6.000000     16.000000     11.000000     18.000000     16.000000      0.000000     14.000000      8.000000     34.000000      7.000000      7.000000     -1.000000      9.000000      7.000000     -2.000000     14.000000     -6.000000      2.000000     -9.000000      8.000000     11.000000     -5.000000     -1.000000      9.000000      1.000000    -11.000000    -10.000000      2.000000     -1.000000     16.000000      3.000000    -12.000000     19.000000     18.000000     35.000000     48.000000     17.000000     14.000000     14.000000     15.000000     14.000000      4.000000     10.000000      7.000000     18.000000      5.000000     12.000000     -6.000000     -2.000000      4.000000     44.000000     20.000000     43.000000      9.000000    -18.000000     -4.000000    -10.000000     14.000000     23.000000     19.000000      2.000000     16.000000      2.000000     13.000000      1.000000     25.000000     22.000000    505.000000    596.000000     47.000000     33.000000     13.000000     11.000000     17.000000      2.000000     42.000000     25.000000     42.000000     45.000000     55.000000     56.000000     16.000000     13.000000     36.000000     36.000000     45.000000     18.000000     35.000000     -3.000000     40.000000     42.000000     14.000000     -2.000000      0.000000      5.000000      7.000000      5.000000      6.000000     -3.000000     -1.000000      8.000000
   941.652100     54.000000     28.000000     26.000000     15.000000      9.000000     53.000000     24.000000     59.000000     49.000000     67.000000     49.000000     35.000000     30.000000     48.000000     34.000000     38.000000     44.000000    216.000000     48.000000     13.000000     21.000000      4.000000     47.000000     16.000000      8.000000     34.000000     79.000000     38.000000     29.000000     47.000000      1.000000     20.000000     14.000000     25.000000     11.000000      4.000000      0.000000     23.000000     14.000000    -23.000000     -5.000000     -8.000000      3.000000     -1.000000      4.000000      3.000000      0.000000      7.000000     13.000000      9.000000    -13.000000     15.000000     18.000000     28.000000      8.000000      4.000000      3.000000      4.000000      7.000000      4.000000      2.000000     10.000000      6.000000     -2.000000     -5.000000     12.000000     -4.000000     -2.000000     -1.000000     -4.000000    -11.000000     -1.000000      8.000000     16.000000     22.000000     16.000000     13.000000     20.000000     16.000000     38.000000     29.000000      5.000000     10.000000     16.000000     29.000000      9.000000     20.000000     17.000000      2.000000     20.000000      3.000000      5.000000    -11.000000     -3.000000    -15.000000     41.000000     20.000000     29.000000     21.000000     -9.000000      3.000000     30.000000     12.000000     41.000000     16.000000     10.000000     12.000000      5.000000      8.000000      4.000000     21.000000     39.000000    490.000000    637.000000     42.000000     13.000000     31.000000     13.000000     -3.000000      8.000000     39.000000     24.000000     41.000000     29.000000     42.000000     45.000000      0.000000      9.000000     33.000000     22.000000     27.000000     24.000000     22.000000     33.000000     29.000000     40.000000     21.000000     11.000000     -6.000000      6.000000     12.000000     11.000000      0.000000     -1.000000     17.000000     -3.000000
   943.048584     28.000000     31.000000     24.000000     36.000000     39.000000     23.000000     39.000000     61.000000     66.000000     73.000000     69.000000     39.000000     43.000000     30.000000     43.000000     63.000000     47.000000    175.000000     60.000000     29.000000     30.000000     18.000000     49.000000      5.000000      4.000000     37.000000     72.000000     48.000000     28.000000     54.000000     29.000000      8.000000     10.000000     25.000000     10.000000      3.000000     19.000000      0.000000      9.000000    -12.000000     17.000000      0.000000      5.000000      2.000000     20.000000      8.000000     10.000000     -1.000000      6.000000      9.000000     -2.000000     24.000000     25.000000     17.000000     13.000000      4.000000     -6.000000     -5.000000     10.000000     -3.000000     -1.000000     -1.000000     -6.000000     14.000000      1.000000      6.000000      6.000000      0.000000      2.000000     -6.000000     -3.000000      2.000000     17.000000      0.000000     15.000000     27.000000     14.000000     14.000000     18.000000     41.000000     58.000000     27.000000     -4.000000      9.000000     43.000000      9.000000     17.000000     -3.000000    -12.000000     17.000000     11.000000      9.000000     11.000000     24.000000     20.000000     36.000000     23.000000     19.000000      5.000000    -13.000000     -1.000000     15.000000     12.000000     21.000000     13.000000     -1.000000     13.000000      8.000000      4.000000      1.000000      7.000000     20.000000    424.000000    561.000000     39.000000     29.000000     24.000000     10.000000     14.000000      5.000000     41.000000     24.000000     63.000000     42.000000     74.000000     49.000000      6.000000      0.000000     36.000000     30.000000     30.000000     35.000000     14.000000     10.000000     47.000000     28.000000     26.000000      4.000000     -5.000000     12.000000     13.000000     21.000000      3.000000     -1.000000     18.000000     10.000000
   944.445679     47.000000     24.000000     45.000000     26.000000     25.000000     36.000000     33.000000     56.000000     83.000000     64.000000     65.000000     13.000000     38.000000     28.000000     41.000000     45.000000     36.000000    195.000000     49.000000     28.000000     21.000000      3.000000     49.000000      0.000000     22.000000     21.000000     77.000000     55.000000     34.000000     41.000000      1.000000      9.000000     15.000000     19.000000     19.000000     -6.000000     24.000000     17.000000      0.000000      7.000000     -9.000000      2.000000     16.000000      4.000000      4.000000     -4.000000     -1.000000      1.000000     18.000000      7.000000      4.000000     16.000000     12.000000     23.000000     10.000000     14.000000     -3.000000     13.000000     18.000000      5.000000      6.000000      0.000000      8.000000     -2.000000      0.000000      9.000000     16.000000      1.000000      6.000000     37.000000     10.000000      7.000000     15.000000     10.000000     10.000000     19.000000     18.000000     16.000000     25.000000     20.000000     22.000000      6.000000     27.000000     12.000000     22.000000      1.000000      3.000000     -4.000000     17.000000     24.000000     16.000000     26.000000    -17.000000      9.000000     10.000000     50.000000     17.000000     38.000000     12.000000      4.000000     10.000000     15.000000     21.000000     10.000000      7.000000     13.000000      4.000000     21.000000     10.000000     14.000000     13.000000     31.000000    492.000000    596.000000     24.000000     28.000000     20.000000      2.000000      5.000000      2.000000     37.000000     51.000000     39.000000     54.000000     55.000000     55.000000     10.000000      6.000000     21.000000     44.000000     16.000000     13.000000     16.000000     19.000000     30.000000     29.000000     18.000000      1.000000      2.000000      5.000000     12.000000      3.000000      9.000000      9.000000     29.000000     12.000000
   945.843201     21.000000     41.000000     31.000000      2.000000     28.000000     41.000000     46.000000     38.000000     50.000000     40.000000     73.000000     55.000000     34.000000     23.000000     36.000000     50.000000     52.000000    206.000000     33.000000     13.000000     27.000000     17.000000     31.000000     10.000000      3.000000      9.000000     77.000000     61.000000     29.000000     42.000000      8.000000     12.000000      7.000000     12.000000     -5.000000     -8.000000     22.000000     22.000000     25.000000      2.000000      2.000000     -3.000000    -10.000000     -3.000000      2.000000      2.000000     10.000000     14.000000     -1.000000    -11.000000     -7.000000     15.000000      3.000000     16.000000      3.000000      0.000000     -4.000000     -2.000000      0.000000    -10.000000    -17.000000      4.000000     -6.000000     -4.000000     -7.000000      3.000000     13.000000      8.000000      6.000000     16.000000      5.000000      7.000000     19.000000     18.000000      9.000000     19.000000     25.000000      9.000000     24.000000     26.000000     35.000000     20.000000    -18.000000     14.000000     23.000000     11.000000      3.000000      9.000000      4.000000      3.000000      3.000000     24.000000     -1.000000     12.000000     15.000000     36.000000     14.000000      8.000000      6.000000     14.000000     -2.000000     23.000000     13.000000      4.000000     14.000000     26.000000     21.000000     11.000000     13.000000     -3.000000     20.000000     43.000000    438.000000    550.000000     38.000000     13.000000     20.000000     19.000000     15.000000     10.000000     33.000000     26.000000     43.000000     46.000000     47.000000     32.000000      3.000000     17.000000     29.000000     39.000000     15.000000     26.000000     27.000000     22.000000     31.000000     50.000000     18.000000      3.000000     12.000000      4.000000    -13.000000      1.000000     -5.000000     -3.000000      8.000000      8.000000
   947.241211     28.000000     21.000000     19.000000     36.000000     28.000000     33.000000     34.000000     42.000000     49.000000     25.000000     77.000000     37.000000     32.000000     29.000000     39.000000     61.000000     61.000000    168.000000     46.000000     18.000000     -5.000000      6.000000     33.000000      5.000000     13.000000     22.000000     64.000000     51.000000     43.000000     63.000000      1.000000     19.000000     25.000000     12.000000     20.000000     14.000000     15.000000     26.000000      4.000000     10.000000     -2.000000     -6.000000     -3.000000     19.000000     -3.000000      8.000000     14.000000      7.000000     14.000000     16.000000     10.000000     21.000000     18.000000     41.000000     -7.000000      5.000000     -3.000000     15.000000     -3.000000      1.000000     12.000000      7.000000      5.000000    -19.000000    -11.000000     -5.000000     16.000000     -8.000000     -1.000000     -1.000000     -4.000000    -12.000000     12.000000     18.000000      9.000000     22.000000      9.000000     19.000000     40.000000     13.000000     18.000000     16.000000      4.000000      8.000000     16.000000     -3.000000      3.000000     11.000000    -15.000000     22.000000      6.000000     -8.000000      8.000000      1.000000     13.000000     51.000000     14.000000     22.000000     -2.000000     15.000000      9.000000     16.000000     13.000000      8.000000      5.000000     17.000000     -2.000000     -2.000000      3.000000     11.000000      8.000000     11.000000    457.000000    511.000000     13.000000     18.000000     22.000000      9.000000     23.000000     24.000000     35.000000     49.000000     40.000000     34.000000     20.000000     15.000000     11.000000      1.000000     22.000000     31.000000     35.000000     22.000000     11.000000      0.000000     28.000000     35.000000     10.000000     19.000000     -2.000000    -13.000000      4.000000      4.000000     -6.000000     10.000000      3.000000      3.000000
   948.639587     33.000000     34.000000     31.000000     18.000000     23.000000     45.000000     45.000000     37.000000     52.000000     56.000000     79.000000     41.000000     19.000000      6.000000     41.000000     77.000000     35.000000    184.000000     15.000000     19.000000     18.000000     22.000000     55.000000     10.000000     26.000000     19.000000     66.000000     50.000000     24.000000     61.000000      1.000000      6.000000     17.000000     27.000000     21.000000      7.000000      5.000000     22.000000     14.000000      9.000000     -9.000000      2.000000     -2.000000      8.000000      7.000000     13.000000      2.000000     -3.000000      6.000000     10.000000     17.000000     24.000000     28.000000     25.000000     -4.000000     -6.000000     -6.000000      2.000000     19.000000      6.000000     12.000000    -12.000000     -1.000000     21.000000      6.000000     -1.000000      5.000000      5.000000     10.000000      8.000000     23.000000      4.000000     13.000000      0.000000      4.000000      1.000000     17.000000     26.000000     38.000000     29.000000     15.000000     10.000000     20.000000     12.000000      5.000000     -1.000000     11.000000     -3.000000     17.000000      7.000000      5.000000      6.000000     14.000000     17.000000     -1.000000     51.000000     16.000000     27.000000     11.000000      7.000000     -7.000000     17.000000     17.000000     23.000000      3.000000      2.000000      0.000000      3.000000     -9.000000      7.000000     13.000000     23.000000    432.000000    508.000000     23.000000     19.000000     33.000000      0.000000     15.000000     13.000000     21.000000     16.000000     34.000000     38.000000     58.000000     48.000000      8.000000     -3.000000     41.000000     33.000000     38.000000     26.000000     23.000000     13.000000      4.000000     26.000000     22.000000     17.000000      7.000000     13.000000      2.000000     12.000000    -16.000000     -4.000000      6.000000     12.000000
   950.038574      7.000000     22.000000     21.000000     35.000000      8.000000     30.000000     40.000000     42.000000     52.000000     58.000000     60.000000     28.000000     33.000000     24.000000     34.000000     46.000000     58.000000    137.000000     43.000000     29.000000     21.000000     12.000000     31.000000     12.000000     20.000000     30.000000     89.000000     49.000000     22.000000     59.000000     19.000000     12.000000     17.000000     13.000000     27.000000      7.000000      5.000000     18.000000     17.000000     16.000000     20.000000     21.000000     -5.000000      0.000000      4.000000      3.000000     25.000000     19.000000      3.000000     12.000000      2.000000     18.000000      6.000000     28.000000     -2.000000     -2.000000      6.000000     -2.000000     11.000000     -6.000000     -4.000000     -9.000000      4.000000      5.000000     13.000000     -4.000000     11.000000     26.000000     25.000000      7.000000      6.000000      3.000000     14.000000     12.000000      6.000000     16.000000     15.000000      6.000000     -2.000000     29.000000     24.000000     15.000000     15.000000      8.000000     40.000000      2.000000      7.000000     -1.000000      6.000000     -4.000000     17.000000     10.000000      1.000000     14.000000      0.000000     32.000000     35.000000     16.000000     23.000000     -3.000000     11.000000     -2.000000     10.000000     17.000000      9.000000     15.000000     20.000000     11.000000      5.000000     15.000000      3.000000      4.000000    413.000000    549.000000     48.000000     29.000000     19.000000     14.000000     23.000000      8.000000     30.000000     21.000000     40.000000     49.000000     68.000000     36.000000     13.000000     14.000000     17.000000     34.000000     33.000000     22.000000     10.000000      9.000000     25.000000     37.000000     13.000000      5.000000     21.000000     23.000000      6.000000    -10.000000     -2.000000      1.000000     26.000000      8.000000
   951.438110     21.000000     19.000000     33.000000     22.000000     33.000000     34.000000     32.000000     61.000000     49.000000     67.000000     36.000000     21.000000     20.000000      9.000000     29.000000     50.000000     68.000000    162.000000     30.000000     27.000000     11.000000     13.000000     40.000000     23.000000     25.000000     32.000000     69.000000     55.000000     42.000000     26.000000     19.000000      3.000000     12.000000     18.000000     15.000000     -1.000000     11.000000     23.000000     26.000000     -3.000000     -8.000000      0.000000      6.000000     -1.000000     -4.000000     -2.000000     24.000000     11.000000     21.000000      1.000000      6.000000     40.000000     32.000000     34.000000     16.000000      3.000000      4.000000     -1.000000     -4.000000     32.000000      0.000000     16.000000     -3.000000    -26.000000      2.000000      3.000000      7.000000      6.000000      9.000000     10.000000      7.000000      8.000000     15.000000     25.000000     15.000000     27.000000     32.000000     15.000000     28.000000     29.000000     23.000000      2.000000     30.000000     11.000000     25.000000     -2.000000      9.000000      8.000000      7.000000      4.000000      4.000000     10.000000      7.000000     17.000000      4.000000     40.000000    -10.000000     19.000000     26.000000     -3.000000      9.000000     13.000000     13.000000     12.000000     11.000000      4.000000     10.000000    -13.000000     -1.000000     11.000000     12.000000     14.000000    421.000000    522.000000     36.000000     27.000000      7.000000      4.000000     24.000000      7.000000     34.000000     23.000000     28.000000     60.000000     35.000000     54.000000     26.000000     31.000000     28.000000     24.000000     53.000000     17.000000     23.000000      3.000000     41.000000     22.000000     16.000000     14.000000      2.000000      2.000000    -15.000000    -10.000000      4.000000    -11.000000      0.000000      7.000000
   952.838013     25.000000     19.000000     44.000000     13.000000     21.000000     34.000000     36.000000     33.000000     45.000000     56.000000     55.000000     28.000000     16.000000     25.000000     16.000000     74.000000     46.000000    153.000000     26.000000     17.000000     -7.000000     13.000000     20.000000      4.000000     13.000000     50.000000     85.000000     32.000000     12.000000     48.000000      9.000000      5.000000     -7.000000     37.000000     17.000000     -5.000000     25.000000     -1.000000      8.000000     -4.000000     -3.000000     -4.000000    -19.000000      9.000000      1.000000      1.000000     -1.000000     -6.000000     14.000000      2.000000      8.000000     24.000000     12.000000     14.000000     -1.000000     -3.000000     -1.000000      5.000000     -4.000000      4.000000      1.000000     -2.000000     -3.000000    -17.000000     -2.000000     16.000000     -2.000000     14.000000     25.000000      3.000000     17.000000     12.000000     -7.000000     -4.000000     22.000000      2.000000      5.000000      4.000000     22.000000     22.000000     18.000000      7.000000      2.000000      5.000000     27.000000      8.000000     13.000000     29.000000      9.000000     12.000000     -5.000000     24.000000     18.000000     18.000000     12.000000     43.000000     -3.000000     10.000000     18.000000     -2.000000     -2.000000     15.000000     22.000000     16.000000      7.000000      1.000000      2.000000      7.000000     -7.000000      9.000000     11.000000     12.000000    390.000000    466.000000     41.000000     17.000000      8.000000     22.000000     20.000000     19.000000     25.000000      8.000000     23.000000     37.000000     38.000000     26.000000      6.000000     -4.000000     38.000000     27.000000     23.000000     14.000000     25.000000      8.000000     11.000000     32.000000      2.000000     -3.000000      9.000000     23.000000     22.000000     15.000000      9.000000     -4.000000      1.000000     -2.000000
   954.238403     18.000000     25.000000     32.000000     22.000000     15.000000     22.000000     33.000000     57.000000     38.000000     72.000000     38.000000     25.000000     25.000000      5.000000     39.000000     46.000000     35.000000    160.000000     48.000000     16.000000     11.000000      7.000000     51.000000     19.000000     17.000000     12.000000     20.000000     37.000000     26.000000     28.000000     12.000000      9.000000     20.000000     10.000000     -1.000000     -2.000000      7.000000      8.000000      3.000000     -1.000000      1.000000      8.000000      3.000000     -8.000000    -14.000000      4.000000     11.000000      4.000000     -1.000000      9.000000      8.000000     24.000000      7.000000      6.000000     -4.000000     21.000000      6.000000      4.000000      2.000000     -2.000000      2.000000      5.000000     -3.000000     -9.000000     -2.000000     12.000000      2.000000     17.000000     22.000000      2.000000      8.000000     -7.000000    -10.000000      3.000000     25.000000     19.000000     22.000000     21.000000     22.000000     33.000000     29.000000     16.000000     19.000000     23.000000     31.000000      8.000000     12.000000      7.000000     22.000000      6.000000      0.000000     -7.000000     -3.000000     14.000000     17.000000     30.000000     16.000000      9.000000     28.000000     -1.000000     -8.000000     14.000000      7.000000     25.000000      9.000000      4.000000    -26.000000     -5.000000      9.000000     18.000000     31.000000     31.000000    385.000000    494.000000     29.000000     16.000000     12.000000     -1.000000     11.000000      4.000000     23.000000     13.000000     44.000000     44.000000     45.000000     34.000000     14.000000      9.000000     45.000000     29.000000     30.000000     19.000000     13.000000      5.000000     27.000000     35.000000     14.000000     15.000000      4.000000     12.000000     18.000000     -3.000000      8.000000     14.000000      7.000000      0.000000
   955.639282     45.000000     25.000000      5.000000     36.000000     32.000000     26.000000     35.000000     55.000000     41.000000     59.000000     35.000000     23.000000     30.000000     18.000000     34.000000     56.000000     26.000000    155.000000     44.000000     15.000000     20.000000      6.000000     32.000000      6.000000      0.000000     40.000000     56.000000     34.000000      2.000000     58.000000     16.000000    -14.000000     13.000000     27.000000      2.000000      1.000000     19.000000     19.000000     15.000000     -2.000000     12.000000     25.000000     -6.000000      9.000000     13.000000     18.000000     19.000000     21.000000    -10.000000      1.000000     -4.000000      2.000000     12.000000     17.000000     -4.000000      3.000000      0.000000      3.000000      7.000000     15.000000      9.000000      5.000000     20.000000      7.000000     15.000000    -12.000000      8.000000      6.000000      6.000000      1.000000     15.000000     17.000000     17.000000     -4.000000     31.000000      8.000000      1.000000     -1.000000     11.000000     37.000000     21.000000    -15.000000      6.000000     16.000000     23.000000     20.000000      3.000000     17.000000      5.000000     10.000000     18.000000     -4.000000      0.000000    -12.000000     11.000000     29.000000     12.000000     30.000000     14.000000     14.000000      3.000000      1.000000      8.000000     13.000000      7.000000      0.000000     37.000000      3.000000     21.000000     -3.000000      3.000000     21.000000    425.000000    449.000000     32.000000     15.000000      4.000000     26.000000      3.000000     11.000000     27.000000     17.000000     14.000000     37.000000     27.000000     38.000000      9.000000     22.000000     51.000000     20.000000     31.000000     31.000000      5.000000     20.000000     18.000000     41.000000      2.000000      5.000000     13.000000      7.000000     -9.000000     14.000000      0.000000     -1.000000     12.000000     14.000000
   957.040588     42.000000     24.000000     19.000000     14.000000     19.000000     34.000000     17.000000     41.000000     55.000000     38.000000     72.000000     33.000000     23.000000     18.000000     18.000000     61.000000     49.000000    162.000000     25.000000     14.000000     19.000000     14.000000     18.000000     23.000000      0.000000     25.000000     47.000000     36.000000     23.000000     35.000000      6.000000      8.000000      3.000000     16.000000     19.000000     -2.000000     35.000000     -7.000000      5.000000     11.000000    -11.000000    -12.000000      1.000000      7.000000      6.000000      9.000000     -4.000000      6.000000     15.000000     11.000000     11.000000      5.000000      6.000000     25.000000      9.000000     -3.000000      4.000000      5.000000      8.000000    -12.000000     11.000000     15.000000      6.000000     -8.000000      2.000000      1.000000     10.000000      6.000000      7.000000     29.000000     13.000000     14.000000     22.000000     24.000000     15.000000     23.000000     11.000000     18.000000     37.000000      9.000000      8.000000      4.000000      7.000000     30.000000     23.000000      4.000000     -8.000000      5.000000      5.000000     -5.000000     19.000000     22.000000     12.000000      2.000000      2.000000     33.000000      8.000000     28.000000      5.000000     12.000000      6.000000     12.000000      6.000000      5.000000      3.000000     13.000000     18.000000     13.000000     -5.000000      0.000000      8.000000     25.000000    383.000000    441.000000     32.000000     14.000000     31.000000     11.000000     -2.000000      4.000000     -1.000000     -3.000000     36.000000     45.000000     35.000000     46.000000      8.000000     17.000000      7.000000     15.000000     33.000000     20.000000     19.000000     10.000000     33.000000     36.000000     15.000000      4.000000     15.000000     11.000000     17.000000     13.000000      8.000000     10.000000     14.000000      5.000000
   958.442505     35.000000     34.000000     33.000000     32.000000     22.000000     37.000000     32.000000     45.000000     50.000000     56.000000     51.000000     40.000000     23.000000     17.000000      6.000000     37.000000     46.000000    158.000000     19.000000     16.000000     -1.000000     15.000000     33.000000     29.000000     12.000000     10.000000     60.000000     48.000000     32.000000     38.000000     13.000000     15.000000      5.000000     11.000000     18.000000     11.000000    -16.000000     18.000000     -3.000000     -5.000000      8.000000      1.000000      3.000000     -4.000000      0.000000      8.000000      6.000000     18.000000     15.000000     -2.000000      9.000000      7.000000      0.000000     13.000000     -8.000000      2.000000     -1.000000      3.000000      3.000000      7.000000     15.000000     10.000000      3.000000      4.000000     -4.000000      5.000000     22.000000     12.000000     26.000000     11.000000     13.000000      6.000000     18.000000     14.000000     10.000000     12.000000     14.000000     16.000000     14.000000     29.000000     42.000000     25.000000      1.000000     16.000000     13.000000      4.000000     -1.000000      9.000000     -2.000000     -2.000000     22.000000     26.000000     11.000000      3.000000      9.000000     20.000000     27.000000     19.000000      8.000000     15.000000      3.000000      5.000000     11.000000     20.000000      5.000000     14.000000      4.000000     10.000000     13.000000     11.000000     20.000000     37.000000    392.000000    488.000000     33.000000     16.000000      2.000000     16.000000     15.000000     19.000000     36.000000     20.000000     37.000000     43.000000     33.000000     30.000000     29.000000    -10.000000     31.000000     50.000000     21.000000     29.000000     24.000000      4.000000     35.000000     38.000000     29.000000      8.000000     23.000000      9.000000      0.000000      5.000000     -4.000000      0.000000     13.000000      9.000000
   959.844788     39.000000     10.000000     11.000000     16.000000     21.000000     43.000000     44.000000     45.000000     39.000000     45.000000     56.000000     24.000000     23.000000     45.000000      9.000000     52.000000     46.000000    117.000000     19.000000     13.000000     16.000000     -6.000000     27.000000     29.000000     10.000000      6.000000     47.000000     38.000000     33.000000     51.000000     12.000000     13.000000      3.000000      9.000000     20.000000     18.000000     -2.000000     10.000000     20.000000      4.000000      2.000000      3.000000     11.000000     -7.000000     -4.000000     -2.000000     11.000000     14.000000    -12.000000      4.000000      4.000000      9.000000     17.000000      3.000000     -2.000000      3.000000      0.000000      7.000000     -7.000000     -7.000000      8.000000     -6.000000     -2.000000     -4.000000     -3.000000     -7.000000     12.000000      8.000000      0.000000      9.000000     14.000000      3.000000      9.000000     13.000000     16.000000     25.000000     21.000000     14.000000     20.000000     31.000000     27.000000     20.000000     11.000000     11.000000      3.000000     19.000000      4.000000     12.000000     15.000000      2.000000      2.000000     10.000000     16.000000     12.000000     22.000000     55.000000     25.000000     23.000000      5.000000     15.000000     17.000000     19.000000     17.000000      0.000000     10.000000     22.000000      2.000000      5.000000      5.000000     -6.000000     19.000000      6.000000    381.000000    433.000000     26.000000     13.000000     11.000000     23.000000      6.000000     10.000000     24.000000     29.000000     42.000000     38.000000     19.000000     34.000000     14.000000      7.000000     16.000000     34.000000     11.000000     33.000000     22.000000     14.000000     32.000000     39.000000     11.000000     17.000000      9.000000      5.000000     21.000000      8.000000     -1.000000     18.000000     -2.000000     -9.000000
   961.247620     39.000000     -1.000000     22.000000     21.000000     27.000000     23.000000     29.000000     28.000000     50.000000     47.000000     53.000000     25.000000     32.000000     34.000000     13.000000     27.000000     35.000000    134.000000     22.000000     14.000000      5.000000     12.000000     11.000000     17.000000     17.000000      8.000000     66.000000     51.000000     38.000000     45.000000      6.000000      7.000000     15.000000      5.000000     20.000000     15.000000      3.000000     14.000000      9.000000     14.000000     -9.000000      4.000000      7.000000     18.000000     18.000000     -4.000000     -2.000000     -9.000000     14.000000     -5.000000      8.000000     15.000000      0.000000     21.000000    -14.000000     10.000000      6.000000      9.000000    -11.000000     14.000000    -11.000000     -5.000000     13.000000    -10.000000     11.000000     15.000000     -1.000000     -1.000000      5.000000     -9.000000      3.000000      3.000000     -1.000000      7.000000     18.000000     13.000000     13.000000     32.000000     19.000000     27.000000     26.000000     29.000000      5.000000      5.000000     12.000000     10.000000     -2.000000      5.000000      5.000000     12.000000      3.000000      2.000000     10.000000     10.000000      1.000000      7.000000     11.000000     10.000000     28.000000     17.000000      9.000000     31.000000     12.000000      9.000000      5.000000     13.000000      4.000000      2.000000      6.000000     14.000000     27.000000     21.000000    393.000000    433.000000     25.000000     14.000000     21.000000     -5.000000      6.000000     14.000000      5.000000     19.000000     18.000000     52.000000     44.000000     23.000000      5.000000     -3.000000     27.000000     35.000000     18.000000     11.000000     18.000000      4.000000     20.000000     36.000000     11.000000     11.000000      3.000000      1.000000      6.000000      6.000000      1.000000      3.000000     -9.000000    -25.000000
   962.650879     35.000000     25.000000      7.000000     12.000000     21.000000     23.000000     19.000000     62.000000     62.000000     53.000000     53.000000     21.000000     22.000000     15.000000     33.000000     38.000000     28.000000    127.000000     35.000000     15.000000      5.000000     10.000000     31.000000      5.000000      9.000000     40.000000     68.000000     50.000000     38.000000     31.000000     13.000000      3.000000      7.000000     11.000000     29.000000     -3.000000      9.000000     18.000000    -11.000000     -2.000000     -1.000000     -1.000000     17.000000     -4.000000      7.000000     -4.000000      6.000000      1.000000     10.000000    -18.000000      4.000000     21.000000      9.000000     22.000000     -1.000000     10.000000     10.000000      8.000000      8.000000     -6.000000     -5.000000     -2.000000     20.000000     11.000000     -6.000000     22.000000      5.000000     20.000000     14.000000      9.000000     -5.000000     -1.000000      3.000000      0.000000     16.000000      1.000000     20.000000     24.000000     24.000000     21.000000     43.000000     13.000000      7.000000     11.000000     22.000000     11.000000      0.000000     14.000000      5.000000     12.000000      0.000000     20.000000     -3.000000     10.000000     16.000000     47.000000     16.000000      7.000000      8.000000     13.000000      8.000000      4.000000      2.000000     18.000000      2.000000     11.000000     15.000000     14.000000     12.000000     13.000000     17.000000     20.000000    325.000000    440.000000     28.000000     15.000000     21.000000     22.000000     15.000000     12.000000     15.000000     12.000000     31.000000     28.000000     31.000000     40.000000     18.000000      6.000000     31.000000     24.000000      7.000000     16.000000     22.000000      7.000000     13.000000     52.000000      8.000000     10.000000     17.000000      0.000000     34.000000     22.000000      8.000000    -14.000000      9.000000      2.000000
   964.054626     32.000000      7.000000     19.000000     48.000000     26.000000     32.000000     19.000000     24.000000     45.000000     33.000000     59.000000     10.000000     34.000000     12.000000     37.000000     43.000000     19.000000    147.000000     36.000000      5.000000     15.000000     17.000000     26.000000     11.000000     -2.000000     37.000000     55.000000     41.000000     43.000000     23.000000     -5.000000     10.000000     19.000000      4.000000     21.000000      0.000000      6.000000    -11.000000    -15.000000    -11.000000     -3.000000      4.000000     13.000000      7.000000      7.000000     10.000000    -12.000000      1.000000     28.000000    -11.000000      4.000000     10.000000      1.000000     -1.000000    -16.000000     -2.000000      8.000000      4.000000      6.000000     29.000000      2.000000      3.000000      9.000000     -6.000000      5.000000     19.000000     -8.000000     19.000000     14.000000      1.000000     -4.000000     12.000000     -8.000000    -10.000000     16.000000     12.000000     13.000000     14.000000     27.000000     33.000000     22.000000      4.000000      6.000000      6.000000     20.000000      1.000000      6.000000      3.000000     20.000000      3.000000     -3.000000      0.000000      1.000000      4.000000     13.000000     42.000000      6.000000     26.000000     11.000000     10.000000      8.000000     -1.000000     18.000000     11.000000     15.000000      2.000000     15.000000      0.000000     15.000000     19.000000     30.000000     17.000000    367.000000    406.000000     18.000000      5.000000     31.000000     26.000000     -7.000000     -3.000000     25.000000     42.000000     31.000000     50.000000     45.000000     25.000000     13.000000      7.000000     17.000000     38.000000     28.000000      9.000000     29.000000      6.000000     14.000000      5.000000      7.000000      0.000000     19.000000     16.000000      5.000000      1.000000      6.000000     -4.000000     -3.000000      9.000000
   965.458923     38.000000     19.000000     19.000000     17.000000     18.000000     32.000000     22.000000     49.000000     49.000000     20.000000     37.000000      6.000000     18.000000     27.000000     22.000000     27.000000     28.000000    161.000000     27.000000     15.000000      6.000000     25.000000     31.000000     -3.000000     17.000000     19.000000     69.000000     20.000000     32.000000     44.000000      4.000000      0.000000     12.000000     24.000000     -6.000000     15.000000     13.000000     -7.000000    -19.000000     -7.000000      8.000000      3.000000     17.000000      5.000000     11.000000     11.000000     12.000000     14.000000     -5.000000      1.000000     -3.000000     21.000000      9.000000      7.000000      2.000000      9.000000      3.000000     -9.000000      9.000000     -1.000000     -4.000000     17.000000     16.000000    -12.000000    -16.000000     -7.000000      7.000000      6.000000     11.000000      5.000000     21.000000     18.000000     21.000000     26.000000     13.000000     10.000000      5.000000     14.000000     19.000000     28.000000     27.000000      1.000000      8.000000     -2.000000     19.000000     -1.000000      4.000000      9.000000      0.000000    -14.000000     11.000000      7.000000     12.000000     21.000000     17.000000     48.000000     -7.000000     11.000000     10.000000     13.000000      6.000000      2.000000      6.000000     11.000000     12.000000     10.000000     14.000000     10.000000     14.000000      8.000000     32.000000     16.000000    322.000000    428.000000     43.000000     15.000000     17.000000      8.000000     17.000000     17.000000     24.000000     32.000000     16.000000     49.000000     41.000000     17.000000     32.000000     11.000000     31.000000     21.000000     13.000000     12.000000     20.000000     15.000000     19.000000     25.000000     27.000000      9.000000      0.000000      9.000000      0.000000     -8.000000     -2.000000     -5.000000      3.000000     13.000000
   966.863586     18.000000      7.000000     23.000000     28.000000     19.000000     37.000000     22.000000     57.000000     38.000000     23.000000     49.000000     13.000000     26.000000     22.000000     20.000000     43.000000     42.000000    121.000000     27.000000     18.000000     16.000000      6.000000     42.000000     15.000000     19.000000      9.000000     48.000000     34.000000     24.000000     54.000000     18.000000      2.000000     15.000000     15.000000     24.000000     14.000000     11.000000     29.000000     13.000000     15.000000      7.000000      9.000000     15.000000     -1.000000      8.000000      5.000000     11.000000     19.000000     13.000000    -10.000000     -4.000000     -6.000000     14.000000     -1.000000    -13.000000    -12.000000      8.000000      6.000000     -6.000000     -8.000000     -9.000000    -16.000000     -3.000000     -3.000000     -1.000000     20.000000     -1.000000     10.000000      2.000000     18.000000     13.000000     10.000000     -3.000000      7.000000     13.000000     24.000000     15.000000      1.000000      3.000000     35.000000     31.000000      8.000000     17.000000      7.000000     15.000000      3.000000     10.000000      0.000000      1.000000     -7.000000      7.000000      7.000000     17.000000     -7.000000     -2.000000     22.000000     15.000000     13.000000     12.000000     15.000000      9.000000     13.000000     11.000000      5.000000     -5.000000     10.000000      0.000000     18.000000      3.000000      7.000000     15.000000     32.000000    383.000000    435.000000     20.000000     18.000000     23.000000     13.000000      0.000000     10.000000     28.000000     22.000000     41.000000     27.000000     36.000000     36.000000     14.000000     12.000000      5.000000     33.000000     26.000000      7.000000      8.000000     13.000000     29.000000     33.000000      3.000000     13.000000      8.000000      6.000000      5.000000     10.000000     11.000000     -8.000000     -1.000000     15.000000
   968.268799     25.000000      7.000000     33.000000     18.000000      9.000000     26.000000     31.000000     35.000000     30.000000     27.000000     42.000000     43.000000     29.000000      7.000000     63.000000     28.000000     38.000000    148.000000     35.000000     28.000000     21.000000     -7.000000     43.000000      6.000000      5.000000     18.000000     33.000000     26.000000     20.000000     20.000000      0.000000     17.000000      5.000000     21.000000     14.000000      8.000000     12.000000     21.000000      4.000000     23.000000      0.000000     16.000000     -2.000000      7.000000     19.000000      7.000000     10.000000     -5.000000     17.000000    -10.000000    -10.000000     14.000000      7.000000      9.000000      3.000000     22.000000      8.000000      6.000000      2.000000      4.000000      0.000000     -7.000000      6.000000     -8.000000      1.000000     17.000000      3.000000      5.000000     -4.000000      8.000000     19.000000      8.000000     23.000000     15.000000      8.000000     16.000000      5.000000      1.000000      4.000000     21.000000     21.000000     16.000000      4.000000     13.000000     26.000000     10.000000     16.000000      2.000000     21.000000      9.000000      6.000000      7.000000     -4.000000     25.000000     17.000000     20.000000     26.000000     22.000000     -9.000000     -6.000000      6.000000      3.000000     13.000000      4.000000      3.000000     -5.000000     10.000000    -13.000000     -1.000000     21.000000      9.000000      3.000000    318.000000    422.000000     16.000000     28.000000     -2.000000     16.000000      8.000000     24.000000     10.000000     17.000000     24.000000     27.000000     36.000000     32.000000      5.000000     31.000000     13.000000      1.000000     39.000000      6.000000     12.000000     28.000000     28.000000     33.000000     22.000000     12.000000    -10.000000     -5.000000      3.000000      5.000000     13.000000      0.000000     -5.000000     -7.000000
   969.674377     39.000000     14.000000     -4.000000     31.000000     14.000000     18.000000     26.000000     46.000000     38.000000     29.000000     53.000000     17.000000     32.000000     41.000000     29.000000     33.000000     57.000000    138.000000     20.000000      7.000000     -5.000000     11.000000     34.000000      4.000000     -6.000000     26.000000     61.000000     31.000000     25.000000     29.000000     10.000000     11.000000      7.000000      0.000000      5.000000    -13.000000      9.000000     23.000000     13.000000      5.000000      8.000000     10.000000     16.000000     -2.000000     -5.000000     -3.000000     13.000000     12.000000      7.000000     13.000000      6.000000     13.000000     11.000000     13.000000      2.000000      2.000000      2.000000      4.000000      2.000000    -22.000000      7.000000      4.000000    -12.000000     -8.000000      4.000000    -18.000000     -6.000000     -5.000000     -4.000000     -5.000000      4.000000      6.000000      8.000000     10.000000      1.000000     23.000000     11.000000      7.000000     14.000000     22.000000     13.000000     14.000000     -7.000000     16.000000     32.000000    -13.000000      7.000000     13.000000     13.000000     10.000000      3.000000      6.000000     18.000000      0.000000    -17.000000     36.000000      3.000000      0.000000      0.000000     16.000000    -15.000000     15.000000     -7.000000    -10.000000      4.000000     -4.000000      9.000000     11.000000      0.000000     -4.000000      2.000000     33.000000    335.000000    394.000000     26.000000      7.000000     22.000000     23.000000      7.000000      8.000000      5.000000     15.000000     28.000000     29.000000     32.000000     29.000000     19.000000     11.000000     15.000000     35.000000     32.000000     21.000000     -7.000000     28.000000     26.000000     29.000000    -15.000000      5.000000     -6.000000     -3.000000     -4.000000      1.000000      9.000000     15.000000     -2.000000     -6.000000
   971.080688     26.000000     29.000000     38.000000     40.000000     31.000000     41.000000     41.000000     20.000000     30.000000     31.000000     47.000000     26.000000     34.000000      1.000000      5.000000     26.000000     20.000000    135.000000     34.000000      9.000000     17.000000     14.000000     37.000000      0.000000     22.000000     38.000000     43.000000     17.000000     23.000000     30.000000     12.000000      0.000000     -4.000000     -2.000000     14.000000     12.000000      9.000000      5.000000     -2.000000      4.000000     -3.000000     10.000000     -6.000000      7.000000      4.000000      1.000000     -6.000000      0.000000      7.000000     -2.000000      0.000000      8.000000     12.000000     14.000000      6.000000     -3.000000     -2.000000      2.000000     -4.000000     -6.000000     -5.000000     -2.000000      6.000000     15.000000     -7.000000     -6.000000     -5.000000     -3.000000    -11.000000     -5.000000     -3.000000      1.000000      7.000000     -7.000000      3.000000     28.000000      1.000000     18.000000     19.000000     26.000000      4.000000     13.000000     15.000000      1.000000     24.000000      7.000000     -5.000000     12.000000     13.000000      3.000000     -7.000000      8.000000     -1.000000      3.000000     13.000000     44.000000      6.000000      4.000000     10.000000      0.000000      2.000000     17.000000     13.000000     28.000000      7.000000     -9.000000      5.000000     17.000000      7.000000     17.000000      7.000000     23.000000    334.000000    406.000000     33.000000      9.000000      8.000000     25.000000      6.000000    -10.000000     24.000000     20.000000     30.000000     12.000000     31.000000     30.000000      6.000000     12.000000     11.000000     47.000000     37.000000      4.000000      8.000000      5.000000     37.000000     11.000000     25.000000      9.000000      1.000000      8.000000      9.000000      9.000000      8.000000      5.000000      1.000000     13.000000
   972.487305      9.000000      2.000000     31.000000     28.000000     25.000000     27.000000     31.000000     15.000000     32.000000     36.000000     37.000000      5.000000     22.000000     24.000000      8.000000     32.000000     41.000000    147.000000     34.000000     13.000000     14.000000      8.000000     27.000000     20.000000      8.000000     24.000000     77.000000     22.000000     16.000000     17.000000     13.000000     -7.000000      2.000000      3.000000     18.000000     -1.000000      0.000000    -13.000000     14.000000      0.000000     11.000000      4.000000      7.000000     24.000000     19.000000     19.000000     11.000000      5.000000     11.000000    -10.000000      2.000000     21.000000     -6.000000     18.000000     12.000000     10.000000     10.000000      0.000000     11.000000    -13.000000      8.000000      7.000000      2.000000      2.000000     13.000000     -1.000000      8.000000    -21.000000    -15.000000      5.000000      8.000000      7.000000     -3.000000     -8.000000      7.000000    -13.000000     21.000000     22.000000     11.000000     16.000000     28.000000     15.000000      6.000000     18.000000     12.000000     18.000000      3.000000     16.000000     15.000000      2.000000    -10.000000     14.000000     -3.000000     -5.000000      6.000000     36.000000    -10.000000     21.000000      0.000000      3.000000     32.000000     10.000000      4.000000     12.000000     18.000000      2.000000     13.000000      3.000000     12.000000      1.000000     17.000000     17.000000    332.000000    402.000000     -2.000000     13.000000     12.000000     12.000000     14.000000     -2.000000     15.000000      1.000000     10.000000     15.000000     26.000000     17.000000     10.000000     24.000000     19.000000     21.000000     30.000000     23.000000     23.000000     21.000000     28.000000     31.000000      7.000000     13.000000    -10.000000    -17.000000     17.000000      6.000000      6.000000      7.000000     12.000000     -3.000000
   973.894409      1.000000     23.000000     21.000000     16.000000     23.000000     27.000000     23.000000     25.000000     23.000000     43.000000     34.000000     10.000000     43.000000     28.000000     11.000000     23.000000     38.000000    116.000000     15.000000     14.000000     18.000000      9.000000     35.000000     10.000000      8.000000     15.000000     63.000000     37.000000     34.000000     16.000000      4.000000    -21.000000     -3.000000      4.000000     34.000000     -1.000000     12.000000     20.000000     -7.000000      5.000000      2.000000      7.000000      8.000000     17.000000     -3.000000      1.000000      3.000000      9.000000     13.000000     -1.000000     -2.000000     21.000000     23.000000     13.000000      5.000000      3.000000      8.000000     -4.000000    -21.000000      6.000000      8.000000     22.000000     -4.000000     -1.000000     -1.000000      2.000000      0.000000    -11.000000     -8.000000     -8.000000     -8.000000     -1.000000     -8.000000     -6.000000      5.000000     18.000000     22.000000     11.000000     16.000000     33.000000     16.000000     11.000000      2.000000      2.000000     27.000000     10.000000      2.000000      1.000000      0.000000      4.000000     -2.000000     14.000000     -9.000000     12.000000     15.000000     26.000000     -3.000000     13.000000      8.000000     -5.000000     23.000000     13.000000     37.000000      6.000000      2.000000     18.000000     -6.000000      3.000000     15.000000     10.000000     20.000000     18.000000    334.000000    405.000000     35.000000     14.000000     -5.000000      3.000000      5.000000      9.000000     31.000000     21.000000     52.000000     21.000000     29.000000     21.000000      9.000000     -6.000000     14.000000     26.000000     37.000000      8.000000     14.000000      6.000000     15.000000     25.000000      6.000000    -12.000000     -6.000000    -11.000000    -20.000000    -25.000000     -8.000000      5.000000    -11.000000     -5.000000
   975.302002     22.000000     26.000000     19.000000     15.000000     23.000000     26.000000     24.000000     38.000000     25.000000     40.000000     49.000000     27.000000     21.000000     26.000000     19.000000     26.000000     15.000000    101.000000     23.000000      7.000000     -5.000000     -8.000000     20.000000      5.000000      5.000000     13.000000     71.000000     46.000000     19.000000     49.000000      9.000000     -8.000000     13.000000      1.000000     -4.000000      1.000000      9.000000     13.000000     18.000000     -5.000000      0.000000      4.000000      1.000000      0.000000      5.000000      0.000000      9.000000      6.000000     17.000000    -10.000000     -5.000000      7.000000     17.000000      3.000000      0.000000     -4.000000     10.000000    -17.000000     -6.000000      8.000000     -3.000000      0.000000      7.000000      2.000000     11.000000     -7.000000     -6.000000     -4.000000     -7.000000     -6.000000    -17.000000     -3.000000     -2.000000     -2.000000     14.000000      3.000000     18.000000      0.000000    -10.000000     23.000000     24.000000      8.000000     14.000000      9.000000     12.000000      0.000000      7.000000     -2.000000    -13.000000      8.000000     11.000000     -9.000000    -23.000000     12.000000     25.000000     19.000000     -9.000000      7.000000     -2.000000      1.000000     17.000000      8.000000      0.000000      9.000000      7.000000     14.000000    -12.000000      3.000000     -6.000000      4.000000     27.000000     15.000000    299.000000    361.000000     -2.000000      7.000000      7.000000     -4.000000     12.000000      7.000000     33.000000     17.000000     35.000000     41.000000     31.000000     26.000000      9.000000      8.000000     22.000000     29.000000      7.000000      9.000000     21.000000      5.000000     19.000000     12.000000     13.000000      5.000000     -9.000000    -12.000000     -6.000000      2.000000     -3.000000     12.000000     10.000000      6.000000
   976.710083     16.000000     17.000000     24.000000     10.000000     27.000000     11.000000      4.000000     21.000000     23.000000     29.000000     32.000000     15.000000     12.000000     17.000000      7.000000     41.000000     23.000000     97.000000     36.000000      1.000000     24.000000     -5.000000     23.000000    -12.000000     14.000000     11.000000     63.000000     14.000000     15.000000     19.000000      1.000000     -1.000000     15.000000     21.000000     20.000000      5.000000      9.000000     18.000000      7.000000     -1.000000      0.000000      0.000000      0.000000      1.000000     -5.000000     -8.000000      6.000000     -4.000000      9.000000      3.000000     -8.000000     11.000000      7.000000     22.000000      4.000000    -12.000000    -15.000000     12.000000      6.000000     19.000000      5.000000     15.000000     17.000000      5.000000      9.000000     -4.000000      7.000000      1.000000     -5.000000      0.000000     -4.000000     -1.000000      1.000000      0.000000      5.000000      2.000000     26.000000     20.000000     -3.000000     16.000000     20.000000     -5.000000     10.000000      4.000000     17.000000      9.000000     -1.000000    -10.000000     -2.000000      6.000000     -8.000000    -21.000000     -7.000000    -10.000000     -6.000000     19.000000     -6.000000     22.000000     -1.000000      1.000000      1.000000     -2.000000      9.000000      1.000000     -7.000000     -2.000000      9.000000      5.000000      2.000000     14.000000     21.000000     20.000000    310.000000    320.000000     14.000000      1.000000     13.000000      8.000000     10.000000     -2.000000      7.000000     10.000000     29.000000     29.000000     36.000000     27.000000      9.000000     -2.000000     14.000000     26.000000      2.000000     17.000000     36.000000     25.000000     26.000000     40.000000     18.000000      9.000000     -4.000000     -6.000000      6.000000      9.000000     -7.000000    -15.000000      3.000000      7.000000
   978.118713     31.000000     23.000000     11.000000     16.000000     14.000000     22.000000     17.000000     16.000000     32.000000     38.000000     39.000000     14.000000     12.000000      7.000000     14.000000     28.000000     19.000000    110.000000     19.000000      8.000000     17.000000     17.000000     28.000000     -8.000000     -6.000000     14.000000     24.000000     38.000000     31.000000     24.000000     14.000000     22.000000     10.000000     17.000000     21.000000    -13.000000     -3.000000    -12.000000      0.000000      8.000000     11.000000     20.000000      3.000000    -10.000000      4.000000     -4.000000     19.000000      1.000000     22.000000    -15.000000    -17.000000      4.000000     -2.000000     16.000000     -1.000000      4.000000     -2.000000      3.000000      3.000000     13.000000     13.000000      5.000000     11.000000     -1.000000     -8.000000    -12.000000      6.000000     13.000000     -5.000000     11.000000     -8.000000      4.000000      4.000000     19.000000     12.000000     14.000000      9.000000     10.000000     12.000000     19.000000     11.000000      7.000000     11.000000      5.000000     18.000000      3.000000      8.000000     13.000000      2.000000     22.000000     15.000000     10.000000      6.000000      8.000000      7.000000     32.000000     10.000000     37.000000      1.000000     -1.000000      2.000000     10.000000     19.000000      3.000000     13.000000      9.000000      5.000000      2.000000     11.000000     -7.000000      0.000000     27.000000    317.000000    323.000000     17.000000      8.000000      8.000000     10.000000     26.000000     14.000000     27.000000     24.000000      6.000000     25.000000      4.000000     31.000000     10.000000      0.000000     11.000000     31.000000      8.000000     15.000000      7.000000     24.000000     24.000000     15.000000     10.000000     19.000000      1.000000      1.000000      4.000000      5.000000      2.000000     -9.000000     11.000000     -1.000000
   979.527710     20.000000      8.000000      6.000000      7.000000     17.000000     24.000000     25.000000     45.000000     42.000000     25.000000     47.000000     28.000000     12.000000     28.000000     27.000000     38.000000     35.000000    102.000000     18.000000     26.000000      6.000000     -2.000000     31.000000      3.000000      4.000000      7.000000     43.000000     15.000000     28.000000     17.000000      3.000000     21.000000     -1.000000     28.000000     17.000000      8.000000     14.000000     16.000000      3.000000      3.000000     18.000000      2.000000     14.000000    -10.000000    -17.000000     -4.000000     10.000000      3.000000     10.000000      2.000000      2.000000      1.000000     -3.000000      5.000000      1.000000      2.000000      7.000000      1.000000     11.000000      1.000000     14.000000     -5.000000     -5.000000     14.000000     -5.000000    -20.000000     -2.000000      4.000000      4.000000     -5.000000     13.000000     -2.000000     -7.000000      2.000000     17.000000     23.000000      7.000000     12.000000     21.000000     23.000000      5.000000      6.000000     20.000000      1.000000     13.000000     -9.000000      6.000000      8.000000    -12.000000    -14.000000      4.000000      5.000000     14.000000      3.000000     15.000000     25.000000     19.000000     20.000000      2.000000     -5.000000      7.000000     14.000000      6.000000     16.000000     16.000000      7.000000    -18.000000     12.000000      3.000000    -10.000000      5.000000      9.000000    256.000000    361.000000     21.000000     26.000000      4.000000     -6.000000    -12.000000      1.000000      2.000000     17.000000     27.000000     35.000000     18.000000     12.000000      5.000000      1.000000     -3.000000     24.000000     13.000000     19.000000     23.000000     11.000000     12.000000     11.000000     13.000000      7.000000     12.000000     20.000000      2.000000     12.000000      1.000000     -1.000000      3.000000     -6.000000
   980.937195     19.000000      6.000000     28.000000      6.000000     11.000000     10.000000     28.000000      8.000000     22.000000     41.000000     56.000000     19.000000     18.000000     44.000000     23.000000     19.000000     14.000000    109.000000     23.000000      6.000000     23.000000      7.000000     15.000000     12.000000     12.000000     15.000000     34.000000     30.000000     16.000000     29.000000     -3.000000     13.000000     33.000000     20.000000      6.000000      4.000000      2.000000     -1.000000      9.000000      4.000000     -6.000000    -10.000000     10.000000     -9.000000    -13.000000    -11.000000     -3.000000     -6.000000    -18.000000      6.000000     -4.000000      1.000000     14.000000     12.000000      4.000000    -10.000000      5.000000    -12.000000      1.000000     -2.000000      5.000000      0.000000     10.000000      8.000000     15.000000     -1.000000      4.000000      3.000000      3.000000     12.000000      7.000000      6.000000      5.000000      0.000000      8.000000     17.000000     -2.000000      3.000000     18.000000      9.000000     22.000000     13.000000     11.000000     14.000000      8.000000      3.000000     15.000000      4.000000     15.000000      8.000000     -2.000000      1.000000     -5.000000     11.000000     12.000000     27.000000     13.000000     15.000000      0.000000     -1.000000     13.000000     11.000000      2.000000     12.000000      4.000000      5.000000     13.000000     -4.000000     15.000000     -5.000000     14.000000      3.000000    231.000000    304.000000      3.000000      6.000000      4.000000     15.000000     -8.000000     -5.000000      1.000000     -7.000000     34.000000     22.000000     54.000000     22.000000     -2.000000     -2.000000     14.000000     19.000000     10.000000      5.000000     19.000000     10.000000     11.000000     20.000000     16.000000     20.000000     12.000000      9.000000     -6.000000     -5.000000    -11.000000      3.000000    -11.000000     -3.000000
   982.347229     -4.000000     38.000000     16.000000     13.000000     17.000000     25.000000     32.000000     38.000000     30.000000     34.000000     41.000000     13.000000     28.000000     -4.000000     20.000000     33.000000     29.000000    115.000000     18.000000     17.000000     -1.000000      3.000000     20.000000      3.000000      0.000000     -5.000000     29.000000     23.000000     22.000000     47.000000     13.000000     -6.000000      3.000000     21.000000     17.000000     -3.000000      3.000000     16.000000      9.000000     12.000000    -19.000000    -16.000000     -3.000000      4.000000     -7.000000     -9.000000     -6.000000     -5.000000     11.000000      8.000000     -2.000000     16.000000      0.000000     21.000000      9.000000      8.000000     11.000000      7.000000     -1.000000      0.000000     -2.000000     -2.000000      0.000000    -12.000000      6.000000    -11.000000      7.000000     -8.000000     -6.000000      9.000000      1.000000      7.000000      2.000000      8.000000      2.000000      4.000000      3.000000     13.000000     -1.000000     20.000000     19.000000      8.000000      9.000000      7.000000      5.000000     17.000000      9.000000     10.000000     14.000000      0.000000      4.000000     13.000000      5.000000      8.000000     16.000000     23.000000      4.000000     14.000000     11.000000      2.000000      2.000000      8.000000     11.000000      5.000000      1.000000     -1.000000     -1.000000     -6.000000     13.000000      4.000000     14.000000     18.000000    242.000000    333.000000      8.000000     17.000000     16.000000     -6.000000      3.000000      7.000000      3.000000     12.000000     18.000000     41.000000     31.000000     44.000000      8.000000     -4.000000     11.000000     19.000000     19.000000     17.000000      7.000000     33.000000     23.000000     21.000000     10.000000      6.000000      2.000000      0.000000    -17.000000     -1.000000      9.000000    -15.000000      8.000000      0.000000
   983.757690      7.000000     14.000000     20.000000      8.000000     20.000000     -9.000000     16.000000     36.000000     43.000000     43.000000     48.000000      1.000000     29.000000     12.000000     12.000000     25.000000     28.000000    113.000000     26.000000      5.000000     -9.000000     16.000000     15.000000      3.000000     22.000000     21.000000     34.000000     36.000000     10.000000     24.000000     -8.000000    -16.000000      0.000000     25.000000      2.000000     -8.000000      9.000000     29.000000      7.000000     -2.000000    -18.000000     -6.000000     -7.000000     17.000000     10.000000      4.000000     -5.000000    -14.000000     -4.000000     -2.000000      2.000000     11.000000     16.000000     10.000000    -14.000000     -4.000000     -5.000000     -9.000000      2.000000     16.000000      6.000000      0.000000     -1.000000      7.000000     -6.000000     -4.000000      7.000000     -8.000000    -13.000000      2.000000      4.000000     -3.000000     -1.000000     -8.000000      6.000000     12.000000     20.000000      7.000000     18.000000     18.000000     32.000000     16.000000     10.000000      1.000000      8.000000      0.000000      8.000000     -2.000000      7.000000     12.000000     10.000000     10.000000     11.000000     10.000000     18.000000     29.000000     18.000000     18.000000     -5.000000     18.000000     -2.000000     16.000000      6.000000      5.000000      3.000000     19.000000      4.000000     -1.000000    -14.000000     11.000000     26.000000     -1.000000    235.000000    291.000000      6.000000      5.000000     15.000000      6.000000     14.000000      8.000000     13.000000     13.000000     32.000000     24.000000     34.000000     18.000000     -6.000000      2.000000     20.000000     22.000000     11.000000     16.000000     15.000000      6.000000     19.000000     26.000000     -1.000000      5.000000     -7.000000     -3.000000      4.000000     13.000000     -3.000000      6.000000     13.000000      1.000000
   985.168579     16.000000      9.000000     -2.000000      0.000000     19.000000     15.000000     13.000000     45.000000     28.000000     12.000000     60.000000      7.000000     15.000000     15.000000     26.000000     19.000000     28.000000     90.000000      5.000000      8.000000     10.000000    -14.000000     13.000000     15.000000     -1.000000      8.000000     40.000000     14.000000     17.000000     15.000000      2.000000     -6.000000     15.000000      7.000000      4.000000      4.000000      6.000000     22.000000     18.000000      2.000000      8.000000      6.000000      0.000000      7.000000     14.000000      5.000000      8.000000      3.000000      3.000000     11.000000      5.000000      8.000000     13.000000     11.000000     -3.000000    -10.000000    -21.000000     -1.000000      4.000000      0.000000      8.000000      8.000000    -10.000000    -12.000000    -13.000000     -6.000000      2.000000     -3.000000    -12.000000     -3.000000      3.000000      0.000000      9.000000     22.000000     18.000000     11.000000     12.000000     18.000000     18.000000     10.000000     15.000000     42.000000      8.000000      4.000000     32.000000     34.000000      6.000000     19.000000     -4.000000      9.000000     16.000000     10.000000    -10.000000     -2.000000     10.000000      6.000000      3.000000     27.000000     -8.000000      6.000000     18.000000      5.000000     15.000000      2.000000     12.000000      6.000000      7.000000      4.000000      4.000000      8.000000     28.000000      9.000000    231.000000    317.000000      2.000000      8.000000      3.000000     14.000000      2.000000     10.000000      6.000000     -9.000000     30.000000     31.000000     40.000000     19.000000     -5.000000     -6.000000      9.000000     11.000000      4.000000      4.000000     11.000000      2.000000     22.000000     21.000000      6.000000      5.000000    -11.000000      1.000000     -3.000000     -7.000000      5.000000     -8.000000      8.000000      6.000000
   986.580078     17.000000      2.000000    -15.000000      3.000000     19.000000     17.000000     24.000000     21.000000     10.000000     16.000000     16.000000      7.000000     11.000000     10.000000     -1.000000     45.000000     33.000000    112.000000     32.000000     13.000000     14.000000     -2.000000     23.000000     14.000000     -8.000000     20.000000     41.000000     33.000000     21.000000     17.000000      9.000000      2.000000     18.000000     14.000000     11.000000     13.000000      4.000000     13.000000     11.000000     -1.000000     -1.000000      9.000000      4.000000    -10.000000     -1.000000     -1.000000     13.000000      4.000000     -7.000000      3.000000      2.000000     -4.000000     11.000000     15.000000      6.000000    -12.000000      7.000000     -9.000000    -17.000000     11.000000      1.000000    -10.000000     -4.000000     -7.000000    -11.000000    -14.000000    -14.000000     12.000000      9.000000     -8.000000     -2.000000    -11.000000      3.000000      5.000000     13.000000     14.000000      2.000000      3.000000     22.000000     22.000000     20.000000      4.000000      2.000000     -4.000000     10.000000      8.000000     11.000000     -2.000000     -8.000000     -8.000000      9.000000      6.000000     -9.000000     14.000000     13.000000      9.000000     -2.000000     24.000000     21.000000     14.000000      4.000000     18.000000    -12.000000     -8.000000      4.000000      6.000000     -3.000000     -2.000000      7.000000     -3.000000     18.000000     15.000000    234.000000    274.000000      0.000000     13.000000     20.000000     19.000000     20.000000     12.000000      6.000000      3.000000     13.000000     42.000000     46.000000     13.000000     12.000000     16.000000      9.000000      5.000000     26.000000     13.000000     10.000000     -8.000000      4.000000     23.000000      7.000000      4.000000     17.000000      4.000000     11.000000      2.000000      3.000000     -3.000000      0.000000     10.000000
   987.992004     23.000000     13.000000     11.000000      3.000000      7.000000     17.000000      4.000000     22.000000     42.000000     16.000000     43.000000     19.000000     18.000000      8.000000     -1.000000      9.000000      5.000000     91.000000     20.000000     23.000000      1.000000     14.000000     20.000000      7.000000     -4.000000      9.000000     32.000000      7.000000      0.000000     34.000000     -3.000000     -7.000000     -6.000000      4.000000     21.000000     -7.000000      3.000000     15.000000     -4.000000     -3.000000     16.000000      9.000000     11.000000     12.000000     16.000000     17.000000      8.000000     15.000000     -7.000000     -6.000000      4.000000     10.000000     17.000000      6.000000     11.000000     12.000000      9.000000     10.000000     -2.000000      9.000000     -2.000000      4.000000    -15.000000      3.000000      4.000000    -17.000000      8.000000      4.000000      2.000000     11.000000     12.000000     13.000000    -13.000000     -6.000000      6.000000      4.000000     -1.000000      6.000000     -6.000000      6.000000     26.000000     -9.000000      0.000000      5.000000      9.000000     12.000000     16.000000      7.000000      8.000000     -4.000000      3.000000      4.000000     -7.000000     15.000000      8.000000     27.000000     -4.000000      2.000000     17.000000      3.000000     21.000000     -3.000000     -1.000000     15.000000      2.000000     21.000000     -2.000000    -12.000000     10.000000      0.000000      7.000000      9.000000    255.000000    283.000000     -2.000000     23.000000     -9.000000     12.000000     18.000000      8.000000     17.000000      0.000000     26.000000     25.000000     23.000000     17.000000     21.000000     13.000000     18.000000     18.000000     21.000000     18.000000     14.000000      3.000000     33.000000     23.000000     16.000000      9.000000     20.000000      4.000000      5.000000      0.000000     -3.000000      5.000000      0.000000     -5.000000
   989.404419     31.000000     16.000000     23.000000     17.000000     18.000000     40.000000     19.000000     34.000000     23.000000     25.000000     26.000000     14.000000      6.000000     24.000000      8.000000     29.000000     32.000000     70.000000     18.000000     11.000000     11.000000      5.000000     13.000000     16.000000     16.000000     13.000000     42.000000     33.000000     24.000000     30.000000      3.000000      0.000000     20.000000      2.000000      8.000000     15.000000      7.000000     -6.000000     20.000000      4.000000      3.000000      4.000000    -10.000000     -2.000000     -7.000000    -12.000000      4.000000      2.000000      7.000000     17.000000     12.000000     -2.000000      8.000000     20.000000     14.000000     -3.000000     12.000000     -1.000000    -11.000000     -3.000000      5.000000      2.000000      9.000000    -13.000000     -1.000000      3.000000      9.000000     20.000000      7.000000      7.000000      5.000000     -2.000000     13.000000     19.000000     16.000000     11.000000     16.000000      5.000000     15.000000     12.000000      3.000000      6.000000      2.000000     10.000000     12.000000    -15.000000     10.000000    -12.000000     -7.000000     -3.000000     13.000000      3.000000    -10.000000      8.000000     -6.000000     17.000000      3.000000     14.000000      5.000000      0.000000      7.000000      9.000000     -1.000000     16.000000      8.000000     16.000000     10.000000     -3.000000     10.000000      5.000000     16.000000     22.000000    204.000000    266.000000     19.000000     11.000000     33.000000      2.000000     16.000000      8.000000     34.000000     14.000000     12.000000     29.000000     25.000000     23.000000      5.000000     13.000000     23.000000      9.000000     28.000000     12.000000     17.000000     17.000000     11.000000     27.000000     12.000000      9.000000      6.000000      1.000000    -11.000000     -4.000000     -3.000000     -9.000000      9.000000    -15.000000
   990.817322      7.000000     22.000000     17.000000     19.000000     18.000000     29.000000      9.000000     18.000000     23.000000     28.000000     44.000000      8.000000      7.000000     22.000000      6.000000     -5.000000     44.000000     87.000000    -15.000000     18.000000     19.000000      4.000000     18.000000      3.000000     16.000000      4.000000     20.000000     52.000000     19.000000     18.000000    -13.000000     19.000000     13.000000     -1.000000     15.000000     10.000000      8.000000     18.000000     20.000000      6.000000      6.000000      0.000000      0.000000     -4.000000     -5.000000      1.000000     -5.000000     -4.000000     -8.000000      4.000000    -20.000000      7.000000      3.000000     19.000000    -10.000000      7.000000      8.000000      3.000000     -8.000000    -16.000000     -4.000000     11.000000     -1.000000     -2.000000     13.000000     -6.000000     20.000000     11.000000     -6.000000     -5.000000     -3.000000      7.000000     30.000000     17.000000     -9.000000     -7.000000     20.000000      2.000000     13.000000     15.000000      7.000000     -1.000000      0.000000     13.000000      0.000000      5.000000      9.000000      9.000000     -9.000000      1.000000      7.000000      4.000000      9.000000      9.000000     17.000000     33.000000      3.000000      0.000000      0.000000     -3.000000      1.000000     10.000000      2.000000      8.000000      6.000000     12.000000      0.000000      0.000000      2.000000      3.000000      6.000000      5.000000    201.000000    248.000000     37.000000     18.000000    -13.000000     -9.000000     25.000000     21.000000     26.000000      4.000000     22.000000     29.000000     15.000000     14.000000     12.000000      9.000000     13.000000     22.000000     12.000000      9.000000     -1.000000     26.000000     17.000000     10.000000     10.000000     10.000000      3.000000      6.000000      3.000000      1.000000    -15.000000    -11.000000      5.000000      3.000000
   992.230713      9.000000     24.000000     10.000000      9.000000     13.000000      4.000000     33.000000     32.000000     27.000000     23.000000     13.000000     -4.000000      9.000000     15.000000     25.000000     14.000000     31.000000     87.000000     13.000000      1.000000     17.000000     -3.000000     25.000000      9.000000     26.000000     13.000000     24.000000     30.000000     30.000000     17.000000     13.000000     -3.000000     -9.000000     21.000000      1.000000     -1.000000      6.000000     20.000000     13.000000      4.000000     -6.000000     -5.000000     -6.000000      2.000000      5.000000      5.000000     -3.000000      4.000000    -11.000000      3.000000     -3.000000      5.000000     -2.000000    -18.000000      6.000000     15.000000     16.000000     -1.000000     -6.000000     -8.000000    -11.000000    -16.000000    -13.000000     -3.000000      7.000000     -7.000000     16.000000      3.000000     -2.000000    -10.000000      5.000000      6.000000      2.000000      0.000000      8.000000     10.000000      4.000000      8.000000      3.000000      9.000000      3.000000     -8.000000     -1.000000      8.000000     12.000000      3.000000     -2.000000     26.000000     -3.000000     -7.000000      8.000000      8.000000     -8.000000     10.000000      6.000000     41.000000     -1.000000     -6.000000     11.000000     10.000000    -18.000000      9.000000     18.000000      0.000000      2.000000      7.000000      5.000000      1.000000     -4.000000      4.000000     22.000000     25.000000    202.000000    253.000000     10.000000      1.000000      3.000000     13.000000      5.000000     12.000000     -9.000000     -2.000000     26.000000     28.000000     27.000000     19.000000     21.000000      1.000000     15.000000     21.000000     17.000000      5.000000     21.000000     12.000000     11.000000     34.000000     -4.000000     -2.000000     -5.000000     -2.000000      1.000000     -5.000000      2.000000      2.000000      6.000000      4.000000
   993.644470      7.000000      0.000000     12.000000     19.000000      0.000000     -2.000000     31.000000     12.000000     19.000000     20.000000     32.000000     20.000000     15.000000     19.000000     14.000000     33.000000     26.000000     90.000000     16.000000      3.000000     10.000000     11.000000     23.000000    -14.000000     24.000000     13.000000     32.000000     19.000000     -3.000000     24.000000      6.000000     -1.000000     -9.000000      1.000000    -11.000000     15.000000      3.000000     14.000000     15.000000     12.000000      0.000000      5.000000     -1.000000     -5.000000     10.000000     -4.000000     -7.000000     -6.000000      2.000000    -15.000000     -3.000000    -13.000000      5.000000      8.000000    -13.000000    -12.000000     -7.000000     11.000000     13.000000     -2.000000      3.000000      3.000000     -4.000000     -3.000000      8.000000      1.000000     11.000000     -6.000000     -8.000000      3.000000     11.000000     10.000000     15.000000      6.000000     13.000000      9.000000     16.000000     -5.000000      4.000000     12.000000      1.000000     -3.000000      5.000000      2.000000     33.000000      8.000000      2.000000     -2.000000      9.000000      1.000000      2.000000     23.000000     -5.000000      2.000000      5.000000     10.000000      4.000000     19.000000     -5.000000      9.000000     15.000000      7.000000     20.000000     20.000000      5.000000     17.000000     -4.000000     21.000000      5.000000     11.000000      2.000000     13.000000    185.000000    269.000000     25.000000      3.000000      1.000000      8.000000     -9.000000     -2.000000      7.000000      6.000000     29.000000     11.000000     24.000000     16.000000     11.000000     -5.000000     18.000000     15.000000     -1.000000      2.000000     -8.000000      4.000000     40.000000     -5.000000     -3.000000      6.000000      2.000000      9.000000    -17.000000    -20.000000     12.000000     20.000000      7.000000     -4.000000
   995.058777      2.000000     23.000000     10.000000      3.000000     19.000000      3.000000     22.000000     38.000000     27.000000     24.000000     28.000000      9.000000      1.000000     10.000000     14.000000     24.000000      8.000000     82.000000     31.000000      2.000000     18.000000     16.000000     19.000000      6.000000     -3.000000     -3.000000     41.000000     18.000000      5.000000     26.000000      2.000000    -14.000000     13.000000      6.000000      5.000000      1.000000      7.000000      1.000000     -2.000000     -5.000000      9.000000      5.000000      2.000000     -1.000000    -14.000000      2.000000     19.000000     -3.000000      1.000000      8.000000      1.000000     12.000000     24.000000     30.000000     15.000000      7.000000     -4.000000     25.000000    -19.000000      5.000000     11.000000     16.000000      1.000000    -14.000000     15.000000     20.000000      9.000000     -5.000000      1.000000      2.000000     -5.000000      9.000000    -10.000000     -8.000000     12.000000     -4.000000     -7.000000      6.000000      0.000000      4.000000      7.000000     13.000000     11.000000      6.000000      4.000000     11.000000    -13.000000     15.000000      8.000000      7.000000     10.000000     19.000000     11.000000     15.000000     15.000000      8.000000     -4.000000     19.000000     -9.000000      8.000000      1.000000      6.000000     21.000000     -3.000000      0.000000     23.000000     -8.000000     12.000000     18.000000      8.000000     16.000000     -9.000000    205.000000    221.000000      3.000000      2.000000      4.000000     -2.000000     11.000000     -6.000000     -5.000000      1.000000     14.000000     21.000000     15.000000     22.000000      0.000000     -9.000000     19.000000      9.000000      1.000000     10.000000     11.000000     15.000000      8.000000     18.000000     -3.000000     11.000000      9.000000     -5.000000     14.000000     14.000000     21.000000     -6.000000     10.000000     -3.000000
   996.473572     29.000000      7.000000     15.000000      9.000000     21.000000      6.000000     14.000000     17.000000     22.000000     32.000000      9.000000     23.000000     32.000000     34.000000     10.000000     14.000000     22.000000     93.000000     10.000000     11.000000     21.000000      7.000000     11.000000      0.000000     -2.000000     14.000000     29.000000     16.000000     17.000000     -4.000000     12.000000      0.000000     -5.000000      6.000000      5.000000      2.000000     12.000000     14.000000     -5.000000      1.000000     -2.000000      6.000000      6.000000    -16.000000     -7.000000    -12.000000      6.000000      6.000000     13.000000      0.000000     11.000000      2.000000     13.000000     -1.000000     -9.000000      7.000000    -11.000000      8.000000      9.000000     -7.000000     13.000000    -15.000000      8.000000      0.000000    -17.000000     27.000000      7.000000     -6.000000     -1.000000      0.000000      3.000000     -7.000000      4.000000      1.000000      7.000000      8.000000     -6.000000     14.000000      2.000000      6.000000      8.000000     -3.000000     24.000000     12.000000     11.000000     19.000000      0.000000      2.000000      9.000000     10.000000     28.000000      0.000000      1.000000     12.000000     10.000000     13.000000      9.000000      3.000000     -2.000000      4.000000     -8.000000      1.000000     21.000000     28.000000     -2.000000     12.000000      0.000000      4.000000     17.000000     27.000000     21.000000      1.000000    212.000000    279.000000     21.000000     11.000000     -3.000000     34.000000      9.000000     -2.000000      3.000000    -10.000000     21.000000      5.000000     34.000000     10.000000     -1.000000     13.000000     14.000000     24.000000      5.000000     10.000000      4.000000     13.000000     37.000000      9.000000     -2.000000      6.000000    -14.000000    -12.000000      9.000000      0.000000     -3.000000     -3.000000     13.000000      6.000000
   997.888916     17.000000     10.000000      5.000000     15.000000     -7.000000      9.000000     25.000000     39.000000     22.000000     41.000000     14.000000      4.000000     26.000000     19.000000     35.000000     14.000000     -3.000000     83.000000      6.000000      6.000000      8.000000     15.000000      1.000000     -1.000000     -2.000000     31.000000     32.000000     19.000000     14.000000     36.000000      2.000000     12.000000     -9.000000     -1.000000    -18.000000     -6.000000     34.000000    -23.000000     17.000000      3.000000     -5.000000     -3.000000     -8.000000     -2.000000      5.000000     -6.000000      1.000000      2.000000     -6.000000    -12.000000     22.000000      9.000000      6.000000      4.000000     -5.000000      7.000000    -12.000000      8.000000      3.000000      8.000000      0.000000      0.000000    -11.000000     -6.000000     -1.000000      8.000000      9.000000      4.000000     -2.000000     10.000000     -1.000000      7.000000     -4.000000     10.000000     -6.000000     32.000000      3.000000     10.000000     10.000000     14.000000      5.000000      9.000000      1.000000      9.000000     -2.000000     10.000000      5.000000      7.000000     -5.000000     -8.000000    -10.000000     -9.000000      3.000000      4.000000      7.000000     18.000000      6.000000      9.000000     22.000000    -12.000000     -3.000000     -8.000000     -7.000000     10.000000     -7.000000     -3.000000      9.000000     -4.000000    -13.000000     12.000000      0.000000     -8.000000    156.000000    237.000000     21.000000      6.000000      6.000000      4.000000      5.000000     -5.000000     13.000000     17.000000     12.000000     14.000000     22.000000     23.000000     -1.000000     26.000000      7.000000     21.000000     30.000000      5.000000      8.000000     -3.000000     -2.000000     16.000000      1.000000      7.000000     -4.000000    -13.000000     -9.000000      5.000000      1.000000     -5.000000    -18.000000      7.000000
   999.304626     17.000000      7.000000     19.000000     20.000000     14.000000      0.000000     34.000000     20.000000      3.000000     22.000000     23.000000      9.000000     20.000000     -2.000000      0.000000     -9.000000      8.000000     63.000000     -2.000000      2.000000     -6.000000      5.000000     13.000000      5.000000     12.000000      2.000000     36.000000     36.000000     17.000000     28.000000     -6.000000    -17.000000      9.000000     -7.000000     11.000000     17.000000      1.000000     -5.000000    -14.000000     14.000000    -20.000000    -28.000000      0.000000      5.000000     -2.000000      1.000000    -29.000000    -13.000000      0.000000      0.000000     -2.000000     12.000000     16.000000     14.000000     -2.000000      1.000000     -5.000000      4.000000     -3.000000      9.000000      0.000000      9.000000     23.000000     -4.000000    -17.000000     -4.000000      1.000000     -4.000000     -8.000000     17.000000      2.000000      0.000000     -6.000000     -1.000000     -3.000000      6.000000     -5.000000     22.000000     15.000000    -17.000000      5.000000     28.000000      7.000000     13.000000     12.000000      6.000000      0.000000    -10.000000     -2.000000      8.000000      2.000000    -16.000000     -9.000000      6.000000     17.000000     17.000000      3.000000     14.000000      6.000000      3.000000      3.000000      1.000000      6.000000      7.000000      1.000000     13.000000      3.000000     -4.000000     15.000000     13.000000     22.000000     25.000000    199.000000    222.000000     12.000000      2.000000     11.000000     13.000000     11.000000      2.000000      5.000000      4.000000      3.000000     15.000000      5.000000     14.000000      4.000000      9.000000     22.000000     13.000000     24.000000     20.000000     21.000000     13.000000     19.000000     28.000000     13.000000      5.000000      2.000000    -11.000000     13.000000     14.000000     -4.000000     -1.000000      5.000000    -12.000000
   999.658630     29.000000     -1.000000     11.000000      1.000000      5.000000      0.000000     24.000000     10.000000     32.000000     35.000000     16.000000     18.000000     -2.000000      2.000000     15.000000     37.000000     15.000000     66.000000     17.000000     -4.000000     20.000000     12.000000      8.000000      9.000000     14.000000     17.000000     23.000000     38.000000     11.000000     22.000000     20.000000      9.000000     -2.000000      9.000000     -6.000000     -6.000000      0.000000      7.000000      8.000000      8.000000      3.000000     13.000000     -6.000000     10.000000      6.000000      5.000000     -4.000000      8.000000    -10.000000     -4.000000      5.000000    -10.000000     -7.000000      7.000000      5.000000      4.000000    -10.000000     -6.000000      3.000000    -11.000000     -2.000000     17.000000      8.000000      4.000000     -1.000000      0.000000      2.000000     -1.000000      1.000000     -8.000000     -6.000000      9.000000     11.000000      6.000000     10.000000     17.000000     17.000000      0.000000      4.000000      1.000000     -4.000000     -2.000000     10.000000     -6.000000     -5.000000     -4.000000      3.000000      4.000000     20.000000      5.000000     -6.000000     29.000000      5.000000     15.000000      9.000000     23.000000     -2.000000      6.000000      3.000000      6.000000     -8.000000     11.000000      7.000000     12.000000     16.000000     11.000000     -3.000000     14.000000      5.000000     -1.000000      7.000000    -13.000000    150.000000    202.000000      8.000000     -4.000000     -2.000000     -3.000000      4.000000      8.000000     -5.000000      6.000000     22.000000     20.000000     14.000000     22.000000      4.000000      7.000000      8.000000     17.000000     17.000000      3.000000     12.000000    -17.000000     20.000000      6.000000     16.000000     23.000000      1.000000      0.000000      0.000000      5.000000      1.000000     -3.000000    -11.000000      0.000000
