ENVI ASCII Plot File [Wed Dec 10 19:42:51 2025]																																																																															
Column 1: Wavelength																																																																															
Column 2: X:456 Y:544~~1																																																																															
Column 3: X:494 Y:539~~2																																																																															
Column 4: X:493 Y:539~~3																																																																															
Column 5: X:522 Y:535~~4																																																																															
Column 6: X:563 Y:558~~5																																																																															
Column 7: X:565 Y:558~~6																																																																															
Column 8: X:566 Y:559~~7																																																																															
Column 9: X:636 Y:520~~8																																																																															
Column 10: X:643 Y:478~~9																																																																															
Column 11: X:643 Y:477~~10																																																																															
Column 12: X:643 Y:475~~11																																																																															
Column 13: X:643 Y:474~~12																																																																															
Column 14: X:643 Y:465~~13																																																																															
Column 15: X:627 Y:423~~14																																																																															
Column 16: X:604 Y:486~~15																																																																															
Column 17: X:604 Y:487~~16																																																																															
Column 18: X:604 Y:489~~17																																																																															
Column 19: X:604 Y:498~~18																																																																															
Column 20: X:599 Y:513~~19																																																																															
Column 21: X:570 Y:570~~20																																																																															
Column 22: X:568 Y:571~~21																																																																															
Column 23: X:561 Y:573~~22																																																																															
Column 24: X:500 Y:581~~23																																																																															
Column 25: X:496 Y:587~~24																																																																															
Column 26: X:492 Y:593~~25																																																																															
Column 27: X:489 Y:600~~26																																																																															
Column 28: X:478 Y:602~~27																																																																															
Column 29: X:467 Y:604~~28																																																																															
Column 30: X:459 Y:610~~29																																																																															
Column 31: X:451 Y:616~~30																																																																															
Column 32: X:443 Y:622~~31																																																																															
Column 33: X:538 Y:85~~32																																																																															
Column 34: X:534 Y:87~~33																																																																															
Column 35: X:531 Y:89~~34																																																																															
Column 36: X:534 Y:90~~35																																																																															
Column 37: X:537 Y:91~~36																																																																															
Column 38: X:546 Y:87~~37																																																																															
Column 39: X:556 Y:82~~38																																																																															
Column 40: X:566 Y:77~~39																																																																															
Column 41: X:576 Y:72~~40																																																																															
Column 42: X:585 Y:67~~41																																																																															
Column 43: X:590 Y:59~~42																																																																															
Column 44: X:595 Y:51~~43																																																																															
Column 45: X:600 Y:43~~44																																																																															
Column 46: X:605 Y:35~~45																																																																															
Column 47: X:610 Y:27~~46																																																																															
Column 48: X:617 Y:13~~47																																																																															
Column 49: X:627 Y:17~~48																																																																															
Column 50: X:637 Y:17~~49																																																																															
Column 51: X:645 Y:25~~1																																																																															
Column 52: X:653 Y:25~~2																																																																															
Column 53: X:367 Y:224~~3																																																																															
Column 54: X:366 Y:237~~4																																																																															
Column 55: X:368 Y:242~~5																																																																															
Column 56: X:370 Y:246~~6																																																																															
Column 57: X:374 Y:243~~7																																																																															
Column 58: X:378 Y:239~~8																																																																															
Column 59: X:376 Y:234~~9																																																																															
Column 60: X:374 Y:229~~10																																																																															
Column 61: X:377 Y:224~~11																																																																															
Column 62: X:380 Y:219~~12																																																																															
Column 63: X:383 Y:213~~13																																																																															
Column 64: X:386 Y:207~~14																																																																															
Column 65: X:391 Y:204~~15																																																																															
Column 66: X:396 Y:201~~16																																																																															
Column 67: X:401 Y:198~~17																																																																															
Column 68: X:403 Y:192~~18																																																																															
Column 69: X:411 Y:184~~19																																																																															
Column 70: X:422 Y:178~~20																																																																															
Column 71: X:433 Y:172~~21																																																																															
Column 72: X:445 Y:166~~22																																																																															
Column 73: X:457 Y:163~~23																																																																															
Column 74: X:469 Y:161~~24																																																																															
Column 75: X:470 Y:156~~25																																																																															
Column 76: X:471 Y:150~~26																																																																															
Column 77: X:473 Y:144~~27																																																																															
Column 78: X:479 Y:148~~28																																																																															
Column 79: X:486 Y:151~~29																																																																															
	399.924103	12	28	13	20	17	12	13	24	19	6	23	16	-1	-1	5	-1	11	16	28	21	19	20	19	2	-5	35	26	27	15	0	31	16	9	2	21	16	4	-5	4	8	3	-3	12	7	1	3	11	20	30	20	31	12	3	6	14	13	20	1	8	6	19	13	25	6	9	6	19	18	-6	2	5	-2	4	17	0	-2	36	14
	401.119995	14	19	21	17	17	16	21	17	30	21	13	20	12	-2	12	25	19	8	22	15	20	27	28	23	36	10	16	36	21	27	48	19	6	-6	0	24	-7	8	5	5	16	18	8	9	6	3	8	10	-9	26	18	13	-12	8	5	4	12	5	11	10	4	17	13	11	28	10	9	19	-4	19	4	17	24	22	27	-3	22	12
	402.316406	-2	11	24	7	16	3	28	23	11	22	2	8	12	22	19	17	24	7	2	-2	15	-3	9	10	13	-4	23	10	7	38	26	-8	8	10	8	4	9	21	5	17	-2	19	6	14	0	-1	12	13	1	17	37	-5	26	8	27	11	-3	13	-7	22	-3	17	15	6	3	10	9	7	19	12	13	7	13	15	-7	16	15	9
	403.513306	14	0	15	9	17	16	17	11	6	-7	7	2	1	0	14	3	15	9	5	17	10	45	15	15	14	13	-1	11	19	35	27	8	11	1	10	3	5	13	6	14	12	24	20	6	-3	14	5	10	17	11	15	23	8	2	18	11	-10	8	24	-9	16	14	13	15	-2	3	11	14	20	33	14	9	3	14	-3	6	-3	-5
	404.710602	22	26	21	23	24	8	41	6	7	25	10	26	23	21	7	6	6	-4	8	27	10	19	-1	3	20	12	32	17	14	34	41	7	2	2	13	11	0	-6	37	-2	8	14	-3	11	-10	23	4	14	7	11	16	21	2	16	18	-1	7	10	12	14	7	3	16	-3	15	0	12	5	6	8	13	-3	15	25	4	5	22	9
	405.908508	18	10	11	13	24	14	13	25	-3	5	3	13	14	15	13	9	-1	7	22	37	18	19	37	2	17	13	24	21	27	29	50	27	-6	3	19	10	0	10	20	0	7	1	-9	1	10	17	-2	3	19	22	22	13	21	11	7	16	1	26	4	12	15	18	9	19	9	3	-2	10	27	15	17	22	8	16	5	13	9	9
	407.106812	26	15	17	-6	9	17	25	12	9	12	21	13	22	22	20	17	17	22	16	14	24	18	18	13	22	8	13	13	18	41	44	2	5	14	5	18	8	9	17	11	33	16	13	15	23	-1	15	-11	18	17	25	4	15	8	15	17	7	20	31	12	28	6	6	25	-3	3	15	8	-1	13	21	11	36	12	-1	-3	11	15
	408.305603	16	11	17	19	10	5	18	9	15	14	18	7	18	26	19	19	5	16	36	19	20	16	29	24	9	26	24	27	35	49	44	17	5	6	21	-4	27	1	25	18	5	1	7	22	14	11	20	4	32	53	28	-2	2	-17	19	22	0	-1	18	5	16	14	0	7	33	-4	14	15	19	14	19	9	9	11	29	-5	1	4
	409.504913	19	2	14	16	25	20	20	21	14	14	13	19	30	25	32	33	16	20	31	13	14	36	14	23	23	34	33	11	27	44	59	11	-4	21	4	16	2	0	14	10	7	7	29	19	19	15	14	21	11	33	34	6	14	-1	6	12	5	14	17	8	9	26	26	16	7	33	27	12	16	16	33	-16	14	20	6	7	11	7
	410.704712	3	6	6	1	15	24	16	24	37	20	23	34	21	20	28	29	21	15	33	30	21	27	32	28	28	17	25	21	40	57	51	-5	7	-2	13	10	9	22	8	15	-3	11	22	19	15	31	10	13	10	41	29	12	25	29	9	14	-1	6	9	11	10	11	8	26	14	6	9	14	15	4	16	4	-8	-4	-15	4	17	20
	411.904907	7	4	11	29	23	37	34	20	30	24	29	37	32	24	21	27	16	20	18	25	17	10	31	10	24	41	25	-3	49	41	63	17	10	0	10	24	30	2	19	4	4	1	33	-13	31	5	27	24	0	31	27	23	-2	15	10	0	7	13	2	9	28	10	0	36	17	-2	11	-7	-4	18	18	13	21	-10	5	28	17	18
	413.105591	18	4	11	9	28	22	28	18	23	27	35	33	39	12	11	17	36	26	31	32	13	15	33	39	13	26	19	34	51	73	55	22	4	7	7	3	14	13	18	12	3	33	-3	16	4	13	18	22	15	30	27	4	10	8	9	6	18	3	21	11	29	20	13	36	8	20	6	8	17	17	14	34	10	27	10	4	5	13
	414.306793	27	13	14	31	24	22	19	21	23	28	28	4	28	16	25	25	36	38	18	26	30	23	14	29	28	28	27	35	60	49	63	8	12	10	12	11	15	6	6	26	18	14	23	4	8	25	27	-6	8	32	27	25	12	21	12	15	23	23	-1	0	14	10	29	37	7	11	23	10	9	10	12	1	12	-6	7	9	20	-4
	415.508514	12	18	14	33	30	27	27	39	24	21	32	8	26	21	21	5	19	24	20	30	23	17	14	26	33	22	19	36	50	37	60	7	22	16	13	11	9	17	-7	10	6	15	10	15	4	17	30	-3	20	25	37	-1	-1	10	10	7	2	20	2	23	13	20	33	12	33	10	11	23	11	32	45	23	9	-2	7	30	-3	3
	416.710602	18	12	6	21	25	34	23	31	32	24	16	35	39	23	33	12	18	32	36	18	36	37	35	22	30	29	19	29	51	63	68	25	13	5	10	14	16	32	9	-17	13	28	32	29	2	25	9	10	13	41	36	-1	12	8	19	15	12	26	25	13	38	23	10	24	15	21	6	7	17	30	16	29	24	14	16	21	10	11
	417.9133	21	28	32	29	34	42	22	31	44	26	26	36	-1	-7	23	22	27	13	41	12	38	44	26	22	33	27	31	41	39	53	86	8	30	9	18	17	-2	23	14	11	17	30	18	16	-4	25	17	-3	21	36	21	27	11	28	21	10	16	11	14	10	20	21	14	11	22	2	30	31	16	5	12	11	-3	15	-5	16	12	12
	419.116394	21	22	12	31	49	25	32	22	2	16	16	12	2	41	30	25	32	44	35	39	37	15	31	24	29	38	23	37	35	69	56	14	19	-7	29	9	12	10	19	-1	27	28	32	36	27	35	21	33	24	35	28	12	14	14	12	20	23	23	21	25	53	19	11	23	20	12	30	18	-7	19	29	30	11	13	7	-2	10	16
	420.320007	11	15	16	20	33	48	24	45	35	51	46	32	31	39	31	29	48	27	38	39	36	44	52	20	36	51	51	34	66	74	84	23	23	19	-1	12	6	26	27	5	-12	29	19	21	28	23	22	36	26	53	28	9	10	33	11	27	39	43	18	22	45	14	17	21	52	20	39	19	11	11	38	30	8	4	16	7	12	16
	421.524109	39	30	34	31	25	45	31	35	55	31	49	53	54	11	35	12	26	58	28	36	36	50	18	23	37	25	57	47	58	86	97	10	42	14	29	21	27	14	34	13	23	30	40	10	13	31	25	6	25	65	41	5	9	23	19	40	10	19	43	31	46	8	0	13	39	18	21	14	21	17	25	37	9	15	17	3	2	17
	422.728607	22	37	32	31	41	53	52	39	41	39	36	21	43	20	52	52	40	41	29	48	36	48	45	30	37	40	45	35	87	88	83	37	5	15	5	24	37	39	19	16	-5	31	47	21	13	31	35	23	29	59	41	29	38	11	34	20	14	27	0	4	38	25	34	22	16	16	35	12	23	26	34	42	16	14	11	37	13	19
	423.933685	24	50	39	43	61	44	42	59	39	36	36	39	46	41	43	59	58	48	40	21	57	73	57	48	35	40	37	59	94	117	106	37	38	22	35	17	40	19	17	14	14	34	45	39	6	39	55	31	34	94	41	13	29	19	47	21	34	35	10	32	47	38	-5	33	34	26	33	25	10	49	28	32	12	11	10	9	25	20
	425.139191	20	44	36	31	62	65	68	44	48	56	65	56	57	36	73	57	70	72	57	84	68	70	57	40	59	31	80	67	104	112	128	36	6	31	9	30	26	36	35	13	6	47	54	16	21	46	56	26	42	85	53	29	28	36	50	29	32	45	26	51	51	36	37	13	38	36	44	34	35	29	20	35	29	15	17	14	10	21
	426.345215	44	35	52	65	87	96	77	83	61	64	66	65	89	37	59	49	63	62	52	95	78	73	49	53	61	64	85	66	127	137	145	36	38	28	37	12	27	40	21	-3	25	85	71	31	52	76	64	20	45	116	66	32	41	60	52	43	52	28	42	39	80	14	27	53	51	53	14	32	29	28	22	56	30	42	39	30	15	42
	427.551697	45	47	41	54	80	69	79	95	85	99	108	107	94	65	82	63	59	51	77	100	123	89	63	73	71	81	71	97	182	170	192	29	29	44	37	12	47	58	27	8	25	66	77	74	42	87	83	40	72	162	103	43	52	46	48	37	43	37	33	69	88	66	35	42	50	78	64	41	32	52	46	65	19	31	34	28	12	53
	428.758606	85	50	28	75	120	121	127	100	119	127	124	136	123	82	92	89	79	90	94	126	118	93	53	96	77	89	104	109	216	198	237	66	44	32	44	35	76	59	50	45	28	105	96	80	41	111	105	41	82	239	113	48	49	60	102	54	51	61	31	74	101	41	35	75	65	60	63	53	47	34	75	85	34	25	51	30	35	59
	429.966095	70	81	69	104	147	127	136	126	106	132	152	144	170	105	99	103	106	126	118	156	159	142	98	94	100	83	129	139	269	261	308	72	69	58	64	61	77	86	64	28	54	121	124	97	76	124	105	65	86	220	141	33	71	85	70	103	62	57	89	105	132	77	44	69	53	94	97	86	29	70	69	83	44	61	42	42	29	60
	431.174011	97	80	86	127	165	181	169	199	147	179	188	182	178	133	131	127	179	150	174	228	175	181	147	136	123	151	180	184	382	312	368	79	100	55	94	89	92	122	75	17	56	169	178	104	69	138	138	69	102	344	191	61	75	124	140	51	72	82	72	99	188	95	66	71	90	96	71	91	69	70	95	84	75	46	22	66	56	74
	432.382385	121	120	111	186	249	242	266	218	220	221	269	260	238	191	190	182	202	196	206	229	240	249	128	162	194	174	228	233	451	434	506	118	124	92	116	73	122	114	85	51	74	199	198	132	91	215	193	97	159	406	258	93	98	132	161	121	117	107	117	160	218	87	89	114	99	145	123	119	63	101	134	118	60	60	49	63	68	80
	433.591309	128	153	166	212	289	323	326	303	270	294	322	362	372	212	266	265	253	239	266	323	321	326	195	201	240	219	288	290	619	550	711	136	149	126	132	123	175	168	94	58	86	237	296	150	174	265	262	98	238	547	372	136	116	183	201	161	161	172	139	198	284	174	141	135	173	196	146	129	68	90	130	176	102	77	74	82	44	104
	434.800598	172	205	193	297	422	394	413	395	368	391	429	439	485	264	330	328	306	303	323	448	430	380	235	264	288	316	435	389	836	784	897	190	215	152	179	129	187	228	160	108	95	322	369	224	210	367	384	135	275	748	442	117	181	221	211	240	189	201	145	233	410	167	156	208	230	262	250	194	117	185	185	254	105	102	91	96	86	134
	436.010498	244	234	224	343	536	537	606	465	520	498	504	522	595	356	448	432	416	454	405	557	505	508	311	337	382	421	573	551	1081	942	1213	214	267	193	223	210	263	325	200	115	143	540	489	304	210	478	414	162	360	910	624	201	226	295	356	278	294	268	207	315	470	236	185	248	238	342	286	231	131	241	291	334	159	117	111	141	103	178
	437.220795	275	292	333	435	667	708	660	588	626	671	696	611	718	439	514	536	555	529	503	650	640	638	346	388	413	511	672	653	1434	1179	1419	272	321	206	290	246	344	337	263	143	139	630	613	321	297	639	532	197	390	1138	763	237	253	403	395	362	368	312	246	398	600	255	292	329	299	425	344	292	188	289	278	444	210	141	153	178	150	244
	438.43161	328	362	365	493	809	777	854	670	709	801	771	753	931	505	707	598	613	565	618	840	795	738	443	473	520	584	816	738	1670	1308	1663	340	385	277	319	323	342	475	261	159	211	718	689	398	301	734	599	239	509	1330	962	257	300	455	476	406	418	390	307	503	691	313	284	343	396	461	351	391	189	267	339	484	215	195	175	195	131	277
	439.642914	398	383	435	577	928	928	963	785	803	880	793	882	977	577	703	705	777	684	698	887	935	848	467	512	593	668	879	840	1885	1513	1950	368	477	329	363	307	428	509	297	146	210	834	802	435	371	832	659	283	529	1522	1137	316	347	520	539	487	516	422	362	525	805	335	302	375	434	555	471	432	235	353	400	605	270	147	199	227	131	292
	440.854614	458	440	473	638	983	1020	1047	924	865	874	942	923	1029	650	763	793	761	743	762	1047	915	907	508	563	645	803	1040	997	2089	1577	2114	392	477	308	379	332	484	563	322	156	234	982	861	478	373	973	782	265	639	1573	1306	314	385	601	621	496	551	456	389	619	867	374	331	430	514	626	490	510	246	347	448	582	294	167	214	227	184	311
	442.066895	460	535	538	582	1085	1052	1104	907	991	1003	1001	993	1161	696	866	838	876	794	736	1129	1033	998	581	594	711	843	1028	1040	2264	1642	2258	419	473	324	449	423	535	546	389	141	225	971	919	522	419	1029	820	277	677	1789	1411	372	426	667	657	633	637	468	406	594	933	420	351	470	497	670	545	537	247	445	460	653	272	191	217	218	196	365
	443.279602	507	471	502	748	1085	1106	1218	904	1069	977	1070	1067	1171	683	891	931	933	856	800	1132	1034	1011	583	651	674	895	1081	1025	2341	1805	2385	459	512	405	460	418	529	638	380	198	255	1009	1005	562	413	1109	877	327	664	1920	1565	384	427	694	691	587	606	549	478	651	957	477	365	547	578	680	552	586	240	433	461	718	348	214	247	254	175	408
	444.492798	502	573	470	756	1157	1173	1231	1036	1077	1021	1013	1065	1207	676	948	942	975	890	825	1174	1096	1098	607	646	778	883	1156	1053	2385	1882	2477	471	534	347	427	438	585	592	378	171	286	1068	1022	507	435	1118	954	317	709	1948	1587	393	455	735	690	628	690	548	473	762	993	504	393	562	621	770	585	636	279	496	484	766	388	200	259	241	180	401
	445.706512	534	512	517	763	1186	1166	1297	987	1059	1099	1030	1097	1219	683	976	1001	939	858	878	1268	1163	1138	616	711	796	853	1206	1166	2478	1928	2586	465	583	406	469	444	652	611	406	202	280	1095	1028	588	457	1217	984	359	741	1979	1730	427	489	730	725	682	740	539	465	760	1011	459	343	553	607	809	623	612	275	491	481	770	325	226	258	282	219	446
	446.920685	523	600	524	767	1196	1287	1318	1090	1102	1067	1140	1157	1304	776	1021	1024	1016	931	826	1168	1204	1095	661	756	777	932	1261	1169	2533	2056	2644	474	632	449	457	510	611	656	395	209	245	1217	1129	533	518	1229	967	368	771	2046	1789	378	496	769	773	724	704	615	480	728	1084	547	416	560	645	844	624	628	281	496	528	827	382	190	254	277	196	464
	448.135315	509	600	579	794	1194	1313	1435	1064	1193	1170	1155	1183	1210	723	1107	1076	1075	944	897	1276	1233	1171	666	691	813	996	1326	1209	2631	2205	2872	451	624	407	466	470	617	681	380	172	284	1157	1198	567	482	1358	1008	393	788	2186	1978	450	526	806	777	728	750	633	556	816	1082	552	399	618	686	823	641	701	295	518	557	839	364	210	261	287	185	478
	449.350403	567	565	612	853	1282	1425	1418	1107	1139	1129	1149	1190	1331	761	1103	1112	1056	965	1008	1280	1284	1207	619	744	850	1055	1349	1146	2687	2109	2879	538	612	418	455	490	661	712	422	223	262	1223	1277	539	504	1519	1064	390	814	2145	1945	507	501	866	874	745	829	631	501	820	1047	540	441	626	678	916	686	723	363	475	534	812	367	240	281	287	238	467
	450.56601	618	672	600	836	1287	1409	1466	1150	1178	1159	1220	1317	1410	751	1173	1091	1208	1023	957	1291	1237	1245	641	761	836	979	1367	1280	2733	2299	2961	534	673	464	513	496	678	741	442	214	294	1314	1309	585	532	1523	1047	324	900	2233	2087	459	549	895	868	761	827	709	516	848	1112	569	446	632	734	955	700	726	391	532	577	943	362	256	306	311	246	527
	451.782104	516	627	564	853	1341	1502	1470	1188	1237	1162	1224	1192	1460	797	1133	1186	1130	1022	992	1447	1258	1293	711	772	908	1100	1387	1249	2912	2303	3024	547	708	416	522	451	650	746	437	217	293	1397	1287	615	543	1581	1110	406	914	2321	2215	543	522	944	962	877	850	724	570	901	1155	592	412	655	773	955	740	770	345	589	545	956	398	247	305	354	246	518
	452.998596	580	651	630	853	1342	1409	1482	1208	1272	1242	1217	1246	1464	800	1211	1194	1156	1001	1010	1324	1279	1258	722	697	910	1106	1531	1414	2927	2404	3055	582	703	470	520	552	709	714	404	232	299	1335	1457	641	548	1539	1116	394	928	2408	2365	522	573	978	958	893	918	738	552	851	1177	564	503	703	872	1078	735	782	332	600	601	942	393	265	332	307	246	527
	454.215698	589	705	628	827	1375	1455	1625	1161	1270	1271	1210	1349	1493	791	1247	1191	1272	1034	1053	1355	1272	1337	761	767	902	1146	1449	1455	3030	2504	3219	585	742	462	561	551	692	769	436	241	307	1406	1577	635	593	1612	1197	425	980	2414	2418	537	611	956	992	963	922	737	618	898	1193	630	468	688	837	1074	792	819	364	605	643	1010	485	249	339	303	247	542
	455.433197	619	666	626	892	1432	1567	1582	1285	1340	1273	1245	1321	1479	853	1326	1270	1220	1165	950	1518	1369	1379	787	801	943	1186	1509	1493	3036	2434	3275	636	806	510	533	554	760	779	475	218	319	1469	1599	626	654	1733	1225	431	992	2527	2529	564	594	1048	1031	972	950	781	603	970	1219	671	495	728	852	1106	851	871	331	644	652	941	471	308	389	318	279	583
	456.651215	608	729	723	904	1458	1574	1652	1284	1340	1352	1288	1421	1483	852	1276	1283	1334	1106	1119	1448	1291	1389	752	877	972	1204	1631	1582	3132	2502	3543	629	760	464	519	597	726	772	480	236	337	1444	1701	629	587	1792	1195	479	1058	2595	2608	636	597	1085	1040	1012	957	823	652	924	1182	644	509	737	938	1167	852	891	420	654	679	1067	479	283	426	330	294	623
	457.86969	657	733	730	910	1433	1589	1709	1330	1359	1275	1296	1343	1578	878	1268	1317	1331	1067	1062	1456	1373	1385	775	843	981	1254	1640	1656	3143	2492	3633	594	742	471	537	649	788	791	459	249	359	1470	1858	676	559	1845	1200	453	977	2683	2689	614	676	1080	1133	1121	1025	820	618	985	1264	685	453	715	991	1194	879	935	395	676	706	1033	529	288	451	353	263	678
	459.088593	604	751	725	881	1523	1623	1701	1301	1287	1297	1271	1354	1476	873	1325	1349	1304	1074	1090	1383	1460	1450	742	902	954	1256	1610	1699	3158	2541	3565	605	738	492	547	567	767	787	413	276	341	1535	1764	696	597	1834	1267	455	1029	2819	2754	563	624	1170	1100	1103	1078	895	659	985	1241	721	553	782	985	1220	903	938	431	663	684	1119	513	315	403	405	308	655
	460.308105	657	736	736	947	1485	1615	1694	1284	1331	1266	1309	1348	1515	858	1347	1345	1270	1108	1046	1538	1462	1413	777	839	913	1287	1659	1725	3269	2539	3685	650	824	493	573	574	783	802	481	272	351	1584	1885	652	672	1952	1274	477	1052	2730	2865	572	639	1141	1143	1186	1079	856	713	1099	1242	720	563	771	1093	1208	910	964	386	687	682	1140	502	369	470	348	268	741
	461.528015	643	694	662	946	1571	1689	1716	1278	1362	1296	1367	1467	1504	915	1393	1401	1365	1051	1105	1477	1507	1426	862	917	941	1300	1667	1731	3317	2590	3649	624	925	516	563	613	797	846	506	243	343	1574	2044	735	618	1975	1299	478	998	2796	2933	617	667	1269	1168	1066	1039	944	664	1089	1266	697	582	780	1072	1310	907	926	427	729	671	1185	578	301	509	367	292	704
	462.748413	666	739	733	925	1571	1672	1709	1319	1433	1428	1383	1470	1582	945	1390	1436	1321	1127	1103	1529	1478	1552	811	925	999	1358	1690	1816	3378	2610	3849	680	820	571	595	620	804	835	439	242	328	1637	2185	691	650	2039	1265	493	1064	2851	2952	678	671	1242	1231	1285	1142	909	695	1032	1249	681	569	790	1089	1225	982	1108	401	716	705	1170	565	347	466	333	315	714
	463.969299	720	762	736	973	1551	1704	1812	1367	1404	1374	1479	1563	1602	935	1424	1459	1472	1149	1209	1598	1482	1427	779	912	1026	1365	1710	1878	3375	2609	3876	703	812	491	559	629	826	878	494	256	369	1695	2167	649	701	2012	1364	488	1091	2969	3306	654	682	1248	1348	1226	1162	997	705	1070	1317	743	570	892	1190	1400	949	1057	458	727	735	1166	556	341	504	409	317	787
	465.190613	681	759	771	932	1504	1690	1782	1399	1433	1391	1467	1500	1585	931	1448	1487	1492	1167	1156	1563	1484	1561	829	907	1070	1352	1833	1852	3391	2661	4009	729	843	559	563	636	858	878	442	261	400	1724	2314	703	666	2197	1452	491	1079	3035	3373	701	701	1290	1404	1302	1134	954	714	1107	1325	745	618	919	1212	1365	1024	1079	424	811	745	1218	632	357	474	358	322	790
	466.412506	705	840	779	983	1628	1761	1833	1357	1440	1383	1502	1463	1571	925	1529	1559	1502	1237	1201	1588	1594	1584	872	985	1054	1413	1819	1903	3528	2641	4211	684	840	577	580	625	851	898	486	229	333	1723	2440	693	718	2150	1389	561	1162	3222	3404	663	743	1322	1384	1382	1233	1039	754	1217	1346	819	596	858	1211	1432	1128	1100	549	854	779	1243	615	315	562	365	337	845
	467.634796	703	809	768	996	1673	1838	1847	1444	1389	1496	1389	1554	1639	973	1572	1490	1503	1253	1182	1637	1587	1597	884	894	1011	1471	1891	1980	3631	2734	4344	833	874	589	638	610	829	869	493	263	379	1755	2499	772	690	2306	1461	531	1128	3129	3472	734	736	1406	1371	1387	1249	1011	780	1238	1414	767	593	909	1201	1453	1127	1102	484	825	763	1357	626	360	545	405	353	898
	468.857605	708	844	836	1010	1618	1705	1907	1438	1506	1502	1479	1530	1619	990	1575	1606	1543	1283	1200	1652	1548	1575	826	963	1141	1525	1934	2081	3642	2813	4438	733	932	540	638	653	850	898	538	264	386	1783	2690	740	728	2328	1450	532	1193	3100	3601	752	791	1443	1495	1431	1296	1053	735	1202	1409	838	624	945	1323	1504	1111	1152	510	871	796	1270	666	395	572	391	383	904
	470.080902	766	844	819	961	1659	1878	1870	1434	1480	1426	1567	1562	1684	985	1532	1501	1588	1238	1220	1700	1564	1683	927	982	1095	1461	1934	2057	3729	2809	4355	789	922	599	604	656	861	934	470	268	330	1735	2901	739	751	2429	1393	530	1235	3261	3621	796	801	1490	1496	1520	1327	1129	820	1288	1448	869	663	998	1359	1532	1183	1232	495	905	825	1346	707	375	583	433	375	967
	471.304596	738	818	820	1034	1663	1758	1893	1465	1549	1480	1436	1628	1632	1022	1552	1608	1554	1254	1233	1682	1602	1645	891	897	1074	1492	1950	2095	3706	2809	4441	821	871	618	687	628	866	880	561	260	317	1837	2854	799	719	2401	1366	626	1165	3350	3643	770	768	1504	1594	1598	1293	1132	733	1319	1481	860	659	1009	1362	1575	1253	1287	545	945	789	1378	634	373	653	398	356	994
	472.5289	810	811	868	1047	1681	1761	1924	1435	1418	1566	1537	1631	1673	994	1593	1584	1544	1208	1208	1652	1559	1623	885	990	1040	1568	1903	2030	3632	2791	4344	774	911	625	664	631	832	940	537	279	389	1833	2996	736	762	2364	1396	566	1248	3392	3716	793	770	1469	1670	1625	1336	1217	795	1237	1450	862	666	1025	1414	1610	1252	1307	560	905	882	1392	705	393	633	461	349	968
	473.753601	772	792	818	1045	1695	1809	1771	1460	1501	1469	1601	1609	1675	934	1533	1562	1616	1206	1197	1605	1631	1660	871	911	1108	1502	1985	1973	3806	2797	4477	788	874	576	622	638	867	865	462	290	410	1922	3117	755	695	2440	1419	577	1335	3448	4014	802	830	1471	1701	1645	1386	1230	744	1263	1442	851	643	1037	1448	1661	1244	1317	572	932	817	1351	731	376	651	431	385	1013
	474.97879	788	867	810	945	1664	1734	1886	1395	1516	1530	1502	1586	1602	1016	1589	1615	1595	1160	1198	1688	1558	1671	860	968	1043	1632	1993	2019	3714	2795	4523	819	884	634	627	671	820	934	509	273	394	1884	3170	782	757	2561	1463	582	1272	3613	3898	781	796	1509	1661	1608	1423	1130	770	1317	1421	912	658	1076	1454	1597	1301	1312	581	928	837	1346	657	391	637	404	393	1086
	476.204498	797	795	906	991	1679	1807	1882	1414	1509	1486	1572	1597	1554	1028	1534	1661	1615	1219	1192	1641	1591	1619	910	962	1084	1540	2072	2073	3734	2704	4643	839	954	624	715	701	851	899	518	292	376	1878	3247	764	740	2598	1395	567	1247	3508	3954	803	848	1538	1714	1729	1402	1226	797	1373	1427	911	678	1079	1566	1689	1309	1349	594	901	869	1449	642	397	702	431	398	1047
	477.430695	818	852	857	943	1599	1708	1763	1417	1545	1563	1553	1588	1542	1028	1587	1623	1596	1189	1175	1634	1555	1580	843	929	1120	1530	2052	2014	3681	2720	4443	806	916	621	665	646	870	937	530	309	402	1927	3293	744	760	2511	1512	599	1281	3615	3988	844	811	1586	1803	1670	1396	1223	747	1354	1456	943	699	1075	1517	1691	1292	1364	588	918	876	1388	739	400	657	412	444	1087
	478.657288	790	852	881	962	1532	1677	1785	1450	1511	1443	1523	1564	1590	1022	1587	1589	1616	1161	1274	1644	1519	1607	860	963	1071	1474	1916	2159	3647	2740	4531	840	870	634	657	645	887	888	526	276	371	1957	3319	709	719	2606	1448	602	1227	3668	4133	858	837	1584	1713	1760	1412	1253	806	1383	1446	910	659	1111	1662	1715	1405	1384	615	959	897	1407	714	405	714	410	413	1120
	479.884399	814	768	854	953	1541	1723	1630	1399	1451	1495	1592	1664	1545	1042	1543	1627	1592	1132	1204	1629	1514	1575	843	937	1068	1544	1866	2157	3732	2821	4505	807	843	631	667	632	843	933	519	276	359	1879	3405	799	729	2675	1472	615	1217	3681	4227	836	839	1500	1745	1719	1397	1267	796	1364	1468	903	724	1096	1631	1683	1408	1465	642	974	842	1445	756	419	729	424	421	1140
	481.112	770	772	833	933	1537	1628	1675	1391	1498	1383	1581	1577	1508	970	1554	1572	1590	1125	1206	1560	1548	1667	845	944	1108	1473	1930	1986	3567	2554	4258	818	930	598	615	663	856	961	492	307	369	1856	3482	750	744	2683	1470	653	1194	3763	4209	815	832	1579	1706	1856	1474	1312	789	1464	1536	984	739	1125	1601	1803	1406	1449	649	960	885	1393	722	407	747	417	454	1172
	482.340088	784	815	795	928	1479	1646	1670	1296	1389	1404	1580	1679	1489	982	1579	1527	1534	1137	1127	1491	1535	1572	880	932	1060	1431	1952	1992	3506	2607	4437	826	890	602	611	654	855	950	497	265	432	1769	3521	749	741	2548	1412	629	1323	3813	4215	839	841	1597	1945	1827	1437	1358	815	1445	1558	916	754	1101	1630	1813	1411	1454	616	975	790	1402	762	385	742	450	485	1214
	483.568695	773	779	818	942	1497	1572	1643	1308	1409	1490	1615	1605	1528	994	1541	1519	1533	1111	1134	1519	1520	1585	821	858	1070	1422	1928	1995	3692	2514	4362	827	861	638	685	640	831	907	454	305	391	1821	3573	732	809	2663	1566	575	1183	3760	4182	859	804	1611	1810	1887	1466	1260	763	1361	1624	966	723	1112	1656	1756	1449	1524	590	992	909	1366	698	453	744	402	392	1243
	484.797699	800	715	788	947	1441	1586	1528	1336	1433	1466	1483	1546	1497	985	1552	1536	1512	1121	1230	1532	1432	1527	832	968	1064	1524	1892	1972	3536	2613	4297	875	930	630	615	682	843	886	495	276	365	1831	3684	780	803	2595	1413	632	1292	3930	4312	857	803	1607	1795	1874	1469	1322	807	1398	1536	970	740	1147	1739	1842	1466	1516	639	1041	853	1435	733	457	739	447	457	1293
	486.027191	764	789	795	936	1418	1592	1616	1298	1378	1447	1472	1525	1480	1038	1574	1638	1504	1107	1158	1397	1443	1548	796	900	1036	1541	1853	2016	3471	2558	4159	838	957	595	709	654	851	942	554	288	373	1828	3695	732	783	2594	1467	633	1272	4013	4335	915	851	1635	1925	2014	1449	1317	808	1518	1610	947	742	1114	1735	1732	1538	1566	671	1070	899	1404	676	451	786	424	466	1240
	487.257202	874	824	809	890	1467	1466	1589	1291	1382	1378	1478	1542	1438	1028	1533	1567	1469	1043	1133	1504	1494	1565	878	922	1074	1498	1933	1928	3407	2669	4272	872	854	597	670	652	865	928	481	316	341	1893	3861	762	844	2574	1399	604	1232	3999	4344	924	848	1603	1873	1986	1428	1315	812	1418	1619	951	734	1162	1842	1711	1550	1612	653	1057	921	1335	719	469	764	419	442	1351
	488.487701	820	812	823	908	1397	1505	1579	1203	1354	1486	1519	1587	1462	1023	1622	1538	1499	948	1107	1585	1496	1522	838	954	1007	1512	1888	1962	3436	2520	4164	831	844	635	688	648	846	952	582	277	440	1877	3710	703	771	2735	1424	653	1270	4032	4400	941	906	1647	1984	2080	1529	1377	812	1516	1660	1025	721	1211	1773	1859	1634	1650	678	1091	880	1432	699	448	787	443	443	1294
	489.718597	793	831	810	940	1452	1540	1524	1300	1387	1440	1579	1514	1525	995	1598	1531	1485	1021	1144	1485	1504	1486	848	883	1106	1494	1934	2022	3383	2595	4274	819	910	610	624	642	864	979	558	316	365	1869	4051	734	877	2719	1477	637	1259	4073	4455	938	856	1611	1966	2114	1547	1353	819	1577	1617	1014	792	1246	1953	1868	1616	1565	810	1117	899	1494	774	461	836	440	471	1392
	490.950104	830	754	806	968	1371	1482	1542	1357	1402	1379	1508	1658	1432	1029	1563	1659	1500	1075	1125	1584	1503	1668	856	876	1074	1459	1879	1917	3439	2588	4250	928	871	636	704	682	805	999	559	270	390	1871	4027	752	864	2702	1416	629	1303	4159	4690	900	835	1750	2236	2083	1603	1454	820	1540	1695	1031	808	1249	1852	1889	1647	1651	725	1193	879	1523	760	466	892	451	460	1376
	492.182007	759	781	767	955	1403	1459	1550	1232	1377	1463	1549	1656	1387	1021	1570	1513	1439	1014	1085	1538	1521	1489	868	892	1082	1537	1938	1938	3308	2532	4150	918	865	662	643	670	891	991	517	262	386	1803	3982	781	839	2702	1503	624	1273	4124	4545	951	933	1827	2173	2064	1479	1395	822	1553	1643	1071	775	1218	1862	1886	1649	1615	766	1155	875	1440	733	491	930	469	448	1457
	493.414398	771	797	803	899	1278	1397	1404	1253	1314	1354	1538	1540	1379	987	1409	1465	1400	1019	972	1490	1480	1488	843	961	1082	1423	1805	1885	3253	2492	4025	943	933	658	674	653	876	996	505	281	375	1899	3712	736	790	2693	1509	606	1273	4166	4545	951	864	1743	2219	2065	1517	1410	779	1447	1655	1025	797	1215	1839	1882	1710	1639	767	1115	899	1459	781	449	832	446	451	1436
	494.647308	850	755	750	876	1285	1394	1368	1241	1296	1453	1501	1525	1373	920	1354	1471	1369	991	968	1467	1439	1488	815	856	984	1515	1833	1892	3226	2444	3944	878	855	619	683	672	828	1022	540	287	421	1895	3553	686	776	2566	1387	649	1229	4176	4561	975	842	1675	2220	2022	1476	1401	830	1482	1655	1073	782	1190	1881	1870	1649	1731	768	1190	866	1423	708	450	810	468	479	1465
	495.880615	751	773	697	901	1295	1353	1400	1224	1422	1369	1515	1502	1355	985	1399	1451	1365	942	907	1409	1491	1410	762	832	1023	1524	1848	1829	3316	2483	3756	871	924	593	636	654	811	985	521	293	375	1842	3515	694	853	2587	1470	644	1259	4200	4501	932	855	1676	2191	1972	1469	1361	772	1531	1608	1054	730	1214	1817	1872	1700	1735	728	1158	811	1452	766	454	849	438	445	1482
	497.114502	846	826	731	941	1316	1330	1343	1178	1318	1286	1402	1506	1351	984	1325	1381	1392	934	974	1446	1369	1421	779	837	1055	1495	1801	1883	3263	2497	3863	900	834	634	602	616	855	964	483	288	398	1851	3359	650	791	2734	1544	610	1223	4146	4464	1044	792	1775	2194	2081	1497	1389	816	1504	1647	1074	788	1267	1893	1776	1747	1701	758	1148	861	1359	721	436	877	448	398	1440
	498.348785	796	758	715	953	1255	1268	1345	1152	1266	1398	1439	1518	1324	962	1428	1507	1404	893	838	1365	1321	1368	781	865	995	1454	1712	1899	3198	2429	3849	828	871	598	647	625	869	971	496	289	394	1864	3371	648	812	2729	1494	636	1225	4159	4572	852	771	1747	2191	2079	1483	1417	778	1535	1699	1067	837	1285	1815	1952	1743	1707	792	1122	825	1426	730	473	841	439	460	1445
	499.583588	809	784	736	863	1243	1320	1394	1180	1202	1331	1483	1510	1343	915	1392	1447	1370	950	890	1474	1390	1368	786	877	971	1436	1779	1843	3093	2462	3956	897	876	600	630	622	829	922	482	285	351	1881	3428	634	833	2745	1373	582	1229	4033	4660	992	804	1696	2256	2084	1525	1348	779	1508	1613	1061	842	1258	1953	1838	1666	1711	811	1072	822	1292	726	453	807	383	410	1431
	500.818909	772	754	799	863	1177	1222	1331	1162	1143	1339	1379	1420	1273	940	1360	1376	1338	896	872	1372	1316	1373	753	842	964	1375	1755	1926	3075	2449	3742	912	839	605	632	606	828	957	483	293	405	1815	3604	624	797	2747	1472	600	1225	3975	4516	998	803	1665	2240	1967	1464	1348	781	1498	1534	970	789	1299	1897	1862	1663	1740	799	1174	879	1419	708	423	813	432	490	1471
	502.054596	786	778	746	871	1198	1296	1275	1206	1189	1224	1379	1392	1264	913	1383	1398	1365	894	905	1384	1400	1347	822	843	1026	1479	1718	1841	3053	2453	3704	865	890	612	670	632	851	976	497	282	337	1762	3782	708	773	2557	1413	620	1249	3836	4597	991	825	1676	2260	2048	1441	1364	680	1511	1490	1036	780	1196	1899	1841	1726	1648	774	1256	842	1247	693	433	866	403	481	1463
	503.290894	806	730	755	855	1207	1232	1296	1200	1202	1274	1390	1409	1336	945	1426	1473	1362	1007	981	1375	1354	1289	858	814	981	1387	1715	1877	3091	2286	3696	933	850	643	707	654	802	1000	525	310	384	1764	3837	718	785	2504	1436	609	1175	3803	4446	990	846	1687	2268	2040	1490	1332	772	1444	1543	999	780	1290	1934	1849	1815	1747	793	1149	819	1342	729	441	867	448	465	1455
	504.527588	833	724	696	894	1146	1219	1216	1171	1230	1300	1361	1422	1276	898	1407	1463	1319	920	977	1402	1329	1360	824	806	1006	1415	1696	1914	3144	2442	3615	886	871	572	655	655	877	1010	483	330	406	1810	3981	702	795	2587	1455	666	1160	3784	4412	1040	801	1696	2262	2037	1514	1373	767	1489	1564	1073	783	1288	1927	1847	1761	1747	787	1217	892	1372	724	459	905	438	429	1490
	505.764801	858	718	784	872	1149	1201	1271	1228	1191	1228	1348	1436	1266	956	1421	1415	1373	918	994	1425	1362	1300	812	844	1026	1453	1878	1813	3164	2468	3527	942	840	641	663	668	795	995	549	293	411	1914	4069	773	823	2552	1502	627	1252	3729	4501	1020	836	1725	2328	2036	1457	1405	806	1491	1621	1053	713	1312	1992	1840	1811	1653	827	1226	883	1307	700	497	887	469	461	1479
	507.002502	805	766	699	867	1191	1212	1243	1116	1229	1285	1363	1437	1192	991	1407	1300	1368	914	955	1321	1314	1356	774	862	997	1390	1697	1764	3044	2269	3388	885	787	671	681	638	829	960	529	321	350	1801	4101	705	806	2583	1419	563	1205	3801	4496	989	754	1780	2289	2063	1381	1261	691	1486	1559	965	804	1342	1995	1820	1790	1743	884	1227	859	1338	703	440	905	396	441	1495
	508.240601	821	678	749	846	1087	1222	1244	1109	1157	1140	1389	1379	1259	946	1320	1389	1327	869	943	1323	1318	1261	705	823	963	1332	1667	1739	2893	2336	3371	874	839	641	635	617	862	961	469	272	368	1729	3969	688	781	2607	1447	608	1168	3987	4541	1011	813	1721	2339	1971	1366	1336	772	1617	1489	1041	835	1322	1953	1819	1802	1730	835	1236	878	1244	670	452	858	397	424	1450
	509.479309	782	750	692	777	1125	1186	1158	1057	1109	1248	1412	1362	1241	1004	1273	1374	1282	869	834	1318	1320	1229	769	803	983	1318	1606	1738	2862	2281	3312	857	851	669	674	613	844	973	550	245	347	1745	3967	748	774	2532	1390	588	1209	4002	4459	984	754	1692	2373	1976	1361	1296	750	1583	1496	1035	818	1227	1947	1910	1745	1830	875	1245	922	1310	641	429	857	405	475	1519
	510.718414	767	723	725	815	1097	1118	1135	1082	1176	1272	1345	1364	1274	936	1323	1391	1247	849	895	1309	1318	1290	766	768	915	1332	1649	1736	2922	2246	3256	855	821	629	652	634	805	942	514	283	331	1763	3959	724	813	2566	1387	603	1155	4180	4527	1013	760	1702	2537	2070	1328	1382	776	1725	1480	1038	827	1273	1916	1826	1793	1675	857	1233	854	1290	693	448	860	408	495	1612
	511.958008	811	694	684	817	1089	1092	1185	1057	1204	1246	1305	1371	1161	907	1281	1377	1311	919	896	1374	1302	1253	691	802	996	1339	1635	1671	2798	2219	3266	852	830	615	667	565	814	990	497	288	386	1764	4034	753	773	2649	1408	591	1163	4361	4311	1070	776	1750	2507	2120	1250	1326	771	1670	1575	1142	820	1330	1942	1800	1819	1819	874	1299	930	1266	690	441	852	433	487	1578
	513.19812	820	665	685	818	1044	1077	1091	1030	1184	1228	1329	1363	1274	972	1318	1342	1300	855	891	1297	1421	1253	752	739	985	1339	1575	1609	2711	2179	3279	888	816	689	661	562	797	1008	537	291	369	1758	4029	754	800	2626	1362	614	1200	4338	4482	1052	787	1699	2493	2175	1410	1455	759	1692	1623	1120	815	1376	1865	1852	1802	1874	871	1259	918	1345	670	451	924	427	434	1592
	514.438599	740	630	669	814	1060	1088	1091	1063	1181	1215	1375	1392	1245	939	1306	1325	1249	900	852	1326	1336	1205	674	748	900	1284	1590	1681	2626	2257	3240	816	791	668	619	635	827	988	533	311	366	1817	4107	729	790	2536	1303	596	1186	4460	4507	1117	788	1643	2588	2051	1431	1406	784	1707	1674	1184	891	1376	1925	1900	1874	1896	905	1298	1003	1238	672	476	944	408	509	1600
	515.679688	745	657	660	850	942	997	1028	1051	1108	1171	1339	1443	1212	895	1283	1195	1226	838	892	1251	1297	1231	743	714	908	1264	1526	1578	2497	2100	3083	789	800	698	616	641	745	984	531	316	411	1788	3979	734	794	2386	1293	594	1172	4464	4361	1070	767	1706	2511	2126	1361	1415	798	1676	1641	1174	846	1369	2049	1973	1802	1891	944	1320	948	1260	689	446	881	430	466	1586
	516.921204	760	695	632	746	932	944	981	970	1107	1125	1373	1288	1237	928	1257	1274	1165	812	757	1289	1219	1184	687	705	877	1296	1418	1484	2341	2024	2913	806	816	631	646	557	794	926	523	278	366	1679	3838	703	825	2454	1255	592	1165	4567	4164	1071	731	1640	2434	2119	1394	1431	813	1597	1785	1089	821	1370	1961	1866	1895	1871	894	1291	938	1306	690	476	937	382	483	1626
	518.163208	770	619	573	750	828	934	892	880	1075	1170	1326	1299	1119	900	1184	1206	1172	790	789	1223	1165	1094	620	670	868	1170	1384	1374	2269	1914	2813	805	733	665	615	565	789	989	519	267	363	1625	3789	643	762	2408	1258	654	1128	4521	4210	1062	678	1630	2410	2016	1491	1387	750	1590	1872	1113	839	1403	1959	1848	1788	1839	912	1309	1030	1289	647	494	876	414	457	1593
	519.405579	759	638	583	693	828	877	890	854	1091	1132	1259	1203	1099	931	1238	1148	1147	796	711	1141	1219	1057	614	625	870	1181	1388	1365	2064	1747	2586	812	797	588	576	571	758	1026	537	332	358	1567	3622	666	689	2312	1174	589	1093	4533	3939	1054	736	1594	2252	2063	1390	1362	794	1643	1780	1124	839	1366	2069	1843	1841	1843	951	1304	967	1261	651	467	917	409	398	1632
	520.648621	715	584	563	739	823	857	896	903	978	1038	1258	1225	1135	950	1106	1117	1025	706	694	1116	1190	1130	636	687	830	1077	1323	1252	2015	1585	2562	808	799	606	589	576	743	971	527	297	347	1570	3473	626	772	2257	1176	543	1085	4319	3921	1090	736	1515	2309	1964	1390	1400	696	1572	1762	1117	808	1353	1824	1820	1838	1843	923	1271	992	1215	668	467	922	404	471	1577
	521.89209	692	603	572	699	778	809	826	891	952	1046	1196	1144	1016	902	1128	1066	1031	710	693	1119	1170	1019	616	660	754	1072	1165	1213	1918	1601	2282	738	753	554	622	571	763	961	542	304	355	1453	3407	644	755	2183	1096	547	1024	4369	3617	1025	652	1542	2303	1975	1430	1371	733	1669	1824	1066	895	1386	2069	1757	1847	1824	914	1266	959	1211	681	430	904	416	470	1528
	523.135986	735	494	509	691	729	806	767	855	921	931	1096	1148	1087	903	1087	1058	991	728	646	1154	1171	1015	587	612	811	1146	1110	1142	1791	1538	2215	763	753	591	623	614	787	988	573	309	355	1520	3321	637	721	2123	1061	527	1025	4202	3677	1099	624	1517	2167	2016	1410	1326	738	1556	1788	1059	817	1302	1949	1812	1791	1860	922	1248	934	1192	599	412	886	488	455	1574
	524.380371	684	590	537	673	763	760	822	846	920	957	1110	1162	999	862	1083	1067	965	714	652	1090	1082	956	554	640	789	1038	1095	1112	1618	1474	2150	766	799	617	567	574	796	1019	511	327	295	1459	3255	584	671	2086	1016	520	952	4087	3632	1021	591	1463	2112	1930	1360	1311	736	1621	1793	1000	852	1368	1845	1739	1803	1786	943	1331	917	1160	628	449	911	411	448	1505
	525.625305	662	574	551	677	695	771	831	847	850	896	1066	1157	1009	893	1069	1002	938	677	680	1114	1169	935	599	636	806	1062	1065	1071	1620	1468	2078	760	787	641	598	599	854	1047	574	332	334	1380	3175	554	693	2080	1071	528	974	4233	3474	999	664	1416	2082	1940	1290	1271	694	1687	1731	1037	915	1311	1867	1706	1778	1722	988	1223	848	1248	625	489	910	453	450	1544
	526.870728	767	588	523	775	794	782	831	889	864	984	1080	1099	1004	908	993	1030	996	686	637	1066	1137	973	562	631	819	1074	1062	1066	1554	1432	2067	812	803	589	635	575	857	1092	571	329	339	1374	3119	667	651	2085	1007	495	991	4142	3358	1029	619	1420	2039	1946	1260	1352	813	1713	1787	1074	864	1335	1887	1757	1738	1901	987	1270	880	1187	689	466	914	446	424	1504
	528.116516	759	599	568	736	799	835	830	907	962	946	1104	1120	1024	894	1044	985	959	717	657	1133	1189	1022	575	645	758	1036	987	974	1582	1368	2034	868	786	686	593	582	868	1145	557	339	335	1468	3153	596	693	2049	1070	519	921	4280	3363	990	645	1453	2063	2102	1360	1303	768	1652	1820	1034	856	1361	1867	1712	1835	1742	967	1309	951	1159	619	508	885	417	435	1592
	529.362793	747	610	553	795	840	826	881	973	948	952	1123	1161	1018	887	1052	1074	1041	745	672	1164	1206	1026	574	642	822	1093	1104	1181	1607	1516	1997	943	889	639	670	644	878	1172	607	364	360	1402	3241	671	712	1967	1002	574	977	4286	3404	1063	693	1430	2091	2064	1305	1332	756	1589	1859	1072	868	1396	1835	1687	1812	1798	986	1299	951	1228	672	453	952	452	461	1674
	530.609619	795	688	621	856	847	829	895	922	955	991	1159	1227	1095	931	1127	1166	1066	820	663	1194	1287	1088	627	727	771	1100	1103	1073	1634	1529	2148	860	866	779	662	655	908	1168	634	375	348	1464	3101	622	732	2104	1086	559	957	4359	3411	1054	662	1425	2149	2068	1360	1317	856	1647	1850	1048	810	1322	1860	1745	1864	1778	1006	1344	995	1224	639	467	955	413	492	1607
	531.856873	790	664	592	808	874	857	921	987	919	1046	1228	1219	1128	893	1190	1207	1038	815	714	1247	1310	1058	581	731	915	1160	1125	1133	1649	1549	2110	1005	921	782	698	737	991	1394	631	386	365	1504	3174	631	746	2095	1148	533	1034	4430	3570	1177	713	1386	2240	2143	1339	1297	787	1684	1878	1095	878	1397	1991	1744	1843	1850	1058	1335	1022	1141	663	498	982	376	441	1624
	533.104614	825	683	673	820	916	912	987	1106	938	1118	1261	1274	1109	956	1228	1209	1069	818	719	1250	1355	1092	655	708	856	1173	1179	1249	1729	1604	2226	1016	971	794	749	762	1155	1384	687	402	392	1488	3133	662	684	2139	1065	553	1075	4352	3644	1087	631	1466	2318	2042	1403	1317	787	1641	1913	1045	903	1339	1875	1819	1870	1846	1049	1278	893	1208	609	519	981	418	496	1628
	534.352905	836	732	708	901	1053	959	1043	1192	1006	1115	1330	1422	1196	1004	1270	1217	1061	859	778	1308	1404	1162	636	807	923	1183	1241	1257	1809	1773	2296	1043	1044	852	734	804	1125	1446	680	403	406	1557	3334	657	789	2176	1141	567	1003	4474	3677	1123	692	1521	2399	2026	1355	1382	866	1672	1810	1064	890	1363	1940	1705	1879	1874	1010	1399	1034	1164	647	472	886	454	504	1614
	535.601624	914	816	758	1002	1062	1113	1104	1232	1055	1195	1403	1493	1319	1005	1309	1336	1217	961	848	1378	1475	1259	702	822	961	1300	1320	1410	2136	1928	2423	1165	1070	906	778	808	1219	1485	786	422	456	1596	3323	619	785	2292	1160	640	1101	4605	3732	1063	672	1405	2352	2012	1365	1301	823	1638	1834	1118	810	1376	1923	1865	1800	1808	1087	1386	936	1153	597	480	930	448	434	1646
	536.85083	1021	859	770	1000	1153	1137	1225	1408	1097	1193	1480	1531	1410	1054	1418	1353	1260	1072	862	1536	1554	1378	755	850	1092	1407	1389	1446	2173	2032	2653	1163	1117	953	814	877	1278	1665	803	461	478	1621	3499	756	870	2335	1271	638	1183	4701	3821	1096	607	1574	2368	2053	1389	1364	791	1645	1868	1105	856	1372	1950	1747	1847	1860	1024	1392	1043	1207	697	511	932	427	444	1605
	538.100525	1059	965	877	1050	1254	1214	1250	1530	1228	1361	1543	1555	1474	1119	1492	1456	1299	1089	884	1652	1610	1408	777	977	1106	1516	1471	1539	2334	2302	2834	1314	1167	972	914	974	1392	1678	845	486	481	1703	3646	757	871	2498	1292	682	1183	4857	4078	1088	630	1499	2336	2065	1375	1385	887	1612	1857	1039	910	1372	1868	1800	1925	1797	1043	1377	979	1162	676	477	964	465	487	1644
	539.350586	1181	1001	1006	1287	1351	1407	1427	1644	1317	1404	1692	1672	1604	1093	1657	1551	1469	1171	1060	1696	1716	1596	924	974	1242	1530	1644	1751	2831	2533	3128	1457	1261	1092	985	1085	1534	1811	862	532	523	1813	3749	770	899	2572	1338	721	1290	4899	4257	1149	632	1495	2437	2111	1381	1346	830	1679	1917	1068	810	1326	1926	1755	1886	1896	1075	1460	1085	1149	663	499	964	450	523	1646
	540.601318	1241	1117	1040	1364	1526	1535	1566	1750	1374	1529	1756	1861	1678	1172	1661	1669	1614	1293	1021	1831	1882	1691	894	1210	1351	1671	1739	1901	2960	2925	3323	1483	1369	1167	1035	1126	1630	1979	911	579	530	1877	3891	842	1010	2713	1405	747	1277	4954	4579	1090	670	1451	2467	1999	1392	1317	871	1707	1908	1119	873	1311	1839	1747	1976	1851	1135	1407	1034	1196	656	526	980	498	501	1751
	541.852417	1353	1204	1160	1398	1731	1625	1791	1880	1525	1690	1900	2051	1840	1271	1877	1747	1602	1454	1212	1974	2000	1893	1036	1235	1426	1826	1872	2225	3267	3166	3766	1742	1420	1232	1109	1132	1789	2164	987	656	612	2011	4087	827	1004	2937	1491	757	1377	5297	4831	1151	668	1512	2458	2178	1435	1390	820	1681	1949	1097	879	1351	2074	1751	1950	1964	1080	1494	1118	1246	691	515	1008	496	505	1687
	543.104004	1442	1266	1221	1627	1842	1750	1959	2090	1632	1759	2053	2152	2000	1240	1931	1929	1736	1522	1328	2059	2167	2074	1077	1260	1494	1942	1992	2363	3707	3623	4164	1778	1550	1328	1200	1247	1883	2229	1006	649	662	2071	4332	900	1095	3056	1655	807	1460	5589	5153	1152	636	1530	2442	2147	1382	1445	847	1657	1913	1115	912	1302	2008	1826	1991	1983	1122	1508	1029	1243	674	481	1023	446	523	1755
	544.356079	1544	1422	1321	1726	2044	1986	2080	2373	1893	1943	2323	2350	2259	1387	2120	2035	1871	1651	1492	2295	2371	2216	1167	1276	1666	2148	2166	2598	4120	4050	4437	1843	1653	1401	1297	1308	1970	2403	1051	665	660	2149	4398	974	1142	3156	1781	871	1530	5524	5203	1205	715	1575	2375	2084	1482	1413	862	1756	1865	1097	951	1312	1970	1876	2024	1993	1139	1419	1089	1263	625	515	1049	495	561	1762
	545.608582	1599	1496	1436	1905	2155	2254	2240	2500	1898	2049	2426	2364	2398	1394	2244	2174	2019	1720	1535	2436	2415	2349	1192	1511	1823	2355	2444	2987	4511	4583	4798	1997	1738	1496	1283	1380	2176	2531	1124	751	719	2282	4706	929	1168	3320	1832	978	1588	5823	5669	1198	684	1495	2455	2073	1437	1408	853	1703	1881	1124	897	1358	2007	1846	2010	2027	1213	1449	1075	1232	702	572	1022	465	553	1825
	546.861694	1733	1557	1564	1882	2400	2453	2338	2589	2066	2187	2525	2690	2420	1460	2400	2410	2102	1818	1692	2583	2640	2581	1298	1613	1838	2336	2577	3133	5072	4823	5280	2047	1727	1593	1427	1386	2179	2668	1159	690	712	2282	4702	991	1199	3548	1973	981	1715	5944	5839	1171	686	1501	2397	2134	1422	1381	883	1699	1939	1160	922	1359	1977	1762	1941	1980	1230	1510	1076	1279	701	549	1030	517	520	1800
	548.115173	1726	1647	1569	2075	2519	2573	2506	2729	2179	2343	2797	2812	2613	1458	2487	2508	2168	1987	1892	2658	2767	2675	1420	1660	2005	2416	2681	3434	5431	5424	5800	2105	1748	1624	1433	1516	2357	2751	1129	742	757	2422	4879	982	1265	3625	2041	1018	1613	6238	6070	1202	745	1500	2442	2134	1475	1450	909	1774	1943	1147	930	1401	1974	1859	2010	1988	1155	1489	1097	1238	725	537	974	486	546	1834
	549.369202	1846	1668	1757	2257	2683	2678	2692	3032	2358	2450	2879	3012	2732	1546	2613	2505	2371	2211	1928	2835	2966	2824	1539	1633	2018	2534	2896	3671	5908	5826	6338	2211	1858	1679	1499	1518	2439	2870	1137	824	731	2429	5086	1016	1395	3828	2177	1055	1819	6136	6294	1170	673	1554	2518	2046	1439	1359	902	1766	1886	1257	965	1409	1959	1828	1972	2039	1192	1543	1145	1236	666	527	1004	480	545	1775
	550.623718	1861	1885	1794	2302	2750	3010	2993	3163	2393	2654	3051	3209	2908	1569	2776	2631	2480	2202	2081	2948	2944	2912	1483	1713	2045	2735	3114	3899	6327	6270	6550	2238	1846	1738	1491	1586	2508	3036	1300	810	745	2514	5212	1072	1339	3916	2247	1112	1814	6177	6487	1207	671	1549	2512	2063	1405	1408	832	1652	1994	1125	1024	1527	1982	1792	1975	2011	1185	1483	1108	1174	654	533	1065	540	533	1786
	551.878723	1991	1993	1874	2392	3088	3087	3111	3422	2499	2792	3111	3315	3167	1513	2845	2741	2569	2259	2135	3228	3167	3071	1691	1870	2208	2940	3143	4157	6805	6673	6983	2362	1889	1743	1450	1594	2495	2879	1231	839	816	2600	5236	1070	1318	4028	2392	1098	1923	6518	6614	1196	690	1559	2508	2086	1501	1451	878	1670	2029	1226	966	1449	1959	1836	1948	1949	1199	1438	1133	1220	675	563	1053	476	520	1810
	553.134094	2175	1976	1941	2436	3138	3296	3264	3444	2713	2911	3294	3398	3142	1572	3043	2818	2606	2372	2315	3412	3340	3257	1643	1883	2193	3056	3286	4278	7193	7041	7338	2387	1995	1752	1512	1627	2541	2976	1278	828	819	2574	5383	1010	1420	4196	2522	1153	1984	6620	6692	1242	735	1556	2338	2080	1472	1495	915	1684	1888	1183	956	1533	1971	1749	2022	2049	1247	1531	1116	1196	690	559	1016	505	537	1841
	554.390015	2150	2084	2009	2453	3258	3498	3544	3711	2665	2935	3583	3509	3231	1670	3038	2947	2730	2392	2507	3384	3456	3249	1801	1911	2323	3176	3442	4656	7497	7482	7757	2498	1976	1868	1578	1606	2707	3070	1291	867	820	2602	5579	1063	1426	4276	2522	1198	2014	6785	6732	1248	688	1537	2425	2144	1445	1458	888	1834	1805	1147	1028	1504	1921	1815	1980	2005	1134	1541	1112	1261	681	565	1011	594	556	1809
	555.646423	2072	2027	2058	2681	3440	3629	3621	3897	2861	3038	3468	3649	3296	1697	3105	2937	2759	2492	2526	3580	3343	3390	1791	2012	2419	3171	3556	4585	7898	7574	8110	2579	2060	1785	1597	1678	2646	2985	1285	907	832	2679	5535	1129	1500	4324	2510	1243	2132	6921	6919	1292	700	1492	2387	2191	1470	1456	875	1763	1914	1132	1027	1502	1960	1888	2035	2007	1147	1549	1132	1306	680	571	1062	519	582	1862
	556.90332	2175	2178	2014	2685	3644	3727	3770	3854	3009	3263	3715	3782	3382	1723	3357	3163	2930	2642	2709	3629	3637	3567	1893	2028	2409	3161	3571	4909	8354	8155	8131	2619	2051	1843	1623	1662	2624	2989	1270	885	844	2746	5645	1149	1453	4401	2545	1288	2076	7087	6913	1355	670	1495	2475	2114	1487	1484	879	1747	1979	1180	944	1404	1917	1815	1977	2082	1222	1522	1126	1236	755	618	1089	459	586	1882
	558.160583	2194	2206	2194	2707	3804	3761	3926	4007	3146	3242	3872	3896	3505	1752	3377	3280	2922	2716	2617	3676	3795	3622	1992	2078	2394	3201	3952	5003	8620	8405	8806	2498	2050	1847	1636	1721	2751	3004	1360	870	920	2674	5762	1179	1475	4508	2648	1310	2099	7340	7066	1294	717	1541	2449	2126	1567	1539	923	1773	1939	1152	986	1547	1991	1836	2001	2078	1231	1639	1183	1236	764	603	1122	557	559	1840
	559.418518	2301	2318	2072	2768	4008	4003	4210	4072	3122	3373	3965	3997	3509	1780	3375	3329	2983	2767	2824	3808	4038	3640	2054	2111	2606	3383	3958	5192	9070	8762	8895	2636	2185	1962	1707	1744	2728	3062	1286	899	887	2736	6015	1292	1573	4575	2739	1347	2300	7350	7123	1342	701	1571	2542	2217	1475	1615	1025	1816	2000	1230	990	1486	1928	1864	2030	2098	1148	1624	1182	1253	760	547	1195	524	564	1989
	560.676819	2351	2294	2160	2952	3987	4121	4153	4171	3281	3456	3888	4058	3644	1779	3486	3462	3140	2909	2928	3866	4051	3792	1964	2157	2621	3549	4149	5336	9068	9108	9337	2645	2073	1897	1635	1572	2737	3014	1403	918	881	2893	5951	1245	1530	4769	2875	1288	2265	7477	7174	1426	729	1652	2551	2130	1511	1555	969	1825	2067	1198	1062	1470	1943	1927	2079	2218	1215	1657	1142	1341	717	564	1133	506	625	1987
	561.935608	2309	2208	2264	2902	4158	4203	4308	4173	3396	3478	4118	4128	3582	1807	3568	3530	3159	2860	3047	4017	4127	3819	2044	2154	2640	3505	4170	5284	9403	9235	9265	2624	2168	1904	1612	1693	2644	3042	1347	907	920	2775	5950	1195	1588	4883	2798	1369	2340	7339	7320	1357	808	1579	2548	2120	1583	1588	968	1895	1956	1288	1037	1574	1910	1900	2078	2208	1316	1688	1135	1284	717	524	1115	535	637	1936
	563.194885	2226	2328	2153	2810	4160	4206	4305	4221	3224	3608	4002	3970	3512	1798	3401	3373	3209	2947	2971	3979	3903	3795	2035	2237	2595	3533	4261	5413	9314	9418	9619	2625	2233	1867	1705	1792	2599	3079	1330	903	905	2785	5841	1241	1609	4793	2862	1383	2377	7309	7222	1284	724	1580	2569	2158	1511	1570	964	1867	1967	1209	1022	1517	2032	1801	2090	2120	1267	1647	1285	1272	717	642	1105	544	594	2048
	564.454712	2246	2334	2150	2714	4119	4248	4359	4247	3334	3420	3982	4008	3553	1870	3576	3538	3121	2869	2925	4070	3937	3787	2083	2193	2540	3581	4249	5433	9542	9328	9432	2659	2154	1774	1623	1671	2719	2930	1286	884	875	2774	6008	1180	1596	4851	2870	1246	2381	7360	7275	1313	748	1597	2453	2195	1522	1563	965	1861	1954	1214	1005	1533	1924	1953	2003	2181	1329	1658	1256	1293	695	587	1107	569	643	1977
	565.714905	2191	2309	2188	2849	4144	4378	4351	4373	3289	3393	3988	4063	3550	1842	3472	3500	3188	2833	3116	4036	4141	3832	2101	2133	2679	3581	4249	5527	9597	9410	9334	2675	2194	1777	1626	1655	2611	2882	1258	881	872	2742	5875	1202	1612	4835	2719	1286	2345	7066	7095	1368	699	1655	2588	2121	1540	1626	993	1860	1986	1202	1009	1496	1926	1765	1981	2108	1369	1703	1200	1261	764	585	1204	584	588	2009
	566.975586	2284	2333	2147	2656	4198	4320	4355	4176	3247	3337	3817	3963	3493	1856	3576	3433	3168	2975	3044	3921	4072	3714	2076	2107	2636	3610	4257	5482	9769	9450	9546	2619	2099	1776	1613	1638	2623	2908	1331	933	824	2720	5752	1241	1599	4792	2871	1338	2462	7133	7139	1298	741	1556	2492	2076	1590	1620	1048	1829	1962	1188	1001	1523	1891	1778	1986	2065	1377	1670	1292	1303	709	639	1180	583	664	1972
	568.236816	2256	2372	2134	2784	4239	4364	4380	4168	3192	3445	3885	3950	3493	1804	3501	3446	3207	2863	3014	4005	4019	3813	2078	2124	2666	3617	4337	5535	9637	9534	9866	2464	2120	1745	1613	1592	2506	2774	1332	893	873	2806	5902	1144	1581	4927	2754	1314	2396	7295	7291	1294	737	1533	2534	2034	1480	1535	1013	1922	1984	1254	1011	1516	1943	1844	2015	2003	1369	1725	1174	1283	693	640	1139	508	618	2042
	569.498474	2294	2245	2180	2860	4175	4335	4504	4079	3205	3447	3903	4099	3499	1847	3491	3436	3130	2819	3057	4093	4059	3823	2133	2156	2597	3628	4277	5540	9712	9610	9630	2497	2107	1879	1578	1678	2575	2957	1308	920	874	2795	5951	1203	1633	4985	2850	1313	2285	7279	7399	1337	745	1547	2525	2091	1538	1609	985	1850	1884	1230	1109	1517	1885	1870	2069	2064	1384	1619	1227	1327	717	594	1186	579	634	2063
	570.76062	2219	2269	2057	2660	4132	4428	4410	4204	3292	3453	4034	4030	3483	1910	3573	3462	3132	2846	3140	4124	3962	3762	2152	2288	2573	3630	4359	5585	9842	9416	9892	2462	2108	1854	1606	1595	2508	2816	1328	925	886	2863	5951	1248	1577	4871	2970	1307	2405	7481	7350	1302	766	1473	2469	2051	1516	1577	944	1906	1872	1239	1063	1509	1907	1859	2064	2043	1336	1698	1265	1316	790	643	1203	602	644	2167
	572.023315	2184	2256	2151	2778	4278	4325	4441	4173	3175	3386	3912	3938	3523	1822	3560	3403	3182	2820	3140	3936	4113	3758	2067	2214	2507	3614	4413	5542	9787	9609	9867	2414	2083	1906	1528	1672	2510	2816	1259	875	781	2787	5898	1238	1669	5010	2890	1372	2560	7681	7375	1376	786	1560	2490	2076	1546	1599	979	1885	1912	1247	1096	1558	1946	1797	2077	2082	1383	1692	1234	1378	724	609	1145	569	627	2032
	573.286377	2254	2217	2087	2723	4176	4570	4398	4303	3188	3672	3892	4222	3612	1901	3616	3501	3248	2811	3004	4013	4216	3677	2044	2155	2568	3620	4447	5648	9904	9613	9933	2547	2058	1830	1520	1631	2521	2760	1330	932	835	2774	5844	1223	1661	4996	3034	1401	2520	7716	7305	1373	708	1611	2496	2153	1552	1662	1035	1854	1946	1220	1122	1557	1977	1899	2041	2133	1454	1768	1331	1347	788	571	1182	582	646	2186
	574.549988	2315	2290	2093	2836	4197	4372	4409	4304	3369	3536	3964	4012	3463	1886	3644	3565	3237	2876	3055	4090	4058	3759	2157	2263	2676	3685	4474	5745	9771	9813	9921	2506	1999	1868	1542	1596	2461	2732	1294	812	888	2866	5830	1211	1633	5006	2902	1369	2586	7706	7424	1387	732	1587	2487	2079	1558	1622	1072	1952	1991	1244	1125	1566	1891	1834	2099	2152	1423	1791	1276	1291	749	610	1175	661	648	2182
	575.814087	2231	2298	2132	2782	4240	4417	4559	4193	3456	3533	3960	4016	3690	1972	3592	3652	3361	2948	3158	4038	3968	3830	2131	2207	2622	3643	4479	5785	10075	9764	10190	2434	2070	1750	1540	1663	2574	2922	1283	868	902	2942	5990	1261	1672	5073	2990	1377	2626	8038	7524	1365	767	1590	2573	2131	1595	1620	1084	1834	1965	1305	1089	1594	1910	1862	2120	2168	1397	1770	1322	1372	805	667	1261	605	622	2265
	577.078613	2259	2253	2174	2809	4201	4531	4691	4238	3378	3783	3969	4051	3652	2038	3749	3632	3249	2888	3127	4230	4059	3664	2182	2309	2663	3690	4436	5820	9944	10107	10130	2505	2133	1812	1578	1553	2504	2733	1268	924	900	2932	5922	1287	1789	5059	3068	1326	2616	8025	7592	1436	757	1516	2602	2157	1585	1660	1052	1920	1983	1266	1151	1632	1882	2016	2090	2260	1497	1801	1339	1333	858	670	1217	635	707	2166
	578.343628	2362	2338	2308	2772	4206	4404	4473	4254	3400	3777	4064	4150	3702	1930	3720	3578	3350	2969	3083	4245	4112	3856	2160	2222	2635	3785	4527	5787	10055	10100	10431	2612	2016	1758	1579	1584	2592	2772	1381	939	913	2935	6118	1252	1708	5269	3085	1331	2693	8242	7761	1354	769	1594	2596	2116	1557	1642	1099	1907	1986	1317	1116	1654	1864	1838	2226	2165	1477	1896	1314	1318	806	711	1246	595	710	2409
	579.609314	2273	2232	2202	2858	4287	4337	4575	4273	3484	3736	4043	4034	3660	2042	3774	3637	3318	2973	3150	4188	4014	3706	2207	2267	2573	3738	4470	5898	10209	10052	10600	2435	2143	1721	1532	1593	2519	2644	1326	898	918	3000	6082	1294	1712	5271	3073	1417	2702	8438	7731	1425	765	1612	2504	2167	1569	1827	1084	1947	2017	1257	1164	1596	1882	1905	2160	2248	1493	1933	1382	1421	808	661	1280	594	719	2400
	580.875183	2396	2209	2151	2778	4362	4410	4544	4311	3516	3728	3947	4284	3714	2038	3616	3635	3272	3030	3048	4225	4184	3827	2253	2297	2618	3918	4661	5948	9988	10177	10521	2483	2005	1722	1502	1691	2568	2758	1342	942	856	2922	6019	1323	1738	5233	3162	1405	2791	8297	7771	1496	826	1625	2585	2245	1733	1718	1065	1984	2081	1286	1125	1627	1945	1969	2144	2245	1538	1948	1444	1461	811	702	1246	675	741	2352
	582.141724	2231	2205	2162	2825	4444	4359	4490	4365	3475	3758	4179	4205	3688	2009	3763	3662	3325	2859	3190	4175	4140	3684	2249	2252	2668	3849	4562	6003	10014	10211	10706	2367	2076	1787	1546	1634	2524	2771	1337	931	894	2997	5905	1378	1661	5323	3239	1416	2758	8542	7714	1428	810	1679	2615	2185	1659	1731	1086	1956	2039	1289	1199	1529	1955	1928	2199	2361	1551	1913	1368	1406	824	715	1290	655	744	2413
	583.408691	2345	2290	2176	2770	4442	4510	4644	4433	3540	3852	4016	4149	3660	2007	3591	3661	3317	2910	3239	4201	4140	3859	2209	2307	2644	3801	4699	5922	10125	10271	10682	2397	2096	1742	1527	1581	2536	2663	1316	851	914	2890	5962	1255	1732	5325	3203	1439	2848	8524	7795	1301	791	1613	2590	2221	1606	1791	1085	2032	2094	1338	1199	1598	1914	1863	2261	2364	1565	2020	1422	1460	790	717	1301	641	814	2408
	584.676025	2397	2211	2259	2711	4286	4488	4678	4255	3536	3698	4170	4204	3734	2087	3831	3651	3390	3062	3127	4191	4112	3871	2264	2274	2748	3856	4716	6004	10294	10459	10621	2482	2044	1781	1516	1617	2563	2766	1411	921	885	2963	5858	1422	1696	5440	3154	1454	2852	8569	7473	1511	824	1610	2596	2151	1596	1760	1085	2034	2065	1353	1144	1604	1968	2031	2177	2332	1486	1956	1499	1438	812	699	1304	693	753	2373
	585.94397	2354	2264	2110	2679	4380	4554	4695	4361	3623	3801	4137	4188	3683	2017	3792	3746	3444	2954	3172	4264	4344	3922	2247	2206	2567	4014	4778	6026	10337	10238	10925	2366	2146	1863	1527	1619	2432	2815	1334	941	933	3039	5964	1342	1709	5362	3174	1435	2932	8689	7591	1424	781	1603	2692	2142	1693	1742	1071	2088	1997	1317	1135	1580	1948	1863	2162	2336	1560	2061	1428	1501	878	714	1312	739	754	2436
	587.212402	2311	2313	2227	2757	4436	4485	4626	4271	3450	3701	4220	4245	3769	2117	3744	3735	3412	3073	3206	4350	4260	3927	2268	2233	2637	3791	4694	6011	10127	10373	10889	2497	2101	1836	1545	1627	2525	2772	1357	939	884	2984	6174	1289	1764	5439	3158	1407	2930	8694	7577	1495	830	1628	2575	2157	1665	1863	1166	2011	2017	1334	1206	1644	1957	1889	2232	2307	1513	1994	1473	1514	849	750	1309	744	750	2445
	588.481323	2302	2289	2215	2844	4487	4627	4711	4328	3576	3699	4150	4134	3612	2082	3867	3715	3416	3060	3240	4438	4334	3947	2364	2287	2769	4099	4809	5929	10066	10455	10836	2474	2122	1827	1584	1591	2477	2673	1379	908	967	2987	6036	1373	1751	5642	3098	1454	3017	8789	7520	1451	812	1683	2548	2122	1649	1838	1208	2004	2069	1396	1183	1608	1890	1938	2162	2352	1629	2011	1506	1440	821	727	1372	749	762	2647
	589.75061	2221	2286	2161	2838	4387	4402	4626	4433	3510	3817	4134	4096	3640	2017	3893	3721	3583	3076	3303	4378	4399	4026	2249	2300	2686	3996	4751	5957	10366	10399	10737	2411	2087	1902	1649	1703	2511	2734	1430	985	963	3038	6030	1347	1907	5534	3281	1494	3071	8913	7570	1534	797	1648	2630	2163	1671	1814	1187	2034	1985	1473	1172	1661	1965	1906	2232	2347	1613	1944	1559	1462	853	710	1428	750	827	2568
	591.020508	2268	2278	2181	2861	4584	4362	4705	4413	3596	3813	4153	4274	3701	2119	3792	3862	3497	2999	3326	4415	4349	3874	2324	2351	2768	4035	4880	5903	10324	10615	10906	2526	2133	1795	1637	1631	2530	2737	1355	954	981	3078	6064	1330	1803	5573	3220	1514	3000	8994	7537	1480	840	1653	2635	2162	1684	1913	1235	2192	2124	1369	1212	1658	2009	1946	2221	2352	1593	2021	1575	1526	858	763	1369	676	878	2628
	592.290771	2321	2356	2278	2781	4469	4489	4821	4395	3643	3794	4137	4267	3721	2089	3942	3904	3536	3006	3249	4464	4413	4048	2293	2322	2762	3977	4834	6182	10588	10648	11140	2429	2181	1919	1556	1664	2438	2803	1402	848	928	3053	6036	1378	1816	5552	3418	1433	3006	9103	7554	1528	914	1692	2684	2297	1633	1875	1231	2220	2060	1373	1275	1597	1959	1968	2225	2328	1509	2027	1600	1507	908	734	1420	772	813	2682
	593.561584	2226	2285	2243	2995	4498	4594	4763	4496	3622	3906	4010	4197	3751	2111	3938	3842	3479	2955	3331	4451	4291	3998	2351	2365	2900	4160	4985	6072	10642	10472	10938	2461	2194	1820	1622	1707	2550	2815	1421	1002	951	2999	6143	1348	1907	5642	3286	1519	3151	9240	7538	1538	860	1656	2686	2273	1623	1975	1272	2151	2130	1402	1196	1673	1995	1981	2260	2455	1520	2073	1593	1572	883	787	1527	774	826	2831
	594.832886	2220	2426	2134	2821	4370	4624	4780	4434	3657	3863	4244	4358	3722	2147	3936	3818	3542	3096	3334	4565	4419	4126	2363	2372	2828	4265	4904	6291	10482	10436	11113	2474	2180	1922	1535	1610	2525	2745	1444	1025	924	3090	6115	1425	1923	5551	3331	1488	3100	9239	7516	1566	837	1746	2687	2166	1670	1962	1256	2248	2133	1433	1175	1593	2015	1983	2260	2528	1629	2120	1612	1582	952	827	1466	758	844	2698
	596.104614	2331	2306	2306	2933	4683	4630	4716	4373	3691	3995	4189	4249	3818	2165	3910	3956	3506	3115	3417	4623	4393	4099	2394	2426	2913	4314	5061	6292	10385	10679	11251	2504	2193	1821	1621	1639	2523	2760	1413	983	968	3130	6067	1371	1925	5903	3356	1444	3157	9240	7612	1591	906	1765	2826	2168	1719	2043	1363	2222	2064	1445	1233	1660	1904	1978	2184	2466	1617	2172	1681	1532	846	813	1442	762	876	2745
	597.376892	2312	2305	2328	2939	4463	4703	5011	4415	3785	3766	4352	4374	3857	2203	3915	3797	3461	3067	3396	4471	4363	4062	2312	2371	2918	4316	4891	6385	10531	10595	11197	2505	2144	1785	1582	1696	2569	2626	1380	1045	946	3073	6018	1421	1906	5550	3342	1547	3152	9246	7625	1590	861	1780	2773	2258	1620	2101	1305	2247	2112	1404	1281	1592	1969	1991	2279	2534	1566	2187	1692	1613	952	816	1471	802	856	2931
	598.649597	2287	2241	2307	2955	4494	4629	4896	4516	3674	3870	4263	4418	3912	2154	3895	3973	3579	3177	3378	4583	4457	4138	2441	2456	2789	4108	4976	6274	10234	10613	11399	2462	2134	1796	1587	1765	2526	2678	1398	959	1003	3163	5974	1468	1888	5698	3483	1523	3283	9409	7635	1602	921	1852	2791	2228	1687	2060	1400	2225	2067	1440	1246	1638	1970	2047	2258	2485	1655	2224	1734	1632	969	821	1574	777	939	2985
	599.922791	2419	2379	2126	2918	4393	4664	4908	4639	3667	3798	4139	4240	3852	2222	3856	3801	3464	3042	3406	4673	4382	4204	2453	2443	2758	4319	4940	6368	10316	10634	11241	2437	2147	1756	1631	1715	2548	2687	1477	964	997	3097	6127	1461	2012	5730	3360	1513	3314	9631	7541	1622	931	1784	2832	2206	1667	2117	1378	2186	2146	1504	1236	1730	1940	2061	2143	2427	1757	2239	1695	1668	872	824	1472	863	905	2852
	601.196472	2218	2216	2288	2832	4558	4659	4810	4379	3814	3969	4037	4320	3913	2150	3776	3912	3597	3143	3381	4495	4334	4182	2363	2368	2760	4330	5115	6409	10218	10798	11385	2432	2195	1792	1631	1690	2563	2724	1432	964	1039	3163	6041	1377	1919	5748	3316	1568	3279	9409	7273	1578	933	1721	2703	2238	1818	2066	1373	2313	2067	1382	1244	1638	1947	1972	2246	2485	1704	2231	1781	1606	942	817	1595	813	907	2980
	602.470581	2313	2260	2149	2950	4441	4594	4944	4454	3702	4026	4114	4352	3852	2156	3823	3765	3593	3151	3288	4563	4474	4049	2354	2412	2730	4206	4979	6339	10508	10705	11402	2547	2094	1798	1546	1578	2457	2780	1486	969	974	3070	5958	1439	1972	5766	3460	1509	3451	9401	7448	1530	968	1633	2741	2295	1673	2053	1419	2366	2138	1483	1250	1733	1915	1947	2192	2385	1762	2224	1709	1600	934	795	1553	785	966	3005
	603.7453	2417	2336	2263	2843	4504	4573	4948	4488	3648	4024	4177	4286	3899	2158	3805	3872	3569	3155	3292	4398	4485	4019	2439	2412	2879	4220	4894	6402	10123	10515	11445	2421	2164	1850	1565	1632	2503	2646	1531	986	936	3096	5870	1496	2018	5878	3391	1487	3330	9526	7319	1566	970	1731	2808	2225	1699	2099	1369	2281	2018	1468	1289	1616	1876	2005	2144	2422	1784	2228	1688	1734	976	908	1666	820	920	2954
	605.020386	2355	2300	2202	2929	4542	4719	4934	4530	3770	3948	4193	4375	3731	2275	3980	3926	3463	3195	3236	4598	4461	4138	2454	2389	2875	4401	4968	6327	10329	10692	11528	2360	2149	1786	1630	1645	2592	2789	1432	963	955	3121	5999	1410	2051	5871	3574	1473	3386	9504	7376	1582	934	1776	2830	2253	1700	2156	1460	2262	2143	1520	1366	1623	1937	1966	2105	2425	1758	2317	1752	1721	966	931	1588	862	1087	3014
	606.296021	2313	2274	2274	2991	4443	4679	4869	4640	3673	3847	4196	4238	3805	2138	4032	3947	3690	3227	3384	4710	4601	4177	2374	2354	2816	4389	5081	6383	10140	10746	11311	2472	2183	1820	1583	1640	2489	2745	1417	995	1055	3229	6058	1546	2024	5942	3528	1588	3548	9423	7377	1580	1021	1779	2867	2160	1726	2203	1458	2310	2041	1525	1292	1706	1941	1985	2146	2423	1902	2203	1820	1756	1022	858	1610	905	1017	3179
	607.572083	2367	2336	2254	2998	4516	4608	5043	4347	3790	3914	4146	4255	3907	2161	3967	4029	3538	3313	3335	4681	4531	4179	2541	2439	3001	4482	5061	6274	10217	10821	11539	2456	2148	1828	1532	1600	2484	2655	1446	919	996	3194	6109	1445	2054	5671	3461	1588	3594	9603	7397	1574	1020	1802	2888	2245	1726	2217	1474	2369	2117	1558	1261	1687	2012	1956	2235	2354	1820	2296	1776	1781	1033	935	1630	899	996	3246
	608.848572	2379	2312	2273	3036	4679	4761	5053	4412	3659	4023	4195	4361	3857	2286	4031	4006	3721	3250	3384	4863	4537	4187	2448	2464	2949	4364	5226	6514	10574	10755	11634	2470	2282	1826	1620	1688	2494	2711	1463	1039	988	3249	5856	1447	2074	6064	3446	1568	3604	9785	7350	1623	992	1827	2942	2211	1762	2209	1568	2379	2206	1557	1324	1643	1989	1987	2207	2406	1844	2361	1863	1859	1053	865	1731	884	1038	3446
	610.125671	2387	2334	2348	3014	4574	4780	5062	4599	3761	4101	4303	4423	3916	2176	4016	3890	3682	3298	3469	4921	4672	4159	2519	2409	2865	4414	5093	6473	10500	10796	11760	2492	2195	1822	1539	1662	2617	2704	1481	1057	981	3186	6171	1453	2059	6014	3552	1566	3658	10088	7280	1632	1048	1899	2885	2304	1777	2274	1582	2423	2134	1568	1310	1796	2019	2005	2127	2453	1884	2396	1920	1871	1082	943	1747	892	1074	3433
	611.403198	2430	2404	2298	3155	4719	5005	5207	4668	3771	4140	4257	4257	3763	2209	4104	4038	3749	3301	3505	4880	4808	4344	2641	2498	2939	4603	5274	6655	10539	10841	11875	2370	2197	1878	1639	1638	2581	2894	1487	1020	1018	3285	6101	1467	2122	6062	3680	1589	3752	9856	7516	1595	1070	1907	2990	2175	1817	2374	1638	2494	2115	1576	1347	1665	2007	2006	2310	2507	1887	2503	1921	1926	1125	973	1676	932	1091	3609
	612.681213	2386	2367	2468	3187	4734	4990	5287	4676	3857	4183	4379	4427	4061	2286	4209	4118	3916	3338	3550	5017	4773	4399	2564	2629	3081	4751	5238	6593	10575	10965	12252	2532	2209	1820	1681	1722	2691	2737	1551	1078	997	3352	6124	1571	2149	6239	3521	1650	3868	10012	7584	1757	1089	1905	2921	2364	1832	2418	1633	2518	2188	1663	1363	1707	2029	2085	2250	2544	1999	2421	1938	1914	1116	956	1841	945	1132	3735
	613.959717	2364	2379	2322	3157	4798	5131	5308	4655	4028	4146	4341	4522	4006	2259	4203	4180	3763	3369	3580	5103	4755	4464	2734	2534	3071	4807	5508	6875	10768	11230	12474	2496	2190	1888	1643	1665	2545	2891	1505	1064	1073	3324	6281	1495	2354	6136	3800	1704	3924	10042	7581	1735	1105	1971	3087	2400	1881	2526	1712	2661	2155	1624	1441	1682	2018	2089	2296	2541	1949	2577	2000	2026	1127	1156	1880	1044	1144	3770
	615.238586	2565	2431	2373	3266	4949	5027	5443	4822	4003	4244	4552	4530	4078	2378	4340	4223	3810	3568	3645	5108	4865	4509	2693	2595	3190	4791	5405	6876	11054	11393	12519	2523	2130	1940	1652	1724	2463	2801	1638	1119	1115	3338	6316	1503	2280	6188	3892	1696	4092	10175	7597	1749	1164	1920	2941	2414	1890	2618	1728	2611	2261	1632	1363	1746	2063	2128	2287	2590	2015	2608	2048	2126	1091	1025	1985	1027	1181	3911
	616.518127	2429	2404	2346	3138	4812	5128	5442	4822	3996	4159	4430	4708	4075	2320	4307	4203	3954	3540	3712	4998	5020	4523	2724	2617	3101	4786	5472	6671	10838	11080	12520	2514	2309	1949	1643	1715	2546	2934	1529	1114	1086	3390	6236	1520	2361	6542	3936	1696	4235	10343	7766	1795	1155	2028	3088	2388	1996	2496	1842	2757	2222	1639	1425	1737	2118	2165	2320	2591	2050	2491	2063	2043	1193	1087	1989	1108	1172	3986
	617.797974	2495	2427	2435	3044	4818	5066	5436	4828	3994	4194	4427	4412	3970	2267	4254	4267	3872	3534	3718	5102	4807	4448	2794	2717	3106	4870	5468	6913	10902	10978	12597	2499	2204	1849	1677	1662	2635	2816	1539	1092	1035	3282	6123	1494	2341	6436	3765	1764	4157	10314	7669	1749	1173	2148	3100	2365	1934	2566	1784	2753	2265	1625	1466	1711	2064	2169	2338	2615	2042	2563	1983	2071	1192	1020	2004	1038	1149	3961
	619.07843	2458	2403	2444	3168	4862	5181	5239	4858	3999	4230	4506	4573	4106	2309	4159	4188	3857	3479	3749	5174	5060	4557	2592	2668	3061	4724	5544	6683	10562	11172	12750	2483	2266	1851	1673	1680	2589	2829	1555	1036	1083	3297	6163	1588	2223	6316	3767	1710	4021	10305	7766	1835	1157	2118	3041	2410	1917	2580	1871	2732	2174	1710	1428	1660	2046	2113	2301	2598	2049	2590	2120	2029	1203	1087	2000	1006	1245	4109
	620.359314	2547	2343	2341	3158	4797	5224	5510	4867	4065	4035	4237	4517	3945	2354	4201	4125	3930	3592	3743	5089	4879	4549	2677	2583	3092	4774	5541	6927	10718	11058	12822	2448	2269	1864	1571	1638	2590	2775	1545	1046	1127	3390	6218	1534	2280	6338	3882	1768	4287	10204	7589	1758	1222	2131	3035	2386	1902	2664	1861	2780	2246	1699	1396	1710	2042	2174	2305	2605	2215	2523	2159	2119	1196	1181	2087	1054	1248	4162
	621.640625	2473	2487	2392	3145	4808	5221	5372	4804	3922	4218	4325	4615	4027	2299	4201	4321	3923	3459	3674	5305	4877	4529	2702	2569	3098	4875	5549	6959	10685	11216	12634	2409	2193	1817	1702	1792	2468	2724	1530	1089	1095	3327	6197	1581	2267	6507	3793	1738	4346	10430	7762	1837	1239	2064	2963	2300	2048	2747	1943	2752	2277	1594	1414	1667	1944	2023	2240	2548	2184	2562	2271	2232	1250	1091	2095	1056	1202	4358
	622.922485	2497	2468	2359	3190	4706	5085	5553	4858	3923	4151	4372	4474	4084	2301	4273	4286	3993	3551	3751	5094	4917	4558	2783	2571	3172	4974	5593	6827	10714	11334	12539	2458	2257	1826	1638	1681	2547	2858	1568	1054	1098	3473	6240	1546	2375	6337	3674	1732	4359	10533	7656	1836	1227	2285	2972	2363	2023	2785	2068	2790	2226	1721	1410	1757	1935	2118	2357	2666	2143	2583	2237	2193	1178	1103	2117	1133	1345	4308
	624.204773	2486	2452	2373	3285	5054	5266	5469	4822	4003	4233	4258	4518	4167	2333	4278	4259	3866	3473	3739	5113	4956	4732	2782	2694	3128	4871	5581	7005	10745	11341	12739	2545	2332	1862	1676	1740	2632	2821	1536	1100	1065	3394	6213	1572	2430	6473	3848	1742	4262	10917	7880	1833	1302	2196	3059	2421	2000	2774	2015	2904	2328	1734	1464	1722	2035	2064	2306	2553	2076	2577	2249	2256	1287	1241	2110	1129	1366	4520
	625.48761	2551	2518	2287	3185	4840	5177	5475	4786	3955	4134	4466	4518	4226	2351	4159	4334	3936	3677	3652	5209	4899	4564	2789	2626	3082	4808	5564	6788	10779	11277	13005	2483	2208	1944	1656	1673	2460	2803	1607	1073	1105	3523	6199	1509	2384	6425	3730	1795	4384	10681	7782	1855	1336	2200	3010	2381	1936	2767	2002	2948	2301	1801	1488	1708	1916	1998	2323	2574	2226	2666	2412	2342	1285	1114	2117	1089	1353	4712
	626.770874	2497	2385	2395	3313	4958	5309	5462	4853	3956	4106	4410	4608	4255	2219	4366	4200	3910	3536	3774	5160	5036	4594	2802	2604	2980	5083	5477	6874	10746	11373	13109	2433	2276	1824	1655	1799	2580	2801	1525	1071	1113	3433	6119	1585	2341	6542	3874	1748	4694	10887	7751	1836	1353	2253	3100	2331	1995	3037	2016	2951	2259	1657	1569	1662	1872	2113	2281	2540	2151	2631	2301	2264	1327	1208	2191	1181	1383	4696
	628.054626	2561	2459	2344	3231	5074	5258	5531	4945	4002	4273	4455	4665	4126	2335	4311	4220	3758	3542	3817	5286	5041	4685	2857	2685	3076	4914	5548	6846	10583	11474	12907	2485	2292	1753	1692	1758	2559	2736	1518	1098	1122	3329	6363	1586	2376	6497	3894	1832	4593	10981	7892	1811	1305	2305	3015	2401	2013	2935	2041	2933	2267	1698	1457	1708	1937	2075	2180	2574	2221	2617	2361	2446	1280	1155	2217	1134	1386	4701
	629.338928	2466	2397	2309	3206	4839	5051	5457	4846	4111	4271	4437	4575	4108	2217	4279	4295	3894	3542	3768	5258	4988	4573	2888	2673	3090	4977	5522	6898	10996	11400	13050	2387	2106	1839	1632	1673	2497	2831	1496	1017	1106	3456	6156	1638	2368	6316	3934	1744	4697	10901	7932	1895	1354	2276	3148	2342	2033	3015	2110	2993	2257	1684	1412	1708	2004	2061	2406	2581	2108	2673	2455	2379	1307	1289	2232	1170	1441	4848
	630.623596	2478	2289	2416	3195	4947	5193	5533	4962	4239	4269	4483	4669	4140	2207	4318	4192	3923	3539	3707	5174	4980	4713	2847	2683	3072	5062	5562	6974	10622	11450	12922	2421	2284	1814	1674	1660	2468	2980	1547	1119	1149	3500	6211	1613	2494	6379	4025	1835	4851	11242	7826	1907	1373	2308	3210	2346	1998	3074	2117	2989	2283	1808	1456	1759	2031	2176	2233	2537	2245	2679	2331	2420	1405	1221	2179	1215	1362	4944
	631.908813	2521	2450	2382	3316	4944	5087	5700	4952	4203	4283	4413	4539	4163	2262	4375	4307	4027	3553	3747	5086	5095	4598	2880	2716	3171	5077	5571	6866	10729	11365	13216	2466	2224	1892	1684	1683	2496	2679	1559	1172	1143	3472	6425	1639	2614	6653	3955	1848	4900	11319	7866	1926	1407	2322	3055	2390	2102	3135	2198	3070	2314	1795	1438	1736	2002	2161	2287	2541	2339	2751	2439	2491	1409	1259	2279	1205	1574	5134
	633.194519	2526	2447	2441	3277	5065	5252	5806	4995	4240	4257	4528	4769	4339	2319	4423	4390	3980	3648	4015	5356	4990	4743	2848	2608	3148	5121	5858	6911	10557	11753	13064	2379	2179	1813	1669	1739	2450	2855	1540	1090	1179	3503	6328	1598	2566	6691	3919	1850	5091	11381	7857	1923	1523	2329	3150	2448	2062	3328	2248	3165	2375	1771	1518	1728	2041	2130	2402	2648	2304	2685	2460	2523	1434	1336	2345	1245	1576	5294
	634.480713	2424	2459	2532	3434	5099	5246	5770	5076	4229	4404	4604	4910	4427	2294	4470	4314	4092	3739	4053	5238	5027	4649	2858	2802	3143	5238	5589	6986	10714	11902	13440	2432	2225	1958	1713	1774	2494	2792	1558	1122	1196	3635	6438	1618	2641	6703	3936	1833	5196	11569	7963	1925	1476	2466	3133	2399	2071	3285	2311	3162	2514	1834	1543	1848	1966	2173	2295	2720	2185	2776	2581	2493	1374	1352	2306	1328	1541	5489
	635.767273	2397	2504	2426	3199	5178	5275	5635	4984	4244	4505	4564	4703	4411	2394	4413	4482	4086	3643	3896	5242	5037	4852	2869	2670	3236	5107	5813	7148	10731	11744	13451	2402	2301	1847	1708	1741	2546	2801	1520	1068	1109	3708	6606	1627	2526	6732	4124	1924	5315	11859	8130	1988	1522	2544	3272	2460	2152	3383	2432	3164	2385	1841	1555	1764	2098	2189	2239	2610	2412	2737	2696	2462	1554	1298	2469	1256	1570	5471
	637.054382	2379	2487	2514	3386	5058	5375	5722	5173	4278	4385	4598	4760	4304	2327	4516	4496	4035	3796	3982	5285	4961	4841	3006	2795	3306	5172	5892	6970	10631	11704	13394	2431	2233	1894	1688	1803	2423	2866	1466	1115	1205	3713	6469	1622	2634	6801	4132	1923	5360	11788	8185	2052	1581	2446	3327	2487	2223	3514	2387	3158	2390	1810	1497	1707	2109	2152	2342	2631	2234	2821	2588	2552	1461	1447	2496	1229	1656	5671
	638.34198	2374	2532	2392	3466	5102	5228	5705	5133	4331	4521	4539	4886	4275	2296	4548	4436	4117	3681	3932	5189	4961	4942	3005	2753	3338	5262	5910	7245	10581	11721	13437	2387	2130	1814	1672	1757	2496	2834	1439	1127	1165	3707	6472	1660	2639	6771	4103	1947	5599	12157	8281	2034	1623	2591	3169	2456	2246	3476	2454	3319	2451	1870	1572	1708	2065	2228	2370	2658	2332	2792	2616	2486	1460	1384	2440	1369	1606	5867
	639.630127	2448	2451	2404	3426	5037	5343	5790	5124	4348	4525	4579	4710	4408	2251	4419	4358	4066	3721	4010	5438	4920	4852	3008	2681	3289	5262	5993	7275	10368	11715	13613	2428	2295	1834	1665	1775	2457	2908	1451	1046	1198	3769	6435	1763	2631	6902	4093	2003	5525	12236	8253	2071	1637	2575	3153	2481	2172	3676	2540	3299	2459	1964	1536	1738	2145	2061	2304	2587	2287	3050	2673	2454	1488	1505	2541	1456	1696	5895
	640.918579	2531	2512	2476	3465	5188	5271	5792	5261	4227	4427	4594	4728	4313	2218	4466	4405	4025	3776	3996	5457	4980	4914	2939	2809	3310	5485	5860	7166	10537	11802	13646	2474	2197	1817	1607	1694	2414	2829	1391	1136	1173	3748	6619	1667	2682	6745	4174	1911	5707	12241	8362	2112	1608	2516	3184	2404	2121	3544	2481	3329	2584	1974	1565	1791	2074	2196	2194	2674	2208	2950	2748	2494	1569	1474	2564	1339	1699	5922
	642.207703	2408	2467	2399	3401	5012	5409	5702	5104	4183	4561	4684	4729	4418	2278	4532	4343	4118	3746	3957	5495	5065	4820	3024	2879	3273	5405	5988	7241	10626	11923	13713	2378	2232	1748	1703	1734	2479	2932	1462	1127	1134	3854	6447	1615	2700	6930	4089	1986	5783	12410	8540	2001	1707	2661	3231	2395	2191	3648	2654	3312	2444	1835	1626	1828	1973	2262	2301	2650	2269	2996	2732	2676	1569	1511	2586	1374	1850	6055
	643.497192	2497	2474	2490	3286	5071	5415	5791	5260	4304	4368	4628	4727	4407	2179	4575	4365	4123	3792	3933	5326	5016	4999	3034	2909	3295	5392	5949	7018	10261	11757	13550	2289	2131	1773	1623	1775	2350	2860	1460	1139	1207	3690	6588	1645	2672	6884	4067	2034	5769	12464	8616	2005	1764	2590	3172	2489	2358	3745	2709	3281	2422	1931	1548	1635	2014	2172	2273	2662	2140	2976	2731	2714	1506	1560	2593	1431	1761	6070
	644.78717	2417	2567	2385	3431	5024	5500	5828	5284	4369	4412	4620	4801	4362	2211	4532	4549	4055	3715	3929	5472	5173	4995	3048	2908	3430	5353	5841	7162	10445	12035	13597	2357	2218	1748	1658	1783	2424	2694	1497	1119	1171	3746	6359	1630	2767	7108	4148	2043	5883	12471	8588	2023	1686	2584	3242	2402	2254	3794	2618	3412	2372	1966	1513	1684	1984	2071	2310	2586	2156	3032	2726	2709	1540	1569	2671	1410	1768	6230
	646.077576	2477	2482	2455	3328	4999	5482	5852	5208	4324	4384	4652	4793	4453	2163	4363	4373	4034	3761	3961	5618	5257	4967	2982	2834	3378	5309	5752	7181	10342	12005	13817	2402	2139	1743	1605	1695	2471	2772	1500	1065	1152	3753	6343	1599	2736	6976	4216	1965	6029	12657	8385	2076	1765	2603	3096	2454	2316	3778	2669	3396	2424	2000	1520	1641	1960	2018	2197	2504	2320	3126	2765	2762	1594	1553	2606	1480	1828	6405
	647.368713	2515	2491	2555	3340	4968	5275	5977	5148	4339	4377	4653	4680	4404	2295	4538	4409	3996	3786	3931	5454	5243	4867	3019	2882	3337	5305	5796	7184	10499	11839	13745	2322	2179	1819	1600	1713	2468	2834	1580	1053	1193	3853	6544	1609	2641	7036	4090	1984	6162	12819	8792	2101	1782	2604	3130	2362	2231	3823	2709	3391	2377	1936	1612	1585	1921	1957	2198	2617	2219	3187	2810	2753	1628	1558	2629	1413	1823	6266
	648.659973	2388	2474	2388	3356	5212	5442	5824	5297	4208	4519	4596	4877	4270	2318	4467	4416	4101	3783	3987	5588	5257	5018	3013	2828	3284	5237	5770	6988	10213	11857	13693	2288	2069	1762	1616	1708	2432	2703	1446	1108	1188	3806	6344	1628	2738	7069	3958	1945	6208	12761	8832	2117	1791	2637	3104	2341	2229	3912	2691	3386	2424	1885	1622	1632	1792	1965	2239	2610	2279	3131	2804	2841	1628	1595	2705	1467	1886	6385
	649.952026	2613	2403	2451	3442	5061	5678	5897	5206	4240	4374	4521	4785	4261	2340	4540	4351	4162	3812	3992	5751	5442	4862	3039	2904	3238	5359	6022	7153	10130	11815	13752	2275	2033	1681	1703	1684	2373	2770	1547	1114	1143	3870	6384	1668	2745	7111	4213	2103	6251	13419	8744	2128	1835	2628	3123	2350	2303	3901	2631	3409	2372	1880	1577	1612	1757	1994	2167	2619	2246	3086	2817	2981	1606	1638	2718	1511	1964	6476
	651.244385	2523	2464	2422	3325	5012	5576	5911	5367	4239	4290	4573	4784	4399	2277	4499	4526	4210	3682	3945	5631	5363	5020	3027	2836	3308	5391	5940	7314	10299	11818	13914	2299	2132	1712	1554	1708	2363	2830	1518	1009	1168	3797	6439	1600	2827	7164	4124	2050	6505	13303	9008	2084	1799	2588	3092	2359	2269	3836	2707	3345	2399	1920	1489	1643	1731	1931	2119	2617	2305	3118	2816	2901	1681	1602	2737	1453	1919	6640
	652.53717	2479	2456	2455	3390	5072	5744	5976	5323	4326	4418	4544	4678	4453	2215	4602	4427	4095	3828	4185	5671	5356	5009	3121	2867	3399	5493	6019	7067	10295	11886	13919	2314	2092	1641	1629	1749	2424	2636	1456	1142	1158	3768	6406	1595	2820	7101	4284	2129	6666	13740	8996	2114	1855	2704	3099	2435	2307	4150	2713	3481	2354	2075	1564	1600	1745	1996	2123	2521	2378	3089	3011	2926	1694	1635	2744	1522	1956	6807
	653.830688	2493	2397	2404	3450	4976	5556	6093	5302	4216	4371	4661	4829	4402	2217	4613	4481	4124	3814	4220	5653	5540	4913	3064	2927	3334	5624	5982	7246	10274	11940	14003	2297	2133	1719	1707	1753	2327	2638	1564	1079	1165	3751	6319	1653	2868	7116	4284	2082	6691	13925	9088	2076	1988	2639	3159	2303	2328	3981	2870	3455	2350	1930	1613	1597	1690	1936	2111	2531	2279	3139	2895	2947	1692	1672	2765	1530	2026	6770
	655.124512	2573	2473	2421	3561	5016	5601	5980	5335	4364	4495	4717	4925	4333	2262	4671	4432	4077	3870	4154	5707	5392	4947	3079	2964	3338	5525	5996	7278	10345	12003	14386	2326	2105	1766	1599	1665	2485	2642	1440	1048	1190	3797	6449	1613	2841	7283	4199	2057	6906	14173	9377	2159	1912	2636	3108	2376	2287	4075	2822	3572	2397	2014	1515	1701	1808	2028	2118	2446	2232	3310	2884	3002	1697	1687	2809	1531	2012	6811
	656.418823	2579	2449	2438	3430	5063	5454	6048	5453	4449	4521	4775	4953	4477	2288	4609	4380	4224	3849	4148	5740	5580	4900	3097	2867	3376	5606	6053	7209	10411	12105	14264	2367	2158	1733	1642	1780	2296	2668	1510	1071	1141	3822	6396	1643	2912	7397	4278	2053	7089	14397	9467	2162	1935	2817	3002	2345	2267	4112	2781	3556	2332	1956	1575	1654	1768	2046	2173	2553	2324	3165	2808	2944	1662	1646	2782	1554	2041	6929
	657.713623	2599	2399	2535	3528	4973	5386	6107	5212	4465	4549	4663	4859	4457	2269	4596	4496	4106	3732	4142	5668	5533	4813	3054	2964	3366	5515	5982	7250	10507	12271	14333	2231	2188	1736	1651	1645	2319	2631	1492	1065	1148	3998	6511	1705	2864	7439	4217	2142	7194	14515	9595	2187	1917	2681	3003	2230	2278	4219	2945	3519	2318	1893	1513	1619	1807	2038	2003	2413	2255	3327	2971	3071	1691	1727	2711	1587	2061	6970
	659.008911	2663	2298	2364	3495	5085	5613	6032	5455	4325	4481	4624	4862	4468	2254	4664	4362	4165	3815	4168	5587	5526	4939	3198	2935	3287	5751	6140	7213	10256	12056	14324	2271	2186	1731	1609	1714	2360	2643	1520	1059	1151	3900	6396	1636	2905	7316	4313	2120	7256	14782	9777	2118	2034	2702	2910	2359	2313	3998	2723	3573	2342	1913	1459	1612	1957	2092	2097	2419	2251	3238	2857	3029	1677	1715	2847	1594	2047	7112
	660.304688	2564	2308	2342	3431	5119	5513	5960	5336	4384	4504	4785	4793	4330	2241	4603	4379	4057	3799	4224	5565	5468	4777	3118	2869	3318	5411	6134	7173	10165	11870	14349	2267	2061	1690	1645	1751	2313	2643	1453	1026	1151	3843	6335	1583	2713	7159	4334	2144	7391	14879	9774	2094	1966	2810	2986	2237	2265	3997	2823	3509	2311	1980	1493	1594	1970	1997	2006	2408	2150	3133	2863	2965	1750	1835	2842	1574	2020	6762
	661.60083	2606	2359	2431	3430	5024	5648	6115	5294	4347	4495	4596	4968	4358	2064	4496	4354	4074	3678	4186	5537	5352	4865	3171	2821	3333	5552	6035	7209	10249	11851	13980	2220	1876	1641	1589	1623	2314	2539	1477	998	1160	3855	6197	1585	2843	7112	4176	2088	7538	14749	9720	2115	1935	2603	2986	2284	2305	4121	2901	3397	2236	1891	1524	1575	1889	1982	2083	2341	2211	3095	2868	2870	1688	1737	2744	1645	2084	6866
	662.897583	2588	2441	2383	3503	5131	5425	5893	5291	4278	4466	4624	4726	4183	2224	4460	4341	3898	3733	4079	5652	5385	4747	3107	2799	3260	5454	5972	6947	10025	11898	14053	2131	1888	1592	1592	1689	2240	2640	1433	987	1120	3856	6099	1520	2824	7039	4111	2112	7365	15107	9595	2001	2017	2706	2838	2190	2224	4023	2774	3424	2240	1935	1503	1481	1890	1940	1946	2337	2157	3182	2718	2899	1743	1751	2740	1560	2222	6746
	664.194824	2582	2370	2381	3367	5007	5467	5893	5197	4318	4336	4585	4742	4282	2148	4377	4330	4085	3781	4007	5483	5348	4799	2960	2822	3280	5390	6008	6953	9999	12006	13872	2039	1940	1570	1572	1680	2273	2640	1451	1018	1162	3744	6149	1550	2741	7064	4143	2141	7411	15174	9770	1972	1951	2689	2797	2200	2177	3898	2790	3475	2109	1946	1456	1467	1893	1862	1939	2361	2088	3119	2769	2926	1608	1684	2723	1640	2060	6885
	665.492493	2540	2253	2311	3403	4896	5392	5927	5276	4198	4265	4645	4866	4125	2105	4550	4304	3909	3590	4209	5621	5437	4812	3140	2889	3276	5373	5931	7038	10030	11926	14183	2201	2054	1623	1579	1680	2143	2543	1388	942	1142	3704	6138	1521	2676	7133	4241	2129	7686	15260	9834	2006	2059	2792	2894	2164	2343	4106	2810	3462	2164	1947	1482	1510	1871	1835	1778	2201	2154	3073	2834	2955	1655	1716	2715	1468	2099	7077
	666.790588	2624	2316	2349	3383	4956	5473	5949	5059	4268	4305	4388	4821	4312	2162	4400	4301	3907	3769	4101	5630	5365	4734	3148	2889	3227	5327	5893	7093	9920	11770	14243	2110	1968	1591	1506	1569	2189	2608	1448	1048	1068	3685	6031	1575	2700	6878	4080	2115	7659	15315	9682	1940	2057	2667	2867	2190	2332	3976	2830	3507	2196	1886	1353	1418	1902	1762	1944	2319	2122	3106	2792	2940	1745	1713	2757	1558	2058	6758
	668.089294	2551	2326	2264	3324	4831	5441	5845	5213	4210	4320	4561	4762	4092	2032	4444	4327	4015	3781	4097	5745	5395	4738	3077	2806	3296	5420	5892	6939	10023	11718	14410	2049	1953	1554	1534	1659	2112	2494	1465	1017	1130	3688	6018	1548	2825	7100	4211	2165	7779	15546	9540	1974	2011	2684	2794	2194	2291	3972	2818	3487	2124	1863	1447	1489	1895	1824	1825	2245	2057	3055	2786	2862	1679	1751	2833	1548	2089	6700
	669.388428	2450	2272	2376	3341	5062	5460	5723	5362	4183	4415	4410	4629	4314	2074	4360	4286	4046	3651	4183	5571	5505	4868	3039	2896	3235	5244	5960	6807	9786	11747	14277	2133	1925	1532	1524	1677	2151	2503	1394	947	1135	3755	5998	1448	2777	7007	4116	2094	7999	15557	9778	1990	2017	2624	2748	2158	2220	3988	2898	3426	2132	1870	1364	1502	1885	1826	1917	2214	2035	3051	2753	2744	1641	1658	2686	1507	2092	6664
	670.687988	2465	2303	2396	3255	5081	5352	5606	5187	4286	4301	4320	4758	4102	2003	4447	4328	3951	3635	4154	5482	5427	4930	3143	2851	3051	5141	5694	6940	9868	11732	14015	2075	1886	1523	1521	1561	2039	2525	1389	1020	1120	3779	5936	1437	2727	6984	4206	2132	8177	15667	9883	1911	1936	2521	2889	2091	2243	4010	2807	3388	2096	1849	1299	1489	1793	1813	1824	2131	2009	3048	2653	2783	1639	1685	2644	1580	2150	6455
	671.988098	2478	2197	2308	3359	4946	5301	5789	5206	4304	4206	4558	4532	4119	2074	4380	4118	3877	3662	4017	5524	5274	4815	3028	2776	3169	5276	6001	6876	9712	11404	13627	2084	1825	1598	1406	1564	2092	2428	1415	895	1117	3607	5762	1453	2666	6963	4045	2111	7880	15608	9774	1943	1994	2617	2642	2041	2120	3858	2819	3450	2070	1856	1300	1387	1787	1721	1751	2178	2052	3005	2631	2716	1543	1657	2552	1556	2087	6607
	673.288574	2477	2277	2209	3315	4894	5333	5946	5167	4133	4208	4311	4543	4102	1969	4363	4205	3906	3629	4088	5569	5597	4821	3057	2846	3106	5313	5768	6563	9451	11485	14267	1997	1859	1487	1414	1573	2006	2452	1320	938	1075	3720	5873	1407	2877	6981	4088	2035	8098	15635	9660	1951	1911	2576	2630	2107	2249	3843	2827	3337	2079	1687	1318	1411	1728	1681	1777	2208	1916	2931	2613	2649	1622	1687	2537	1471	2013	6444
	674.589722	2416	2298	2228	3243	5024	5155	5784	5058	3958	4191	4396	4572	4104	1957	4443	4196	3848	3740	4125	5493	5355	4646	3175	2693	3126	5270	5764	6689	9316	11617	13995	1900	1915	1453	1474	1590	2168	2350	1345	895	1087	3689	5803	1387	2799	7019	4075	2069	7848	15848	9630	1839	1922	2604	2592	1985	2213	3792	2763	3345	1997	1807	1333	1375	1731	1541	1802	2092	1873	2947	2592	2535	1546	1604	2605	1423	2141	6233
	675.891174	2454	2169	2232	3241	4809	5286	5754	5198	4209	4205	4307	4425	4035	2024	4358	4371	3949	3707	3935	5424	5443	4730	3108	2791	3123	5260	5888	6747	9286	11633	13678	1995	1822	1501	1495	1572	2051	2449	1311	859	1078	3689	5780	1405	2762	7108	3995	2059	8210	15861	9707	1840	1868	2627	2607	2033	2138	3895	2788	3381	2017	1776	1325	1371	1751	1629	1693	2011	1946	2883	2539	2421	1630	1635	2543	1526	2111	6263
	677.193176	2414	2247	2281	3246	4991	5221	5728	5077	4148	4174	4349	4573	4137	2055	4381	4147	3916	3574	3938	5505	5404	4720	3051	2700	3183	5292	5787	6639	9132	11598	14053	1915	1874	1506	1524	1598	2043	2398	1294	950	1037	3663	5848	1405	2645	6954	4106	2094	8198	15944	9843	1755	1923	2589	2570	2100	2150	3781	2834	3287	2052	1801	1330	1386	1685	1613	1617	2049	1871	2917	2537	2414	1522	1595	2505	1506	2004	6323
	678.495728	2390	2168	2275	3330	4901	5292	5694	5176	4077	4165	4307	4547	4012	2015	4240	4248	3679	3670	3901	5505	5410	4658	3179	2726	3158	5277	5746	6807	9230	11370	13736	1958	1844	1560	1417	1474	2110	2352	1361	854	1064	3717	5771	1398	2634	6982	3954	2029	8189	16045	9920	1833	1942	2529	2461	1933	2104	3718	2754	3374	1964	1788	1257	1380	1706	1610	1636	2034	1864	2884	2493	2454	1416	1594	2498	1453	1903	6191
	679.798584	2421	2134	2213	3283	4929	5293	5598	4937	3898	4058	4304	4557	3960	1941	4303	4187	3887	3572	4116	5449	5173	4873	2964	2670	3134	5135	5741	6692	8962	11532	14089	2010	1840	1503	1471	1524	1968	2383	1350	922	1107	3646	5811	1403	2673	6765	4050	2075	8280	16156	9804	1824	1900	2461	2446	1947	2122	3731	2814	3332	1868	1798	1254	1362	1693	1571	1623	2003	1807	2817	2511	2375	1512	1592	2509	1395	2039	6167
	681.102112	2326	2185	2225	3190	4895	5294	5527	5269	4002	4018	4266	4397	3987	2024	4403	4139	3793	3586	3984	5361	5230	4601	3036	2690	3017	5304	5752	6646	8992	11694	13872	1939	1793	1450	1443	1489	2039	2366	1312	902	1065	3504	5684	1359	2743	6919	3912	2146	8372	16067	9964	1788	1837	2511	2444	1860	2052	3815	2700	3424	1943	1742	1248	1342	1718	1547	1589	2008	1825	2757	2406	2339	1513	1587	2503	1480	1993	5839
	682.406006	2258	2175	2179	3118	4768	5140	5445	5137	3952	3962	4218	4436	3952	2007	4217	4199	3803	3567	3988	5308	5312	4695	2996	2626	3097	5119	5677	6702	8660	11484	14074	1870	1771	1478	1425	1506	2036	2401	1303	838	1034	3568	5589	1322	2733	7008	3953	2060	8426	16070	10026	1670	1829	2408	2403	1939	2138	3602	2633	3256	2001	1843	1226	1331	1579	1577	1526	2003	1817	2838	2343	2282	1503	1651	2444	1365	1994	5970
	683.710388	2212	2081	2194	3130	4808	5192	5573	5141	4074	3999	4202	4413	3922	1937	4262	4127	3759	3484	3911	5274	5386	4729	3088	2672	3052	5073	5686	6529	8662	11350	13688	1798	1806	1326	1391	1594	2026	2409	1293	846	1056	3583	5524	1415	2680	6833	3889	2048	8555	16180	9852	1755	1892	2344	2362	1910	2063	3603	2633	3314	1997	1728	1251	1246	1631	1519	1573	1895	1811	2651	2337	2191	1443	1483	2428	1404	1947	5697
	685.01532	2232	2075	2206	2964	4624	5227	5440	5044	3953	3960	4158	4308	3834	1937	4192	4128	3771	3518	3940	5340	5094	4525	3043	2606	3030	5365	5646	6493	8818	11334	13832	1839	1708	1421	1256	1485	1991	2281	1252	884	1070	3530	5603	1351	2736	6756	3860	2003	8457	16181	9943	1733	1907	2352	2329	1857	2015	3599	2577	3233	1957	1731	1234	1280	1585	1435	1522	1884	1690	2710	2306	2166	1399	1533	2469	1405	1954	5586
	686.320679	2193	2124	2182	3057	4675	5125	5309	5039	3896	3953	4124	4244	3870	1872	4076	4067	3631	3369	3752	5326	5190	4449	2940	2552	2920	5202	5609	6542	8620	11198	13431	1805	1624	1360	1276	1453	1859	2225	1203	811	1023	3461	5448	1400	2641	6914	3879	2097	8374	16133	9691	1646	1831	2279	2221	1794	1954	3476	2656	3180	1792	1625	1181	1216	1507	1404	1450	1872	1628	2587	2283	2119	1417	1543	2373	1404	1901	5396
	687.626526	2162	2056	2091	3038	4632	5132	5381	5048	3786	3874	3900	4162	3772	1890	4059	4019	3694	3447	3870	5144	5054	4559	2996	2537	2936	5052	5410	6485	8575	11094	13202	1769	1685	1364	1356	1450	1859	2153	1226	825	1053	3339	5251	1383	2497	6839	3708	2037	8320	16185	9676	1560	1848	2235	2120	1745	1969	3366	2626	3148	1955	1650	1186	1195	1477	1405	1437	1789	1594	2518	2284	2082	1381	1520	2327	1369	1920	5271
	688.9328	2155	1986	2061	2898	4599	4991	5101	4688	3715	3688	3855	4065	3733	1835	3979	3789	3677	3361	3634	5116	5019	4282	2926	2560	2935	4933	5544	6269	8580	10751	13070	1746	1712	1272	1264	1359	1789	2228	1207	782	1015	3323	5253	1286	2562	6445	3726	2024	8239	15954	9523	1594	1819	2189	2152	1765	1962	3341	2485	3115	1811	1659	1071	1177	1517	1364	1403	1789	1566	2513	2223	2107	1325	1546	2218	1280	1826	5171
	690.239624	2045	1998	1931	2971	4507	4857	5171	4639	3672	3646	3996	3896	3574	1788	3944	3824	3560	3222	3762	5077	4913	4418	2927	2508	2802	4805	5326	6288	8405	10896	12950	1744	1555	1266	1286	1384	1827	2184	1165	829	991	3177	5164	1247	2491	6325	3703	1949	8534	16181	9393	1466	1746	2186	2028	1666	1912	3215	2512	3439	1843	1597	1088	1189	1425	1372	1345	1683	1626	2358	2134	1980	1316	1483	2218	1362	1824	5032
	691.546875	2066	1944	2026	2774	4411	4647	4955	4759	3647	3593	3821	3955	3531	1831	3924	3682	3399	3177	3769	5044	4921	4283	2865	2515	2822	4909	5286	6122	8518	10763	12901	1568	1559	1282	1285	1381	1768	2046	1127	798	977	3303	5118	1231	2464	6317	3520	1871	8353	15754	9400	1492	1637	2102	2039	1694	1790	3148	2420	2893	1758	1448	1095	1229	1414	1277	1331	1644	1572	2318	2093	1924	1352	1425	2120	1174	1776	4591
	692.854614	2021	1853	1969	2725	4240	4670	5046	4667	3503	3570	3730	3882	3507	1794	3921	3709	3430	3238	3642	4877	4787	4194	2942	2471	2724	4707	5322	6120	8175	10589	12789	1626	1544	1246	1296	1323	1824	2020	1153	711	924	3212	4993	1147	2398	6273	3439	1887	8077	15777	9147	1455	1578	1989	1955	1584	1759	3137	2328	2899	1722	1459	1062	1094	1432	1225	1315	1681	1461	2350	1970	1816	1307	1327	2127	1222	1750	4661
	694.162781	1977	1800	1898	2763	4256	4762	4831	4567	3405	3398	3596	3806	3459	1763	3762	3641	3341	3164	3520	4844	4782	4167	2864	2441	2690	4660	5097	5860	8285	10439	12728	1596	1530	1173	1254	1339	1706	2063	1055	703	912	3143	4879	1132	2319	6176	3493	1902	8463	15585	8961	1428	1612	2006	1950	1550	1688	2885	2328	2915	1762	1528	961	1106	1371	1234	1242	1620	1462	2258	2081	1773	1227	1397	2043	1192	1640	4498
	695.471619	1996	1861	1866	2710	4258	4488	4897	4412	3331	3409	3525	3694	3317	1677	3780	3519	3294	3078	3463	4655	4793	4029	2802	2354	2660	4622	4996	6065	8141	10117	12448	1588	1530	1215	1255	1257	1691	1988	1111	784	907	3192	4941	1216	2261	6108	3309	1846	8283	15404	9030	1390	1599	1968	1888	1527	1775	2930	2326	2839	1721	1379	1010	1087	1395	1234	1283	1628	1420	2208	2024	1805	1247	1369	1980	1222	1603	4401
	696.780823	1876	1760	1894	2650	4041	4488	4785	4518	3399	3314	3537	3846	3429	1747	3586	3597	3382	3017	3458	4679	4688	4094	2823	2338	2650	4488	5111	5871	7956	10138	12509	1650	1469	1241	1230	1264	1709	1985	1102	738	906	3106	4975	1131	2304	5977	3413	1859	8323	15072	8708	1291	1558	1910	1889	1399	1673	2846	2219	2936	1645	1361	983	1060	1310	1100	1234	1469	1355	2109	2043	1755	1219	1330	1983	1188	1547	4239
	698.090515	1944	1861	1872	2587	4104	4523	4683	4378	3293	3332	3363	3648	3270	1720	3660	3546	3363	2992	3467	4607	4589	3992	2793	2259	2585	4547	4757	5764	7852	9883	12068	1561	1527	1114	1143	1344	1628	2032	1101	698	954	3083	4741	1177	2206	6064	3235	1857	8146	15115	8747	1280	1494	1908	1850	1464	1662	2724	2235	2690	1664	1408	1005	1089	1297	1126	1212	1542	1348	2054	1824	1692	1148	1337	2035	1135	1604	4195
	699.400574	1940	1785	1848	2579	4096	4475	4666	4225	3217	3251	3501	3602	3265	1662	3534	3416	3260	3044	3409	4573	4556	3970	2703	2230	2569	4319	4890	5722	7978	9975	11904	1507	1471	1155	1198	1235	1618	1875	1071	718	931	3050	4734	1061	2278	5995	3188	1799	8212	14901	8809	1282	1532	1856	1721	1407	1548	2706	2237	2741	1556	1344	971	1105	1263	1197	1207	1509	1348	2076	1908	1599	1136	1190	1911	1103	1600	3928
	700.711304	1869	1800	1758	2503	3968	4332	4432	4189	3062	3175	3333	3451	3244	1753	3616	3428	3180	2918	3378	4606	4520	3888	2713	2209	2534	4312	4704	5670	7727	9544	11776	1454	1365	1079	1194	1250	1539	1838	1007	656	875	2877	4591	1118	2156	5637	3087	1799	8000	14901	8816	1305	1465	1749	1693	1401	1517	2742	2194	2680	1556	1288	958	996	1235	1088	1124	1477	1395	2064	1811	1627	1095	1265	1805	1064	1431	3851
	702.0224	1839	1688	1793	2512	3969	4206	4454	4152	3135	3178	3416	3426	3255	1614	3463	3365	3195	2903	3434	4228	4550	3752	2710	2186	2399	4305	4774	5527	7633	9547	11830	1443	1394	1140	1078	1263	1454	1895	1028	702	884	2764	4420	1074	2106	5809	3166	1775	7804	14752	8485	1239	1397	1777	1648	1266	1554	2577	2118	2723	1569	1288	916	989	1204	1085	1125	1433	1265	2026	1750	1609	1061	1188	1735	1003	1446	3734
	703.333984	1790	1750	1705	2500	3969	4267	4498	4224	2980	3000	3294	3486	3099	1577	3486	3457	3002	2832	3310	4417	4236	3793	2578	2186	2464	4132	4609	5511	7548	9521	11449	1517	1346	1091	1150	1223	1568	1795	1012	692	895	2933	4552	1083	2121	5641	3000	1797	7801	14653	8318	1185	1383	1693	1690	1313	1410	2537	2134	2619	1407	1288	890	977	1123	1055	1100	1412	1235	1914	1682	1472	1078	1204	1736	1074	1387	3552
	704.646118	1723	1700	1736	2468	3880	4195	4454	4048	3036	3057	3212	3316	3089	1588	3482	3341	3112	2876	3269	4448	4427	3803	2648	2241	2495	4138	4588	5403	7586	9459	11327	1406	1375	1057	1091	1109	1497	1818	1014	644	890	2997	4420	1081	2169	5646	2979	1663	7635	14341	8138	1209	1309	1589	1575	1300	1461	2459	2053	2594	1566	1295	859	998	1198	990	1047	1379	1215	2033	1669	1452	1018	1142	1711	1014	1495	3485
	705.958618	1634	1708	1732	2464	3782	4202	4575	4154	2976	3110	3180	3411	3246	1573	3254	3335	3135	2800	3418	4384	4558	3792	2604	2197	2389	4000	4597	5380	7328	9418	11187	1375	1298	1024	1093	1209	1597	1810	1014	636	779	2803	4460	1125	2160	5566	2971	1742	7626	14472	8242	1149	1357	1641	1536	1199	1449	2468	2124	2563	1514	1225	884	972	1095	1017	1068	1398	1237	1934	1716	1542	938	1138	1651	992	1420	3380
	707.271729	1699	1768	1758	2378	3744	4291	4454	3941	2993	3054	3188	3402	3076	1523	3379	3232	3099	2839	3251	4272	4356	3815	2564	2228	2356	4097	4654	5406	7535	9380	11264	1372	1293	1029	1096	1217	1466	1746	1090	658	785	2928	4359	1040	2054	5599	2920	1689	7521	14472	8112	1150	1295	1590	1588	1250	1483	2385	2123	2543	1442	1289	856	931	1095	985	1045	1293	1175	1856	1570	1386	1009	1127	1601	937	1468	3394
	708.585205	1708	1682	1787	2388	3887	4201	4328	3967	3032	3028	3208	3273	3064	1603	3313	3297	2991	2801	3245	4243	4389	3806	2608	2150	2437	4135	4455	5328	7254	9318	11353	1387	1303	1003	1136	1136	1438	1831	969	643	828	2822	4322	1002	2150	5504	2921	1620	7462	14323	8243	1137	1242	1586	1465	1291	1398	2257	1990	2519	1535	1212	830	984	1116	958	1019	1253	1147	1847	1496	1385	878	1126	1569	1000	1395	3251
	709.89917	1746	1570	1796	2394	3745	4215	4301	4007	2999	3002	3190	3429	3222	1582	3319	3189	3035	2723	3282	4279	4377	3630	2439	2250	2369	4191	4571	5158	7398	9277	11276	1356	1209	1072	1075	1181	1447	1785	959	663	851	2805	4307	1034	2072	5433	2786	1703	7467	14283	8008	1111	1255	1463	1490	1259	1408	2304	2049	2517	1444	1196	808	936	1115	919	994	1305	1206	1811	1676	1357	883	1118	1553	997	1351	3216
	711.213684	1693	1627	1774	2294	3793	4027	4250	4006	2957	2958	3283	3312	3047	1574	3104	3123	2958	2791	3180	4180	4375	3558	2627	2139	2394	4067	4410	5120	7373	9126	11050	1331	1276	1009	985	1052	1498	1742	971	624	855	2632	4165	997	1914	5490	2897	1688	7434	14193	7979	1065	1266	1468	1410	1135	1418	2304	1982	2477	1450	1200	799	920	1076	879	986	1268	1138	1766	1623	1302	916	1068	1553	980	1372	3160
	712.528625	1683	1663	1722	2278	3582	4171	4371	3931	2948	2890	3082	3358	3088	1503	3309	3124	2879	2766	3140	4165	4296	3643	2509	2144	2381	4069	4349	5202	7187	9025	10779	1338	1264	986	1098	1088	1406	1756	936	648	778	2752	4226	983	2011	5450	2751	1673	7436	13917	7912	995	1204	1499	1402	1176	1319	2213	1968	2470	1444	1196	770	865	1021	880	984	1253	1156	1760	1485	1350	824	1104	1432	921	1334	2990
	713.844116	1615	1537	1690	2189	3633	3976	4126	3775	2902	2909	3141	3355	2997	1582	3238	3042	2928	2699	3025	4029	4099	3576	2535	2071	2288	3956	4284	5096	7168	9253	10730	1300	1244	957	1023	1108	1430	1742	934	579	866	2700	4115	1005	2020	5240	2842	1669	7394	13840	7883	998	1243	1461	1432	1145	1312	2217	1963	2515	1369	1195	766	901	982	901	886	1257	1128	1712	1513	1240	831	1064	1447	896	1332	2872
	715.159973	1568	1558	1564	2194	3578	3917	4212	3847	2907	2955	3071	3168	2925	1474	3212	3106	2859	2647	3172	4095	4116	3559	2425	2042	2229	3929	4304	5051	7153	8920	10628	1317	1209	929	1079	1089	1350	1710	930	549	800	2562	4162	953	2021	5395	2814	1649	7548	13648	7831	1005	1173	1401	1355	1121	1352	2054	1930	2381	1425	1080	807	867	928	865	868	1202	1042	1710	1528	1266	872	955	1366	877	1306	2811
	716.476379	1531	1529	1511	2112	3493	3925	4100	3752	2912	2808	3065	3184	3003	1415	3105	3088	2782	2582	2928	3883	4032	3422	2357	2039	2228	3846	4228	4945	6882	8782	10460	1273	1169	923	1013	1038	1409	1674	928	589	764	2649	3933	948	1858	5227	2786	1667	7473	13337	7615	968	1198	1374	1342	1120	1287	2052	1763	2440	1315	1058	772	863	970	816	860	1136	1003	1686	1378	1179	809	948	1399	840	1244	2722
	717.793274	1500	1553	1505	2058	3382	3817	3986	3740	2826	2755	3006	3120	2903	1430	3013	2913	2794	2577	2896	3991	4045	3400	2413	2054	2198	3754	4106	5015	6886	8617	10445	1184	1117	938	984	986	1347	1582	887	572	727	2617	3826	969	1889	5222	2663	1624	7366	13279	7444	907	1084	1320	1289	1134	1271	2019	1801	2335	1273	1090	728	858	941	852	874	1244	1148	1577	1423	1202	770	989	1364	861	1175	2638
	719.110718	1631	1554	1583	2048	3451	3844	4020	3621	2794	2648	2989	3040	2863	1379	2976	2979	2731	2411	2878	3793	3895	3381	2448	2039	2262	3669	4191	4939	6736	8406	10202	1242	1134	931	913	988	1309	1580	899	527	692	2446	3836	849	1824	5042	2702	1593	7389	13059	7479	1011	1183	1358	1279	1094	1246	1950	1877	2237	1342	1069	706	835	1010	798	807	1130	1072	1530	1408	1129	821	939	1361	817	1132	2550
	720.428528	1444	1427	1558	1959	3392	3665	3927	3638	2627	2723	2903	2903	2919	1379	2940	2937	2772	2511	2871	3888	4010	3298	2391	1948	2263	3587	4090	5071	6625	8539	10253	1173	1148	972	962	981	1270	1546	849	553	757	2534	3598	974	1893	4999	2662	1582	7536	12730	7355	954	1156	1293	1266	1078	1195	1917	1740	2301	1229	1076	710	777	959	789	805	1115	1026	1495	1388	1198	773	969	1365	797	1108	2404
	721.746826	1425	1411	1529	1993	3421	3610	3920	3577	2741	2676	2840	2960	2853	1370	2964	2993	2715	2524	2962	3770	3882	3320	2410	1906	2115	3731	4057	4848	6608	8400	10007	1198	1127	868	951	1055	1294	1496	845	555	738	2466	3781	895	1914	5079	2467	1564	7403	12656	7130	869	1126	1307	1204	1009	1100	1855	1707	2236	1325	1002	682	829	943	761	724	1080	1010	1509	1332	1072	746	876	1344	839	1097	2449
	723.065613	1430	1446	1496	1945	3480	3549	3843	3563	2584	2579	2816	3008	2738	1418	2884	2882	2780	2546	2916	3665	3842	3273	2428	2066	2053	3643	4033	5044	6473	8450	9964	1109	1167	870	929	955	1236	1583	857	551	718	2395	3779	877	1784	4860	2570	1501	7479	12525	7367	943	1159	1268	1220	979	1116	1789	1689	2159	1366	955	731	771	934	802	753	1087	1000	1503	1244	1051	743	871	1356	818	1078	2377
	724.384888	1446	1465	1435	1990	3246	3625	3807	3521	2583	2627	2729	2978	2663	1335	2931	2772	2550	2415	2844	3727	3930	3316	2326	1845	2128	3546	3931	4745	6391	8261	9922	1242	1139	850	922	951	1243	1526	890	522	729	2480	3767	902	1842	4743	2501	1507	7339	12445	7169	894	1061	1205	1213	931	1154	1742	1672	2186	1195	1011	732	793	871	768	823	1084	1012	1480	1279	1001	789	887	1342	770	1079	2323
	725.704712	1379	1403	1448	1987	3364	3538	3779	3403	2550	2519	2923	2890	2779	1324	2922	2880	2753	2538	2848	3691	3937	3197	2271	1794	2034	3549	3911	4782	6534	8337	9864	1150	1125	889	898	953	1327	1443	838	532	719	2463	3539	838	1799	4815	2478	1569	7214	12360	7217	888	1083	1231	1100	960	1090	1809	1775	2213	1239	983	681	759	864	766	749	1036	918	1443	1260	978	763	865	1295	763	1093	2200
	727.024902	1407	1413	1401	1831	3234	3542	3657	3460	2641	2575	2735	2865	2685	1365	2790	2825	2761	2386	2826	3700	3789	3223	2335	1857	2007	3502	3827	4769	6390	8205	9871	1155	1057	894	936	953	1284	1589	867	540	673	2347	3614	878	1786	4832	2491	1494	7189	12469	7041	894	1023	1186	1189	994	1169	1687	1686	2085	1220	964	654	762	843	787	785	1083	941	1412	1258	1044	717	832	1177	720	1098	2202
	728.345581	1413	1448	1444	2005	3136	3473	3651	3454	2562	2538	2786	2913	2654	1326	2812	2833	2639	2475	2939	3765	3683	3193	2263	1874	2120	3569	3926	4652	6190	8058	9831	1136	1028	886	902	946	1168	1423	809	531	722	2377	3627	879	1795	4914	2510	1426	7111	12222	6744	847	1002	1161	1087	903	1062	1708	1733	2168	1319	939	651	791	886	756	814	1050	1007	1359	1153	985	725	873	1200	773	1095	2186
	729.666687	1342	1410	1335	1846	3100	3374	3689	3320	2523	2436	2730	2824	2709	1374	2882	2791	2563	2363	2909	3556	3725	3188	2316	1868	1981	3482	3860	4667	6243	8096	9823	1130	1053	861	939	912	1240	1486	824	519	672	2390	3562	877	1780	4828	2412	1500	7300	12122	7000	845	1015	1160	1031	953	1115	1657	1654	2160	1271	871	668	780	821	699	739	999	938	1338	1218	963	725	884	1224	734	1063	2095
	730.988525	1353	1411	1376	1908	3054	3363	3714	3236	2368	2494	2647	2915	2738	1344	2837	2777	2633	2364	2838	3651	3740	3214	2359	1849	2020	3593	3875	4639	6178	7967	9781	1114	1069	809	857	914	1196	1373	807	519	694	2360	3489	817	1757	4754	2320	1457	6984	12105	7023	825	960	1181	1096	931	1093	1648	1567	2201	1216	929	643	731	876	734	759	1023	1000	1317	1128	928	671	854	1255	756	983	2014
	732.31073	1386	1376	1351	1848	3052	3332	3579	3275	2440	2382	2666	2775	2736	1357	2753	2706	2542	2358	2780	3638	3668	3086	2267	1880	2038	3492	3874	4640	6104	8000	9553	1068	1067	891	877	955	1165	1460	804	498	639	2305	3625	836	1784	4728	2394	1501	7099	11957	6848	804	1040	1164	1101	968	1003	1609	1674	2081	1238	915	632	753	908	726	725	917	853	1274	1171	937	688	803	1184	714	959	1944
	733.633301	1381	1329	1361	1912	3048	3233	3496	3180	2467	2383	2626	2756	2630	1363	2722	2635	2545	2369	2692	3484	3632	2992	2138	1765	1883	3431	3821	4502	5969	7853	9677	1023	1032	823	869	873	1146	1379	716	454	688	2198	3367	846	1702	4704	2292	1428	7126	11811	6920	857	1008	1117	1047	872	981	1489	1585	1967	1107	991	589	721	801	686	702	1019	895	1289	1114	876	651	802	1105	704	998	1941
	734.956421	1262	1344	1382	1743	3023	3226	3444	3195	2411	2425	2545	2685	2573	1261	2721	2671	2416	2340	2690	3529	3463	2890	2185	1780	1866	3298	3568	4333	5767	7732	9322	1037	1058	772	862	911	1216	1390	787	478	665	2288	3272	803	1675	4556	2316	1411	7047	12023	6477	796	962	1104	989	832	1051	1583	1475	1975	1191	815	629	675	827	664	695	977	867	1363	1087	886	649	722	1067	689	979	1748
	736.280029	1291	1372	1281	1796	2876	3115	3462	3104	2522	2335	2514	2507	2578	1281	2639	2542	2496	2243	2698	3405	3438	2959	2201	1662	1966	3347	3602	4180	5824	7829	9340	968	966	805	828	893	1088	1377	722	446	638	2184	3168	812	1620	4387	2295	1429	7131	11710	6382	748	889	1026	962	877	983	1507	1485	1919	1216	836	600	708	754	653	696	983	795	1183	1074	885	618	720	1078	656	928	1800
	737.604126	1316	1319	1252	1834	2818	3093	3292	3127	2387	2361	2486	2632	2561	1249	2587	2511	2421	2223	2645	3380	3434	2871	2118	1694	1879	3192	3548	3999	5645	7474	9332	987	939	723	881	801	1120	1321	776	446	602	2095	3175	756	1612	4405	2215	1466	7166	11452	6498	761	874	971	950	822	930	1489	1491	1908	1121	847	577	695	828	670	672	954	846	1217	998	802	540	731	986	676	977	1770
	738.928589	1305	1251	1281	1720	2755	3081	3175	3132	2260	2278	2456	2636	2536	1246	2593	2474	2279	2169	2555	3282	3357	2905	2097	1706	1929	3133	3646	4005	5540	7551	9059	1034	935	835	790	793	1105	1310	683	463	656	2138	3133	833	1637	4410	2224	1433	7195	11110	6240	714	888	1008	936	839	917	1492	1496	1901	1067	797	565	636	754	666	697	953	811	1176	1047	846	541	671	957	558	857	1764
	740.253723	1193	1220	1246	1659	2827	3016	3141	3012	2248	2318	2452	2487	2464	1219	2400	2381	2366	2072	2576	3327	3250	2805	2047	1734	1805	3227	3369	3978	5482	7238	8845	984	949	755	809	776	1015	1339	734	473	612	2077	3087	779	1519	4341	2168	1372	7134	10930	6187	670	839	922	935	800	957	1295	1449	1782	1067	810	550	668	793	637	608	873	757	1166	980	774	537	690	989	607	854	1661
	741.579224	1177	1209	1211	1679	2794	2987	3029	2858	2295	2186	2415	2501	2356	1198	2440	2376	2261	2174	2620	3366	3227	2757	2030	1730	1767	3025	3456	3663	5343	7198	8896	928	831	771	798	806	1085	1283	712	402	611	2077	2958	740	1525	4338	2149	1355	7072	10869	5955	710	854	929	872	786	961	1406	1343	1788	1136	781	557	658	689	559	627	856	796	1143	982	771	505	645	953	581	876	1538
	742.905212	1123	1197	1157	1636	2608	2894	3035	2880	2165	2120	2395	2440	2321	1200	2354	2398	2130	2074	2399	3239	3164	2701	1969	1569	1790	3000	3349	3611	5286	7187	8613	1015	861	712	737	765	1022	1211	646	411	624	1960	2927	713	1445	4159	2087	1394	7040	10605	5967	679	841	914	899	780	883	1331	1342	1863	1083	730	511	643	705	590	603	844	691	1085	965	748	555	649	913	586	877	1503
	744.231689	1106	1162	1167	1551	2685	2849	2971	2852	2065	2110	2376	2435	2293	1162	2265	2317	2228	1918	2442	3101	3069	2621	1967	1591	1770	2894	3225	3540	5032	6941	8515	844	851	721	755	762	1056	1222	660	442	589	1942	2832	737	1379	4062	2010	1408	6849	10525	5868	661	811	861	880	695	875	1247	1313	1758	1009	723	560	598	681	606	647	846	715	1106	995	749	516	571	819	516	805	1418
	745.558716	1122	1141	1156	1478	2515	2779	2984	2820	2118	1981	2266	2317	2234	1122	2348	2267	2026	2027	2395	3016	3117	2564	1943	1569	1678	2840	3272	3472	5044	6809	8423	795	821	725	703	780	1024	1169	685	419	575	1964	2698	672	1367	4003	1941	1272	7005	10283	5936	648	762	876	849	716	853	1236	1307	1689	1012	666	491	637	681	544	577	773	716	1031	853	765	469	574	823	562	803	1271
	746.886108	1151	1120	1093	1481	2583	2774	2911	2850	2115	2105	2224	2310	2234	1039	2249	2234	2051	1841	2310	2992	3016	2475	1982	1497	1614	2763	3169	3357	4924	6618	8064	837	863	711	723	710	955	1087	657	378	584	1847	2660	721	1421	3853	1930	1282	6552	10022	5593	634	824	847	754	658	821	1297	1226	1683	997	724	491	631	632	547	578	771	723	1003	906	715	501	566	844	576	822	1321
	748.213989	998	1066	1043	1523	2520	2696	2799	2774	2019	1949	2059	2335	2143	1030	2245	2172	1985	1888	2356	2870	3035	2492	1924	1421	1669	2671	2979	3416	4814	6485	7989	802	841	675	703	672	932	1131	647	391	554	1759	2628	674	1311	3738	1894	1262	6640	9756	5514	637	783	789	798	703	794	1180	1224	1642	953	658	446	572	591	561	541	750	620	965	863	684	479	554	844	526	790	1269
	749.542419	1072	1051	1051	1392	2482	2671	2906	2642	1894	1898	2084	2170	2050	1078	2156	2054	1980	1772	2201	2962	2962	2394	1834	1487	1576	2647	2980	3418	4744	6238	8129	771	817	681	708	729	923	1090	652	399	512	1776	2634	622	1321	3669	1812	1262	6413	9407	5373	545	791	803	723	638	806	1091	1222	1561	998	640	507	554	612	545	510	726	632	922	862	660	439	541	786	508	771	1236
	750.871277	959	1019	1015	1528	2430	2593	2716	2613	1938	1857	1974	2140	2192	1030	2020	2000	1914	1834	2232	2858	2857	2421	1748	1364	1562	2581	2907	3330	4849	6262	7752	735	692	616	689	655	895	1083	637	382	505	1735	2576	628	1327	3541	1799	1133	6426	9199	5357	627	715	778	749	676	788	1112	1130	1576	963	656	445	504	583	508	536	691	627	826	829	626	429	554	791	507	779	1194
	752.200623	1036	1092	1013	1416	2367	2664	2718	2525	1829	1857	1976	2073	2032	1012	2007	2002	1841	1827	2141	2723	2807	2433	1760	1457	1532	2547	2853	3459	4614	5978	7697	815	732	634	660	665	876	1110	641	368	528	1791	2517	645	1238	3608	1721	1182	6273	8774	5263	565	732	733	708	634	705	1106	1121	1499	946	617	447	524	528	494	515	701	639	924	802	618	446	529	747	524	723	1136
	753.530518	877	1061	1018	1329	2425	2473	2670	2488	1790	1819	1990	2088	1979	947	2021	1929	1837	1751	2118	2693	2790	2274	1707	1467	1534	2416	2713	3443	4608	5960	7562	747	681	621	661	674	908	1043	601	397	551	1620	2430	610	1288	3512	1760	1171	6297	8766	5013	564	669	795	723	620	726	1124	1085	1558	934	604	449	503	554	509	559	699	650	880	791	581	408	493	752	481	721	1081
	754.860779	924	973	992	1347	2313	2492	2580	2550	1858	1875	1927	1933	1904	991	1911	1967	1874	1691	2130	2740	2654	2299	1665	1405	1479	2418	2907	3507	4496	5943	7469	755	691	615	626	574	847	1048	614	369	529	1623	2333	572	1272	3441	1723	1195	6232	8532	4997	588	650	725	642	588	748	1105	1053	1490	896	590	436	506	520	461	512	657	555	870	743	570	458	544	762	481	697	1101
	756.191589	939	970	941	1329	2380	2453	2700	2409	1779	1845	1863	2014	1920	982	1998	1886	1832	1684	2112	2614	2708	2326	1680	1355	1499	2419	2849	3464	4509	5781	7447	718	674	625	644	731	832	992	591	374	554	1688	2470	571	1235	3254	1751	1198	6199	8559	4896	488	666	678	651	588	726	1012	1107	1521	888	589	385	511	562	470	508	662	649	862	773	560	400	550	720	471	652	991
	757.522888	927	1035	1016	1280	2300	2575	2549	2349	1790	1799	1804	1998	1897	964	1875	1833	1775	1645	2079	2658	2597	2324	1689	1432	1501	2248	2679	3512	4452	5589	7232	706	708	610	635	614	854	975	598	373	515	1591	2315	598	1273	3311	1715	1135	6124	8336	4769	480	644	683	603	585	690	1023	1063	1388	896	566	403	470	530	458	479	635	585	756	770	553	427	524	748	457	750	937
	758.854614	925	940	944	1314	2265	2401	2501	2406	1757	1765	1817	1947	1997	920	1800	1807	1769	1568	2050	2501	2706	2247	1642	1377	1395	2307	2631	3363	4276	5520	7193	671	664	571	593	626	758	943	540	325	493	1658	2286	626	1160	3328	1758	1182	5939	8222	4744	546	680	623	597	570	660	946	1050	1439	871	498	396	489	571	462	468	657	582	801	709	551	380	481	704	435	670	938
	760.18689	849	946	892	1252	2244	2424	2504	2322	1695	1608	1752	1909	1806	908	1832	1850	1727	1606	1929	2537	2630	2222	1596	1322	1405	2317	2700	3251	4243	5579	7187	714	731	575	554	624	842	964	565	326	505	1564	2242	605	1158	3189	1664	1049	5996	8079	4699	496	681	636	585	596	664	944	1069	1337	859	518	399	496	469	423	430	633	524	815	677	516	408	435	702	476	665	841
	761.519592	856	874	923	1338	2186	2330	2468	2348	1728	1607	1747	1813	1805	975	1847	1845	1699	1527	2019	2452	2600	2069	1556	1299	1373	2164	2665	3262	4186	5471	7042	661	692	541	638	643	770	1040	586	346	502	1629	2214	588	1091	3155	1685	1090	5921	8125	4642	468	637	586	624	549	621	941	1021	1344	840	597	401	449	452	477	462	642	583	769	679	553	405	482	689	466	619	899
	762.852783	873	927	905	1295	2186	2279	2491	2164	1573	1604	1684	1822	1806	930	1712	1730	1661	1574	2058	2445	2519	2145	1590	1329	1369	2207	2493	3309	4246	5413	7032	705	700	549	666	619	827	945	602	348	484	1541	2220	550	1093	3079	1619	1080	5971	8001	4659	524	638	630	576	535	622	903	960	1372	799	527	387	494	498	449	467	588	558	761	698	468	398	483	654	425	642	882
	764.186523	880	831	905	1220	2103	2307	2414	2187	1635	1605	1677	1856	1868	861	1698	1794	1679	1603	1957	2436	2414	2151	1593	1282	1361	2234	2674	3285	4132	5557	6953	654	642	573	563	605	766	907	544	323	480	1506	2227	576	1129	3005	1620	1069	5731	7712	4463	463	637	585	595	520	674	861	1012	1294	825	558	403	420	490	458	383	584	571	735	634	531	420	467	657	436	593	819
	765.52063	852	929	905	1255	2152	2267	2366	2226	1698	1472	1730	1867	1756	902	1851	1703	1642	1558	1913	2394	2558	2162	1591	1243	1364	2139	2580	3274	3932	5372	6904	647	700	551	561	571	817	908	566	303	462	1527	2086	569	1106	3040	1608	1082	5864	7801	4657	456	648	645	540	517	674	872	1019	1279	787	494	365	452	460	468	403	573	539	721	594	465	359	451	601	414	567	873
	766.855286	797	883	909	1202	2118	2165	2351	2313	1673	1672	1664	1829	1730	917	1690	1705	1640	1548	1901	2353	2404	2094	1497	1277	1311	2156	2610	3213	4115	5262	6841	658	677	541	580	570	682	899	511	321	456	1518	2073	566	1162	3057	1625	1124	5847	7784	4418	481	635	615	606	499	639	888	956	1257	787	510	323	429	506	395	416	562	526	680	662	498	370	456	644	444	565	858
	768.19043	840	849	899	1198	2020	2200	2367	2139	1523	1529	1658	1729	1716	892	1763	1723	1665	1584	1975	2287	2395	2028	1507	1226	1328	2246	2547	3155	4034	5390	6672	693	582	559	611	570	737	833	499	310	485	1482	2105	541	1090	3006	1540	1101	5790	7567	4357	401	595	581	625	504	639	889	922	1205	819	505	384	446	464	437	439	574	480	670	619	510	374	410	635	408	615	815
	769.526001	791	852	929	1184	2018	2131	2261	2113	1601	1607	1665	1762	1754	890	1694	1743	1603	1577	1956	2386	2425	2052	1572	1256	1352	2235	2453	3168	3888	5308	6738	579	623	557	531	560	738	816	494	267	430	1453	2015	542	1135	2821	1633	1075	5739	7369	4393	488	607	548	593	517	628	894	897	1204	796	508	350	422	452	377	392	510	473	614	610	419	341	430	593	407	571	794
	770.862122	761	845	820	1175	2011	2143	2294	2117	1579	1607	1666	1739	1687	841	1737	1727	1610	1586	1923	2279	2364	2063	1519	1276	1350	2191	2511	3164	3863	5171	6639	646	625	449	537	490	654	947	468	273	423	1383	2001	529	1059	2909	1531	957	5753	7231	4259	439	552	555	541	471	685	836	903	1179	738	488	348	444	468	390	383	513	494	687	637	454	319	414	628	416	506	789
	772.198608	816	836	877	1135	1964	2065	2259	2066	1479	1507	1618	1667	1643	862	1578	1616	1567	1478	1818	2211	2281	2043	1445	1241	1300	2118	2475	3168	3743	4977	6443	613	599	519	515	520	676	902	451	270	446	1352	1980	539	1077	2858	1506	918	5632	7258	4142	403	561	574	526	478	641	816	848	1151	775	484	342	423	449	410	452	543	475	670	580	449	326	393	610	400	626	798
	773.535583	774	854	758	1154	1966	2098	2039	2103	1557	1511	1493	1689	1644	813	1561	1628	1497	1457	1783	2169	2256	1899	1474	1168	1259	2207	2418	2959	3706	5047	6490	586	596	478	520	527	660	801	484	297	415	1367	1989	485	1036	2821	1593	1042	5445	6924	4211	413	525	558	506	430	589	869	884	1121	799	432	345	426	433	334	375	494	429	622	598	450	294	396	550	383	505	756
	774.87323	781	852	816	1128	1959	1962	2099	2029	1469	1417	1516	1591	1621	784	1597	1593	1500	1537	1812	2160	2198	1886	1372	1183	1193	2131	2313	2997	3678	4830	6353	591	587	482	519	514	678	776	520	274	384	1349	1844	487	1021	2824	1459	1043	5510	6871	4017	467	576	501	550	470	563	812	794	1139	688	508	349	422	447	380	367	562	468	582	576	440	315	397	554	338	536	689
	776.211182	707	783	763	1158	1967	1989	2086	1958	1469	1429	1520	1618	1630	748	1562	1505	1434	1367	1769	2165	2205	1953	1401	1116	1207	2109	2384	2976	3639	4766	6107	617	542	471	511	421	660	856	431	276	410	1303	1821	505	990	2731	1502	952	5510	6577	3818	424	547	511	535	457	537	788	810	1082	727	456	326	411	421	362	392	511	444	576	547	433	309	340	544	354	511	694
	777.549683	711	737	725	1147	1778	1889	2041	1990	1500	1373	1463	1579	1556	749	1530	1513	1501	1468	1678	2092	2140	1756	1440	1085	1239	2018	2355	2882	3623	4747	6084	515	571	470	475	477	619	791	447	265	382	1313	1738	494	1002	2531	1468	927	5188	6527	3793	423	550	522	486	419	543	771	793	1150	657	442	316	362	365	339	347	476	480	580	522	431	317	376	556	355	478	652
	778.888672	730	746	772	1053	1846	1894	1990	1905	1439	1362	1498	1498	1522	746	1541	1415	1425	1387	1680	1983	1987	1772	1357	1140	1204	1932	2225	2777	3545	4652	6032	553	548	460	497	507	608	775	422	275	381	1273	1756	487	1000	2573	1368	955	5287	6317	3752	420	503	539	452	462	537	710	776	1093	699	447	328	378	442	327	328	479	414	552	528	409	292	357	530	327	488	662
	780.228088	722	710	771	1056	1753	1812	1856	1832	1368	1319	1378	1471	1508	720	1375	1453	1366	1372	1648	2024	1979	1739	1325	1104	1145	1919	2161	2764	3303	4486	6045	568	571	426	451	454	631	771	426	248	392	1236	1775	480	1010	2526	1368	948	5284	6295	3735	381	489	481	490	449	526	793	747	1068	609	464	330	398	363	331	323	485	427	537	510	376	287	363	493	368	438	682
	781.567993	690	752	742	1070	1806	1791	1942	1888	1269	1310	1424	1390	1401	773	1407	1388	1358	1414	1577	2001	1977	1717	1343	1087	1151	1872	2217	2593	3350	4382	5755	578	493	410	442	474	584	785	417	272	396	1243	1694	457	909	2519	1307	952	5141	6116	3661	377	491	469	487	416	503	651	743	1039	636	395	284	328	339	320	308	461	444	540	466	381	304	341	498	316	413	588
	782.908386	675	721	683	1013	1762	1810	1840	1827	1353	1317	1351	1406	1430	716	1378	1421	1341	1262	1631	1901	1997	1691	1252	1139	1137	1854	2094	2586	3285	4434	5765	523	484	386	422	473	606	773	424	237	405	1210	1608	450	902	2508	1355	889	5092	5908	3600	332	445	492	475	402	467	698	675	1024	606	429	280	355	413	321	366	455	419	570	481	400	270	359	465	282	439	592
	784.249329	625	713	678	976	1706	1788	1809	1845	1318	1255	1337	1387	1357	697	1382	1380	1335	1305	1507	1835	1901	1674	1307	1060	1142	1823	2036	2649	3316	4240	5619	486	509	408	426	445	563	708	413	235	361	1174	1618	435	822	2440	1391	911	4877	5928	3545	325	478	453	443	366	514	655	754	1018	608	419	315	325	343	295	308	411	380	531	476	335	283	326	468	299	422	600
	785.590576	580	682	749	922	1575	1660	1781	1819	1227	1278	1307	1455	1394	715	1404	1397	1281	1306	1532	1868	1836	1567	1338	1062	1134	1820	2081	2526	3186	4243	5553	465	499	424	443	420	639	719	416	245	374	1172	1609	441	867	2472	1391	907	4927	5850	3354	315	428	455	453	369	479	668	701	951	625	417	305	401	350	313	312	453	401	520	481	411	253	292	447	289	427	567
	786.932495	660	658	720	968	1655	1733	1784	1804	1246	1239	1298	1338	1402	748	1281	1287	1345	1266	1512	1828	1877	1527	1237	1072	1036	1708	1990	2464	3068	4053	5577	488	463	353	409	414	557	707	403	248	334	1109	1591	428	907	2313	1310	820	4820	5703	3362	412	458	450	367	396	443	639	708	954	576	380	267	329	324	286	329	442	355	509	480	325	251	344	433	311	456	547
	788.27478	635	692	693	942	1544	1660	1684	1758	1232	1247	1307	1320	1400	726	1276	1266	1309	1269	1525	1764	1797	1561	1203	1028	1079	1727	1976	2449	3036	4049	5426	502	469	396	432	393	595	748	379	251	406	1120	1519	432	887	2312	1245	901	5247	5577	3302	344	388	422	414	377	470	632	640	965	630	350	258	317	317	269	276	424	362	449	471	341	245	324	446	291	422	560
	789.617615	597	623	702	889	1564	1552	1745	1640	1134	1182	1324	1374	1317	705	1300	1315	1234	1213	1487	1785	1833	1561	1227	1029	1036	1707	1963	2293	3043	3825	5347	465	443	398	375	375	524	628	367	262	309	1106	1577	411	862	2319	1235	778	4753	5328	3174	290	460	401	417	372	469	634	677	871	571	350	260	325	356	251	309	425	342	479	412	309	222	287	387	274	401	504
	790.960876	569	663	646	899	1549	1526	1622	1652	1145	1162	1178	1279	1337	668	1276	1290	1217	1187	1447	1719	1716	1539	1170	1004	1043	1688	1872	2290	2898	3874	5206	422	439	341	393	374	482	592	398	241	344	1017	1483	425	853	2145	1240	882	4519	5306	3162	337	401	442	354	345	448	582	684	919	544	320	242	280	303	242	296	398	357	468	381	318	256	268	386	279	388	501
	792.304626	544	613	614	901	1611	1479	1642	1628	1130	1109	1237	1230	1256	643	1269	1278	1184	1151	1404	1771	1726	1479	1224	1007	1006	1592	1777	2387	3006	3679	4952	432	412	361	350	385	504	650	439	238	304	1023	1414	386	808	2135	1255	790	4610	5153	3234	330	414	383	416	352	428	565	646	984	555	331	265	318	299	279	308	421	340	453	423	327	213	280	390	286	392	477
	793.648926	531	564	602	799	1483	1545	1597	1575	1103	1122	1179	1222	1217	696	1195	1216	1210	1165	1413	1619	1621	1498	1212	959	1029	1658	1801	2239	2899	3765	4954	422	418	355	410	379	494	615	323	202	336	1009	1380	367	780	2190	1137	784	4374	4936	3095	295	416	393	367	358	411	605	628	840	587	295	225	286	322	268	311	366	319	465	439	319	215	271	383	284	385	481
	794.993591	574	584	591	884	1542	1478	1591	1557	1152	1157	1150	1250	1236	631	1184	1122	1093	1186	1427	1620	1642	1485	1161	975	984	1610	1825	2292	2818	3557	4963	434	420	369	364	344	476	636	348	193	355	981	1371	440	744	2003	1134	790	4541	4891	2879	317	359	331	348	345	414	607	544	843	536	349	248	305	308	292	268	385	316	413	409	308	229	239	376	259	347	484
	796.338806	541	583	653	834	1492	1461	1510	1456	1076	1104	1135	1192	1196	618	1215	1158	1195	1069	1304	1612	1617	1389	1134	908	957	1616	1678	2258	2938	3521	4866	392	416	336	360	332	499	629	350	225	295	925	1270	374	775	2028	1114	825	4411	4800	2895	302	389	339	349	336	420	582	634	829	541	337	232	295	297	262	263	364	319	359	363	311	223	276	375	241	330	456
	797.684387	529	566	555	899	1494	1449	1497	1493	1099	1097	1049	1205	1133	651	1104	1132	1099	1068	1216	1615	1662	1401	1095	946	960	1539	1657	2285	2772	3395	4778	374	386	344	378	339	465	565	334	195	303	953	1348	390	798	2109	1116	756	4412	4708	2835	318	375	351	341	336	419	531	573	817	502	359	227	283	318	226	261	367	314	407	363	239	230	301	378	250	352	407
	799.030579	519	629	548	820	1368	1409	1557	1421	1113	1108	1086	1122	1171	602	1110	1142	1156	1072	1283	1594	1578	1369	1095	912	853	1473	1667	2213	2791	3448	4665	342	400	355	374	337	477	601	313	176	286	962	1274	372	743	1932	1106	750	4259	4679	2883	276	335	374	367	306	401	535	571	845	506	273	247	278	283	252	262	344	318	366	376	259	233	260	386	279	345	419
	800.377319	523	586	595	778	1421	1422	1508	1522	1006	1003	1085	1128	1197	648	1086	1084	1060	1053	1252	1539	1625	1337	1077	920	981	1494	1663	2155	2633	3360	4589	388	415	338	352	391	486	510	314	189	280	899	1263	310	734	1941	1185	775	4209	4542	2823	279	376	301	288	270	385	526	537	790	531	301	244	264	244	260	251	338	325	391	383	277	194	262	365	241	346	378
	801.724426	487	579	584	798	1392	1400	1475	1481	968	1043	1058	1075	1190	602	1111	1096	1111	1055	1293	1614	1464	1312	1063	897	956	1479	1552	2136	2657	3292	4602	376	408	315	328	345	460	560	336	196	293	886	1254	341	727	1957	1065	738	4190	4377	2706	258	367	323	327	325	353	519	562	783	485	287	241	284	247	224	247	315	305	392	371	265	227	257	362	211	316	365
	803.072021	502	499	563	791	1409	1340	1442	1496	966	1040	1029	1173	1131	599	1111	1117	1032	1042	1216	1446	1528	1326	1083	856	860	1398	1598	2103	2589	3349	4595	387	403	350	327	351	410	488	349	213	285	860	1273	365	701	1964	1062	734	4308	4286	2720	254	320	322	301	301	382	490	509	793	491	275	219	252	275	239	246	325	291	338	340	244	153	253	330	234	304	342
	804.419983	504	546	537	745	1366	1333	1368	1407	1014	1022	1004	1045	1166	584	1067	1073	1008	1057	1206	1443	1495	1402	1035	832	945	1418	1616	2007	2488	3222	4442	369	346	322	332	332	441	527	289	193	276	870	1211	360	759	1842	1089	734	4117	4205	2738	245	362	267	317	310	357	486	536	757	506	260	227	270	264	231	245	362	300	347	312	223	206	239	332	229	319	381
	805.768677	526	546	520	702	1356	1292	1382	1437	995	1043	993	1025	1066	577	955	1034	966	951	1168	1453	1461	1279	1067	807	880	1417	1552	2035	2548	3183	4318	353	357	302	376	333	420	528	301	205	278	870	1174	313	692	1864	1019	678	4117	4191	2577	252	321	293	319	293	335	487	552	762	471	273	216	280	250	260	212	326	283	319	334	284	175	248	299	226	314	364
	807.117676	501	513	547	784	1320	1278	1368	1389	962	975	976	1041	1078	553	1014	1006	1014	961	1156	1409	1395	1266	991	841	957	1380	1557	1979	2356	3053	4366	356	407	289	326	342	423	505	317	188	261	816	1094	322	685	1838	1010	698	4057	4020	2613	271	345	319	281	287	371	447	546	714	417	283	215	251	260	241	236	307	286	351	311	250	180	216	313	215	302	338
	808.467224	481	539	537	732	1263	1224	1382	1380	951	924	963	1004	1065	532	1007	990	926	963	1160	1426	1478	1271	970	785	851	1390	1536	1960	2411	2971	4295	361	374	345	316	339	412	509	296	194	248	796	1126	326	616	1718	1038	660	4040	4026	2530	232	294	310	307	290	363	474	515	679	448	259	198	252	255	241	253	277	254	315	307	236	190	216	343	205	302	360
	809.8172	462	519	492	774	1192	1267	1334	1310	807	903	991	956	1041	545	928	996	922	885	1149	1365	1418	1221	940	821	792	1308	1527	1883	2352	2930	4196	336	371	297	300	302	379	453	279	186	260	806	1087	308	701	1713	923	675	3813	3928	2549	210	361	305	273	285	322	473	462	720	426	246	201	232	234	240	219	281	257	279	303	221	159	257	302	213	298	366
	811.167725	454	480	500	660	1132	1187	1225	1210	873	892	931	997	1070	493	964	980	955	931	1097	1314	1373	1156	1005	759	761	1322	1425	1899	2233	2923	3949	328	338	300	319	339	404	493	241	175	251	783	1065	297	565	1696	924	600	3734	3791	2411	253	330	270	276	257	338	472	443	654	412	291	187	249	237	231	207	301	257	324	304	218	189	217	298	219	305	339
	812.518677	479	486	514	690	1156	1131	1271	1163	807	885	868	880	964	499	893	867	915	918	1094	1348	1311	1210	899	728	783	1242	1420	1833	2190	2801	3841	306	352	269	318	315	375	460	300	168	224	743	1102	338	648	1603	877	632	3682	3682	2307	228	331	288	273	255	331	441	406	647	414	271	151	243	240	179	189	264	260	319	346	231	155	209	312	215	290	284
	813.870117	400	493	428	708	1110	1095	1243	1156	834	848	805	920	870	524	893	886	960	869	1054	1187	1277	1097	901	787	772	1273	1439	1758	2170	2714	3705	325	347	264	321	276	368	496	281	158	234	748	1012	304	626	1550	845	620	3569	3508	2248	212	284	265	281	230	346	341	414	673	404	270	167	181	210	231	192	281	294	276	297	222	168	220	261	199	228	319
	815.221985	418	457	451	679	1159	1134	1157	1183	862	926	851	855	896	501	873	800	845	881	1080	1234	1294	1119	822	753	751	1258	1335	1772	2225	2763	3609	286	315	245	279	274	319	474	272	177	253	709	971	266	620	1534	862	601	3581	3487	2243	230	271	286	249	244	299	396	423	617	425	259	178	198	222	188	223	284	275	267	274	237	151	186	289	190	276	320
	816.574402	420	432	419	659	1127	1060	1146	1156	805	776	878	905	929	447	826	823	830	852	1056	1169	1227	1073	815	703	689	1136	1290	1772	2074	2669	3642	290	347	238	290	247	340	448	274	144	240	750	951	296	614	1513	888	540	3517	3497	2184	214	266	256	241	254	298	403	413	613	376	250	194	192	182	221	212	281	256	294	249	198	167	194	269	175	271	251
	817.927185	418	445	434	599	1066	1083	1058	1065	767	789	838	864	876	465	779	764	787	841	1030	1159	1187	1036	801	689	696	1137	1313	1734	2050	2521	3433	296	333	267	261	313	334	450	299	151	227	731	961	258	545	1456	891	546	3338	3301	2108	193	277	260	245	216	298	388	400	574	358	248	196	211	215	203	193	272	206	255	270	223	166	177	243	160	268	286
	819.280579	406	476	392	590	1046	1052	1083	1074	759	729	765	854	863	495	806	883	801	799	995	1084	1173	1069	845	705	685	1104	1302	1680	2023	2577	3465	281	339	273	294	290	318	420	257	141	237	678	940	276	523	1451	846	593	3510	3189	2145	182	266	238	243	237	292	384	397	609	368	223	176	223	199	197	172	251	177	280	255	211	170	189	254	205	262	245
	820.634521	361	410	408	606	1051	1004	1080	1047	790	732	817	797	828	433	755	786	823	799	971	1171	1193	1050	819	714	709	1108	1316	1646	2022	2344	3418	275	314	250	266	274	340	400	238	158	230	662	835	254	565	1416	841	551	3327	3139	1964	195	253	224	203	225	311	357	397	537	350	257	176	202	209	193	165	248	187	234	232	199	136	212	258	198	241	237
	821.98877	364	436	397	567	1049	999	1074	1054	766	796	802	783	827	468	766	729	728	747	926	1099	1144	1002	816	656	725	1126	1221	1624	1997	2350	3287	292	271	199	263	259	351	403	219	187	204	675	902	247	502	1335	818	587	3344	3036	2039	181	206	247	233	222	280	443	410	518	378	201	163	183	196	169	183	248	214	281	240	205	143	189	254	169	233	261
	823.343628	362	422	388	544	976	1027	1059	1027	750	707	802	834	828	417	732	822	775	804	928	1091	1169	998	738	646	713	1095	1216	1643	1970	2284	3166	273	299	230	244	266	308	388	248	132	218	688	868	258	520	1360	815	553	3189	3081	1909	205	220	241	209	238	286	332	378	565	343	203	166	197	188	165	140	251	222	222	276	185	145	171	247	182	221	217
	824.698914	376	402	416	567	968	931	1068	1044	730	726	719	753	807	445	772	734	749	795	888	1067	1111	946	815	628	723	1039	1253	1619	1847	2226	3198	283	258	238	270	270	313	399	249	140	187	631	778	242	497	1356	813	541	3227	2970	2074	174	242	241	234	212	276	372	382	541	371	220	180	213	183	184	188	264	241	232	231	169	148	142	235	159	226	219
	826.054626	350	415	348	507	988	964	1008	1036	713	714	764	802	770	378	777	726	756	723	869	1103	1065	1014	764	654	648	1070	1188	1593	1927	2297	3100	255	283	226	252	255	315	361	216	128	212	680	847	230	509	1269	775	561	3217	2894	1926	182	224	204	212	208	285	357	344	544	323	214	165	170	195	167	167	211	192	216	225	182	117	182	228	148	228	217
	827.410889	357	410	376	549	931	935	1015	936	686	693	776	729	787	437	809	729	730	745	887	1063	1032	926	746	649	656	976	1198	1480	1883	2191	3044	209	285	225	252	218	304	366	228	139	206	591	788	275	517	1324	839	535	3146	2918	1920	185	215	255	222	203	253	380	357	537	343	189	171	195	183	177	185	218	191	210	231	151	135	192	220	152	252	236
	828.767578	354	436	375	525	923	976	920	919	718	665	676	739	809	402	760	749	718	676	801	1063	1103	956	753	645	627	1014	1178	1450	1729	2194	3116	252	292	209	236	261	289	351	237	136	219	605	789	248	530	1271	765	539	3029	2912	1842	186	235	221	235	239	244	339	394	479	308	211	158	178	178	159	134	233	201	220	220	175	130	141	222	138	186	230
	830.124817	349	367	393	513	928	886	954	942	653	687	680	727	719	414	721	659	717	688	865	1050	1113	890	711	591	643	944	1135	1552	1757	2203	2974	256	297	200	244	209	333	382	221	128	185	623	787	260	466	1189	764	540	3037	2860	1859	146	249	211	220	203	265	324	367	504	368	190	156	191	184	141	168	224	177	224	215	180	120	151	186	157	198	185
	831.482483	354	406	367	501	953	888	961	903	711	702	636	701	703	423	675	709	705	753	840	939	1018	925	745	608	634	968	1125	1504	1674	2043	2925	264	269	212	213	240	278	357	216	136	173	582	729	250	475	1225	810	486	3044	2681	1830	181	210	211	225	194	243	304	341	469	364	203	135	172	148	135	184	246	196	201	222	175	120	165	182	136	207	204
	832.840576	349	397	374	483	944	925	991	925	633	651	678	711	719	411	677	677	717	694	892	1055	1018	960	701	562	623	992	1071	1411	1785	2064	2936	281	276	211	233	268	271	347	211	97	209	574	815	211	467	1253	792	475	3048	2704	1779	174	224	237	224	179	273	294	307	492	329	182	176	154	141	147	134	245	182	221	209	139	113	169	214	126	189	236
	834.19928	321	333	355	454	849	920	884	912	615	668	672	697	690	436	745	713	688	703	827	927	1050	921	728	570	558	957	1096	1469	1689	1963	2859	229	284	225	235	228	280	355	210	114	202	639	718	221	488	1248	754	526	2978	2655	1750	170	213	186	173	196	248	313	320	492	299	197	159	136	160	166	154	227	160	187	201	143	109	162	196	145	168	205
	835.558411	322	357	388	535	865	867	895	858	639	672	671	668	700	433	605	713	697	689	836	967	979	911	705	583	597	981	1079	1372	1657	2036	2874	244	247	201	222	236	269	349	231	114	195	540	698	235	453	1140	778	491	2865	2619	1705	163	225	236	180	191	208	304	329	495	324	189	142	198	151	149	149	191	184	188	230	139	114	152	190	106	187	191
	836.91803	318	376	358	487	901	804	875	822	628	616	668	742	688	417	633	602	649	642	762	978	1065	826	736	607	575	948	1052	1356	1713	2026	2830	263	260	205	226	219	259	327	200	102	164	530	706	225	443	1147	713	511	3089	2522	1681	190	203	189	134	172	195	286	347	499	304	181	146	167	160	132	138	166	178	194	235	163	118	152	198	150	198	191
	838.278076	373	379	367	450	814	821	859	880	701	604	628	663	680	374	668	656	656	678	734	984	959	780	679	542	578	953	998	1408	1601	1913	2829	223	272	191	228	229	259	303	242	106	166	518	660	220	448	1148	713	475	2999	2452	1676	169	253	209	201	212	239	284	310	443	296	173	158	156	178	155	153	215	177	198	231	137	151	153	193	165	202	171
	839.638672	319	318	311	444	909	829	847	837	638	578	615	639	658	394	649	683	601	658	798	889	958	877	682	516	594	915	1045	1340	1678	1862	2887	207	246	200	213	192	224	324	195	122	215	552	649	235	457	1161	721	492	2976	2458	1659	182	212	199	176	166	258	296	288	443	281	160	152	170	183	151	119	217	183	171	226	130	110	133	205	132	208	161
	840.999695	353	346	311	461	818	828	917	844	693	585	594	687	652	383	641	663	623	611	733	897	927	801	636	566	551	904	986	1375	1673	1861	2704	253	227	180	231	188	270	330	200	123	196	505	678	200	470	1146	743	444	2858	2246	1664	155	188	218	155	162	231	317	305	440	279	148	119	153	127	130	149	198	168	164	219	175	131	126	197	129	189	193
	842.361206	270	300	300	439	802	755	794	807	633	663	572	647	644	346	617	621	596	601	743	866	833	841	602	544	529	850	938	1309	1580	1812	2607	213	262	168	221	198	220	330	205	115	179	525	623	198	443	1059	675	442	2862	2252	1554	163	191	175	202	166	199	272	301	414	336	161	124	180	170	141	149	188	162	160	195	118	102	130	191	96	189	162
	843.723206	260	346	325	439	765	801	767	810	547	577	574	625	611	352	618	612	591	552	729	864	880	769	604	515	552	848	941	1343	1528	1866	2637	213	234	166	227	214	229	334	219	118	204	445	634	255	405	1050	712	448	2759	2225	1463	141	187	184	164	180	216	263	265	410	286	167	127	137	139	105	106	212	164	177	185	145	124	138	135	119	181	167
	845.085693	285	297	289	418	741	713	738	750	582	552	600	593	640	344	632	585	605	637	663	810	893	755	596	526	518	860	916	1260	1596	1730	2425	202	253	169	208	226	229	291	189	131	157	481	635	177	409	1047	639	468	2727	2215	1500	151	184	132	185	153	211	283	239	395	269	180	145	162	127	124	109	202	146	151	187	148	107	125	196	121	179	120
	846.448608	277	310	325	421	766	688	735	715	537	533	571	601	584	290	593	576	550	572	661	800	792	657	590	523	560	800	918	1253	1519	1635	2505	197	229	173	185	180	198	294	198	111	152	468	607	187	406	990	657	493	2731	2139	1383	113	181	153	179	142	212	266	270	354	239	155	118	162	133	128	120	192	162	165	163	100	113	117	153	87	158	144
	847.812073	262	341	289	412	651	660	765	775	554	554	522	622	562	325	540	550	560	598	682	803	827	723	570	497	510	803	857	1249	1489	1618	2422	178	199	160	198	186	212	289	193	111	160	472	614	194	367	986	624	451	2589	2068	1450	144	164	166	186	153	178	249	268	400	270	137	134	127	134	129	128	175	161	181	196	133	104	125	137	76	153	142
	849.176025	287	309	277	410	621	605	644	719	521	521	477	568	627	333	537	537	514	488	626	740	731	657	516	442	527	817	877	1218	1368	1456	2345	175	212	148	204	174	241	329	198	100	169	464	552	145	357	931	571	410	2519	1975	1362	133	166	197	142	137	210	211	270	376	268	142	119	141	121	94	131	144	139	140	167	136	113	115	134	120	149	137
	850.540405	236	309	264	407	649	530	627	688	491	513	540	545	519	300	552	565	498	551	673	713	782	651	513	475	533	733	835	1143	1421	1525	2404	164	216	164	178	162	189	289	120	108	172	459	578	201	392	945	565	439	2511	1867	1364	124	141	183	167	141	215	257	272	404	245	128	95	150	132	99	105	161	138	171	168	93	106	119	140	120	133	169
	851.905273	260	237	278	379	569	533	597	676	450	451	531	560	519	307	528	485	516	543	660	714	751	665	547	430	474	708	855	1131	1400	1498	2300	177	194	170	192	153	208	254	137	123	153	417	546	191	372	946	589	428	2368	1890	1297	136	152	173	142	142	175	225	284	419	244	144	113	137	132	126	121	139	123	160	167	104	100	112	120	96	139	119
	853.27063	244	266	285	409	557	516	577	673	481	481	495	534	468	307	493	524	492	533	601	737	720	599	473	394	463	719	821	1106	1351	1432	2244	184	207	140	211	171	244	258	156	105	138	426	499	191	374	924	591	406	2458	1853	1261	119	176	161	176	153	194	182	248	364	224	141	114	127	127	111	93	145	145	172	141	101	96	119	140	104	154	143
	854.636475	257	294	262	327	511	525	558	665	475	478	416	547	505	304	513	538	464	501	582	710	712	603	522	449	458	704	760	1086	1325	1419	2212	182	165	110	152	160	204	272	159	100	161	385	513	145	363	888	551	423	2380	1798	1312	141	150	139	152	127	192	216	253	346	252	149	133	132	119	127	96	129	139	151	165	94	107	109	154	74	172	113
	856.002808	270	236	250	338	570	539	645	654	484	491	544	525	530	305	507	514	451	494	626	721	705	580	496	463	451	719	791	1180	1266	1346	2222	174	201	146	185	151	210	230	147	84	152	395	482	151	340	880	530	395	2437	1802	1281	96	120	155	116	145	191	258	258	360	235	153	113	133	109	114	103	141	154	138	154	131	109	134	149	117	124	121
	857.369629	257	263	251	353	509	491	509	662	440	430	482	489	501	294	500	493	482	547	580	723	706	555	477	462	442	664	750	1098	1280	1315	2085	155	194	142	159	160	176	245	147	74	147	393	518	158	363	894	571	434	2372	1788	1254	113	143	144	133	138	158	231	246	311	215	120	116	135	92	117	116	134	126	125	167	124	86	87	143	104	143	147
	858.736877	240	274	238	355	509	522	552	632	433	447	494	530	513	289	471	467	426	490	569	649	661	550	480	408	418	687	751	1021	1219	1324	2082	150	182	138	194	165	183	228	144	75	130	372	449	150	367	865	532	395	2327	1734	1207	133	166	144	172	146	179	189	224	306	251	110	117	100	112	94	130	151	119	140	164	111	86	103	121	99	149	159
	860.104614	229	270	247	346	516	534	551	654	478	472	494	477	502	269	434	464	471	491	539	719	672	626	549	426	432	712	787	1047	1175	1275	2115	148	190	130	152	184	177	250	149	86	131	375	491	192	340	866	548	402	2334	1672	1240	115	158	132	112	105	184	228	240	295	258	131	107	124	90	105	115	144	119	146	152	117	65	91	129	96	108	128
	861.4729	194	246	270	320	500	520	519	612	527	430	455	512	485	294	492	465	472	488	535	657	664	588	517	462	406	656	751	1016	1268	1347	2108	148	186	97	158	137	188	218	143	91	157	377	444	147	347	800	550	419	2215	1651	1203	120	131	123	104	117	185	194	196	323	203	119	103	145	115	116	120	128	115	147	149	115	89	81	151	82	146	109
	862.841614	214	253	249	342	512	522	536	580	458	412	448	478	504	268	424	432	457	446	565	652	654	531	462	416	401	686	758	1011	1190	1231	2109	148	165	129	134	151	177	227	141	95	140	369	451	160	332	758	557	395	2327	1635	1114	123	130	143	120	129	161	178	217	322	213	105	96	137	87	98	126	146	124	128	137	76	69	96	123	98	150	109
	864.210815	232	285	231	352	574	534	539	625	450	441	437	480	434	268	440	484	474	449	591	651	646	589	521	413	406	672	716	1004	1227	1300	2050	155	160	134	150	136	194	243	128	100	126	391	432	151	322	827	511	397	2245	1587	1097	100	134	122	152	109	149	197	195	313	188	104	100	109	117	97	105	124	128	130	151	96	62	98	139	91	133	114
	865.580383	212	272	217	321	519	515	548	647	483	444	437	519	471	282	445	462	479	476	544	669	667	589	487	365	398	656	701	986	1157	1264	2071	151	167	127	140	150	177	228	136	67	131	352	451	150	281	781	491	332	2232	1606	1168	116	137	146	109	116	132	188	218	292	224	108	88	118	97	108	105	151	99	137	157	88	105	79	101	112	131	122
	866.950623	259	252	239	317	520	537	527	578	424	443	429	464	453	296	434	426	440	476	527	610	648	644	445	423	397	572	695	955	1153	1227	2022	152	188	155	154	150	180	247	115	76	138	365	414	150	317	810	506	376	2162	1537	1140	115	125	127	123	115	167	191	222	336	231	128	108	106	107	103	109	143	115	96	147	86	91	90	141	78	117	95
	868.321289	229	231	220	322	517	524	604	572	420	469	446	459	414	261	421	439	449	425	454	635	641	536	477	370	373	568	695	1017	1080	1211	2005	147	177	143	154	143	166	205	140	85	134	321	434	167	313	713	543	347	2124	1499	1104	106	93	125	143	120	168	192	196	293	209	121	95	115	119	93	92	158	106	114	132	110	64	93	141	101	148	95
	869.692383	190	211	235	309	524	569	547	571	451	425	432	445	437	298	438	491	404	464	561	608	637	586	440	365	403	583	676	962	1137	1157	1940	140	162	134	153	147	199	231	144	43	147	324	373	197	317	770	489	329	2033	1481	1080	108	140	119	125	113	157	202	201	318	188	120	85	94	91	90	83	119	110	112	138	97	76	99	118	111	97	105
	871.064026	211	261	235	336	471	544	559	594	398	391	354	474	438	224	465	440	393	435	526	574	620	566	448	369	405	609	678	943	1071	1149	1869	155	185	120	159	114	178	188	129	70	136	311	404	156	249	728	483	393	2008	1403	1085	101	141	121	108	117	153	211	158	260	187	121	91	112	101	78	104	148	118	146	128	111	69	62	142	78	115	107
	872.436096	185	221	215	286	514	529	582	545	427	442	445	451	436	254	394	383	379	442	553	600	634	561	434	366	405	614	700	953	1074	1122	1891	147	169	95	150	155	172	225	122	47	129	327	408	159	264	683	474	376	2135	1447	1079	112	124	137	122	105	158	195	199	265	200	99	76	97	93	89	86	137	113	129	128	115	53	82	118	84	117	85
	873.808716	195	233	227	276	510	557	597	530	402	409	425	453	417	257	421	395	379	441	522	600	614	590	453	358	359	591	688	947	1139	1141	1905	124	163	121	175	155	160	197	154	55	137	313	399	164	292	680	490	355	1983	1355	1034	94	107	127	126	100	161	164	198	276	216	103	112	130	109	84	88	120	112	121	145	104	81	87	98	71	126	94
	875.181702	189	220	217	278	509	545	504	563	416	432	419	458	442	246	394	387	370	405	541	576	679	590	424	339	369	594	646	962	1072	1161	1954	119	162	125	122	123	151	192	127	67	139	344	381	163	300	716	480	309	2092	1422	976	94	98	134	115	116	162	187	192	282	206	113	85	142	83	86	103	131	101	136	112	113	61	93	108	82	128	105
	876.555176	169	242	229	263	513	509	556	510	440	439	419	427	410	286	405	399	452	449	539	572	640	561	399	399	356	568	654	921	1115	1116	1895	145	153	147	138	133	169	201	145	68	115	297	408	153	294	666	497	370	2049	1308	995	90	95	94	128	125	162	177	198	293	191	119	104	114	98	91	105	117	111	126	120	104	79	89	106	99	123	106
	877.929199	177	211	218	311	529	553	573	528	369	374	356	423	383	246	407	429	359	435	536	531	596	546	387	374	377	571	692	917	1068	1036	1774	158	141	87	112	126	165	207	140	71	126	365	426	175	287	676	452	347	1989	1372	1006	95	103	121	126	62	155	183	133	275	217	125	94	115	85	96	86	124	98	103	127	109	79	83	129	77	121	101
	879.303711	195	265	230	282	476	500	515	551	388	391	354	391	427	231	409	446	369	411	527	614	608	549	394	363	360	584	660	892	1027	1094	1805	161	164	99	120	135	180	210	119	76	112	302	355	162	298	707	502	302	2018	1402	954	98	91	131	129	129	142	181	177	255	204	112	116	121	107	115	94	108	99	95	147	103	75	83	118	65	110	99
	880.678589	218	259	198	301	512	508	527	517	423	393	394	400	401	247	380	446	387	430	485	574	608	572	429	349	404	597	599	867	1061	1096	1725	156	146	114	148	117	139	198	127	52	113	302	386	165	281	667	460	348	2120	1300	974	81	116	121	124	115	125	146	169	312	173	111	84	110	123	77	103	128	122	136	122	103	50	97	94	78	119	85
	882.054077	205	247	197	295	501	501	548	498	370	384	398	370	423	292	412	383	389	409	486	580	579	515	446	349	351	600	642	919	995	1158	1802	146	147	108	116	141	146	190	136	53	146	337	391	161	277	670	477	371	1996	1267	965	99	124	134	100	116	143	176	194	270	187	102	85	107	114	113	100	128	118	110	148	96	96	88	87	91	113	84
	883.429993	185	238	203	277	495	497	520	509	420	345	403	417	392	243	399	385	351	368	502	575	600	518	434	334	355	581	619	866	1034	1125	1858	122	156	81	134	111	176	192	121	66	107	300	347	128	270	614	475	344	2062	1248	908	102	117	131	103	106	155	155	175	268	218	104	89	113	97	89	98	139	122	108	129	115	95	90	95	81	110	90
	884.806396	199	212	205	280	527	513	456	524	401	376	347	404	378	220	377	399	375	394	451	561	536	528	381	368	362	601	613	816	1060	1150	1770	153	160	105	123	129	116	197	125	68	108	270	430	128	268	661	488	385	1962	1276	888	76	85	123	104	107	124	148	187	242	159	72	96	121	109	105	100	89	99	106	103	120	92	85	108	52	110	103
	886.183289	175	166	260	247	466	452	517	504	391	383	341	435	384	222	358	323	362	425	480	525	554	540	411	370	337	542	594	813	996	1093	1674	132	159	98	132	122	137	182	105	65	117	311	379	124	278	644	467	365	1950	1244	907	106	114	98	87	98	125	168	193	266	218	99	84	94	99	79	80	119	105	105	104	79	66	53	90	85	111	80
	887.56073	187	185	228	266	457	476	523	465	362	349	352	381	378	234	351	348	386	383	448	502	566	525	389	359	357	540	571	791	964	1065	1677	100	162	114	113	112	172	191	118	68	123	308	381	130	310	610	432	345	1886	1146	929	67	88	86	109	106	140	158	181	209	171	100	45	93	106	88	85	124	88	92	98	67	73	73	85	66	106	54
	888.938477	187	188	201	257	426	476	514	486	382	352	331	363	341	275	361	365	345	363	426	496	553	464	361	353	332	541	573	822	992	997	1707	116	142	93	111	134	129	163	143	65	104	273	302	92	257	549	431	340	1960	1193	909	88	101	124	81	113	146	167	152	214	182	92	81	108	102	81	63	112	96	81	102	98	76	59	89	59	111	58
	890.316772	138	209	177	240	410	451	443	484	375	371	366	369	342	228	320	361	386	392	474	440	529	480	349	332	319	511	590	755	899	1043	1661	80	154	96	135	116	135	146	118	67	126	250	323	140	269	571	457	347	1918	1176	907	86	115	110	110	128	151	142	177	260	178	99	82	65	90	98	101	110	97	114	119	89	65	66	112	63	117	78
	891.695618	168	195	172	272	426	430	428	446	352	359	374	377	318	198	324	327	320	367	429	472	501	476	357	281	349	499	519	735	914	945	1709	128	142	102	128	97	130	151	108	63	80	242	336	137	249	555	457	327	1869	1134	804	90	86	99	104	109	148	155	168	208	160	112	74	76	82	96	96	104	65	105	117	79	58	50	110	56	90	83
	893.074829	144	191	183	226	415	441	449	448	377	346	360	360	341	246	283	314	305	374	424	480	518	457	355	300	356	488	523	739	904	888	1525	120	103	104	117	103	152	155	132	59	86	265	350	126	246	576	467	334	1796	1082	807	70	104	113	108	99	141	118	169	235	169	92	56	107	79	82	81	113	78	95	121	87	51	86	72	48	93	85
	894.45459	151	190	177	227	431	434	418	410	347	298	297	318	361	208	332	326	314	382	410	441	513	474	360	323	309	444	494	774	860	897	1481	100	104	94	99	75	128	140	105	56	95	230	331	137	242	509	409	292	1711	1101	752	70	106	97	98	92	90	134	138	205	144	102	98	75	81	100	75	106	71	84	113	75	81	70	84	60	102	90
	895.834778	168	203	176	209	386	451	454	438	306	333	308	318	305	243	324	278	320	329	398	469	467	424	345	294	302	512	532	690	886	924	1438	92	129	86	121	107	135	161	131	62	108	234	270	108	220	504	366	293	1697	1045	790	76	88	100	110	124	115	128	147	225	154	75	85	95	82	99	66	127	72	86	95	76	73	68	92	60	95	64
	897.215576	119	181	190	222	385	408	400	357	332	299	293	318	308	172	298	332	321	329	378	398	490	427	342	276	289	462	477	667	864	847	1498	100	96	108	100	104	120	142	103	67	96	231	302	117	241	533	439	326	1701	1002	734	92	84	115	90	73	120	165	136	231	136	83	56	85	106	69	65	90	94	92	106	87	53	54	79	46	91	77
	898.596802	185	155	156	219	357	390	394	439	339	329	316	376	330	205	299	325	323	327	399	409	515	441	310	283	274	427	568	675	889	889	1377	101	127	91	101	114	159	130	83	77	76	229	302	127	202	466	386	281	1687	1013	739	84	66	104	64	102	128	148	173	192	173	69	100	94	85	87	79	122	66	102	94	98	33	69	80	56	98	46
	899.978516	149	168	156	220	364	398	415	389	300	318	317	330	314	189	302	318	310	319	385	387	465	438	309	233	293	427	494	688	820	856	1466	101	101	80	107	93	130	120	100	56	92	235	299	134	222	507	388	252	1672	965	705	83	77	101	77	105	115	119	106	220	167	98	76	93	77	83	61	92	83	63	114	61	60	67	90	57	77	76
	901.360596	140	173	182	228	372	382	387	385	333	294	308	330	309	210	274	308	300	348	382	412	449	373	335	275	264	406	482	642	809	852	1482	96	106	59	101	95	135	128	94	43	91	224	292	112	238	497	368	286	1647	957	693	75	80	78	108	82	126	92	155	198	130	97	50	92	62	89	85	114	78	80	95	90	68	43	86	45	69	67
	902.743286	170	167	163	242	393	335	431	379	313	289	341	308	311	183	314	298	306	315	346	415	456	416	315	257	296	402	462	636	761	834	1342	90	132	78	99	106	125	141	110	65	97	252	295	90	215	415	360	269	1697	988	674	77	71	107	76	94	122	105	136	172	135	87	57	88	52	59	67	98	86	71	96	61	34	57	78	49	100	54
	904.126404	136	146	164	192	375	382	338	394	308	282	291	276	287	207	284	280	291	320	372	383	435	427	319	254	327	462	519	678	798	791	1389	107	139	93	105	94	117	165	83	58	84	218	285	111	198	480	408	284	1646	932	680	53	86	84	78	98	114	88	149	179	100	68	65	84	75	68	54	80	78	73	91	91	63	53	79	53	91	84
	905.51001	157	149	136	230	351	345	396	385	302	345	299	338	319	193	292	326	294	335	368	410	450	373	263	267	288	448	468	576	773	782	1386	87	122	98	107	98	99	140	80	64	85	213	270	104	186	447	350	294	1610	930	652	56	83	117	77	76	111	127	135	157	136	74	80	73	63	78	64	95	73	76	74	57	59	54	72	56	90	65
	906.893982	147	178	176	209	339	368	401	350	316	300	329	314	294	149	259	249	298	301	350	427	385	382	314	270	261	400	480	658	706	785	1287	83	110	105	111	92	119	145	92	55	90	213	268	124	198	463	369	296	1537	893	674	52	90	89	71	72	90	97	134	172	146	91	76	58	76	71	74	87	83	65	89	56	55	61	50	52	85	62
	908.278625	128	137	187	204	319	375	385	309	300	313	293	319	304	163	239	292	276	316	349	384	430	397	289	263	261	410	467	602	726	788	1340	80	103	84	83	107	113	127	94	40	85	206	267	85	204	413	340	292	1583	839	671	84	87	103	74	71	117	109	131	137	140	80	75	68	79	82	81	92	69	58	114	62	58	51	80	59	61	55
	909.663696	91	162	145	203	333	350	370	381	289	285	300	304	286	198	244	256	277	295	305	400	392	352	296	265	257	415	480	618	770	783	1340	88	93	68	92	112	119	149	110	36	112	242	233	110	172	425	355	314	1602	866	682	117	73	116	64	63	113	123	137	177	122	73	67	95	78	77	88	75	100	87	81	78	56	65	65	62	82	50
	911.049194	137	141	135	153	331	382	342	355	290	274	291	279	275	159	262	275	238	308	302	366	391	400	268	256	279	421	425	585	711	707	1240	81	84	93	69	104	124	146	88	45	82	213	271	87	165	438	336	270	1525	871	671	84	79	59	63	85	72	95	122	154	129	61	61	75	68	71	82	75	74	86	70	66	43	60	85	79	78	76
	912.435181	128	136	145	205	381	330	344	335	269	287	279	280	259	160	226	259	216	259	316	391	376	356	290	264	234	340	422	538	713	735	1224	77	87	79	103	88	117	131	82	69	85	234	238	105	172	416	331	286	1540	799	679	78	77	87	86	74	74	87	104	150	104	65	71	73	71	84	71	96	82	67	105	75	61	61	81	56	73	43
	913.821716	133	154	144	176	301	334	321	370	269	262	296	257	300	169	231	272	248	265	316	364	369	349	281	284	260	358	420	570	696	735	1194	87	99	64	89	78	105	136	91	40	82	179	287	101	203	450	308	279	1475	772	623	44	44	96	80	57	66	87	115	153	106	53	68	78	50	81	73	78	78	84	85	77	59	57	72	49	83	65
	915.208618	114	146	136	181	350	318	329	339	254	263	254	266	282	156	229	276	231	287	322	369	336	373	267	247	221	346	417	546	653	686	1217	81	92	76	76	79	103	153	84	34	83	182	224	99	206	376	305	272	1472	733	634	70	64	53	76	91	91	78	130	151	121	77	54	65	46	54	53	81	66	72	74	65	56	56	71	50	67	61
	916.59613	127	143	140	190	267	319	306	330	219	251	234	247	228	168	288	259	274	259	278	399	369	375	247	270	274	373	399	565	711	672	1180	80	98	79	100	85	71	118	79	31	105	191	235	108	182	366	323	281	1412	770	616	64	49	100	61	78	85	97	125	142	128	49	87	74	39	68	64	72	90	80	55	68	37	49	65	44	66	49
	917.984009	144	171	144	166	279	329	288	283	232	242	245	241	217	161	247	232	264	266	284	348	396	367	254	237	234	338	403	494	614	670	1107	72	98	76	99	87	119	127	76	31	70	178	199	100	190	353	329	249	1338	728	565	59	73	70	83	86	97	92	124	140	142	77	60	60	69	68	57	98	74	66	94	52	76	45	64	60	74	46
	919.372375	128	126	157	153	266	293	314	285	252	273	235	263	266	173	202	224	228	223	266	346	316	306	250	230	235	347	395	500	599	698	1093	74	86	75	80	73	83	84	67	48	68	191	198	95	158	366	268	262	1367	663	520	58	55	70	86	99	123	76	108	134	109	72	67	65	64	68	62	62	81	53	73	61	65	58	73	45	49	48
	920.761292	135	120	129	196	286	271	303	296	268	220	234	253	259	168	197	202	201	249	273	291	335	327	261	206	227	309	382	487	599	629	1069	71	81	75	93	78	77	115	87	50	80	154	205	96	165	361	326	245	1353	681	570	42	68	54	81	80	74	99	123	159	97	69	38	66	53	50	61	71	62	54	68	64	56	66	53	53	57	37
	922.150574	103	111	132	165	265	272	300	263	240	215	204	236	234	144	249	224	247	256	252	288	338	329	249	233	203	323	340	570	571	635	1091	51	73	63	57	93	91	121	78	28	82	146	205	68	168	345	251	267	1369	735	523	53	77	64	66	75	69	98	107	144	99	82	53	81	47	60	40	95	74	68	71	77	37	50	76	44	62	25
	923.540527	92	162	129	192	283	286	280	247	204	265	235	226	204	144	221	230	211	218	252	316	340	312	216	196	231	312	378	498	603	636	991	80	96	62	73	82	110	116	66	48	75	158	192	81	149	356	262	258	1321	646	523	44	61	50	76	85	82	91	104	146	107	51	60	79	74	54	64	83	55	69	87	50	33	45	65	49	52	63
	924.930786	106	137	136	225	285	293	250	275	219	241	205	244	219	140	204	201	218	224	285	266	338	329	266	203	228	350	379	486	571	569	997	62	84	89	82	74	81	115	75	70	76	191	182	82	175	335	272	223	1273	647	497	50	59	64	44	68	53	90	111	112	100	51	54	57	67	61	66	71	57	61	63	70	35	34	50	48	44	62
	926.321594	98	146	139	160	247	300	270	297	223	203	209	214	216	134	219	195	202	228	235	265	329	322	223	196	189	275	330	456	534	606	952	56	66	68	63	67	82	116	70	44	60	198	177	85	133	324	261	217	1168	642	491	63	65	72	64	66	78	91	80	125	98	50	63	59	37	63	75	72	76	60	85	52	27	40	59	24	54	51
	927.712891	97	139	137	178	295	278	281	257	204	224	202	251	221	138	188	177	191	232	230	291	330	278	251	201	180	284	329	454	515	581	962	58	85	42	70	69	88	111	65	32	61	152	197	72	133	314	284	242	1213	663	425	70	61	63	55	63	69	83	103	112	105	73	55	71	77	60	62	79	79	62	96	63	58	37	64	34	62	38
	929.104614	79	113	147	131	219	256	277	252	245	192	209	252	205	139	177	185	186	224	258	307	319	254	209	200	200	276	364	444	511	577	909	73	67	68	78	60	66	103	64	45	81	150	190	78	163	284	268	245	1191	646	487	64	54	49	81	58	97	90	111	151	95	66	61	54	80	67	55	89	68	56	58	57	57	43	75	34	55	52
	930.496826	98	101	98	135	266	243	232	265	196	222	195	212	209	147	200	187	183	206	238	270	313	286	234	157	175	271	315	435	551	541	904	66	70	56	80	75	70	96	51	20	54	133	170	74	166	278	249	230	1177	649	486	44	57	57	64	77	92	82	86	119	82	48	49	49	66	72	53	63	47	58	73	63	51	47	40	45	36	58
	931.889587	116	130	110	152	228	255	238	257	219	226	201	222	208	129	180	186	180	221	255	289	281	304	175	183	202	286	335	399	539	570	922	71	79	48	65	72	83	88	59	39	57	172	215	64	123	276	262	209	1116	589	483	42	59	56	66	57	67	74	75	131	89	44	52	59	43	57	53	65	45	56	75	42	29	38	46	23	56	49
	933.282776	104	93	119	156	222	249	231	235	211	212	213	201	201	139	179	176	181	208	249	282	256	267	169	176	188	271	312	411	520	509	887	62	52	54	35	58	86	88	60	13	69	138	175	100	134	299	253	244	1124	560	447	48	70	40	56	52	75	92	73	119	91	48	36	51	45	34	29	56	51	60	43	57	41	38	20	45	42	39
	934.676514	89	91	101	162	222	263	264	225	184	214	175	203	214	104	142	195	187	186	184	253	289	272	221	165	187	287	305	355	474	552	885	58	60	57	39	57	81	95	68	55	63	137	200	48	140	285	290	195	1136	595	414	40	60	67	63	64	78	72	69	114	96	82	54	62	50	43	24	68	20	67	71	29	58	34	53	45	45	38
	936.070679	107	119	118	120	240	218	247	240	181	168	173	178	219	139	200	164	189	196	204	232	277	247	207	159	187	277	297	378	480	487	882	64	65	60	40	95	58	80	54	27	55	137	202	89	138	300	218	208	1091	540	444	48	46	69	62	47	79	75	72	122	95	55	54	60	43	65	47	59	73	56	56	44	35	36	16	28	49	32
	937.465271	61	107	105	142	215	167	262	243	189	160	180	182	193	149	173	148	191	208	235	265	278	273	235	175	176	252	278	369	502	495	843	46	69	54	60	60	65	63	68	27	49	116	170	58	130	256	237	226	1067	511	436	45	60	80	35	56	58	85	100	105	89	65	49	62	28	56	45	46	67	26	49	66	45	23	43	42	79	37
	938.860413	53	100	95	112	207	194	220	204	190	187	192	180	182	125	170	167	182	202	217	230	282	214	191	157	170	261	314	359	390	529	828	46	56	44	48	65	65	94	64	18	65	127	160	73	118	264	261	187	1053	520	388	44	51	34	50	66	63	49	96	115	106	49	52	59	64	68	60	43	52	39	63	54	34	29	41	33	37	42
	940.255981	105	98	82	126	228	219	213	207	192	164	172	202	158	106	144	174	150	172	247	270	277	241	199	185	170	225	270	403	413	464	863	41	51	69	72	53	102	97	45	41	22	127	158	72	133	223	242	192	1019	508	438	47	53	71	42	69	51	83	81	98	81	51	41	47	29	54	58	55	80	40	55	57	30	54	62	38	42	35
	941.6521	81	90	115	117	183	190	195	210	207	176	161	201	164	102	169	166	210	172	201	236	240	214	209	172	162	237	286	344	400	422	825	65	50	54	52	35	62	75	48	30	57	125	146	65	127	241	245	203	964	462	395	37	43	64	50	63	62	82	60	109	69	37	30	73	67	63	51	41	35	45	71	39	36	33	49	33	42	34
	943.048584	76	89	97	134	177	183	218	189	169	170	163	199	151	130	164	126	146	161	225	229	252	233	143	174	149	244	248	343	381	451	737	57	50	32	49	51	64	64	46	16	39	137	154	70	128	222	210	172	929	461	395	25	42	67	33	55	60	57	56	114	84	54	50	52	64	38	50	58	68	55	54	61	17	45	61	25	48	24
	944.445679	84	97	96	134	200	200	201	201	164	169	156	152	153	113	131	158	126	159	176	204	229	214	155	122	142	209	244	366	397	466	735	62	44	22	44	54	73	47	42	41	64	139	169	65	96	241	203	176	983	453	362	32	28	62	62	24	64	51	63	101	65	42	50	39	46	45	57	23	36	49	53	36	48	31	58	38	55	29
	945.843201	81	91	103	124	191	191	196	187	149	158	148	147	174	113	141	150	149	156	186	220	209	223	161	109	119	214	247	345	403	430	756	61	72	28	58	46	62	64	62	28	35	115	143	53	101	215	211	176	903	444	390	28	56	41	37	43	76	63	63	109	70	52	51	37	41	26	51	55	58	50	63	54	23	47	54	33	23	29
	947.241211	89	76	111	118	167	209	183	186	161	147	157	180	168	120	142	138	130	158	190	196	194	176	153	145	131	200	230	308	378	432	738	31	67	58	69	43	30	87	52	36	39	101	147	45	96	198	212	173	889	453	370	51	63	38	56	58	75	62	65	114	75	33	30	47	61	69	65	69	53	50	60	41	24	30	49	47	39	23
	948.639587	72	75	118	145	175	159	137	165	145	179	136	175	154	109	158	162	124	136	188	230	189	215	163	131	130	215	244	308	329	411	688	41	38	46	50	53	57	73	29	48	49	120	127	55	100	219	187	170	880	367	342	16	42	42	37	53	66	92	59	117	92	21	40	61	54	56	66	59	55	25	51	38	28	25	34	34	47	25
	950.038574	74	96	94	126	176	187	186	199	154	158	145	159	155	104	140	120	131	169	171	207	212	188	127	126	131	202	249	328	362	403	723	60	36	36	34	59	42	70	32	9	42	108	148	49	84	186	214	172	826	406	396	23	43	49	30	44	67	55	62	105	68	37	29	31	39	47	46	59	44	39	42	57	36	29	39	19	31	39
	951.43811	85	88	82	97	154	173	145	159	154	157	154	146	134	104	145	143	143	133	173	191	224	224	159	105	170	205	204	288	322	363	638	45	50	38	61	46	62	55	24	27	44	92	135	57	75	213	201	167	793	420	354	40	27	55	27	43	62	60	59	68	79	25	49	52	57	64	46	56	10	49	45	44	31	36	32	31	41	29
	952.838013	54	75	71	108	152	177	162	157	141	146	147	129	130	101	118	126	127	154	179	186	196	205	161	128	139	214	223	291	352	412	622	53	54	33	51	64	49	81	54	21	56	89	118	28	76	165	179	173	793	402	343	45	42	49	67	43	73	63	62	94	80	39	34	36	53	45	55	67	66	40	43	49	24	29	24	8	30	43
	954.238403	55	97	93	107	150	173	179	162	149	125	141	151	126	99	142	151	126	153	161	184	195	178	145	136	130	167	241	288	353	400	660	26	52	43	48	60	57	64	52	43	42	132	101	34	94	178	206	136	783	399	346	30	37	13	42	46	54	50	53	104	42	53	28	56	40	43	49	73	59	29	64	67	33	27	40	37	56	43
	955.639282	72	73	68	86	155	158	168	169	158	144	117	135	135	85	117	151	125	143	153	191	196	178	156	148	134	189	191	298	318	384	596	37	36	49	40	28	26	87	53	34	42	93	134	39	68	163	177	149	780	375	334	20	34	59	63	58	83	52	67	83	48	44	25	41	58	59	32	44	47	49	47	33	21	17	61	30	49	57
	957.040588	66	81	75	96	183	155	161	161	134	140	141	112	122	107	129	113	123	141	146	173	202	202	147	131	120	177	227	294	325	370	622	27	39	48	39	46	55	66	53	16	39	100	112	63	72	146	176	152	724	357	326	33	38	36	50	54	41	80	56	112	62	24	14	52	47	51	45	60	30	30	42	39	49	34	47	35	40	19
	958.442505	61	79	72	96	159	155	155	176	155	155	149	157	140	113	116	120	143	133	160	161	209	216	137	100	143	163	226	314	308	388	572	56	43	23	37	45	41	62	25	27	42	72	149	25	108	159	193	165	801	356	322	41	44	35	24	68	50	53	76	77	60	41	34	46	43	52	32	56	58	31	52	40	33	36	56	25	40	56
	959.844788	60	92	79	105	166	128	177	174	149	149	136	142	130	98	137	110	115	142	132	177	149	168	122	126	143	141	218	278	312	345	581	36	45	27	50	42	53	58	39	27	38	97	118	54	101	193	178	158	707	380	306	40	20	15	56	27	32	34	46	72	63	33	49	38	44	45	35	55	51	36	48	35	29	40	18	28	43	36
	961.24762	53	76	76	90	156	146	162	153	149	139	140	137	109	92	126	127	131	137	140	169	177	171	116	133	111	171	199	250	297	314	592	33	41	53	45	38	53	71	34	22	41	90	149	50	116	159	178	165	748	367	278	35	40	37	54	22	63	59	65	52	44	40	39	46	37	43	36	48	20	46	52	30	36	34	38	16	32	37
	962.650879	72	66	78	83	143	138	160	152	123	137	105	115	108	93	110	120	130	124	161	207	166	167	107	109	127	172	195	261	268	359	550	35	55	35	50	42	53	45	49	44	52	94	148	67	90	186	169	160	692	380	303	26	51	42	53	30	53	73	52	65	65	31	28	20	51	58	21	38	30	42	67	39	17	29	40	18	19	22
	964.054626	74	63	82	91	148	125	154	147	135	136	140	137	113	74	98	127	115	149	145	180	137	169	135	81	126	133	182	246	293	334	556	26	50	41	46	47	33	89	37	30	56	73	99	61	90	144	150	145	682	291	319	34	46	48	32	60	72	43	76	64	75	41	42	28	31	51	34	41	47	56	34	34	41	21	41	-2	23	39
	965.458923	64	61	52	90	166	167	176	151	117	114	118	110	72	99	128	118	109	137	137	168	155	162	109	114	104	159	186	249	286	346	588	38	54	42	46	30	48	50	48	17	43	85	108	51	83	192	183	170	674	306	272	24	44	48	43	55	53	40	52	49	66	42	38	47	66	51	40	46	20	20	62	39	23	9	33	28	34	39
	966.863586	51	66	89	94	139	133	162	128	137	133	114	119	101	83	105	110	125	137	145	128	167	163	106	84	125	197	229	248	317	301	542	29	28	36	34	60	61	54	42	28	58	83	140	67	77	166	165	150	671	321	274	45	34	55	32	60	45	54	77	58	60	70	26	46	40	42	34	50	39	29	26	43	29	30	22	30	32	26
	968.268799	49	63	69	95	142	103	139	141	134	134	120	123	104	83	128	122	87	114	136	158	170	161	126	139	110	179	188	273	308	300	530	41	44	17	37	33	44	56	43	11	43	94	126	70	90	165	146	132	611	318	294	39	28	47	53	31	39	47	56	81	52	35	21	38	37	38	55	38	33	45	39	63	9	25	25	24	23	30
	969.674377	56	72	84	82	133	155	121	148	123	130	126	112	111	71	98	116	112	111	157	155	155	160	110	131	118	181	204	248	301	296	534	46	42	42	35	26	32	69	20	14	59	93	118	44	58	185	160	161	587	273	280	43	15	48	48	29	48	25	52	55	57	33	18	48	30	44	32	37	39	31	50	53	24	21	21	14	21	39
	971.080688	53	47	72	78	146	116	168	134	95	84	114	131	112	71	121	121	104	111	151	149	169	151	107	120	104	177	164	227	275	305	536	22	49	7	32	52	39	52	56	26	46	78	112	45	84	159	138	135	602	266	259	38	49	44	55	37	57	34	42	92	82	46	27	48	43	39	39	24	25	57	29	40	16	34	28	26	19	47
	972.487305	67	62	65	89	103	144	151	157	116	121	124	122	136	85	118	92	109	138	145	159	173	142	116	94	119	133	193	234	301	281	473	49	36	35	26	30	41	55	39	32	44	97	100	25	74	136	137	143	645	320	254	38	34	33	30	44	61	70	45	64	55	39	46	54	51	36	46	27	38	40	35	27	22	27	45	33	37	12
	973.894409	38	46	59	80	112	135	150	92	112	101	104	141	99	73	109	115	114	128	108	148	142	131	81	102	91	159	167	227	251	289	487	26	19	33	36	23	27	46	47	26	45	93	95	39	89	147	151	146	619	274	281	37	15	41	50	13	42	25	31	83	32	29	46	18	42	37	43	43	35	33	39	25	16	16	28	20	21	41
	975.302002	55	63	61	83	135	122	122	124	121	103	134	119	111	66	78	101	118	103	128	118	139	152	127	83	110	156	172	231	281	253	440	22	26	25	21	21	37	56	27	13	47	95	89	39	88	143	151	129	559	264	261	38	34	47	36	44	40	31	44	52	68	34	33	45	57	38	23	47	33	30	48	45	37	26	28	26	39	19
	976.710083	53	39	41	80	128	114	102	111	118	113	102	88	87	63	90	90	108	102	131	127	172	143	112	90	80	145	161	209	274	292	455	14	14	31	33	37	45	52	26	20	47	83	118	51	74	143	123	123	542	281	258	21	45	41	25	38	38	31	69	72	69	43	37	32	30	36	38	36	38	47	48	45	4	36	24	16	50	17
	978.118713	90	36	59	54	129	84	97	108	131	109	142	101	114	61	110	94	112	106	138	132	165	151	96	74	95	94	164	214	226	289	420	14	48	34	33	15	53	52	17	22	32	78	88	62	74	147	157	148	541	279	245	34	36	54	35	19	20	42	43	50	59	15	31	37	22	46	43	73	28	26	48	41	22	9	0	25	14	32
	979.52771	53	28	66	81	98	126	100	113	82	101	102	97	94	92	88	100	97	88	147	131	135	118	128	97	95	123	138	223	252	258	413	27	23	42	23	37	22	60	19	13	42	64	103	34	71	152	119	141	553	275	238	25	31	43	31	47	42	47	28	53	54	7	32	49	41	44	41	37	24	49	23	39	19	27	15	24	20	12
	980.937195	37	38	84	67	125	104	105	136	97	111	90	131	95	71	107	105	113	88	137	134	131	138	107	94	87	144	145	161	223	278	464	18	26	23	37	31	57	46	35	33	28	83	112	42	72	145	105	151	507	266	234	31	39	36	41	36	38	31	52	64	42	38	19	36	28	40	12	38	39	57	26	17	2	18	7	19	27	37
	982.347229	61	52	68	58	86	116	89	112	102	103	100	114	96	54	105	81	95	94	102	107	123	115	85	92	101	122	134	174	226	262	375	29	28	27	17	18	40	40	15	15	42	78	86	44	58	146	162	138	499	260	198	37	41	30	13	45	41	21	38	66	45	39	9	34	35	27	31	29	31	37	46	32	27	10	43	13	42	34
	983.75769	34	57	62	91	82	83	106	102	92	107	82	111	104	68	91	77	81	94	109	125	134	118	89	114	79	138	128	169	232	242	404	31	25	47	29	11	41	28	30	9	37	77	86	47	86	137	143	108	464	250	221	52	37	41	58	36	40	23	35	64	61	16	34	14	51	51	47	48	42	26	31	20	9	17	23	15	50	46
	985.168579	35	48	61	72	102	108	120	94	90	84	91	96	78	54	81	70	92	93	105	110	127	115	101	92	76	120	149	203	217	250	387	18	40	43	39	17	57	39	35	29	26	88	99	25	74	124	165	101	484	244	192	18	27	53	48	34	37	28	29	34	57	41	25	32	42	27	25	42	24	34	39	27	19	18	34	17	2	37
	986.580078	72	47	57	69	82	101	89	126	95	89	97	86	73	65	89	94	83	93	76	127	141	101	98	79	65	130	148	191	219	231	349	49	36	-2	18	31	41	31	33	34	18	59	84	37	77	126	97	89	432	210	234	15	22	50	26	39	37	48	25	79	37	25	36	36	43	41	27	33	34	34	43	33	-7	14	20	33	23	9
	987.992004	23	58	42	60	95	87	90	88	75	95	81	85	93	47	64	90	80	91	124	140	102	114	87	66	67	121	120	169	179	243	383	18	25	32	26	37	38	33	29	17	21	52	90	28	68	108	115	109	467	230	198	31	40	46	43	45	31	57	45	71	36	22	42	31	22	23	37	27	33	26	30	27	21	31	15	24	21	23
	989.404419	46	53	54	84	74	88	122	93	99	77	81	90	77	49	55	80	87	85	78	115	113	119	85	61	80	139	174	148	211	240	369	31	28	28	35	29	32	10	-5	31	34	72	102	31	38	98	105	113	448	253	215	39	56	35	48	33	39	44	29	54	58	16	48	42	31	30	53	32	34	32	6	26	21	24	18	21	21	36
	990.817322	34	61	79	77	98	122	109	73	67	64	76	66	64	65	82	82	82	103	107	104	116	132	75	86	72	134	137	162	176	220	329	23	24	19	31	34	50	52	33	18	37	75	73	18	52	98	129	106	423	224	189	43	33	29	36	37	42	10	27	71	63	43	42	12	20	30	26	46	33	5	20	34	19	21	31	5	9	31
	992.230713	41	42	58	81	81	89	75	89	85	70	88	87	81	53	62	82	71	76	76	101	114	95	77	75	70	99	112	152	145	191	394	38	21	18	20	21	35	48	35	27	32	77	73	30	58	107	110	98	405	194	180	24	21	24	17	31	31	30	38	41	27	37	16	30	44	48	9	34	24	17	31	47	21	18	21	24	34	26
	993.64447	17	47	41	53	81	76	99	66	83	73	75	60	51	78	94	77	82	90	99	110	124	93	73	68	66	110	110	150	144	212	339	12	20	19	25	22	25	44	43	10	45	72	74	28	46	99	111	109	375	185	176	5	24	26	36	21	59	26	47	47	59	18	26	26	42	31	25	32	20	22	13	31	15	21	6	15	32	33
	995.058777	29	28	59	70	67	80	104	104	79	101	95	78	81	59	68	71	66	85	89	110	74	125	87	70	84	102	107	138	142	185	323	31	33	23	22	29	39	35	34	13	49	68	63	43	68	85	115	101	382	197	183	8	15	25	34	27	28	43	38	41	45	25	21	33	17	35	9	38	33	43	24	37	17	15	15	14	29	42
	996.473572	46	54	60	46	81	87	84	83	79	57	76	70	57	41	39	60	51	62	73	115	123	94	65	65	70	91	117	135	140	171	275	21	19	40	26	17	31	34	20	2	22	45	75	23	59	105	86	89	406	203	146	15	10	26	30	32	23	26	29	59	44	3	5	29	29	13	31	7	35	24	43	27	15	8	31	12	16	16
	997.888916	36	51	46	43	97	75	81	88	58	60	69	72	80	38	40	54	41	60	85	96	112	99	66	65	64	86	118	141	158	182	301	21	29	47	15	7	24	26	33	17	27	67	74	31	51	92	86	88	396	175	190	12	33	27	33	38	15	21	37	48	39	15	38	34	25	35	21	37	40	16	15	12	16	39	13	13	3	43
	999.304626	55	47	32	49	54	70	87	95	65	82	81	68	75	50	57	80	58	91	57	94	103	115	72	62	56	57	115	126	157	205	310	37	20	16	22	27	25	9	24	15	20	56	78	35	68	89	112	86	367	185	163	19	27	37	41	37	31	27	33	51	40	29	42	25	34	36	27	31	5	20	24	19	8	20	39	38	26	31
	999.65863	8	27	38	52	84	51	80	88	54	52	77	77	51	61	59	79	59	68	74	101	93	90	84	83	54	92	96	141	160	197	309	6	9	23	16	30	30	22	27	8	35	43	64	16	42	90	101	92	313	177	197	1	28	17	25	32	26	53	39	59	46	28	29	17	22	35	33	44	15	14	44	51	7	16	29	2	24	10