ENVI ASCII Plot File [Mon Dec 15 11:34:25 2025]
Column 1: Wavelength
Column 2: X:385 Y:232~~1
Column 3: X:401 Y:243~~2
Column 4: X:397 Y:248~~3
Column 5: X:387 Y:249~~4
Column 6: X:379 Y:252~~5
Column 7: X:379 Y:257~~6
Column 8: X:381 Y:270~~7
Column 9: X:384 Y:275~~8
Column 10: X:392 Y:292~~9
Column 11: X:404 Y:295~~10
Column 12: X:413 Y:310~~11
Column 13: X:419 Y:311~~12
Column 14: X:425 Y:310~~13
Column 15: X:430 Y:306~~14
Column 16: X:433 Y:302~~15
Column 17: X:436 Y:299~~16
Column 18: X:439 Y:298~~17
Column 19: X:445 Y:300~~18
Column 20: X:452 Y:299~~19
Column 21: X:459 Y:298~~20
Column 22: X:460 Y:297~~21
Column 23: X:461 Y:296~~22
Column 24: X:462 Y:295~~23
Column 25: X:463 Y:294~~24
Column 26: X:464 Y:293~~25
Column 27: X:466 Y:290~~26
Column 28: X:465 Y:288~~27
Column 29: X:467 Y:288~~28
Column 30: X:465 Y:275~~29
Column 31: X:464 Y:272~~30
Column 32: X:465 Y:273~~31
Column 33: X:464 Y:275~~32
Column 34: X:562 Y:244~~33
Column 35: X:563 Y:243~~34
Column 36: X:568 Y:242~~35
Column 37: X:571 Y:241~~36
Column 38: X:574 Y:240~~37
Column 39: X:577 Y:240~~38
Column 40: X:576 Y:239~~39
Column 41: X:577 Y:231~~40
Column 42: X:579 Y:230~~41
Column 43: X:632 Y:191~~42
Column 44: X:612 Y:202~~43
Column 45: X:608 Y:203~~44
Column 46: X:480 Y:271~~45
Column 47: X:481 Y:270~~46
Column 48: X:463 Y:273~~47
Column 49: X:391 Y:252~~48
Column 50: X:381 Y:257~~49
Column 51: X:383 Y:272~~1
Column 52: X:390 Y:279~~2
   399.924103     21.000000     10.000000     18.000000     23.000000     12.000000      9.000000     23.000000     37.000000      3.000000     13.000000     12.000000     22.000000     37.000000     38.000000     31.000000     31.000000     10.000000      3.000000     16.000000     28.000000     22.000000      9.000000     27.000000      4.000000     25.000000     14.000000      6.000000     30.000000     21.000000     34.000000     40.000000     41.000000     26.000000     48.000000     59.000000      7.000000     28.000000     42.000000     51.000000     27.000000     30.000000     16.000000     10.000000     19.000000     39.000000     34.000000     21.000000     30.000000     33.000000     26.000000     28.000000
   401.119995     49.000000     20.000000     43.000000    -13.000000     27.000000     18.000000     16.000000     27.000000     33.000000     11.000000     20.000000     28.000000     25.000000     20.000000     26.000000      7.000000     28.000000     27.000000     25.000000     27.000000     33.000000     25.000000     14.000000     21.000000     39.000000     28.000000     41.000000     27.000000     35.000000     42.000000     43.000000     30.000000     35.000000     32.000000     44.000000     30.000000     29.000000     20.000000     38.000000     36.000000     34.000000     21.000000     14.000000     35.000000     21.000000     16.000000     21.000000     16.000000     28.000000     20.000000     27.000000
   402.316406     21.000000     22.000000     32.000000     48.000000     16.000000     17.000000     15.000000     21.000000     22.000000     16.000000     19.000000     17.000000     14.000000     15.000000     31.000000     40.000000     36.000000     26.000000     58.000000     43.000000     13.000000     26.000000     21.000000     43.000000     41.000000     20.000000     30.000000      8.000000     28.000000     65.000000     19.000000     60.000000     53.000000     40.000000     46.000000     22.000000     39.000000     30.000000     30.000000     30.000000     23.000000     15.000000     18.000000     28.000000     46.000000     14.000000     35.000000     48.000000     29.000000     42.000000     38.000000
   403.513306     18.000000     35.000000     25.000000     22.000000     26.000000     45.000000     22.000000     10.000000     23.000000     33.000000     15.000000     26.000000     19.000000      6.000000     26.000000     27.000000     48.000000     24.000000     15.000000     37.000000     36.000000     40.000000     26.000000     36.000000     12.000000     21.000000     22.000000     37.000000     26.000000     13.000000     18.000000      8.000000     54.000000     59.000000     34.000000     51.000000     25.000000     23.000000     30.000000     22.000000     22.000000     28.000000     28.000000     29.000000     38.000000     34.000000     27.000000     31.000000     24.000000     25.000000     49.000000
   404.710602     34.000000     16.000000     25.000000     46.000000     25.000000     39.000000     25.000000     28.000000     22.000000     10.000000     20.000000     -7.000000     18.000000     26.000000     22.000000     27.000000     42.000000     21.000000     15.000000     24.000000     42.000000     39.000000     34.000000     36.000000     13.000000     27.000000     25.000000     45.000000     31.000000     17.000000     48.000000     30.000000     53.000000     62.000000     44.000000     35.000000     29.000000     31.000000     29.000000     17.000000     32.000000     29.000000     42.000000     38.000000     50.000000     39.000000     40.000000     25.000000     38.000000     43.000000     19.000000
   405.908508     16.000000     19.000000     29.000000     39.000000     34.000000     59.000000     52.000000     31.000000     16.000000     51.000000     23.000000     23.000000     32.000000     30.000000     32.000000     18.000000     37.000000     33.000000     25.000000     29.000000     33.000000     36.000000     41.000000     47.000000     38.000000     33.000000     28.000000     20.000000     36.000000     34.000000     29.000000     35.000000     65.000000     68.000000     45.000000     40.000000     35.000000     44.000000     36.000000     40.000000     48.000000     28.000000     25.000000     37.000000     43.000000     39.000000     36.000000     50.000000     43.000000     31.000000     31.000000
   407.106812     25.000000      0.000000     27.000000     19.000000     24.000000     32.000000     55.000000     21.000000     37.000000     17.000000     10.000000     27.000000     19.000000     12.000000     22.000000     39.000000     40.000000     30.000000     23.000000     48.000000     39.000000     44.000000     33.000000     44.000000     41.000000     40.000000     28.000000     42.000000     45.000000     25.000000     38.000000     41.000000     59.000000     64.000000     53.000000     48.000000     46.000000     49.000000     45.000000     39.000000     38.000000     17.000000     47.000000     35.000000     36.000000     61.000000     28.000000     39.000000     57.000000     26.000000     20.000000
   408.305603     30.000000      9.000000     29.000000     42.000000     52.000000     50.000000     21.000000     30.000000     26.000000     43.000000     25.000000     35.000000     40.000000     12.000000     24.000000     38.000000     52.000000     27.000000     28.000000     65.000000     23.000000     43.000000     35.000000     43.000000     40.000000     58.000000     41.000000     34.000000     42.000000     20.000000     36.000000     32.000000     64.000000     84.000000     66.000000     37.000000     48.000000     63.000000     47.000000     38.000000     17.000000     14.000000     47.000000     42.000000     32.000000     28.000000     52.000000     21.000000     44.000000     25.000000     56.000000
   409.504913      9.000000     19.000000     29.000000     37.000000     36.000000     56.000000     49.000000     38.000000     47.000000     12.000000     32.000000     11.000000     32.000000     49.000000     28.000000     44.000000     26.000000     27.000000     24.000000     40.000000     41.000000     67.000000     17.000000     55.000000     33.000000     55.000000     44.000000     43.000000     35.000000     28.000000     47.000000     37.000000     51.000000     85.000000     60.000000     63.000000     46.000000     57.000000     57.000000     37.000000     30.000000     28.000000     38.000000     39.000000     56.000000     48.000000     38.000000     29.000000     70.000000     22.000000     44.000000
   410.704712     50.000000     22.000000     34.000000     42.000000     49.000000     32.000000     33.000000     31.000000     59.000000     38.000000     15.000000      5.000000     44.000000     36.000000     46.000000     46.000000     59.000000     31.000000     30.000000     45.000000     47.000000     51.000000     40.000000     39.000000     35.000000     28.000000     34.000000     22.000000     26.000000     32.000000     23.000000     47.000000     84.000000     89.000000     55.000000     68.000000     59.000000     69.000000     56.000000     38.000000     30.000000     22.000000     39.000000     31.000000     72.000000     37.000000     37.000000     57.000000     71.000000     40.000000     32.000000
   411.904907     45.000000     28.000000     46.000000     38.000000     38.000000     61.000000     31.000000     39.000000     38.000000     57.000000     33.000000     14.000000     33.000000     44.000000     45.000000     50.000000     37.000000     39.000000     42.000000     55.000000     39.000000     55.000000     58.000000     29.000000     44.000000     51.000000     35.000000     36.000000     65.000000     46.000000     38.000000     50.000000     79.000000     84.000000     89.000000     83.000000     66.000000     64.000000     45.000000     37.000000     41.000000     13.000000     48.000000     46.000000     49.000000     75.000000     59.000000     42.000000     63.000000     24.000000     39.000000
   413.105591     44.000000     47.000000     49.000000     62.000000     46.000000     64.000000     45.000000     53.000000     49.000000     31.000000     26.000000     34.000000     25.000000     12.000000     52.000000     41.000000     56.000000     25.000000     30.000000     59.000000     55.000000     72.000000     55.000000     86.000000     58.000000     44.000000     43.000000     22.000000     50.000000     52.000000     58.000000     49.000000     70.000000     98.000000    106.000000     79.000000     74.000000     64.000000     71.000000     64.000000     42.000000     27.000000     56.000000     40.000000     67.000000     54.000000     57.000000     61.000000     70.000000     54.000000     35.000000
   414.306793     49.000000     34.000000     57.000000     59.000000     58.000000     66.000000     50.000000     58.000000     46.000000     60.000000     -1.000000     33.000000     61.000000     33.000000     44.000000     62.000000     60.000000     34.000000     36.000000     59.000000     66.000000     57.000000     70.000000     54.000000     61.000000     51.000000     44.000000     47.000000     70.000000     57.000000     76.000000     80.000000    105.000000     88.000000     89.000000     88.000000     60.000000     85.000000     63.000000     52.000000     36.000000     24.000000     55.000000     70.000000     51.000000     48.000000     61.000000     59.000000     77.000000     34.000000     46.000000
   415.508514     26.000000     42.000000     38.000000     35.000000     63.000000     48.000000     54.000000     53.000000     50.000000     34.000000     22.000000     54.000000     23.000000     49.000000     48.000000     67.000000     93.000000     24.000000     23.000000     79.000000     70.000000     84.000000     89.000000     66.000000     73.000000     56.000000     79.000000     41.000000     95.000000     59.000000     57.000000     75.000000     89.000000    131.000000    105.000000     93.000000     81.000000     80.000000     75.000000     51.000000     53.000000     36.000000     62.000000     71.000000     86.000000     50.000000     67.000000     63.000000     77.000000     54.000000     48.000000
   416.710602     43.000000     30.000000     35.000000     69.000000     50.000000     81.000000     53.000000     35.000000     62.000000     27.000000      0.000000     41.000000     42.000000     53.000000     54.000000     62.000000     75.000000     30.000000     50.000000     88.000000     83.000000     74.000000     77.000000     88.000000     84.000000     93.000000     79.000000     66.000000    103.000000     61.000000     64.000000     92.000000    114.000000    130.000000    112.000000    104.000000    111.000000     82.000000     71.000000     89.000000     56.000000     46.000000     57.000000     47.000000     78.000000     85.000000     89.000000     60.000000     79.000000     66.000000     46.000000
   417.913300     48.000000     54.000000     45.000000     59.000000     49.000000     46.000000     52.000000     65.000000     66.000000     17.000000     22.000000     42.000000     56.000000     42.000000     47.000000     53.000000    109.000000     43.000000     54.000000     72.000000     91.000000     80.000000    111.000000    103.000000     84.000000     72.000000     74.000000     94.000000     95.000000     57.000000     93.000000     73.000000    102.000000    144.000000     89.000000    124.000000     83.000000     86.000000     72.000000     83.000000     55.000000     42.000000     81.000000     79.000000     97.000000     80.000000     84.000000     63.000000     93.000000     69.000000     42.000000
   419.116394     46.000000     44.000000     61.000000     70.000000     77.000000     82.000000     79.000000     23.000000     79.000000     66.000000     33.000000     47.000000     47.000000     30.000000     76.000000     74.000000     84.000000     43.000000     73.000000    101.000000    100.000000     65.000000     97.000000     77.000000     94.000000     91.000000     86.000000     64.000000    102.000000     78.000000     83.000000     94.000000    134.000000    140.000000    138.000000    120.000000    103.000000    140.000000    106.000000     92.000000     54.000000     54.000000     75.000000     82.000000     98.000000     82.000000     74.000000     83.000000     95.000000     64.000000     60.000000
   420.320007     58.000000     66.000000     55.000000     83.000000     80.000000     68.000000     69.000000     79.000000     62.000000     34.000000     41.000000     66.000000     68.000000     94.000000     67.000000     80.000000     97.000000     52.000000     47.000000     92.000000    104.000000    109.000000    116.000000     87.000000     91.000000    104.000000     74.000000    103.000000    128.000000     94.000000     94.000000    111.000000    139.000000    154.000000    128.000000    120.000000    141.000000    105.000000    134.000000     89.000000     86.000000     55.000000     99.000000    102.000000    125.000000     90.000000    115.000000     69.000000     93.000000     83.000000     53.000000
   421.524109     70.000000     63.000000     55.000000    108.000000     86.000000    100.000000     84.000000     44.000000     70.000000     57.000000     42.000000     58.000000     64.000000     62.000000     81.000000    106.000000    124.000000     32.000000     82.000000    136.000000    118.000000    134.000000    113.000000    135.000000    137.000000    110.000000     88.000000    123.000000    113.000000    102.000000    117.000000    125.000000    161.000000    198.000000    150.000000    132.000000    140.000000    128.000000    120.000000     88.000000     92.000000     60.000000     96.000000    100.000000    118.000000     97.000000     83.000000     91.000000    113.000000     72.000000    103.000000
   422.728607     49.000000     61.000000     81.000000    120.000000     96.000000    107.000000     97.000000     76.000000     90.000000     59.000000     58.000000     65.000000     73.000000     67.000000     92.000000    119.000000    154.000000     59.000000     73.000000    153.000000    139.000000    164.000000    165.000000    117.000000    142.000000    120.000000    116.000000    116.000000    121.000000    118.000000    139.000000    164.000000    152.000000    174.000000    190.000000    176.000000    135.000000    158.000000    135.000000    138.000000    119.000000     89.000000    126.000000    131.000000    129.000000    115.000000    103.000000    106.000000    136.000000     83.000000     92.000000
   423.933685     87.000000     93.000000     68.000000     93.000000    128.000000    128.000000    105.000000     89.000000    116.000000     91.000000     63.000000     62.000000     76.000000     96.000000    114.000000    141.000000    188.000000     83.000000     86.000000    194.000000    143.000000    181.000000    167.000000    138.000000    176.000000    146.000000    113.000000    148.000000    179.000000    145.000000    149.000000    162.000000    178.000000    244.000000    220.000000    176.000000    183.000000    163.000000    184.000000    131.000000    132.000000    107.000000    193.000000    156.000000    178.000000    145.000000    161.000000    121.000000    161.000000    101.000000     60.000000
   425.139191    111.000000     93.000000     79.000000    150.000000    132.000000    149.000000    151.000000    108.000000    123.000000     80.000000     77.000000     92.000000     80.000000    108.000000    147.000000    161.000000    200.000000     74.000000    142.000000    170.000000    178.000000    159.000000    176.000000    159.000000    232.000000    200.000000    131.000000    146.000000    210.000000    187.000000    143.000000    225.000000    244.000000    286.000000    246.000000    207.000000    210.000000    192.000000    216.000000    170.000000    143.000000     92.000000    220.000000    162.000000    157.000000    168.000000    142.000000    154.000000    182.000000    110.000000    122.000000
   426.345215    112.000000     86.000000    147.000000    195.000000    164.000000    160.000000    150.000000    131.000000    133.000000     99.000000     73.000000    119.000000    120.000000    151.000000    141.000000    207.000000    244.000000    101.000000    151.000000    229.000000    253.000000    269.000000    215.000000    235.000000    224.000000    224.000000    174.000000    220.000000    219.000000    201.000000    228.000000    273.000000    269.000000    345.000000    311.000000    265.000000    252.000000    233.000000    291.000000    207.000000    154.000000     92.000000    243.000000    231.000000    214.000000    168.000000    187.000000    151.000000    185.000000    139.000000    132.000000
   427.551697    121.000000    115.000000    130.000000    227.000000    198.000000    240.000000    204.000000    150.000000    170.000000    133.000000     99.000000    144.000000    142.000000    158.000000    216.000000    256.000000    328.000000     97.000000    177.000000    253.000000    283.000000    243.000000    260.000000    289.000000    279.000000    295.000000    218.000000    290.000000    324.000000    270.000000    273.000000    331.000000    316.000000    388.000000    331.000000    356.000000    308.000000    301.000000    305.000000    244.000000    209.000000    136.000000    305.000000    297.000000    304.000000    264.000000    206.000000    230.000000    248.000000    186.000000    149.000000
   428.758606    177.000000    154.000000    153.000000    296.000000    243.000000    273.000000    285.000000    186.000000    193.000000    153.000000    144.000000    163.000000    184.000000    179.000000    240.000000    300.000000    387.000000    119.000000    193.000000    362.000000    362.000000    366.000000    373.000000    345.000000    340.000000    378.000000    245.000000    416.000000    377.000000    269.000000    389.000000    407.000000    406.000000    433.000000    435.000000    422.000000    402.000000    348.000000    323.000000    311.000000    264.000000    160.000000    349.000000    363.000000    379.000000    290.000000    277.000000    261.000000    318.000000    172.000000    195.000000
   429.966095    236.000000    182.000000    230.000000    356.000000    268.000000    310.000000    298.000000    215.000000    283.000000    153.000000    159.000000    205.000000    210.000000    205.000000    299.000000    399.000000    478.000000    159.000000    266.000000    489.000000    469.000000    477.000000    451.000000    465.000000    503.000000    527.000000    333.000000    447.000000    495.000000    422.000000    465.000000    486.000000    496.000000    600.000000    546.000000    492.000000    424.000000    465.000000    445.000000    355.000000    306.000000    191.000000    452.000000    397.000000    500.000000    361.000000    343.000000    337.000000    404.000000    264.000000    259.000000
   431.174011    242.000000    213.000000    296.000000    470.000000    389.000000    450.000000    450.000000    379.000000    316.000000    222.000000    211.000000    343.000000    273.000000    287.000000    367.000000    504.000000    665.000000    179.000000    393.000000    628.000000    633.000000    601.000000    549.000000    573.000000    601.000000    706.000000    394.000000    635.000000    693.000000    581.000000    631.000000    676.000000    617.000000    773.000000    677.000000    727.000000    631.000000    595.000000    621.000000    539.000000    463.000000    318.000000    656.000000    511.000000    616.000000    486.000000    445.000000    441.000000    493.000000    310.000000    309.000000
   432.382385    377.000000    264.000000    341.000000    643.000000    527.000000    632.000000    618.000000    466.000000    462.000000    265.000000    295.000000    387.000000    330.000000    393.000000    489.000000    668.000000    765.000000    242.000000    457.000000    840.000000    810.000000    814.000000    773.000000    743.000000    747.000000    908.000000    583.000000    856.000000    863.000000    789.000000    831.000000    896.000000    754.000000    948.000000    839.000000    892.000000    825.000000    787.000000    819.000000    607.000000    530.000000    373.000000    870.000000    737.000000    846.000000    679.000000    530.000000    588.000000    647.000000    355.000000    409.000000
   433.591309    446.000000    392.000000    458.000000    815.000000    685.000000    771.000000    794.000000    568.000000    593.000000    359.000000    397.000000    503.000000    474.000000    510.000000    654.000000    988.000000   1031.000000    327.000000    611.000000   1176.000000   1086.000000   1109.000000   1084.000000   1009.000000   1103.000000   1204.000000    704.000000   1132.000000   1206.000000    954.000000   1076.000000   1212.000000   1033.000000   1321.000000   1216.000000   1202.000000   1082.000000    981.000000   1092.000000    803.000000    746.000000    571.000000   1167.000000    998.000000   1173.000000    862.000000    779.000000    775.000000    798.000000    532.000000    574.000000
   434.800598    611.000000    533.000000    614.000000   1184.000000    923.000000    998.000000    994.000000    789.000000    805.000000    480.000000    486.000000    701.000000    589.000000    706.000000    878.000000   1174.000000   1423.000000    428.000000    857.000000   1459.000000   1482.000000   1455.000000   1303.000000   1355.000000   1408.000000   1584.000000   1007.000000   1612.000000   1576.000000   1339.000000   1485.000000   1579.000000   1364.000000   1698.000000   1456.000000   1614.000000   1521.000000   1309.000000   1430.000000   1136.000000   1006.000000    736.000000   1537.000000   1282.000000   1488.000000   1157.000000    999.000000    965.000000   1038.000000    717.000000    678.000000
   436.010498    861.000000    635.000000    847.000000   1476.000000   1096.000000   1283.000000   1386.000000    998.000000   1026.000000    568.000000    609.000000    903.000000    774.000000    876.000000   1121.000000   1612.000000   1819.000000    568.000000   1129.000000   2010.000000   1954.000000   1822.000000   1753.000000   1682.000000   1914.000000   2067.000000   1328.000000   2123.000000   2148.000000   1833.000000   1950.000000   2099.000000   1714.000000   2130.000000   1972.000000   2141.000000   1978.000000   1658.000000   1857.000000   1403.000000   1298.000000    982.000000   2085.000000   1770.000000   1897.000000   1639.000000   1318.000000   1360.000000   1272.000000    869.000000    916.000000
   437.220795   1009.000000    831.000000   1045.000000   1898.000000   1425.000000   1601.000000   1710.000000   1304.000000   1329.000000    740.000000    827.000000   1253.000000    878.000000   1183.000000   1446.000000   2079.000000   2267.000000    645.000000   1408.000000   2490.000000   2472.000000   2366.000000   2336.000000   2246.000000   2386.000000   2676.000000   1657.000000   2792.000000   2611.000000   2286.000000   2527.000000   2720.000000   2072.000000   2672.000000   2509.000000   2566.000000   2472.000000   2137.000000   2475.000000   1880.000000   1730.000000   1196.000000   2544.000000   2233.000000   2435.000000   2113.000000   1609.000000   1720.000000   1596.000000   1077.000000   1196.000000
   438.431610   1401.000000   1024.000000   1184.000000   2398.000000   1796.000000   1836.000000   2149.000000   1631.000000   1582.000000    895.000000   1014.000000   1385.000000   1120.000000   1441.000000   1750.000000   2400.000000   2530.000000    740.000000   1762.000000   2994.000000   2858.000000   2733.000000   2791.000000   2633.000000   2808.000000   3083.000000   2100.000000   3475.000000   3124.000000   2786.000000   3009.000000   3398.000000   2402.000000   3064.000000   2899.000000   3114.000000   2981.000000   2497.000000   2990.000000   2164.000000   1955.000000   1458.000000   3252.000000   2738.000000   2887.000000   2543.000000   1778.000000   1999.000000   1975.000000   1330.000000   1389.000000
   439.642914   1497.000000   1106.000000   1287.000000   2765.000000   2036.000000   2229.000000   2339.000000   1907.000000   1784.000000    969.000000   1137.000000   1564.000000   1263.000000   1689.000000   2093.000000   2873.000000   2911.000000    846.000000   1860.000000   3476.000000   3470.000000   3222.000000   3189.000000   3056.000000   3176.000000   3340.000000   2371.000000   3947.000000   3447.000000   3295.000000   3553.000000   3853.000000   2737.000000   3367.000000   3297.000000   3473.000000   3257.000000   2796.000000   3338.000000   2420.000000   2300.000000   1737.000000   3636.000000   3205.000000   3454.000000   2945.000000   2220.000000   2321.000000   2015.000000   1509.000000   1603.000000
   440.854614   1727.000000   1248.000000   1436.000000   3168.000000   2304.000000   2381.000000   2522.000000   2088.000000   1958.000000    981.000000   1349.000000   1800.000000   1406.000000   1856.000000   2189.000000   3239.000000   3174.000000    984.000000   2156.000000   3889.000000   3704.000000   3570.000000   3382.000000   3312.000000   3455.000000   3777.000000   2590.000000   4193.000000   3756.000000   3535.000000   3724.000000   4141.000000   2888.000000   3764.000000   3488.000000   3934.000000   3583.000000   3263.000000   3638.000000   2701.000000   2490.000000   1910.000000   3872.000000   3467.000000   3766.000000   3477.000000   2401.000000   2444.000000   2188.000000   1737.000000   1735.000000
   442.066895   1812.000000   1343.000000   1519.000000   3240.000000   2517.000000   2437.000000   2716.000000   2239.000000   2203.000000   1175.000000   1471.000000   1852.000000   1528.000000   1955.000000   2401.000000   3333.000000   3321.000000   1019.000000   2329.000000   4088.000000   3907.000000   3888.000000   3441.000000   3397.000000   3511.000000   3737.000000   2713.000000   4555.000000   3922.000000   3825.000000   3988.000000   4318.000000   3144.000000   3843.000000   3681.000000   4154.000000   3844.000000   3292.000000   4133.000000   3088.000000   2675.000000   2101.000000   4303.000000   3851.000000   4186.000000   3915.000000   2579.000000   2707.000000   2397.000000   1733.000000   1919.000000
   443.279602   1955.000000   1385.000000   1639.000000   3557.000000   2621.000000   2547.000000   2823.000000   2278.000000   2374.000000   1252.000000   1542.000000   1969.000000   1670.000000   2076.000000   2465.000000   3533.000000   3517.000000   1087.000000   2445.000000   4397.000000   4267.000000   4136.000000   3638.000000   3448.000000   3559.000000   3949.000000   2731.000000   4656.000000   3926.000000   3889.000000   4425.000000   4332.000000   3109.000000   4037.000000   3895.000000   4526.000000   4124.000000   3574.000000   4391.000000   3163.000000   2835.000000   2208.000000   4347.000000   4042.000000   4468.000000   4010.000000   2770.000000   2826.000000   2464.000000   1912.000000   2141.000000
   444.492798   2139.000000   1447.000000   1722.000000   3743.000000   2782.000000   2680.000000   3054.000000   2416.000000   2446.000000   1185.000000   1584.000000   2034.000000   1767.000000   2244.000000   2599.000000   3718.000000   3592.000000   1098.000000   2492.000000   4569.000000   4464.000000   4190.000000   3667.000000   3501.000000   3710.000000   4089.000000   2829.000000   4670.000000   3915.000000   4080.000000   4327.000000   4514.000000   3305.000000   3998.000000   3960.000000   4463.000000   3997.000000   3655.000000   4422.000000   3375.000000   2994.000000   2324.000000   4596.000000   4375.000000   4617.000000   4299.000000   2922.000000   2942.000000   2572.000000   1938.000000   2066.000000
   445.706512   2115.000000   1638.000000   1724.000000   3898.000000   2934.000000   2791.000000   2894.000000   2633.000000   2703.000000   1255.000000   1748.000000   2155.000000   1882.000000   2387.000000   2783.000000   3843.000000   3547.000000   1097.000000   2565.000000   4663.000000   4474.000000   4207.000000   3642.000000   3643.000000   3817.000000   4315.000000   3019.000000   4826.000000   3956.000000   4205.000000   4467.000000   4649.000000   3362.000000   4294.000000   3858.000000   4570.000000   4218.000000   3696.000000   4592.000000   3331.000000   3124.000000   2396.000000   4615.000000   4496.000000   4780.000000   4502.000000   2755.000000   3125.000000   2511.000000   2125.000000   2169.000000
   446.920685   2305.000000   1662.000000   1839.000000   4053.000000   3176.000000   2844.000000   2884.000000   2694.000000   2787.000000   1289.000000   1831.000000   2275.000000   1971.000000   2501.000000   2895.000000   3815.000000   3597.000000   1242.000000   2708.000000   4882.000000   4604.000000   4320.000000   3784.000000   3834.000000   4003.000000   4638.000000   3360.000000   5287.000000   4175.000000   4242.000000   4508.000000   4868.000000   3293.000000   4262.000000   3991.000000   4791.000000   4279.000000   3685.000000   4818.000000   3497.000000   3330.000000   2474.000000   4908.000000   4750.000000   5049.000000   4681.000000   2925.000000   2977.000000   2524.000000   2052.000000   2219.000000
   448.135315   2595.000000   1655.000000   1887.000000   4378.000000   3299.000000   2920.000000   3125.000000   2876.000000   2973.000000   1377.000000   1888.000000   2301.000000   2065.000000   2525.000000   2982.000000   3964.000000   3591.000000   1186.000000   2745.000000   4879.000000   4623.000000   4373.000000   3995.000000   4036.000000   4220.000000   4968.000000   3581.000000   5723.000000   4435.000000   4644.000000   4671.000000   5267.000000   3332.000000   4327.000000   4062.000000   4686.000000   4395.000000   3837.000000   5032.000000   3702.000000   3455.000000   2669.000000   4953.000000   4946.000000   5187.000000   5018.000000   3015.000000   3085.000000   2774.000000   2276.000000   2366.000000
   449.350403   2630.000000   1818.000000   2009.000000   4426.000000   3457.000000   3033.000000   3210.000000   2882.000000   3103.000000   1491.000000   1971.000000   2429.000000   2234.000000   2677.000000   3251.000000   4275.000000   3715.000000   1248.000000   2882.000000   4964.000000   4854.000000   4508.000000   4283.000000   4264.000000   4506.000000   5432.000000   4006.000000   6203.000000   4872.000000   4940.000000   5241.000000   5597.000000   3385.000000   4321.000000   4061.000000   5073.000000   4519.000000   3845.000000   5319.000000   3972.000000   3530.000000   2736.000000   5197.000000   5216.000000   5443.000000   5267.000000   3182.000000   3230.000000   2774.000000   2271.000000   2493.000000
   450.566010   2772.000000   1814.000000   2123.000000   4590.000000   3639.000000   3134.000000   3259.000000   3046.000000   3340.000000   1505.000000   2110.000000   2435.000000   2269.000000   2881.000000   3195.000000   4254.000000   3732.000000   1343.000000   2862.000000   5120.000000   4781.000000   4691.000000   4512.000000   4598.000000   4793.000000   5778.000000   4375.000000   6823.000000   4961.000000   5027.000000   5657.000000   5707.000000   3430.000000   4314.000000   4348.000000   5016.000000   4752.000000   4088.000000   5229.000000   4053.000000   3713.000000   2869.000000   5217.000000   5459.000000   5714.000000   5434.000000   3227.000000   3266.000000   2901.000000   2391.000000   2446.000000
   451.782104   2986.000000   1948.000000   2111.000000   4849.000000   3873.000000   3205.000000   3236.000000   3238.000000   3433.000000   1552.000000   2180.000000   2561.000000   2493.000000   3035.000000   3424.000000   4357.000000   3797.000000   1272.000000   2848.000000   5171.000000   4943.000000   4688.000000   4665.000000   4721.000000   5111.000000   5897.000000   4668.000000   7105.000000   5237.000000   5469.000000   5904.000000   6142.000000   3384.000000   4525.000000   4197.000000   5122.000000   4974.000000   4147.000000   5448.000000   4240.000000   3916.000000   2958.000000   5359.000000   5551.000000   5776.000000   5700.000000   3416.000000   3592.000000   2905.000000   2625.000000   2500.000000
   452.998596   2964.000000   2065.000000   2177.000000   4926.000000   3860.000000   3331.000000   3361.000000   3191.000000   3707.000000   1737.000000   2298.000000   2743.000000   2461.000000   3065.000000   3563.000000   4406.000000   3860.000000   1342.000000   2883.000000   5163.000000   4923.000000   4920.000000   4876.000000   4881.000000   5082.000000   6111.000000   4988.000000   7473.000000   5592.000000   5659.000000   6357.000000   6212.000000   3431.000000   4417.000000   4157.000000   5224.000000   4828.000000   4110.000000   5620.000000   4493.000000   3924.000000   3060.000000   5595.000000   5753.000000   6014.000000   5830.000000   3694.000000   3483.000000   2941.000000   2519.000000   2663.000000
   454.215698   3208.000000   2246.000000   2345.000000   5146.000000   4256.000000   3458.000000   3365.000000   3355.000000   3801.000000   1778.000000   2374.000000   2841.000000   2574.000000   3185.000000   3574.000000   4706.000000   3975.000000   1330.000000   2996.000000   5400.000000   5069.000000   4874.000000   4950.000000   4929.000000   5327.000000   6461.000000   5148.000000   7561.000000   5854.000000   5937.000000   6714.000000   6561.000000   3385.000000   4544.000000   4419.000000   5314.000000   5018.000000   4167.000000   5829.000000   4624.000000   4121.000000   3252.000000   5749.000000   5999.000000   6254.000000   6001.000000   4110.000000   3589.000000   2963.000000   2706.000000   2746.000000
   455.433197   3393.000000   2255.000000   2479.000000   5127.000000   4481.000000   3520.000000   3327.000000   3634.000000   4083.000000   1895.000000   2505.000000   2873.000000   2796.000000   3329.000000   3801.000000   4707.000000   4128.000000   1498.000000   3239.000000   5307.000000   5331.000000   5145.000000   5127.000000   5146.000000   5550.000000   6464.000000   5672.000000   8097.000000   6335.000000   6455.000000   7170.000000   6847.000000   3575.000000   4716.000000   4415.000000   5614.000000   5149.000000   4362.000000   5878.000000   4938.000000   4330.000000   3456.000000   5812.000000   6356.000000   6447.000000   6390.000000   4335.000000   3621.000000   2998.000000   2795.000000   2884.000000
   456.651215   3424.000000   2497.000000   2600.000000   5360.000000   4734.000000   3590.000000   3346.000000   3684.000000   4252.000000   1933.000000   2565.000000   3000.000000   2961.000000   3442.000000   3998.000000   4899.000000   4267.000000   1486.000000   3149.000000   5714.000000   5317.000000   5383.000000   5213.000000   5216.000000   5699.000000   6740.000000   5662.000000   8200.000000   6343.000000   6753.000000   7395.000000   6862.000000   3507.000000   4587.000000   4548.000000   5618.000000   5308.000000   4428.000000   6061.000000   5175.000000   4443.000000   3582.000000   5918.000000   6474.000000   6727.000000   6822.000000   4707.000000   3750.000000   3274.000000   2889.000000   2976.000000
   457.869690   3624.000000   2578.000000   2650.000000   5687.000000   4998.000000   3790.000000   3385.000000   3643.000000   4594.000000   2040.000000   2540.000000   2998.000000   3012.000000   3616.000000   4205.000000   4979.000000   4258.000000   1520.000000   3148.000000   5689.000000   5417.000000   5378.000000   5309.000000   5395.000000   5679.000000   6889.000000   6046.000000   8565.000000   6283.000000   6920.000000   7821.000000   7293.000000   3510.000000   4771.000000   4669.000000   5652.000000   5272.000000   4418.000000   6181.000000   5288.000000   4579.000000   3709.000000   6084.000000   6576.000000   6875.000000   7161.000000   4980.000000   3809.000000   3292.000000   3028.000000   3018.000000
   459.088593   3669.000000   2539.000000   2712.000000   5481.000000   5195.000000   3796.000000   3371.000000   3785.000000   4531.000000   2142.000000   2646.000000   3146.000000   3178.000000   3709.000000   4271.000000   4997.000000   4261.000000   1386.000000   3229.000000   5638.000000   5407.000000   5504.000000   5391.000000   5531.000000   5871.000000   6781.000000   6215.000000   8406.000000   6532.000000   7140.000000   8002.000000   7498.000000   3517.000000   4621.000000   4684.000000   5850.000000   5127.000000   4416.000000   6278.000000   5479.000000   4765.000000   3877.000000   6123.000000   6869.000000   6888.000000   7003.000000   4974.000000   3852.000000   3338.000000   3157.000000   2974.000000
   460.308105   3829.000000   2725.000000   2864.000000   5574.000000   5142.000000   3825.000000   3258.000000   3890.000000   4811.000000   2252.000000   2691.000000   3202.000000   3353.000000   3877.000000   4305.000000   5054.000000   4343.000000   1522.000000   3329.000000   5633.000000   5602.000000   5422.000000   5588.000000   5514.000000   5824.000000   6983.000000   6424.000000   8642.000000   6858.000000   7283.000000   8094.000000   7579.000000   3469.000000   4630.000000   4632.000000   5841.000000   5397.000000   4432.000000   6270.000000   5557.000000   4723.000000   4083.000000   6151.000000   6936.000000   7229.000000   7372.000000   5222.000000   3994.000000   3415.000000   3159.000000   3096.000000
   461.528015   3951.000000   2833.000000   2975.000000   5708.000000   5516.000000   4056.000000   3192.000000   3945.000000   4860.000000   2289.000000   2870.000000   3285.000000   3391.000000   4007.000000   4428.000000   5302.000000   4379.000000   1557.000000   3208.000000   5550.000000   5628.000000   5587.000000   5481.000000   5613.000000   6009.000000   7424.000000   6779.000000   9100.000000   6811.000000   7586.000000   8491.000000   7765.000000   3613.000000   4756.000000   4692.000000   6004.000000   5394.000000   4552.000000   6496.000000   5760.000000   4964.000000   4197.000000   6410.000000   7132.000000   7264.000000   7600.000000   5479.000000   3971.000000   3451.000000   3256.000000   3074.000000
   462.748413   4123.000000   2940.000000   3145.000000   6046.000000   5709.000000   4024.000000   3333.000000   3948.000000   5120.000000   2320.000000   3020.000000   3379.000000   3577.000000   4141.000000   4527.000000   5392.000000   4486.000000   1594.000000   3553.000000   5764.000000   5759.000000   5844.000000   5759.000000   5777.000000   6055.000000   7606.000000   7079.000000   9336.000000   7101.000000   7675.000000   8857.000000   7969.000000   3599.000000   4808.000000   4783.000000   5977.000000   5530.000000   4539.000000   6658.000000   5949.000000   5177.000000   4454.000000   6288.000000   7450.000000   7582.000000   7890.000000   5791.000000   4080.000000   3589.000000   3258.000000   3190.000000
   463.969299   4224.000000   3099.000000   3329.000000   6256.000000   5909.000000   4160.000000   3379.000000   4042.000000   5293.000000   2483.000000   3064.000000   3549.000000   3710.000000   4237.000000   4642.000000   5519.000000   4507.000000   1575.000000   3530.000000   5886.000000   5835.000000   5957.000000   5907.000000   6085.000000   6252.000000   7633.000000   7265.000000   9661.000000   7420.000000   7730.000000   8925.000000   8046.000000   3625.000000   4890.000000   4813.000000   6218.000000   5577.000000   4686.000000   6879.000000   6216.000000   5383.000000   4566.000000   6603.000000   7440.000000   7965.000000   8085.000000   5944.000000   4165.000000   3809.000000   3456.000000   3153.000000
   465.190613   4526.000000   3323.000000   3519.000000   6416.000000   6368.000000   4153.000000   3529.000000   4309.000000   5512.000000   2576.000000   3334.000000   3676.000000   3911.000000   4467.000000   4803.000000   5551.000000   4526.000000   1627.000000   3565.000000   5929.000000   5898.000000   6021.000000   5991.000000   6305.000000   6210.000000   7974.000000   7828.000000   9895.000000   7466.000000   8179.000000   9120.000000   8248.000000   3720.000000   4843.000000   4974.000000   6298.000000   5712.000000   4785.000000   6896.000000   6410.000000   5575.000000   4730.000000   6679.000000   7631.000000   7944.000000   8269.000000   6323.000000   4139.000000   3777.000000   3536.000000   3241.000000
   466.412506   4613.000000   3349.000000   3671.000000   6540.000000   6513.000000   4372.000000   3539.000000   4341.000000   5898.000000   2692.000000   3359.000000   3799.000000   3986.000000   4534.000000   4899.000000   5738.000000   4535.000000   1684.000000   3510.000000   6127.000000   5951.000000   6076.000000   5986.000000   6264.000000   6285.000000   8033.000000   7831.000000   9915.000000   7461.000000   8305.000000   9727.000000   8387.000000   3731.000000   4923.000000   4973.000000   6404.000000   5741.000000   4833.000000   6997.000000   6549.000000   5836.000000   4826.000000   6685.000000   7970.000000   8067.000000   8676.000000   6638.000000   4287.000000   4061.000000   3631.000000   3272.000000
   467.634796   4846.000000   3475.000000   3812.000000   6675.000000   6853.000000   4532.000000   3456.000000   4470.000000   6133.000000   2860.000000   3545.000000   3905.000000   4247.000000   4532.000000   5353.000000   5717.000000   4538.000000   1682.000000   3711.000000   6124.000000   5962.000000   6223.000000   6150.000000   6122.000000   6627.000000   8118.000000   8293.000000  10253.000000   7752.000000   8484.000000  10005.000000   8533.000000   3866.000000   4999.000000   5098.000000   6557.000000   5947.000000   4950.000000   7300.000000   7108.000000   6105.000000   5030.000000   7015.000000   8213.000000   8108.000000   8709.000000   6880.000000   4348.000000   4254.000000   3773.000000   3400.000000
   468.857605   5101.000000   3700.000000   4044.000000   6912.000000   7015.000000   4622.000000   3538.000000   4783.000000   6086.000000   2961.000000   3510.000000   4011.000000   4429.000000   4648.000000   5448.000000   6055.000000   4674.000000   1725.000000   3790.000000   6173.000000   6126.000000   6328.000000   6359.000000   6433.000000   6607.000000   8145.000000   8574.000000  10466.000000   7999.000000   8758.000000  10335.000000   8878.000000   3756.000000   5009.000000   5227.000000   6662.000000   5883.000000   4953.000000   7634.000000   7101.000000   6201.000000   5263.000000   7160.000000   8519.000000   8566.000000   9145.000000   7197.000000   4508.000000   4352.000000   4033.000000   3413.000000
   470.080902   5278.000000   3867.000000   4191.000000   7021.000000   7279.000000   4717.000000   3573.000000   4910.000000   6686.000000   3044.000000   3824.000000   4198.000000   4480.000000   5025.000000   5598.000000   6048.000000   4604.000000   1789.000000   3871.000000   6182.000000   6161.000000   6337.000000   6399.000000   6653.000000   6794.000000   8488.000000   8782.000000  10617.000000   8005.000000   8984.000000  10441.000000   9162.000000   3870.000000   5078.000000   5158.000000   6758.000000   6074.000000   4916.000000   7486.000000   7543.000000   6429.000000   5352.000000   6863.000000   8414.000000   8716.000000   9390.000000   7683.000000   4498.000000   4583.000000   4043.000000   3494.000000
   471.304596   5465.000000   3941.000000   4260.000000   7186.000000   7389.000000   4924.000000   3742.000000   5137.000000   6531.000000   3280.000000   3828.000000   4340.000000   4665.000000   4957.000000   5747.000000   6263.000000   4788.000000   1775.000000   4031.000000   6348.000000   6163.000000   6351.000000   6569.000000   6545.000000   6765.000000   8372.000000   9040.000000  10700.000000   8303.000000   8942.000000  10878.000000   9147.000000   3838.000000   5025.000000   5164.000000   6797.000000   6079.000000   4991.000000   7840.000000   7793.000000   6686.000000   5472.000000   7000.000000   8749.000000   8884.000000   9638.000000   7735.000000   4542.000000   4819.000000   4354.000000   3595.000000
   472.528900   5658.000000   4109.000000   4371.000000   7180.000000   7526.000000   4887.000000   3509.000000   5024.000000   6821.000000   3356.000000   3877.000000   4279.000000   4726.000000   5110.000000   5805.000000   6171.000000   4604.000000   1828.000000   3972.000000   6329.000000   6136.000000   6467.000000   6492.000000   6671.000000   6798.000000   8549.000000   9327.000000  10996.000000   8170.000000   9248.000000  10729.000000   9169.000000   3831.000000   5038.000000   5205.000000   6753.000000   6024.000000   4996.000000   7632.000000   7724.000000   6699.000000   5673.000000   7097.000000   8797.000000   8837.000000   9555.000000   7953.000000   4650.000000   5027.000000   4253.000000   3651.000000
   473.753601   5758.000000   4172.000000   4596.000000   7330.000000   7817.000000   4915.000000   3671.000000   5172.000000   7058.000000   3550.000000   3954.000000   4336.000000   4907.000000   5288.000000   5947.000000   6256.000000   4691.000000   1810.000000   4117.000000   6269.000000   6302.000000   6559.000000   6453.000000   6735.000000   6861.000000   8755.000000   9585.000000  11126.000000   8271.000000   9235.000000  11100.000000   9485.000000   3795.000000   5071.000000   5083.000000   6730.000000   6038.000000   5195.000000   7708.000000   7857.000000   6753.000000   5824.000000   7016.000000   8874.000000   8784.000000   9738.000000   8165.000000   4696.000000   4990.000000   4349.000000   3581.000000
   474.978790   5928.000000   4340.000000   4642.000000   7460.000000   7998.000000   4982.000000   3697.000000   5237.000000   7196.000000   3566.000000   3903.000000   4588.000000   4981.000000   5265.000000   6045.000000   6369.000000   4675.000000   1769.000000   4028.000000   6431.000000   6255.000000   6756.000000   6687.000000   6870.000000   6895.000000   8610.000000   9838.000000  11169.000000   8671.000000   9574.000000  11036.000000   9628.000000   3934.000000   5009.000000   5318.000000   6776.000000   6171.000000   5173.000000   7730.000000   8055.000000   6967.000000   5926.000000   7240.000000   8943.000000   9200.000000  10120.000000   8502.000000   4717.000000   5227.000000   4399.000000   3519.000000
   476.204498   6024.000000   4383.000000   4860.000000   7635.000000   8046.000000   5090.000000   3674.000000   5451.000000   7584.000000   3674.000000   4153.000000   4581.000000   5233.000000   5510.000000   6065.000000   6352.000000   4790.000000   1762.000000   4140.000000   6544.000000   6259.000000   6758.000000   6646.000000   6722.000000   6896.000000   8749.000000  10236.000000  11201.000000   8589.000000   9543.000000  11212.000000   9574.000000   3848.000000   5057.000000   5308.000000   6856.000000   6192.000000   5118.000000   7980.000000   8367.000000   7239.000000   6309.000000   7267.000000   9426.000000   9483.000000  10177.000000   8618.000000   4777.000000   5417.000000   4534.000000   3703.000000
   477.430695   6118.000000   4552.000000   5026.000000   7448.000000   8363.000000   5152.000000   3691.000000   5480.000000   7648.000000   3731.000000   4025.000000   4763.000000   5511.000000   5721.000000   6340.000000   6516.000000   4688.000000   1856.000000   4017.000000   6516.000000   6409.000000   6848.000000   6639.000000   6967.000000   6884.000000   8819.000000  10713.000000  11476.000000   8772.000000   9697.000000  11590.000000   9941.000000   3856.000000   5108.000000   5246.000000   7152.000000   6233.000000   4985.000000   8225.000000   8479.000000   7251.000000   6216.000000   7287.000000   9487.000000   9597.000000  10414.000000   8922.000000   4914.000000   5541.000000   4590.000000   3642.000000
   478.657288   6166.000000   4849.000000   5132.000000   7774.000000   8523.000000   5161.000000   3899.000000   5532.000000   7842.000000   3944.000000   4335.000000   4665.000000   5561.000000   5810.000000   6422.000000   6450.000000   4815.000000   1832.000000   4149.000000   6503.000000   6474.000000   6604.000000   6643.000000   7052.000000   6965.000000   8932.000000  10620.000000  11371.000000   8818.000000  10086.000000  11820.000000   9742.000000   3841.000000   5163.000000   5383.000000   7006.000000   6282.000000   5124.000000   8060.000000   8637.000000   7508.000000   6483.000000   7439.000000   9277.000000   9630.000000  10610.000000   9134.000000   5006.000000   5580.000000   4798.000000   3739.000000
   479.884399   6361.000000   4737.000000   5246.000000   7730.000000   8341.000000   5144.000000   3818.000000   5697.000000   7906.000000   3925.000000   4306.000000   4868.000000   5789.000000   5651.000000   6622.000000   6574.000000   4783.000000   1883.000000   4159.000000   6359.000000   6201.000000   6674.000000   6801.000000   6953.000000   7172.000000   9021.000000  10721.000000  11444.000000   8895.000000   9881.000000  11701.000000   9588.000000   3768.000000   5294.000000   5334.000000   7023.000000   6276.000000   5117.000000   8246.000000   8816.000000   7657.000000   6563.000000   7512.000000   9601.000000   9542.000000  10770.000000   9493.000000   4935.000000   5658.000000   4763.000000   3531.000000
   481.112000   6491.000000   5150.000000   5486.000000   7593.000000   8646.000000   5270.000000   3780.000000   5922.000000   8051.000000   4173.000000   4296.000000   4885.000000   5689.000000   5789.000000   6718.000000   6466.000000   4773.000000   1888.000000   4276.000000   6424.000000   6479.000000   6818.000000   6809.000000   6991.000000   7007.000000   8917.000000  11302.000000  11468.000000   9110.000000   9995.000000  12116.000000  10015.000000   3843.000000   5004.000000   5331.000000   6940.000000   6259.000000   5175.000000   8162.000000   8925.000000   7751.000000   6653.000000   7398.000000   9819.000000   9649.000000  11142.000000   9535.000000   4766.000000   5785.000000   4685.000000   3631.000000
   482.340088   6485.000000   4998.000000   5476.000000   7806.000000   9011.000000   5410.000000   3746.000000   5961.000000   8041.000000   4206.000000   4494.000000   4793.000000   5925.000000   5803.000000   6731.000000   6667.000000   4731.000000   1870.000000   4231.000000   6648.000000   6485.000000   6954.000000   6689.000000   7114.000000   7104.000000   9083.000000  11275.000000  11723.000000   9190.000000  10002.000000  12305.000000  10124.000000   3886.000000   5064.000000   5420.000000   7123.000000   6187.000000   5064.000000   8182.000000   9216.000000   8059.000000   6796.000000   7568.000000   9793.000000  10012.000000  11211.000000   9817.000000   4881.000000   5895.000000   4936.000000   3629.000000
   483.568695   6743.000000   5141.000000   5770.000000   7583.000000   9089.000000   5346.000000   3815.000000   5808.000000   8204.000000   4312.000000   4637.000000   5099.000000   5863.000000   5988.000000   6780.000000   6648.000000   4616.000000   1960.000000   4224.000000   6557.000000   6433.000000   7104.000000   7077.000000   7122.000000   7017.000000   9107.000000  11418.000000  11974.000000   9139.000000  10071.000000  12319.000000  10103.000000   3806.000000   5179.000000   5389.000000   7106.000000   6362.000000   5095.000000   8383.000000   9419.000000   8137.000000   6860.000000   7632.000000   9986.000000  10131.000000  11503.000000  10208.000000   4794.000000   5955.000000   4937.000000   3667.000000
   484.797699   6770.000000   5181.000000   5810.000000   7734.000000   9064.000000   5550.000000   3849.000000   6073.000000   8426.000000   4424.000000   4587.000000   5167.000000   6038.000000   6033.000000   6916.000000   6813.000000   4766.000000   1910.000000   4472.000000   6644.000000   6425.000000   7065.000000   6984.000000   7186.000000   7110.000000   9276.000000  11877.000000  11767.000000   9337.000000  10276.000000  12281.000000  10178.000000   3898.000000   5015.000000   5589.000000   7371.000000   6395.000000   5023.000000   8716.000000   9240.000000   8517.000000   6913.000000   7816.000000  10174.000000  10345.000000  11681.000000  10436.000000   4922.000000   6219.000000   4988.000000   3544.000000
   486.027191   7045.000000   5440.000000   6004.000000   7867.000000   8990.000000   5521.000000   3967.000000   6196.000000   8717.000000   4618.000000   4660.000000   5300.000000   6153.000000   6125.000000   7131.000000   6746.000000   4670.000000   1960.000000   4420.000000   6614.000000   6321.000000   7272.000000   7106.000000   7147.000000   7113.000000   9590.000000  12055.000000  12164.000000   9537.000000  10324.000000  12804.000000  10470.000000   3866.000000   5216.000000   5442.000000   7403.000000   6435.000000   5235.000000   8545.000000   9584.000000   8577.000000   7355.000000   7616.000000  10112.000000  10504.000000  11711.000000  10796.000000   4827.000000   6273.000000   5109.000000   3527.000000
   487.257202   7115.000000   5525.000000   6205.000000   7959.000000   9346.000000   5563.000000   3937.000000   6028.000000   8887.000000   4803.000000   4816.000000   5305.000000   6130.000000   6306.000000   7371.000000   6957.000000   4722.000000   2076.000000   4412.000000   6673.000000   6599.000000   7187.000000   7210.000000   7261.000000   7240.000000   9393.000000  12200.000000  12251.000000   9698.000000  10452.000000  13062.000000  10460.000000   3997.000000   5332.000000   5484.000000   7438.000000   6597.000000   5392.000000   8695.000000   9892.000000   8803.000000   7338.000000   7865.000000  10576.000000  10614.000000  12124.000000  11039.000000   4978.000000   6454.000000   5045.000000   3688.000000
   488.487701   7107.000000   5753.000000   6409.000000   7975.000000   9488.000000   5737.000000   4231.000000   6430.000000   9043.000000   4905.000000   4967.000000   5369.000000   6499.000000   6610.000000   7361.000000   6824.000000   4871.000000   2024.000000   4663.000000   6660.000000   6821.000000   7422.000000   7221.000000   7433.000000   7483.000000   9681.000000  12920.000000  12633.000000   9782.000000  10457.000000  13402.000000  10893.000000   3960.000000   5336.000000   5438.000000   7560.000000   6768.000000   5318.000000   9038.000000  10104.000000   8981.000000   7449.000000   8021.000000  10393.000000  10964.000000  12288.000000  11295.000000   5011.000000   6705.000000   5352.000000   3517.000000
   489.718597   7354.000000   5751.000000   6524.000000   8298.000000   9621.000000   5776.000000   4338.000000   6610.000000   9412.000000   5140.000000   5055.000000   5668.000000   6461.000000   6726.000000   7683.000000   7036.000000   4786.000000   1978.000000   4588.000000   6859.000000   6753.000000   7540.000000   7342.000000   7554.000000   7482.000000   9979.000000  13189.000000  12620.000000  10042.000000  11028.000000  13401.000000  11156.000000   4037.000000   5431.000000   5643.000000   7662.000000   6536.000000   5399.000000   9127.000000  10202.000000   9352.000000   7719.000000   8123.000000  10657.000000  11190.000000  12739.000000  11590.000000   5085.000000   6938.000000   5310.000000   3827.000000
   490.950104   7562.000000   6087.000000   6576.000000   8378.000000   9945.000000   5667.000000   4407.000000   6601.000000   9525.000000   5190.000000   5113.000000   5669.000000   6765.000000   6639.000000   7823.000000   7342.000000   4748.000000   2038.000000   4669.000000   6883.000000   6690.000000   7468.000000   7515.000000   7621.000000   7433.000000   9836.000000  13226.000000  12854.000000  10088.000000  10877.000000  13458.000000  11411.000000   4086.000000   5366.000000   5609.000000   7810.000000   6812.000000   5454.000000   9246.000000  10363.000000   9649.000000   7821.000000   8102.000000  10877.000000  11477.000000  13121.000000  11758.000000   5140.000000   7125.000000   5299.000000   3696.000000
   492.182007   7742.000000   6080.000000   6887.000000   8385.000000   9587.000000   5885.000000   4482.000000   6925.000000   9555.000000   5341.000000   5154.000000   5687.000000   6769.000000   6845.000000   7878.000000   7197.000000   4624.000000   1919.000000   4550.000000   6803.000000   6799.000000   7448.000000   7533.000000   7396.000000   7498.000000   9911.000000  13459.000000  12655.000000  10069.000000  10970.000000  13774.000000  11211.000000   4203.000000   5350.000000   5521.000000   7613.000000   6652.000000   5468.000000   9303.000000  10447.000000   9666.000000   8023.000000   7896.000000  10860.000000  11544.000000  13089.000000  11978.000000   5159.000000   7310.000000   5493.000000   3651.000000
   493.414398   7705.000000   6111.000000   6913.000000   8375.000000   9624.000000   5687.000000   4426.000000   6740.000000   9528.000000   5432.000000   5065.000000   5758.000000   6963.000000   6894.000000   7737.000000   7129.000000   4340.000000   1809.000000   4732.000000   6814.000000   6848.000000   7434.000000   7528.000000   7391.000000   7528.000000   9915.000000  13454.000000  12405.000000  10134.000000  10933.000000  13647.000000  11122.000000   4074.000000   5355.000000   5508.000000   7754.000000   6838.000000   5537.000000   9110.000000  10555.000000   9809.000000   7932.000000   8043.000000  10807.000000  11535.000000  13022.000000  12390.000000   5119.000000   7216.000000   5449.000000   3667.000000
   494.647308   7508.000000   6300.000000   6980.000000   8257.000000   9481.000000   5670.000000   4533.000000   6817.000000   9471.000000   5498.000000   5151.000000   5648.000000   7029.000000   6868.000000   7784.000000   7147.000000   4345.000000   1900.000000   4631.000000   6707.000000   6703.000000   7371.000000   7312.000000   7480.000000   7413.000000   9827.000000  13766.000000  12655.000000  10003.000000  10775.000000  13505.000000  10986.000000   4058.000000   5229.000000   5546.000000   7533.000000   6767.000000   5379.000000   9177.000000  10478.000000   9661.000000   8038.000000   7949.000000  10825.000000  11691.000000  12710.000000  12308.000000   5020.000000   7180.000000   5446.000000   3666.000000
   495.880615   7754.000000   6385.000000   7056.000000   8267.000000   9809.000000   5725.000000   4426.000000   6788.000000   9586.000000   5456.000000   5091.000000   5808.000000   6953.000000   6919.000000   7922.000000   7178.000000   4261.000000   1810.000000   4558.000000   6738.000000   6656.000000   7378.000000   7146.000000   7084.000000   7153.000000   9784.000000  13610.000000  12544.000000  10124.000000  10450.000000  13747.000000  10966.000000   3820.000000   5029.000000   5516.000000   7826.000000   6605.000000   5195.000000   9233.000000  10617.000000   9853.000000   7881.000000   7774.000000  10610.000000  11446.000000  13249.000000  12304.000000   5124.000000   7404.000000   5457.000000   3608.000000
   497.114502   7668.000000   6292.000000   7185.000000   8107.000000   9551.000000   5669.000000   4406.000000   6912.000000   9550.000000   5625.000000   5297.000000   5812.000000   7122.000000   6843.000000   7872.000000   7091.000000   4206.000000   1944.000000   4643.000000   6447.000000   6468.000000   7344.000000   7292.000000   7247.000000   7264.000000   9563.000000  13695.000000  12436.000000   9856.000000  10731.000000  13785.000000  11070.000000   3935.000000   5222.000000   5446.000000   7492.000000   6535.000000   5319.000000   9110.000000  10682.000000  10042.000000   7932.000000   7799.000000  10525.000000  11563.000000  13031.000000  12486.000000   4989.000000   7429.000000   5459.000000   3541.000000
   498.348785   7658.000000   6297.000000   7268.000000   8153.000000   9634.000000   5804.000000   4572.000000   6992.000000   9456.000000   5619.000000   5229.000000   5860.000000   7157.000000   6880.000000   7928.000000   7089.000000   4136.000000   1938.000000   4762.000000   6507.000000   6520.000000   7180.000000   7098.000000   7223.000000   7060.000000   9307.000000  14007.000000  12339.000000   9935.000000  10668.000000  13475.000000  10900.000000   3800.000000   5119.000000   5529.000000   7488.000000   6646.000000   5316.000000   8847.000000  10534.000000   9994.000000   8030.000000   7796.000000  10587.000000  11527.000000  13286.000000  12391.000000   5031.000000   7381.000000   5503.000000   3454.000000
   499.583588   7656.000000   6446.000000   7303.000000   8114.000000   9462.000000   5619.000000   4446.000000   6806.000000   9783.000000   5756.000000   5343.000000   5763.000000   7104.000000   6888.000000   7851.000000   6990.000000   4220.000000   1993.000000   4786.000000   6447.000000   6435.000000   7113.000000   6906.000000   7301.000000   7077.000000   9370.000000  13575.000000  12311.000000   9944.000000  10547.000000  13228.000000  10762.000000   3840.000000   4979.000000   5549.000000   7430.000000   6591.000000   5206.000000   8898.000000  10776.000000  10039.000000   7847.000000   7612.000000  10312.000000  11456.000000  12979.000000  12517.000000   5060.000000   7264.000000   5319.000000   3470.000000
   500.818909   7601.000000   6638.000000   7529.000000   8040.000000   9462.000000   5813.000000   4572.000000   6769.000000   9441.000000   5752.000000   5215.000000   5818.000000   7109.000000   6941.000000   7898.000000   6811.000000   4113.000000   2051.000000   4754.000000   6161.000000   6286.000000   7111.000000   7053.000000   7004.000000   7024.000000   9409.000000  13793.000000  12225.000000   9928.000000  10495.000000  13582.000000  10804.000000   3890.000000   5093.000000   5537.000000   7471.000000   6493.000000   5204.000000   8896.000000  10624.000000  10042.000000   7974.000000   7636.000000  10313.000000  11670.000000  13145.000000  12736.000000   5107.000000   7562.000000   5384.000000   3353.000000
   502.054596   7623.000000   6576.000000   7350.000000   8052.000000   9268.000000   5744.000000   4555.000000   6937.000000   9845.000000   5882.000000   5275.000000   5882.000000   7198.000000   6891.000000   7862.000000   6891.000000   4303.000000   2017.000000   4918.000000   6311.000000   6446.000000   7139.000000   7047.000000   7204.000000   7182.000000   9422.000000  13724.000000  12328.000000   9856.000000  10312.000000  13538.000000  10907.000000   3827.000000   5123.000000   5566.000000   7425.000000   6543.000000   5276.000000   8958.000000  10740.000000  10057.000000   7974.000000   7606.000000  10523.000000  11430.000000  13356.000000  12813.000000   5065.000000   7495.000000   5525.000000   3357.000000
   503.290894   7824.000000   6671.000000   7594.000000   8184.000000   9353.000000   5482.000000   4762.000000   6924.000000   9868.000000   5950.000000   5262.000000   6031.000000   7228.000000   6962.000000   7946.000000   7032.000000   4148.000000   2094.000000   4869.000000   6351.000000   6404.000000   7181.000000   6923.000000   6907.000000   7025.000000   9509.000000  14181.000000  12386.000000  10287.000000  10465.000000  13840.000000  11186.000000   3898.000000   5165.000000   5639.000000   7351.000000   6521.000000   5276.000000   9001.000000  10829.000000  10575.000000   8023.000000   7594.000000  10475.000000  11359.000000  13252.000000  12923.000000   5064.000000   7666.000000   5603.000000   3452.000000
   504.527588   7770.000000   6769.000000   7718.000000   8105.000000   9092.000000   5676.000000   4868.000000   6981.000000   9869.000000   6048.000000   5257.000000   6061.000000   7375.000000   6991.000000   7993.000000   6946.000000   4321.000000   2101.000000   4975.000000   6343.000000   6492.000000   7317.000000   7220.000000   7088.000000   7101.000000   9638.000000  14171.000000  12224.000000  10510.000000  10301.000000  13517.000000  11197.000000   3888.000000   5019.000000   5597.000000   7406.000000   6425.000000   5285.000000   9111.000000  10888.000000  10379.000000   8189.000000   7882.000000  10583.000000  11685.000000  13965.000000  13186.000000   5149.000000   7885.000000   5555.000000   3524.000000
   505.764801   7857.000000   6719.000000   7712.000000   8180.000000   9284.000000   5539.000000   4846.000000   7097.000000  10059.000000   6156.000000   5290.000000   6046.000000   7371.000000   7084.000000   8104.000000   6930.000000   4329.000000   2110.000000   5035.000000   6355.000000   6549.000000   7373.000000   7225.000000   7201.000000   7055.000000   9566.000000  14712.000000  12307.000000  10254.000000  10564.000000  13818.000000  11268.000000   3955.000000   5154.000000   5548.000000   7423.000000   6364.000000   5173.000000   8906.000000  10803.000000  10626.000000   8287.000000   7573.000000  10703.000000  11723.000000  13637.000000  13019.000000   4982.000000   7935.000000   5609.000000   3481.000000
   507.002502   8117.000000   6913.000000   7857.000000   8107.000000   9100.000000   5402.000000   5032.000000   7214.000000  10118.000000   6156.000000   5438.000000   6118.000000   7630.000000   7047.000000   8405.000000   7074.000000   4482.000000   2061.000000   4896.000000   6312.000000   6610.000000   7360.000000   7088.000000   7128.000000   7047.000000   9730.000000  14513.000000  11973.000000  10342.000000  10671.000000  13923.000000  11148.000000   3827.000000   5058.000000   5606.000000   7667.000000   6394.000000   5217.000000   9061.000000  11147.000000  10502.000000   8150.000000   7704.000000  10717.000000  11729.000000  13907.000000  12972.000000   5165.000000   7907.000000   5698.000000   3420.000000
   508.240601   7886.000000   6918.000000   7822.000000   8201.000000   9345.000000   5539.000000   5023.000000   7208.000000  10094.000000   6238.000000   5419.000000   6125.000000   7425.000000   7193.000000   8433.000000   7123.000000   4390.000000   2216.000000   5000.000000   6373.000000   6721.000000   7169.000000   7184.000000   7124.000000   6890.000000   9315.000000  14163.000000  12080.000000  10285.000000  10402.000000  13814.000000  11022.000000   3875.000000   4940.000000   5721.000000   7463.000000   6365.000000   5159.000000   8722.000000  11040.000000  10589.000000   8082.000000   7860.000000  10722.000000  11648.000000  13949.000000  13124.000000   5149.000000   8070.000000   5877.000000   3397.000000
   509.479309   8229.000000   7021.000000   8010.000000   8326.000000   9266.000000   5659.000000   5116.000000   7245.000000  10288.000000   6228.000000   5401.000000   6140.000000   7598.000000   7116.000000   8361.000000   6935.000000   4484.000000   2068.000000   5017.000000   6174.000000   6643.000000   7308.000000   7287.000000   6866.000000   6752.000000   9551.000000  14725.000000  11923.000000  10354.000000  10418.000000  13415.000000  11087.000000   3897.000000   5019.000000   5521.000000   7467.000000   6547.000000   5113.000000   8973.000000  10998.000000  10569.000000   8172.000000   7775.000000  10717.000000  11942.000000  14144.000000  13345.000000   5079.000000   7955.000000   5777.000000   3429.000000
   510.718414   8275.000000   6919.000000   8146.000000   8433.000000   9435.000000   5640.000000   5199.000000   7442.000000  10539.000000   6406.000000   5475.000000   6083.000000   7459.000000   7108.000000   8406.000000   6912.000000   4580.000000   2146.000000   4971.000000   6371.000000   6745.000000   7231.000000   7196.000000   6960.000000   6741.000000   9313.000000  14718.000000  11999.000000  10402.000000  10257.000000  13623.000000  10901.000000   3913.000000   5038.000000   5570.000000   7361.000000   6448.000000   5110.000000   9032.000000  11097.000000  11052.000000   8349.000000   7653.000000  10765.000000  12113.000000  14163.000000  13590.000000   5125.000000   8263.000000   5826.000000   3350.000000
   511.958008   8610.000000   7307.000000   8295.000000   8441.000000   9561.000000   5907.000000   5371.000000   7546.000000  10529.000000   6576.000000   5565.000000   6375.000000   7776.000000   7072.000000   8221.000000   7112.000000   4623.000000   2246.000000   5075.000000   6446.000000   6617.000000   7233.000000   7175.000000   6836.000000   6795.000000   9364.000000  14690.000000  12008.000000  10332.000000  10405.000000  13506.000000  11118.000000   3968.000000   5076.000000   5730.000000   7631.000000   6576.000000   5206.000000   9095.000000  11191.000000  11008.000000   8422.000000   7934.000000  10970.000000  12214.000000  14237.000000  13586.000000   5267.000000   8329.000000   6027.000000   3349.000000
   513.198120   8550.000000   7259.000000   8288.000000   8612.000000   9610.000000   5920.000000   5366.000000   7699.000000  10469.000000   6768.000000   5695.000000   6487.000000   7960.000000   7365.000000   8514.000000   6852.000000   4701.000000   2273.000000   5213.000000   6479.000000   6959.000000   7327.000000   6963.000000   7019.000000   6954.000000   9342.000000  14952.000000  12071.000000  10420.000000  10578.000000  13730.000000  11324.000000   4042.000000   5260.000000   6087.000000   7677.000000   6802.000000   5321.000000   9476.000000  11602.000000  10973.000000   8355.000000   7957.000000  11055.000000  12463.000000  14980.000000  13602.000000   5360.000000   8503.000000   6153.000000   3451.000000
   514.438599   8735.000000   7396.000000   8613.000000   8682.000000   9899.000000   6271.000000   5613.000000   7882.000000  10746.000000   6701.000000   5678.000000   6594.000000   7919.000000   7377.000000   8746.000000   7128.000000   4754.000000   2256.000000   5364.000000   6649.000000   6777.000000   7445.000000   7173.000000   7130.000000   6788.000000   9495.000000  14908.000000  12137.000000  10450.000000  10643.000000  13656.000000  11426.000000   3980.000000   5330.000000   5982.000000   7723.000000   6642.000000   5300.000000   9245.000000  11328.000000  11301.000000   8312.000000   7959.000000  11174.000000  12772.000000  14595.000000  14023.000000   5422.000000   8698.000000   6151.000000   3312.000000
   515.679688   8788.000000   7409.000000   8774.000000   8663.000000   9957.000000   6059.000000   5647.000000   7972.000000  10768.000000   6971.000000   5820.000000   6598.000000   7959.000000   7302.000000   8587.000000   7332.000000   4681.000000   2337.000000   5327.000000   6594.000000   6938.000000   7695.000000   7241.000000   7146.000000   6727.000000   9469.000000  14827.000000  12189.000000  10299.000000  10657.000000  13591.000000  11354.000000   4131.000000   5327.000000   5920.000000   7631.000000   6655.000000   5376.000000   9222.000000  11610.000000  11205.000000   8502.000000   8066.000000  11336.000000  13023.000000  15081.000000  14185.000000   5465.000000   8688.000000   6100.000000   3492.000000
   516.921204   8705.000000   7507.000000   8828.000000   8619.000000  10133.000000   6383.000000   5691.000000   7852.000000  10689.000000   6923.000000   5703.000000   6763.000000   7968.000000   7172.000000   8689.000000   7312.000000   4826.000000   2352.000000   5501.000000   6435.000000   6942.000000   7412.000000   7209.000000   7082.000000   6725.000000   9587.000000  15071.000000  12097.000000  10111.000000  10407.000000  13300.000000  11434.000000   3859.000000   5268.000000   5837.000000   7631.000000   6915.000000   5307.000000   9281.000000  11381.000000  11438.000000   8610.000000   8251.000000  11202.000000  12910.000000  15134.000000  13949.000000   5322.000000   8751.000000   5989.000000   3423.000000
   518.163208   8798.000000   7723.000000   8934.000000   8532.000000   9987.000000   6342.000000   5731.000000   7762.000000  10816.000000   6877.000000   5932.000000   6702.000000   8025.000000   7165.000000   8699.000000   7086.000000   4863.000000   2412.000000   5283.000000   6472.000000   6955.000000   7618.000000   7291.000000   7072.000000   6856.000000   9443.000000  15269.000000  12096.000000  10367.000000  10657.000000  13221.000000  11020.000000   3943.000000   5213.000000   5755.000000   7653.000000   6634.000000   5133.000000   9215.000000  11336.000000  11501.000000   8445.000000   7967.000000  11169.000000  12575.000000  15040.000000  13788.000000   5474.000000   8697.000000   6034.000000   3321.000000
   519.405579   8706.000000   7477.000000   8924.000000   8570.000000   9798.000000   6069.000000   5784.000000   7813.000000  10875.000000   6861.000000   5807.000000   6754.000000   7701.000000   6892.000000   8344.000000   7126.000000   4602.000000   2298.000000   5409.000000   6526.000000   6832.000000   7351.000000   7224.000000   7173.000000   6925.000000   9518.000000  15573.000000  12515.000000  10270.000000  10383.000000  13351.000000  11401.000000   4039.000000   5287.000000   5817.000000   7740.000000   6699.000000   5312.000000   9203.000000  11325.000000  11339.000000   8039.000000   8003.000000  11024.000000  12719.000000  15124.000000  13616.000000   5336.000000   8685.000000   6138.000000   3251.000000
   520.648621   8337.000000   7417.000000   8786.000000   8429.000000  10007.000000   6082.000000   5694.000000   7608.000000  10672.000000   6802.000000   5739.000000   6664.000000   7795.000000   6943.000000   8295.000000   7111.000000   4652.000000   2305.000000   5293.000000   6295.000000   6614.000000   7289.000000   7091.000000   7121.000000   6773.000000   9698.000000  15547.000000  12265.000000  10303.000000  10429.000000  13335.000000  11245.000000   3854.000000   5177.000000   5877.000000   7381.000000   6672.000000   5076.000000   9074.000000  11368.000000  11400.000000   8347.000000   8097.000000  11098.000000  12281.000000  14412.000000  13709.000000   5278.000000   8655.000000   6013.000000   3303.000000
   521.892090   8530.000000   7479.000000   8797.000000   8299.000000   9599.000000   5860.000000   5837.000000   7601.000000  10662.000000   6754.000000   5747.000000   6509.000000   7800.000000   7047.000000   8346.000000   7026.000000   4696.000000   2272.000000   5388.000000   6347.000000   6615.000000   7366.000000   7129.000000   6921.000000   6809.000000   9565.000000  15517.000000  12191.000000  10384.000000  10223.000000  13399.000000  11297.000000   3928.000000   5103.000000   5660.000000   7296.000000   6506.000000   5096.000000   9115.000000  11100.000000  11293.000000   8194.000000   7721.000000  10650.000000  12460.000000  14607.000000  13711.000000   5281.000000   8701.000000   5981.000000   3195.000000
   523.135986   8439.000000   7284.000000   8442.000000   8249.000000   9529.000000   5898.000000   5740.000000   7628.000000  10319.000000   6932.000000   5797.000000   6526.000000   7616.000000   7158.000000   8452.000000   6875.000000   4608.000000   2208.000000   5254.000000   6229.000000   6577.000000   7102.000000   7046.000000   6890.000000   6651.000000   9499.000000  15616.000000  11703.000000  10748.000000  10271.000000  13472.000000  11204.000000   3789.000000   5006.000000   5743.000000   7264.000000   6415.000000   4961.000000   8852.000000  11281.000000  11049.000000   8014.000000   7635.000000  10625.000000  12481.000000  14788.000000  13633.000000   5163.000000   8444.000000   5822.000000   3192.000000
   524.380371   8363.000000   7402.000000   8598.000000   8042.000000   9148.000000   5947.000000   5599.000000   7373.000000  10209.000000   6794.000000   5605.000000   6614.000000   7661.000000   7041.000000   8187.000000   6892.000000   4472.000000   2174.000000   5192.000000   5999.000000   6468.000000   7233.000000   6913.000000   6848.000000   6591.000000   9191.000000  15452.000000  11900.000000  10382.000000  10109.000000  13292.000000  11131.000000   3953.000000   5043.000000   5483.000000   7223.000000   6474.000000   5027.000000   8975.000000  10912.000000  11223.000000   7860.000000   7485.000000  10674.000000  12293.000000  14553.000000  13508.000000   5108.000000   8333.000000   5858.000000   3083.000000
   525.625305   8228.000000   7393.000000   8761.000000   8113.000000   9310.000000   5740.000000   5708.000000   7496.000000  10306.000000   6916.000000   5602.000000   6613.000000   7857.000000   7138.000000   8097.000000   6703.000000   4528.000000   2320.000000   5311.000000   6053.000000   6451.000000   7121.000000   6899.000000   6771.000000   6486.000000   9133.000000  15704.000000  11588.000000  10475.000000  10175.000000  13198.000000  11133.000000   3834.000000   5042.000000   5491.000000   7260.000000   6398.000000   4934.000000   8895.000000  11015.000000  11089.000000   7641.000000   7600.000000  10643.000000  12319.000000  14501.000000  13592.000000   5087.000000   8538.000000   5813.000000   3127.000000
   526.870728   8316.000000   7450.000000   8556.000000   8178.000000   9067.000000   5727.000000   5707.000000   7483.000000  10132.000000   6873.000000   5684.000000   6667.000000   7716.000000   7180.000000   7961.000000   6718.000000   4536.000000   2386.000000   5247.000000   6072.000000   6355.000000   7116.000000   6919.000000   6748.000000   6482.000000   9263.000000  15316.000000  11711.000000  10594.000000  10178.000000  13253.000000  11196.000000   3856.000000   4949.000000   5616.000000   7244.000000   6613.000000   4894.000000   8730.000000  11064.000000  11164.000000   7843.000000   7534.000000  10646.000000  12342.000000  14471.000000  13734.000000   5035.000000   8363.000000   5923.000000   3033.000000
   528.116516   8269.000000   7482.000000   8867.000000   8122.000000   9141.000000   5795.000000   5895.000000   7531.000000  10422.000000   7063.000000   5512.000000   6653.000000   7694.000000   7224.000000   8058.000000   6787.000000   4560.000000   2311.000000   5163.000000   5896.000000   6410.000000   7061.000000   7057.000000   6684.000000   6605.000000   9129.000000  16036.000000  11374.000000  10420.000000  10124.000000  13263.000000  11229.000000   3802.000000   4927.000000   5575.000000   7076.000000   6463.000000   4891.000000   8888.000000  11003.000000  11096.000000   7809.000000   7668.000000  10420.000000  12192.000000  14360.000000  13818.000000   5033.000000   8525.000000   5828.000000   2988.000000
   529.362793   8301.000000   7556.000000   8750.000000   7929.000000   9028.000000   5836.000000   5928.000000   7689.000000  10444.000000   7054.000000   5757.000000   6686.000000   7840.000000   7162.000000   8266.000000   6920.000000   4655.000000   2147.000000   5267.000000   5952.000000   6574.000000   7195.000000   7176.000000   6736.000000   6552.000000   9234.000000  15940.000000  11782.000000  10436.000000  10190.000000  13496.000000  11240.000000   3720.000000   4980.000000   5488.000000   7178.000000   6506.000000   4840.000000   8780.000000  11258.000000  11152.000000   7760.000000   7549.000000  10668.000000  12429.000000  14701.000000  13818.000000   5097.000000   8630.000000   5951.000000   2986.000000
   530.609619   8297.000000   7544.000000   8762.000000   8117.000000   9027.000000   5885.000000   6116.000000   7713.000000  10536.000000   7110.000000   5695.000000   6771.000000   7852.000000   7215.000000   8215.000000   6798.000000   4579.000000   2324.000000   5438.000000   6021.000000   6485.000000   7206.000000   7063.000000   6822.000000   6656.000000   9248.000000  16119.000000  11725.000000  10515.000000  10158.000000  13294.000000  11159.000000   3931.000000   5057.000000   5531.000000   7132.000000   6326.000000   4884.000000   8640.000000  11225.000000  11326.000000   7803.000000   7723.000000  10580.000000  12692.000000  14742.000000  13705.000000   5109.000000   8553.000000   5892.000000   3013.000000
   531.856873   8419.000000   7597.000000   8912.000000   8342.000000   8977.000000   5726.000000   6068.000000   7696.000000  10630.000000   7132.000000   5887.000000   6735.000000   7939.000000   7138.000000   8363.000000   6739.000000   4645.000000   2397.000000   5521.000000   6069.000000   6368.000000   7180.000000   7203.000000   6625.000000   6549.000000   9279.000000  15719.000000  11844.000000  10721.000000  10204.000000  13408.000000  11255.000000   3910.000000   5168.000000   5593.000000   7144.000000   6406.000000   4877.000000   8545.000000  11181.000000  11061.000000   7620.000000   7555.000000  10662.000000  12536.000000  14686.000000  13696.000000   5191.000000   8482.000000   6013.000000   3065.000000
   533.104614   8403.000000   7642.000000   8799.000000   8059.000000   8925.000000   5947.000000   6199.000000   7601.000000  10411.000000   7177.000000   5660.000000   6964.000000   8040.000000   7232.000000   8044.000000   6628.000000   4628.000000   2334.000000   5501.000000   5966.000000   6507.000000   7173.000000   6965.000000   6787.000000   6337.000000   9159.000000  16099.000000  11575.000000  10657.000000   9937.000000  13320.000000  11230.000000   3881.000000   5010.000000   5576.000000   7114.000000   6371.000000   4829.000000   8721.000000  11104.000000  11432.000000   7560.000000   7530.000000  10282.000000  12500.000000  14688.000000  14168.000000   5044.000000   8634.000000   5843.000000   2956.000000
   534.352905   8314.000000   7556.000000   8755.000000   7566.000000   8776.000000   6013.000000   6246.000000   7604.000000  10327.000000   7056.000000   5718.000000   6695.000000   7672.000000   6867.000000   8094.000000   6686.000000   4413.000000   2328.000000   5485.000000   6035.000000   6282.000000   7185.000000   6963.000000   6699.000000   6429.000000   9026.000000  15827.000000  11440.000000  10535.000000  10047.000000  13321.000000  11139.000000   3858.000000   4957.000000   5495.000000   7099.000000   6292.000000   4908.000000   8564.000000  11201.000000  11314.000000   7524.000000   7424.000000  10377.000000  12455.000000  14414.000000  13804.000000   4866.000000   8477.000000   6002.000000   3017.000000
   535.601624   8069.000000   7682.000000   8731.000000   7380.000000   8822.000000   5754.000000   6175.000000   7588.000000  10348.000000   7141.000000   5725.000000   6720.000000   7767.000000   7052.000000   7952.000000   6587.000000   4461.000000   2269.000000   5658.000000   6002.000000   6399.000000   7077.000000   6835.000000   6528.000000   6188.000000   9012.000000  15843.000000  11270.000000  10585.000000  10090.000000  13289.000000  11230.000000   3892.000000   5062.000000   5575.000000   7188.000000   6365.000000   4901.000000   8603.000000  11323.000000  11434.000000   7524.000000   7501.000000  10464.000000  12456.000000  14421.000000  13823.000000   4803.000000   8485.000000   5749.000000   2928.000000
   536.850830   7896.000000   7373.000000   8941.000000   7257.000000   8630.000000   5801.000000   6309.000000   7045.000000  10186.000000   7270.000000   5773.000000   6757.000000   7738.000000   6807.000000   8053.000000   6666.000000   4507.000000   2355.000000   5465.000000   5877.000000   6400.000000   7014.000000   6872.000000   6650.000000   6335.000000   8984.000000  16029.000000  11291.000000  10637.000000  10005.000000  13083.000000  11272.000000   3902.000000   5057.000000   5671.000000   7198.000000   6471.000000   4719.000000   8471.000000  11092.000000  11407.000000   7542.000000   7483.000000  10398.000000  12164.000000  14483.000000  13932.000000   4903.000000   8781.000000   5654.000000   2894.000000
   538.100525   7594.000000   7793.000000   8951.000000   7057.000000   8615.000000   5848.000000   6508.000000   7269.000000  10155.000000   7279.000000   5752.000000   6921.000000   7852.000000   7183.000000   7780.000000   6542.000000   4523.000000   2388.000000   5698.000000   5929.000000   6364.000000   7021.000000   6988.000000   6538.000000   6416.000000   9042.000000  15862.000000  11477.000000  10491.000000  10079.000000  12969.000000  11181.000000   3881.000000   5031.000000   5551.000000   7119.000000   6310.000000   4847.000000   8407.000000  11443.000000  11600.000000   7396.000000   7562.000000  10420.000000  12655.000000  14624.000000  14044.000000   4742.000000   8626.000000   5672.000000   2785.000000
   539.350586   7728.000000   7628.000000   8920.000000   6808.000000   8832.000000   5842.000000   6533.000000   7026.000000  10146.000000   7383.000000   5835.000000   6843.000000   7874.000000   6845.000000   8099.000000   6601.000000   4456.000000   2432.000000   5792.000000   5895.000000   6413.000000   7084.000000   6809.000000   6736.000000   6330.000000   8924.000000  16158.000000  11366.000000  10570.000000  10138.000000  13395.000000  11352.000000   3853.000000   5105.000000   5626.000000   7105.000000   6610.000000   4908.000000   8723.000000  11696.000000  11682.000000   7544.000000   7621.000000  10486.000000  12615.000000  14760.000000  14007.000000   4765.000000   8888.000000   5465.000000   2729.000000
   540.601318   7497.000000   7794.000000   9110.000000   6752.000000   8698.000000   5829.000000   6706.000000   6794.000000   9889.000000   7298.000000   5747.000000   6964.000000   7768.000000   7106.000000   8036.000000   6803.000000   4503.000000   2348.000000   5826.000000   5791.000000   6227.000000   6989.000000   6862.000000   6801.000000   6335.000000   8845.000000  15852.000000  11176.000000  10442.000000  10273.000000  13230.000000  11137.000000   3950.000000   5056.000000   5425.000000   7037.000000   6443.000000   4868.000000   8920.000000  11871.000000  12109.000000   7342.000000   7928.000000  10393.000000  12693.000000  14685.000000  14132.000000   4798.000000   8966.000000   5259.000000   2763.000000
   541.852417   7289.000000   7822.000000   9286.000000   6895.000000   8473.000000   5741.000000   6857.000000   6627.000000  10127.000000   7368.000000   5763.000000   7179.000000   8085.000000   7098.000000   8045.000000   6771.000000   4771.000000   2467.000000   5745.000000   6006.000000   6552.000000   7049.000000   6813.000000   6696.000000   6493.000000   9203.000000  15959.000000  11189.000000  10577.000000  10236.000000  13337.000000  11446.000000   3994.000000   5094.000000   5666.000000   6988.000000   6451.000000   4820.000000   8740.000000  11931.000000  12045.000000   7585.000000   7893.000000  10269.000000  12741.000000  14744.000000  14414.000000   4819.000000   9153.000000   5286.000000   2808.000000
   543.104004   7455.000000   7944.000000   9184.000000   7075.000000   8696.000000   5778.000000   7105.000000   6663.000000  10542.000000   7340.000000   5906.000000   7141.000000   8092.000000   7132.000000   8106.000000   6723.000000   4662.000000   2558.000000   5748.000000   5888.000000   6700.000000   7173.000000   6932.000000   6544.000000   6388.000000   9089.000000  16137.000000  11371.000000  10657.000000  10177.000000  13165.000000  11610.000000   3865.000000   5159.000000   5659.000000   7184.000000   6619.000000   4927.000000   8700.000000  11899.000000  12036.000000   7344.000000   7726.000000  10536.000000  12983.000000  15293.000000  14386.000000   4947.000000   9177.000000   5198.000000   2675.000000
   544.356079   7503.000000   8016.000000   9397.000000   7136.000000   8553.000000   5699.000000   7127.000000   6879.000000  10504.000000   7480.000000   5923.000000   7195.000000   8232.000000   7245.000000   8198.000000   6727.000000   4563.000000   2465.000000   5840.000000   5939.000000   6444.000000   7095.000000   6986.000000   6556.000000   6461.000000   9227.000000  16186.000000  11441.000000  10877.000000  10209.000000  13642.000000  11541.000000   3867.000000   5100.000000   5698.000000   7164.000000   6534.000000   4899.000000   8997.000000  12179.000000  12196.000000   7337.000000   7978.000000  10542.000000  12878.000000  15245.000000  14418.000000   5263.000000   9208.000000   5284.000000   2889.000000
   545.608582   7707.000000   7825.000000   9315.000000   7680.000000   8584.000000   5837.000000   7111.000000   6957.000000  10267.000000   7564.000000   5945.000000   7140.000000   8117.000000   7135.000000   8115.000000   7001.000000   4608.000000   2493.000000   5981.000000   5953.000000   6457.000000   6904.000000   7032.000000   6686.000000   6510.000000   9266.000000  16141.000000  11280.000000  10821.000000  10379.000000  13692.000000  11567.000000   3952.000000   5050.000000   5558.000000   7214.000000   6617.000000   4995.000000   9092.000000  12430.000000  12285.000000   7454.000000   7766.000000  10588.000000  13091.000000  15040.000000  14586.000000   5270.000000   9372.000000   5352.000000   2932.000000
   546.861694   7777.000000   7854.000000   9326.000000   7691.000000   8782.000000   5854.000000   6995.000000   7180.000000  10725.000000   7647.000000   5905.000000   7026.000000   8104.000000   7254.000000   8159.000000   6704.000000   4690.000000   2589.000000   5937.000000   6043.000000   6631.000000   6960.000000   6988.000000   6689.000000   6555.000000   9374.000000  16185.000000  11506.000000  10989.000000  10358.000000  13386.000000  11435.000000   3963.000000   5045.000000   5676.000000   7172.000000   6429.000000   4968.000000   8746.000000  12120.000000  12425.000000   7414.000000   7837.000000  10531.000000  13133.000000  15361.000000  14811.000000   5228.000000   9137.000000   5739.000000   2878.000000
   548.115173   7887.000000   8014.000000   9287.000000   8006.000000   8730.000000   6020.000000   7044.000000   7701.000000  10617.000000   7688.000000   5979.000000   7288.000000   8057.000000   7216.000000   8277.000000   6825.000000   4607.000000   2574.000000   5997.000000   5974.000000   6595.000000   7056.000000   7134.000000   6560.000000   6542.000000   9119.000000  16176.000000  11308.000000  11027.000000  10119.000000  13529.000000  11698.000000   3761.000000   4964.000000   5680.000000   7056.000000   6560.000000   4955.000000   8802.000000  12253.000000  12325.000000   7468.000000   7872.000000  10566.000000  13143.000000  15243.000000  14463.000000   5276.000000   9167.000000   5898.000000   2929.000000
   549.369202   8324.000000   7952.000000   9291.000000   8202.000000   8678.000000   5855.000000   6913.000000   7914.000000  10760.000000   7653.000000   5956.000000   7227.000000   8164.000000   7270.000000   8046.000000   6757.000000   4687.000000   2542.000000   5980.000000   5827.000000   6758.000000   7047.000000   6971.000000   6668.000000   6437.000000   9186.000000  16176.000000  11268.000000  10925.000000  10418.000000  13657.000000  11731.000000   3829.000000   4924.000000   5657.000000   7032.000000   6452.000000   4890.000000   8780.000000  12258.000000  12633.000000   7287.000000   8074.000000  10513.000000  13026.000000  15092.000000  14491.000000   5349.000000   9172.000000   6014.000000   3086.000000
   550.623718   8347.000000   8042.000000   9226.000000   8301.000000   8504.000000   6048.000000   6859.000000   8048.000000  10827.000000   7780.000000   5965.000000   6871.000000   8101.000000   7041.000000   8392.000000   6997.000000   4706.000000   2600.000000   6094.000000   6000.000000   6628.000000   7099.000000   6986.000000   6697.000000   6489.000000   9057.000000  16180.000000  11050.000000  11026.000000  10453.000000  13573.000000  11774.000000   3884.000000   4880.000000   5748.000000   7107.000000   6320.000000   4889.000000   8909.000000  12331.000000  12610.000000   7317.000000   8183.000000  10519.000000  13001.000000  15160.000000  14642.000000   5290.000000   9115.000000   6199.000000   2988.000000
   551.878723   8462.000000   7914.000000   9238.000000   8259.000000   8591.000000   6155.000000   6981.000000   7975.000000  10935.000000   7823.000000   5849.000000   6771.000000   8095.000000   7190.000000   8246.000000   6837.000000   4616.000000   2703.000000   6045.000000   5879.000000   6465.000000   7128.000000   6986.000000   6783.000000   6349.000000   9177.000000  16160.000000  11472.000000  10889.000000  10432.000000  13509.000000  11844.000000   3836.000000   4998.000000   5611.000000   7072.000000   6381.000000   4945.000000   8626.000000  12379.000000  12782.000000   7395.000000   7986.000000  10479.000000  13126.000000  15050.000000  14665.000000   5267.000000   8820.000000   6467.000000   3002.000000
   553.134094   8523.000000   7801.000000   9343.000000   8229.000000   8788.000000   6043.000000   7021.000000   8043.000000  10988.000000   7687.000000   5717.000000   7054.000000   8154.000000   7181.000000   8224.000000   6901.000000   4716.000000   2544.000000   5998.000000   5947.000000   6610.000000   7135.000000   6953.000000   6535.000000   6303.000000   9294.000000  16187.000000  11172.000000  10958.000000  10313.000000  13656.000000  11693.000000   3943.000000   5158.000000   5756.000000   7085.000000   6531.000000   4901.000000   8794.000000  12587.000000  12636.000000   7522.000000   8184.000000  10468.000000  13270.000000  15209.000000  14645.000000   5504.000000   8949.000000   6337.000000   3012.000000
   554.390015   8492.000000   8041.000000   9301.000000   8335.000000   8624.000000   6030.000000   6905.000000   8092.000000  11016.000000   7636.000000   5831.000000   6819.000000   8233.000000   7119.000000   8108.000000   6779.000000   4756.000000   2691.000000   6069.000000   6072.000000   6553.000000   7043.000000   7101.000000   6781.000000   6357.000000   9325.000000  16180.000000  11255.000000  11137.000000  10327.000000  13709.000000  11889.000000   3979.000000   5161.000000   5628.000000   7388.000000   6698.000000   5035.000000   8620.000000  12727.000000  12804.000000   7273.000000   7978.000000  10481.000000  13301.000000  15612.000000  14745.000000   5530.000000   8945.000000   6384.000000   2998.000000
   555.646423   8481.000000   7997.000000   9381.000000   8254.000000   8648.000000   6126.000000   6936.000000   8185.000000  11134.000000   7668.000000   5675.000000   7094.000000   8112.000000   7383.000000   8361.000000   6956.000000   4670.000000   2564.000000   6116.000000   5967.000000   6720.000000   7070.000000   6999.000000   6646.000000   6453.000000   9398.000000  16181.000000  11095.000000  11133.000000  10290.000000  13747.000000  11842.000000   4142.000000   5245.000000   5802.000000   7157.000000   6832.000000   5064.000000   9043.000000  12806.000000  12906.000000   7302.000000   8005.000000  10713.000000  13429.000000  15385.000000  14637.000000   5396.000000   8825.000000   6294.000000   2983.000000
   556.903320   8345.000000   8116.000000   9550.000000   8344.000000   8678.000000   6142.000000   7171.000000   8080.000000  11019.000000   7717.000000   5663.000000   7254.000000   8041.000000   7118.000000   8286.000000   6937.000000   4888.000000   2643.000000   6262.000000   6012.000000   6702.000000   6973.000000   7237.000000   6854.000000   6513.000000   9217.000000  16179.000000  11307.000000  11410.000000  10367.000000  13813.000000  11983.000000   4145.000000   5395.000000   5893.000000   7478.000000   6861.000000   5186.000000   9194.000000  13014.000000  12874.000000   7383.000000   8281.000000  10604.000000  13636.000000  15743.000000  14656.000000   5445.000000   9271.000000   6300.000000   3093.000000
   558.160583   8519.000000   8224.000000   9703.000000   8218.000000   8838.000000   6300.000000   7261.000000   8217.000000  11199.000000   7967.000000   5775.000000   7169.000000   8338.000000   7452.000000   8465.000000   6951.000000   4976.000000   2667.000000   6323.000000   6093.000000   6897.000000   7093.000000   7096.000000   6910.000000   6495.000000   9416.000000  16168.000000  11514.000000  11453.000000  10571.000000  13989.000000  12125.000000   4247.000000   5600.000000   5871.000000   7461.000000   6844.000000   5077.000000   9141.000000  13274.000000  13011.000000   7481.000000   8365.000000  10997.000000  14125.000000  15864.000000  15102.000000   5613.000000   9225.000000   6413.000000   3171.000000
   559.418518   8559.000000   8225.000000   9812.000000   8387.000000   8988.000000   6424.000000   7317.000000   8405.000000  11316.000000   7986.000000   5735.000000   7362.000000   8514.000000   7342.000000   8720.000000   7109.000000   5028.000000   2856.000000   6360.000000   6250.000000   7033.000000   7299.000000   7324.000000   7030.000000   6864.000000   9583.000000  16182.000000  11361.000000  11555.000000  10814.000000  14343.000000  12400.000000   4439.000000   5519.000000   5836.000000   7689.000000   7080.000000   5247.000000   9313.000000  13517.000000  13419.000000   7414.000000   8620.000000  10883.000000  14155.000000  16182.000000  15344.000000   5681.000000   9123.000000   6383.000000   3236.000000
   560.676819   8709.000000   8502.000000   9990.000000   8630.000000   9108.000000   6297.000000   7505.000000   8274.000000  11371.000000   8180.000000   5886.000000   7456.000000   8445.000000   7580.000000   8572.000000   7183.000000   5054.000000   2680.000000   6336.000000   6349.000000   7015.000000   7394.000000   7389.000000   7145.000000   6691.000000   9716.000000  16183.000000  11750.000000  11456.000000  11006.000000  14464.000000  12465.000000   4311.000000   5579.000000   6084.000000   7691.000000   7124.000000   5279.000000   9409.000000  13841.000000  14010.000000   7473.000000   8502.000000  10926.000000  14425.000000  16168.000000  15487.000000   5661.000000   9366.000000   6604.000000   3242.000000
   561.935608   8550.000000   8474.000000   9888.000000   8541.000000   9090.000000   6259.000000   7501.000000   8356.000000  11356.000000   8223.000000   6098.000000   7618.000000   8483.000000   7570.000000   8345.000000   7031.000000   4932.000000   2774.000000   6443.000000   6133.000000   6916.000000   7379.000000   7379.000000   6823.000000   6682.000000   9672.000000  16181.000000  11284.000000  11583.000000  10904.000000  14197.000000  12540.000000   4250.000000   5617.000000   6109.000000   7808.000000   7129.000000   5259.000000   9151.000000  13819.000000  13597.000000   7412.000000   8670.000000  10833.000000  14431.000000  16159.000000  15485.000000   5807.000000   9539.000000   6524.000000   3186.000000
   563.194885   8809.000000   8457.000000   9864.000000   8536.000000   8860.000000   6348.000000   7626.000000   8205.000000  11105.000000   8175.000000   5973.000000   7624.000000   8611.000000   7340.000000   8350.000000   7118.000000   5021.000000   2754.000000   6650.000000   6129.000000   6830.000000   7207.000000   7215.000000   7057.000000   6627.000000   9551.000000  16179.000000  11261.000000  11702.000000  10729.000000  14342.000000  12506.000000   4271.000000   5731.000000   5881.000000   7498.000000   7162.000000   5312.000000   9271.000000  13723.000000  13528.000000   7368.000000   8538.000000  10839.000000  14537.000000  16181.000000  15325.000000   5790.000000   9484.000000   6427.000000   3279.000000
   564.454712   8601.000000   8517.000000   9961.000000   8751.000000   9015.000000   6326.000000   7579.000000   8282.000000  11175.000000   8146.000000   6132.000000   7494.000000   8449.000000   7346.000000   8568.000000   7183.000000   5098.000000   2787.000000   6362.000000   6102.000000   6849.000000   7276.000000   7176.000000   6809.000000   6719.000000   9660.000000  16184.000000  11263.000000  11319.000000  10711.000000  14277.000000  12615.000000   4275.000000   5559.000000   5943.000000   7453.000000   7043.000000   5133.000000   9083.000000  13656.000000  13602.000000   7466.000000   8628.000000  11068.000000  14479.000000  16188.000000  14915.000000   5485.000000   9334.000000   6734.000000   3196.000000
   565.714905   8641.000000   8224.000000   9993.000000   8872.000000   8798.000000   6218.000000   7537.000000   8326.000000  11211.000000   8105.000000   6039.000000   7458.000000   8369.000000   7449.000000   8060.000000   7185.000000   4970.000000   2789.000000   6592.000000   6370.000000   6997.000000   7305.000000   7207.000000   6789.000000   6487.000000   9633.000000  16177.000000  11357.000000  11496.000000  10492.000000  14014.000000  12414.000000   4445.000000   5596.000000   5940.000000   7629.000000   7052.000000   5162.000000   9014.000000  13379.000000  13509.000000   7408.000000   8725.000000  10827.000000  14435.000000  16185.000000  15186.000000   5786.000000   9435.000000   6465.000000   3149.000000
   566.975586   8492.000000   8389.000000   9816.000000   8618.000000   8794.000000   6182.000000   7399.000000   8313.000000  11211.000000   7909.000000   6244.000000   7377.000000   8430.000000   7265.000000   8152.000000   7119.000000   4876.000000   2758.000000   6471.000000   6221.000000   6974.000000   7207.000000   7101.000000   6746.000000   6473.000000   9434.000000  16181.000000  11281.000000  11404.000000  10760.000000  14278.000000  12548.000000   4431.000000   5610.000000   5876.000000   7458.000000   7121.000000   5141.000000   9018.000000  13522.000000  13143.000000   7072.000000   8436.000000  10414.000000  14702.000000  16115.000000  15120.000000   5675.000000   9267.000000   6608.000000   3214.000000
   568.236816   8787.000000   8195.000000   9774.000000   8694.000000   8827.000000   6221.000000   7761.000000   8097.000000  10975.000000   7954.000000   6088.000000   7504.000000   8122.000000   7231.000000   8198.000000   7180.000000   4897.000000   2784.000000   6387.000000   6260.000000   6800.000000   7145.000000   7039.000000   6980.000000   6576.000000   9465.000000  16177.000000  11381.000000  11548.000000  10676.000000  13916.000000  12348.000000   4419.000000   5750.000000   5962.000000   7605.000000   7041.000000   5101.000000   9105.000000  13666.000000  13363.000000   7190.000000   8643.000000  10636.000000  14232.000000  16088.000000  14928.000000   5710.000000   9440.000000   6502.000000   3133.000000
   569.498474   8690.000000   8435.000000   9717.000000   8802.000000   8660.000000   6226.000000   7629.000000   8342.000000  11120.000000   7884.000000   6080.000000   7553.000000   8272.000000   7256.000000   8362.000000   7017.000000   5113.000000   2833.000000   6417.000000   5991.000000   6945.000000   7072.000000   7054.000000   6787.000000   6537.000000   9229.000000  16180.000000  11174.000000  11519.000000  10656.000000  14053.000000  12272.000000   4287.000000   5586.000000   5932.000000   7574.000000   7077.000000   5089.000000   8999.000000  13615.000000  13342.000000   7159.000000   8596.000000  10533.000000  14368.000000  16121.000000  14955.000000   5653.000000   9567.000000   6718.000000   3199.000000
   570.760620   8796.000000   8488.000000   9661.000000   8710.000000   8672.000000   6171.000000   7530.000000   8335.000000  11007.000000   7940.000000   5976.000000   7323.000000   8316.000000   7431.000000   8327.000000   7076.000000   4955.000000   2791.000000   6428.000000   6171.000000   6849.000000   7090.000000   7051.000000   6836.000000   6621.000000   9494.000000  16177.000000  11285.000000  11682.000000  10564.000000  13938.000000  12465.000000   4489.000000   5697.000000   5729.000000   7505.000000   7187.000000   5110.000000   8945.000000  13675.000000  13165.000000   7085.000000   8619.000000  10604.000000  14601.000000  16145.000000  14860.000000   5687.000000   9320.000000   6809.000000   3231.000000
   572.023315   8764.000000   8135.000000   9724.000000   8751.000000   8731.000000   6330.000000   7670.000000   8672.000000  11168.000000   7749.000000   6107.000000   7528.000000   8256.000000   7410.000000   7992.000000   7116.000000   5096.000000   2876.000000   6541.000000   6151.000000   6773.000000   7140.000000   7184.000000   6909.000000   6560.000000   9622.000000  16172.000000  10868.000000  11523.000000  10678.000000  13833.000000  12533.000000   4261.000000   5764.000000   5841.000000   7617.000000   7082.000000   5137.000000   9296.000000  13778.000000  13320.000000   7089.000000   8791.000000  10478.000000  14460.000000  16171.000000  14905.000000   5696.000000   9511.000000   6704.000000   3169.000000
   573.286377   8865.000000   8281.000000   9799.000000   8689.000000   8659.000000   6149.000000   7648.000000   8458.000000  11174.000000   7968.000000   5997.000000   7512.000000   8258.000000   7407.000000   8107.000000   7086.000000   5007.000000   2834.000000   6617.000000   6184.000000   6897.000000   7066.000000   7141.000000   6800.000000   6472.000000   9525.000000  16176.000000  11134.000000  11571.000000  10796.000000  14040.000000  12516.000000   4332.000000   5706.000000   5892.000000   7687.000000   7158.000000   5174.000000   9000.000000  13781.000000  13432.000000   7128.000000   8891.000000  10619.000000  14470.000000  16171.000000  14990.000000   5796.000000   9499.000000   6870.000000   3186.000000
   574.549988   9011.000000   8423.000000  10031.000000   8831.000000   8573.000000   6190.000000   8043.000000   8514.000000  11229.000000   8102.000000   6138.000000   7399.000000   8300.000000   7356.000000   8283.000000   7123.000000   5064.000000   2886.000000   6613.000000   6138.000000   6881.000000   7219.000000   6936.000000   7047.000000   6542.000000   9698.000000  16168.000000  11192.000000  11550.000000  10576.000000  13971.000000  12584.000000   4507.000000   5730.000000   6155.000000   7694.000000   7271.000000   5146.000000   9125.000000  13926.000000  13522.000000   7290.000000   8849.000000  10544.000000  14685.000000  16168.000000  15126.000000   5718.000000   9493.000000   6619.000000   3254.000000
   575.814087   8767.000000   8495.000000  10016.000000   8801.000000   8552.000000   6152.000000   7945.000000   8562.000000  11280.000000   7924.000000   6239.000000   7584.000000   8371.000000   7433.000000   8053.000000   7233.000000   5076.000000   2867.000000   6659.000000   6273.000000   6919.000000   7326.000000   7245.000000   7088.000000   6565.000000   9862.000000  16181.000000  11227.000000  11922.000000  10701.000000  14232.000000  12886.000000   4504.000000   5847.000000   6176.000000   7504.000000   7459.000000   5259.000000   9215.000000  14633.000000  13809.000000   7065.000000   9012.000000  10585.000000  14860.000000  16170.000000  14856.000000   5605.000000   9504.000000   6713.000000   3120.000000
   577.078613   8993.000000   8618.000000  10052.000000   8666.000000   8583.000000   6315.000000   7963.000000   8678.000000  11343.000000   8154.000000   6323.000000   7465.000000   8334.000000   7361.000000   8198.000000   7370.000000   5047.000000   2920.000000   6804.000000   6222.000000   7063.000000   7415.000000   7173.000000   6926.000000   6636.000000   9685.000000  16176.000000  11375.000000  11696.000000  10706.000000  14256.000000  12847.000000   4470.000000   5820.000000   6084.000000   7620.000000   7371.000000   5306.000000   9057.000000  14589.000000  14048.000000   7273.000000   8914.000000  10611.000000  14971.000000  16182.000000  15270.000000   5880.000000   9541.000000   6862.000000   3333.000000
   578.343628   8965.000000   8540.000000  10193.000000   8884.000000   8806.000000   6333.000000   7908.000000   8734.000000  11477.000000   8131.000000   6455.000000   7768.000000   8642.000000   7437.000000   8449.000000   7365.000000   4961.000000   2853.000000   6827.000000   6203.000000   7104.000000   7327.000000   7301.000000   6992.000000   6768.000000   9801.000000  16183.000000  11464.000000  11750.000000  10822.000000  14261.000000  13029.000000   4682.000000   5929.000000   6203.000000   7767.000000   7580.000000   5305.000000   9444.000000  14549.000000  13927.000000   7315.000000   9304.000000  10695.000000  15060.000000  16174.000000  15328.000000   5722.000000   9602.000000   6976.000000   3233.000000
   579.609314   8863.000000   8613.000000  10089.000000   8919.000000   8754.000000   6380.000000   8209.000000   8593.000000  11466.000000   8205.000000   6328.000000   7611.000000   8218.000000   7409.000000   8346.000000   7148.000000   4978.000000   3057.000000   6839.000000   6266.000000   7294.000000   7421.000000   7286.000000   6987.000000   6907.000000   9831.000000  16181.000000  11262.000000  11926.000000  11033.000000  14385.000000  12882.000000   4547.000000   6097.000000   6138.000000   7826.000000   7509.000000   5284.000000   9340.000000  14636.000000  13933.000000   7035.000000   9058.000000  10275.000000  15254.000000  16174.000000  14956.000000   5836.000000   9680.000000   7020.000000   3233.000000
   580.875183   8895.000000   8651.000000  10133.000000   9040.000000   8795.000000   6300.000000   8001.000000   8467.000000  11428.000000   8251.000000   6326.000000   7653.000000   8426.000000   7485.000000   8303.000000   7162.000000   5017.000000   3104.000000   7077.000000   6194.000000   7150.000000   7551.000000   7327.000000   7091.000000   6604.000000   9777.000000  16170.000000  11163.000000  11945.000000  10676.000000  14526.000000  12867.000000   4732.000000   6051.000000   6178.000000   7888.000000   7377.000000   5177.000000   9476.000000  14958.000000  13936.000000   7303.000000   9182.000000  10438.000000  14985.000000  16170.000000  14998.000000   5930.000000   9701.000000   6954.000000   3274.000000
   582.141724   9211.000000   8641.000000  10068.000000   9048.000000   8745.000000   6248.000000   7948.000000   8611.000000  11649.000000   8138.000000   6470.000000   7612.000000   8346.000000   7456.000000   8343.000000   7020.000000   5078.000000   2985.000000   6910.000000   6451.000000   7180.000000   7347.000000   7272.000000   6919.000000   6652.000000   9713.000000  16188.000000  11146.000000  11996.000000  10847.000000  14385.000000  12722.000000   4650.000000   5890.000000   6339.000000   7672.000000   7537.000000   5361.000000   9308.000000  14890.000000  13905.000000   7259.000000   9392.000000  10471.000000  15076.000000  16177.000000  15021.000000   5911.000000   9534.000000   6979.000000   3286.000000
   583.408691   9003.000000   8746.000000  10010.000000   8856.000000   8570.000000   6127.000000   8275.000000   8699.000000  11223.000000   8085.000000   6444.000000   7438.000000   8532.000000   7254.000000   8475.000000   7193.000000   5149.000000   3027.000000   7075.000000   6266.000000   7019.000000   7322.000000   7315.000000   7127.000000   6572.000000   9725.000000  16170.000000  11112.000000  11967.000000  10992.000000  14229.000000  12641.000000   4738.000000   5945.000000   6252.000000   7617.000000   7497.000000   5387.000000   9426.000000  14931.000000  14081.000000   7209.000000   9336.000000  10361.000000  15430.000000  16180.000000  14843.000000   5925.000000   9619.000000   7073.000000   3165.000000
   584.676025   8863.000000   8426.000000   9965.000000   8954.000000   8695.000000   6431.000000   8161.000000   8501.000000  11351.000000   8118.000000   6387.000000   7551.000000   8391.000000   7416.000000   8416.000000   7182.000000   5092.000000   3178.000000   6997.000000   6230.000000   7083.000000   7331.000000   7328.000000   6901.000000   6582.000000   9697.000000  16183.000000  11039.000000  11910.000000  10765.000000  14132.000000  12708.000000   4781.000000   6048.000000   6364.000000   7852.000000   7505.000000   5403.000000   9247.000000  14805.000000  13758.000000   7147.000000   9491.000000  10366.000000  15307.000000  16174.000000  14925.000000   5857.000000   9769.000000   6974.000000   3279.000000
   585.943970   8832.000000   8438.000000  10061.000000   8922.000000   8555.000000   6397.000000   8181.000000   8465.000000  11428.000000   8096.000000   6297.000000   7268.000000   8410.000000   7451.000000   8265.000000   7037.000000   4999.000000   3110.000000   7083.000000   6440.000000   7154.000000   7351.000000   7197.000000   7042.000000   6592.000000   9639.000000  16162.000000  11132.000000  11713.000000  10878.000000  13977.000000  12542.000000   4707.000000   6189.000000   6230.000000   7730.000000   7658.000000   5255.000000   9514.000000  15555.000000  14167.000000   7100.000000   9360.000000  10347.000000  15377.000000  16177.000000  15229.000000   5943.000000   9665.000000   6915.000000   3294.000000
   587.212402   8910.000000   8508.000000  10165.000000   9039.000000   8737.000000   6213.000000   8136.000000   8787.000000  11461.000000   7920.000000   6452.000000   7095.000000   8348.000000   7309.000000   8056.000000   7241.000000   5065.000000   3249.000000   6887.000000   6453.000000   7028.000000   7356.000000   7344.000000   7045.000000   6568.000000   9612.000000  16181.000000  11191.000000  11846.000000  10750.000000  14147.000000  12738.000000   4722.000000   6061.000000   6303.000000   7650.000000   7405.000000   5539.000000   9116.000000  15393.000000  13928.000000   6974.000000   9417.000000  10151.000000  15224.000000  16179.000000  14885.000000   5880.000000   9690.000000   6952.000000   3217.000000
   588.481323   9095.000000   8504.000000  10155.000000   8834.000000   8699.000000   6018.000000   8132.000000   8615.000000  11502.000000   8257.000000   6267.000000   7226.000000   8379.000000   7402.000000   8036.000000   7093.000000   5194.000000   3129.000000   6773.000000   6380.000000   6928.000000   7268.000000   7284.000000   6993.000000   6560.000000   9809.000000  16188.000000  11116.000000  11571.000000  10608.000000  14260.000000  12829.000000   4808.000000   6028.000000   6359.000000   7669.000000   7704.000000   5364.000000   9295.000000  15491.000000  14179.000000   6955.000000   9395.000000  10230.000000  15555.000000  16174.000000  15001.000000   5883.000000   9656.000000   7040.000000   3234.000000
   589.750610   8996.000000   8602.000000  10110.000000   9007.000000   8330.000000   6260.000000   8122.000000   8424.000000  11600.000000   8049.000000   6228.000000   6901.000000   8459.000000   7352.000000   8147.000000   7300.000000   5329.000000   3123.000000   6765.000000   6464.000000   7116.000000   7322.000000   7397.000000   7116.000000   6686.000000   9776.000000  16183.000000  11070.000000  12002.000000  10937.000000  14261.000000  12574.000000   4873.000000   6187.000000   6248.000000   7581.000000   7657.000000   5380.000000   9130.000000  15551.000000  14399.000000   6771.000000   9444.000000  10329.000000  15334.000000  15998.000000  14846.000000   5930.000000   9455.000000   6878.000000   3236.000000
   591.020508   8977.000000   8602.000000  10336.000000   8950.000000   8464.000000   6232.000000   8078.000000   8667.000000  11374.000000   8141.000000   6111.000000   6915.000000   8425.000000   7375.000000   8139.000000   7463.000000   5322.000000   3230.000000   6560.000000   6436.000000   7276.000000   7421.000000   7446.000000   7036.000000   6596.000000   9609.000000  16182.000000  11174.000000  11981.000000  10842.000000  14392.000000  13039.000000   4858.000000   6210.000000   6355.000000   7607.000000   7596.000000   5407.000000   9325.000000  15511.000000  14547.000000   6924.000000   9528.000000  10329.000000  15762.000000  16178.000000  15255.000000   5994.000000   9776.000000   7009.000000   3235.000000
   592.290771   8931.000000   8553.000000   9988.000000   8986.000000   8398.000000   6047.000000   8219.000000   8484.000000  11395.000000   7957.000000   6213.000000   6779.000000   8384.000000   7330.000000   8138.000000   7374.000000   5339.000000   3295.000000   6758.000000   6562.000000   7112.000000   7434.000000   7331.000000   7220.000000   6864.000000  10043.000000  16176.000000  11427.000000  12012.000000  11000.000000  14685.000000  12980.000000   4928.000000   6245.000000   6494.000000   7628.000000   7672.000000   5343.000000   9173.000000  15933.000000  14591.000000   6791.000000   9568.000000  10406.000000  15655.000000  16180.000000  15218.000000   5861.000000   9558.000000   6961.000000   3175.000000
   593.561584   8988.000000   8509.000000   9990.000000   8849.000000   8631.000000   6290.000000   8087.000000   8347.000000  11616.000000   8143.000000   6035.000000   6666.000000   8286.000000   7403.000000   8021.000000   7116.000000   5220.000000   3319.000000   6592.000000   6467.000000   7184.000000   7457.000000   7498.000000   7297.000000   6806.000000  10101.000000  16186.000000  11167.000000  12125.000000  11231.000000  14617.000000  12763.000000   4928.000000   6211.000000   6330.000000   7817.000000   7684.000000   5224.000000   9182.000000  16059.000000  14551.000000   6987.000000   9587.000000  10204.000000  15436.000000  16186.000000  15171.000000   5993.000000   9759.000000   7015.000000   3213.000000
   594.832886   9135.000000   8447.000000  10069.000000   9041.000000   8430.000000   6230.000000   8216.000000   8621.000000  11465.000000   7899.000000   5940.000000   6914.000000   8387.000000   7245.000000   8158.000000   7408.000000   5368.000000   3219.000000   6657.000000   6673.000000   7290.000000   7560.000000   7389.000000   7126.000000   6791.000000  10169.000000  16158.000000  11089.000000  11912.000000  10942.000000  14806.000000  13082.000000   4982.000000   6198.000000   6326.000000   7932.000000   7760.000000   5232.000000   9128.000000  16165.000000  14543.000000   6804.000000   9458.000000  10276.000000  15744.000000  16181.000000  15320.000000   5910.000000   9720.000000   7039.000000   3163.000000
   596.104614   8993.000000   8287.000000  10052.000000   8836.000000   8507.000000   6087.000000   8164.000000   8393.000000  11355.000000   8030.000000   6240.000000   6931.000000   8333.000000   7330.000000   8027.000000   7326.000000   5282.000000   3266.000000   6693.000000   6514.000000   7230.000000   7465.000000   7490.000000   7008.000000   6710.000000  10091.000000  16186.000000  11148.000000  12310.000000  11076.000000  14640.000000  13017.000000   4911.000000   6269.000000   6402.000000   7711.000000   7589.000000   5421.000000   9275.000000  15939.000000  14386.000000   6756.000000   9614.000000  10215.000000  15611.000000  16179.000000  15081.000000   5945.000000   9669.000000   7155.000000   3181.000000
   597.376892   8984.000000   8241.000000   9920.000000   8760.000000   8277.000000   6038.000000   8212.000000   8488.000000  11319.000000   7862.000000   6134.000000   7146.000000   8197.000000   7232.000000   8156.000000   7413.000000   5358.000000   3240.000000   6699.000000   6499.000000   7172.000000   7233.000000   7305.000000   7293.000000   6841.000000   9936.000000  16182.000000  11271.000000  12249.000000  10962.000000  14835.000000  12820.000000   4900.000000   6263.000000   6211.000000   7600.000000   7619.000000   5438.000000   9372.000000  16110.000000  14316.000000   6669.000000   9509.000000  10051.000000  15572.000000  16083.000000  15019.000000   5957.000000   9602.000000   7023.000000   3089.000000
   598.649597   8818.000000   8293.000000   9704.000000   8858.000000   8396.000000   6186.000000   8142.000000   8338.000000  11279.000000   7821.000000   6176.000000   7143.000000   8053.000000   7385.000000   7964.000000   7371.000000   5495.000000   3298.000000   6875.000000   6325.000000   7186.000000   7388.000000   7351.000000   7112.000000   6737.000000   9862.000000  16185.000000  11028.000000  12133.000000  11002.000000  14888.000000  12794.000000   4847.000000   6283.000000   6381.000000   7592.000000   7400.000000   5291.000000   9071.000000  16115.000000  14159.000000   6668.000000   9617.000000  10081.000000  15344.000000  16126.000000  15187.000000   5792.000000   9549.000000   7103.000000   3162.000000
   599.922791   8632.000000   8180.000000   9880.000000   8709.000000   8308.000000   6054.000000   8257.000000   8451.000000  11184.000000   7707.000000   6150.000000   7248.000000   8167.000000   7217.000000   7952.000000   7148.000000   5387.000000   3204.000000   6901.000000   6387.000000   7096.000000   7390.000000   7402.000000   7114.000000   6747.000000   9953.000000  16173.000000  11084.000000  12131.000000  10845.000000  14590.000000  12833.000000   4790.000000   6277.000000   6472.000000   7467.000000   7520.000000   5233.000000   9131.000000  16130.000000  14385.000000   6643.000000   9573.000000   9681.000000  15196.000000  15760.000000  14785.000000   5828.000000   9645.000000   7118.000000   3050.000000
   601.196472   8902.000000   8008.000000   9873.000000   8820.000000   8249.000000   5992.000000   7906.000000   8276.000000  11153.000000   7562.000000   6054.000000   7223.000000   7844.000000   7096.000000   7804.000000   7039.000000   5291.000000   3286.000000   7034.000000   6288.000000   7023.000000   7297.000000   7407.000000   7033.000000   6764.000000   9879.000000  16174.000000  11121.000000  11911.000000  10959.000000  14512.000000  12632.000000   4806.000000   6094.000000   6175.000000   7363.000000   7529.000000   5340.000000   8893.000000  15876.000000  14249.000000   6580.000000   9426.000000   9771.000000  15115.000000  15758.000000  14655.000000   5858.000000   9210.000000   6874.000000   3067.000000
   602.470581   8709.000000   7937.000000   9650.000000   8615.000000   8261.000000   6031.000000   7970.000000   8333.000000  11182.000000   7666.000000   6018.000000   7097.000000   7754.000000   6962.000000   7533.000000   7095.000000   5120.000000   3115.000000   6962.000000   6176.000000   6969.000000   7262.000000   7380.000000   6936.000000   6672.000000   9830.000000  16175.000000  11024.000000  11966.000000  10791.000000  14528.000000  12578.000000   4775.000000   6059.000000   6339.000000   7461.000000   7409.000000   5229.000000   8790.000000  15881.000000  14259.000000   6551.000000   9160.000000   9405.000000  15153.000000  15634.000000  14578.000000   5783.000000   9538.000000   6897.000000   2993.000000
   603.745300   8695.000000   8003.000000   9536.000000   8291.000000   7916.000000   5868.000000   8059.000000   8032.000000  10640.000000   7496.000000   6108.000000   7146.000000   7485.000000   6981.000000   7671.000000   7158.000000   5174.000000   3189.000000   6819.000000   6106.000000   7087.000000   7144.000000   7341.000000   6852.000000   6806.000000   9804.000000  16177.000000  10783.000000  11716.000000  10873.000000  14588.000000  12541.000000   4800.000000   6172.000000   6198.000000   7379.000000   7175.000000   5053.000000   8819.000000  16041.000000  14103.000000   6320.000000   9231.000000   9412.000000  14959.000000  15443.000000  14373.000000   5620.000000   9384.000000   6864.000000   3029.000000
   605.020386   8633.000000   8021.000000   9530.000000   8596.000000   8154.000000   5970.000000   7824.000000   8141.000000  10740.000000   7356.000000   6186.000000   7005.000000   7369.000000   6797.000000   7534.000000   6808.000000   5182.000000   3199.000000   6914.000000   6054.000000   6810.000000   7104.000000   7136.000000   6893.000000   6629.000000   9684.000000  16171.000000  10704.000000  11920.000000  10892.000000  14269.000000  12667.000000   4793.000000   6106.000000   6131.000000   7399.000000   7457.000000   5142.000000   8677.000000  16149.000000  14093.000000   6264.000000   9242.000000   9382.000000  15001.000000  15267.000000  14239.000000   5576.000000   9030.000000   6740.000000   2962.000000
   606.296021   8430.000000   7683.000000   9455.000000   8523.000000   7918.000000   5816.000000   7885.000000   7930.000000  10728.000000   7489.000000   5940.000000   6939.000000   7400.000000   6748.000000   7571.000000   6999.000000   5128.000000   3074.000000   6761.000000   6011.000000   6854.000000   7261.000000   7077.000000   6906.000000   6569.000000   9882.000000  16174.000000  10760.000000  11922.000000  10620.000000  14378.000000  12443.000000   4759.000000   6056.000000   6136.000000   7379.000000   7305.000000   5062.000000   8787.000000  16171.000000  14369.000000   6229.000000   9280.000000   9319.000000  14902.000000  15323.000000  14293.000000   5820.000000   8975.000000   6671.000000   2979.000000
   607.572083   8358.000000   7924.000000   9381.000000   8480.000000   7890.000000   5632.000000   7951.000000   7924.000000  10721.000000   7283.000000   5931.000000   6940.000000   7440.000000   6730.000000   7482.000000   6944.000000   5087.000000   3205.000000   6931.000000   6273.000000   6945.000000   6885.000000   7101.000000   6769.000000   6479.000000   9861.000000  16171.000000  10527.000000  11770.000000  10372.000000  14265.000000  12253.000000   4908.000000   6076.000000   6213.000000   7279.000000   7319.000000   5010.000000   8751.000000  16167.000000  14253.000000   6071.000000   9238.000000   9480.000000  15122.000000  15115.000000  14347.000000   5482.000000   8902.000000   6706.000000   2853.000000
   608.848572   8410.000000   7720.000000   9399.000000   8637.000000   7747.000000   5785.000000   7722.000000   7919.000000  10617.000000   7319.000000   5848.000000   6926.000000   7028.000000   6798.000000   7367.000000   6790.000000   5090.000000   3253.000000   6957.000000   6139.000000   6836.000000   7074.000000   7143.000000   6623.000000   6489.000000   9900.000000  16181.000000  10731.000000  11839.000000  10449.000000  14261.000000  12446.000000   4852.000000   6042.000000   6196.000000   7427.000000   7423.000000   5178.000000   8765.000000  16179.000000  14280.000000   6315.000000   9422.000000   9312.000000  14759.000000  15355.000000  14463.000000   5658.000000   8897.000000   6690.000000   2992.000000
   610.125671   8238.000000   7714.000000   9440.000000   8451.000000   7868.000000   5706.000000   7872.000000   7751.000000  10849.000000   7339.000000   5947.000000   6928.000000   7368.000000   6962.000000   7507.000000   6996.000000   5034.000000   3215.000000   6942.000000   6077.000000   6903.000000   7103.000000   7224.000000   6807.000000   6492.000000   9910.000000  16174.000000  10475.000000  12005.000000  10384.000000  14567.000000  12404.000000   4840.000000   6043.000000   6268.000000   7352.000000   7608.000000   5090.000000   8800.000000  16173.000000  14279.000000   6086.000000   9387.000000   9234.000000  15037.000000  14887.000000  14200.000000   5618.000000   9041.000000   6721.000000   2974.000000
   611.403198   8634.000000   7832.000000   9113.000000   8467.000000   7943.000000   5907.000000   7576.000000   8070.000000  10722.000000   7378.000000   5969.000000   7028.000000   7046.000000   6868.000000   7463.000000   7010.000000   5104.000000   3249.000000   6837.000000   6258.000000   7001.000000   7072.000000   7343.000000   7054.000000   6659.000000   9893.000000  16187.000000  10896.000000  11898.000000  10490.000000  14290.000000  12243.000000   4884.000000   6056.000000   6147.000000   7471.000000   7432.000000   5094.000000   8597.000000  16179.000000  14368.000000   6153.000000   9432.000000   9064.000000  14990.000000  15272.000000  14340.000000   5712.000000   8906.000000   7005.000000   2937.000000
   612.681213   8562.000000   7823.000000   9476.000000   8720.000000   7982.000000   5828.000000   7881.000000   7971.000000  10726.000000   7511.000000   5998.000000   6994.000000   7530.000000   6943.000000   7393.000000   7130.000000   5212.000000   3360.000000   6838.000000   6168.000000   6925.000000   7154.000000   7327.000000   6903.000000   6780.000000  10057.000000  16183.000000  10977.000000  12089.000000  10512.000000  14843.000000  12602.000000   5090.000000   6211.000000   6173.000000   7273.000000   7396.000000   5073.000000   8688.000000  16177.000000  14414.000000   6171.000000   9286.000000   9075.000000  15078.000000  15392.000000  14328.000000   5772.000000   8941.000000   6901.000000   2953.000000
   613.959717   8632.000000   7832.000000   9440.000000   8478.000000   7731.000000   5899.000000   7880.000000   7976.000000  10879.000000   7160.000000   5897.000000   7008.000000   7656.000000   6818.000000   7239.000000   7046.000000   5213.000000   3327.000000   6818.000000   6330.000000   7126.000000   7131.000000   7164.000000   6949.000000   6524.000000   9903.000000  16182.000000  10555.000000  11993.000000  10503.000000  14809.000000  12574.000000   4972.000000   6267.000000   6206.000000   7511.000000   7615.000000   5213.000000   8844.000000  16178.000000  15033.000000   6113.000000   9674.000000   9434.000000  15177.000000  14981.000000  14371.000000   5742.000000   8991.000000   6772.000000   3036.000000
   615.238586   8531.000000   7802.000000   9299.000000   8564.000000   7810.000000   5818.000000   7929.000000   8044.000000  10698.000000   7196.000000   6022.000000   7022.000000   7815.000000   6916.000000   7414.000000   7033.000000   5255.000000   3247.000000   6843.000000   6290.000000   7029.000000   7429.000000   7364.000000   6994.000000   6839.000000   9905.000000  16181.000000  10720.000000  11987.000000  10518.000000  14603.000000  12548.000000   4990.000000   6339.000000   6223.000000   7538.000000   7446.000000   5240.000000   8806.000000  16180.000000  14780.000000   5859.000000   9579.000000   9205.000000  15016.000000  15259.000000  14448.000000   5689.000000   9097.000000   6921.000000   2937.000000
   616.518127   8507.000000   7645.000000   9223.000000   8486.000000   7776.000000   5859.000000   7652.000000   7931.000000  10688.000000   7258.000000   6104.000000   7004.000000   7810.000000   6844.000000   7545.000000   6860.000000   5160.000000   3263.000000   6862.000000   6368.000000   7092.000000   7217.000000   7139.000000   7029.000000   6716.000000   9785.000000  16177.000000  10636.000000  11939.000000  10225.000000  14611.000000  12469.000000   4900.000000   6240.000000   6088.000000   7367.000000   7322.000000   5181.000000   8799.000000  16178.000000  14519.000000   6091.000000   9691.000000   9135.000000  14874.000000  15047.000000  14132.000000   5716.000000   8948.000000   6878.000000   2993.000000
   617.797974   8335.000000   7512.000000   9035.000000   8389.000000   7644.000000   5950.000000   7506.000000   7788.000000  10740.000000   6957.000000   5817.000000   6788.000000   7807.000000   6758.000000   7194.000000   6969.000000   5233.000000   3151.000000   6659.000000   6115.000000   6772.000000   7192.000000   7236.000000   6864.000000   6496.000000   9884.000000  16176.000000  10775.000000  11650.000000  10489.000000  14519.000000  12443.000000   4872.000000   6062.000000   6105.000000   7202.000000   7157.000000   5150.000000   8707.000000  16189.000000  14472.000000   5893.000000   9138.000000   8989.000000  14505.000000  14582.000000  14040.000000   5620.000000   8744.000000   6766.000000   2884.000000
   619.078430   8226.000000   7375.000000   8917.000000   8193.000000   7560.000000   5630.000000   7408.000000   7712.000000  10145.000000   6785.000000   5515.000000   6771.000000   7556.000000   6641.000000   7350.000000   6689.000000   5276.000000   3230.000000   6814.000000   6054.000000   6563.000000   7040.000000   7292.000000   6834.000000   6574.000000   9712.000000  16143.000000  10588.000000  11665.000000   9811.000000  14336.000000  12081.000000   4858.000000   6050.000000   6051.000000   7163.000000   7229.000000   4923.000000   8530.000000  16183.000000  14482.000000   5651.000000   9338.000000   8686.000000  14518.000000  14472.000000  13732.000000   5565.000000   8638.000000   6686.000000   2851.000000
   620.359314   8140.000000   7270.000000   8917.000000   8157.000000   7599.000000   5594.000000   7308.000000   7645.000000   9943.000000   6880.000000   5695.000000   6766.000000   7497.000000   6505.000000   7068.000000   6772.000000   4981.000000   3132.000000   6808.000000   6135.000000   6746.000000   6819.000000   6913.000000   6665.000000   6603.000000   9846.000000  15796.000000  10330.000000  11572.000000   9976.000000  14174.000000  11944.000000   4848.000000   6106.000000   5874.000000   7120.000000   7059.000000   5033.000000   8500.000000  16178.000000  14130.000000   5741.000000   9251.000000   8632.000000  14408.000000  14248.000000  13846.000000   5451.000000   8417.000000   6659.000000   2859.000000
   621.640625   8079.000000   7350.000000   8651.000000   7988.000000   7358.000000   5622.000000   7180.000000   7502.000000   9738.000000   6810.000000   5604.000000   6612.000000   7448.000000   6492.000000   6983.000000   6750.000000   5074.000000   3274.000000   6560.000000   6109.000000   6743.000000   6893.000000   7148.000000   6576.000000   6375.000000   9556.000000  15750.000000  10496.000000  11427.000000   9866.000000  13918.000000  11850.000000   4843.000000   6035.000000   5893.000000   7152.000000   7313.000000   4852.000000   8289.000000  16179.000000  14327.000000   5597.000000   9079.000000   8424.000000  14559.000000  14198.000000  13480.000000   5491.000000   8407.000000   6527.000000   2861.000000
   622.922485   7872.000000   7155.000000   8448.000000   8083.000000   7332.000000   5623.000000   7226.000000   7321.000000  10010.000000   6822.000000   5466.000000   6804.000000   7455.000000   6387.000000   6875.000000   6524.000000   5038.000000   3372.000000   6778.000000   5924.000000   6713.000000   6849.000000   6830.000000   6710.000000   6536.000000   9554.000000  15493.000000  10345.000000  11337.000000   9705.000000  14199.000000  11806.000000   4840.000000   6037.000000   6022.000000   7041.000000   7166.000000   4937.000000   8192.000000  16180.000000  14329.000000   5517.000000   8945.000000   8343.000000  14185.000000  14072.000000  13304.000000   5359.000000   8195.000000   6569.000000   2808.000000
   624.204773   7947.000000   7263.000000   8637.000000   7764.000000   7210.000000   5449.000000   6978.000000   7303.000000   9579.000000   6880.000000   5489.000000   6421.000000   7263.000000   6243.000000   6715.000000   6639.000000   4931.000000   3236.000000   6759.000000   6043.000000   6566.000000   6733.000000   6847.000000   6324.000000   6393.000000   9372.000000  15438.000000  10386.000000  11373.000000   9676.000000  13871.000000  11604.000000   4848.000000   6007.000000   5948.000000   6877.000000   7068.000000   4891.000000   8252.000000  16184.000000  14540.000000   5533.000000   8951.000000   8229.000000  13881.000000  14041.000000  13128.000000   5272.000000   8179.000000   6388.000000   2878.000000
   625.487610   7805.000000   7062.000000   8552.000000   7781.000000   7337.000000   5332.000000   6994.000000   7294.000000   9439.000000   6791.000000   5377.000000   6407.000000   7288.000000   6172.000000   6748.000000   6601.000000   5006.000000   3177.000000   6803.000000   5929.000000   6611.000000   6766.000000   6935.000000   6519.000000   6345.000000   9389.000000  15421.000000  10232.000000  11152.000000   9602.000000  14062.000000  11582.000000   4834.000000   5920.000000   5853.000000   7120.000000   7074.000000   4942.000000   7948.000000  16183.000000  14380.000000   5287.000000   8956.000000   8194.000000  13946.000000  14125.000000  12974.000000   5478.000000   8338.000000   6511.000000   2738.000000
   626.770874   7697.000000   6932.000000   8454.000000   7869.000000   7164.000000   5524.000000   7148.000000   7114.000000   9414.000000   6821.000000   5270.000000   6322.000000   7244.000000   5974.000000   6836.000000   6496.000000   4944.000000   3197.000000   6578.000000   5976.000000   6464.000000   6562.000000   6650.000000   6499.000000   6333.000000   9549.000000  15320.000000  10051.000000  10966.000000   9576.000000  13852.000000  11211.000000   4629.000000   5805.000000   5619.000000   6991.000000   7084.000000   4820.000000   8141.000000  16189.000000  13971.000000   5237.000000   9014.000000   8158.000000  14107.000000  13737.000000  13034.000000   5333.000000   8239.000000   6354.000000   2760.000000
   628.054626   7794.000000   6978.000000   8363.000000   7684.000000   7325.000000   5310.000000   7045.000000   7141.000000   9430.000000   6644.000000   5302.000000   6273.000000   7126.000000   5824.000000   6623.000000   6434.000000   4831.000000   3174.000000   6626.000000   5787.000000   6551.000000   6722.000000   6609.000000   6347.000000   6518.000000   9321.000000  15097.000000   9854.000000  11054.000000   9434.000000  13719.000000  11150.000000   4578.000000   5847.000000   5501.000000   6869.000000   6852.000000   4768.000000   7880.000000  16176.000000  13985.000000   5291.000000   8696.000000   7916.000000  13830.000000  13333.000000  12874.000000   5094.000000   7993.000000   6356.000000   2811.000000
   629.338928   7642.000000   7051.000000   8244.000000   7656.000000   6998.000000   5431.000000   6973.000000   7198.000000   9523.000000   6668.000000   5333.000000   6332.000000   7151.000000   5842.000000   6485.000000   6352.000000   4948.000000   3062.000000   6384.000000   5774.000000   6534.000000   6564.000000   6591.000000   6384.000000   6157.000000   9285.000000  14985.000000   9878.000000  10643.000000   9311.000000  13510.000000  11191.000000   4708.000000   5775.000000   5451.000000   6830.000000   6860.000000   4828.000000   7831.000000  16183.000000  13947.000000   5387.000000   8538.000000   7721.000000  13784.000000  13498.000000  12690.000000   5227.000000   8058.000000   6434.000000   2783.000000
   630.623596   7672.000000   6763.000000   8069.000000   7596.000000   7116.000000   5315.000000   6864.000000   7021.000000   9525.000000   6458.000000   5065.000000   6254.000000   6726.000000   5727.000000   6350.000000   6263.000000   5001.000000   2946.000000   6527.000000   5492.000000   6457.000000   6624.000000   6474.000000   6311.000000   6223.000000   9248.000000  14920.000000   9991.000000  10934.000000   9119.000000  13374.000000  10943.000000   4627.000000   5815.000000   5367.000000   6739.000000   6897.000000   4912.000000   7840.000000  16187.000000  14031.000000   5115.000000   8574.000000   7870.000000  13406.000000  13222.000000  12603.000000   5373.000000   8142.000000   6342.000000   2829.000000
   631.908813   7639.000000   6905.000000   8190.000000   7695.000000   6958.000000   5244.000000   6900.000000   7066.000000   9516.000000   6306.000000   5114.000000   6157.000000   6717.000000   5588.000000   6415.000000   6138.000000   4909.000000   3046.000000   6376.000000   5519.000000   6461.000000   6419.000000   6576.000000   6305.000000   6305.000000   9362.000000  14914.000000  10022.000000  10694.000000   9132.000000  13458.000000  11000.000000   4636.000000   5982.000000   5355.000000   6664.000000   6850.000000   4717.000000   7783.000000  16175.000000  14052.000000   5343.000000   8759.000000   7917.000000  13689.000000  13293.000000  12264.000000   5213.000000   8034.000000   6151.000000   2692.000000
   633.194519   7513.000000   6670.000000   8211.000000   7590.000000   6875.000000   5103.000000   7012.000000   6921.000000   9453.000000   6626.000000   5051.000000   6137.000000   6798.000000   5496.000000   6251.000000   6306.000000   4768.000000   2989.000000   6339.000000   5586.000000   6458.000000   6574.000000   6596.000000   6384.000000   6234.000000   9395.000000  14761.000000  10042.000000  10734.000000   9126.000000  13609.000000  11044.000000   4728.000000   5873.000000   5355.000000   6582.000000   6785.000000   4857.000000   7803.000000  16173.000000  14227.000000   5028.000000   8876.000000   7591.000000  13710.000000  12914.000000  12285.000000   5194.000000   8041.000000   6287.000000   2769.000000
   634.480713   7594.000000   6854.000000   8010.000000   7594.000000   7095.000000   5269.000000   6800.000000   7071.000000   9707.000000   6352.000000   4851.000000   5875.000000   6729.000000   5395.000000   6319.000000   6147.000000   4771.000000   3000.000000   6270.000000   5608.000000   6265.000000   6564.000000   6500.000000   6487.000000   6201.000000   9326.000000  14628.000000  10181.000000  10785.000000   9169.000000  13433.000000  11293.000000   4724.000000   5867.000000   5277.000000   6467.000000   6829.000000   4876.000000   7647.000000  16184.000000  13939.000000   5035.000000   8918.000000   7735.000000  13592.000000  13264.000000  12467.000000   5272.000000   8007.000000   6211.000000   2687.000000
   635.767273   7407.000000   6716.000000   8034.000000   7720.000000   7105.000000   5199.000000   6810.000000   7033.000000   9363.000000   6260.000000   4913.000000   5848.000000   6633.000000   5547.000000   6355.000000   6152.000000   4771.000000   2895.000000   6192.000000   5588.000000   6265.000000   6629.000000   6490.000000   6399.000000   6363.000000   9179.000000  14726.000000   9817.000000  10731.000000   9083.000000  13471.000000  10915.000000   4747.000000   5711.000000   5257.000000   6475.000000   6712.000000   4728.000000   7729.000000  16191.000000  13997.000000   5104.000000   8597.000000   7508.000000  13228.000000  12732.000000  12218.000000   5280.000000   8137.000000   6104.000000   2648.000000
   637.054382   7534.000000   6865.000000   8061.000000   7316.000000   6926.000000   5250.000000   6850.000000   6941.000000   9333.000000   6315.000000   4829.000000   5625.000000   6537.000000   5372.000000   6174.000000   6155.000000   4827.000000   2966.000000   6244.000000   5578.000000   6187.000000   6381.000000   6425.000000   6216.000000   6237.000000   8964.000000  14693.000000   9688.000000  10464.000000   8872.000000  13132.000000  10796.000000   4686.000000   5952.000000   5379.000000   6705.000000   6482.000000   4663.000000   7632.000000  16184.000000  13803.000000   4939.000000   8729.000000   7627.000000  13202.000000  12744.000000  12006.000000   5223.000000   7984.000000   6306.000000   2612.000000
   638.341980   7428.000000   6782.000000   7839.000000   7608.000000   6838.000000   5107.000000   6863.000000   6932.000000   9240.000000   6231.000000   4556.000000   5533.000000   6663.000000   5477.000000   6381.000000   5994.000000   4797.000000   2904.000000   6225.000000   5520.000000   6266.000000   6308.000000   6476.000000   6275.000000   6280.000000   9180.000000  14525.000000   9738.000000  10565.000000   8894.000000  13164.000000  10613.000000   4502.000000   5637.000000   5389.000000   6561.000000   6631.000000   4722.000000   7489.000000  16180.000000  13752.000000   4935.000000   8672.000000   7404.000000  13140.000000  12702.000000  11959.000000   5140.000000   7752.000000   6154.000000   2699.000000
   639.630127   7221.000000   6791.000000   7927.000000   7176.000000   6916.000000   5092.000000   6681.000000   6851.000000   9246.000000   6213.000000   4442.000000   5469.000000   6493.000000   5342.000000   6169.000000   6098.000000   4742.000000   2878.000000   6146.000000   5428.000000   6061.000000   6353.000000   6272.000000   6337.000000   6182.000000   9100.000000  14301.000000   9789.000000  10473.000000   8770.000000  13467.000000  10629.000000   4639.000000   5829.000000   5321.000000   6494.000000   6483.000000   4573.000000   7283.000000  16178.000000  13693.000000   5042.000000   8590.000000   7299.000000  12806.000000  12461.000000  12006.000000   5125.000000   7686.000000   6040.000000   2645.000000
   640.918579   7265.000000   6594.000000   7572.000000   7061.000000   6854.000000   4998.000000   6556.000000   6670.000000   9179.000000   5961.000000   4308.000000   5431.000000   6551.000000   5537.000000   6059.000000   5868.000000   4665.000000   2909.000000   6079.000000   5468.000000   5877.000000   6243.000000   6260.000000   6277.000000   6402.000000   9116.000000  14294.000000   9590.000000  10337.000000   8671.000000  13394.000000  10502.000000   4556.000000   5624.000000   5393.000000   6483.000000   6576.000000   4664.000000   7298.000000  16177.000000  13754.000000   4904.000000   8718.000000   7462.000000  12774.000000  12352.000000  11861.000000   5213.000000   7711.000000   5986.000000   2555.000000
   642.207703   7389.000000   6637.000000   7605.000000   7431.000000   6760.000000   5109.000000   6554.000000   6584.000000   9047.000000   6115.000000   4161.000000   5305.000000   6448.000000   5594.000000   5992.000000   5911.000000   4527.000000   2864.000000   6023.000000   5513.000000   6237.000000   6128.000000   6330.000000   6273.000000   6193.000000   9071.000000  14209.000000   9548.000000  10168.000000   8498.000000  13152.000000  10532.000000   4671.000000   5764.000000   5422.000000   6609.000000   6412.000000   4639.000000   7329.000000  16166.000000  13496.000000   4695.000000   8507.000000   7281.000000  12869.000000  12334.000000  11768.000000   5027.000000   7694.000000   6066.000000   2569.000000
   643.497192   7003.000000   6332.000000   7323.000000   7150.000000   6823.000000   5149.000000   6461.000000   6612.000000   8728.000000   5982.000000   4074.000000   5317.000000   6298.000000   5334.000000   6168.000000   5891.000000   4795.000000   2765.000000   6023.000000   5460.000000   6108.000000   6103.000000   6229.000000   6165.000000   6149.000000   9068.000000  13968.000000   9606.000000  10244.000000   8543.000000  12926.000000  10195.000000   4582.000000   5649.000000   5308.000000   6357.000000   6213.000000   4476.000000   7262.000000  16179.000000  13455.000000   4679.000000   8377.000000   7160.000000  12887.000000  12056.000000  11476.000000   5003.000000   7572.000000   6033.000000   2543.000000
   644.787170   7048.000000   6373.000000   7106.000000   6927.000000   6499.000000   4925.000000   6376.000000   6527.000000   8647.000000   5923.000000   4037.000000   5424.000000   6373.000000   5258.000000   6149.000000   5911.000000   4674.000000   2727.000000   6067.000000   5342.000000   6067.000000   6046.000000   6141.000000   6019.000000   6081.000000   8781.000000  13616.000000   9678.000000   9960.000000   8463.000000  12766.000000  10283.000000   4497.000000   5687.000000   5310.000000   6420.000000   6330.000000   4464.000000   7193.000000  16179.000000  13140.000000   4704.000000   8370.000000   7106.000000  12777.000000  12214.000000  11365.000000   4831.000000   7514.000000   5980.000000   2417.000000
   646.077576   6801.000000   6286.000000   6949.000000   6975.000000   6464.000000   5072.000000   6412.000000   6420.000000   8239.000000   5905.000000   4108.000000   5404.000000   6146.000000   5376.000000   5971.000000   5761.000000   4585.000000   2802.000000   6044.000000   5310.000000   5880.000000   6080.000000   6236.000000   6048.000000   6219.000000   8741.000000  13895.000000   9180.000000   9948.000000   8479.000000  12890.000000  10106.000000   4459.000000   5609.000000   5296.000000   6273.000000   6229.000000   4323.000000   6992.000000  16179.000000  13204.000000   4531.000000   8358.000000   7067.000000  12495.000000  11670.000000  11244.000000   4750.000000   7480.000000   5973.000000   2519.000000
   647.368713   6847.000000   6280.000000   6750.000000   6894.000000   6506.000000   4771.000000   6260.000000   6395.000000   7982.000000   5805.000000   4021.000000   5418.000000   6161.000000   5171.000000   5923.000000   5772.000000   4480.000000   2791.000000   5791.000000   5242.000000   5909.000000   6032.000000   6064.000000   6106.000000   5990.000000   8577.000000  13819.000000   9185.000000   9830.000000   8120.000000  12657.000000  10029.000000   4471.000000   5484.000000   5316.000000   6177.000000   6064.000000   4315.000000   6823.000000  16181.000000  13143.000000   4510.000000   8407.000000   6966.000000  12312.000000  11667.000000  10984.000000   4702.000000   7358.000000   5791.000000   2310.000000
   648.659973   6673.000000   6270.000000   6416.000000   6890.000000   6401.000000   4846.000000   6180.000000   6620.000000   7617.000000   5635.000000   4147.000000   5511.000000   6175.000000   5256.000000   5822.000000   5786.000000   4458.000000   2797.000000   5761.000000   5300.000000   5790.000000   5828.000000   6266.000000   5740.000000   6025.000000   8834.000000  13522.000000   9215.000000   9811.000000   8211.000000  12586.000000   9996.000000   4372.000000   5414.000000   5318.000000   6228.000000   6154.000000   4453.000000   7030.000000  16174.000000  12975.000000   4508.000000   8176.000000   6801.000000  12094.000000  11577.000000  11021.000000   4716.000000   7137.000000   5700.000000   2422.000000
   649.952026   6711.000000   6105.000000   6352.000000   6866.000000   6278.000000   4698.000000   6140.000000   6313.000000   7611.000000   5748.000000   4185.000000   5377.000000   6050.000000   5162.000000   5704.000000   5608.000000   4457.000000   2680.000000   5726.000000   5162.000000   5804.000000   5850.000000   6067.000000   6055.000000   5949.000000   8587.000000  13283.000000   9189.000000   9553.000000   8130.000000  12309.000000   9759.000000   4365.000000   5259.000000   5265.000000   5994.000000   6037.000000   4465.000000   6732.000000  16177.000000  12778.000000   4441.000000   8072.000000   6923.000000  12063.000000  11449.000000  10873.000000   4678.000000   7020.000000   5791.000000   2428.000000
   651.244385   6525.000000   6184.000000   6368.000000   6821.000000   6260.000000   4680.000000   6150.000000   6367.000000   7502.000000   5618.000000   4202.000000   5338.000000   6013.000000   5082.000000   5662.000000   5561.000000   4515.000000   2680.000000   5762.000000   5131.000000   5639.000000   5949.000000   6172.000000   5999.000000   5921.000000   8719.000000  13322.000000   9157.000000   9538.000000   7979.000000  12329.000000   9735.000000   4268.000000   5383.000000   5088.000000   6218.000000   6183.000000   4297.000000   6779.000000  16170.000000  12943.000000   4421.000000   8049.000000   6787.000000  12086.000000  11191.000000  10669.000000   4561.000000   7212.000000   5749.000000   2290.000000
   652.537170   6619.000000   6262.000000   6391.000000   6611.000000   6271.000000   4839.000000   6158.000000   6145.000000   7500.000000   5634.000000   4204.000000   5430.000000   6087.000000   5076.000000   5594.000000   5525.000000   4551.000000   2633.000000   5864.000000   5208.000000   5895.000000   5917.000000   6097.000000   5796.000000   6035.000000   8669.000000  13158.000000   9114.000000   9466.000000   7964.000000  12090.000000   9789.000000   4513.000000   5291.000000   5303.000000   6176.000000   6107.000000   4295.000000   6774.000000  16170.000000  12930.000000   4336.000000   8208.000000   6638.000000  11932.000000  11232.000000  10562.000000   4648.000000   7053.000000   5688.000000   2350.000000
   653.830688   6743.000000   6242.000000   6511.000000   6702.000000   6334.000000   4655.000000   6002.000000   6377.000000   7567.000000   5489.000000   4288.000000   5304.000000   6028.000000   5140.000000   5598.000000   5550.000000   4525.000000   2714.000000   5677.000000   5399.000000   5794.000000   5942.000000   5821.000000   5950.000000   5928.000000   8771.000000  13531.000000   9060.000000   9727.000000   7789.000000  12154.000000   9650.000000   4256.000000   5451.000000   5300.000000   6115.000000   6001.000000   4449.000000   6854.000000  16191.000000  12759.000000   4335.000000   8139.000000   6798.000000  11846.000000  11105.000000  10504.000000   4693.000000   7198.000000   5657.000000   2300.000000
   655.124512   6747.000000   6169.000000   6609.000000   6581.000000   6228.000000   4821.000000   6096.000000   6247.000000   7623.000000   5369.000000   4124.000000   5345.000000   5603.000000   5110.000000   5728.000000   5404.000000   4474.000000   2613.000000   5823.000000   5210.000000   5882.000000   5790.000000   6006.000000   5981.000000   5959.000000   8680.000000  13441.000000   9222.000000   9613.000000   7757.000000  12357.000000   9669.000000   4306.000000   5443.000000   5225.000000   6166.000000   6009.000000   4287.000000   6700.000000  16174.000000  12697.000000   4340.000000   8023.000000   6641.000000  11972.000000  11137.000000  10554.000000   4580.000000   6913.000000   5748.000000   2293.000000
   656.418823   6469.000000   6120.000000   6650.000000   6767.000000   6146.000000   4630.000000   6107.000000   6102.000000   7697.000000   5484.000000   4180.000000   5204.000000   5944.000000   4899.000000   5525.000000   5635.000000   4489.000000   2562.000000   5675.000000   5306.000000   5567.000000   5821.000000   6094.000000   5858.000000   6075.000000   8859.000000  12909.000000   9033.000000   9363.000000   7861.000000  12117.000000   9866.000000   4192.000000   5435.000000   5129.000000   6035.000000   5981.000000   4287.000000   6685.000000  15917.000000  12633.000000   4195.000000   8106.000000   6602.000000  11776.000000  11112.000000  10382.000000   4652.000000   7018.000000   5672.000000   2419.000000
   657.713623   6607.000000   6084.000000   6787.000000   6614.000000   6113.000000   4743.000000   6075.000000   6076.000000   8018.000000   5442.000000   4046.000000   5211.000000   5964.000000   4955.000000   5569.000000   5497.000000   4566.000000   2617.000000   5837.000000   5227.000000   5563.000000   5751.000000   6023.000000   5988.000000   6023.000000   8676.000000  12912.000000   8995.000000   9578.000000   7632.000000  12073.000000   9582.000000   4379.000000   5410.000000   5167.000000   6011.000000   5913.000000   4283.000000   6648.000000  16115.000000  12414.000000   4299.000000   7845.000000   6516.000000  11617.000000  10893.000000  10363.000000   4667.000000   7111.000000   5594.000000   2473.000000
   659.008911   6477.000000   6102.000000   6819.000000   6552.000000   6156.000000   4635.000000   5932.000000   5984.000000   7841.000000   5418.000000   4103.000000   5060.000000   5851.000000   4928.000000   5519.000000   5514.000000   4514.000000   2604.000000   5740.000000   5303.000000   5598.000000   5825.000000   5828.000000   5830.000000   5897.000000   8674.000000  13004.000000   8977.000000   9269.000000   7783.000000  12070.000000   9691.000000   4471.000000   5348.000000   5081.000000   6103.000000   5938.000000   4170.000000   6554.000000  15690.000000  12201.000000   4161.000000   7788.000000   6226.000000  11531.000000  10757.000000  10101.000000   4597.000000   6950.000000   5672.000000   2364.000000
   660.304688   6441.000000   5829.000000   6528.000000   6467.000000   6045.000000   4523.000000   5889.000000   5951.000000   7963.000000   5319.000000   3938.000000   5065.000000   5859.000000   4778.000000   5418.000000   5280.000000   4436.000000   2554.000000   5774.000000   5355.000000   5574.000000   5703.000000   5893.000000   5786.000000   5805.000000   8515.000000  12772.000000   8727.000000   9222.000000   7497.000000  12149.000000   9499.000000   4239.000000   5344.000000   5159.000000   5992.000000   5928.000000   4213.000000   6540.000000  15604.000000  12261.000000   3999.000000   7913.000000   6421.000000  11582.000000  10450.000000  10046.000000   4527.000000   6819.000000   5728.000000   2337.000000
   661.600830   6208.000000   6015.000000   6676.000000   6324.000000   5782.000000   4668.000000   5864.000000   5814.000000   8043.000000   5187.000000   3787.000000   5166.000000   5746.000000   4797.000000   5385.000000   5369.000000   4420.000000   2505.000000   5405.000000   5235.000000   5514.000000   5642.000000   5777.000000   5778.000000   5900.000000   8470.000000  12380.000000   8771.000000   9131.000000   7534.000000  11523.000000   9346.000000   4357.000000   5220.000000   5124.000000   5814.000000   5734.000000   4186.000000   6214.000000  15566.000000  11953.000000   4038.000000   7787.000000   6071.000000  11424.000000  10323.000000   9832.000000   4508.000000   6830.000000   5760.000000   2389.000000
   662.897583   6072.000000   5760.000000   6469.000000   6332.000000   5933.000000   4387.000000   5699.000000   5759.000000   7848.000000   4968.000000   3636.000000   4919.000000   5563.000000   4737.000000   5186.000000   5234.000000   4302.000000   2513.000000   5532.000000   5086.000000   5402.000000   5459.000000   5881.000000   5789.000000   5890.000000   8447.000000  12352.000000   8679.000000   9066.000000   7340.000000  11547.000000   9147.000000   4264.000000   5310.000000   5008.000000   5690.000000   5741.000000   4127.000000   6249.000000  15205.000000  12035.000000   3907.000000   7640.000000   6010.000000  10937.000000  10189.000000   9697.000000   4496.000000   6581.000000   5588.000000   2289.000000
   664.194824   5988.000000   5826.000000   6339.000000   6225.000000   5733.000000   4373.000000   5746.000000   5742.000000   7678.000000   5086.000000   3699.000000   4854.000000   5550.000000   4598.000000   5240.000000   5234.000000   4284.000000   2457.000000   5478.000000   5119.000000   5475.000000   5494.000000   5691.000000   5701.000000   5737.000000   8269.000000  12411.000000   8536.000000   8982.000000   7204.000000  11428.000000   9046.000000   4233.000000   5188.000000   4961.000000   5723.000000   5816.000000   4166.000000   6025.000000  15171.000000  11615.000000   3777.000000   7675.000000   6065.000000  10748.000000  10130.000000   9633.000000   4408.000000   6614.000000   5318.000000   2268.000000
   665.492493   5872.000000   5738.000000   6343.000000   6079.000000   5653.000000   4493.000000   5559.000000   5574.000000   7812.000000   4873.000000   3699.000000   4611.000000   5722.000000   4500.000000   5184.000000   5321.000000   4431.000000   2388.000000   5436.000000   5031.000000   5267.000000   5540.000000   5909.000000   5641.000000   5661.000000   8160.000000  12374.000000   8650.000000   8754.000000   7043.000000  11301.000000   9092.000000   4210.000000   5201.000000   5005.000000   5704.000000   5682.000000   4057.000000   6132.000000  14975.000000  11381.000000   3921.000000   7680.000000   6096.000000  10833.000000  10064.000000   9437.000000   4520.000000   6678.000000   5288.000000   2250.000000
   666.790588   5955.000000   5734.000000   6215.000000   6200.000000   5624.000000   4481.000000   5461.000000   5680.000000   7723.000000   4941.000000   3616.000000   4797.000000   5448.000000   4438.000000   5184.000000   5266.000000   4253.000000   2350.000000   5359.000000   4802.000000   5237.000000   5358.000000   5836.000000   5598.000000   5712.000000   8279.000000  12009.000000   8562.000000   8675.000000   7049.000000  11204.000000   9089.000000   4118.000000   5377.000000   5106.000000   5719.000000   5628.000000   4040.000000   6197.000000  14798.000000  11354.000000   3860.000000   7478.000000   5733.000000  10715.000000  10092.000000   9267.000000   4372.000000   6639.000000   5455.000000   2116.000000
   668.089294   5990.000000   5722.000000   6393.000000   6000.000000   5496.000000   4274.000000   5455.000000   5491.000000   7497.000000   4831.000000   3686.000000   4763.000000   5375.000000   4487.000000   5112.000000   5155.000000   4316.000000   2371.000000   5409.000000   4942.000000   5243.000000   5384.000000   5697.000000   5718.000000   5623.000000   8270.000000  12016.000000   8317.000000   8588.000000   7002.000000  11371.000000   8771.000000   4188.000000   5169.000000   4932.000000   5775.000000   5654.000000   4005.000000   6034.000000  14546.000000  11335.000000   3838.000000   7355.000000   5824.000000  10601.000000   9911.000000   9177.000000   4571.000000   6477.000000   5341.000000   2205.000000
   669.388428   5836.000000   5646.000000   6153.000000   5943.000000   5400.000000   4321.000000   5379.000000   5433.000000   7541.000000   4675.000000   3397.000000   4637.000000   5455.000000   4442.000000   5041.000000   5034.000000   4246.000000   2319.000000   5405.000000   4854.000000   5198.000000   5153.000000   5634.000000   5630.000000   5584.000000   8121.000000  11904.000000   8133.000000   8600.000000   6920.000000  11114.000000   9042.000000   4246.000000   5200.000000   4817.000000   5552.000000   5499.000000   3948.000000   5858.000000  14473.000000  10991.000000   3662.000000   7547.000000   5692.000000  10536.000000   9657.000000   9021.000000   4354.000000   6447.000000   5284.000000   2204.000000
   670.687988   5854.000000   5467.000000   6019.000000   6047.000000   5408.000000   4129.000000   5584.000000   5500.000000   7478.000000   4633.000000   3575.000000   4536.000000   5170.000000   4367.000000   5016.000000   5126.000000   4328.000000   2207.000000   5289.000000   4590.000000   5115.000000   5162.000000   5554.000000   5394.000000   5764.000000   8083.000000  11687.000000   8186.000000   8597.000000   6721.000000  11305.000000   8794.000000   4124.000000   5099.000000   4924.000000   5553.000000   5412.000000   3867.000000   5998.000000  14049.000000  10810.000000   3701.000000   7365.000000   5729.000000  10444.000000   9578.000000   8968.000000   4271.000000   6329.000000   5239.000000   2241.000000
   671.988098   5559.000000   5528.000000   6065.000000   5755.000000   5327.000000   4283.000000   5298.000000   5392.000000   7368.000000   4592.000000   3463.000000   4382.000000   5186.000000   4326.000000   5062.000000   5137.000000   4213.000000   2238.000000   5193.000000   4619.000000   4989.000000   5197.000000   5377.000000   5377.000000   5659.000000   8048.000000  11629.000000   8167.000000   8338.000000   6812.000000  10816.000000   8570.000000   4193.000000   5019.000000   4826.000000   5407.000000   5468.000000   3865.000000   5859.000000  14127.000000  10741.000000   3524.000000   7292.000000   5676.000000  10243.000000   9379.000000   8871.000000   4348.000000   6134.000000   5174.000000   2175.000000
   673.288574   5648.000000   5513.000000   6138.000000   5835.000000   5365.000000   4243.000000   5229.000000   5212.000000   7256.000000   4659.000000   3331.000000   4533.000000   5195.000000   4179.000000   4997.000000   4927.000000   4243.000000   2208.000000   5464.000000   4633.000000   4996.000000   5122.000000   5331.000000   5450.000000   5586.000000   8107.000000  11433.000000   7998.000000   8279.000000   6486.000000  10808.000000   8602.000000   4169.000000   5028.000000   4682.000000   5552.000000   5345.000000   3971.000000   5768.000000  14082.000000  10621.000000   3469.000000   7303.000000   5622.000000  10270.000000   9251.000000   8810.000000   4330.000000   6345.000000   5045.000000   2170.000000
   674.589722   5349.000000   5478.000000   5948.000000   5699.000000   5461.000000   4083.000000   5344.000000   5088.000000   7156.000000   4552.000000   3247.000000   4487.000000   5113.000000   4318.000000   4905.000000   4964.000000   4114.000000   2193.000000   5261.000000   4547.000000   4765.000000   5126.000000   5235.000000   5473.000000   5511.000000   8152.000000  11581.000000   7999.000000   8108.000000   6447.000000  10686.000000   8658.000000   4217.000000   5005.000000   4902.000000   5468.000000   5352.000000   3826.000000   5726.000000  13761.000000  10540.000000   3583.000000   7308.000000   5554.000000   9969.000000   9230.000000   8506.000000   4345.000000   6160.000000   5101.000000   2109.000000
   675.891174   5374.000000   5292.000000   5700.000000   5786.000000   5178.000000   4112.000000   5319.000000   5255.000000   7254.000000   4578.000000   3312.000000   4460.000000   5156.000000   4215.000000   4849.000000   4963.000000   4186.000000   2139.000000   5088.000000   4435.000000   4640.000000   5040.000000   5413.000000   5388.000000   5571.000000   7908.000000  11421.000000   7941.000000   8118.000000   6434.000000  10647.000000   8405.000000   4187.000000   5087.000000   4850.000000   5239.000000   5355.000000   3880.000000   5668.000000  13801.000000  10676.000000   3459.000000   7023.000000   5544.000000  10090.000000   9151.000000   8524.000000   4088.000000   6007.000000   5167.000000   2093.000000
   677.193176   5502.000000   5322.000000   5881.000000   5732.000000   5295.000000   4011.000000   5230.000000   5046.000000   7269.000000   4574.000000   3230.000000   4426.000000   5119.000000   4227.000000   4962.000000   4931.000000   4229.000000   2124.000000   5193.000000   4415.000000   4664.000000   4953.000000   5457.000000   5395.000000   5623.000000   7742.000000  11271.000000   7870.000000   8199.000000   6363.000000  10543.000000   8578.000000   4055.000000   4941.000000   4905.000000   5341.000000   5360.000000   3802.000000   5885.000000  13422.000000  10442.000000   3415.000000   7107.000000   5396.000000   9984.000000   9145.000000   8373.000000   4182.000000   6127.000000   4995.000000   2166.000000
   678.495728   5440.000000   5372.000000   5683.000000   5638.000000   5201.000000   4232.000000   5132.000000   5191.000000   7104.000000   4466.000000   3278.000000   4323.000000   4953.000000   4265.000000   4869.000000   4915.000000   4056.000000   2199.000000   5128.000000   4364.000000   4762.000000   4932.000000   5343.000000   5470.000000   5576.000000   7866.000000  10966.000000   7673.000000   7918.000000   6279.000000  10403.000000   8642.000000   4245.000000   5132.000000   4735.000000   5472.000000   5270.000000   3796.000000   5502.000000  13362.000000  10333.000000   3534.000000   7123.000000   5602.000000   9766.000000   9201.000000   8115.000000   4323.000000   6160.000000   5078.000000   2077.000000
   679.798584   5409.000000   5361.000000   5672.000000   5446.000000   5152.000000   4156.000000   5018.000000   4982.000000   7030.000000   4546.000000   3165.000000   4391.000000   4878.000000   4105.000000   4761.000000   4811.000000   4003.000000   2157.000000   5207.000000   4326.000000   4654.000000   4994.000000   5327.000000   5329.000000   5529.000000   7900.000000  10970.000000   7759.000000   7901.000000   6256.000000  10245.000000   8273.000000   4088.000000   5064.000000   4824.000000   5289.000000   5375.000000   3804.000000   5690.000000  13215.000000   9965.000000   3342.000000   7130.000000   5444.000000   9708.000000   8983.000000   8103.000000   4063.000000   5887.000000   4910.000000   2112.000000
   681.102112   5316.000000   5257.000000   5692.000000   5439.000000   5025.000000   3999.000000   5190.000000   5064.000000   7112.000000   4455.000000   3175.000000   4175.000000   5017.000000   4051.000000   4745.000000   4882.000000   4063.000000   2096.000000   5114.000000   4341.000000   4657.000000   4953.000000   5368.000000   5330.000000   5520.000000   7601.000000  10894.000000   7807.000000   7957.000000   6071.000000  10248.000000   8323.000000   4084.000000   4986.000000   4588.000000   5486.000000   5362.000000   3879.000000   5505.000000  13144.000000   9935.000000   3433.000000   7075.000000   5506.000000   9780.000000   9001.000000   7909.000000   4160.000000   5985.000000   4919.000000   2044.000000
   682.406006   5262.000000   5294.000000   5623.000000   5462.000000   4942.000000   4062.000000   5148.000000   4958.000000   6883.000000   4293.000000   3114.000000   4089.000000   4939.000000   3986.000000   4771.000000   4817.000000   4021.000000   2000.000000   5059.000000   4437.000000   4699.000000   4907.000000   5266.000000   5402.000000   5480.000000   7694.000000  10875.000000   7556.000000   7737.000000   6111.000000  10165.000000   8246.000000   4187.000000   4963.000000   4604.000000   5223.000000   5127.000000   3671.000000   5415.000000  12862.000000   9850.000000   3332.000000   7021.000000   5239.000000   9587.000000   8790.000000   7996.000000   4005.000000   5948.000000   4915.000000   2005.000000
   683.710388   5047.000000   5270.000000   5549.000000   5488.000000   4967.000000   3953.000000   4926.000000   4953.000000   6869.000000   4216.000000   3056.000000   4089.000000   4890.000000   4029.000000   4679.000000   4761.000000   4077.000000   2085.000000   5042.000000   4349.000000   4531.000000   5040.000000   5318.000000   5345.000000   5326.000000   7617.000000  10765.000000   7519.000000   7723.000000   5936.000000  10011.000000   8264.000000   4053.000000   4870.000000   4675.000000   5167.000000   5282.000000   3775.000000   5366.000000  12892.000000   9659.000000   3368.000000   6853.000000   5234.000000   9519.000000   8773.000000   7929.000000   3954.000000   5846.000000   4870.000000   2094.000000
   685.015320   5048.000000   5029.000000   5528.000000   5414.000000   4934.000000   3844.000000   4952.000000   4753.000000   6758.000000   4169.000000   2921.000000   4121.000000   4903.000000   3854.000000   4583.000000   4821.000000   4006.000000   1984.000000   4937.000000   4333.000000   4747.000000   5034.000000   5131.000000   5204.000000   5405.000000   7584.000000  10511.000000   7478.000000   7747.000000   5965.000000   9743.000000   8187.000000   3996.000000   4870.000000   4633.000000   5188.000000   5016.000000   3738.000000   5333.000000  12319.000000   9599.000000   3368.000000   6853.000000   5068.000000   9316.000000   8559.000000   7766.000000   4058.000000   5753.000000   4697.000000   2074.000000
   686.320679   4945.000000   5033.000000   5354.000000   5250.000000   4763.000000   3878.000000   4837.000000   4777.000000   6700.000000   4074.000000   2841.000000   4019.000000   4562.000000   3818.000000   4489.000000   4806.000000   3912.000000   1954.000000   4783.000000   4421.000000   4652.000000   4845.000000   5222.000000   5174.000000   5316.000000   7571.000000  10312.000000   7386.000000   7644.000000   5901.000000   9788.000000   7980.000000   3979.000000   4776.000000   4465.000000   5127.000000   5059.000000   3607.000000   5256.000000  12492.000000   9430.000000   3210.000000   6628.000000   5120.000000   9143.000000   8466.000000   7750.000000   3863.000000   5801.000000   4627.000000   1936.000000
   687.626526   4914.000000   4971.000000   5126.000000   5196.000000   4723.000000   3829.000000   4798.000000   4644.000000   6560.000000   4099.000000   2904.000000   3893.000000   4670.000000   3757.000000   4415.000000   4590.000000   3857.000000   1989.000000   4683.000000   4233.000000   4646.000000   4858.000000   5064.000000   5200.000000   5237.000000   7391.000000  10256.000000   7348.000000   7425.000000   5673.000000   9554.000000   7966.000000   3912.000000   4724.000000   4390.000000   5102.000000   4735.000000   3524.000000   5279.000000  12029.000000   9176.000000   3166.000000   6627.000000   5009.000000   9066.000000   8282.000000   7400.000000   3861.000000   5656.000000   4479.000000   1979.000000
   688.932800   4946.000000   4833.000000   5088.000000   5136.000000   4651.000000   3757.000000   4595.000000   4517.000000   6602.000000   3955.000000   2847.000000   3922.000000   4518.000000   3753.000000   4304.000000   4677.000000   3976.000000   1841.000000   4721.000000   4415.000000   4679.000000   4756.000000   5075.000000   4993.000000   5106.000000   7170.000000  10121.000000   7287.000000   7452.000000   5586.000000   9396.000000   7645.000000   3966.000000   4787.000000   4366.000000   4881.000000   4868.000000   3420.000000   5109.000000  11515.000000   9155.000000   3024.000000   6519.000000   4777.000000   8923.000000   7984.000000   7337.000000   3830.000000   5500.000000   4594.000000   1909.000000
   690.239624   4657.000000   4723.000000   5091.000000   5020.000000   4511.000000   3703.000000   4688.000000   4359.000000   6401.000000   3778.000000   2726.000000   3790.000000   4428.000000   3723.000000   4261.000000   4511.000000   3830.000000   1851.000000   4603.000000   4238.000000   4622.000000   4733.000000   5018.000000   4954.000000   5143.000000   7094.000000   9878.000000   7041.000000   7251.000000   5453.000000   9191.000000   7510.000000   3808.000000   4547.000000   4301.000000   4914.000000   4878.000000   3372.000000   4891.000000  11644.000000   8821.000000   2995.000000   6566.000000   4690.000000   8554.000000   7981.000000   7160.000000   3814.000000   5482.000000   4515.000000   1964.000000
   691.546875   4715.000000   4723.000000   5062.000000   4976.000000   4535.000000   3697.000000   4463.000000   4324.000000   6321.000000   3774.000000   2705.000000   3843.000000   4336.000000   3575.000000   4203.000000   4419.000000   3781.000000   1771.000000   4437.000000   4252.000000   4462.000000   4573.000000   4788.000000   4854.000000   5021.000000   7114.000000   9917.000000   6945.000000   6933.000000   5295.000000   9081.000000   7527.000000   3752.000000   4675.000000   4261.000000   4731.000000   4629.000000   3598.000000   4962.000000  11056.000000   8548.000000   2939.000000   6377.000000   4784.000000   8573.000000   7728.000000   6910.000000   3705.000000   5370.000000   4383.000000   1785.000000
   692.854614   4502.000000   4779.000000   4878.000000   4924.000000   4420.000000   3598.000000   4436.000000   4358.000000   6101.000000   3638.000000   2653.000000   3688.000000   4237.000000   3473.000000   4150.000000   4273.000000   3667.000000   1765.000000   4370.000000   4062.000000   4359.000000   4607.000000   4693.000000   4747.000000   4917.000000   7025.000000   9644.000000   6712.000000   6934.000000   5111.000000   8799.000000   7470.000000   3699.000000   4441.000000   4144.000000   4615.000000   4518.000000   3437.000000   4790.000000  11024.000000   8434.000000   2768.000000   6166.000000   4552.000000   8338.000000   7454.000000   6803.000000   3714.000000   5283.000000   4433.000000   1877.000000
   694.162781   4370.000000   4523.000000   4924.000000   4706.000000   4327.000000   3567.000000   4507.000000   4301.000000   6054.000000   3768.000000   2677.000000   3703.000000   4153.000000   3493.000000   3980.000000   4338.000000   3504.000000   1859.000000   4283.000000   4024.000000   4451.000000   4410.000000   4717.000000   4707.000000   4985.000000   6921.000000   9476.000000   6780.000000   6860.000000   5141.000000   8609.000000   7351.000000   3642.000000   4433.000000   4105.000000   4640.000000   4537.000000   3395.000000   4726.000000  10782.000000   8493.000000   2878.000000   6095.000000   4550.000000   8143.000000   7232.000000   6879.000000   3750.000000   5275.000000   4334.000000   1857.000000
   695.471619   4358.000000   4518.000000   4799.000000   4734.000000   4347.000000   3495.000000   4378.000000   4150.000000   6102.000000   3569.000000   2545.000000   3571.000000   4093.000000   3473.000000   3990.000000   4229.000000   3684.000000   1778.000000   4184.000000   4128.000000   4255.000000   4354.000000   4528.000000   4847.000000   4884.000000   6834.000000   9305.000000   6654.000000   6849.000000   5150.000000   8512.000000   7262.000000   3626.000000   4379.000000   3995.000000   4507.000000   4601.000000   3370.000000   4525.000000  10438.000000   8116.000000   2783.000000   5951.000000   4427.000000   8154.000000   7041.000000   6750.000000   3556.000000   5098.000000   4200.000000   1836.000000
   696.780823   4302.000000   4487.000000   4649.000000   4532.000000   4202.000000   3376.000000   4260.000000   4205.000000   5886.000000   3597.000000   2508.000000   3564.000000   3959.000000   3347.000000   3840.000000   4079.000000   3644.000000   1697.000000   4200.000000   4115.000000   4153.000000   4322.000000   4605.000000   4510.000000   4749.000000   6613.000000   9265.000000   6387.000000   6735.000000   5029.000000   8530.000000   7075.000000   3599.000000   4324.000000   4014.000000   4398.000000   4390.000000   3287.000000   4674.000000  10509.000000   7859.000000   2705.000000   6070.000000   4323.000000   7915.000000   6968.000000   6433.000000   3528.000000   5035.000000   4154.000000   1798.000000
   698.090515   4118.000000   4396.000000   4639.000000   4534.000000   4180.000000   3338.000000   4271.000000   3915.000000   5823.000000   3478.000000   2411.000000   3466.000000   3944.000000   3178.000000   3723.000000   4199.000000   3631.000000   1656.000000   4061.000000   3975.000000   4151.000000   4125.000000   4378.000000   4355.000000   4725.000000   6456.000000   9022.000000   6352.000000   6549.000000   4987.000000   8414.000000   6783.000000   3571.000000   4192.000000   3965.000000   4608.000000   4437.000000   3285.000000   4519.000000  10226.000000   7673.000000   2673.000000   5765.000000   4414.000000   7781.000000   6816.000000   6417.000000   3474.000000   5054.000000   4065.000000   1836.000000
   699.400574   4312.000000   4246.000000   4603.000000   4605.000000   4147.000000   3348.000000   4167.000000   3999.000000   5642.000000   3436.000000   2398.000000   3438.000000   3788.000000   3106.000000   3678.000000   3970.000000   3415.000000   1698.000000   3992.000000   3933.000000   4172.000000   4179.000000   4552.000000   4393.000000   4613.000000   6386.000000   8746.000000   6331.000000   6482.000000   4751.000000   7992.000000   6919.000000   3436.000000   4252.000000   4011.000000   4515.000000   4380.000000   3201.000000   4410.000000   9988.000000   7675.000000   2589.000000   5513.000000   4283.000000   7646.000000   6807.000000   6256.000000   3366.000000   4886.000000   3995.000000   1724.000000
   700.711304   4129.000000   4215.000000   4359.000000   4462.000000   3957.000000   3262.000000   4050.000000   3827.000000   5616.000000   3253.000000   2306.000000   3328.000000   3768.000000   3133.000000   3688.000000   4024.000000   3346.000000   1624.000000   3902.000000   3802.000000   4051.000000   4253.000000   4378.000000   4371.000000   4517.000000   6190.000000   8411.000000   6077.000000   6262.000000   4609.000000   7878.000000   6679.000000   3538.000000   4286.000000   3952.000000   4467.000000   4200.000000   3113.000000   4455.000000   9950.000000   7456.000000   2493.000000   5576.000000   4088.000000   7507.000000   6580.000000   6111.000000   3326.000000   4660.000000   3946.000000   1709.000000
   702.022400   3950.000000   4138.000000   4336.000000   4276.000000   3885.000000   3111.000000   4003.000000   3844.000000   5486.000000   3203.000000   2165.000000   3245.000000   3741.000000   3013.000000   3602.000000   3869.000000   3223.000000   1726.000000   4033.000000   3790.000000   4013.000000   4113.000000   4283.000000   4236.000000   4604.000000   6251.000000   8383.000000   5863.000000   6181.000000   4554.000000   8129.000000   6660.000000   3547.000000   4125.000000   3850.000000   4072.000000   4288.000000   3106.000000   4436.000000   9679.000000   7063.000000   2530.000000   5484.000000   4108.000000   7293.000000   6487.000000   5973.000000   3273.000000   4754.000000   3935.000000   1701.000000
   703.333984   3981.000000   4133.000000   4368.000000   4313.000000   3790.000000   3154.000000   3962.000000   3648.000000   5528.000000   3176.000000   2232.000000   3185.000000   3739.000000   3071.000000   3627.000000   3855.000000   3368.000000   1595.000000   3803.000000   3804.000000   4002.000000   4165.000000   4303.000000   4354.000000   4505.000000   6180.000000   8316.000000   5919.000000   6108.000000   4590.000000   7727.000000   6675.000000   3459.000000   4173.000000   3801.000000   4232.000000   4130.000000   3167.000000   4338.000000   9338.000000   7070.000000   2430.000000   5401.000000   3958.000000   7191.000000   6553.000000   5928.000000   3269.000000   4703.000000   3849.000000   1681.000000
   704.646118   3929.000000   4118.000000   4277.000000   4259.000000   3671.000000   3161.000000   3838.000000   3621.000000   5446.000000   3101.000000   2178.000000   3135.000000   3690.000000   2975.000000   3561.000000   3872.000000   3324.000000   1578.000000   3707.000000   3717.000000   3902.000000   3981.000000   4207.000000   4318.000000   4608.000000   6064.000000   8277.000000   5643.000000   6065.000000   4511.000000   7549.000000   6574.000000   3466.000000   4195.000000   3893.000000   4241.000000   4224.000000   3077.000000   4185.000000   9339.000000   6915.000000   2405.000000   5390.000000   3992.000000   7186.000000   6135.000000   5784.000000   3212.000000   4707.000000   3858.000000   1638.000000
   705.958618   3860.000000   3991.000000   4231.000000   4286.000000   3826.000000   3097.000000   4055.000000   3794.000000   5585.000000   3099.000000   2193.000000   3259.000000   3639.000000   2967.000000   3681.000000   3985.000000   3274.000000   1598.000000   3684.000000   3703.000000   3799.000000   4029.000000   4259.000000   4291.000000   4617.000000   5929.000000   8179.000000   5646.000000   6015.000000   4436.000000   7782.000000   6729.000000   3495.000000   4122.000000   3681.000000   4293.000000   4087.000000   3044.000000   4114.000000   9241.000000   6778.000000   2395.000000   5322.000000   3983.000000   7165.000000   6217.000000   5879.000000   3316.000000   4637.000000   3749.000000   1745.000000
   707.271729   3804.000000   3927.000000   4128.000000   4134.000000   3560.000000   3048.000000   3923.000000   3700.000000   5290.000000   3057.000000   2225.000000   2729.000000   3519.000000   2962.000000   3417.000000   3771.000000   3245.000000   1591.000000   3777.000000   3759.000000   3690.000000   4078.000000   4119.000000   4203.000000   4545.000000   5930.000000   8085.000000   5678.000000   5910.000000   4424.000000   7454.000000   6534.000000   3395.000000   4092.000000   3704.000000   4218.000000   4045.000000   3009.000000   4234.000000   9191.000000   6806.000000   2350.000000   5420.000000   3999.000000   7107.000000   6157.000000   5787.000000   3194.000000   4631.000000   3622.000000   1719.000000
   708.585205   3821.000000   3942.000000   3938.000000   4165.000000   3671.000000   3005.000000   3772.000000   3467.000000   5294.000000   3016.000000   2111.000000   3150.000000   3596.000000   2996.000000   3438.000000   3862.000000   3338.000000   1498.000000   3709.000000   3678.000000   3722.000000   3981.000000   4208.000000   4215.000000   4450.000000   5787.000000   8102.000000   5413.000000   5804.000000   4361.000000   7575.000000   6529.000000   3344.000000   4062.000000   3693.000000   4177.000000   4142.000000   3014.000000   4245.000000   8809.000000   6945.000000   2247.000000   5212.000000   3916.000000   7154.000000   6066.000000   5649.000000   3171.000000   4494.000000   3717.000000   1670.000000
   709.899170   3640.000000   3857.000000   3975.000000   3982.000000   3656.000000   3016.000000   3857.000000   3614.000000   5231.000000   3016.000000   2179.000000   3126.000000   3550.000000   2919.000000   3429.000000   3739.000000   3238.000000   1546.000000   3508.000000   3641.000000   3847.000000   3766.000000   4092.000000   4185.000000   4451.000000   5873.000000   7983.000000   5503.000000   5907.000000   4472.000000   7482.000000   6269.000000   3333.000000   3999.000000   3751.000000   4029.000000   4103.000000   3078.000000   3999.000000   8719.000000   6697.000000   2215.000000   5324.000000   3869.000000   7050.000000   6062.000000   5687.000000   3167.000000   4426.000000   3747.000000   1726.000000
   711.213684   3623.000000   3701.000000   3958.000000   4096.000000   3548.000000   2975.000000   3721.000000   3547.000000   5140.000000   3000.000000   2185.000000   2894.000000   3424.000000   2827.000000   3473.000000   3662.000000   3236.000000   1560.000000   3604.000000   3649.000000   3718.000000   3941.000000   4020.000000   4123.000000   4269.000000   5856.000000   7849.000000   5355.000000   5713.000000   4360.000000   7219.000000   6404.000000   3390.000000   3954.000000   3754.000000   3882.000000   4013.000000   2998.000000   4161.000000   8634.000000   6422.000000   2215.000000   5222.000000   3884.000000   6913.000000   6119.000000   5522.000000   3120.000000   4404.000000   3711.000000   1667.000000
   712.528625   3583.000000   3813.000000   3818.000000   3885.000000   3554.000000   2907.000000   3665.000000   3410.000000   5073.000000   2891.000000   2094.000000   2870.000000   3422.000000   2844.000000   3445.000000   3718.000000   3104.000000   1517.000000   3508.000000   3627.000000   3627.000000   3663.000000   3987.000000   4106.000000   4289.000000   5797.000000   7649.000000   5508.000000   5793.000000   4117.000000   7082.000000   6296.000000   3241.000000   3967.000000   3578.000000   3975.000000   3917.000000   2924.000000   3982.000000   8477.000000   6479.000000   2254.000000   5214.000000   3927.000000   6778.000000   5821.000000   5578.000000   3036.000000   4393.000000   3596.000000   1614.000000
   713.844116   3661.000000   3549.000000   3740.000000   3807.000000   3422.000000   2940.000000   3665.000000   3467.000000   5012.000000   2951.000000   2071.000000   2952.000000   3361.000000   2830.000000   3466.000000   3607.000000   3188.000000   1424.000000   3405.000000   3559.000000   3766.000000   3779.000000   3975.000000   4128.000000   4121.000000   5750.000000   7596.000000   5545.000000   5783.000000   4118.000000   6952.000000   6083.000000   3266.000000   3884.000000   3692.000000   3955.000000   3929.000000   2870.000000   3907.000000   8324.000000   6301.000000   2225.000000   5053.000000   3880.000000   6687.000000   5725.000000   5332.000000   3047.000000   4234.000000   3688.000000   1566.000000
   715.159973   3553.000000   3569.000000   3596.000000   3902.000000   3362.000000   2910.000000   3614.000000   3392.000000   5003.000000   2876.000000   1963.000000   2897.000000   3337.000000   2651.000000   3413.000000   3514.000000   3027.000000   1421.000000   3372.000000   3469.000000   3681.000000   3710.000000   3949.000000   3962.000000   4104.000000   5537.000000   7419.000000   5339.000000   5408.000000   4099.000000   6862.000000   6000.000000   3115.000000   3821.000000   3600.000000   3803.000000   3917.000000   2936.000000   3987.000000   8078.000000   6305.000000   2271.000000   5117.000000   3588.000000   6569.000000   5501.000000   5362.000000   2986.000000   4289.000000   3514.000000   1552.000000
   716.476379   3344.000000   3502.000000   3477.000000   3827.000000   3418.000000   2772.000000   3606.000000   3245.000000   4965.000000   2634.000000   1846.000000   2851.000000   3250.000000   2705.000000   3209.000000   3451.000000   3022.000000   1405.000000   3421.000000   3425.000000   3505.000000   3614.000000   3822.000000   3946.000000   4041.000000   5497.000000   7159.000000   5218.000000   5567.000000   3966.000000   6709.000000   5942.000000   3090.000000   3755.000000   3441.000000   3873.000000   3783.000000   2817.000000   3859.000000   7789.000000   6052.000000   2169.000000   5170.000000   3765.000000   6336.000000   5439.000000   5157.000000   2981.000000   4121.000000   3504.000000   1530.000000
   717.793274   3363.000000   3394.000000   3500.000000   3781.000000   3223.000000   2808.000000   3455.000000   3199.000000   4680.000000   2655.000000   1881.000000   2673.000000   3238.000000   2677.000000   3219.000000   3517.000000   3070.000000   1418.000000   3309.000000   3325.000000   3510.000000   3601.000000   3757.000000   3799.000000   3970.000000   5460.000000   7111.000000   5053.000000   5391.000000   3983.000000   6495.000000   5696.000000   3170.000000   3800.000000   3431.000000   3820.000000   3649.000000   2797.000000   3768.000000   7717.000000   5855.000000   2007.000000   4917.000000   3633.000000   6302.000000   5489.000000   5066.000000   2943.000000   4072.000000   3435.000000   1508.000000
   719.110718   3364.000000   3313.000000   3404.000000   3694.000000   3275.000000   2757.000000   3406.000000   3121.000000   4741.000000   2709.000000   1809.000000   2760.000000   3126.000000   2595.000000   3102.000000   3479.000000   2989.000000   1287.000000   3250.000000   3287.000000   3459.000000   3501.000000   3756.000000   3761.000000   3895.000000   5393.000000   6923.000000   5127.000000   5252.000000   3824.000000   6650.000000   5640.000000   3048.000000   3688.000000   3434.000000   3713.000000   3634.000000   2802.000000   3787.000000   7776.000000   5747.000000   2004.000000   4986.000000   3545.000000   6259.000000   5287.000000   4849.000000   2944.000000   4073.000000   3432.000000   1437.000000
   720.428528   3229.000000   3385.000000   3365.000000   3703.000000   3148.000000   2664.000000   3444.000000   3020.000000   4738.000000   2496.000000   1816.000000   2774.000000   3062.000000   2606.000000   3199.000000   3335.000000   2905.000000   1311.000000   3142.000000   3260.000000   3419.000000   3575.000000   3714.000000   3758.000000   3938.000000   5307.000000   6896.000000   5030.000000   5182.000000   3821.000000   6461.000000   5715.000000   3018.000000   3763.000000   3369.000000   3596.000000   3686.000000   2741.000000   3633.000000   7615.000000   5640.000000   2054.000000   4790.000000   3518.000000   6111.000000   5218.000000   4959.000000   2883.000000   4000.000000   3382.000000   1490.000000
   721.746826   3151.000000   3411.000000   3466.000000   3667.000000   3267.000000   2651.000000   3321.000000   3014.000000   4735.000000   2581.000000   1796.000000   2622.000000   2981.000000   2511.000000   2986.000000   3363.000000   2842.000000   1340.000000   3127.000000   3354.000000   3353.000000   3404.000000   3712.000000   3704.000000   3938.000000   5345.000000   6966.000000   5020.000000   5291.000000   3639.000000   6289.000000   5612.000000   3066.000000   3573.000000   3463.000000   3609.000000   3536.000000   2734.000000   3642.000000   7522.000000   5497.000000   1942.000000   4815.000000   3392.000000   6218.000000   5100.000000   4961.000000   2777.000000   4040.000000   3164.000000   1498.000000
   723.065613   3250.000000   3195.000000   3394.000000   3318.000000   3154.000000   2682.000000   3315.000000   3068.000000   4533.000000   2471.000000   1783.000000   2411.000000   3001.000000   2552.000000   3060.000000   3285.000000   2913.000000   1319.000000   3184.000000   3333.000000   3377.000000   3424.000000   3630.000000   3676.000000   3891.000000   5359.000000   6641.000000   4825.000000   5043.000000   3754.000000   6204.000000   5466.000000   3084.000000   3661.000000   3365.000000   3615.000000   3540.000000   2654.000000   3556.000000   7436.000000   5537.000000   1904.000000   4768.000000   3296.000000   5906.000000   5075.000000   4785.000000   2774.000000   3945.000000   3338.000000   1425.000000
   724.384888   3135.000000   3315.000000   3426.000000   3597.000000   3057.000000   2520.000000   3176.000000   2969.000000   4393.000000   2447.000000   1705.000000   2607.000000   2866.000000   2490.000000   2974.000000   3217.000000   2786.000000   1320.000000   3066.000000   3275.000000   3273.000000   3284.000000   3568.000000   3609.000000   3885.000000   5210.000000   6798.000000   4798.000000   4957.000000   3698.000000   6072.000000   5455.000000   2993.000000   3701.000000   3305.000000   3654.000000   3562.000000   2699.000000   3630.000000   7313.000000   5433.000000   1988.000000   4616.000000   3360.000000   5890.000000   4979.000000   4747.000000   2765.000000   3882.000000   3207.000000   1472.000000
   725.704712   3135.000000   3424.000000   3360.000000   3431.000000   3070.000000   2633.000000   3230.000000   2926.000000   4404.000000   2494.000000   1760.000000   2553.000000   2816.000000   2392.000000   2838.000000   3270.000000   2784.000000   1272.000000   3090.000000   3225.000000   3226.000000   3292.000000   3562.000000   3692.000000   3769.000000   5052.000000   6595.000000   4659.000000   5024.000000   3517.000000   6159.000000   5435.000000   3070.000000   3571.000000   3357.000000   3665.000000   3487.000000   2681.000000   3585.000000   7024.000000   5516.000000   1912.000000   4633.000000   3368.000000   5868.000000   4932.000000   4688.000000   2727.000000   3875.000000   3277.000000   1360.000000
   727.024902   3132.000000   3276.000000   3367.000000   3363.000000   3029.000000   2560.000000   3231.000000   2813.000000   4355.000000   2469.000000   1607.000000   2473.000000   2780.000000   2357.000000   2942.000000   3214.000000   2772.000000   1274.000000   3018.000000   3062.000000   3161.000000   3316.000000   3641.000000   3672.000000   3796.000000   5050.000000   6436.000000   4810.000000   4865.000000   3585.000000   6013.000000   5286.000000   2947.000000   3574.000000   3331.000000   3661.000000   3557.000000   2691.000000   3568.000000   7030.000000   5230.000000   1851.000000   4693.000000   3272.000000   5872.000000   4996.000000   4687.000000   2729.000000   3771.000000   3190.000000   1371.000000
   728.345581   3039.000000   3174.000000   3360.000000   3310.000000   3046.000000   2665.000000   3187.000000   2941.000000   4283.000000   2527.000000   1600.000000   2535.000000   2848.000000   2379.000000   2849.000000   3238.000000   2859.000000   1240.000000   2973.000000   3044.000000   3112.000000   3312.000000   3422.000000   3668.000000   3795.000000   5104.000000   6388.000000   4746.000000   4897.000000   3650.000000   6002.000000   5396.000000   2976.000000   3500.000000   3283.000000   3761.000000   3387.000000   2600.000000   3596.000000   7031.000000   5216.000000   1789.000000   4484.000000   3282.000000   5821.000000   4754.000000   4585.000000   2703.000000   3791.000000   3180.000000   1478.000000
   729.666687   3025.000000   3243.000000   3203.000000   3403.000000   2993.000000   2448.000000   3163.000000   2790.000000   4344.000000   2439.000000   1707.000000   2396.000000   2774.000000   2307.000000   2900.000000   3262.000000   2890.000000   1236.000000   2991.000000   3058.000000   3246.000000   3474.000000   3474.000000   3558.000000   3707.000000   4971.000000   6220.000000   4701.000000   4766.000000   3501.000000   5838.000000   5187.000000   2948.000000   3435.000000   3256.000000   3552.000000   3479.000000   2671.000000   3497.000000   6703.000000   5163.000000   1791.000000   4577.000000   3272.000000   5788.000000   4819.000000   4591.000000   2660.000000   3808.000000   3276.000000   1412.000000
   730.988525   2955.000000   3139.000000   3269.000000   3355.000000   2911.000000   2476.000000   3158.000000   2844.000000   4241.000000   2386.000000   1583.000000   2384.000000   2889.000000   2255.000000   2876.000000   3162.000000   2756.000000   1281.000000   3049.000000   3092.000000   3160.000000   3365.000000   3493.000000   3439.000000   3693.000000   4927.000000   6193.000000   4388.000000   4766.000000   3364.000000   5905.000000   5067.000000   2954.000000   3470.000000   3220.000000   3689.000000   3308.000000   2540.000000   3409.000000   6826.000000   5086.000000   1759.000000   4470.000000   3216.000000   5639.000000   5004.000000   4637.000000   2607.000000   3700.000000   3138.000000   1430.000000
   732.310730   2982.000000   3279.000000   3124.000000   3190.000000   2897.000000   2429.000000   3012.000000   2814.000000   4272.000000   2282.000000   1625.000000   2423.000000   2772.000000   2350.000000   2855.000000   3101.000000   2836.000000   1239.000000   2991.000000   3082.000000   3227.000000   3255.000000   3465.000000   3471.000000   3598.000000   4708.000000   5740.000000   4311.000000   4544.000000   3239.000000   5627.000000   5073.000000   2816.000000   3332.000000   3125.000000   3537.000000   3360.000000   2605.000000   3435.000000   6561.000000   5015.000000   1708.000000   4508.000000   3147.000000   5601.000000   4778.000000   4467.000000   2648.000000   3609.000000   3195.000000   1360.000000
   733.633301   2854.000000   3165.000000   3160.000000   3305.000000   2928.000000   2536.000000   2999.000000   2734.000000   4260.000000   2393.000000   1522.000000   2254.000000   2752.000000   2233.000000   2656.000000   3165.000000   2676.000000   1237.000000   2927.000000   2943.000000   3066.000000   3176.000000   3309.000000   3339.000000   3478.000000   4555.000000   5819.000000   4116.000000   4347.000000   3240.000000   5449.000000   4866.000000   2688.000000   3276.000000   3141.000000   3566.000000   3298.000000   2472.000000   3484.000000   6436.000000   4932.000000   1658.000000   4623.000000   3153.000000   5444.000000   4625.000000   4165.000000   2626.000000   3580.000000   3070.000000   1363.000000
   734.956421   2809.000000   3061.000000   3006.000000   3255.000000   2727.000000   2342.000000   3062.000000   2678.000000   4026.000000   2219.000000   1544.000000   2306.000000   2618.000000   2189.000000   2688.000000   3071.000000   2761.000000   1155.000000   2847.000000   2942.000000   3191.000000   3256.000000   3274.000000   3177.000000   3339.000000   4035.000000   5442.000000   3883.000000   4103.000000   3050.000000   5190.000000   4777.000000   2770.000000   3287.000000   3119.000000   3446.000000   3250.000000   2581.000000   3430.000000   6322.000000   4906.000000   1744.000000   4338.000000   3065.000000   5272.000000   4411.000000   4159.000000   2562.000000   3432.000000   3142.000000   1310.000000
   736.280029   2766.000000   3109.000000   3118.000000   3212.000000   2772.000000   2379.000000   2972.000000   2676.000000   4099.000000   2153.000000   1415.000000   2220.000000   2573.000000   2101.000000   2626.000000   3076.000000   2642.000000   1146.000000   2740.000000   2961.000000   3195.000000   3158.000000   3191.000000   3165.000000   3282.000000   3989.000000   5246.000000   3792.000000   4118.000000   3120.000000   5074.000000   4528.000000   2688.000000   3220.000000   2990.000000   3484.000000   3085.000000   2468.000000   3244.000000   6247.000000   4618.000000   1598.000000   4189.000000   2988.000000   5182.000000   4363.000000   4045.000000   2468.000000   3526.000000   2993.000000   1407.000000
   737.604126   2777.000000   3040.000000   3050.000000   3084.000000   2739.000000   2335.000000   2916.000000   2575.000000   3929.000000   2151.000000   1386.000000   2153.000000   2561.000000   2111.000000   2629.000000   2900.000000   2671.000000   1157.000000   2674.000000   2906.000000   3075.000000   3199.000000   3165.000000   3096.000000   3194.000000   3783.000000   5095.000000   3609.000000   3932.000000   3040.000000   4961.000000   4370.000000   2741.000000   3144.000000   3027.000000   3333.000000   3204.000000   2423.000000   3165.000000   6072.000000   4571.000000   1620.000000   4144.000000   2968.000000   5129.000000   4304.000000   3894.000000   2460.000000   3518.000000   2855.000000   1323.000000
   738.928589   2691.000000   2913.000000   2867.000000   3002.000000   2654.000000   2278.000000   2802.000000   2408.000000   3881.000000   2112.000000   1458.000000   2092.000000   2481.000000   2121.000000   2575.000000   2953.000000   2498.000000   1110.000000   2711.000000   2891.000000   3087.000000   3061.000000   3007.000000   2944.000000   3185.000000   3828.000000   4848.000000   3482.000000   3795.000000   2962.000000   4615.000000   4247.000000   2657.000000   3141.000000   2995.000000   3337.000000   3125.000000   2313.000000   3216.000000   6021.000000   4514.000000   1643.000000   4159.000000   2882.000000   5223.000000   4278.000000   3779.000000   2429.000000   3368.000000   2788.000000   1316.000000
   740.253723   2754.000000   2929.000000   2838.000000   3009.000000   2562.000000   2289.000000   2795.000000   2492.000000   3828.000000   2089.000000   1313.000000   2095.000000   2504.000000   1973.000000   2549.000000   2955.000000   2584.000000   1126.000000   2568.000000   2922.000000   2973.000000   2938.000000   2967.000000   2892.000000   3169.000000   3810.000000   4743.000000   3321.000000   3885.000000   2912.000000   4593.000000   4230.000000   2589.000000   3195.000000   2887.000000   3249.000000   3038.000000   2301.000000   3185.000000   5644.000000   4488.000000   1516.000000   4148.000000   2937.000000   5046.000000   4148.000000   3694.000000   2528.000000   3406.000000   2735.000000   1223.000000
   741.579224   2538.000000   2803.000000   2905.000000   2805.000000   2422.000000   2248.000000   2600.000000   2417.000000   3826.000000   2000.000000   1350.000000   2032.000000   2448.000000   2021.000000   2621.000000   2817.000000   2467.000000   1153.000000   2549.000000   2770.000000   2889.000000   2950.000000   2961.000000   2823.000000   3037.000000   3765.000000   4721.000000   3486.000000   3772.000000   2763.000000   4513.000000   4138.000000   2696.000000   3159.000000   2976.000000   3236.000000   2912.000000   2348.000000   3093.000000   5582.000000   4370.000000   1606.000000   3919.000000   2884.000000   4937.000000   4147.000000   3632.000000   2327.000000   3289.000000   2876.000000   1286.000000
   742.905212   2470.000000   2825.000000   2825.000000   2752.000000   2444.000000   2183.000000   2693.000000   2360.000000   3614.000000   1951.000000   1337.000000   1978.000000   2352.000000   1984.000000   2488.000000   2677.000000   2440.000000   1104.000000   2510.000000   2720.000000   2918.000000   2858.000000   2936.000000   2844.000000   3034.000000   3727.000000   4678.000000   3448.000000   3812.000000   2715.000000   4333.000000   4019.000000   2681.000000   3154.000000   2786.000000   3200.000000   2937.000000   2228.000000   2952.000000   5503.000000   4219.000000   1558.000000   3799.000000   2742.000000   4855.000000   4073.000000   3490.000000   2347.000000   3286.000000   2750.000000   1295.000000
   744.231689   2524.000000   2785.000000   2665.000000   2757.000000   2380.000000   2156.000000   2651.000000   2308.000000   3717.000000   1935.000000   1328.000000   1983.000000   2283.000000   1895.000000   2485.000000   2779.000000   2494.000000   1072.000000   2461.000000   2586.000000   2880.000000   2814.000000   2773.000000   2898.000000   3011.000000   3753.000000   4811.000000   3311.000000   3789.000000   2632.000000   4363.000000   4162.000000   2619.000000   3037.000000   2793.000000   3000.000000   2839.000000   2301.000000   2960.000000   5401.000000   4164.000000   1461.000000   3826.000000   2629.000000   4690.000000   3895.000000   3559.000000   2244.000000   3064.000000   2728.000000   1224.000000
   745.558716   2380.000000   2707.000000   2703.000000   2795.000000   2342.000000   2117.000000   2546.000000   2233.000000   3601.000000   1868.000000   1219.000000   1894.000000   2363.000000   1940.000000   2331.000000   2698.000000   2289.000000   1015.000000   2378.000000   2578.000000   2743.000000   2731.000000   2906.000000   2894.000000   3026.000000   3954.000000   4725.000000   3444.000000   3684.000000   2666.000000   4416.000000   4015.000000   2564.000000   3148.000000   2667.000000   2983.000000   2785.000000   2182.000000   2934.000000   5178.000000   4000.000000   1408.000000   3644.000000   2569.000000   4587.000000   3775.000000   3332.000000   2292.000000   3084.000000   2557.000000   1210.000000
   746.886108   2341.000000   2562.000000   2593.000000   2660.000000   2252.000000   2062.000000   2552.000000   2239.000000   3539.000000   1839.000000   1270.000000   1795.000000   2290.000000   1876.000000   2229.000000   2627.000000   2324.000000   1035.000000   2539.000000   2585.000000   2638.000000   2848.000000   2751.000000   2924.000000   2955.000000   3794.000000   4622.000000   3411.000000   3704.000000   2732.000000   4234.000000   4120.000000   2427.000000   3058.000000   2758.000000   2899.000000   2757.000000   2166.000000   2821.000000   5124.000000   3850.000000   1413.000000   3553.000000   2572.000000   4544.000000   3548.000000   3298.000000   2175.000000   3050.000000   2461.000000   1176.000000
   748.213989   2229.000000   2449.000000   2486.000000   2589.000000   2291.000000   1919.000000   2459.000000   2030.000000   3389.000000   1825.000000   1266.000000   1788.000000   2133.000000   1840.000000   2278.000000   2654.000000   2245.000000   1001.000000   2237.000000   2459.000000   2578.000000   2649.000000   2787.000000   2707.000000   2980.000000   3747.000000   4725.000000   3358.000000   3654.000000   2624.000000   4169.000000   4095.000000   2435.000000   2871.000000   2674.000000   2884.000000   2734.000000   2003.000000   2700.000000   4867.000000   3966.000000   1453.000000   3504.000000   2598.000000   4214.000000   3508.000000   3376.000000   2132.000000   2954.000000   2451.000000   1148.000000
   749.542419   2204.000000   2499.000000   2522.000000   2529.000000   2109.000000   1924.000000   2364.000000   2031.000000   3330.000000   1708.000000   1156.000000   1725.000000   2085.000000   1826.000000   2220.000000   2629.000000   2165.000000    966.000000   2282.000000   2490.000000   2502.000000   2628.000000   2717.000000   2687.000000   2875.000000   3713.000000   4461.000000   3420.000000   3678.000000   2553.000000   4146.000000   3909.000000   2454.000000   2958.000000   2594.000000   2779.000000   2642.000000   2057.000000   2618.000000   4761.000000   3737.000000   1346.000000   3379.000000   2483.000000   3987.000000   3378.000000   3298.000000   2060.000000   2883.000000   2443.000000   1086.000000
   750.871277   2168.000000   2297.000000   2306.000000   2406.000000   2180.000000   1937.000000   2378.000000   1962.000000   3268.000000   1643.000000   1221.000000   1736.000000   2032.000000   1805.000000   2168.000000   2511.000000   2215.000000    846.000000   2266.000000   2358.000000   2505.000000   2577.000000   2635.000000   2677.000000   2782.000000   3719.000000   4407.000000   3353.000000   3589.000000   2541.000000   3969.000000   3925.000000   2317.000000   2882.000000   2572.000000   2732.000000   2568.000000   2028.000000   2558.000000   4613.000000   3734.000000   1283.000000   3403.000000   2388.000000   3983.000000   3438.000000   3251.000000   2002.000000   2698.000000   2294.000000   1100.000000
   752.200623   2125.000000   2357.000000   2337.000000   2380.000000   2027.000000   1838.000000   2258.000000   1990.000000   3089.000000   1623.000000   1030.000000   1710.000000   1905.000000   1697.000000   2100.000000   2532.000000   1991.000000    918.000000   2208.000000   2397.000000   2438.000000   2491.000000   2671.000000   2721.000000   2810.000000   3598.000000   4421.000000   3319.000000   3522.000000   2480.000000   3968.000000   3797.000000   2357.000000   2748.000000   2503.000000   2751.000000   2489.000000   2035.000000   2589.000000   4524.000000   3519.000000   1299.000000   3386.000000   2357.000000   3847.000000   3137.000000   3243.000000   1984.000000   2583.000000   2356.000000   1026.000000
   753.530518   2052.000000   2316.000000   2302.000000   2347.000000   2055.000000   1812.000000   2204.000000   1944.000000   3116.000000   1588.000000   1143.000000   1634.000000   1999.000000   1688.000000   2060.000000   2454.000000   2152.000000    904.000000   2107.000000   2340.000000   2445.000000   2439.000000   2687.000000   2746.000000   2911.000000   3628.000000   4311.000000   3194.000000   3482.000000   2421.000000   3931.000000   3743.000000   2283.000000   2825.000000   2429.000000   2686.000000   2563.000000   2008.000000   2487.000000   4356.000000   3571.000000   1276.000000   3349.000000   2403.000000   3638.000000   3016.000000   3307.000000   1988.000000   2650.000000   2263.000000   1093.000000
   754.860779   2054.000000   2219.000000   2256.000000   2288.000000   1943.000000   1757.000000   2188.000000   1919.000000   3148.000000   1635.000000   1066.000000   1550.000000   2012.000000   1676.000000   2123.000000   2393.000000   1986.000000    875.000000   1983.000000   2240.000000   2300.000000   2366.000000   2531.000000   2677.000000   2687.000000   3578.000000   4325.000000   3253.000000   3386.000000   2364.000000   3885.000000   3811.000000   2263.000000   2599.000000   2498.000000   2682.000000   2537.000000   1902.000000   2539.000000   4316.000000   3434.000000   1257.000000   3151.000000   2301.000000   3656.000000   3003.000000   3169.000000   2021.000000   2640.000000   2239.000000   1090.000000
   756.191589   1955.000000   2248.000000   2253.000000   2422.000000   1942.000000   1780.000000   2101.000000   1876.000000   3058.000000   1553.000000   1111.000000   1539.000000   1961.000000   1690.000000   2083.000000   2372.000000   1975.000000    910.000000   1963.000000   2297.000000   2399.000000   2487.000000   2599.000000   2595.000000   2724.000000   3502.000000   4295.000000   3092.000000   3341.000000   2427.000000   3834.000000   3795.000000   2211.000000   2687.000000   2429.000000   2574.000000   2358.000000   1852.000000   2453.000000   4266.000000   3350.000000   1182.000000   3159.000000   2173.000000   3638.000000   3034.000000   3094.000000   2031.000000   2606.000000   2290.000000   1066.000000
   757.522888   1916.000000   2316.000000   2175.000000   2264.000000   1898.000000   1767.000000   2133.000000   1851.000000   2957.000000   1493.000000   1025.000000   1534.000000   1869.000000   1693.000000   1909.000000   2258.000000   1973.000000    877.000000   1890.000000   2195.000000   2207.000000   2445.000000   2413.000000   2625.000000   2727.000000   3440.000000   4021.000000   3170.000000   3260.000000   2374.000000   3829.000000   3759.000000   2080.000000   2752.000000   2362.000000   2571.000000   2456.000000   1877.000000   2378.000000   4131.000000   3339.000000   1205.000000   3088.000000   2289.000000   3522.000000   2830.000000   2981.000000   1871.000000   2533.000000   2210.000000   1035.000000
   758.854614   1909.000000   2178.000000   2177.000000   2191.000000   1858.000000   1750.000000   1963.000000   1776.000000   3046.000000   1507.000000   1000.000000   1532.000000   1880.000000   1590.000000   1911.000000   2302.000000   1953.000000    847.000000   1893.000000   2194.000000   2201.000000   2253.000000   2419.000000   2526.000000   2511.000000   3426.000000   3941.000000   2971.000000   3283.000000   2278.000000   3644.000000   3553.000000   2199.000000   2653.000000   2449.000000   2470.000000   2381.000000   1771.000000   2453.000000   3944.000000   3259.000000   1203.000000   3013.000000   2132.000000   3565.000000   2891.000000   2897.000000   1913.000000   2442.000000   2113.000000   1065.000000
   760.186890   1799.000000   2103.000000   2157.000000   2185.000000   1823.000000   1698.000000   1871.000000   1786.000000   2929.000000   1475.000000    994.000000   1486.000000   1719.000000   1515.000000   1883.000000   2259.000000   1903.000000    815.000000   1928.000000   2196.000000   2323.000000   2250.000000   2428.000000   2431.000000   2703.000000   3401.000000   3886.000000   3043.000000   3180.000000   2231.000000   3590.000000   3611.000000   2222.000000   2568.000000   2410.000000   2536.000000   2326.000000   1764.000000   2305.000000   4137.000000   3328.000000   1129.000000   3032.000000   2256.000000   3502.000000   2725.000000   2959.000000   1865.000000   2409.000000   2044.000000   1032.000000
   761.519592   1937.000000   2135.000000   2100.000000   2072.000000   1839.000000   1680.000000   2048.000000   1819.000000   2816.000000   1454.000000    998.000000   1463.000000   1796.000000   1598.000000   1841.000000   2180.000000   1915.000000    809.000000   1922.000000   2024.000000   2243.000000   2233.000000   2428.000000   2456.000000   2630.000000   3314.000000   3761.000000   2938.000000   3174.000000   2234.000000   3500.000000   3444.000000   2197.000000   2626.000000   2403.000000   2393.000000   2322.000000   1857.000000   2269.000000   3905.000000   3111.000000   1127.000000   3037.000000   2178.000000   3434.000000   2757.000000   2990.000000   1837.000000   2434.000000   2192.000000    952.000000
   762.852783   1905.000000   2015.000000   2066.000000   2020.000000   1812.000000   1589.000000   1978.000000   1756.000000   2800.000000   1369.000000    950.000000   1393.000000   1661.000000   1517.000000   1888.000000   2180.000000   1848.000000    853.000000   1844.000000   2068.000000   2043.000000   2202.000000   2376.000000   2526.000000   2547.000000   3205.000000   3887.000000   2835.000000   3152.000000   2271.000000   3484.000000   3451.000000   2102.000000   2617.000000   2261.000000   2430.000000   2289.000000   1676.000000   2250.000000   3704.000000   3202.000000   1090.000000   2849.000000   2104.000000   3445.000000   2742.000000   2838.000000   1777.000000   2352.000000   2007.000000    979.000000
   764.186523   1818.000000   2000.000000   2054.000000   2103.000000   1731.000000   1666.000000   1954.000000   1772.000000   2851.000000   1372.000000    955.000000   1415.000000   1666.000000   1490.000000   1793.000000   2113.000000   1960.000000    824.000000   1878.000000   2040.000000   2125.000000   2219.000000   2441.000000   2388.000000   2544.000000   3269.000000   3835.000000   2990.000000   3146.000000   2155.000000   3469.000000   3534.000000   2170.000000   2564.000000   2259.000000   2409.000000   2237.000000   1744.000000   2326.000000   3768.000000   3041.000000   1054.000000   2938.000000   2037.000000   3341.000000   2733.000000   2794.000000   1730.000000   2345.000000   2020.000000    983.000000
   765.520630   1798.000000   1974.000000   1948.000000   2034.000000   1747.000000   1661.000000   1971.000000   1672.000000   2784.000000   1363.000000    996.000000   1420.000000   1631.000000   1444.000000   1837.000000   1976.000000   1890.000000    762.000000   1826.000000   2131.000000   2118.000000   2174.000000   2306.000000   2454.000000   2560.000000   3221.000000   3729.000000   2986.000000   3046.000000   2207.000000   3366.000000   3490.000000   2087.000000   2515.000000   2232.000000   2432.000000   2068.000000   1780.000000   2212.000000   3718.000000   2957.000000   1072.000000   2778.000000   1994.000000   3449.000000   2785.000000   2793.000000   1819.000000   2348.000000   1920.000000    931.000000
   766.855286   1717.000000   1956.000000   1956.000000   2072.000000   1745.000000   1610.000000   1923.000000   1786.000000   2720.000000   1382.000000    950.000000   1356.000000   1687.000000   1435.000000   1832.000000   2133.000000   1898.000000    800.000000   1793.000000   2033.000000   2186.000000   2166.000000   2271.000000   2380.000000   2447.000000   3274.000000   3783.000000   2839.000000   3102.000000   2143.000000   3363.000000   3459.000000   2176.000000   2521.000000   2231.000000   2377.000000   2136.000000   1767.000000   2284.000000   3635.000000   2956.000000   1061.000000   2734.000000   1977.000000   3299.000000   2782.000000   2869.000000   1843.000000   2309.000000   2040.000000    984.000000
   768.190430   1732.000000   2090.000000   1898.000000   1986.000000   1765.000000   1688.000000   1888.000000   1697.000000   2636.000000   1352.000000    880.000000   1390.000000   1642.000000   1462.000000   1737.000000   2132.000000   1820.000000    773.000000   1858.000000   1971.000000   2063.000000   2212.000000   2253.000000   2382.000000   2568.000000   3112.000000   3763.000000   2811.000000   3001.000000   2130.000000   3297.000000   3338.000000   2018.000000   2492.000000   2219.000000   2450.000000   2126.000000   1761.000000   2170.000000   3548.000000   2861.000000   1040.000000   2827.000000   1996.000000   3255.000000   2691.000000   2816.000000   1803.000000   2282.000000   1994.000000    919.000000
   769.526001   1804.000000   1959.000000   1830.000000   2000.000000   1725.000000   1510.000000   1847.000000   1605.000000   2657.000000   1296.000000    877.000000   1321.000000   1616.000000   1391.000000   1776.000000   2202.000000   1733.000000    711.000000   1775.000000   2003.000000   2179.000000   2254.000000   2335.000000   2302.000000   2349.000000   3114.000000   3516.000000   2747.000000   2948.000000   2047.000000   3112.000000   3188.000000   2010.000000   2400.000000   2112.000000   2262.000000   2082.000000   1709.000000   2138.000000   3541.000000   2909.000000   1002.000000   2745.000000   1954.000000   3228.000000   2656.000000   2732.000000   1762.000000   2320.000000   1907.000000    912.000000
   770.862122   1683.000000   1933.000000   1803.000000   1914.000000   1696.000000   1623.000000   1833.000000   1512.000000   2670.000000   1292.000000    856.000000   1281.000000   1605.000000   1366.000000   1672.000000   2028.000000   1793.000000    733.000000   1726.000000   1975.000000   1979.000000   2112.000000   2216.000000   2263.000000   2382.000000   3036.000000   3564.000000   2626.000000   2880.000000   2095.000000   3093.000000   3263.000000   1861.000000   2417.000000   2107.000000   2348.000000   1968.000000   1654.000000   2040.000000   3392.000000   2714.000000   1030.000000   2718.000000   1928.000000   3250.000000   2575.000000   2672.000000   1657.000000   2218.000000   1972.000000    912.000000
   772.198608   1646.000000   1870.000000   1787.000000   1924.000000   1514.000000   1520.000000   1751.000000   1593.000000   2551.000000   1271.000000    817.000000   1258.000000   1533.000000   1408.000000   1663.000000   2027.000000   1721.000000    712.000000   1655.000000   1902.000000   1947.000000   2020.000000   2234.000000   2248.000000   2365.000000   3100.000000   3462.000000   2601.000000   2907.000000   2010.000000   3168.000000   3347.000000   2027.000000   2359.000000   2190.000000   2235.000000   2027.000000   1678.000000   2137.000000   3339.000000   2781.000000    951.000000   2710.000000   1991.000000   3113.000000   2573.000000   2605.000000   1607.000000   2250.000000   1862.000000    928.000000
   773.535583   1682.000000   1899.000000   1790.000000   1832.000000   1555.000000   1549.000000   1733.000000   1577.000000   2490.000000   1233.000000    830.000000   1219.000000   1518.000000   1313.000000   1607.000000   1953.000000   1677.000000    731.000000   1670.000000   1829.000000   1986.000000   2009.000000   2157.000000   2131.000000   2372.000000   3006.000000   3475.000000   2693.000000   2832.000000   2006.000000   3048.000000   3250.000000   1915.000000   2348.000000   2032.000000   2240.000000   1948.000000   1674.000000   1994.000000   3214.000000   2670.000000    880.000000   2573.000000   1931.000000   2946.000000   2448.000000   2598.000000   1617.000000   2188.000000   1938.000000    884.000000
   774.873230   1519.000000   1794.000000   1632.000000   1862.000000   1499.000000   1513.000000   1800.000000   1565.000000   2450.000000   1187.000000    803.000000   1221.000000   1485.000000   1305.000000   1576.000000   1927.000000   1684.000000    720.000000   1636.000000   1954.000000   1931.000000   1988.000000   2032.000000   2136.000000   2354.000000   2908.000000   3375.000000   2528.000000   2679.000000   1924.000000   3005.000000   3060.000000   1912.000000   2387.000000   2059.000000   2227.000000   1905.000000   1586.000000   1999.000000   3192.000000   2666.000000    992.000000   2551.000000   1922.000000   3096.000000   2378.000000   2529.000000   1588.000000   2120.000000   1818.000000    938.000000
   776.211182   1606.000000   1784.000000   1561.000000   1783.000000   1444.000000   1414.000000   1590.000000   1457.000000   2327.000000   1174.000000    850.000000   1219.000000   1451.000000   1232.000000   1596.000000   1841.000000   1699.000000    722.000000   1650.000000   1860.000000   1895.000000   1992.000000   2112.000000   2167.000000   2284.000000   2760.000000   3342.000000   2471.000000   2696.000000   1823.000000   2817.000000   3065.000000   1826.000000   2240.000000   1965.000000   2121.000000   1946.000000   1580.000000   1961.000000   3122.000000   2588.000000    917.000000   2583.000000   1824.000000   2984.000000   2283.000000   2493.000000   1527.000000   2068.000000   1794.000000    847.000000
   777.549683   1521.000000   1816.000000   1557.000000   1809.000000   1486.000000   1482.000000   1607.000000   1556.000000   2371.000000   1130.000000    813.000000   1158.000000   1429.000000   1208.000000   1559.000000   1812.000000   1592.000000    705.000000   1624.000000   1824.000000   1846.000000   1888.000000   2036.000000   2063.000000   2263.000000   2795.000000   3291.000000   2476.000000   2641.000000   1822.000000   2791.000000   2994.000000   1736.000000   2172.000000   1984.000000   2013.000000   1818.000000   1570.000000   1894.000000   2917.000000   2599.000000    894.000000   2499.000000   1909.000000   2800.000000   2208.000000   2436.000000   1518.000000   2072.000000   1717.000000    928.000000
   778.888672   1507.000000   1632.000000   1557.000000   1713.000000   1463.000000   1493.000000   1628.000000   1443.000000   2292.000000   1127.000000    739.000000   1158.000000   1414.000000   1212.000000   1481.000000   1746.000000   1534.000000    626.000000   1523.000000   1791.000000   1771.000000   1879.000000   2040.000000   1992.000000   2249.000000   2763.000000   3163.000000   2323.000000   2602.000000   1861.000000   2673.000000   2807.000000   1806.000000   2138.000000   1922.000000   1931.000000   1828.000000   1515.000000   1805.000000   2895.000000   2506.000000    859.000000   2493.000000   1822.000000   2659.000000   2191.000000   2437.000000   1542.000000   2053.000000   1743.000000    823.000000
   780.228088   1467.000000   1746.000000   1521.000000   1684.000000   1387.000000   1318.000000   1580.000000   1461.000000   2223.000000   1076.000000    761.000000   1152.000000   1418.000000   1143.000000   1551.000000   1806.000000   1580.000000    598.000000   1526.000000   1706.000000   1870.000000   1868.000000   1889.000000   1979.000000   2179.000000   2581.000000   3100.000000   2268.000000   2521.000000   1698.000000   2635.000000   2851.000000   1855.000000   2078.000000   1888.000000   2004.000000   1766.000000   1406.000000   1782.000000   2780.000000   2422.000000    866.000000   2418.000000   1611.000000   2766.000000   2194.000000   2355.000000   1561.000000   1960.000000   1693.000000    873.000000
   781.567993   1530.000000   1683.000000   1530.000000   1671.000000   1385.000000   1294.000000   1509.000000   1400.000000   2237.000000   1084.000000    672.000000   1076.000000   1373.000000   1134.000000   1475.000000   1703.000000   1536.000000    605.000000   1445.000000   1714.000000   1736.000000   1852.000000   1929.000000   1875.000000   2115.000000   2580.000000   2961.000000   2296.000000   2422.000000   1745.000000   2592.000000   2850.000000   1782.000000   2071.000000   1824.000000   1999.000000   1772.000000   1418.000000   1780.000000   2767.000000   2451.000000    897.000000   2297.000000   1751.000000   2701.000000   2125.000000   2177.000000   1485.000000   1976.000000   1730.000000    813.000000
   782.908386   1418.000000   1612.000000   1490.000000   1578.000000   1389.000000   1288.000000   1501.000000   1386.000000   2120.000000   1090.000000    733.000000   1056.000000   1268.000000   1089.000000   1385.000000   1744.000000   1473.000000    638.000000   1447.000000   1698.000000   1738.000000   1728.000000   1864.000000   1935.000000   2129.000000   2550.000000   2807.000000   2191.000000   2374.000000   1726.000000   2411.000000   2773.000000   1734.000000   2080.000000   1786.000000   1917.000000   1723.000000   1382.000000   1814.000000   2699.000000   2354.000000    789.000000   2460.000000   1640.000000   2534.000000   2097.000000   2207.000000   1378.000000   1965.000000   1574.000000    797.000000
   784.249329   1364.000000   1620.000000   1483.000000   1548.000000   1358.000000   1344.000000   1565.000000   1343.000000   2158.000000   1023.000000    687.000000   1033.000000   1320.000000   1167.000000   1393.000000   1610.000000   1489.000000    608.000000   1444.000000   1669.000000   1726.000000   1697.000000   1883.000000   1878.000000   1989.000000   2392.000000   2778.000000   2177.000000   2278.000000   1664.000000   2418.000000   2730.000000   1602.000000   2066.000000   1788.000000   1893.000000   1687.000000   1382.000000   1675.000000   2638.000000   2320.000000    803.000000   2287.000000   1664.000000   2581.000000   1971.000000   2207.000000   1404.000000   1862.000000   1591.000000    785.000000
   785.590576   1258.000000   1482.000000   1494.000000   1508.000000   1241.000000   1259.000000   1436.000000   1288.000000   2051.000000    987.000000    689.000000   1059.000000   1272.000000   1027.000000   1377.000000   1678.000000   1482.000000    586.000000   1329.000000   1643.000000   1656.000000   1722.000000   1878.000000   1853.000000   1986.000000   2417.000000   2882.000000   2175.000000   2301.000000   1547.000000   2391.000000   2714.000000   1679.000000   2022.000000   1784.000000   1912.000000   1732.000000   1346.000000   1669.000000   2667.000000   2249.000000    749.000000   2286.000000   1588.000000   2358.000000   1958.000000   2050.000000   1448.000000   1894.000000   1592.000000    749.000000
   786.932495   1325.000000   1522.000000   1498.000000   1535.000000   1281.000000   1224.000000   1402.000000   1283.000000   2031.000000    966.000000    634.000000    972.000000   1246.000000   1184.000000   1269.000000   1546.000000   1447.000000    620.000000   1364.000000   1546.000000   1616.000000   1727.000000   1741.000000   1834.000000   2064.000000   2324.000000   2832.000000   2167.000000   2242.000000   1534.000000   2436.000000   2561.000000   1619.000000   1952.000000   1728.000000   1801.000000   1655.000000   1397.000000   1676.000000   2511.000000   2217.000000    749.000000   2149.000000   1558.000000   2487.000000   1963.000000   2072.000000   1328.000000   1891.000000   1533.000000    757.000000
   788.274780   1228.000000   1367.000000   1401.000000   1448.000000   1214.000000   1239.000000   1514.000000   1193.000000   1949.000000    923.000000    649.000000    972.000000   1268.000000   1067.000000   1352.000000   1606.000000   1434.000000    577.000000   1315.000000   1553.000000   1652.000000   1687.000000   1725.000000   1779.000000   1938.000000   2262.000000   2595.000000   2093.000000   2246.000000   1558.000000   2343.000000   2512.000000   1722.000000   1905.000000   1716.000000   1821.000000   1604.000000   1352.000000   1574.000000   2484.000000   2145.000000    775.000000   2069.000000   1528.000000   2353.000000   1953.000000   1974.000000   1329.000000   1727.000000   1513.000000    787.000000
   789.617615   1350.000000   1413.000000   1490.000000   1476.000000   1279.000000   1207.000000   1367.000000   1185.000000   1957.000000    939.000000    590.000000    983.000000   1222.000000   1009.000000   1308.000000   1579.000000   1324.000000    594.000000   1239.000000   1511.000000   1588.000000   1590.000000   1795.000000   1845.000000   1939.000000   2265.000000   2532.000000   2061.000000   2200.000000   1501.000000   2193.000000   2508.000000   1520.000000   1933.000000   1733.000000   1751.000000   1627.000000   1330.000000   1516.000000   2477.000000   2032.000000    717.000000   2130.000000   1597.000000   2217.000000   1749.000000   1974.000000   1324.000000   1733.000000   1458.000000    740.000000
   790.960876   1255.000000   1417.000000   1420.000000   1430.000000   1176.000000   1057.000000   1421.000000   1263.000000   1866.000000    938.000000    556.000000    901.000000   1219.000000   1009.000000   1211.000000   1528.000000   1354.000000    577.000000   1247.000000   1541.000000   1506.000000   1523.000000   1739.000000   1703.000000   1898.000000   2285.000000   2554.000000   1986.000000   2179.000000   1463.000000   2209.000000   2366.000000   1500.000000   1871.000000   1657.000000   1775.000000   1543.000000   1283.000000   1653.000000   2422.000000   2001.000000    719.000000   2036.000000   1430.000000   2164.000000   1794.000000   1961.000000   1320.000000   1677.000000   1494.000000    713.000000
   792.304626   1260.000000   1405.000000   1352.000000   1432.000000   1192.000000   1148.000000   1277.000000   1158.000000   1828.000000    894.000000    618.000000    899.000000   1123.000000    989.000000   1223.000000   1508.000000   1303.000000    517.000000   1283.000000   1434.000000   1440.000000   1617.000000   1755.000000   1666.000000   1763.000000   2164.000000   2416.000000   1880.000000   2036.000000   1411.000000   2040.000000   2271.000000   1503.000000   1840.000000   1576.000000   1696.000000   1571.000000   1235.000000   1529.000000   2395.000000   2000.000000    717.000000   2047.000000   1437.000000   2179.000000   1775.000000   1828.000000   1222.000000   1719.000000   1433.000000    706.000000
   793.648926   1134.000000   1315.000000   1364.000000   1358.000000   1174.000000   1130.000000   1337.000000   1182.000000   1870.000000    867.000000    581.000000    846.000000   1150.000000    949.000000   1210.000000   1433.000000   1309.000000    522.000000   1207.000000   1504.000000   1449.000000   1592.000000   1645.000000   1734.000000   1842.000000   2241.000000   2392.000000   1872.000000   2065.000000   1363.000000   2043.000000   2362.000000   1424.000000   1743.000000   1521.000000   1716.000000   1528.000000   1270.000000   1477.000000   2290.000000   2005.000000    676.000000   2026.000000   1474.000000   2128.000000   1701.000000   1817.000000   1289.000000   1557.000000   1427.000000    705.000000
   794.993591   1173.000000   1301.000000   1303.000000   1382.000000   1157.000000   1117.000000   1244.000000   1050.000000   1815.000000    827.000000    550.000000    835.000000   1144.000000    890.000000   1174.000000   1474.000000   1311.000000    530.000000   1243.000000   1373.000000   1451.000000   1495.000000   1663.000000   1666.000000   1767.000000   2155.000000   2363.000000   1930.000000   2003.000000   1298.000000   2042.000000   2272.000000   1512.000000   1812.000000   1586.000000   1666.000000   1445.000000   1269.000000   1463.000000   2229.000000   1866.000000    597.000000   1929.000000   1403.000000   2031.000000   1661.000000   1820.000000   1166.000000   1630.000000   1365.000000    683.000000
   796.338806   1128.000000   1305.000000   1299.000000   1343.000000   1040.000000   1082.000000   1283.000000   1169.000000   1822.000000    834.000000    551.000000    843.000000   1095.000000    929.000000   1139.000000   1402.000000   1293.000000    510.000000   1150.000000   1372.000000   1458.000000   1508.000000   1600.000000   1691.000000   1777.000000   2043.000000   2280.000000   1810.000000   1957.000000   1373.000000   2009.000000   2256.000000   1426.000000   1805.000000   1548.000000   1679.000000   1484.000000   1213.000000   1420.000000   2188.000000   1867.000000    602.000000   1908.000000   1455.000000   2063.000000   1700.000000   1847.000000   1193.000000   1588.000000   1430.000000    647.000000
   797.684387   1133.000000   1298.000000   1229.000000   1330.000000   1103.000000   1019.000000   1233.000000   1059.000000   1719.000000    830.000000    593.000000    860.000000   1000.000000    901.000000   1158.000000   1300.000000   1297.000000    470.000000   1154.000000   1437.000000   1375.000000   1411.000000   1565.000000   1667.000000   1682.000000   2036.000000   2164.000000   1772.000000   1867.000000   1307.000000   1940.000000   2069.000000   1522.000000   1800.000000   1468.000000   1625.000000   1443.000000   1214.000000   1441.000000   2118.000000   1814.000000    645.000000   1825.000000   1365.000000   2005.000000   1591.000000   1778.000000   1165.000000   1612.000000   1354.000000    671.000000
   799.030579   1071.000000   1292.000000   1222.000000   1252.000000   1058.000000   1161.000000   1235.000000    992.000000   1694.000000    860.000000    532.000000    815.000000   1028.000000    849.000000   1146.000000   1335.000000   1271.000000    456.000000   1123.000000   1370.000000   1349.000000   1434.000000   1534.000000   1627.000000   1695.000000   1964.000000   2174.000000   1764.000000   1799.000000   1308.000000   1877.000000   2143.000000   1500.000000   1678.000000   1477.000000   1574.000000   1417.000000   1202.000000   1470.000000   2058.000000   1799.000000    660.000000   1895.000000   1362.000000   1961.000000   1568.000000   1799.000000   1178.000000   1589.000000   1402.000000    680.000000
   800.377319   1207.000000   1162.000000   1167.000000   1300.000000   1051.000000   1057.000000   1171.000000   1078.000000   1626.000000    834.000000    495.000000    812.000000   1036.000000    826.000000   1076.000000   1356.000000   1275.000000    479.000000   1134.000000   1344.000000   1365.000000   1408.000000   1507.000000   1542.000000   1658.000000   2003.000000   2217.000000   1679.000000   1803.000000   1226.000000   1849.000000   2114.000000   1420.000000   1723.000000   1475.000000   1549.000000   1376.000000   1172.000000   1421.000000   2002.000000   1770.000000    635.000000   1849.000000   1327.000000   1968.000000   1565.000000   1688.000000   1126.000000   1534.000000   1277.000000    633.000000
   801.724426   1046.000000   1168.000000   1230.000000   1171.000000   1018.000000   1057.000000   1174.000000   1104.000000   1672.000000    796.000000    507.000000    798.000000    977.000000    837.000000   1077.000000   1354.000000   1294.000000    489.000000   1147.000000   1261.000000   1294.000000   1361.000000   1492.000000   1537.000000   1665.000000   1968.000000   2107.000000   1619.000000   1766.000000   1195.000000   1888.000000   2130.000000   1430.000000   1644.000000   1483.000000   1538.000000   1370.000000   1175.000000   1357.000000   2027.000000   1701.000000    576.000000   1831.000000   1376.000000   1823.000000   1481.000000   1663.000000   1163.000000   1473.000000   1311.000000    660.000000
   803.072021   1034.000000   1194.000000   1141.000000   1229.000000    961.000000    982.000000   1068.000000    991.000000   1686.000000    806.000000    487.000000    802.000000    986.000000    849.000000   1000.000000   1279.000000   1182.000000    459.000000   1055.000000   1242.000000   1223.000000   1359.000000   1477.000000   1439.000000   1638.000000   1947.000000   2022.000000   1658.000000   1773.000000   1197.000000   1839.000000   2046.000000   1360.000000   1697.000000   1485.000000   1573.000000   1332.000000   1129.000000   1411.000000   1970.000000   1726.000000    582.000000   1809.000000   1299.000000   1903.000000   1553.000000   1661.000000   1126.000000   1464.000000   1266.000000    638.000000
   804.419983   1093.000000   1074.000000   1130.000000   1144.000000    967.000000    998.000000   1070.000000    976.000000   1654.000000    782.000000    509.000000    711.000000    980.000000    745.000000    996.000000   1248.000000   1136.000000    458.000000   1067.000000   1254.000000   1256.000000   1291.000000   1399.000000   1458.000000   1566.000000   1898.000000   2145.000000   1701.000000   1735.000000   1099.000000   1693.000000   1932.000000   1447.000000   1687.000000   1446.000000   1530.000000   1310.000000   1135.000000   1238.000000   1931.000000   1600.000000    524.000000   1705.000000   1320.000000   1771.000000   1452.000000   1564.000000   1130.000000   1484.000000   1255.000000    637.000000
   805.768677    998.000000   1159.000000   1152.000000   1108.000000    953.000000    946.000000   1123.000000   1023.000000   1541.000000    725.000000    457.000000    768.000000   1033.000000    738.000000   1025.000000   1216.000000   1133.000000    446.000000   1012.000000   1215.000000   1242.000000   1356.000000   1373.000000   1395.000000   1500.000000   1960.000000   1969.000000   1691.000000   1695.000000   1156.000000   1629.000000   1934.000000   1398.000000   1624.000000   1397.000000   1444.000000   1319.000000   1094.000000   1321.000000   1901.000000   1597.000000    551.000000   1834.000000   1291.000000   1763.000000   1523.000000   1576.000000   1075.000000   1473.000000   1262.000000    642.000000
   807.117676   1019.000000   1148.000000   1090.000000   1133.000000    978.000000    931.000000   1092.000000    907.000000   1613.000000    716.000000    412.000000    744.000000    965.000000    790.000000    987.000000   1241.000000   1095.000000    433.000000   1078.000000   1241.000000   1204.000000   1257.000000   1388.000000   1343.000000   1486.000000   1828.000000   1934.000000   1714.000000   1698.000000   1148.000000   1634.000000   1941.000000   1363.000000   1573.000000   1320.000000   1467.000000   1348.000000   1021.000000   1180.000000   1898.000000   1519.000000    557.000000   1712.000000   1301.000000   1726.000000   1384.000000   1579.000000   1053.000000   1438.000000   1147.000000    625.000000
   808.467224   1027.000000   1088.000000   1035.000000   1077.000000    944.000000    917.000000   1109.000000    895.000000   1537.000000    711.000000    486.000000    686.000000    974.000000    849.000000   1017.000000   1278.000000   1052.000000    420.000000   1036.000000   1122.000000   1192.000000   1277.000000   1328.000000   1375.000000   1410.000000   1756.000000   1930.000000   1566.000000   1608.000000   1104.000000   1586.000000   1846.000000   1316.000000   1579.000000   1338.000000   1435.000000   1274.000000   1077.000000   1237.000000   1834.000000   1569.000000    553.000000   1662.000000   1201.000000   1790.000000   1319.000000   1477.000000   1044.000000   1335.000000   1170.000000    610.000000
   809.817200    950.000000   1075.000000   1003.000000   1067.000000    922.000000    930.000000    997.000000    905.000000   1467.000000    651.000000    409.000000    710.000000    866.000000    779.000000    914.000000   1201.000000    972.000000    448.000000   1016.000000   1092.000000   1163.000000   1220.000000   1354.000000   1359.000000   1482.000000   1665.000000   1874.000000   1513.000000   1611.000000   1037.000000   1546.000000   1818.000000   1272.000000   1496.000000   1321.000000   1334.000000   1200.000000   1018.000000   1237.000000   1684.000000   1523.000000    521.000000   1504.000000   1142.000000   1671.000000   1342.000000   1477.000000   1028.000000   1423.000000   1148.000000    602.000000
   811.167725    932.000000   1003.000000    969.000000   1031.000000    843.000000    945.000000   1034.000000    892.000000   1419.000000    684.000000    444.000000    648.000000    885.000000    747.000000    906.000000   1135.000000   1035.000000    357.000000    925.000000   1115.000000   1123.000000   1235.000000   1266.000000   1292.000000   1397.000000   1642.000000   1749.000000   1540.000000   1473.000000   1019.000000   1412.000000   1756.000000   1278.000000   1520.000000   1341.000000   1271.000000   1182.000000    964.000000   1266.000000   1618.000000   1458.000000    525.000000   1471.000000   1177.000000   1656.000000   1266.000000   1434.000000    977.000000   1271.000000   1061.000000    610.000000
   812.518677    910.000000   1025.000000   1069.000000    973.000000    852.000000    899.000000    961.000000    884.000000   1413.000000    674.000000    393.000000    683.000000    830.000000    720.000000    914.000000   1093.000000    989.000000    395.000000    891.000000   1096.000000   1135.000000   1140.000000   1247.000000   1327.000000   1269.000000   1699.000000   1698.000000   1434.000000   1519.000000   1041.000000   1483.000000   1710.000000   1249.000000   1413.000000   1236.000000   1352.000000   1175.000000    972.000000   1129.000000   1689.000000   1356.000000    470.000000   1503.000000   1093.000000   1584.000000   1270.000000   1322.000000   1011.000000   1252.000000   1054.000000    526.000000
   813.870117    941.000000   1050.000000    930.000000   1005.000000    806.000000    820.000000    949.000000    805.000000   1409.000000    615.000000    373.000000    671.000000    845.000000    664.000000    866.000000   1076.000000   1003.000000    359.000000    894.000000   1065.000000   1046.000000   1145.000000   1227.000000   1248.000000   1337.000000   1630.000000   1700.000000   1385.000000   1525.000000    945.000000   1425.000000   1637.000000   1143.000000   1417.000000   1168.000000   1309.000000   1093.000000    955.000000   1114.000000   1559.000000   1362.000000    480.000000   1431.000000   1179.000000   1544.000000   1199.000000   1346.000000    957.000000   1273.000000    995.000000    576.000000
   815.221985    860.000000    958.000000    901.000000    957.000000    771.000000    846.000000    922.000000    830.000000   1403.000000    633.000000    400.000000    624.000000    851.000000    734.000000    865.000000   1089.000000    991.000000    375.000000    863.000000   1105.000000   1104.000000   1110.000000   1196.000000   1236.000000   1277.000000   1604.000000   1712.000000   1379.000000   1484.000000    928.000000   1391.000000   1630.000000   1188.000000   1416.000000   1116.000000   1272.000000   1096.000000    882.000000   1094.000000   1542.000000   1360.000000    484.000000   1424.000000   1055.000000   1497.000000   1177.000000   1252.000000    956.000000   1182.000000   1026.000000    560.000000
   816.574402    871.000000    941.000000    841.000000    945.000000    801.000000    814.000000    856.000000    853.000000   1407.000000    561.000000    384.000000    569.000000    805.000000    686.000000    833.000000   1058.000000    897.000000    377.000000    880.000000   1054.000000   1009.000000   1075.000000   1201.000000   1227.000000   1366.000000   1524.000000   1750.000000   1379.000000   1422.000000    916.000000   1417.000000   1676.000000   1211.000000   1362.000000   1190.000000   1207.000000   1100.000000    867.000000   1084.000000   1460.000000   1319.000000    470.000000   1408.000000   1023.000000   1405.000000   1146.000000   1285.000000    881.000000   1201.000000   1026.000000    512.000000
   817.927185    865.000000    891.000000    914.000000    941.000000    755.000000    808.000000    931.000000    803.000000   1291.000000    593.000000    372.000000    605.000000    726.000000    643.000000    832.000000   1056.000000    914.000000    359.000000    859.000000   1098.000000   1070.000000   1049.000000   1086.000000   1185.000000   1212.000000   1520.000000   1640.000000   1263.000000   1374.000000    872.000000   1305.000000   1545.000000   1131.000000   1397.000000   1160.000000   1211.000000   1048.000000    852.000000   1048.000000   1457.000000   1251.000000    486.000000   1411.000000   1048.000000   1354.000000   1139.000000   1232.000000    891.000000   1104.000000    977.000000    486.000000
   819.280579    868.000000    875.000000    866.000000    890.000000    758.000000    756.000000    886.000000    776.000000   1233.000000    554.000000    408.000000    595.000000    738.000000    625.000000    812.000000   1005.000000    945.000000    351.000000    841.000000   1059.000000    976.000000   1059.000000   1129.000000   1124.000000   1266.000000   1508.000000   1589.000000   1312.000000   1330.000000    859.000000   1273.000000   1552.000000   1078.000000   1314.000000   1124.000000   1138.000000   1066.000000    877.000000   1059.000000   1401.000000   1272.000000    430.000000   1345.000000    977.000000   1393.000000   1177.000000   1181.000000    857.000000   1085.000000   1062.000000    513.000000
   820.634521    785.000000    864.000000    904.000000    858.000000    697.000000    793.000000    879.000000    790.000000   1248.000000    534.000000    398.000000    518.000000    776.000000    681.000000    779.000000    974.000000    917.000000    340.000000    784.000000   1012.000000    960.000000   1050.000000   1121.000000   1133.000000   1247.000000   1466.000000   1565.000000   1257.000000   1375.000000    826.000000   1262.000000   1482.000000   1093.000000   1284.000000   1154.000000   1130.000000   1042.000000    857.000000   1021.000000   1488.000000   1214.000000    409.000000   1321.000000    985.000000   1440.000000    989.000000   1170.000000    861.000000   1068.000000    892.000000    473.000000
   821.988770    789.000000    860.000000    856.000000    859.000000    756.000000    728.000000    827.000000    750.000000   1186.000000    514.000000    353.000000    514.000000    686.000000    624.000000    809.000000   1018.000000    877.000000    350.000000    761.000000    948.000000    955.000000   1085.000000   1127.000000   1156.000000   1257.000000   1375.000000   1507.000000   1226.000000   1350.000000    852.000000   1260.000000   1479.000000   1124.000000   1208.000000   1137.000000   1170.000000   1021.000000    826.000000   1045.000000   1398.000000   1262.000000    433.000000   1332.000000    937.000000   1338.000000   1087.000000   1153.000000    817.000000   1088.000000    929.000000    511.000000
   823.343628    758.000000    830.000000    830.000000    893.000000    744.000000    736.000000    827.000000    750.000000   1173.000000    524.000000    353.000000    512.000000    731.000000    608.000000    857.000000    945.000000    863.000000    344.000000    772.000000    951.000000    914.000000    987.000000   1077.000000   1171.000000   1294.000000   1381.000000   1436.000000   1217.000000   1265.000000    845.000000   1117.000000   1439.000000   1105.000000   1278.000000   1124.000000   1201.000000   1003.000000    891.000000   1012.000000   1400.000000   1226.000000    366.000000   1278.000000    936.000000   1290.000000   1004.000000   1135.000000    804.000000   1099.000000    923.000000    496.000000
   824.698914    755.000000    807.000000    778.000000    854.000000    624.000000    741.000000    762.000000    715.000000   1156.000000    509.000000    356.000000    515.000000    708.000000    609.000000    830.000000    820.000000    791.000000    376.000000    732.000000    920.000000    972.000000    925.000000   1017.000000   1084.000000   1170.000000   1438.000000   1369.000000   1184.000000   1208.000000    733.000000   1154.000000   1379.000000   1066.000000   1302.000000   1131.000000   1144.000000    955.000000    874.000000   1004.000000   1365.000000   1158.000000    402.000000   1248.000000    951.000000   1206.000000    954.000000   1189.000000    845.000000   1081.000000    867.000000    473.000000
   826.054626    674.000000    857.000000    794.000000    806.000000    632.000000    721.000000    828.000000    712.000000   1201.000000    518.000000    325.000000    500.000000    684.000000    607.000000    780.000000    941.000000    746.000000    313.000000    745.000000    930.000000    906.000000   1049.000000   1056.000000   1089.000000   1196.000000   1345.000000   1446.000000   1226.000000   1252.000000    785.000000   1160.000000   1371.000000   1120.000000   1198.000000   1091.000000   1125.000000    952.000000    872.000000    982.000000   1387.000000   1099.000000    364.000000   1285.000000    887.000000   1223.000000    954.000000   1101.000000    757.000000   1021.000000    923.000000    479.000000
   827.410889    697.000000    764.000000    804.000000    802.000000    639.000000    716.000000    746.000000    726.000000   1095.000000    514.000000    338.000000    553.000000    703.000000    610.000000    750.000000    845.000000    816.000000    322.000000    773.000000    901.000000    941.000000    954.000000    978.000000   1029.000000   1092.000000   1354.000000   1429.000000   1082.000000   1204.000000    807.000000   1178.000000   1329.000000   1071.000000   1288.000000   1066.000000   1091.000000    949.000000    846.000000    958.000000   1327.000000   1092.000000    338.000000   1276.000000    881.000000   1188.000000   1010.000000   1056.000000    737.000000   1084.000000    860.000000    452.000000
   828.767578    693.000000    787.000000    731.000000    821.000000    554.000000    711.000000    778.000000    717.000000   1131.000000    512.000000    341.000000    520.000000    649.000000    580.000000    716.000000    859.000000    712.000000    308.000000    738.000000    895.000000    885.000000    907.000000    984.000000   1046.000000   1130.000000   1336.000000   1313.000000   1094.000000   1212.000000    711.000000   1111.000000   1319.000000   1064.000000   1200.000000    988.000000   1048.000000    920.000000    785.000000   1017.000000   1257.000000   1088.000000    377.000000   1181.000000    880.000000   1168.000000    948.000000   1062.000000    805.000000   1017.000000    843.000000    418.000000
   830.124817    661.000000    683.000000    781.000000    772.000000    609.000000    640.000000    783.000000    634.000000   1148.000000    428.000000    329.000000    466.000000    612.000000    569.000000    722.000000    835.000000    754.000000    304.000000    753.000000    863.000000    906.000000    854.000000    959.000000    969.000000   1061.000000   1272.000000   1295.000000   1102.000000   1231.000000    774.000000   1083.000000   1395.000000   1028.000000   1163.000000   1022.000000   1047.000000    913.000000    795.000000    939.000000   1312.000000   1095.000000    387.000000   1178.000000    910.000000   1135.000000    871.000000    999.000000    740.000000    998.000000    891.000000    483.000000
   831.482483    657.000000    760.000000    767.000000    756.000000    639.000000    657.000000    767.000000    721.000000   1072.000000    464.000000    302.000000    480.000000    609.000000    590.000000    692.000000    825.000000    747.000000    317.000000    703.000000    823.000000    892.000000    951.000000    973.000000   1069.000000   1022.000000   1202.000000   1326.000000   1074.000000   1196.000000    723.000000   1087.000000   1329.000000   1029.000000   1189.000000   1030.000000   1042.000000    900.000000    755.000000    838.000000   1233.000000   1082.000000    401.000000   1235.000000    846.000000   1162.000000    985.000000   1053.000000    753.000000   1003.000000    797.000000    475.000000
   832.840576    657.000000    758.000000    761.000000    736.000000    582.000000    671.000000    770.000000    727.000000   1050.000000    477.000000    312.000000    486.000000    653.000000    572.000000    632.000000    892.000000    761.000000    312.000000    688.000000    863.000000    815.000000    849.000000    970.000000   1050.000000   1056.000000   1264.000000   1320.000000   1033.000000   1091.000000    741.000000   1051.000000   1307.000000    950.000000   1190.000000    957.000000    964.000000    913.000000    762.000000    921.000000   1175.000000   1022.000000    351.000000   1127.000000    858.000000   1120.000000    891.000000    990.000000    754.000000    980.000000    867.000000    495.000000
   834.199280    640.000000    719.000000    734.000000    743.000000    600.000000    652.000000    684.000000    631.000000   1103.000000    431.000000    283.000000    449.000000    621.000000    572.000000    670.000000    770.000000    707.000000    284.000000    699.000000    862.000000    874.000000    929.000000    973.000000    987.000000   1036.000000   1259.000000   1327.000000   1050.000000   1112.000000    717.000000   1001.000000   1297.000000    963.000000   1131.000000    963.000000   1054.000000    936.000000    749.000000    866.000000   1172.000000   1085.000000    335.000000   1168.000000    841.000000   1138.000000    897.000000    977.000000    806.000000    913.000000    806.000000    482.000000
   835.558411    634.000000    707.000000    753.000000    727.000000    596.000000    664.000000    702.000000    654.000000   1073.000000    436.000000    295.000000    449.000000    586.000000    526.000000    720.000000    787.000000    764.000000    302.000000    663.000000    849.000000    888.000000    863.000000    943.000000    947.000000   1066.000000   1233.000000   1250.000000   1052.000000   1048.000000    713.000000    979.000000   1250.000000    950.000000   1201.000000    981.000000   1027.000000    875.000000    743.000000    902.000000   1187.000000   1023.000000    338.000000   1157.000000    818.000000   1086.000000    870.000000    891.000000    760.000000    910.000000    811.000000    384.000000
   836.918030    663.000000    706.000000    698.000000    691.000000    626.000000    620.000000    704.000000    606.000000    987.000000    451.000000    347.000000    460.000000    585.000000    541.000000    654.000000    807.000000    727.000000    292.000000    651.000000    794.000000    859.000000    898.000000    916.000000    948.000000   1043.000000   1167.000000   1257.000000   1001.000000   1096.000000    749.000000   1031.000000   1217.000000    905.000000   1114.000000    984.000000    965.000000    798.000000    769.000000    837.000000   1141.000000    999.000000    349.000000   1084.000000    878.000000   1105.000000    813.000000    959.000000    735.000000    928.000000    743.000000    428.000000
   838.278076    605.000000    679.000000    723.000000    666.000000    575.000000    587.000000    634.000000    595.000000   1050.000000    419.000000    287.000000    496.000000    601.000000    467.000000    653.000000    788.000000    771.000000    323.000000    602.000000    840.000000    849.000000    837.000000    957.000000    901.000000   1021.000000   1177.000000   1156.000000    941.000000   1094.000000    629.000000    903.000000   1149.000000    928.000000   1138.000000    914.000000    954.000000    863.000000    721.000000    808.000000   1105.000000    956.000000    381.000000   1080.000000    798.000000   1126.000000    812.000000    982.000000    685.000000    894.000000    740.000000    381.000000
   839.638672    599.000000    713.000000    622.000000    691.000000    513.000000    575.000000    703.000000    595.000000    975.000000    440.000000    265.000000    431.000000    599.000000    502.000000    655.000000    747.000000    720.000000    301.000000    581.000000    782.000000    787.000000    822.000000    863.000000    856.000000    988.000000   1130.000000   1155.000000    922.000000   1119.000000    627.000000    945.000000   1145.000000    914.000000   1111.000000    959.000000    929.000000    873.000000    702.000000    815.000000   1064.000000   1005.000000    339.000000   1067.000000    829.000000   1002.000000    845.000000    910.000000    733.000000    850.000000    769.000000    401.000000
   840.999695    608.000000    680.000000    638.000000    634.000000    514.000000    570.000000    686.000000    630.000000    972.000000    392.000000    285.000000    420.000000    576.000000    468.000000    656.000000    782.000000    672.000000    243.000000    618.000000    833.000000    791.000000    805.000000    897.000000    959.000000    964.000000   1154.000000   1153.000000    961.000000   1009.000000    661.000000    884.000000   1101.000000    929.000000   1058.000000    943.000000    974.000000    828.000000    673.000000    812.000000   1084.000000    882.000000    320.000000   1052.000000    778.000000    995.000000    781.000000    879.000000    715.000000    883.000000    742.000000    417.000000
   842.361206    572.000000    609.000000    591.000000    645.000000    489.000000    599.000000    584.000000    541.000000    930.000000    398.000000    244.000000    377.000000    583.000000    479.000000    624.000000    817.000000    728.000000    237.000000    589.000000    760.000000    738.000000    824.000000    834.000000    849.000000    936.000000   1117.000000   1152.000000    898.000000   1028.000000    574.000000    858.000000   1038.000000    890.000000   1031.000000    900.000000    881.000000    713.000000    677.000000    791.000000    988.000000    938.000000    299.000000    967.000000    811.000000    934.000000    784.000000    824.000000    681.000000    835.000000    698.000000    368.000000
   843.723206    616.000000    608.000000    604.000000    610.000000    521.000000    551.000000    632.000000    551.000000    979.000000    396.000000    259.000000    380.000000    524.000000    410.000000    567.000000    768.000000    686.000000    249.000000    562.000000    731.000000    732.000000    792.000000    809.000000    816.000000    937.000000   1078.000000   1056.000000    837.000000   1027.000000    585.000000    863.000000   1087.000000    811.000000    973.000000    897.000000    840.000000    757.000000    618.000000    736.000000    973.000000    844.000000    288.000000    985.000000    715.000000    950.000000    763.000000    835.000000    661.000000    855.000000    674.000000    344.000000
   845.085693    537.000000    609.000000    558.000000    614.000000    492.000000    575.000000    603.000000    539.000000    881.000000    353.000000    301.000000    380.000000    517.000000    442.000000    575.000000    792.000000    639.000000    260.000000    566.000000    762.000000    709.000000    724.000000    764.000000    897.000000    893.000000   1007.000000   1069.000000    868.000000    960.000000    612.000000    868.000000    989.000000    708.000000    857.000000    781.000000    831.000000    792.000000    628.000000    717.000000    948.000000    860.000000    307.000000    971.000000    754.000000    936.000000    757.000000    790.000000    623.000000    859.000000    694.000000    374.000000
   846.448608    544.000000    610.000000    624.000000    613.000000    516.000000    549.000000    568.000000    548.000000    879.000000    387.000000    215.000000    429.000000    512.000000    434.000000    554.000000    730.000000    658.000000    215.000000    496.000000    730.000000    716.000000    783.000000    781.000000    827.000000    872.000000   1020.000000   1037.000000    877.000000    881.000000    532.000000    766.000000    986.000000    747.000000    946.000000    848.000000    815.000000    747.000000    657.000000    723.000000    938.000000    856.000000    316.000000    976.000000    732.000000    928.000000    749.000000    804.000000    645.000000    773.000000    691.000000    386.000000
   847.812073    554.000000    607.000000    606.000000    594.000000    483.000000    559.000000    570.000000    522.000000    836.000000    332.000000    242.000000    368.000000    541.000000    394.000000    587.000000    679.000000    650.000000    265.000000    572.000000    708.000000    673.000000    729.000000    807.000000    887.000000    882.000000   1056.000000   1076.000000    868.000000    879.000000    528.000000    776.000000    978.000000    628.000000    784.000000    834.000000    841.000000    711.000000    571.000000    689.000000    942.000000    823.000000    279.000000    896.000000    724.000000    872.000000    707.000000    738.000000    604.000000    790.000000    675.000000    348.000000
   849.176025    541.000000    589.000000    561.000000    553.000000    463.000000    508.000000    591.000000    509.000000    785.000000    359.000000    260.000000    347.000000    505.000000    460.000000    551.000000    678.000000    606.000000    223.000000    507.000000    688.000000    664.000000    690.000000    794.000000    753.000000    798.000000   1019.000000   1035.000000    789.000000    893.000000    571.000000    744.000000    950.000000    718.000000    745.000000    817.000000    779.000000    689.000000    583.000000    682.000000    906.000000    791.000000    313.000000    917.000000    612.000000    860.000000    689.000000    735.000000    604.000000    779.000000    587.000000    331.000000
   850.540405    508.000000    532.000000    545.000000    585.000000    453.000000    482.000000    543.000000    473.000000    829.000000    335.000000    226.000000    343.000000    462.000000    425.000000    510.000000    704.000000    610.000000    220.000000    517.000000    601.000000    678.000000    708.000000    764.000000    729.000000    840.000000    968.000000    985.000000    788.000000    875.000000    507.000000    751.000000    890.000000    633.000000    749.000000    803.000000    798.000000    682.000000    601.000000    651.000000    891.000000    748.000000    295.000000    847.000000    646.000000    832.000000    652.000000    764.000000    608.000000    777.000000    628.000000    341.000000
   851.905273    474.000000    551.000000    533.000000    572.000000    436.000000    481.000000    601.000000    523.000000    800.000000    317.000000    245.000000    322.000000    426.000000    406.000000    540.000000    673.000000    610.000000    230.000000    536.000000    635.000000    661.000000    671.000000    746.000000    784.000000    779.000000    950.000000    940.000000    776.000000    901.000000    461.000000    769.000000    937.000000    606.000000    706.000000    811.000000    732.000000    680.000000    595.000000    674.000000    869.000000    824.000000    258.000000    851.000000    684.000000    799.000000    676.000000    740.000000    601.000000    820.000000    618.000000    337.000000
   853.270630    470.000000    520.000000    517.000000    528.000000    441.000000    507.000000    550.000000    509.000000    803.000000    344.000000    224.000000    328.000000    484.000000    403.000000    477.000000    665.000000    544.000000    163.000000    478.000000    613.000000    637.000000    631.000000    691.000000    725.000000    804.000000    909.000000    944.000000    759.000000    778.000000    529.000000    707.000000    895.000000    579.000000    700.000000    778.000000    761.000000    659.000000    618.000000    637.000000    815.000000    762.000000    272.000000    818.000000    660.000000    834.000000    656.000000    674.000000    576.000000    714.000000    607.000000    353.000000
   854.636475    472.000000    472.000000    499.000000    567.000000    485.000000    533.000000    515.000000    440.000000    836.000000    267.000000    191.000000    344.000000    425.000000    394.000000    472.000000    606.000000    573.000000    215.000000    504.000000    621.000000    683.000000    645.000000    705.000000    688.000000    786.000000    889.000000    848.000000    764.000000    798.000000    503.000000    712.000000    882.000000    573.000000    669.000000    783.000000    780.000000    644.000000    517.000000    630.000000    823.000000    700.000000    256.000000    789.000000    629.000000    761.000000    656.000000    694.000000    609.000000    727.000000    592.000000    307.000000
   856.002808    447.000000    497.000000    544.000000    475.000000    400.000000    512.000000    554.000000    465.000000    808.000000    306.000000    214.000000    341.000000    467.000000    401.000000    500.000000    648.000000    582.000000    205.000000    451.000000    616.000000    632.000000    584.000000    695.000000    721.000000    749.000000    911.000000    914.000000    769.000000    837.000000    461.000000    700.000000    862.000000    596.000000    728.000000    819.000000    751.000000    648.000000    585.000000    632.000000    819.000000    717.000000    254.000000    832.000000    617.000000    781.000000    669.000000    694.000000    548.000000    730.000000    584.000000    314.000000
   857.369629    467.000000    500.000000    476.000000    505.000000    421.000000    497.000000    502.000000    471.000000    688.000000    292.000000    212.000000    319.000000    443.000000    363.000000    528.000000    636.000000    522.000000    195.000000    476.000000    608.000000    611.000000    694.000000    720.000000    680.000000    725.000000    871.000000    861.000000    703.000000    827.000000    468.000000    644.000000    843.000000    647.000000    717.000000    786.000000    729.000000    619.000000    533.000000    679.000000    829.000000    700.000000    230.000000    842.000000    575.000000    761.000000    599.000000    608.000000    518.000000    725.000000    586.000000    335.000000
   858.736877    478.000000    448.000000    502.000000    502.000000    419.000000    493.000000    513.000000    443.000000    739.000000    308.000000    206.000000    327.000000    448.000000    385.000000    481.000000    634.000000    529.000000    226.000000    447.000000    558.000000    628.000000    617.000000    711.000000    707.000000    762.000000    859.000000    841.000000    668.000000    750.000000    428.000000    640.000000    863.000000    644.000000    757.000000    730.000000    741.000000    637.000000    507.000000    591.000000    735.000000    670.000000    226.000000    787.000000    606.000000    709.000000    585.000000    654.000000    553.000000    692.000000    587.000000    263.000000
   860.104614    398.000000    498.000000    484.000000    459.000000    427.000000    471.000000    491.000000    462.000000    743.000000    271.000000    175.000000    326.000000    426.000000    387.000000    463.000000    581.000000    552.000000    216.000000    469.000000    593.000000    544.000000    608.000000    676.000000    644.000000    749.000000    832.000000    858.000000    677.000000    753.000000    509.000000    642.000000    820.000000    695.000000    764.000000    749.000000    657.000000    631.000000    539.000000    621.000000    773.000000    647.000000    204.000000    770.000000    605.000000    741.000000    582.000000    583.000000    535.000000    664.000000    516.000000    310.000000
   861.472900    415.000000    432.000000    458.000000    493.000000    397.000000    486.000000    459.000000    438.000000    718.000000    312.000000    207.000000    310.000000    388.000000    343.000000    447.000000    521.000000    557.000000    198.000000    480.000000    572.000000    598.000000    644.000000    674.000000    637.000000    723.000000    777.000000    750.000000    706.000000    780.000000    465.000000    652.000000    855.000000    687.000000    762.000000    719.000000    695.000000    593.000000    538.000000    624.000000    745.000000    696.000000    234.000000    726.000000    604.000000    732.000000    596.000000    540.000000    480.000000    662.000000    545.000000    269.000000
   862.841614    411.000000    433.000000    395.000000    459.000000    392.000000    434.000000    470.000000    465.000000    662.000000    313.000000    221.000000    329.000000    400.000000    364.000000    424.000000    569.000000    546.000000    200.000000    425.000000    533.000000    617.000000    572.000000    615.000000    669.000000    698.000000    797.000000    735.000000    658.000000    683.000000    414.000000    597.000000    824.000000    672.000000    767.000000    688.000000    694.000000    634.000000    496.000000    614.000000    791.000000    631.000000    218.000000    746.000000    567.000000    715.000000    549.000000    604.000000    521.000000    688.000000    552.000000    280.000000
   864.210815    405.000000    438.000000    473.000000    429.000000    380.000000    439.000000    497.000000    456.000000    692.000000    307.000000    220.000000    242.000000    430.000000    347.000000    453.000000    556.000000    494.000000    174.000000    425.000000    551.000000    588.000000    577.000000    594.000000    621.000000    694.000000    776.000000    777.000000    658.000000    769.000000    402.000000    594.000000    750.000000    724.000000    803.000000    750.000000    713.000000    583.000000    514.000000    611.000000    742.000000    620.000000    257.000000    746.000000    558.000000    712.000000    537.000000    568.000000    528.000000    628.000000    526.000000    311.000000
   865.580383    398.000000    487.000000    461.000000    486.000000    386.000000    454.000000    484.000000    400.000000    669.000000    275.000000    208.000000    271.000000    368.000000    391.000000    443.000000    582.000000    487.000000    208.000000    420.000000    594.000000    608.000000    617.000000    654.000000    635.000000    675.000000    754.000000    816.000000    617.000000    672.000000    426.000000    565.000000    789.000000    707.000000    858.000000    707.000000    670.000000    622.000000    548.000000    568.000000    746.000000    619.000000    258.000000    736.000000    524.000000    722.000000    583.000000    526.000000    523.000000    661.000000    512.000000    304.000000
   866.950623    379.000000    414.000000    456.000000    446.000000    384.000000    440.000000    449.000000    425.000000    706.000000    237.000000    194.000000    293.000000    407.000000    312.000000    389.000000    539.000000    531.000000    199.000000    412.000000    578.000000    537.000000    551.000000    622.000000    669.000000    667.000000    774.000000    752.000000    678.000000    686.000000    416.000000    592.000000    789.000000    645.000000    763.000000    721.000000    675.000000    608.000000    527.000000    602.000000    742.000000    608.000000    235.000000    776.000000    533.000000    661.000000    598.000000    605.000000    515.000000    580.000000    522.000000    287.000000
   868.321289    368.000000    458.000000    413.000000    429.000000    391.000000    436.000000    486.000000    364.000000    678.000000    278.000000    169.000000    332.000000    379.000000    334.000000    441.000000    554.000000    560.000000    201.000000    396.000000    537.000000    548.000000    636.000000    665.000000    653.000000    658.000000    755.000000    736.000000    644.000000    714.000000    397.000000    571.000000    781.000000    651.000000    766.000000    712.000000    663.000000    605.000000    515.000000    535.000000    650.000000    617.000000    194.000000    739.000000    524.000000    721.000000    534.000000    605.000000    452.000000    607.000000    524.000000    311.000000
   869.692383    409.000000    395.000000    410.000000    432.000000    392.000000    441.000000    452.000000    363.000000    634.000000    299.000000    175.000000    281.000000    372.000000    321.000000    403.000000    560.000000    495.000000    182.000000    364.000000    585.000000    606.000000    547.000000    586.000000    660.000000    644.000000    754.000000    706.000000    659.000000    691.000000    414.000000    528.000000    724.000000    666.000000    800.000000    669.000000    682.000000    581.000000    462.000000    594.000000    655.000000    628.000000    243.000000    692.000000    536.000000    730.000000    564.000000    610.000000    489.000000    589.000000    485.000000    269.000000
   871.064026    413.000000    440.000000    413.000000    422.000000    357.000000    449.000000    471.000000    395.000000    620.000000    266.000000    198.000000    283.000000    368.000000    314.000000    412.000000    537.000000    522.000000    190.000000    371.000000    578.000000    563.000000    564.000000    618.000000    593.000000    652.000000    782.000000    684.000000    627.000000    642.000000    439.000000    516.000000    734.000000    624.000000    769.000000    680.000000    654.000000    586.000000    496.000000    551.000000    701.000000    617.000000    214.000000    696.000000    562.000000    699.000000    538.000000    532.000000    512.000000    598.000000    480.000000    275.000000
   872.436096    383.000000    422.000000    389.000000    448.000000    350.000000    426.000000    443.000000    416.000000    644.000000    277.000000    186.000000    301.000000    376.000000    343.000000    417.000000    573.000000    512.000000    207.000000    373.000000    547.000000    562.000000    560.000000    650.000000    632.000000    655.000000    708.000000    623.000000    672.000000    648.000000    419.000000    526.000000    728.000000    664.000000    764.000000    638.000000    647.000000    580.000000    469.000000    555.000000    662.000000    621.000000    226.000000    714.000000    564.000000    667.000000    548.000000    552.000000    495.000000    598.000000    539.000000    291.000000
   873.808716    381.000000    404.000000    433.000000    466.000000    354.000000    428.000000    434.000000    422.000000    697.000000    250.000000    191.000000    283.000000    358.000000    318.000000    430.000000    587.000000    495.000000    168.000000    375.000000    591.000000    533.000000    617.000000    580.000000    603.000000    632.000000    688.000000    675.000000    647.000000    624.000000    427.000000    607.000000    678.000000    655.000000    773.000000    618.000000    681.000000    536.000000    457.000000    557.000000    661.000000    606.000000    186.000000    665.000000    524.000000    637.000000    523.000000    496.000000    485.000000    597.000000    502.000000    291.000000
   875.181702    367.000000    457.000000    442.000000    420.000000    351.000000    447.000000    429.000000    390.000000    622.000000    251.000000    209.000000    285.000000    378.000000    325.000000    416.000000    550.000000    551.000000    186.000000    373.000000    530.000000    587.000000    546.000000    572.000000    652.000000    640.000000    760.000000    668.000000    583.000000    666.000000    421.000000    535.000000    672.000000    656.000000    809.000000    654.000000    643.000000    587.000000    506.000000    545.000000    641.000000    622.000000    239.000000    670.000000    541.000000    621.000000    546.000000    529.000000    513.000000    624.000000    484.000000    272.000000
   876.555176    354.000000    444.000000    430.000000    460.000000    367.000000    395.000000    444.000000    399.000000    623.000000    279.000000    173.000000    295.000000    380.000000    266.000000    393.000000    526.000000    522.000000    165.000000    392.000000    514.000000    529.000000    591.000000    582.000000    596.000000    602.000000    790.000000    646.000000    648.000000    639.000000    388.000000    571.000000    752.000000    686.000000    778.000000    664.000000    661.000000    606.000000    498.000000    614.000000    648.000000    619.000000    232.000000    671.000000    573.000000    664.000000    524.000000    545.000000    467.000000    593.000000    480.000000    302.000000
   877.929199    367.000000    388.000000    440.000000    417.000000    384.000000    407.000000    459.000000    437.000000    638.000000    245.000000    168.000000    267.000000    371.000000    307.000000    377.000000    549.000000    508.000000    183.000000    406.000000    505.000000    527.000000    578.000000    598.000000    622.000000    702.000000    722.000000    677.000000    633.000000    668.000000    442.000000    583.000000    777.000000    629.000000    801.000000    636.000000    659.000000    529.000000    488.000000    537.000000    589.000000    587.000000    233.000000    651.000000    546.000000    624.000000    531.000000    536.000000    463.000000    609.000000    489.000000    283.000000
   879.303711    391.000000    420.000000    395.000000    430.000000    365.000000    426.000000    432.000000    363.000000    584.000000    269.000000    184.000000    269.000000    373.000000    319.000000    407.000000    540.000000    474.000000    193.000000    383.000000    545.000000    566.000000    611.000000    611.000000    642.000000    659.000000    721.000000    686.000000    645.000000    710.000000    431.000000    537.000000    695.000000    624.000000    806.000000    672.000000    620.000000    567.000000    466.000000    551.000000    682.000000    592.000000    238.000000    675.000000    585.000000    628.000000    510.000000    502.000000    474.000000    597.000000    469.000000    286.000000
   880.678589    382.000000    416.000000    356.000000    411.000000    381.000000    403.000000    385.000000    398.000000    594.000000    228.000000    186.000000    253.000000    381.000000    296.000000    410.000000    518.000000    524.000000    189.000000    377.000000    544.000000    589.000000    540.000000    533.000000    606.000000    581.000000    716.000000    681.000000    616.000000    704.000000    442.000000    535.000000    734.000000    626.000000    763.000000    660.000000    637.000000    523.000000    505.000000    551.000000    631.000000    608.000000    209.000000    719.000000    480.000000    573.000000    536.000000    514.000000    492.000000    556.000000    482.000000    309.000000
   882.054077    361.000000    392.000000    404.000000    395.000000    350.000000    426.000000    417.000000    364.000000    633.000000    247.000000    169.000000    288.000000    358.000000    298.000000    415.000000    574.000000    483.000000    158.000000    370.000000    570.000000    565.000000    533.000000    588.000000    596.000000    637.000000    771.000000    694.000000    640.000000    675.000000    445.000000    539.000000    689.000000    602.000000    723.000000    712.000000    571.000000    535.000000    494.000000    543.000000    600.000000    564.000000    209.000000    657.000000    525.000000    553.000000    508.000000    509.000000    488.000000    546.000000    473.000000    255.000000
   883.429993    337.000000    359.000000    406.000000    465.000000    369.000000    408.000000    437.000000    354.000000    603.000000    224.000000    168.000000    280.000000    370.000000    308.000000    376.000000    510.000000    479.000000    173.000000    406.000000    526.000000    556.000000    546.000000    540.000000    580.000000    626.000000    723.000000    649.000000    575.000000    643.000000    410.000000    562.000000    662.000000    653.000000    717.000000    674.000000    592.000000    523.000000    441.000000    559.000000    612.000000    562.000000    205.000000    720.000000    540.000000    618.000000    495.000000    492.000000    472.000000    553.000000    441.000000    329.000000
   884.806396    383.000000    400.000000    387.000000    472.000000    322.000000    378.000000    429.000000    373.000000    599.000000    240.000000    191.000000    255.000000    374.000000    328.000000    404.000000    496.000000    438.000000    188.000000    350.000000    531.000000    515.000000    506.000000    578.000000    581.000000    633.000000    668.000000    651.000000    597.000000    632.000000    379.000000    539.000000    666.000000    666.000000    744.000000    658.000000    600.000000    555.000000    483.000000    525.000000    624.000000    562.000000    200.000000    666.000000    515.000000    625.000000    504.000000    526.000000    469.000000    537.000000    491.000000    279.000000
   886.183289    358.000000    380.000000    418.000000    409.000000    366.000000    394.000000    407.000000    373.000000    650.000000    230.000000    199.000000    246.000000    346.000000    323.000000    421.000000    547.000000    431.000000    179.000000    362.000000    521.000000    512.000000    571.000000    568.000000    567.000000    608.000000    736.000000    648.000000    640.000000    613.000000    407.000000    528.000000    645.000000    539.000000    758.000000    624.000000    617.000000    542.000000    395.000000    530.000000    610.000000    569.000000    212.000000    660.000000    533.000000    590.000000    491.000000    512.000000    470.000000    578.000000    491.000000    304.000000
   887.560730    337.000000    391.000000    391.000000    409.000000    280.000000    402.000000    375.000000    377.000000    620.000000    234.000000    154.000000    243.000000    356.000000    331.000000    432.000000    444.000000    455.000000    177.000000    412.000000    443.000000    491.000000    545.000000    531.000000    536.000000    609.000000    643.000000    595.000000    638.000000    603.000000    424.000000    517.000000    650.000000    640.000000    687.000000    600.000000    536.000000    441.000000    501.000000    526.000000    517.000000    520.000000    228.000000    646.000000    505.000000    545.000000    483.000000    474.000000    387.000000    549.000000    453.000000    232.000000
   888.938477    341.000000    412.000000    366.000000    408.000000    328.000000    420.000000    348.000000    358.000000    592.000000    204.000000    161.000000    244.000000    320.000000    296.000000    382.000000    466.000000    455.000000    162.000000    354.000000    474.000000    525.000000    526.000000    512.000000    598.000000    614.000000    707.000000    649.000000    565.000000    607.000000    367.000000    472.000000    602.000000    545.000000    709.000000    586.000000    535.000000    524.000000    457.000000    461.000000    570.000000    539.000000    195.000000    614.000000    462.000000    564.000000    516.000000    490.000000    450.000000    542.000000    404.000000    260.000000
   890.316772    329.000000    376.000000    375.000000    411.000000    314.000000    378.000000    420.000000    362.000000    537.000000    223.000000    166.000000    242.000000    274.000000    300.000000    358.000000    441.000000    408.000000    166.000000    329.000000    503.000000    508.000000    560.000000    526.000000    573.000000    551.000000    658.000000    604.000000    544.000000    588.000000    403.000000    515.000000    653.000000    651.000000    694.000000    588.000000    557.000000    491.000000    426.000000    493.000000    545.000000    516.000000    195.000000    594.000000    475.000000    547.000000    419.000000    437.000000    429.000000    511.000000    397.000000    250.000000
   891.695618    310.000000    328.000000    358.000000    404.000000    316.000000    345.000000    383.000000    339.000000    543.000000    201.000000    155.000000    252.000000    309.000000    236.000000    363.000000    411.000000    409.000000    168.000000    335.000000    452.000000    474.000000    454.000000    512.000000    513.000000    570.000000    630.000000    599.000000    556.000000    550.000000    377.000000    477.000000    600.000000    605.000000    682.000000    579.000000    499.000000    416.000000    413.000000    459.000000    531.000000    502.000000    196.000000    528.000000    491.000000    517.000000    456.000000    431.000000    384.000000    507.000000    403.000000    226.000000
   893.074829    329.000000    368.000000    341.000000    386.000000    334.000000    375.000000    343.000000    324.000000    573.000000    204.000000    155.000000    248.000000    290.000000    233.000000    373.000000    463.000000    380.000000    166.000000    347.000000    488.000000    452.000000    535.000000    498.000000    512.000000    511.000000    559.000000    546.000000    494.000000    532.000000    341.000000    473.000000    583.000000    527.000000    635.000000    579.000000    508.000000    422.000000    438.000000    516.000000    525.000000    463.000000    181.000000    590.000000    475.000000    515.000000    442.000000    433.000000    342.000000    460.000000    394.000000    226.000000
   894.454590    278.000000    376.000000    338.000000    361.000000    282.000000    320.000000    371.000000    292.000000    516.000000    189.000000    169.000000    236.000000    337.000000    279.000000    336.000000    419.000000    385.000000    157.000000    336.000000    475.000000    439.000000    450.000000    493.000000    518.000000    552.000000    654.000000    563.000000    518.000000    547.000000    346.000000    452.000000    574.000000    548.000000    635.000000    572.000000    497.000000    390.000000    407.000000    492.000000    503.000000    450.000000    188.000000    581.000000    472.000000    496.000000    451.000000    426.000000    404.000000    461.000000    365.000000    243.000000
   895.834778    299.000000    339.000000    323.000000    359.000000    279.000000    348.000000    330.000000    307.000000    465.000000    212.000000    163.000000    230.000000    303.000000    250.000000    327.000000    414.000000    387.000000    160.000000    324.000000    435.000000    456.000000    464.000000    494.000000    456.000000    582.000000    613.000000    554.000000    501.000000    581.000000    356.000000    410.000000    575.000000    547.000000    637.000000    559.000000    475.000000    420.000000    403.000000    463.000000    499.000000    504.000000    176.000000    545.000000    462.000000    531.000000    404.000000    412.000000    378.000000    479.000000    378.000000    236.000000
   897.215576    269.000000    353.000000    322.000000    347.000000    314.000000    330.000000    358.000000    292.000000    532.000000    198.000000    150.000000    216.000000    296.000000    277.000000    346.000000    417.000000    377.000000    134.000000    273.000000    435.000000    413.000000    456.000000    482.000000    484.000000    560.000000    580.000000    569.000000    543.000000    499.000000    321.000000    421.000000    548.000000    528.000000    636.000000    512.000000    490.000000    414.000000    424.000000    465.000000    486.000000    455.000000    175.000000    571.000000    457.000000    492.000000    432.000000    406.000000    378.000000    472.000000    356.000000    218.000000
   898.596802    326.000000    290.000000    304.000000    312.000000    286.000000    314.000000    311.000000    280.000000    510.000000    201.000000    147.000000    222.000000    300.000000    267.000000    321.000000    412.000000    381.000000    153.000000    333.000000    368.000000    445.000000    433.000000    501.000000    470.000000    485.000000    570.000000    524.000000    537.000000    490.000000    346.000000    450.000000    581.000000    505.000000    621.000000    548.000000    516.000000    363.000000    386.000000    473.000000    490.000000    443.000000    178.000000    499.000000    454.000000    466.000000    377.000000    391.000000    334.000000    452.000000    410.000000    232.000000
   899.978516    262.000000    268.000000    314.000000    342.000000    259.000000    327.000000    321.000000    293.000000    478.000000    214.000000    134.000000    245.000000    231.000000    235.000000    329.000000    409.000000    352.000000    158.000000    300.000000    421.000000    447.000000    427.000000    466.000000    450.000000    467.000000    538.000000    569.000000    526.000000    518.000000    334.000000    493.000000    574.000000    509.000000    628.000000    514.000000    488.000000    388.000000    361.000000    425.000000    427.000000    459.000000    208.000000    525.000000    409.000000    448.000000    407.000000    429.000000    405.000000    451.000000    350.000000    270.000000
   901.360596    277.000000    337.000000    281.000000    312.000000    274.000000    327.000000    341.000000    300.000000    498.000000    166.000000    161.000000    228.000000    275.000000    242.000000    333.000000    424.000000    340.000000    142.000000    310.000000    391.000000    470.000000    468.000000    441.000000    519.000000    468.000000    523.000000    526.000000    478.000000    524.000000    290.000000    477.000000    510.000000    479.000000    565.000000    529.000000    505.000000    476.000000    392.000000    425.000000    440.000000    442.000000    189.000000    524.000000    426.000000    453.000000    424.000000    394.000000    370.000000    445.000000    409.000000    213.000000
   902.743286    267.000000    319.000000    313.000000    295.000000    255.000000    302.000000    326.000000    311.000000    435.000000    198.000000    153.000000    241.000000    270.000000    255.000000    318.000000    409.000000    343.000000    136.000000    264.000000    380.000000    438.000000    482.000000    493.000000    445.000000    486.000000    515.000000    522.000000    491.000000    490.000000    321.000000    404.000000    538.000000    522.000000    567.000000    540.000000    448.000000    441.000000    352.000000    440.000000    482.000000    468.000000    164.000000    472.000000    410.000000    471.000000    401.000000    408.000000    364.000000    442.000000    359.000000    216.000000
   904.126404    275.000000    302.000000    311.000000    335.000000    264.000000    277.000000    297.000000    317.000000    462.000000    184.000000    157.000000    217.000000    261.000000    221.000000    289.000000    363.000000    334.000000    140.000000    309.000000    392.000000    421.000000    431.000000    468.000000    459.000000    469.000000    517.000000    484.000000    454.000000    470.000000    315.000000    375.000000    500.000000    502.000000    603.000000    516.000000    481.000000    382.000000    371.000000    442.000000    452.000000    478.000000    206.000000    509.000000    436.000000    462.000000    364.000000    384.000000    399.000000    413.000000    339.000000    227.000000
   905.510010    273.000000    273.000000    292.000000    309.000000    256.000000    307.000000    300.000000    259.000000    452.000000    180.000000    125.000000    179.000000    284.000000    252.000000    295.000000    383.000000    364.000000    131.000000    294.000000    423.000000    443.000000    413.000000    409.000000    468.000000    496.000000    543.000000    488.000000    456.000000    506.000000    327.000000    412.000000    514.000000    468.000000    615.000000    491.000000    496.000000    409.000000    342.000000    458.000000    440.000000    423.000000    183.000000    451.000000    443.000000    454.000000    375.000000    402.000000    381.000000    454.000000    385.000000    255.000000
   906.893982    263.000000    286.000000    329.000000    357.000000    259.000000    300.000000    282.000000    262.000000    444.000000    166.000000    134.000000    185.000000    254.000000    211.000000    295.000000    375.000000    317.000000    152.000000    232.000000    338.000000    358.000000    421.000000    426.000000    475.000000    458.000000    478.000000    460.000000    466.000000    483.000000    364.000000    443.000000    542.000000    481.000000    596.000000    491.000000    490.000000    375.000000    351.000000    381.000000    437.000000    425.000000    177.000000    517.000000    421.000000    439.000000    384.000000    365.000000    364.000000    394.000000    355.000000    186.000000
   908.278625    255.000000    278.000000    310.000000    298.000000    253.000000    323.000000    295.000000    277.000000    406.000000    153.000000    160.000000    176.000000    284.000000    244.000000    286.000000    366.000000    336.000000    153.000000    336.000000    414.000000    414.000000    440.000000    460.000000    407.000000    508.000000    542.000000    510.000000    435.000000    523.000000    318.000000    421.000000    530.000000    532.000000    578.000000    470.000000    457.000000    401.000000    338.000000    433.000000    453.000000    430.000000    152.000000    508.000000    437.000000    388.000000    400.000000    368.000000    368.000000    392.000000    362.000000    252.000000
   909.663696    257.000000    273.000000    293.000000    330.000000    258.000000    320.000000    290.000000    281.000000    425.000000    161.000000    133.000000    219.000000    250.000000    267.000000    282.000000    382.000000    335.000000    149.000000    285.000000    394.000000    446.000000    403.000000    413.000000    394.000000    487.000000    499.000000    518.000000    472.000000    449.000000    278.000000    430.000000    538.000000    434.000000    574.000000    444.000000    496.000000    381.000000    378.000000    414.000000    429.000000    422.000000    185.000000    492.000000    408.000000    403.000000    377.000000    342.000000    343.000000    427.000000    333.000000    234.000000
   911.049194    240.000000    304.000000    274.000000    316.000000    262.000000    248.000000    322.000000    291.000000    455.000000    151.000000    130.000000    206.000000    247.000000    234.000000    312.000000    368.000000    350.000000    146.000000    258.000000    377.000000    423.000000    440.000000    406.000000    456.000000    458.000000    491.000000    497.000000    478.000000    478.000000    325.000000    392.000000    468.000000    472.000000    604.000000    469.000000    413.000000    371.000000    354.000000    364.000000    405.000000    428.000000    174.000000    443.000000    395.000000    462.000000    373.000000    397.000000    350.000000    423.000000    345.000000    220.000000
   912.435181    249.000000    294.000000    289.000000    295.000000    259.000000    301.000000    260.000000    267.000000    438.000000    168.000000    101.000000    187.000000    230.000000    241.000000    302.000000    332.000000    363.000000    132.000000    249.000000    396.000000    380.000000    395.000000    374.000000    410.000000    450.000000    526.000000    462.000000    396.000000    461.000000    284.000000    376.000000    483.000000    454.000000    570.000000    465.000000    433.000000    346.000000    341.000000    358.000000    381.000000    429.000000    190.000000    444.000000    421.000000    411.000000    358.000000    372.000000    344.000000    381.000000    321.000000    220.000000
   913.821716    275.000000    302.000000    289.000000    280.000000    241.000000    290.000000    259.000000    256.000000    432.000000    150.000000    122.000000    200.000000    242.000000    229.000000    279.000000    374.000000    331.000000    143.000000    260.000000    358.000000    356.000000    389.000000    413.000000    386.000000    466.000000    480.000000    483.000000    467.000000    412.000000    308.000000    361.000000    499.000000    462.000000    528.000000    444.000000    442.000000    373.000000    331.000000    404.000000    380.000000    409.000000    178.000000    440.000000    366.000000    421.000000    344.000000    340.000000    293.000000    387.000000    329.000000    184.000000
   915.208618    242.000000    220.000000    263.000000    269.000000    249.000000    307.000000    257.000000    238.000000    410.000000    183.000000    107.000000    192.000000    182.000000    233.000000    296.000000    323.000000    293.000000    128.000000    231.000000    360.000000    350.000000    401.000000    410.000000    400.000000    426.000000    465.000000    429.000000    410.000000    426.000000    305.000000    358.000000    493.000000    440.000000    531.000000    434.000000    413.000000    359.000000    333.000000    401.000000    403.000000    388.000000    136.000000    402.000000    371.000000    404.000000    349.000000    354.000000    271.000000    352.000000    308.000000    213.000000
   916.596130    223.000000    262.000000    264.000000    259.000000    219.000000    281.000000    235.000000    274.000000    417.000000    172.000000    118.000000    172.000000    189.000000    198.000000    219.000000    362.000000    310.000000    105.000000    208.000000    359.000000    366.000000    346.000000    377.000000    453.000000    416.000000    430.000000    456.000000    397.000000    423.000000    300.000000    353.000000    477.000000    403.000000    507.000000    446.000000    450.000000    329.000000    309.000000    384.000000    366.000000    329.000000    169.000000    482.000000    363.000000    427.000000    332.000000    321.000000    302.000000    336.000000    298.000000    187.000000
   917.984009    220.000000    247.000000    238.000000    264.000000    220.000000    246.000000    234.000000    279.000000    412.000000    177.000000    126.000000    156.000000    218.000000    198.000000    248.000000    349.000000    296.000000    119.000000    215.000000    338.000000    291.000000    327.000000    345.000000    377.000000    436.000000    448.000000    444.000000    391.000000    436.000000    273.000000    364.000000    433.000000    423.000000    528.000000    393.000000    385.000000    351.000000    284.000000    362.000000    363.000000    397.000000    149.000000    438.000000    391.000000    377.000000    342.000000    342.000000    286.000000    356.000000    284.000000    188.000000
   919.372375    218.000000    232.000000    271.000000    267.000000    251.000000    271.000000    250.000000    237.000000    325.000000    147.000000    123.000000    158.000000    218.000000    212.000000    216.000000    345.000000    290.000000    100.000000    217.000000    316.000000    329.000000    349.000000    345.000000    385.000000    375.000000    409.000000    393.000000    385.000000    365.000000    258.000000    349.000000    395.000000    421.000000    489.000000    392.000000    424.000000    345.000000    279.000000    322.000000    323.000000    313.000000    138.000000    414.000000    334.000000    377.000000    355.000000    332.000000    293.000000    378.000000    277.000000    186.000000
   920.761292    183.000000    228.000000    241.000000    261.000000    236.000000    240.000000    230.000000    219.000000    346.000000    157.000000    131.000000    156.000000    185.000000    186.000000    252.000000    326.000000    325.000000    107.000000    213.000000    346.000000    337.000000    327.000000    370.000000    372.000000    385.000000    422.000000    374.000000    352.000000    377.000000    273.000000    339.000000    390.000000    346.000000    452.000000    373.000000    344.000000    335.000000    295.000000    361.000000    356.000000    387.000000    155.000000    392.000000    337.000000    417.000000    331.000000    282.000000    297.000000    397.000000    261.000000    187.000000
   922.150574    235.000000    218.000000    246.000000    261.000000    228.000000    257.000000    246.000000    238.000000    347.000000    152.000000    114.000000    163.000000    212.000000    217.000000    232.000000    324.000000    268.000000    113.000000    226.000000    310.000000    341.000000    332.000000    342.000000    392.000000    404.000000    396.000000    412.000000    407.000000    389.000000    262.000000    352.000000    410.000000    401.000000    444.000000    395.000000    365.000000    324.000000    325.000000    351.000000    326.000000    336.000000    175.000000    396.000000    339.000000    353.000000    322.000000    290.000000    247.000000    351.000000    297.000000    175.000000
   923.540527    208.000000    225.000000    262.000000    252.000000    231.000000    273.000000    278.000000    218.000000    374.000000    151.000000     95.000000    159.000000    213.000000    168.000000    230.000000    307.000000    279.000000     90.000000    233.000000    313.000000    326.000000    323.000000    347.000000    338.000000    417.000000    434.000000    351.000000    375.000000    407.000000    271.000000    340.000000    399.000000    352.000000    446.000000    369.000000    364.000000    298.000000    265.000000    296.000000    324.000000    336.000000    137.000000    357.000000    362.000000    346.000000    273.000000    300.000000    286.000000    325.000000    233.000000    180.000000
   924.930786    206.000000    250.000000    216.000000    269.000000    213.000000    243.000000    223.000000    218.000000    355.000000    152.000000    105.000000    163.000000    234.000000    188.000000    245.000000    310.000000    291.000000    120.000000    197.000000    295.000000    297.000000    285.000000    309.000000    288.000000    378.000000    407.000000    352.000000    331.000000    346.000000    258.000000    314.000000    381.000000    369.000000    452.000000    381.000000    350.000000    302.000000    255.000000    317.000000    316.000000    303.000000    146.000000    375.000000    319.000000    356.000000    301.000000    257.000000    258.000000    342.000000    252.000000    159.000000
   926.321594    216.000000    244.000000    226.000000    240.000000    224.000000    252.000000    213.000000    231.000000    322.000000    134.000000     99.000000    174.000000    216.000000    187.000000    235.000000    304.000000    266.000000    119.000000    223.000000    300.000000    287.000000    315.000000    344.000000    353.000000    337.000000    351.000000    378.000000    354.000000    341.000000    306.000000    335.000000    381.000000    339.000000    434.000000    349.000000    362.000000    268.000000    274.000000    322.000000    305.000000    331.000000    143.000000    361.000000    300.000000    336.000000    265.000000    291.000000    251.000000    314.000000    229.000000    171.000000
   927.712891    201.000000    230.000000    194.000000    235.000000    221.000000    251.000000    213.000000    221.000000    323.000000    141.000000    118.000000    163.000000    179.000000    186.000000    233.000000    298.000000    261.000000    113.000000    200.000000    316.000000    303.000000    325.000000    301.000000    329.000000    345.000000    371.000000    402.000000    334.000000    376.000000    256.000000    339.000000    375.000000    354.000000    410.000000    412.000000    369.000000    283.000000    283.000000    291.000000    356.000000    290.000000    155.000000    353.000000    292.000000    362.000000    281.000000    285.000000    274.000000    293.000000    224.000000    166.000000
   929.104614    205.000000    217.000000    221.000000    264.000000    230.000000    254.000000    230.000000    199.000000    321.000000    108.000000    116.000000    165.000000    209.000000    170.000000    250.000000    292.000000    270.000000    109.000000    186.000000    301.000000    310.000000    316.000000    295.000000    301.000000    346.000000    316.000000    345.000000    345.000000    330.000000    223.000000    278.000000    336.000000    301.000000    415.000000    386.000000    358.000000    298.000000    283.000000    328.000000    326.000000    292.000000    134.000000    371.000000    315.000000    335.000000    291.000000    291.000000    268.000000    321.000000    259.000000    167.000000
   930.496826    194.000000    232.000000    204.000000    225.000000    233.000000    245.000000    224.000000    202.000000    298.000000    141.000000    106.000000    173.000000    190.000000    176.000000    211.000000    296.000000    245.000000    145.000000    186.000000    270.000000    312.000000    300.000000    319.000000    316.000000    341.000000    377.000000    334.000000    326.000000    301.000000    234.000000    275.000000    349.000000    318.000000    343.000000    340.000000    336.000000    258.000000    271.000000    271.000000    328.000000    301.000000    152.000000    332.000000    280.000000    315.000000    278.000000    261.000000    243.000000    308.000000    244.000000    146.000000
   931.889587    188.000000    229.000000    247.000000    234.000000    203.000000    218.000000    225.000000    217.000000    321.000000    110.000000    119.000000    147.000000    200.000000    179.000000    219.000000    245.000000    265.000000    109.000000    232.000000    293.000000    264.000000    307.000000    317.000000    311.000000    337.000000    364.000000    333.000000    335.000000    336.000000    227.000000    288.000000    351.000000    330.000000    417.000000    338.000000    359.000000    276.000000    258.000000    267.000000    328.000000    306.000000    123.000000    323.000000    317.000000    333.000000    309.000000    252.000000    247.000000    317.000000    271.000000    140.000000
   933.282776    233.000000    212.000000    218.000000    229.000000    239.000000    238.000000    229.000000    206.000000    345.000000    132.000000     76.000000    166.000000    205.000000    186.000000    241.000000    265.000000    252.000000    122.000000    201.000000    296.000000    299.000000    308.000000    259.000000    302.000000    330.000000    323.000000    343.000000    315.000000    360.000000    249.000000    298.000000    330.000000    315.000000    420.000000    337.000000    345.000000    299.000000    268.000000    319.000000    322.000000    284.000000    136.000000    294.000000    281.000000    295.000000    270.000000    265.000000    274.000000    283.000000    214.000000    172.000000
   934.676514    228.000000    203.000000    228.000000    247.000000    200.000000    243.000000    183.000000    173.000000    304.000000    123.000000    103.000000    154.000000    199.000000    172.000000    205.000000    301.000000    259.000000     92.000000    202.000000    292.000000    274.000000    265.000000    321.000000    280.000000    317.000000    305.000000    326.000000    330.000000    292.000000    227.000000    289.000000    344.000000    318.000000    347.000000    372.000000    314.000000    234.000000    226.000000    277.000000    279.000000    275.000000    152.000000    351.000000    282.000000    263.000000    279.000000    236.000000    265.000000    313.000000    248.000000    160.000000
   936.070679    150.000000    212.000000    183.000000    201.000000    215.000000    240.000000    214.000000    194.000000    333.000000    134.000000    100.000000    155.000000    202.000000    178.000000    205.000000    225.000000    238.000000     95.000000    181.000000    246.000000    265.000000    301.000000    335.000000    310.000000    304.000000    319.000000    307.000000    333.000000    330.000000    251.000000    295.000000    356.000000    318.000000    334.000000    299.000000    349.000000    288.000000    215.000000    298.000000    283.000000    241.000000    117.000000    345.000000    236.000000    302.000000    268.000000    264.000000    250.000000    310.000000    239.000000    165.000000
   937.465271    174.000000    180.000000    195.000000    249.000000    206.000000    191.000000    220.000000    194.000000    287.000000     92.000000    114.000000    144.000000    192.000000    139.000000    212.000000    241.000000    208.000000     86.000000    189.000000    298.000000    243.000000    287.000000    281.000000    280.000000    288.000000    372.000000    305.000000    317.000000    316.000000    222.000000    309.000000    341.000000    312.000000    348.000000    315.000000    319.000000    246.000000    224.000000    268.000000    313.000000    266.000000    123.000000    317.000000    282.000000    289.000000    287.000000    264.000000    223.000000    265.000000    237.000000    147.000000
   938.860413    195.000000    217.000000    233.000000    236.000000    190.000000    184.000000    176.000000    207.000000    284.000000    103.000000    108.000000    134.000000    192.000000    195.000000    207.000000    251.000000    243.000000     86.000000    194.000000    265.000000    246.000000    248.000000    264.000000    274.000000    279.000000    349.000000    346.000000    326.000000    318.000000    218.000000    272.000000    293.000000    325.000000    363.000000    340.000000    321.000000    266.000000    236.000000    307.000000    317.000000    254.000000     84.000000    343.000000    278.000000    282.000000    255.000000    238.000000    219.000000    286.000000    210.000000    126.000000
   940.255981    197.000000    169.000000    177.000000    177.000000    180.000000    177.000000    179.000000    179.000000    334.000000    116.000000    112.000000    147.000000    137.000000    168.000000    200.000000    232.000000    237.000000     78.000000    194.000000    225.000000    254.000000    294.000000    231.000000    289.000000    292.000000    318.000000    274.000000    352.000000    279.000000    256.000000    304.000000    296.000000    291.000000    311.000000    286.000000    293.000000    242.000000    224.000000    281.000000    312.000000    265.000000    129.000000    318.000000    253.000000    265.000000    263.000000    243.000000    203.000000    300.000000    212.000000    146.000000
   941.652100    189.000000    160.000000    180.000000    196.000000    191.000000    204.000000    195.000000    214.000000    277.000000    119.000000    105.000000    158.000000    209.000000    159.000000    209.000000    252.000000    251.000000     92.000000    156.000000    193.000000    253.000000    253.000000    256.000000    262.000000    281.000000    339.000000    337.000000    329.000000    315.000000    200.000000    233.000000    313.000000    276.000000    307.000000    268.000000    288.000000    251.000000    252.000000    249.000000    278.000000    243.000000    126.000000    259.000000    245.000000    278.000000    219.000000    259.000000    216.000000    269.000000    218.000000    141.000000
   943.048584    157.000000    175.000000    214.000000    181.000000    208.000000    203.000000    199.000000    144.000000    288.000000    104.000000     76.000000    138.000000    157.000000    160.000000    197.000000    236.000000    215.000000     73.000000    170.000000    203.000000    213.000000    228.000000    258.000000    267.000000    288.000000    315.000000    311.000000    322.000000    298.000000    257.000000    259.000000    287.000000    300.000000    304.000000    282.000000    251.000000    235.000000    185.000000    262.000000    232.000000    235.000000    126.000000    274.000000    241.000000    251.000000    245.000000    228.000000    198.000000    253.000000    208.000000    127.000000
   944.445679    176.000000    179.000000    176.000000    184.000000    162.000000    183.000000    168.000000    130.000000    294.000000     99.000000    103.000000    141.000000    176.000000    166.000000    177.000000    254.000000    191.000000     89.000000    202.000000    238.000000    244.000000    216.000000    242.000000    284.000000    279.000000    289.000000    314.000000    320.000000    291.000000    208.000000    242.000000    276.000000    251.000000    329.000000    271.000000    304.000000    234.000000    188.000000    257.000000    246.000000    239.000000    118.000000    265.000000    208.000000    272.000000    233.000000    222.000000    226.000000    259.000000    217.000000    129.000000
   945.843201    165.000000    172.000000    188.000000    216.000000    173.000000    191.000000    162.000000    184.000000    284.000000    100.000000    107.000000    144.000000    174.000000    148.000000    177.000000    244.000000    183.000000     76.000000    187.000000    225.000000    218.000000    203.000000    217.000000    192.000000    306.000000    284.000000    262.000000    274.000000    268.000000    205.000000    252.000000    266.000000    239.000000    322.000000    267.000000    253.000000    229.000000    172.000000    203.000000    222.000000    257.000000    114.000000    269.000000    250.000000    250.000000    230.000000    236.000000    198.000000    224.000000    204.000000    136.000000
   947.241211    179.000000    170.000000    178.000000    188.000000    170.000000    165.000000    158.000000    178.000000    274.000000    117.000000     74.000000    122.000000    179.000000    153.000000    191.000000    237.000000    188.000000     83.000000    143.000000    204.000000    213.000000    221.000000    231.000000    254.000000    249.000000    292.000000    255.000000    285.000000    254.000000    175.000000    278.000000    286.000000    255.000000    294.000000    263.000000    240.000000    197.000000    183.000000    228.000000    224.000000    206.000000    111.000000    212.000000    211.000000    251.000000    250.000000    251.000000    164.000000    244.000000    190.000000    149.000000
   948.639587    157.000000    189.000000    178.000000    183.000000    165.000000    195.000000    162.000000    160.000000    269.000000     90.000000     86.000000    131.000000    188.000000    148.000000    174.000000    199.000000    199.000000     95.000000    161.000000    205.000000    218.000000    226.000000    224.000000    256.000000    251.000000    266.000000    261.000000    262.000000    251.000000    201.000000    247.000000    255.000000    272.000000    274.000000    248.000000    283.000000    202.000000    197.000000    226.000000    236.000000    246.000000    127.000000    258.000000    214.000000    248.000000    216.000000    234.000000    206.000000    249.000000    216.000000    160.000000
   950.038574    159.000000    170.000000    144.000000    167.000000    184.000000    191.000000    164.000000    194.000000    255.000000    110.000000     86.000000    129.000000    157.000000    166.000000    167.000000    233.000000    169.000000     67.000000    171.000000    194.000000    162.000000    232.000000    185.000000    197.000000    233.000000    282.000000    283.000000    243.000000    272.000000    187.000000    222.000000    245.000000    235.000000    262.000000    272.000000    248.000000    227.000000    148.000000    244.000000    233.000000    202.000000    123.000000    200.000000    174.000000    244.000000    232.000000    182.000000    193.000000    255.000000    176.000000     95.000000
   951.438110    150.000000    185.000000    171.000000    146.000000    170.000000    145.000000    155.000000    166.000000    256.000000    105.000000    101.000000    106.000000    167.000000    143.000000    173.000000    189.000000    207.000000     78.000000    122.000000    194.000000    235.000000    225.000000    228.000000    261.000000    229.000000    251.000000    268.000000    250.000000    246.000000    170.000000    237.000000    255.000000    256.000000    290.000000    257.000000    244.000000    213.000000    153.000000    235.000000    235.000000    227.000000    129.000000    242.000000    187.000000    231.000000    222.000000    210.000000    163.000000    216.000000    195.000000    112.000000
   952.838013    150.000000    155.000000    141.000000    177.000000    181.000000    185.000000    141.000000    172.000000    251.000000    100.000000     95.000000    120.000000    154.000000    133.000000    183.000000    221.000000    197.000000     77.000000    155.000000    196.000000    220.000000    222.000000    207.000000    225.000000    232.000000    296.000000    261.000000    255.000000    239.000000    188.000000    265.000000    273.000000    241.000000    305.000000    230.000000    240.000000    210.000000    183.000000    236.000000    230.000000    186.000000     78.000000    217.000000    195.000000    255.000000    254.000000    194.000000    191.000000    239.000000    220.000000    112.000000
   954.238403    171.000000    165.000000    151.000000    190.000000    160.000000    165.000000    172.000000    162.000000    256.000000     93.000000     72.000000    148.000000    167.000000    132.000000    149.000000    218.000000    191.000000     90.000000    156.000000    192.000000    188.000000    223.000000    238.000000    231.000000    265.000000    236.000000    237.000000    281.000000    219.000000    157.000000    251.000000    281.000000    225.000000    283.000000    212.000000    239.000000    190.000000    172.000000    217.000000    205.000000    228.000000     97.000000    226.000000    187.000000    233.000000    214.000000    213.000000    213.000000    226.000000    187.000000    112.000000
   955.639282    172.000000    153.000000    168.000000    186.000000    167.000000    170.000000    161.000000    168.000000    233.000000     77.000000     84.000000    103.000000    148.000000    134.000000    179.000000    245.000000    159.000000     70.000000    149.000000    188.000000    179.000000    206.000000    242.000000    214.000000    227.000000    256.000000    245.000000    240.000000    265.000000    173.000000    233.000000    262.000000    221.000000    270.000000    257.000000    229.000000    230.000000    176.000000    230.000000    210.000000    240.000000     97.000000    234.000000    231.000000    214.000000    221.000000    202.000000    203.000000    228.000000    198.000000    121.000000
   957.040588    175.000000    175.000000    152.000000    168.000000    159.000000    182.000000    165.000000    134.000000    252.000000    109.000000     91.000000    103.000000    138.000000    154.000000    159.000000    165.000000    173.000000     65.000000    143.000000    171.000000    199.000000    185.000000    194.000000    214.000000    237.000000    246.000000    241.000000    256.000000    242.000000    195.000000    236.000000    213.000000    218.000000    257.000000    217.000000    286.000000    182.000000    190.000000    202.000000    187.000000    192.000000    108.000000    226.000000    195.000000    217.000000    208.000000    202.000000    160.000000    221.000000    179.000000     95.000000
   958.442505    137.000000    144.000000    124.000000    152.000000    150.000000    159.000000    154.000000    119.000000    229.000000     89.000000     91.000000    123.000000    178.000000    108.000000    168.000000    208.000000    171.000000     76.000000    135.000000    179.000000    191.000000    196.000000    221.000000    219.000000    238.000000    220.000000    227.000000    246.000000    239.000000    187.000000    232.000000    230.000000    235.000000    257.000000    245.000000    224.000000    197.000000    158.000000    225.000000    204.000000    214.000000     93.000000    216.000000    192.000000    225.000000    204.000000    241.000000    146.000000    208.000000    138.000000    141.000000
   959.844788    145.000000    132.000000    137.000000    166.000000    146.000000    164.000000    146.000000    118.000000    214.000000     96.000000     96.000000    119.000000    115.000000    143.000000    164.000000    209.000000    144.000000     88.000000    154.000000    169.000000    216.000000    204.000000    204.000000    194.000000    181.000000    211.000000    255.000000    207.000000    236.000000    193.000000    244.000000    235.000000    224.000000    263.000000    257.000000    236.000000    186.000000    169.000000    208.000000    207.000000    218.000000     92.000000    212.000000    205.000000    223.000000    197.000000    234.000000    171.000000    215.000000    185.000000     83.000000
   961.247620    123.000000    149.000000    150.000000    162.000000    156.000000    162.000000    134.000000    169.000000    252.000000     91.000000     74.000000     88.000000    149.000000    145.000000    168.000000    195.000000    167.000000     76.000000    153.000000    153.000000    190.000000    174.000000    212.000000    210.000000    210.000000    253.000000    224.000000    207.000000    234.000000    192.000000    232.000000    228.000000    219.000000    235.000000    206.000000    248.000000    189.000000    157.000000    210.000000    213.000000    207.000000    110.000000    189.000000    202.000000    215.000000    259.000000    191.000000    190.000000    193.000000    169.000000    128.000000
   962.650879    117.000000    134.000000    165.000000    127.000000    156.000000    192.000000    137.000000    139.000000    220.000000    110.000000     73.000000     94.000000    149.000000    122.000000    146.000000    190.000000    161.000000     67.000000    153.000000    178.000000    168.000000    175.000000    195.000000    198.000000    193.000000    241.000000    253.000000    223.000000    193.000000    175.000000    217.000000    227.000000    216.000000    286.000000    219.000000    225.000000    182.000000    160.000000    203.000000    195.000000    226.000000    117.000000    232.000000    193.000000    161.000000    176.000000    184.000000    181.000000    205.000000    155.000000    102.000000
   964.054626    153.000000    141.000000    185.000000    160.000000    160.000000    148.000000    113.000000    128.000000    221.000000     80.000000     77.000000    115.000000    131.000000    135.000000    126.000000    186.000000    160.000000     62.000000    128.000000    163.000000    182.000000    181.000000    150.000000    204.000000    214.000000    232.000000    218.000000    217.000000    182.000000    161.000000    239.000000    213.000000    205.000000    261.000000    178.000000    253.000000    200.000000    155.000000    178.000000    185.000000    186.000000    117.000000    210.000000    208.000000    227.000000    194.000000    172.000000    154.000000    223.000000    136.000000    106.000000
   965.458923    139.000000    132.000000    161.000000    160.000000    159.000000    137.000000    124.000000    117.000000    211.000000    108.000000    106.000000    123.000000    171.000000    141.000000    161.000000    173.000000    190.000000     74.000000    156.000000    180.000000    173.000000    174.000000    201.000000    191.000000    171.000000    209.000000    224.000000    215.000000    212.000000    161.000000    233.000000    206.000000    197.000000    265.000000    228.000000    207.000000    180.000000    182.000000    189.000000    201.000000    178.000000    105.000000    222.000000    215.000000    198.000000    160.000000    193.000000    162.000000    184.000000    186.000000     79.000000
   966.863586    133.000000    143.000000    155.000000    150.000000    159.000000    157.000000    153.000000    148.000000    236.000000    102.000000     70.000000    111.000000    137.000000     98.000000    164.000000    178.000000    150.000000     70.000000    126.000000    178.000000    187.000000    193.000000    222.000000    179.000000    207.000000    211.000000    281.000000    222.000000    210.000000    170.000000    243.000000    223.000000    227.000000    241.000000    214.000000    223.000000    182.000000    138.000000    199.000000    191.000000    201.000000    116.000000    205.000000    206.000000    181.000000    196.000000    176.000000    167.000000    194.000000    133.000000     85.000000
   968.268799    134.000000    145.000000    184.000000    155.000000    163.000000    154.000000    161.000000    144.000000    187.000000     76.000000     82.000000    107.000000    129.000000    111.000000    152.000000    154.000000    131.000000     75.000000    131.000000    175.000000    187.000000    194.000000    203.000000    228.000000    204.000000    223.000000    251.000000    183.000000    212.000000    150.000000    193.000000    219.000000    192.000000    258.000000    215.000000    225.000000    183.000000    153.000000    165.000000    203.000000    195.000000    133.000000    203.000000    177.000000    203.000000    160.000000    222.000000    150.000000    185.000000    158.000000     90.000000
   969.674377    140.000000    111.000000    165.000000    135.000000    160.000000    123.000000    148.000000    128.000000    232.000000     85.000000     86.000000     75.000000    159.000000    147.000000    149.000000    182.000000    179.000000     44.000000    112.000000    149.000000    190.000000    188.000000    174.000000    151.000000    206.000000    217.000000    256.000000    230.000000    210.000000    147.000000    204.000000    178.000000    195.000000    235.000000    216.000000    190.000000    144.000000    156.000000    167.000000    195.000000    190.000000    115.000000    173.000000    181.000000    215.000000    208.000000    191.000000    160.000000    215.000000    150.000000     79.000000
   971.080688    165.000000    134.000000    164.000000    148.000000    142.000000    177.000000    141.000000    111.000000    203.000000     90.000000     98.000000    101.000000    144.000000    105.000000    118.000000    179.000000    149.000000     46.000000    143.000000    156.000000    183.000000    180.000000    157.000000    208.000000    202.000000    204.000000    241.000000    236.000000    214.000000    175.000000    232.000000    231.000000    201.000000    234.000000    192.000000    180.000000    180.000000    138.000000    166.000000    194.000000    182.000000    110.000000    165.000000    204.000000    213.000000    170.000000    200.000000    156.000000    210.000000    181.000000     90.000000
   972.487305    141.000000    133.000000    125.000000    139.000000    138.000000    140.000000    128.000000    143.000000    214.000000    115.000000     84.000000     97.000000    123.000000    139.000000    148.000000    171.000000    138.000000     88.000000     83.000000    167.000000    167.000000    219.000000    163.000000    186.000000    202.000000    191.000000    211.000000    198.000000    209.000000    170.000000    227.000000    222.000000    181.000000    239.000000    183.000000    186.000000    170.000000    148.000000    176.000000    175.000000    163.000000     85.000000    174.000000    180.000000    211.000000    208.000000    168.000000    124.000000    185.000000    160.000000     99.000000
   973.894409    155.000000    122.000000    131.000000    158.000000    136.000000    132.000000    121.000000    117.000000    193.000000    100.000000     70.000000    107.000000    116.000000    114.000000    132.000000    175.000000    139.000000     77.000000    105.000000    161.000000    142.000000    171.000000    173.000000    177.000000    207.000000    186.000000    220.000000    219.000000    176.000000    191.000000    200.000000    233.000000    208.000000    231.000000    199.000000    192.000000    180.000000    160.000000    172.000000    192.000000    155.000000    117.000000    184.000000    210.000000    182.000000    191.000000    182.000000    134.000000    199.000000    144.000000    102.000000
   975.302002    105.000000    123.000000    136.000000    162.000000    145.000000    159.000000    117.000000    136.000000    203.000000     70.000000     64.000000     98.000000    112.000000     95.000000    131.000000    155.000000    116.000000     68.000000     97.000000    145.000000    180.000000    161.000000    173.000000    187.000000    191.000000    226.000000    207.000000    210.000000    202.000000    153.000000    207.000000    235.000000    199.000000    239.000000    181.000000    204.000000    160.000000    139.000000    187.000000    127.000000    156.000000    108.000000    172.000000    186.000000    204.000000    209.000000    195.000000    139.000000    178.000000    136.000000    112.000000
   976.710083    131.000000    125.000000    140.000000    138.000000    134.000000    125.000000    130.000000    129.000000    169.000000     89.000000     68.000000    109.000000    140.000000    106.000000    142.000000    164.000000    126.000000     25.000000    110.000000    136.000000    129.000000    174.000000    177.000000    185.000000    187.000000    204.000000    195.000000    184.000000    211.000000    165.000000    196.000000    199.000000    160.000000    235.000000    187.000000    172.000000    158.000000    155.000000    196.000000    190.000000    169.000000    108.000000    188.000000    174.000000    183.000000    163.000000    189.000000    137.000000    189.000000    138.000000     80.000000
   978.118713    166.000000    129.000000    127.000000    156.000000    150.000000    132.000000    156.000000    131.000000    208.000000     97.000000     51.000000    104.000000    103.000000    102.000000    120.000000    159.000000    146.000000     57.000000    103.000000    128.000000    147.000000    136.000000    168.000000    185.000000    189.000000    194.000000    217.000000    213.000000    212.000000    154.000000    220.000000    197.000000    190.000000    209.000000    180.000000    203.000000    151.000000    148.000000    182.000000    201.000000    190.000000    103.000000    178.000000    141.000000    161.000000    201.000000    186.000000    134.000000    185.000000    180.000000     94.000000
   979.527710    139.000000    106.000000    133.000000    153.000000    110.000000    118.000000    105.000000    112.000000    188.000000     79.000000     74.000000     81.000000    106.000000    109.000000    115.000000    126.000000    108.000000     75.000000     94.000000    154.000000    150.000000    136.000000    135.000000    151.000000    176.000000    189.000000    224.000000    177.000000    180.000000    160.000000    199.000000    187.000000    160.000000    235.000000    174.000000    173.000000    144.000000    151.000000    162.000000    182.000000    170.000000     99.000000    191.000000    148.000000    182.000000    192.000000    215.000000    123.000000    182.000000    134.000000     96.000000
   980.937195    127.000000    162.000000    142.000000    136.000000    124.000000    136.000000    110.000000    126.000000    174.000000     84.000000     71.000000     83.000000    124.000000    112.000000    114.000000    151.000000    105.000000     40.000000     98.000000    143.000000    146.000000    166.000000    112.000000    133.000000    164.000000    218.000000    200.000000    229.000000    185.000000    147.000000    187.000000    175.000000    165.000000    225.000000    165.000000    168.000000    161.000000    143.000000    163.000000    154.000000    187.000000     92.000000    150.000000    175.000000    164.000000    181.000000    198.000000    125.000000    191.000000    122.000000     78.000000
   982.347229    109.000000    155.000000    152.000000    113.000000    155.000000    143.000000    119.000000    135.000000    167.000000     87.000000     58.000000     88.000000     96.000000     87.000000    139.000000    128.000000    106.000000     74.000000    104.000000    141.000000    186.000000    128.000000    149.000000    173.000000    151.000000    195.000000    190.000000    192.000000    195.000000    148.000000    184.000000    183.000000    191.000000    164.000000    180.000000    162.000000    149.000000    139.000000    185.000000    178.000000    200.000000    101.000000    134.000000    186.000000    171.000000    177.000000    165.000000    122.000000    173.000000    146.000000     78.000000
   983.757690    123.000000    146.000000    120.000000    125.000000    140.000000    116.000000     92.000000    127.000000    168.000000     95.000000     73.000000     92.000000     91.000000    103.000000    110.000000    166.000000     96.000000     49.000000    110.000000    139.000000    121.000000    155.000000    173.000000    149.000000    168.000000    190.000000    212.000000    183.000000    201.000000    132.000000    228.000000    193.000000    147.000000    186.000000    148.000000    178.000000    171.000000    152.000000    200.000000    152.000000    170.000000     95.000000    155.000000    186.000000    174.000000    125.000000    201.000000    127.000000    176.000000    121.000000     84.000000
   985.168579    114.000000    120.000000    122.000000    142.000000    109.000000    119.000000    112.000000    102.000000    182.000000     80.000000     58.000000     94.000000    118.000000    117.000000    132.000000    140.000000     93.000000     62.000000     95.000000    142.000000    140.000000    145.000000    137.000000    181.000000    194.000000    132.000000    241.000000    185.000000    174.000000    125.000000    208.000000    201.000000    163.000000    139.000000    173.000000    182.000000    141.000000    141.000000    149.000000    188.000000    171.000000     73.000000    160.000000    158.000000    168.000000    197.000000    168.000000    118.000000    186.000000    129.000000     94.000000
   986.580078    119.000000    131.000000    133.000000    132.000000    133.000000    101.000000    146.000000    132.000000    168.000000     83.000000     60.000000     88.000000    104.000000    105.000000    135.000000    134.000000    110.000000     57.000000     85.000000    121.000000    135.000000    149.000000    118.000000    148.000000    155.000000    146.000000    181.000000    179.000000    125.000000    137.000000    133.000000    171.000000    161.000000    185.000000    161.000000    177.000000    147.000000    119.000000    198.000000    165.000000    172.000000     65.000000    160.000000    162.000000    195.000000    169.000000    175.000000    116.000000    165.000000    113.000000     76.000000
   987.992004    128.000000    117.000000     97.000000    121.000000    138.000000    111.000000    111.000000    125.000000    194.000000     90.000000     93.000000     94.000000    116.000000    127.000000    135.000000    135.000000    104.000000     66.000000     52.000000    118.000000    119.000000    120.000000    125.000000    171.000000    146.000000    198.000000    182.000000    195.000000    166.000000    112.000000    169.000000    167.000000    173.000000    220.000000    139.000000    177.000000    148.000000    121.000000    166.000000    167.000000    175.000000     91.000000    158.000000    177.000000    167.000000    141.000000    175.000000    144.000000    132.000000    111.000000     63.000000
   989.404419    127.000000    113.000000    114.000000    107.000000    131.000000    123.000000    135.000000    104.000000    194.000000     90.000000     67.000000     88.000000    110.000000    115.000000    122.000000    125.000000    114.000000     45.000000     91.000000    122.000000    142.000000     71.000000    115.000000     92.000000    162.000000    155.000000    171.000000    159.000000    147.000000    120.000000    175.000000    152.000000    137.000000    179.000000    135.000000    163.000000    156.000000    139.000000    139.000000    136.000000    164.000000    102.000000    135.000000    154.000000    176.000000    160.000000    140.000000    122.000000    191.000000    115.000000     80.000000
   990.817322    115.000000    103.000000    119.000000    114.000000    126.000000    119.000000    127.000000    131.000000    155.000000     87.000000     58.000000     68.000000    112.000000     87.000000    114.000000    141.000000    138.000000     41.000000     73.000000    133.000000     99.000000    104.000000    123.000000    137.000000    132.000000    140.000000    175.000000    174.000000    165.000000    119.000000    164.000000    135.000000    161.000000    156.000000    134.000000    158.000000    109.000000     92.000000    155.000000    161.000000    159.000000    100.000000    124.000000    160.000000    148.000000    175.000000    119.000000     94.000000    182.000000    133.000000     90.000000
   992.230713     97.000000    104.000000    123.000000    121.000000    113.000000     89.000000     87.000000     93.000000    154.000000     77.000000     62.000000     70.000000     93.000000    109.000000    121.000000    124.000000    102.000000     72.000000     86.000000    104.000000    120.000000    130.000000    107.000000    143.000000    110.000000    151.000000    174.000000    144.000000    150.000000    133.000000    158.000000    175.000000    156.000000    182.000000    154.000000    111.000000    129.000000    106.000000    155.000000    153.000000    156.000000    102.000000    141.000000    171.000000    159.000000    159.000000    148.000000    105.000000    141.000000     92.000000     80.000000
   993.644470     90.000000     95.000000    108.000000    117.000000    127.000000    117.000000    102.000000    104.000000    153.000000     87.000000     56.000000     87.000000    101.000000    111.000000    116.000000    101.000000    107.000000     54.000000     98.000000    102.000000    106.000000    130.000000     78.000000    130.000000    124.000000    187.000000    182.000000    184.000000    158.000000    114.000000    175.000000    163.000000    168.000000    159.000000    137.000000    152.000000    113.000000    108.000000    114.000000    151.000000    142.000000     79.000000    145.000000    161.000000    200.000000    169.000000    140.000000    104.000000    142.000000    114.000000     83.000000
   995.058777     95.000000     95.000000     96.000000    102.000000    154.000000    109.000000     86.000000     86.000000    169.000000     67.000000     68.000000     98.000000    100.000000     88.000000    100.000000    124.000000    100.000000     33.000000     98.000000    112.000000     83.000000    120.000000    115.000000    104.000000    154.000000    149.000000    168.000000    174.000000    153.000000    125.000000    149.000000    183.000000    126.000000    158.000000    135.000000    132.000000    107.000000    102.000000    140.000000    156.000000    153.000000    100.000000    118.000000    180.000000    157.000000    163.000000    140.000000     97.000000    126.000000    111.000000     54.000000
   996.473572     95.000000    118.000000    104.000000    104.000000    141.000000    114.000000     87.000000    115.000000    141.000000     64.000000     53.000000     86.000000    100.000000     98.000000    103.000000    132.000000    105.000000     45.000000     88.000000    111.000000    126.000000    109.000000     95.000000    122.000000    109.000000    137.000000    197.000000    149.000000    164.000000    123.000000    165.000000    148.000000    156.000000    137.000000    131.000000    156.000000    139.000000     89.000000    140.000000    125.000000    193.000000     94.000000    124.000000    128.000000    167.000000    194.000000    127.000000     90.000000    159.000000    121.000000     36.000000
   997.888916    110.000000     95.000000    117.000000    102.000000    124.000000    111.000000     76.000000    128.000000    136.000000     82.000000     55.000000     92.000000    103.000000     96.000000    118.000000    117.000000    104.000000     54.000000    106.000000    113.000000    126.000000    147.000000    127.000000    131.000000    108.000000    123.000000    155.000000    171.000000    148.000000    124.000000    144.000000    149.000000    129.000000    116.000000    138.000000    129.000000    127.000000    110.000000    118.000000    129.000000    135.000000     98.000000    138.000000    128.000000    127.000000    169.000000    136.000000    104.000000    159.000000    103.000000     95.000000
   999.304626    101.000000     76.000000    106.000000    107.000000    115.000000     95.000000     88.000000     86.000000    175.000000     68.000000     70.000000     70.000000     92.000000    103.000000    102.000000    104.000000     75.000000     56.000000     91.000000    132.000000    124.000000    111.000000    128.000000    132.000000    124.000000    143.000000    179.000000    162.000000    161.000000    100.000000    154.000000    165.000000    135.000000    162.000000    132.000000    130.000000    127.000000     96.000000    124.000000    124.000000    139.000000     95.000000    119.000000    121.000000    167.000000    141.000000    169.000000    119.000000    144.000000     99.000000     83.000000
   999.658630    132.000000    110.000000    100.000000    107.000000    106.000000     70.000000     66.000000    111.000000    164.000000     50.000000     51.000000     82.000000     82.000000     78.000000    111.000000     96.000000     89.000000     40.000000     89.000000    105.000000    116.000000     99.000000    131.000000    137.000000    128.000000    160.000000    186.000000    181.000000    145.000000    127.000000    140.000000    149.000000    156.000000    136.000000    127.000000    128.000000    111.000000     90.000000    121.000000    124.000000    143.000000    100.000000    126.000000    165.000000    153.000000    149.000000    159.000000    104.000000    131.000000    127.000000     77.000000
