ENVI ASCII Plot File [Sun Dec 22 17:13:51 2024]																																																					
Column 1: Wavelength																																																					
Column 2: X:258 Y:370~~1																																																					
Column 3: X:249 Y:364~~2																																																					
Column 4: X:246 Y:362~~3																																																					
Column 5: X:248 Y:360~~4																																																					
Column 6: X:250 Y:358~~5																																																					
Column 7: X:252 Y:356~~6																																																					
Column 8: X:252 Y:353~~7																																																					
Column 9: X:251 Y:351~~8																																																					
Column 10: X:257 Y:364~~9																																																					
Column 11: X:268 Y:379~~10																																																					
Column 12: X:282 Y:392~~11																																																					
Column 13: X:286 Y:373~~12																																																					
Column 14: X:303 Y:368~~13																																																					
Column 15: X:325 Y:353~~14																																																					
Column 16: X:335 Y:349~~15																																																					
Column 17: X:343 Y:342~~16																																																					
Column 18: X:350 Y:345~~17																																																					
Column 19: X:365 Y:346~~18																																																					
Column 20: X:371 Y:344~~19																																																					
Column 21: X:377 Y:342~~20																																																					
Column 22: X:381 Y:342~~21																																																					
Column 23: X:384 Y:331~~22																																																					
Column 24: X:373 Y:321~~23																																																					
Column 25: X:368 Y:322~~24																																																					
Column 26: X:368 Y:303~~25																																																					
Column 27: X:368 Y:302~~26																																																					
Column 28: X:385 Y:293~~27																																																					
Column 29: X:598 Y:135~~28																																																					
Column 30: X:603 Y:141~~29																																																					
Column 31: X:623 Y:131~~30																																																					
Column 32: X:627 Y:133~~31																																																					
Column 33: X:641 Y:137~~32																																																					
Column 34: X:648 Y:151~~33																																																					
Column 35: X:82 Y:541~~34																																																					
Column 36: X:103 Y:556~~35																																																					
Column 37: X:93 Y:572~~36																																																					
Column 38: X:89 Y:577~~37																																																					
Column 39: X:200 Y:399~~38																																																					
Column 40: X:192 Y:413~~39																																																					
Column 41: X:184 Y:427~~40																																																					
Column 42: X:195 Y:416~~41																																																					
Column 43: X:202 Y:401~~42																																																					
Column 44: X:211 Y:395~~43																																																					
Column 45: X:227 Y:386~~44																																																					
Column 46: X:660 Y:27~~45																																																					
Column 47: X:666 Y:40~~46																																																					
Column 48: X:678 Y:49~~47																																																					
Column 49: X:688 Y:55~~48																																																					
Column 50: X:692 Y:53~~49																																																					
Column 51: X:693 Y:52~~1																																																					
Column 52: X:673 Y:57~~2																																																					
Column 53: X:665 Y:43~~3																																																					
	399.924103	6	14	36	39	20	36	41	37	24	41	26	8	29	38	40	49	25	44	27	17	28	20	25	17	39	7	44	22	31	50	38	32	23	2	31	20	20	19	36	34	29	19	40	34	18	32	39	48	26	17	18	15
	401.119995	23	42	46	27	44	21	21	17	34	24	30	29	44	45	42	39	35	42	22	32	41	19	30	60	31	45	51	15	33	39	25	30	40	16	29	18	22	17	32	39	23	21	48	42	32	37	27	46	24	20	28	12
	402.316406	11	4	27	18	13	31	28	42	32	15	48	18	35	33	27	34	46	27	34	29	57	30	44	22	24	29	67	21	6	44	38	44	38	11	30	25	1	29	36	39	28	10	12	38	7	17	39	55	44	54	25	12
	403.513306	53	26	36	26	23	51	40	23	34	36	30	29	30	19	25	44	36	9	24	25	41	40	30	35	58	32	64	27	37	32	43	41	29	4	27	18	24	11	37	22	43	18	28	27	19	10	24	58	30	31	20	18
	404.710602	36	12	34	39	24	36	33	26	28	13	35	27	32	38	42	40	36	44	33	42	26	26	40	26	30	59	53	16	37	39	36	64	36	21	23	28	26	27	16	15	30	32	50	31	29	30	45	70	38	34	31	28
	405.908508	35	29	17	28	23	39	22	44	12	12	23	35	30	49	57	36	37	22	21	49	31	30	11	42	47	45	62	25	30	40	47	63	45	7	28	10	23	31	31	16	17	15	60	34	18	38	49	66	47	54	47	18
	407.106812	33	16	37	37	35	42	40	19	43	48	46	29	43	18	40	22	55	41	30	46	24	38	48	40	49	32	83	16	21	50	28	44	37	25	25	12	20	7	32	18	21	20	41	34	40	67	47	57	33	55	37	49
	408.305603	18	46	34	26	33	37	48	26	24	27	57	32	44	45	49	56	31	39	30	16	58	39	27	43	57	48	107	27	42	54	46	44	55	4	53	5	30	12	22	21	42	22	57	32	17	29	54	89	68	30	47	21
	409.504913	3	29	29	31	27	27	53	25	43	21	55	13	35	38	42	74	69	22	51	57	44	29	38	30	43	43	96	36	31	51	49	55	42	4	47	27	29	15	18	42	26	24	34	44	52	40	73	81	34	43	39	61
	410.704712	46	32	46	48	27	28	20	33	25	21	39	56	24	61	56	70	49	46	33	23	49	52	22	46	59	69	100	46	41	57	59	70	57	8	48	34	9	8	31	20	30	27	57	47	29	33	37	73	57	57	41	43
	411.904907	17	29	63	49	23	48	36	33	37	37	42	51	52	43	64	67	74	52	48	57	51	49	38	54	71	69	81	40	48	64	53	88	43	22	64	30	21	9	22	25	19	29	69	51	37	32	53	80	58	65	48	30
	413.105591	53	52	44	48	39	33	42	42	26	50	36	41	67	77	53	51	61	41	51	54	66	80	56	64	60	85	117	34	40	89	68	67	39	15	54	46	38	43	24	32	15	22	62	57	44	46	69	101	71	79	58	32
	414.306793	46	59	49	34	42	36	59	60	48	35	66	43	53	71	64	100	41	27	56	63	46	42	30	55	75	52	101	33	42	65	68	82	75	14	59	41	31	19	30	12	27	18	69	55	49	35	72	118	64	83	64	52
	415.508514	34	44	49	35	42	62	57	41	57	31	65	60	72	73	69	93	46	41	53	65	40	70	46	64	63	85	150	40	35	56	85	87	69	18	51	39	33	41	25	28	37	9	93	67	58	34	77	142	68	69	80	44
	416.710602	44	44	72	36	51	66	73	59	50	55	67	52	57	65	69	97	35	50	55	64	60	61	51	66	74	94	139	23	59	78	67	92	69	38	72	40	30	38	30	28	20	47	67	71	59	56	96	144	70	87	75	43
	417.9133	38	67	69	44	43	53	43	65	55	35	60	45	81	75	97	82	65	57	76	52	62	53	46	74	94	94	156	54	60	78	99	96	92	34	40	42	31	26	38	18	19	25	77	55	63	45	117	139	89	94	89	43
	419.116394	40	38	78	54	35	77	62	46	61	50	75	64	56	81	93	129	90	77	66	82	54	79	58	77	103	95	153	77	68	99	113	95	99	26	94	39	54	37	26	44	37	37	85	71	80	57	95	142	87	105	94	44
	420.320007	87	62	55	69	75	55	60	65	65	51	66	66	70	98	103	97	76	75	77	86	63	92	51	60	98	99	202	73	64	109	99	127	100	22	82	47	56	42	24	28	24	45	108	77	70	71	120	208	102	104	81	59
	421.524109	64	62	73	80	66	105	67	70	81	70	98	62	82	116	150	136	126	77	75	86	87	70	61	78	110	106	206	74	66	135	109	169	136	21	86	42	40	36	11	54	34	56	113	83	91	86	115	226	113	126	134	54
	422.728607	100	73	72	68	70	76	91	106	70	67	114	73	99	149	135	147	114	90	72	92	92	101	79	106	111	110	252	60	120	142	160	181	131	32	103	62	74	25	36	36	39	60	161	83	80	82	153	239	142	131	112	61
	423.933685	82	58	115	103	80	103	113	106	92	65	99	82	111	151	173	163	105	89	120	103	105	116	83	114	157	163	270	88	105	150	164	185	148	49	116	92	97	48	45	70	33	83	155	92	97	104	187	259	152	155	130	96
	425.139191	105	59	129	96	111	127	101	102	99	84	132	111	148	178	164	198	149	133	128	129	126	149	114	140	186	173	336	93	140	212	171	234	169	38	130	81	107	61	37	69	46	47	202	130	118	107	204	321	153	190	156	109
	426.345215	122	106	151	124	92	128	129	124	105	115	142	134	138	189	204	241	184	144	136	121	143	172	149	155	240	246	375	127	123	251	226	274	213	78	171	126	102	58	44	94	39	55	199	175	134	139	202	366	186	229	206	112
	427.551697	141	132	150	177	128	167	138	139	126	110	191	122	195	260	220	275	207	144	174	195	157	200	143	183	273	275	481	166	149	313	270	298	250	67	198	145	133	74	55	96	64	63	258	201	182	147	282	473	258	261	226	155
	428.758606	182	160	196	169	181	204	210	180	176	148	204	159	231	310	269	354	208	192	207	215	231	256	188	229	354	341	587	201	203	353	373	397	318	59	274	170	155	85	70	86	66	98	301	243	219	201	344	572	296	318	327	178
	429.966095	200	179	224	228	217	217	243	239	222	201	306	225	309	408	363	447	321	205	267	239	229	385	201	275	431	418	785	251	285	427	478	517	454	104	304	229	158	83	67	172	83	75	413	300	256	254	500	746	374	404	347	254
	431.174011	290	230	320	312	286	302	311	299	283	234	369	290	428	539	480	568	410	307	353	356	319	499	282	365	543	510	1005	346	352	528	637	649	566	111	368	262	241	105	132	194	93	143	500	384	385	300	553	965	481	563	525	318
	432.382385	369	332	441	344	336	442	435	374	332	340	452	352	550	670	615	797	579	390	417	430	433	652	378	456	714	700	1443	365	466	795	846	929	718	164	531	367	335	145	103	249	99	146	655	509	520	410	742	1296	577	675	639	396
	433.591309	459	420	518	525	466	621	565	545	438	478	589	433	720	921	750	1043	683	551	551	647	532	843	500	589	1016	966	1690	519	585	994	1134	1196	953	214	735	476	438	216	151	288	128	218	843	639	604	496	1056	1681	816	845	895	518
	434.800598	677	578	747	664	615	822	786	706	610	591	737	628	977	1186	1131	1377	992	698	780	736	728	1170	653	823	1240	1201	2381	663	820	1298	1411	1564	1279	283	1001	664	651	279	265	442	201	241	1163	818	808	683	1319	2143	1069	1171	1101	704
	436.010498	796	754	909	848	797	994	1003	940	790	701	936	800	1218	1593	1400	1738	1228	962	980	1005	956	1503	818	1024	1692	1560	3074	922	1014	1660	1894	2108	1551	359	1219	799	796	330	294	508	267	311	1466	1106	1074	862	1613	2970	1440	1499	1423	873
	437.220795	991	970	1103	1153	960	1282	1237	1196	1011	927	1146	1022	1488	1943	1771	2243	1507	1153	1200	1300	1090	1774	1024	1343	2017	1930	3967	1186	1279	2209	2399	2751	2004	429	1562	1004	1000	354	357	691	335	401	1911	1342	1347	1159	2084	3591	1687	1789	1781	1054
	438.43161	1182	1084	1366	1342	1092	1444	1482	1297	1181	1021	1378	1160	1771	2239	2095	2584	1800	1399	1438	1461	1384	2216	1151	1425	2495	2409	4539	1375	1479	2562	2884	3060	2389	521	1826	1231	1236	470	446	802	346	439	2276	1659	1719	1356	2574	4469	2026	2196	2256	1308
	439.642914	1328	1215	1493	1469	1295	1655	1718	1513	1336	1231	1495	1311	1954	2660	2379	2939	2094	1530	1604	1580	1531	2543	1378	1699	2925	2627	5265	1533	1740	2741	3304	3580	2687	562	2020	1366	1350	487	528	927	409	525	2640	1816	1825	1530	2859	5028	2335	2606	2466	1543
	440.854614	1483	1404	1612	1598	1338	1785	1854	1637	1549	1354	1652	1390	2222	2673	2646	3292	2246	1737	1787	1824	1622	2814	1414	1813	3065	2895	5667	1616	1813	3225	3703	3932	3016	549	2242	1662	1517	522	500	996	452	590	2891	1931	1946	1626	3062	5552	2521	2786	2786	1690
	442.066895	1603	1464	1738	1781	1520	2026	2033	1680	1556	1392	1731	1637	2402	2950	2812	3456	2321	1714	1814	1918	1755	3160	1641	2007	3282	3206	6030	1724	1968	3418	3914	4243	3251	698	2443	1738	1556	605	584	1118	503	590	3158	2161	2219	1723	3315	5929	2696	2917	3095	1712
	443.279602	1631	1499	1837	1829	1546	1968	2014	1828	1608	1486	1885	1665	2415	2902	2970	3734	2370	1868	1957	1969	1815	3286	1738	2053	3447	3300	6492	1868	2072	3702	4021	4468	3307	677	2627	1787	1680	595	589	1122	451	617	3280	2321	2287	1865	3397	6399	2813	3209	3100	1875
	444.492798	1823	1593	1862	1954	1631	2054	2110	1933	1677	1495	1924	1579	2737	3090	3073	3895	2564	1859	2004	2093	1918	3377	1689	2268	3492	3418	6597	1901	2171	3746	4316	4624	3440	749	2594	1764	1704	635	572	1230	493	640	3323	2296	2458	1884	3627	6468	3055	3285	3393	1949
	445.706512	1745	1694	2005	1963	1699	2192	2215	1971	1700	1559	1945	1751	2636	3093	3044	4033	2597	1978	2045	2115	1914	3489	1751	2233	3623	3418	6668	1983	2122	3985	4472	4725	3662	653	2639	1897	1848	624	585	1218	537	697	3514	2287	2407	1922	3764	6777	3067	3360	3644	2029
	446.920685	1835	1637	2099	2055	1613	2234	2155	2133	1827	1595	2031	1839	2802	3384	3000	4049	2690	1962	2144	2211	1989	3786	1818	2332	3824	3586	7029	2045	2256	3917	4523	4829	3714	751	2665	1956	1893	634	681	1288	550	789	3658	2463	2507	1947	3906	6910	3271	3367	3661	2086
	448.135315	1945	1793	2142	2294	1703	2205	2293	2147	1781	1564	2112	1819	3016	3465	3363	4239	2784	2084	2234	2323	1961	3897	1835	2340	3886	3734	7110	2252	2339	4195	4713	4857	3772	834	2862	2134	1964	629	664	1269	566	790	3764	2574	2634	1982	3994	6959	3260	3542	3860	2186
	449.350403	1982	1800	2338	2185	1758	2175	2220	2142	1917	1621	2229	1835	3084	3631	3391	4419	2939	2193	2363	2365	2088	4030	1932	2482	4175	3895	7316	2265	2438	4430	4886	5119	3863	840	2893	2119	2113	692	745	1360	559	724	3897	2691	2701	2046	4090	7156	3368	3757	3917	2219
	450.56601	1971	1904	2318	2247	1815	2327	2257	2144	1897	1702	2358	2004	3123	3676	3571	4585	2955	2154	2284	2476	2049	4261	2015	2488	4131	3827	7379	2303	2449	4445	4996	5137	4038	862	2955	2213	2066	694	725	1430	568	827	3996	2779	2772	2130	4232	7306	3484	3826	3976	2246
	451.782104	2002	1937	2495	2217	1942	2213	2248	2189	1775	1665	2189	2063	3152	3869	3585	4640	2953	2299	2379	2442	2218	4378	2016	2457	4283	3946	7574	2335	2516	4659	5015	5372	4013	889	3100	2243	2146	737	730	1452	584	811	4114	2852	2802	2140	4417	7515	3543	3854	4253	2276
	452.998596	2101	2064	2446	2436	1970	2320	2402	2152	1886	1836	2331	1995	3287	3887	3633	4770	3061	2265	2399	2626	2202	4625	2152	2618	4386	4225	7677	2492	2653	4791	5314	5345	4277	925	3185	2277	2140	747	808	1454	583	783	4089	2881	2876	2266	4607	7894	3759	3927	4394	2297
	454.215698	2149	2076	2362	2428	1968	2279	2392	2238	1903	1878	2467	2112	3373	3944	3727	4916	3161	2220	2638	2684	2379	4683	2137	2607	4541	4273	7944	2503	2623	5021	5355	5404	4323	891	3249	2452	2263	757	786	1554	619	854	4390	3133	2997	2200	4572	8047	3780	4058	4423	2362
	455.433197	2326	2151	2643	2572	2069	2450	2639	2461	1998	2005	2503	2221	3415	4198	3901	5139	3222	2458	2544	2755	2270	4833	2354	2691	4655	4498	8154	2585	2809	5140	5811	5635	4370	950	3410	2440	2276	790	862	1595	630	865	4399	3191	3046	2227	4875	8419	4146	4135	4462	2402
	456.651215	2485	2337	2658	2740	2186	2632	2730	2532	2236	2099	2578	2240	3451	4327	4053	5262	3254	2558	2758	2841	2443	5042	2273	2674	4861	4628	8379	2577	2909	5292	5961	5829	4552	994	3386	2605	2321	792	876	1598	638	843	4660	3297	3101	2367	4978	8628	4093	4194	4681	2491
	457.86969	2525	2347	2645	2640	2306	2740	2846	2656	2267	2167	2584	2231	3637	4471	4033	5397	3452	2553	2643	2924	2554	5042	2302	2776	4955	4752	8482	2655	2898	5383	6129	5862	4648	1052	3534	2572	2403	762	901	1651	730	924	4580	3214	3274	2459	5012	8745	4059	4301	5057	2638
	459.088593	2616	2241	2661	2797	2222	2815	2813	2560	2220	2217	2588	2286	3599	4377	4109	5440	3547	2558	2717	2921	2518	5002	2329	2800	4929	4711	8442	2724	3069	5390	6025	5912	4657	981	3561	2640	2429	717	950	1659	698	900	4860	3360	3223	2472	5323	8988	4210	4437	5037	2655
	460.308105	2774	2362	2830	2807	2208	2882	2997	2712	2368	2274	2702	2322	3701	4515	4148	5657	3394	2593	2665	3033	2692	5236	2430	2804	5280	4804	8443	2774	2992	5490	6357	6033	4709	1017	3676	2616	2510	845	989	1639	705	859	4871	3382	3283	2348	5360	9316	4290	4603	5081	2716
	461.528015	2803	2386	2919	2771	2381	2898	2986	2691	2424	2283	2613	2290	3844	4495	4108	5523	3614	2707	2681	3080	2524	5427	2461	2883	5302	5008	8675	2938	2993	5635	6230	6424	4732	1115	3702	2668	2525	864	939	1701	762	890	5050	3445	3224	2473	5448	9517	4396	4780	5353	2696
	462.748413	2889	2342	2858	2819	2478	2991	3115	2819	2481	2322	2737	2418	3882	4588	4156	5782	3662	2835	2818	3143	2755	5551	2477	2965	5292	5091	8649	2956	3120	5916	6526	6401	4903	1034	3699	2682	2638	780	1000	1609	743	970	5044	3536	3445	2654	5387	9520	4434	4858	5430	2834
	463.969299	3141	2578	3046	2837	2458	2994	3194	2899	2506	2395	2823	2371	3824	4686	4226	5680	3601	2827	2859	3270	2764	5684	2553	2989	5482	5150	8848	3048	3089	5975	6804	6506	5108	1177	3898	2808	2612	873	1046	1785	821	969	5238	3598	3431	2742	5741	9603	4592	4959	5673	3016
	465.190613	3071	2609	3023	2788	2536	3096	3236	2932	2589	2521	2886	2473	3926	4880	4400	6112	3747	2908	2930	3441	2915	5818	2663	2991	5750	5302	9031	3167	3287	6299	7113	6543	4964	1132	3924	2876	2697	975	1097	1742	789	1071	5218	3734	3546	2770	5704	9898	4803	5035	5870	3155
	466.412506	3111	2737	3122	2988	2706	3125	3289	3003	2757	2501	2935	2512	4114	5108	4334	6209	3805	2910	2933	3272	3008	5933	2677	3155	5887	5586	9161	3040	3105	6385	7209	6812	5244	1165	3978	2897	2677	889	1096	1876	846	1080	5458	3845	3655	2903	5780	10334	4755	5163	5915	3175
	467.634796	3181	2794	3130	3100	2813	3277	3540	3139	2783	2663	3016	2559	4133	5200	4607	6373	3925	3033	3020	3483	3020	6073	2751	3101	6002	5660	9162	3221	3308	6696	7194	6922	5105	1182	4137	3006	2778	864	1114	1966	812	1080	5629	3939	3705	3070	5897	10502	5147	5332	6079	3207
	468.857605	3437	2893	3163	3092	2768	3244	3372	3172	2927	2609	3064	2549	4193	5202	4489	6444	4066	3071	3178	3500	3120	6341	2848	3318	6216	5799	9707	3360	3402	6872	7532	7003	5343	1245	4286	3102	2918	954	1140	1926	885	1100	5778	4214	3642	2992	6013	10620	5091	5198	6177	3242
	470.080902	3491	2956	3307	3208	2854	3395	3546	3235	2818	2777	3166	2659	4359	5301	4719	6764	4288	3166	3120	3627	3099	6308	2948	3266	6295	5998	10116	3401	3473	7054	7680	6953	5388	1343	4279	3172	3043	973	1133	1908	844	1100	5867	4198	3790	3124	5979	10717	5366	5420	6454	3262
	471.304596	3533	2942	3243	3232	2912	3377	3483	3245	3020	2831	3150	2761	4312	5397	4723	6404	4183	3186	3191	3745	3219	6535	2926	3333	6321	5993	10104	3383	3266	7180	7616	7211	5493	1318	4204	3265	3004	885	1138	1931	859	1094	5955	4144	3840	3168	6251	10895	5347	5401	6462	3320
	472.5289	3505	3044	3299	3313	2884	3389	3583	3292	2822	2847	3198	2615	4301	5292	4954	6583	4191	3050	3173	3717	3249	6666	2876	3280	6456	5884	10039	3394	3448	7069	8056	7200	5602	1317	4374	3195	2920	1045	1235	1974	858	1110	5953	4286	3734	3212	6387	11241	5408	5437	6707	3360
	473.753601	3706	3004	3241	3299	2963	3526	3823	3195	2987	2901	3256	2705	4383	5382	4961	6644	4258	3130	3230	3679	3231	6681	2994	3342	6504	6019	10341	3371	3456	7055	7844	7460	5714	1298	4260	3286	2973	1060	1215	2077	853	1143	5934	4273	4015	3268	6387	11655	5380	5432	6650	3383
	474.97879	3687	3134	3335	3430	3078	3621	3755	3256	3060	2998	3278	2729	4372	5448	4777	6676	4270	3115	3180	3623	3269	6742	2928	3414	6629	6271	10408	3386	3491	7170	7927	7435	5617	1322	4422	3187	3030	1023	1257	2074	857	1114	6043	4332	3968	3221	6435	11640	5515	5585	6757	3388
	476.204498	3936	3124	3349	3465	3084	3583	3713	3237	3105	2904	3295	2629	4451	5493	4878	6529	4329	3333	3193	3735	3291	6847	2989	3348	6530	6254	10359	3528	3482	7133	8051	7496	5662	1353	4395	3214	3036	988	1245	2001	912	1174	5997	4369	4087	3271	6369	11559	5485	5766	6971	3365
	477.430695	3728	3218	3334	3505	3133	3635	3753	3387	3213	3118	3283	2669	4386	5352	5011	6507	4398	3330	3181	3690	3421	6881	2956	3277	6656	6414	10542	3577	3390	7225	8289	7452	5760	1395	4339	3257	3103	1116	1231	2001	883	1143	6216	4509	4033	3428	6580	11818	5555	5938	6914	3430
	478.657288	3894	3118	3487	3561	3055	3664	3767	3388	3260	3011	3177	2662	4674	5313	4938	6392	4400	3320	3161	3814	3308	6848	3049	3277	6813	6328	10604	3505	3615	7474	8136	7576	5843	1354	4342	3357	3094	1080	1212	2020	851	1174	6176	4701	4251	3402	6695	11678	5505	5865	7104	3511
	479.884399	3955	3201	3412	3519	3045	3897	3666	3386	3261	3069	3254	2608	4483	5385	4976	6499	4335	3270	3256	3905	3396	6958	3105	3329	6477	6133	10627	3527	3588	7485	8133	7587	5782	1400	4480	3249	3111	1110	1245	2031	839	1182	6214	4576	4237	3470	6956	11889	5538	6006	7265	3428
	481.112	4113	3319	3293	3660	3204	3830	3802	3401	3326	3123	3214	2616	4513	5427	4902	6609	4441	3186	3330	3969	3293	7084	3086	3256	6558	6226	10504	3584	3478	7656	8485	7684	5744	1390	4475	3278	3042	1121	1287	2100	895	1228	6133	4652	4053	3464	7133	12086	5403	6160	7214	3573
	482.340088	4026	3282	3446	3778	3129	3885	3791	3339	3438	3150	3309	2630	4508	5526	5193	6812	4387	3271	3206	3857	3423	7043	3154	3236	6471	5897	10869	3686	3465	7843	8481	7612	5741	1458	4399	3476	3261	1132	1285	2088	845	1295	6266	4757	4226	3479	7076	12297	5447	6264	7048	3566
	483.568695	4050	3394	3422	3737	3116	3994	3771	3467	3444	3254	3375	2704	4601	5746	5205	6949	4368	3076	3346	3914	3460	7084	3127	3196	6142	5939	10633	3541	3573	7999	8496	7807	5802	1442	4505	3512	3181	1155	1373	1972	885	1256	6097	4763	4137	3554	7202	12499	5319	6303	7180	3532
	484.797699	4185	3236	3410	3742	3079	3855	3881	3351	3360	3274	3428	2754	4554	5809	5205	7438	4447	3092	3370	3898	3404	7244	3236	3241	6009	5988	11021	3664	3541	8061	8599	7843	5758	1441	4574	3435	3092	1089	1397	1957	856	1292	6362	4812	4294	3629	7064	12471	5354	6513	7226	3597
	486.027191	4269	3446	3450	3839	3163	3680	3599	3180	3453	3358	3484	2823	4754	5776	5172	7329	4443	3136	3282	4025	3463	7217	3262	3144	6319	6078	10894	3780	3644	8231	8507	7827	5717	1401	4699	3494	3149	1123	1338	2030	932	1223	6523	5011	4156	3626	7183	12300	5412	6372	7375	3512
	487.257202	4261	3334	3444	3637	3168	3898	3769	3476	3528	3423	3533	2925	4765	5943	5359	7447	4628	3215	3280	3963	3381	7445	3335	3344	6391	6152	11059	3732	3680	8287	8806	8156	5884	1429	4460	3389	3055	1130	1358	2063	923	1203	6485	4955	4281	3664	7331	12798	5636	6505	7330	3565
	488.487701	4270	3318	3381	3769	3256	3929	3811	3415	3549	3331	3617	3015	4818	6388	5337	7669	4636	3334	3417	4093	3427	7444	3446	3442	6604	6326	11123	3855	3760	8433	8895	8196	5894	1547	4697	3537	3210	1171	1445	2050	933	1288	6504	4999	4439	3876	7196	12531	5855	6330	7369	3573
	489.718597	4493	3439	3542	3739	3269	4046	3751	3352	3565	3466	3720	3179	4829	6458	5497	7857	4614	3331	3491	4047	3623	7572	3381	3534	6942	6558	11499	3821	3718	8598	9163	8435	5930	1561	4816	3640	3203	1184	1565	2044	914	1339	6747	4984	4279	3850	7346	12856	6184	6366	7439	3650
	490.950104	4735	3385	3743	4090	3280	4044	3760	3440	3729	3498	3816	3024	4859	6581	5548	7937	4844	3519	3470	4086	3533	7549	3495	3755	7306	6993	11687	3843	3853	8654	9318	8548	5809	1565	4811	3591	3244	1182	1456	2115	1021	1305	6759	5169	4581	3948	7442	12945	6283	6373	7472	3675
	492.182007	4529	3483	3640	4053	3358	4012	3869	3620	3578	3489	3749	3255	5047	6566	5604	7962	4927	3444	3440	4044	3590	7546	3423	3750	7436	7043	11682	3616	3693	8722	9359	8459	6040	1534	4866	3653	3295	1175	1504	2077	936	1330	6938	5253	4723	3998	7646	13138	6343	6410	7541	3725
	493.414398	4566	3433	3558	4027	3409	4146	3713	3681	3527	3440	3745	3110	4951	6452	5542	7998	4777	3324	3522	4101	3480	7521	3386	3644	7378	6954	11309	3518	3757	8838	9361	8477	6059	1558	4793	3575	3341	1228	1425	2062	1020	1346	6896	5217	4518	3880	7588	13207	6355	6649	7455	3653
	494.647308	4693	3564	3538	4176	3391	4140	3862	3674	3526	3406	3781	3243	4889	6316	5650	7750	4628	3333	3528	3919	3508	7587	3288	3780	7297	7062	11332	3380	3613	8705	9241	8521	5992	1547	4600	3383	3226	1208	1507	2071	946	1332	6934	5164	4426	3721	7550	13533	6279	6533	7528	3553
	495.880615	4646	3457	3613	4061	3424	4130	3724	3750	3595	3367	3681	3196	4729	6339	5481	7964	4823	3339	3394	3822	3459	7422	3417	3664	7266	6897	11311	3122	3720	8784	9381	8382	5970	1533	4655	3571	3255	1315	1426	2031	958	1389	6715	4996	4337	3724	7514	13359	6253	6570	7447	3686
	497.114502	4489	3588	3541	4180	3564	4206	3813	3622	3612	3374	3585	3164	4690	6089	5494	7974	4819	3307	3417	3820	3306	7444	3288	3783	7484	7029	11549	3141	3655	8657	9329	8551	5901	1561	4492	3420	3307	1268	1436	2039	953	1367	6511	4963	4468	3900	7447	13189	6229	6581	7382	3521
	498.348785	4532	3459	3585	3979	3490	4156	3790	3696	3549	3238	3563	3261	4865	6286	5454	7705	4681	3345	3395	3810	3370	7379	3257	3689	7458	6921	11233	3131	3780	8636	9466	8309	5957	1532	4587	3532	3305	1208	1423	1980	919	1380	6395	4983	4322	3959	7529	12949	6248	6478	7366	3557
	499.583588	4489	3515	3635	3999	3452	4047	3695	3673	3421	3338	3631	3080	4691	6167	5490	7854	4635	3201	3356	3797	3340	7406	3422	3492	7357	7073	10860	3177	3539	8738	9432	8247	5742	1526	4573	3386	3024	1219	1391	1878	956	1285	6472	4939	4300	4008	7434	12968	6115	6473	7238	3550
	500.818909	4451	3374	3656	3912	3339	3935	3721	3725	3453	3230	3475	3029	4742	6161	5572	7781	4683	3314	3310	3640	3266	7353	3361	3670	7459	7063	10988	3222	3702	8514	9304	8159	5875	1417	4501	3371	3241	1227	1402	1860	921	1385	6611	4933	4466	3979	7145	12430	6229	6430	7243	3525
	502.054596	4592	3412	3595	3996	3464	4068	3647	3591	3467	3297	3365	2990	4767	6334	5625	7906	4607	3165	3409	3789	3326	7363	3351	3685	7554	7208	11053	3490	3779	8523	9465	8076	5843	1447	4543	3469	3240	1256	1442	1791	957	1331	6688	4947	4291	3862	7261	12208	6117	6124	7243	3457
	503.290894	4574	3483	3656	4066	3477	4053	3681	3672	3552	3356	3458	2992	4756	6244	5668	7646	4692	3268	3161	3649	3363	7137	3550	3710	7470	7059	11176	3645	3711	8511	9687	7998	5800	1494	4548	3498	3199	1213	1442	1858	939	1365	6663	4957	4252	3888	7229	12163	6361	6354	7263	3664
	504.527588	4705	3560	3660	4016	3547	4106	3675	3528	3461	3515	3367	3103	4773	6369	5557	7766	4530	3224	3388	3665	3339	7448	3507	3870	7626	7043	11208	3826	3856	8582	9397	7841	5662	1449	4608	3533	3269	1285	1489	1901	968	1327	6699	4966	4268	3839	7241	11839	6393	6122	7242	3499
	505.764801	4817	3452	3740	4052	3642	3915	3646	3741	3632	3433	3364	3029	4616	6245	5821	7857	4629	3345	3429	3494	3242	7414	3405	3814	7556	7222	11131	3724	3748	8638	9336	8000	5707	1541	4622	3589	3246	1263	1348	1871	959	1375	6606	4764	4373	3992	7158	11913	6444	6296	7456	3486
	507.002502	4834	3574	3812	4133	3618	4131	3611	3601	3568	3325	3382	2924	4736	6329	5623	7888	4588	3222	3477	3523	3219	7569	3534	3781	7642	7148	11121	3674	3705	8653	9544	7928	5587	1564	4581	3477	3375	1279	1429	1861	952	1335	6663	4828	4293	3931	7390	11847	6255	6332	7241	3690
	508.240601	4902	3576	3709	3893	3661	4122	3595	3615	3636	3351	3420	3014	4743	6402	5792	7812	4678	3327	3373	3384	3145	7437	3365	3690	7619	7144	10879	3799	3807	8484	9569	8022	5517	1533	4570	3468	3268	1291	1434	1770	975	1395	6727	4965	4264	3867	7591	11930	6263	6481	7177	3552
	509.479309	4799	3537	3823	4078	3750	4126	3629	3526	3628	3310	3329	3019	4706	6250	5615	7832	4641	3182	3401	3383	3119	7202	3397	3676	7639	7219	10840	3702	3743	8513	9188	7993	5639	1530	4572	3399	3351	1248	1419	1909	963	1370	6545	4815	4231	3926	7451	12436	6197	6620	7138	3558
	510.718414	4859	3655	3775	4127	3613	4111	3649	3741	3802	3474	3432	3105	4818	6216	5723	8092	4544	3223	3478	3338	3115	7533	3405	3808	7463	7183	11079	3990	3793	8552	9527	8321	5607	1533	4524	3446	3387	1250	1413	1757	963	1303	6647	4880	4348	4104	7525	12615	6286	6526	7197	3617
	511.958008	5108	3488	3846	4028	3766	4211	3735	3625	3724	3545	3437	3053	4824	6338	5743	8121	4793	3158	3458	3325	3201	7773	3481	3750	7618	7340	11368	3876	3979	8679	9510	8679	5587	1505	4449	3484	3230	1351	1366	1733	992	1421	6693	4902	4369	4124	7480	12749	6294	6700	7146	3615
	513.19812	5214	3676	3921	4168	3675	4354	3773	3707	3690	3529	3555	3343	4993	6256	5909	8208	4775	3364	3603	3348	3311	7807	3400	3921	7679	7132	11365	4164	4055	8595	9837	8881	5862	1497	4535	3369	3352	1345	1449	1740	1013	1410	6667	4903	4395	3982	7436	12908	6339	6709	7349	3638
	514.438599	5180	3621	3929	4216	3745	4280	3814	3672	3890	3557	3695	3429	5087	6303	5915	8378	5009	3467	3554	3453	3267	7803	3455	3940	7853	7539	11403	4043	3891	8741	9868	9011	5928	1562	4507	3398	3483	1407	1375	1759	1073	1413	6705	5084	4487	4165	7587	12991	6498	6640	7290	3757
	515.679688	5283	3693	4097	4308	3849	4393	3870	3795	4030	3538	3837	3347	4795	6445	5924	8464	4995	3460	3474	3620	3392	8002	3490	3898	7829	7547	11364	4012	4055	9145	10006	9141	5932	1578	4503	3456	3353	1254	1426	1716	1004	1362	6848	4943	4509	4060	7838	13013	6456	6350	7365	3901
	516.921204	5175	3587	4008	4159	3877	4291	3841	3677	3934	3608	3862	3505	4997	6206	5769	8560	5047	3323	3444	3748	3482	8008	3484	3936	7741	7433	11505	3925	3860	9071	10032	9043	5889	1473	4442	3451	3406	1352	1443	1596	900	1297	6645	5016	4647	4049	7963	13042	6546	6404	7467	3880
	518.163208	5294	3645	4079	3992	3717	4132	3797	3701	3806	3454	3848	3393	4911	6385	5860	8301	4845	3372	3453	3770	3459	7858	3500	3789	7622	7322	11325	3948	3925	9112	10190	8903	6033	1508	4367	3299	3257	1217	1392	1570	894	1211	6603	4893	4485	3960	7761	13458	6236	6431	7390	3817
	519.405579	5076	3512	3915	4122	3932	4192	3628	3610	3831	3479	3821	3375	5034	6095	5715	8443	4698	3360	3296	3757	3282	7720	3516	3722	7507	7390	11165	3953	3896	9099	9931	8804	5794	1515	4373	3274	3313	1140	1413	1394	895	1301	6537	4827	4455	3948	7889	13653	6102	6426	7478	3831
	520.648621	5235	3600	3941	4059	3759	4239	3625	3809	3884	3517	3790	3291	4784	6098	5714	8316	4723	3183	3202	3866	3311	7637	3444	3505	7144	7196	10866	3739	3818	9005	9819	8577	5689	1539	4321	3319	3354	1147	1409	1273	878	1235	6479	4744	4477	3936	7800	13540	6000	6504	7100	3802
	521.89209	5057	3457	3895	4072	3758	4184	3628	3620	3839	3470	3707	3320	4824	6058	5399	8112	4727	3160	3114	3795	3346	7761	3296	3395	7200	7156	10753	3812	3845	9250	9870	8813	5774	1529	4279	3284	3336	1092	1398	1170	859	1201	6501	4808	4342	3861	7738	13627	5771	6511	7092	3770
	523.135986	4823	3498	3927	3969	3744	4013	3653	3551	3918	3465	3773	3255	4620	5911	5574	8240	4449	3057	3126	3659	3239	7706	3270	3442	6767	6978	10794	3815	3779	8988	9768	8589	5595	1462	4206	3164	3211	1135	1366	1177	823	1277	6404	4608	4438	3776	7770	13602	5716	6399	6933	3805
	524.380371	5049	3513	3981	3969	3705	3977	3703	3619	3776	3419	3669	3191	4664	5754	5408	8179	4490	2975	3054	3668	3198	7574	3200	3318	6899	6931	10597	3663	3794	8850	9699	8479	5469	1512	3954	3086	3210	1081	1360	1131	869	1217	6227	4668	4251	3875	7654	13446	5502	6528	6897	3790
	525.625305	4842	3443	4034	3829	3779	4023	3474	3550	3810	3383	3583	3212	4742	5806	5328	8103	4581	2978	2963	3647	3277	7586	3119	3322	6631	6609	10268	3758	3744	8851	9775	8483	5472	1391	3933	2838	2941	1196	1368	1101	893	1254	6311	4534	4316	4028	7360	13449	5332	6563	6971	3743
	526.870728	5057	3327	4160	3875	3811	4050	3550	3633	3842	3466	3698	3285	4733	5779	5424	8474	4476	2989	3091	3582	3184	7470	3074	3372	6722	6798	10235	3729	3810	8897	9765	8308	5573	1515	3866	3029	3102	1281	1393	1165	910	1348	6201	4606	4123	4051	7495	13538	5285	6367	6746	3935
	528.116516	4958	3379	4109	3969	3821	4018	3630	3611	3841	3434	3719	3200	4751	5681	5376	8321	4522	2991	3078	3608	3247	7537	3141	3413	6796	6858	10546	3694	3902	8836	9873	8598	5484	1501	3880	2860	2909	1324	1453	1183	915	1353	6393	4640	4195	4129	7582	13240	5550	6408	6947	3711
	529.362793	4865	3493	4277	4030	3849	4039	3476	3615	3732	3521	3701	3361	4746	5778	5625	8321	4599	2952	3033	3591	3158	7679	3135	3392	6842	6880	10300	3756	3960	8931	9790	8639	5268	1488	4018	2968	3054	1320	1409	1199	1026	1423	6314	4774	4164	4165	7635	13382	5774	6325	6793	3899
	530.609619	4998	3481	4197	4141	3914	4082	3586	3574	3956	3616	3775	3120	4854	5870	5639	8529	4542	3098	3280	3695	3217	7788	3266	3424	6974	7096	10385	3900	3952	9085	10025	8505	5377	1510	3970	2982	3202	1359	1469	1234	990	1452	6545	4887	4157	4138	7564	13352	5695	6428	7035	4027
	531.856873	5036	3550	4336	4011	3817	4143	3479	3831	4030	3595	3904	3321	5035	5829	5781	8351	4631	3082	3437	3683	3287	7830	3367	3678	7090	7240	10230	3819	3903	9037	10089	8772	5394	1524	3995	3082	3193	1401	1399	1262	1077	1532	6650	4863	4211	4125	7687	13447	6032	6283	6836	3876
	533.104614	4890	3562	4361	4007	3757	4088	3587	3715	4081	3538	3881	3291	4990	5840	5657	8560	4622	3065	3404	3714	3270	7966	3334	3735	7189	7431	10385	3738	3977	9015	10131	8756	5442	1504	3927	2973	3424	1463	1441	1278	1019	1421	6250	4871	4229	4166	7719	13885	6177	6437	6941	3936
	534.352905	5056	3439	4365	4039	3854	4055	3621	3712	3995	3535	3766	3241	4936	6065	5686	8633	4693	3053	3453	3678	3321	7844	3393	3791	7139	7401	10446	3897	4074	8908	10002	8772	5597	1459	3778	3109	3389	1460	1414	1331	1054	1535	6312	4861	4208	4338	7779	13772	6311	6440	6873	3895
	535.601624	5143	3594	4528	4010	3904	3968	3510	3728	4050	3454	3813	3198	4950	5784	5598	8578	4703	3073	3528	3692	3305	7855	3569	3715	7267	7397	10146	3819	4040	8975	10209	8989	5420	1502	3999	3122	3403	1484	1422	1359	1075	1577	6509	4865	4296	4123	7862	14258	6279	6336	7151	3952
	536.85083	5234	3424	4363	3896	4019	4017	3547	3725	4147	3422	3956	3366	4819	5737	5877	8682	4699	3111	3581	3659	3191	7953	3464	3730	7345	7435	10173	4063	4133	9021	10005	9078	5404	1529	3907	3108	3457	1515	1422	1310	1024	1547	6361	4766	4254	4215	7840	14007	6264	6469	7085	4003
	538.100525	5155	3569	4447	4012	3861	4161	3483	3793	4278	3551	4086	3256	4959	5893	5736	8585	4644	3037	3535	3622	3248	7939	3358	3846	7288	7452	10010	4009	4208	9124	9946	9084	5400	1481	4032	3144	3382	1426	1444	1434	988	1618	6640	4771	4230	4138	7958	14203	6363	6577	7378	4014
	539.350586	5217	3510	4617	4047	3922	3949	3473	3794	4273	3533	3762	3258	5270	5729	5751	8777	4751	3074	3481	3500	3367	8279	3430	3833	7143	7422	10045	4140	4255	9263	10316	9243	5681	1535	4053	3253	3482	1445	1493	1433	1091	1647	6872	4790	4207	4223	7948	14095	6330	6440	7252	3967
	540.601318	5317	3568	4577	4048	4036	4235	3728	3881	4537	3598	3946	3340	5211	5792	5709	8760	4696	3124	3515	3521	3321	8222	3563	3821	7230	7487	9910	4204	4489	9431	10511	9480	5837	1511	4041	3251	3457	1605	1615	1475	1117	1618	6879	4911	4223	4155	8084	14172	6353	6564	7387	3972
	541.852417	5362	3666	4686	4152	3872	4065	3659	3915	4333	3604	3895	3388	5063	5797	5931	8686	4900	3179	3523	3591	3218	8251	3487	3786	7294	7612	10058	4268	4569	9395	10311	9543	5864	1489	4094	3304	3558	1541	1572	1513	1105	1678	7067	4930	4357	4244	8176	14159	6653	6833	7561	4128
	543.104004	5234	3706	4573	4061	4035	4146	3634	3869	4548	3649	3859	3400	5077	5727	5878	8826	4822	3032	3520	3702	3413	8253	3398	3867	7325	7713	9942	4350	4577	9578	10533	9507	5967	1523	4129	3372	3450	1533	1629	1631	1092	1717	7116	4795	4266	4300	8433	14383	6682	6760	7702	4093
	544.356079	5239	3660	4620	4177	3899	4163	3767	3908	4498	3760	3965	3404	5437	5718	5900	8979	4814	3202	3615	3682	3290	8290	3481	3924	7485	7844	10061	4452	4739	9628	10697	9807	6011	1580	4167	3452	3575	1549	1594	1660	1155	1719	7093	4952	4286	4395	8539	14743	6852	6658	7575	4208
	545.608582	5270	3778	4614	4172	4181	4336	3646	4023	4692	3646	3967	3378	5450	5866	5867	8827	4802	3111	3561	3580	3478	8410	3603	3991	7303	7777	10127	4511	4581	9806	10575	9722	6235	1595	4288	3445	3648	1613	1559	1737	1066	1758	7061	4935	4309	4327	8661	14738	6774	6745	7883	4413
	546.861694	5297	3673	4585	4049	3925	4187	3650	4093	4540	3774	4018	3461	5435	5833	5983	8795	4759	3190	3602	3612	3400	8245	3510	3951	7278	7689	10236	4521	4730	9720	10610	10112	6372	1431	4373	3571	3611	1562	1676	1851	1140	1807	7340	4838	4368	4436	8709	15052	6691	6786	7915	4317
	548.115173	5185	3756	4523	4141	4034	4391	3817	4084	4495	3667	3934	3364	5445	5761	6015	8837	4649	3145	3664	3629	3348	8455	3428	3923	7214	7668	10472	4463	4858	10035	10785	9985	6258	1560	4424	3497	3783	1574	1684	1846	1098	1764	7406	4682	4389	4404	8752	15253	6934	6929	7967	4336
	549.369202	5115	3764	4643	4090	3953	4258	3849	4052	4472	3659	4131	3288	5372	5743	6229	8790	4767	3256	3574	3778	3390	8527	3592	3966	7146	7809	10346	4533	4933	9949	10682	9988	6235	1621	4573	3426	3795	1616	1603	1897	1161	1808	7310	4795	4416	4449	8630	15022	6820	7021	7705	4257
	550.623718	5215	3697	4830	4132	4073	4236	3786	3986	4657	3684	3992	3363	5581	5681	6014	8680	4767	3314	3550	3603	3295	8647	3518	3876	7105	7747	10570	4438	4839	10026	10806	10175	6457	1567	4562	3505	3792	1613	1661	2031	1197	1871	7509	4726	4477	4386	8869	15333	6930	7102	7774	4365
	551.878723	5153	3893	4707	4076	4044	4396	3658	4032	4715	3648	4123	3448	5556	5777	6062	8450	4586	3135	3689	3511	3207	8750	3546	4088	7248	7850	10548	4533	4939	9957	11022	10260	6387	1598	4657	3589	3946	1604	1696	2069	1225	1880	7392	4628	4299	4528	8769	15186	6830	7181	7787	4236
	553.134094	5086	3841	4797	4151	4074	4343	3901	4009	4572	3524	4006	3349	5643	5640	6115	8567	4718	3196	3511	3592	3423	8719	3499	3955	7316	7736	10599	4624	5050	10003	10785	10191	6400	1587	4596	3589	3886	1641	1656	2121	1098	1873	7533	4713	4391	4421	8732	15541	7095	7222	7717	4177
	554.390015	5015	3751	4769	4088	3894	4253	3671	4055	4403	3389	3986	3250	5671	5658	6282	8599	4654	3033	3485	3601	3390	8723	3532	4102	7187	7677	10402	4583	5020	10075	10892	10228	6719	1695	4682	3549	3739	1662	1651	2128	1182	1830	7481	4506	4259	4499	8792	15616	6934	7189	7782	4304
	555.646423	5164	3841	4775	4149	4016	4324	3706	3956	4644	3525	3992	3303	5520	5817	5883	8653	4644	3222	3608	3735	3412	8642	3522	3975	7035	7735	10450	4670	5175	10255	11057	10365	6660	1617	4726	3615	3747	1554	1725	2186	1188	1944	7519	4633	4259	4456	8722	15712	7039	7229	7813	4289
	556.90332	5098	3867	4836	4032	4053	4350	3709	4052	4571	3428	3963	3468	5626	5535	6109	8541	4648	3264	3708	3644	3393	8677	3634	4111	7320	7601	10331	4612	5245	10516	10968	10461	6811	1671	4645	3585	3924	1647	1696	2284	1220	1920	7577	4792	4179	4554	8633	15895	6952	7180	7915	4262
	558.160583	5312	3814	4982	4134	4037	4443	3789	4185	4571	3580	4151	3368	5751	5672	6408	8674	4691	3179	3622	3700	3507	8810	3694	4103	7255	7991	10632	4911	5350	10603	11229	10435	6947	1812	4764	3643	3643	1642	1628	2280	1284	1893	7617	4931	4215	4567	8799	15702	7078	7218	7865	4388
	559.418518	5320	3862	4901	4184	4149	4358	4010	4223	4744	3721	4124	3287	5775	5714	6118	8677	4737	3221	3778	3897	3629	8886	3701	4069	7195	7630	10607	4927	5695	10801	11402	10514	7049	1813	4739	3691	3819	1700	1745	2331	1229	1946	7787	5028	4349	4560	8718	15477	7127	7327	8090	4442
	560.676819	5315	3932	4968	4155	4063	4440	3849	4181	4834	3748	4046	3394	5959	5780	6307	8682	4784	3370	3680	3819	3589	8929	3649	4178	7159	7994	10599	4941	5492	10736	11228	10417	7270	1771	4870	3877	3713	1776	1697	2372	1237	1984	8015	4977	4451	4509	8928	15833	7152	7390	8139	4483
	561.935608	5309	3878	4946	4211	4001	4571	3953	4061	4672	3892	4370	3492	5746	5694	6257	8574	4664	3307	3678	3848	3619	9158	3889	4223	7173	7914	10535	5034	5532	10843	11224	10736	7289	1875	4885	3794	3892	1747	1710	2412	1333	2045	7850	5106	4459	4693	9188	15957	7138	7274	8179	4440
	563.194885	5299	3873	4914	4084	4185	4467	3872	4024	4754	3835	4098	3542	5830	5638	6119	8536	4828	3262	3691	3791	3586	8869	3676	4071	6923	7686	10517	4923	5642	10715	11278	10785	7284	1838	4944	3855	3857	1689	1674	2332	1277	2055	7870	5072	4449	4715	9428	16171	6969	7293	8300	4526
	564.454712	5260	3813	4877	4205	4042	4462	3803	4062	4701	4044	4115	3433	5758	5549	6206	8317	4656	3196	3761	3708	3546	8911	3674	4150	6726	7677	10448	4907	5447	10654	10937	10505	7264	1848	4903	3788	3744	1756	1721	2373	1271	1952	7862	5047	4436	4687	9397	16179	6825	7491	8391	4613
	565.714905	4976	3751	4885	4060	3957	4357	3760	4241	4498	3913	4183	3476	5793	5449	6109	8133	4701	3161	3722	3740	3470	8951	3647	4084	6705	7592	10165	4857	5481	10577	11063	10450	7200	1793	4840	3667	3681	1616	1654	2372	1367	1991	7876	4941	4414	4703	9270	16177	6753	7675	8254	4491
	566.975586	5140	3641	4779	4116	3988	4375	3879	4061	4534	3981	4125	3399	5802	5469	5963	8081	4701	3177	3723	3792	3577	8736	3666	3870	6701	7395	9947	4881	5621	10542	10934	10410	7363	1792	4908	3723	3597	1752	1739	2232	1364	1960	7831	4947	4386	4594	9205	16158	6808	7563	8251	4540
	568.236816	5097	3697	4786	4011	4017	4448	3844	3950	4564	3917	4168	3367	5664	5526	5991	7996	4435	3149	3703	3746	3502	9005	3514	4022	6603	7501	10168	4781	5727	10505	11142	10340	7323	1809	5011	3597	3519	1725	1719	2338	1274	2016	8154	4889	4257	4448	9013	16179	6866	7791	8189	4496
	569.498474	5040	3707	4897	4140	3871	4460	3913	4064	4512	3930	4072	3305	5762	5420	5755	8121	4541	3142	3644	3730	3504	8788	3545	4039	6468	7310	10046	4901	5572	10335	11048	10509	7335	1748	4922	3674	3675	1791	1724	2377	1292	2009	7960	4908	4424	4528	9172	16172	6599	7925	8228	4719
	570.76062	5170	3709	4746	4102	3962	4398	3866	3997	4433	3935	4149	3299	5779	5482	5977	7978	4659	3203	3596	3851	3435	8788	3761	4003	6487	7439	9911	4886	5829	10698	11319	10257	7307	1704	4890	3767	3647	1724	1816	2461	1298	1998	8140	4994	4485	4592	9240	16129	6720	7678	8329	4673
	572.023315	5127	3687	4931	4102	3911	4238	3954	4034	4508	3974	4141	3265	5740	5476	5813	7815	4639	3084	3626	3835	3524	8888	3623	3843	6456	7006	9913	4840	5693	10732	11096	10298	7260	1797	4873	3648	3618	1638	1690	2401	1316	1947	8111	4933	4434	4671	9422	16121	6635	7726	8355	4667
	573.286377	5243	3723	4848	4046	3986	4564	3939	4195	4514	4047	4086	3293	5735	5665	5733	7900	4707	3003	3613	3867	3488	8954	3598	4001	6397	7245	9701	4745	5792	10661	11250	10313	7289	1831	4958	3682	3629	1709	1777	2395	1326	2029	8178	4928	4388	4630	9420	16178	6539	7849	8528	4667
	574.549988	5206	3750	4938	4108	3953	4440	3996	4146	4581	3969	4190	3319	5784	5595	5913	7889	4604	3108	3705	3812	3455	8802	3638	4054	6486	7132	9754	4894	5872	10727	11418	10327	7708	1780	4961	3679	3669	1675	1757	2357	1320	1849	8380	5030	4387	4799	9399	16166	6310	7666	8514	4646
	575.814087	5343	3767	4893	4122	3989	4575	3989	4103	4607	3965	4266	3353	5709	5608	5748	7934	4573	3181	3476	3916	3619	8596	3545	4007	6326	7183	9969	4928	5940	10837	11414	10472	7662	1754	4897	3667	3441	1635	1889	2429	1459	2023	8356	4961	4452	4743	9321	16188	6618	7833	8343	4697
	577.078613	5207	3704	4971	4270	3984	4459	3995	4212	4467	4162	4196	3270	5843	5606	6014	7814	4832	3114	3668	4006	3629	8862	3805	3993	6437	7003	9873	4978	6037	11179	11539	10801	7701	1735	5033	3850	3605	1677	1884	2382	1428	1975	8435	4977	4553	4806	9557	16193	6539	7793	8615	4798
	578.343628	5374	3710	5109	4303	4014	4584	4113	4203	4591	3967	4239	3192	5737	5622	6049	7805	4768	3208	3635	4085	3634	8755	3643	4027	6393	7169	9966	4945	5976	11045	11558	10983	7823	1728	5084	3878	3641	1760	1876	2554	1445	1984	8649	5096	4433	4725	9596	16155	6496	8021	8431	4804
	579.609314	5308	3744	5037	4257	4036	4510	4089	4097	4648	4046	4178	3278	5789	5654	6062	7808	4859	3162	3726	3921	3740	8882	3602	4124	6272	6990	9818	4941	6092	11128	11596	10923	7981	1748	5072	3873	3753	1710	1888	2356	1394	1894	8630	5127	4568	4713	9555	16181	6530	8026	8490	4874
	580.875183	5235	3710	5028	4320	3970	4535	4096	4278	4616	4062	4094	3278	5880	5614	5779	7755	4826	3158	3586	3925	3614	8737	3669	3971	6339	6994	9560	4980	6308	11210	11492	11000	7992	1889	5237	3724	3594	1753	1810	2408	1441	1947	8776	5320	4406	4742	9754	16172	6393	8093	8619	4733
	582.141724	5271	3696	5052	4349	3892	4604	4155	4188	4595	3983	4307	3225	5745	5577	5949	7652	4991	3219	3708	3918	3638	8798	3644	4018	6105	7008	9829	5038	6107	10870	11596	11076	8039	1785	5161	3901	3691	1766	1919	2512	1408	2000	8764	5217	4599	4798	9862	16181	6588	8268	8422	4859
	583.408691	5205	3726	4944	4290	4054	4572	4113	4220	4495	3947	4138	3171	5700	5564	5871	7545	4963	3240	3581	3960	3657	8749	3724	4116	6207	7065	9796	4987	6191	11160	11497	11233	7939	1798	5160	3759	3656	1746	1851	2511	1462	1746	8820	5271	4541	4836	9887	16189	6444	8280	8503	4620
	584.676025	5247	3586	5117	4306	4010	4716	4232	4222	4588	4166	4196	3313	5931	5446	6073	7569	4903	3180	3692	4014	3648	8752	3846	3956	6094	6901	9843	5128	6288	11049	11520	11258	8278	1838	4951	3780	3677	1666	1917	2454	1472	1898	9030	4985	4650	4617	9943	16181	6534	8241	8265	4636
	585.94397	5089	3782	4856	4272	3874	4478	4169	4261	4545	4040	4135	3203	5728	5646	5952	7620	5041	3204	3626	3985	3682	8837	3684	4187	6124	6996	9898	5082	6263	11152	11636	11479	8141	1860	4832	3676	3658	1633	1889	2416	1413	1847	8857	4885	4674	4747	9846	16185	6296	8333	8352	4766
	587.212402	5247	3619	4999	4244	3860	4510	4219	4222	4543	3969	4170	3129	5819	5458	5864	7542	4878	3165	3668	4062	3746	8802	3781	4106	5989	6861	9620	5143	6201	11137	11562	11611	8147	1842	4663	3664	3738	1653	1910	2416	1396	1826	8985	4939	4910	4926	9949	16183	6362	8310	8368	4568
	588.481323	5146	3565	5045	4239	3839	4583	4230	4252	4342	4095	4173	3206	5554	5467	5888	7452	4851	3268	3687	3889	3663	8772	3904	4087	5853	6831	9551	5209	6296	11349	11539	11518	8276	1859	4556	3824	3641	1599	1917	2515	1450	1868	9055	4867	4697	4815	10123	16176	6349	8362	8389	4786
	589.75061	5083	3634	4961	4312	3881	4491	4320	4382	4445	3916	4137	3407	5764	5577	5915	7382	4908	3235	3602	4041	3617	8476	3655	4070	6051	6743	9692	5209	6359	11173	11631	11388	8370	1815	4507	3659	3744	1747	1867	2544	1444	1868	9150	4858	4962	4720	10096	16181	6247	8181	8360	4814
	591.020508	5243	3604	4941	4280	3718	4462	4342	4259	4433	3930	4043	3189	5736	5401	5866	7487	4997	3242	3733	4057	3688	8800	3829	4110	5907	6555	9598	5114	6274	11138	11951	11604	8226	1772	4424	3704	3847	1742	1902	2519	1387	1892	8971	4814	4957	4781	10457	16173	6304	8211	8405	4821
	592.290771	5004	3597	4945	4375	3881	4568	4360	4361	4350	3910	4106	3101	5929	5448	5974	7436	4977	3279	3720	4033	3737	8714	3815	4260	6068	6777	9513	5099	6328	11302	11716	11544	8501	1822	4486	3729	3835	1782	1857	2512	1404	1928	9124	4749	5083	4889	10278	16155	6416	8304	8406	4819
	593.561584	5080	3559	5087	4289	3763	4488	4438	4320	4289	3968	4133	3127	5729	5462	5831	7296	4979	3245	3669	3973	3676	8518	3950	4145	5992	6693	9466	5138	6606	11457	11843	11882	8554	1804	4579	3818	3808	1819	1914	2549	1474	1960	9240	5035	5087	4793	10635	16179	6242	8409	8384	4874
	594.832886	5185	3557	5027	4294	3847	4532	4552	4306	4149	3846	4165	3233	5788	5511	6133	7409	5072	3388	3738	3951	3661	8659	3832	4137	5967	6644	9677	5154	6535	11609	11678	11596	8591	1813	4736	3702	3840	1818	1919	2568	1462	2014	9263	4902	5024	4790	10881	16170	6293	8382	8423	4829
	596.104614	5091	3532	5020	4297	3830	4596	4518	4338	4312	3897	4145	3160	5886	5602	5961	7452	5233	3346	3798	3787	3730	8636	3949	4206	5949	6687	9483	5085	6352	11623	11760	12027	8681	1780	4851	3764	3908	1867	1951	2586	1414	2055	9110	5157	5153	5022	10872	16177	6244	8216	8612	5027
	597.376892	5048	3582	4897	4339	3865	4480	4430	4392	4178	3900	4174	3105	5891	5526	5867	7281	5125	3307	3854	3896	3682	8544	3906	4211	5959	6506	9374	5340	6416	11666	11819	11771	8805	1781	4940	3790	3933	1864	1970	2491	1415	2088	9180	5161	5075	4934	11004	16171	6369	8455	8426	4902
	598.649597	5096	3587	4947	4228	3895	4430	4466	4416	4104	3947	4018	3198	5889	5373	5954	7347	5234	3439	3808	3873	3603	8492	3960	4275	6002	6595	9316	5136	6474	11551	11679	11921	8729	1844	5042	3837	3935	1831	2022	2575	1407	2002	9355	5187	5095	5112	11003	16173	6103	8453	8665	4930
	599.922791	4988	3473	4941	4337	3974	4447	4487	4394	4087	3948	4234	3121	5782	5440	5981	7322	5073	3393	3783	3883	3639	8431	3700	4169	6003	6574	9220	5146	6423	11278	11578	12204	8574	1901	5265	3898	3972	1842	1994	2574	1467	2070	9136	5126	5101	5086	10974	16182	6211	8549	8390	5011
	601.196472	4914	3505	4886	4288	3806	4368	4481	4291	4045	3771	4214	2976	5656	5425	5813	7255	5122	3391	3722	3875	3670	8121	3928	4240	5808	6488	9182	5040	6338	11316	11580	12032	8428	1880	5186	3698	3942	1847	2023	2697	1470	2062	8922	5087	5190	5141	10943	16180	6218	8625	8739	4979
	602.470581	4824	3551	4733	4245	3810	4308	4509	4293	3826	3760	4000	3020	5760	5374	5745	7059	5161	3182	3656	3829	3516	8377	3761	4236	5885	6385	8841	5136	6450	11297	11394	12227	8348	1869	5352	3616	3968	1900	2076	2657	1433	1989	8870	5117	5104	4924	10998	16175	6143	8685	8601	4995
	603.7453	4929	3344	4692	4291	3659	4433	4398	4304	3939	3671	4110	2928	5653	5354	5727	7071	5224	3341	3715	3768	3438	8225	3868	4097	5760	6337	9005	5010	6447	11483	11604	11857	8482	1856	5059	3805	3974	1887	1939	2631	1413	2095	8995	5105	5113	5080	10604	16183	6088	8605	8426	4820
	605.020386	4850	3369	4705	4205	3610	4308	4475	4282	3779	3660	3982	3027	5542	5267	5764	6976	5167	3319	3664	3814	3508	8061	3894	4199	5666	6343	8971	5110	6363	11344	11680	11996	8521	1875	5161	3824	3927	1887	2027	2729	1458	2142	9157	5038	5017	4951	10954	16164	6103	8672	8554	4885
	606.296021	4756	3399	4646	4291	3648	4219	4472	4235	3842	3744	3999	2882	5527	5316	5771	7068	5067	3382	3620	3737	3399	8074	3792	4135	5696	6181	8910	5054	6496	11255	11603	11643	8310	1791	5058	3885	3904	1919	2011	2613	1511	2096	9299	5161	5092	5006	10789	16173	5926	8507	8422	4889
	607.572083	4725	3307	4566	4277	3657	4128	4576	4181	3703	3537	4019	2906	5720	5287	5799	6914	4914	3248	3575	3801	3344	8148	3747	4027	5662	6119	8835	5244	6433	11481	11510	11873	8410	1900	5118	3855	3841	1844	2011	2780	1420	2056	9332	5293	5067	4971	10957	16171	5998	8575	8299	4877
	608.848572	4704	3479	4579	4470	3627	4177	4491	4283	3776	3691	4031	3018	5555	5229	5730	6941	4923	3341	3579	3737	3530	8008	3830	3970	5651	6245	8811	4964	6410	11950	11656	11938	8414	1843	4999	3869	3803	1869	2029	2754	1445	2035	9608	5168	4915	5035	11505	16176	5768	8532	8401	5217
	610.125671	4709	3349	4616	4433	3716	4187	4608	4190	3859	3598	4061	3012	5616	5314	5851	6949	5034	3394	3696	3806	3400	7982	3843	4065	5666	6212	8640	5056	6432	11769	11756	11830	8573	1830	5281	3857	3902	1803	2060	2823	1497	2124	9688	5203	5002	4997	11301	16177	5954	8331	8270	5005
	611.403198	4681	3288	4582	4305	3937	4287	4546	4316	3696	3571	4113	2865	5696	5338	6065	6990	5158	3335	3693	3795	3407	7872	3831	4125	5864	6262	8884	5014	6619	11741	11773	12244	8522	1840	5325	3910	3954	1803	2041	2886	1532	2228	9793	5232	4963	5222	11401	16186	5894	8614	8562	4917
	612.681213	4786	3499	4675	4373	3684	4334	4603	4253	3790	3500	4091	3119	5753	5324	6075	7029	5192	3393	3674	3940	3390	7862	3897	4323	5917	6193	8847	5274	6520	12134	11980	12315	8429	1911	5396	3885	3850	1877	2163	2894	1512	2116	9831	5351	5149	5017	11275	16174	5889	8597	8353	5224
	613.959717	4941	3396	4594	4413	3948	4181	4742	4484	3874	3705	4253	3086	5809	5437	6182	7185	5295	3402	3669	3882	3404	7837	3874	4341	5763	6280	8682	5387	6776	12109	12202	12284	8600	1866	5188	4063	3915	1929	2110	2868	1532	2147	9954	5358	5191	5156	11351	16171	5800	8540	8485	5295
	615.238586	4739	3373	4514	4402	3920	4214	4661	4344	3744	3451	4154	2997	5728	5477	6228	7135	5274	3425	3686	3825	3376	7918	3973	4165	5681	6174	8717	5386	6551	12122	12487	12666	8437	1893	5429	4039	3803	1882	2138	2855	1532	2076	10105	5280	5079	5299	11848	16186	5954	8550	8438	5147
	616.518127	4632	3423	4592	4386	3769	4334	4664	4445	3676	3604	4273	2980	5758	5455	6111	6968	5157	3544	3799	3974	3331	7797	3795	4397	5857	6189	8557	5185	6814	12109	12081	12608	8419	1893	5328	4031	3737	1890	2141	2921	1593	2211	10090	5497	5267	5173	12025	16157	5885	8804	8657	5279
	617.797974	4600	3305	4564	4472	3810	4330	4749	4420	3782	3437	4242	3087	5576	5429	6097	6856	5160	3540	3636	3839	3348	7619	3904	4298	5758	6052	8415	5271	6623	12306	12447	12618	8213	1956	5372	3991	3642	1940	2031	2961	1512	2174	10076	5330	5361	5359	12146	16182	5961	8788	8635	5261
	619.07843	4637	3335	4463	4258	3720	4137	4588	4371	3713	3432	4187	3016	5754	5338	6132	6952	5010	3434	3602	3913	3274	7463	3880	4287	5596	6088	8336	5241	6241	12317	12173	12366	7913	2050	5276	4070	3581	1815	2101	2917	1465	2194	9979	5451	5145	5250	12202	16178	5828	8730	8532	5455
	620.359314	4642	3375	4384	4335	3705	4224	4641	4294	3539	3475	4027	2883	5711	5152	5977	6796	5117	3508	3614	3782	3244	7607	3810	4089	5638	5940	8316	5118	6593	11797	12201	12280	8068	1943	5222	4027	3657	1872	2037	2991	1498	2124	10240	5286	5167	5221	12123	16187	5757	8807	8440	5217
	621.640625	4441	3355	4329	4244	3722	4178	4611	4102	3434	3314	4034	2849	5734	5165	6093	6709	5024	3410	3624	3781	3131	7138	3846	4212	5527	6028	8303	5058	6314	11919	12034	12276	8095	1927	5249	4036	3759	1868	2105	2926	1559	2056	10118	5370	5183	5129	12018	16191	5961	8856	8560	5106
	622.922485	4389	3208	4328	4229	3676	4105	4621	4260	3571	3159	4137	2888	5575	5176	5921	6660	5025	3322	3533	3769	3254	7160	3865	4260	5526	6005	8030	5137	6432	11863	12196	12287	8001	1926	5227	3998	3828	1838	2114	2902	1535	2157	10195	5120	5132	5100	11895	16179	5754	8998	8530	5214
	624.204773	4403	3294	4198	4216	3617	4046	4523	4295	3659	3074	4233	3026	5690	5075	6156	6821	4988	3359	3546	3640	3219	7198	3658	4155	5604	5909	8130	5206	6291	11868	12368	12488	8169	1942	5216	3922	3833	1902	2073	2963	1517	2203	9854	5402	5147	4961	12002	16172	5753	9005	8516	5175
	625.48761	4419	3253	4207	4075	3533	4076	4458	4088	3598	3130	4151	2956	5529	5047	5907	6569	4945	3328	3608	3749	3230	6855	3768	4276	5682	5822	8322	4993	6458	11905	12277	12208	8448	1887	5173	3954	3925	1916	2041	2778	1527	2153	10007	5394	5054	5066	12087	16172	5643	8988	8429	5301
	626.770874	4355	3240	4155	4125	3646	3967	4449	4218	3389	3044	4135	2925	5567	5042	5953	6577	5064	3363	3568	3592	3237	6901	3747	4352	5504	5767	7945	4977	6339	11701	12211	12364	8422	1971	4988	3885	3992	1910	2086	2897	1446	2154	9959	5410	5165	5129	12078	16175	5699	9046	8161	5189
	628.054626	4398	3239	3974	4106	3575	4050	4448	3995	3467	2994	4059	2915	5461	4860	5917	6330	4801	3351	3336	3659	3109	6943	3565	4227	5335	5809	8069	5000	6268	11912	12048	12266	8529	1895	5121	3878	3966	1938	2084	2922	1446	2180	9880	5153	4975	5030	12137	16175	5402	9144	8269	5200
	629.338928	4150	3207	3850	4038	3477	3855	4357	4042	3340	3026	3966	2961	5482	4911	5913	6428	4852	3427	3376	3604	3100	6621	3692	4213	5174	5673	7976	5065	6065	11643	12325	12368	8535	1849	4993	3894	3994	1872	2075	2964	1445	2058	9692	5265	5085	5067	12169	16175	5389	8997	8273	5312
	630.623596	4116	3026	3858	4027	3432	3733	4382	3981	3396	2864	3995	2840	5447	4760	5959	6266	4941	3382	3381	3618	3230	6803	3688	4224	5165	5622	8058	5083	6345	11729	11998	12125	8640	1830	5090	4015	4017	1838	2025	2959	1422	2109	9778	5408	5013	5106	12154	16176	5343	8816	8370	5221
	631.908813	4169	3017	3858	4022	3428	3829	4405	3937	3352	2915	3975	2849	5412	4841	6024	6495	4818	3425	3343	3586	3078	6792	3705	4391	5229	5652	7943	4960	6316	11911	12125	12150	8531	1904	5176	3931	4034	1907	2118	2915	1459	2168	9862	5266	5023	5223	12139	16175	5495	8871	8377	5166
	633.194519	4138	2996	3713	3767	3421	3855	4324	3912	3358	2766	4011	2855	5428	4844	6111	6180	4819	3362	3234	3578	3065	6775	3605	4332	5236	5648	8032	5068	6320	11859	12140	12443	8485	1802	5188	3773	4107	1887	2026	3020	1443	2124	9818	5438	5004	5240	12198	16176	5356	8807	8391	5269
	634.480713	4120	3008	3552	3634	3343	3733	4344	3956	3350	2797	4008	2876	5492	4823	5959	6191	4813	3456	3454	3586	3030	6674	3747	4287	5152	5683	7842	5021	6326	11986	12270	12349	8806	1855	5238	3870	4188	2022	1997	3054	1452	2153	9804	5348	5099	5242	12110	16182	5381	8770	8383	5375
	635.767273	4115	2778	3534	3553	3394	3779	4370	3875	3366	2778	4110	2950	5553	4853	6033	6233	4671	3367	3315	3665	3088	6824	3726	4356	5182	5588	7991	5222	6431	12063	12317	12506	8870	1890	5459	3889	4157	1876	1977	3053	1465	2130	10043	5325	5087	5151	12304	16171	5477	8865	8248	5315
	637.054382	4019	2762	3450	3387	3167	3665	4281	3821	3314	2767	4019	2861	5476	4906	5968	6265	4693	3360	3252	3462	2991	6571	3613	4423	5112	5636	7885	5166	6322	12025	12316	12231	8984	1908	5355	3909	4198	1800	2107	3005	1468	2333	10239	5352	5112	5257	12048	16181	5347	8777	8039	5294
	638.34198	3980	2766	3484	3484	3109	3666	4362	3751	3371	2794	3970	2865	5509	4782	5996	6179	4832	3329	3313	3422	2976	6499	3622	4377	5120	5507	7829	5137	6362	11780	12049	12496	8541	1761	5191	3966	4258	1927	2042	3043	1431	2171	10307	5359	5029	5222	12545	16184	5318	8732	8343	5462
	639.630127	3879	2806	3522	3382	3048	3639	4372	3724	3279	2824	4024	2764	5232	4739	5998	6176	4712	3465	3231	3468	2883	6611	3626	4354	5088	5403	7580	4964	6236	12188	12165	12535	8760	1821	5377	3801	4157	1934	1973	3014	1413	2183	10063	5283	5101	5015	12406	16172	5311	8916	8219	5215
	640.918579	3800	2611	3429	3492	3132	3525	4265	3740	3263	2719	3967	2750	5229	4753	5774	6182	4642	3303	3090	3428	2815	6412	3767	4449	4959	5323	7769	5179	6355	11861	12091	12297	8828	1798	5284	3894	4110	1867	1999	3015	1388	2305	9988	5268	5107	5146	12488	16176	5190	8918	8291	5201
	642.207703	3642	2772	3525	3450	3143	3436	4304	3730	3374	2713	3992	2790	5340	4653	5819	6006	4743	3465	3255	3425	2947	6299	3684	4233	4870	5276	7817	5138	6079	11762	11818	12424	8766	1836	5190	4024	4010	1964	2017	3079	1398	2264	10206	5163	5062	5083	12398	16175	5260	8843	8267	5055
	643.497192	3760	2802	3547	3533	3100	3404	4194	3681	3280	2739	3950	2782	5224	4496	5796	6187	4552	3345	3051	3378	2809	6276	3559	4315	4935	5227	7610	5093	6417	12034	11782	12347	8642	1854	5312	4019	3935	1945	1994	3015	1385	2197	10068	5045	4996	4984	12372	16168	5099	8987	8091	5120
	644.78717	3539	2859	3558	3470	3060	3449	4247	3759	3218	2601	3806	2666	5098	4516	5739	6133	4339	3237	3028	3438	2813	6122	3524	4246	4839	5172	7618	5004	6239	12152	11765	12206	8604	1731	5277	3882	3996	1944	2008	3107	1452	2153	9952	5195	4966	4923	12320	16173	5139	8853	8205	5052
	646.077576	3643	2828	3620	3604	3045	3473	4033	3674	3214	2675	3913	2652	5043	4447	5806	5944	4500	3217	3071	3298	2777	6081	3739	4213	4705	5102	7518	5001	6163	11852	11848	11943	8692	1741	5050	4057	4151	1870	1935	3113	1401	2143	9898	5122	5067	5023	12383	16177	5144	8773	8062	5150
	647.368713	3372	2832	3572	3614	3031	3276	3956	3599	3116	2548	3761	2602	5121	4403	5584	5846	4462	3112	2898	3203	2825	5907	3499	4150	4677	5130	7409	4945	6255	11972	11774	11844	8380	1826	5075	3884	4003	1868	2001	2965	1396	2184	9704	5088	4982	4949	12252	16170	5028	8885	8122	5041
	648.659973	3278	2815	3599	3547	3064	3329	4081	3548	3147	2528	3806	2582	4935	4414	5638	5959	4308	3155	2927	3120	2672	5997	3451	4117	4676	4871	7173	4949	6240	11897	11657	11418	8314	1784	4924	3764	3890	1868	1970	2948	1392	2227	9530	5066	5001	5027	12220	16169	4972	8768	7907	5044
	649.952026	3268	2757	3482	3438	3151	3341	4081	3487	3199	2488	3584	2468	4926	4336	5632	5835	4360	3166	2894	3084	2650	5773	3357	4074	4560	4792	7172	4799	6064	11804	11804	11666	8492	1750	5062	3968	3891	1786	1987	2940	1408	2298	9922	4957	4945	4958	12248	15837	4954	8639	8073	5045
	651.244385	3283	2768	3512	3661	2929	3213	3919	3383	3055	2461	3701	2570	4904	4380	5421	5756	4326	3101	2913	3079	2743	5766	3315	4042	4558	4846	7079	5070	6174	12019	11779	11773	8337	1788	4897	3887	3827	1851	1938	3007	1462	2278	9568	5017	4908	5022	12373	15531	4859	8488	8007	5095
	652.53717	3170	2698	3416	3521	3050	3216	3902	3464	3049	2482	3690	2504	4905	4323	5479	5722	4180	3117	2830	3096	2698	5885	3429	4230	4668	4820	7221	4959	6080	11956	11723	11627	8383	1791	5074	3824	3813	1838	1965	2913	1328	2337	9917	5092	4826	4946	12377	15838	4813	8353	7909	5062
	653.830688	3253	2677	3387	3524	2978	3152	4020	3402	3109	2501	3622	2576	4931	4394	5318	5735	4323	3170	2880	3092	2602	5747	3330	4107	4405	4717	7266	5021	6278	11905	11646	12005	8632	1722	5092	4002	3950	1848	1977	2926	1423	2296	9747	5075	4901	4959	12267	15910	4753	8607	8002	5117
	655.124512	3236	2628	3440	3540	2873	3029	3907	3290	3080	2450	3741	2481	4827	4327	5253	5717	4281	3040	2797	3107	2621	5906	3402	4235	4467	4635	7030	4876	6199	11966	11586	11917	8597	1799	5067	3838	3868	1831	1915	3004	1358	2443	9716	4930	4967	4930	12443	15373	4958	8614	8073	5114
	656.418823	3200	2630	3409	3409	2978	3068	3896	3291	3023	2336	3574	2613	4845	4307	5193	5753	4314	2977	2715	3092	2663	6010	3386	4135	4443	4787	6941	4980	6253	11942	11754	12017	8623	1718	4944	3841	3890	1901	1897	2943	1388	2353	11063	4966	4998	4927	12440	15627	4747	8392	8077	5051
	657.713623	3141	2648	3365	3411	2752	3023	3713	3250	2890	2271	3506	2483	4675	4233	5165	5614	4148	3015	2718	3028	2532	5765	3223	4132	4299	4567	6972	4828	6188	12121	11763	11719	8743	1752	5136	3973	3839	1856	1923	2973	1369	2321	9695	5125	4905	5012	12425	15665	4574	8113	8097	5091
	659.008911	2990	2513	3411	3277	2850	2936	3740	3056	2853	2384	3484	2500	4537	4351	5213	5463	4222	3019	2642	3016	2563	5839	3234	4203	4317	4583	6935	4969	6140	11913	11781	11614	8611	1730	5051	3887	3796	1905	1982	2707	1361	2351	9893	5083	4961	4922	12130	15799	4677	8343	8082	5052
	660.304688	2952	2523	3350	3425	2780	3070	3633	3182	2820	2217	3485	2397	4459	4354	5164	5300	4173	2939	2675	2854	2542	5723	3126	4052	4446	4530	6860	4930	6143	11880	11317	11807	8613	1737	4958	3934	3792	1815	1886	2522	1366	2362	9746	4926	4802	4996	12392	15838	4550	8433	8004	5109
	661.60083	2863	2493	3311	3246	2822	2929	3591	3067	2743	2226	3438	2378	4449	4139	5038	5372	3946	2793	2512	2974	2350	5580	3027	4106	4266	4479	6650	4953	6013	11673	11211	11354	8679	1756	4849	3863	3896	1843	1857	2488	1408	2335	9589	4833	4848	4803	12228	15765	4457	8179	7749	4877
	662.897583	2796	2544	3233	3307	2777	2860	3502	3046	2762	2299	3249	2444	4456	4151	4842	5396	4039	2865	2660	2774	2369	5537	3066	3998	4279	4433	6468	4775	5990	11720	11190	11199	8438	1722	4822	3717	3733	1883	1735	2368	1377	2338	9657	4834	4686	4859	11964	15717	4324	8424	7691	5021
	664.194824	2707	2399	3215	3206	2722	2896	3370	3099	2675	2218	3370	2292	4293	4053	4947	5300	3977	2882	2624	2823	2477	5401	3023	4024	4187	4463	6512	4687	5945	11575	11207	11226	8428	1747	4800	3880	3808	1789	1691	2398	1361	2345	9630	4735	4789	4755	12075	15438	4288	8516	7528	4819
	665.492493	2791	2473	3274	3150	2667	2886	3356	3009	2649	2126	3242	2258	4278	4049	4907	5371	3871	2863	2546	2722	2456	5667	3083	4091	4122	4352	6338	4718	5880	11707	11115	11052	8409	1675	4739	3748	3765	1848	1648	2434	1303	2278	9548	4541	4683	4649	11712	15634	4377	8462	7849	4866
	666.790588	2766	2355	3268	3205	2717	2908	3433	3043	2523	2133	3212	2321	4328	4051	4732	5273	3874	2691	2512	2586	2441	5424	2943	4061	4122	4371	6429	4761	5964	11597	11123	11164	8378	1666	4682	3846	3832	1842	1702	2362	1259	2407	9408	4755	4755	4653	11622	15231	4282	8260	7598	4801
	668.089294	2790	2374	3167	3078	2738	2795	3357	3013	2653	2131	3255	2291	4303	4087	4937	5368	3756	2893	2545	2633	2394	5513	2931	3963	4068	4273	6351	4608	5827	11385	10963	10973	8452	1684	4792	3776	3743	1878	1621	2484	1302	2345	9557	4639	4580	4577	11490	15174	4305	8254	7677	4635
	669.388428	2680	2267	3191	3052	2595	2839	3435	2897	2673	2091	3283	2262	4281	4072	4871	5397	3865	2661	2512	2591	2265	5490	3019	4015	4158	4349	6296	4645	5868	11469	10956	10995	8418	1700	4809	3661	3652	1837	1644	2747	1290	2187	9469	4527	4609	4618	11515	14759	4221	7933	7565	4613
	670.687988	2664	2225	3162	2988	2563	2730	3462	2940	2612	2051	3157	2152	4190	3905	4593	5275	3741	2702	2511	2561	2247	5436	2880	4021	3977	4280	6142	4578	5790	11387	10729	11039	8228	1636	4757	3651	3644	1882	1654	2693	1239	2240	9441	4591	4528	4584	11505	14742	4153	8052	7529	4683
	671.988098	2622	2223	3087	2861	2497	2818	3360	2911	2676	2040	3007	2130	4056	3972	4614	5221	3624	2632	2321	2568	2290	5471	2842	3918	3993	4375	6030	4590	5970	11464	10901	10587	8254	1556	4565	3635	3652	1834	1613	2632	1254	2228	9113	4507	4446	4525	11639	14718	4047	7843	7404	4600
	673.288574	2680	2120	3114	2915	2593	2772	3410	2783	2639	1988	3012	2216	4142	3761	4521	5223	3573	2555	2414	2470	2194	5257	2795	3910	3974	4079	5927	4609	5805	11174	10821	10749	8284	1646	4594	3705	3546	1800	1650	2773	1256	2148	9275	4658	4407	4516	11498	14627	3968	7619	7435	4535
	674.589722	2515	2113	3066	2969	2545	2687	3355	2789	2748	1980	3136	2137	4187	3798	4461	5114	3485	2578	2319	2502	2321	5267	2743	3774	3993	4036	5905	4452	5768	11137	10645	10610	8274	1556	4629	3457	3466	1794	1749	2876	1296	2206	8978	4487	4445	4354	11174	14328	3910	7742	7334	4281
	675.891174	2675	2146	3095	2827	2491	2727	3207	2778	2651	1954	3030	2086	4013	3720	4521	4982	3556	2517	2394	2407	2225	5107	2789	3844	3836	4028	5965	4523	5726	11169	10505	10426	8054	1660	4483	3410	3470	1703	1651	2823	1247	2126	9154	4565	4305	4310	11024	14446	3842	7705	7320	4345
	677.193176	2617	2056	3005	2755	2537	2707	3290	2755	2711	2005	2913	2102	3990	3790	4473	5012	3522	2387	2318	2390	2148	5151	2725	3831	3850	4027	5906	4567	5928	11085	10454	10283	8213	1548	4515	3636	3301	1834	1711	2885	1300	2128	8827	4558	4439	4268	11101	14456	3824	7480	7249	4348
	678.495728	2523	2133	2935	2800	2452	2595	3268	2773	2613	2005	2949	2076	3889	3825	4351	5033	3370	2469	2298	2432	2165	5146	2688	3917	3839	3979	5748	4508	5742	10977	10330	10221	8368	1578	4260	3453	3371	1886	1659	2771	1262	2057	8645	4600	4464	4255	11181	13716	3831	7423	7193	4288
	679.798584	2610	2089	2961	2803	2483	2688	3280	2721	2646	1989	2935	2082	3949	3672	4363	5070	3357	2385	2313	2304	2083	5128	2580	4005	3842	3879	5753	4459	5768	11228	10243	10258	8096	1582	4265	3548	3336	1807	1722	2683	1249	2057	8750	4689	4279	4255	11003	13907	3818	7340	7162	4341
	681.102112	2541	2078	2925	2711	2503	2568	3188	2620	2616	2014	2923	2092	4027	3769	4331	5025	3231	2287	2254	2269	2150	5026	2716	3772	3714	4004	5594	4524	5635	10717	9995	10122	7977	1553	4159	3492	3461	1825	1702	2828	1228	2112	8772	4664	4348	4159	10902	13818	3741	7249	7119	4403
	682.406006	2481	1941	2876	2657	2366	2428	3090	2713	2660	1954	2941	2133	3850	3628	4409	5008	3242	2373	2197	2284	2069	5078	2556	3807	3798	3815	5594	4294	5634	10890	10220	10417	8108	1630	3994	3592	3307	1888	1674	2743	1179	1973	8512	4569	4469	4226	10742	13275	3586	7204	7045	4344
	683.710388	2495	2042	2752	2656	2414	2515	3055	2642	2588	1944	2805	2118	3694	3607	4313	4853	3222	2328	2166	2273	2069	5050	2512	3807	3658	3803	5603	4409	5728	10921	9974	9975	8084	1488	3826	3502	3171	1791	1664	2768	1266	2063	8578	4472	4321	4105	10748	13423	3583	7167	7074	4310
	685.01532	2453	1910	2824	2656	2468	2429	3049	2736	2589	1945	2807	2017	3672	3572	4129	4888	3103	2283	2195	2237	2010	5026	2495	3638	3612	3780	5663	4192	5472	10708	9869	9966	7953	1510	3588	3347	3268	1735	1688	2759	1218	2118	8404	4596	4390	4120	10765	13256	3475	7015	6943	4328
	686.320679	2411	1970	2844	2528	2252	2435	3055	2641	2634	1928	2804	2019	3650	3573	4240	4739	3054	2208	2111	2167	1984	5066	2443	3647	3635	3674	5515	4308	5455	10484	9789	9843	7936	1540	3582	3431	3118	1774	1625	2694	1261	2035	8237	4557	4343	4015	10802	13286	3537	7199	6974	4195
	687.626526	2474	1878	2720	2482	2325	2285	2987	2615	2475	1884	2846	1948	3545	3446	4150	4784	3051	2267	2109	2221	1987	4792	2378	3594	3520	3674	5313	4078	5428	10420	9363	9668	7639	1443	3621	3360	3067	1851	1641	2653	1152	2008	8219	4456	4193	4060	10788	13143	3385	7053	7065	4248
	688.9328	2353	1978	2655	2476	2273	2299	3058	2525	2451	1837	2676	1938	3514	3335	3920	4533	2955	2108	2068	2170	1984	4724	2424	3553	3536	3537	5239	4092	5204	9997	9397	9593	7789	1374	3565	3307	3080	1756	1572	2645	1123	2052	8008	4422	4209	4023	10533	13274	3333	6916	6723	4075
	690.239624	2353	1784	2555	2452	2210	2213	2995	2561	2411	1685	2629	1985	3410	3384	3928	4446	2904	2067	2009	2076	1895	4791	2285	3485	3323	3521	5117	3910	5237	10048	9326	9110	7626	1366	3670	3246	3020	1700	1590	2486	1134	1956	7744	4337	4127	3985	10350	13051	3291	6767	6524	4043
	691.546875	2284	1824	2575	2483	2249	2197	2893	2436	2378	1742	2457	1867	3429	3298	3910	4398	2977	2100	1925	2041	1841	4766	2320	3464	3203	3302	5098	3876	5249	9977	8886	8930	7592	1312	3659	3315	2902	1686	1497	2448	1100	1967	7798	4378	4099	3845	10255	12982	3120	6875	6490	3802
	692.854614	2173	1828	2510	2446	2155	2137	2857	2461	2418	1785	2583	1803	3317	3187	3729	4293	2777	2087	1950	1978	1875	4400	2254	3407	3329	3377	4936	4010	5193	9784	8739	8409	7522	1365	3695	3217	2845	1678	1489	2481	1158	1837	7554	4245	4091	3853	10045	12820	3045	6892	6424	3816
	694.162781	2209	1752	2512	2300	2203	2032	2682	2454	2256	1717	2505	1797	3216	3122	3590	4325	2752	1976	1924	1943	1809	4679	2160	3315	3197	3313	4778	3963	4949	9571	8705	8393	7341	1319	3673	3097	2833	1657	1522	2288	1113	1876	7434	4155	3916	3734	10179	12698	2957	6832	6630	3860
	695.471619	2192	1829	2537	2257	2126	2064	2661	2397	2279	1626	2494	1777	3197	3092	3732	4197	2694	1901	1930	1924	1779	4427	2138	3323	3123	3112	4721	3869	5034	9542	8588	8287	7091	1344	3739	3194	2765	1569	1483	2223	1080	1757	7190	4175	3987	3726	9772	12253	2878	6736	6181	3709
	696.780823	2090	1761	2366	2244	2170	2041	2691	2188	2366	1722	2488	1732	3146	3107	3642	4107	2673	1908	1834	1948	1724	4427	2084	3255	3202	3123	4618	4033	4926	9631	8424	8131	7168	1193	3800	3148	2778	1510	1454	2218	1143	1843	7275	3975	3884	3717	9723	11869	2929	6663	6100	3664
	698.090515	2103	1706	2302	2178	2057	1978	2559	2290	2255	1673	2402	1789	2967	3000	3480	4145	2656	1811	1814	1904	1706	4157	2150	3245	3146	3101	4587	3856	4908	9566	8232	8091	7226	1316	3784	2973	2663	1551	1400	2195	1001	1670	7352	4025	3771	3653	9567	11783	2805	6435	6144	3787
	699.400574	1995	1690	2256	2083	2033	1964	2534	2227	2154	1626	2273	1715	3035	2881	3450	4058	2523	1807	1822	1844	1738	4213	2107	3209	3009	3029	4466	3781	4826	9525	8191	8108	7004	1273	3613	2868	2670	1541	1444	2206	1016	1720	7105	3844	3817	3547	9476	11575	2830	6390	6049	3657
	700.711304	1864	1658	2189	2100	1986	1940	2569	2199	2192	1538	2270	1633	2919	2988	3480	4256	2465	1672	1810	1823	1603	4335	1963	3178	2862	2956	4521	3708	4731	9347	8146	7876	6924	1323	3540	2922	2525	1539	1381	2253	1024	1841	6848	3699	3821	3621	9264	11609	2612	6172	6043	3683
	702.0224	1948	1623	2255	2050	1904	1870	2390	2183	2091	1642	2181	1513	3015	2677	3476	4039	2432	1696	1870	1827	1707	4056	1949	3112	2762	2763	4303	3685	4755	9044	7998	7946	6836	1217	3593	2854	2598	1480	1344	2234	1002	1736	6899	3815	3641	3526	9156	11180	2686	5994	5838	3493
	703.333984	1863	1562	2171	2074	1981	1881	2448	2162	2089	1545	2140	1560	2815	2742	3320	4000	2404	1657	1797	1677	1622	4093	2013	3139	2848	2855	4245	3695	4520	8828	7758	7861	6764	1205	3606	2696	2500	1481	1371	2177	958	1642	7016	3797	3528	3431	8926	11225	2627	5922	5649	3539
	704.646118	1846	1563	2062	1941	1907	1852	2388	2094	2004	1517	2142	1537	2870	2704	3251	3981	2287	1654	1720	1756	1646	3965	1926	3009	2760	2658	4230	3710	4666	8890	7611	7752	6812	1198	3412	2723	2510	1462	1324	2148	967	1632	6782	3679	3471	3492	9010	11016	2474	5872	5697	3455
	705.958618	1923	1552	1977	1908	1900	1902	2301	1934	2028	1570	2060	1568	2702	2707	3384	3957	2342	1577	1754	1635	1621	4019	1929	2940	2725	2789	4252	3710	4593	8951	7645	7758	6856	1159	3443	2670	2398	1441	1330	2212	1052	1626	6898	3725	3342	3423	8770	10900	2518	5946	5628	3467
	707.271729	1826	1470	1997	1941	1908	1905	2321	1980	2081	1608	2131	1569	2607	2703	3366	4000	2225	1593	1740	1664	1593	4011	1897	2987	2675	2684	4156	3555	4537	8727	7576	7968	6706	1117	3452	2847	2472	1405	1373	2200	972	1632	6999	3639	3411	3323	8605	10733	2514	5765	5332	3358
	708.585205	1882	1473	2038	1953	1843	1861	2217	1960	2025	1513	2141	1602	2732	2605	3283	4039	2310	1520	1713	1606	1587	4018	1877	2917	2524	2602	4152	3533	4363	8876	7698	7683	6821	1113	3382	2684	2589	1470	1389	2149	1046	1631	6961	3728	3342	3322	8597	10577	2456	5818	5368	3342
	709.89917	1900	1368	1982	1833	1949	1774	2184	1934	2004	1531	2142	1574	2755	2636	3242	4001	2115	1595	1688	1641	1582	3872	1838	2920	2584	2578	4007	3467	4391	8941	7582	7969	6760	1090	3489	2710	2425	1382	1306	2099	1010	1620	6819	3514	3353	3252	8502	10265	2310	5710	5324	3458
	711.213684	1821	1470	2019	1698	1840	1802	2205	1897	1927	1514	2084	1485	2638	2604	3164	3927	2162	1544	1657	1611	1510	3932	1769	2750	2539	2556	4052	3596	4388	8558	7460	7881	6448	1121	3395	2613	2447	1400	1347	2078	937	1589	6735	3670	3417	3300	8500	10316	2390	5784	5330	3384
	712.528625	1784	1437	1859	1784	1851	1870	2165	1974	1907	1531	2136	1551	2595	2526	3090	3802	2190	1449	1651	1581	1488	3857	1814	2720	2576	2477	3989	3506	4413	8500	7597	7980	6585	1097	3417	2580	2477	1407	1274	2139	1000	1578	6749	3587	3333	3254	8246	10129	2313	5555	5481	3354
	713.844116	1762	1561	1947	1758	1783	1794	2207	1928	1995	1444	2000	1452	2531	2568	3069	3815	2066	1446	1648	1608	1591	3753	1683	2702	2390	2577	3898	3478	4235	8519	7189	7727	6637	1118	3429	2715	2493	1411	1326	2048	981	1483	6554	3514	3266	3172	8057	9856	2330	5555	5203	3198
	715.159973	1798	1405	1893	1755	1778	1810	2113	1889	1858	1445	2018	1438	2408	2453	3080	3717	2078	1459	1637	1582	1532	3778	1684	2721	2349	2304	3766	3494	4300	8518	7059	7860	6397	1017	3308	2575	2427	1378	1209	2000	927	1522	6543	3410	3240	3202	8076	9922	2205	5420	5210	3185
	716.476379	1679	1457	1836	1727	1756	1720	2188	1785	1787	1398	1882	1420	2428	2414	2831	3646	1975	1346	1551	1513	1514	3592	1683	2801	2467	2350	3730	3366	4237	8219	7066	7657	6111	1050	3281	2536	2418	1396	1262	2066	895	1529	6508	3395	3237	3115	7921	9830	2161	5406	5088	3245
	717.793274	1701	1370	1821	1676	1740	1770	2112	1930	1808	1434	1847	1404	2306	2255	2987	3530	1992	1384	1471	1517	1441	3568	1678	2663	2388	2493	3728	3342	4119	8076	6803	7405	6051	1044	3175	2541	2395	1312	1233	1969	879	1444	6244	3399	3123	2972	7747	9890	2195	5548	4941	3169
	719.110718	1626	1425	1724	1740	1795	1677	2134	1878	1838	1424	1773	1359	2229	2341	2858	3629	2021	1310	1494	1544	1392	3636	1646	2637	2378	2250	3599	3323	3974	7984	6962	7507	6028	982	3252	2421	2394	1355	1196	2016	922	1405	6262	3384	3068	3033	7826	9699	2079	5377	5059	3131
	720.428528	1601	1393	1702	1623	1663	1695	1952	1728	1725	1408	1700	1318	2194	2202	2871	3603	1975	1384	1477	1457	1354	3480	1644	2565	2262	2223	3519	3265	4063	7798	6600	7356	5958	1021	3044	2457	2243	1308	1272	1887	807	1412	6182	3286	2997	2988	7613	9662	2150	5335	4923	2960
	721.746826	1611	1372	1776	1658	1719	1640	1936	1713	1835	1357	1806	1265	2154	2291	2843	3554	1908	1311	1498	1409	1412	3437	1582	2509	2295	2281	3470	3249	3930	7648	6624	7228	5825	1017	3090	2374	2303	1275	1182	1937	848	1490	6086	3151	3024	2952	7362	9430	2114	5389	4866	2860
	723.065613	1462	1294	1730	1629	1768	1730	1942	1732	1753	1358	1689	1224	2068	2126	2770	3564	1854	1324	1349	1385	1299	3567	1579	2613	2262	2212	3444	3244	4046	7881	6451	7257	5814	983	3160	2404	2259	1294	1183	1822	880	1410	6054	3162	2914	2843	7445	9401	1986	5277	4872	2947
	724.384888	1554	1339	1668	1595	1642	1638	1960	1707	1774	1286	1705	1236	2103	2180	2661	3403	1857	1224	1463	1401	1313	3415	1569	2422	2219	2215	3441	3291	4052	7654	6577	7216	5727	958	3067	2305	2253	1238	1125	1843	862	1442	5881	3111	2898	2909	7274	9208	2010	5321	4710	2834
	725.704712	1519	1302	1707	1591	1632	1574	1904	1611	1702	1310	1726	1273	1965	2167	2689	3485	1826	1244	1391	1426	1314	3481	1436	2443	2284	2110	3310	3246	4054	7648	6437	7217	5838	966	2974	2310	2245	1284	1138	1710	750	1399	5849	3051	2820	2863	7445	8955	1994	5299	4639	2759
	727.024902	1429	1297	1689	1665	1669	1542	1932	1707	1713	1313	1669	1362	1969	2117	2653	3458	1807	1257	1394	1367	1369	3433	1506	2455	2200	2073	3311	3289	3969	7553	6480	7190	5626	985	3040	2236	2360	1241	1105	1809	858	1312	5783	2975	2877	2707	7111	8936	1944	5283	4635	2802
	728.345581	1522	1272	1706	1572	1654	1639	1962	1585	1717	1312	1687	1320	2045	2139	2655	3335	1773	1228	1382	1417	1257	3378	1507	2406	2107	2150	3283	3334	3982	7638	6288	7201	5738	866	2933	2263	2102	1205	1178	1783	805	1406	5650	3080	2848	2716	7218	8839	1832	5030	4592	2716
	729.666687	1445	1291	1645	1564	1652	1589	1949	1626	1727	1258	1701	1295	1979	2127	2728	3283	1818	1212	1330	1369	1299	3213	1485	2263	2142	2077	3266	3292	3991	7538	6442	7246	5609	919	3010	2169	2136	1246	1084	1699	800	1372	5561	2921	2843	2761	7229	8642	1906	4998	4469	2710
	730.988525	1413	1338	1576	1447	1656	1550	1830	1506	1686	1300	1695	1242	1976	2009	2565	3380	1776	1220	1324	1345	1311	3172	1442	2255	2049	2085	3193	3288	3960	7540	6255	7114	5463	913	2903	2204	2164	1291	1054	1745	864	1356	5632	2969	2785	2711	7123	8535	1921	4783	4524	2778
	732.31073	1397	1316	1516	1524	1594	1569	1807	1458	1738	1258	1636	1288	1938	2002	2649	3324	1703	1176	1255	1369	1279	3273	1428	2259	2168	2002	3232	3231	3944	7366	6215	7191	5507	882	2826	2116	2086	1201	1087	1619	774	1332	5528	2875	2736	2711	6899	8533	1883	4788	4404	2656
	733.633301	1400	1243	1640	1435	1632	1527	1827	1542	1652	1177	1638	1299	1860	2023	2620	3192	1698	1221	1302	1313	1271	3161	1407	2150	2084	1893	3128	3190	3860	7322	6056	7148	5568	933	2791	2132	2008	1210	1124	1698	803	1320	5428	2828	2689	2615	6901	8420	1835	4865	4318	2684
	734.956421	1362	1287	1507	1452	1628	1472	1759	1559	1622	1169	1544	1263	1950	2051	2459	3184	1670	1185	1251	1295	1228	3133	1414	2122	2047	1922	2931	3255	3760	7207	5816	7084	5394	897	2736	2012	2100	1183	1158	1578	800	1308	5335	2787	2665	2578	6953	8338	1769	4822	4337	2693
	736.280029	1359	1211	1506	1447	1518	1531	1743	1487	1671	1059	1570	1233	1870	1993	2379	3139	1717	1188	1212	1240	1220	3192	1379	2094	1973	1976	2876	3176	3643	6967	5976	7045	5287	901	2653	2074	2006	1213	1103	1590	760	1271	5357	2829	2652	2561	6768	8143	1748	4617	4305	2587
	737.604126	1288	1247	1492	1436	1587	1478	1687	1486	1578	1052	1565	1217	1874	1939	2561	3076	1667	1150	1263	1214	1214	3099	1348	2051	1945	1891	2940	3163	3706	6829	5788	6809	5300	820	2697	2028	2060	1154	1066	1504	773	1216	5245	2692	2675	2559	6519	8184	1673	4837	4251	2519
	738.928589	1301	1182	1406	1400	1543	1402	1699	1450	1612	1185	1525	1259	1826	1854	2364	3012	1642	1038	1164	1163	1123	2995	1297	2114	1841	1759	2781	3062	3577	6834	5630	6827	5135	818	2573	1944	2046	1090	1021	1552	744	1263	5219	2678	2543	2486	6629	8192	1698	4673	4115	2441
	740.253723	1336	1139	1338	1379	1489	1357	1677	1341	1557	1047	1450	1208	1829	1901	2426	2985	1534	1020	1138	1224	1191	3001	1245	2059	1798	1786	2706	2970	3620	6827	5607	6595	5036	893	2505	1998	1911	1127	1017	1583	737	1339	5035	2609	2471	2343	6505	7868	1662	4660	4053	2234
	741.579224	1309	1116	1332	1307	1496	1402	1602	1375	1512	1057	1463	1198	1790	1661	2280	2926	1462	1033	1101	1192	1038	2921	1247	1955	1868	1690	2852	2932	3525	6730	5518	6608	4921	872	2495	1969	1899	1005	1094	1514	697	1264	5077	2609	2528	2402	6359	7762	1636	4633	4013	2360
	742.905212	1340	1132	1310	1337	1435	1354	1488	1427	1441	1078	1476	1166	1679	1785	2148	2996	1479	1025	1129	1122	1102	2871	1202	1908	1836	1645	2640	2865	3404	6503	5490	6332	4861	816	2530	1888	1858	1155	1012	1467	746	1218	5057	2543	2377	2335	6087	7477	1568	4526	3744	2295
	744.231689	1260	1052	1314	1307	1402	1385	1551	1247	1433	1080	1441	1108	1679	1592	2160	2736	1454	939	1082	1095	1084	2871	1101	1903	1759	1612	2675	2860	3294	6315	5295	6460	4808	741	2463	1865	1868	1069	896	1462	717	1188	4831	2514	2369	2350	6107	7378	1621	4460	3748	2306
	745.558716	1289	1100	1258	1268	1353	1398	1488	1270	1446	995	1303	987	1587	1516	2085	2730	1592	1011	1081	1092	1011	2664	1174	1831	1650	1619	2679	2711	3202	6256	5198	6301	4570	731	2383	1721	1805	1048	938	1502	672	1196	4802	2350	2393	2269	5918	7433	1609	4461	3599	2246
	746.886108	1220	1038	1192	1212	1329	1335	1535	1207	1442	984	1330	1173	1579	1632	2059	2653	1426	909	1048	1054	1011	2747	1110	1826	1685	1534	2593	2807	3109	6058	5039	6194	4492	721	2352	1753	1746	1012	918	1443	684	1187	4725	2327	2338	2219	5875	7159	1466	4312	3582	2161
	748.213989	1109	1042	1165	1187	1352	1262	1506	1188	1401	979	1354	1046	1532	1436	1923	2627	1411	958	1043	978	963	2652	1140	1708	1568	1505	2426	2763	3058	5962	5089	6078	4281	707	2312	1661	1718	910	936	1402	670	1121	4580	2301	2231	2210	5620	7040	1410	4398	3556	2120
	749.542419	1168	983	1057	1136	1276	1244	1387	1204	1362	991	1298	1068	1602	1448	1979	2609	1289	961	1047	985	997	2509	1064	1603	1633	1507	2414	2685	3031	5911	4743	5917	4312	724	2186	1650	1672	903	854	1330	600	1128	4603	2245	2197	2087	5559	6925	1405	4290	3515	2163
	750.871277	1120	1014	1101	1084	1259	1308	1348	1152	1317	967	1276	994	1484	1395	1930	2603	1345	919	1012	967	988	2524	996	1613	1576	1465	2344	2689	2978	5863	4739	5840	4264	700	2270	1696	1647	944	797	1298	639	1094	4408	2178	2210	2110	5450	6651	1455	4172	3276	2020
	752.200623	1082	964	1067	1054	1270	1212	1368	1110	1354	963	1182	1019	1390	1481	1943	2368	1316	916	982	926	900	2430	1121	1585	1497	1439	2251	2657	2826	5726	4562	5656	4010	688	2008	1511	1555	1005	874	1342	671	1044	4274	2166	2142	1986	5363	6738	1325	3862	3229	1973
	753.530518	1038	981	1101	1074	1246	1187	1327	1168	1290	853	1131	1037	1446	1416	1839	2513	1255	880	977	957	920	2342	1003	1599	1408	1361	2162	2601	2850	5503	4596	5518	3991	666	2142	1546	1549	869	836	1286	603	1085	4225	2112	2127	2078	5112	6391	1316	3877	3187	1893
	754.860779	949	917	1097	1038	1268	1302	1339	1064	1274	888	1157	1045	1415	1376	1825	2399	1218	852	905	910	889	2397	1058	1484	1486	1484	2083	2588	2788	5581	4750	5542	3918	642	2113	1495	1546	857	811	1216	601	1026	4126	2040	2007	1997	5271	6187	1311	3731	3143	1889
	756.191589	1008	959	993	1021	1194	1155	1349	1060	1211	869	1138	949	1319	1449	1853	2356	1202	820	903	915	834	2258	972	1520	1441	1319	2142	2488	2782	5446	4513	5388	3936	689	2032	1440	1502	902	797	1197	608	1071	4076	1995	2060	1906	5200	6082	1310	3747	3240	1828
	757.522888	1000	968	1038	972	1190	1131	1223	1097	1239	796	1148	971	1304	1332	1769	2354	1178	831	911	890	846	2254	1007	1393	1361	1307	2094	2498	2691	5336	4414	5208	3722	642	2005	1427	1467	861	854	1190	517	1053	4088	1970	1888	1901	5081	5872	1405	3697	2990	1760
	758.854614	1088	950	1011	944	1204	1179	1287	1066	1196	907	1085	992	1339	1372	1826	2295	1237	815	779	872	800	2122	908	1567	1319	1292	2025	2451	2590	5275	4319	5346	3704	627	1937	1430	1464	836	702	1120	511	992	3990	1921	1985	1940	5016	6024	1283	3711	2973	1829
	760.18689	931	966	959	971	1220	1140	1205	1047	1234	835	1075	940	1248	1301	1716	2281	1129	865	815	838	798	2191	1001	1398	1368	1219	1995	2383	2613	5175	4312	5162	3652	612	1875	1395	1411	794	751	1196	578	959	3976	1887	1898	1876	4838	5751	1342	3537	2894	1890
	761.519592	1012	887	897	967	1140	1140	1206	985	1119	849	1077	947	1197	1396	1710	2240	1145	760	820	836	762	2183	922	1518	1245	1219	2035	2324	2626	5061	4249	5083	3478	587	1922	1338	1346	791	819	1240	603	998	3894	1858	1963	1733	4792	5601	1225	3460	2998	1728
	762.852783	1003	900	961	974	1072	1128	1262	1009	1150	828	1076	909	1215	1354	1670	2180	1081	823	778	889	741	2056	987	1472	1307	1294	1934	2400	2572	4979	4331	5139	3580	553	1837	1376	1365	827	706	1166	473	932	3835	1910	1850	1896	4832	5565	1290	3325	2889	1716
	764.186523	951	865	881	957	1189	1119	1141	1014	1087	818	1077	901	1220	1354	1646	2247	1121	722	796	804	737	2121	873	1412	1239	1224	1929	2281	2596	4900	4192	4940	3542	611	1906	1344	1375	742	702	1100	521	906	3835	1782	1844	1829	4748	5480	1189	3346	2748	1725
	765.52063	923	890	817	892	1064	1060	1120	944	1083	822	1091	978	1142	1344	1555	2169	1097	748	835	869	722	2010	930	1381	1256	1194	1887	2324	2594	4985	4127	5035	3503	541	1844	1324	1349	752	738	1112	514	936	3785	1809	1796	1795	4628	5462	1184	3346	2683	1698
	766.855286	931	848	948	862	1094	1101	1152	991	1158	758	1036	922	1136	1327	1617	2222	1073	734	820	856	677	2098	916	1357	1219	1167	1890	2278	2498	4782	4258	5053	3542	555	1862	1316	1365	749	710	1110	502	933	3755	1744	1781	1792	4399	5400	1229	3185	2656	1610
	768.19043	874	847	861	943	1048	1045	1151	967	1118	763	1017	884	1128	1264	1578	2211	1107	770	793	801	687	2004	843	1299	1265	1134	1750	2292	2541	4694	4217	4901	3396	561	1776	1278	1375	844	692	1064	504	938	3699	1727	1798	1774	4664	5221	1163	3043	2610	1694
	769.526001	934	903	915	885	1091	1102	1146	956	1085	708	1006	892	1196	1283	1597	2182	1082	739	738	785	709	2019	877	1308	1181	1136	1742	2229	2540	4557	3972	4816	3282	568	1755	1275	1260	740	677	1078	488	850	3748	1704	1741	1821	4560	5279	1272	3073	2571	1549
	770.862122	898	872	840	858	1084	1138	1118	944	1127	779	1021	830	1103	1297	1459	2132	995	739	748	818	675	2018	948	1259	1208	1131	1640	2173	2475	4521	3936	4704	3306	568	1734	1288	1273	735	651	1025	504	933	3620	1755	1694	1693	4479	5115	1118	2945	2491	1525
	772.198608	953	800	810	858	1053	1013	1085	873	1089	713	937	840	1089	1313	1471	2071	979	693	709	766	732	1893	808	1297	1157	1105	1764	2136	2476	4513	3858	4580	3341	550	1745	1319	1259	769	673	1090	480	882	3581	1688	1663	1691	4352	5174	1159	3032	2547	1558
	773.535583	868	789	745	842	1051	1009	1009	879	1045	775	943	847	1066	1202	1532	1994	1034	717	741	755	669	1897	833	1277	1080	1035	1716	2120	2254	4294	3979	4553	3175	507	1720	1224	1191	745	652	1027	459	886	3453	1635	1679	1691	4351	5232	1176	2988	2410	1512
	774.87323	927	772	727	840	942	1037	1053	889	1095	727	982	840	1087	1215	1431	2036	1003	702	735	763	672	1896	792	1192	1059	1015	1748	2007	2312	4404	3678	4438	3262	511	1596	1173	1238	727	604	986	507	846	3325	1656	1665	1697	4388	5027	1106	2933	2440	1528
	776.211182	860	708	755	794	970	953	937	792	1109	677	895	810	1019	1218	1420	1861	959	685	668	698	636	1834	862	1203	997	1057	1596	2142	2306	4173	3702	4350	3115	520	1526	1191	1181	677	649	980	483	868	3394	1597	1551	1613	4315	4891	1175	2951	2381	1438
	777.549683	889	697	779	740	953	956	1021	791	1037	702	857	787	1013	1165	1323	1994	934	718	697	755	648	1773	785	1164	1016	927	1561	2050	2405	4187	3621	4389	3090	529	1619	1228	1146	678	631	916	450	889	3122	1490	1559	1683	4143	4785	1095	2986	2469	1394
	778.888672	890	728	725	780	902	931	932	764	1030	613	950	700	1058	1183	1332	1918	978	632	664	703	592	1689	827	1227	1090	952	1551	2017	2260	4004	3660	4232	2985	512	1622	1146	1163	710	643	943	486	831	2981	1482	1511	1687	4093	4772	1130	2887	2341	1425
	780.228088	854	644	761	764	804	924	918	751	1020	609	849	683	938	1167	1338	1832	918	637	666	689	591	1690	743	1135	1022	992	1551	1998	2294	3945	3452	4266	2891	464	1486	1090	1146	682	583	941	416	752	3088	1520	1510	1628	4046	4810	1060	2752	2338	1363
	781.567993	772	661	655	692	841	881	856	748	988	652	896	742	934	1062	1224	1813	871	668	691	689	544	1654	782	1084	979	917	1512	1833	2153	3945	3463	3910	2867	472	1528	1115	1083	705	591	974	472	765	2938	1477	1536	1560	4055	4574	1074	2827	2242	1321
	782.908386	762	645	680	733	830	814	900	732	915	643	839	668	971	1065	1325	1814	946	647	615	657	539	1617	722	1093	912	928	1432	1914	2130	3928	3540	3947	2943	420	1403	1148	1107	649	576	904	437	797	2851	1383	1456	1474	3988	4383	973	2696	2200	1337
	784.249329	748	629	593	625	821	839	877	734	845	565	827	751	944	1034	1237	1700	862	600	593	670	607	1482	763	1076	940	936	1431	1845	2116	3887	3363	3944	2671	452	1442	1075	1073	602	576	908	426	727	2822	1398	1388	1468	3826	4360	1051	2652	2290	1297
	785.590576	798	649	636	635	781	788	834	676	891	610	820	700	898	1056	1195	1694	874	650	587	621	585	1553	748	1053	882	886	1377	1801	2068	3715	3417	3858	2804	425	1449	1073	994	624	549	890	384	783	2908	1360	1427	1477	3676	4291	1003	2616	2058	1252
	786.932495	684	652	644	654	814	772	750	632	867	631	801	662	853	987	1174	1691	792	557	604	648	557	1562	758	1061	871	889	1338	1836	2180	3717	3252	3823	2640	450	1352	1001	1012	619	512	865	376	718	2713	1420	1323	1471	3718	4258	945	2601	2112	1258
	788.27478	691	650	585	623	788	836	819	666	908	542	809	706	861	1022	1136	1595	832	561	623	637	551	1522	699	1055	861	870	1420	1690	1991	3699	3254	3778	2644	445	1342	1035	970	603	553	872	365	750	2788	1384	1335	1376	3607	4078	920	2475	2062	1212
	789.617615	701	602	608	664	774	820	804	651	819	536	699	642	829	1014	1182	1533	802	564	585	617	512	1537	696	1033	804	838	1302	1594	2056	3505	3162	3583	2658	407	1294	957	963	574	550	823	362	733	2765	1309	1279	1359	3607	4028	895	2398	2014	1214
	790.960876	711	631	587	613	771	778	783	627	816	590	772	628	784	934	1175	1483	801	580	546	598	525	1427	653	1019	844	827	1346	1629	1944	3662	3149	3629	2604	422	1208	999	947	558	485	836	365	707	2727	1284	1233	1408	3497	3990	912	2539	2023	1112
	792.304626	781	577	623	630	720	782	729	650	808	536	712	574	778	953	1132	1438	783	556	561	577	504	1438	631	957	796	796	1275	1652	1982	3373	3110	3443	2505	407	1215	992	927	575	520	793	341	670	2593	1289	1322	1306	3470	3749	871	2345	1979	1178
	793.648926	669	672	537	585	731	786	761	624	791	517	755	608	802	917	1088	1435	793	514	576	603	475	1357	668	957	817	759	1204	1516	1823	3404	3045	3486	2478	379	1267	978	843	552	480	825	347	663	2538	1301	1190	1313	3510	3751	866	2367	1926	1116
	794.993591	661	602	547	596	737	742	789	592	777	555	691	626	748	909	1047	1447	779	517	511	577	487	1329	642	903	786	734	1249	1657	1807	3378	3009	3365	2452	356	1230	918	856	557	483	803	360	628	2488	1313	1137	1320	3313	3841	920	2324	1922	1170
	796.338806	664	568	563	543	697	805	794	605	831	531	743	631	710	878	1048	1368	715	488	544	557	468	1347	575	905	747	714	1145	1588	1876	3265	2894	3214	2382	342	1172	926	869	500	494	767	320	640	2636	1281	1114	1260	3269	3641	885	2365	1835	1087
	797.684387	647	601	542	620	727	731	830	639	763	500	694	605	732	860	1081	1353	674	487	485	588	456	1274	598	877	827	708	1101	1486	1774	3270	2816	3240	2334	351	1246	889	933	514	495	787	357	596	2588	1186	1202	1288	3245	3679	866	2280	1838	1036
	799.030579	674	519	525	553	683	803	744	621	714	494	671	614	717	828	1091	1348	636	501	527	514	464	1251	646	913	746	742	1118	1446	1871	3316	2856	3253	2342	326	1176	914	847	552	449	738	282	622	2610	1221	1174	1240	3115	3593	821	2188	1781	1096
	800.377319	633	575	524	538	688	739	752	535	717	528	696	559	690	832	1088	1348	765	474	516	547	441	1328	583	864	717	729	1149	1490	1755	3174	2934	3330	2313	373	1065	857	860	546	454	699	328	554	2515	1190	1059	1184	3161	3464	894	2216	1780	1067
	801.724426	637	526	518	568	673	740	732	587	724	456	678	567	690	775	1034	1329	682	451	516	551	429	1283	585	790	729	688	1088	1432	1729	3184	2683	3139	2265	350	1099	853	840	528	476	709	290	616	2543	1142	1128	1219	3157	3447	861	2232	1717	983
	803.072021	670	532	482	533	698	673	725	568	735	490	653	515	672	759	1018	1256	661	453	512	518	444	1187	574	816	701	717	1092	1417	1731	3163	2833	3083	2265	354	1122	865	824	500	455	729	285	538	2307	1146	1105	1169	3018	3356	823	2185	1817	1034
	804.419983	580	511	478	527	704	731	737	575	699	495	633	530	671	843	952	1254	683	498	468	530	403	1222	617	762	700	692	1031	1380	1661	2933	2686	3041	2154	359	1062	883	901	507	429	669	289	526	2422	1044	1022	1153	2987	3230	810	2204	1706	1072
	805.768677	605	519	509	474	613	746	695	560	719	477	600	542	652	829	995	1110	665	433	465	451	404	1194	619	803	662	654	1009	1366	1721	2995	2642	3072	2116	323	1100	853	824	517	403	685	315	588	2400	1076	1052	1192	3054	3441	819	2103	1653	902
	807.117676	608	458	484	515	678	676	705	539	659	530	601	504	611	804	942	1189	638	423	504	541	412	1235	616	882	698	664	978	1325	1659	2949	2702	2960	2127	316	1118	863	822	491	454	678	284	575	2373	1066	961	1160	2864	3310	768	2159	1627	965
	808.467224	602	554	489	474	619	659	671	524	640	510	571	505	609	815	935	1130	614	428	443	496	431	1141	545	783	627	581	992	1327	1613	2779	2536	2946	2044	332	1031	765	772	456	414	746	263	544	2339	1147	981	1184	2778	3168	702	2071	1560	962
	809.8172	603	535	460	459	620	650	694	530	673	471	646	445	571	722	874	1092	593	406	400	482	377	1088	545	747	574	621	992	1232	1600	2718	2446	2782	2062	343	959	785	820	469	421	612	280	565	2197	1020	992	1084	2735	3065	808	2019	1624	906
	811.167725	582	457	408	483	636	622	649	505	594	400	586	495	583	783	803	1034	570	393	418	461	395	1102	482	732	640	623	944	1186	1541	2667	2425	2828	1967	287	918	733	776	469	442	608	294	526	2167	1004	963	1108	2742	3159	706	1982	1581	927
	812.518677	576	455	416	471	589	642	685	473	571	436	603	451	537	749	800	1012	552	463	406	485	365	1104	461	757	610	646	882	1253	1546	2615	2358	2627	1916	349	936	671	754	431	429	609	239	539	2107	1019	925	1047	2652	3127	719	1982	1496	878
	813.870117	512	436	396	451	570	564	626	516	631	433	548	483	518	769	797	1051	573	342	424	465	374	1005	490	729	597	565	860	1240	1433	2393	2307	2556	1949	320	860	744	707	430	374	611	239	477	1973	995	845	1025	2556	2938	723	1907	1516	783
	815.221985	536	405	378	462	582	579	631	472	623	425	541	396	533	625	766	1002	530	402	355	478	353	1042	477	671	575	591	842	1119	1413	2346	2151	2487	1863	302	885	643	708	404	409	501	274	475	2117	1013	820	1011	2624	2969	708	1983	1441	808
	816.574402	517	437	372	381	531	535	580	486	548	374	502	422	541	631	793	930	556	359	413	418	325	1040	433	677	594	525	851	1092	1327	2432	2206	2352	1782	294	826	632	684	378	375	591	244	481	1950	947	914	938	2476	2857	655	1860	1394	826
	817.927185	474	429	392	447	566	548	607	421	584	447	526	414	476	647	713	911	552	382	355	456	354	1037	453	665	580	531	816	1136	1404	2360	2179	2436	1719	294	864	599	676	447	386	564	225	441	1880	892	781	983	2410	2807	684	1789	1259	720
	819.280579	497	433	380	436	545	562	605	456	507	378	467	413	515	661	736	881	540	291	376	456	314	977	469	626	567	523	773	1099	1387	2419	2092	2361	1727	243	831	643	655	400	380	547	255	479	1961	907	869	970	2311	2681	624	1762	1284	731
	820.634521	484	383	365	406	515	543	561	448	500	395	490	426	455	633	718	933	496	351	391	416	327	946	395	633	520	521	808	1023	1385	2410	2166	2286	1768	252	825	613	616	367	352	529	246	426	1912	862	789	968	2391	2542	694	1761	1315	837
	821.98877	484	409	375	404	495	524	575	367	524	385	435	382	464	661	730	902	432	355	342	399	330	946	397	657	560	489	769	1084	1334	2390	2138	2248	1694	270	764	615	660	326	372	564	249	438	1892	813	774	901	2290	2585	615	1778	1311	748
	823.343628	485	379	315	386	530	588	530	426	523	364	469	314	491	656	665	900	475	327	348	399	324	856	410	583	471	489	722	1050	1344	2311	2062	2238	1737	278	815	548	587	377	358	491	252	423	1871	791	822	899	2271	2517	677	1671	1277	739
	824.698914	499	415	313	376	481	564	540	400	509	359	479	348	448	660	695	909	488	301	377	396	342	884	382	616	504	514	770	988	1271	2331	1940	2136	1606	255	756	582	582	382	342	514	242	386	1804	783	771	883	2184	2467	598	1611	1259	733
	826.054626	433	376	287	393	478	488	520	370	480	356	456	407	462	593	652	823	472	323	334	390	304	879	455	561	506	489	753	1017	1220	2366	1865	2054	1660	245	719	511	569	341	334	557	207	390	1773	819	706	863	2082	2518	590	1528	1212	758
	827.410889	498	394	342	390	520	482	534	363	461	372	448	350	439	592	672	826	494	301	337	395	310	912	388	583	505	474	736	939	1314	2237	1922	2064	1618	249	788	493	550	373	365	497	263	385	1638	760	788	916	2075	2501	572	1512	1131	677
	828.767578	426	356	344	401	473	499	499	414	488	335	427	339	415	531	691	752	488	297	364	400	298	812	465	585	469	447	696	998	1270	2247	1793	2180	1582	238	735	496	598	335	338	458	236	375	1735	789	693	817	2139	2398	599	1558	1130	686
	830.124817	402	374	335	376	481	477	513	408	488	324	430	355	412	576	649	803	501	312	329	374	269	822	431	586	441	436	730	941	1236	2147	1825	2127	1577	248	756	514	552	351	354	462	183	369	1701	748	732	839	2132	2226	550	1532	1138	699
	831.482483	427	334	298	370	502	513	524	383	442	340	425	329	388	566	606	763	494	291	308	390	288	835	380	537	542	422	687	912	1294	2173	1744	2078	1558	255	652	493	589	334	377	499	196	386	1658	754	729	806	1996	2180	621	1508	1143	673
	832.840576	444	345	331	336	458	475	485	403	430	276	453	328	411	556	633	774	445	247	317	373	281	845	359	533	436	439	722	953	1224	2227	1773	2081	1507	243	697	513	515	319	355	479	228	356	1628	739	651	823	2015	2203	585	1434	1128	746
	834.19928	426	339	333	326	394	506	488	376	440	304	386	274	375	600	565	740	421	276	326	369	275	805	368	499	440	439	690	899	1168	2187	1694	2004	1545	239	690	519	556	361	308	467	195	388	1646	741	700	797	1973	2144	552	1430	1094	644
	835.558411	370	307	291	359	479	468	508	401	436	343	367	316	413	609	568	749	460	267	292	346	277	844	368	545	436	488	671	881	1200	2076	1779	1947	1499	246	703	543	541	318	297	428	208	368	1592	714	699	792	1897	2245	561	1492	1087	628
	836.91803	396	327	317	355	456	464	499	352	416	292	416	291	413	538	598	725	442	250	311	369	257	823	390	476	443	466	643	895	1179	2124	1663	2018	1411	225	641	466	542	305	310	453	196	359	1518	671	624	754	1961	2194	563	1415	1096	654
	838.278076	408	324	259	274	440	505	424	398	416	331	385	297	435	538	537	729	412	269	304	344	275	810	379	488	423	421	670	803	1106	2072	1695	1820	1467	221	634	466	546	310	310	422	214	378	1511	771	688	725	1880	2052	520	1430	1147	687
	839.638672	333	315	331	307	405	450	430	370	440	290	389	349	388	542	490	691	433	280	250	350	266	794	363	477	410	437	658	860	1176	2010	1685	1932	1462	242	630	448	506	304	311	412	199	363	1588	713	618	776	1824	2047	496	1404	1048	629
	840.999695	393	309	284	322	393	458	416	367	444	270	427	308	365	536	519	725	413	259	265	349	244	776	399	481	390	442	680	802	1126	1938	1654	1753	1453	170	587	465	515	292	337	451	186	347	1476	671	562	763	1881	2102	547	1370	1058	649
	842.361206	408	298	330	330	393	426	452	323	422	281	368	262	366	505	499	657	447	255	280	372	251	741	331	443	372	381	588	834	1090	1882	1575	1736	1392	176	589	433	487	317	286	396	192	328	1476	690	568	710	1884	2108	460	1414	1055	609
	843.723206	341	314	288	307	436	435	442	334	398	261	367	263	361	497	518	723	422	262	278	315	285	737	376	413	378	385	621	808	1027	1955	1605	1685	1371	208	570	412	502	273	292	378	166	311	1350	707	577	729	1768	2099	480	1356	1000	576
	845.085693	330	264	279	249	363	427	432	321	424	253	397	275	362	471	486	621	419	308	267	326	244	740	348	436	397	392	569	785	1083	1823	1571	1566	1256	203	536	459	477	280	284	400	173	313	1300	641	570	681	1760	1965	478	1363	1035	558
	846.448608	343	296	230	261	353	453	431	316	394	290	378	276	361	484	469	586	360	249	233	314	252	705	304	387	395	393	576	768	1032	1868	1564	1638	1253	236	559	406	444	247	317	390	179	328	1220	679	559	666	1701	1971	472	1281	975	575
	847.812073	377	263	249	283	374	417	390	323	350	259	357	249	309	469	467	655	364	224	226	325	216	692	309	380	378	377	543	761	1000	1821	1521	1576	1238	202	534	406	400	243	285	378	163	289	1287	578	520	605	1666	1976	442	1374	973	586
	849.176025	364	265	258	272	373	398	388	308	416	279	339	274	312	477	469	567	379	234	258	357	209	721	340	422	372	356	493	729	999	1784	1460	1502	1186	180	479	423	412	292	270	376	150	330	1216	551	487	646	1651	1964	470	1323	895	549
	850.540405	330	275	250	261	322	382	362	319	413	238	309	246	311	424	476	563	364	199	249	331	261	664	289	402	347	385	505	718	969	1741	1434	1509	1171	199	497	420	389	225	275	383	167	302	1152	565	540	628	1528	1921	456	1350	904	525
	851.905273	337	240	282	294	385	397	348	298	400	232	327	244	315	433	432	578	320	209	232	301	214	650	317	381	321	317	552	735	952	1706	1391	1549	1193	174	454	335	359	215	277	352	152	265	1187	561	514	644	1526	1836	430	1221	829	525
	853.27063	335	269	227	291	357	327	349	319	350	212	308	233	325	398	398	550	339	206	221	357	208	625	266	358	371	361	539	673	913	1683	1419	1452	1118	151	512	342	388	250	238	394	132	262	1128	583	449	649	1458	1791	411	1359	896	531
	854.636475	325	235	228	240	360	350	358	295	351	227	325	238	288	432	423	573	330	235	228	314	222	623	284	321	378	344	529	653	918	1647	1411	1442	1110	189	467	304	395	237	282	336	141	287	1092	543	528	611	1440	1779	432	1248	818	475
	856.002808	283	268	231	258	312	371	364	314	350	228	317	222	278	448	441	568	361	201	231	310	217	662	306	349	344	320	507	642	881	1663	1441	1496	1147	202	473	353	408	253	278	323	163	258	1077	507	483	555	1471	1694	399	1302	833	483
	857.369629	314	233	261	240	306	307	351	289	387	202	275	198	284	406	386	536	383	237	262	318	220	583	286	354	354	363	526	643	871	1737	1369	1346	1113	183	450	354	376	217	247	355	147	264	1104	542	472	580	1351	1704	421	1264	807	461
	858.736877	282	220	247	280	300	360	327	293	312	221	300	247	306	406	405	493	341	195	212	264	230	615	295	346	316	323	487	597	871	1664	1314	1414	1026	183	453	365	373	216	287	364	164	288	1112	502	521	573	1382	1673	411	1142	831	484
	860.104614	272	221	209	265	325	327	336	316	311	185	298	249	275	408	388	552	298	198	211	326	209	595	292	346	316	319	505	643	872	1581	1300	1321	1041	171	457	352	354	237	229	345	151	258	1095	514	462	588	1384	1617	448	1202	848	456
	861.4729	320	260	223	242	315	356	317	270	340	231	301	208	278	388	413	441	328	193	244	323	216	636	264	320	313	306	519	578	825	1582	1377	1280	1081	150	473	314	322	197	277	304	104	249	1091	522	447	560	1305	1595	394	1087	810	475
	862.841614	240	244	215	246	304	357	315	264	342	211	301	192	290	423	381	498	341	184	206	302	167	582	279	320	314	325	502	631	851	1597	1248	1270	996	162	462	303	357	232	230	294	141	263	1136	495	450	546	1311	1540	406	1124	758	417
	864.210815	318	226	187	268	280	290	298	266	325	166	305	192	280	380	353	493	336	222	239	318	216	617	283	316	328	307	510	596	836	1516	1318	1316	1004	163	415	350	369	200	207	323	140	277	1036	456	421	555	1216	1518	358	1110	754	520
	865.580383	278	232	206	278	288	329	354	265	309	237	307	210	247	405	361	512	350	224	219	361	202	594	252	338	333	293	500	605	837	1575	1247	1329	965	159	427	336	304	252	224	308	123	259	1113	509	459	522	1337	1582	411	1065	777	453
	866.950623	308	220	220	205	314	312	329	291	323	230	309	222	281	399	358	467	310	224	213	264	194	613	258	351	295	300	504	549	748	1484	1299	1310	938	185	408	321	395	218	234	338	125	222	996	475	442	522	1303	1547	404	1131	800	506
	868.321289	292	259	235	201	306	320	270	252	345	197	255	199	302	378	364	499	307	172	231	277	211	539	260	327	275	346	515	565	748	1596	1198	1251	1016	163	391	344	332	181	221	303	137	246	997	488	404	549	1254	1439	365	1039	771	432
	869.692383	268	181	223	242	261	317	306	277	291	215	262	222	294	369	365	473	317	157	218	275	175	582	279	299	278	330	481	602	743	1468	1236	1226	921	161	402	327	347	202	239	339	113	245	958	458	451	546	1237	1582	368	1085	774	430
	871.064026	303	231	244	231	292	301	343	284	325	204	279	204	240	367	360	473	335	170	213	301	210	553	284	292	318	311	512	570	778	1490	1236	1202	966	156	417	313	335	196	234	286	160	264	1002	501	455	509	1239	1503	369	1008	736	432
	872.436096	287	202	184	235	314	309	314	235	311	197	245	201	276	391	389	479	303	180	210	300	186	615	259	315	284	301	580	588	804	1501	1205	1174	910	147	424	325	344	205	218	277	128	249	1046	509	380	492	1132	1501	406	1021	762	456
	873.808716	270	212	200	235	278	306	307	241	299	178	258	200	273	357	359	452	336	183	180	298	175	559	245	278	291	325	528	565	744	1464	1230	1127	958	161	420	315	321	189	204	302	144	264	981	459	440	541	1182	1427	348	1067	800	415
	875.181702	232	224	201	215	273	301	307	258	277	176	296	164	264	375	347	448	348	186	202	280	189	533	264	319	300	300	497	585	766	1485	1208	1193	897	156	410	317	330	156	213	291	126	280	931	476	410	449	1173	1453	391	953	733	433
	876.555176	254	216	229	254	304	330	304	259	321	207	282	168	277	377	376	453	315	185	188	305	185	555	265	312	328	280	530	530	757	1463	1163	1111	883	156	376	294	330	197	218	313	140	232	987	502	428	459	1175	1428	383	994	690	418
	877.929199	316	206	236	263	286	287	318	306	300	149	274	190	287	399	410	483	277	206	178	244	193	538	234	292	322	298	514	587	767	1425	1170	1144	888	137	400	304	331	204	213	300	126	236	989	467	409	512	1123	1431	367	1038	777	403
	879.303711	242	198	191	235	272	342	310	296	292	183	248	179	256	375	345	443	332	191	225	269	181	577	222	313	322	321	566	571	751	1328	1231	1149	896	124	392	282	300	207	210	287	125	239	945	509	406	504	1100	1422	386	938	794	435
	880.678589	272	210	208	230	277	297	338	247	330	186	255	184	269	369	338	425	341	190	216	238	175	644	270	344	265	303	505	541	760	1410	1227	1097	909	133	438	249	307	177	205	318	107	260	995	474	372	483	1176	1367	384	1002	796	465
	882.054077	265	194	227	232	275	269	316	249	318	174	254	222	273	356	327	439	306	187	188	260	187	553	253	291	301	313	503	557	747	1308	1166	1077	949	148	431	278	323	174	180	291	128	196	922	473	397	491	1048	1342	366	944	657	427
	883.429993	257	205	282	243	242	323	313	261	316	201	279	211	258	365	355	474	310	188	190	261	186	549	241	302	316	334	483	546	689	1396	1199	1186	889	146	407	288	294	156	208	278	143	194	930	472	403	444	1106	1341	388	868	749	415
	884.806396	257	215	231	225	257	321	308	231	336	201	260	192	264	369	325	462	266	205	188	246	175	541	250	339	340	304	444	542	725	1299	1161	1085	905	112	385	258	313	191	193	304	120	199	930	468	379	508	1077	1404	356	858	679	416
	886.183289	263	235	188	233	276	296	248	276	307	166	279	216	299	371	313	404	281	191	212	267	222	537	218	288	288	284	474	529	678	1368	1171	1160	826	144	411	268	314	168	216	289	110	231	905	457	413	434	1093	1335	328	979	694	388
	887.56073	228	196	204	223	267	321	284	277	327	185	265	230	265	380	317	431	281	184	183	269	196	549	238	320	283	277	465	484	673	1298	1146	1000	847	143	331	285	295	176	185	275	115	232	884	431	393	459	1049	1351	339	859	708	341
	888.938477	244	207	210	235	275	282	327	249	256	167	262	219	233	332	325	400	249	153	199	244	176	525	237	267	296	327	450	488	683	1269	1075	1039	846	168	378	276	326	145	205	246	107	225	847	422	394	428	1062	1359	368	950	682	375
	890.316772	208	212	216	192	226	279	283	263	274	160	231	184	218	353	311	393	294	161	177	185	177	530	212	259	254	302	449	493	625	1266	1047	1012	773	165	347	265	314	161	171	238	105	246	837	397	358	449	991	1362	352	926	678	344
	891.695618	224	218	232	196	229	284	271	239	273	151	226	183	246	337	337	437	301	190	176	211	196	506	259	282	292	292	439	466	607	1261	1005	928	715	131	357	327	295	152	167	243	124	221	822	378	383	438	979	1377	321	926	661	403
	893.074829	221	204	174	212	257	267	303	262	279	159	208	175	244	338	302	387	277	150	162	242	188	510	223	271	269	306	445	510	568	1248	982	896	752	148	327	257	257	160	190	264	127	199	826	424	324	417	931	1281	307	858	656	297
	894.45459	213	198	178	175	220	269	256	241	262	162	232	188	226	331	271	383	246	164	160	241	158	467	205	268	241	281	430	409	587	1133	991	902	714	122	334	253	253	141	187	287	111	167	831	371	317	388	905	1193	312	876	629	340
	895.834778	237	165	200	183	224	246	307	211	239	146	249	151	235	299	280	384	283	156	164	228	151	513	191	257	275	283	381	469	591	1194	942	889	764	131	317	226	241	145	181	243	111	193	765	341	321	368	875	1199	315	835	633	327
	897.215576	221	176	182	198	223	239	269	212	261	123	261	177	203	325	268	339	245	150	128	233	181	483	220	263	262	263	429	436	594	1079	923	897	678	143	307	270	269	139	185	282	108	208	781	345	317	382	908	1131	287	816	644	370
	898.596802	174	181	167	187	215	250	241	207	262	175	239	149	198	272	294	339	247	174	126	217	164	429	195	242	233	216	412	417	591	1146	933	823	703	117	316	256	268	139	168	238	105	181	726	348	336	424	861	1160	296	874	567	312
	899.978516	221	181	189	179	202	272	249	239	226	135	182	173	199	292	297	333	257	141	160	231	177	445	194	238	268	225	432	405	558	1125	921	877	644	136	301	246	264	147	179	242	80	189	680	319	325	373	817	1118	310	787	568	325
	901.360596	210	189	159	207	200	206	224	216	201	138	210	196	194	297	286	388	268	145	157	207	171	463	186	225	251	261	401	421	547	1142	946	837	661	124	309	229	222	140	192	243	114	167	760	342	326	367	834	1030	291	783	588	311
	902.743286	252	191	203	157	218	228	220	208	229	133	198	150	199	313	266	332	227	151	133	166	143	419	180	211	264	226	393	379	557	1121	899	797	662	138	282	232	256	129	183	226	100	195	647	328	325	388	787	1118	283	696	584	334
	904.126404	194	180	164	172	213	237	232	234	216	140	199	152	209	275	279	348	253	142	148	210	155	457	193	233	226	232	428	423	525	1116	892	847	642	130	285	222	225	134	154	254	74	159	680	302	305	359	830	1119	280	704	545	295
	905.51001	204	196	193	157	199	247	242	214	202	127	233	148	191	297	221	311	227	158	133	208	156	450	154	221	248	253	445	397	548	1051	867	826	652	138	287	204	265	135	177	224	102	168	683	304	316	334	834	1054	275	751	599	335
	906.893982	226	171	146	196	204	201	254	228	253	150	196	149	208	259	269	360	209	158	132	192	163	445	168	244	232	249	399	394	518	1058	888	775	604	152	283	263	229	132	174	218	101	174	624	323	302	362	824	1040	270	643	542	308
	908.278625	207	165	173	174	203	212	223	215	209	136	195	152	201	276	246	304	235	168	112	193	113	432	165	248	233	216	431	394	478	1005	833	828	667	145	323	236	275	124	150	215	90	174	670	327	296	362	793	1045	286	728	550	323
	909.663696	203	145	156	161	216	237	247	188	245	159	241	168	185	274	221	343	228	155	151	206	145	432	140	236	233	264	421	362	493	1011	832	765	657	128	286	213	223	129	150	211	84	171	625	300	301	314	846	1094	283	733	557	315
	911.049194	213	170	146	148	173	231	231	186	214	142	186	170	191	292	239	330	207	121	158	169	140	405	138	241	224	221	395	368	492	923	895	748	636	129	256	235	228	142	165	239	95	140	607	302	278	339	734	1045	271	681	536	306
	912.435181	213	165	136	159	197	196	213	156	256	141	188	178	189	231	231	300	226	138	174	180	123	392	173	180	227	245	374	341	466	938	805	753	594	93	254	218	252	133	128	214	86	177	649	283	304	349	778	1000	296	696	487	273
	913.821716	198	141	147	131	191	231	215	223	198	130	206	139	194	273	252	316	199	148	152	186	133	363	147	244	215	248	378	320	472	950	789	767	596	92	243	194	208	122	146	200	109	167	581	340	293	263	754	1048	278	625	573	279
	915.208618	201	122	133	117	184	218	208	152	206	145	208	135	142	235	230	307	220	143	133	172	132	368	153	211	237	216	368	341	426	927	742	749	585	88	254	212	234	114	144	189	72	164	577	292	263	316	739	938	257	633	539	261
	916.59613	165	132	152	134	175	173	194	194	193	106	154	157	158	252	186	328	193	122	134	198	133	369	140	169	225	226	350	318	438	913	759	652	568	103	222	206	210	126	148	169	72	132	581	336	273	296	738	1024	249	645	515	288
	917.984009	169	136	129	161	168	197	189	191	180	131	189	138	146	269	244	272	227	134	135	191	123	327	132	199	204	204	363	348	429	864	712	640	504	109	221	192	204	107	147	197	86	123	586	289	258	320	700	937	238	656	488	262
	919.372375	162	132	154	138	192	176	190	168	190	109	165	150	178	267	228	270	195	124	136	192	119	367	155	219	223	212	344	294	490	839	726	679	505	113	240	203	231	108	154	161	82	140	579	257	242	296	676	996	235	614	473	270
	920.761292	141	107	122	158	179	193	190	218	150	120	149	132	163	201	216	276	181	126	107	178	124	322	140	192	187	193	349	301	411	791	726	616	528	76	225	196	195	110	100	160	86	135	545	264	260	330	674	889	219	607	516	252
	922.150574	171	143	131	123	155	221	136	169	179	125	173	136	144	246	209	269	173	132	114	161	109	383	148	189	205	203	317	299	352	832	648	647	476	78	258	180	226	106	126	169	77	127	538	249	252	276	648	840	258	566	447	264
	923.540527	167	126	125	116	145	199	155	155	181	112	166	151	172	239	207	259	184	136	123	166	118	388	141	199	211	228	320	302	367	827	657	537	513	92	208	193	206	110	134	169	64	106	574	241	229	280	635	872	251	587	450	227
	924.930786	175	159	150	140	161	188	173	172	164	96	191	132	176	237	198	254	197	125	105	185	119	346	143	164	228	197	352	314	366	807	658	602	525	113	202	192	219	109	134	174	54	141	570	262	243	243	665	821	263	591	474	255
	926.321594	158	118	136	137	178	155	150	146	185	118	132	126	171	255	201	251	177	122	119	175	116	315	169	185	243	217	339	280	339	784	618	568	491	88	193	150	208	103	112	190	63	132	486	264	225	283	585	850	210	531	408	235
	927.712891	165	134	137	109	167	185	157	182	177	119	163	142	153	208	182	263	167	111	118	153	128	314	118	134	185	190	362	262	403	745	608	538	495	86	182	166	203	113	123	167	72	92	461	236	220	223	560	814	229	547	433	271
	929.104614	183	126	104	146	159	185	173	172	152	90	130	136	140	202	181	228	164	98	131	133	136	297	122	172	206	201	274	261	350	752	580	593	470	91	219	179	169	118	120	165	71	131	460	241	211	280	518	775	171	555	432	248
	930.496826	112	122	87	114	156	175	188	143	181	97	147	134	149	218	196	276	184	117	90	141	129	338	114	185	194	213	314	258	355	744	632	562	444	78	237	201	189	77	127	180	100	121	478	231	239	236	553	815	224	518	448	218
	931.889587	162	135	133	145	123	162	178	142	166	91	152	135	155	185	171	262	187	114	117	140	111	297	120	189	190	164	351	226	357	755	612	527	443	92	175	171	184	86	140	184	84	98	483	201	203	250	562	776	217	501	430	239
	933.282776	155	98	107	99	162	167	165	161	142	86	155	128	123	219	169	254	167	126	110	141	104	285	102	175	153	167	326	268	314	726	585	563	419	99	166	181	183	81	109	142	72	140	476	199	210	275	532	807	234	521	442	215
	934.676514	154	132	86	126	140	160	141	133	147	120	138	129	121	209	194	264	180	101	113	132	114	332	104	133	176	178	295	282	323	690	570	523	431	87	191	166	177	72	116	161	71	106	464	212	195	256	498	748	244	528	421	200
	936.070679	154	109	136	128	118	169	143	141	145	93	143	154	115	190	192	231	183	138	105	135	108	317	113	141	182	212	279	244	382	692	559	497	424	67	177	199	177	94	114	122	74	102	411	216	199	195	506	758	179	425	409	214
	937.465271	157	114	103	149	151	172	142	126	133	99	138	126	146	200	186	216	176	86	98	148	115	295	118	138	190	198	284	250	353	616	557	523	384	83	184	180	189	85	116	134	68	114	434	223	209	237	465	720	185	470	365	215
	938.860413	159	85	102	113	143	178	151	137	177	89	142	88	128	159	165	195	160	87	104	154	105	287	93	139	179	189	317	257	321	644	607	463	433	87	188	156	169	79	116	150	54	96	461	213	202	234	490	698	217	488	417	192
	940.255981	126	104	115	106	100	170	165	118	143	97	137	122	146	169	164	261	165	123	106	136	104	286	103	122	189	198	268	252	302	662	507	447	375	92	167	148	174	78	124	132	52	111	413	169	158	208	481	677	201	420	344	232
	941.6521	137	121	106	112	124	174	169	131	111	95	150	109	136	171	148	205	128	97	122	152	141	280	111	145	136	142	284	189	296	593	515	520	396	65	187	145	147	75	113	116	65	100	434	199	180	209	419	682	193	420	347	161
	943.048584	128	110	95	137	133	151	158	154	131	65	104	110	151	168	193	197	163	96	95	129	93	306	131	149	181	174	257	222	270	670	467	419	378	75	187	122	157	74	105	131	61	132	402	157	180	210	446	675	200	438	370	168
	944.445679	141	103	96	121	140	153	150	139	120	89	122	115	132	165	165	243	132	112	96	124	82	258	89	150	172	159	278	228	294	569	485	463	361	57	173	147	158	78	88	134	67	85	382	207	174	207	476	603	205	429	358	210
	945.843201	151	104	103	111	134	135	139	143	115	84	121	104	126	163	148	215	153	110	96	118	79	239	112	109	147	153	229	224	263	540	478	424	380	76	178	128	142	91	93	114	49	79	390	207	178	182	414	648	196	397	355	177
	947.241211	154	75	91	118	108	160	127	113	121	93	121	101	139	171	165	199	121	94	129	111	103	257	99	139	147	150	268	218	285	537	475	403	341	65	138	139	157	62	98	123	67	79	385	187	182	177	449	613	203	419	318	171
	948.639587	106	77	96	117	121	130	130	112	118	85	117	111	152	172	169	190	146	89	82	117	88	255	113	121	147	151	258	183	248	540	462	406	328	75	150	128	142	58	104	117	71	72	355	163	160	171	391	631	172	416	302	155
	950.038574	121	95	95	117	125	146	113	122	105	86	124	117	129	156	125	192	152	76	87	135	88	194	105	127	167	169	220	187	244	521	476	413	331	63	143	126	134	62	81	117	49	81	361	139	133	219	401	551	192	396	305	184
	951.43811	112	93	86	103	91	114	120	116	137	71	90	114	120	173	136	218	119	100	69	140	67	239	105	109	133	185	269	176	279	527	419	381	366	56	148	160	131	72	101	136	65	81	359	200	165	181	389	568	161	363	289	145
	952.838013	123	93	90	82	126	124	138	128	126	80	110	86	136	147	147	204	137	109	65	118	91	233	76	115	162	149	233	176	248	483	409	371	330	72	157	119	155	53	89	107	59	63	348	203	147	197	400	541	155	381	286	146
	954.238403	117	75	91	99	133	144	140	136	102	64	127	94	117	144	147	189	138	108	55	104	89	231	99	145	162	168	242	189	239	476	344	364	312	66	134	126	129	68	99	91	50	90	354	143	159	178	365	547	195	380	264	129
	955.639282	113	92	92	89	127	116	138	115	95	80	119	106	121	140	115	208	134	76	91	101	76	203	93	121	169	142	238	177	244	496	423	328	287	56	143	131	144	73	98	115	54	73	336	146	148	168	358	516	156	345	283	174
	957.040588	153	87	96	93	124	112	121	93	101	77	122	97	104	154	143	187	134	72	87	120	69	227	85	128	147	143	237	197	232	491	409	382	299	85	145	102	164	60	80	115	38	82	325	176	158	164	400	525	167	344	243	147
	958.442505	98	78	99	115	102	111	122	125	116	76	99	81	101	156	108	157	117	88	93	90	58	196	71	124	154	133	246	188	232	398	379	385	293	51	132	119	120	64	73	109	29	65	297	150	156	168	374	506	160	353	290	144
	959.844788	127	84	78	99	106	128	111	90	130	70	111	85	105	138	142	142	148	92	85	94	57	202	119	113	134	133	218	200	204	450	381	337	288	73	142	101	137	68	93	102	56	80	320	170	141	145	380	482	134	333	277	145
	961.24762	106	81	95	92	104	135	130	90	113	93	117	88	114	138	126	167	99	90	78	98	90	227	73	109	132	129	215	178	212	393	382	328	300	73	131	114	124	65	95	124	55	76	315	161	185	156	353	489	123	336	260	156
	962.650879	150	84	102	101	84	122	120	95	86	58	109	78	121	161	113	158	100	100	66	105	89	200	68	109	158	120	206	169	207	435	335	320	275	51	143	129	113	55	84	111	60	72	303	185	127	144	334	500	155	332	273	142
	964.054626	100	68	93	103	93	113	105	86	108	67	99	80	82	140	113	172	127	97	74	119	64	214	93	107	135	119	229	202	245	409	379	320	268	66	126	118	125	63	70	108	47	54	319	170	141	161	356	440	166	313	268	151
	965.458923	97	91	72	94	92	121	126	100	125	62	112	74	80	132	99	164	149	72	80	105	84	219	80	94	133	150	212	182	213	437	335	332	290	50	113	90	135	76	73	110	28	54	292	140	124	148	354	393	138	271	253	124
	966.863586	113	92	69	83	109	127	109	94	112	71	82	114	113	143	107	164	107	98	91	110	90	224	84	109	130	121	216	176	223	371	344	309	279	47	117	84	109	55	79	97	57	76	304	139	147	151	329	452	146	295	238	137
	968.268799	102	95	97	111	95	109	106	107	93	78	116	85	119	127	123	141	125	108	59	90	71	158	79	113	136	151	209	136	221	376	328	308	274	40	162	83	104	57	82	88	57	74	320	154	150	139	339	422	115	290	254	139
	969.674377	116	95	73	68	66	118	115	96	100	76	81	98	107	117	113	153	108	79	85	90	69	180	74	121	146	142	225	163	163	360	325	284	289	59	114	118	121	48	62	106	43	41	283	165	114	146	320	403	134	294	224	126
	971.080688	113	72	102	106	85	117	90	80	105	61	93	69	107	115	134	177	116	72	77	93	83	209	97	99	140	147	183	150	201	366	405	291	248	63	131	109	135	57	93	92	30	70	285	162	112	154	338	409	162	241	259	132
	972.487305	115	63	75	89	92	113	114	107	103	72	103	85	97	117	106	174	122	104	82	111	91	205	87	116	167	145	212	149	207	366	307	266	265	49	118	91	109	49	52	109	59	71	271	115	115	134	286	421	136	279	232	141
	973.894409	93	87	82	87	104	133	121	78	82	54	51	70	104	134	128	173	119	90	72	75	76	189	54	84	128	154	206	123	169	336	318	311	265	60	116	88	117	48	47	86	42	57	248	125	129	162	286	393	146	294	242	121
	975.302002	110	74	78	81	101	128	130	84	76	62	99	108	87	128	111	138	86	86	79	81	84	187	89	81	113	136	174	149	191	349	328	290	223	40	124	117	96	54	50	68	37	84	293	155	126	133	290	411	141	293	237	98
	976.710083	113	75	75	56	87	90	90	84	74	59	107	76	81	111	126	152	100	83	74	59	73	193	82	116	143	114	195	123	199	397	280	262	249	43	92	103	134	59	60	89	40	80	252	103	153	108	267	381	131	256	226	104
	978.118713	111	73	77	70	50	126	93	97	77	63	80	65	103	124	120	146	171	65	70	83	78	169	94	120	149	119	220	123	162	329	293	253	250	46	109	94	117	54	60	78	40	72	280	125	145	113	299	404	144	263	270	142
	979.52771	102	61	58	61	106	111	108	102	92	64	79	85	84	105	113	157	105	66	64	62	80	187	84	83	112	121	164	131	177	337	260	244	242	72	113	120	91	50	70	94	59	65	260	132	108	117	274	371	140	267	198	133
	980.937195	101	52	50	85	77	96	103	90	90	83	80	88	80	95	118	116	117	82	70	93	57	147	64	73	86	139	185	147	168	307	276	269	216	59	109	109	102	43	55	96	60	48	240	143	132	134	285	387	132	271	205	98
	982.347229	69	69	82	92	104	90	68	96	69	27	88	71	89	97	85	132	91	60	68	75	66	143	73	93	109	115	183	119	181	304	311	255	218	49	108	79	108	47	66	62	43	61	245	113	124	96	274	366	129	238	194	116
	983.75769	99	80	85	87	77	94	74	108	87	64	81	63	98	115	109	122	111	73	66	74	77	147	67	74	120	123	171	119	157	310	288	257	209	45	102	101	76	35	51	76	20	42	239	116	133	156	249	392	133	246	190	121
	985.168579	81	52	76	67	64	90	81	80	99	47	93	71	94	93	128	146	108	71	72	81	76	169	76	83	118	124	204	137	142	311	270	234	222	56	69	89	103	59	51	78	35	55	232	119	128	151	272	366	132	230	198	95
	986.580078	89	53	64	76	82	108	100	75	93	47	76	58	105	96	103	156	108	58	67	88	64	139	67	80	136	134	206	96	157	281	261	277	206	47	66	95	101	36	57	72	14	63	232	120	103	109	285	388	121	236	183	109
	987.992004	100	55	53	65	75	100	87	77	73	66	63	58	81	95	116	140	113	83	48	67	73	141	77	100	135	134	152	128	135	302	228	251	231	35	94	70	94	36	64	75	49	49	224	115	90	118	210	321	118	225	180	98
	989.404419	102	79	71	53	75	107	74	89	80	59	79	112	63	107	72	115	122	83	60	69	65	142	84	81	104	101	184	89	129	255	279	224	187	53	95	70	94	30	66	83	21	45	211	106	96	118	239	350	131	260	171	101
	990.817322	72	80	61	77	75	107	87	99	64	51	84	55	99	96	91	128	106	99	64	69	70	136	63	81	106	134	188	100	162	280	256	224	174	38	104	67	110	48	41	50	37	68	214	90	115	101	235	324	140	230	180	89
	992.230713	96	42	54	73	82	84	113	80	85	52	85	56	85	108	98	143	114	62	98	59	86	138	66	48	119	96	130	98	157	256	253	184	180	43	102	93	72	40	76	81	43	61	223	107	102	114	233	321	88	189	179	100
	993.64447	87	66	82	69	68	84	67	79	56	35	80	99	80	76	81	134	88	42	51	66	66	116	85	88	131	110	168	102	126	226	226	226	162	43	105	68	101	39	29	73	48	49	214	103	109	108	241	319	125	220	149	97
	995.058777	94	54	40	67	35	81	64	80	79	48	84	63	69	81	99	130	80	70	43	90	73	116	60	85	111	93	166	110	147	234	228	220	158	29	70	88	76	43	55	33	33	46	183	125	94	110	208	361	104	237	157	74
	996.473572	74	76	68	78	73	101	97	57	57	65	71	72	92	105	95	114	82	55	81	72	47	132	41	63	98	118	151	115	142	232	236	196	172	19	71	72	103	43	56	48	44	46	185	108	77	99	195	312	115	206	170	96
	997.888916	69	45	80	74	46	95	67	68	68	27	73	70	61	104	61	124	79	64	63	56	74	106	56	63	93	125	134	90	136	262	228	207	158	30	60	66	95	52	32	36	35	47	204	115	85	95	197	334	114	206	173	90
	999.304626	72	60	79	76	70	78	62	63	69	43	67	68	89	104	78	125	72	51	60	58	52	116	78	50	95	93	149	102	124	265	208	176	145	24	81	62	58	36	37	77	48	39	189	108	73	121	191	301	92	217	183	101
	999.65863	85	66	74	73	49	82	71	46	75	54	88	51	79	92	99	121	87	61	82	75	61	130	66	62	81	106	147	80	119	205	231	179	135	28	65	63	74	38	37	66	24	50	188	111	70	78	211	313	99	174	161	91