ENVI ASCII Plot File [Mon Dec 23 14:05:22 2024]
Column 1: Wavelength
Column 2: X:342 Y:181~~1
Column 3: X:351 Y:175~~2
Column 4: X:355 Y:175~~3
Column 5: X:358 Y:162~~4
Column 6: X:359 Y:160~~5
Column 7: X:360 Y:158~~6
Column 8: X:357 Y:159~~7
Column 9: X:356 Y:162~~8
Column 10: X:357 Y:156~~9
Column 11: X:358 Y:150~~10
Column 12: X:358 Y:144~~11
Column 13: X:355 Y:139~~12
Column 14: X:351 Y:136~~13
Column 15: X:347 Y:133~~14
Column 16: X:343 Y:130~~15
Column 17: X:339 Y:127~~16
Column 18: X:335 Y:124~~17
Column 19: X:331 Y:121~~18
Column 20: X:327 Y:118~~19
Column 21: X:327 Y:125~~20
Column 22: X:322 Y:127~~21
Column 23: X:317 Y:129~~22
Column 24: X:312 Y:131~~23
Column 25: X:307 Y:133~~24
Column 26: X:302 Y:135~~25
Column 27: X:303 Y:137~~26
Column 28: X:305 Y:139~~27
Column 29: X:307 Y:141~~28
Column 30: X:306 Y:145~~29
Column 31: X:305 Y:149~~30
Column 32: X:304 Y:153~~31
Column 33: X:303 Y:157~~32
Column 34: X:302 Y:161~~33
Column 35: X:306 Y:161~~34
Column 36: X:308 Y:166~~35
Column 37: X:310 Y:171~~36
Column 38: X:314 Y:174~~37
Column 39: X:318 Y:176~~38
Column 40: X:322 Y:178~~39
Column 41: X:326 Y:178~~40
Column 42: X:330 Y:178~~41
Column 43: X:334 Y:178~~42
Column 44: X:338 Y:177~~43
Column 45: X:342 Y:176~~44
Column 46: X:347 Y:174~~45
Column 47: X:350 Y:176~~46
Column 48: X:354 Y:174~~47
Column 49: X:357 Y:174~~48
Column 50: X:360 Y:165~~49
Column 51: X:360 Y:164~~1
Column 52: X:358 Y:165~~2
Column 53: X:360 Y:164~~3
   399.924103      3.000000     18.000000    -36.000000      0.000000      3.000000     -2.000000      0.000000      3.000000     -5.000000     11.000000      0.000000    -22.000000      6.000000      9.000000      6.000000      5.000000     -9.000000      7.000000      1.000000     -6.000000     -2.000000      6.000000     -2.000000     16.000000     -3.000000      9.000000     17.000000     -2.000000      2.000000      4.000000     13.000000      5.000000     -3.000000     11.000000     11.000000     -5.000000     -1.000000      3.000000     -7.000000      4.000000     -3.000000     -5.000000     -6.000000      4.000000     10.000000     12.000000     -1.000000     -6.000000     -9.000000     -5.000000      5.000000     -5.000000
   401.119995     -8.000000      4.000000     -8.000000     -3.000000     16.000000      6.000000      2.000000     -1.000000      4.000000      4.000000      2.000000    -20.000000     -8.000000     -1.000000     13.000000      7.000000      6.000000      7.000000      1.000000     10.000000      1.000000      7.000000      4.000000     25.000000      0.000000     -5.000000      7.000000     25.000000     -2.000000      8.000000      2.000000     -7.000000     -3.000000      1.000000      2.000000     -3.000000    -19.000000     14.000000    -10.000000     10.000000      6.000000     -2.000000     12.000000      7.000000     11.000000      5.000000      6.000000     15.000000     -1.000000      2.000000     -2.000000      2.000000
   402.316406     11.000000     -4.000000     18.000000      9.000000     -3.000000      7.000000     -7.000000      1.000000      9.000000      2.000000      7.000000      8.000000     -3.000000     -3.000000      8.000000      9.000000     -5.000000      5.000000     -1.000000     -9.000000      3.000000      3.000000     -9.000000     -1.000000     -3.000000      0.000000      3.000000     10.000000      9.000000     14.000000     10.000000     -4.000000     11.000000     11.000000     -7.000000    -11.000000     16.000000    -14.000000    -10.000000      3.000000     -3.000000     10.000000    -11.000000     19.000000      1.000000      0.000000     -9.000000      0.000000     12.000000     18.000000      1.000000     18.000000
   403.513306      2.000000     -3.000000      3.000000     11.000000     13.000000     16.000000     -5.000000     27.000000    -10.000000      4.000000      7.000000      9.000000    -20.000000      0.000000     12.000000     -4.000000      9.000000     -1.000000    -16.000000    -14.000000     11.000000      7.000000     -3.000000     10.000000    -14.000000      7.000000     12.000000      3.000000     -5.000000     16.000000      0.000000     -4.000000    -15.000000      7.000000     15.000000     11.000000      2.000000      3.000000     26.000000     -5.000000     -2.000000     11.000000      2.000000      5.000000      1.000000      0.000000      1.000000     14.000000      9.000000     15.000000     20.000000     15.000000
   404.710602     10.000000     -3.000000      1.000000     10.000000      1.000000     -2.000000     -2.000000     -5.000000     11.000000     19.000000     12.000000     -5.000000     -9.000000     10.000000      8.000000     -5.000000     -7.000000     -1.000000     -8.000000      0.000000     -2.000000      3.000000     -2.000000     -2.000000      3.000000    -19.000000     -6.000000     -6.000000      8.000000      0.000000     -9.000000    -15.000000      8.000000      1.000000     -6.000000      2.000000      2.000000      0.000000     -3.000000      2.000000     10.000000     -7.000000     18.000000      9.000000     -2.000000     11.000000     22.000000    -11.000000      9.000000     -3.000000     12.000000     -3.000000
   405.908508      6.000000     11.000000      3.000000      4.000000     19.000000     13.000000      3.000000     -1.000000     -5.000000    -10.000000     11.000000     -1.000000      8.000000      6.000000      0.000000      0.000000      3.000000     -2.000000      0.000000      3.000000      0.000000     10.000000     10.000000      0.000000      5.000000     -2.000000      0.000000      4.000000     18.000000     -2.000000      6.000000      3.000000      2.000000     20.000000      2.000000     -3.000000     19.000000      0.000000      7.000000    -10.000000    -13.000000     10.000000      2.000000      4.000000     -2.000000     26.000000      9.000000     12.000000     12.000000     12.000000     -1.000000     12.000000
   407.106812     -5.000000     14.000000      9.000000      6.000000     15.000000     -1.000000      9.000000      2.000000     -2.000000     -1.000000      3.000000      2.000000     -4.000000     -8.000000     12.000000      4.000000     -5.000000      6.000000     10.000000      9.000000    -11.000000     -9.000000      7.000000     -8.000000      5.000000      1.000000    -18.000000     -4.000000     21.000000     -3.000000      4.000000     11.000000     10.000000     18.000000      1.000000     12.000000     12.000000    -14.000000     -9.000000      8.000000      6.000000      1.000000      9.000000      4.000000      7.000000      7.000000     -4.000000      3.000000      3.000000      3.000000     -2.000000      3.000000
   408.305603    -15.000000      5.000000     18.000000      7.000000      6.000000      7.000000      9.000000      8.000000      1.000000    -14.000000    -11.000000      6.000000     -6.000000    -14.000000      4.000000      3.000000     -3.000000    -30.000000    -11.000000     -4.000000      3.000000      6.000000     -2.000000    -10.000000     -4.000000     -2.000000     -4.000000    -10.000000     15.000000      3.000000     -3.000000      3.000000     -6.000000     17.000000      5.000000     12.000000      6.000000      6.000000     13.000000      2.000000     -6.000000     -1.000000      5.000000     -7.000000    -13.000000     33.000000     12.000000      6.000000     16.000000      7.000000    -14.000000      7.000000
   409.504913      1.000000      0.000000     11.000000     12.000000     -4.000000      8.000000     16.000000     23.000000      5.000000     -5.000000     -2.000000     24.000000      2.000000    -10.000000      1.000000      2.000000    -12.000000     -4.000000      5.000000     -2.000000     -5.000000      2.000000     10.000000    -10.000000      5.000000      2.000000      3.000000      0.000000     23.000000     14.000000      0.000000      9.000000     -6.000000      4.000000     13.000000      3.000000     15.000000      6.000000      0.000000     23.000000     -2.000000     -6.000000      0.000000      5.000000      0.000000     -7.000000      0.000000     -6.000000     11.000000     16.000000     -1.000000     16.000000
   410.704712     -9.000000      1.000000      8.000000      8.000000     27.000000     15.000000      3.000000      6.000000     14.000000      2.000000      4.000000     19.000000      6.000000      2.000000     10.000000      1.000000     -9.000000      1.000000    -17.000000     -1.000000     -3.000000     11.000000     -4.000000      3.000000      9.000000    -16.000000     -3.000000      6.000000      9.000000      3.000000      9.000000    -10.000000     17.000000      1.000000      7.000000      0.000000      5.000000      9.000000      3.000000      4.000000     15.000000     -2.000000      3.000000     -2.000000     -2.000000     22.000000     20.000000     12.000000      5.000000      2.000000     20.000000      2.000000
   411.904907      0.000000     -1.000000     11.000000     17.000000     16.000000     10.000000      3.000000     15.000000      1.000000     18.000000     15.000000      7.000000    -10.000000      4.000000      6.000000     13.000000      4.000000     15.000000     -2.000000      3.000000     -1.000000      8.000000     -6.000000     -5.000000      6.000000      5.000000     -6.000000     -7.000000      9.000000     -6.000000     15.000000     13.000000      2.000000     10.000000     -3.000000     12.000000      1.000000     -2.000000      9.000000     12.000000     13.000000      9.000000      3.000000      1.000000     13.000000     12.000000     14.000000     13.000000     12.000000      9.000000     15.000000      9.000000
   413.105591      1.000000     13.000000     23.000000     13.000000      6.000000      7.000000      6.000000      8.000000      1.000000     -8.000000     -9.000000      5.000000     14.000000     18.000000     -3.000000     -6.000000      5.000000     10.000000    -17.000000     -4.000000    -10.000000     14.000000      8.000000      3.000000     11.000000     -1.000000     -3.000000     15.000000      7.000000     -3.000000     -1.000000      0.000000     -1.000000     -4.000000     11.000000      1.000000      8.000000     17.000000      4.000000      7.000000     10.000000      5.000000    -21.000000      4.000000     21.000000     30.000000     14.000000     25.000000     -3.000000     11.000000      7.000000     11.000000
   414.306793      0.000000     -8.000000     30.000000     12.000000      5.000000     10.000000     10.000000      6.000000      1.000000     28.000000     14.000000     12.000000     -6.000000    -12.000000     18.000000     -5.000000     -4.000000    -18.000000      2.000000     -1.000000      1.000000     -3.000000      9.000000     16.000000      8.000000      0.000000    -11.000000     11.000000      4.000000     -6.000000      2.000000      4.000000      8.000000      1.000000      4.000000     12.000000    -12.000000      0.000000     -9.000000     18.000000     -2.000000      8.000000      1.000000     15.000000     -7.000000      7.000000     14.000000     -8.000000      0.000000     12.000000     14.000000     12.000000
   415.508514     17.000000     17.000000     23.000000     19.000000     25.000000     18.000000     -9.000000     23.000000      2.000000      9.000000     20.000000      7.000000      9.000000    -17.000000     -3.000000     -6.000000     -8.000000      0.000000     19.000000      9.000000     23.000000      6.000000    -15.000000     15.000000      5.000000      0.000000      4.000000     10.000000     13.000000     10.000000      4.000000      4.000000     20.000000     -1.000000      4.000000      1.000000     -2.000000     21.000000     18.000000    -11.000000      6.000000     27.000000     10.000000     20.000000    -18.000000      7.000000     14.000000     16.000000      1.000000     19.000000     24.000000     19.000000
   416.710602      4.000000     18.000000     15.000000      9.000000     13.000000     28.000000      4.000000     -6.000000      3.000000    -16.000000      1.000000      8.000000      4.000000      5.000000    -15.000000      2.000000      6.000000      2.000000     -3.000000     -2.000000     10.000000    -11.000000     -1.000000     15.000000     13.000000      0.000000     11.000000      8.000000      9.000000     21.000000      9.000000      4.000000     14.000000     11.000000      1.000000     23.000000     -3.000000      6.000000     22.000000     23.000000      2.000000      2.000000     16.000000     17.000000     -5.000000     13.000000     12.000000     15.000000      8.000000     14.000000    -16.000000     14.000000
   417.913300      2.000000     37.000000     18.000000     19.000000     21.000000     15.000000     10.000000     16.000000     13.000000      0.000000     17.000000      2.000000     27.000000     -1.000000      1.000000      7.000000    -15.000000      9.000000    -32.000000    -19.000000     16.000000      7.000000      6.000000      5.000000     -7.000000     -9.000000    -15.000000      6.000000     15.000000     -5.000000     18.000000     -1.000000      8.000000     25.000000     28.000000      2.000000     -7.000000     20.000000     11.000000     -2.000000      7.000000     12.000000     11.000000      3.000000     22.000000     22.000000     25.000000     33.000000      6.000000     17.000000     26.000000     17.000000
   419.116394      9.000000     32.000000     11.000000     36.000000     22.000000     52.000000     22.000000     12.000000     16.000000     12.000000     34.000000      5.000000      8.000000      9.000000      7.000000     -7.000000      3.000000     -1.000000     16.000000      4.000000      5.000000      0.000000     11.000000    -24.000000     16.000000     -3.000000     19.000000    -13.000000     13.000000     10.000000     15.000000     12.000000     14.000000      6.000000     -1.000000      6.000000      5.000000      1.000000      5.000000     19.000000      9.000000      7.000000      8.000000      6.000000     21.000000     24.000000     20.000000     25.000000     31.000000     43.000000     35.000000     43.000000
   420.320007      6.000000     27.000000     23.000000     30.000000     30.000000     55.000000      5.000000     -2.000000     17.000000     13.000000      6.000000     21.000000     -9.000000     -2.000000     11.000000     17.000000      7.000000      0.000000     -9.000000      1.000000     12.000000     13.000000      5.000000      0.000000     17.000000      5.000000      9.000000     -6.000000      9.000000     33.000000     10.000000     19.000000      8.000000     26.000000      0.000000     16.000000      2.000000      5.000000      6.000000      8.000000      8.000000     16.000000      5.000000     14.000000     15.000000     27.000000     20.000000     24.000000     20.000000     54.000000     32.000000     54.000000
   421.524109      5.000000     25.000000     10.000000     31.000000     14.000000     47.000000     18.000000     -1.000000     30.000000      2.000000     15.000000      8.000000      2.000000    -12.000000     23.000000     -3.000000     -2.000000      1.000000    -18.000000     -4.000000     -7.000000     -3.000000      4.000000     -6.000000      1.000000      0.000000     16.000000     -6.000000     19.000000     26.000000     -6.000000    -12.000000      8.000000     11.000000      9.000000     17.000000      7.000000     20.000000      6.000000     -1.000000     25.000000     22.000000      4.000000     13.000000     12.000000     37.000000     25.000000     45.000000     32.000000     60.000000     37.000000     60.000000
   422.728607     -4.000000     39.000000     58.000000     24.000000     24.000000     68.000000     16.000000     32.000000     27.000000     27.000000     29.000000     36.000000      8.000000      7.000000     12.000000     11.000000      5.000000      7.000000      1.000000      4.000000     -5.000000     13.000000     -7.000000     -6.000000     -1.000000     -2.000000      3.000000     14.000000     12.000000     -6.000000     13.000000     10.000000      2.000000      7.000000     12.000000      5.000000     26.000000      2.000000      3.000000     -1.000000     16.000000      7.000000      3.000000      7.000000     22.000000     30.000000     45.000000     24.000000     44.000000     47.000000     38.000000     47.000000
   423.933685     14.000000     59.000000     19.000000     38.000000     19.000000     64.000000      9.000000     31.000000      4.000000     11.000000     27.000000     26.000000      5.000000     20.000000     12.000000      5.000000      4.000000     -3.000000      3.000000     16.000000     11.000000      7.000000      8.000000      1.000000     -9.000000      1.000000     13.000000     19.000000     13.000000     24.000000      1.000000     10.000000      4.000000     11.000000      5.000000     -5.000000     -8.000000     10.000000     10.000000      2.000000     26.000000     26.000000     25.000000     14.000000     36.000000     24.000000     45.000000     28.000000     46.000000     69.000000     31.000000     69.000000
   425.139191     13.000000     27.000000     39.000000     67.000000     33.000000    109.000000     19.000000     26.000000     18.000000     -1.000000     46.000000     31.000000     12.000000     19.000000     12.000000     -3.000000      7.000000     -1.000000     18.000000     16.000000     14.000000      1.000000      3.000000     -3.000000     21.000000    -10.000000      4.000000      3.000000     -4.000000      6.000000     24.000000     17.000000     17.000000      4.000000      6.000000     -8.000000     14.000000      5.000000     -6.000000     23.000000     26.000000      8.000000     38.000000     27.000000     36.000000     34.000000     56.000000     45.000000     53.000000     66.000000     92.000000     66.000000
   426.345215      6.000000     68.000000     49.000000     62.000000     43.000000     94.000000     30.000000     28.000000     21.000000      0.000000     34.000000     26.000000     25.000000     21.000000     -6.000000     12.000000     17.000000      5.000000      0.000000     11.000000     23.000000      5.000000      6.000000     11.000000      1.000000    -11.000000      5.000000     18.000000     34.000000      6.000000     33.000000      5.000000      4.000000     16.000000     17.000000      3.000000     16.000000     20.000000     19.000000     17.000000     43.000000     54.000000     57.000000     21.000000     50.000000     85.000000     50.000000     61.000000     80.000000    112.000000     69.000000    112.000000
   427.551697     15.000000     93.000000     62.000000     98.000000     76.000000    151.000000     29.000000     48.000000     28.000000     26.000000     71.000000     46.000000     12.000000     13.000000     11.000000     15.000000      6.000000     -3.000000     -2.000000      4.000000      3.000000      7.000000     20.000000     -2.000000     13.000000      4.000000     10.000000      5.000000     23.000000     25.000000     13.000000     21.000000     14.000000     35.000000     20.000000     21.000000     17.000000     17.000000    -16.000000     30.000000     45.000000     59.000000     44.000000     42.000000     54.000000     76.000000     72.000000     71.000000     65.000000    120.000000     85.000000    120.000000
   428.758606     12.000000    109.000000     65.000000    109.000000     84.000000    234.000000     53.000000     73.000000     53.000000     22.000000     72.000000     65.000000     26.000000     12.000000     13.000000     20.000000     -4.000000      7.000000      6.000000      5.000000     11.000000      7.000000     13.000000     -4.000000      0.000000     -2.000000     -2.000000     10.000000     22.000000     34.000000     45.000000     17.000000      8.000000     26.000000     11.000000     13.000000     35.000000     32.000000     23.000000     33.000000     49.000000     56.000000     61.000000     41.000000     42.000000    109.000000     76.000000     95.000000    135.000000    171.000000    139.000000    171.000000
   429.966095     42.000000    120.000000    111.000000    192.000000    123.000000    265.000000     78.000000     92.000000     58.000000     30.000000    111.000000     67.000000     43.000000     34.000000     43.000000     14.000000     11.000000     13.000000      7.000000     21.000000     10.000000     22.000000      3.000000     16.000000     -8.000000      9.000000     16.000000     27.000000     57.000000     35.000000     56.000000     30.000000      8.000000     45.000000     22.000000      7.000000     24.000000     29.000000      0.000000     68.000000     85.000000     59.000000     54.000000     72.000000     80.000000    112.000000    128.000000    125.000000    132.000000    207.000000    143.000000    207.000000
   431.174011     42.000000    201.000000    158.000000    206.000000    202.000000    357.000000     88.000000    129.000000     44.000000     40.000000    142.000000    128.000000     63.000000     32.000000     42.000000      8.000000     15.000000     21.000000     -6.000000      2.000000     21.000000     27.000000     -5.000000     14.000000      5.000000     -4.000000     32.000000     40.000000     57.000000     52.000000     52.000000     18.000000      8.000000     72.000000     44.000000     10.000000     22.000000     41.000000     16.000000     55.000000    111.000000     82.000000     97.000000     63.000000    103.000000    178.000000    161.000000    161.000000    199.000000    281.000000    217.000000    281.000000
   432.382385     55.000000    251.000000    193.000000    328.000000    265.000000    486.000000    140.000000    160.000000     82.000000     61.000000    183.000000    126.000000     85.000000     49.000000     45.000000     20.000000     25.000000     16.000000    -10.000000     -4.000000     12.000000     15.000000      9.000000      0.000000     -5.000000     -6.000000     22.000000     22.000000     54.000000     66.000000     72.000000     35.000000     34.000000     93.000000     57.000000     27.000000     18.000000     37.000000     15.000000     84.000000    107.000000    141.000000    115.000000    118.000000    121.000000    229.000000    225.000000    259.000000    259.000000    430.000000    306.000000    430.000000
   433.591309     58.000000    361.000000    234.000000    465.000000    371.000000    692.000000    148.000000    198.000000    120.000000     67.000000    237.000000    177.000000    108.000000     65.000000     69.000000     53.000000     19.000000     16.000000      6.000000     14.000000     21.000000     26.000000     26.000000      4.000000      5.000000      0.000000     26.000000     49.000000     79.000000    103.000000    101.000000     41.000000     28.000000    105.000000     47.000000     16.000000     56.000000     53.000000     40.000000     82.000000    148.000000    154.000000    189.000000    151.000000    152.000000    327.000000    281.000000    350.000000    348.000000    486.000000    431.000000    486.000000
   434.800598     83.000000    497.000000    306.000000    617.000000    539.000000    924.000000    181.000000    242.000000    175.000000    100.000000    347.000000    236.000000    157.000000    100.000000     70.000000     39.000000      3.000000     15.000000      3.000000     18.000000     42.000000     30.000000     29.000000     15.000000     12.000000     17.000000     22.000000     62.000000     65.000000    113.000000    139.000000     58.000000     18.000000    135.000000     71.000000     33.000000     66.000000     59.000000     29.000000    136.000000    235.000000    217.000000    244.000000    207.000000    239.000000    392.000000    445.000000    442.000000    410.000000    676.000000    577.000000    676.000000
   436.010498    107.000000    661.000000    411.000000    803.000000    732.000000   1191.000000    284.000000    342.000000    201.000000    127.000000    496.000000    285.000000    169.000000    164.000000    112.000000     37.000000      8.000000     23.000000      7.000000     32.000000     48.000000     32.000000     36.000000     34.000000      9.000000     18.000000     22.000000    136.000000    139.000000    170.000000    150.000000     62.000000     22.000000    132.000000     91.000000     30.000000     61.000000    114.000000     56.000000    164.000000    285.000000    274.000000    360.000000    260.000000    382.000000    579.000000    555.000000    602.000000    595.000000    999.000000    794.000000    999.000000
   437.220795    170.000000    739.000000    546.000000   1203.000000    995.000000   1539.000000    344.000000    459.000000    267.000000    191.000000    567.000000    411.000000    255.000000    189.000000    149.000000     59.000000     29.000000     15.000000      6.000000     50.000000     43.000000     54.000000     42.000000     11.000000      8.000000     10.000000     62.000000    134.000000    189.000000    214.000000    209.000000     56.000000     32.000000    206.000000    106.000000     53.000000     95.000000    109.000000     66.000000    223.000000    417.000000    337.000000    391.000000    346.000000    444.000000    669.000000    632.000000    786.000000    805.000000   1159.000000    977.000000   1159.000000
   438.431610    160.000000    983.000000    664.000000   1395.000000   1246.000000   1894.000000    418.000000    541.000000    326.000000    221.000000    673.000000    438.000000    324.000000    217.000000    149.000000     31.000000     30.000000     16.000000     -1.000000     29.000000     79.000000     56.000000     56.000000     17.000000     10.000000      9.000000     81.000000    149.000000    224.000000    252.000000    295.000000    106.000000     50.000000    241.000000    164.000000     65.000000    122.000000    141.000000     74.000000    236.000000    421.000000    431.000000    512.000000    417.000000    575.000000    883.000000    819.000000    991.000000    903.000000   1400.000000   1185.000000   1400.000000
   439.642914    178.000000   1155.000000    732.000000   1758.000000   1495.000000   2130.000000    461.000000    638.000000    367.000000    243.000000    827.000000    539.000000    377.000000    257.000000    199.000000     74.000000     27.000000     22.000000    -13.000000     46.000000     73.000000     85.000000     49.000000     21.000000     33.000000      7.000000     78.000000    163.000000    255.000000    274.000000    328.000000    108.000000     52.000000    283.000000    146.000000     79.000000    122.000000    164.000000     95.000000    297.000000    459.000000    496.000000    566.000000    513.000000    712.000000    972.000000    952.000000   1075.000000   1101.000000   1658.000000   1396.000000   1658.000000
   440.854614    178.000000   1288.000000    741.000000   2063.000000   1798.000000   2519.000000    624.000000    711.000000    456.000000    274.000000    878.000000    588.000000    434.000000    276.000000    233.000000     74.000000     26.000000     27.000000      7.000000     38.000000     98.000000     87.000000     51.000000     32.000000     19.000000     24.000000    107.000000    164.000000    245.000000    336.000000    393.000000    121.000000     62.000000    321.000000    159.000000     78.000000    136.000000    184.000000     84.000000    295.000000    525.000000    524.000000    719.000000    564.000000    842.000000   1168.000000   1062.000000   1211.000000   1109.000000   1903.000000   1599.000000   1903.000000
   442.066895    230.000000   1373.000000    847.000000   2272.000000   1948.000000   2673.000000    631.000000    750.000000    501.000000    311.000000    952.000000    671.000000    442.000000    324.000000    218.000000    101.000000     23.000000     33.000000     21.000000     54.000000    100.000000     87.000000     83.000000     43.000000     39.000000     35.000000    108.000000    221.000000    293.000000    372.000000    397.000000    148.000000     52.000000    364.000000    150.000000     79.000000    127.000000    203.000000     83.000000    326.000000    557.000000    591.000000    782.000000    597.000000    923.000000   1201.000000   1086.000000   1403.000000   1258.000000   2100.000000   1636.000000   2100.000000
   443.279602    259.000000   1450.000000    851.000000   2454.000000   2246.000000   3013.000000    641.000000    823.000000    502.000000    367.000000   1034.000000    654.000000    524.000000    328.000000    258.000000    106.000000     35.000000     13.000000     10.000000     56.000000    115.000000     77.000000     43.000000     34.000000      4.000000     31.000000    102.000000    233.000000    300.000000    379.000000    414.000000    128.000000     24.000000    346.000000    193.000000     89.000000    141.000000    167.000000    131.000000    363.000000    602.000000    632.000000    838.000000    608.000000   1032.000000   1214.000000   1244.000000   1421.000000   1344.000000   2106.000000   1797.000000   2106.000000
   444.492798    272.000000   1578.000000    951.000000   2624.000000   2355.000000   3111.000000    651.000000    938.000000    571.000000    378.000000   1075.000000    695.000000    567.000000    324.000000    259.000000     93.000000     40.000000     11.000000     15.000000     80.000000    126.000000     97.000000     78.000000     40.000000     39.000000     39.000000     80.000000    227.000000    348.000000    411.000000    462.000000    124.000000     38.000000    381.000000    204.000000     87.000000    151.000000    190.000000    130.000000    350.000000    669.000000    609.000000    825.000000    640.000000   1073.000000   1282.000000   1255.000000   1535.000000   1373.000000   2273.000000   1824.000000   2273.000000
   445.706512    303.000000   1550.000000    895.000000   2936.000000   2598.000000   3298.000000    691.000000   1052.000000    571.000000    374.000000   1146.000000    702.000000    631.000000    414.000000    252.000000     91.000000     54.000000     28.000000      0.000000     61.000000    112.000000    104.000000     59.000000     31.000000      5.000000     58.000000    109.000000    244.000000    365.000000    466.000000    442.000000    166.000000     61.000000    367.000000    233.000000     79.000000    189.000000    158.000000     89.000000    342.000000    703.000000    664.000000    847.000000    737.000000   1177.000000   1381.000000   1345.000000   1525.000000   1447.000000   2384.000000   1900.000000   2384.000000
   446.920685    288.000000   1638.000000    949.000000   3094.000000   2729.000000   3334.000000    790.000000   1031.000000    569.000000    514.000000   1170.000000    723.000000    652.000000    392.000000    276.000000    141.000000     27.000000     31.000000     14.000000     75.000000    100.000000     87.000000     85.000000     39.000000     29.000000     41.000000    146.000000    258.000000    383.000000    457.000000    524.000000    151.000000     49.000000    377.000000    229.000000     84.000000    175.000000    184.000000    121.000000    379.000000    671.000000    667.000000    923.000000    759.000000   1248.000000   1486.000000   1423.000000   1617.000000   1480.000000   2518.000000   1990.000000   2518.000000
   448.135315    340.000000   1709.000000    993.000000   3273.000000   2940.000000   3486.000000    831.000000   1092.000000    604.000000    481.000000   1242.000000    773.000000    708.000000    389.000000    300.000000    135.000000     44.000000     25.000000     12.000000     64.000000    151.000000    109.000000     58.000000     31.000000     13.000000     39.000000    128.000000    262.000000    405.000000    503.000000    498.000000    138.000000     47.000000    403.000000    201.000000     70.000000    186.000000    223.000000    110.000000    347.000000    739.000000    732.000000    968.000000    800.000000   1313.000000   1473.000000   1496.000000   1635.000000   1601.000000   2595.000000   2160.000000   2595.000000
   449.350403    327.000000   1818.000000   1076.000000   3406.000000   3038.000000   3686.000000    786.000000   1180.000000    610.000000    476.000000   1316.000000    809.000000    704.000000    392.000000    303.000000    150.000000     49.000000     31.000000     15.000000     74.000000    153.000000    106.000000     87.000000     27.000000     23.000000     58.000000    136.000000    275.000000    451.000000    507.000000    553.000000    172.000000     46.000000    437.000000    229.000000     82.000000    229.000000    219.000000    116.000000    378.000000    764.000000    769.000000    965.000000    833.000000   1449.000000   1603.000000   1483.000000   1806.000000   1644.000000   2688.000000   2290.000000   2688.000000
   450.566010    347.000000   1808.000000   1089.000000   3612.000000   3340.000000   3731.000000    847.000000   1254.000000    616.000000    531.000000   1339.000000    824.000000    763.000000    452.000000    274.000000    125.000000     27.000000     18.000000      9.000000     70.000000    130.000000    118.000000     76.000000     47.000000     21.000000     23.000000    128.000000    337.000000    473.000000    528.000000    556.000000    148.000000     71.000000    386.000000    222.000000    123.000000    208.000000    181.000000    107.000000    407.000000    763.000000    791.000000   1016.000000    838.000000   1428.000000   1583.000000   1602.000000   1763.000000   1673.000000   2875.000000   2331.000000   2875.000000
   451.782104    371.000000   1813.000000   1109.000000   3844.000000   3524.000000   3904.000000    913.000000   1312.000000    621.000000    572.000000   1408.000000    878.000000    780.000000    456.000000    300.000000    108.000000     61.000000     12.000000     14.000000     72.000000    120.000000    130.000000     79.000000     52.000000     26.000000     35.000000    147.000000    336.000000    480.000000    539.000000    601.000000    179.000000     77.000000    433.000000    257.000000    143.000000    208.000000    240.000000    134.000000    436.000000    721.000000    735.000000   1069.000000    824.000000   1540.000000   1699.000000   1555.000000   1953.000000   1707.000000   2944.000000   2335.000000   2944.000000
   452.998596    373.000000   1958.000000   1130.000000   4067.000000   3683.000000   4018.000000    907.000000   1317.000000    673.000000    595.000000   1449.000000    860.000000    852.000000    465.000000    300.000000    117.000000     42.000000     22.000000     25.000000     93.000000    148.000000    114.000000     96.000000     28.000000     35.000000     32.000000    148.000000    311.000000    462.000000    576.000000    597.000000    176.000000     62.000000    435.000000    277.000000     76.000000    192.000000    221.000000    127.000000    401.000000    795.000000    753.000000   1129.000000    931.000000   1620.000000   1680.000000   1628.000000   1928.000000   1685.000000   3107.000000   2470.000000   3107.000000
   454.215698    389.000000   2047.000000   1106.000000   4261.000000   3959.000000   4048.000000   1062.000000   1569.000000    676.000000    575.000000   1465.000000    886.000000    923.000000    482.000000    351.000000    137.000000     39.000000     35.000000     17.000000    106.000000    147.000000    116.000000     94.000000     50.000000     40.000000     44.000000    153.000000    383.000000    546.000000    593.000000    606.000000    213.000000     70.000000    492.000000    281.000000    115.000000    225.000000    221.000000    176.000000    436.000000    853.000000    790.000000   1100.000000    983.000000   1649.000000   1870.000000   1711.000000   1936.000000   1814.000000   3175.000000   2535.000000   3175.000000
   455.433197    424.000000   2010.000000   1143.000000   4475.000000   4167.000000   4403.000000   1038.000000   1584.000000    713.000000    712.000000   1578.000000    949.000000    924.000000    554.000000    358.000000    133.000000     36.000000     19.000000      5.000000    100.000000    159.000000    117.000000     81.000000     60.000000     25.000000     40.000000    150.000000    366.000000    530.000000    590.000000    652.000000    201.000000     68.000000    479.000000    274.000000    118.000000    215.000000    259.000000    139.000000    401.000000    816.000000    843.000000   1144.000000   1036.000000   1857.000000   2009.000000   1633.000000   2032.000000   1876.000000   3466.000000   2776.000000   3466.000000
   456.651215    425.000000   2156.000000   1173.000000   4701.000000   4494.000000   4526.000000   1145.000000   1763.000000    817.000000    658.000000   1478.000000    989.000000    885.000000    540.000000    370.000000    175.000000     46.000000     30.000000     18.000000     98.000000    136.000000    141.000000     94.000000     52.000000     36.000000     51.000000    145.000000    401.000000    519.000000    583.000000    634.000000    219.000000     69.000000    506.000000    303.000000    109.000000    226.000000    249.000000    122.000000    417.000000    849.000000    853.000000   1188.000000   1048.000000   1939.000000   1989.000000   1836.000000   2186.000000   1904.000000   3369.000000   2788.000000   3369.000000
   457.869690    421.000000   2246.000000   1273.000000   4892.000000   4609.000000   4654.000000   1178.000000   1868.000000    754.000000    675.000000   1604.000000    993.000000    964.000000    573.000000    390.000000    178.000000     85.000000     39.000000     28.000000     87.000000    178.000000    159.000000    118.000000     57.000000     47.000000     23.000000    202.000000    383.000000    550.000000    593.000000    734.000000    210.000000     69.000000    487.000000    303.000000    109.000000    235.000000    249.000000    134.000000    447.000000    926.000000    893.000000   1200.000000   1065.000000   1967.000000   1981.000000   1850.000000   2168.000000   1969.000000   3574.000000   2787.000000   3574.000000
   459.088593    462.000000   2249.000000   1265.000000   5045.000000   4807.000000   4581.000000   1191.000000   1852.000000    846.000000    786.000000   1643.000000   1013.000000    977.000000    579.000000    380.000000    162.000000     61.000000     36.000000     23.000000    109.000000    186.000000    183.000000     99.000000     46.000000     18.000000     57.000000    213.000000    408.000000    543.000000    629.000000    711.000000    230.000000     63.000000    511.000000    325.000000    127.000000    245.000000    269.000000    143.000000    404.000000    900.000000    938.000000   1238.000000   1033.000000   2046.000000   2057.000000   1835.000000   2232.000000   2023.000000   3550.000000   3003.000000   3550.000000
   460.308105    458.000000   2300.000000   1339.000000   5384.000000   4942.000000   4782.000000   1181.000000   2041.000000    873.000000    796.000000   1655.000000   1079.000000   1071.000000    594.000000    379.000000    187.000000     43.000000     24.000000     27.000000    102.000000    195.000000    149.000000    107.000000     73.000000     34.000000     30.000000    157.000000    467.000000    605.000000    690.000000    652.000000    230.000000     81.000000    532.000000    286.000000    131.000000    268.000000    288.000000    147.000000    472.000000    916.000000    917.000000   1314.000000   1064.000000   2207.000000   2140.000000   1935.000000   2177.000000   2152.000000   3668.000000   3001.000000   3668.000000
   461.528015    439.000000   2416.000000   1323.000000   5534.000000   5118.000000   4941.000000   1246.000000   2127.000000    891.000000    835.000000   1675.000000   1029.000000   1072.000000    617.000000    410.000000    163.000000     63.000000     46.000000     33.000000    119.000000    174.000000    168.000000    107.000000     61.000000     25.000000     40.000000    168.000000    456.000000    617.000000    680.000000    739.000000    179.000000     74.000000    565.000000    317.000000    124.000000    270.000000    251.000000    163.000000    455.000000    937.000000    938.000000   1320.000000   1117.000000   2212.000000   2189.000000   1994.000000   2313.000000   2157.000000   3838.000000   3101.000000   3838.000000
   462.748413    490.000000   2358.000000   1341.000000   5603.000000   5342.000000   4947.000000   1374.000000   2230.000000    910.000000    938.000000   1775.000000    986.000000   1095.000000    663.000000    427.000000    190.000000     53.000000     49.000000     16.000000     94.000000    162.000000    133.000000    107.000000     45.000000     23.000000     56.000000    207.000000    395.000000    594.000000    710.000000    748.000000    220.000000     75.000000    565.000000    317.000000    110.000000    270.000000    284.000000    169.000000    471.000000    983.000000    980.000000   1355.000000   1069.000000   2342.000000   2253.000000   2104.000000   2317.000000   2283.000000   3955.000000   3100.000000   3955.000000
   463.969299    494.000000   2523.000000   1340.000000   5772.000000   5502.000000   5121.000000   1502.000000   2431.000000    967.000000    949.000000   1799.000000   1150.000000   1209.000000    644.000000    414.000000    216.000000     48.000000     30.000000     20.000000    145.000000    205.000000    139.000000     88.000000     67.000000     23.000000     65.000000    222.000000    476.000000    658.000000    742.000000    790.000000    254.000000     68.000000    544.000000    330.000000    144.000000    316.000000    265.000000    183.000000    516.000000    995.000000    942.000000   1426.000000   1108.000000   2444.000000   2394.000000   2018.000000   2279.000000   2335.000000   4046.000000   3282.000000   4046.000000
   465.190613    567.000000   2578.000000   1397.000000   6213.000000   5762.000000   5290.000000   1505.000000   2383.000000    954.000000    941.000000   1783.000000   1146.000000   1161.000000    679.000000    416.000000    219.000000     50.000000     46.000000     36.000000    103.000000    174.000000    169.000000    122.000000     72.000000     33.000000     29.000000    191.000000    498.000000    690.000000    710.000000    847.000000    272.000000     65.000000    579.000000    337.000000    145.000000    280.000000    273.000000    174.000000    460.000000    977.000000   1004.000000   1398.000000   1153.000000   2537.000000   2462.000000   2113.000000   2444.000000   2234.000000   4004.000000   3339.000000   4004.000000
   466.412506    502.000000   2673.000000   1410.000000   6280.000000   5891.000000   5532.000000   1553.000000   2693.000000    938.000000    956.000000   1847.000000   1202.000000   1255.000000    696.000000    468.000000    212.000000     62.000000     12.000000     25.000000    141.000000    196.000000    159.000000    132.000000     68.000000     30.000000     36.000000    216.000000    527.000000    739.000000    761.000000    832.000000    249.000000     74.000000    572.000000    339.000000    140.000000    344.000000    285.000000    163.000000    510.000000   1044.000000   1003.000000   1474.000000   1209.000000   2614.000000   2525.000000   2181.000000   2489.000000   2307.000000   4363.000000   3481.000000   4363.000000
   467.634796    555.000000   2831.000000   1470.000000   6563.000000   6162.000000   5445.000000   1712.000000   2769.000000    986.000000   1024.000000   1929.000000   1175.000000   1311.000000    755.000000    474.000000    192.000000     78.000000     43.000000     31.000000    124.000000    207.000000    160.000000    124.000000     66.000000     33.000000     73.000000    230.000000    507.000000    721.000000    791.000000    836.000000    289.000000     84.000000    553.000000    350.000000    151.000000    290.000000    284.000000    167.000000    491.000000   1016.000000   1093.000000   1483.000000   1138.000000   2704.000000   2638.000000   2310.000000   2537.000000   2405.000000   4301.000000   3517.000000   4301.000000
   468.857605    531.000000   2846.000000   1457.000000   6780.000000   6442.000000   5629.000000   1721.000000   2863.000000   1106.000000   1081.000000   2030.000000   1291.000000   1290.000000    754.000000    484.000000    201.000000     71.000000     49.000000     30.000000    163.000000    208.000000    154.000000    138.000000     44.000000     32.000000     64.000000    239.000000    529.000000    719.000000    819.000000    816.000000    279.000000     91.000000    589.000000    389.000000    168.000000    339.000000    333.000000    163.000000    528.000000   1101.000000    979.000000   1504.000000   1244.000000   2927.000000   2658.000000   2333.000000   2549.000000   2516.000000   4548.000000   3675.000000   4548.000000
   470.080902    595.000000   2893.000000   1452.000000   7313.000000   6599.000000   5759.000000   1853.000000   3068.000000   1105.000000   1130.000000   2056.000000   1318.000000   1419.000000    832.000000    454.000000    217.000000     73.000000     44.000000     31.000000    160.000000    256.000000    164.000000    129.000000     75.000000     31.000000     73.000000    275.000000    581.000000    770.000000    808.000000    856.000000    290.000000     88.000000    593.000000    359.000000    146.000000    322.000000    354.000000    197.000000    540.000000   1117.000000   1034.000000   1526.000000   1303.000000   2909.000000   2872.000000   2357.000000   2673.000000   2565.000000   4619.000000   3745.000000   4619.000000
   471.304596    554.000000   2960.000000   1512.000000   7314.000000   6819.000000   5866.000000   1887.000000   3114.000000   1208.000000   1106.000000   2034.000000   1290.000000   1389.000000    764.000000    487.000000    204.000000     45.000000     43.000000     23.000000    124.000000    211.000000    191.000000    138.000000     70.000000     29.000000     61.000000    275.000000    556.000000    737.000000    889.000000    921.000000    286.000000     79.000000    570.000000    388.000000    160.000000    329.000000    337.000000    177.000000    496.000000   1120.000000   1084.000000   1551.000000   1200.000000   2997.000000   2853.000000   2377.000000   2594.000000   2563.000000   4800.000000   3812.000000   4800.000000
   472.528900    522.000000   3116.000000   1572.000000   7465.000000   6995.000000   5930.000000   2013.000000   3279.000000   1218.000000   1221.000000   2032.000000   1292.000000   1475.000000    835.000000    540.000000    224.000000     64.000000     30.000000     18.000000    145.000000    213.000000    208.000000    136.000000     64.000000     27.000000     60.000000    242.000000    583.000000    744.000000    760.000000    872.000000    308.000000     80.000000    623.000000    359.000000    155.000000    321.000000    319.000000    183.000000    526.000000   1118.000000   1131.000000   1490.000000   1198.000000   3075.000000   2859.000000   2383.000000   2742.000000   2654.000000   4723.000000   3774.000000   4723.000000
   473.753601    631.000000   3076.000000   1605.000000   7807.000000   7279.000000   5945.000000   1964.000000   3420.000000   1224.000000   1212.000000   2016.000000   1400.000000   1370.000000    785.000000    532.000000    208.000000     90.000000     61.000000     27.000000    155.000000    251.000000    164.000000    162.000000     77.000000     31.000000     55.000000    261.000000    606.000000    792.000000    898.000000    950.000000    288.000000    114.000000    637.000000    355.000000    174.000000    320.000000    361.000000    195.000000    505.000000   1102.000000   1139.000000   1439.000000   1198.000000   3213.000000   2927.000000   2470.000000   2694.000000   2630.000000   4696.000000   3865.000000   4696.000000
   474.978790    566.000000   3063.000000   1608.000000   7946.000000   7171.000000   6236.000000   2059.000000   3575.000000   1243.000000   1288.000000   2097.000000   1400.000000   1459.000000    833.000000    550.000000    230.000000     91.000000     57.000000     10.000000    143.000000    235.000000    199.000000    187.000000     78.000000     58.000000     73.000000    285.000000    591.000000    806.000000    871.000000    883.000000    318.000000    109.000000    619.000000    402.000000    159.000000    376.000000    343.000000    163.000000    552.000000   1114.000000   1134.000000   1482.000000   1255.000000   3355.000000   2948.000000   2384.000000   2765.000000   2786.000000   4916.000000   3932.000000   4916.000000
   476.204498    601.000000   3182.000000   1545.000000   8040.000000   7377.000000   6234.000000   2191.000000   3686.000000   1261.000000   1294.000000   2112.000000   1354.000000   1495.000000    806.000000    536.000000    252.000000     78.000000     43.000000     26.000000    150.000000    232.000000    216.000000    157.000000     79.000000     50.000000     62.000000    288.000000    615.000000    833.000000    883.000000    957.000000    289.000000    106.000000    645.000000    433.000000    184.000000    345.000000    371.000000    172.000000    555.000000   1165.000000   1193.000000   1529.000000   1223.000000   3218.000000   2988.000000   2580.000000   2852.000000   2787.000000   5020.000000   3912.000000   5020.000000
   477.430695    633.000000   3281.000000   1600.000000   8327.000000   7820.000000   6318.000000   2314.000000   3910.000000   1342.000000   1307.000000   2227.000000   1401.000000   1515.000000    885.000000    556.000000    213.000000     85.000000     40.000000     56.000000    179.000000    247.000000    189.000000    141.000000     70.000000     20.000000     46.000000    303.000000    575.000000    857.000000    935.000000    948.000000    314.000000     94.000000    608.000000    402.000000    219.000000    344.000000    360.000000    216.000000    563.000000   1149.000000   1146.000000   1583.000000   1281.000000   3569.000000   3144.000000   2621.000000   2885.000000   2692.000000   5049.000000   4094.000000   5049.000000
   478.657288    662.000000   3271.000000   1650.000000   8336.000000   7905.000000   6447.000000   2335.000000   3911.000000   1360.000000   1404.000000   2210.000000   1457.000000   1531.000000    875.000000    545.000000    240.000000     52.000000     43.000000     30.000000    126.000000    261.000000    185.000000    153.000000     69.000000     27.000000     61.000000    347.000000    591.000000    851.000000    925.000000    974.000000    302.000000     89.000000    662.000000    415.000000    191.000000    362.000000    344.000000    211.000000    608.000000   1179.000000   1189.000000   1576.000000   1320.000000   3509.000000   3140.000000   2588.000000   2928.000000   2793.000000   5149.000000   4242.000000   5149.000000
   479.884399    643.000000   3329.000000   1588.000000   8422.000000   7849.000000   6562.000000   2384.000000   4147.000000   1332.000000   1347.000000   2230.000000   1435.000000   1584.000000    964.000000    587.000000    235.000000     95.000000     41.000000     15.000000    153.000000    242.000000    224.000000    161.000000     77.000000     16.000000     75.000000    302.000000    723.000000    892.000000    872.000000    989.000000    351.000000    107.000000    630.000000    396.000000    214.000000    359.000000    336.000000    195.000000    592.000000   1198.000000   1119.000000   1547.000000   1274.000000   3542.000000   3067.000000   2662.000000   2966.000000   2967.000000   5413.000000   4250.000000   5413.000000
   481.112000    710.000000   3418.000000   1725.000000   8510.000000   8042.000000   6560.000000   2381.000000   4152.000000   1386.000000   1334.000000   2239.000000   1435.000000   1620.000000    947.000000    597.000000    239.000000     75.000000     46.000000     52.000000    157.000000    256.000000    229.000000    175.000000     76.000000     41.000000     68.000000    289.000000    594.000000    893.000000    940.000000    984.000000    327.000000    104.000000    680.000000    406.000000    180.000000    356.000000    360.000000    197.000000    563.000000   1176.000000   1075.000000   1640.000000   1424.000000   3656.000000   3304.000000   2553.000000   2840.000000   2890.000000   5412.000000   4193.000000   5412.000000
   482.340088    676.000000   3512.000000   1695.000000   8661.000000   8259.000000   6581.000000   2534.000000   4304.000000   1349.000000   1352.000000   2455.000000   1522.000000   1669.000000    927.000000    628.000000    270.000000    108.000000     51.000000     26.000000    146.000000    284.000000    238.000000    168.000000     77.000000     45.000000     85.000000    325.000000    656.000000    866.000000    901.000000    979.000000    338.000000     97.000000    626.000000    452.000000    179.000000    363.000000    361.000000    208.000000    599.000000   1216.000000   1182.000000   1610.000000   1310.000000   3671.000000   3300.000000   2603.000000   2988.000000   2915.000000   5547.000000   4457.000000   5547.000000
   483.568695    705.000000   3415.000000   1721.000000   9048.000000   8557.000000   6710.000000   2627.000000   4428.000000   1464.000000   1402.000000   2321.000000   1457.000000   1651.000000    950.000000    598.000000    287.000000     76.000000     20.000000     30.000000    166.000000    253.000000    233.000000    150.000000     82.000000     50.000000    100.000000    302.000000    705.000000    939.000000    973.000000    974.000000    360.000000     75.000000    692.000000    462.000000    200.000000    314.000000    374.000000    199.000000    560.000000   1244.000000   1152.000000   1714.000000   1356.000000   3775.000000   3300.000000   2685.000000   2954.000000   2900.000000   5514.000000   4227.000000   5514.000000
   484.797699    725.000000   3371.000000   1739.000000   9191.000000   8593.000000   6857.000000   2808.000000   4564.000000   1463.000000   1379.000000   2395.000000   1557.000000   1674.000000    929.000000    599.000000    285.000000     94.000000     31.000000      9.000000    179.000000    301.000000    232.000000    168.000000     96.000000     57.000000    109.000000    298.000000    705.000000    916.000000    944.000000    896.000000    334.000000    106.000000    647.000000    446.000000    234.000000    381.000000    402.000000    223.000000    595.000000   1332.000000   1121.000000   1672.000000   1372.000000   3829.000000   3461.000000   2692.000000   3080.000000   2849.000000   5427.000000   4457.000000   5427.000000
   486.027191    733.000000   3539.000000   1688.000000   9279.000000   8786.000000   6927.000000   2799.000000   4631.000000   1508.000000   1438.000000   2440.000000   1578.000000   1650.000000    973.000000    664.000000    290.000000     76.000000     46.000000     22.000000    185.000000    277.000000    236.000000    124.000000     89.000000     45.000000     96.000000    356.000000    725.000000    959.000000    929.000000    983.000000    349.000000     94.000000    654.000000    431.000000    223.000000    371.000000    382.000000    219.000000    620.000000   1281.000000   1228.000000   1676.000000   1336.000000   3933.000000   3365.000000   2763.000000   2977.000000   2994.000000   5513.000000   4461.000000   5513.000000
   487.257202    749.000000   3634.000000   1765.000000   9406.000000   8880.000000   7170.000000   2947.000000   4826.000000   1654.000000   1484.000000   2484.000000   1646.000000   1698.000000   1062.000000    645.000000    257.000000     88.000000     67.000000     32.000000    179.000000    284.000000    226.000000    209.000000     98.000000     49.000000     63.000000    345.000000    716.000000    974.000000   1008.000000   1047.000000    353.000000    111.000000    600.000000    489.000000    191.000000    343.000000    345.000000    210.000000    602.000000   1322.000000   1167.000000   1680.000000   1465.000000   4088.000000   3405.000000   2743.000000   3084.000000   2965.000000   5657.000000   4526.000000   5657.000000
   488.487701    784.000000   3585.000000   1817.000000   9630.000000   8903.000000   7178.000000   2936.000000   5137.000000   1605.000000   1526.000000   2413.000000   1584.000000   1732.000000   1080.000000    604.000000    286.000000    103.000000     61.000000     29.000000    183.000000    319.000000    240.000000    221.000000    108.000000     32.000000     81.000000    321.000000    727.000000    961.000000    951.000000    977.000000    436.000000    124.000000    676.000000    441.000000    241.000000    383.000000    441.000000    216.000000    624.000000   1351.000000   1198.000000   1775.000000   1536.000000   4028.000000   3556.000000   2966.000000   3050.000000   3062.000000   5669.000000   4709.000000   5669.000000
   489.718597    847.000000   3807.000000   1834.000000   9787.000000   9138.000000   7217.000000   3092.000000   5242.000000   1671.000000   1568.000000   2607.000000   1697.000000   1722.000000   1047.000000    623.000000    273.000000    108.000000     75.000000     32.000000    201.000000    324.000000    252.000000    215.000000    102.000000     50.000000     72.000000    355.000000    769.000000    999.000000   1025.000000   1045.000000    379.000000    136.000000    663.000000    429.000000    212.000000    375.000000    410.000000    252.000000    612.000000   1310.000000   1229.000000   1896.000000   1466.000000   4225.000000   3605.000000   2980.000000   3251.000000   2971.000000   5870.000000   4719.000000   5870.000000
   490.950104    819.000000   3847.000000   1920.000000  10129.000000   9338.000000   7548.000000   3157.000000   5409.000000   1669.000000   1553.000000   2594.000000   1698.000000   1813.000000   1067.000000    569.000000    279.000000    103.000000     56.000000     16.000000    175.000000    329.000000    213.000000    218.000000     97.000000     51.000000     84.000000    350.000000    795.000000   1034.000000   1082.000000   1066.000000    371.000000    114.000000    688.000000    466.000000    216.000000    433.000000    453.000000    282.000000    625.000000   1412.000000   1220.000000   1804.000000   1463.000000   4363.000000   3715.000000   2931.000000   3307.000000   3159.000000   5778.000000   5042.000000   5778.000000
   492.182007    772.000000   3912.000000   1944.000000  10247.000000   9359.000000   7521.000000   3147.000000   5392.000000   1777.000000   1661.000000   2695.000000   1697.000000   1863.000000   1120.000000    642.000000    277.000000     88.000000     60.000000     30.000000    189.000000    302.000000    238.000000    199.000000    113.000000     38.000000     85.000000    412.000000    798.000000   1056.000000   1022.000000   1093.000000    394.000000    103.000000    713.000000    492.000000    241.000000    467.000000    377.000000    254.000000    629.000000   1360.000000   1261.000000   1854.000000   1518.000000   4481.000000   3808.000000   3060.000000   3230.000000   3099.000000   5842.000000   4709.000000   5842.000000
   493.414398    840.000000   3791.000000   1912.000000  10270.000000   9473.000000   7616.000000   3338.000000   5564.000000   1812.000000   1597.000000   2599.000000   1696.000000   1844.000000   1085.000000    654.000000    318.000000     92.000000     69.000000     41.000000    226.000000    316.000000    234.000000    196.000000    117.000000     50.000000     87.000000    378.000000    822.000000   1056.000000   1013.000000   1114.000000    405.000000    104.000000    633.000000    489.000000    208.000000    410.000000    403.000000    247.000000    635.000000   1369.000000   1258.000000   1761.000000   1538.000000   4409.000000   3641.000000   3118.000000   3343.000000   3124.000000   5835.000000   4815.000000   5835.000000
   494.647308    877.000000   3825.000000   1850.000000  10258.000000   9186.000000   7726.000000   3357.000000   5780.000000   1888.000000   1593.000000   2627.000000   1672.000000   1797.000000   1092.000000    651.000000    242.000000     96.000000     77.000000     35.000000    212.000000    315.000000    259.000000    205.000000    114.000000     19.000000    101.000000    384.000000    808.000000    988.000000   1020.000000   1079.000000    377.000000    105.000000    708.000000    494.000000    220.000000    423.000000    393.000000    245.000000    634.000000   1361.000000   1228.000000   1817.000000   1488.000000   4525.000000   3778.000000   3039.000000   3233.000000   3254.000000   5848.000000   4758.000000   5848.000000
   495.880615    793.000000   3805.000000   1894.000000  10453.000000   9488.000000   7661.000000   3254.000000   5763.000000   1807.000000   1588.000000   2638.000000   1678.000000   1864.000000   1059.000000    635.000000    309.000000    100.000000     56.000000     32.000000    180.000000    319.000000    274.000000    198.000000     98.000000     40.000000     65.000000    400.000000    820.000000   1015.000000    980.000000   1107.000000    377.000000    126.000000    723.000000    444.000000    201.000000    430.000000    415.000000    223.000000    629.000000   1376.000000   1269.000000   1748.000000   1412.000000   4359.000000   3784.000000   3075.000000   3274.000000   3092.000000   5894.000000   4708.000000   5894.000000
   497.114502    862.000000   3907.000000   1892.000000  10596.000000   9470.000000   7723.000000   3465.000000   5833.000000   1784.000000   1587.000000   2801.000000   1756.000000   1782.000000   1092.000000    635.000000    322.000000    108.000000     38.000000     22.000000    203.000000    340.000000    285.000000    201.000000     97.000000     28.000000    100.000000    412.000000    836.000000   1009.000000   1016.000000   1060.000000    426.000000    126.000000    667.000000    472.000000    218.000000    412.000000    382.000000    242.000000    632.000000   1358.000000   1291.000000   1784.000000   1483.000000   4316.000000   3933.000000   3058.000000   3279.000000   3254.000000   5895.000000   4818.000000   5895.000000
   498.348785    877.000000   3856.000000   1847.000000  10585.000000   9403.000000   7682.000000   3406.000000   5799.000000   1884.000000   1601.000000   2650.000000   1721.000000   1750.000000   1097.000000    633.000000    279.000000    101.000000     68.000000     22.000000    179.000000    343.000000    262.000000    238.000000    116.000000     28.000000     76.000000    393.000000    791.000000   1021.000000    988.000000   1092.000000    422.000000    131.000000    669.000000    445.000000    207.000000    391.000000    439.000000    252.000000    601.000000   1316.000000   1192.000000   1745.000000   1451.000000   4372.000000   3836.000000   3043.000000   3385.000000   3148.000000   5968.000000   4811.000000   5968.000000
   499.583588    831.000000   3997.000000   1923.000000  10891.000000   9563.000000   7761.000000   3569.000000   5977.000000   1725.000000   1532.000000   2640.000000   1783.000000   1780.000000   1183.000000    691.000000    278.000000     92.000000     70.000000     42.000000    189.000000    308.000000    298.000000    211.000000    113.000000     55.000000     96.000000    437.000000    795.000000   1051.000000    964.000000   1131.000000    414.000000     97.000000    672.000000    485.000000    231.000000    472.000000    421.000000    232.000000    619.000000   1325.000000   1294.000000   1869.000000   1437.000000   4502.000000   3890.000000   3119.000000   3292.000000   3091.000000   5924.000000   4910.000000   5924.000000
   500.818909    830.000000   3944.000000   1867.000000  10649.000000   9412.000000   7818.000000   3487.000000   5887.000000   1835.000000   1626.000000   2718.000000   1747.000000   1912.000000   1175.000000    715.000000    316.000000    109.000000     65.000000     39.000000    227.000000    351.000000    261.000000    223.000000    120.000000     28.000000     91.000000    433.000000    796.000000   1077.000000   1082.000000   1137.000000    431.000000    110.000000    680.000000    475.000000    230.000000    437.000000    390.000000    257.000000    644.000000   1343.000000   1220.000000   1756.000000   1475.000000   4554.000000   3844.000000   3084.000000   3201.000000   3205.000000   5813.000000   4747.000000   5813.000000
   502.054596    847.000000   4095.000000   1988.000000  11012.000000   9537.000000   7760.000000   3589.000000   6103.000000   1913.000000   1745.000000   2869.000000   1735.000000   1888.000000   1110.000000    657.000000    317.000000    107.000000     68.000000     37.000000    206.000000    387.000000    297.000000    244.000000    131.000000     43.000000     78.000000    386.000000    839.000000   1054.000000   1051.000000   1124.000000    417.000000    135.000000    678.000000    447.000000    230.000000    436.000000    424.000000    247.000000    628.000000   1337.000000   1269.000000   1769.000000   1400.000000   4516.000000   3799.000000   3227.000000   3176.000000   3127.000000   5816.000000   4799.000000   5816.000000
   503.290894    795.000000   4076.000000   1946.000000  11070.000000   9570.000000   7906.000000   3587.000000   6175.000000   1871.000000   1621.000000   2760.000000   1694.000000   1831.000000   1137.000000    681.000000    319.000000    108.000000     72.000000     29.000000    176.000000    360.000000    279.000000    230.000000     98.000000     63.000000     95.000000    406.000000    836.000000   1110.000000   1037.000000   1083.000000    387.000000    128.000000    705.000000    484.000000    233.000000    407.000000    475.000000    260.000000    616.000000   1446.000000   1216.000000   1829.000000   1512.000000   4685.000000   4118.000000   3126.000000   3308.000000   3141.000000   5926.000000   4847.000000   5926.000000
   504.527588    839.000000   4232.000000   2050.000000  11163.000000   9750.000000   7874.000000   3636.000000   6219.000000   1975.000000   1737.000000   2763.000000   1805.000000   1877.000000   1162.000000    684.000000    339.000000    115.000000     50.000000     27.000000    211.000000    382.000000    317.000000    240.000000    104.000000     33.000000     98.000000    383.000000    833.000000   1106.000000   1076.000000   1057.000000    425.000000    120.000000    622.000000    452.000000    232.000000    454.000000    438.000000    264.000000    687.000000   1412.000000   1224.000000   1748.000000   1436.000000   4731.000000   4005.000000   3127.000000   3241.000000   3305.000000   5923.000000   4911.000000   5923.000000
   505.764801    881.000000   4262.000000   1924.000000  11234.000000   9777.000000   8237.000000   3731.000000   6501.000000   2016.000000   1722.000000   2766.000000   1873.000000   1909.000000   1198.000000    690.000000    323.000000    107.000000     37.000000     21.000000    218.000000    341.000000    291.000000    253.000000    123.000000     59.000000     95.000000    437.000000    807.000000   1107.000000   1018.000000   1131.000000    469.000000    145.000000    706.000000    443.000000    229.000000    428.000000    450.000000    255.000000    633.000000   1431.000000   1231.000000   1832.000000   1433.000000   4940.000000   4136.000000   3264.000000   3339.000000   3292.000000   5964.000000   4924.000000   5964.000000
   507.002502    887.000000   4259.000000   1986.000000  11302.000000   9853.000000   8273.000000   3917.000000   6550.000000   2019.000000   1724.000000   2747.000000   1813.000000   1872.000000   1170.000000    702.000000    341.000000    122.000000     62.000000     49.000000    241.000000    328.000000    301.000000    225.000000    101.000000     42.000000     96.000000    389.000000    819.000000   1092.000000   1077.000000   1066.000000    480.000000     89.000000    660.000000    493.000000    230.000000    447.000000    430.000000    252.000000    680.000000   1432.000000   1307.000000   1828.000000   1442.000000   4828.000000   4093.000000   3271.000000   3437.000000   3305.000000   5917.000000   4923.000000   5917.000000
   508.240601    868.000000   4232.000000   1911.000000  11399.000000   9897.000000   8301.000000   4030.000000   6491.000000   2063.000000   1643.000000   2789.000000   1827.000000   2048.000000   1156.000000    706.000000    280.000000    108.000000     58.000000     30.000000    196.000000    372.000000    296.000000    241.000000     94.000000     55.000000    123.000000    422.000000    815.000000   1087.000000   1086.000000   1144.000000    458.000000    122.000000    752.000000    464.000000    247.000000    455.000000    427.000000    289.000000    662.000000   1489.000000   1370.000000   1830.000000   1501.000000   4876.000000   4190.000000   3215.000000   3406.000000   3213.000000   5950.000000   5109.000000   5950.000000
   509.479309    880.000000   4407.000000   2077.000000  11484.000000   9861.000000   8316.000000   3999.000000   6712.000000   2040.000000   1675.000000   2792.000000   1943.000000   1957.000000   1188.000000    730.000000    331.000000    120.000000     48.000000     33.000000    229.000000    406.000000    299.000000    238.000000    122.000000     64.000000     93.000000    450.000000    874.000000   1197.000000   1117.000000   1131.000000    473.000000    141.000000    696.000000    496.000000    256.000000    425.000000    425.000000    247.000000    636.000000   1354.000000   1216.000000   1825.000000   1440.000000   4791.000000   4168.000000   3287.000000   3453.000000   3238.000000   6020.000000   4863.000000   6020.000000
   510.718414    853.000000   4370.000000   2030.000000  11628.000000   9788.000000   8389.000000   4132.000000   6734.000000   2172.000000   1706.000000   2816.000000   1831.000000   1966.000000   1197.000000    696.000000    328.000000    119.000000     85.000000     13.000000    229.000000    378.000000    291.000000    223.000000    121.000000     38.000000    124.000000    449.000000    870.000000   1079.000000   1018.000000   1133.000000    477.000000    123.000000    747.000000    485.000000    248.000000    491.000000    404.000000    257.000000    668.000000   1410.000000   1266.000000   1837.000000   1486.000000   4965.000000   4085.000000   3300.000000   3457.000000   3134.000000   6049.000000   5126.000000   6049.000000
   511.958008    921.000000   4401.000000   1992.000000  11816.000000   9847.000000   8577.000000   4102.000000   6906.000000   2176.000000   1727.000000   2863.000000   1892.000000   1963.000000   1210.000000    714.000000    364.000000    116.000000     41.000000     31.000000    230.000000    393.000000    283.000000    252.000000    135.000000     62.000000     96.000000    402.000000    893.000000   1192.000000   1113.000000   1094.000000    452.000000    134.000000    686.000000    486.000000    252.000000    440.000000    435.000000    306.000000    671.000000   1467.000000   1262.000000   1799.000000   1585.000000   5174.000000   4341.000000   3357.000000   3470.000000   3336.000000   6098.000000   5092.000000   6098.000000
   513.198120    890.000000   4429.000000   2093.000000  12106.000000  10066.000000   8726.000000   4078.000000   7017.000000   2150.000000   1684.000000   2964.000000   1920.000000   1913.000000   1245.000000    717.000000    318.000000    124.000000     74.000000     57.000000    256.000000    423.000000    262.000000    268.000000    103.000000     71.000000    103.000000    461.000000    859.000000   1119.000000   1155.000000   1113.000000    422.000000    124.000000    717.000000    517.000000    236.000000    528.000000    475.000000    278.000000    721.000000   1401.000000   1340.000000   1885.000000   1536.000000   5146.000000   4193.000000   3389.000000   3530.000000   3341.000000   6216.000000   5122.000000   6216.000000
   514.438599    933.000000   4691.000000   2174.000000  11996.000000  10223.000000   8933.000000   4121.000000   7290.000000   2104.000000   1682.000000   2952.000000   1931.000000   2001.000000   1256.000000    725.000000    314.000000    140.000000     57.000000     23.000000    230.000000    403.000000    354.000000    270.000000    126.000000     50.000000    112.000000    460.000000    867.000000   1129.000000   1132.000000   1141.000000    482.000000    119.000000    752.000000    495.000000    256.000000    488.000000    409.000000    282.000000    743.000000   1469.000000   1217.000000   1891.000000   1537.000000   5354.000000   4334.000000   3583.000000   3547.000000   3335.000000   6161.000000   5004.000000   6161.000000
   515.679688    949.000000   4512.000000   2070.000000  12208.000000  10224.000000   8951.000000   4224.000000   7352.000000   2314.000000   1661.000000   3041.000000   2078.000000   2084.000000   1260.000000    751.000000    373.000000    147.000000     63.000000     40.000000    237.000000    412.000000    299.000000    255.000000    109.000000     47.000000    106.000000    496.000000    894.000000   1153.000000   1148.000000   1237.000000    435.000000    152.000000    751.000000    523.000000    296.000000    464.000000    511.000000    308.000000    658.000000   1462.000000   1258.000000   1909.000000   1537.000000   5382.000000   4484.000000   3565.000000   3600.000000   3393.000000   6195.000000   5209.000000   6195.000000
   516.921204    976.000000   4666.000000   2105.000000  12137.000000  10191.000000   9151.000000   4318.000000   7548.000000   2230.000000   1575.000000   3009.000000   2005.000000   1934.000000   1278.000000    738.000000    393.000000    143.000000     65.000000     41.000000    220.000000    410.000000    306.000000    224.000000    125.000000     52.000000     99.000000    470.000000    804.000000   1198.000000   1099.000000   1144.000000    431.000000    142.000000    729.000000    509.000000    277.000000    501.000000    466.000000    278.000000    658.000000   1449.000000   1306.000000   1990.000000   1527.000000   5469.000000   4428.000000   3495.000000   3571.000000   3307.000000   5965.000000   5290.000000   5965.000000
   518.163208    877.000000   4430.000000   2087.000000  11978.000000   9882.000000   8927.000000   4160.000000   7572.000000   2300.000000   1559.000000   2948.000000   2014.000000   1960.000000   1205.000000    742.000000    368.000000    128.000000     86.000000     40.000000    233.000000    391.000000    331.000000    220.000000    117.000000     44.000000    115.000000    441.000000    951.000000   1169.000000   1115.000000   1142.000000    444.000000    149.000000    690.000000    491.000000    253.000000    500.000000    464.000000    280.000000    680.000000   1425.000000   1262.000000   1889.000000   1524.000000   5355.000000   4473.000000   3423.000000   3450.000000   3318.000000   5998.000000   5126.000000   5998.000000
   519.405579    881.000000   4535.000000   2050.000000  11961.000000   9562.000000   8870.000000   4122.000000   7717.000000   2224.000000   1553.000000   2980.000000   1981.000000   1904.000000   1260.000000    723.000000    342.000000    107.000000     78.000000     37.000000    230.000000    430.000000    381.000000    277.000000    114.000000     74.000000    144.000000    449.000000    927.000000   1199.000000   1112.000000   1180.000000    488.000000    148.000000    729.000000    446.000000    235.000000    485.000000    443.000000    312.000000    723.000000   1427.000000   1234.000000   1863.000000   1626.000000   5230.000000   4426.000000   3477.000000   3554.000000   3224.000000   6014.000000   5053.000000   6014.000000
   520.648621    894.000000   4570.000000   2099.000000  11768.000000   9451.000000   8812.000000   4193.000000   7597.000000   2232.000000   1543.000000   2815.000000   2072.000000   1877.000000   1236.000000    702.000000    354.000000    143.000000     97.000000     49.000000    252.000000    388.000000    312.000000    301.000000    161.000000     53.000000    128.000000    464.000000    928.000000   1212.000000   1061.000000   1132.000000    435.000000    112.000000    770.000000    448.000000    258.000000    512.000000    449.000000    298.000000    647.000000   1419.000000   1303.000000   1893.000000   1522.000000   5332.000000   4275.000000   3474.000000   3372.000000   3380.000000   5850.000000   5018.000000   5850.000000
   521.892090    923.000000   4451.000000   2065.000000  11570.000000   9230.000000   8725.000000   4070.000000   7672.000000   2157.000000   1495.000000   2890.000000   1954.000000   1883.000000   1284.000000    759.000000    398.000000    153.000000    125.000000     51.000000    245.000000    415.000000    339.000000    263.000000    130.000000     56.000000     90.000000    446.000000    906.000000   1164.000000   1053.000000   1116.000000    433.000000    137.000000    733.000000    504.000000    238.000000    415.000000    447.000000    319.000000    668.000000   1395.000000   1238.000000   1810.000000   1498.000000   5276.000000   4420.000000   3454.000000   3355.000000   3213.000000   5918.000000   5061.000000   5918.000000
   523.135986    905.000000   4412.000000   2031.000000  11186.000000   9106.000000   8859.000000   3847.000000   7570.000000   2176.000000   1541.000000   2881.000000   1879.000000   1910.000000   1225.000000    722.000000    398.000000    133.000000     76.000000     55.000000    263.000000    438.000000    314.000000    290.000000    115.000000     56.000000    123.000000    469.000000    903.000000   1186.000000   1091.000000   1184.000000    515.000000    151.000000    762.000000    479.000000    288.000000    472.000000    462.000000    282.000000    704.000000   1461.000000   1232.000000   1797.000000   1530.000000   5207.000000   4426.000000   3420.000000   3358.000000   3279.000000   5905.000000   4802.000000   5905.000000
   524.380371    890.000000   4414.000000   1996.000000  11264.000000   8841.000000   8838.000000   3867.000000   7630.000000   2225.000000   1517.000000   2778.000000   1825.000000   1791.000000   1165.000000    724.000000    399.000000    181.000000     74.000000     26.000000    304.000000    429.000000    361.000000    265.000000    132.000000     82.000000    134.000000    494.000000    858.000000   1104.000000   1126.000000   1205.000000    467.000000    133.000000    670.000000    480.000000    301.000000    450.000000    461.000000    325.000000    692.000000   1375.000000   1204.000000   1760.000000   1479.000000   5155.000000   4278.000000   3414.000000   3362.000000   3291.000000   5724.000000   4854.000000   5724.000000
   525.625305    935.000000   4433.000000   2012.000000  11196.000000   8831.000000   8773.000000   4114.000000   7700.000000   2148.000000   1505.000000   2709.000000   1909.000000   1829.000000   1222.000000    758.000000    441.000000    163.000000    100.000000     53.000000    284.000000    456.000000    347.000000    317.000000    155.000000     66.000000    146.000000    488.000000    935.000000   1295.000000   1117.000000   1189.000000    453.000000    124.000000    775.000000    516.000000    289.000000    514.000000    473.000000    285.000000    662.000000   1362.000000   1181.000000   1848.000000   1552.000000   5323.000000   4304.000000   3333.000000   3235.000000   3185.000000   5912.000000   4718.000000   5912.000000
   526.870728    898.000000   4424.000000   2079.000000  10978.000000   8930.000000   8978.000000   3919.000000   7760.000000   2236.000000   1561.000000   2812.000000   1934.000000   1831.000000   1202.000000    779.000000    361.000000    186.000000     92.000000     59.000000    281.000000    450.000000    356.000000    297.000000    184.000000     90.000000    152.000000    536.000000    901.000000   1254.000000   1124.000000   1151.000000    489.000000    171.000000    722.000000    494.000000    335.000000    531.000000    529.000000    312.000000    698.000000   1376.000000   1212.000000   1772.000000   1507.000000   5249.000000   4303.000000   3421.000000   3348.000000   3162.000000   5966.000000   4610.000000   5966.000000
   528.116516    897.000000   4497.000000   2054.000000  10978.000000   8974.000000   9069.000000   3898.000000   7863.000000   2273.000000   1473.000000   3045.000000   1978.000000   1796.000000   1227.000000    710.000000    427.000000    200.000000    100.000000     68.000000    312.000000    466.000000    416.000000    317.000000    182.000000    100.000000    126.000000    527.000000   1013.000000   1287.000000   1164.000000   1214.000000    475.000000    189.000000    714.000000    502.000000    320.000000    481.000000    507.000000    338.000000    705.000000   1382.000000   1259.000000   1793.000000   1522.000000   5149.000000   4378.000000   3612.000000   3432.000000   3404.000000   5770.000000   4967.000000   5770.000000
   529.362793    868.000000   4502.000000   2151.000000  11210.000000   9030.000000   9199.000000   4079.000000   8084.000000   2215.000000   1566.000000   2880.000000   1940.000000   1845.000000   1268.000000    877.000000    447.000000    198.000000    120.000000     45.000000    317.000000    489.000000    435.000000    345.000000    176.000000    106.000000    176.000000    545.000000   1026.000000   1317.000000   1182.000000   1297.000000    536.000000    172.000000    709.000000    542.000000    338.000000    556.000000    508.000000    341.000000    698.000000   1412.000000   1312.000000   1873.000000   1554.000000   5208.000000   4357.000000   3525.000000   3498.000000   3206.000000   5789.000000   4910.000000   5789.000000
   530.609619    889.000000   4508.000000   2164.000000  11244.000000   9129.000000   9208.000000   4170.000000   8062.000000   2311.000000   1586.000000   2918.000000   2017.000000   1874.000000   1271.000000    815.000000    439.000000    215.000000    136.000000     82.000000    373.000000    501.000000    499.000000    389.000000    178.000000    106.000000    194.000000    582.000000   1105.000000   1454.000000   1230.000000   1257.000000    527.000000    190.000000    787.000000    628.000000    344.000000    494.000000    508.000000    376.000000    772.000000   1455.000000   1284.000000   1900.000000   1607.000000   5236.000000   4474.000000   3628.000000   3497.000000   3223.000000   5854.000000   4955.000000   5854.000000
   531.856873    984.000000   4641.000000   2266.000000  11226.000000   9209.000000   9305.000000   4227.000000   8399.000000   2363.000000   1668.000000   3157.000000   2087.000000   1805.000000   1266.000000    857.000000    499.000000    232.000000    154.000000     83.000000    349.000000    530.000000    482.000000    366.000000    185.000000    102.000000    187.000000    610.000000   1102.000000   1361.000000   1345.000000   1378.000000    610.000000    199.000000    809.000000    595.000000    351.000000    550.000000    569.000000    382.000000    753.000000   1481.000000   1287.000000   1934.000000   1566.000000   5293.000000   4435.000000   3584.000000   3561.000000   3259.000000   5685.000000   4958.000000   5685.000000
   533.104614    985.000000   4608.000000   2146.000000  11073.000000   9329.000000   9387.000000   4268.000000   8353.000000   2472.000000   1634.000000   3159.000000   2077.000000   1893.000000   1371.000000    908.000000    424.000000    245.000000    154.000000     89.000000    423.000000    583.000000    500.000000    406.000000    215.000000    111.000000    192.000000    605.000000   1223.000000   1523.000000   1329.000000   1502.000000    573.000000    205.000000    837.000000    593.000000    306.000000    604.000000    575.000000    419.000000    812.000000   1588.000000   1321.000000   1979.000000   1561.000000   5351.000000   4545.000000   3678.000000   3590.000000   3323.000000   5787.000000   4955.000000   5787.000000
   534.352905    908.000000   4590.000000   2243.000000  11279.000000   9143.000000   9468.000000   4381.000000   8520.000000   2511.000000   1819.000000   3201.000000   2111.000000   1886.000000   1333.000000    852.000000    468.000000    234.000000    142.000000     76.000000    408.000000    631.000000    530.000000    452.000000    242.000000    119.000000    244.000000    702.000000   1221.000000   1526.000000   1353.000000   1418.000000    588.000000    277.000000    875.000000    638.000000    424.000000    572.000000    585.000000    436.000000    783.000000   1526.000000   1421.000000   1963.000000   1603.000000   5174.000000   4566.000000   3701.000000   3623.000000   3308.000000   5892.000000   5019.000000   5892.000000
   535.601624    966.000000   4708.000000   2273.000000  11525.000000   9095.000000   9681.000000   4190.000000   8715.000000   2395.000000   1838.000000   3190.000000   2115.000000   1954.000000   1482.000000    978.000000    532.000000    240.000000    186.000000     93.000000    383.000000    569.000000    522.000000    440.000000    262.000000    143.000000    234.000000    687.000000   1278.000000   1625.000000   1360.000000   1557.000000    599.000000    250.000000    890.000000    632.000000    365.000000    602.000000    567.000000    375.000000    808.000000   1515.000000   1358.000000   1995.000000   1652.000000   5323.000000   4515.000000   3739.000000   3711.000000   3155.000000   5809.000000   4924.000000   5809.000000
   536.850830    952.000000   4717.000000   2201.000000  11328.000000   9375.000000   9923.000000   4292.000000   8803.000000   2605.000000   1894.000000   3176.000000   2143.000000   1825.000000   1464.000000    967.000000    516.000000    264.000000    158.000000     96.000000    432.000000    587.000000    528.000000    458.000000    257.000000    154.000000    219.000000    675.000000   1263.000000   1621.000000   1443.000000   1511.000000    631.000000    249.000000    878.000000    666.000000    368.000000    630.000000    645.000000    422.000000    809.000000   1597.000000   1502.000000   2056.000000   1690.000000   5285.000000   4552.000000   3795.000000   3632.000000   3238.000000   5775.000000   4923.000000   5775.000000
   538.100525    993.000000   4771.000000   2385.000000  11369.000000   9505.000000  10126.000000   4488.000000   9038.000000   2548.000000   1947.000000   3337.000000   2198.000000   1967.000000   1444.000000    904.000000    552.000000    266.000000    191.000000     96.000000    436.000000    642.000000    551.000000    471.000000    291.000000    142.000000    228.000000    773.000000   1389.000000   1616.000000   1429.000000   1622.000000    656.000000    236.000000    962.000000    608.000000    457.000000    606.000000    654.000000    444.000000    908.000000   1624.000000   1505.000000   2116.000000   1665.000000   5261.000000   4708.000000   3778.000000   3650.000000   3395.000000   6018.000000   5085.000000   6018.000000
   539.350586   1041.000000   4694.000000   2343.000000  11430.000000   9586.000000  10205.000000   4546.000000   9007.000000   2692.000000   2091.000000   3308.000000   2304.000000   1961.000000   1450.000000    903.000000    603.000000    290.000000    200.000000    108.000000    515.000000    652.000000    566.000000    455.000000    240.000000    146.000000    275.000000    752.000000   1444.000000   1724.000000   1556.000000   1702.000000    697.000000    245.000000    971.000000    641.000000    406.000000    591.000000    647.000000    467.000000    870.000000   1669.000000   1556.000000   2169.000000   1752.000000   5409.000000   4732.000000   3886.000000   3814.000000   3373.000000   6161.000000   5169.000000   6161.000000
   540.601318   1020.000000   4849.000000   2521.000000  11670.000000   9796.000000  10505.000000   4535.000000   9369.000000   2635.000000   2175.000000   3511.000000   2342.000000   2048.000000   1527.000000   1002.000000    550.000000    341.000000    180.000000     99.000000    464.000000    734.000000    578.000000    487.000000    287.000000    136.000000    249.000000    806.000000   1530.000000   1739.000000   1609.000000   1716.000000    677.000000    245.000000    984.000000    732.000000    418.000000    656.000000    678.000000    468.000000    897.000000   1696.000000   1603.000000   2270.000000   1767.000000   5419.000000   4882.000000   3961.000000   3935.000000   3337.000000   6119.000000   5151.000000   6119.000000
   541.852417   1093.000000   4900.000000   2446.000000  11612.000000   9918.000000  10799.000000   4790.000000   9215.000000   2743.000000   2195.000000   3672.000000   2357.000000   2010.000000   1517.000000   1092.000000    551.000000    266.000000    192.000000     93.000000    480.000000    789.000000    618.000000    578.000000    284.000000    121.000000    286.000000    827.000000   1535.000000   1794.000000   1698.000000   1837.000000    683.000000    224.000000   1125.000000    697.000000    448.000000    636.000000    738.000000    487.000000    910.000000   1763.000000   1655.000000   2285.000000   1772.000000   5356.000000   5013.000000   4095.000000   3805.000000   3523.000000   6297.000000   5202.000000   6297.000000
   543.104004   1173.000000   5103.000000   2530.000000  12003.000000  10112.000000  11080.000000   4774.000000   9544.000000   2794.000000   2387.000000   3545.000000   2541.000000   2170.000000   1599.000000   1000.000000    543.000000    314.000000    176.000000    105.000000    488.000000    696.000000    648.000000    519.000000    273.000000    148.000000    294.000000    827.000000   1600.000000   1938.000000   1736.000000   1879.000000    720.000000    285.000000   1049.000000    747.000000    444.000000    644.000000    738.000000    503.000000    907.000000   1813.000000   1648.000000   2193.000000   1765.000000   5483.000000   4996.000000   4055.000000   3812.000000   3595.000000   6217.000000   5161.000000   6217.000000
   544.356079   1086.000000   5038.000000   2486.000000  11814.000000  10294.000000  11433.000000   4853.000000   9648.000000   2795.000000   2409.000000   3886.000000   2480.000000   2105.000000   1609.000000   1021.000000    539.000000    345.000000    210.000000     91.000000    493.000000    763.000000    596.000000    549.000000    275.000000    163.000000    276.000000    877.000000   1627.000000   1970.000000   1712.000000   1910.000000    767.000000    260.000000   1092.000000    743.000000    462.000000    666.000000    717.000000    496.000000    989.000000   1731.000000   1762.000000   2361.000000   1735.000000   5442.000000   5108.000000   4231.000000   3893.000000   3500.000000   6265.000000   5291.000000   6265.000000
   545.608582   1172.000000   5284.000000   2631.000000  11968.000000  10360.000000  11526.000000   4965.000000   9492.000000   2786.000000   2510.000000   3856.000000   2571.000000   2262.000000   1659.000000   1066.000000    584.000000    324.000000    202.000000     93.000000    495.000000    728.000000    620.000000    498.000000    281.000000    162.000000    307.000000    809.000000   1660.000000   1939.000000   1829.000000   1987.000000    799.000000    289.000000   1060.000000    776.000000    450.000000    712.000000    679.000000    474.000000    973.000000   1733.000000   1655.000000   2448.000000   1800.000000   5461.000000   5042.000000   4209.000000   4120.000000   3696.000000   6300.000000   5374.000000   6300.000000
   546.861694   1132.000000   5286.000000   2657.000000  12286.000000  10641.000000  11716.000000   4815.000000   9526.000000   2829.000000   2636.000000   3887.000000   2662.000000   2253.000000   1694.000000   1062.000000    633.000000    354.000000    180.000000    122.000000    527.000000    772.000000    649.000000    558.000000    280.000000    164.000000    312.000000    850.000000   1775.000000   2027.000000   1797.000000   2069.000000    776.000000    282.000000   1139.000000    758.000000    437.000000    696.000000    735.000000    485.000000    976.000000   1812.000000   1884.000000   2509.000000   1763.000000   5534.000000   5172.000000   4201.000000   4137.000000   3671.000000   6529.000000   5405.000000   6529.000000
   548.115173   1098.000000   5477.000000   2595.000000  12393.000000  10948.000000  12067.000000   4998.000000   9524.000000   2880.000000   2685.000000   3912.000000   2621.000000   2364.000000   1702.000000   1152.000000    631.000000    345.000000    208.000000    125.000000    501.000000    728.000000    616.000000    542.000000    271.000000    164.000000    279.000000    884.000000   1829.000000   2018.000000   1874.000000   1959.000000    843.000000    270.000000   1191.000000    785.000000    409.000000    709.000000    738.000000    496.000000    954.000000   1793.000000   1794.000000   2473.000000   1861.000000   5656.000000   5223.000000   4440.000000   4080.000000   3665.000000   6545.000000   5446.000000   6545.000000
   549.369202   1080.000000   5426.000000   2707.000000  12574.000000  10908.000000  11994.000000   4886.000000   9717.000000   2933.000000   2719.000000   3996.000000   2683.000000   2412.000000   1723.000000   1182.000000    622.000000    343.000000    183.000000    126.000000    535.000000    795.000000    665.000000    559.000000    297.000000    141.000000    271.000000    895.000000   1774.000000   2145.000000   1882.000000   2087.000000    818.000000    251.000000   1119.000000    809.000000    502.000000    683.000000    706.000000    444.000000   1034.000000   1889.000000   1759.000000   2398.000000   1804.000000   5647.000000   5311.000000   4427.000000   4277.000000   3695.000000   6518.000000   5418.000000   6518.000000
   550.623718   1144.000000   5498.000000   2740.000000  12580.000000  10980.000000  12310.000000   5170.000000   9634.000000   2977.000000   2768.000000   4000.000000   2709.000000   2357.000000   1775.000000   1099.000000    638.000000    313.000000    214.000000     96.000000    534.000000    797.000000    642.000000    558.000000    263.000000    152.000000    331.000000    832.000000   1697.000000   2025.000000   1916.000000   2132.000000    801.000000    252.000000   1195.000000    802.000000    419.000000    692.000000    699.000000    499.000000    956.000000   1923.000000   1867.000000   2528.000000   1812.000000   5563.000000   5216.000000   4483.000000   4323.000000   3659.000000   6679.000000   5538.000000   6679.000000
   551.878723   1162.000000   5585.000000   2733.000000  12781.000000  11129.000000  12525.000000   5192.000000   9706.000000   2922.000000   2864.000000   4175.000000   2705.000000   2379.000000   1747.000000   1098.000000    625.000000    366.000000    174.000000     96.000000    481.000000    798.000000    653.000000    527.000000    329.000000    124.000000    294.000000    824.000000   1782.000000   2047.000000   1947.000000   2089.000000    875.000000    251.000000   1217.000000    807.000000    465.000000    706.000000    712.000000    498.000000   1082.000000   1950.000000   1791.000000   2610.000000   1839.000000   5613.000000   5416.000000   4552.000000   4402.000000   3692.000000   6595.000000   5549.000000   6595.000000
   553.134094   1140.000000   5547.000000   2707.000000  12830.000000  11326.000000  12554.000000   5155.000000   9545.000000   3039.000000   2872.000000   4115.000000   2809.000000   2379.000000   1807.000000   1026.000000    592.000000    301.000000    210.000000     97.000000    497.000000    777.000000    647.000000    605.000000    283.000000    168.000000    316.000000    843.000000   1709.000000   2093.000000   1992.000000   2178.000000    735.000000    255.000000   1195.000000    776.000000    462.000000    681.000000    689.000000    482.000000    996.000000   1872.000000   1904.000000   2548.000000   1797.000000   5529.000000   5448.000000   4459.000000   4450.000000   3741.000000   6504.000000   5475.000000   6504.000000
   554.390015   1139.000000   5515.000000   2814.000000  12731.000000  11072.000000  12619.000000   5173.000000   9727.000000   2988.000000   2905.000000   4133.000000   2820.000000   2471.000000   1930.000000   1109.000000    609.000000    311.000000    186.000000     95.000000    521.000000    806.000000    667.000000    562.000000    284.000000    142.000000    254.000000    831.000000   1838.000000   2116.000000   1964.000000   2111.000000    847.000000    239.000000   1208.000000    805.000000    482.000000    648.000000    723.000000    482.000000    975.000000   1961.000000   1907.000000   2594.000000   1793.000000   5620.000000   5379.000000   4641.000000   4437.000000   3869.000000   6508.000000   5552.000000   6508.000000
   555.646423   1133.000000   5545.000000   2858.000000  13036.000000  11355.000000  13031.000000   4988.000000   9587.000000   3037.000000   2931.000000   4292.000000   2817.000000   2488.000000   1787.000000   1156.000000    554.000000    309.000000    163.000000    106.000000    529.000000    799.000000    610.000000    524.000000    283.000000    147.000000    241.000000    878.000000   1760.000000   2022.000000   1958.000000   2168.000000    843.000000    248.000000   1213.000000    802.000000    491.000000    727.000000    708.000000    474.000000   1024.000000   1960.000000   1857.000000   2724.000000   1795.000000   5661.000000   5341.000000   4688.000000   4440.000000   3703.000000   6649.000000   5476.000000   6649.000000
   556.903320   1185.000000   5722.000000   2855.000000  13195.000000  11583.000000  12929.000000   4980.000000   9665.000000   3105.000000   2958.000000   4238.000000   2863.000000   2406.000000   1981.000000   1139.000000    647.000000    345.000000    176.000000    114.000000    473.000000    805.000000    593.000000    574.000000    297.000000    176.000000    265.000000    828.000000   1890.000000   2216.000000   2050.000000   2140.000000    816.000000    243.000000   1213.000000    848.000000    457.000000    728.000000    711.000000    465.000000   1024.000000   1981.000000   1939.000000   2696.000000   1823.000000   5829.000000   5453.000000   4681.000000   4665.000000   3813.000000   6730.000000   5577.000000   6730.000000
   558.160583   1190.000000   5938.000000   2966.000000  13403.000000  11799.000000  13376.000000   5333.000000   9660.000000   3127.000000   3045.000000   4442.000000   3024.000000   2537.000000   1867.000000   1238.000000    632.000000    364.000000    175.000000    102.000000    553.000000    826.000000    661.000000    566.000000    326.000000    121.000000    228.000000    881.000000   1826.000000   2149.000000   2097.000000   2173.000000    876.000000    241.000000   1298.000000    853.000000    500.000000    697.000000    749.000000    503.000000   1023.000000   2013.000000   2048.000000   2823.000000   1900.000000   6117.000000   5668.000000   4876.000000   4713.000000   3900.000000   6662.000000   5701.000000   6662.000000
   559.418518   1196.000000   6055.000000   2968.000000  13797.000000  11961.000000  13931.000000   5199.000000   9833.000000   3118.000000   3058.000000   4469.000000   3072.000000   2611.000000   1912.000000   1233.000000    618.000000    334.000000    176.000000    106.000000    527.000000    844.000000    690.000000    619.000000    276.000000    131.000000    287.000000    831.000000   1813.000000   2238.000000   2069.000000   2221.000000    835.000000    241.000000   1257.000000    855.000000    479.000000    724.000000    707.000000    481.000000   1024.000000   1998.000000   2018.000000   2767.000000   1933.000000   6109.000000   5723.000000   4840.000000   4672.000000   4021.000000   7036.000000   5910.000000   7036.000000
   560.676819   1166.000000   5989.000000   3117.000000  13899.000000  12119.000000  13952.000000   5211.000000  10022.000000   3168.000000   3085.000000   4659.000000   3086.000000   2656.000000   1965.000000   1191.000000    619.000000    313.000000    193.000000     89.000000    529.000000    817.000000    624.000000    591.000000    279.000000    126.000000    286.000000    834.000000   1919.000000   2236.000000   2200.000000   2224.000000    937.000000    263.000000   1319.000000    910.000000    483.000000    700.000000    696.000000    488.000000    990.000000   2047.000000   2071.000000   2815.000000   2004.000000   6124.000000   5974.000000   4987.000000   4780.000000   4005.000000   7135.000000   6029.000000   7135.000000
   561.935608   1262.000000   5886.000000   2953.000000  14009.000000  11921.000000  13939.000000   5388.000000   9865.000000   3147.000000   3176.000000   4687.000000   3132.000000   2669.000000   1940.000000   1191.000000    612.000000    324.000000    160.000000     93.000000    536.000000    830.000000    637.000000    622.000000    274.000000    133.000000    257.000000    826.000000   1858.000000   2291.000000   2136.000000   2307.000000    833.000000    239.000000   1296.000000    874.000000    493.000000    736.000000    712.000000    501.000000   1028.000000   2036.000000   2059.000000   2855.000000   1976.000000   6192.000000   5758.000000   4948.000000   4853.000000   3909.000000   6956.000000   5832.000000   6956.000000
   563.194885   1151.000000   5723.000000   3071.000000  13698.000000  12124.000000  14107.000000   5120.000000   9635.000000   3111.000000   3112.000000   4686.000000   3079.000000   2580.000000   1965.000000   1247.000000    646.000000    337.000000    155.000000     91.000000    500.000000    830.000000    620.000000    551.000000    297.000000    136.000000    234.000000    845.000000   1913.000000   2231.000000   2071.000000   2273.000000    780.000000    202.000000   1257.000000    854.000000    480.000000    687.000000    740.000000    451.000000   1015.000000   2068.000000   2133.000000   2899.000000   1943.000000   6120.000000   5709.000000   4721.000000   4926.000000   3888.000000   6948.000000   5882.000000   6948.000000
   564.454712   1207.000000   5507.000000   2947.000000  13628.000000  12261.000000  14340.000000   5013.000000   9387.000000   2986.000000   3091.000000   4915.000000   3127.000000   2590.000000   1958.000000   1223.000000    591.000000    365.000000    163.000000     82.000000    539.000000    819.000000    646.000000    508.000000    295.000000    151.000000    261.000000    898.000000   1753.000000   2164.000000   2162.000000   2228.000000    887.000000    242.000000   1316.000000    906.000000    468.000000    717.000000    740.000000    475.000000   1024.000000   2010.000000   2058.000000   2915.000000   1995.000000   6298.000000   5520.000000   4608.000000   4912.000000   3930.000000   6967.000000   5931.000000   6967.000000
   565.714905   1245.000000   5464.000000   2957.000000  13573.000000  12253.000000  14336.000000   5163.000000   8921.000000   3065.000000   3087.000000   4646.000000   2967.000000   2396.000000   1984.000000   1185.000000    614.000000    321.000000    183.000000     77.000000    531.000000    790.000000    630.000000    591.000000    276.000000    144.000000    272.000000    763.000000   1849.000000   2092.000000   2085.000000   2146.000000    829.000000    241.000000   1280.000000    840.000000    468.000000    703.000000    649.000000    447.000000    928.000000   2023.000000   2097.000000   2928.000000   1958.000000   6466.000000   5357.000000   4574.000000   4925.000000   3959.000000   6998.000000   5856.000000   6998.000000
   566.975586   1196.000000   5284.000000   2958.000000  13554.000000  12007.000000  14243.000000   4896.000000   8859.000000   3035.000000   2992.000000   4669.000000   3107.000000   2407.000000   2108.000000   1254.000000    634.000000    370.000000    172.000000     70.000000    523.000000    775.000000    601.000000    585.000000    293.000000    154.000000    254.000000    863.000000   1769.000000   2196.000000   2205.000000   2321.000000    810.000000    206.000000   1308.000000    819.000000    454.000000    703.000000    672.000000    458.000000   1008.000000   2022.000000   2126.000000   2952.000000   2026.000000   6479.000000   5225.000000   4358.000000   4974.000000   4002.000000   6994.000000   5650.000000   6994.000000
   568.236816   1173.000000   5159.000000   3076.000000  13722.000000  12379.000000  14125.000000   4931.000000   8800.000000   2947.000000   3031.000000   4701.000000   3021.000000   2276.000000   2058.000000   1199.000000    642.000000    334.000000    164.000000    102.000000    525.000000    821.000000    635.000000    538.000000    285.000000    125.000000    256.000000    856.000000   1872.000000   2221.000000   2192.000000   2212.000000    862.000000    198.000000   1317.000000    880.000000    474.000000    687.000000    702.000000    485.000000    957.000000   2055.000000   2107.000000   2880.000000   1974.000000   6648.000000   4975.000000   4402.000000   4907.000000   3995.000000   6999.000000   5804.000000   6999.000000
   569.498474   1229.000000   5103.000000   3092.000000  13959.000000  12243.000000  14327.000000   4874.000000   8691.000000   3086.000000   3030.000000   4652.000000   3122.000000   2251.000000   2051.000000   1231.000000    560.000000    320.000000    156.000000     95.000000    522.000000    787.000000    625.000000    471.000000    231.000000    111.000000    233.000000    774.000000   1756.000000   2197.000000   2162.000000   2247.000000    807.000000    239.000000   1296.000000    903.000000    450.000000    691.000000    717.000000    494.000000   1032.000000   2154.000000   2081.000000   2922.000000   2000.000000   6519.000000   5119.000000   4264.000000   4950.000000   4109.000000   7004.000000   5664.000000   7004.000000
   570.760620   1182.000000   5268.000000   3164.000000  13664.000000  12369.000000  14417.000000   5026.000000   8689.000000   2942.000000   3079.000000   4730.000000   2987.000000   2214.000000   2088.000000   1354.000000    566.000000    306.000000    157.000000     58.000000    515.000000    799.000000    589.000000    562.000000    262.000000    116.000000    277.000000    825.000000   1789.000000   2136.000000   2146.000000   2245.000000    811.000000    215.000000   1304.000000    864.000000    483.000000    682.000000    663.000000    459.000000   1062.000000   2177.000000   2132.000000   2886.000000   1946.000000   6580.000000   5299.000000   4485.000000   4837.000000   3887.000000   7019.000000   5848.000000   7019.000000
   572.023315   1197.000000   5481.000000   3212.000000  14004.000000  12289.000000  14555.000000   4942.000000   8759.000000   2992.000000   3083.000000   4773.000000   2983.000000   2189.000000   2116.000000   1185.000000    621.000000    326.000000    168.000000     74.000000    502.000000    810.000000    603.000000    519.000000    269.000000    132.000000    238.000000    825.000000   1709.000000   2249.000000   2078.000000   2265.000000    827.000000    196.000000   1309.000000    856.000000    458.000000    685.000000    693.000000    447.000000    998.000000   2060.000000   2068.000000   2984.000000   1955.000000   6682.000000   5443.000000   4672.000000   5060.000000   3999.000000   6994.000000   5909.000000   6994.000000
   573.286377   1214.000000   5864.000000   3412.000000  14101.000000  12231.000000  14417.000000   4995.000000   8826.000000   3165.000000   3137.000000   4898.000000   3099.000000   2237.000000   2049.000000   1302.000000    591.000000    290.000000    164.000000     87.000000    532.000000    756.000000    627.000000    450.000000    240.000000    138.000000    269.000000    770.000000   1759.000000   2168.000000   2144.000000   2289.000000    809.000000    232.000000   1314.000000    860.000000    433.000000    616.000000    662.000000    401.000000    972.000000   2071.000000   2042.000000   3023.000000   1931.000000   6729.000000   5782.000000   4805.000000   5193.000000   4009.000000   7012.000000   5995.000000   7012.000000
   574.549988   1227.000000   6189.000000   3360.000000  14224.000000  12410.000000  14688.000000   5075.000000   8941.000000   3070.000000   3096.000000   4903.000000   3102.000000   2265.000000   2069.000000   1246.000000    614.000000    318.000000    153.000000     90.000000    529.000000    802.000000    634.000000    579.000000    248.000000    125.000000    274.000000    823.000000   1829.000000   2233.000000   2210.000000   2248.000000    841.000000    233.000000   1331.000000    922.000000    462.000000    611.000000    739.000000    472.000000   1001.000000   2123.000000   2109.000000   2971.000000   2020.000000   6581.000000   5840.000000   5201.000000   5015.000000   3992.000000   7135.000000   5944.000000   7135.000000
   575.814087   1225.000000   6401.000000   3366.000000  14115.000000  12532.000000  14867.000000   5149.000000   9090.000000   3038.000000   3027.000000   4872.000000   3254.000000   2365.000000   2072.000000   1326.000000    603.000000    350.000000    173.000000     89.000000    518.000000    751.000000    624.000000    495.000000    255.000000    135.000000    267.000000    757.000000   1764.000000   2197.000000   2169.000000   2285.000000    857.000000    236.000000   1326.000000    899.000000    503.000000    687.000000    735.000000    413.000000   1073.000000   2093.000000   2154.000000   3046.000000   1977.000000   6717.000000   6077.000000   5578.000000   4987.000000   3932.000000   7080.000000   5983.000000   7080.000000
   577.078613   1288.000000   6621.000000   3495.000000  14464.000000  12624.000000  14985.000000   5101.000000   9431.000000   3064.000000   3107.000000   4893.000000   3304.000000   2549.000000   2101.000000   1331.000000    578.000000    312.000000    178.000000    108.000000    537.000000    742.000000    658.000000    559.000000    268.000000    115.000000    241.000000    816.000000   1820.000000   2297.000000   2212.000000   2334.000000    831.000000    215.000000   1397.000000    895.000000    464.000000    676.000000    734.000000    452.000000   1078.000000   2077.000000   2228.000000   3183.000000   2049.000000   6589.000000   6155.000000   5523.000000   5282.000000   4068.000000   6988.000000   6210.000000   6988.000000
   578.343628   1155.000000   6725.000000   3435.000000  14326.000000  12502.000000  15291.000000   5235.000000   9486.000000   3173.000000   3244.000000   4846.000000   3310.000000   2621.000000   2126.000000   1336.000000    623.000000    356.000000    151.000000     63.000000    539.000000    796.000000    614.000000    537.000000    310.000000    138.000000    228.000000    825.000000   1743.000000   2252.000000   2199.000000   2308.000000    790.000000    245.000000   1433.000000    885.000000    447.000000    692.000000    762.000000    475.000000   1059.000000   2232.000000   2167.000000   2967.000000   2208.000000   6863.000000   6275.000000   5628.000000   5321.000000   3968.000000   7076.000000   6014.000000   7076.000000
   579.609314   1291.000000   6677.000000   3432.000000  14254.000000  12575.000000  15437.000000   5182.000000   9384.000000   3204.000000   3117.000000   4896.000000   3353.000000   2661.000000   2066.000000   1292.000000    672.000000    347.000000    175.000000     90.000000    548.000000    790.000000    619.000000    550.000000    266.000000    132.000000    225.000000    843.000000   1861.000000   2237.000000   2292.000000   2301.000000    818.000000    216.000000   1367.000000    882.000000    445.000000    665.000000    703.000000    437.000000   1069.000000   2234.000000   2170.000000   3183.000000   2135.000000   6817.000000   6297.000000   5623.000000   5258.000000   4083.000000   7037.000000   6083.000000   7037.000000
   580.875183   1190.000000   6879.000000   3480.000000  14207.000000  12609.000000  15679.000000   5292.000000   9814.000000   3426.000000   3143.000000   4961.000000   3371.000000   2717.000000   2107.000000   1342.000000    627.000000    344.000000    178.000000     81.000000    546.000000    818.000000    680.000000    570.000000    260.000000    132.000000    243.000000    786.000000   1863.000000   2171.000000   2248.000000   2322.000000    821.000000    198.000000   1396.000000    879.000000    491.000000    720.000000    798.000000    445.000000   1123.000000   2226.000000   2229.000000   3199.000000   2038.000000   6966.000000   6518.000000   5672.000000   5318.000000   3963.000000   6951.000000   5959.000000   6951.000000
   582.141724   1317.000000   6923.000000   3415.000000  14304.000000  12575.000000  15598.000000   5364.000000   9461.000000   3307.000000   3104.000000   4941.000000   3494.000000   2698.000000   2136.000000   1407.000000    615.000000    356.000000    179.000000     76.000000    534.000000    818.000000    672.000000    582.000000    259.000000    121.000000    264.000000    797.000000   1803.000000   2247.000000   2304.000000   2228.000000    822.000000    239.000000   1400.000000    869.000000    455.000000    756.000000    703.000000    542.000000   1119.000000   2193.000000   2171.000000   3146.000000   2137.000000   6756.000000   6513.000000   5862.000000   5448.000000   3948.000000   7240.000000   5989.000000   7240.000000
   583.408691   1275.000000   7014.000000   3487.000000  14207.000000  12473.000000  15970.000000   5412.000000   9757.000000   3374.000000   3149.000000   4908.000000   3557.000000   2789.000000   2128.000000   1362.000000    642.000000    345.000000    160.000000     81.000000    557.000000    837.000000    693.000000    517.000000    274.000000    130.000000    239.000000    775.000000   1775.000000   2269.000000   2329.000000   2271.000000    828.000000    236.000000   1408.000000    843.000000    447.000000    700.000000    750.000000    478.000000   1016.000000   2319.000000   2208.000000   3270.000000   2103.000000   7094.000000   6450.000000   5865.000000   5526.000000   4108.000000   6910.000000   5985.000000   6910.000000
   584.676025   1333.000000   6996.000000   3572.000000  14213.000000  12625.000000  16010.000000   5265.000000   9556.000000   3338.000000   3032.000000   5061.000000   3448.000000   2752.000000   2102.000000   1379.000000    680.000000    367.000000    167.000000     91.000000    565.000000    805.000000    627.000000    566.000000    218.000000    112.000000    234.000000    834.000000   1689.000000   2295.000000   2250.000000   2405.000000    811.000000    241.000000   1391.000000    884.000000    464.000000    700.000000    695.000000    505.000000   1132.000000   2295.000000   2171.000000   3229.000000   2087.000000   6909.000000   6617.000000   5971.000000   5515.000000   3960.000000   7036.000000   6118.000000   7036.000000
   585.943970   1250.000000   7141.000000   3549.000000  14128.000000  12557.000000  15973.000000   5380.000000   9616.000000   3279.000000   3074.000000   4957.000000   3582.000000   2797.000000   2042.000000   1333.000000    691.000000    340.000000    165.000000     72.000000    558.000000    807.000000    637.000000    538.000000    267.000000    116.000000    231.000000    822.000000   1807.000000   2231.000000   2293.000000   2276.000000    819.000000    207.000000   1398.000000    853.000000    469.000000    723.000000    762.000000    513.000000   1033.000000   2266.000000   2264.000000   3319.000000   2128.000000   6847.000000   6740.000000   5905.000000   5533.000000   4052.000000   6988.000000   6070.000000   6988.000000
   587.212402   1285.000000   7082.000000   3558.000000  14054.000000  12243.000000  15835.000000   5135.000000   9561.000000   3309.000000   3047.000000   5094.000000   3506.000000   2688.000000   2100.000000   1348.000000    599.000000    338.000000    167.000000     73.000000    499.000000    843.000000    644.000000    563.000000    246.000000    130.000000    234.000000    824.000000   1811.000000   2304.000000   2318.000000   2222.000000    797.000000    209.000000   1458.000000    848.000000    482.000000    776.000000    690.000000    469.000000   1102.000000   2321.000000   2275.000000   3173.000000   2176.000000   6906.000000   6397.000000   5983.000000   5623.000000   3940.000000   7005.000000   5933.000000   7005.000000
   588.481323   1298.000000   7007.000000   3726.000000  14194.000000  12472.000000  16123.000000   5240.000000   9318.000000   3352.000000   3088.000000   5048.000000   3564.000000   2695.000000   2091.000000   1399.000000    605.000000    344.000000    172.000000     82.000000    610.000000    783.000000    616.000000    525.000000    260.000000    121.000000    243.000000    758.000000   1838.000000   2203.000000   2323.000000   2273.000000    839.000000    207.000000   1464.000000    878.000000    482.000000    730.000000    748.000000    465.000000   1107.000000   2295.000000   2161.000000   3312.000000   2162.000000   6959.000000   6533.000000   5907.000000   5529.000000   3984.000000   6906.000000   6066.000000   6906.000000
   589.750610   1309.000000   6946.000000   3739.000000  14297.000000  12446.000000  16109.000000   5410.000000   9348.000000   3289.000000   3137.000000   4933.000000   3648.000000   2650.000000   2024.000000   1368.000000    617.000000    354.000000    158.000000     69.000000    524.000000    855.000000    702.000000    530.000000    297.000000    131.000000    248.000000    794.000000   1777.000000   2279.000000   2250.000000   2267.000000    850.000000    213.000000   1391.000000    892.000000    472.000000    733.000000    688.000000    483.000000   1142.000000   2405.000000   2331.000000   3320.000000   2151.000000   6965.000000   6665.000000   6031.000000   5589.000000   4065.000000   7100.000000   6077.000000   7100.000000
   591.020508   1287.000000   7074.000000   3776.000000  14410.000000  12331.000000  16180.000000   5119.000000   9014.000000   3382.000000   3208.000000   5115.000000   3501.000000   2671.000000   2015.000000   1381.000000    650.000000    341.000000    153.000000     93.000000    564.000000    866.000000    660.000000    564.000000    272.000000     94.000000    246.000000    784.000000   1681.000000   2287.000000   2300.000000   2230.000000    815.000000    204.000000   1454.000000    944.000000    460.000000    727.000000    748.000000    486.000000   1099.000000   2385.000000   2252.000000   3278.000000   2197.000000   7008.000000   6711.000000   6121.000000   5714.000000   4030.000000   6967.000000   6185.000000   6967.000000
   592.290771   1257.000000   7155.000000   3784.000000  14312.000000  12353.000000  16188.000000   5212.000000   9226.000000   3392.000000   3028.000000   5130.000000   3607.000000   2675.000000   2092.000000   1345.000000    679.000000    323.000000    161.000000     79.000000    502.000000    850.000000    645.000000    518.000000    214.000000    125.000000    241.000000    820.000000   1834.000000   2283.000000   2374.000000   2273.000000    886.000000    214.000000   1383.000000    877.000000    493.000000    693.000000    729.000000    486.000000   1044.000000   2340.000000   2270.000000   3370.000000   2186.000000   6966.000000   6507.000000   6133.000000   5706.000000   4061.000000   7001.000000   6171.000000   7001.000000
   593.561584   1298.000000   7249.000000   3750.000000  14217.000000  12161.000000  16185.000000   5189.000000   9280.000000   3385.000000   2921.000000   5163.000000   3491.000000   2699.000000   2158.000000   1355.000000    654.000000    346.000000    144.000000     83.000000    574.000000    786.000000    702.000000    546.000000    241.000000    107.000000    225.000000    784.000000   1796.000000   2290.000000   2281.000000   2252.000000    867.000000    235.000000   1470.000000    890.000000    491.000000    734.000000    688.000000    507.000000   1119.000000   2373.000000   2248.000000   3294.000000   2279.000000   7079.000000   6727.000000   6112.000000   5648.000000   3954.000000   6916.000000   5893.000000   6916.000000
   594.832886   1302.000000   7345.000000   3702.000000  13929.000000  12265.000000  16178.000000   5242.000000   9092.000000   3373.000000   3116.000000   5151.000000   3541.000000   2682.000000   2066.000000   1359.000000    628.000000    328.000000    139.000000     58.000000    548.000000    789.000000    663.000000    523.000000    242.000000    108.000000    260.000000    789.000000   1918.000000   2194.000000   2242.000000   2324.000000    850.000000    215.000000   1473.000000    877.000000    459.000000    687.000000    753.000000    518.000000   1102.000000   2406.000000   2301.000000   3328.000000   2191.000000   7099.000000   6799.000000   6244.000000   5807.000000   3973.000000   6910.000000   6024.000000   6910.000000
   596.104614   1336.000000   7290.000000   3780.000000  14217.000000  12256.000000  16177.000000   5163.000000   8940.000000   3197.000000   3029.000000   5014.000000   3584.000000   2706.000000   2051.000000   1375.000000    685.000000    337.000000    179.000000     61.000000    527.000000    833.000000    660.000000    520.000000    229.000000    103.000000    239.000000    816.000000   1797.000000   2239.000000   2375.000000   2330.000000    873.000000    202.000000   1433.000000    872.000000    497.000000    717.000000    809.000000    452.000000   1207.000000   2389.000000   2240.000000   3376.000000   2127.000000   7232.000000   6625.000000   6103.000000   5697.000000   3920.000000   6982.000000   5939.000000   6982.000000
   597.376892   1306.000000   7217.000000   3796.000000  14075.000000  12211.000000  16184.000000   5149.000000   8798.000000   3218.000000   3042.000000   5018.000000   3631.000000   2759.000000   2142.000000   1375.000000    637.000000    377.000000    156.000000     79.000000    561.000000    785.000000    696.000000    555.000000    253.000000    117.000000    229.000000    784.000000   1664.000000   2297.000000   2279.000000   2220.000000    870.000000    194.000000   1475.000000    890.000000    476.000000    704.000000    759.000000    469.000000   1085.000000   2402.000000   2150.000000   3395.000000   2166.000000   7235.000000   6748.000000   6216.000000   5671.000000   3909.000000   6855.000000   5947.000000   6855.000000
   598.649597   1308.000000   7310.000000   3810.000000  13808.000000  12201.000000  16182.000000   5052.000000   9001.000000   3291.000000   2907.000000   5027.000000   3754.000000   2694.000000   2150.000000   1339.000000    623.000000    333.000000    149.000000     74.000000    551.000000    821.000000    626.000000    566.000000    262.000000    118.000000    273.000000    747.000000   1761.000000   2247.000000   2332.000000   2218.000000    830.000000    240.000000   1383.000000    934.000000    472.000000    732.000000    720.000000    499.000000   1072.000000   2301.000000   2290.000000   3444.000000   2074.000000   7124.000000   6784.000000   6221.000000   5602.000000   3957.000000   6825.000000   5896.000000   6825.000000
   599.922791   1317.000000   7217.000000   3855.000000  13787.000000  11998.000000  16184.000000   4924.000000   8810.000000   3400.000000   3051.000000   5281.000000   3684.000000   2677.000000   2131.000000   1319.000000    599.000000    324.000000    177.000000     78.000000    598.000000    828.000000    632.000000    561.000000    251.000000     93.000000    241.000000    772.000000   1742.000000   2238.000000   2247.000000   2223.000000    847.000000    240.000000   1374.000000    870.000000    435.000000    710.000000    701.000000    525.000000   1079.000000   2365.000000   2252.000000   3331.000000   2120.000000   7102.000000   6860.000000   6107.000000   5874.000000   3979.000000   6890.000000   6033.000000   6890.000000
   601.196472   1345.000000   7421.000000   3865.000000  13731.000000  12032.000000  16132.000000   4984.000000   8805.000000   3254.000000   3008.000000   5043.000000   3592.000000   2643.000000   2149.000000   1372.000000    653.000000    347.000000    140.000000     92.000000    553.000000    827.000000    611.000000    507.000000    195.000000     78.000000    264.000000    733.000000   1645.000000   2228.000000   2319.000000   2218.000000    743.000000    197.000000   1414.000000    844.000000    416.000000    718.000000    662.000000    487.000000   1132.000000   2437.000000   2387.000000   3439.000000   2228.000000   7125.000000   6873.000000   6331.000000   5762.000000   3928.000000   6774.000000   5932.000000   6774.000000
   602.470581   1305.000000   7425.000000   3826.000000  13695.000000  11653.000000  16126.000000   5021.000000   8515.000000   3301.000000   2922.000000   5042.000000   3558.000000   2645.000000   2061.000000   1383.000000    662.000000    308.000000    163.000000     74.000000    578.000000    810.000000    620.000000    554.000000    257.000000    122.000000    255.000000    739.000000   1699.000000   2161.000000   2201.000000   2170.000000    822.000000    214.000000   1413.000000    883.000000    510.000000    689.000000    706.000000    466.000000   1102.000000   2311.000000   2211.000000   3382.000000   2089.000000   7027.000000   6937.000000   6065.000000   5685.000000   3763.000000   6626.000000   5745.000000   6626.000000
   603.745300   1221.000000   7267.000000   3889.000000  13307.000000  11704.000000  16124.000000   4928.000000   8428.000000   3227.000000   2905.000000   5009.000000   3652.000000   2579.000000   2075.000000   1347.000000    631.000000    336.000000    132.000000     77.000000    563.000000    804.000000    704.000000    515.000000    248.000000    116.000000    239.000000    715.000000   1603.000000   2164.000000   2248.000000   2238.000000    853.000000    195.000000   1340.000000    811.000000    431.000000    733.000000    714.000000    439.000000   1056.000000   2363.000000   2195.000000   3406.000000   2189.000000   6879.000000   6850.000000   6243.000000   5623.000000   3900.000000   6522.000000   5901.000000   6522.000000
   605.020386   1219.000000   7120.000000   4010.000000  13352.000000  11550.000000  16153.000000   4963.000000   8356.000000   3284.000000   2894.000000   4944.000000   3542.000000   2563.000000   2063.000000   1355.000000    666.000000    333.000000    163.000000     78.000000    569.000000    800.000000    622.000000    488.000000    216.000000    121.000000    224.000000    686.000000   1553.000000   2112.000000   2287.000000   2148.000000    841.000000    202.000000   1469.000000    825.000000    418.000000    692.000000    688.000000    426.000000   1050.000000   2310.000000   2218.000000   3329.000000   2154.000000   7058.000000   6571.000000   6049.000000   5696.000000   3795.000000   6602.000000   5664.000000   6602.000000
   606.296021   1213.000000   7282.000000   3980.000000  13258.000000  11276.000000  15964.000000   4962.000000   8264.000000   3103.000000   2922.000000   4992.000000   3586.000000   2544.000000   1933.000000   1396.000000    656.000000    347.000000    149.000000     71.000000    547.000000    791.000000    657.000000    522.000000    225.000000    123.000000    224.000000    724.000000   1587.000000   2227.000000   2234.000000   2154.000000    806.000000    214.000000   1419.000000    816.000000    454.000000    648.000000    696.000000    461.000000   1053.000000   2410.000000   2221.000000   3429.000000   2179.000000   7034.000000   6767.000000   6074.000000   5694.000000   3692.000000   6644.000000   5618.000000   6644.000000
   607.572083   1292.000000   7140.000000   4046.000000  13163.000000  11469.000000  15774.000000   4750.000000   8194.000000   3288.000000   2871.000000   4923.000000   3493.000000   2480.000000   1980.000000   1331.000000    621.000000    333.000000    147.000000     55.000000    553.000000    790.000000    646.000000    472.000000    252.000000    102.000000    221.000000    709.000000   1654.000000   2012.000000   2157.000000   2021.000000    822.000000    203.000000   1366.000000    838.000000    434.000000    669.000000    720.000000    426.000000   1050.000000   2401.000000   2269.000000   3355.000000   2159.000000   7015.000000   6678.000000   6039.000000   5740.000000   3660.000000   6517.000000   5839.000000   6517.000000
   608.848572   1271.000000   7149.000000   4095.000000  13010.000000  11366.000000  15692.000000   4663.000000   7887.000000   3227.000000   2922.000000   4776.000000   3567.000000   2633.000000   2041.000000   1348.000000    565.000000    352.000000    150.000000     62.000000    563.000000    797.000000    612.000000    469.000000    249.000000    109.000000    234.000000    686.000000   1629.000000   2095.000000   2138.000000   2120.000000    824.000000    234.000000   1423.000000    802.000000    444.000000    716.000000    646.000000    513.000000   1165.000000   2387.000000   2386.000000   3444.000000   2087.000000   6923.000000   6550.000000   6239.000000   5643.000000   3723.000000   6450.000000   5677.000000   6450.000000
   610.125671   1235.000000   7114.000000   3971.000000  13309.000000  11355.000000  16173.000000   4723.000000   7980.000000   3215.000000   2731.000000   4903.000000   3515.000000   2631.000000   1970.000000   1348.000000    612.000000    326.000000    148.000000     76.000000    566.000000    809.000000    633.000000    505.000000    225.000000    134.000000    243.000000    713.000000   1683.000000   2133.000000   2321.000000   2178.000000    797.000000    231.000000   1474.000000    862.000000    442.000000    663.000000    688.000000    495.000000   1160.000000   2364.000000   2220.000000   3454.000000   2247.000000   7142.000000   6767.000000   6250.000000   5827.000000   3672.000000   6514.000000   5704.000000   6514.000000
   611.403198   1268.000000   7450.000000   4120.000000  13024.000000  11329.000000  16184.000000   4641.000000   7895.000000   3236.000000   2899.000000   5034.000000   3630.000000   2539.000000   2029.000000   1424.000000    693.000000    338.000000    151.000000     45.000000    546.000000    746.000000    608.000000    523.000000    236.000000    112.000000    244.000000    759.000000   1627.000000   2183.000000   2253.000000   2173.000000    839.000000    185.000000   1430.000000    793.000000    435.000000    717.000000    703.000000    479.000000   1049.000000   2387.000000   2377.000000   3456.000000   2216.000000   7052.000000   6932.000000   6357.000000   5926.000000   3817.000000   6659.000000   5911.000000   6659.000000
   612.681213   1206.000000   7480.000000   4164.000000  12956.000000  11536.000000  16182.000000   4764.000000   7876.000000   3193.000000   2737.000000   4956.000000   3630.000000   2491.000000   2028.000000   1382.000000    688.000000    337.000000    150.000000     60.000000    599.000000    755.000000    586.000000    486.000000    245.000000     87.000000    197.000000    707.000000   1654.000000   2119.000000   2298.000000   2110.000000    839.000000    187.000000   1488.000000    890.000000    508.000000    735.000000    733.000000    467.000000   1129.000000   2352.000000   2297.000000   3449.000000   2163.000000   7040.000000   6750.000000   6458.000000   6011.000000   3804.000000   6490.000000   5746.000000   6490.000000
   613.959717   1242.000000   7500.000000   4200.000000  13190.000000  11649.000000  16027.000000   4865.000000   7919.000000   3108.000000   2763.000000   5002.000000   3554.000000   2595.000000   1989.000000   1361.000000    637.000000    360.000000    164.000000     69.000000    528.000000    823.000000    681.000000    509.000000    217.000000    127.000000    245.000000    718.000000   1574.000000   2158.000000   2251.000000   2188.000000    868.000000    206.000000   1504.000000    859.000000    432.000000    664.000000    633.000000    466.000000   1169.000000   2526.000000   2368.000000   3482.000000   2258.000000   6989.000000   6933.000000   6436.000000   6009.000000   3793.000000   6484.000000   5794.000000   6484.000000
   615.238586   1233.000000   7541.000000   4139.000000  13070.000000  11417.000000  16181.000000   4778.000000   7806.000000   3196.000000   2874.000000   5099.000000   3763.000000   2455.000000   2049.000000   1389.000000    602.000000    357.000000    147.000000     73.000000    556.000000    790.000000    660.000000    541.000000    234.000000    110.000000    215.000000    746.000000   1711.000000   2174.000000   2293.000000   2177.000000    877.000000    216.000000   1416.000000    855.000000    509.000000    706.000000    715.000000    462.000000   1085.000000   2424.000000   2444.000000   3442.000000   2244.000000   7017.000000   6874.000000   6521.000000   6027.000000   3674.000000   6712.000000   5886.000000   6712.000000
   616.518127   1266.000000   7553.000000   4239.000000  12889.000000  11232.000000  16175.000000   4671.000000   7705.000000   3249.000000   2784.000000   4966.000000   3680.000000   2493.000000   2070.000000   1330.000000    661.000000    348.000000    142.000000     93.000000    505.000000    842.000000    627.000000    496.000000    246.000000     91.000000    225.000000    716.000000   1663.000000   2168.000000   2234.000000   2176.000000    877.000000    214.000000   1454.000000    829.000000    429.000000    710.000000    710.000000    457.000000   1062.000000   2500.000000   2376.000000   3584.000000   2153.000000   7061.000000   6902.000000   6416.000000   5936.000000   3760.000000   6430.000000   5732.000000   6430.000000
   617.797974   1246.000000   7350.000000   4091.000000  12743.000000  11245.000000  16046.000000   4734.000000   7623.000000   3264.000000   2795.000000   4839.000000   3606.000000   2385.000000   1976.000000   1414.000000    645.000000    360.000000    160.000000     68.000000    552.000000    824.000000    696.000000    539.000000    245.000000    117.000000    206.000000    715.000000   1705.000000   2178.000000   2251.000000   2132.000000    842.000000    208.000000   1543.000000    803.000000    471.000000    662.000000    640.000000    442.000000   1151.000000   2466.000000   2391.000000   3426.000000   2220.000000   6928.000000   6929.000000   6403.000000   5938.000000   3600.000000   6430.000000   5737.000000   6430.000000
   619.078430   1227.000000   7448.000000   3975.000000  12641.000000  11198.000000  15489.000000   4587.000000   7583.000000   3147.000000   2699.000000   4932.000000   3513.000000   2512.000000   1899.000000   1352.000000    646.000000    347.000000    147.000000     78.000000    561.000000    804.000000    632.000000    539.000000    252.000000     87.000000    245.000000    785.000000   1666.000000   2193.000000   2241.000000   2176.000000    813.000000    222.000000   1449.000000    885.000000    442.000000    688.000000    692.000000    468.000000   1059.000000   2452.000000   2343.000000   3467.000000   2117.000000   6864.000000   6851.000000   6227.000000   5843.000000   3691.000000   6325.000000   5703.000000   6325.000000
   620.359314   1241.000000   7397.000000   4217.000000  12545.000000  11092.000000  15748.000000   4417.000000   7484.000000   3112.000000   2657.000000   4798.000000   3548.000000   2433.000000   2040.000000   1368.000000    710.000000    332.000000    195.000000     80.000000    570.000000    775.000000    618.000000    504.000000    232.000000     80.000000    232.000000    676.000000   1624.000000   2144.000000   2196.000000   2115.000000    836.000000    196.000000   1374.000000    810.000000    457.000000    722.000000    731.000000    434.000000   1048.000000   2473.000000   2244.000000   3511.000000   2117.000000   6918.000000   6863.000000   6397.000000   5848.000000   3659.000000   6222.000000   5591.000000   6222.000000
   621.640625   1175.000000   7181.000000   4102.000000  12254.000000  10717.000000  15593.000000   4356.000000   7194.000000   3060.000000   2522.000000   4849.000000   3409.000000   2434.000000   1983.000000   1251.000000    633.000000    312.000000    156.000000     58.000000    534.000000    785.000000    693.000000    526.000000    201.000000    105.000000    242.000000    656.000000   1590.000000   2048.000000   2291.000000   2151.000000    825.000000    239.000000   1415.000000    832.000000    390.000000    708.000000    645.000000    480.000000   1106.000000   2289.000000   2279.000000   3309.000000   1995.000000   6890.000000   6891.000000   6424.000000   5706.000000   3643.000000   6226.000000   5582.000000   6226.000000
   622.922485   1123.000000   7209.000000   4230.000000  12144.000000  10606.000000  15277.000000   4496.000000   7047.000000   2933.000000   2487.000000   4712.000000   3537.000000   2436.000000   1928.000000   1271.000000    633.000000    379.000000    148.000000     97.000000    536.000000    797.000000    653.000000    517.000000    221.000000    101.000000    192.000000    702.000000   1576.000000   2156.000000   2192.000000   2036.000000    785.000000    229.000000   1433.000000    814.000000    408.000000    672.000000    704.000000    465.000000   1084.000000   2368.000000   2216.000000   3260.000000   2036.000000   6752.000000   6706.000000   6214.000000   5736.000000   3460.000000   6015.000000   5501.000000   6015.000000
   624.204773   1190.000000   7219.000000   4097.000000  12018.000000  10709.000000  15575.000000   4399.000000   6993.000000   3032.000000   2614.000000   4704.000000   3426.000000   2457.000000   1953.000000   1296.000000    639.000000    325.000000    137.000000     68.000000    553.000000    814.000000    661.000000    487.000000    214.000000     84.000000    218.000000    662.000000   1555.000000   2130.000000   2223.000000   2083.000000    815.000000    203.000000   1296.000000    806.000000    390.000000    714.000000    648.000000    462.000000   1032.000000   2367.000000   2259.000000   3363.000000   2051.000000   6766.000000   6602.000000   6291.000000   5769.000000   3548.000000   5965.000000   5526.000000   5965.000000
   625.487610   1197.000000   7193.000000   4198.000000  11900.000000  10552.000000  15068.000000   4439.000000   6638.000000   2890.000000   2544.000000   4636.000000   3479.000000   2335.000000   1891.000000   1330.000000    664.000000    317.000000    134.000000     72.000000    534.000000    804.000000    644.000000    476.000000    231.000000    106.000000    160.000000    693.000000   1529.000000   2070.000000   2227.000000   1954.000000    822.000000    238.000000   1381.000000    854.000000    428.000000    638.000000    649.000000    460.000000    990.000000   2353.000000   2273.000000   3280.000000   2063.000000   6751.000000   6512.000000   6245.000000   5584.000000   3443.000000   6019.000000   5384.000000   6019.000000
   626.770874   1201.000000   7046.000000   4301.000000  11518.000000  10383.000000  15085.000000   4254.000000   6692.000000   2968.000000   2572.000000   4627.000000   3433.000000   2318.000000   1831.000000   1325.000000    643.000000    373.000000    165.000000     68.000000    515.000000    792.000000    650.000000    511.000000    211.000000     86.000000    230.000000    655.000000   1535.000000   2017.000000   2236.000000   2028.000000    827.000000    201.000000   1320.000000    808.000000    362.000000    631.000000    648.000000    426.000000   1096.000000   2380.000000   2160.000000   3323.000000   1974.000000   6696.000000   6527.000000   6041.000000   5630.000000   3495.000000   5824.000000   5512.000000   5824.000000
   628.054626   1158.000000   6990.000000   4153.000000  11554.000000  10188.000000  15042.000000   4294.000000   6647.000000   2914.000000   2493.000000   4676.000000   3359.000000   2330.000000   1919.000000   1312.000000    599.000000    299.000000    158.000000     78.000000    549.000000    750.000000    656.000000    521.000000    265.000000     82.000000    228.000000    664.000000   1515.000000   1938.000000   2133.000000   2019.000000    778.000000    190.000000   1352.000000    860.000000    402.000000    648.000000    651.000000    426.000000   1057.000000   2351.000000   2246.000000   3282.000000   1984.000000   6621.000000   6401.000000   6064.000000   5688.000000   3372.000000   5845.000000   5370.000000   5845.000000
   629.338928   1178.000000   6946.000000   4176.000000  11217.000000  10123.000000  14602.000000   4139.000000   6599.000000   2891.000000   2478.000000   4474.000000   3363.000000   2274.000000   1827.000000   1298.000000    643.000000    300.000000    211.000000     53.000000    543.000000    748.000000    645.000000    498.000000    217.000000    115.000000    225.000000    614.000000   1407.000000   2020.000000   2132.000000   1961.000000    827.000000    232.000000   1331.000000    868.000000    418.000000    652.000000    590.000000    392.000000   1028.000000   2319.000000   2233.000000   3352.000000   2097.000000   6469.000000   6425.000000   6046.000000   5660.000000   3342.000000   5760.000000   5291.000000   5760.000000
   630.623596   1111.000000   6826.000000   4244.000000  11405.000000  10093.000000  14737.000000   4150.000000   6250.000000   2977.000000   2368.000000   4552.000000   3369.000000   2258.000000   1758.000000   1293.000000    591.000000    345.000000    151.000000     70.000000    511.000000    775.000000    589.000000    510.000000    194.000000    113.000000    199.000000    636.000000   1442.000000   1972.000000   2036.000000   1859.000000    840.000000    187.000000   1276.000000    873.000000    378.000000    616.000000    657.000000    445.000000   1067.000000   2328.000000   2072.000000   3179.000000   1886.000000   6498.000000   6226.000000   6008.000000   5637.000000   3335.000000   5629.000000   5239.000000   5629.000000
   631.908813   1151.000000   6783.000000   4194.000000  11054.000000   9975.000000  14417.000000   4111.000000   6279.000000   2838.000000   2515.000000   4618.000000   3303.000000   2207.000000   1785.000000   1229.000000    590.000000    308.000000    159.000000     46.000000    536.000000    761.000000    619.000000    493.000000    218.000000     82.000000    226.000000    686.000000   1503.000000   2008.000000   2053.000000   1999.000000    777.000000    173.000000   1318.000000    786.000000    385.000000    597.000000    652.000000    445.000000   1071.000000   2412.000000   2069.000000   3237.000000   1987.000000   6649.000000   6334.000000   5664.000000   5518.000000   3392.000000   5733.000000   5262.000000   5733.000000
   633.194519   1117.000000   6921.000000   4257.000000  11123.000000   9868.000000  14509.000000   4093.000000   6117.000000   2803.000000   2407.000000   4427.000000   3246.000000   2224.000000   1748.000000   1250.000000    618.000000    342.000000    158.000000     45.000000    528.000000    767.000000    601.000000    483.000000    216.000000     82.000000    220.000000    660.000000   1375.000000   1934.000000   2049.000000   1834.000000    770.000000    186.000000   1370.000000    885.000000    398.000000    600.000000    589.000000    441.000000   1028.000000   2281.000000   2068.000000   3221.000000   1929.000000   6583.000000   6414.000000   5988.000000   5555.000000   3380.000000   5716.000000   5197.000000   5716.000000
   634.480713   1099.000000   6913.000000   4063.000000  11047.000000   9869.000000  14316.000000   3964.000000   6093.000000   2836.000000   2319.000000   4411.000000   3357.000000   2174.000000   1764.000000   1269.000000    592.000000    309.000000    125.000000     55.000000    546.000000    746.000000    657.000000    481.000000    192.000000     94.000000    214.000000    699.000000   1490.000000   1947.000000   2166.000000   1902.000000    806.000000    178.000000   1379.000000    785.000000    445.000000    593.000000    572.000000    436.000000   1046.000000   2276.000000   2162.000000   3240.000000   1970.000000   6355.000000   6203.000000   6170.000000   5597.000000   3144.000000   5619.000000   5305.000000   5619.000000
   635.767273   1040.000000   6899.000000   4201.000000  11016.000000   9713.000000  14190.000000   4007.000000   6010.000000   2768.000000   2427.000000   4408.000000   3394.000000   2196.000000   1756.000000   1280.000000    611.000000    274.000000    157.000000     66.000000    522.000000    781.000000    633.000000    426.000000    188.000000     93.000000    237.000000    585.000000   1566.000000   1889.000000   2025.000000   1913.000000    783.000000    203.000000   1271.000000    709.000000    395.000000    651.000000    653.000000    422.000000   1047.000000   2272.000000   2221.000000   3230.000000   1994.000000   6325.000000   6379.000000   6019.000000   5730.000000   3210.000000   5608.000000   5010.000000   5608.000000
   637.054382   1094.000000   6915.000000   4194.000000  10799.000000   9687.000000  14002.000000   3954.000000   5852.000000   2751.000000   2297.000000   4425.000000   3301.000000   2249.000000   1643.000000   1244.000000    584.000000    306.000000    160.000000     56.000000    534.000000    762.000000    603.000000    491.000000    227.000000    109.000000    214.000000    595.000000   1504.000000   1854.000000   1989.000000   1903.000000    786.000000    204.000000   1337.000000    784.000000    406.000000    613.000000    585.000000    424.000000   1034.000000   2354.000000   2147.000000   3172.000000   2019.000000   6509.000000   6382.000000   5835.000000   5368.000000   3275.000000   5532.000000   5169.000000   5532.000000
   638.341980   1087.000000   6815.000000   4234.000000  10612.000000   9685.000000  13922.000000   3862.000000   5743.000000   2748.000000   2215.000000   4325.000000   3161.000000   2223.000000   1711.000000   1198.000000    586.000000    312.000000    159.000000     61.000000    512.000000    750.000000    605.000000    439.000000    203.000000     76.000000    224.000000    598.000000   1442.000000   1832.000000   2015.000000   1893.000000    775.000000    212.000000   1314.000000    777.000000    393.000000    581.000000    646.000000    465.000000   1031.000000   2361.000000   2115.000000   3209.000000   1938.000000   6345.000000   6276.000000   5919.000000   5451.000000   3085.000000   5466.000000   5133.000000   5466.000000
   639.630127   1094.000000   7053.000000   4146.000000  10493.000000   9517.000000  13767.000000   3947.000000   5744.000000   2671.000000   2297.000000   4271.000000   3173.000000   2204.000000   1633.000000   1225.000000    663.000000    293.000000    180.000000     57.000000    524.000000    774.000000    618.000000    486.000000    206.000000     94.000000    190.000000    606.000000   1382.000000   1822.000000   2073.000000   1817.000000    762.000000    187.000000   1323.000000    767.000000    343.000000    597.000000    602.000000    443.000000   1036.000000   2322.000000   2117.000000   3201.000000   2016.000000   6255.000000   6301.000000   5829.000000   5349.000000   3195.000000   5455.000000   4987.000000   5455.000000
   640.918579   1086.000000   6975.000000   4130.000000  10413.000000   9208.000000  13687.000000   3819.000000   5605.000000   2703.000000   2137.000000   4177.000000   3104.000000   2080.000000   1681.000000   1203.000000    613.000000    312.000000    181.000000     58.000000    509.000000    730.000000    635.000000    422.000000    200.000000     88.000000    176.000000    599.000000   1406.000000   1888.000000   2016.000000   1886.000000    822.000000    204.000000   1271.000000    753.000000    421.000000    571.000000    553.000000    388.000000   1034.000000   2278.000000   2196.000000   3263.000000   1988.000000   6311.000000   6293.000000   5844.000000   5311.000000   3147.000000   5491.000000   4817.000000   5491.000000
   642.207703   1080.000000   6734.000000   4121.000000  10058.000000   9177.000000  13262.000000   3745.000000   5348.000000   2611.000000   2112.000000   4205.000000   2972.000000   2123.000000   1724.000000   1217.000000    609.000000    326.000000    144.000000     51.000000    555.000000    786.000000    614.000000    482.000000    166.000000    101.000000    196.000000    550.000000   1313.000000   1772.000000   2008.000000   1768.000000    720.000000    232.000000   1305.000000    751.000000    357.000000    574.000000    608.000000    409.000000   1029.000000   2310.000000   2195.000000   3121.000000   1894.000000   6204.000000   6088.000000   5856.000000   5453.000000   3059.000000   5326.000000   4904.000000   5326.000000
   643.497192   1046.000000   6657.000000   4119.000000   9738.000000   8983.000000  13183.000000   3765.000000   5329.000000   2717.000000   2082.000000   4047.000000   3120.000000   2119.000000   1685.000000   1219.000000    633.000000    324.000000    162.000000     61.000000    526.000000    770.000000    576.000000    439.000000    180.000000    103.000000    167.000000    544.000000   1235.000000   1799.000000   2027.000000   1759.000000    720.000000    229.000000   1327.000000    754.000000    339.000000    577.000000    583.000000    464.000000   1007.000000   2308.000000   2007.000000   3124.000000   1904.000000   6108.000000   6157.000000   5731.000000   5103.000000   3093.000000   5289.000000   4816.000000   5289.000000
   644.787170   1061.000000   6714.000000   4166.000000   9638.000000   9133.000000  13041.000000   3735.000000   5105.000000   2516.000000   2108.000000   3990.000000   3091.000000   2082.000000   1650.000000   1208.000000    623.000000    300.000000    153.000000     64.000000    478.000000    742.000000    605.000000    410.000000    193.000000     60.000000    183.000000    606.000000   1249.000000   1752.000000   1863.000000   1737.000000    756.000000    213.000000   1277.000000    753.000000    344.000000    544.000000    553.000000    371.000000   1089.000000   2321.000000   2048.000000   3180.000000   1926.000000   6129.000000   6027.000000   5804.000000   5218.000000   3034.000000   5235.000000   4798.000000   5235.000000
   646.077576   1025.000000   6602.000000   4080.000000   9640.000000   8803.000000  12974.000000   3624.000000   5179.000000   2525.000000   2081.000000   3913.000000   3001.000000   2006.000000   1664.000000   1222.000000    549.000000    270.000000    158.000000     53.000000    486.000000    707.000000    601.000000    414.000000    201.000000     89.000000    155.000000    516.000000   1275.000000   1732.000000   1897.000000   1705.000000    738.000000    210.000000   1238.000000    716.000000    350.000000    540.000000    579.000000    383.000000    994.000000   2194.000000   2027.000000   3057.000000   1829.000000   6000.000000   5998.000000   5668.000000   5097.000000   2922.000000   5137.000000   4504.000000   5137.000000
   647.368713   1040.000000   6572.000000   4078.000000   9614.000000   8882.000000  12652.000000   3589.000000   5023.000000   2497.000000   2062.000000   4031.000000   2938.000000   2014.000000   1582.000000   1153.000000    570.000000    294.000000    163.000000     51.000000    490.000000    741.000000    568.000000    439.000000    185.000000     96.000000    175.000000    559.000000   1249.000000   1680.000000   1779.000000   1660.000000    747.000000    214.000000   1249.000000    746.000000    365.000000    539.000000    556.000000    405.000000    927.000000   2263.000000   2001.000000   3118.000000   1820.000000   5957.000000   5821.000000   5692.000000   5202.000000   3024.000000   5040.000000   4600.000000   5040.000000
   648.659973   1050.000000   6517.000000   4090.000000   9460.000000   8716.000000  12432.000000   3545.000000   4889.000000   2443.000000   1994.000000   3922.000000   2972.000000   1906.000000   1555.000000   1169.000000    568.000000    221.000000    125.000000     65.000000    539.000000    736.000000    595.000000    419.000000    205.000000     80.000000    192.000000    558.000000   1264.000000   1644.000000   1795.000000   1685.000000    702.000000    194.000000   1311.000000    744.000000    355.000000    547.000000    582.000000    403.000000    941.000000   2134.000000   2077.000000   3019.000000   1851.000000   5912.000000   5806.000000   5779.000000   5066.000000   2857.000000   4896.000000   4742.000000   4896.000000
   649.952026    948.000000   6406.000000   4209.000000   9546.000000   8595.000000  12370.000000   3522.000000   4818.000000   2412.000000   1959.000000   3817.000000   2948.000000   1892.000000   1571.000000   1168.000000    558.000000    258.000000    124.000000     73.000000    484.000000    736.000000    575.000000    394.000000    202.000000     75.000000    187.000000    565.000000   1209.000000   1657.000000   1858.000000   1661.000000    705.000000    177.000000   1261.000000    653.000000    391.000000    536.000000    538.000000    424.000000    960.000000   2145.000000   2050.000000   3073.000000   1735.000000   5963.000000   5920.000000   5736.000000   5346.000000   2846.000000   4990.000000   4650.000000   4990.000000
   651.244385    956.000000   6414.000000   4088.000000   9413.000000   8718.000000  12272.000000   3574.000000   4811.000000   2474.000000   1877.000000   3970.000000   3091.000000   1880.000000   1484.000000   1242.000000    612.000000    305.000000    154.000000     52.000000    521.000000    724.000000    576.000000    377.000000    196.000000     82.000000    173.000000    607.000000   1219.000000   1726.000000   1885.000000   1698.000000    783.000000    245.000000   1251.000000    718.000000    361.000000    498.000000    499.000000    401.000000    959.000000   2208.000000   1965.000000   3096.000000   1796.000000   5910.000000   5859.000000   5730.000000   5204.000000   2742.000000   4954.000000   4560.000000   4954.000000
   652.537170    987.000000   6517.000000   4198.000000   9510.000000   8732.000000  12232.000000   3638.000000   4701.000000   2440.000000   2073.000000   3868.000000   2993.000000   1904.000000   1512.000000   1144.000000    629.000000    295.000000    152.000000     63.000000    474.000000    724.000000    553.000000    386.000000    206.000000     81.000000    163.000000    543.000000   1256.000000   1669.000000   1936.000000   1646.000000    718.000000    228.000000   1329.000000    678.000000    332.000000    542.000000    581.000000    428.000000    950.000000   2114.000000   2022.000000   3017.000000   1779.000000   5879.000000   5752.000000   5716.000000   5216.000000   2808.000000   4899.000000   4626.000000   4899.000000
   653.830688   1065.000000   6330.000000   4100.000000   9249.000000   8429.000000  12237.000000   3552.000000   4659.000000   2436.000000   2039.000000   3934.000000   2908.000000   1864.000000   1563.000000   1143.000000    615.000000    254.000000    155.000000     46.000000    515.000000    750.000000    600.000000    359.000000    195.000000     92.000000    189.000000    578.000000   1273.000000   1646.000000   1908.000000   1603.000000    761.000000    206.000000   1290.000000    752.000000    370.000000    496.000000    508.000000    378.000000    941.000000   2164.000000   1902.000000   2986.000000   1772.000000   5911.000000   5770.000000   5634.000000   5191.000000   2773.000000   4662.000000   4657.000000   4662.000000
   655.124512    986.000000   6474.000000   4364.000000   9352.000000   8437.000000  12159.000000   3635.000000   4597.000000   2504.000000   1945.000000   3707.000000   2973.000000   1859.000000   1486.000000   1173.000000    577.000000    293.000000    166.000000     77.000000    557.000000    740.000000    616.000000    370.000000    204.000000     82.000000    203.000000    590.000000   1225.000000   1733.000000   1864.000000   1682.000000    790.000000    199.000000   1291.000000    714.000000    314.000000    513.000000    527.000000    381.000000    966.000000   2124.000000   1859.000000   2961.000000   1732.000000   5681.000000   5789.000000   5467.000000   5231.000000   2771.000000   4685.000000   4537.000000   4685.000000
   656.418823    979.000000   6298.000000   4185.000000   9206.000000   8525.000000  12133.000000   3566.000000   4436.000000   2470.000000   1888.000000   3782.000000   2903.000000   1762.000000   1460.000000   1154.000000    596.000000    263.000000    148.000000     42.000000    566.000000    714.000000    563.000000    418.000000    202.000000     94.000000    173.000000    585.000000   1196.000000   1718.000000   1906.000000   1619.000000    749.000000    196.000000   1347.000000    707.000000    348.000000    544.000000    491.000000    441.000000    927.000000   2059.000000   1974.000000   2995.000000   1774.000000   5596.000000   5650.000000   5559.000000   5182.000000   2720.000000   4730.000000   4507.000000   4730.000000
   657.713623   1006.000000   6117.000000   4199.000000   9226.000000   8458.000000  11801.000000   3594.000000   4511.000000   2408.000000   1900.000000   3798.000000   2979.000000   1792.000000   1433.000000   1105.000000    582.000000    269.000000    148.000000     55.000000    526.000000    743.000000    607.000000    406.000000    203.000000     79.000000    180.000000    544.000000   1230.000000   1742.000000   1767.000000   1660.000000    748.000000    246.000000   1332.000000    727.000000    321.000000    516.000000    554.000000    382.000000    937.000000   2033.000000   1941.000000   3045.000000   1726.000000   5595.000000   5485.000000   5463.000000   5111.000000   2727.000000   4579.000000   4529.000000   4579.000000
   659.008911    981.000000   6020.000000   4157.000000   9066.000000   8194.000000  11784.000000   3494.000000   4316.000000   2352.000000   1849.000000   3770.000000   2927.000000   1788.000000   1449.000000   1129.000000    641.000000    250.000000    189.000000     74.000000    489.000000    723.000000    553.000000    370.000000    198.000000     62.000000    157.000000    543.000000   1168.000000   1671.000000   1838.000000   1597.000000    723.000000    203.000000   1259.000000    664.000000    292.000000    536.000000    539.000000    416.000000    983.000000   2097.000000   1882.000000   2902.000000   1771.000000   5431.000000   5575.000000   5570.000000   5309.000000   2716.000000   4525.000000   4506.000000   4525.000000
   660.304688    978.000000   6074.000000   4161.000000   8784.000000   8178.000000  11573.000000   3326.000000   4223.000000   2435.000000   1925.000000   3647.000000   2841.000000   1754.000000   1333.000000   1193.000000    605.000000    239.000000    157.000000     57.000000    461.000000    690.000000    563.000000    418.000000    200.000000     97.000000    174.000000    569.000000   1195.000000   1667.000000   1769.000000   1539.000000    745.000000    213.000000   1232.000000    664.000000    306.000000    505.000000    483.000000    390.000000    958.000000   2067.000000   1819.000000   2933.000000   1679.000000   5726.000000   5482.000000   5508.000000   5144.000000   2681.000000   4651.000000   4422.000000   4651.000000
   661.600830    960.000000   6127.000000   4196.000000   8988.000000   7933.000000  11401.000000   3345.000000   4110.000000   2297.000000   1805.000000   3748.000000   2839.000000   1735.000000   1385.000000   1084.000000    621.000000    288.000000    122.000000     67.000000    478.000000    735.000000    567.000000    358.000000    191.000000     71.000000    179.000000    544.000000   1104.000000   1606.000000   1784.000000   1650.000000    749.000000    214.000000   1272.000000    662.000000    302.000000    463.000000    545.000000    410.000000    852.000000   2145.000000   1861.000000   2925.000000   1620.000000   5378.000000   5507.000000   5553.000000   5196.000000   2759.000000   4647.000000   4564.000000   4647.000000
   662.897583    929.000000   5920.000000   4058.000000   8759.000000   7951.000000  11154.000000   3252.000000   4068.000000   2311.000000   1793.000000   3561.000000   2680.000000   1690.000000   1393.000000   1095.000000    629.000000    233.000000    165.000000     62.000000    510.000000    699.000000    595.000000    389.000000    193.000000     76.000000    150.000000    557.000000   1214.000000   1624.000000   1786.000000   1611.000000    706.000000    203.000000   1218.000000    668.000000    298.000000    468.000000    502.000000    384.000000    901.000000   2061.000000   1793.000000   2883.000000   1648.000000   5322.000000   5335.000000   5420.000000   4967.000000   2619.000000   4426.000000   4277.000000   4426.000000
   664.194824    957.000000   5914.000000   3983.000000   8568.000000   8018.000000  10986.000000   3298.000000   3976.000000   2328.000000   1789.000000   3616.000000   2710.000000   1675.000000   1272.000000   1049.000000    609.000000    243.000000    140.000000     57.000000    508.000000    691.000000    579.000000    331.000000    186.000000     93.000000    161.000000    525.000000   1117.000000   1559.000000   1704.000000   1524.000000    754.000000    217.000000   1136.000000    601.000000    281.000000    458.000000    508.000000    313.000000    888.000000   2077.000000   1866.000000   2865.000000   1669.000000   5401.000000   5311.000000   5364.000000   4986.000000   2602.000000   4357.000000   4351.000000   4357.000000
   665.492493    911.000000   5847.000000   4017.000000   8388.000000   7988.000000  10871.000000   3215.000000   4015.000000   2192.000000   1732.000000   3569.000000   2763.000000   1655.000000   1299.000000   1038.000000    569.000000    264.000000    163.000000     57.000000    504.000000    689.000000    566.000000    361.000000    144.000000     70.000000    175.000000    520.000000   1088.000000   1571.000000   1738.000000   1497.000000    700.000000    221.000000   1170.000000    668.000000    290.000000    465.000000    512.000000    347.000000    922.000000   1976.000000   1790.000000   2789.000000   1751.000000   5329.000000   5242.000000   5295.000000   4794.000000   2583.000000   4351.000000   4317.000000   4351.000000
   666.790588    896.000000   5799.000000   4007.000000   8251.000000   7778.000000  10958.000000   3297.000000   3771.000000   2171.000000   1714.000000   3633.000000   2681.000000   1664.000000   1339.000000   1068.000000    524.000000    255.000000    161.000000     65.000000    506.000000    670.000000    545.000000    377.000000    165.000000     86.000000    182.000000    533.000000   1071.000000   1476.000000   1803.000000   1543.000000    733.000000    217.000000   1197.000000    647.000000    299.000000    459.000000    458.000000    393.000000    938.000000   2146.000000   1834.000000   2648.000000   1621.000000   5120.000000   5338.000000   5280.000000   4957.000000   2605.000000   4311.000000   4291.000000   4311.000000
   668.089294    922.000000   5893.000000   4015.000000   8097.000000   7625.000000  10485.000000   3170.000000   3815.000000   2225.000000   1744.000000   3543.000000   2708.000000   1563.000000   1304.000000   1029.000000    575.000000    240.000000    153.000000     69.000000    532.000000    685.000000    577.000000    337.000000    174.000000    105.000000    144.000000    506.000000   1192.000000   1537.000000   1745.000000   1416.000000    743.000000    214.000000   1208.000000    641.000000    259.000000    437.000000    481.000000    353.000000    869.000000   1977.000000   1669.000000   2828.000000   1657.000000   5019.000000   5044.000000   5283.000000   4911.000000   2542.000000   4407.000000   4220.000000   4407.000000
   669.388428    882.000000   5728.000000   4219.000000   7980.000000   7586.000000  10478.000000   3235.000000   3783.000000   2092.000000   1686.000000   3498.000000   2650.000000   1581.000000   1175.000000   1017.000000    571.000000    239.000000    104.000000     47.000000    470.000000    696.000000    546.000000    341.000000    209.000000     88.000000    185.000000    516.000000   1086.000000   1530.000000   1647.000000   1556.000000    740.000000    193.000000   1218.000000    616.000000    279.000000    446.000000    501.000000    414.000000    889.000000   1972.000000   1790.000000   2814.000000   1581.000000   5008.000000   5200.000000   5326.000000   4790.000000   2464.000000   4291.000000   4154.000000   4291.000000
   670.687988    867.000000   5759.000000   4125.000000   8115.000000   7451.000000  10481.000000   3160.000000   3606.000000   2203.000000   1651.000000   3402.000000   2634.000000   1601.000000   1278.000000   1054.000000    569.000000    268.000000    140.000000     80.000000    486.000000    679.000000    520.000000    345.000000    172.000000     66.000000    152.000000    507.000000   1076.000000   1538.000000   1738.000000   1438.000000    651.000000    241.000000   1224.000000    651.000000    246.000000    473.000000    506.000000    364.000000    933.000000   1959.000000   1768.000000   2764.000000   1626.000000   5265.000000   5137.000000   5165.000000   4905.000000   2532.000000   4240.000000   4162.000000   4240.000000
   671.988098    918.000000   5530.000000   4016.000000   7925.000000   7484.000000  10140.000000   3207.000000   3652.000000   2045.000000   1691.000000   3385.000000   2572.000000   1489.000000   1193.000000   1022.000000    562.000000    231.000000    178.000000     48.000000    533.000000    688.000000    533.000000    352.000000    169.000000     39.000000    171.000000    539.000000   1055.000000   1585.000000   1725.000000   1438.000000    705.000000    193.000000   1186.000000    661.000000    326.000000    438.000000    488.000000    341.000000    878.000000   1906.000000   1717.000000   2584.000000   1549.000000   4943.000000   4948.000000   5010.000000   4784.000000   2469.000000   4320.000000   4115.000000   4320.000000
   673.288574    826.000000   5548.000000   3962.000000   7728.000000   7129.000000  10025.000000   3055.000000   3446.000000   2077.000000   1623.000000   3280.000000   2548.000000   1463.000000   1175.000000   1020.000000    504.000000    230.000000    154.000000     47.000000    510.000000    653.000000    571.000000    334.000000    163.000000     60.000000    121.000000    516.000000   1038.000000   1426.000000   1652.000000   1459.000000    698.000000    202.000000   1166.000000    581.000000    284.000000    450.000000    453.000000    337.000000    859.000000   1901.000000   1722.000000   2545.000000   1585.000000   4983.000000   4979.000000   4933.000000   4729.000000   2451.000000   4163.000000   4113.000000   4163.000000
   674.589722    869.000000   5546.000000   3984.000000   7684.000000   7185.000000   9718.000000   3015.000000   3485.000000   2119.000000   1621.000000   3274.000000   2641.000000   1537.000000   1134.000000    975.000000    558.000000    231.000000    125.000000     27.000000    435.000000    650.000000    546.000000    335.000000    155.000000     75.000000    124.000000    551.000000    992.000000   1494.000000   1669.000000   1315.000000    702.000000    207.000000   1152.000000    610.000000    284.000000    428.000000    497.000000    357.000000    834.000000   1831.000000   1709.000000   2684.000000   1540.000000   4994.000000   4840.000000   4957.000000   4569.000000   2464.000000   4083.000000   3975.000000   4083.000000
   675.891174    804.000000   5544.000000   3857.000000   7554.000000   7049.000000   9695.000000   3086.000000   3429.000000   2060.000000   1598.000000   3196.000000   2517.000000   1410.000000   1202.000000    982.000000    524.000000    219.000000    126.000000     52.000000    429.000000    622.000000    564.000000    299.000000    184.000000     74.000000    174.000000    499.000000   1082.000000   1426.000000   1659.000000   1390.000000    716.000000    205.000000   1148.000000    620.000000    293.000000    443.000000    455.000000    354.000000    866.000000   1840.000000   1684.000000   2693.000000   1541.000000   4914.000000   4724.000000   4975.000000   4698.000000   2373.000000   3908.000000   3936.000000   3908.000000
   677.193176    873.000000   5324.000000   4014.000000   7600.000000   7062.000000   9544.000000   2919.000000   3309.000000   1996.000000   1496.000000   3234.000000   2564.000000   1413.000000   1103.000000   1030.000000    533.000000    233.000000    116.000000     47.000000    432.000000    631.000000    537.000000    347.000000    182.000000     74.000000    157.000000    486.000000   1024.000000   1416.000000   1635.000000   1431.000000    659.000000    216.000000   1134.000000    616.000000    286.000000    414.000000    428.000000    356.000000    855.000000   1845.000000   1701.000000   2572.000000   1562.000000   4721.000000   4736.000000   4838.000000   4765.000000   2434.000000   3954.000000   3972.000000   3954.000000
   678.495728    841.000000   5257.000000   4001.000000   7283.000000   6933.000000   9508.000000   2982.000000   3295.000000   2005.000000   1539.000000   3147.000000   2466.000000   1401.000000   1165.000000   1029.000000    555.000000    222.000000    134.000000     47.000000    466.000000    654.000000    553.000000    332.000000    147.000000     77.000000    133.000000    494.000000   1059.000000   1400.000000   1570.000000   1326.000000    723.000000    220.000000   1108.000000    615.000000    265.000000    442.000000    445.000000    379.000000    781.000000   1892.000000   1624.000000   2665.000000   1570.000000   4742.000000   4698.000000   4860.000000   4762.000000   2315.000000   4032.000000   3869.000000   4032.000000
   679.798584    831.000000   5176.000000   3930.000000   7563.000000   6942.000000   9399.000000   3016.000000   3188.000000   2068.000000   1567.000000   3091.000000   2449.000000   1401.000000   1112.000000    969.000000    533.000000    214.000000    144.000000     75.000000    462.000000    717.000000    580.000000    340.000000    162.000000     71.000000    131.000000    487.000000    960.000000   1395.000000   1594.000000   1367.000000    668.000000    226.000000   1105.000000    616.000000    245.000000    410.000000    434.000000    357.000000    865.000000   1836.000000   1681.000000   2528.000000   1435.000000   4697.000000   4689.000000   4855.000000   4716.000000   2360.000000   3866.000000   3909.000000   3866.000000
   681.102112    897.000000   5226.000000   3807.000000   7386.000000   6705.000000   9541.000000   2984.000000   3171.000000   1932.000000   1519.000000   3139.000000   2397.000000   1363.000000   1085.000000   1004.000000    533.000000    202.000000    122.000000     54.000000    518.000000    606.000000    553.000000    322.000000    176.000000     81.000000    148.000000    492.000000    975.000000   1331.000000   1622.000000   1305.000000    655.000000    244.000000   1107.000000    625.000000    259.000000    459.000000    431.000000    353.000000    850.000000   1885.000000   1583.000000   2586.000000   1435.000000   4747.000000   4464.000000   4778.000000   4665.000000   2379.000000   3813.000000   3843.000000   3813.000000
   682.406006    814.000000   5096.000000   3903.000000   7161.000000   6660.000000   9074.000000   2910.000000   3129.000000   1924.000000   1502.000000   3156.000000   2438.000000   1317.000000   1055.000000    943.000000    544.000000    237.000000    158.000000     74.000000    486.000000    661.000000    514.000000    311.000000    154.000000     70.000000    145.000000    487.000000    977.000000   1414.000000   1510.000000   1243.000000    647.000000    236.000000   1091.000000    582.000000    292.000000    430.000000    438.000000    381.000000    864.000000   1752.000000   1575.000000   2488.000000   1416.000000   4466.000000   4463.000000   4775.000000   4601.000000   2260.000000   3992.000000   3796.000000   3992.000000
   683.710388    838.000000   5070.000000   3785.000000   6998.000000   6830.000000   8961.000000   2918.000000   3044.000000   1915.000000   1481.000000   3064.000000   2406.000000   1330.000000   1036.000000    925.000000    487.000000    212.000000    138.000000     59.000000    441.000000    632.000000    484.000000    303.000000    153.000000     68.000000    143.000000    467.000000    947.000000   1319.000000   1669.000000   1310.000000    605.000000    209.000000   1207.000000    621.000000    274.000000    370.000000    444.000000    340.000000    859.000000   1740.000000   1574.000000   2385.000000   1396.000000   4319.000000   4537.000000   4743.000000   4487.000000   2277.000000   3892.000000   3803.000000   3892.000000
   685.015320    848.000000   5030.000000   3824.000000   7085.000000   6754.000000   8914.000000   2962.000000   2954.000000   1893.000000   1515.000000   3025.000000   2378.000000   1239.000000   1065.000000    918.000000    538.000000    179.000000    135.000000     66.000000    409.000000    607.000000    503.000000    300.000000    169.000000     64.000000    141.000000    466.000000    957.000000   1287.000000   1539.000000   1194.000000    630.000000    161.000000   1120.000000    551.000000    290.000000    396.000000    439.000000    353.000000    845.000000   1758.000000   1611.000000   2407.000000   1413.000000   4363.000000   4450.000000   4718.000000   4501.000000   2362.000000   3867.000000   3703.000000   3867.000000
   686.320679    800.000000   4918.000000   3785.000000   6981.000000   6404.000000   8635.000000   2863.000000   3005.000000   1826.000000   1475.000000   3008.000000   2349.000000   1259.000000    983.000000    827.000000    582.000000    229.000000    136.000000     73.000000    447.000000    646.000000    500.000000    271.000000    141.000000     82.000000    167.000000    465.000000    945.000000   1295.000000   1516.000000   1225.000000    624.000000    197.000000   1152.000000    621.000000    234.000000    384.000000    370.000000    316.000000    836.000000   1752.000000   1592.000000   2408.000000   1437.000000   4315.000000   4393.000000   4569.000000   4400.000000   2251.000000   3701.000000   3662.000000   3701.000000
   687.626526    725.000000   4863.000000   3813.000000   6919.000000   6428.000000   8553.000000   2864.000000   2837.000000   1819.000000   1413.000000   2927.000000   2276.000000   1244.000000   1007.000000    925.000000    500.000000    190.000000    122.000000     45.000000    439.000000    654.000000    495.000000    284.000000    135.000000     76.000000    134.000000    472.000000    985.000000   1253.000000   1543.000000   1227.000000    633.000000    208.000000   1065.000000    571.000000    256.000000    396.000000    379.000000    362.000000    859.000000   1737.000000   1588.000000   2219.000000   1417.000000   4423.000000   4319.000000   4469.000000   4358.000000   2233.000000   3755.000000   3661.000000   3755.000000
   688.932800    751.000000   4854.000000   3892.000000   6831.000000   6289.000000   8273.000000   2730.000000   2774.000000   1828.000000   1404.000000   3023.000000   2281.000000   1251.000000    927.000000    937.000000    521.000000    194.000000    126.000000     48.000000    462.000000    621.000000    511.000000    314.000000    158.000000     70.000000    137.000000    454.000000    855.000000   1234.000000   1461.000000   1214.000000    609.000000    193.000000   1019.000000    570.000000    268.000000    352.000000    408.000000    331.000000    797.000000   1709.000000   1550.000000   2305.000000   1289.000000   4269.000000   4303.000000   4479.000000   4213.000000   2141.000000   3533.000000   3571.000000   3533.000000
   690.239624    689.000000   4712.000000   3798.000000   6578.000000   6255.000000   7964.000000   2627.000000   2739.000000   1811.000000   1400.000000   2926.000000   2283.000000   1194.000000    965.000000    874.000000    476.000000    172.000000    130.000000     48.000000    435.000000    565.000000    504.000000    296.000000    158.000000     66.000000    138.000000    443.000000    854.000000   1203.000000   1413.000000   1130.000000    667.000000    208.000000   1026.000000    567.000000    228.000000    376.000000    385.000000    371.000000    757.000000   1643.000000   1423.000000   2135.000000   1359.000000   4192.000000   4254.000000   4498.000000   4320.000000   2074.000000   3497.000000   3522.000000   3497.000000
   691.546875    737.000000   4664.000000   3642.000000   6478.000000   6148.000000   8011.000000   2641.000000   2734.000000   1777.000000   1319.000000   2736.000000   2175.000000   1201.000000    905.000000    867.000000    482.000000    162.000000    122.000000     62.000000    472.000000    563.000000    430.000000    281.000000    134.000000     75.000000    106.000000    424.000000    840.000000   1248.000000   1494.000000   1167.000000    574.000000    208.000000   1028.000000    524.000000    224.000000    343.000000    379.000000    335.000000    748.000000   1689.000000   1433.000000   2239.000000   1316.000000   4164.000000   4200.000000   4262.000000   4167.000000   2001.000000   3490.000000   3566.000000   3490.000000
   692.854614    706.000000   4665.000000   3620.000000   6359.000000   6108.000000   7886.000000   2647.000000   2711.000000   1693.000000   1293.000000   2927.000000   2074.000000   1123.000000    852.000000    821.000000    469.000000    201.000000    120.000000     47.000000    456.000000    575.000000    518.000000    286.000000    133.000000     65.000000    134.000000    400.000000    813.000000   1199.000000   1393.000000   1137.000000    648.000000    195.000000   1036.000000    541.000000    237.000000    355.000000    378.000000    331.000000    711.000000   1600.000000   1406.000000   2110.000000   1299.000000   4079.000000   4094.000000   4215.000000   4196.000000   2028.000000   3367.000000   3428.000000   3367.000000
   694.162781    739.000000   4606.000000   3516.000000   6267.000000   5977.000000   7638.000000   2611.000000   2574.000000   1676.000000   1265.000000   2678.000000   2108.000000   1139.000000    867.000000    815.000000    490.000000    197.000000    104.000000     61.000000    432.000000    593.000000    523.000000    278.000000    126.000000     52.000000    145.000000    397.000000    838.000000   1154.000000   1360.000000   1102.000000    609.000000    207.000000    942.000000    554.000000    245.000000    349.000000    382.000000    366.000000    681.000000   1609.000000   1409.000000   2118.000000   1348.000000   4069.000000   4018.000000   4257.000000   4057.000000   1950.000000   3256.000000   3434.000000   3256.000000
   695.471619    679.000000   4508.000000   3488.000000   6167.000000   5809.000000   7386.000000   2564.000000   2572.000000   1596.000000   1294.000000   2610.000000   2076.000000   1131.000000    819.000000    730.000000    425.000000    216.000000    133.000000     67.000000    434.000000    540.000000    440.000000    265.000000    143.000000     41.000000    103.000000    400.000000    843.000000   1253.000000   1387.000000   1182.000000    566.000000    235.000000    939.000000    525.000000    210.000000    365.000000    378.000000    334.000000    742.000000   1485.000000   1349.000000   2169.000000   1247.000000   3909.000000   3989.000000   4277.000000   4024.000000   1904.000000   3371.000000   3257.000000   3371.000000
   696.780823    675.000000   4463.000000   3489.000000   5983.000000   5593.000000   7193.000000   2480.000000   2473.000000   1644.000000   1190.000000   2602.000000   2031.000000   1107.000000    882.000000    792.000000    461.000000    187.000000    101.000000     55.000000    438.000000    573.000000    460.000000    288.000000    131.000000     59.000000    131.000000    417.000000    776.000000   1163.000000   1283.000000   1088.000000    591.000000    167.000000    994.000000    488.000000    227.000000    329.000000    380.000000    341.000000    793.000000   1447.000000   1304.000000   2167.000000   1215.000000   3738.000000   3773.000000   4013.000000   4042.000000   1865.000000   3223.000000   3194.000000   3223.000000
   698.090515    645.000000   4422.000000   3485.000000   5848.000000   5550.000000   7178.000000   2455.000000   2460.000000   1575.000000   1177.000000   2506.000000   1995.000000   1062.000000    835.000000    786.000000    433.000000    187.000000    120.000000     58.000000    408.000000    557.000000    447.000000    241.000000    158.000000     50.000000    125.000000    423.000000    769.000000   1056.000000   1276.000000   1052.000000    562.000000    185.000000    935.000000    506.000000    231.000000    291.000000    357.000000    303.000000    735.000000   1469.000000   1360.000000   2035.000000   1265.000000   3751.000000   3832.000000   4098.000000   3901.000000   1906.000000   3132.000000   3163.000000   3132.000000
   699.400574    710.000000   4359.000000   3471.000000   6540.000000   5452.000000   6866.000000   2527.000000   2298.000000   1583.000000   1349.000000   2908.000000   1937.000000    949.000000    761.000000    747.000000    426.000000    180.000000    107.000000     36.000000    375.000000    537.000000    475.000000    259.000000    129.000000     39.000000    111.000000    392.000000    787.000000   1074.000000   1261.000000   1034.000000    533.000000    184.000000    934.000000    481.000000    199.000000    335.000000    353.000000    312.000000    674.000000   1449.000000   1366.000000   2051.000000   1204.000000   3607.000000   3648.000000   4041.000000   3899.000000   1929.000000   3142.000000   2760.000000   3142.000000
   700.711304    675.000000   4191.000000   3353.000000   5591.000000   5369.000000   6522.000000   2440.000000   2290.000000   1501.000000   1190.000000   2413.000000   1885.000000    974.000000    782.000000    767.000000    427.000000    207.000000    108.000000     50.000000    369.000000    511.000000    497.000000    251.000000    142.000000     62.000000    104.000000    370.000000    787.000000   1041.000000   1228.000000    927.000000    532.000000    189.000000    864.000000    469.000000    230.000000    326.000000    350.000000    308.000000    672.000000   1418.000000   1288.000000   1960.000000   1221.000000   3642.000000   3680.000000   3914.000000   3884.000000   1815.000000   3095.000000   3100.000000   3095.000000
   702.022400    649.000000   4274.000000   3326.000000   5582.000000   5217.000000   6319.000000   2371.000000   2218.000000   1495.000000   1214.000000   2339.000000   1923.000000    974.000000    712.000000    723.000000    470.000000    173.000000     99.000000     59.000000    425.000000    513.000000    437.000000    240.000000    129.000000     52.000000    105.000000    408.000000    755.000000   1042.000000   1184.000000    972.000000    557.000000    193.000000    834.000000    466.000000    213.000000    309.000000    341.000000    280.000000    665.000000   1478.000000   1299.000000   2001.000000   1172.000000   3614.000000   3597.000000   3874.000000   3720.000000   1755.000000   2978.000000   2930.000000   2978.000000
   703.333984    633.000000   4090.000000   3234.000000   5593.000000   5100.000000   6408.000000   2282.000000   2264.000000   1523.000000   1129.000000   2307.000000   1905.000000    975.000000    748.000000    656.000000    428.000000    156.000000     89.000000     60.000000    420.000000    484.000000    432.000000    233.000000    101.000000     50.000000    110.000000    402.000000    697.000000   1045.000000   1174.000000    881.000000    509.000000    174.000000    767.000000    441.000000    200.000000    321.000000    342.000000    329.000000    646.000000   1431.000000   1235.000000   1933.000000   1135.000000   3414.000000   3535.000000   3802.000000   3654.000000   1711.000000   2909.000000   2946.000000   2909.000000
   704.646118    597.000000   4135.000000   3189.000000   5475.000000   5092.000000   6061.000000   2362.000000   2182.000000   1465.000000   1096.000000   2300.000000   1875.000000    980.000000    683.000000    708.000000    463.000000    142.000000     71.000000     51.000000    359.000000    515.000000    424.000000    269.000000    163.000000     43.000000    120.000000    408.000000    708.000000   1021.000000   1168.000000    942.000000    502.000000    205.000000    835.000000    463.000000    199.000000    304.000000    341.000000    330.000000    652.000000   1444.000000   1308.000000   1859.000000   1148.000000   3497.000000   3563.000000   3843.000000   3724.000000   1767.000000   2879.000000   2843.000000   2879.000000
   705.958618    638.000000   3967.000000   3271.000000   5234.000000   5074.000000   6151.000000   2264.000000   2202.000000   1425.000000   1103.000000   2195.000000   1859.000000    982.000000    721.000000    735.000000    420.000000    150.000000     96.000000     60.000000    418.000000    473.000000    436.000000    225.000000    124.000000     46.000000    103.000000    429.000000    645.000000    933.000000   1171.000000    965.000000    561.000000    186.000000    809.000000    445.000000    228.000000    308.000000    317.000000    300.000000    664.000000   1401.000000   1199.000000   1944.000000   1145.000000   3339.000000   3623.000000   3718.000000   3581.000000   1711.000000   2830.000000   2933.000000   2830.000000
   707.271729    616.000000   3920.000000   3182.000000   5196.000000   5059.000000   6139.000000   2211.000000   2104.000000   1672.000000   1085.000000   2188.000000   1803.000000    927.000000    654.000000    742.000000    417.000000    163.000000     89.000000     61.000000    442.000000    504.000000    443.000000    233.000000    119.000000     59.000000     99.000000    384.000000    682.000000   1032.000000   1173.000000    918.000000    532.000000    188.000000    841.000000    447.000000    197.000000    332.000000    342.000000    298.000000    616.000000   1349.000000   1221.000000   1924.000000   1151.000000   3455.000000   3476.000000   3795.000000   3464.000000   1660.000000   2766.000000   2830.000000   2766.000000
   708.585205    634.000000   3920.000000   3193.000000   4960.000000   4775.000000   5888.000000   2288.000000   2058.000000   1455.000000   1067.000000   2233.000000   1735.000000    917.000000    722.000000    697.000000    408.000000    163.000000    112.000000     46.000000    378.000000    488.000000    454.000000    252.000000    132.000000     57.000000    117.000000    338.000000    669.000000    930.000000   1196.000000    864.000000    522.000000    196.000000    814.000000    459.000000    202.000000    281.000000    350.000000    320.000000    639.000000   1377.000000   1236.000000   1903.000000   1114.000000   3371.000000   3460.000000   3538.000000   3549.000000   1689.000000   2724.000000   2844.000000   2724.000000
   709.899170    623.000000   3994.000000   3270.000000   5116.000000   4769.000000   5824.000000   2240.000000   2107.000000   1425.000000   1068.000000   2272.000000   1806.000000    920.000000    685.000000    732.000000    465.000000    158.000000    118.000000     68.000000    355.000000    474.000000    435.000000    220.000000    118.000000     64.000000    121.000000    393.000000    668.000000    979.000000   1172.000000    889.000000    519.000000    208.000000    773.000000    431.000000    216.000000    327.000000    356.000000    272.000000    664.000000   1234.000000   1190.000000   1918.000000   1125.000000   3302.000000   3454.000000   3645.000000   3570.000000   1588.000000   2660.000000   2860.000000   2660.000000
   711.213684    651.000000   3945.000000   3203.000000   5082.000000   4688.000000   5766.000000   2258.000000   2109.000000   1306.000000   1051.000000   2120.000000   1745.000000    900.000000    624.000000    731.000000    438.000000    170.000000     76.000000     55.000000    422.000000    427.000000    444.000000    220.000000     95.000000     60.000000    103.000000    391.000000    611.000000   1001.000000   1171.000000    855.000000    534.000000    206.000000    819.000000    433.000000    187.000000    275.000000    361.000000    308.000000    612.000000   1323.000000   1244.000000   1934.000000   1091.000000   3430.000000   3470.000000   3644.000000   3522.000000   1654.000000   2692.000000   2722.000000   2692.000000
   712.528625    635.000000   3922.000000   3257.000000   4979.000000   4739.000000   5533.000000   2218.000000   2124.000000   1405.000000   1038.000000   2247.000000   1692.000000    868.000000    662.000000    709.000000    425.000000    171.000000    108.000000     44.000000    376.000000    472.000000    415.000000    268.000000    125.000000     84.000000    135.000000    362.000000    622.000000    955.000000   1085.000000    849.000000    505.000000    215.000000    727.000000    433.000000    182.000000    319.000000    333.000000    304.000000    655.000000   1297.000000   1154.000000   1894.000000   1137.000000   3275.000000   3378.000000   3430.000000   3405.000000   1591.000000   2763.000000   2735.000000   2763.000000
   713.844116    590.000000   3847.000000   3244.000000   4970.000000   4563.000000   5730.000000   2257.000000   1922.000000   1396.000000   1014.000000   2086.000000   1710.000000    888.000000    631.000000    713.000000    435.000000    188.000000     89.000000     32.000000    379.000000    427.000000    393.000000    236.000000    105.000000     48.000000     97.000000    328.000000    624.000000    876.000000   1060.000000    808.000000    466.000000    177.000000    788.000000    405.000000    188.000000    310.000000    331.000000    260.000000    643.000000   1249.000000   1194.000000   1767.000000   1055.000000   3192.000000   3372.000000   3537.000000   3511.000000   1614.000000   2663.000000   2790.000000   2663.000000
   715.159973    544.000000   3765.000000   3136.000000   4871.000000   4537.000000   5542.000000   2177.000000   1895.000000   1341.000000   1067.000000   2111.000000   1682.000000    878.000000    616.000000    672.000000    425.000000    179.000000    108.000000     65.000000    370.000000    420.000000    446.000000    215.000000     82.000000     53.000000    105.000000    340.000000    641.000000    885.000000   1090.000000    863.000000    531.000000    179.000000    689.000000    413.000000    203.000000    288.000000    329.000000    282.000000    644.000000   1227.000000   1195.000000   1833.000000   1058.000000   3180.000000   3310.000000   3528.000000   3461.000000   1569.000000   2632.000000   2715.000000   2632.000000
   716.476379    591.000000   3719.000000   3019.000000   4686.000000   4550.000000   5477.000000   2113.000000   1832.000000   1312.000000    989.000000   2137.000000   1604.000000    797.000000    608.000000    641.000000    455.000000    160.000000     92.000000     53.000000    377.000000    427.000000    421.000000    211.000000    128.000000     63.000000     78.000000    347.000000    617.000000    865.000000   1015.000000    819.000000    474.000000    209.000000    655.000000    370.000000    170.000000    276.000000    314.000000    297.000000    608.000000   1184.000000   1136.000000   1796.000000   1037.000000   3162.000000   3188.000000   3371.000000   3349.000000   1569.000000   2649.000000   2719.000000   2649.000000
   717.793274    553.000000   3713.000000   3022.000000   4684.000000   4547.000000   5275.000000   2066.000000   1890.000000   1325.000000   1002.000000   2047.000000   1613.000000    804.000000    598.000000    608.000000    407.000000    166.000000    106.000000     39.000000    341.000000    468.000000    421.000000    169.000000    121.000000     62.000000     91.000000    317.000000    577.000000    816.000000   1004.000000    768.000000    482.000000    168.000000    659.000000    399.000000    155.000000    278.000000    413.000000    284.000000    613.000000   1219.000000   1119.000000   1829.000000   1038.000000   3027.000000   3186.000000   3384.000000   3302.000000   1548.000000   2459.000000   2616.000000   2459.000000
   719.110718    521.000000   3629.000000   2980.000000   4653.000000   4327.000000   5215.000000   2091.000000   1745.000000   1275.000000    916.000000   2028.000000   1593.000000    784.000000    583.000000    652.000000    427.000000    209.000000     91.000000     45.000000    328.000000    349.000000    437.000000    198.000000    137.000000     29.000000     95.000000    314.000000    590.000000    856.000000    998.000000    794.000000    477.000000    166.000000    696.000000    405.000000    195.000000    260.000000    340.000000    270.000000    637.000000   1151.000000   1171.000000   1777.000000   1043.000000   2965.000000   3107.000000   3278.000000   3259.000000   1557.000000   2572.000000   2578.000000   2572.000000
   720.428528    520.000000   3669.000000   3051.000000   4585.000000   4212.000000   5063.000000   2119.000000   1731.000000   1254.000000    915.000000   1924.000000   1595.000000    743.000000    561.000000    618.000000    418.000000    148.000000     95.000000     50.000000    351.000000    416.000000    397.000000    211.000000     98.000000     45.000000    104.000000    345.000000    585.000000    836.000000   1002.000000    735.000000    473.000000    187.000000    641.000000    416.000000    182.000000    250.000000    289.000000    276.000000    604.000000   1158.000000   1147.000000   1730.000000    965.000000   3023.000000   3134.000000   3202.000000   3241.000000   1476.000000   2475.000000   2491.000000   2475.000000
   721.746826    578.000000   3506.000000   2826.000000   4445.000000   4120.000000   5060.000000   2099.000000   1727.000000   1193.000000    901.000000   1905.000000   1500.000000    738.000000    565.000000    586.000000    384.000000    131.000000     88.000000     44.000000    350.000000    417.000000    416.000000    211.000000    107.000000     27.000000     73.000000    323.000000    566.000000    800.000000    978.000000    758.000000    469.000000    191.000000    651.000000    340.000000    170.000000    265.000000    271.000000    266.000000    600.000000   1114.000000   1094.000000   1692.000000   1005.000000   2939.000000   3048.000000   3152.000000   3238.000000   1526.000000   2476.000000   2488.000000   2476.000000
   723.065613    581.000000   3457.000000   2838.000000   4413.000000   4178.000000   4987.000000   2031.000000   1756.000000   1249.000000    929.000000   1903.000000   1514.000000    738.000000    571.000000    623.000000    367.000000    141.000000     85.000000     43.000000    362.000000    419.000000    407.000000    215.000000     95.000000     44.000000     94.000000    354.000000    542.000000    745.000000    976.000000    741.000000    420.000000    160.000000    665.000000    400.000000    158.000000    225.000000    270.000000    281.000000    612.000000   1136.000000   1015.000000   1702.000000   1010.000000   2849.000000   2931.000000   3232.000000   3204.000000   1456.000000   2402.000000   2357.000000   2402.000000
   724.384888    548.000000   3407.000000   2954.000000   4253.000000   4042.000000   4810.000000   1927.000000   1700.000000   1175.000000    910.000000   1842.000000   1559.000000    696.000000    508.000000    593.000000    388.000000    149.000000     93.000000     47.000000    344.000000    391.000000    426.000000    218.000000    125.000000     58.000000     81.000000    288.000000    551.000000    757.000000    990.000000    705.000000    421.000000    186.000000    615.000000    396.000000    188.000000    260.000000    285.000000    270.000000    607.000000   1140.000000    998.000000   1653.000000    983.000000   2845.000000   2952.000000   3032.000000   3069.000000   1498.000000   2429.000000   2385.000000   2429.000000
   725.704712    564.000000   3419.000000   2868.000000   4205.000000   3994.000000   4732.000000   1893.000000   1685.000000   1247.000000    898.000000   1899.000000   1474.000000    721.000000    479.000000    581.000000    433.000000    164.000000    110.000000     29.000000    307.000000    381.000000    390.000000    174.000000     92.000000     35.000000     92.000000    306.000000    554.000000    794.000000    935.000000    701.000000    445.000000    133.000000    691.000000    392.000000    195.000000    265.000000    294.000000    306.000000    581.000000   1126.000000   1025.000000   1730.000000    925.000000   2822.000000   2936.000000   3167.000000   2991.000000   1428.000000   2375.000000   2433.000000   2375.000000
   727.024902    535.000000   3364.000000   2817.000000   4199.000000   3864.000000   4691.000000   1925.000000   1681.000000   1162.000000    879.000000   1779.000000   1496.000000    695.000000    524.000000    583.000000    390.000000    156.000000     94.000000     75.000000    328.000000    378.000000    376.000000    213.000000    101.000000     67.000000    106.000000    297.000000    488.000000    770.000000    941.000000    689.000000    436.000000    186.000000    672.000000    351.000000    184.000000    249.000000    273.000000    242.000000    566.000000   1111.000000   1063.000000   1669.000000    943.000000   2771.000000   2705.000000   3083.000000   3053.000000   1453.000000   2262.000000   2333.000000   2262.000000
   728.345581    533.000000   3310.000000   2785.000000   4125.000000   3961.000000   4612.000000   1901.000000   1634.000000   1146.000000    810.000000   1778.000000   1415.000000    696.000000    518.000000    581.000000    401.000000    134.000000     93.000000     56.000000    341.000000    362.000000    361.000000    196.000000     96.000000     57.000000     96.000000    285.000000    538.000000    805.000000    940.000000    688.000000    452.000000    163.000000    645.000000    384.000000    135.000000    246.000000    263.000000    267.000000    592.000000   1086.000000    992.000000   1622.000000    901.000000   2770.000000   2915.000000   3024.000000   3072.000000   1496.000000   2288.000000   2292.000000   2288.000000
   729.666687    517.000000   3340.000000   2683.000000   4189.000000   3913.000000   4661.000000   1839.000000   1633.000000   1192.000000    827.000000   1773.000000   1496.000000    697.000000    515.000000    570.000000    394.000000    173.000000     83.000000     51.000000    322.000000    420.000000    406.000000    221.000000     95.000000     51.000000     97.000000    301.000000    478.000000    719.000000    991.000000    659.000000    406.000000    146.000000    650.000000    386.000000    188.000000    247.000000    290.000000    271.000000    565.000000   1074.000000    982.000000   1531.000000    939.000000   2759.000000   2755.000000   3080.000000   3015.000000   1377.000000   2305.000000   2295.000000   2305.000000
   730.988525    506.000000   3307.000000   2702.000000   4241.000000   3811.000000   4458.000000   1912.000000   1610.000000   1158.000000    833.000000   1738.000000   1370.000000    648.000000    566.000000    609.000000    338.000000    163.000000     78.000000     54.000000    322.000000    401.000000    375.000000    175.000000     65.000000     47.000000     87.000000    290.000000    464.000000    776.000000    937.000000    666.000000    403.000000    174.000000    646.000000    336.000000    152.000000    218.000000    254.000000    246.000000    549.000000   1046.000000    977.000000   1537.000000    949.000000   2622.000000   2786.000000   3012.000000   2890.000000   1382.000000   2209.000000   2278.000000   2209.000000
   732.310730    523.000000   3198.000000   2787.000000   4170.000000   3807.000000   4442.000000   1850.000000   1578.000000   1208.000000    845.000000   1703.000000   1461.000000    629.000000    503.000000    568.000000    357.000000    123.000000     61.000000     26.000000    290.000000    379.000000    372.000000    191.000000     90.000000     56.000000     75.000000    313.000000    470.000000    741.000000    881.000000    640.000000    443.000000    187.000000    627.000000    363.000000    165.000000    235.000000    270.000000    255.000000    578.000000   1070.000000    973.000000   1554.000000    909.000000   2679.000000   2813.000000   2973.000000   3021.000000   1318.000000   2267.000000   2359.000000   2267.000000
   733.633301    474.000000   3217.000000   2661.000000   3908.000000   3755.000000   4341.000000   1793.000000   1489.000000   1108.000000    800.000000   1634.000000   1405.000000    649.000000    477.000000    477.000000    410.000000    156.000000     75.000000     45.000000    325.000000    374.000000    348.000000    183.000000     74.000000     40.000000     92.000000    304.000000    452.000000    700.000000    937.000000    638.000000    466.000000    169.000000    595.000000    339.000000    203.000000    234.000000    300.000000    234.000000    543.000000   1089.000000    986.000000   1531.000000    877.000000   2572.000000   2625.000000   2975.000000   2969.000000   1330.000000   2157.000000   2219.000000   2157.000000
   734.956421    436.000000   3096.000000   2672.000000   3998.000000   3742.000000   4210.000000   1904.000000   1545.000000   1096.000000    862.000000   1686.000000   1367.000000    589.000000    474.000000    559.000000    353.000000    165.000000     76.000000     29.000000    339.000000    345.000000    375.000000    181.000000    103.000000     49.000000     90.000000    303.000000    481.000000    707.000000    909.000000    610.000000    408.000000    174.000000    641.000000    361.000000    151.000000    211.000000    254.000000    221.000000    536.000000   1105.000000    986.000000   1528.000000    903.000000   2640.000000   2691.000000   2926.000000   2977.000000   1310.000000   2153.000000   2250.000000   2153.000000
   736.280029    479.000000   3078.000000   2653.000000   3921.000000   3590.000000   4101.000000   1812.000000   1537.000000   1102.000000    824.000000   1729.000000   1299.000000    573.000000    411.000000    527.000000    374.000000    136.000000     85.000000     36.000000    324.000000    429.000000    351.000000    177.000000     81.000000     50.000000    102.000000    299.000000    449.000000    730.000000    875.000000    660.000000    432.000000    173.000000    609.000000    384.000000    160.000000    212.000000    254.000000    251.000000    516.000000   1003.000000    936.000000   1470.000000    902.000000   2522.000000   2654.000000   2879.000000   2900.000000   1296.000000   2122.000000   2229.000000   2122.000000
   737.604126    432.000000   3125.000000   2618.000000   3864.000000   3595.000000   3961.000000   1770.000000   1500.000000   1073.000000    776.000000   1668.000000   1271.000000    600.000000    421.000000    480.000000    337.000000    137.000000     77.000000     24.000000    305.000000    356.000000    364.000000    193.000000     90.000000     39.000000     72.000000    299.000000    451.000000    670.000000    916.000000    608.000000    409.000000    166.000000    572.000000    364.000000    155.000000    240.000000    261.000000    241.000000    526.000000    976.000000    935.000000   1395.000000    866.000000   2511.000000   2531.000000   2807.000000   2804.000000   1346.000000   2069.000000   2121.000000   2069.000000
   738.928589    438.000000   3075.000000   2616.000000   3772.000000   3543.000000   3975.000000   1675.000000   1476.000000   1090.000000    762.000000   1552.000000   1297.000000    545.000000    433.000000    502.000000    341.000000    131.000000     60.000000     21.000000    309.000000    363.000000    331.000000    178.000000    110.000000     26.000000     59.000000    262.000000    430.000000    665.000000    845.000000    580.000000    433.000000    167.000000    597.000000    322.000000    152.000000    227.000000    264.000000    235.000000    519.000000    950.000000    870.000000   1443.000000    810.000000   2480.000000   2550.000000   2732.000000   2755.000000   1348.000000   2161.000000   1980.000000   2161.000000
   740.253723    469.000000   2968.000000   2555.000000   3644.000000   3347.000000   3861.000000   1656.000000   1452.000000   1002.000000    773.000000   1582.000000   1294.000000    594.000000    400.000000    484.000000    378.000000    119.000000     77.000000     30.000000    284.000000    388.000000    331.000000    197.000000     94.000000     71.000000     65.000000    269.000000    466.000000    651.000000    841.000000    597.000000    411.000000    163.000000    625.000000    317.000000    143.000000    251.000000    270.000000    223.000000    483.000000    982.000000    941.000000   1433.000000    856.000000   2392.000000   2481.000000   2559.000000   2638.000000   1241.000000   2062.000000   2110.000000   2062.000000
   741.579224    467.000000   2939.000000   2562.000000   3550.000000   3229.000000   3739.000000   1575.000000   1431.000000    994.000000    737.000000   1526.000000   1253.000000    608.000000    419.000000    519.000000    341.000000    131.000000     52.000000     11.000000    290.000000    298.000000    318.000000    197.000000    112.000000     38.000000     92.000000    266.000000    456.000000    675.000000    839.000000    559.000000    421.000000    166.000000    573.000000    307.000000    126.000000    222.000000    227.000000    256.000000    464.000000    968.000000    912.000000   1420.000000    796.000000   2305.000000   2473.000000   2760.000000   2725.000000   1269.000000   1970.000000   2131.000000   1970.000000
   742.905212    400.000000   2938.000000   2455.000000   3523.000000   3275.000000   3765.000000   1522.000000   1329.000000   1024.000000    724.000000   1525.000000   1236.000000    530.000000    394.000000    446.000000    346.000000    125.000000     83.000000     36.000000    287.000000    302.000000    327.000000    167.000000     88.000000     53.000000     84.000000    275.000000    424.000000    602.000000    814.000000    593.000000    347.000000    142.000000    577.000000    328.000000    131.000000    198.000000    245.000000    205.000000    464.000000    868.000000    834.000000   1338.000000    803.000000   2320.000000   2408.000000   2594.000000   2567.000000   1187.000000   1951.000000   2063.000000   1951.000000
   744.231689    408.000000   2845.000000   2540.000000   3421.000000   3046.000000   3614.000000   1577.000000   1344.000000    916.000000    688.000000   1435.000000   1224.000000    503.000000    381.000000    470.000000    297.000000    119.000000     77.000000     44.000000    304.000000    314.000000    330.000000    150.000000     86.000000     46.000000     80.000000    273.000000    414.000000    640.000000    735.000000    556.000000    409.000000    153.000000    583.000000    294.000000    141.000000    199.000000    264.000000    200.000000    464.000000    879.000000    829.000000   1339.000000    764.000000   2161.000000   2440.000000   2542.000000   2569.000000   1148.000000   1928.000000   1975.000000   1928.000000
   745.558716    435.000000   2784.000000   2349.000000   3402.000000   3099.000000   3442.000000   1544.000000   1281.000000    986.000000    707.000000   1495.000000   1145.000000    511.000000    380.000000    446.000000    285.000000    104.000000     63.000000     60.000000    276.000000    312.000000    314.000000    146.000000     74.000000     34.000000     97.000000    299.000000    404.000000    598.000000    687.000000    581.000000    391.000000    163.000000    509.000000    287.000000    107.000000    185.000000    209.000000    196.000000    435.000000    868.000000    826.000000   1323.000000    751.000000   2252.000000   2284.000000   2495.000000   2542.000000   1093.000000   1891.000000   1934.000000   1891.000000
   746.886108    426.000000   2601.000000   2384.000000   3289.000000   3037.000000   3339.000000   1422.000000   1319.000000    928.000000    673.000000   1399.000000   1141.000000    577.000000    374.000000    440.000000    278.000000    107.000000     53.000000      4.000000    239.000000    297.000000    306.000000    149.000000    106.000000     33.000000     77.000000    253.000000    389.000000    573.000000    780.000000    520.000000    367.000000    137.000000    553.000000    286.000000    148.000000    174.000000    214.000000    201.000000    429.000000    887.000000    854.000000   1259.000000    754.000000   2139.000000   2229.000000   2363.000000   2514.000000   1097.000000   1779.000000   1850.000000   1779.000000
   748.213989    384.000000   2579.000000   2260.000000   3234.000000   2968.000000   3369.000000   1427.000000   1312.000000    874.000000    652.000000   1328.000000   1090.000000    490.000000    385.000000    396.000000    316.000000    108.000000     57.000000     40.000000    237.000000    247.000000    312.000000    156.000000    102.000000     50.000000     60.000000    251.000000    405.000000    596.000000    746.000000    560.000000    361.000000    163.000000    528.000000    295.000000    139.000000    198.000000    231.000000    200.000000    414.000000    850.000000    818.000000   1302.000000    680.000000   2099.000000   2204.000000   2426.000000   2345.000000   1115.000000   1679.000000   1782.000000   1679.000000
   749.542419    393.000000   2598.000000   2222.000000   3029.000000   2887.000000   3083.000000   1507.000000   1187.000000    866.000000    697.000000   1313.000000   1025.000000    461.000000    353.000000    423.000000    262.000000     95.000000     57.000000     34.000000    259.000000    292.000000    317.000000    131.000000     80.000000     24.000000     78.000000    272.000000    358.000000    540.000000    709.000000    511.000000    362.000000    165.000000    506.000000    290.000000    130.000000    194.000000    199.000000    183.000000    402.000000    789.000000    771.000000   1174.000000    675.000000   2035.000000   2155.000000   2289.000000   2326.000000   1084.000000   1735.000000   1751.000000   1735.000000
   750.871277    326.000000   2561.000000   2213.000000   3012.000000   2834.000000   2994.000000   1362.000000   1200.000000    844.000000    618.000000   1327.000000   1047.000000    452.000000    308.000000    383.000000    280.000000    131.000000     43.000000     48.000000    260.000000    258.000000    262.000000    152.000000     71.000000     50.000000     68.000000    228.000000    371.000000    547.000000    692.000000    489.000000    341.000000    128.000000    471.000000    271.000000    136.000000    189.000000    211.000000    182.000000    377.000000    804.000000    680.000000   1151.000000    683.000000   1931.000000   2096.000000   2266.000000   2242.000000   1050.000000   1702.000000   1718.000000   1702.000000
   752.200623    345.000000   2404.000000   2175.000000   2980.000000   2762.000000   2983.000000   1380.000000   1152.000000    830.000000    655.000000   1319.000000   1054.000000    451.000000    353.000000    406.000000    257.000000    121.000000     50.000000     25.000000    235.000000    239.000000    290.000000    161.000000     67.000000     56.000000     66.000000    206.000000    355.000000    506.000000    627.000000    509.000000    373.000000    176.000000    456.000000    242.000000    145.000000    194.000000    220.000000    176.000000    431.000000    780.000000    758.000000   1172.000000    688.000000   1938.000000   2072.000000   2216.000000   2354.000000   1038.000000   1607.000000   1728.000000   1607.000000
   753.530518    343.000000   2421.000000   2157.000000   2884.000000   2674.000000   3048.000000   1339.000000   1168.000000    837.000000    635.000000   1209.000000   1050.000000    472.000000    304.000000    380.000000    298.000000    107.000000     47.000000     33.000000    258.000000    229.000000    293.000000    160.000000     77.000000     26.000000     50.000000    239.000000    355.000000    532.000000    671.000000    450.000000    340.000000    137.000000    456.000000    280.000000    142.000000    171.000000    214.000000    226.000000    415.000000    755.000000    725.000000   1158.000000    648.000000   1833.000000   2020.000000   2295.000000   2200.000000   1001.000000   1663.000000   1738.000000   1663.000000
   754.860779    363.000000   2361.000000   2133.000000   2791.000000   2731.000000   2827.000000   1395.000000   1137.000000    730.000000    569.000000   1258.000000   1005.000000    429.000000    320.000000    402.000000    287.000000    114.000000     68.000000     15.000000    203.000000    216.000000    270.000000    155.000000     81.000000     44.000000     81.000000    200.000000    355.000000    505.000000    665.000000    460.000000    329.000000    134.000000    480.000000    314.000000    105.000000    166.000000    223.000000    176.000000    388.000000    751.000000    744.000000   1148.000000    612.000000   1797.000000   1970.000000   2151.000000   2188.000000    964.000000   1642.000000   1676.000000   1642.000000
   756.191589    385.000000   2326.000000   2041.000000   2777.000000   2643.000000   2789.000000   1326.000000   1123.000000    780.000000    595.000000   1268.000000   1002.000000    460.000000    276.000000    389.000000    263.000000    124.000000     56.000000     30.000000    218.000000    268.000000    291.000000    109.000000     77.000000     54.000000     58.000000    232.000000    372.000000    487.000000    678.000000    444.000000    354.000000    126.000000    430.000000    284.000000    120.000000    171.000000    179.000000    169.000000    360.000000    714.000000    691.000000   1148.000000    632.000000   1845.000000   1987.000000   2171.000000   2258.000000    967.000000   1591.000000   1634.000000   1591.000000
   757.522888    326.000000   2377.000000   2060.000000   2712.000000   2519.000000   2721.000000   1299.000000   1109.000000    756.000000    574.000000   1230.000000    919.000000    439.000000    278.000000    346.000000    275.000000    102.000000     36.000000     31.000000    207.000000    255.000000    286.000000    152.000000     76.000000     25.000000     96.000000    207.000000    313.000000    477.000000    637.000000    450.000000    331.000000    143.000000    451.000000    246.000000    151.000000    138.000000    183.000000    164.000000    348.000000    756.000000    720.000000   1046.000000    606.000000   1829.000000   1860.000000   2067.000000   2154.000000    916.000000   1550.000000   1560.000000   1550.000000
   758.854614    310.000000   2202.000000   2139.000000   2645.000000   2473.000000   2767.000000   1283.000000   1068.000000    721.000000    489.000000   1175.000000    951.000000    455.000000    329.000000    332.000000    258.000000     89.000000     30.000000     24.000000    250.000000    256.000000    254.000000    147.000000     90.000000     35.000000     62.000000    215.000000    287.000000    511.000000    615.000000    426.000000    285.000000    149.000000    418.000000    258.000000    124.000000    196.000000    158.000000    175.000000    377.000000    778.000000    705.000000   1095.000000    578.000000   1787.000000   1821.000000   2013.000000   2114.000000    929.000000   1548.000000   1576.000000   1548.000000
   760.186890    316.000000   2190.000000   2003.000000   2619.000000   2567.000000   2668.000000   1297.000000   1012.000000    718.000000    569.000000   1075.000000    898.000000    361.000000    283.000000    361.000000    260.000000     99.000000     64.000000     27.000000    220.000000    258.000000    274.000000    127.000000     81.000000     27.000000     71.000000    196.000000    311.000000    478.000000    613.000000    418.000000    360.000000    134.000000    434.000000    253.000000    112.000000    146.000000    206.000000    180.000000    377.000000    698.000000    710.000000    982.000000    560.000000   1723.000000   1848.000000   2021.000000   2142.000000    943.000000   1474.000000   1635.000000   1474.000000
   761.519592    342.000000   2129.000000   1876.000000   2493.000000   2425.000000   2601.000000   1267.000000   1006.000000    667.000000    560.000000   1136.000000    880.000000    395.000000    314.000000    379.000000    258.000000     92.000000     62.000000      7.000000    240.000000    238.000000    258.000000    113.000000     67.000000     29.000000     60.000000    224.000000    308.000000    455.000000    594.000000    431.000000    254.000000    141.000000    438.000000    255.000000    104.000000    148.000000    164.000000    135.000000    368.000000    690.000000    710.000000    979.000000    634.000000   1654.000000   1794.000000   1978.000000   2019.000000    901.000000   1427.000000   1564.000000   1427.000000
   762.852783    318.000000   2220.000000   1926.000000   2579.000000   2350.000000   2506.000000   1274.000000   1020.000000    743.000000    516.000000   1098.000000    898.000000    370.000000    303.000000    356.000000    240.000000     91.000000     50.000000     21.000000    228.000000    229.000000    262.000000    136.000000     61.000000     30.000000     61.000000    185.000000    274.000000    451.000000    565.000000    391.000000    320.000000    144.000000    398.000000    236.000000    118.000000    143.000000    207.000000    204.000000    332.000000    662.000000    644.000000    991.000000    538.000000   1640.000000   1790.000000   2079.000000   1977.000000    917.000000   1504.000000   1509.000000   1504.000000
   764.186523    307.000000   2128.000000   1926.000000   2526.000000   2432.000000   2494.000000   1202.000000    958.000000    677.000000    552.000000   1085.000000    837.000000    358.000000    274.000000    350.000000    287.000000    100.000000     42.000000     22.000000    204.000000    211.000000    259.000000    143.000000     56.000000     34.000000     51.000000    199.000000    287.000000    414.000000    571.000000    373.000000    316.000000    119.000000    401.000000    224.000000    116.000000    124.000000    190.000000    174.000000    304.000000    681.000000    735.000000   1001.000000    565.000000   1718.000000   1796.000000   1953.000000   1965.000000    933.000000   1394.000000   1473.000000   1394.000000
   765.520630    348.000000   2125.000000   1873.000000   2504.000000   2362.000000   2502.000000   1173.000000   1012.000000    759.000000    530.000000   1089.000000    882.000000    331.000000    262.000000    335.000000    260.000000     92.000000     49.000000     32.000000    182.000000    232.000000    259.000000    123.000000    104.000000     34.000000     72.000000    176.000000    283.000000    450.000000    604.000000    392.000000    306.000000    127.000000    426.000000    206.000000    107.000000    140.000000    181.000000    175.000000    364.000000    700.000000    676.000000    956.000000    513.000000   1629.000000   1728.000000   1908.000000   1979.000000    906.000000   1438.000000   1491.000000   1438.000000
   766.855286    343.000000   2160.000000   1830.000000   2492.000000   2337.000000   2350.000000   1165.000000   1008.000000    752.000000    501.000000   1047.000000    856.000000    362.000000    240.000000    344.000000    258.000000    119.000000     42.000000     24.000000    208.000000    218.000000    266.000000    131.000000     51.000000     27.000000     60.000000    198.000000    287.000000    417.000000    532.000000    408.000000    296.000000    155.000000    381.000000    222.000000     88.000000    131.000000    162.000000    159.000000    365.000000    703.000000    642.000000    981.000000    563.000000   1590.000000   1726.000000   1887.000000   1931.000000    856.000000   1423.000000   1493.000000   1423.000000
   768.190430    313.000000   2048.000000   1841.000000   2469.000000   2234.000000   2443.000000   1135.000000   1007.000000    695.000000    527.000000   1058.000000    828.000000    354.000000    249.000000    357.000000    253.000000     90.000000     56.000000     11.000000    203.000000    215.000000    264.000000    160.000000     80.000000     41.000000     39.000000    211.000000    255.000000    396.000000    533.000000    408.000000    291.000000    134.000000    383.000000    228.000000    135.000000    151.000000    194.000000    161.000000    380.000000    635.000000    596.000000    946.000000    543.000000   1620.000000   1788.000000   1936.000000   1951.000000    891.000000   1399.000000   1368.000000   1399.000000
   769.526001    334.000000   2031.000000   1853.000000   2328.000000   2281.000000   2353.000000   1069.000000   1043.000000    708.000000    527.000000   1049.000000    852.000000    362.000000    289.000000    310.000000    225.000000     91.000000     55.000000     22.000000    217.000000    230.000000    232.000000    127.000000     71.000000     20.000000     40.000000    203.000000    271.000000    448.000000    564.000000    376.000000    293.000000    141.000000    381.000000    194.000000    121.000000    123.000000    174.000000    151.000000    366.000000    658.000000    675.000000   1003.000000    567.000000   1587.000000   1728.000000   1896.000000   1924.000000    910.000000   1396.000000   1431.000000   1396.000000
   770.862122    302.000000   1949.000000   1834.000000   2282.000000   2253.000000   2206.000000   1109.000000    911.000000    650.000000    532.000000   1063.000000    820.000000    355.000000    251.000000    308.000000    252.000000     94.000000     50.000000     36.000000    199.000000    246.000000    229.000000    137.000000     53.000000     14.000000     54.000000    216.000000    289.000000    424.000000    579.000000    371.000000    283.000000    136.000000    384.000000    210.000000    129.000000    166.000000    174.000000    167.000000    350.000000    644.000000    635.000000    989.000000    540.000000   1503.000000   1726.000000   1810.000000   1851.000000    896.000000   1355.000000   1424.000000   1355.000000
   772.198608    308.000000   1945.000000   1908.000000   2202.000000   2156.000000   2254.000000   1105.000000    991.000000    648.000000    430.000000    988.000000    798.000000    334.000000    260.000000    324.000000    235.000000     84.000000     43.000000     23.000000    229.000000    187.000000    224.000000    101.000000     63.000000     23.000000     52.000000    186.000000    273.000000    448.000000    550.000000    377.000000    272.000000    104.000000    371.000000    217.000000     93.000000    139.000000    166.000000    191.000000    311.000000    617.000000    634.000000    929.000000    528.000000   1464.000000   1618.000000   1866.000000   1835.000000    844.000000   1364.000000   1401.000000   1364.000000
   773.535583    284.000000   2024.000000   1810.000000   2277.000000   2187.000000   2258.000000   1099.000000    899.000000    669.000000    522.000000   1013.000000    775.000000    348.000000    241.000000    323.000000    225.000000     99.000000     48.000000     20.000000    200.000000    205.000000    219.000000     99.000000     61.000000     26.000000     55.000000    198.000000    277.000000    372.000000    538.000000    355.000000    268.000000    128.000000    364.000000    231.000000    105.000000    114.000000    168.000000    167.000000    373.000000    602.000000    609.000000    958.000000    512.000000   1471.000000   1630.000000   1889.000000   1839.000000    805.000000   1293.000000   1340.000000   1293.000000
   774.873230    269.000000   1884.000000   1616.000000   2232.000000   2099.000000   2107.000000   1058.000000    989.000000    659.000000    496.000000    988.000000    782.000000    342.000000    242.000000    306.000000    253.000000     84.000000     25.000000     17.000000    187.000000    244.000000    245.000000    114.000000     65.000000     37.000000     59.000000    176.000000    243.000000    424.000000    564.000000    341.000000    297.000000     98.000000    373.000000    218.000000    106.000000    145.000000    165.000000    149.000000    347.000000    604.000000    548.000000    920.000000    518.000000   1497.000000   1507.000000   1772.000000   1832.000000    809.000000   1305.000000   1319.000000   1305.000000
   776.211182    297.000000   1895.000000   1624.000000   2166.000000   2033.000000   2123.000000   1002.000000    940.000000    647.000000    461.000000    952.000000    785.000000    303.000000    240.000000    305.000000    222.000000     91.000000     42.000000     35.000000    206.000000    210.000000    234.000000    115.000000     68.000000     21.000000     65.000000    219.000000    260.000000    387.000000    543.000000    327.000000    274.000000    100.000000    362.000000    208.000000     92.000000    147.000000    180.000000    133.000000    321.000000    594.000000    575.000000    924.000000    551.000000   1456.000000   1554.000000   1725.000000   1671.000000    746.000000   1267.000000   1288.000000   1267.000000
   777.549683    272.000000   1877.000000   1544.000000   2159.000000   1991.000000   2047.000000   1061.000000    907.000000    616.000000    458.000000    993.000000    753.000000    327.000000    179.000000    286.000000    243.000000     67.000000     28.000000     14.000000    201.000000    176.000000    224.000000    100.000000     53.000000     20.000000     50.000000    157.000000    258.000000    412.000000    514.000000    359.000000    244.000000    109.000000    358.000000    180.000000     84.000000    162.000000    164.000000    147.000000    325.000000    605.000000    595.000000    872.000000    465.000000   1373.000000   1553.000000   1722.000000   1776.000000    706.000000   1217.000000   1275.000000   1217.000000
   778.888672    319.000000   1745.000000   1649.000000   2205.000000   2015.000000   2033.000000   1017.000000    872.000000    583.000000    466.000000    929.000000    715.000000    297.000000    198.000000    262.000000    219.000000     86.000000     38.000000     11.000000    181.000000    188.000000    234.000000    147.000000     50.000000     46.000000     68.000000    174.000000    228.000000    407.000000    515.000000    315.000000    276.000000    109.000000    317.000000    198.000000    107.000000    129.000000    185.000000    137.000000    292.000000    549.000000    586.000000    878.000000    457.000000   1419.000000   1596.000000   1614.000000   1706.000000    723.000000   1247.000000   1241.000000   1247.000000
   780.228088    261.000000   1813.000000   1645.000000   2025.000000   1991.000000   1907.000000    979.000000    842.000000    552.000000    474.000000    848.000000    700.000000    273.000000    210.000000    266.000000    229.000000     78.000000     50.000000     17.000000    175.000000    181.000000    206.000000    115.000000     45.000000     27.000000     57.000000    148.000000    226.000000    343.000000    511.000000    326.000000    282.000000    111.000000    353.000000    169.000000    106.000000    142.000000    173.000000    141.000000    293.000000    546.000000    586.000000    880.000000    459.000000   1347.000000   1410.000000   1651.000000   1654.000000    709.000000   1212.000000   1242.000000   1212.000000
   781.567993    258.000000   1708.000000   1586.000000   2067.000000   1885.000000   1863.000000    984.000000    839.000000    597.000000    436.000000    929.000000    723.000000    281.000000    227.000000    239.000000    260.000000     79.000000     25.000000     26.000000    150.000000    175.000000    233.000000    109.000000     57.000000     29.000000     67.000000    169.000000    247.000000    369.000000    431.000000    305.000000    269.000000    113.000000    346.000000    167.000000    103.000000    134.000000    161.000000    140.000000    295.000000    511.000000    589.000000    812.000000    464.000000   1334.000000   1445.000000   1623.000000   1603.000000    683.000000   1235.000000   1165.000000   1235.000000
   782.908386    281.000000   1720.000000   1539.000000   1925.000000   1823.000000   1797.000000    938.000000    824.000000    615.000000    430.000000    862.000000    703.000000    279.000000    219.000000    255.000000    191.000000     79.000000     40.000000     24.000000    171.000000    190.000000    244.000000     96.000000     56.000000     42.000000     40.000000    184.000000    236.000000    359.000000    431.000000    292.000000    269.000000    113.000000    335.000000    179.000000    104.000000    117.000000    165.000000    158.000000    259.000000    530.000000    535.000000    895.000000    429.000000   1352.000000   1380.000000   1603.000000   1653.000000    688.000000   1155.000000   1196.000000   1155.000000
   784.249329    228.000000   1644.000000   1498.000000   1782.000000   1793.000000   1775.000000    901.000000    807.000000    593.000000    398.000000    883.000000    689.000000    268.000000    215.000000    243.000000    189.000000     65.000000     50.000000     23.000000    166.000000    157.000000    200.000000    125.000000     50.000000     37.000000     41.000000    199.000000    224.000000    379.000000    493.000000    295.000000    271.000000    113.000000    340.000000    198.000000     87.000000    122.000000    166.000000    153.000000    292.000000    505.000000    538.000000    827.000000    443.000000   1271.000000   1436.000000   1515.000000   1510.000000    691.000000   1150.000000   1154.000000   1150.000000
   785.590576    264.000000   1665.000000   1453.000000   1936.000000   1758.000000   1739.000000    873.000000    764.000000    517.000000    412.000000    834.000000    629.000000    275.000000    192.000000    258.000000    204.000000     71.000000     38.000000     18.000000    151.000000    175.000000    191.000000    118.000000     58.000000     18.000000     44.000000    163.000000    214.000000    379.000000    473.000000    301.000000    228.000000    105.000000    334.000000    151.000000     65.000000    106.000000    141.000000    161.000000    262.000000    540.000000    510.000000    804.000000    469.000000   1192.000000   1390.000000   1466.000000   1518.000000    713.000000   1130.000000   1161.000000   1130.000000
   786.932495    275.000000   1615.000000   1472.000000   1801.000000   1663.000000   1712.000000    896.000000    798.000000    524.000000    382.000000    818.000000    638.000000    293.000000    190.000000    224.000000    206.000000     80.000000     34.000000      4.000000    139.000000    156.000000    198.000000    123.000000     69.000000     24.000000     37.000000    155.000000    215.000000    339.000000    403.000000    255.000000    245.000000    115.000000    313.000000    171.000000     84.000000    121.000000    140.000000    131.000000    236.000000    495.000000    485.000000    778.000000    420.000000   1200.000000   1365.000000   1467.000000   1456.000000    658.000000   1112.000000   1048.000000   1112.000000
   788.274780    245.000000   1636.000000   1347.000000   1719.000000   1659.000000   1714.000000    899.000000    753.000000    499.000000    359.000000    777.000000    624.000000    255.000000    169.000000    228.000000    208.000000     88.000000     23.000000      3.000000    151.000000    171.000000    181.000000     99.000000     49.000000     32.000000     38.000000    162.000000    218.000000    339.000000    418.000000    247.000000    231.000000     92.000000    287.000000    155.000000    104.000000    160.000000    146.000000    121.000000    249.000000    456.000000    482.000000    754.000000    421.000000   1136.000000   1274.000000   1365.000000   1450.000000    693.000000   1045.000000   1133.000000   1045.000000
   789.617615    246.000000   1547.000000   1404.000000   1808.000000   1591.000000   1636.000000    851.000000    765.000000    498.000000    399.000000    737.000000    633.000000    261.000000    196.000000    226.000000    190.000000     93.000000     49.000000     12.000000    136.000000    158.000000    221.000000     98.000000     46.000000     20.000000     38.000000    133.000000    226.000000    348.000000    399.000000    268.000000    225.000000    122.000000    319.000000    173.000000     75.000000     94.000000    137.000000     88.000000    212.000000    435.000000    498.000000    718.000000    390.000000   1146.000000   1254.000000   1330.000000   1387.000000    604.000000    993.000000   1088.000000    993.000000
   790.960876    241.000000   1581.000000   1414.000000   1691.000000   1584.000000   1601.000000    827.000000    741.000000    474.000000    396.000000    758.000000    598.000000    255.000000    182.000000    252.000000    159.000000     93.000000     63.000000     31.000000    158.000000    164.000000    193.000000    104.000000     57.000000     13.000000     30.000000    159.000000    219.000000    331.000000    396.000000    259.000000    219.000000    106.000000    263.000000    173.000000     80.000000     92.000000    131.000000     87.000000    241.000000    438.000000    441.000000    737.000000    404.000000   1112.000000   1255.000000   1342.000000   1322.000000    628.000000   1011.000000   1076.000000   1011.000000
   792.304626    251.000000   1451.000000   1362.000000   1701.000000   1595.000000   1524.000000    809.000000    690.000000    480.000000    365.000000    742.000000    555.000000    242.000000    169.000000    226.000000    145.000000     78.000000     40.000000     15.000000    142.000000    165.000000    170.000000     68.000000     55.000000     32.000000     58.000000    163.000000    196.000000    302.000000    413.000000    242.000000    255.000000    100.000000    291.000000    168.000000     95.000000    107.000000    163.000000    116.000000    234.000000    481.000000    456.000000    732.000000    378.000000   1124.000000   1236.000000   1434.000000   1340.000000    630.000000    960.000000   1057.000000    960.000000
   793.648926    223.000000   1454.000000   1369.000000   1558.000000   1609.000000   1551.000000    771.000000    677.000000    452.000000    351.000000    722.000000    575.000000    242.000000    148.000000    184.000000    161.000000     75.000000     36.000000     15.000000    137.000000    159.000000    185.000000     89.000000     51.000000     10.000000     24.000000    144.000000    194.000000    307.000000    366.000000    239.000000    211.000000    112.000000    293.000000    161.000000     86.000000    114.000000    128.000000    102.000000    215.000000    420.000000    445.000000    736.000000    394.000000   1093.000000   1202.000000   1382.000000   1345.000000    610.000000    991.000000    985.000000    991.000000
   794.993591    227.000000   1416.000000   1320.000000   1623.000000   1545.000000   1475.000000    804.000000    705.000000    500.000000    344.000000    709.000000    570.000000    208.000000    160.000000    215.000000    168.000000     76.000000     55.000000      4.000000    143.000000    138.000000    225.000000     98.000000     52.000000     32.000000     37.000000    149.000000    168.000000    254.000000    396.000000    235.000000    201.000000     77.000000    287.000000    129.000000     79.000000    103.000000    133.000000     97.000000    201.000000    468.000000    469.000000    703.000000    369.000000   1110.000000   1181.000000   1305.000000   1361.000000    568.000000    955.000000    993.000000    955.000000
   796.338806    195.000000   1379.000000   1278.000000   1617.000000   1487.000000   1417.000000    754.000000    684.000000    473.000000    331.000000    687.000000    543.000000    224.000000    159.000000    197.000000    182.000000     52.000000     34.000000     35.000000    161.000000    144.000000    197.000000    104.000000     23.000000     29.000000     53.000000    138.000000    188.000000    268.000000    363.000000    227.000000    210.000000     99.000000    290.000000    134.000000     80.000000    123.000000    110.000000    101.000000    200.000000    433.000000    387.000000    592.000000    414.000000   1075.000000   1200.000000   1324.000000   1294.000000    605.000000    972.000000    959.000000    972.000000
   797.684387    202.000000   1439.000000   1314.000000   1561.000000   1398.000000   1455.000000    742.000000    661.000000    476.000000    312.000000    678.000000    575.000000    227.000000    166.000000    189.000000    155.000000     87.000000     15.000000      3.000000    119.000000    161.000000    158.000000     68.000000     67.000000     12.000000     27.000000    141.000000    202.000000    309.000000    391.000000    286.000000    213.000000     65.000000    283.000000    129.000000     62.000000    118.000000    141.000000    113.000000    206.000000    386.000000    455.000000    642.000000    361.000000   1033.000000   1159.000000   1258.000000   1248.000000    584.000000    928.000000    954.000000    928.000000
   799.030579    198.000000   1372.000000   1317.000000   1551.000000   1418.000000   1374.000000    772.000000    718.000000    443.000000    336.000000    684.000000    498.000000    201.000000    142.000000    205.000000    170.000000     52.000000     13.000000     11.000000    140.000000    139.000000    137.000000     79.000000     33.000000     26.000000     44.000000    124.000000    172.000000    284.000000    392.000000    239.000000    214.000000     83.000000    274.000000    150.000000     50.000000     88.000000    153.000000    112.000000    220.000000    356.000000    393.000000    612.000000    328.000000    997.000000   1065.000000   1261.000000   1299.000000    563.000000    935.000000    978.000000    935.000000
   800.377319    218.000000   1410.000000   1170.000000   1553.000000   1388.000000   1396.000000    783.000000    667.000000    486.000000    290.000000    650.000000    549.000000    209.000000    150.000000    205.000000    172.000000     51.000000     17.000000      6.000000    137.000000    135.000000    153.000000    112.000000     43.000000     21.000000     30.000000    129.000000    196.000000    289.000000    347.000000    219.000000    198.000000    100.000000    259.000000    126.000000     53.000000     88.000000    123.000000    112.000000    242.000000    411.000000    413.000000    598.000000    337.000000    959.000000   1112.000000   1215.000000   1276.000000    567.000000    883.000000    912.000000    883.000000
   801.724426    201.000000   1339.000000   1186.000000   1477.000000   1387.000000   1377.000000    753.000000    647.000000    432.000000    356.000000    660.000000    472.000000    202.000000    154.000000    184.000000    176.000000     45.000000     36.000000      5.000000    102.000000    144.000000    177.000000     92.000000     34.000000     19.000000     29.000000    109.000000    168.000000    252.000000    320.000000    211.000000    220.000000     95.000000    246.000000    147.000000     57.000000    120.000000    130.000000    137.000000    212.000000    389.000000    395.000000    628.000000    340.000000    906.000000   1136.000000   1258.000000   1200.000000    639.000000    910.000000    909.000000    910.000000
   803.072021    173.000000   1316.000000   1206.000000   1468.000000   1372.000000   1344.000000    751.000000    598.000000    468.000000    297.000000    678.000000    527.000000    200.000000    154.000000    181.000000    160.000000     65.000000     21.000000     15.000000    104.000000    118.000000    164.000000     91.000000     40.000000     14.000000     27.000000    134.000000    161.000000    282.000000    346.000000    227.000000    184.000000     79.000000    276.000000    133.000000     67.000000    121.000000    127.000000     77.000000    218.000000    393.000000    379.000000    648.000000    335.000000    877.000000   1153.000000   1193.000000   1179.000000    574.000000    902.000000    958.000000    902.000000
   804.419983    179.000000   1339.000000   1217.000000   1539.000000   1383.000000   1317.000000    666.000000    664.000000    448.000000    298.000000    649.000000    490.000000    194.000000    143.000000    189.000000    151.000000     61.000000     22.000000     15.000000    115.000000    121.000000    142.000000     83.000000     36.000000     20.000000     45.000000    112.000000    189.000000    330.000000    334.000000    213.000000    175.000000     89.000000    248.000000    154.000000     82.000000     72.000000    139.000000     95.000000    227.000000    435.000000    438.000000    605.000000    358.000000    865.000000   1051.000000   1213.000000   1191.000000    530.000000    866.000000    841.000000    866.000000
   805.768677    208.000000   1284.000000   1185.000000   1444.000000   1354.000000   1228.000000    625.000000    654.000000    435.000000    298.000000    590.000000    514.000000    190.000000    139.000000    149.000000    158.000000     65.000000     28.000000     14.000000    117.000000    127.000000    170.000000     95.000000     47.000000      9.000000     15.000000    113.000000    160.000000    248.000000    328.000000    210.000000    169.000000     72.000000    258.000000    141.000000     58.000000     95.000000    108.000000    116.000000    257.000000    384.000000    393.000000    637.000000    323.000000    865.000000   1090.000000   1196.000000   1137.000000    572.000000    871.000000    880.000000    871.000000
   807.117676    170.000000   1327.000000   1198.000000   1416.000000   1315.000000   1271.000000    680.000000    628.000000    442.000000    262.000000    636.000000    466.000000    196.000000    151.000000    150.000000    172.000000     58.000000     23.000000      6.000000     98.000000    120.000000    164.000000     92.000000     58.000000     21.000000     30.000000    118.000000    198.000000    252.000000    345.000000    207.000000    192.000000    101.000000    261.000000    138.000000     49.000000     83.000000    119.000000    104.000000    221.000000    353.000000    358.000000    562.000000    276.000000    864.000000   1036.000000   1167.000000   1098.000000    518.000000    864.000000    880.000000    864.000000
   808.467224    181.000000   1289.000000   1150.000000   1352.000000   1242.000000   1204.000000    639.000000    613.000000    392.000000    269.000000    595.000000    467.000000    213.000000    125.000000    167.000000    165.000000     62.000000     29.000000     16.000000    108.000000    141.000000    147.000000     85.000000     44.000000     18.000000     38.000000     98.000000    145.000000    233.000000    334.000000    193.000000    173.000000     91.000000    251.000000    117.000000     70.000000     97.000000    141.000000    108.000000    210.000000    403.000000    328.000000    594.000000    270.000000    755.000000   1040.000000   1104.000000   1110.000000    560.000000    833.000000    883.000000    833.000000
   809.817200    163.000000   1182.000000   1063.000000   1312.000000   1188.000000   1219.000000    606.000000    623.000000    412.000000    271.000000    611.000000    458.000000    196.000000    110.000000    163.000000    117.000000     68.000000     28.000000     16.000000    110.000000    112.000000    153.000000     79.000000     31.000000     18.000000     34.000000    110.000000    120.000000    227.000000    283.000000    193.000000    156.000000     74.000000    224.000000    119.000000     77.000000    104.000000    106.000000     96.000000    182.000000    373.000000    379.000000    533.000000    330.000000    831.000000   1039.000000   1081.000000   1097.000000    505.000000    797.000000    790.000000    797.000000
   811.167725    137.000000   1124.000000   1020.000000   1290.000000   1177.000000   1149.000000    595.000000    617.000000    394.000000    282.000000    536.000000    414.000000    183.000000    127.000000    160.000000    151.000000     89.000000     33.000000     26.000000    121.000000    113.000000    135.000000     83.000000     42.000000     14.000000     41.000000    118.000000    161.000000    201.000000    285.000000    181.000000    182.000000     89.000000    197.000000    122.000000     63.000000     79.000000    108.000000     96.000000    232.000000    336.000000    334.000000    518.000000    277.000000    796.000000    930.000000   1065.000000   1027.000000    535.000000    800.000000    790.000000    800.000000
   812.518677    156.000000   1190.000000   1094.000000   1226.000000   1099.000000   1177.000000    611.000000    557.000000    386.000000    263.000000    545.000000    408.000000    167.000000    112.000000    141.000000    142.000000     71.000000     19.000000     11.000000    104.000000    118.000000    129.000000     80.000000     36.000000     15.000000     25.000000    110.000000    133.000000    222.000000    303.000000    201.000000    136.000000     77.000000    218.000000    124.000000     71.000000     91.000000    107.000000    107.000000    208.000000    333.000000    337.000000    536.000000    272.000000    789.000000    940.000000   1080.000000    981.000000    516.000000    770.000000    788.000000    770.000000
   813.870117    189.000000   1170.000000   1054.000000   1219.000000   1105.000000   1062.000000    636.000000    569.000000    400.000000    268.000000    532.000000    439.000000    167.000000    107.000000    140.000000    121.000000     46.000000      7.000000     16.000000    116.000000    104.000000    130.000000    102.000000     28.000000     21.000000     39.000000    121.000000    130.000000    199.000000    297.000000    122.000000    176.000000     80.000000    194.000000    108.000000     58.000000     89.000000     99.000000    100.000000    173.000000    339.000000    338.000000    474.000000    293.000000    750.000000    958.000000   1053.000000   1029.000000    489.000000    727.000000    820.000000    727.000000
   815.221985    154.000000   1034.000000   1016.000000   1177.000000   1098.000000   1022.000000    600.000000    510.000000    369.000000    271.000000    527.000000    428.000000    179.000000    121.000000    154.000000    176.000000     45.000000     14.000000      2.000000     90.000000     97.000000    140.000000     60.000000     39.000000     23.000000     34.000000    106.000000    120.000000    182.000000    265.000000    171.000000    154.000000     60.000000    185.000000    101.000000     58.000000     81.000000    100.000000     78.000000    191.000000    344.000000    341.000000    467.000000    317.000000    794.000000    926.000000    964.000000   1098.000000    446.000000    774.000000    707.000000    774.000000
   816.574402    188.000000   1092.000000    973.000000   1241.000000   1089.000000   1016.000000    563.000000    502.000000    317.000000    237.000000    509.000000    405.000000    140.000000    113.000000    124.000000    121.000000     42.000000     30.000000     18.000000    115.000000    113.000000    117.000000     66.000000     30.000000     15.000000     39.000000     82.000000    104.000000    192.000000    287.000000    180.000000    168.000000     58.000000    159.000000    130.000000     47.000000     85.000000     84.000000    108.000000    195.000000    318.000000    297.000000    481.000000    290.000000    724.000000    919.000000   1017.000000    954.000000    422.000000    732.000000    719.000000    732.000000
   817.927185    151.000000   1065.000000    963.000000   1113.000000   1076.000000    957.000000    579.000000    508.000000    369.000000    221.000000    465.000000    370.000000    182.000000     80.000000    134.000000    149.000000     65.000000     26.000000     13.000000     90.000000    124.000000    121.000000     70.000000     39.000000     35.000000     45.000000     85.000000    134.000000    183.000000    255.000000    172.000000    140.000000     89.000000    174.000000    106.000000     50.000000     68.000000     85.000000     89.000000    196.000000    315.000000    299.000000    470.000000    267.000000    750.000000    884.000000    926.000000    957.000000    474.000000    656.000000    755.000000    656.000000
   819.280579    161.000000   1069.000000    948.000000   1139.000000   1039.000000    995.000000    542.000000    524.000000    336.000000    257.000000    487.000000    381.000000    155.000000     91.000000    128.000000    112.000000     60.000000      4.000000     18.000000     95.000000    103.000000    118.000000     79.000000     41.000000     32.000000     30.000000     86.000000    122.000000    180.000000    237.000000    172.000000    138.000000     70.000000    160.000000     97.000000     67.000000     74.000000     86.000000     72.000000    168.000000    287.000000    306.000000    471.000000    265.000000    741.000000    851.000000   1012.000000    940.000000    428.000000    685.000000    681.000000    685.000000
   820.634521    130.000000    927.000000    936.000000   1114.000000   1005.000000    976.000000    491.000000    508.000000    359.000000    252.000000    456.000000    373.000000    145.000000    106.000000    128.000000    125.000000     62.000000     31.000000      7.000000    105.000000     91.000000    123.000000     62.000000      6.000000     32.000000     30.000000     76.000000    115.000000    179.000000    241.000000    157.000000    152.000000     67.000000    198.000000     90.000000     32.000000     87.000000     94.000000     66.000000    178.000000    280.000000    298.000000    423.000000    271.000000    752.000000    877.000000    899.000000    895.000000    463.000000    655.000000    746.000000    655.000000
   821.988770    160.000000   1083.000000    927.000000   1068.000000    962.000000    885.000000    508.000000    512.000000    343.000000    230.000000    448.000000    418.000000    150.000000    103.000000    136.000000    123.000000     42.000000     12.000000     20.000000     90.000000    109.000000    127.000000     66.000000     20.000000      4.000000     36.000000    127.000000     85.000000    190.000000    246.000000    157.000000    150.000000     69.000000    196.000000     90.000000     60.000000    111.000000     90.000000    102.000000    194.000000    296.000000    290.000000    400.000000    276.000000    704.000000    817.000000    884.000000    844.000000    369.000000    626.000000    674.000000    626.000000
   823.343628    191.000000    987.000000    911.000000   1013.000000    918.000000    912.000000    518.000000    523.000000    325.000000    222.000000    433.000000    380.000000    145.000000    114.000000    131.000000    128.000000     44.000000     19.000000      6.000000    104.000000    105.000000    131.000000     43.000000     35.000000     -4.000000     18.000000     93.000000     97.000000    178.000000    224.000000    187.000000    123.000000     65.000000    196.000000    118.000000     50.000000     74.000000     89.000000     79.000000    180.000000    340.000000    285.000000    417.000000    245.000000    669.000000    852.000000    914.000000    887.000000    440.000000    588.000000    630.000000    588.000000
   824.698914    143.000000    994.000000    877.000000   1031.000000    903.000000    899.000000    512.000000    502.000000    297.000000    218.000000    459.000000    299.000000    151.000000    102.000000    104.000000    161.000000     53.000000     18.000000     34.000000     98.000000     84.000000    105.000000     76.000000     54.000000     -8.000000     20.000000     83.000000    136.000000    209.000000    214.000000    171.000000    146.000000     70.000000    204.000000     94.000000     60.000000     61.000000    104.000000     87.000000    203.000000    274.000000    297.000000    406.000000    248.000000    630.000000    814.000000    902.000000    877.000000    399.000000    632.000000    628.000000    632.000000
   826.054626    150.000000    971.000000    838.000000    974.000000    903.000000    824.000000    510.000000    458.000000    316.000000    239.000000    433.000000    324.000000    168.000000    114.000000    120.000000    100.000000     38.000000     25.000000     15.000000     78.000000     91.000000    114.000000     89.000000     28.000000     15.000000      8.000000     82.000000    121.000000    164.000000    240.000000    170.000000    121.000000     62.000000    176.000000    119.000000     50.000000     70.000000     90.000000    107.000000    159.000000    251.000000    290.000000    451.000000    253.000000    659.000000    813.000000    851.000000    760.000000    396.000000    581.000000    621.000000    581.000000
   827.410889    171.000000    892.000000    875.000000    973.000000    882.000000    814.000000    499.000000    470.000000    327.000000    207.000000    433.000000    361.000000    129.000000    112.000000    124.000000     92.000000     71.000000     23.000000     22.000000     88.000000     90.000000    112.000000     61.000000     23.000000     14.000000     32.000000     94.000000    127.000000    169.000000    262.000000    152.000000    150.000000     48.000000    177.000000     93.000000     51.000000     66.000000     82.000000     91.000000    175.000000    243.000000    278.000000    372.000000    246.000000    682.000000    799.000000    817.000000    823.000000    408.000000    546.000000    616.000000    546.000000
   828.767578    157.000000    857.000000    850.000000    935.000000    906.000000    775.000000    490.000000    463.000000    291.000000    206.000000    412.000000    340.000000    141.000000     93.000000    152.000000    116.000000     50.000000     12.000000     12.000000     93.000000     91.000000    101.000000     70.000000     36.000000     20.000000     19.000000     97.000000    129.000000    169.000000    221.000000    155.000000    155.000000     56.000000    175.000000     82.000000     51.000000     70.000000    106.000000     76.000000    200.000000    239.000000    259.000000    373.000000    231.000000    682.000000    678.000000    846.000000    802.000000    390.000000    597.000000    585.000000    597.000000
   830.124817    142.000000    912.000000    870.000000    891.000000    845.000000    783.000000    473.000000    477.000000    338.000000    180.000000    374.000000    330.000000    132.000000     98.000000    115.000000    116.000000     26.000000     23.000000      9.000000     68.000000     74.000000     94.000000     59.000000     33.000000     16.000000     24.000000     88.000000    106.000000    162.000000    208.000000    169.000000    166.000000     55.000000    152.000000     88.000000     51.000000     54.000000    105.000000     75.000000    121.000000    243.000000    248.000000    356.000000    213.000000    629.000000    770.000000    843.000000    750.000000    369.000000    566.000000    634.000000    566.000000
   831.482483    159.000000    895.000000    808.000000    878.000000    812.000000    787.000000    475.000000    434.000000    287.000000    205.000000    378.000000    330.000000    145.000000     98.000000    119.000000    117.000000     42.000000     18.000000     18.000000     75.000000     86.000000    164.000000     59.000000     33.000000      3.000000     20.000000     91.000000    101.000000    134.000000    201.000000    139.000000    139.000000     41.000000    148.000000    105.000000     57.000000     57.000000     72.000000     78.000000    170.000000    255.000000    261.000000    436.000000    235.000000    647.000000    707.000000    790.000000    752.000000    388.000000    514.000000    619.000000    514.000000
   832.840576    161.000000    945.000000    832.000000    959.000000    839.000000    773.000000    443.000000    453.000000    273.000000    207.000000    391.000000    329.000000    162.000000     99.000000    110.000000    106.000000     45.000000     18.000000     24.000000     62.000000     79.000000    109.000000     58.000000     39.000000     19.000000     22.000000     70.000000    108.000000    183.000000    219.000000    131.000000    148.000000     37.000000    173.000000     97.000000     46.000000     68.000000     84.000000     88.000000    148.000000    249.000000    273.000000    405.000000    216.000000    653.000000    713.000000    779.000000    716.000000    366.000000    566.000000    563.000000    566.000000
   834.199280    129.000000    873.000000    801.000000    959.000000    883.000000    733.000000    467.000000    426.000000    281.000000    160.000000    398.000000    297.000000    105.000000     70.000000    108.000000    109.000000     36.000000     13.000000      8.000000     80.000000     75.000000     95.000000     41.000000     32.000000     35.000000     29.000000     63.000000    106.000000    166.000000    205.000000    142.000000    119.000000     57.000000    133.000000     69.000000     64.000000     63.000000     79.000000     67.000000    176.000000    261.000000    264.000000    362.000000    219.000000    611.000000    730.000000    767.000000    756.000000    407.000000    582.000000    569.000000    582.000000
   835.558411    117.000000    892.000000    781.000000    823.000000    747.000000    689.000000    446.000000    434.000000    292.000000    212.000000    397.000000    351.000000    103.000000     78.000000    104.000000    122.000000     55.000000     12.000000      3.000000     93.000000     75.000000     79.000000     55.000000     27.000000     25.000000     39.000000     70.000000     86.000000    122.000000    235.000000    146.000000    147.000000     62.000000    179.000000    102.000000     39.000000     79.000000     96.000000     68.000000    172.000000    231.000000    245.000000    411.000000    189.000000    590.000000    712.000000    791.000000    770.000000    381.000000    596.000000    580.000000    596.000000
   836.918030    116.000000    861.000000    737.000000    872.000000    863.000000    753.000000    467.000000    455.000000    283.000000    185.000000    397.000000    313.000000    118.000000     95.000000    108.000000    112.000000     42.000000      9.000000     15.000000     97.000000     73.000000     73.000000     69.000000     30.000000     14.000000     20.000000     86.000000    104.000000    144.000000    219.000000    130.000000    131.000000     42.000000    146.000000     96.000000     58.000000     50.000000     92.000000     56.000000    142.000000    248.000000    264.000000    360.000000    225.000000    612.000000    754.000000    751.000000    730.000000    367.000000    589.000000    544.000000    589.000000
   838.278076    114.000000    807.000000    743.000000    857.000000    780.000000    745.000000    463.000000    433.000000    281.000000    185.000000    361.000000    293.000000    121.000000     80.000000    121.000000     89.000000     32.000000     25.000000     14.000000     69.000000     84.000000     78.000000     53.000000     44.000000     20.000000     34.000000    108.000000     99.000000    143.000000    218.000000    143.000000    134.000000     66.000000    174.000000    100.000000     45.000000     65.000000     85.000000     64.000000    118.000000    256.000000    239.000000    392.000000    220.000000    607.000000    675.000000    746.000000    690.000000    313.000000    557.000000    589.000000    557.000000
   839.638672    147.000000    781.000000    734.000000    918.000000    812.000000    696.000000    460.000000    401.000000    275.000000    177.000000    420.000000    296.000000    105.000000     72.000000     93.000000    119.000000     50.000000     12.000000      6.000000     80.000000     92.000000     94.000000     55.000000     28.000000     16.000000     28.000000    116.000000    104.000000    146.000000    227.000000    114.000000    131.000000     61.000000    143.000000     90.000000     63.000000     54.000000     64.000000     82.000000    108.000000    199.000000    225.000000    344.000000    195.000000    562.000000    700.000000    701.000000    675.000000    357.000000    572.000000    519.000000    572.000000
   840.999695    107.000000    774.000000    795.000000    831.000000    750.000000    684.000000    429.000000    405.000000    260.000000    166.000000    382.000000    282.000000    125.000000     59.000000    103.000000     92.000000     56.000000     15.000000     -5.000000     73.000000     80.000000     93.000000     42.000000     21.000000     21.000000     39.000000     72.000000     91.000000    162.000000    166.000000    115.000000    131.000000     51.000000    146.000000     74.000000     53.000000     56.000000     85.000000     63.000000    137.000000    213.000000    247.000000    304.000000    213.000000    534.000000    683.000000    689.000000    725.000000    352.000000    526.000000    547.000000    526.000000
   842.361206    142.000000    757.000000    695.000000    852.000000    711.000000    692.000000    375.000000    409.000000    251.000000    148.000000    333.000000    304.000000     87.000000     61.000000    100.000000    102.000000     37.000000     17.000000     17.000000     82.000000     86.000000    100.000000     56.000000     43.000000      6.000000     19.000000     91.000000    103.000000    124.000000    229.000000    121.000000    115.000000     51.000000    147.000000     89.000000     61.000000     71.000000     71.000000     71.000000    125.000000    213.000000    217.000000    320.000000    157.000000    541.000000    638.000000    657.000000    684.000000    346.000000    541.000000    483.000000    541.000000
   843.723206    116.000000    794.000000    702.000000    767.000000    748.000000    583.000000    385.000000    352.000000    251.000000    140.000000    376.000000    296.000000     81.000000     72.000000    110.000000     70.000000     26.000000     37.000000      7.000000     82.000000     86.000000     70.000000     62.000000     40.000000     20.000000     41.000000     86.000000    113.000000    163.000000    196.000000    119.000000    122.000000     51.000000    137.000000     51.000000     53.000000     76.000000     93.000000     97.000000    143.000000    227.000000    233.000000    321.000000    198.000000    535.000000    635.000000    624.000000    645.000000    335.000000    480.000000    525.000000    480.000000
   845.085693    107.000000    741.000000    652.000000    801.000000    715.000000    636.000000    379.000000    356.000000    251.000000    152.000000    375.000000    222.000000     90.000000     75.000000     84.000000    100.000000     50.000000      9.000000      9.000000     62.000000     57.000000    101.000000     56.000000     25.000000      0.000000     13.000000     69.000000     99.000000    128.000000    187.000000    121.000000    112.000000     26.000000    123.000000     82.000000     44.000000     52.000000     72.000000     70.000000    112.000000    205.000000    208.000000    259.000000    219.000000    527.000000    644.000000    668.000000    661.000000    325.000000    499.000000    537.000000    499.000000
   846.448608    109.000000    705.000000    626.000000    768.000000    695.000000    621.000000    337.000000    374.000000    267.000000    170.000000    294.000000    276.000000    125.000000     53.000000     92.000000    103.000000     45.000000     29.000000      3.000000     63.000000     74.000000     94.000000     43.000000     25.000000      3.000000    -10.000000     72.000000     88.000000    145.000000    189.000000    107.000000    104.000000     30.000000    135.000000     91.000000     41.000000     45.000000     68.000000     45.000000    117.000000    221.000000    226.000000    304.000000    193.000000    458.000000    621.000000    670.000000    624.000000    357.000000    467.000000    490.000000    467.000000
   847.812073    111.000000    742.000000    702.000000    731.000000    705.000000    598.000000    376.000000    409.000000    238.000000    192.000000    318.000000    237.000000    118.000000     76.000000     85.000000    103.000000     39.000000      9.000000     16.000000     79.000000     54.000000     78.000000     54.000000     29.000000     22.000000     18.000000     65.000000    104.000000    137.000000    163.000000    119.000000     94.000000     75.000000    128.000000     92.000000     31.000000     49.000000     82.000000     50.000000    110.000000    234.000000    210.000000    305.000000    171.000000    518.000000    568.000000    617.000000    629.000000    313.000000    472.000000    517.000000    472.000000
   849.176025    101.000000    698.000000    606.000000    714.000000    659.000000    562.000000    356.000000    371.000000    235.000000    138.000000    305.000000    251.000000    120.000000     69.000000     95.000000     88.000000     31.000000     24.000000     -1.000000     63.000000     49.000000     65.000000     64.000000     37.000000     19.000000     14.000000     54.000000     89.000000    131.000000    171.000000    115.000000    116.000000     41.000000    121.000000     63.000000     39.000000     77.000000     54.000000     45.000000    133.000000    213.000000    196.000000    307.000000    189.000000    492.000000    601.000000    628.000000    619.000000    286.000000    468.000000    460.000000    468.000000
   850.540405     96.000000    656.000000    674.000000    707.000000    584.000000    578.000000    319.000000    330.000000    197.000000    134.000000    324.000000    260.000000    109.000000     79.000000    102.000000    110.000000     29.000000     13.000000     13.000000     81.000000     59.000000     76.000000     63.000000     12.000000     13.000000     21.000000     61.000000    102.000000    133.000000    143.000000     87.000000     89.000000     40.000000    155.000000     64.000000     49.000000     65.000000     53.000000     47.000000    133.000000    192.000000    182.000000    326.000000    183.000000    479.000000    596.000000    594.000000    540.000000    309.000000    481.000000    441.000000    481.000000
   851.905273     91.000000    726.000000    594.000000    624.000000    603.000000    602.000000    320.000000    319.000000    210.000000    159.000000    299.000000    231.000000     92.000000     49.000000     72.000000     81.000000     14.000000     20.000000      1.000000     72.000000     80.000000     78.000000     28.000000     14.000000     11.000000     30.000000     60.000000     59.000000    124.000000    182.000000    106.000000     90.000000     40.000000    122.000000     63.000000     40.000000     58.000000     85.000000     58.000000    100.000000    193.000000    194.000000    238.000000    167.000000    504.000000    574.000000    558.000000    558.000000    305.000000    416.000000    470.000000    416.000000
   853.270630    105.000000    686.000000    636.000000    710.000000    641.000000    505.000000    340.000000    321.000000    251.000000    132.000000    302.000000    261.000000    108.000000     61.000000     66.000000     80.000000     25.000000     18.000000     12.000000     76.000000     55.000000     58.000000     44.000000     26.000000     13.000000     24.000000     78.000000     87.000000    131.000000    156.000000     76.000000    110.000000     36.000000    128.000000     79.000000     52.000000     60.000000     63.000000     56.000000     98.000000    173.000000    177.000000    285.000000    181.000000    447.000000    552.000000    618.000000    560.000000    294.000000    428.000000    480.000000    428.000000
   854.636475    103.000000    629.000000    575.000000    646.000000    642.000000    528.000000    308.000000    339.000000    202.000000    132.000000    284.000000    240.000000    112.000000     49.000000     82.000000     70.000000     40.000000     18.000000     11.000000     63.000000     72.000000     72.000000     43.000000      8.000000      1.000000     16.000000     43.000000     66.000000    122.000000    149.000000     83.000000     71.000000     21.000000    103.000000     63.000000     44.000000     72.000000     48.000000     56.000000    119.000000    232.000000    195.000000    264.000000    198.000000    472.000000    538.000000    536.000000    529.000000    284.000000    452.000000    458.000000    452.000000
   856.002808    110.000000    670.000000    576.000000    683.000000    595.000000    512.000000    343.000000    346.000000    218.000000    140.000000    298.000000    230.000000     81.000000     62.000000     68.000000     61.000000     29.000000      7.000000     -1.000000     55.000000     55.000000     58.000000     42.000000      9.000000     16.000000     15.000000     71.000000     59.000000     95.000000    176.000000     98.000000     99.000000     51.000000     90.000000     50.000000     35.000000     55.000000     50.000000     59.000000    128.000000    227.000000    193.000000    248.000000    155.000000    451.000000    506.000000    546.000000    551.000000    274.000000    416.000000    439.000000    416.000000
   857.369629     91.000000    553.000000    581.000000    605.000000    566.000000    493.000000    292.000000    308.000000    229.000000    120.000000    287.000000    223.000000     84.000000     62.000000     81.000000     57.000000     26.000000     30.000000      3.000000     56.000000     52.000000     64.000000     48.000000     20.000000      1.000000      5.000000     66.000000     59.000000     98.000000    147.000000    103.000000     73.000000     35.000000    103.000000     69.000000     47.000000     42.000000     59.000000     55.000000    105.000000    166.000000    204.000000    236.000000    152.000000    420.000000    507.000000    534.000000    546.000000    307.000000    448.000000    412.000000    448.000000
   858.736877    109.000000    626.000000    540.000000    627.000000    627.000000    539.000000    314.000000    284.000000    216.000000    147.000000    305.000000    209.000000     73.000000     76.000000     46.000000     82.000000     18.000000      6.000000     -8.000000     58.000000     53.000000     80.000000     43.000000     30.000000     13.000000     17.000000     80.000000     65.000000    109.000000    112.000000     76.000000     91.000000     30.000000    119.000000     52.000000     31.000000     54.000000     58.000000     68.000000    117.000000    181.000000    187.000000    246.000000    147.000000    439.000000    570.000000    515.000000    556.000000    258.000000    448.000000    386.000000    448.000000
   860.104614    105.000000    619.000000    571.000000    639.000000    556.000000    466.000000    302.000000    330.000000    180.000000    161.000000    272.000000    200.000000     83.000000     59.000000     46.000000     76.000000     13.000000     22.000000     13.000000     97.000000     49.000000     63.000000     18.000000      6.000000     13.000000     14.000000     64.000000     77.000000     91.000000    134.000000     67.000000     68.000000     61.000000    102.000000     63.000000     20.000000     67.000000     62.000000     58.000000    118.000000    165.000000    167.000000    269.000000    158.000000    419.000000    511.000000    506.000000    509.000000    275.000000    413.000000    423.000000    413.000000
   861.472900    102.000000    542.000000    514.000000    647.000000    592.000000    467.000000    298.000000    293.000000    219.000000    128.000000    295.000000    206.000000     71.000000     50.000000     69.000000     81.000000     23.000000     12.000000     13.000000     58.000000     45.000000     75.000000     54.000000      9.000000     -2.000000     26.000000     51.000000     58.000000     92.000000    143.000000     95.000000     75.000000     26.000000    140.000000     62.000000     29.000000     44.000000     64.000000     41.000000    110.000000    174.000000    174.000000    239.000000    155.000000    413.000000    493.000000    524.000000    473.000000    234.000000    400.000000    459.000000    400.000000
   862.841614    102.000000    619.000000    577.000000    612.000000    534.000000    471.000000    286.000000    353.000000    218.000000    130.000000    271.000000    257.000000     82.000000     43.000000     88.000000     79.000000     19.000000     27.000000     15.000000     59.000000     58.000000     63.000000     48.000000     15.000000      4.000000      5.000000     49.000000     79.000000     90.000000    137.000000     70.000000     94.000000     16.000000    116.000000     55.000000     28.000000     46.000000     58.000000     53.000000    121.000000    174.000000    171.000000    231.000000    179.000000    402.000000    495.000000    553.000000    473.000000    288.000000    441.000000    421.000000    441.000000
   864.210815    108.000000    597.000000    544.000000    599.000000    545.000000    480.000000    277.000000    310.000000    228.000000    124.000000    294.000000    225.000000    108.000000     56.000000     51.000000     84.000000     27.000000      0.000000      0.000000     50.000000     51.000000     65.000000     43.000000     10.000000      0.000000     21.000000     53.000000     65.000000     87.000000    123.000000     85.000000     86.000000     26.000000    124.000000     63.000000     23.000000     20.000000     43.000000     55.000000     90.000000    157.000000    145.000000    231.000000    146.000000    342.000000    461.000000    451.000000    512.000000    266.000000    445.000000    423.000000    445.000000
   865.580383    103.000000    531.000000    546.000000    594.000000    535.000000    491.000000    270.000000    264.000000    186.000000    102.000000    260.000000    215.000000     67.000000     60.000000     58.000000     76.000000     23.000000      7.000000     11.000000     72.000000     57.000000     83.000000     36.000000      0.000000     14.000000     13.000000     54.000000     90.000000     96.000000    149.000000     70.000000     89.000000     25.000000     97.000000     56.000000     16.000000     35.000000     54.000000     45.000000     96.000000    118.000000    173.000000    234.000000    146.000000    404.000000    485.000000    458.000000    474.000000    292.000000    444.000000    434.000000    444.000000
   866.950623     81.000000    557.000000    557.000000    568.000000    535.000000    462.000000    293.000000    297.000000    174.000000    141.000000    245.000000    213.000000     81.000000     45.000000     62.000000     49.000000     30.000000     27.000000     25.000000     63.000000     59.000000     69.000000     24.000000      1.000000      3.000000      5.000000     66.000000     39.000000     89.000000    131.000000     92.000000     84.000000     37.000000     87.000000     49.000000     35.000000     46.000000     51.000000     45.000000    108.000000    172.000000    181.000000    251.000000    111.000000    382.000000    497.000000    473.000000    495.000000    259.000000    392.000000    402.000000    392.000000
   868.321289    108.000000    600.000000    536.000000    564.000000    472.000000    456.000000    276.000000    318.000000    210.000000    116.000000    245.000000    180.000000     81.000000     43.000000     48.000000     61.000000     26.000000     -1.000000     20.000000     61.000000     45.000000     91.000000     50.000000      9.000000      3.000000     -7.000000     50.000000     74.000000    110.000000    111.000000     90.000000     51.000000     37.000000    111.000000     71.000000     12.000000     44.000000     72.000000     64.000000    108.000000    168.000000    167.000000    204.000000    152.000000    373.000000    440.000000    493.000000    442.000000    253.000000    402.000000    387.000000    402.000000
   869.692383     82.000000    551.000000    483.000000    609.000000    488.000000    463.000000    257.000000    253.000000    216.000000    122.000000    261.000000    195.000000     92.000000     57.000000     64.000000     62.000000     33.000000     20.000000      7.000000     57.000000     46.000000     74.000000     43.000000     11.000000      9.000000     10.000000     63.000000     60.000000    100.000000    127.000000     89.000000     77.000000     33.000000    110.000000     58.000000     17.000000     26.000000     73.000000     45.000000     95.000000    146.000000    156.000000    218.000000    144.000000    402.000000    498.000000    432.000000    498.000000    248.000000    383.000000    389.000000    383.000000
   871.064026     96.000000    552.000000    455.000000    590.000000    558.000000    448.000000    251.000000    316.000000    205.000000    154.000000    238.000000    187.000000     98.000000     50.000000     62.000000     70.000000     38.000000     15.000000      3.000000     45.000000     39.000000     60.000000     48.000000     20.000000      2.000000     13.000000     66.000000     56.000000     87.000000    124.000000     80.000000     76.000000     19.000000     99.000000     47.000000     23.000000     25.000000     48.000000     64.000000     89.000000    149.000000    138.000000    224.000000    134.000000    366.000000    473.000000    461.000000    501.000000    225.000000    358.000000    385.000000    358.000000
   872.436096     99.000000    547.000000    495.000000    563.000000    501.000000    454.000000    259.000000    316.000000    188.000000     99.000000    248.000000    215.000000     65.000000     64.000000     54.000000     56.000000     28.000000     25.000000      5.000000     45.000000     49.000000     47.000000     37.000000     31.000000      7.000000     22.000000     43.000000     67.000000     87.000000    114.000000    101.000000     74.000000     55.000000     83.000000     67.000000     37.000000     45.000000     30.000000     48.000000     99.000000    115.000000    164.000000    233.000000    169.000000    344.000000    432.000000    461.000000    444.000000    260.000000    377.000000    358.000000    377.000000
   873.808716     89.000000    575.000000    516.000000    562.000000    508.000000    426.000000    260.000000    283.000000    181.000000     91.000000    256.000000    177.000000     57.000000     42.000000     51.000000     48.000000     43.000000     17.000000     -5.000000     37.000000     52.000000     60.000000     69.000000     18.000000     15.000000      7.000000     55.000000     66.000000    114.000000    126.000000     77.000000     73.000000     27.000000     96.000000     65.000000     44.000000     43.000000     54.000000     43.000000     91.000000    152.000000    147.000000    226.000000    132.000000    343.000000    430.000000    447.000000    438.000000    253.000000    378.000000    343.000000    378.000000
   875.181702    100.000000    522.000000    454.000000    515.000000    500.000000    396.000000    216.000000    303.000000    182.000000    100.000000    256.000000    199.000000     84.000000     38.000000     63.000000     49.000000     22.000000     18.000000     19.000000     61.000000     35.000000     34.000000     48.000000     25.000000      8.000000     16.000000     47.000000     55.000000    102.000000    133.000000     99.000000     82.000000     59.000000     88.000000     53.000000     41.000000     52.000000     56.000000     30.000000     93.000000    152.000000    149.000000    196.000000    161.000000    321.000000    398.000000    466.000000    461.000000    252.000000    417.000000    361.000000    417.000000
   876.555176     69.000000    513.000000    471.000000    573.000000    466.000000    451.000000    284.000000    323.000000    177.000000    122.000000    219.000000    218.000000     85.000000     55.000000     66.000000     55.000000     30.000000     18.000000     -3.000000     50.000000     40.000000     33.000000     40.000000     12.000000      8.000000     40.000000     44.000000     72.000000    100.000000    123.000000     94.000000     96.000000     38.000000    103.000000     54.000000     12.000000     49.000000     43.000000     41.000000     93.000000    142.000000    199.000000    231.000000    135.000000    341.000000    442.000000    432.000000    491.000000    256.000000    385.000000    390.000000    385.000000
   877.929199     72.000000    512.000000    461.000000    567.000000    475.000000    416.000000    249.000000    286.000000    209.000000    116.000000    235.000000    172.000000     75.000000     40.000000     71.000000     51.000000     16.000000     10.000000     -2.000000     43.000000     42.000000     63.000000     22.000000     32.000000      5.000000     21.000000     46.000000     57.000000     84.000000    105.000000     74.000000     78.000000     28.000000     84.000000     44.000000     33.000000     47.000000     64.000000     34.000000     91.000000    126.000000    152.000000    211.000000    135.000000    341.000000    456.000000    488.000000    442.000000    250.000000    353.000000    350.000000    353.000000
   879.303711     89.000000    510.000000    423.000000    546.000000    481.000000    449.000000    254.000000    280.000000    188.000000    135.000000    254.000000    148.000000     76.000000     32.000000     78.000000     45.000000     26.000000     17.000000     11.000000     43.000000     41.000000     62.000000     41.000000     19.000000     10.000000     20.000000     55.000000     76.000000    101.000000    114.000000     81.000000     75.000000     20.000000    104.000000     47.000000     31.000000     32.000000     56.000000     27.000000     93.000000    145.000000    158.000000    252.000000    149.000000    319.000000    411.000000    470.000000    426.000000    222.000000    407.000000    388.000000    407.000000
   880.678589     76.000000    498.000000    492.000000    531.000000    488.000000    424.000000    254.000000    265.000000    196.000000    111.000000    239.000000    193.000000     71.000000     34.000000     83.000000     52.000000     27.000000     10.000000      1.000000     53.000000     68.000000     59.000000     25.000000     26.000000     12.000000     27.000000     41.000000     71.000000    115.000000    142.000000     88.000000     93.000000     25.000000    108.000000     66.000000     42.000000     39.000000     50.000000     82.000000     83.000000    159.000000    140.000000    201.000000    140.000000    333.000000    424.000000    425.000000    423.000000    250.000000    396.000000    370.000000    396.000000
   882.054077     95.000000    504.000000    475.000000    524.000000    486.000000    421.000000    255.000000    313.000000    191.000000    100.000000    218.000000    154.000000     61.000000     64.000000     44.000000     41.000000     27.000000      6.000000     12.000000     43.000000     60.000000     60.000000     32.000000     18.000000     17.000000     32.000000     43.000000     56.000000     95.000000    115.000000     83.000000     81.000000     39.000000     92.000000     57.000000     31.000000     46.000000     45.000000     45.000000     64.000000    132.000000    165.000000    196.000000    168.000000    356.000000    424.000000    444.000000    480.000000    262.000000    395.000000    360.000000    395.000000
   883.429993     95.000000    449.000000    461.000000    567.000000    481.000000    410.000000    259.000000    287.000000    182.000000    103.000000    217.000000    186.000000     85.000000     42.000000     59.000000     86.000000     14.000000     -5.000000     12.000000     51.000000     47.000000     63.000000     10.000000     13.000000     17.000000      5.000000     47.000000     49.000000     94.000000    146.000000     98.000000     85.000000     42.000000     93.000000     42.000000     19.000000     45.000000     45.000000     51.000000     77.000000    144.000000    122.000000    212.000000    164.000000    355.000000    443.000000    405.000000    430.000000    256.000000    362.000000    401.000000    362.000000
   884.806396     67.000000    531.000000    402.000000    521.000000    451.000000    374.000000    253.000000    271.000000    200.000000    104.000000    291.000000    185.000000     95.000000     42.000000     60.000000     51.000000     24.000000      4.000000     12.000000     38.000000     18.000000     33.000000     55.000000      0.000000     21.000000     24.000000     47.000000     28.000000    104.000000    129.000000     72.000000     88.000000     27.000000    114.000000     33.000000     22.000000     59.000000     31.000000     28.000000     82.000000    134.000000    131.000000    222.000000    132.000000    338.000000    418.000000    392.000000    415.000000    259.000000    356.000000    343.000000    356.000000
   886.183289     87.000000    470.000000    453.000000    494.000000    463.000000    411.000000    241.000000    274.000000    169.000000    106.000000    217.000000    174.000000     90.000000     52.000000     47.000000     62.000000     28.000000    -13.000000     17.000000     54.000000     67.000000     52.000000     59.000000     11.000000     16.000000     13.000000     37.000000     50.000000     83.000000    121.000000     87.000000     81.000000     30.000000     92.000000     54.000000     41.000000     38.000000     58.000000     42.000000     64.000000    129.000000    137.000000    225.000000    143.000000    344.000000    413.000000    386.000000    415.000000    237.000000    348.000000    345.000000    348.000000
   887.560730    113.000000    446.000000    424.000000    498.000000    470.000000    364.000000    207.000000    233.000000    192.000000     98.000000    186.000000    183.000000     75.000000     43.000000     45.000000     54.000000     33.000000      8.000000     31.000000     61.000000     23.000000     44.000000     59.000000     19.000000     17.000000     18.000000     37.000000     62.000000     97.000000    101.000000     80.000000     88.000000     16.000000    105.000000     26.000000     26.000000     34.000000     40.000000     51.000000     96.000000    153.000000    146.000000    212.000000    142.000000    331.000000    378.000000    384.000000    399.000000    257.000000    353.000000    377.000000    353.000000
   888.938477     61.000000    441.000000    425.000000    505.000000    457.000000    378.000000    238.000000    296.000000    186.000000    111.000000    208.000000    158.000000     82.000000     35.000000     67.000000     52.000000     28.000000      8.000000      6.000000     53.000000     42.000000     63.000000     49.000000      6.000000     16.000000     21.000000     52.000000     44.000000     84.000000    131.000000     90.000000     79.000000     47.000000     89.000000     49.000000     34.000000     51.000000     58.000000     34.000000     75.000000    145.000000    153.000000    191.000000    152.000000    362.000000    398.000000    400.000000    404.000000    234.000000    346.000000    346.000000    346.000000
   890.316772     57.000000    458.000000    398.000000    462.000000    470.000000    408.000000    180.000000    248.000000    137.000000     89.000000    192.000000    155.000000     71.000000     56.000000     47.000000     48.000000     13.000000      9.000000     22.000000     48.000000     50.000000     44.000000     26.000000     25.000000      9.000000     23.000000     32.000000     50.000000     80.000000    136.000000     83.000000     75.000000     24.000000     84.000000     56.000000     22.000000     25.000000     41.000000     52.000000     95.000000    126.000000    143.000000    213.000000    143.000000    314.000000    378.000000    348.000000    361.000000    237.000000    307.000000    337.000000    307.000000
   891.695618     81.000000    422.000000    414.000000    460.000000    413.000000    401.000000    229.000000    251.000000    159.000000    102.000000    187.000000    148.000000     56.000000     45.000000     46.000000     50.000000     14.000000      4.000000     12.000000     24.000000     36.000000     68.000000     41.000000     14.000000      5.000000      6.000000     49.000000     54.000000    102.000000    104.000000     49.000000     81.000000     47.000000    103.000000     44.000000     37.000000     53.000000     36.000000     33.000000     82.000000    144.000000    155.000000    187.000000    102.000000    275.000000    366.000000    350.000000    380.000000    227.000000    310.000000    379.000000    310.000000
   893.074829     83.000000    433.000000    377.000000    475.000000    456.000000    368.000000    226.000000    230.000000    157.000000    117.000000    211.000000    164.000000     40.000000     59.000000     41.000000     44.000000     35.000000     17.000000     -6.000000     52.000000     38.000000     57.000000     25.000000      3.000000     11.000000     16.000000     31.000000     36.000000     75.000000    113.000000     80.000000     69.000000     26.000000     81.000000     37.000000     18.000000     32.000000     48.000000     38.000000     88.000000    110.000000    103.000000    171.000000    140.000000    334.000000    354.000000    413.000000    358.000000    243.000000    329.000000    310.000000    329.000000
   894.454590     75.000000    420.000000    373.000000    456.000000    407.000000    345.000000    195.000000    228.000000    168.000000     82.000000    223.000000    150.000000     60.000000     50.000000     30.000000     52.000000     38.000000      9.000000      1.000000     36.000000     46.000000     66.000000     21.000000      3.000000     10.000000      5.000000     51.000000     55.000000     57.000000     90.000000     58.000000     62.000000     36.000000     86.000000     33.000000     17.000000     24.000000     57.000000     28.000000     56.000000    117.000000    139.000000    167.000000    136.000000    308.000000    358.000000    356.000000    373.000000    221.000000    276.000000    310.000000    276.000000
   895.834778     70.000000    436.000000    352.000000    420.000000    405.000000    328.000000    196.000000    232.000000    152.000000     92.000000    188.000000    139.000000     66.000000     47.000000     49.000000     39.000000     17.000000      7.000000      3.000000     46.000000     41.000000     62.000000     39.000000     17.000000     14.000000      7.000000     44.000000     55.000000    101.000000     99.000000     79.000000     45.000000     33.000000     78.000000     32.000000     26.000000     37.000000     50.000000     24.000000     66.000000    111.000000    133.000000    167.000000    119.000000    242.000000    336.000000    340.000000    345.000000    230.000000    303.000000    289.000000    303.000000
   897.215576     81.000000    409.000000    426.000000    477.000000    416.000000    348.000000    207.000000    245.000000    140.000000     92.000000    205.000000    146.000000     53.000000     48.000000     68.000000     44.000000      4.000000     11.000000      3.000000     36.000000     44.000000     43.000000     36.000000     11.000000     12.000000     18.000000     52.000000     44.000000     54.000000    102.000000     67.000000     74.000000     24.000000     74.000000     35.000000     33.000000     52.000000     31.000000     49.000000     44.000000    110.000000    119.000000    175.000000    136.000000    301.000000    318.000000    362.000000    318.000000    222.000000    323.000000    317.000000    323.000000
   898.596802     46.000000    395.000000    375.000000    420.000000    433.000000    345.000000    165.000000    204.000000    136.000000     86.000000    180.000000    149.000000     77.000000     63.000000     35.000000     21.000000     21.000000     15.000000     10.000000     40.000000     35.000000     38.000000     37.000000     23.000000      8.000000     -1.000000     23.000000     36.000000     66.000000    115.000000     88.000000     51.000000     31.000000    100.000000     53.000000     46.000000     29.000000     52.000000     29.000000     60.000000    115.000000    135.000000    178.000000     93.000000    287.000000    324.000000    323.000000    351.000000    216.000000    303.000000    318.000000    303.000000
   899.978516     76.000000    422.000000    334.000000    420.000000    399.000000    339.000000    200.000000    208.000000    135.000000     78.000000    180.000000    145.000000     67.000000     54.000000     27.000000     40.000000     28.000000     17.000000     -6.000000     23.000000     25.000000     25.000000     13.000000     23.000000     -2.000000      8.000000     33.000000     56.000000     83.000000     99.000000     79.000000     48.000000     21.000000     95.000000     42.000000     20.000000     20.000000     49.000000     20.000000     65.000000    110.000000    105.000000    146.000000    153.000000    288.000000    302.000000    354.000000    363.000000    200.000000    313.000000    287.000000    313.000000
   901.360596     71.000000    358.000000    355.000000    472.000000    326.000000    309.000000    182.000000    219.000000    142.000000     75.000000    195.000000    135.000000     53.000000     24.000000     57.000000     37.000000     32.000000     18.000000      4.000000     37.000000     35.000000     25.000000     31.000000     22.000000      7.000000     12.000000     35.000000     45.000000     57.000000     79.000000     85.000000     56.000000     37.000000     86.000000     35.000000     25.000000     27.000000     56.000000     35.000000     81.000000     93.000000    101.000000    153.000000    110.000000    278.000000    320.000000    362.000000    341.000000    206.000000    315.000000    325.000000    315.000000
   902.743286     69.000000    308.000000    304.000000    416.000000    427.000000    326.000000    185.000000    241.000000    139.000000     69.000000    221.000000    128.000000     60.000000     45.000000     50.000000     39.000000     24.000000     12.000000      1.000000     21.000000     42.000000     22.000000     19.000000     18.000000      6.000000     16.000000     35.000000     53.000000     68.000000    103.000000     50.000000     68.000000     19.000000     90.000000     22.000000     15.000000     56.000000     48.000000     43.000000     83.000000     96.000000    119.000000    209.000000    132.000000    282.000000    304.000000    359.000000    311.000000    186.000000    285.000000    324.000000    285.000000
   904.126404     56.000000    385.000000    341.000000    401.000000    367.000000    348.000000    167.000000    217.000000    139.000000     72.000000    155.000000    150.000000     71.000000     29.000000     51.000000     47.000000      0.000000     11.000000      2.000000     36.000000     35.000000     33.000000     54.000000      6.000000     17.000000     22.000000     35.000000     36.000000     52.000000    107.000000     74.000000     61.000000     29.000000     82.000000     37.000000     16.000000     39.000000     49.000000     34.000000     56.000000    128.000000    116.000000    160.000000    110.000000    297.000000    310.000000    327.000000    306.000000    200.000000    331.000000    283.000000    331.000000
   905.510010     88.000000    359.000000    371.000000    415.000000    382.000000    307.000000    189.000000    219.000000    136.000000     82.000000    181.000000    156.000000     71.000000     46.000000     54.000000     41.000000     11.000000      6.000000     12.000000     45.000000     29.000000     25.000000     20.000000     19.000000      4.000000      1.000000     31.000000     39.000000     53.000000     81.000000     64.000000     63.000000     19.000000    101.000000     12.000000     11.000000     29.000000     19.000000     43.000000     51.000000    126.000000    138.000000    168.000000    131.000000    285.000000    313.000000    366.000000    339.000000    168.000000    292.000000    278.000000    292.000000
   906.893982     67.000000    312.000000    326.000000    381.000000    373.000000    317.000000    177.000000    192.000000    125.000000     60.000000    172.000000     96.000000     56.000000     49.000000     41.000000     23.000000     23.000000     15.000000     -2.000000     43.000000     29.000000     14.000000     29.000000     19.000000     15.000000      5.000000     35.000000     55.000000     74.000000     93.000000     57.000000     57.000000     24.000000     73.000000     43.000000     23.000000     44.000000     41.000000     42.000000     76.000000    101.000000    130.000000    122.000000     96.000000    245.000000    294.000000    332.000000    294.000000    196.000000    274.000000    294.000000    274.000000
   908.278625     80.000000    337.000000    350.000000    429.000000    347.000000    320.000000    168.000000    220.000000    120.000000    101.000000    194.000000    133.000000     71.000000     38.000000     52.000000     28.000000     30.000000     24.000000      0.000000     28.000000     21.000000     52.000000     30.000000      6.000000      2.000000      7.000000     44.000000     48.000000     69.000000     86.000000     85.000000     53.000000     18.000000     67.000000     33.000000     16.000000     25.000000     35.000000      7.000000     77.000000     94.000000    118.000000    144.000000    108.000000    275.000000    310.000000    323.000000    253.000000    206.000000    296.000000    277.000000    296.000000
   909.663696     51.000000    319.000000    331.000000    371.000000    381.000000    300.000000    164.000000    187.000000    120.000000     66.000000    175.000000    116.000000     57.000000     36.000000     55.000000     14.000000     16.000000      2.000000     -1.000000     46.000000     37.000000     40.000000      9.000000      1.000000     10.000000     16.000000     36.000000     43.000000     54.000000     99.000000     66.000000     63.000000     44.000000     78.000000     33.000000     17.000000     17.000000     49.000000     24.000000     73.000000    111.000000    112.000000    154.000000     83.000000    251.000000    298.000000    302.000000    280.000000    200.000000    277.000000    269.000000    277.000000
   911.049194     63.000000    355.000000    309.000000    374.000000    370.000000    299.000000    166.000000    214.000000    132.000000     76.000000    176.000000    123.000000     47.000000     26.000000     51.000000     38.000000    -26.000000      7.000000      7.000000     35.000000     28.000000     35.000000     47.000000      9.000000     -3.000000     10.000000     36.000000     34.000000     53.000000     90.000000     49.000000     52.000000      5.000000     71.000000     37.000000     20.000000     23.000000     38.000000     37.000000     51.000000    111.000000     99.000000    138.000000    101.000000    257.000000    297.000000    329.000000    264.000000    177.000000    233.000000    263.000000    233.000000
   912.435181     62.000000    332.000000    343.000000    363.000000    334.000000    280.000000    153.000000    181.000000    130.000000     74.000000    128.000000    133.000000     55.000000     36.000000     28.000000     53.000000     12.000000     15.000000      5.000000     34.000000     32.000000     56.000000     38.000000     -3.000000      9.000000     27.000000     44.000000     41.000000     61.000000     87.000000     44.000000     57.000000     18.000000     74.000000     27.000000     15.000000     57.000000     35.000000     36.000000     66.000000     91.000000     94.000000    127.000000     97.000000    216.000000    296.000000    278.000000    324.000000    184.000000    226.000000    268.000000    226.000000
   913.821716     60.000000    334.000000    300.000000    359.000000    376.000000    275.000000    176.000000    211.000000    130.000000     90.000000    151.000000    100.000000     60.000000     32.000000     16.000000     35.000000      3.000000     15.000000     17.000000     21.000000     28.000000     45.000000     26.000000     21.000000      6.000000     19.000000     36.000000     43.000000     60.000000     93.000000     75.000000     66.000000     10.000000     78.000000     19.000000     18.000000     15.000000     21.000000     33.000000     61.000000     96.000000    106.000000    142.000000    113.000000    212.000000    259.000000    324.000000    281.000000    177.000000    268.000000    251.000000    268.000000
   915.208618     65.000000    301.000000    291.000000    352.000000    311.000000    272.000000    146.000000    195.000000    109.000000     57.000000    117.000000    107.000000     64.000000     38.000000     30.000000     29.000000     14.000000     20.000000     12.000000     36.000000     32.000000     44.000000      0.000000     12.000000    -11.000000      8.000000     31.000000     44.000000     51.000000     68.000000     60.000000     61.000000     16.000000     67.000000     47.000000     24.000000     27.000000     44.000000     39.000000     58.000000    113.000000    102.000000    122.000000    101.000000    242.000000    276.000000    272.000000    279.000000    191.000000    258.000000    216.000000    258.000000
   916.596130     48.000000    312.000000    243.000000    352.000000    323.000000    259.000000    135.000000    191.000000     84.000000     58.000000    152.000000    117.000000     56.000000     59.000000     45.000000     24.000000     27.000000      1.000000     18.000000     30.000000     38.000000     16.000000     28.000000      8.000000      1.000000     13.000000     29.000000     40.000000     54.000000     71.000000     64.000000     46.000000     15.000000     63.000000     13.000000     14.000000     45.000000     44.000000     32.000000     75.000000     96.000000    104.000000    162.000000    102.000000    232.000000    228.000000    264.000000    263.000000    189.000000    281.000000    229.000000    281.000000
   917.984009     69.000000    328.000000    289.000000    350.000000    304.000000    237.000000    135.000000    185.000000    109.000000     63.000000    143.000000     82.000000     46.000000     34.000000     44.000000     34.000000     15.000000     -8.000000     -5.000000     14.000000     40.000000     34.000000     20.000000     14.000000      5.000000     11.000000     33.000000     36.000000     58.000000     73.000000     60.000000     63.000000     27.000000     50.000000     31.000000     20.000000     44.000000     28.000000     25.000000     60.000000     92.000000     70.000000    119.000000    114.000000    215.000000    284.000000    270.000000    257.000000    158.000000    210.000000    226.000000    210.000000
   919.372375     73.000000    283.000000    293.000000    321.000000    348.000000    235.000000    142.000000    188.000000     81.000000     79.000000    152.000000     88.000000     58.000000     15.000000     34.000000     24.000000      9.000000      3.000000     -4.000000     33.000000     30.000000     35.000000     23.000000      3.000000      4.000000      4.000000     25.000000     21.000000     55.000000     45.000000     45.000000     24.000000     28.000000     53.000000     28.000000     14.000000      7.000000     15.000000     34.000000     61.000000     65.000000     96.000000    137.000000    103.000000    207.000000    256.000000    237.000000    250.000000    180.000000    244.000000    220.000000    244.000000
   920.761292     52.000000    295.000000    250.000000    340.000000    338.000000    245.000000    153.000000    174.000000    107.000000     61.000000    134.000000     83.000000     68.000000     49.000000     17.000000     23.000000      2.000000      5.000000    -13.000000     25.000000     12.000000     24.000000     34.000000     18.000000     14.000000     -7.000000     31.000000     44.000000     55.000000     64.000000     47.000000     47.000000     23.000000     50.000000     24.000000     18.000000     21.000000     36.000000     29.000000     40.000000     82.000000     87.000000    133.000000     82.000000    200.000000    252.000000    231.000000    248.000000    116.000000    212.000000    239.000000    212.000000
   922.150574     71.000000    271.000000    219.000000    366.000000    258.000000    225.000000    156.000000    166.000000    106.000000     35.000000    119.000000     99.000000     37.000000     36.000000     14.000000     29.000000     26.000000      9.000000     20.000000     40.000000     24.000000     39.000000     26.000000      3.000000     20.000000      7.000000     31.000000     34.000000     48.000000     74.000000     53.000000     54.000000     24.000000     45.000000     23.000000      2.000000     19.000000     48.000000     31.000000     40.000000     72.000000     83.000000    125.000000    113.000000    228.000000    272.000000    266.000000    271.000000    158.000000    235.000000    228.000000    235.000000
   923.540527     69.000000    283.000000    217.000000    313.000000    294.000000    220.000000    155.000000    188.000000    113.000000     73.000000    149.000000     96.000000     58.000000     41.000000     23.000000     30.000000     21.000000     11.000000      6.000000     31.000000     18.000000     32.000000     34.000000     23.000000      2.000000      6.000000     10.000000     21.000000     40.000000     54.000000     66.000000     44.000000     17.000000     68.000000     39.000000      9.000000     30.000000      6.000000     27.000000     55.000000     82.000000     94.000000    105.000000    132.000000    241.000000    263.000000    265.000000    244.000000    158.000000    219.000000    177.000000    219.000000
   924.930786     42.000000    257.000000    286.000000    286.000000    281.000000    191.000000    148.000000    171.000000     69.000000     48.000000     99.000000    100.000000     28.000000     36.000000     35.000000     32.000000     14.000000     24.000000     20.000000     36.000000     20.000000      9.000000     18.000000      9.000000     17.000000      9.000000     22.000000     34.000000     51.000000     72.000000     39.000000     48.000000     33.000000     60.000000     19.000000     10.000000     24.000000     27.000000     22.000000     59.000000     81.000000     83.000000    129.000000     88.000000    213.000000    250.000000    256.000000    234.000000    118.000000    219.000000    199.000000    219.000000
   926.321594     51.000000    270.000000    288.000000    311.000000    322.000000    218.000000    121.000000    142.000000    100.000000     52.000000     99.000000     91.000000     39.000000     40.000000     39.000000     31.000000     38.000000      8.000000     24.000000     33.000000     16.000000     34.000000     20.000000     11.000000     20.000000      3.000000     18.000000     21.000000     46.000000     77.000000     57.000000     21.000000     43.000000     59.000000     20.000000     23.000000     41.000000     38.000000     11.000000     63.000000     72.000000     76.000000     99.000000    109.000000    200.000000    244.000000    249.000000    207.000000    161.000000    218.000000    244.000000    218.000000
   927.712891     66.000000    274.000000    244.000000    283.000000    298.000000    238.000000    124.000000    169.000000     91.000000     62.000000     92.000000    105.000000     43.000000     41.000000     42.000000     30.000000     16.000000      9.000000      6.000000     33.000000     41.000000     17.000000     15.000000      4.000000      8.000000      7.000000      6.000000     23.000000     82.000000     39.000000     42.000000     38.000000     25.000000     76.000000     18.000000     21.000000      6.000000     27.000000     27.000000     52.000000     52.000000     88.000000    140.000000    107.000000    203.000000    232.000000    252.000000    210.000000    155.000000    224.000000    230.000000    224.000000
   929.104614     70.000000    282.000000    255.000000    358.000000    276.000000    227.000000    124.000000    132.000000     93.000000     45.000000    103.000000     98.000000     43.000000     36.000000     26.000000     22.000000     18.000000     -4.000000      7.000000     30.000000     33.000000     22.000000     18.000000      9.000000      6.000000     12.000000     15.000000     32.000000     59.000000     57.000000     30.000000     32.000000     18.000000     70.000000     21.000000     21.000000     18.000000      4.000000     39.000000     47.000000     72.000000     72.000000     97.000000     91.000000    202.000000    228.000000    223.000000    212.000000    146.000000    229.000000    223.000000    229.000000
   930.496826     51.000000    252.000000    244.000000    304.000000    267.000000    205.000000    125.000000    162.000000    100.000000     59.000000    136.000000    110.000000     49.000000     36.000000     10.000000     24.000000     22.000000     -5.000000     -6.000000     20.000000     45.000000     22.000000     19.000000      6.000000     -6.000000     10.000000     26.000000     33.000000     42.000000     52.000000     66.000000     33.000000      0.000000     61.000000     36.000000      8.000000     24.000000     21.000000     34.000000     46.000000     55.000000     76.000000    121.000000     67.000000    188.000000    211.000000    204.000000    213.000000    143.000000    218.000000    210.000000    218.000000
   931.889587     46.000000    250.000000    251.000000    296.000000    257.000000    209.000000    117.000000    154.000000    109.000000     53.000000    101.000000    112.000000     31.000000     25.000000     22.000000     30.000000     19.000000      7.000000     20.000000     31.000000      1.000000     39.000000     33.000000     16.000000     -3.000000     -3.000000     24.000000     20.000000     40.000000     56.000000     47.000000     30.000000     11.000000     47.000000      2.000000     16.000000     48.000000     33.000000      8.000000     55.000000     60.000000     70.000000    101.000000     84.000000    210.000000    205.000000    237.000000    199.000000    122.000000    211.000000    191.000000    211.000000
   933.282776     36.000000    224.000000    227.000000    258.000000    284.000000    206.000000    119.000000    168.000000    103.000000     49.000000     95.000000    109.000000     66.000000     24.000000     38.000000     12.000000     26.000000      9.000000      2.000000     48.000000     33.000000     19.000000     16.000000     11.000000      1.000000     14.000000     24.000000     23.000000     67.000000     58.000000     42.000000     40.000000      8.000000     54.000000     37.000000      6.000000     28.000000     39.000000     28.000000     47.000000     73.000000     81.000000     99.000000     74.000000    175.000000    207.000000    196.000000    202.000000    125.000000    227.000000    192.000000    227.000000
   934.676514     39.000000    244.000000    172.000000    286.000000    263.000000    227.000000    118.000000    162.000000    113.000000     36.000000    103.000000     73.000000     37.000000     33.000000     17.000000     28.000000     19.000000     11.000000      0.000000     23.000000      3.000000     19.000000      6.000000      7.000000      1.000000     -6.000000     25.000000     11.000000     30.000000     47.000000     44.000000     24.000000     18.000000     56.000000     32.000000     19.000000     30.000000     13.000000     12.000000     51.000000     70.000000     84.000000    116.000000     91.000000    192.000000    190.000000    201.000000    176.000000    116.000000    189.000000    152.000000    189.000000
   936.070679     53.000000    232.000000    213.000000    262.000000    272.000000    184.000000    110.000000    136.000000     68.000000     85.000000    121.000000     53.000000     43.000000     35.000000     26.000000     37.000000     -8.000000     23.000000      9.000000     11.000000     23.000000      4.000000     18.000000     27.000000     20.000000     36.000000     10.000000     42.000000     41.000000     64.000000     38.000000     58.000000     10.000000     42.000000     28.000000     11.000000     16.000000     35.000000     36.000000     63.000000     78.000000     62.000000    100.000000     89.000000    149.000000    221.000000    200.000000    207.000000    122.000000    188.000000    192.000000    188.000000
   937.465271     48.000000    231.000000    171.000000    277.000000    276.000000    208.000000    121.000000    177.000000     82.000000     39.000000     88.000000     79.000000     44.000000     33.000000     19.000000     33.000000      8.000000    -13.000000     10.000000     31.000000     16.000000     19.000000     18.000000      2.000000     -5.000000     15.000000     11.000000     20.000000     40.000000     56.000000     39.000000     26.000000      1.000000     46.000000    -12.000000     20.000000     17.000000     28.000000     10.000000     43.000000     92.000000     52.000000    103.000000     83.000000    158.000000    182.000000    224.000000    166.000000    130.000000    190.000000    145.000000    190.000000
   938.860413     43.000000    216.000000    192.000000    292.000000    267.000000    199.000000    114.000000    165.000000     95.000000     58.000000    113.000000     83.000000     26.000000     38.000000     38.000000     27.000000     18.000000     23.000000     10.000000      9.000000     18.000000     14.000000      2.000000      6.000000     14.000000      7.000000     25.000000     25.000000     58.000000     48.000000     42.000000     34.000000     20.000000     61.000000     19.000000     20.000000     -3.000000     19.000000     22.000000     35.000000     54.000000     72.000000     96.000000     69.000000    195.000000    177.000000    197.000000    182.000000    126.000000    221.000000    179.000000    221.000000
   940.255981     41.000000    193.000000    210.000000    245.000000    241.000000    202.000000    108.000000    141.000000     76.000000     65.000000     74.000000    106.000000     10.000000     23.000000     38.000000     23.000000      2.000000      0.000000      2.000000     18.000000     25.000000     21.000000     17.000000      9.000000      2.000000      6.000000     16.000000     18.000000     63.000000     48.000000     40.000000     18.000000     19.000000     50.000000     12.000000     16.000000     36.000000      8.000000     20.000000     50.000000     56.000000     55.000000     88.000000     72.000000    179.000000    204.000000    202.000000    176.000000    119.000000    203.000000    218.000000    203.000000
   941.652100     39.000000    199.000000    156.000000    238.000000    276.000000    183.000000     97.000000    160.000000     84.000000     62.000000     78.000000     89.000000     40.000000     19.000000     26.000000     29.000000     17.000000     13.000000      6.000000     17.000000     16.000000     16.000000      1.000000     17.000000     19.000000     16.000000     20.000000     49.000000     30.000000     53.000000     48.000000     36.000000     26.000000     51.000000     26.000000      9.000000     29.000000     38.000000     19.000000     35.000000     86.000000     57.000000     89.000000     73.000000    177.000000    178.000000    189.000000    209.000000    114.000000    176.000000    178.000000    176.000000
   943.048584     48.000000    227.000000    204.000000    226.000000    229.000000    191.000000     99.000000    151.000000     81.000000     50.000000     64.000000     79.000000     38.000000     21.000000     24.000000     28.000000      5.000000      4.000000     -2.000000     27.000000     34.000000      8.000000     31.000000     23.000000      6.000000      7.000000     25.000000     18.000000     55.000000     70.000000     43.000000     39.000000     21.000000     55.000000     30.000000     25.000000     27.000000     24.000000     27.000000     38.000000     61.000000     62.000000     81.000000     88.000000    163.000000    150.000000    189.000000    196.000000    109.000000    173.000000    195.000000    173.000000
   944.445679     37.000000    167.000000    188.000000    237.000000    211.000000    194.000000    119.000000    154.000000     76.000000     57.000000     99.000000     77.000000     50.000000     36.000000     32.000000     19.000000      1.000000      8.000000      4.000000      9.000000     31.000000     13.000000      7.000000      6.000000      5.000000     11.000000     26.000000     27.000000     68.000000     36.000000     29.000000     34.000000      1.000000     61.000000     25.000000     16.000000     17.000000     10.000000     36.000000     20.000000     57.000000     64.000000     68.000000     78.000000    176.000000    196.000000    171.000000    207.000000    109.000000    174.000000    180.000000    174.000000
   945.843201     34.000000    188.000000    179.000000    238.000000    207.000000    191.000000     98.000000    143.000000     66.000000     30.000000     81.000000     78.000000     23.000000     24.000000     17.000000     14.000000     -3.000000      0.000000     18.000000      5.000000     24.000000     10.000000     31.000000     14.000000      9.000000      2.000000     24.000000     30.000000     39.000000     45.000000     25.000000     16.000000     -1.000000     63.000000     46.000000     -5.000000     13.000000     34.000000     33.000000     26.000000     69.000000     47.000000    107.000000     67.000000    160.000000    164.000000    172.000000    146.000000    104.000000    178.000000    104.000000    178.000000
   947.241211     47.000000    184.000000    180.000000    260.000000    245.000000    174.000000    111.000000    124.000000     78.000000     54.000000    105.000000     90.000000     59.000000     47.000000     47.000000     25.000000      6.000000     16.000000     -1.000000     22.000000     22.000000     19.000000     20.000000      4.000000      5.000000      2.000000      4.000000     25.000000     47.000000     48.000000     54.000000     50.000000     23.000000     31.000000     12.000000     15.000000     35.000000     25.000000      8.000000     33.000000     46.000000     54.000000     82.000000     96.000000    161.000000    165.000000    167.000000    183.000000    143.000000    168.000000    182.000000    168.000000
   948.639587     29.000000    188.000000    178.000000    241.000000    212.000000    181.000000     76.000000    139.000000     61.000000     25.000000     87.000000     71.000000     49.000000     36.000000     35.000000     10.000000     -3.000000      1.000000      3.000000     18.000000     23.000000     -4.000000      6.000000      9.000000      8.000000      1.000000     19.000000     35.000000     47.000000     45.000000     19.000000     42.000000     13.000000     28.000000     20.000000     20.000000      0.000000      9.000000     39.000000     29.000000     50.000000     80.000000    106.000000     79.000000    155.000000    198.000000    162.000000    135.000000    105.000000    194.000000    156.000000    194.000000
   950.038574     30.000000    218.000000    164.000000    220.000000    220.000000    150.000000     94.000000    114.000000     93.000000     30.000000     81.000000     68.000000     34.000000     27.000000     16.000000     13.000000     13.000000     14.000000     -6.000000     36.000000     10.000000     28.000000      6.000000    -11.000000      7.000000     16.000000     25.000000      8.000000     36.000000     56.000000     38.000000     26.000000     16.000000     19.000000     24.000000     15.000000     11.000000     35.000000      1.000000     40.000000     33.000000     56.000000     57.000000     56.000000    175.000000    178.000000    170.000000    162.000000    107.000000    150.000000    152.000000    150.000000
   951.438110     39.000000    196.000000    163.000000    241.000000    220.000000    166.000000    112.000000    152.000000     87.000000     44.000000     87.000000     71.000000     48.000000     16.000000     22.000000     11.000000      9.000000     -8.000000      4.000000     11.000000      9.000000     24.000000     15.000000     26.000000     14.000000     15.000000     25.000000     38.000000     25.000000     40.000000     27.000000     42.000000     11.000000     34.000000     16.000000     18.000000     26.000000     43.000000     29.000000     47.000000     29.000000     57.000000     91.000000     64.000000    141.000000    142.000000    176.000000    153.000000    109.000000    147.000000    151.000000    147.000000
   952.838013     51.000000    184.000000    169.000000    226.000000    229.000000    149.000000     72.000000    134.000000     56.000000     41.000000     60.000000     61.000000     49.000000     33.000000     24.000000     12.000000      7.000000      9.000000      6.000000     18.000000     33.000000      9.000000     21.000000     -5.000000      8.000000    -17.000000     25.000000     14.000000     12.000000     52.000000     48.000000      7.000000      9.000000     40.000000     25.000000     -2.000000     41.000000      9.000000     15.000000     43.000000     34.000000     51.000000     68.000000     74.000000    152.000000    191.000000    129.000000    147.000000    127.000000    141.000000    153.000000    141.000000
   954.238403     23.000000    191.000000    161.000000    230.000000    202.000000    166.000000     72.000000    109.000000     62.000000     51.000000     67.000000     89.000000     32.000000     22.000000     19.000000     18.000000      3.000000      0.000000     -3.000000      1.000000     27.000000     26.000000     20.000000      3.000000      6.000000      8.000000     26.000000     21.000000     25.000000     52.000000     24.000000     39.000000     10.000000     37.000000     24.000000     25.000000     16.000000     12.000000     22.000000     41.000000     53.000000     44.000000     80.000000     62.000000    149.000000    150.000000    182.000000    164.000000     77.000000    137.000000    152.000000    137.000000
   955.639282     63.000000    188.000000    142.000000    188.000000    203.000000    162.000000     90.000000    122.000000     57.000000     47.000000     81.000000     55.000000     47.000000     43.000000      7.000000     14.000000     12.000000      2.000000     23.000000     34.000000     29.000000     16.000000     23.000000     10.000000    -16.000000     16.000000     31.000000     26.000000     20.000000     41.000000     27.000000     28.000000     -1.000000     42.000000     31.000000     15.000000     17.000000      8.000000     26.000000     38.000000     48.000000     66.000000     87.000000     58.000000    159.000000    156.000000    161.000000    162.000000    138.000000    154.000000    108.000000    154.000000
   957.040588     30.000000    177.000000    141.000000    234.000000    210.000000    121.000000     86.000000    132.000000     90.000000     44.000000     95.000000     46.000000     47.000000     31.000000     14.000000     21.000000      5.000000      7.000000     -4.000000      4.000000     10.000000     19.000000     27.000000     12.000000     -2.000000    -14.000000     18.000000     26.000000     32.000000     56.000000     31.000000     18.000000      6.000000     39.000000     29.000000     33.000000    -11.000000     18.000000     14.000000     36.000000     41.000000     61.000000     89.000000     42.000000    131.000000    146.000000    124.000000    162.000000     95.000000    180.000000    144.000000    180.000000
   958.442505     45.000000    154.000000    146.000000    210.000000    230.000000    138.000000     92.000000    144.000000     68.000000     47.000000     76.000000     78.000000     36.000000     36.000000     15.000000     20.000000      7.000000     11.000000      1.000000     17.000000     16.000000     13.000000    -12.000000     -6.000000     -4.000000      5.000000      0.000000     27.000000     29.000000      1.000000     27.000000     18.000000      6.000000     32.000000     17.000000     20.000000     16.000000     24.000000     10.000000     22.000000     42.000000     73.000000     75.000000     78.000000    136.000000    166.000000    151.000000    136.000000    126.000000    138.000000    145.000000    138.000000
   959.844788     32.000000    181.000000    132.000000    177.000000    204.000000    157.000000    112.000000    117.000000     68.000000     39.000000     65.000000     67.000000     34.000000     35.000000     22.000000     15.000000     24.000000    -13.000000     -3.000000     -6.000000     11.000000     22.000000     22.000000     13.000000      3.000000      7.000000     12.000000     31.000000     39.000000     37.000000     29.000000     22.000000      4.000000     36.000000     22.000000     10.000000     26.000000     29.000000     18.000000     41.000000     45.000000     55.000000     57.000000     73.000000    112.000000    164.000000    105.000000    156.000000    101.000000    134.000000    119.000000    134.000000
   961.247620     32.000000    171.000000    134.000000    223.000000    193.000000    149.000000    112.000000    115.000000     55.000000     54.000000     85.000000     62.000000     31.000000     24.000000     21.000000     31.000000      5.000000     10.000000      4.000000     -8.000000     -1.000000      9.000000     31.000000      5.000000      9.000000      5.000000     17.000000     32.000000      9.000000     44.000000     38.000000     41.000000     -2.000000     23.000000      9.000000     22.000000     18.000000     17.000000      5.000000     15.000000     58.000000     66.000000     77.000000     79.000000    148.000000    137.000000    138.000000    138.000000    121.000000    139.000000    138.000000    139.000000
   962.650879     23.000000    189.000000    133.000000    228.000000    215.000000    131.000000     55.000000    129.000000     67.000000     56.000000    105.000000     59.000000     61.000000     14.000000     21.000000     16.000000      8.000000     20.000000      6.000000     15.000000      7.000000     15.000000     10.000000     11.000000     -4.000000      4.000000     27.000000     26.000000     45.000000     16.000000     52.000000     11.000000     -1.000000     30.000000      7.000000     18.000000     13.000000     33.000000      0.000000     32.000000     51.000000     60.000000     52.000000     68.000000    132.000000    191.000000    108.000000    124.000000    109.000000    153.000000    127.000000    153.000000
   964.054626     36.000000    148.000000    136.000000    227.000000    195.000000    167.000000     86.000000    134.000000     72.000000     39.000000     73.000000     49.000000     17.000000     20.000000     17.000000      6.000000      5.000000      5.000000     20.000000     29.000000     19.000000     13.000000     13.000000     14.000000      0.000000      6.000000     37.000000     21.000000     38.000000     49.000000     27.000000      6.000000      1.000000     64.000000      7.000000      9.000000     13.000000     26.000000      6.000000     19.000000     38.000000     31.000000     62.000000     46.000000    148.000000    147.000000    144.000000    153.000000     93.000000    165.000000    125.000000    165.000000
   965.458923     18.000000    148.000000    116.000000    217.000000    195.000000    158.000000     89.000000    133.000000     71.000000     40.000000     63.000000     60.000000     11.000000     15.000000     14.000000     -3.000000     17.000000      4.000000     -3.000000      6.000000     12.000000     14.000000     20.000000      4.000000      0.000000      0.000000     13.000000     20.000000     41.000000     41.000000     47.000000     24.000000     -7.000000     20.000000      9.000000      8.000000     14.000000     28.000000     35.000000     24.000000     39.000000     67.000000     74.000000     41.000000    132.000000    138.000000    126.000000    161.000000     96.000000    146.000000    168.000000    146.000000
   966.863586     38.000000    141.000000    115.000000    204.000000    168.000000    167.000000     74.000000    132.000000     81.000000     32.000000     61.000000     59.000000     34.000000     -2.000000     15.000000     27.000000     25.000000      7.000000      0.000000      7.000000     36.000000     17.000000     13.000000     13.000000    -12.000000     13.000000     29.000000     17.000000     19.000000     44.000000     38.000000     26.000000      0.000000     34.000000     13.000000     24.000000      8.000000     25.000000     18.000000     45.000000     46.000000     46.000000     73.000000     66.000000    113.000000    147.000000    121.000000    133.000000     87.000000    156.000000    122.000000    156.000000
   968.268799     29.000000    160.000000    128.000000    197.000000    171.000000    150.000000     98.000000    106.000000     73.000000     36.000000     49.000000     56.000000     24.000000     31.000000     16.000000     22.000000     -6.000000      5.000000      5.000000     27.000000     26.000000     14.000000     12.000000     24.000000      9.000000      7.000000      8.000000      6.000000     42.000000     29.000000     29.000000     21.000000     21.000000     25.000000     23.000000     18.000000     21.000000     13.000000      5.000000     46.000000     35.000000     56.000000     75.000000     59.000000    125.000000    146.000000    124.000000    145.000000    113.000000    137.000000    116.000000    137.000000
   969.674377     39.000000    136.000000    157.000000    196.000000    181.000000    136.000000     92.000000     98.000000     59.000000     26.000000     67.000000     65.000000     29.000000     13.000000     28.000000     18.000000     10.000000      5.000000     -3.000000     12.000000     -6.000000     22.000000     11.000000      9.000000     -8.000000      1.000000      9.000000     20.000000     34.000000     27.000000     32.000000     20.000000     -3.000000     18.000000      3.000000     23.000000      7.000000      5.000000      4.000000     42.000000     49.000000     38.000000     66.000000     46.000000    117.000000    139.000000    113.000000    141.000000     82.000000    107.000000    112.000000    107.000000
   971.080688     32.000000    155.000000    125.000000    195.000000    164.000000    125.000000     75.000000    136.000000     70.000000     45.000000     86.000000     78.000000     38.000000     17.000000     11.000000     18.000000     18.000000      4.000000      2.000000     14.000000      7.000000     -5.000000      8.000000     11.000000      4.000000     14.000000     17.000000     27.000000     19.000000     43.000000     34.000000     30.000000      2.000000     39.000000     13.000000     13.000000     10.000000     14.000000      9.000000     30.000000     58.000000     40.000000     61.000000     38.000000     83.000000    142.000000    122.000000    129.000000    109.000000    156.000000    136.000000    156.000000
   972.487305     32.000000    142.000000    120.000000    188.000000    167.000000    125.000000     96.000000    107.000000     59.000000     33.000000     47.000000     57.000000     38.000000     21.000000     32.000000     15.000000      3.000000    -13.000000     16.000000     12.000000     13.000000      5.000000     11.000000     18.000000     11.000000      0.000000      4.000000     21.000000     18.000000     44.000000     52.000000     13.000000     24.000000     19.000000      9.000000      2.000000     11.000000      8.000000     34.000000     30.000000     45.000000     64.000000     61.000000     63.000000    128.000000    143.000000    138.000000    122.000000     76.000000    149.000000    107.000000    149.000000
   973.894409     41.000000    143.000000    111.000000    185.000000    186.000000    125.000000     94.000000    126.000000     88.000000     40.000000     53.000000     55.000000     27.000000     21.000000     12.000000     19.000000      3.000000     -4.000000      4.000000     24.000000     17.000000     18.000000      8.000000     20.000000      9.000000     10.000000      3.000000     36.000000     27.000000     26.000000     33.000000     42.000000     13.000000     16.000000     33.000000      0.000000     19.000000     20.000000     20.000000     25.000000     48.000000     56.000000     64.000000     64.000000    113.000000    133.000000    133.000000    109.000000     84.000000    137.000000     98.000000    137.000000
   975.302002     35.000000    142.000000     94.000000    224.000000    174.000000    131.000000     79.000000    132.000000     84.000000     36.000000     60.000000     62.000000     35.000000     10.000000      9.000000     -3.000000     21.000000      6.000000     -8.000000      8.000000     -2.000000     19.000000     18.000000     12.000000    -13.000000     10.000000     11.000000     31.000000     46.000000     41.000000     23.000000     26.000000     -2.000000     33.000000     21.000000     -4.000000     15.000000     -6.000000      3.000000     11.000000     30.000000     40.000000     71.000000     55.000000    131.000000    132.000000    139.000000    115.000000     88.000000    137.000000    129.000000    137.000000
   976.710083     32.000000    142.000000    116.000000    183.000000    168.000000    123.000000     93.000000    111.000000     75.000000     38.000000     49.000000     84.000000     36.000000     23.000000     19.000000     21.000000     -9.000000     19.000000     -5.000000     25.000000     -3.000000      2.000000     -1.000000      5.000000      0.000000      9.000000     21.000000     27.000000     13.000000     35.000000     47.000000     29.000000      1.000000     17.000000     16.000000      6.000000     11.000000     -2.000000      3.000000     22.000000     57.000000     42.000000     60.000000     56.000000    123.000000    117.000000    126.000000    148.000000     88.000000    135.000000    137.000000    135.000000
   978.118713     31.000000     99.000000    108.000000    173.000000    176.000000    114.000000     96.000000    123.000000     66.000000     32.000000     71.000000     47.000000     13.000000     21.000000     27.000000     -2.000000      0.000000      5.000000      9.000000     22.000000     19.000000     22.000000     23.000000      1.000000      0.000000     -1.000000      5.000000     24.000000     38.000000     40.000000     32.000000     15.000000     18.000000     29.000000      6.000000     16.000000     10.000000     27.000000     26.000000     23.000000     44.000000     34.000000     64.000000     46.000000    114.000000    144.000000    113.000000    116.000000     95.000000    135.000000    111.000000    135.000000
   979.527710     41.000000    128.000000    109.000000    195.000000    179.000000    116.000000     70.000000    129.000000     49.000000     32.000000     76.000000     51.000000     15.000000     23.000000      8.000000     31.000000     30.000000     12.000000     -7.000000     -5.000000     16.000000      4.000000     15.000000      6.000000      5.000000     -7.000000     16.000000     28.000000     32.000000     54.000000     31.000000      7.000000     17.000000     41.000000     16.000000     23.000000     22.000000      0.000000     15.000000     27.000000     46.000000     40.000000     68.000000     49.000000    109.000000    126.000000    101.000000    105.000000     76.000000    126.000000    138.000000    126.000000
   980.937195     20.000000    136.000000     99.000000    181.000000    161.000000    128.000000     76.000000    137.000000     71.000000     30.000000     63.000000     52.000000     46.000000     17.000000      3.000000     26.000000      9.000000      8.000000     -1.000000      8.000000     -6.000000     10.000000      5.000000      5.000000     -5.000000     -1.000000      4.000000     13.000000     43.000000     34.000000     15.000000     15.000000      4.000000     31.000000     11.000000      4.000000     10.000000     34.000000      7.000000     18.000000     26.000000     53.000000     58.000000     64.000000     95.000000    128.000000    107.000000    113.000000     82.000000    115.000000    102.000000    115.000000
   982.347229     25.000000    108.000000    120.000000    169.000000    179.000000    105.000000     87.000000    122.000000     53.000000     51.000000     63.000000     44.000000     41.000000     41.000000      4.000000     19.000000     13.000000     18.000000     -1.000000     16.000000     17.000000     16.000000      6.000000     -5.000000      8.000000    -13.000000     -3.000000     19.000000     21.000000     20.000000     32.000000    -18.000000      1.000000     41.000000     10.000000     -4.000000     25.000000     16.000000     14.000000     40.000000     46.000000     28.000000     84.000000     49.000000     96.000000    113.000000    110.000000    126.000000     97.000000    135.000000    113.000000    135.000000
   983.757690     37.000000    104.000000    112.000000    165.000000    163.000000    107.000000    101.000000    111.000000     48.000000     21.000000     68.000000     51.000000      9.000000     17.000000     20.000000     20.000000     -2.000000     26.000000     10.000000      5.000000     -7.000000     17.000000     10.000000     24.000000     17.000000      3.000000      7.000000     25.000000     13.000000     17.000000     29.000000     32.000000     27.000000     22.000000     12.000000     27.000000     20.000000     24.000000     -4.000000     17.000000     48.000000     55.000000     54.000000     57.000000    110.000000    124.000000     99.000000    114.000000     82.000000    120.000000    115.000000    120.000000
   985.168579     19.000000    105.000000     77.000000    171.000000    162.000000    136.000000     59.000000     91.000000     50.000000     50.000000     55.000000     35.000000     30.000000     10.000000      9.000000     30.000000     17.000000     10.000000     -8.000000      0.000000     41.000000     11.000000      6.000000      9.000000     -8.000000      7.000000      7.000000     20.000000     34.000000     35.000000      8.000000      7.000000     14.000000     16.000000      6.000000     23.000000      5.000000     21.000000     41.000000     20.000000     36.000000     39.000000     51.000000     40.000000    105.000000    112.000000    101.000000     85.000000     94.000000    138.000000    102.000000    138.000000
   986.580078     37.000000    141.000000     86.000000    172.000000    167.000000    105.000000     98.000000    108.000000     68.000000     32.000000     57.000000     41.000000     26.000000     36.000000     17.000000     -7.000000      1.000000      3.000000     -2.000000     -1.000000     11.000000      6.000000      1.000000     17.000000      7.000000      6.000000     18.000000     40.000000     32.000000     37.000000     18.000000     28.000000      3.000000     33.000000     39.000000     16.000000     29.000000     15.000000      8.000000     31.000000     24.000000     32.000000     39.000000     34.000000    108.000000    126.000000     98.000000    112.000000     70.000000    125.000000     97.000000    125.000000
   987.992004     35.000000    132.000000     93.000000    117.000000    165.000000    126.000000     73.000000     92.000000     48.000000     16.000000     47.000000     35.000000     28.000000     25.000000      5.000000      3.000000     -7.000000     15.000000      0.000000      0.000000     12.000000     12.000000      4.000000     -2.000000      5.000000     -1.000000     32.000000     11.000000     35.000000     40.000000     26.000000      8.000000     13.000000     35.000000     -4.000000     12.000000     19.000000      5.000000     15.000000     18.000000     31.000000     50.000000     53.000000     38.000000     92.000000    108.000000    100.000000    114.000000     81.000000    103.000000     92.000000    103.000000
   989.404419     28.000000    122.000000     83.000000    161.000000    148.000000    117.000000     87.000000     92.000000     47.000000     32.000000     63.000000     28.000000     18.000000     29.000000     15.000000     29.000000     10.000000      6.000000      8.000000      9.000000      2.000000     17.000000      3.000000      0.000000     -4.000000     -8.000000     15.000000     19.000000     25.000000     41.000000     22.000000      9.000000     10.000000     47.000000     35.000000     13.000000     13.000000      8.000000      3.000000     25.000000     33.000000     46.000000     54.000000     46.000000    127.000000    121.000000     92.000000    100.000000     63.000000    106.000000    101.000000    106.000000
   990.817322     44.000000     87.000000    104.000000    138.000000    158.000000    129.000000     69.000000     97.000000     51.000000     17.000000     51.000000     51.000000      4.000000     11.000000      9.000000     16.000000      3.000000     -9.000000     -1.000000      9.000000      8.000000      7.000000     -7.000000     13.000000     -5.000000     -5.000000     13.000000     17.000000     34.000000     44.000000     23.000000     22.000000      9.000000     25.000000     24.000000     17.000000     21.000000     12.000000     21.000000     25.000000     42.000000     32.000000     56.000000     46.000000     96.000000     86.000000    100.000000     65.000000     71.000000    112.000000    119.000000    112.000000
   992.230713     27.000000    104.000000     57.000000    134.000000    150.000000     92.000000     86.000000    105.000000     55.000000     43.000000     40.000000     32.000000     13.000000      5.000000      6.000000     -8.000000      4.000000     -6.000000     -5.000000     -8.000000      9.000000     16.000000     17.000000     -8.000000     10.000000     21.000000     -1.000000     20.000000     29.000000     25.000000     30.000000     36.000000     14.000000     19.000000     14.000000      4.000000     15.000000     13.000000     -1.000000     18.000000     32.000000     39.000000     50.000000     42.000000     96.000000     96.000000     89.000000     82.000000     67.000000    107.000000    109.000000    107.000000
   993.644470     24.000000     99.000000     95.000000    156.000000    146.000000     70.000000     94.000000    106.000000     67.000000     27.000000     34.000000     51.000000     28.000000      8.000000     23.000000     14.000000      9.000000      1.000000      6.000000     10.000000     12.000000     12.000000     16.000000     -4.000000     -4.000000      8.000000     25.000000     15.000000     15.000000     19.000000     20.000000      9.000000      8.000000      5.000000      8.000000     18.000000     28.000000      1.000000     13.000000     15.000000     46.000000     22.000000     59.000000     25.000000     77.000000     90.000000    110.000000     91.000000     67.000000    126.000000     99.000000    126.000000
   995.058777     -1.000000    139.000000     67.000000    134.000000    129.000000     92.000000     65.000000    108.000000     60.000000     23.000000     31.000000     22.000000     31.000000     23.000000     -1.000000     -5.000000      3.000000     17.000000     -3.000000      5.000000      0.000000      2.000000     10.000000     20.000000      1.000000     -7.000000     14.000000     26.000000     28.000000     36.000000     23.000000      7.000000     -4.000000     17.000000      3.000000    -12.000000     19.000000      8.000000      4.000000     24.000000     34.000000     32.000000     42.000000     30.000000     80.000000     83.000000     67.000000     78.000000     47.000000     95.000000     84.000000     95.000000
   996.473572     10.000000     98.000000     65.000000    139.000000    131.000000    103.000000     62.000000     78.000000     49.000000     16.000000     36.000000     47.000000     28.000000      7.000000     29.000000     10.000000      6.000000      4.000000      6.000000     14.000000     -4.000000     15.000000     34.000000     11.000000     -1.000000    -19.000000     21.000000     31.000000     39.000000     20.000000      2.000000    -13.000000      4.000000     52.000000      5.000000      1.000000      7.000000     18.000000     16.000000     39.000000     32.000000     26.000000     34.000000     30.000000    105.000000     87.000000    100.000000     99.000000     76.000000    104.000000     95.000000    104.000000
   997.888916     32.000000     96.000000     84.000000    128.000000    154.000000     79.000000     64.000000    108.000000     34.000000     36.000000     49.000000     55.000000     23.000000      6.000000      7.000000    -17.000000      7.000000     -3.000000     -3.000000     -7.000000      9.000000      6.000000     10.000000      7.000000     10.000000     15.000000      8.000000     24.000000     10.000000     24.000000     40.000000     28.000000     13.000000      7.000000      5.000000      6.000000     13.000000      3.000000      5.000000     30.000000     33.000000     48.000000     45.000000     41.000000     86.000000     90.000000     68.000000     78.000000     57.000000    103.000000     72.000000    103.000000
   999.304626     30.000000    117.000000     70.000000    168.000000    159.000000     84.000000     81.000000    107.000000     35.000000     19.000000     50.000000     37.000000     37.000000      1.000000     13.000000     11.000000     -1.000000    -10.000000      3.000000     10.000000     13.000000     23.000000     11.000000     -1.000000      4.000000      9.000000     22.000000      9.000000     17.000000     27.000000     25.000000     15.000000     10.000000     25.000000      3.000000      1.000000      4.000000     -8.000000     18.000000     18.000000     24.000000     37.000000     53.000000     56.000000     83.000000    119.000000     97.000000     71.000000     72.000000     85.000000    111.000000     85.000000
   999.658630     26.000000    105.000000     75.000000    160.000000    106.000000     95.000000     83.000000     94.000000     40.000000     12.000000     33.000000     40.000000     28.000000     31.000000     17.000000    -13.000000      2.000000     -3.000000     -3.000000     12.000000      2.000000      4.000000     -3.000000      8.000000    -15.000000      5.000000      8.000000     -1.000000     21.000000     24.000000     12.000000      7.000000     -9.000000     32.000000     11.000000     19.000000     -3.000000      1.000000     15.000000     24.000000     32.000000     38.000000     50.000000     32.000000     88.000000     92.000000     82.000000     85.000000     67.000000    121.000000     88.000000    121.000000
